Default schedule
Rate	71.43
Rev Jump	14.29
Prior Change	14.29
Rate Tried	% Accepted	Rev Jump Tried	% Accepted	Prior Change Tried	% Accepted	Rates - Dev	Rates - Tried	Rates - Accepted	Sample Ave Acceptance	Total Ave Acceptance	
602	0.107973	184	0.010870	214	0.789720	1.431056	602	0.107973	0.236000	0.305894	
611	0.247136	172	0.000000	217	0.718894	0.863298	611	0.247136	0.307000	0.305896	
702	0.311966	165	0.048485	133	0.706767	0.863298	702	0.311966	0.321000	0.305926	
745	0.338255	132	0.053030	123	0.813008	0.863298	745	0.338255	0.359000	0.306031	
733	0.323329	123	0.008130	144	0.770833	0.863298	733	0.323329	0.349000	0.306116	
722	0.329640	122	0.008197	156	0.794872	0.863298	722	0.329640	0.363000	0.306229	
686	0.322157	147	0.013605	167	0.754491	0.863298	686	0.322157	0.349000	0.306313	
698	0.346705	151	0.019868	151	0.708609	0.863298	698	0.346705	0.352000	0.306403	
716	0.305866	137	0.000000	147	0.721088	0.863298	716	0.305866	0.325000	0.306439	
700	0.321429	152	0.000000	148	0.777027	0.863298	700	0.321429	0.340000	0.306505	
696	0.318966	160	0.018750	144	0.722222	0.863298	696	0.318966	0.329000	0.306549	
714	0.319328	134	0.037313	152	0.684211	0.863298	714	0.319328	0.337000	0.306609	
759	0.363636	106	0.028302	135	0.792593	0.863298	759	0.363636	0.386000	0.306764	
718	0.345404	151	0.019868	131	0.763359	0.863298	718	0.345404	0.351000	0.306850	
717	0.359833	140	0.000000	143	0.769231	0.863298	717	0.359833	0.368000	0.306968	
729	0.316872	148	0.006757	123	0.756098	0.863298	729	0.316872	0.325000	0.307003	
721	0.328710	131	0.030534	148	0.797297	0.863298	721	0.328710	0.359000	0.307104	
740	0.331081	137	0.029197	123	0.780488	0.863298	740	0.331081	0.345000	0.307177	
721	0.306519	140	0.007143	139	0.705036	0.863298	721	0.306519	0.320000	0.307202	
713	0.328191	138	0.007246	149	0.758389	0.863298	713	0.328191	0.348000	0.307280	
715	0.293706	138	0.036232	147	0.789116	0.863298	715	0.293706	0.331000	0.307326	
742	0.339623	110	0.027273	148	0.736486	0.863298	742	0.339623	0.364000	0.307434	
734	0.346049	122	0.032787	144	0.638889	0.863298	734	0.346049	0.350000	0.307516	
724	0.323204	121	0.049587	155	0.787097	0.863298	724	0.323204	0.362000	0.307620	
710	0.321127	135	0.022222	155	0.703226	0.863298	710	0.321127	0.340000	0.307681	
716	0.314246	145	0.006897	139	0.726619	0.863298	716	0.314246	0.327000	0.307718	
721	0.303745	148	0.006757	131	0.732824	0.863298	721	0.303745	0.316000	0.307734	
710	0.312676	130	0.007692	160	0.737500	0.863298	710	0.312676	0.341000	0.307797	
721	0.288488	122	0.008197	157	0.738854	0.863298	721	0.288488	0.325000	0.307829	
714	0.299720	128	0.039062	158	0.746835	0.863298	714	0.299720	0.337000	0.307884	
732	0.284153	127	0.000000	141	0.751773	0.863298	732	0.284153	0.314000	0.307896	
760	0.284211	112	0.008929	128	0.750000	0.863298	760	0.284211	0.313000	0.307905	
717	0.280335	143	0.020979	140	0.757143	0.863298	717	0.280335	0.310000	0.307909	
717	0.283124	119	0.000000	164	0.756098	0.863298	717	0.283124	0.327000	0.307945	
732	0.274590	139	0.000000	129	0.775194	0.863298	732	0.274590	0.301000	0.307932	
722	0.296399	140	0.000000	138	0.695652	0.863298	722	0.296399	0.310000	0.307936	
719	0.273992	132	0.022727	149	0.711409	0.863298	719	0.273992	0.306000	0.307932	
713	0.298738	147	0.034014	140	0.750000	0.863298	713	0.298738	0.323000	0.307960	
718	0.309192	138	0.014493	144	0.708333	0.863298	718	0.309192	0.326000	0.307994	
728	0.333791	125	0.056000	147	0.659864	0.863298	728	0.333791	0.347000	0.308066	
707	0.362093	147	0.027211	146	0.650685	0.863298	707	0.362093	0.355000	0.308153	
706	0.322946	141	0.035461	153	0.660131	0.863298	706	0.322946	0.334000	0.308201	
732	0.334699	115	0.017391	153	0.699346	0.863298	732	0.334699	0.354000	0.308285	
713	0.364656	140	0.035714	147	0.721088	0.863298	713	0.364656	0.371000	0.308400	
714	0.417367	146	0.075342	140	0.792857	0.863298	714	0.417367	0.420000	0.308605	
678	0.184366	142	0.077465	180	0.811111	1.380133	678	0.184366	0.282000	0.308556	
704	0.311080	129	0.023256	167	0.760479	0.815220	704	0.311080	0.349000	0.308630	
751	0.351531	130	0.000000	119	0.815126	0.815220	751	0.351531	0.361000	0.308726	
743	0.339166	131	0.030534	126	0.706349	0.815220	743	0.339166	0.345000	0.308792	
731	0.318741	145	0.041379	124	0.750000	0.815220	731	0.318741	0.332000	0.308834	
714	0.338936	147	0.006803	139	0.697842	0.815220	714	0.338936	0.340000	0.308891	
726	0.340220	134	0.037313	140	0.657143	0.815220	726	0.340220	0.344000	0.308954	
715	0.341259	120	0.008333	165	0.703030	0.815220	715	0.341259	0.361000	0.309048	
707	0.346535	133	0.015038	160	0.812500	0.815220	707	0.346535	0.377000	0.309171	
706	0.347025	133	0.015038	161	0.757764	0.815220	706	0.347025	0.369000	0.309279	
718	0.335655	130	0.015385	152	0.776316	0.815220	718	0.335655	0.361000	0.309372	
711	0.334740	136	0.029412	153	0.823529	0.815220	711	0.334740	0.368000	0.309477	
706	0.349858	131	0.000000	163	0.797546	0.815220	706	0.349858	0.377000	0.309598	
737	0.364993	115	0.043478	148	0.790541	0.815220	737	0.364993	0.391000	0.309744	
712	0.384831	135	0.051852	153	0.712418	0.815220	712	0.384831	0.390000	0.309887	
727	0.361761	128	0.031250	145	0.689655	0.815220	727	0.361761	0.367000	0.309989	
712	0.321629	129	0.031008	159	0.798742	0.815220	712	0.321629	0.360000	0.310078	
728	0.347527	133	0.007519	139	0.784173	0.815220	728	0.347527	0.363000	0.310172	
710	0.326761	136	0.007353	154	0.707792	0.815220	710	0.326761	0.342000	0.310228	
699	0.326180	157	0.019108	144	0.722222	0.815220	699	0.326180	0.335000	0.310272	
697	0.342898	153	0.006536	150	0.780000	0.815220	697	0.342898	0.357000	0.310355	
702	0.366097	153	0.013072	145	0.841379	0.815220	702	0.366097	0.381000	0.310479	
705	0.364539	134	0.000000	161	0.751553	0.815220	705	0.364539	0.378000	0.310598	
720	0.327778	131	0.045802	149	0.825503	0.815220	720	0.327778	0.365000	0.310694	
695	0.326619	141	0.035461	164	0.701220	0.815220	695	0.326619	0.347000	0.310757	
740	0.312162	124	0.016129	136	0.757353	0.815220	740	0.312162	0.336000	0.310802	
726	0.352617	126	0.000000	148	0.716216	0.815220	726	0.352617	0.362000	0.310891	
719	0.321280	131	0.000000	150	0.726667	0.815220	719	0.321280	0.340000	0.310942	
757	0.352708	120	0.008333	123	0.723577	0.815220	757	0.352708	0.357000	0.311022	
730	0.378082	119	0.008403	151	0.781457	0.815220	730	0.378082	0.395000	0.311168	
742	0.354447	130	0.007692	128	0.757812	0.815220	742	0.354447	0.361000	0.311255	
718	0.388579	123	0.016260	159	0.723270	0.815220	718	0.388579	0.396000	0.311402	
707	0.352192	154	0.000000	139	0.791367	0.815220	707	0.352192	0.359000	0.311484	
718	0.367688	135	0.007407	147	0.741497	0.815220	718	0.367688	0.374000	0.311592	
735	0.351020	126	0.023810	139	0.820144	0.815220	735	0.351020	0.375000	0.311701	
721	0.298197	125	0.008000	154	0.707792	0.815220	721	0.298197	0.325000	0.311724	
741	0.330634	115	0.008696	144	0.729167	0.815220	741	0.330634	0.351000	0.311792	
701	0.360913	162	0.000000	137	0.737226	0.815220	701	0.360913	0.354000	0.311864	
688	0.345930	161	0.012422	151	0.761589	0.815220	688	0.345930	0.355000	0.311938	
738	0.364499	138	0.028986	124	0.766129	0.815220	738	0.364499	0.368000	0.312034	
728	0.331044	127	0.039370	145	0.717241	0.815220	728	0.331044	0.350000	0.312098	
746	0.388740	122	0.040984	132	0.856061	0.815220	746	0.388740	0.408000	0.312262	
726	0.402204	124	0.032258	150	0.686667	0.815220	726	0.402204	0.399000	0.312409	
730	0.189041	125	0.000000	145	0.668966	1.287446	730	0.189041	0.235000	0.312278	
691	0.395080	151	0.039735	158	0.670886	0.746016	691	0.395080	0.385000	0.312401	
710	0.385915	137	0.036496	153	0.692810	0.746016	710	0.385915	0.385000	0.312524	
722	0.358726	126	0.047619	152	0.598684	0.746016	722	0.358726	0.356000	0.312597	
693	0.357864	149	0.033557	158	0.702532	0.746016	693	0.357864	0.364000	0.312684	
716	0.395251	135	0.014815	149	0.697987	0.746016	716	0.395251	0.389000	0.312813	
723	0.401107	135	0.029630	142	0.654930	0.746016	723	0.401107	0.387000	0.312937	
742	0.168464	120	0.033333	138	0.673913	1.407785	742	0.168464	0.222000	0.312785	
701	0.329529	138	0.028986	161	0.695652	0.900342	701	0.329529	0.347000	0.312842	
744	0.306452	117	0.051282	139	0.625899	0.900342	744	0.306452	0.321000	0.312856	
742	0.292453	121	0.057851	137	0.744526	0.900342	742	0.292453	0.326000	0.312878	
746	0.284182	117	0.034188	137	0.700730	0.900342	746	0.284182	0.312000	0.312876	
730	0.297260	120	0.000000	150	0.720000	0.900342	730	0.297260	0.325000	0.312896	
704	0.301136	147	0.006803	149	0.771812	0.900342	704	0.301136	0.328000	0.312921	
702	0.290598	131	0.007634	167	0.790419	0.900342	702	0.290598	0.337000	0.312961	
704	0.292614	139	0.000000	157	0.732484	0.900342	704	0.292614	0.321000	0.312975	
707	0.275813	142	0.014085	151	0.801325	0.900342	707	0.275813	0.318000	0.312983	
729	0.288066	135	0.044444	136	0.683824	0.900342	729	0.288066	0.309000	0.312976	
704	0.294034	144	0.000000	152	0.743421	0.900342	704	0.294034	0.320000	0.312988	
727	0.305365	126	0.023810	147	0.782313	0.900342	727	0.305365	0.340000	0.313032	
724	0.338398	132	0.030303	144	0.701389	0.900342	724	0.338398	0.350000	0.313093	
724	0.327348	110	0.036364	166	0.692771	0.900342	724	0.327348	0.356000	0.313163	
703	0.361309	142	0.035211	155	0.690323	0.900342	703	0.361309	0.366000	0.313250	
717	0.326360	133	0.007519	150	0.680000	0.900342	717	0.326360	0.337000	0.313289	
700	0.341429	143	0.055944	157	0.681529	0.900342	700	0.341429	0.354000	0.313355	
696	0.317529	145	0.027586	159	0.641509	0.900342	696	0.317529	0.327000	0.313377	
731	0.331053	134	0.052239	135	0.703704	0.900342	731	0.331053	0.344000	0.313427	
722	0.301939	119	0.042017	159	0.654088	0.900342	722	0.301939	0.327000	0.313449	
698	0.320917	137	0.014599	165	0.703030	0.900342	698	0.320917	0.342000	0.313495	
715	0.314685	141	0.021277	144	0.729167	0.900342	715	0.314685	0.333000	0.313527	
661	0.240545	156	0.006410	183	0.830601	0.900342	661	0.240545	0.312000	0.313525	
642	0.236760	160	0.006250	198	0.777778	0.900342	642	0.236760	0.307000	0.313514	
642	0.249221	156	0.006410	202	0.787129	0.900342	642	0.249221	0.320000	0.313524	
646	0.233746	142	0.014085	212	0.735849	0.900342	646	0.233746	0.309000	0.313517	
742	0.349057	116	0.008621	142	0.816901	0.900342	742	0.349057	0.376000	0.313617	
749	0.333778	106	0.018868	145	0.765517	0.900342	749	0.333778	0.363000	0.313697	
740	0.275676	117	0.017094	143	0.741259	0.900342	740	0.275676	0.312000	0.313694	
723	0.301521	131	0.007634	146	0.753425	0.900342	723	0.301521	0.329000	0.313718	
724	0.273481	122	0.049180	154	0.792208	0.900342	724	0.273481	0.326000	0.313738	
721	0.294036	138	0.028986	141	0.787234	0.900342	721	0.294036	0.327000	0.313759	
717	0.283124	146	0.013699	137	0.781022	0.900342	717	0.283124	0.312000	0.313756	
731	0.299590	133	0.030075	136	0.698529	0.900342	731	0.299590	0.318000	0.313763	
708	0.310734	136	0.007353	156	0.711538	0.900342	708	0.310734	0.332000	0.313792	
722	0.332410	120	0.058333	158	0.734177	0.900342	722	0.332410	0.363000	0.313870	
727	0.339752	125	0.024000	148	0.743243	0.900342	727	0.339752	0.360000	0.313943	
696	0.330460	142	0.021127	162	0.691358	0.900342	696	0.330460	0.345000	0.313992	
729	0.348422	136	0.029412	135	0.718519	0.900342	729	0.348422	0.355000	0.314056	
701	0.353780	155	0.000000	144	0.784722	0.900342	701	0.353780	0.361000	0.314130	
746	0.369973	117	0.017094	137	0.781022	0.900342	746	0.369973	0.385000	0.314241	
715	0.373427	137	0.014599	148	0.790541	0.900342	715	0.373427	0.386000	0.314354	
716	0.347765	128	0.031250	156	0.807692	0.900342	716	0.347765	0.379000	0.314455	
733	0.330150	115	0.034783	152	0.756579	0.900342	733	0.330150	0.361000	0.314528	
719	0.315716	132	0.000000	149	0.791946	0.900342	719	0.315716	0.345000	0.314575	
720	0.315278	137	0.007299	143	0.727273	0.900342	720	0.315278	0.332000	0.314602	
715	0.271329	143	0.000000	142	0.788732	0.900342	715	0.271329	0.306000	0.314589	
723	0.269710	128	0.015625	149	0.832215	0.900342	723	0.269710	0.321000	0.314599	
725	0.288276	132	0.000000	143	0.678322	0.900342	725	0.288276	0.306000	0.314586	
733	0.315143	122	0.000000	145	0.806897	0.900342	733	0.315143	0.348000	0.314637	
723	0.304288	144	0.013889	133	0.699248	0.900342	723	0.304288	0.315000	0.314638	
752	0.340426	119	0.016807	129	0.682171	0.900342	752	0.340426	0.346000	0.314686	
719	0.299026	157	0.006369	124	0.750000	0.900342	719	0.299026	0.309000	0.314677	
753	0.314741	113	0.008850	134	0.723881	0.900342	753	0.314741	0.335000	0.314709	
723	0.297372	130	0.038462	147	0.707483	0.900342	723	0.297372	0.324000	0.314723	
713	0.314165	135	0.029630	152	0.684211	0.900342	713	0.314165	0.332000	0.314750	
716	0.283520	136	0.051471	148	0.729730	0.900342	716	0.283520	0.318000	0.314754	
737	0.336499	123	0.024390	140	0.800000	0.900342	737	0.336499	0.363000	0.314828	
708	0.289548	165	0.030303	127	0.677165	0.900342	708	0.289548	0.296000	0.314800	
725	0.302069	142	0.014085	133	0.684211	0.900342	725	0.302069	0.312000	0.314795	
727	0.323246	137	0.000000	136	0.727941	0.900342	727	0.323246	0.334000	0.314824	
724	0.277624	123	0.000000	153	0.745098	0.900342	724	0.277624	0.315000	0.314825	
739	0.312585	122	0.000000	139	0.748201	0.900342	739	0.312585	0.335000	0.314855	
722	0.288089	118	0.000000	160	0.737500	0.900342	722	0.288089	0.326000	0.314872	
709	0.290550	143	0.013986	148	0.722973	0.900342	709	0.290550	0.315000	0.314872	
724	0.284530	136	0.058824	140	0.735714	0.900342	724	0.284530	0.317000	0.314876	
721	0.295423	130	0.015385	149	0.771812	0.900342	721	0.295423	0.330000	0.314898	
742	0.296496	124	0.000000	134	0.738806	0.900342	742	0.296496	0.319000	0.314905	
708	0.330508	130	0.015385	162	0.746914	0.900342	708	0.330508	0.357000	0.314968	
720	0.308333	134	0.000000	146	0.691781	0.900342	720	0.308333	0.323000	0.314980	
698	0.272206	139	0.014388	163	0.723926	0.900342	698	0.272206	0.310000	0.314973	
724	0.283149	140	0.000000	136	0.742647	0.900342	724	0.283149	0.306000	0.314959	
721	0.305132	129	0.023256	150	0.780000	0.900342	721	0.305132	0.340000	0.314997	
730	0.316438	115	0.017391	155	0.825806	0.900342	730	0.316438	0.361000	0.315065	
705	0.276596	145	0.013793	150	0.793333	0.900342	705	0.276596	0.316000	0.315067	
741	0.288799	128	0.070312	131	0.786260	0.900342	741	0.288799	0.326000	0.315083	
720	0.288889	137	0.021898	143	0.769231	0.900342	720	0.288889	0.321000	0.315092	
733	0.279673	127	0.023622	140	0.750000	0.900342	733	0.279673	0.313000	0.315089	
715	0.286713	130	0.023077	155	0.761290	0.900342	715	0.286713	0.326000	0.315105	
729	0.277092	132	0.022727	139	0.683453	0.900342	729	0.277092	0.300000	0.315082	
712	0.294944	143	0.020979	145	0.772414	0.900342	712	0.294944	0.325000	0.315097	
708	0.295198	148	0.033784	144	0.736111	0.900342	708	0.295198	0.320000	0.315104	
743	0.267833	124	0.008065	133	0.751880	0.900342	743	0.267833	0.300000	0.315082	
719	0.268428	140	0.007143	141	0.801418	0.900342	719	0.268428	0.307000	0.315070	
711	0.296765	144	0.006944	145	0.758621	0.900342	711	0.296765	0.322000	0.315080	
720	0.318056	145	0.000000	135	0.748148	0.900342	720	0.318056	0.330000	0.315102	
712	0.318820	145	0.013793	143	0.734266	0.900342	712	0.318820	0.334000	0.315130	
725	0.296552	131	0.007634	144	0.743056	0.900342	725	0.296552	0.323000	0.315141	
730	0.300000	124	0.032258	146	0.746575	0.900342	730	0.300000	0.332000	0.315166	
725	0.286897	133	0.007519	142	0.739437	0.900342	725	0.286897	0.314000	0.315164	
725	0.313103	135	0.000000	140	0.728571	0.900342	725	0.313103	0.329000	0.315184	
727	0.334250	141	0.014184	132	0.765152	0.900342	727	0.334250	0.346000	0.315229	
720	0.313889	150	0.006667	130	0.723077	0.900342	720	0.313889	0.321000	0.315238	
728	0.298077	131	0.007634	141	0.765957	0.900342	728	0.298077	0.326000	0.315253	
701	0.296719	150	0.000000	149	0.805369	0.900342	701	0.296719	0.328000	0.315272	
715	0.272727	140	0.007143	145	0.717241	0.900342	715	0.272727	0.300000	0.315250	
723	0.308437	144	0.000000	133	0.751880	0.900342	723	0.308437	0.323000	0.315261	
722	0.306094	120	0.000000	158	0.683544	0.900342	722	0.306094	0.329000	0.315281	
724	0.309392	136	0.000000	140	0.714286	0.900342	724	0.309392	0.324000	0.315293	
726	0.326446	141	0.014184	133	0.729323	0.900342	726	0.326446	0.336000	0.315323	
729	0.267490	142	0.028169	129	0.759690	0.900342	729	0.267490	0.297000	0.315297	
767	0.272490	118	0.016949	115	0.782609	0.900342	767	0.272490	0.301000	0.315276	
757	0.330251	123	0.000000	120	0.800000	0.900342	757	0.330251	0.346000	0.315320	
706	0.274788	154	0.000000	140	0.750000	0.900342	706	0.274788	0.299000	0.315297	
688	0.306686	170	0.023529	142	0.732394	0.900342	688	0.306686	0.319000	0.315302	
739	0.301759	127	0.031496	134	0.798507	0.900342	739	0.301759	0.334000	0.315329	
719	0.294854	136	0.007353	145	0.703448	0.900342	719	0.294854	0.315000	0.315328	
723	0.286307	131	0.007634	146	0.760274	0.900342	723	0.286307	0.319000	0.315333	
719	0.310153	155	0.006452	126	0.706349	0.900342	719	0.310153	0.313000	0.315330	
705	0.272340	146	0.006849	149	0.684564	0.900342	705	0.272340	0.295000	0.315301	
759	0.277997	111	0.036036	130	0.776923	0.900342	759	0.277997	0.316000	0.315302	
732	0.310109	124	0.032258	144	0.743056	0.900342	732	0.310109	0.338000	0.315334	
715	0.307692	136	0.007353	149	0.805369	0.900342	715	0.307692	0.341000	0.315371	
726	0.261708	138	0.014493	136	0.779412	0.900342	726	0.261708	0.298000	0.315346	
711	0.281294	148	0.013514	141	0.702128	0.900342	711	0.281294	0.301000	0.315326	
738	0.295393	128	0.031250	134	0.783582	0.900342	738	0.295393	0.327000	0.315342	
711	0.336146	140	0.000000	149	0.771812	0.900342	711	0.336146	0.354000	0.315396	
702	0.309117	157	0.012739	141	0.794326	0.900342	702	0.309117	0.331000	0.315418	
706	0.291785	153	0.006536	141	0.758865	0.900342	706	0.291785	0.314000	0.315416	
699	0.297568	162	0.006173	139	0.755396	0.900342	699	0.297568	0.314000	0.315414	
707	0.319661	135	0.037037	158	0.734177	0.900342	707	0.319661	0.347000	0.315458	
741	0.326586	92	0.000000	167	0.802395	0.900342	741	0.326586	0.376000	0.315543	
737	0.291723	120	0.000000	143	0.762238	0.900342	737	0.291723	0.324000	0.315554	
693	0.281385	153	0.026144	154	0.759740	0.900342	693	0.281385	0.316000	0.315555	
740	0.291892	124	0.024194	136	0.764706	0.900342	740	0.291892	0.323000	0.315565	
743	0.328398	121	0.016529	136	0.639706	0.900342	743	0.328398	0.333000	0.315590	
724	0.323204	128	0.031250	148	0.635135	0.900342	724	0.323204	0.332000	0.315612	
705	0.327660	138	0.043478	157	0.668790	0.900342	705	0.327660	0.342000	0.315649	
717	0.315202	147	0.020408	136	0.661765	0.900342	717	0.315202	0.319000	0.315653	
685	0.272993	156	0.000000	159	0.761006	0.900342	685	0.272993	0.308000	0.315643	
717	0.295676	146	0.034247	137	0.729927	0.900342	717	0.295676	0.317000	0.315645	
694	0.308357	137	0.014599	169	0.727811	0.900342	694	0.308357	0.339000	0.315677	
719	0.300417	119	0.008403	162	0.691358	0.900342	719	0.300417	0.329000	0.315695	
720	0.238889	123	0.000000	157	0.828025	0.900342	720	0.238889	0.302000	0.315676	
732	0.281421	126	0.039683	142	0.746479	0.900342	732	0.281421	0.317000	0.315678	
740	0.291892	108	0.046296	152	0.743421	0.900342	740	0.291892	0.334000	0.315703	
736	0.322011	125	0.024000	139	0.834532	0.900342	736	0.322011	0.356000	0.315758	
721	0.342580	139	0.035971	140	0.728571	0.900342	721	0.342580	0.354000	0.315810	
725	0.278621	133	0.000000	142	0.788732	0.900342	725	0.278621	0.314000	0.315808	
721	0.294036	150	0.020000	129	0.697674	0.900342	721	0.294036	0.305000	0.315793	
698	0.287966	159	0.006289	143	0.692308	0.900342	698	0.287966	0.301000	0.315773	
720	0.290278	146	0.006849	134	0.746269	0.900342	720	0.290278	0.310000	0.315765	
721	0.330097	128	0.007812	151	0.774834	0.900342	721	0.330097	0.356000	0.315820	
757	0.284016	114	0.000000	129	0.775194	0.900342	757	0.284016	0.315000	0.315818	
718	0.281337	136	0.007353	146	0.712329	0.900342	718	0.281337	0.307000	0.315807	
684	0.321637	137	0.007299	179	0.782123	0.900342	684	0.321637	0.361000	0.315867	
690	0.305797	145	0.006897	165	0.812121	0.900342	690	0.305797	0.346000	0.315908	
686	0.288630	146	0.006849	168	0.773810	0.900342	686	0.288630	0.329000	0.315926	
736	0.317935	104	0.000000	160	0.768750	0.900342	736	0.317935	0.357000	0.315981	
710	0.318310	143	0.000000	147	0.768707	0.900342	710	0.318310	0.339000	0.316012	
742	0.303235	130	0.000000	128	0.843750	0.900342	742	0.303235	0.333000	0.316034	
711	0.295359	131	0.000000	158	0.677215	0.900342	711	0.295359	0.317000	0.316036	
689	0.291727	141	0.021277	170	0.729412	0.900342	689	0.291727	0.328000	0.316052	
730	0.293151	137	0.007299	133	0.766917	0.900342	730	0.293151	0.317000	0.316053	
714	0.329132	136	0.007353	150	0.720000	0.900342	714	0.329132	0.344000	0.316090	
697	0.342898	165	0.036364	138	0.710145	0.900342	697	0.342898	0.343000	0.316126	
723	0.304288	131	0.015267	146	0.664384	0.900342	723	0.304288	0.319000	0.316130	
745	0.320805	120	0.058333	135	0.718519	0.900342	745	0.320805	0.343000	0.316165	
711	0.277075	132	0.037879	157	0.687898	0.900342	711	0.277075	0.310000	0.316157	
724	0.328729	123	0.032520	153	0.725490	0.900342	724	0.328729	0.353000	0.316206	
733	0.357435	119	0.109244	148	0.750000	0.900342	733	0.357435	0.386000	0.316298	
727	0.381018	153	0.065359	120	0.825000	0.900342	727	0.381018	0.386000	0.316390	
736	0.328804	126	0.055556	138	0.847826	0.900342	736	0.328804	0.366000	0.316455	
721	0.312067	133	0.052632	146	0.801370	0.900342	721	0.312067	0.349000	0.316498	
750	0.264000	127	0.000000	123	0.731707	0.900342	750	0.264000	0.288000	0.316461	
717	0.274756	147	0.006803	136	0.713235	0.900342	717	0.274756	0.295000	0.316433	
718	0.311978	152	0.046053	130	0.776923	0.900342	718	0.311978	0.332000	0.316453	
737	0.256445	116	0.008621	147	0.748299	0.900342	737	0.256445	0.300000	0.316432	
713	0.304348	164	0.000000	123	0.780488	0.900342	713	0.304348	0.313000	0.316427	
711	0.286920	130	0.007692	159	0.786164	0.900342	711	0.286920	0.330000	0.316445	
723	0.275242	125	0.000000	152	0.651316	0.900342	723	0.275242	0.298000	0.316421	
705	0.246809	153	0.019608	142	0.753521	0.900342	705	0.246809	0.284000	0.316378	
728	0.295330	131	0.015267	141	0.695035	0.900342	728	0.295330	0.315000	0.316377	
712	0.308989	141	0.021277	147	0.768707	0.900342	712	0.308989	0.336000	0.316402	
749	0.276368	119	0.000000	132	0.750000	0.900342	749	0.276368	0.306000	0.316389	
753	0.276228	137	0.000000	110	0.781818	0.900342	753	0.276228	0.294000	0.316360	
761	0.333771	124	0.000000	115	0.800000	0.900342	761	0.333771	0.346000	0.316398	
738	0.310298	121	0.016529	141	0.702128	0.900342	738	0.310298	0.330000	0.316416	
716	0.332402	134	0.007463	150	0.733333	0.900342	716	0.332402	0.349000	0.316458	
724	0.277624	118	0.033898	158	0.759494	0.900342	724	0.277624	0.325000	0.316469	
731	0.313269	115	0.043478	154	0.701299	0.900342	731	0.313269	0.342000	0.316502	
712	0.342697	121	0.041322	167	0.664671	0.900342	712	0.342697	0.360000	0.316557	
693	0.346320	139	0.007194	168	0.660714	0.900342	693	0.346320	0.352000	0.316603	
711	0.285513	147	0.068027	142	0.612676	0.900342	711	0.285513	0.300000	0.316582	
717	0.357043	141	0.014184	142	0.640845	0.900342	717	0.357043	0.349000	0.316623	
722	0.314404	123	0.073171	155	0.709677	0.900342	722	0.314404	0.346000	0.316661	
695	0.356835	148	0.033784	157	0.687898	0.900342	695	0.356835	0.361000	0.316717	
706	0.327195	143	0.083916	151	0.695364	0.900342	706	0.327195	0.348000	0.316757	
739	0.323410	125	0.000000	136	0.727941	0.900342	739	0.323410	0.338000	0.316784	
769	0.330299	104	0.009615	127	0.795276	0.900342	769	0.330299	0.356000	0.316834	
741	0.276653	136	0.022059	123	0.804878	0.900342	741	0.276653	0.307000	0.316822	
726	0.303030	142	0.021127	132	0.787879	0.900342	726	0.303030	0.327000	0.316835	
696	0.306034	158	0.006329	146	0.726027	0.900342	696	0.306034	0.320000	0.316839	
718	0.291086	131	0.000000	151	0.827815	0.900342	718	0.291086	0.334000	0.316860	
722	0.267313	101	0.009901	177	0.740113	0.900342	722	0.267313	0.325000	0.316871	
699	0.278970	139	0.021583	162	0.746914	0.900342	699	0.278970	0.319000	0.316873	
745	0.304698	131	0.022901	124	0.750000	0.900342	745	0.304698	0.323000	0.316881	
737	0.297151	137	0.007299	126	0.761905	0.900342	737	0.297151	0.316000	0.316880	
704	0.312500	131	0.000000	165	0.739394	0.900342	704	0.312500	0.342000	0.316912	
718	0.298050	115	0.008696	167	0.730539	0.900342	718	0.298050	0.337000	0.316937	
712	0.311798	157	0.000000	131	0.786260	0.900342	712	0.311798	0.325000	0.316947	
694	0.291066	166	0.006024	140	0.757143	0.900342	694	0.291066	0.309000	0.316937	
737	0.321574	144	0.006944	119	0.831933	0.900342	737	0.321574	0.337000	0.316962	
738	0.276423	150	0.000000	112	0.723214	0.900342	738	0.276423	0.285000	0.316922	
715	0.304895	136	0.000000	149	0.771812	0.900342	715	0.304895	0.333000	0.316942	
709	0.337094	136	0.000000	155	0.748387	0.900342	709	0.337094	0.355000	0.316990	
728	0.303571	136	0.014706	136	0.786765	0.900342	728	0.303571	0.330000	0.317006	
711	0.241913	143	0.006993	146	0.732877	0.900342	711	0.241913	0.280000	0.316960	
709	0.270804	133	0.000000	158	0.784810	0.900342	709	0.270804	0.316000	0.316959	
710	0.292958	142	0.014085	148	0.763514	0.900342	710	0.292958	0.323000	0.316966	
739	0.296346	129	0.000000	132	0.689394	0.900342	739	0.296346	0.310000	0.316957	
680	0.279412	159	0.025157	161	0.770186	0.900342	680	0.279412	0.318000	0.316959	
739	0.324763	129	0.046512	132	0.681818	0.900342	739	0.324763	0.336000	0.316982	
751	0.318242	119	0.008403	130	0.723077	0.900342	751	0.318242	0.334000	0.317003	
737	0.306649	125	0.024000	138	0.746377	0.900342	737	0.306649	0.332000	0.317022	
758	0.320580	133	0.015038	109	0.633028	0.900342	758	0.320580	0.314000	0.317018	
747	0.303882	132	0.007576	121	0.702479	0.900342	747	0.303882	0.313000	0.317013	
724	0.306630	148	0.074324	128	0.703125	0.900342	724	0.306630	0.323000	0.317020	
725	0.372414	129	0.038760	146	0.671233	0.900342	725	0.372414	0.373000	0.317089	
723	0.316736	150	0.013333	127	0.732283	0.900342	723	0.316736	0.324000	0.317098	
732	0.314208	144	0.013889	124	0.701613	0.900342	732	0.314208	0.319000	0.317100	
709	0.317348	135	0.014815	156	0.647436	0.900342	709	0.317348	0.328000	0.317113	
707	0.302687	142	0.014085	151	0.589404	0.900342	707	0.302687	0.305000	0.317099	
716	0.303073	124	0.048387	160	0.693750	0.900342	716	0.303073	0.334000	0.317119	
728	0.322802	128	0.054688	144	0.743056	0.900342	728	0.322802	0.349000	0.317158	
754	0.295756	125	0.000000	121	0.752066	0.900342	754	0.295756	0.314000	0.317154	
713	0.259467	144	0.020833	143	0.762238	0.900342	713	0.259467	0.297000	0.317130	
707	0.322489	146	0.006849	147	0.748299	0.900342	707	0.322489	0.339000	0.317156	
692	0.286127	145	0.000000	163	0.766871	0.900342	692	0.286127	0.323000	0.317163	
722	0.314404	126	0.023810	152	0.717105	0.900342	722	0.314404	0.339000	0.317190	
718	0.337047	122	0.000000	160	0.750000	0.900342	718	0.337047	0.362000	0.317244	
725	0.285517	109	0.055046	166	0.795181	0.900342	725	0.285517	0.345000	0.317277	
702	0.334758	125	0.000000	173	0.739884	0.900342	702	0.334758	0.363000	0.317333	
718	0.288301	140	0.000000	142	0.767606	0.900342	718	0.288301	0.316000	0.317331	
735	0.311565	127	0.000000	138	0.768116	0.900342	735	0.311565	0.335000	0.317352	
720	0.286111	149	0.013423	131	0.786260	0.900342	720	0.286111	0.311000	0.317345	
734	0.302452	132	0.015152	134	0.761194	0.900342	734	0.302452	0.326000	0.317355	
728	0.277473	130	0.007692	142	0.697183	0.900342	728	0.277473	0.302000	0.317337	
764	0.302356	117	0.017094	119	0.722689	0.900342	764	0.302356	0.319000	0.317339	
753	0.289509	127	0.007874	120	0.733333	0.900342	753	0.289509	0.307000	0.317326	
752	0.332447	143	0.013986	105	0.723810	0.900342	752	0.332447	0.328000	0.317339	
730	0.291781	113	0.000000	157	0.764331	0.900342	730	0.291781	0.333000	0.317358	
702	0.320513	159	0.006289	139	0.827338	0.900342	702	0.320513	0.341000	0.317386	
700	0.300000	166	0.018072	134	0.746269	0.900342	700	0.300000	0.313000	0.317381	
720	0.319444	135	0.022222	145	0.772414	0.900342	720	0.319444	0.345000	0.317413	
729	0.293553	135	0.007407	136	0.816176	0.900342	729	0.293553	0.326000	0.317424	
691	0.298119	131	0.030534	178	0.764045	0.900342	691	0.298119	0.346000	0.317458	
702	0.304843	140	0.021429	158	0.759494	0.900342	702	0.304843	0.337000	0.317481	
734	0.328338	119	0.025210	147	0.680272	0.900342	734	0.328338	0.344000	0.317512	
719	0.303199	141	0.014184	140	0.678571	0.900342	719	0.303199	0.315000	0.317509	
708	0.317797	136	0.014706	156	0.647436	0.900342	708	0.317797	0.328000	0.317521	
699	0.340486	135	0.059259	166	0.795181	0.900342	699	0.340486	0.378000	0.317593	
746	0.320375	115	0.034783	139	0.676259	0.900342	746	0.320375	0.337000	0.317616	
697	0.311334	140	0.057143	163	0.711656	0.900342	697	0.311334	0.341000	0.317643	
690	0.275362	134	0.052239	176	0.795455	0.900342	690	0.275362	0.337000	0.317666	
726	0.370523	134	0.074627	140	0.814286	0.900342	726	0.370523	0.393000	0.317754	
749	0.256342	107	0.000000	144	0.819444	0.900342	749	0.256342	0.310000	0.317745	
720	0.305556	130	0.030769	150	0.760000	0.900342	720	0.305556	0.338000	0.317769	
739	0.281461	129	0.015504	132	0.795455	0.900342	739	0.281461	0.315000	0.317766	
711	0.299578	137	0.021898	152	0.769737	0.900342	711	0.299578	0.333000	0.317784	
719	0.287900	135	0.007407	146	0.767123	0.900342	719	0.287900	0.320000	0.317786	
711	0.291139	133	0.030075	156	0.769231	0.900342	711	0.291139	0.331000	0.317801	
741	0.303644	115	0.008696	144	0.743056	0.900342	741	0.303644	0.333000	0.317819	
730	0.309589	143	0.020979	127	0.724409	0.900342	730	0.309589	0.321000	0.317823	
732	0.307377	112	0.035714	156	0.717949	0.900342	732	0.307377	0.341000	0.317850	
731	0.326949	138	0.007246	131	0.770992	0.900342	731	0.326949	0.341000	0.317877	
675	0.340741	153	0.013072	172	0.796512	0.900342	675	0.340741	0.369000	0.317936	
723	0.330567	130	0.000000	147	0.761905	0.900342	723	0.330567	0.351000	0.317974	
719	0.337969	136	0.000000	145	0.737931	0.900342	719	0.337969	0.350000	0.318011	
740	0.343243	135	0.000000	125	0.760000	0.900342	740	0.343243	0.349000	0.318047	
717	0.301255	136	0.051471	147	0.707483	0.900342	717	0.301255	0.327000	0.318057	
736	0.326087	135	0.022222	129	0.775194	0.900342	736	0.326087	0.343000	0.318086	
699	0.324750	138	0.014493	163	0.680982	0.900342	699	0.324750	0.340000	0.318111	
708	0.313559	152	0.059211	140	0.678571	0.900342	708	0.313559	0.326000	0.318120	
702	0.320513	147	0.047619	151	0.682119	0.900342	702	0.320513	0.335000	0.318140	
722	0.333795	133	0.090226	145	0.668966	0.900342	722	0.333795	0.350000	0.318176	
740	0.340541	135	0.022222	125	0.720000	0.900342	740	0.340541	0.345000	0.318207	
731	0.339261	137	0.007299	132	0.659091	0.900342	731	0.339261	0.336000	0.318227	
724	0.371547	131	0.015267	145	0.786207	0.900342	724	0.371547	0.385000	0.318304	
693	0.294372	148	0.027027	159	0.792453	0.900342	693	0.294372	0.334000	0.318322	
695	0.342446	141	0.000000	164	0.823171	0.900342	695	0.342446	0.373000	0.318384	
693	0.303030	137	0.021898	170	0.764706	0.900342	693	0.303030	0.343000	0.318412	
706	0.277620	129	0.069767	165	0.751515	0.900342	706	0.277620	0.329000	0.318424	
732	0.285519	139	0.007194	129	0.728682	0.900342	732	0.285519	0.304000	0.318408	
695	0.302158	155	0.012903	150	0.740000	0.900342	695	0.302158	0.323000	0.318413	
715	0.320280	132	0.007576	153	0.803922	0.900342	715	0.320280	0.353000	0.318452	
738	0.327913	133	0.007519	129	0.744186	0.900342	738	0.327913	0.339000	0.318475	
711	0.271449	145	0.000000	144	0.694444	0.900342	711	0.271449	0.293000	0.318446	
714	0.287115	142	0.028169	144	0.680556	0.900342	714	0.287115	0.307000	0.318434	
719	0.276773	137	0.007299	144	0.756944	0.900342	719	0.276773	0.309000	0.318423	
745	0.308725	140	0.014286	115	0.808696	0.900342	745	0.308725	0.325000	0.318430	
722	0.288089	130	0.007692	148	0.756757	0.900342	722	0.288089	0.321000	0.318433	
727	0.281981	114	0.008772	159	0.798742	0.900342	727	0.281981	0.333000	0.318450	
711	0.306610	132	0.030303	157	0.777070	0.900342	711	0.306610	0.344000	0.318478	
700	0.321429	147	0.006803	153	0.725490	0.900342	700	0.321429	0.337000	0.318499	
724	0.303867	128	0.007812	148	0.722973	0.900342	724	0.303867	0.328000	0.318510	
723	0.304288	125	0.016000	152	0.776316	0.900342	723	0.304288	0.340000	0.318534	
719	0.293463	123	0.048780	158	0.734177	0.900342	719	0.293463	0.333000	0.318550	
719	0.301808	135	0.044444	146	0.691781	0.900342	719	0.301808	0.324000	0.318556	
721	0.295423	126	0.015873	153	0.705882	0.900342	721	0.295423	0.323000	0.318561	
741	0.306343	101	0.039604	158	0.620253	0.900342	741	0.306343	0.329000	0.318573	
753	0.297477	122	0.024590	125	0.672000	0.900342	753	0.297477	0.311000	0.318564	
714	0.326331	136	0.022059	150	0.686667	0.900342	714	0.326331	0.339000	0.318587	
721	0.302358	146	0.013699	133	0.789474	0.900342	721	0.302358	0.325000	0.318594	
714	0.355742	132	0.053030	154	0.714286	0.900342	714	0.355742	0.371000	0.318652	
747	0.365462	124	0.032258	129	0.728682	0.900342	747	0.365462	0.371000	0.318710	
735	0.355102	122	0.024590	143	0.839161	0.900342	735	0.355102	0.384000	0.318783	
742	0.355795	115	0.026087	143	0.797203	0.900342	742	0.355795	0.381000	0.318851	
735	0.336054	127	0.015748	138	0.775362	0.900342	735	0.336054	0.356000	0.318892	
734	0.311989	125	0.016000	141	0.723404	0.900342	734	0.311989	0.333000	0.318908	
762	0.322835	113	0.053097	125	0.768000	0.900342	762	0.322835	0.348000	0.318940	
732	0.278689	124	0.032258	144	0.743056	0.900342	732	0.278689	0.315000	0.318936	
728	0.320055	138	0.028986	134	0.746269	0.900342	728	0.320055	0.337000	0.318956	
698	0.303725	142	0.035211	160	0.781250	0.900342	698	0.303725	0.342000	0.318981	
699	0.268956	154	0.006494	147	0.714286	0.900342	699	0.268956	0.294000	0.318954	
737	0.287653	113	0.000000	150	0.673333	0.900342	737	0.287653	0.313000	0.318947	
726	0.292011	101	0.000000	173	0.682081	0.900342	726	0.292011	0.330000	0.318959	
715	0.321678	127	0.031496	158	0.772152	0.900342	715	0.321678	0.356000	0.319000	
714	0.301120	150	0.000000	136	0.823529	0.900342	714	0.301120	0.327000	0.319008	
728	0.250000	129	0.015504	143	0.762238	0.900342	728	0.250000	0.293000	0.318980	
708	0.268362	146	0.034247	146	0.739726	0.900342	708	0.268362	0.303000	0.318963	
724	0.296961	142	0.021127	134	0.738806	0.900342	724	0.296961	0.317000	0.318960	
708	0.279661	140	0.014286	152	0.776316	0.900342	708	0.279661	0.318000	0.318959	
748	0.290107	108	0.027778	144	0.763889	0.900342	748	0.290107	0.330000	0.318971	
733	0.319236	119	0.000000	148	0.810811	0.900342	733	0.319236	0.354000	0.319009	
722	0.321330	131	0.015267	147	0.802721	0.900342	722	0.321330	0.352000	0.319045	
704	0.330966	159	0.025157	137	0.751825	0.900342	704	0.330966	0.340000	0.319068	
716	0.290503	139	0.028777	145	0.682759	0.900342	716	0.290503	0.311000	0.319059	
732	0.316940	121	0.041322	147	0.687075	0.900342	732	0.316940	0.338000	0.319080	
723	0.329184	133	0.060150	144	0.687500	0.900342	723	0.329184	0.345000	0.319108	
718	0.337047	119	0.050420	163	0.680982	0.900342	718	0.337047	0.359000	0.319151	
715	0.358042	155	0.025806	130	0.792308	0.900342	715	0.358042	0.363000	0.319198	
702	0.351852	151	0.006623	147	0.761905	0.900342	702	0.351852	0.360000	0.319242	
696	0.385057	146	0.000000	158	0.791139	0.900342	696	0.385057	0.393000	0.319321	
721	0.361997	154	0.051948	125	0.784000	0.900342	721	0.361997	0.367000	0.319372	
706	0.335694	148	0.013514	146	0.732877	0.900342	706	0.335694	0.346000	0.319401	
711	0.319269	162	0.018519	127	0.771654	0.900342	711	0.319269	0.328000	0.319410	
722	0.353186	131	0.045802	147	0.768707	0.900342	722	0.353186	0.374000	0.319469	
684	0.295322	179	0.005587	137	0.788321	0.900342	684	0.295322	0.311000	0.319460	
706	0.286119	141	0.021277	153	0.771242	0.900342	706	0.286119	0.323000	0.319463	
722	0.292244	141	0.028369	137	0.729927	0.900342	722	0.292244	0.315000	0.319459	
718	0.314763	128	0.023438	154	0.785714	0.900342	718	0.314763	0.350000	0.319491	
742	0.339623	117	0.017094	141	0.702128	0.900342	742	0.339623	0.353000	0.319527	
694	0.317003	153	0.013072	153	0.633987	0.900342	694	0.317003	0.319000	0.319526	
774	0.315245	111	0.036036	115	0.634783	0.900342	774	0.315245	0.321000	0.319528	
719	0.300417	129	0.031008	152	0.690789	0.900342	719	0.300417	0.325000	0.319534	
737	0.299864	132	0.007576	131	0.740458	0.900342	737	0.299864	0.319000	0.319533	
718	0.296657	148	0.000000	134	0.694030	0.900342	718	0.296657	0.306000	0.319519	
755	0.325828	110	0.045455	135	0.844444	0.900342	755	0.325828	0.365000	0.319567	
752	0.325798	110	0.045455	138	0.782609	0.900342	752	0.325798	0.358000	0.319607	
722	0.279778	130	0.015385	148	0.709459	0.900342	722	0.279778	0.309000	0.319596	
716	0.286313	141	0.007092	143	0.720280	0.900342	716	0.286313	0.309000	0.319585	
720	0.298611	133	0.022556	147	0.727891	0.900342	720	0.298611	0.325000	0.319591	
717	0.311018	138	0.007246	145	0.806897	0.900342	717	0.311018	0.341000	0.319613	
722	0.307479	142	0.021127	136	0.808824	0.900342	722	0.307479	0.335000	0.319630	
743	0.262450	120	0.050000	137	0.729927	0.900342	743	0.262450	0.301000	0.319610	
742	0.390836	109	0.027523	149	0.758389	0.900342	742	0.390836	0.406000	0.319701	
719	0.347705	140	0.035714	141	0.787234	0.900342	719	0.347705	0.366000	0.319749	
731	0.314637	135	0.037037	134	0.761194	0.900342	731	0.314637	0.337000	0.319767	
712	0.328652	145	0.006897	143	0.678322	0.900342	712	0.328652	0.332000	0.319780	
737	0.332429	121	0.024793	142	0.704225	0.900342	737	0.332429	0.348000	0.319809	
699	0.304721	153	0.026144	148	0.750000	0.900342	699	0.304721	0.328000	0.319818	
724	0.301105	141	0.014184	135	0.814815	0.900342	724	0.301105	0.330000	0.319829	
729	0.279835	117	0.025641	154	0.746753	0.900342	729	0.279835	0.322000	0.319831	
728	0.307692	121	0.033058	151	0.728477	0.900342	728	0.307692	0.338000	0.319850	
702	0.309117	154	0.019481	144	0.680556	0.900342	702	0.309117	0.318000	0.319848	
728	0.265110	126	0.055556	146	0.739726	0.900342	728	0.265110	0.308000	0.319836	
697	0.305595	161	0.012422	142	0.739437	0.900342	697	0.305595	0.320000	0.319836	
716	0.273743	153	0.006536	131	0.748092	0.900342	716	0.273743	0.295000	0.319810	
708	0.303672	142	0.028169	150	0.686667	0.900342	708	0.303672	0.322000	0.319812	
715	0.339860	148	0.027027	137	0.649635	0.900342	715	0.339860	0.336000	0.319829	
706	0.305949	138	0.072464	156	0.685897	0.900342	706	0.305949	0.333000	0.319843	
738	0.303523	132	0.037879	130	0.669231	0.900342	738	0.303523	0.316000	0.319839	
725	0.280000	132	0.022727	143	0.741259	0.900342	725	0.280000	0.312000	0.319831	
747	0.305221	127	0.023622	126	0.849206	0.900342	747	0.305221	0.338000	0.319849	
723	0.280775	135	0.000000	142	0.788732	0.900342	723	0.280775	0.315000	0.319844	
738	0.258808	115	0.043478	147	0.748299	0.900342	738	0.258808	0.306000	0.319830	
695	0.302158	171	0.029240	134	0.753731	0.900342	695	0.302158	0.316000	0.319826	
722	0.267313	146	0.000000	132	0.772727	0.900342	722	0.267313	0.295000	0.319801	
729	0.297668	119	0.042017	152	0.776316	0.900342	729	0.297668	0.340000	0.319821	
717	0.263598	144	0.013889	139	0.733813	0.900342	717	0.263598	0.293000	0.319794	
705	0.286525	129	0.023256	166	0.771084	0.900342	705	0.286525	0.333000	0.319807	
717	0.291492	119	0.016807	164	0.798780	0.900342	717	0.291492	0.342000	0.319830	
736	0.270380	106	0.000000	158	0.778481	0.900342	736	0.270380	0.322000	0.319832	
719	0.308762	119	0.000000	162	0.697531	0.900342	719	0.308762	0.335000	0.319848	
714	0.313725	140	0.014286	146	0.753425	0.900342	714	0.313725	0.336000	0.319864	
708	0.262712	132	0.037879	160	0.781250	0.900342	708	0.262712	0.316000	0.319860	
700	0.297143	159	0.012579	141	0.780142	0.900342	700	0.297143	0.320000	0.319860	
669	0.294469	159	0.006289	172	0.755814	0.900342	669	0.294469	0.328000	0.319869	
707	0.281471	148	0.027027	145	0.689655	0.900342	707	0.281471	0.303000	0.319852	
719	0.293463	144	0.020833	137	0.671533	0.900342	719	0.293463	0.306000	0.319838	
719	0.290682	152	0.006579	129	0.813953	0.900342	719	0.290682	0.315000	0.319833	
738	0.302168	102	0.019608	160	0.737500	0.900342	738	0.302168	0.343000	0.319856	
736	0.293478	104	0.028846	160	0.756250	0.900342	736	0.293478	0.340000	0.319876	
700	0.332857	144	0.013889	156	0.705128	0.900342	700	0.332857	0.345000	0.319902	
718	0.309192	138	0.000000	144	0.722222	0.900342	718	0.309192	0.326000	0.319908	
743	0.301480	126	0.023810	131	0.770992	0.900342	743	0.301480	0.328000	0.319916	
748	0.283422	132	0.030303	120	0.733333	0.900342	748	0.283422	0.304000	0.319900	
699	0.293276	159	0.025157	142	0.739437	0.900342	699	0.293276	0.314000	0.319894	
696	0.295977	145	0.027586	159	0.754717	0.900342	696	0.295977	0.330000	0.319904	
742	0.307278	125	0.008000	133	0.661654	0.900342	742	0.307278	0.317000	0.319901	
712	0.337079	144	0.034722	144	0.847222	0.900342	712	0.337079	0.367000	0.319949	
694	0.312680	154	0.025974	152	0.769737	0.900342	694	0.312680	0.338000	0.319967	
706	0.276204	135	0.007407	159	0.805031	0.900342	706	0.276204	0.324000	0.319971	
714	0.323529	136	0.000000	150	0.760000	0.900342	714	0.323529	0.345000	0.319996	
731	0.325581	124	0.000000	145	0.806897	0.900342	731	0.325581	0.355000	0.320031	
726	0.303030	129	0.015504	145	0.765517	0.900342	726	0.303030	0.333000	0.320044	
729	0.322359	138	0.043478	133	0.766917	0.900342	729	0.322359	0.343000	0.320066	
695	0.284892	164	0.012195	141	0.659574	0.900342	695	0.284892	0.293000	0.320039	
704	0.321023	158	0.018987	138	0.702899	0.900342	704	0.321023	0.326000	0.320045	
742	0.312668	130	0.007692	128	0.765625	0.900342	742	0.312668	0.331000	0.320056	
738	0.310298	133	0.015038	129	0.767442	0.900342	738	0.310298	0.330000	0.320066	
742	0.273585	129	0.007752	129	0.728682	0.900342	742	0.273585	0.298000	0.320044	
744	0.293011	110	0.036364	146	0.753425	0.900342	744	0.293011	0.332000	0.320056	
698	0.312321	151	0.006623	151	0.728477	0.900342	698	0.312321	0.329000	0.320065	
714	0.294118	143	0.041958	143	0.734266	0.900342	714	0.294118	0.321000	0.320066	
716	0.314246	145	0.027586	139	0.748201	0.900342	716	0.314246	0.333000	0.320079	
715	0.313287	141	0.028369	144	0.715278	0.900342	715	0.313287	0.331000	0.320089	
708	0.306497	142	0.035211	150	0.740000	0.900342	708	0.306497	0.333000	0.320102	
737	0.291723	118	0.000000	145	0.751724	0.900342	737	0.291723	0.324000	0.320106	
734	0.284741	120	0.000000	146	0.787671	0.900342	734	0.284741	0.324000	0.320110	
710	0.314085	136	0.014706	154	0.766234	0.900342	710	0.314085	0.343000	0.320132	
736	0.281250	117	0.017094	147	0.768707	0.900342	736	0.281250	0.322000	0.320134	
728	0.291209	120	0.025000	152	0.763158	0.900342	728	0.291209	0.331000	0.320145	
714	0.310924	126	0.015873	160	0.787500	0.900342	714	0.310924	0.350000	0.320174	
702	0.313390	133	0.030075	165	0.800000	0.900342	702	0.313390	0.356000	0.320209	
713	0.294530	144	0.034722	143	0.776224	0.900342	713	0.294530	0.326000	0.320215	
730	0.278082	123	0.024390	147	0.680272	0.900342	730	0.278082	0.306000	0.320201	
704	0.321023	146	0.013699	150	0.700000	0.900342	704	0.321023	0.333000	0.320213	
712	0.280899	124	0.008065	164	0.762195	0.900342	712	0.280899	0.326000	0.320219	
717	0.267782	130	0.023077	153	0.803922	0.900342	717	0.267782	0.318000	0.320217	
733	0.327422	121	0.000000	146	0.719178	0.900342	733	0.327422	0.345000	0.320241	
716	0.312849	149	0.006711	135	0.740741	0.900342	716	0.312849	0.325000	0.320246	
703	0.294452	145	0.000000	152	0.763158	0.900342	703	0.294452	0.323000	0.320248	
681	0.293686	151	0.019868	168	0.714286	0.900342	681	0.293686	0.323000	0.320251	
728	0.310440	119	0.025210	153	0.732026	0.900342	728	0.310440	0.341000	0.320271	
712	0.308989	127	0.023622	161	0.683230	0.900342	712	0.308989	0.333000	0.320283	
713	0.295933	133	0.000000	154	0.668831	0.900342	713	0.295933	0.314000	0.320277	
747	0.323963	108	0.018519	145	0.710345	0.900342	747	0.323963	0.347000	0.320303	
714	0.306723	134	0.044776	152	0.690789	0.900342	714	0.306723	0.330000	0.320312	
708	0.337571	145	0.062069	147	0.700680	0.900342	708	0.337571	0.351000	0.320342	
723	0.295989	144	0.000000	133	0.796992	0.900342	723	0.295989	0.320000	0.320342	
723	0.293223	152	0.006579	125	0.784000	0.900342	723	0.293223	0.311000	0.320333	
714	0.282913	134	0.000000	152	0.796053	0.900342	714	0.282913	0.323000	0.320335	
716	0.275140	126	0.023810	158	0.772152	0.900342	716	0.275140	0.322000	0.320337	
733	0.285130	129	0.015504	138	0.768116	0.900342	733	0.285130	0.317000	0.320334	
715	0.281119	147	0.006803	138	0.717391	0.900342	715	0.281119	0.301000	0.320315	
710	0.300000	140	0.021429	150	0.753333	0.900342	710	0.300000	0.329000	0.320323	
723	0.297372	137	0.051095	140	0.692857	0.900342	723	0.297372	0.319000	0.320322	
713	0.319776	128	0.046875	159	0.742138	0.900342	713	0.319776	0.352000	0.320352	
739	0.313938	124	0.032258	137	0.678832	0.900342	739	0.313938	0.329000	0.320361	
707	0.299859	149	0.026846	144	0.673611	0.900342	707	0.299859	0.313000	0.320354	
723	0.347165	158	0.037975	119	0.705882	0.900342	723	0.347165	0.341000	0.320373	
714	0.334734	134	0.067164	152	0.671053	0.900342	714	0.334734	0.350000	0.320402	
707	0.285714	148	0.047297	145	0.744828	0.900342	707	0.285714	0.317000	0.320398	
722	0.297784	122	0.049180	156	0.666667	0.900342	722	0.297784	0.325000	0.320403	
740	0.313514	126	0.007937	134	0.664179	0.900342	740	0.313514	0.322000	0.320404	
739	0.324763	122	0.040984	139	0.776978	0.900342	739	0.324763	0.353000	0.320435	
728	0.315934	134	0.000000	138	0.833333	0.900342	728	0.315934	0.345000	0.320458	
717	0.337517	133	0.000000	150	0.786667	0.900342	717	0.337517	0.360000	0.320496	
700	0.331429	168	0.000000	132	0.750000	0.900342	700	0.331429	0.331000	0.320506	
708	0.329096	166	0.000000	126	0.793651	0.900342	708	0.329096	0.333000	0.320518	
721	0.338419	144	0.000000	135	0.814815	0.900342	721	0.338419	0.354000	0.320549	
703	0.354196	148	0.013514	149	0.778523	0.900342	703	0.354196	0.367000	0.320593	
716	0.307263	140	0.021429	144	0.750000	0.900342	716	0.307263	0.331000	0.320603	
718	0.305014	127	0.007874	155	0.754839	0.900342	718	0.305014	0.337000	0.320618	
722	0.282548	148	0.020270	130	0.776923	0.900342	722	0.282548	0.308000	0.320606	
741	0.309042	123	0.016260	136	0.742647	0.900342	741	0.309042	0.332000	0.320617	
719	0.321280	148	0.006757	133	0.781955	0.900342	719	0.321280	0.336000	0.320632	
731	0.294118	129	0.038760	140	0.771429	0.900342	731	0.294118	0.328000	0.320639	
709	0.275035	148	0.013514	143	0.727273	0.900342	709	0.275035	0.301000	0.320620	
717	0.308229	118	0.000000	165	0.800000	0.900342	717	0.308229	0.353000	0.320650	
716	0.251397	146	0.013699	138	0.739130	0.900342	716	0.251397	0.284000	0.320616	
727	0.305365	126	0.007937	147	0.789116	0.900342	727	0.305365	0.339000	0.320633	
711	0.267229	143	0.013986	146	0.739726	0.900342	711	0.267229	0.300000	0.320614	
728	0.298077	121	0.000000	151	0.715232	0.900342	728	0.298077	0.325000	0.320618	
712	0.325843	133	0.007519	155	0.767742	0.900342	712	0.325843	0.352000	0.320647	
723	0.239281	130	0.015385	147	0.775510	0.900342	723	0.239281	0.289000	0.320618	
729	0.277092	114	0.008772	157	0.757962	0.900342	729	0.277092	0.322000	0.320619	
722	0.286704	128	0.015625	150	0.686667	0.900342	722	0.286704	0.312000	0.320611	
724	0.290055	128	0.023438	148	0.743243	0.900342	724	0.290055	0.323000	0.320613	
745	0.297987	106	0.066038	149	0.765101	0.900342	745	0.297987	0.343000	0.320634	
743	0.336474	119	0.025210	138	0.644928	0.900342	743	0.336474	0.342000	0.320654	
735	0.289796	130	0.061538	135	0.659259	0.900342	735	0.289796	0.310000	0.320644	
709	0.370945	133	0.075188	158	0.727848	0.900342	709	0.370945	0.388000	0.320706	
716	0.336592	147	0.054422	137	0.642336	0.900342	716	0.336592	0.337000	0.320722	
725	0.329655	133	0.030075	142	0.697183	0.900342	725	0.329655	0.342000	0.320741	
695	0.276259	145	0.055172	160	0.631250	0.900342	695	0.276259	0.301000	0.320723	
715	0.335664	119	0.025210	166	0.668675	0.900342	715	0.335664	0.354000	0.320754	
742	0.303235	113	0.035398	145	0.710345	0.900342	742	0.303235	0.332000	0.320764	
725	0.326897	133	0.000000	142	0.704225	0.900342	725	0.326897	0.337000	0.320779	
720	0.331944	142	0.070423	138	0.775362	0.900342	720	0.331944	0.356000	0.320811	
736	0.317935	121	0.049587	143	0.685315	0.900342	736	0.317935	0.338000	0.320827	
706	0.311615	133	0.022556	161	0.770186	0.900342	706	0.311615	0.347000	0.320851	
713	0.318373	136	0.058824	151	0.721854	0.900342	713	0.318373	0.344000	0.320872	
740	0.337838	120	0.041667	140	0.700000	0.900342	740	0.337838	0.353000	0.320902	
705	0.313475	139	0.028777	156	0.737179	0.900342	705	0.313475	0.340000	0.320919	
735	0.310204	121	0.049587	144	0.743056	0.900342	735	0.310204	0.341000	0.320938	
729	0.333333	126	0.031746	145	0.703448	0.900342	729	0.333333	0.349000	0.320963	
717	0.287308	137	0.014599	146	0.705479	0.900342	717	0.287308	0.311000	0.320954	
719	0.278164	127	0.023622	154	0.688312	0.900342	719	0.278164	0.309000	0.320943	
705	0.292199	148	0.027027	147	0.707483	0.900342	705	0.292199	0.314000	0.320937	
729	0.327846	117	0.025641	154	0.694805	0.900342	729	0.327846	0.349000	0.320962	
721	0.325936	124	0.024194	155	0.703226	0.900342	721	0.325936	0.347000	0.320986	
719	0.319889	143	0.069930	138	0.731884	0.900342	719	0.319889	0.341000	0.321004	
718	0.321727	159	0.050314	123	0.666667	0.900342	718	0.321727	0.321000	0.321004	
721	0.312067	139	0.021583	140	0.778571	0.900342	721	0.312067	0.337000	0.321019	
716	0.317039	131	0.030534	153	0.732026	0.900342	716	0.317039	0.343000	0.321039	
739	0.293640	119	0.000000	142	0.725352	0.900342	739	0.293640	0.320000	0.321038	
716	0.296089	136	0.014706	148	0.756757	0.900342	716	0.296089	0.326000	0.321042	
735	0.246259	117	0.025641	148	0.716216	0.900342	735	0.246259	0.290000	0.321014	
723	0.284924	132	0.000000	145	0.696552	0.900342	723	0.284924	0.307000	0.321002	
722	0.275623	136	0.014706	142	0.767606	0.900342	722	0.275623	0.310000	0.320992	
717	0.281729	132	0.000000	151	0.721854	0.900342	717	0.281729	0.311000	0.320983	
726	0.274105	146	0.034247	128	0.781250	0.900342	726	0.274105	0.304000	0.320967	
707	0.330976	140	0.028571	153	0.673203	0.900342	707	0.330976	0.341000	0.320985	
692	0.339595	158	0.000000	150	0.786667	0.900342	692	0.339595	0.353000	0.321014	
695	0.358273	141	0.014184	164	0.798780	0.900342	695	0.358273	0.382000	0.321069	
743	0.306864	124	0.024194	133	0.812030	0.900342	743	0.306864	0.339000	0.321085	
707	0.285714	147	0.013605	146	0.753425	0.900342	707	0.285714	0.314000	0.321079	
731	0.283174	136	0.022059	133	0.714286	0.900342	731	0.283174	0.305000	0.321064	
718	0.298050	132	0.007576	150	0.733333	0.900342	718	0.298050	0.325000	0.321068	
734	0.303815	131	0.022901	135	0.733333	0.900342	734	0.303815	0.325000	0.321071	
699	0.313305	145	0.020690	156	0.782051	0.900342	699	0.313305	0.344000	0.321092	
718	0.286908	138	0.007246	144	0.722222	0.900342	718	0.286908	0.311000	0.321083	
713	0.290323	142	0.014085	145	0.779310	0.900342	713	0.290323	0.322000	0.321083	
723	0.279391	140	0.000000	137	0.795620	0.900342	723	0.279391	0.311000	0.321075	
700	0.287143	151	0.039735	149	0.724832	0.900342	700	0.287143	0.315000	0.321069	
738	0.302168	121	0.033058	141	0.758865	0.900342	738	0.302168	0.334000	0.321081	
741	0.302294	133	0.022556	126	0.722222	0.900342	741	0.302294	0.318000	0.321078	
706	0.293201	141	0.014184	153	0.771242	0.900342	706	0.293201	0.327000	0.321083	
748	0.319519	124	0.008065	128	0.750000	0.900342	748	0.319519	0.336000	0.321096	
723	0.325035	137	0.014599	140	0.700000	0.900342	723	0.325035	0.335000	0.321109	
746	0.298928	126	0.023810	128	0.781250	0.900342	746	0.298928	0.326000	0.321113	
758	0.321900	119	0.033613	123	0.723577	0.900342	758	0.321900	0.337000	0.321127	
739	0.299053	119	0.000000	142	0.781690	0.900342	739	0.299053	0.332000	0.321137	
746	0.323056	138	0.036232	116	0.663793	0.900342	746	0.323056	0.323000	0.321138	
737	0.293080	138	0.014493	125	0.752000	0.900342	737	0.293080	0.312000	0.321130	
722	0.286704	147	0.013605	131	0.847328	0.900342	722	0.286704	0.320000	0.321129	
726	0.303030	139	0.014388	135	0.718519	0.900342	726	0.303030	0.319000	0.321127	
707	0.275813	141	0.021277	152	0.723684	0.900342	707	0.275813	0.308000	0.321116	
723	0.283541	130	0.023077	147	0.721088	0.900342	723	0.283541	0.314000	0.321110	
701	0.303852	139	0.021583	160	0.762500	0.900342	701	0.303852	0.338000	0.321124	
735	0.281633	114	0.017544	151	0.708609	0.900342	735	0.281633	0.316000	0.321120	
724	0.291436	132	0.007576	144	0.694444	0.900342	724	0.291436	0.312000	0.321112	
714	0.310924	125	0.016000	161	0.726708	0.900342	714	0.310924	0.341000	0.321129	
725	0.275862	136	0.007353	139	0.726619	0.900342	725	0.275862	0.302000	0.321113	
729	0.301783	134	0.007463	137	0.781022	0.900342	729	0.301783	0.328000	0.321119	
729	0.267490	133	0.007519	138	0.717391	0.900342	729	0.267490	0.295000	0.321096	
716	0.252793	147	0.027211	137	0.722628	0.900342	716	0.252793	0.284000	0.321063	
730	0.250685	131	0.022901	139	0.661871	0.900342	730	0.250685	0.278000	0.321026	
709	0.296192	129	0.038760	162	0.666667	0.900342	709	0.296192	0.323000	0.321028	
731	0.277702	120	0.000000	149	0.785235	0.900342	731	0.277702	0.320000	0.321027	
717	0.287308	125	0.000000	158	0.765823	0.900342	717	0.287308	0.327000	0.321032	
706	0.297450	135	0.014815	159	0.729560	0.900342	706	0.297450	0.328000	0.321038	
707	0.298444	139	0.007194	154	0.733766	0.900342	707	0.298444	0.325000	0.321041	
718	0.303621	139	0.014388	143	0.720280	0.900342	718	0.303621	0.323000	0.321043	
706	0.297450	139	0.007194	155	0.735484	0.900342	706	0.297450	0.325000	0.321047	
743	0.293405	144	0.000000	113	0.884956	0.900342	743	0.293405	0.318000	0.321044	
725	0.295172	137	0.014599	138	0.782609	0.900342	725	0.295172	0.324000	0.321046	
720	0.304167	154	0.006494	126	0.722222	0.900342	720	0.304167	0.311000	0.321038	
730	0.284932	128	0.015625	142	0.753521	0.900342	730	0.284932	0.317000	0.321034	
732	0.274590	130	0.007692	138	0.768116	0.900342	732	0.274590	0.308000	0.321023	
739	0.286874	125	0.024000	136	0.727941	0.900342	739	0.286874	0.314000	0.321017	
710	0.280282	146	0.034247	144	0.729167	0.900342	710	0.280282	0.309000	0.321007	
714	0.281513	129	0.031008	157	0.713376	0.900342	714	0.281513	0.317000	0.321003	
737	0.280868	124	0.008065	139	0.755396	0.900342	737	0.280868	0.313000	0.320996	
715	0.282517	153	0.019608	132	0.742424	0.900342	715	0.282517	0.303000	0.320981	
718	0.330084	132	0.030303	150	0.680000	0.900342	718	0.330084	0.343000	0.321000	
730	0.279452	122	0.008197	148	0.770270	0.900342	730	0.279452	0.319000	0.320998	
697	0.288379	132	0.015152	171	0.736842	0.900342	697	0.288379	0.329000	0.321005	
700	0.261429	137	0.014599	163	0.760736	0.900342	700	0.261429	0.309000	0.320995	
708	0.307910	133	0.022556	159	0.742138	0.900342	708	0.307910	0.339000	0.321010	
724	0.303867	113	0.000000	163	0.680982	0.900342	724	0.303867	0.331000	0.321019	
726	0.293388	138	0.007246	136	0.735294	0.900342	726	0.293388	0.314000	0.321013	
732	0.344262	135	0.029630	133	0.751880	0.900342	732	0.344262	0.356000	0.321042	
704	0.328125	149	0.013423	147	0.809524	0.900342	704	0.328125	0.352000	0.321069	
729	0.322359	150	0.000000	121	0.760331	0.900342	729	0.322359	0.327000	0.321074	
720	0.279167	145	0.006897	135	0.770370	0.900342	720	0.279167	0.306000	0.321061	
712	0.308989	146	0.020548	142	0.767606	0.900342	712	0.308989	0.332000	0.321070	
719	0.296245	140	0.028571	141	0.773050	0.900342	719	0.296245	0.326000	0.321074	
723	0.312586	127	0.031496	150	0.746667	0.900342	723	0.312586	0.342000	0.321092	
723	0.309820	134	0.029851	143	0.790210	0.900342	723	0.309820	0.341000	0.321109	
726	0.307163	132	0.015152	142	0.711268	0.900342	726	0.307163	0.326000	0.321113	
740	0.305405	125	0.016000	135	0.711111	0.900342	740	0.305405	0.324000	0.321116	
725	0.297931	123	0.000000	152	0.769737	0.900342	725	0.297931	0.333000	0.321126	
753	0.298805	131	0.015267	116	0.663793	0.900342	753	0.298805	0.304000	0.321111	
744	0.321237	118	0.033898	138	0.797101	0.900342	744	0.321237	0.353000	0.321138	
714	0.320728	149	0.033557	137	0.773723	0.900342	714	0.320728	0.340000	0.321154	
687	0.289665	155	0.019355	158	0.740506	0.900342	687	0.289665	0.319000	0.321152	
691	0.306802	147	0.027211	162	0.716049	0.900342	691	0.306802	0.332000	0.321161	
709	0.269394	137	0.036496	154	0.805195	0.900342	709	0.269394	0.320000	0.321161	
693	0.292929	134	0.044776	173	0.803468	0.900342	693	0.292929	0.348000	0.321183	
726	0.272727	130	0.007692	144	0.722222	0.900342	726	0.272727	0.303000	0.321168	
717	0.288703	132	0.007576	151	0.801325	0.900342	717	0.288703	0.329000	0.321174	
754	0.258621	115	0.026087	131	0.709924	0.900342	754	0.258621	0.291000	0.321149	
751	0.295606	120	0.000000	129	0.813953	0.900342	751	0.295606	0.327000	0.321154	
723	0.268326	134	0.022388	143	0.685315	0.900342	723	0.268326	0.295000	0.321132	
734	0.284741	132	0.007576	134	0.805970	0.900342	734	0.284741	0.318000	0.321129	
720	0.304167	144	0.041667	136	0.845588	0.900342	720	0.304167	0.340000	0.321145	
725	0.307586	141	0.021277	134	0.843284	0.900342	725	0.307586	0.339000	0.321160	
722	0.326870	146	0.006849	132	0.772727	0.900342	722	0.326870	0.339000	0.321175	
726	0.320937	128	0.054688	146	0.780822	0.900342	726	0.320937	0.354000	0.321202	
723	0.312586	142	0.014085	135	0.688889	0.900342	723	0.312586	0.321000	0.321202	
755	0.271523	124	0.064516	121	0.793388	0.900342	755	0.271523	0.309000	0.321192	
735	0.284354	143	0.000000	122	0.778689	0.900342	735	0.284354	0.304000	0.321178	
729	0.308642	140	0.035714	131	0.709924	0.900342	729	0.308642	0.323000	0.321179	
705	0.297872	140	0.028571	155	0.748387	0.900342	705	0.297872	0.330000	0.321187	
723	0.302905	129	0.031008	148	0.763514	0.900342	723	0.302905	0.336000	0.321199	
725	0.311724	140	0.028571	135	0.785185	0.900342	725	0.311724	0.336000	0.321211	
732	0.293716	129	0.000000	139	0.697842	0.900342	732	0.293716	0.312000	0.321204	
725	0.302069	140	0.000000	135	0.711111	0.900342	725	0.302069	0.315000	0.321198	
720	0.293056	159	0.000000	121	0.768595	0.900342	720	0.293056	0.304000	0.321184	
723	0.330567	126	0.015873	151	0.754967	0.900342	723	0.330567	0.355000	0.321212	
696	0.321839	156	0.000000	148	0.770270	0.900342	696	0.321839	0.338000	0.321226	
725	0.303448	143	0.013986	132	0.803030	0.900342	725	0.303448	0.328000	0.321232	
724	0.314917	148	0.006757	128	0.851562	0.900342	724	0.314917	0.338000	0.321245	
709	0.313117	150	0.026667	141	0.780142	0.900342	709	0.313117	0.336000	0.321258	
708	0.274011	150	0.013333	142	0.781690	0.900342	708	0.274011	0.307000	0.321246	
730	0.332877	127	0.007874	143	0.720280	0.900342	730	0.332877	0.347000	0.321267	
727	0.290234	138	0.043478	135	0.748148	0.900342	727	0.290234	0.318000	0.321264	
712	0.310393	138	0.043478	150	0.726667	0.900342	712	0.310393	0.336000	0.321276	
721	0.323162	145	0.027586	134	0.798507	0.900342	721	0.323162	0.344000	0.321295	
728	0.265110	146	0.000000	126	0.817460	0.900342	728	0.265110	0.296000	0.321274	
724	0.291436	135	0.014815	141	0.709220	0.900342	724	0.291436	0.313000	0.321268	
736	0.269022	123	0.024390	141	0.723404	0.900342	736	0.269022	0.303000	0.321253	
715	0.275524	125	0.008000	160	0.693750	0.900342	715	0.275524	0.309000	0.321243	
723	0.272476	138	0.021739	139	0.705036	0.900342	723	0.272476	0.298000	0.321224	
731	0.291382	135	0.014815	134	0.731343	0.900342	731	0.291382	0.313000	0.321217	
711	0.282700	130	0.015385	159	0.767296	0.900342	711	0.282700	0.325000	0.321220	
715	0.314685	136	0.022059	149	0.758389	0.900342	715	0.314685	0.341000	0.321236	
721	0.303745	138	0.021739	141	0.659574	0.900342	721	0.303745	0.315000	0.321231	
726	0.341598	130	0.000000	144	0.631944	0.900342	726	0.341598	0.339000	0.321245	
701	0.309558	128	0.031250	171	0.637427	0.900342	701	0.309558	0.330000	0.321253	
722	0.347645	137	0.036496	141	0.652482	0.900342	722	0.347645	0.348000	0.321274	
702	0.339031	142	0.056338	156	0.730769	0.900342	702	0.339031	0.360000	0.321306	
726	0.334711	125	0.016000	149	0.677852	0.900342	726	0.334711	0.346000	0.321326	
719	0.318498	130	0.007692	151	0.814570	0.900342	719	0.318498	0.353000	0.321351	
700	0.297143	128	0.000000	172	0.674419	0.900342	700	0.297143	0.324000	0.321354	
699	0.293276	155	0.032258	146	0.787671	0.900342	699	0.293276	0.325000	0.321357	
706	0.320113	148	0.006757	146	0.760274	0.900342	706	0.320113	0.338000	0.321370	
729	0.304527	138	0.007246	133	0.706767	0.900342	729	0.304527	0.317000	0.321366	
693	0.300144	158	0.006329	149	0.744966	0.900342	693	0.300144	0.320000	0.321365	
720	0.273611	151	0.006623	129	0.720930	0.900342	720	0.273611	0.291000	0.321341	
727	0.286107	148	0.006757	125	0.712000	0.900342	727	0.286107	0.298000	0.321322	
747	0.263722	127	0.015748	126	0.753968	0.900342	747	0.263722	0.294000	0.321300	
706	0.259207	139	0.000000	155	0.793548	0.900342	706	0.259207	0.306000	0.321288	
738	0.308943	122	0.032787	140	0.707143	0.900342	738	0.308943	0.331000	0.321296	
716	0.277933	142	0.028169	142	0.725352	0.900342	716	0.277933	0.306000	0.321283	
693	0.301587	155	0.006452	152	0.723684	0.900342	693	0.301587	0.320000	0.321282	
709	0.284908	127	0.015748	164	0.768293	0.900342	709	0.284908	0.330000	0.321289	
715	0.302098	135	0.007407	150	0.713333	0.900342	715	0.302098	0.324000	0.321291	
723	0.286307	123	0.024390	154	0.727273	0.900342	723	0.286307	0.322000	0.321292	
705	0.287943	133	0.007519	162	0.753086	0.900342	705	0.287943	0.326000	0.321296	
710	0.305634	126	0.023810	164	0.737805	0.900342	710	0.305634	0.341000	0.321311	
702	0.309117	135	0.044444	163	0.668712	0.900342	702	0.309117	0.332000	0.321320	
705	0.323404	148	0.047297	147	0.680272	0.900342	705	0.323404	0.335000	0.321331	
728	0.300824	130	0.038462	142	0.676056	0.900342	728	0.300824	0.320000	0.321330	
691	0.295224	143	0.055944	166	0.674699	0.900342	691	0.295224	0.324000	0.321332	
722	0.314404	133	0.015038	145	0.682759	0.900342	722	0.314404	0.328000	0.321337	
730	0.334247	121	0.024793	149	0.664430	0.900342	730	0.334247	0.346000	0.321357	
713	0.353436	133	0.052632	154	0.759740	0.900342	713	0.353436	0.376000	0.321400	
688	0.334302	145	0.041379	167	0.700599	0.900342	688	0.334302	0.353000	0.321425	
608	0.250000	169	0.000000	223	0.757848	0.900342	608	0.250000	0.321000	0.321425	
634	0.235016	152	0.013158	214	0.817757	0.900342	634	0.235016	0.326000	0.321429	
625	0.272000	171	0.000000	204	0.750000	0.900342	625	0.272000	0.323000	0.321430	
633	0.197472	166	0.000000	201	0.751244	0.900342	633	0.197472	0.276000	0.321394	
660	0.356061	144	0.013889	196	0.801020	0.693954	660	0.356061	0.394000	0.321451	
662	0.330816	168	0.000000	170	0.817647	0.693954	662	0.330816	0.358000	0.321480	
653	0.381317	162	0.000000	185	0.756757	0.693954	653	0.381317	0.389000	0.321534	
640	0.318750	164	0.000000	196	0.719388	0.693954	640	0.318750	0.345000	0.321552	
689	0.436865	148	0.040541	163	0.595092	0.693954	689	0.436865	0.404000	0.321617	
703	0.291607	153	0.039216	144	0.722222	1.069304	703	0.291607	0.315000	0.321612	
725	0.300690	119	0.058824	156	0.756410	1.069304	725	0.300690	0.343000	0.321629	
698	0.213467	143	0.006993	159	0.823899	1.069304	698	0.213467	0.281000	0.321597	
738	0.237127	123	0.040650	139	0.762590	1.069304	738	0.237127	0.286000	0.321569	
725	0.262069	113	0.044248	162	0.814815	1.069304	725	0.262069	0.327000	0.321573	
738	0.257453	121	0.008264	141	0.822695	1.069304	738	0.257453	0.307000	0.321562	
746	0.280161	115	0.026087	139	0.848921	1.069304	746	0.280161	0.330000	0.321568	
720	0.290278	139	0.028777	141	0.758865	1.069304	720	0.290278	0.320000	0.321567	
736	0.258152	131	0.022901	133	0.827068	1.069304	736	0.258152	0.303000	0.321553	
729	0.213992	132	0.007576	139	0.755396	1.069304	729	0.213992	0.262000	0.321506	
739	0.182679	135	0.022222	126	0.738095	1.069304	739	0.182679	0.231000	0.321435	
720	0.443056	137	0.014599	143	0.762238	0.678501	720	0.443056	0.430000	0.321520	
734	0.149864	126	0.000000	140	0.778571	1.281793	734	0.149864	0.219000	0.321440	
729	0.326475	123	0.032520	148	0.743243	0.806365	729	0.326475	0.352000	0.321464	
700	0.354286	146	0.020548	154	0.720779	0.806365	700	0.354286	0.362000	0.321495	
704	0.338068	127	0.000000	169	0.751479	0.806365	704	0.338068	0.365000	0.321529	
730	0.317808	113	0.000000	157	0.802548	0.806365	730	0.317808	0.358000	0.321558	
733	0.362892	130	0.030769	137	0.788321	0.806365	733	0.362892	0.378000	0.321602	
727	0.337001	131	0.007634	142	0.683099	0.806365	727	0.337001	0.343000	0.321618	
695	0.335252	150	0.020000	155	0.793548	0.806365	695	0.335252	0.359000	0.321647	
740	0.336486	120	0.000000	140	0.792857	0.806365	740	0.336486	0.360000	0.321677	
719	0.360223	147	0.013605	134	0.753731	0.806365	719	0.360223	0.362000	0.321708	
727	0.356259	129	0.031008	144	0.694444	0.806365	727	0.356259	0.363000	0.321740	
734	0.373297	124	0.048387	142	0.760563	0.806365	734	0.373297	0.388000	0.321792	
742	0.354447	114	0.070175	144	0.652778	0.806365	742	0.354447	0.365000	0.321825	
744	0.356183	125	0.064000	131	0.854962	0.806365	744	0.356183	0.385000	0.321874	
709	0.325811	142	0.021127	149	0.765101	0.806365	709	0.325811	0.348000	0.321894	
718	0.363510	138	0.007246	144	0.770833	0.806365	718	0.363510	0.373000	0.321933	
722	0.321330	133	0.015038	145	0.744828	0.806365	722	0.321330	0.342000	0.321949	
698	0.349570	146	0.013699	156	0.743590	0.806365	698	0.349570	0.362000	0.321980	
712	0.337079	135	0.014815	153	0.699346	0.806365	712	0.337079	0.349000	0.322001	
717	0.331939	127	0.023622	156	0.705128	0.806365	717	0.331939	0.351000	0.322023	
727	0.357634	124	0.008065	149	0.765101	0.806365	727	0.357634	0.375000	0.322064	
732	0.345628	134	0.022388	134	0.738806	0.806365	732	0.345628	0.355000	0.322089	
714	0.369748	150	0.013333	136	0.779412	0.806365	714	0.369748	0.372000	0.322127	
731	0.365253	140	0.035714	129	0.705426	0.806365	731	0.365253	0.363000	0.322158	
731	0.359781	123	0.008130	146	0.828767	0.806365	731	0.359781	0.385000	0.322207	
720	0.330556	122	0.032787	158	0.765823	0.806365	720	0.330556	0.363000	0.322238	
724	0.331492	113	0.053097	163	0.766871	0.806365	724	0.331492	0.371000	0.322275	
702	0.331909	129	0.007752	169	0.739645	0.806365	702	0.331909	0.359000	0.322303	
696	0.367816	132	0.030303	172	0.779070	0.806365	696	0.367816	0.394000	0.322358	
713	0.364656	139	0.028777	148	0.743243	0.806365	713	0.364656	0.374000	0.322397	
731	0.341997	141	0.007092	128	0.773438	0.806365	731	0.341997	0.350000	0.322419	
726	0.341598	143	0.000000	131	0.793893	0.806365	726	0.341598	0.352000	0.322441	
747	0.370817	118	0.016949	135	0.740741	0.806365	747	0.370817	0.379000	0.322484	
731	0.357045	144	0.006944	125	0.656000	0.806365	731	0.357045	0.344000	0.322501	
722	0.295014	144	0.000000	134	0.716418	0.806365	722	0.295014	0.309000	0.322490	
726	0.353994	142	0.021127	132	0.750000	0.806365	726	0.353994	0.359000	0.322518	
728	0.347527	133	0.015038	139	0.812950	0.806365	728	0.347527	0.368000	0.322553	
721	0.319001	141	0.014184	138	0.746377	0.806365	721	0.319001	0.335000	0.322562	
699	0.353362	153	0.013072	148	0.810811	0.806365	699	0.353362	0.369000	0.322597	
730	0.323288	129	0.015504	141	0.794326	0.806365	730	0.323288	0.350000	0.322618	
739	0.335589	122	0.016393	139	0.791367	0.806365	739	0.335589	0.360000	0.322646	
706	0.341360	149	0.026846	145	0.751724	0.806365	706	0.341360	0.354000	0.322670	
705	0.317730	150	0.020000	145	0.786207	0.806365	705	0.317730	0.341000	0.322684	
659	0.367223	162	0.074074	179	0.793296	0.806365	659	0.367223	0.396000	0.322739	
698	0.363897	144	0.006944	158	0.772152	0.806365	698	0.363897	0.377000	0.322780	
717	0.361227	128	0.000000	155	0.716129	0.806365	717	0.361227	0.370000	0.322816	
720	0.334722	135	0.007407	145	0.710345	0.806365	720	0.334722	0.345000	0.322832	
714	0.371148	137	0.014599	149	0.738255	0.806365	714	0.371148	0.377000	0.322873	
695	0.372662	143	0.020979	162	0.771605	0.806365	695	0.372662	0.387000	0.322922	
720	0.334722	121	0.024793	159	0.729560	0.806365	720	0.334722	0.360000	0.322949	
729	0.340192	121	0.033058	150	0.786667	0.806365	729	0.340192	0.370000	0.322985	
708	0.329096	147	0.006803	145	0.724138	0.806365	708	0.329096	0.339000	0.322997	
722	0.318560	157	0.025478	121	0.727273	0.806365	722	0.318560	0.322000	0.322996	
707	0.323904	145	0.048276	148	0.777027	0.806365	707	0.323904	0.351000	0.323017	
713	0.347826	138	0.007246	149	0.738255	0.806365	713	0.347826	0.359000	0.323044	
718	0.345404	134	0.014925	148	0.777027	0.806365	718	0.345404	0.365000	0.323075	
683	0.314788	129	0.000000	188	0.765957	0.806365	683	0.314788	0.359000	0.323102	
694	0.347262	130	0.000000	176	0.784091	0.806365	694	0.347262	0.379000	0.323144	
706	0.347025	135	0.029630	159	0.798742	0.806365	706	0.347025	0.376000	0.323183	
693	0.329004	142	0.042254	165	0.715152	0.806365	693	0.329004	0.352000	0.323205	
736	0.339674	130	0.000000	134	0.746269	0.806365	736	0.339674	0.350000	0.323225	
723	0.327801	138	0.028986	139	0.697842	0.806365	723	0.327801	0.338000	0.323236	
705	0.333333	147	0.006803	148	0.716216	0.806365	705	0.333333	0.342000	0.323250	
693	0.359307	161	0.006211	146	0.787671	0.806365	693	0.359307	0.365000	0.323281	
693	0.367965	168	0.011905	139	0.776978	0.806365	693	0.367965	0.365000	0.323312	
714	0.330532	138	0.007246	148	0.756757	0.806365	714	0.330532	0.349000	0.323331	
702	0.353276	152	0.039474	146	0.767123	0.806365	702	0.353276	0.366000	0.323363	
728	0.362637	134	0.014925	138	0.717391	0.806365	728	0.362637	0.365000	0.323394	
707	0.377652	146	0.013699	147	0.768707	0.806365	707	0.377652	0.382000	0.323437	
713	0.364656	150	0.026667	137	0.751825	0.806365	713	0.364656	0.367000	0.323469	
714	0.350140	132	0.007576	154	0.798701	0.806365	714	0.350140	0.374000	0.323507	
713	0.375877	132	0.022727	155	0.761290	0.806365	713	0.375877	0.389000	0.323555	
724	0.328729	128	0.015625	148	0.804054	0.806365	724	0.328729	0.359000	0.323581	
726	0.365014	137	0.036496	137	0.744526	0.806365	726	0.365014	0.372000	0.323617	
725	0.340690	138	0.021739	137	0.788321	0.806365	725	0.340690	0.358000	0.323643	
738	0.348238	117	0.008547	145	0.758621	0.806365	738	0.348238	0.368000	0.323675	
753	0.342629	113	0.000000	134	0.753731	0.806365	753	0.342629	0.359000	0.323701	
746	0.332440	122	0.000000	132	0.765152	0.806365	746	0.332440	0.349000	0.323720	
724	0.354972	125	0.040000	151	0.754967	0.806365	724	0.354972	0.376000	0.323758	
734	0.359673	122	0.008197	144	0.750000	0.806365	734	0.359673	0.373000	0.323795	
700	0.300000	153	0.000000	147	0.700680	0.806365	700	0.300000	0.313000	0.323787	
700	0.332857	134	0.000000	166	0.807229	0.806365	700	0.332857	0.367000	0.323818	
712	0.327247	156	0.006410	132	0.757576	0.806365	712	0.327247	0.334000	0.323826	
719	0.375522	124	0.008065	157	0.757962	0.806365	719	0.375522	0.390000	0.323874	
736	0.328804	132	0.000000	132	0.750000	0.806365	736	0.328804	0.341000	0.323887	
718	0.341226	144	0.013889	138	0.688406	0.806365	718	0.341226	0.342000	0.323900	
705	0.302128	134	0.029851	161	0.763975	0.806365	705	0.302128	0.340000	0.323912	
704	0.353693	125	0.016000	171	0.742690	0.806365	704	0.353693	0.378000	0.323952	
730	0.336986	118	0.050847	152	0.776316	0.806365	730	0.336986	0.370000	0.323985	
697	0.342898	151	0.019868	152	0.717105	0.806365	697	0.342898	0.351000	0.324005	
742	0.358491	135	0.000000	123	0.739837	0.806365	742	0.358491	0.357000	0.324029	
719	0.339360	152	0.000000	129	0.759690	0.806365	719	0.339360	0.342000	0.324042	
750	0.365333	120	0.000000	130	0.746154	0.806365	750	0.365333	0.371000	0.324076	
693	0.344877	144	0.013889	163	0.815951	0.806365	693	0.344877	0.374000	0.324113	
709	0.339915	136	0.000000	155	0.767742	0.806365	709	0.339915	0.360000	0.324139	
730	0.364384	142	0.000000	128	0.757812	0.806365	730	0.364384	0.363000	0.324167	
726	0.351240	143	0.000000	131	0.755725	0.806365	726	0.351240	0.354000	0.324189	
743	0.324361	135	0.051852	122	0.663934	0.806365	743	0.324361	0.329000	0.324192	
718	0.342618	133	0.022556	149	0.718121	0.806365	718	0.342618	0.356000	0.324215	
702	0.361823	150	0.000000	148	0.804054	0.806365	702	0.361823	0.373000	0.324250	
708	0.351695	144	0.000000	148	0.777027	0.806365	708	0.351695	0.364000	0.324279	
684	0.342105	154	0.000000	162	0.746914	0.806365	684	0.342105	0.355000	0.324302	
699	0.340486	150	0.020000	151	0.728477	0.806365	699	0.340486	0.351000	0.324321	
687	0.317322	157	0.019108	156	0.653846	0.806365	687	0.317322	0.323000	0.324320	
721	0.328710	136	0.014706	143	0.706294	0.806365	721	0.328710	0.340000	0.324331	
715	0.384615	139	0.064748	146	0.650685	0.806365	715	0.384615	0.379000	0.324371	
746	0.388740	102	0.029412	152	0.677632	0.806365	746	0.388740	0.396000	0.324422	
713	0.318373	145	0.048276	142	0.661972	0.806365	713	0.318373	0.328000	0.324425	
742	0.382749	123	0.024390	135	0.688889	0.806365	742	0.382749	0.380000	0.324465	
724	0.346685	137	0.029197	139	0.640288	0.806365	724	0.346685	0.344000	0.324479	
734	0.389646	118	0.000000	148	0.587838	0.806365	734	0.389646	0.373000	0.324514	
668	0.375749	141	0.035461	191	0.738220	0.806365	668	0.375749	0.397000	0.324566	
690	0.311594	117	0.076923	193	0.673575	0.806365	690	0.311594	0.354000	0.324587	
737	0.404342	120	0.025000	143	0.790210	0.806365	737	0.404342	0.414000	0.324651	
716	0.270950	136	0.066176	148	0.750000	1.003080	716	0.270950	0.314000	0.324643	
704	0.279830	143	0.000000	153	0.627451	1.003080	704	0.279830	0.293000	0.324621	
724	0.284530	112	0.053571	164	0.682927	1.003080	724	0.284530	0.324000	0.324620	
710	0.276056	127	0.031496	163	0.699387	1.003080	710	0.276056	0.314000	0.324613	
723	0.273859	145	0.041379	132	0.636364	1.003080	723	0.273859	0.288000	0.324587	
713	0.294530	131	0.038168	156	0.775641	1.003080	713	0.294530	0.336000	0.324595	
722	0.265928	135	0.022222	143	0.762238	1.003080	722	0.265928	0.304000	0.324580	
725	0.306207	137	0.014599	138	0.717391	1.003080	725	0.306207	0.323000	0.324579	
711	0.268636	135	0.029630	154	0.740260	1.003080	711	0.268636	0.309000	0.324568	
733	0.300136	117	0.068376	150	0.753333	1.003080	733	0.300136	0.341000	0.324580	
730	0.278082	126	0.000000	144	0.729167	1.003080	730	0.278082	0.308000	0.324568	
714	0.270308	138	0.007246	148	0.756757	1.003080	714	0.270308	0.306000	0.324555	
748	0.250000	114	0.017544	138	0.710145	1.003080	748	0.250000	0.287000	0.324528	
737	0.249661	122	0.032787	141	0.744681	1.003080	737	0.249661	0.293000	0.324505	
713	0.280505	137	0.000000	150	0.706667	1.003080	713	0.280505	0.306000	0.324492	
671	0.239940	166	0.018072	163	0.723926	1.003080	671	0.239940	0.282000	0.324462	
700	0.238571	133	0.022556	167	0.796407	1.003080	700	0.238571	0.303000	0.324447	
698	0.247851	129	0.015504	173	0.791908	1.003080	698	0.247851	0.312000	0.324438	
680	0.258824	155	0.032258	165	0.806061	1.003080	680	0.258824	0.314000	0.324431	
681	0.242291	152	0.026316	167	0.772455	1.003080	681	0.242291	0.298000	0.324412	
718	0.256267	160	0.000000	122	0.786885	1.003080	718	0.256267	0.280000	0.324381	
725	0.263448	146	0.041096	129	0.720930	1.003080	725	0.263448	0.290000	0.324356	
714	0.233894	127	0.055118	159	0.742138	1.003080	714	0.233894	0.292000	0.324334	
716	0.261173	112	0.017857	172	0.738372	1.003080	716	0.261173	0.316000	0.324328	
718	0.257660	160	0.018750	122	0.836066	1.003080	718	0.257660	0.290000	0.324304	
697	0.202296	160	0.031250	143	0.741259	1.003080	697	0.202296	0.252000	0.324253	
727	0.261348	132	0.015152	141	0.659574	1.003080	727	0.261348	0.285000	0.324225	
753	0.278884	118	0.016949	129	0.713178	1.003080	753	0.278884	0.304000	0.324211	
686	0.295918	139	0.028777	175	0.725714	1.003080	686	0.295918	0.334000	0.324218	
720	0.254167	127	0.000000	153	0.712418	1.003080	720	0.254167	0.292000	0.324195	
720	0.291667	134	0.014925	146	0.746575	1.003080	720	0.291667	0.321000	0.324193	
738	0.246612	114	0.017544	148	0.756757	1.003080	738	0.246612	0.296000	0.324173	
718	0.257660	127	0.031496	155	0.787097	1.003080	718	0.257660	0.311000	0.324164	
732	0.224044	132	0.000000	136	0.786765	1.003080	732	0.224044	0.271000	0.324127	
710	0.219718	149	0.013423	141	0.730496	1.003080	710	0.219718	0.261000	0.324082	
707	0.233380	129	0.000000	164	0.743902	1.003080	707	0.233380	0.287000	0.324056	
691	0.292330	131	0.015267	178	0.696629	1.003080	691	0.292330	0.328000	0.324059	
724	0.256906	117	0.017094	159	0.779874	1.003080	724	0.256906	0.312000	0.324051	
754	0.255968	116	0.025862	130	0.738462	1.003080	754	0.255968	0.292000	0.324028	
747	0.262383	133	0.007519	120	0.791667	1.003080	747	0.262383	0.292000	0.324006	
727	0.251719	130	0.000000	143	0.727273	1.003080	727	0.251719	0.287000	0.323980	
718	0.270195	121	0.024793	161	0.826087	1.003080	718	0.270195	0.330000	0.323984	
732	0.267760	127	0.007874	141	0.815603	1.003080	732	0.267760	0.312000	0.323976	
719	0.216968	128	0.000000	153	0.640523	1.003080	719	0.216968	0.254000	0.323927	
730	0.235616	132	0.045455	138	0.673913	1.003080	730	0.235616	0.271000	0.323891	
723	0.242047	140	0.021429	137	0.744526	1.003080	723	0.242047	0.280000	0.323860	
728	0.260989	146	0.013699	126	0.706349	1.003080	728	0.260989	0.281000	0.323830	
711	0.263010	147	0.020408	142	0.781690	1.003080	711	0.263010	0.301000	0.323815	
703	0.258890	168	0.000000	129	0.682171	1.003080	703	0.258890	0.270000	0.323777	
727	0.261348	128	0.007812	145	0.786207	1.003080	727	0.261348	0.305000	0.323764	
699	0.230329	156	0.006410	145	0.751724	1.003080	699	0.230329	0.271000	0.323728	
711	0.265823	147	0.000000	142	0.711268	1.003080	711	0.265823	0.290000	0.323704	
701	0.245364	144	0.000000	155	0.709677	1.003080	701	0.245364	0.282000	0.323676	
716	0.247207	134	0.014925	150	0.833333	1.003080	716	0.247207	0.304000	0.323662	
729	0.264746	123	0.000000	148	0.756757	1.003080	729	0.264746	0.305000	0.323649	
707	0.254597	134	0.000000	159	0.704403	1.003080	707	0.254597	0.292000	0.323627	
721	0.220527	144	0.013889	135	0.762963	1.003080	721	0.220527	0.264000	0.323586	
727	0.255846	131	0.015267	142	0.774648	1.003080	727	0.255846	0.298000	0.323569	
697	0.246772	129	0.023256	174	0.695402	1.003080	697	0.246772	0.296000	0.323550	
731	0.281806	135	0.000000	134	0.835821	1.003080	731	0.281806	0.318000	0.323546	
744	0.263441	121	0.024793	135	0.762963	1.003080	744	0.263441	0.302000	0.323531	
703	0.241821	157	0.038217	140	0.764286	1.003080	703	0.241821	0.283000	0.323503	
734	0.283379	130	0.038462	136	0.705882	1.003080	734	0.283379	0.309000	0.323493	
726	0.304408	139	0.014388	135	0.733333	1.003080	726	0.304408	0.322000	0.323492	
672	0.266369	176	0.022727	152	0.736842	1.003080	672	0.266369	0.295000	0.323473	
624	0.205128	164	0.000000	212	0.792453	1.003080	624	0.205128	0.296000	0.323454	
626	0.207668	163	0.000000	211	0.796209	1.003080	626	0.207668	0.298000	0.323436	
640	0.210938	147	0.000000	213	0.718310	1.003080	640	0.210938	0.288000	0.323412	
622	0.226688	176	0.011364	202	0.801980	1.003080	622	0.226688	0.305000	0.323400	
650	0.226154	168	0.011905	182	0.747253	1.003080	650	0.226154	0.285000	0.323373	
730	0.286301	127	0.015748	143	0.657343	1.003080	730	0.286301	0.305000	0.323361	
725	0.255172	123	0.032520	152	0.684211	1.003080	725	0.255172	0.293000	0.323340	
698	0.277937	139	0.057554	163	0.705521	1.003080	698	0.277937	0.317000	0.323336	
720	0.262500	137	0.043796	143	0.636364	1.003080	720	0.262500	0.286000	0.323310	
716	0.294693	144	0.069444	140	0.692857	1.003080	716	0.294693	0.318000	0.323307	
737	0.259159	121	0.024793	142	0.767606	1.003080	737	0.259159	0.303000	0.323293	
738	0.268293	120	0.041667	142	0.633803	1.003080	738	0.268293	0.293000	0.323272	
740	0.244595	123	0.008130	137	0.788321	1.003080	740	0.244595	0.290000	0.323250	
745	0.255034	119	0.008403	136	0.794118	1.003080	745	0.255034	0.299000	0.323233	
732	0.282787	117	0.000000	151	0.735099	1.003080	732	0.282787	0.318000	0.323230	
729	0.267490	138	0.000000	133	0.766917	1.003080	729	0.267490	0.297000	0.323212	
698	0.265043	165	0.024242	137	0.729927	1.003080	698	0.265043	0.289000	0.323189	
686	0.246356	151	0.006623	163	0.748466	1.003080	686	0.246356	0.292000	0.323168	
738	0.262873	124	0.016129	138	0.688406	1.003080	738	0.262873	0.291000	0.323146	
756	0.251323	120	0.025000	124	0.750000	1.003080	756	0.251323	0.286000	0.323121	
747	0.250335	121	0.016529	132	0.787879	1.003080	747	0.250335	0.293000	0.323100	
715	0.209790	128	0.007812	157	0.751592	1.003080	715	0.209790	0.269000	0.323064	
732	0.244536	134	0.037313	134	0.768657	1.003080	732	0.244536	0.287000	0.323040	
729	0.245542	147	0.006803	124	0.733871	1.003080	729	0.245542	0.271000	0.323005	
708	0.275424	152	0.000000	140	0.850000	1.003080	708	0.275424	0.314000	0.322998	
719	0.215577	152	0.013158	129	0.829457	1.003080	719	0.215577	0.264000	0.322959	
695	0.243165	154	0.000000	151	0.801325	1.003080	695	0.243165	0.290000	0.322937	
708	0.235876	155	0.000000	137	0.781022	1.003080	708	0.235876	0.274000	0.322904	
706	0.216714	154	0.012987	140	0.714286	1.003080	706	0.216714	0.255000	0.322858	
693	0.212121	151	0.006623	156	0.730769	1.003080	693	0.212121	0.262000	0.322817	
698	0.269341	151	0.039735	151	0.774834	1.003080	698	0.269341	0.311000	0.322809	
709	0.212976	135	0.014815	156	0.743590	1.003080	709	0.212976	0.269000	0.322773	
721	0.270458	138	0.043478	141	0.730496	1.003080	721	0.270458	0.304000	0.322761	
699	0.283262	138	0.014493	163	0.742331	1.003080	699	0.283262	0.321000	0.322759	
741	0.286100	120	0.041667	139	0.712230	1.003080	741	0.286100	0.316000	0.322755	
757	0.302510	114	0.043860	129	0.713178	1.003080	757	0.302510	0.326000	0.322757	
734	0.294278	139	0.035971	127	0.755906	1.003080	734	0.294278	0.317000	0.322753	
692	0.264451	163	0.024540	145	0.800000	1.003080	692	0.264451	0.303000	0.322740	
735	0.330612	142	0.063380	123	0.845528	1.003080	735	0.330612	0.356000	0.322762	
724	0.250000	147	0.006803	129	0.744186	1.003080	724	0.250000	0.278000	0.322732	
724	0.266575	152	0.013158	124	0.733871	1.003080	724	0.266575	0.286000	0.322708	
714	0.250700	149	0.020134	137	0.773723	1.003080	714	0.250700	0.288000	0.322685	
740	0.260811	125	0.024000	135	0.733333	1.003080	740	0.260811	0.295000	0.322666	
754	0.242706	122	0.040984	124	0.693548	1.003080	754	0.242706	0.274000	0.322634	
724	0.259669	132	0.007576	144	0.756944	1.003080	724	0.259669	0.298000	0.322617	
694	0.219020	140	0.014286	166	0.753012	1.003080	694	0.219020	0.279000	0.322588	
733	0.263302	125	0.016000	142	0.760563	1.003080	733	0.263302	0.303000	0.322575	
707	0.241867	133	0.015038	160	0.793750	1.003080	707	0.241867	0.300000	0.322561	
718	0.274373	156	0.025641	126	0.817460	1.003080	718	0.274373	0.304000	0.322548	
711	0.279887	157	0.025478	132	0.772727	1.003080	711	0.279887	0.305000	0.322537	
726	0.274105	139	0.028777	135	0.674074	1.003080	726	0.274105	0.294000	0.322518	
716	0.238827	129	0.015504	155	0.716129	1.003080	716	0.238827	0.284000	0.322492	
709	0.260931	155	0.006452	136	0.764706	1.003080	709	0.260931	0.290000	0.322471	
721	0.262136	141	0.007092	138	0.753623	1.003080	721	0.262136	0.294000	0.322452	
730	0.232877	139	0.014388	131	0.725191	1.003080	730	0.232877	0.267000	0.322415	
735	0.265306	134	0.000000	131	0.679389	1.003080	735	0.265306	0.284000	0.322390	
696	0.242816	152	0.006579	152	0.782895	1.003080	696	0.242816	0.289000	0.322368	
731	0.262654	145	0.013793	124	0.806452	1.003080	731	0.262654	0.294000	0.322349	
729	0.211248	129	0.007752	142	0.718310	1.003080	729	0.211248	0.257000	0.322306	
713	0.251052	128	0.054688	159	0.723270	1.003080	713	0.251052	0.301000	0.322292	
736	0.271739	127	0.000000	137	0.686131	1.003080	736	0.271739	0.294000	0.322273	
703	0.264580	124	0.032258	173	0.693642	1.003080	703	0.264580	0.310000	0.322265	
597	0.194305	170	0.000000	233	0.772532	1.003080	597	0.194305	0.296000	0.322248	
650	0.275385	149	0.000000	201	0.810945	0.757830	650	0.275385	0.342000	0.322261	
719	0.388039	132	0.022727	149	0.657718	0.757830	719	0.388039	0.380000	0.322299	
725	0.417931	134	0.082090	141	0.758865	0.757830	725	0.417931	0.421000	0.322364	
743	0.333782	127	0.023622	130	0.761538	0.846996	743	0.333782	0.350000	0.322382	
711	0.284107	162	0.012346	127	0.732283	0.846996	711	0.284107	0.297000	0.322365	
732	0.315574	119	0.016807	149	0.724832	0.846996	732	0.315574	0.341000	0.322377	
744	0.310484	125	0.016000	131	0.740458	0.846996	744	0.310484	0.330000	0.322382	
718	0.330084	139	0.028777	143	0.825175	0.846996	718	0.330084	0.359000	0.322406	
713	0.307153	131	0.030534	156	0.750000	0.846996	713	0.307153	0.340000	0.322418	
711	0.350211	132	0.015152	157	0.726115	0.846996	711	0.350211	0.365000	0.322446	
716	0.342179	138	0.007246	146	0.726027	0.846996	716	0.342179	0.352000	0.322465	
722	0.311634	134	0.029851	144	0.770833	0.846996	722	0.311634	0.340000	0.322476	
719	0.322670	135	0.014815	146	0.753425	0.846996	719	0.322670	0.344000	0.322490	
731	0.313269	136	0.007353	133	0.736842	0.846996	731	0.313269	0.328000	0.322494	
732	0.300546	135	0.014815	133	0.744361	0.846996	732	0.300546	0.321000	0.322493	
753	0.346614	128	0.054688	119	0.781513	0.846996	753	0.346614	0.361000	0.322518	
731	0.387141	136	0.029412	133	0.706767	0.846996	731	0.387141	0.381000	0.322556	
751	0.336884	130	0.023077	119	0.764706	0.846996	751	0.336884	0.347000	0.322572	
739	0.332882	134	0.007463	127	0.669291	0.846996	739	0.332882	0.332000	0.322578	
731	0.341997	138	0.021739	131	0.656489	0.846996	731	0.341997	0.339000	0.322589	
710	0.364789	136	0.051471	154	0.694805	0.846996	710	0.364789	0.373000	0.322621	
732	0.336066	120	0.033333	148	0.682432	0.846996	732	0.336066	0.351000	0.322640	
739	0.341001	123	0.016260	138	0.717391	0.846996	739	0.341001	0.353000	0.322659	
739	0.349120	133	0.037594	128	0.656250	0.846996	739	0.349120	0.347000	0.322675	
722	0.367036	138	0.050725	140	0.671429	0.846996	722	0.367036	0.366000	0.322703	
716	0.398045	137	0.029197	147	0.748299	0.846996	716	0.398045	0.399000	0.322752	
711	0.362869	127	0.015748	162	0.759259	0.846996	711	0.362869	0.383000	0.322791	
726	0.325069	141	0.007092	133	0.819549	0.846996	726	0.325069	0.346000	0.322806	
742	0.357143	129	0.000000	129	0.829457	0.846996	742	0.357143	0.372000	0.322838	
734	0.344687	127	0.000000	139	0.755396	0.846996	734	0.344687	0.358000	0.322861	
724	0.342541	131	0.007634	145	0.710345	0.846996	724	0.342541	0.352000	0.322879	
703	0.320057	134	0.029851	163	0.766871	0.846996	703	0.320057	0.354000	0.322899	
711	0.324895	133	0.007519	156	0.717949	0.846996	711	0.324895	0.344000	0.322913	
727	0.328748	132	0.015152	141	0.730496	0.846996	727	0.328748	0.344000	0.322927	
741	0.299595	130	0.000000	129	0.798450	0.846996	741	0.299595	0.325000	0.322928	
715	0.316084	132	0.007576	153	0.764706	0.846996	715	0.316084	0.344000	0.322941	
688	0.354651	146	0.013699	166	0.716867	0.846996	688	0.354651	0.365000	0.322968	
714	0.317927	137	0.014599	149	0.711409	0.846996	714	0.317927	0.335000	0.322976	
724	0.314917	137	0.007299	139	0.733813	0.846996	724	0.314917	0.331000	0.322981	
737	0.313433	121	0.008264	142	0.767606	0.846996	737	0.313433	0.341000	0.322993	
691	0.311143	153	0.006536	156	0.775641	0.846996	691	0.311143	0.337000	0.323002	
731	0.306430	144	0.013889	125	0.728000	0.846996	731	0.306430	0.317000	0.322998	
729	0.304527	137	0.000000	134	0.716418	0.846996	729	0.304527	0.318000	0.322995	
722	0.332410	147	0.013605	131	0.770992	0.846996	722	0.332410	0.343000	0.323007	
728	0.359890	122	0.008197	150	0.753333	0.846996	728	0.359890	0.376000	0.323041	
689	0.346880	148	0.000000	163	0.766871	0.846996	689	0.346880	0.364000	0.323067	
714	0.330532	133	0.052632	153	0.758170	0.846996	714	0.330532	0.359000	0.323090	
717	0.331939	127	0.015748	156	0.711538	0.846996	717	0.331939	0.351000	0.323108	
733	0.302865	113	0.044248	154	0.740260	0.846996	733	0.302865	0.341000	0.323119	
726	0.318182	124	0.008065	150	0.726667	0.846996	726	0.318182	0.341000	0.323131	
704	0.340909	150	0.006667	146	0.746575	0.846996	704	0.340909	0.350000	0.323148	
694	0.305476	149	0.000000	157	0.770701	0.846996	694	0.305476	0.333000	0.323154	
726	0.323691	134	0.007463	140	0.742857	0.846996	726	0.323691	0.340000	0.323165	
719	0.285118	140	0.000000	141	0.751773	0.846996	719	0.285118	0.311000	0.323157	
721	0.325936	123	0.008130	156	0.717949	0.846996	721	0.325936	0.348000	0.323173	
723	0.352697	132	0.090909	145	0.675862	0.846996	723	0.352697	0.365000	0.323199	
723	0.311203	147	0.047619	130	0.700000	0.846996	723	0.311203	0.323000	0.323199	
714	0.338936	127	0.055118	159	0.761006	0.846996	714	0.338936	0.370000	0.323229	
711	0.364276	132	0.022727	157	0.757962	0.846996	711	0.364276	0.381000	0.323265	
713	0.295933	147	0.020408	140	0.742857	0.846996	713	0.295933	0.318000	0.323262	
728	0.347527	136	0.022059	136	0.720588	0.846996	728	0.347527	0.354000	0.323282	
744	0.346774	133	0.015038	123	0.788618	0.846996	744	0.346774	0.357000	0.323303	
687	0.349345	165	0.006061	148	0.722973	0.846996	687	0.349345	0.348000	0.323318	
707	0.336634	150	0.006667	143	0.748252	0.846996	707	0.336634	0.346000	0.323333	
717	0.301255	141	0.049645	142	0.760563	0.846996	717	0.301255	0.331000	0.323338	
715	0.346853	154	0.025974	131	0.763359	0.846996	715	0.346853	0.352000	0.323356	
739	0.296346	127	0.047244	134	0.820896	0.846996	739	0.296346	0.335000	0.323363	
726	0.387052	142	0.014085	132	0.712121	0.846996	726	0.387052	0.377000	0.323397	
741	0.321188	120	0.016667	139	0.776978	0.846996	741	0.321188	0.348000	0.323412	
717	0.359833	122	0.016393	161	0.726708	0.846996	717	0.359833	0.377000	0.323446	
732	0.345628	137	0.007299	131	0.625954	0.846996	732	0.345628	0.336000	0.323454	
709	0.339915	137	0.029197	154	0.701299	0.846996	709	0.339915	0.353000	0.323472	
686	0.298834	145	0.055172	169	0.710059	0.846996	686	0.298834	0.333000	0.323478	
744	0.352151	144	0.006944	112	0.830357	0.846996	744	0.352151	0.356000	0.323499	
721	0.314840	130	0.007692	149	0.724832	0.846996	721	0.314840	0.336000	0.323506	
750	0.294667	132	0.037879	118	0.703390	0.846996	750	0.294667	0.309000	0.323497	
729	0.305898	138	0.021739	133	0.781955	0.846996	729	0.305898	0.330000	0.323501	
728	0.302198	141	0.014184	131	0.763359	0.846996	728	0.302198	0.322000	0.323500	
712	0.325843	137	0.007299	151	0.761589	0.846996	712	0.325843	0.348000	0.323516	
740	0.310811	126	0.023810	134	0.656716	0.846996	740	0.310811	0.321000	0.323514	
723	0.290456	141	0.021277	136	0.786765	0.846996	723	0.290456	0.320000	0.323512	
740	0.327027	125	0.008000	135	0.674074	0.846996	740	0.327027	0.334000	0.323519	
729	0.312757	130	0.023077	141	0.794326	0.846996	729	0.312757	0.343000	0.323531	
711	0.329114	153	0.019608	136	0.727941	0.846996	711	0.329114	0.336000	0.323538	
695	0.296403	150	0.033333	155	0.683871	0.846996	695	0.296403	0.317000	0.323534	
708	0.313559	155	0.025806	137	0.700730	0.846996	708	0.313559	0.322000	0.323533	
688	0.332849	153	0.026144	159	0.754717	0.846996	688	0.332849	0.353000	0.323552	
713	0.328191	135	0.029630	152	0.743421	0.846996	713	0.328191	0.351000	0.323569	
711	0.329114	139	0.064748	150	0.646667	0.846996	711	0.329114	0.340000	0.323579	
730	0.286301	118	0.016949	152	0.730263	0.846996	730	0.286301	0.322000	0.323578	
724	0.302486	131	0.000000	145	0.737931	0.846996	724	0.302486	0.326000	0.323579	
711	0.264416	144	0.034722	145	0.668966	0.846996	711	0.264416	0.290000	0.323559	
722	0.372576	128	0.007812	150	0.726667	0.846996	722	0.372576	0.379000	0.323593	
713	0.356241	146	0.047945	141	0.808511	0.846996	713	0.356241	0.375000	0.323625	
735	0.340136	127	0.047244	138	0.710145	0.846996	735	0.340136	0.354000	0.323644	
737	0.320217	135	0.022222	128	0.710938	0.846996	737	0.320217	0.330000	0.323648	
729	0.327846	126	0.007937	145	0.710345	0.846996	729	0.327846	0.343000	0.323659	
721	0.316227	139	0.021583	140	0.657143	0.846996	721	0.316227	0.323000	0.323659	
687	0.330422	148	0.013514	165	0.739394	0.846996	687	0.330422	0.351000	0.323676	
733	0.347885	130	0.046154	137	0.664234	0.846996	733	0.347885	0.352000	0.323693	
755	0.422517	114	0.061404	131	0.793893	0.846996	755	0.422517	0.430000	0.323759	
734	0.307902	110	0.036364	156	0.762821	1.030197	734	0.307902	0.349000	0.323774	
711	0.267229	137	0.000000	152	0.717105	1.030197	711	0.267229	0.299000	0.323759	
716	0.270950	142	0.000000	142	0.781690	1.030197	716	0.270950	0.305000	0.323748	
713	0.242637	136	0.029412	151	0.721854	1.030197	713	0.242637	0.286000	0.323724	
711	0.241913	149	0.040268	140	0.678571	1.030197	711	0.241913	0.273000	0.323693	
745	0.264430	106	0.037736	149	0.711409	1.030197	745	0.264430	0.307000	0.323683	
725	0.302069	131	0.000000	144	0.805556	1.030197	725	0.302069	0.335000	0.323690	
709	0.286319	151	0.000000	140	0.807143	1.030197	709	0.286319	0.316000	0.323685	
735	0.284354	122	0.016393	143	0.790210	1.030197	735	0.284354	0.324000	0.323685	
717	0.270572	123	0.056911	160	0.781250	1.030197	717	0.270572	0.326000	0.323687	
730	0.286301	131	0.076336	139	0.769784	1.030197	730	0.286301	0.326000	0.323688	
723	0.343015	134	0.029851	143	0.797203	1.030197	723	0.343015	0.366000	0.323714	
723	0.305671	130	0.084615	147	0.816327	1.030197	723	0.305671	0.352000	0.323731	
710	0.308451	143	0.000000	147	0.775510	1.030197	710	0.308451	0.333000	0.323737	
722	0.339335	132	0.045455	146	0.760274	1.030197	722	0.339335	0.362000	0.323760	
693	0.248196	136	0.029412	171	0.760234	1.030197	693	0.248196	0.306000	0.323750	
663	0.263952	172	0.017442	165	0.830303	1.030197	663	0.263952	0.315000	0.323744	
646	0.164087	167	0.023952	187	0.737968	1.030197	646	0.164087	0.248000	0.323698	
726	0.330579	129	0.023256	145	0.779310	0.801863	726	0.330579	0.356000	0.323718	
720	0.329167	140	0.007143	140	0.778571	0.801863	720	0.329167	0.347000	0.323732	
731	0.340629	124	0.016129	145	0.758621	0.801863	731	0.340629	0.361000	0.323755	
731	0.365253	115	0.008696	154	0.759740	0.801863	731	0.365253	0.385000	0.323792	
707	0.323904	139	0.021583	154	0.766234	0.801863	707	0.323904	0.350000	0.323808	
742	0.323450	117	0.008547	141	0.730496	0.801863	742	0.323450	0.344000	0.323820	
708	0.333333	139	0.014388	153	0.738562	0.801863	708	0.333333	0.351000	0.323837	
719	0.353268	133	0.022556	148	0.750000	0.801863	719	0.353268	0.368000	0.323863	
716	0.346369	131	0.007634	153	0.764706	0.801863	716	0.346369	0.366000	0.323889	
717	0.354254	146	0.006849	137	0.693431	0.801863	717	0.354254	0.350000	0.323905	
705	0.319149	128	0.015625	167	0.820359	0.801863	705	0.319149	0.364000	0.323929	
715	0.344056	143	0.006993	142	0.767606	0.801863	715	0.344056	0.356000	0.323948	
684	0.312865	158	0.025316	158	0.740506	0.801863	684	0.312865	0.335000	0.323955	
733	0.365621	134	0.022388	133	0.774436	0.801863	733	0.365621	0.374000	0.323985	
730	0.349315	135	0.029630	135	0.718519	0.801863	730	0.349315	0.356000	0.324005	
706	0.322946	143	0.013986	151	0.748344	0.801863	706	0.322946	0.343000	0.324016	
748	0.354278	116	0.000000	136	0.779412	0.801863	748	0.354278	0.371000	0.324044	
711	0.337553	145	0.000000	144	0.729167	0.801863	711	0.337553	0.345000	0.324057	
742	0.357143	117	0.008547	141	0.794326	0.801863	742	0.357143	0.378000	0.324090	
699	0.359084	143	0.006993	158	0.791139	0.801863	699	0.359084	0.377000	0.324121	
732	0.363388	133	0.015038	135	0.725926	0.801863	732	0.363388	0.366000	0.324147	
706	0.345609	135	0.007407	159	0.761006	0.801863	706	0.345609	0.366000	0.324172	
729	0.358025	135	0.014815	136	0.727941	0.801863	729	0.358025	0.362000	0.324195	
716	0.356145	142	0.007042	142	0.760563	0.801863	716	0.356145	0.364000	0.324218	
737	0.345997	138	0.028986	125	0.800000	0.801863	737	0.345997	0.359000	0.324239	
736	0.349185	124	0.032258	140	0.678571	0.801863	736	0.349185	0.356000	0.324258	
721	0.303745	139	0.000000	140	0.735714	0.801863	721	0.303745	0.322000	0.324257	
743	0.329744	124	0.016129	133	0.669173	0.801863	743	0.329744	0.336000	0.324264	
736	0.317935	121	0.041322	143	0.727273	0.801863	736	0.317935	0.343000	0.324275	
713	0.311360	144	0.041667	143	0.741259	0.801863	713	0.311360	0.334000	0.324281	
728	0.359890	121	0.024793	151	0.788079	0.801863	728	0.359890	0.384000	0.324317	
744	0.340054	111	0.036036	145	0.793103	0.801863	744	0.340054	0.372000	0.324345	
740	0.362162	127	0.055118	133	0.789474	0.801863	740	0.362162	0.380000	0.324379	
726	0.370523	139	0.035971	135	0.762963	0.801863	726	0.370523	0.377000	0.324410	
753	0.359894	125	0.064000	122	0.606557	0.801863	753	0.359894	0.353000	0.324427	
725	0.328276	129	0.038760	146	0.705479	0.801863	725	0.328276	0.346000	0.324440	
707	0.359264	150	0.066667	143	0.713287	0.801863	707	0.359264	0.366000	0.324465	
735	0.368707	134	0.044776	131	0.664122	0.801863	735	0.368707	0.364000	0.324488	
677	0.338257	158	0.037975	165	0.775758	0.801863	677	0.338257	0.363000	0.324511	
705	0.324823	142	0.007042	153	0.771242	0.801863	705	0.324823	0.348000	0.324525	
698	0.316619	144	0.006944	158	0.784810	0.801863	698	0.316619	0.346000	0.324538	
711	0.353024	128	0.000000	161	0.782609	0.801863	711	0.353024	0.377000	0.324569	
704	0.323864	141	0.007092	155	0.690323	0.801863	704	0.323864	0.336000	0.324576	
713	0.345021	124	0.008065	163	0.717791	0.801863	713	0.345021	0.364000	0.324599	
704	0.394886	132	0.015152	164	0.756098	0.801863	704	0.394886	0.404000	0.324646	
688	0.347384	146	0.000000	166	0.704819	0.801863	688	0.347384	0.356000	0.324665	
704	0.345170	134	0.022388	162	0.728395	0.801863	704	0.345170	0.364000	0.324688	
724	0.327348	140	0.021429	136	0.757353	0.801863	724	0.327348	0.343000	0.324699	
705	0.365957	149	0.006711	146	0.732877	0.801863	705	0.365957	0.366000	0.324723	
701	0.338088	143	0.027972	156	0.769231	0.801863	701	0.338088	0.361000	0.324745	
725	0.373793	125	0.032000	150	0.800000	0.801863	725	0.373793	0.395000	0.324786	
729	0.353909	132	0.053030	139	0.697842	0.801863	729	0.353909	0.362000	0.324808	
749	0.407210	127	0.000000	124	0.782258	0.801863	749	0.407210	0.402000	0.324854	
717	0.238494	152	0.026316	131	0.839695	1.466952	717	0.238494	0.285000	0.324830	
704	0.208807	146	0.047945	150	0.773333	1.466952	704	0.208807	0.270000	0.324798	
729	0.152263	139	0.043165	132	0.818182	1.466952	729	0.152263	0.225000	0.324739	
735	0.216327	146	0.013699	119	0.739496	1.062351	735	0.216327	0.249000	0.324695	
738	0.203252	138	0.000000	124	0.766129	1.062351	738	0.203252	0.245000	0.324648	
736	0.237772	136	0.000000	128	0.742188	1.062351	736	0.237772	0.270000	0.324616	
733	0.193724	135	0.014815	132	0.712121	1.062351	733	0.193724	0.238000	0.324565	
720	0.259722	146	0.027397	134	0.783582	1.055897	720	0.259722	0.296000	0.324548	
735	0.216327	134	0.029851	131	0.679389	1.055897	735	0.216327	0.252000	0.324505	
721	0.245492	142	0.014085	137	0.635036	1.055897	721	0.245492	0.266000	0.324471	
736	0.259511	117	0.017094	147	0.687075	1.055897	736	0.259511	0.294000	0.324453	
736	0.305707	134	0.067164	130	0.730769	1.055897	736	0.305707	0.329000	0.324456	
722	0.270083	129	0.015504	149	0.657718	1.055897	722	0.270083	0.295000	0.324439	
716	0.276536	148	0.027027	136	0.735294	1.055897	716	0.276536	0.302000	0.324425	
711	0.243319	135	0.037037	154	0.681818	1.055897	711	0.243319	0.283000	0.324401	
716	0.283520	131	0.022901	153	0.777778	1.055897	716	0.283520	0.325000	0.324402	
710	0.230986	130	0.030769	160	0.675000	1.055897	710	0.230986	0.276000	0.324373	
732	0.247268	120	0.041667	148	0.635135	1.055897	732	0.247268	0.280000	0.324347	
721	0.253814	132	0.022727	147	0.619048	1.055897	721	0.253814	0.277000	0.324320	
718	0.254875	133	0.052632	149	0.664430	1.055897	718	0.254875	0.289000	0.324299	
721	0.251040	128	0.070312	151	0.708609	1.055897	721	0.251040	0.297000	0.324283	
602	0.189369	170	0.000000	228	0.767544	1.055897	602	0.189369	0.289000	0.324263	
632	0.210443	185	0.021622	183	0.748634	0.912867	632	0.210443	0.274000	0.324233	
629	0.235294	173	0.000000	198	0.767677	0.912867	629	0.235294	0.300000	0.324219	
644	0.232919	161	0.000000	195	0.789744	0.912867	644	0.232919	0.304000	0.324207	
635	0.220472	178	0.000000	187	0.828877	0.912867	635	0.220472	0.295000	0.324191	
632	0.219937	172	0.000000	196	0.790816	0.912867	632	0.219937	0.294000	0.324173	
672	0.208333	139	0.021583	189	0.719577	0.912867	672	0.208333	0.279000	0.324147	
664	0.243976	116	0.017241	220	0.750000	0.912867	664	0.243976	0.329000	0.324150	
696	0.297414	150	0.020000	154	0.727273	0.912867	696	0.297414	0.322000	0.324148	
700	0.292857	151	0.046358	149	0.671141	0.912867	700	0.292857	0.312000	0.324141	
700	0.310000	147	0.040816	153	0.692810	0.912867	700	0.310000	0.329000	0.324144	
712	0.299157	133	0.045113	155	0.625806	0.912867	712	0.299157	0.316000	0.324139	
705	0.309220	156	0.012821	139	0.661871	0.912867	705	0.309220	0.312000	0.324132	
723	0.279391	130	0.038462	147	0.693878	0.912867	723	0.279391	0.309000	0.324124	
707	0.316832	134	0.014925	159	0.723270	0.912867	707	0.316832	0.341000	0.324133	
712	0.294944	156	0.025641	132	0.712121	0.912867	712	0.294944	0.308000	0.324124	
736	0.334239	129	0.007752	135	0.659259	0.912867	736	0.334239	0.336000	0.324131	
682	0.268328	139	0.050360	179	0.670391	0.912867	682	0.268328	0.310000	0.324123	
647	0.208655	160	0.000000	193	0.792746	0.912867	647	0.208655	0.288000	0.324102	
639	0.211268	150	0.000000	211	0.725118	0.912867	639	0.211268	0.288000	0.324081	
641	0.255850	168	0.000000	191	0.753927	0.912867	641	0.255850	0.308000	0.324072	
645	0.232558	154	0.000000	201	0.741294	0.912867	645	0.232558	0.299000	0.324057	
625	0.244800	168	0.000000	207	0.787440	0.912867	625	0.244800	0.316000	0.324053	
652	0.233129	153	0.000000	195	0.769231	0.912867	652	0.233129	0.302000	0.324040	
661	0.240545	155	0.012903	184	0.788043	0.912867	661	0.240545	0.306000	0.324030	
637	0.232339	168	0.000000	195	0.758974	0.912867	637	0.232339	0.296000	0.324014	
661	0.257186	146	0.013699	193	0.740933	0.912867	661	0.257186	0.315000	0.324008	
704	0.343750	137	0.051095	159	0.666667	0.912867	704	0.343750	0.355000	0.324026	
679	0.344624	153	0.032680	168	0.833333	0.912867	679	0.344624	0.379000	0.324058	
727	0.317744	138	0.007246	135	0.733333	0.912867	727	0.317744	0.331000	0.324062	
710	0.329577	146	0.000000	144	0.680556	0.912867	710	0.329577	0.332000	0.324066	
728	0.260989	133	0.000000	139	0.755396	0.912867	728	0.260989	0.295000	0.324050	
730	0.310959	117	0.017094	153	0.836601	0.912867	730	0.310959	0.357000	0.324068	
717	0.326360	132	0.000000	151	0.701987	0.912867	717	0.326360	0.340000	0.324078	
722	0.301939	130	0.007692	148	0.743243	0.912867	722	0.301939	0.329000	0.324080	
731	0.299590	121	0.008264	148	0.790541	0.912867	731	0.299590	0.337000	0.324088	
695	0.310791	146	0.020548	159	0.723270	0.912867	695	0.310791	0.334000	0.324093	
708	0.250000	147	0.027211	145	0.779310	0.912867	708	0.250000	0.294000	0.324076	
715	0.292308	141	0.014184	144	0.722222	0.912867	715	0.292308	0.315000	0.324071	
699	0.304721	144	0.013889	157	0.738854	0.912867	699	0.304721	0.331000	0.324075	
717	0.312413	145	0.000000	138	0.775362	0.912867	717	0.312413	0.331000	0.324079	
702	0.331909	145	0.020690	153	0.758170	0.912867	702	0.331909	0.352000	0.324095	
742	0.303235	117	0.017094	141	0.758865	0.912867	742	0.303235	0.334000	0.324100	
704	0.265625	151	0.033113	145	0.703448	0.912867	704	0.265625	0.294000	0.324083	
701	0.286733	147	0.013605	152	0.776316	0.912867	701	0.286733	0.321000	0.324082	
716	0.284916	140	0.007143	144	0.770833	0.912867	716	0.284916	0.316000	0.324077	
703	0.307255	139	0.021583	158	0.721519	0.912867	703	0.307255	0.333000	0.324082	
708	0.323446	141	0.028369	151	0.748344	0.912867	708	0.323446	0.346000	0.324095	
724	0.298343	131	0.022901	145	0.655172	0.912867	724	0.298343	0.314000	0.324089	
714	0.278711	143	0.013986	143	0.783217	0.912867	714	0.278711	0.313000	0.324083	
736	0.300272	125	0.024000	139	0.661871	0.912867	736	0.300272	0.316000	0.324078	
730	0.317808	114	0.017544	156	0.673077	0.912867	730	0.317808	0.339000	0.324086	
742	0.309973	126	0.023810	132	0.719697	0.912867	742	0.309973	0.328000	0.324089	
741	0.344130	135	0.059259	124	0.725806	0.912867	741	0.344130	0.353000	0.324105	
715	0.328671	150	0.033333	135	0.725926	0.912867	715	0.328671	0.338000	0.324113	
751	0.320905	108	0.009259	141	0.716312	0.912867	751	0.320905	0.343000	0.324123	
730	0.309589	141	0.021277	129	0.689922	0.912867	730	0.309589	0.318000	0.324120	
709	0.314528	138	0.036232	153	0.725490	0.912867	709	0.314528	0.339000	0.324128	
710	0.321127	120	0.033333	170	0.729412	0.912867	710	0.321127	0.356000	0.324146	
704	0.319602	133	0.037594	163	0.650307	0.912867	704	0.319602	0.336000	0.324153	
734	0.317439	124	0.016129	142	0.711268	0.912867	734	0.317439	0.336000	0.324160	
698	0.292264	131	0.045802	171	0.678363	0.912867	698	0.292264	0.326000	0.324161	
705	0.295035	135	0.022222	160	0.731250	0.912867	705	0.295035	0.328000	0.324163	
699	0.284692	138	0.007246	163	0.711656	0.912867	699	0.284692	0.316000	0.324158	
729	0.351166	110	0.036364	161	0.708075	0.912867	729	0.351166	0.374000	0.324186	
730	0.378082	144	0.020833	126	0.753968	0.912867	730	0.378082	0.374000	0.324214	
713	0.280505	143	0.013986	144	0.729167	0.912867	713	0.280505	0.307000	0.324205	
725	0.280000	140	0.007143	135	0.785185	0.912867	725	0.280000	0.310000	0.324197	
716	0.283520	144	0.027778	140	0.757143	0.912867	716	0.283520	0.313000	0.324190	
734	0.284741	126	0.007937	140	0.742857	0.912867	734	0.284741	0.314000	0.324185	
762	0.288714	135	0.014815	103	0.728155	0.912867	762	0.288714	0.297000	0.324169	
703	0.301565	124	0.048387	173	0.728324	0.912867	703	0.301565	0.344000	0.324181	
721	0.289875	151	0.026490	128	0.742188	0.912867	721	0.289875	0.308000	0.324172	
718	0.305014	131	0.022901	151	0.827815	0.912867	718	0.305014	0.347000	0.324184	
713	0.347826	146	0.027397	141	0.702128	0.912867	713	0.347826	0.351000	0.324199	
727	0.305365	141	0.014184	132	0.704545	0.912867	727	0.305365	0.317000	0.324195	
705	0.275177	142	0.035211	153	0.745098	0.912867	705	0.275177	0.313000	0.324189	
737	0.289009	113	0.017699	150	0.733333	0.912867	737	0.289009	0.325000	0.324189	
748	0.307487	129	0.046512	123	0.699187	0.912867	748	0.307487	0.322000	0.324188	
710	0.307042	163	0.006135	127	0.763780	0.912867	710	0.307042	0.316000	0.324184	
750	0.282667	109	0.009174	141	0.695035	0.912867	750	0.282667	0.311000	0.324176	
724	0.274862	124	0.008065	152	0.756579	0.912867	724	0.274862	0.315000	0.324171	
736	0.282609	127	0.039370	137	0.781022	0.912867	736	0.282609	0.320000	0.324169	
723	0.276625	142	0.007042	135	0.762963	0.912867	723	0.276625	0.304000	0.324158	
731	0.269494	134	0.022388	135	0.770370	0.912867	731	0.269494	0.304000	0.324146	
728	0.295330	122	0.000000	150	0.706667	0.912867	728	0.295330	0.321000	0.324145	
728	0.300824	136	0.000000	136	0.786765	0.912867	728	0.300824	0.326000	0.324146	
710	0.315493	136	0.044118	154	0.753247	0.912867	710	0.315493	0.346000	0.324158	
713	0.307153	140	0.028571	147	0.727891	0.912867	713	0.307153	0.330000	0.324161	
689	0.320755	159	0.044025	152	0.736842	0.912867	689	0.320755	0.340000	0.324170	
730	0.320548	121	0.024793	149	0.718121	0.912867	730	0.320548	0.344000	0.324181	
743	0.269179	129	0.000000	128	0.773438	0.912867	743	0.269179	0.299000	0.324167	
745	0.312752	114	0.026316	141	0.780142	0.912867	745	0.312752	0.346000	0.324179	
738	0.298103	123	0.016260	139	0.805755	0.912867	738	0.298103	0.334000	0.324184	
699	0.287554	154	0.012987	147	0.795918	0.912867	699	0.287554	0.320000	0.324182	
733	0.237381	118	0.025424	149	0.798658	0.912867	733	0.237381	0.296000	0.324167	
705	0.321986	133	0.007519	162	0.740741	0.912867	705	0.321986	0.348000	0.324180	
720	0.281944	140	0.028571	140	0.800000	0.912867	720	0.281944	0.319000	0.324177	
720	0.319444	132	0.022727	148	0.736486	0.912867	720	0.319444	0.342000	0.324187	
697	0.286944	147	0.000000	156	0.756410	0.912867	697	0.286944	0.318000	0.324183	
726	0.293388	123	0.016260	151	0.682119	0.912867	726	0.293388	0.318000	0.324180	
740	0.322973	121	0.041322	139	0.748201	0.912867	740	0.322973	0.348000	0.324193	
711	0.295359	144	0.027778	145	0.744828	0.912867	711	0.295359	0.322000	0.324192	
711	0.286920	140	0.014286	149	0.738255	0.912867	711	0.286920	0.316000	0.324187	
694	0.311239	145	0.027586	161	0.770186	0.912867	694	0.311239	0.344000	0.324198	
722	0.293629	135	0.007407	143	0.804196	0.912867	722	0.293629	0.328000	0.324200	
730	0.282192	139	0.007194	131	0.770992	0.912867	730	0.282192	0.308000	0.324191	
724	0.295580	136	0.007353	140	0.764286	0.912867	724	0.295580	0.322000	0.324190	
725	0.266207	135	0.007407	140	0.721429	0.912867	725	0.266207	0.295000	0.324174	
714	0.303922	140	0.021429	146	0.732877	0.912867	714	0.303922	0.327000	0.324176	
718	0.270195	140	0.000000	142	0.760563	0.912867	718	0.270195	0.302000	0.324164	
701	0.299572	147	0.006803	152	0.782895	0.912867	701	0.299572	0.330000	0.324167	
737	0.297151	126	0.007937	137	0.781022	0.912867	737	0.297151	0.327000	0.324168	
742	0.276280	130	0.015385	128	0.843750	0.912867	742	0.276280	0.315000	0.324163	
739	0.304465	130	0.007692	131	0.824427	0.912867	739	0.304465	0.334000	0.324169	
730	0.282192	136	0.014706	134	0.805970	0.912867	730	0.282192	0.316000	0.324164	
697	0.285509	135	0.014815	168	0.720238	0.912867	697	0.285509	0.322000	0.324163	
714	0.261905	136	0.007353	150	0.740000	0.912867	714	0.261905	0.299000	0.324149	
716	0.279330	146	0.013699	138	0.746377	0.912867	716	0.279330	0.305000	0.324139	
724	0.310773	135	0.014815	141	0.794326	0.912867	724	0.310773	0.339000	0.324147	
724	0.301105	131	0.007634	145	0.786207	0.912867	724	0.301105	0.333000	0.324152	
714	0.278711	133	0.030075	153	0.777778	0.912867	714	0.278711	0.322000	0.324151	
724	0.294199	129	0.007752	147	0.755102	0.912867	724	0.294199	0.325000	0.324151	
715	0.304895	133	0.007519	152	0.796053	0.912867	715	0.304895	0.340000	0.324160	
708	0.274011	149	0.020134	143	0.818182	0.912867	708	0.274011	0.314000	0.324154	
715	0.303497	145	0.006897	140	0.757143	0.912867	715	0.303497	0.324000	0.324154	
727	0.294360	114	0.026316	159	0.817610	0.912867	727	0.294360	0.347000	0.324166	
736	0.315217	136	0.014706	128	0.734375	0.912867	736	0.315217	0.328000	0.324169	
726	0.283747	137	0.000000	137	0.744526	0.912867	726	0.283747	0.308000	0.324160	
700	0.290000	143	0.013986	157	0.732484	0.912867	700	0.290000	0.320000	0.324158	
707	0.322489	161	0.037267	132	0.787879	0.912867	707	0.322489	0.338000	0.324165	
754	0.299735	110	0.009091	136	0.786765	0.912867	754	0.299735	0.334000	0.324170	
723	0.304288	139	0.014388	138	0.753623	0.912867	723	0.304288	0.326000	0.324171	
744	0.276882	131	0.007634	125	0.728000	0.912867	744	0.276882	0.298000	0.324157	
729	0.267490	121	0.000000	150	0.793333	0.912867	729	0.267490	0.314000	0.324152	
734	0.301090	127	0.023622	139	0.719424	0.912867	734	0.301090	0.324000	0.324152	
727	0.277854	133	0.007519	140	0.685714	0.912867	727	0.277854	0.299000	0.324138	
721	0.266297	123	0.000000	156	0.782051	0.912867	721	0.266297	0.314000	0.324133	
725	0.291034	137	0.043796	138	0.739130	0.912867	725	0.291034	0.319000	0.324130	
734	0.313351	133	0.037594	133	0.684211	0.912867	734	0.313351	0.326000	0.324131	
769	0.313394	118	0.025424	113	0.707965	0.912867	769	0.313394	0.324000	0.324131	
723	0.298755	144	0.041667	133	0.669173	0.912867	723	0.298755	0.311000	0.324124	
713	0.301543	130	0.038462	157	0.732484	0.912867	713	0.301543	0.335000	0.324130	
701	0.298146	148	0.006757	151	0.754967	0.912867	701	0.298146	0.324000	0.324129	
739	0.317997	129	0.038760	132	0.757576	0.912867	739	0.317997	0.340000	0.324138	
714	0.296919	149	0.006711	137	0.708029	0.912867	714	0.296919	0.310000	0.324130	
718	0.311978	145	0.027586	137	0.759124	0.912867	718	0.311978	0.332000	0.324135	
749	0.324433	128	0.015625	123	0.747967	0.912867	749	0.324433	0.337000	0.324142	
710	0.292958	118	0.000000	172	0.680233	0.912867	710	0.292958	0.325000	0.324142	
716	0.297486	148	0.027027	136	0.779412	0.912867	716	0.297486	0.323000	0.324141	
715	0.289510	139	0.000000	146	0.726027	0.912867	715	0.289510	0.313000	0.324135	
736	0.297554	133	0.052632	131	0.709924	0.912867	736	0.297554	0.319000	0.324133	
726	0.348485	135	0.029630	139	0.705036	0.912867	726	0.348485	0.355000	0.324149	
711	0.315049	122	0.000000	167	0.718563	0.912867	711	0.315049	0.344000	0.324160	
710	0.288732	146	0.034247	144	0.763889	0.912867	710	0.288732	0.320000	0.324158	
732	0.280055	128	0.015625	140	0.771429	0.912867	732	0.280055	0.315000	0.324153	
722	0.324100	131	0.038168	147	0.673469	0.912867	722	0.324100	0.338000	0.324160	
719	0.325452	133	0.052632	148	0.750000	0.912867	719	0.325452	0.352000	0.324175	
750	0.296000	111	0.000000	139	0.611511	0.912867	750	0.296000	0.307000	0.324166	
713	0.321178	155	0.019355	132	0.727273	0.912867	713	0.321178	0.328000	0.324168	
725	0.264828	122	0.008197	153	0.738562	0.912867	725	0.264828	0.306000	0.324158	
709	0.284908	132	0.000000	159	0.792453	0.912867	709	0.284908	0.328000	0.324160	
730	0.263014	136	0.014706	134	0.783582	0.912867	730	0.263014	0.299000	0.324147	
732	0.273224	131	0.015267	137	0.737226	0.912867	732	0.273224	0.303000	0.324136	
719	0.280946	132	0.015152	149	0.778523	0.912867	719	0.280946	0.320000	0.324133	
703	0.295875	134	0.022388	163	0.815951	0.912867	703	0.295875	0.344000	0.324144	
745	0.316779	142	0.014085	113	0.681416	0.912867	745	0.316779	0.315000	0.324139	
716	0.319832	131	0.007634	153	0.718954	0.912867	716	0.319832	0.340000	0.324147	
705	0.321986	145	0.013793	150	0.686667	0.912867	705	0.321986	0.332000	0.324152	
689	0.300435	153	0.045752	158	0.708861	0.912867	689	0.300435	0.326000	0.324153	
698	0.338109	154	0.025974	148	0.716216	0.912867	698	0.338109	0.346000	0.324164	
693	0.307359	136	0.036765	171	0.637427	0.912867	693	0.307359	0.327000	0.324166	
717	0.333333	129	0.038760	154	0.675325	0.912867	717	0.333333	0.348000	0.324178	
700	0.355714	135	0.066667	165	0.757576	0.912867	700	0.355714	0.383000	0.324209	
724	0.350829	130	0.069231	146	0.732877	0.912867	724	0.350829	0.370000	0.324234	
719	0.371349	130	0.000000	151	0.761589	0.912867	719	0.371349	0.382000	0.324264	
716	0.297486	149	0.020134	135	0.807407	0.912867	716	0.297486	0.325000	0.324265	
741	0.304993	131	0.007634	128	0.757812	0.912867	741	0.304993	0.324000	0.324264	
719	0.308762	143	0.020979	138	0.797101	0.912867	719	0.308762	0.335000	0.324270	
716	0.305866	136	0.000000	148	0.750000	0.912867	716	0.305866	0.330000	0.324273	
705	0.253901	138	0.000000	157	0.777070	0.912867	705	0.253901	0.301000	0.324261	
728	0.296703	136	0.029412	136	0.698529	0.912867	728	0.296703	0.315000	0.324256	
724	0.292818	121	0.008264	155	0.729032	0.912867	724	0.292818	0.326000	0.324257	
718	0.282730	146	0.000000	136	0.757353	0.912867	718	0.282730	0.306000	0.324247	
717	0.316597	127	0.000000	156	0.756410	0.912867	717	0.316597	0.345000	0.324258	
727	0.314993	137	0.000000	136	0.691176	0.912867	727	0.314993	0.323000	0.324258	
735	0.240816	129	0.054264	136	0.772059	0.912867	735	0.240816	0.289000	0.324239	
728	0.292582	126	0.039683	146	0.856164	0.912867	728	0.292582	0.343000	0.324249	
693	0.305916	148	0.027027	159	0.735849	0.912867	693	0.305916	0.333000	0.324254	
738	0.289973	120	0.041667	142	0.683099	0.912867	738	0.289973	0.316000	0.324249	
715	0.281119	131	0.038168	154	0.740260	0.912867	715	0.281119	0.320000	0.324247	
728	0.287088	130	0.030769	142	0.725352	0.912867	728	0.287088	0.316000	0.324243	
720	0.300000	116	0.000000	164	0.707317	0.912867	720	0.300000	0.332000	0.324247	
717	0.336123	121	0.049587	162	0.709877	0.912867	717	0.336123	0.362000	0.324266	
737	0.333786	111	0.036036	152	0.743421	0.912867	737	0.333786	0.363000	0.324287	
709	0.348378	122	0.016393	169	0.804734	0.912867	709	0.348378	0.385000	0.324319	
729	0.397805	119	0.000000	152	0.769737	0.912867	729	0.397805	0.407000	0.324362	
701	0.328103	135	0.059259	164	0.774390	0.912867	701	0.328103	0.365000	0.324383	
717	0.294282	134	0.007463	149	0.758389	0.912867	717	0.294282	0.325000	0.324383	
732	0.315574	115	0.078261	153	0.777778	0.912867	732	0.315574	0.359000	0.324401	
736	0.322011	106	0.047170	158	0.746835	0.912867	736	0.322011	0.360000	0.324420	
704	0.342330	139	0.000000	157	0.764331	0.912867	704	0.342330	0.361000	0.324439	
729	0.283951	134	0.000000	137	0.678832	0.912867	729	0.283951	0.300000	0.324426	
730	0.284932	136	0.014706	134	0.768657	0.912867	730	0.284932	0.313000	0.324420	
721	0.248266	137	0.021898	142	0.739437	0.912867	721	0.248266	0.287000	0.324401	
714	0.292717	133	0.015038	153	0.790850	0.912867	714	0.292717	0.332000	0.324405	
706	0.297450	140	0.007143	154	0.733766	0.912867	706	0.297450	0.324000	0.324405	
701	0.296719	142	0.035211	157	0.751592	0.912867	701	0.296719	0.331000	0.324408	
742	0.299191	113	0.017699	145	0.710345	0.912867	742	0.299191	0.327000	0.324409	
722	0.321330	143	0.027972	135	0.740741	0.912867	722	0.321330	0.336000	0.324415	
721	0.335645	129	0.046512	150	0.720000	0.912867	721	0.335645	0.356000	0.324432	
727	0.339752	130	0.030769	143	0.643357	0.912867	727	0.339752	0.343000	0.324441	
713	0.290323	150	0.020000	137	0.751825	0.912867	713	0.290323	0.313000	0.324436	
718	0.331476	131	0.053435	151	0.655629	0.912867	718	0.331476	0.344000	0.324446	
752	0.320479	123	0.048780	125	0.656000	0.912867	752	0.320479	0.329000	0.324448	
696	0.334770	150	0.026667	154	0.681818	0.912867	696	0.334770	0.342000	0.324457	
733	0.276944	144	0.034722	123	0.715447	0.912867	733	0.276944	0.296000	0.324442	
709	0.334274	147	0.013605	144	0.701389	0.912867	709	0.334274	0.340000	0.324450	
740	0.328378	120	0.008333	140	0.678571	0.912867	740	0.328378	0.339000	0.324458	
727	0.306740	150	0.013333	123	0.707317	0.912867	727	0.306740	0.312000	0.324452	
710	0.316901	148	0.040541	142	0.718310	0.912867	710	0.316901	0.333000	0.324456	
724	0.319061	130	0.015385	146	0.705479	0.912867	724	0.319061	0.336000	0.324462	
703	0.301565	149	0.053691	148	0.722973	0.912867	703	0.301565	0.327000	0.324463	
732	0.330601	127	0.062992	141	0.666667	0.912867	732	0.330601	0.344000	0.324473	
720	0.352778	135	0.014815	145	0.751724	0.912867	720	0.352778	0.365000	0.324494	
712	0.316011	126	0.031746	162	0.679012	0.912867	712	0.316011	0.339000	0.324502	
682	0.304985	161	0.018634	157	0.662420	0.912867	682	0.304985	0.315000	0.324497	
724	0.313536	132	0.022727	144	0.659722	0.912867	724	0.313536	0.325000	0.324497	
663	0.242836	149	0.046980	188	0.750000	0.912867	663	0.242836	0.309000	0.324489	
635	0.204724	165	0.006061	200	0.735000	0.912867	635	0.204724	0.278000	0.324465	
640	0.193750	152	0.000000	208	0.716346	0.912867	640	0.193750	0.273000	0.324439	
655	0.415267	162	0.000000	183	0.775956	0.505757	655	0.415267	0.414000	0.324485	
633	0.317536	169	0.000000	198	0.803030	0.672428	633	0.317536	0.360000	0.324503	
652	0.338957	156	0.000000	192	0.796875	0.672428	652	0.338957	0.374000	0.324528	
633	0.342812	171	0.000000	196	0.867347	0.672428	633	0.342812	0.387000	0.324560	
658	0.323708	147	0.000000	195	0.784615	0.672428	658	0.323708	0.366000	0.324582	
643	0.362364	173	0.000000	184	0.777174	0.672428	643	0.362364	0.376000	0.324608	
638	0.341693	157	0.000000	205	0.809756	0.672428	638	0.341693	0.384000	0.324638	
624	0.341346	163	0.000000	213	0.812207	0.672428	624	0.341346	0.386000	0.324670	
653	0.366003	172	0.000000	175	0.760000	0.672428	653	0.366003	0.372000	0.324694	
641	0.366615	171	0.000000	188	0.765957	0.672428	641	0.366615	0.379000	0.324722	
628	0.364650	155	0.000000	217	0.811060	0.672428	628	0.364650	0.405000	0.324763	
693	0.349206	150	0.000000	157	0.732484	0.672428	693	0.349206	0.357000	0.324779	
649	0.362096	153	0.000000	198	0.787879	0.672428	649	0.362096	0.391000	0.324813	
627	0.341308	170	0.011765	203	0.822660	0.672428	627	0.341308	0.383000	0.324843	
666	0.363363	153	0.000000	181	0.751381	0.672428	666	0.363363	0.378000	0.324870	
678	0.359882	158	0.000000	164	0.768293	0.672428	678	0.359882	0.370000	0.324893	
635	0.338583	167	0.000000	198	0.777778	0.672428	635	0.338583	0.369000	0.324915	
648	0.362654	146	0.006849	206	0.752427	0.672428	648	0.362654	0.391000	0.324949	
656	0.356707	169	0.005917	175	0.771429	0.672428	656	0.356707	0.370000	0.324972	
627	0.341308	162	0.000000	211	0.843602	0.672428	627	0.341308	0.392000	0.325006	
642	0.345794	160	0.000000	198	0.797980	0.672428	642	0.345794	0.380000	0.325034	
639	0.339593	140	0.000000	221	0.823529	0.672428	639	0.339593	0.399000	0.325071	
652	0.372699	160	0.000000	188	0.750000	0.672428	652	0.372699	0.384000	0.325101	
679	0.362297	170	0.023529	151	0.748344	0.672428	679	0.362297	0.363000	0.325121	
723	0.437068	128	0.015625	149	0.738255	0.672428	723	0.437068	0.428000	0.325173	
710	0.409859	132	0.045455	158	0.677215	0.740248	710	0.409859	0.404000	0.325213	
718	0.247911	127	0.007874	155	0.683871	1.118552	718	0.247911	0.285000	0.325192	
733	0.237381	132	0.022727	135	0.681481	1.118552	733	0.237381	0.269000	0.325164	
702	0.257835	147	0.013605	151	0.801325	1.118552	702	0.257835	0.304000	0.325153	
701	0.225392	139	0.021583	160	0.743750	1.118552	701	0.225392	0.280000	0.325130	
719	0.191933	133	0.030075	148	0.736486	1.118552	719	0.191933	0.251000	0.325093	
716	0.265363	130	0.000000	154	0.759740	0.916188	716	0.265363	0.307000	0.325084	
693	0.301587	145	0.027586	162	0.716049	0.916188	693	0.301587	0.329000	0.325086	
698	0.279370	134	0.007463	168	0.636905	0.916188	698	0.279370	0.303000	0.325075	
697	0.311334	131	0.030534	172	0.726744	0.916188	697	0.311334	0.346000	0.325085	
736	0.285326	116	0.060345	148	0.682432	0.916188	736	0.285326	0.318000	0.325082	
674	0.290801	125	0.024000	201	0.676617	0.916188	674	0.290801	0.335000	0.325087	
692	0.289017	140	0.042857	168	0.678571	0.916188	692	0.289017	0.320000	0.325084	
718	0.328691	128	0.015625	154	0.707792	0.916188	718	0.328691	0.347000	0.325095	
721	0.298197	141	0.021277	138	0.760870	0.916188	721	0.298197	0.323000	0.325094	
730	0.320548	135	0.007407	135	0.681481	0.916188	730	0.320548	0.327000	0.325095	
726	0.309917	143	0.034965	131	0.763359	0.916188	726	0.309917	0.330000	0.325097	
709	0.306065	144	0.048611	147	0.680272	0.916188	709	0.306065	0.324000	0.325097	
708	0.298023	141	0.035461	151	0.748344	0.916188	708	0.298023	0.329000	0.325099	
717	0.287308	144	0.013889	139	0.726619	0.916188	717	0.287308	0.309000	0.325091	
709	0.284908	140	0.014286	151	0.761589	0.916188	709	0.284908	0.319000	0.325088	
716	0.279330	137	0.014599	147	0.693878	0.916188	716	0.279330	0.304000	0.325077	
744	0.309140	122	0.008197	134	0.716418	0.916188	744	0.309140	0.327000	0.325078	
738	0.289973	136	0.007353	126	0.777778	0.916188	738	0.289973	0.313000	0.325072	
709	0.270804	136	0.029412	155	0.722581	0.916188	709	0.270804	0.308000	0.325063	
723	0.275242	131	0.007634	146	0.780822	0.916188	723	0.275242	0.314000	0.325058	
726	0.304408	139	0.007194	135	0.666667	0.916188	726	0.304408	0.312000	0.325051	
725	0.295172	143	0.020979	132	0.742424	0.916188	725	0.295172	0.315000	0.325046	
723	0.297372	143	0.006993	134	0.716418	0.916188	723	0.297372	0.312000	0.325040	
708	0.305085	154	0.006494	138	0.804348	0.916188	708	0.305085	0.328000	0.325041	
735	0.297959	115	0.017391	150	0.746667	0.916188	735	0.297959	0.333000	0.325045	
725	0.296552	128	0.031250	147	0.734694	0.916188	725	0.296552	0.327000	0.325046	
726	0.309917	146	0.027397	128	0.726562	0.916188	726	0.309917	0.322000	0.325045	
716	0.289106	130	0.007692	154	0.798701	0.916188	716	0.289106	0.331000	0.325048	
695	0.315108	157	0.012739	148	0.655405	0.916188	695	0.315108	0.318000	0.325044	
691	0.329957	148	0.027027	161	0.714286	0.916188	691	0.329957	0.347000	0.325055	
730	0.309589	122	0.008197	148	0.689189	0.916188	730	0.309589	0.329000	0.325057	
725	0.291034	140	0.007143	135	0.733333	0.916188	725	0.291034	0.311000	0.325050	
710	0.267606	155	0.025806	135	0.748148	0.916188	710	0.267606	0.295000	0.325035	
699	0.281831	142	0.000000	159	0.735849	0.916188	699	0.281831	0.314000	0.325030	
706	0.307365	144	0.006944	150	0.786667	0.916188	706	0.307365	0.336000	0.325035	
746	0.264075	121	0.008264	133	0.744361	0.916188	746	0.264075	0.297000	0.325021	
730	0.267123	125	0.016000	145	0.751724	0.916188	730	0.267123	0.306000	0.325012	
735	0.317007	134	0.014925	131	0.824427	0.916188	735	0.317007	0.343000	0.325021	
731	0.294118	130	0.030769	139	0.741007	0.916188	731	0.294118	0.322000	0.325019	
699	0.298999	150	0.013333	151	0.721854	0.916188	699	0.298999	0.320000	0.325017	
717	0.317992	126	0.031746	157	0.732484	0.916188	717	0.317992	0.347000	0.325028	
743	0.281292	126	0.000000	131	0.732824	0.916188	743	0.281292	0.305000	0.325018	
731	0.269494	124	0.008065	145	0.786207	0.916188	731	0.269494	0.312000	0.325011	
715	0.274126	150	0.026667	135	0.733333	0.916188	715	0.274126	0.299000	0.324998	
699	0.271817	142	0.028169	159	0.767296	0.916188	699	0.271817	0.316000	0.324994	
717	0.308229	124	0.032258	159	0.773585	0.916188	717	0.308229	0.348000	0.325005	
729	0.310014	141	0.014184	130	0.730769	0.916188	729	0.310014	0.323000	0.325004	
726	0.247934	111	0.036036	163	0.766871	0.916188	726	0.247934	0.309000	0.324996	
717	0.267782	140	0.035714	143	0.797203	0.916188	717	0.267782	0.311000	0.324989	
737	0.290366	116	0.000000	147	0.734694	0.916188	737	0.290366	0.322000	0.324988	
714	0.270308	128	0.015625	158	0.753165	0.916188	714	0.270308	0.314000	0.324983	
738	0.289973	148	0.040541	114	0.807018	0.916188	738	0.289973	0.312000	0.324976	
739	0.288227	106	0.000000	155	0.735484	0.916188	739	0.288227	0.327000	0.324977	
694	0.319885	138	0.028986	168	0.750000	0.916188	694	0.319885	0.352000	0.324990	
751	0.310253	126	0.007937	123	0.747967	0.916188	751	0.310253	0.326000	0.324991	
698	0.265043	147	0.006803	155	0.722581	0.916188	698	0.265043	0.298000	0.324978	
745	0.328859	128	0.039062	127	0.755906	0.916188	745	0.328859	0.346000	0.324988	
718	0.324513	130	0.007692	152	0.782895	0.916188	718	0.324513	0.353000	0.325002	
721	0.295423	137	0.000000	142	0.697183	0.916188	721	0.295423	0.312000	0.324995	
712	0.293539	136	0.007353	152	0.717105	0.916188	712	0.293539	0.319000	0.324992	
733	0.270123	130	0.007692	137	0.708029	0.916188	733	0.270123	0.296000	0.324978	
735	0.278912	121	0.057851	144	0.666667	0.916188	735	0.278912	0.308000	0.324970	
698	0.335244	151	0.052980	151	0.695364	0.916188	698	0.335244	0.347000	0.324981	
714	0.359944	133	0.015038	153	0.797386	0.916188	714	0.359944	0.381000	0.325008	
728	0.326923	129	0.062016	143	0.699301	0.916188	728	0.326923	0.346000	0.325018	
659	0.223065	157	0.012739	184	0.771739	0.916188	659	0.223065	0.291000	0.325002	
652	0.223926	157	0.000000	191	0.743455	0.916188	652	0.223926	0.288000	0.324984	
646	0.241486	143	0.000000	211	0.781991	0.916188	646	0.241486	0.321000	0.324982	
644	0.246894	159	0.000000	197	0.736041	0.916188	644	0.246894	0.304000	0.324971	
637	0.249608	158	0.000000	205	0.809756	0.916188	637	0.249608	0.325000	0.324972	
643	0.230171	173	0.000000	184	0.836957	0.916188	643	0.230171	0.302000	0.324960	
655	0.241221	163	0.000000	182	0.791209	0.916188	655	0.241221	0.302000	0.324949	
638	0.210031	157	0.000000	205	0.756098	0.916188	638	0.210031	0.289000	0.324932	
611	0.230769	170	0.000000	219	0.789954	0.916188	611	0.230769	0.314000	0.324926	
639	0.241002	170	0.011765	191	0.795812	0.916188	639	0.241002	0.308000	0.324918	
664	0.225904	168	0.000000	168	0.833333	0.916188	664	0.225904	0.290000	0.324901	
596	0.221477	185	0.000000	219	0.771689	0.916188	596	0.221477	0.301000	0.324889	
624	0.250000	154	0.012987	222	0.743243	0.916188	624	0.250000	0.323000	0.324888	
652	0.205521	163	0.000000	185	0.794595	0.916188	652	0.205521	0.281000	0.324867	
627	0.228070	169	0.000000	204	0.799020	0.916188	627	0.228070	0.306000	0.324858	
609	0.218391	195	0.000000	196	0.785714	0.916188	609	0.218391	0.287000	0.324839	
688	0.274709	147	0.027211	165	0.781818	0.916188	688	0.274709	0.322000	0.324838	
735	0.333333	127	0.031496	138	0.739130	0.916188	735	0.333333	0.351000	0.324851	
693	0.290043	125	0.032000	182	0.670330	0.916188	693	0.290043	0.327000	0.324852	
683	0.254758	139	0.057554	178	0.741573	0.916188	683	0.254758	0.314000	0.324847	
720	0.288889	132	0.015152	148	0.743243	0.916188	720	0.288889	0.320000	0.324844	
729	0.288066	131	0.015267	140	0.750000	0.916188	729	0.288066	0.317000	0.324840	
729	0.310014	144	0.013889	127	0.763780	0.916188	729	0.310014	0.325000	0.324841	
727	0.283356	128	0.007812	145	0.648276	0.916188	727	0.283356	0.301000	0.324829	
711	0.295359	139	0.000000	150	0.766667	0.916188	711	0.295359	0.325000	0.324829	
725	0.310345	143	0.020979	132	0.765152	0.916188	725	0.310345	0.329000	0.324831	
718	0.282730	150	0.026667	132	0.750000	0.916188	718	0.282730	0.306000	0.324822	
741	0.261808	125	0.016000	134	0.813433	0.916188	741	0.261808	0.305000	0.324812	
734	0.303815	137	0.000000	129	0.806202	0.916188	734	0.303815	0.327000	0.324813	
728	0.293956	128	0.015625	144	0.784722	0.916188	728	0.293956	0.329000	0.324815	
704	0.295455	150	0.026667	146	0.808219	0.916188	704	0.295455	0.330000	0.324818	
739	0.308525	126	0.015873	135	0.770370	0.916188	739	0.308525	0.334000	0.324822	
743	0.302826	124	0.000000	133	0.812030	0.916188	743	0.302826	0.333000	0.324826	
742	0.295148	112	0.053571	146	0.753425	0.916188	742	0.295148	0.335000	0.324831	
719	0.332406	143	0.020979	138	0.789855	0.916188	719	0.332406	0.351000	0.324844	
739	0.316644	125	0.024000	136	0.772059	0.916188	739	0.316644	0.342000	0.324852	
729	0.277092	147	0.006803	124	0.766129	0.916188	729	0.277092	0.298000	0.324839	
729	0.296296	127	0.000000	144	0.756944	0.916188	729	0.296296	0.325000	0.324839	
743	0.283984	126	0.000000	131	0.725191	0.916188	743	0.283984	0.306000	0.324830	
722	0.270083	132	0.000000	146	0.719178	0.916188	722	0.270083	0.300000	0.324818	
736	0.292120	116	0.000000	148	0.709459	0.916188	736	0.292120	0.320000	0.324816	
741	0.299595	138	0.000000	121	0.719008	0.916188	741	0.299595	0.309000	0.324808	
728	0.274725	135	0.007407	137	0.773723	0.916188	728	0.274725	0.307000	0.324800	
711	0.284107	132	0.030303	157	0.636943	0.916188	711	0.284107	0.306000	0.324791	
705	0.353191	149	0.046980	146	0.760274	0.916188	705	0.353191	0.367000	0.324811	
743	0.345895	128	0.039062	129	0.767442	0.916188	743	0.345895	0.361000	0.324828	
722	0.369806	121	0.033058	157	0.840764	0.916188	722	0.369806	0.403000	0.324866	
705	0.354610	137	0.036496	158	0.803797	0.916188	705	0.354610	0.382000	0.324893	
717	0.341702	132	0.022727	151	0.735099	0.916188	717	0.341702	0.359000	0.324909	
722	0.311634	144	0.027778	134	0.783582	0.916188	722	0.311634	0.334000	0.324914	
698	0.266476	155	0.012903	147	0.782313	0.916188	698	0.266476	0.303000	0.324903	
712	0.235955	129	0.007752	159	0.773585	0.916188	712	0.235955	0.292000	0.324888	
719	0.297636	134	0.022388	147	0.741497	0.916188	719	0.297636	0.326000	0.324888	
679	0.301915	141	0.021277	180	0.722222	0.916188	679	0.301915	0.338000	0.324894	
711	0.303797	149	0.026846	140	0.692857	0.916188	711	0.303797	0.317000	0.324891	
715	0.283916	121	0.041322	164	0.762195	0.916188	715	0.283916	0.333000	0.324895	
698	0.305158	149	0.053691	153	0.686275	0.916188	698	0.305158	0.326000	0.324895	
723	0.311203	141	0.021277	136	0.808824	0.916188	723	0.311203	0.338000	0.324901	
729	0.229081	124	0.000000	147	0.741497	0.916188	729	0.229081	0.276000	0.324878	
719	0.275382	116	0.034483	165	0.721212	0.916188	719	0.275382	0.321000	0.324876	
719	0.296245	142	0.035211	139	0.654676	0.916188	719	0.296245	0.309000	0.324869	
738	0.331978	123	0.016260	139	0.812950	0.916188	738	0.331978	0.360000	0.324885	
716	0.322626	140	0.042857	144	0.708333	0.916188	716	0.322626	0.339000	0.324892	
736	0.308424	132	0.053030	132	0.750000	0.916188	736	0.308424	0.333000	0.324896	
731	0.339261	133	0.045113	136	0.801471	0.916188	731	0.339261	0.363000	0.324914	
717	0.269177	127	0.007874	156	0.724359	0.916188	717	0.269177	0.307000	0.324905	
727	0.309491	130	0.023077	143	0.748252	0.916188	727	0.309491	0.335000	0.324910	
726	0.257576	128	0.015625	146	0.760274	0.916188	726	0.257576	0.300000	0.324898	
714	0.310924	135	0.037037	151	0.682119	0.916188	714	0.310924	0.330000	0.324901	
737	0.280868	126	0.031746	137	0.700730	0.916188	737	0.280868	0.307000	0.324892	
712	0.307584	136	0.007353	152	0.717105	0.916188	712	0.307584	0.329000	0.324894	
742	0.324798	128	0.039062	130	0.746154	0.916188	742	0.324798	0.343000	0.324903	
733	0.371078	112	0.017857	155	0.754839	0.916188	733	0.371078	0.391000	0.324934	
718	0.288301	119	0.033613	163	0.791411	0.916188	718	0.288301	0.340000	0.324941	
711	0.299578	132	0.007576	157	0.757962	0.916188	711	0.299578	0.333000	0.324945	
736	0.288043	131	0.015267	133	0.721805	0.916188	736	0.288043	0.310000	0.324938	
742	0.295148	127	0.039370	131	0.786260	0.916188	742	0.295148	0.327000	0.324939	
715	0.320280	136	0.029412	149	0.731544	0.916188	715	0.320280	0.342000	0.324947	
719	0.278164	132	0.015152	149	0.718121	0.916188	719	0.278164	0.309000	0.324939	
709	0.307475	136	0.007353	155	0.722581	0.916188	709	0.307475	0.331000	0.324942	
737	0.325645	123	0.024390	140	0.735714	0.916188	737	0.325645	0.346000	0.324952	
716	0.286313	139	0.000000	145	0.737931	0.916188	716	0.286313	0.312000	0.324946	
735	0.310204	125	0.032000	140	0.807143	0.916188	735	0.310204	0.345000	0.324956	
723	0.302905	136	0.044118	141	0.737589	0.916188	723	0.302905	0.329000	0.324958	
724	0.301105	129	0.015504	147	0.680272	0.916188	724	0.301105	0.320000	0.324955	
693	0.303030	147	0.027211	160	0.706250	0.916188	693	0.303030	0.327000	0.324956	
705	0.329078	159	0.025157	136	0.823529	0.916188	705	0.329078	0.348000	0.324967	
667	0.287856	166	0.000000	167	0.724551	0.916188	667	0.287856	0.313000	0.324961	
625	0.236800	170	0.000000	205	0.717073	0.916188	625	0.236800	0.295000	0.324947	
653	0.243492	150	0.013333	197	0.791878	0.916188	653	0.243492	0.317000	0.324944	
620	0.238710	183	0.000000	197	0.802030	0.916188	620	0.238710	0.306000	0.324935	
616	0.228896	181	0.000000	203	0.807882	0.916188	616	0.228896	0.305000	0.324925	
654	0.237003	172	0.000000	174	0.764368	0.916188	654	0.237003	0.288000	0.324908	
637	0.229199	137	0.000000	226	0.730088	0.916188	637	0.229199	0.311000	0.324902	
627	0.204147	177	0.011299	196	0.770408	0.916188	627	0.204147	0.281000	0.324881	
624	0.197115	183	0.000000	193	0.761658	0.916188	624	0.197115	0.270000	0.324855	
673	0.343239	140	0.000000	187	0.780749	0.742773	673	0.343239	0.377000	0.324880	
658	0.326748	147	0.000000	195	0.769231	0.742773	658	0.326748	0.365000	0.324898	
644	0.277950	161	0.000000	195	0.805128	0.742773	644	0.277950	0.336000	0.324904	
648	0.299383	165	0.012121	187	0.737968	0.742773	648	0.299383	0.334000	0.324908	
659	0.305008	152	0.000000	189	0.767196	0.742773	659	0.305008	0.346000	0.324918	
637	0.328100	169	0.011834	194	0.798969	0.742773	637	0.328100	0.366000	0.324937	
646	0.317337	161	0.000000	193	0.730570	0.742773	646	0.317337	0.346000	0.324947	
706	0.349858	143	0.034965	151	0.741722	0.742773	706	0.349858	0.364000	0.324965	
690	0.357971	157	0.050955	153	0.692810	0.742773	690	0.357971	0.361000	0.324982	
699	0.379113	155	0.019355	146	0.698630	0.742773	699	0.379113	0.370000	0.325003	
713	0.420757	153	0.058824	134	0.649254	0.742773	713	0.420757	0.396000	0.325036	
732	0.327869	123	0.024390	145	0.682759	0.887879	732	0.327869	0.342000	0.325044	
726	0.312672	145	0.027586	129	0.651163	0.887879	726	0.312672	0.315000	0.325039	
726	0.342975	139	0.021583	135	0.814815	0.887879	726	0.342975	0.362000	0.325056	
741	0.288799	136	0.000000	123	0.788618	0.887879	741	0.288799	0.311000	0.325050	
719	0.311544	131	0.007634	150	0.780000	0.887879	719	0.311544	0.342000	0.325057	
735	0.288435	122	0.040984	143	0.783217	0.887879	735	0.288435	0.329000	0.325059	
719	0.269819	123	0.016260	158	0.734177	0.887879	719	0.269819	0.312000	0.325053	
723	0.297372	123	0.016260	154	0.733766	0.887879	723	0.297372	0.330000	0.325055	
692	0.313584	143	0.000000	165	0.715152	0.887879	692	0.313584	0.335000	0.325060	
709	0.296192	145	0.013793	146	0.691781	0.887879	709	0.296192	0.313000	0.325055	
719	0.340751	129	0.031008	152	0.723684	0.887879	719	0.340751	0.359000	0.325070	
740	0.304054	137	0.007299	123	0.691057	0.887879	740	0.304054	0.311000	0.325064	
705	0.286525	141	0.007092	154	0.805195	0.887879	705	0.286525	0.327000	0.325065	
711	0.291139	142	0.021127	147	0.782313	0.887879	711	0.291139	0.325000	0.325065	
716	0.310056	147	0.006803	137	0.729927	0.887879	716	0.310056	0.323000	0.325064	
715	0.310490	128	0.039062	157	0.745223	0.887879	715	0.310490	0.344000	0.325072	
722	0.325485	139	0.021583	139	0.755396	0.887879	722	0.325485	0.343000	0.325081	
725	0.255172	125	0.000000	150	0.800000	0.887879	725	0.255172	0.305000	0.325071	
729	0.300412	126	0.000000	145	0.772414	0.887879	729	0.300412	0.331000	0.325074	
710	0.325352	151	0.026490	139	0.791367	0.887879	710	0.325352	0.345000	0.325083	
702	0.296296	139	0.021583	159	0.729560	0.887879	702	0.296296	0.327000	0.325084	
730	0.293151	132	0.015152	138	0.797101	0.887879	730	0.293151	0.326000	0.325085	
740	0.300000	127	0.007874	133	0.706767	0.887879	740	0.300000	0.317000	0.325081	
732	0.323770	131	0.068702	137	0.802920	0.887879	732	0.323770	0.356000	0.325095	
714	0.316527	126	0.015873	160	0.593750	0.887879	714	0.316527	0.323000	0.325094	
708	0.313559	134	0.044776	158	0.734177	0.887879	708	0.313559	0.344000	0.325103	
749	0.327103	131	0.007634	120	0.775000	0.887879	749	0.327103	0.339000	0.325109	
712	0.287921	143	0.041958	145	0.744828	0.887879	712	0.287921	0.319000	0.325106	
722	0.306094	148	0.033784	130	0.723077	0.887879	722	0.306094	0.320000	0.325104	
695	0.292086	143	0.020979	162	0.722222	0.887879	695	0.292086	0.323000	0.325103	
705	0.266667	136	0.000000	159	0.754717	0.887879	705	0.266667	0.308000	0.325095	
729	0.281207	126	0.000000	145	0.793103	0.887879	729	0.281207	0.320000	0.325093	
715	0.295105	141	0.028369	144	0.715278	0.887879	715	0.295105	0.318000	0.325090	
708	0.322034	128	0.023438	164	0.701220	0.887879	708	0.322034	0.346000	0.325099	
722	0.292244	136	0.022059	142	0.788732	0.887879	722	0.292244	0.326000	0.325100	
701	0.338088	154	0.006494	145	0.765517	0.887879	701	0.338088	0.349000	0.325111	
735	0.276190	129	0.007752	136	0.801471	0.887879	735	0.276190	0.313000	0.325105	
745	0.271141	121	0.016529	134	0.776119	0.887879	745	0.271141	0.308000	0.325097	
711	0.344585	133	0.022556	156	0.737179	0.887879	711	0.344585	0.363000	0.325115	
729	0.349794	140	0.007143	131	0.778626	0.887879	729	0.349794	0.358000	0.325130	
724	0.321823	131	0.007634	145	0.703448	0.887879	724	0.321823	0.336000	0.325135	
738	0.319783	133	0.007519	129	0.697674	0.887879	738	0.319783	0.327000	0.325135	
741	0.309042	131	0.007634	128	0.687500	0.887879	741	0.309042	0.318000	0.325132	
717	0.312413	130	0.000000	153	0.712418	0.887879	717	0.312413	0.333000	0.325136	
699	0.300429	165	0.018182	136	0.742647	0.887879	699	0.300429	0.314000	0.325131	
706	0.257790	142	0.028169	152	0.717105	0.887879	706	0.257790	0.295000	0.325117	
733	0.296044	131	0.007634	136	0.757353	0.887879	733	0.296044	0.321000	0.325115	
741	0.296896	124	0.008065	135	0.748148	0.887879	741	0.296896	0.322000	0.325114	
732	0.321038	124	0.024194	144	0.791667	0.887879	732	0.321038	0.352000	0.325126	
701	0.329529	135	0.037037	164	0.689024	0.887879	701	0.329529	0.349000	0.325137	
732	0.308743	121	0.008264	147	0.727891	0.887879	732	0.308743	0.334000	0.325141	
704	0.296875	143	0.020979	153	0.738562	0.887879	704	0.296875	0.325000	0.325141	
704	0.352273	143	0.027972	153	0.705882	0.887879	704	0.352273	0.360000	0.325157	
708	0.305085	142	0.035211	150	0.680000	0.887879	708	0.305085	0.323000	0.325156	
714	0.327731	127	0.000000	159	0.641509	0.887879	714	0.327731	0.336000	0.325160	
724	0.302486	132	0.045455	144	0.694444	0.887879	724	0.302486	0.325000	0.325160	
722	0.306094	147	0.027211	131	0.625954	0.887879	722	0.306094	0.307000	0.325152	
705	0.319149	155	0.025806	140	0.728571	0.887879	705	0.319149	0.331000	0.325155	
664	0.296687	151	0.013245	185	0.778378	0.887879	664	0.296687	0.343000	0.325163	
650	0.241538	170	0.011765	180	0.766667	0.887879	650	0.241538	0.297000	0.325150	
707	0.291372	131	0.015267	162	0.716049	0.887879	707	0.291372	0.324000	0.325150	
726	0.316804	127	0.015748	147	0.721088	0.887879	726	0.316804	0.338000	0.325155	
701	0.345221	146	0.027397	153	0.725490	0.887879	701	0.345221	0.357000	0.325170	
728	0.331044	125	0.016000	147	0.666667	0.887879	728	0.331044	0.341000	0.325177	
707	0.340877	143	0.027972	150	0.680000	0.887879	707	0.340877	0.347000	0.325187	
738	0.322493	124	0.016129	138	0.717391	0.887879	738	0.322493	0.339000	0.325193	
737	0.282225	124	0.016129	139	0.784173	0.887879	737	0.282225	0.319000	0.325190	
685	0.331387	149	0.040268	166	0.656627	0.887879	685	0.331387	0.342000	0.325198	
719	0.328234	136	0.000000	145	0.703448	0.887879	719	0.328234	0.338000	0.325204	
733	0.354707	129	0.015504	138	0.695652	0.887879	733	0.354707	0.358000	0.325218	
729	0.334705	124	0.040323	147	0.700680	0.887879	729	0.334705	0.352000	0.325230	
713	0.326788	132	0.037879	155	0.748387	0.887879	713	0.326788	0.354000	0.325243	
704	0.315341	143	0.034965	153	0.692810	0.887879	704	0.315341	0.333000	0.325247	
695	0.307914	144	0.020833	161	0.714286	0.887879	695	0.307914	0.332000	0.325250	
750	0.345333	120	0.016667	130	0.684615	0.887879	750	0.345333	0.350000	0.325261	
709	0.321580	121	0.041322	170	0.788235	0.887879	709	0.321580	0.367000	0.325280	
728	0.328297	150	0.020000	122	0.729508	0.887879	728	0.328297	0.331000	0.325282	
721	0.316227	131	0.030534	148	0.783784	0.887879	721	0.316227	0.348000	0.325293	
710	0.321127	151	0.013245	139	0.748201	0.887879	710	0.321127	0.334000	0.325297	
729	0.300412	136	0.007353	135	0.725926	0.887879	729	0.300412	0.318000	0.325293	
711	0.272855	135	0.000000	154	0.792208	0.887879	711	0.272855	0.316000	0.325289	
705	0.300709	136	0.007353	159	0.742138	0.887879	705	0.300709	0.331000	0.325292	
751	0.299601	118	0.008475	131	0.694656	0.887879	751	0.299601	0.317000	0.325288	
716	0.301676	141	0.007092	143	0.685315	0.887879	716	0.301676	0.315000	0.325283	
756	0.276455	132	0.007576	112	0.696429	0.887879	756	0.276455	0.288000	0.325267	
710	0.300000	155	0.012903	135	0.777778	0.887879	710	0.300000	0.320000	0.325264	
735	0.341497	115	0.017391	150	0.753333	0.887879	735	0.341497	0.366000	0.325283	
711	0.300985	150	0.000000	139	0.784173	0.887879	711	0.300985	0.323000	0.325281	
741	0.333333	122	0.000000	137	0.744526	0.887879	741	0.333333	0.349000	0.325292	
704	0.316761	138	0.057971	158	0.753165	0.887879	704	0.316761	0.350000	0.325303	
756	0.279101	127	0.000000	117	0.811966	0.887879	756	0.279101	0.306000	0.325294	
718	0.299443	122	0.008197	160	0.756250	0.887879	718	0.299443	0.337000	0.325300	
720	0.318056	140	0.021429	140	0.778571	0.887879	720	0.318056	0.341000	0.325307	
718	0.300836	151	0.026490	131	0.725191	0.887879	718	0.300836	0.315000	0.325302	
697	0.304161	140	0.000000	163	0.766871	0.887879	697	0.304161	0.337000	0.325307	
712	0.282303	127	0.031496	161	0.739130	0.887879	712	0.282303	0.324000	0.325307	
734	0.344687	125	0.008000	141	0.765957	0.887879	734	0.344687	0.362000	0.325323	
745	0.330201	117	0.034188	138	0.731884	0.887879	745	0.330201	0.351000	0.325335	
704	0.294034	136	0.036765	160	0.725000	0.887879	704	0.294034	0.328000	0.325336	
708	0.316384	141	0.014184	151	0.761589	0.887879	708	0.316384	0.341000	0.325343	
739	0.316644	120	0.008333	141	0.787234	0.887879	739	0.316644	0.346000	0.325352	
727	0.284732	124	0.024194	149	0.805369	0.887879	727	0.284732	0.330000	0.325354	
722	0.300554	140	0.035714	138	0.753623	0.887879	722	0.300554	0.326000	0.325354	
750	0.333333	119	0.008403	131	0.755725	0.887879	750	0.333333	0.350000	0.325365	
746	0.335121	117	0.000000	137	0.751825	0.887879	746	0.335121	0.353000	0.325377	
726	0.322314	122	0.032787	152	0.802632	0.887879	726	0.322314	0.360000	0.325393	
740	0.295946	113	0.017699	147	0.775510	0.887879	740	0.295946	0.335000	0.325397	
761	0.324573	116	0.017241	123	0.666667	0.887879	761	0.324573	0.331000	0.325400	
714	0.312325	141	0.035461	145	0.737931	0.887879	714	0.312325	0.335000	0.325404	
746	0.324397	110	0.018182	144	0.708333	0.887879	746	0.324397	0.346000	0.325413	
722	0.318560	136	0.022059	142	0.746479	0.887879	722	0.318560	0.339000	0.325419	
728	0.318681	133	0.007519	139	0.755396	0.887879	728	0.318681	0.338000	0.325424	
718	0.314763	126	0.031746	156	0.801282	0.887879	718	0.314763	0.355000	0.325438	
719	0.311544	124	0.016129	157	0.719745	0.887879	719	0.311544	0.339000	0.325444	
728	0.342033	130	0.007692	142	0.781690	0.887879	728	0.342033	0.361000	0.325459	
733	0.342428	118	0.016949	149	0.751678	0.887879	733	0.342428	0.365000	0.325477	
727	0.273728	129	0.007752	144	0.743056	0.887879	727	0.273728	0.307000	0.325469	
714	0.308123	121	0.000000	165	0.793939	0.887879	714	0.308123	0.351000	0.325480	
716	0.321229	145	0.000000	139	0.776978	0.887879	716	0.321229	0.338000	0.325485	
744	0.338710	123	0.008130	133	0.759398	0.887879	744	0.338710	0.354000	0.325498	
733	0.281037	125	0.000000	142	0.739437	0.887879	733	0.281037	0.311000	0.325491	
714	0.312325	133	0.000000	153	0.777778	0.887879	714	0.312325	0.342000	0.325499	
719	0.287900	148	0.000000	133	0.706767	0.887879	719	0.287900	0.301000	0.325488	
722	0.279778	123	0.000000	155	0.748387	0.887879	722	0.279778	0.318000	0.325485	
717	0.270572	134	0.014925	149	0.711409	0.887879	717	0.270572	0.302000	0.325474	
745	0.322148	117	0.008547	138	0.731884	0.887879	745	0.322148	0.342000	0.325482	
723	0.282158	137	0.007299	140	0.835714	0.887879	723	0.282158	0.322000	0.325480	
722	0.306094	126	0.015873	152	0.802632	0.887879	722	0.306094	0.345000	0.325489	
718	0.345404	139	0.021583	143	0.734266	0.887879	718	0.345404	0.356000	0.325502	
733	0.301501	115	0.008696	152	0.769737	0.887879	733	0.301501	0.339000	0.325508	
730	0.297260	132	0.015152	138	0.782609	0.887879	730	0.297260	0.327000	0.325509	
710	0.332394	124	0.000000	166	0.759036	0.887879	710	0.332394	0.362000	0.325525	
732	0.293716	138	0.000000	130	0.769231	0.887879	732	0.293716	0.315000	0.325520	
709	0.307475	136	0.022059	155	0.780645	0.887879	709	0.307475	0.342000	0.325527	
732	0.289617	125	0.008000	143	0.776224	0.887879	732	0.289617	0.324000	0.325527	
724	0.338398	131	0.000000	145	0.689655	0.887879	724	0.338398	0.345000	0.325535	
695	0.279137	148	0.033784	157	0.777070	0.887879	695	0.279137	0.321000	0.325533	
698	0.302292	147	0.034014	155	0.793548	0.887879	698	0.302292	0.339000	0.325539	
717	0.306834	136	0.007353	147	0.775510	0.887879	717	0.306834	0.335000	0.325543	
742	0.316712	116	0.008621	142	0.774648	0.887879	742	0.316712	0.346000	0.325552	
722	0.263158	124	0.000000	154	0.707792	0.887879	722	0.263158	0.299000	0.325540	
714	0.301120	126	0.055556	160	0.743750	0.887879	714	0.301120	0.341000	0.325547	
739	0.316644	105	0.038095	156	0.846154	0.887879	739	0.316644	0.370000	0.325567	
734	0.352861	134	0.022388	132	0.719697	0.887879	734	0.352861	0.357000	0.325580	
713	0.288920	138	0.036232	149	0.771812	0.887879	713	0.288920	0.326000	0.325581	
764	0.294503	113	0.026549	123	0.780488	0.887879	764	0.294503	0.324000	0.325580	
715	0.302098	136	0.007353	149	0.738255	0.887879	715	0.302098	0.327000	0.325580	
733	0.305593	122	0.016393	145	0.668966	0.887879	733	0.305593	0.323000	0.325579	
710	0.311268	154	0.012987	136	0.757353	0.887879	710	0.311268	0.326000	0.325579	
716	0.247207	137	0.014599	147	0.693878	0.887879	716	0.247207	0.281000	0.325560	
723	0.325035	130	0.015385	147	0.734694	0.887879	723	0.325035	0.345000	0.325569	
713	0.311360	143	0.020979	144	0.736111	0.887879	713	0.311360	0.331000	0.325571	
709	0.283498	134	0.000000	157	0.726115	0.887879	709	0.283498	0.315000	0.325566	
733	0.272851	131	0.015267	136	0.683824	0.887879	733	0.272851	0.295000	0.325553	
740	0.344595	132	0.000000	128	0.765625	0.887879	740	0.344595	0.353000	0.325565	
728	0.236264	125	0.000000	147	0.768707	0.887879	728	0.236264	0.285000	0.325547	
697	0.308465	146	0.000000	157	0.783439	0.887879	697	0.308465	0.338000	0.325553	
721	0.316227	137	0.043796	142	0.697183	0.887879	721	0.316227	0.333000	0.325556	
700	0.305714	151	0.039735	149	0.704698	0.887879	700	0.305714	0.325000	0.325556	
652	0.240798	167	0.017964	181	0.734807	0.887879	652	0.240798	0.293000	0.325542	
653	0.267994	147	0.000000	200	0.775000	0.887879	653	0.267994	0.330000	0.325544	
632	0.238924	169	0.000000	199	0.723618	0.887879	632	0.238924	0.295000	0.325530	
640	0.209375	170	0.000000	190	0.805263	0.887879	640	0.209375	0.287000	0.325514	
613	0.215334	184	0.000000	203	0.758621	0.887879	613	0.215334	0.286000	0.325497	
630	0.260317	155	0.000000	215	0.772093	0.887879	630	0.260317	0.330000	0.325499	
639	0.244131	160	0.000000	201	0.736318	0.887879	639	0.244131	0.304000	0.325489	
638	0.217868	170	0.000000	192	0.744792	0.887879	638	0.217868	0.282000	0.325470	
645	0.241860	169	0.000000	186	0.704301	0.887879	645	0.241860	0.287000	0.325454	
641	0.241810	157	0.000000	202	0.772277	0.887879	641	0.241810	0.311000	0.325448	
647	0.245750	140	0.000000	213	0.779343	0.887879	647	0.245750	0.325000	0.325447	
637	0.221350	170	0.000000	193	0.746114	0.887879	637	0.221350	0.285000	0.325430	
639	0.239437	166	0.012048	195	0.728205	0.887879	639	0.239437	0.297000	0.325418	
652	0.190184	164	0.000000	184	0.793478	0.887879	652	0.190184	0.270000	0.325394	
645	0.347287	163	0.000000	192	0.744792	0.650693	645	0.347287	0.367000	0.325412	
638	0.368339	162	0.000000	200	0.765000	0.650693	638	0.368339	0.388000	0.325439	
666	0.376877	152	0.000000	182	0.829670	0.650693	666	0.376877	0.402000	0.325472	
644	0.371118	170	0.000000	186	0.768817	0.650693	644	0.371118	0.382000	0.325496	
661	0.405446	157	0.000000	182	0.703297	0.650693	661	0.405446	0.396000	0.325526	
608	0.136513	174	0.000000	218	0.766055	1.199529	608	0.136513	0.250000	0.325494	
630	0.201587	181	0.000000	189	0.772487	0.949290	630	0.201587	0.273000	0.325471	
629	0.217806	169	0.000000	202	0.782178	0.949290	629	0.217806	0.295000	0.325458	
636	0.209119	161	0.018634	203	0.788177	0.949290	636	0.209119	0.296000	0.325446	
739	0.301759	126	0.031746	135	0.681481	0.949290	739	0.301759	0.319000	0.325443	
726	0.301653	123	0.024390	151	0.708609	0.949290	726	0.301653	0.329000	0.325444	
699	0.276109	140	0.057143	161	0.683230	0.949290	699	0.276109	0.311000	0.325438	
745	0.302013	118	0.025424	137	0.642336	0.949290	745	0.302013	0.316000	0.325434	
696	0.235632	129	0.038760	175	0.674286	0.949290	696	0.235632	0.287000	0.325418	
722	0.301939	158	0.031646	120	0.658333	0.949290	722	0.301939	0.302000	0.325408	
720	0.302778	142	0.035211	138	0.673913	0.949290	720	0.302778	0.316000	0.325404	
709	0.280677	138	0.036232	153	0.673203	0.949290	709	0.280677	0.307000	0.325396	
709	0.289140	140	0.021429	151	0.629139	0.949290	709	0.289140	0.303000	0.325386	
691	0.293777	152	0.046053	157	0.668790	0.949290	691	0.293777	0.315000	0.325382	
735	0.281633	131	0.022901	134	0.649254	0.949290	735	0.281633	0.297000	0.325370	
724	0.314917	135	0.037037	141	0.744681	0.949290	724	0.314917	0.338000	0.325375	
715	0.269930	130	0.015385	155	0.735484	0.949290	715	0.269930	0.309000	0.325368	
723	0.240664	117	0.000000	160	0.743750	0.949290	723	0.240664	0.293000	0.325354	
735	0.246259	147	0.013605	118	0.711864	0.949290	735	0.246259	0.267000	0.325329	
735	0.247619	131	0.015267	134	0.679104	0.949290	735	0.247619	0.275000	0.325308	
725	0.275862	115	0.000000	160	0.781250	0.949290	725	0.275862	0.325000	0.325308	
747	0.262383	116	0.034483	137	0.700730	0.949290	747	0.262383	0.296000	0.325295	
693	0.294372	144	0.013889	163	0.736196	0.949290	693	0.294372	0.326000	0.325296	
722	0.235457	130	0.015385	148	0.817568	0.949290	722	0.235457	0.293000	0.325282	
727	0.269601	135	0.007407	138	0.666667	0.949290	727	0.269601	0.289000	0.325266	
721	0.257975	141	0.021277	138	0.702899	0.949290	721	0.257975	0.286000	0.325250	
732	0.265027	131	0.022901	137	0.781022	0.949290	732	0.265027	0.304000	0.325241	
726	0.301653	124	0.008065	150	0.806667	0.949290	726	0.301653	0.341000	0.325247	
710	0.321127	138	0.043478	152	0.710526	0.949290	710	0.321127	0.342000	0.325255	
705	0.299291	146	0.047945	149	0.677852	0.949290	705	0.299291	0.319000	0.325252	
751	0.292943	118	0.050847	131	0.702290	0.949290	751	0.292943	0.318000	0.325249	
709	0.287729	151	0.026490	140	0.685714	0.949290	709	0.287729	0.304000	0.325240	
734	0.298365	149	0.026846	117	0.743590	0.949290	734	0.298365	0.310000	0.325233	
724	0.324586	129	0.000000	147	0.700680	0.949290	724	0.324586	0.338000	0.325239	
731	0.317373	133	0.030075	136	0.683824	0.949290	731	0.317373	0.329000	0.325240	
716	0.305866	135	0.059259	149	0.651007	0.949290	716	0.305866	0.324000	0.325240	
734	0.329700	119	0.050420	147	0.673469	0.949290	734	0.329700	0.347000	0.325249	
719	0.293463	143	0.027972	138	0.673913	0.949290	719	0.293463	0.308000	0.325242	
715	0.377622	147	0.027211	138	0.818841	0.949290	715	0.377622	0.387000	0.325268	
732	0.344262	139	0.014388	129	0.728682	0.949290	732	0.344262	0.348000	0.325277	
701	0.330956	138	0.014493	161	0.770186	0.949290	701	0.330956	0.358000	0.325291	
704	0.292614	141	0.000000	155	0.722581	0.949290	704	0.292614	0.318000	0.325288	
735	0.295238	128	0.007812	137	0.802920	0.949290	735	0.295238	0.328000	0.325289	
719	0.271210	142	0.049296	139	0.719424	0.949290	719	0.271210	0.302000	0.325279	
695	0.290647	148	0.006757	157	0.783439	0.949290	695	0.290647	0.326000	0.325280	
717	0.280335	143	0.006993	140	0.814286	0.949290	717	0.280335	0.316000	0.325276	
709	0.260931	135	0.007407	156	0.705128	0.949290	709	0.260931	0.296000	0.325264	
716	0.272346	130	0.015385	154	0.727273	0.949290	716	0.272346	0.309000	0.325257	
704	0.255682	145	0.013793	151	0.735099	0.949290	704	0.255682	0.293000	0.325243	
709	0.235543	149	0.026846	142	0.683099	0.949290	709	0.235543	0.268000	0.325219	
702	0.280627	147	0.020408	151	0.754967	0.949290	702	0.280627	0.314000	0.325214	
725	0.268966	142	0.028169	133	0.744361	0.949290	725	0.268966	0.298000	0.325203	
705	0.276596	163	0.006135	132	0.765152	0.949290	705	0.276596	0.297000	0.325191	
714	0.243697	149	0.000000	137	0.788321	0.949290	714	0.243697	0.282000	0.325173	
723	0.313970	119	0.016807	158	0.797468	0.949290	723	0.313970	0.355000	0.325185	
737	0.302578	135	0.044444	128	0.757812	0.949290	737	0.302578	0.326000	0.325186	
721	0.285714	158	0.012658	121	0.710744	0.949290	721	0.285714	0.294000	0.325173	
726	0.274105	137	0.007299	137	0.781022	0.949290	726	0.274105	0.307000	0.325165	
700	0.307143	153	0.006536	147	0.693878	0.949290	700	0.307143	0.318000	0.325162	
724	0.281768	140	0.007143	136	0.705882	0.949290	724	0.281768	0.301000	0.325152	
702	0.264957	129	0.046512	169	0.775148	0.949290	702	0.264957	0.323000	0.325151	
720	0.294444	136	0.022059	144	0.708333	0.949290	720	0.294444	0.317000	0.325148	
732	0.251366	127	0.007874	141	0.794326	0.949290	732	0.251366	0.297000	0.325136	
736	0.250000	133	0.022556	131	0.732824	0.949290	736	0.250000	0.283000	0.325118	
735	0.310204	134	0.007463	131	0.763359	0.949290	735	0.310204	0.329000	0.325120	
721	0.251040	143	0.020979	136	0.794118	0.949290	721	0.251040	0.292000	0.325106	
735	0.277551	130	0.015385	135	0.748148	0.949290	735	0.277551	0.307000	0.325098	
719	0.260083	119	0.000000	162	0.771605	0.949290	719	0.260083	0.312000	0.325093	
706	0.270538	135	0.000000	159	0.761006	0.949290	706	0.270538	0.312000	0.325088	
706	0.271955	138	0.014493	156	0.737179	0.949290	706	0.271955	0.309000	0.325081	
752	0.267287	114	0.017544	134	0.746269	0.949290	752	0.267287	0.303000	0.325072	
715	0.283916	145	0.013793	140	0.807143	0.949290	715	0.283916	0.318000	0.325069	
718	0.316156	143	0.034965	139	0.755396	0.949290	718	0.316156	0.337000	0.325074	
718	0.252089	148	0.013514	134	0.753731	0.949290	718	0.252089	0.284000	0.325057	
725	0.286897	130	0.030769	145	0.813793	0.949290	725	0.286897	0.330000	0.325059	
713	0.276297	143	0.013986	144	0.715278	0.949290	713	0.276297	0.302000	0.325049	
728	0.265110	144	0.020833	128	0.679688	0.949290	728	0.265110	0.283000	0.325031	
723	0.286307	130	0.007692	147	0.741497	0.949290	723	0.286307	0.317000	0.325028	
723	0.313970	127	0.023622	150	0.786667	0.949290	723	0.313970	0.348000	0.325038	
710	0.280282	134	0.000000	156	0.737179	0.949290	710	0.280282	0.314000	0.325033	
731	0.292750	131	0.007634	138	0.768116	0.949290	731	0.292750	0.321000	0.325031	
701	0.293866	142	0.007042	157	0.751592	0.949290	701	0.293866	0.325000	0.325031	
714	0.246499	132	0.015152	154	0.766234	0.949290	714	0.246499	0.296000	0.325019	
726	0.293388	140	0.021429	134	0.701493	0.949290	726	0.293388	0.310000	0.325013	
707	0.285714	139	0.007194	154	0.707792	0.949290	707	0.285714	0.312000	0.325008	
713	0.290323	135	0.007407	152	0.677632	0.949290	713	0.290323	0.311000	0.325002	
699	0.261803	151	0.000000	150	0.720000	0.949290	699	0.261803	0.291000	0.324988	
723	0.301521	146	0.027397	131	0.763359	0.949290	723	0.301521	0.322000	0.324987	
732	0.252732	135	0.014815	133	0.781955	0.949290	732	0.252732	0.291000	0.324973	
677	0.280650	146	0.020548	177	0.762712	0.949290	677	0.280650	0.328000	0.324974	
716	0.263966	128	0.000000	156	0.750000	0.949290	716	0.263966	0.306000	0.324966	
708	0.276836	130	0.000000	162	0.765432	0.949290	708	0.276836	0.320000	0.324964	
724	0.272099	136	0.022059	140	0.707143	0.949290	724	0.272099	0.299000	0.324953	
691	0.314038	164	0.012195	145	0.655172	0.949290	691	0.314038	0.314000	0.324949	
701	0.243937	149	0.040268	150	0.746667	0.949290	701	0.243937	0.289000	0.324934	
738	0.272358	127	0.007874	135	0.733333	0.949290	738	0.272358	0.301000	0.324924	
696	0.245690	137	0.021898	167	0.784431	0.949290	696	0.245690	0.305000	0.324916	
704	0.271307	151	0.000000	145	0.800000	0.949290	704	0.271307	0.307000	0.324908	
720	0.290278	130	0.000000	150	0.826667	0.949290	720	0.290278	0.333000	0.324912	
695	0.258993	142	0.007042	163	0.730061	0.949290	695	0.258993	0.300000	0.324901	
736	0.255435	122	0.000000	142	0.802817	0.949290	736	0.255435	0.302000	0.324892	
705	0.273759	144	0.013889	151	0.781457	0.949290	705	0.273759	0.313000	0.324887	
719	0.251739	132	0.000000	149	0.785235	0.949290	719	0.251739	0.298000	0.324876	
736	0.270380	122	0.016393	142	0.767606	0.949290	736	0.270380	0.310000	0.324870	
729	0.274348	139	0.007194	132	0.818182	0.949290	729	0.274348	0.309000	0.324863	
719	0.268428	124	0.008065	157	0.732484	0.949290	719	0.268428	0.309000	0.324857	
705	0.282270	153	0.000000	142	0.732394	0.949290	705	0.282270	0.303000	0.324848	
705	0.276596	147	0.000000	148	0.729730	0.949290	705	0.276596	0.303000	0.324839	
732	0.288251	132	0.022727	136	0.742647	0.949290	732	0.288251	0.315000	0.324835	
738	0.265583	131	0.000000	131	0.763359	0.949290	738	0.265583	0.296000	0.324823	
716	0.282123	134	0.029851	150	0.740000	0.949290	716	0.282123	0.317000	0.324820	
742	0.265499	130	0.030769	128	0.757812	0.949290	742	0.265499	0.298000	0.324809	
715	0.239161	132	0.007576	153	0.712418	0.949290	715	0.239161	0.281000	0.324791	
725	0.257931	136	0.007353	139	0.776978	0.949290	725	0.257931	0.296000	0.324779	
724	0.274862	153	0.013072	123	0.764228	0.949290	724	0.274862	0.295000	0.324767	
710	0.291549	124	0.016129	166	0.825301	0.949290	710	0.291549	0.346000	0.324776	
720	0.283333	143	0.000000	137	0.781022	0.949290	720	0.283333	0.311000	0.324770	
752	0.259309	125	0.024000	123	0.804878	0.949290	752	0.259309	0.297000	0.324759	
712	0.252809	137	0.007299	151	0.768212	0.949290	712	0.252809	0.297000	0.324747	
718	0.285515	144	0.020833	138	0.731884	0.949290	718	0.285515	0.309000	0.324741	
707	0.275813	132	0.007576	161	0.770186	0.949290	707	0.275813	0.320000	0.324739	
737	0.251018	138	0.021739	125	0.696000	0.949290	737	0.251018	0.275000	0.324719	
722	0.272853	124	0.000000	154	0.759740	0.949290	722	0.272853	0.314000	0.324714	
730	0.280822	126	0.047619	144	0.673611	0.949290	730	0.280822	0.308000	0.324707	
721	0.307906	136	0.022059	143	0.727273	0.949290	721	0.307906	0.329000	0.324709	
705	0.302128	143	0.041958	152	0.750000	0.949290	705	0.302128	0.333000	0.324712	
718	0.307799	151	0.046358	131	0.648855	0.949290	718	0.307799	0.313000	0.324708	
726	0.309917	120	0.008333	154	0.649351	0.949290	726	0.309917	0.326000	0.324708	
715	0.311888	133	0.030075	152	0.743421	0.949290	715	0.311888	0.340000	0.324714	
746	0.305630	120	0.058333	134	0.708955	0.949290	746	0.305630	0.330000	0.324717	
730	0.278082	130	0.007692	140	0.757143	0.949290	730	0.278082	0.310000	0.324711	
715	0.311888	138	0.014493	147	0.714286	0.949290	715	0.311888	0.330000	0.324713	
727	0.275103	130	0.015385	143	0.741259	0.949290	727	0.275103	0.308000	0.324706	
727	0.327373	138	0.043478	135	0.785185	0.949290	727	0.327373	0.350000	0.324716	
724	0.418508	117	0.102564	159	0.798742	0.949290	724	0.418508	0.442000	0.324764	
748	0.108289	114	0.017544	138	0.789855	1.771535	748	0.108289	0.192000	0.324710	
699	0.246066	158	0.018987	143	0.769231	1.063084	699	0.246066	0.285000	0.324694	
736	0.213315	125	0.040000	139	0.733813	1.063084	736	0.213315	0.264000	0.324669	
726	0.223140	144	0.013889	130	0.830769	1.063084	726	0.223140	0.272000	0.324648	
704	0.250000	139	0.014388	157	0.745223	1.063084	704	0.250000	0.295000	0.324636	
728	0.271978	135	0.029630	137	0.729927	1.063084	728	0.271978	0.302000	0.324627	
704	0.265625	150	0.013333	146	0.739726	1.063084	704	0.265625	0.297000	0.324616	
742	0.292453	120	0.033333	138	0.746377	1.063084	742	0.292453	0.324000	0.324615	
701	0.256776	153	0.013072	146	0.787671	1.063084	701	0.256776	0.297000	0.324604	
724	0.243094	141	0.007092	135	0.711111	1.063084	724	0.243094	0.273000	0.324583	
733	0.207367	128	0.000000	139	0.834532	1.063084	733	0.207367	0.268000	0.324560	
741	0.225371	108	0.000000	151	0.741722	1.063084	741	0.225371	0.279000	0.324542	
728	0.230769	119	0.025210	153	0.738562	1.063084	728	0.230769	0.284000	0.324526	
729	0.237311	139	0.007194	132	0.772727	1.063084	729	0.237311	0.276000	0.324506	
716	0.219274	137	0.014599	147	0.755102	1.063084	716	0.219274	0.270000	0.324484	
708	0.193503	162	0.000000	130	0.800000	1.063084	708	0.193503	0.241000	0.324450	
722	0.211911	132	0.015152	146	0.732877	1.043777	722	0.211911	0.262000	0.324425	
730	0.232877	128	0.015625	142	0.809859	1.043777	730	0.232877	0.287000	0.324410	
723	0.225450	135	0.000000	142	0.760563	1.043777	723	0.225450	0.271000	0.324388	
717	0.260809	130	0.015385	153	0.732026	1.043777	717	0.260809	0.301000	0.324379	
739	0.248985	136	0.036765	125	0.752000	1.043777	739	0.248985	0.283000	0.324362	
736	0.270380	141	0.007092	123	0.707317	1.043777	736	0.270380	0.287000	0.324347	
725	0.208276	132	0.000000	143	0.692308	1.043777	725	0.208276	0.250000	0.324317	
708	0.214689	140	0.000000	152	0.717105	1.043777	708	0.214689	0.261000	0.324292	
720	0.251389	136	0.029412	144	0.770833	1.043777	720	0.251389	0.296000	0.324281	
721	0.219140	132	0.022727	147	0.775510	1.043777	721	0.219140	0.275000	0.324261	
731	0.210670	116	0.025862	153	0.764706	1.043777	731	0.210670	0.274000	0.324241	
710	0.233803	133	0.000000	157	0.789809	1.043777	710	0.233803	0.290000	0.324227	
734	0.269755	129	0.007752	137	0.744526	1.043777	734	0.269755	0.301000	0.324217	
720	0.238889	152	0.019737	128	0.734375	1.043777	720	0.238889	0.269000	0.324195	
692	0.238439	141	0.021277	167	0.742515	1.043777	692	0.238439	0.292000	0.324182	
723	0.261411	126	0.023810	151	0.768212	1.043777	723	0.261411	0.308000	0.324176	
718	0.203343	142	0.014085	140	0.757143	1.043777	718	0.203343	0.254000	0.324148	
715	0.223776	122	0.016393	163	0.766871	1.043777	715	0.223776	0.287000	0.324133	
726	0.216253	122	0.016393	152	0.736842	1.043777	726	0.216253	0.271000	0.324112	
723	0.239281	112	0.000000	165	0.793939	1.043777	723	0.239281	0.304000	0.324104	
755	0.219868	125	0.000000	120	0.766667	1.043777	755	0.219868	0.258000	0.324077	
689	0.224964	156	0.025641	155	0.722581	1.043777	689	0.224964	0.271000	0.324056	
731	0.206566	125	0.000000	144	0.715278	1.043777	731	0.206566	0.254000	0.324028	
720	0.237500	126	0.000000	154	0.733766	1.043777	720	0.237500	0.284000	0.324012	
719	0.226704	144	0.020833	137	0.715328	1.043777	719	0.226704	0.264000	0.323988	
718	0.236769	134	0.022388	148	0.695946	1.043777	718	0.236769	0.276000	0.323969	
730	0.258904	123	0.008130	147	0.768707	1.043777	730	0.258904	0.303000	0.323960	
735	0.250340	130	0.015385	135	0.807407	1.043777	735	0.250340	0.295000	0.323949	
702	0.222222	160	0.031250	138	0.739130	1.043777	702	0.222222	0.263000	0.323924	
701	0.249643	140	0.028571	159	0.710692	1.043777	701	0.249643	0.292000	0.323912	
756	0.279101	113	0.044248	131	0.702290	1.043777	756	0.279101	0.308000	0.323905	
709	0.252468	141	0.028369	150	0.680000	1.043777	709	0.252468	0.285000	0.323890	
738	0.262873	134	0.014925	128	0.648438	1.043777	738	0.262873	0.279000	0.323872	
746	0.289544	127	0.047244	127	0.708661	1.043777	746	0.289544	0.312000	0.323867	
721	0.238558	122	0.032787	157	0.757962	1.043777	721	0.238558	0.295000	0.323856	
725	0.259310	146	0.027397	129	0.689922	1.043777	725	0.259310	0.281000	0.323839	
712	0.259831	150	0.053333	138	0.724638	1.043777	712	0.259831	0.293000	0.323827	
722	0.285319	127	0.007874	151	0.695364	1.043777	722	0.285319	0.312000	0.323822	
725	0.249655	147	0.047619	128	0.648438	1.043777	725	0.249655	0.271000	0.323801	
735	0.259864	124	0.032258	141	0.638298	1.043777	735	0.259864	0.285000	0.323785	
728	0.263736	130	0.000000	142	0.661972	1.043777	728	0.263736	0.286000	0.323770	
736	0.259511	122	0.065574	142	0.697183	1.043777	736	0.259511	0.298000	0.323760	
714	0.270308	150	0.026667	136	0.691176	1.043777	714	0.270308	0.291000	0.323747	
719	0.278164	142	0.014085	139	0.676259	1.043777	719	0.278164	0.296000	0.323736	
726	0.272727	124	0.000000	150	0.726667	1.043777	726	0.272727	0.307000	0.323730	
683	0.265007	157	0.012739	160	0.693750	1.043777	683	0.265007	0.294000	0.323718	
710	0.215493	141	0.014184	149	0.657718	1.043777	710	0.215493	0.253000	0.323690	
714	0.261905	139	0.014388	147	0.612245	1.043777	714	0.261905	0.279000	0.323672	
695	0.261871	135	0.014815	170	0.694118	1.043777	695	0.261871	0.302000	0.323664	
713	0.246844	144	0.041667	143	0.783217	1.043777	713	0.246844	0.294000	0.323652	
700	0.257143	156	0.012821	144	0.798611	1.043777	700	0.257143	0.297000	0.323641	
729	0.230453	131	0.038168	140	0.735714	1.043777	729	0.230453	0.276000	0.323622	
733	0.206003	118	0.033898	149	0.758389	1.043777	733	0.206003	0.268000	0.323600	
709	0.246827	148	0.020270	143	0.769231	1.043777	709	0.246827	0.288000	0.323586	
731	0.258550	127	0.007874	142	0.753521	1.043777	731	0.258550	0.297000	0.323576	
735	0.239456	126	0.000000	139	0.705036	1.043777	735	0.239456	0.274000	0.323556	
713	0.227209	131	0.022901	156	0.743590	1.043777	713	0.227209	0.281000	0.323540	
708	0.227401	137	0.029197	155	0.754839	1.043777	708	0.227401	0.282000	0.323523	
719	0.229485	124	0.056452	157	0.738854	1.043777	719	0.229485	0.288000	0.323509	
736	0.241848	123	0.008130	141	0.758865	1.043777	736	0.241848	0.286000	0.323494	
750	0.264000	147	0.027211	103	0.766990	1.043777	750	0.264000	0.281000	0.323478	
701	0.233951	156	0.006410	143	0.811189	1.043777	701	0.233951	0.281000	0.323461	
747	0.286479	114	0.008772	139	0.719424	1.043777	747	0.286479	0.315000	0.323458	
725	0.257931	137	0.014599	138	0.797101	1.043777	725	0.257931	0.299000	0.323448	
703	0.231863	147	0.013605	150	0.773333	1.043777	703	0.231863	0.281000	0.323431	
725	0.248276	135	0.029630	140	0.771429	1.043777	725	0.248276	0.292000	0.323419	
704	0.245739	154	0.051948	142	0.830986	1.043777	704	0.245739	0.299000	0.323409	
746	0.268097	120	0.000000	134	0.582090	1.043777	746	0.268097	0.278000	0.323391	
712	0.286517	137	0.014599	151	0.682119	1.043777	712	0.286517	0.309000	0.323386	
725	0.268966	136	0.029412	139	0.661871	1.043777	725	0.268966	0.291000	0.323373	
716	0.258380	135	0.022222	149	0.744966	1.043777	716	0.258380	0.299000	0.323364	
742	0.247978	122	0.040984	136	0.691176	1.043777	742	0.247978	0.283000	0.323348	
724	0.269337	124	0.040323	152	0.657895	1.043777	724	0.269337	0.300000	0.323339	
711	0.292546	140	0.050000	149	0.617450	1.043777	711	0.292546	0.307000	0.323332	
699	0.250358	133	0.067669	168	0.744048	1.043777	699	0.250358	0.309000	0.323327	
728	0.299451	116	0.034483	156	0.839744	1.043777	728	0.299451	0.353000	0.323338	
716	0.263966	131	0.030534	153	0.764706	1.043777	716	0.263966	0.310000	0.323333	
710	0.205634	135	0.000000	155	0.729032	1.043777	710	0.205634	0.259000	0.323308	
702	0.247863	144	0.006944	154	0.766234	1.043777	702	0.247863	0.293000	0.323296	
725	0.273103	131	0.030534	144	0.708333	1.043777	725	0.273103	0.304000	0.323288	
685	0.242336	153	0.000000	162	0.740741	1.043777	685	0.242336	0.286000	0.323274	
710	0.261972	143	0.027972	147	0.789116	1.043777	710	0.261972	0.306000	0.323267	
721	0.245492	135	0.029630	144	0.756944	1.043777	721	0.245492	0.290000	0.323254	
720	0.283333	136	0.014706	144	0.756944	1.043777	720	0.283333	0.315000	0.323251	
736	0.232337	134	0.022388	130	0.692308	1.043777	736	0.232337	0.264000	0.323228	
718	0.257660	142	0.028169	140	0.750000	1.043777	718	0.257660	0.294000	0.323216	
731	0.291382	120	0.025000	149	0.704698	1.043777	731	0.291382	0.321000	0.323215	
731	0.251710	134	0.029851	135	0.718519	1.043777	731	0.251710	0.285000	0.323201	
733	0.279673	135	0.014815	132	0.681818	1.043777	733	0.279673	0.297000	0.323190	
724	0.255525	120	0.033333	156	0.705128	1.043777	724	0.255525	0.299000	0.323181	
639	0.195618	168	0.011905	193	0.782383	1.043777	639	0.195618	0.278000	0.323163	
641	0.207488	157	0.000000	202	0.797030	0.906889	641	0.207488	0.294000	0.323152	
647	0.258114	149	0.013423	204	0.735294	0.906889	647	0.258114	0.319000	0.323150	
650	0.233846	173	0.000000	177	0.751412	0.906889	650	0.233846	0.285000	0.323136	
630	0.200000	159	0.012579	211	0.734597	0.906889	630	0.200000	0.283000	0.323120	
625	0.270400	178	0.000000	197	0.751269	0.906889	625	0.270400	0.317000	0.323118	
639	0.248826	162	0.012346	199	0.773869	0.906889	639	0.248826	0.315000	0.323114	
603	0.248756	188	0.000000	209	0.736842	0.906889	603	0.248756	0.304000	0.323107	
639	0.234742	174	0.000000	187	0.754011	0.906889	639	0.234742	0.291000	0.323095	
642	0.210280	171	0.000000	187	0.754011	0.906889	642	0.210280	0.276000	0.323076	
630	0.212698	161	0.000000	209	0.770335	0.906889	630	0.212698	0.295000	0.323065	
640	0.256250	167	0.000000	193	0.839378	0.906889	640	0.256250	0.326000	0.323067	
628	0.264331	158	0.000000	214	0.747664	0.906889	628	0.264331	0.326000	0.323068	
622	0.241158	191	0.000000	187	0.764706	0.906889	622	0.241158	0.293000	0.323056	
656	0.291159	157	0.025478	187	0.759358	0.906889	656	0.291159	0.337000	0.323061	
727	0.276479	123	0.008130	150	0.720000	0.906889	727	0.276479	0.310000	0.323056	
725	0.311724	136	0.022059	139	0.733813	0.906889	725	0.311724	0.331000	0.323059	
716	0.294693	157	0.025478	127	0.716535	0.906889	716	0.294693	0.306000	0.323053	
713	0.291725	142	0.035211	145	0.765517	0.906889	713	0.291725	0.324000	0.323053	
742	0.315364	125	0.024000	133	0.691729	0.906889	742	0.315364	0.329000	0.323056	
713	0.297335	152	0.013158	135	0.725926	0.906889	713	0.297335	0.312000	0.323051	
719	0.329624	149	0.013423	132	0.712121	0.906889	719	0.329624	0.333000	0.323055	
725	0.306207	142	0.021127	133	0.751880	0.906889	725	0.306207	0.325000	0.323056	
741	0.259109	105	0.000000	154	0.746753	0.906889	741	0.259109	0.307000	0.323050	
716	0.286313	142	0.007042	142	0.746479	0.906889	716	0.286313	0.312000	0.323045	
700	0.305714	148	0.027027	152	0.723684	0.906889	700	0.305714	0.328000	0.323047	
722	0.245152	124	0.040323	154	0.805195	0.906889	722	0.245152	0.306000	0.323041	
758	0.294195	122	0.016393	120	0.708333	0.906889	758	0.294195	0.310000	0.323036	
727	0.305365	134	0.000000	139	0.719424	0.906889	727	0.305365	0.322000	0.323035	
719	0.293463	157	0.000000	124	0.741935	0.906889	719	0.293463	0.303000	0.323028	
724	0.262431	130	0.000000	146	0.773973	0.906889	724	0.262431	0.303000	0.323020	
734	0.265668	122	0.016393	144	0.750000	0.906889	734	0.265668	0.305000	0.323013	
724	0.285912	127	0.000000	149	0.704698	0.906889	724	0.285912	0.312000	0.323009	
737	0.282225	133	0.037594	130	0.723077	0.906889	737	0.282225	0.307000	0.323003	
713	0.319776	144	0.013889	143	0.713287	0.906889	713	0.319776	0.332000	0.323006	
733	0.323329	122	0.000000	145	0.717241	0.906889	733	0.323329	0.341000	0.323013	
707	0.308345	145	0.000000	148	0.770270	0.906889	707	0.308345	0.332000	0.323016	
716	0.296089	152	0.032895	132	0.719697	0.906889	716	0.296089	0.312000	0.323012	
725	0.257931	138	0.007246	137	0.700730	0.906889	725	0.257931	0.284000	0.322997	
721	0.296810	137	0.029197	142	0.753521	0.906889	721	0.296810	0.325000	0.322998	
742	0.285714	136	0.036765	122	0.655738	0.906889	742	0.285714	0.297000	0.322988	
720	0.279167	126	0.007937	154	0.720779	0.906889	720	0.279167	0.313000	0.322984	
701	0.332382	144	0.048611	155	0.651613	0.906889	701	0.332382	0.341000	0.322991	
701	0.300999	139	0.050360	160	0.631250	0.906889	701	0.300999	0.319000	0.322990	
723	0.325035	141	0.035461	136	0.735294	0.906889	723	0.325035	0.340000	0.322996	
726	0.318182	147	0.061224	127	0.771654	0.906889	726	0.318182	0.338000	0.323002	
718	0.284123	146	0.020548	136	0.683824	0.906889	718	0.284123	0.300000	0.322993	
738	0.296748	125	0.000000	137	0.788321	0.906889	738	0.296748	0.327000	0.322995	
742	0.283019	126	0.007937	132	0.825758	0.906889	742	0.283019	0.320000	0.322993	
716	0.289106	129	0.023256	155	0.690323	0.906889	716	0.289106	0.317000	0.322991	
724	0.313536	140	0.021429	136	0.676471	0.906889	724	0.313536	0.322000	0.322991	
721	0.303745	143	0.006993	136	0.661765	0.906889	721	0.303745	0.310000	0.322986	
719	0.296245	138	0.014493	143	0.720280	0.906889	719	0.296245	0.318000	0.322984	
699	0.320458	155	0.045161	146	0.678082	0.906889	699	0.320458	0.330000	0.322987	
713	0.300140	137	0.065693	150	0.673333	0.906889	713	0.300140	0.324000	0.322987	
727	0.295736	119	0.042017	154	0.792208	0.906889	727	0.295736	0.342000	0.322994	
727	0.306740	118	0.016949	155	0.774194	0.906889	727	0.306740	0.345000	0.323003	
696	0.280172	154	0.032468	150	0.760000	0.906889	696	0.280172	0.314000	0.322999	
724	0.288674	122	0.000000	154	0.805195	0.906889	724	0.288674	0.333000	0.323003	
734	0.282016	139	0.007194	127	0.732283	0.906889	734	0.282016	0.301000	0.322995	
729	0.292181	120	0.075000	151	0.695364	0.906889	729	0.292181	0.327000	0.322996	
692	0.300578	146	0.054795	162	0.734568	0.906889	692	0.300578	0.335000	0.323001	
703	0.311522	152	0.013158	145	0.696552	0.906889	703	0.311522	0.322000	0.323000	
720	0.302778	135	0.022222	145	0.682759	0.906889	720	0.302778	0.320000	0.322999	
711	0.306610	140	0.014286	149	0.704698	0.906889	711	0.306610	0.325000	0.323000	
725	0.335172	128	0.054688	147	0.734694	0.906889	725	0.335172	0.358000	0.323013	
722	0.360111	126	0.023810	152	0.769737	0.906889	722	0.360111	0.380000	0.323035	
753	0.387782	115	0.017391	132	0.765152	0.906889	753	0.387782	0.395000	0.323062	
718	0.311978	134	0.029851	148	0.790541	0.906889	718	0.311978	0.345000	0.323070	
718	0.296657	145	0.027586	137	0.810219	0.906889	718	0.296657	0.328000	0.323072	
715	0.285315	146	0.006849	139	0.784173	0.906889	715	0.285315	0.314000	0.323069	
726	0.303030	128	0.007812	146	0.719178	0.906889	726	0.303030	0.326000	0.323070	
695	0.284892	137	0.007299	168	0.702381	0.906889	695	0.284892	0.317000	0.323068	
726	0.287879	120	0.008333	154	0.701299	0.906889	726	0.287879	0.318000	0.323066	
732	0.318306	144	0.062500	124	0.717742	0.906889	732	0.318306	0.331000	0.323069	
715	0.261538	125	0.016000	160	0.681250	0.906889	715	0.261538	0.298000	0.323059	
713	0.280505	142	0.007042	145	0.744828	0.906889	713	0.280505	0.309000	0.323054	
693	0.339105	164	0.012195	143	0.818182	0.906889	693	0.339105	0.354000	0.323066	
723	0.305671	132	0.015152	145	0.765517	0.906889	723	0.305671	0.334000	0.323070	
720	0.333333	144	0.006944	136	0.764706	0.906889	720	0.333333	0.345000	0.323078	
722	0.278393	129	0.000000	149	0.691275	0.906889	722	0.278393	0.304000	0.323071	
720	0.251389	141	0.028369	139	0.719424	0.906889	720	0.251389	0.285000	0.323056	
718	0.288301	133	0.015038	149	0.778523	0.906889	718	0.288301	0.325000	0.323057	
717	0.294282	112	0.026786	171	0.789474	0.906889	717	0.294282	0.349000	0.323067	
721	0.339806	126	0.031746	153	0.660131	0.906889	721	0.339806	0.350000	0.323077	
711	0.306610	122	0.024590	167	0.736527	0.906889	711	0.306610	0.344000	0.323085	
722	0.319945	136	0.029412	142	0.690141	0.906889	722	0.319945	0.333000	0.323089	
717	0.288703	133	0.015038	150	0.640000	0.906889	717	0.288703	0.305000	0.323082	
732	0.318306	126	0.039683	142	0.690141	0.906889	732	0.318306	0.336000	0.323087	
707	0.294201	127	0.015748	166	0.674699	0.906889	707	0.294201	0.322000	0.323086	
713	0.332398	132	0.015152	155	0.703226	0.906889	713	0.332398	0.348000	0.323096	
712	0.313202	135	0.000000	153	0.660131	0.906889	712	0.313202	0.324000	0.323096	
706	0.338527	134	0.044776	160	0.706250	0.906889	706	0.338527	0.358000	0.323109	
736	0.279891	119	0.033613	145	0.675862	0.906889	736	0.279891	0.308000	0.323104	
720	0.315278	135	0.066667	145	0.765517	0.906889	720	0.315278	0.347000	0.323113	
704	0.349432	143	0.034965	153	0.836601	0.906889	704	0.349432	0.379000	0.323134	
695	0.302158	130	0.030769	175	0.765714	0.906889	695	0.302158	0.348000	0.323143	
734	0.283379	125	0.016000	141	0.751773	0.906889	734	0.283379	0.316000	0.323140	
728	0.288462	134	0.037313	138	0.782609	0.906889	728	0.288462	0.323000	0.323140	
733	0.275580	132	0.022727	135	0.755556	0.906889	733	0.275580	0.307000	0.323134	
720	0.312500	131	0.015267	149	0.758389	0.906889	720	0.312500	0.340000	0.323140	
725	0.281379	133	0.022556	142	0.767606	0.906889	725	0.281379	0.316000	0.323138	
711	0.291139	149	0.013423	140	0.792857	0.906889	711	0.291139	0.320000	0.323137	
706	0.283286	150	0.020000	144	0.736111	0.906889	706	0.283286	0.309000	0.323131	
738	0.291328	113	0.008850	149	0.778523	0.906889	738	0.291328	0.332000	0.323135	
754	0.285146	117	0.000000	129	0.775194	0.906889	754	0.285146	0.315000	0.323132	
736	0.317935	136	0.007353	128	0.820312	0.906889	736	0.317935	0.340000	0.323138	
740	0.289189	109	0.009174	151	0.682119	0.906889	740	0.289189	0.318000	0.323136	
714	0.295518	141	0.021277	145	0.737931	0.906889	714	0.295518	0.321000	0.323135	
722	0.306094	131	0.007634	147	0.775510	0.906889	722	0.306094	0.336000	0.323140	
727	0.281981	130	0.000000	143	0.790210	0.906889	727	0.281981	0.318000	0.323138	
744	0.297043	132	0.022727	124	0.774194	0.906889	744	0.297043	0.320000	0.323137	
729	0.308642	130	0.015385	141	0.744681	0.906889	729	0.308642	0.332000	0.323140	
724	0.295580	162	0.024691	114	0.736842	0.906889	724	0.295580	0.302000	0.323132	
698	0.292264	159	0.025157	143	0.762238	0.906889	698	0.292264	0.317000	0.323130	
702	0.304843	146	0.000000	152	0.750000	0.906889	702	0.304843	0.328000	0.323132	
717	0.295676	132	0.007576	151	0.735099	0.906889	717	0.295676	0.324000	0.323132	
740	0.282432	125	0.032000	135	0.800000	0.906889	740	0.282432	0.321000	0.323131	
723	0.293223	143	0.000000	134	0.753731	0.906889	723	0.293223	0.313000	0.323128	
738	0.289973	134	0.000000	128	0.765625	0.906889	738	0.289973	0.312000	0.323123	
702	0.301994	158	0.012658	140	0.785714	0.906889	702	0.301994	0.324000	0.323124	
729	0.296296	154	0.000000	117	0.760684	0.906889	729	0.296296	0.305000	0.323117	
716	0.291899	146	0.006849	138	0.753623	0.906889	716	0.291899	0.314000	0.323114	
716	0.272346	124	0.008065	160	0.725000	0.906889	716	0.272346	0.312000	0.323109	
732	0.277322	130	0.015385	138	0.760870	0.906889	732	0.277322	0.310000	0.323105	
684	0.299708	153	0.032680	163	0.797546	0.906889	684	0.299708	0.340000	0.323111	
708	0.313559	146	0.013699	146	0.753425	0.906889	708	0.313559	0.334000	0.323115	
705	0.270922	153	0.013072	142	0.802817	0.906889	705	0.270922	0.307000	0.323109	
686	0.284257	154	0.006494	160	0.768750	0.906889	686	0.284257	0.319000	0.323107	
714	0.260504	146	0.034247	140	0.764286	0.906889	714	0.260504	0.298000	0.323098	
711	0.281294	141	0.035461	148	0.709459	0.906889	711	0.281294	0.310000	0.323093	
715	0.288112	132	0.015152	153	0.732026	0.906889	715	0.288112	0.320000	0.323092	
718	0.316156	138	0.007246	144	0.736111	0.906889	718	0.316156	0.334000	0.323096	
693	0.307359	160	0.006250	147	0.625850	0.906889	693	0.307359	0.306000	0.323090	
719	0.311544	139	0.028777	142	0.718310	0.906889	719	0.311544	0.330000	0.323092	
720	0.280556	144	0.000000	136	0.764706	0.906889	720	0.280556	0.306000	0.323086	
707	0.314003	121	0.008264	172	0.755814	0.906889	707	0.314003	0.353000	0.323097	
701	0.275321	149	0.013423	150	0.746667	0.906889	701	0.275321	0.307000	0.323091	
712	0.275281	143	0.041958	145	0.758621	0.906889	712	0.275281	0.312000	0.323087	
703	0.317212	139	0.021583	158	0.727848	0.906889	703	0.317212	0.341000	0.323094	
727	0.310867	130	0.007692	143	0.720280	0.906889	727	0.310867	0.330000	0.323096	
731	0.321477	117	0.000000	152	0.750000	0.906889	731	0.321477	0.349000	0.323106	
694	0.279539	136	0.044118	170	0.676471	0.906889	694	0.279539	0.315000	0.323103	
689	0.338171	146	0.041096	165	0.684848	0.906889	689	0.338171	0.352000	0.323113	
714	0.282913	125	0.008000	161	0.732919	0.906889	714	0.282913	0.321000	0.323113	
754	0.295756	115	0.000000	131	0.801527	0.906889	754	0.295756	0.328000	0.323114	
737	0.279512	140	0.021429	123	0.772358	0.906889	737	0.279512	0.304000	0.323107	
733	0.260573	128	0.007812	139	0.762590	0.906889	733	0.260573	0.298000	0.323098	
715	0.317483	129	0.000000	156	0.730769	0.906889	715	0.317483	0.341000	0.323105	
713	0.293128	150	0.020000	137	0.737226	0.906889	713	0.293128	0.313000	0.323101	
690	0.328986	141	0.028369	169	0.745562	0.906889	690	0.328986	0.357000	0.323114	
727	0.328748	146	0.013699	127	0.755906	0.906889	727	0.328748	0.337000	0.323119	
710	0.314085	154	0.025974	136	0.742647	0.906889	710	0.314085	0.328000	0.323120	
730	0.300000	133	0.007519	137	0.686131	0.906889	730	0.300000	0.314000	0.323117	
727	0.258597	135	0.007407	138	0.724638	0.906889	727	0.258597	0.289000	0.323105	
711	0.329114	139	0.028777	150	0.773333	0.906889	711	0.329114	0.354000	0.323116	
734	0.301090	128	0.000000	138	0.746377	0.906889	734	0.301090	0.324000	0.323116	
698	0.320917	152	0.013158	150	0.726667	0.906889	698	0.320917	0.335000	0.323121	
722	0.293629	133	0.015038	145	0.800000	0.906889	722	0.293629	0.330000	0.323123	
709	0.300423	156	0.019231	135	0.800000	0.906889	709	0.300423	0.324000	0.323123	
712	0.317416	121	0.016529	167	0.736527	0.906889	712	0.317416	0.351000	0.323134	
712	0.313202	128	0.000000	160	0.775000	0.906889	712	0.313202	0.347000	0.323142	
725	0.289655	129	0.023256	146	0.773973	0.906889	725	0.289655	0.326000	0.323143	
703	0.293030	134	0.014925	163	0.742331	0.906889	703	0.293030	0.329000	0.323146	
725	0.297931	108	0.027778	167	0.796407	0.906889	725	0.297931	0.352000	0.323156	
728	0.289835	135	0.007407	137	0.729927	0.906889	728	0.289835	0.312000	0.323152	
723	0.287690	124	0.016129	153	0.777778	0.906889	723	0.287690	0.329000	0.323154	
713	0.307153	138	0.007246	149	0.738255	0.906889	713	0.307153	0.330000	0.323157	
721	0.282940	135	0.014815	144	0.763889	0.906889	721	0.282940	0.316000	0.323154	
690	0.275362	154	0.019481	156	0.692308	0.906889	690	0.275362	0.301000	0.323146	
721	0.312067	129	0.015504	150	0.746667	0.906889	721	0.312067	0.339000	0.323152	
726	0.289256	136	0.007353	138	0.746377	0.906889	726	0.289256	0.314000	0.323148	
704	0.291193	148	0.033784	148	0.783784	0.906889	704	0.291193	0.326000	0.323149	
686	0.293003	159	0.025157	155	0.754839	0.906889	686	0.293003	0.322000	0.323149	
724	0.291436	136	0.022059	140	0.721429	0.906889	724	0.291436	0.315000	0.323146	
717	0.301255	145	0.006897	138	0.681159	0.906889	717	0.301255	0.311000	0.323142	
717	0.304045	128	0.039062	155	0.741935	0.906889	717	0.304045	0.338000	0.323147	
726	0.304408	134	0.000000	140	0.714286	0.906889	726	0.304408	0.321000	0.323146	
702	0.289174	143	0.013986	155	0.774194	0.906889	702	0.289174	0.325000	0.323147	
693	0.266955	147	0.013605	160	0.718750	0.906889	693	0.266955	0.302000	0.323139	
743	0.309556	124	0.024194	133	0.736842	0.906889	743	0.309556	0.331000	0.323142	
696	0.294540	154	0.019481	150	0.733333	0.906889	696	0.294540	0.318000	0.323140	
740	0.286486	117	0.000000	143	0.825175	0.906889	740	0.286486	0.330000	0.323143	
713	0.272090	133	0.015038	154	0.772727	0.906889	713	0.272090	0.315000	0.323140	
753	0.265604	120	0.000000	127	0.763780	0.906889	753	0.265604	0.297000	0.323130	
733	0.283765	109	0.027523	158	0.734177	0.906889	733	0.283765	0.327000	0.323132	
725	0.335172	122	0.032787	153	0.758170	0.906889	725	0.335172	0.363000	0.323146	
706	0.280453	162	0.037037	132	0.772727	0.906889	706	0.280453	0.306000	0.323140	
721	0.317614	130	0.000000	149	0.744966	0.906889	721	0.317614	0.340000	0.323146	
714	0.305322	130	0.015385	156	0.750000	0.906889	714	0.305322	0.337000	0.323151	
732	0.289617	127	0.023622	141	0.780142	0.906889	732	0.289617	0.325000	0.323152	
736	0.296196	116	0.008621	148	0.804054	0.906889	736	0.296196	0.338000	0.323157	
690	0.289855	145	0.006897	165	0.739394	0.906889	690	0.289855	0.323000	0.323157	
716	0.296089	138	0.014493	146	0.732877	0.906889	716	0.296089	0.321000	0.323156	
716	0.304469	139	0.035971	145	0.717241	0.906889	716	0.304469	0.327000	0.323158	
711	0.317862	126	0.000000	163	0.834356	0.906889	711	0.317862	0.362000	0.323172	
717	0.285914	139	0.007194	144	0.798611	0.906889	717	0.285914	0.321000	0.323171	
722	0.301939	138	0.000000	140	0.750000	0.906889	722	0.301939	0.323000	0.323171	
745	0.292617	124	0.008065	131	0.801527	0.906889	745	0.292617	0.324000	0.323171	
728	0.309066	125	0.008000	147	0.741497	0.906889	728	0.309066	0.335000	0.323175	
698	0.262178	129	0.007752	173	0.774566	0.906889	698	0.262178	0.318000	0.323174	
704	0.298295	148	0.006757	148	0.736486	0.906889	704	0.298295	0.320000	0.323172	
724	0.290055	137	0.014599	139	0.762590	0.906889	724	0.290055	0.318000	0.323171	
720	0.294444	136	0.058824	144	0.743056	0.906889	720	0.294444	0.327000	0.323172	
741	0.323887	121	0.000000	138	0.760870	0.906889	741	0.323887	0.345000	0.323180	
741	0.298246	121	0.008264	138	0.768116	0.906889	741	0.298246	0.328000	0.323182	
687	0.288210	135	0.014815	178	0.792135	0.906889	687	0.288210	0.341000	0.323188	
707	0.308345	146	0.013699	147	0.748299	0.906889	707	0.308345	0.330000	0.323190	
718	0.299443	131	0.022901	151	0.788079	0.906889	718	0.299443	0.337000	0.323195	
721	0.303745	121	0.008264	158	0.765823	0.906889	721	0.303745	0.341000	0.323202	
736	0.311141	126	0.007937	138	0.789855	0.906889	736	0.311141	0.339000	0.323208	
737	0.278155	116	0.008621	147	0.755102	0.906889	737	0.278155	0.317000	0.323205	
715	0.332867	132	0.022727	153	0.771242	0.906889	715	0.332867	0.359000	0.323218	
720	0.319444	135	0.014815	145	0.696552	0.906889	720	0.319444	0.333000	0.323222	
722	0.264543	126	0.007937	152	0.723684	0.906889	722	0.264543	0.302000	0.323214	
696	0.341954	148	0.040541	156	0.685897	0.906889	696	0.341954	0.351000	0.323224	
734	0.346049	136	0.029412	130	0.607692	0.906889	734	0.346049	0.337000	0.323229	
737	0.333786	118	0.033898	145	0.717241	0.906889	737	0.333786	0.354000	0.323240	
712	0.327247	143	0.013986	145	0.731034	0.906889	712	0.327247	0.341000	0.323246	
721	0.348128	139	0.000000	140	0.635714	0.906889	721	0.348128	0.340000	0.323252	
710	0.343662	147	0.020408	143	0.699301	0.906889	710	0.343662	0.347000	0.323261	
731	0.292750	114	0.061404	155	0.638710	0.906889	731	0.292750	0.320000	0.323260	
717	0.297071	137	0.014599	146	0.732877	0.906889	717	0.297071	0.322000	0.323259	
723	0.297372	131	0.015267	146	0.746575	0.906889	723	0.297372	0.326000	0.323260	
709	0.332863	126	0.031746	165	0.666667	0.906889	709	0.332863	0.350000	0.323270	
714	0.348739	137	0.021898	149	0.671141	0.906889	714	0.348739	0.352000	0.323280	
730	0.312329	128	0.023438	142	0.626761	0.906889	730	0.312329	0.320000	0.323279	
739	0.312585	121	0.049587	140	0.671429	0.906889	739	0.312585	0.331000	0.323282	
719	0.342142	134	0.007463	147	0.775510	0.906889	719	0.342142	0.361000	0.323295	
705	0.333333	135	0.066667	160	0.681250	0.906889	705	0.333333	0.353000	0.323306	
721	0.284327	129	0.007752	150	0.766667	0.906889	721	0.284327	0.321000	0.323305	
721	0.324549	142	0.021127	137	0.715328	0.906889	721	0.324549	0.335000	0.323309	
731	0.316005	133	0.037594	136	0.713235	0.906889	731	0.316005	0.333000	0.323313	
730	0.354795	128	0.054688	142	0.732394	0.906889	730	0.354795	0.370000	0.323329	
726	0.301653	133	0.037594	141	0.751773	0.906889	726	0.301653	0.330000	0.323332	
709	0.286319	133	0.037594	158	0.734177	0.906889	709	0.286319	0.324000	0.323332	
723	0.300138	138	0.021739	139	0.776978	0.906889	723	0.300138	0.328000	0.323334	
715	0.285315	154	0.006494	131	0.763359	0.906889	715	0.285315	0.305000	0.323327	
707	0.304102	140	0.021429	153	0.764706	0.906889	707	0.304102	0.335000	0.323331	
722	0.285319	150	0.020000	128	0.742188	0.906889	722	0.285319	0.304000	0.323324	
717	0.274756	145	0.006897	138	0.775362	0.906889	717	0.274756	0.305000	0.323318	
758	0.274406	104	0.019231	138	0.753623	0.906889	758	0.274406	0.314000	0.323314	
717	0.291492	137	0.014599	146	0.767123	0.906889	717	0.291492	0.323000	0.323314	
728	0.277473	126	0.031746	146	0.739726	0.906889	728	0.277473	0.314000	0.323311	
720	0.318056	142	0.021127	138	0.710145	0.906889	720	0.318056	0.330000	0.323313	
713	0.293128	140	0.035714	147	0.700680	0.906889	713	0.293128	0.317000	0.323311	
729	0.314129	133	0.007519	138	0.760870	0.906889	729	0.314129	0.335000	0.323315	
739	0.300406	123	0.008130	138	0.739130	0.906889	739	0.300406	0.325000	0.323316	
746	0.294906	118	0.000000	136	0.727941	0.906889	746	0.294906	0.319000	0.323314	
737	0.312076	114	0.043860	149	0.785235	0.906889	737	0.312076	0.352000	0.323325	
719	0.310153	129	0.046512	152	0.690789	0.906889	719	0.310153	0.334000	0.323328	
735	0.326531	125	0.024000	140	0.750000	0.906889	735	0.326531	0.348000	0.323337	
711	0.285513	147	0.013605	142	0.788732	0.906889	711	0.285513	0.317000	0.323335	
721	0.345354	128	0.015625	151	0.715232	0.906889	721	0.345354	0.359000	0.323348	
721	0.307906	127	0.000000	152	0.776316	0.906889	721	0.307906	0.340000	0.323353	
696	0.317529	158	0.031646	146	0.794521	0.906889	696	0.317529	0.342000	0.323360	
698	0.299427	151	0.013245	151	0.735099	0.906889	698	0.299427	0.322000	0.323360	
721	0.274619	146	0.013699	133	0.759398	0.906889	721	0.274619	0.301000	0.323352	
729	0.301783	146	0.020548	125	0.776000	0.906889	729	0.301783	0.320000	0.323350	
737	0.287653	123	0.000000	140	0.771429	0.906889	737	0.287653	0.320000	0.323349	
722	0.313019	136	0.014706	142	0.746479	0.906889	722	0.313019	0.334000	0.323353	
716	0.307263	142	0.042254	142	0.661972	0.906889	716	0.307263	0.320000	0.323352	
712	0.306180	131	0.030534	157	0.726115	0.906889	712	0.306180	0.336000	0.323356	
706	0.327195	147	0.047619	147	0.755102	0.906889	706	0.327195	0.349000	0.323365	
740	0.309459	119	0.016807	141	0.716312	0.906889	740	0.309459	0.332000	0.323368	
747	0.317269	125	0.072000	128	0.656250	0.906889	747	0.317269	0.330000	0.323371	
718	0.332869	149	0.020134	133	0.691729	0.906889	718	0.332869	0.334000	0.323374	
724	0.327348	137	0.000000	139	0.647482	0.906889	724	0.327348	0.327000	0.323376	
724	0.270718	142	0.035211	134	0.664179	0.906889	724	0.270718	0.290000	0.323364	
722	0.322715	141	0.007092	137	0.708029	0.906889	722	0.322715	0.331000	0.323367	
724	0.335635	140	0.021429	136	0.654412	0.906889	724	0.335635	0.335000	0.323371	
736	0.294837	122	0.016393	142	0.626761	0.906889	736	0.294837	0.308000	0.323365	
729	0.310014	123	0.008130	148	0.648649	0.906889	729	0.310014	0.323000	0.323365	
721	0.298197	145	0.027586	134	0.701493	0.906889	721	0.298197	0.313000	0.323362	
714	0.322129	141	0.014184	145	0.696552	0.906889	714	0.322129	0.333000	0.323365	
722	0.308864	132	0.030303	146	0.726027	0.906889	722	0.308864	0.333000	0.323368	
718	0.323120	150	0.013333	132	0.719697	0.906889	718	0.323120	0.329000	0.323370	
743	0.308210	124	0.048387	133	0.676692	0.906889	743	0.308210	0.325000	0.323371	
720	0.336111	139	0.021583	141	0.666667	0.906889	720	0.336111	0.339000	0.323376	
722	0.272853	119	0.042017	159	0.660377	0.906889	722	0.272853	0.307000	0.323371	
739	0.313938	143	0.013986	118	0.728814	0.906889	739	0.313938	0.320000	0.323369	
724	0.308011	135	0.044444	141	0.723404	0.906889	724	0.308011	0.331000	0.323372	
730	0.334247	123	0.016260	147	0.714286	0.906889	730	0.334247	0.351000	0.323382	
769	0.353706	106	0.018868	125	0.832000	0.906889	769	0.353706	0.378000	0.323401	
735	0.364626	122	0.040984	143	0.762238	0.906889	735	0.364626	0.382000	0.323422	
710	0.252113	131	0.015267	159	0.773585	0.906889	710	0.252113	0.304000	0.323415	
725	0.286897	149	0.013423	126	0.801587	0.906889	725	0.286897	0.311000	0.323410	
708	0.299435	137	0.029197	155	0.754839	0.906889	708	0.299435	0.333000	0.323414	
693	0.308802	133	0.060150	174	0.758621	0.906889	693	0.308802	0.354000	0.323424	
740	0.359459	135	0.051852	125	0.760000	0.906889	740	0.359459	0.368000	0.323440	
758	0.315303	125	0.016000	117	0.803419	0.906889	758	0.315303	0.335000	0.323444	
714	0.291317	142	0.014085	144	0.743056	0.906889	714	0.291317	0.317000	0.323442	
706	0.276204	151	0.013245	143	0.769231	0.906889	706	0.276204	0.307000	0.323436	
715	0.334266	159	0.012579	126	0.698413	0.906889	715	0.334266	0.329000	0.323438	
715	0.335664	128	0.031250	157	0.751592	0.906889	715	0.335664	0.362000	0.323452	
736	0.281250	126	0.023810	138	0.710145	0.906889	736	0.281250	0.308000	0.323446	
743	0.283984	118	0.033898	139	0.690647	0.906889	743	0.283984	0.311000	0.323442	
727	0.287483	122	0.008197	151	0.788079	0.906889	727	0.287483	0.329000	0.323444	
710	0.249296	148	0.033784	142	0.732394	0.906889	710	0.249296	0.286000	0.323431	
739	0.285521	121	0.016529	140	0.792857	0.906889	739	0.285521	0.324000	0.323431	
726	0.294766	124	0.000000	150	0.766667	0.906889	726	0.294766	0.329000	0.323433	
741	0.315789	127	0.007874	132	0.795455	0.906889	741	0.315789	0.340000	0.323439	
697	0.299857	151	0.019868	152	0.730263	0.906889	697	0.299857	0.323000	0.323438	
749	0.287049	119	0.016807	132	0.750000	0.906889	749	0.287049	0.316000	0.323436	
721	0.281553	141	0.007092	138	0.717391	0.906889	721	0.281553	0.303000	0.323429	
737	0.316147	127	0.007874	136	0.772059	0.906889	737	0.316147	0.339000	0.323434	
718	0.289694	136	0.014706	146	0.746575	0.906889	718	0.289694	0.319000	0.323433	
745	0.311409	121	0.008264	134	0.798507	0.906889	745	0.311409	0.340000	0.323438	
719	0.285118	139	0.000000	142	0.746479	0.906889	719	0.285118	0.311000	0.323434	
724	0.310773	146	0.027397	130	0.700000	0.906889	724	0.310773	0.320000	0.323433	
709	0.335684	141	0.028369	150	0.746667	0.906889	709	0.335684	0.354000	0.323443	
737	0.343284	129	0.038760	134	0.656716	0.906889	737	0.343284	0.346000	0.323451	
716	0.287709	131	0.053435	153	0.738562	0.906889	716	0.287709	0.326000	0.323452	
723	0.323651	142	0.021127	135	0.681481	0.906889	723	0.323651	0.329000	0.323454	
716	0.293296	131	0.007634	153	0.712418	0.906889	716	0.293296	0.320000	0.323453	
709	0.297602	135	0.000000	156	0.685897	0.906889	709	0.297602	0.318000	0.323451	
711	0.274262	128	0.031250	161	0.807453	0.906889	711	0.274262	0.329000	0.323453	
714	0.298319	143	0.062937	143	0.741259	0.906889	714	0.298319	0.328000	0.323454	
704	0.289773	144	0.034722	152	0.782895	0.906889	704	0.289773	0.328000	0.323456	
713	0.281907	138	0.007246	149	0.697987	0.906889	713	0.281907	0.306000	0.323450	
725	0.302069	136	0.036765	139	0.755396	0.906889	725	0.302069	0.329000	0.323452	
698	0.326648	145	0.013793	157	0.777070	0.906889	698	0.326648	0.352000	0.323462	
701	0.288160	152	0.000000	147	0.755102	0.906889	701	0.288160	0.313000	0.323458	
710	0.291549	135	0.044444	155	0.754839	0.906889	710	0.291549	0.330000	0.323460	
735	0.359184	127	0.078740	138	0.673913	0.906889	735	0.359184	0.367000	0.323476	
726	0.300275	136	0.000000	138	0.681159	0.906889	726	0.300275	0.312000	0.323472	
715	0.335664	131	0.015267	154	0.636364	0.906889	715	0.335664	0.340000	0.323477	
709	0.324401	138	0.014493	153	0.712418	0.906889	709	0.324401	0.341000	0.323483	
716	0.324022	121	0.000000	163	0.736196	0.906889	716	0.324022	0.352000	0.323493	
755	0.313907	122	0.032787	123	0.674797	0.906889	755	0.313907	0.324000	0.323493	
707	0.295615	127	0.062992	166	0.680723	0.906889	707	0.295615	0.330000	0.323496	
723	0.341632	139	0.014388	138	0.688406	0.906889	723	0.341632	0.344000	0.323503	
717	0.302650	136	0.014706	147	0.721088	0.906889	717	0.302650	0.325000	0.323503	
725	0.326897	137	0.029197	138	0.702899	0.906889	725	0.326897	0.338000	0.323508	
731	0.300958	120	0.058333	149	0.677852	0.906889	731	0.300958	0.328000	0.323510	
736	0.301630	143	0.041958	121	0.785124	0.906889	736	0.301630	0.323000	0.323510	
717	0.329149	136	0.014706	147	0.721088	0.906889	717	0.329149	0.344000	0.323517	
721	0.266297	143	0.006993	136	0.698529	0.906889	721	0.266297	0.288000	0.323504	
731	0.268126	134	0.007463	135	0.748148	0.906889	731	0.268126	0.298000	0.323496	
714	0.268908	137	0.014599	149	0.751678	0.906889	714	0.268908	0.306000	0.323490	
705	0.273759	148	0.027027	147	0.761905	0.906889	705	0.273759	0.309000	0.323485	
749	0.328438	127	0.007874	124	0.774194	0.906889	749	0.328438	0.343000	0.323491	
720	0.301389	152	0.026316	128	0.765625	0.906889	720	0.301389	0.319000	0.323490	
726	0.283747	127	0.007874	147	0.700680	0.906889	726	0.283747	0.310000	0.323485	
721	0.307906	134	0.007463	145	0.786207	0.906889	721	0.307906	0.337000	0.323490	
728	0.281593	119	0.033613	153	0.758170	0.906889	728	0.281593	0.325000	0.323490	
719	0.264256	135	0.014815	146	0.794521	0.906889	719	0.264256	0.308000	0.323485	
705	0.279433	153	0.032680	142	0.760563	0.906889	705	0.279433	0.310000	0.323480	
738	0.327913	126	0.015873	136	0.786765	0.906889	738	0.327913	0.351000	0.323490	
742	0.276280	128	0.007812	130	0.700000	0.906889	742	0.276280	0.297000	0.323481	
685	0.283212	165	0.012121	150	0.766667	0.906889	685	0.283212	0.311000	0.323476	
731	0.291382	129	0.031008	140	0.757143	0.906889	731	0.291382	0.323000	0.323476	
705	0.313475	140	0.007143	155	0.735484	0.906889	705	0.313475	0.336000	0.323481	
718	0.317549	151	0.019868	131	0.786260	0.906889	718	0.317549	0.334000	0.323484	
734	0.258856	144	0.027778	122	0.770492	0.906889	734	0.258856	0.288000	0.323472	
714	0.316527	132	0.022727	154	0.727273	0.906889	714	0.316527	0.341000	0.323478	
718	0.324513	123	0.048780	159	0.792453	0.906889	718	0.324513	0.365000	0.323492	
693	0.298701	161	0.024845	146	0.726027	0.906889	693	0.298701	0.317000	0.323490	
723	0.290456	137	0.007299	140	0.721429	0.906889	723	0.290456	0.312000	0.323486	
718	0.313370	132	0.000000	150	0.740000	0.906889	718	0.313370	0.336000	0.323490	
725	0.293793	144	0.027778	131	0.664122	0.906889	725	0.293793	0.304000	0.323484	
729	0.300412	132	0.030303	139	0.719424	0.906889	729	0.300412	0.323000	0.323484	
727	0.266850	134	0.014925	139	0.683453	0.906889	727	0.266850	0.291000	0.323472	
700	0.285714	146	0.006849	154	0.772727	0.906889	700	0.285714	0.320000	0.323471	
724	0.295580	137	0.007299	139	0.712230	0.906889	724	0.295580	0.314000	0.323468	
717	0.298466	150	0.000000	133	0.804511	0.906889	717	0.298466	0.321000	0.323467	
715	0.289510	145	0.013793	140	0.800000	0.906889	715	0.289510	0.321000	0.323466	
670	0.307463	169	0.011834	161	0.788820	0.906889	670	0.307463	0.335000	0.323470	
716	0.318436	136	0.036765	148	0.689189	0.906889	716	0.318436	0.335000	0.323474	
726	0.349862	125	0.008000	149	0.805369	0.906889	726	0.349862	0.375000	0.323492	
705	0.320567	150	0.026667	145	0.779310	0.906889	705	0.320567	0.343000	0.323498	
701	0.310984	151	0.000000	148	0.736486	0.906889	701	0.310984	0.327000	0.323500	
717	0.302650	142	0.049296	141	0.822695	0.906889	717	0.302650	0.340000	0.323505	
700	0.275714	150	0.013333	150	0.793333	0.906889	700	0.275714	0.314000	0.323502	
704	0.288352	151	0.046358	145	0.703448	0.906889	704	0.288352	0.312000	0.323498	
707	0.250354	144	0.000000	149	0.711409	0.906889	707	0.250354	0.283000	0.323484	
708	0.283898	150	0.013333	142	0.746479	0.906889	708	0.283898	0.309000	0.323479	
719	0.269819	151	0.026490	130	0.738462	0.906889	719	0.269819	0.294000	0.323469	
715	0.285315	127	0.039370	158	0.677215	0.906889	715	0.285315	0.316000	0.323467	
725	0.314483	130	0.046154	145	0.744828	0.906889	725	0.314483	0.342000	0.323473	
709	0.317348	134	0.067164	157	0.751592	0.906889	709	0.317348	0.352000	0.323483	
730	0.289041	113	0.053097	157	0.726115	0.906889	730	0.289041	0.331000	0.323485	
725	0.331034	116	0.025862	159	0.704403	0.906889	725	0.331034	0.355000	0.323496	
729	0.314129	140	0.028571	131	0.725191	0.906889	729	0.314129	0.328000	0.323498	
735	0.307483	126	0.015873	139	0.755396	0.906889	735	0.307483	0.333000	0.323501	
698	0.398281	151	0.026490	151	0.867550	0.906889	698	0.398281	0.413000	0.323531	
728	0.313187	133	0.007519	139	0.812950	0.906889	728	0.313187	0.342000	0.323537	
730	0.363014	133	0.067669	137	0.802920	0.906889	730	0.363014	0.384000	0.323558	
728	0.381868	115	0.026087	157	0.796178	0.906889	728	0.381868	0.406000	0.323586	
716	0.322626	149	0.040268	135	0.770370	0.906889	716	0.322626	0.341000	0.323592	
732	0.267760	124	0.008065	144	0.805556	0.906889	732	0.267760	0.313000	0.323588	
710	0.300000	145	0.000000	145	0.765517	0.906889	710	0.300000	0.324000	0.323588	
711	0.285513	144	0.006944	145	0.758621	0.906889	711	0.285513	0.314000	0.323585	
745	0.284564	130	0.007692	125	0.752000	0.906889	745	0.284564	0.307000	0.323579	
701	0.292439	147	0.027211	152	0.736842	0.906889	701	0.292439	0.321000	0.323578	
719	0.279555	125	0.040000	156	0.775641	0.906889	719	0.279555	0.327000	0.323580	
724	0.291436	137	0.043796	139	0.733813	0.906889	724	0.291436	0.319000	0.323578	
720	0.269444	145	0.048276	135	0.748148	0.906889	720	0.269444	0.302000	0.323571	
709	0.294781	129	0.023256	162	0.728395	0.906889	709	0.294781	0.330000	0.323573	
692	0.297688	140	0.007143	168	0.767857	0.906889	692	0.297688	0.336000	0.323577	
732	0.284153	121	0.000000	147	0.693878	0.906889	732	0.284153	0.310000	0.323572	
720	0.291667	148	0.027027	132	0.712121	0.906889	720	0.291667	0.308000	0.323567	
694	0.280980	153	0.006536	153	0.758170	0.906889	694	0.280980	0.312000	0.323563	
721	0.278779	129	0.007752	150	0.706667	0.906889	721	0.278779	0.308000	0.323558	
739	0.288227	119	0.008403	142	0.767606	0.906889	739	0.288227	0.323000	0.323558	
712	0.316011	138	0.043478	150	0.680000	0.906889	712	0.316011	0.333000	0.323561	
727	0.298487	131	0.007634	142	0.746479	0.906889	727	0.298487	0.324000	0.323561	
702	0.319088	151	0.026490	147	0.700680	0.906889	702	0.319088	0.331000	0.323564	
694	0.318444	132	0.007576	174	0.609195	0.906889	694	0.318444	0.328000	0.323565	
740	0.278378	104	0.076923	156	0.717949	0.906889	740	0.278378	0.326000	0.323566	
694	0.291066	145	0.034483	161	0.801242	0.906889	694	0.291066	0.336000	0.323570	
729	0.319616	128	0.023438	143	0.692308	0.906889	729	0.319616	0.335000	0.323574	
743	0.310902	118	0.042373	139	0.719424	0.906889	743	0.310902	0.336000	0.323578	
720	0.306944	122	0.057377	158	0.664557	0.906889	720	0.306944	0.333000	0.323581	
706	0.321530	145	0.034483	149	0.617450	0.906889	706	0.321530	0.324000	0.323582	
712	0.301966	144	0.041667	144	0.715278	0.906889	712	0.301966	0.324000	0.323582	
705	0.246809	122	0.040984	173	0.739884	0.906889	705	0.246809	0.307000	0.323576	
712	0.290730	147	0.034014	141	0.730496	0.906889	712	0.290730	0.315000	0.323573	
725	0.297931	132	0.022727	143	0.818182	0.906889	725	0.297931	0.336000	0.323577	
717	0.292887	151	0.000000	132	0.795455	0.906889	717	0.292887	0.315000	0.323575	
699	0.274678	138	0.007246	163	0.717791	0.906889	699	0.274678	0.310000	0.323570	
728	0.292582	119	0.016807	153	0.738562	0.906889	728	0.292582	0.328000	0.323571	
708	0.285311	121	0.049587	171	0.760234	0.906889	708	0.285311	0.338000	0.323576	
698	0.358166	128	0.023438	174	0.701149	0.906889	698	0.358166	0.375000	0.323593	
712	0.358146	154	0.032468	134	0.791045	0.906889	712	0.358146	0.366000	0.323608	
690	0.347826	150	0.040000	160	0.737500	0.906889	690	0.347826	0.364000	0.323621	
710	0.287324	156	0.025641	134	0.783582	0.906889	710	0.287324	0.313000	0.323618	
738	0.315718	131	0.007634	131	0.725191	0.906889	738	0.315718	0.329000	0.323619	
717	0.330544	122	0.000000	161	0.751553	0.906889	717	0.330544	0.358000	0.323631	
721	0.289875	124	0.016129	155	0.716129	0.906889	721	0.289875	0.322000	0.323630	
715	0.295105	130	0.030769	155	0.774194	0.906889	715	0.295105	0.335000	0.323634	
721	0.287101	139	0.014388	140	0.728571	0.906889	721	0.287101	0.311000	0.323630	
727	0.312242	136	0.007353	137	0.729927	0.906889	727	0.312242	0.328000	0.323631	
723	0.294606	137	0.000000	140	0.764286	0.906889	723	0.294606	0.320000	0.323630	
737	0.286296	125	0.024000	138	0.710145	0.906889	737	0.286296	0.312000	0.323626	
709	0.280677	161	0.000000	130	0.769231	0.906889	709	0.280677	0.299000	0.323618	
715	0.285315	143	0.034965	142	0.788732	0.906889	715	0.285315	0.321000	0.323617	
725	0.302069	125	0.064000	150	0.700000	0.906889	725	0.302069	0.332000	0.323620	
644	0.234472	163	0.030675	193	0.740933	0.906889	644	0.234472	0.299000	0.323612	
609	0.246305	176	0.000000	215	0.776744	0.906889	609	0.246305	0.317000	0.323610	
625	0.249600	165	0.000000	210	0.733333	0.906889	625	0.249600	0.310000	0.323605	
636	0.234277	163	0.012270	201	0.746269	0.906889	636	0.234277	0.301000	0.323598	
721	0.313454	136	0.022059	143	0.748252	0.906889	721	0.313454	0.336000	0.323602	
729	0.360768	140	0.050000	131	0.694656	0.906889	729	0.360768	0.361000	0.323614	
725	0.317241	130	0.007692	145	0.703448	0.906889	725	0.317241	0.333000	0.323617	
745	0.338255	126	0.023810	129	0.581395	0.906889	745	0.338255	0.330000	0.323619	
730	0.332877	136	0.014706	134	0.753731	0.906889	730	0.332877	0.346000	0.323627	
702	0.286325	137	0.000000	161	0.788820	0.906889	702	0.286325	0.328000	0.323628	
727	0.317744	131	0.030534	142	0.661972	0.906889	727	0.317744	0.329000	0.323630	
700	0.360000	146	0.013699	154	0.746753	0.906889	700	0.360000	0.369000	0.323645	
726	0.297521	140	0.021429	134	0.716418	0.906889	726	0.297521	0.315000	0.323642	
738	0.295393	121	0.016529	141	0.780142	0.906889	738	0.295393	0.330000	0.323644	
741	0.267206	113	0.008850	146	0.760274	0.906889	741	0.267206	0.310000	0.323640	
724	0.280387	132	0.000000	144	0.715278	0.906889	724	0.280387	0.306000	0.323634	
730	0.293151	119	0.016807	151	0.748344	0.906889	730	0.293151	0.329000	0.323636	
707	0.284300	153	0.006536	140	0.735714	0.906889	707	0.284300	0.305000	0.323630	
741	0.288799	132	0.000000	127	0.740157	0.906889	741	0.288799	0.308000	0.323624	
713	0.295933	148	0.000000	139	0.705036	0.906889	713	0.295933	0.309000	0.323620	
717	0.333333	134	0.014925	149	0.738255	0.906889	717	0.333333	0.351000	0.323629	
705	0.296454	158	0.031646	137	0.744526	0.906889	705	0.296454	0.316000	0.323626	
716	0.293296	158	0.000000	126	0.857143	0.906889	716	0.293296	0.318000	0.323624	
714	0.334734	129	0.000000	157	0.719745	0.906889	714	0.334734	0.352000	0.323634	
715	0.300699	148	0.013514	137	0.722628	0.906889	715	0.300699	0.316000	0.323631	
725	0.332414	143	0.027972	132	0.765152	0.906889	725	0.332414	0.346000	0.323638	
739	0.327470	137	0.000000	124	0.830645	0.906889	739	0.327470	0.345000	0.323645	
708	0.344633	139	0.014388	153	0.784314	0.906889	708	0.344633	0.366000	0.323659	
666	0.279279	161	0.006211	173	0.751445	0.906889	666	0.279279	0.317000	0.323657	
707	0.357850	132	0.060606	161	0.813665	0.906889	707	0.357850	0.392000	0.323680	
732	0.327869	122	0.032787	146	0.828767	0.906889	732	0.327869	0.365000	0.323693	
738	0.330623	116	0.034483	146	0.760274	0.906889	738	0.330623	0.359000	0.323705	
732	0.254098	125	0.016000	143	0.769231	0.906889	732	0.254098	0.298000	0.323697	
715	0.258741	146	0.006849	139	0.776978	0.906889	715	0.258741	0.294000	0.323687	
712	0.264045	149	0.000000	139	0.741007	0.906889	712	0.264045	0.291000	0.323676	
734	0.298365	121	0.008264	145	0.779310	0.906889	734	0.298365	0.333000	0.323679	
706	0.284703	129	0.015504	165	0.775758	0.906889	706	0.284703	0.331000	0.323681	
728	0.276099	118	0.016949	154	0.766234	0.906889	728	0.276099	0.321000	0.323681	
719	0.315716	133	0.030075	148	0.702703	0.906889	719	0.315716	0.335000	0.323684	
746	0.317694	133	0.007519	121	0.661157	0.906889	746	0.317694	0.318000	0.323682	
706	0.300283	139	0.014388	155	0.716129	0.906889	706	0.300283	0.325000	0.323683	
722	0.321330	132	0.022727	146	0.719178	0.906889	722	0.321330	0.340000	0.323688	
739	0.313938	137	0.021898	124	0.725806	0.906889	739	0.313938	0.325000	0.323689	
740	0.321622	134	0.104478	126	0.714286	0.906889	740	0.321622	0.342000	0.323695	
731	0.296854	127	0.047244	142	0.746479	0.906889	731	0.296854	0.329000	0.323696	
743	0.331090	116	0.034483	141	0.673759	0.906889	743	0.331090	0.345000	0.323703	
724	0.290055	157	0.012739	119	0.672269	0.906889	724	0.290055	0.292000	0.323693	
716	0.311453	131	0.038168	153	0.705882	0.906889	716	0.311453	0.336000	0.323697	
715	0.288112	138	0.043478	147	0.748299	0.906889	715	0.288112	0.322000	0.323696	
734	0.297003	122	0.049180	144	0.736111	0.906889	734	0.297003	0.330000	0.323699	
720	0.311111	131	0.061069	149	0.771812	0.906889	720	0.311111	0.347000	0.323706	
738	0.298103	144	0.020833	118	0.728814	0.906889	738	0.298103	0.309000	0.323701	
717	0.299861	139	0.007194	144	0.819444	0.906889	717	0.299861	0.334000	0.323705	
752	0.250000	120	0.000000	128	0.726562	0.906889	752	0.250000	0.281000	0.323691	
725	0.268966	137	0.000000	138	0.702899	0.906889	725	0.268966	0.292000	0.323680	
680	0.292647	164	0.006098	156	0.794872	0.906889	680	0.292647	0.324000	0.323680	
734	0.294278	130	0.023077	136	0.727941	0.906889	734	0.294278	0.318000	0.323679	
742	0.285714	133	0.007519	125	0.728000	0.906889	742	0.285714	0.304000	0.323672	
722	0.288089	138	0.021739	140	0.714286	0.906889	722	0.288089	0.311000	0.323668	
730	0.287671	126	0.000000	144	0.736111	0.906889	730	0.287671	0.316000	0.323666	
738	0.264228	126	0.023810	136	0.742647	0.906889	738	0.264228	0.299000	0.323658	
730	0.304110	128	0.046875	142	0.802817	0.906889	730	0.304110	0.342000	0.323664	
728	0.288462	144	0.006944	128	0.726562	0.906889	728	0.288462	0.304000	0.323657	
719	0.304590	138	0.007246	143	0.797203	0.906889	719	0.304590	0.334000	0.323660	
720	0.334722	150	0.026667	130	0.707692	0.906889	720	0.334722	0.337000	0.323665	
723	0.329184	154	0.000000	123	0.796748	0.906889	723	0.329184	0.336000	0.323669	
726	0.318182	149	0.026846	125	0.704000	0.906889	726	0.318182	0.323000	0.323669	
757	0.266843	118	0.008475	125	0.728000	0.906889	757	0.266843	0.294000	0.323659	
724	0.272099	140	0.000000	136	0.794118	0.906889	724	0.272099	0.305000	0.323653	
731	0.299590	126	0.015873	143	0.734266	0.906889	731	0.299590	0.326000	0.323654	
709	0.304654	152	0.026316	139	0.755396	0.906889	709	0.304654	0.325000	0.323654	
713	0.302945	153	0.019608	134	0.686567	0.906889	713	0.302945	0.311000	0.323650	
722	0.299169	132	0.007576	146	0.726027	0.906889	722	0.299169	0.323000	0.323650	
726	0.334711	121	0.016529	153	0.758170	0.906889	726	0.334711	0.361000	0.323662	
708	0.327684	134	0.007463	158	0.835443	0.906889	708	0.327684	0.365000	0.323675	
729	0.300412	150	0.013333	121	0.752066	0.906889	729	0.300412	0.312000	0.323672	
704	0.274148	146	0.000000	150	0.666667	0.906889	704	0.274148	0.293000	0.323662	
728	0.306319	138	0.014493	134	0.656716	0.906889	728	0.306319	0.313000	0.323658	
714	0.292717	146	0.006849	140	0.785714	0.906889	714	0.292717	0.320000	0.323657	
733	0.324693	128	0.007812	139	0.683453	0.906889	733	0.324693	0.334000	0.323660	
716	0.319832	142	0.014085	142	0.802817	0.906889	716	0.319832	0.345000	0.323667	
731	0.280438	106	0.018868	163	0.742331	0.906889	731	0.280438	0.328000	0.323669	
698	0.277937	157	0.006369	145	0.737931	0.906889	698	0.277937	0.302000	0.323662	
746	0.332440	117	0.008547	137	0.744526	0.906889	746	0.332440	0.351000	0.323670	
714	0.287115	149	0.000000	137	0.759124	0.906889	714	0.287115	0.309000	0.323666	
728	0.303571	132	0.015152	140	0.707143	0.906889	728	0.303571	0.322000	0.323665	
678	0.312684	150	0.006667	172	0.784884	0.906889	678	0.312684	0.348000	0.323673	
725	0.299310	136	0.022059	139	0.741007	0.906889	725	0.299310	0.323000	0.323673	
717	0.301255	132	0.030303	151	0.735099	0.906889	717	0.301255	0.331000	0.323675	
739	0.278755	134	0.007463	127	0.716535	0.906889	739	0.278755	0.298000	0.323667	
697	0.302726	154	0.025974	149	0.711409	0.906889	697	0.302726	0.321000	0.323666	
688	0.318314	153	0.065359	159	0.716981	0.906889	688	0.318314	0.343000	0.323672	
723	0.326418	135	0.029630	142	0.690141	0.906889	723	0.326418	0.338000	0.323677	
750	0.321333	123	0.016260	127	0.708661	0.906889	750	0.321333	0.333000	0.323680	
728	0.320055	121	0.041322	151	0.688742	0.906889	728	0.320055	0.342000	0.323686	
721	0.282940	132	0.030303	147	0.632653	0.906889	721	0.282940	0.301000	0.323678	
749	0.304406	98	0.020408	153	0.777778	0.906889	749	0.304406	0.349000	0.323687	
718	0.284123	138	0.007246	144	0.798611	0.906889	718	0.284123	0.320000	0.323685	
710	0.312676	150	0.026667	140	0.707143	0.906889	710	0.312676	0.325000	0.323686	
710	0.269014	135	0.014815	155	0.729032	0.906889	710	0.269014	0.306000	0.323680	
718	0.284123	142	0.014085	140	0.750000	0.906889	718	0.284123	0.311000	0.323676	
734	0.297003	133	0.030075	133	0.781955	0.906889	734	0.297003	0.326000	0.323677	
734	0.279292	112	0.035714	154	0.701299	0.906889	734	0.279292	0.317000	0.323675	
703	0.294452	146	0.006849	151	0.708609	0.906889	703	0.294452	0.315000	0.323672	
729	0.310014	115	0.000000	156	0.743590	0.906889	729	0.310014	0.342000	0.323678	
717	0.297071	121	0.024793	162	0.660494	0.906889	717	0.297071	0.323000	0.323678	
720	0.261111	140	0.028571	140	0.757143	0.906889	720	0.261111	0.298000	0.323669	
716	0.262570	139	0.007194	145	0.744828	0.906889	716	0.262570	0.297000	0.323661	
715	0.244755	144	0.020833	141	0.666667	0.906889	715	0.244755	0.272000	0.323644	
699	0.291845	151	0.033113	150	0.773333	0.906889	699	0.291845	0.325000	0.323645	
715	0.323077	122	0.008197	163	0.803681	0.906889	715	0.323077	0.363000	0.323657	
725	0.271724	129	0.007752	146	0.780822	0.906889	725	0.271724	0.312000	0.323654	
725	0.310345	141	0.014184	134	0.761194	0.906889	725	0.310345	0.329000	0.323655	
740	0.283784	123	0.016260	137	0.839416	0.906889	740	0.283784	0.327000	0.323656	
691	0.302460	147	0.020408	162	0.691358	0.906889	691	0.302460	0.324000	0.323656	
724	0.285912	130	0.007692	146	0.746575	0.906889	724	0.285912	0.317000	0.323654	
714	0.292717	155	0.058065	131	0.725191	0.906889	714	0.292717	0.313000	0.323651	
699	0.300429	165	0.018182	136	0.757353	0.906889	699	0.300429	0.316000	0.323648	
701	0.302425	151	0.033113	148	0.641892	0.906889	701	0.302425	0.312000	0.323645	
729	0.338820	125	0.024000	146	0.691781	0.906889	729	0.338820	0.351000	0.323653	
726	0.303030	124	0.048387	150	0.653333	0.906889	726	0.303030	0.324000	0.323654	
742	0.293801	120	0.000000	138	0.710145	0.906889	742	0.293801	0.316000	0.323651	
716	0.300279	130	0.023077	154	0.707792	0.906889	716	0.300279	0.327000	0.323652	
702	0.310541	162	0.043210	136	0.617647	0.906889	702	0.310541	0.309000	0.323648	
723	0.318119	145	0.013793	132	0.696970	0.906889	723	0.318119	0.324000	0.323648	
724	0.321823	147	0.013605	129	0.751938	0.906889	724	0.321823	0.332000	0.323650	
721	0.335645	145	0.013793	134	0.649254	0.906889	721	0.335645	0.331000	0.323653	
736	0.331522	138	0.028986	126	0.650794	0.906889	736	0.331522	0.330000	0.323655	
745	0.307383	114	0.052632	141	0.631206	0.906889	745	0.307383	0.324000	0.323655	
717	0.331939	136	0.014706	147	0.646259	0.906889	717	0.331939	0.335000	0.323658	
727	0.320495	129	0.015504	144	0.687500	0.906889	727	0.320495	0.334000	0.323662	
714	0.303922	125	0.032000	161	0.689441	0.906889	714	0.303922	0.332000	0.323664	
707	0.332390	141	0.049645	152	0.657895	0.906889	707	0.332390	0.342000	0.323670	
732	0.315574	142	0.014085	126	0.674603	0.906889	732	0.315574	0.318000	0.323668	
717	0.304045	142	0.028169	141	0.687943	0.906889	717	0.304045	0.319000	0.323667	
732	0.300546	139	0.014388	129	0.643411	0.906889	732	0.300546	0.305000	0.323661	
703	0.321479	128	0.054688	169	0.721893	0.906889	703	0.321479	0.355000	0.323671	
714	0.309524	157	0.050955	129	0.674419	0.906889	714	0.309524	0.316000	0.323668	
706	0.331445	150	0.033333	144	0.729167	0.906889	706	0.331445	0.344000	0.323675	
701	0.299572	130	0.038462	169	0.674556	0.906889	701	0.299572	0.329000	0.323677	
730	0.317808	123	0.016260	147	0.680272	0.906889	730	0.317808	0.334000	0.323680	
705	0.304965	156	0.032051	139	0.676259	0.906889	705	0.304965	0.314000	0.323677	
644	0.203416	157	0.006369	199	0.798995	0.906889	644	0.203416	0.291000	0.323666	
648	0.211420	169	0.000000	183	0.748634	0.906889	648	0.211420	0.274000	0.323651	
601	0.193012	176	0.000000	223	0.775785	0.906889	601	0.193012	0.289000	0.323640	
624	0.274038	172	0.000000	204	0.808824	0.789756	624	0.274038	0.336000	0.323644	
663	0.266968	155	0.000000	182	0.774725	0.789756	663	0.266968	0.318000	0.323642	
692	0.317919	140	0.014286	168	0.672619	0.789756	692	0.317919	0.335000	0.323645	
723	0.370678	132	0.045455	145	0.662069	0.789756	723	0.370678	0.370000	0.323660	
731	0.377565	131	0.015267	138	0.710145	0.789756	731	0.377565	0.376000	0.323677	
705	0.374468	160	0.050000	135	0.681481	0.789756	705	0.374468	0.364000	0.323689	
699	0.347639	151	0.019868	150	0.693333	0.789756	699	0.347639	0.350000	0.323698	
740	0.372973	112	0.044643	148	0.716216	0.789756	740	0.372973	0.387000	0.323718	
724	0.357735	140	0.007143	136	0.639706	0.789756	724	0.357735	0.347000	0.323725	
707	0.408769	141	0.042553	152	0.730263	0.789756	707	0.408769	0.406000	0.323751	
745	0.291275	121	0.033058	134	0.626866	0.992512	745	0.291275	0.305000	0.323745	
718	0.279944	145	0.027586	137	0.715328	0.992512	718	0.279944	0.303000	0.323739	
698	0.302292	156	0.051282	146	0.698630	0.992512	698	0.302292	0.321000	0.323738	
714	0.289916	138	0.014493	148	0.648649	0.992512	714	0.289916	0.305000	0.323732	
708	0.292373	142	0.035211	150	0.713333	0.992512	708	0.292373	0.319000	0.323730	
740	0.274324	121	0.074380	139	0.755396	0.992512	740	0.274324	0.317000	0.323728	
705	0.225532	128	0.000000	167	0.718563	0.992512	705	0.225532	0.279000	0.323714	
733	0.256480	123	0.000000	144	0.736111	0.992512	733	0.256480	0.294000	0.323705	
728	0.251374	138	0.000000	134	0.686567	0.992512	728	0.251374	0.275000	0.323689	
715	0.251748	151	0.013245	134	0.731343	0.992512	715	0.251748	0.280000	0.323676	
720	0.279167	154	0.006494	126	0.761905	0.992512	720	0.279167	0.298000	0.323668	
722	0.285319	139	0.007194	139	0.820144	0.992512	722	0.285319	0.321000	0.323667	
680	0.254412	162	0.000000	158	0.746835	0.992512	680	0.254412	0.291000	0.323656	
718	0.257660	151	0.052980	131	0.740458	0.992512	718	0.257660	0.290000	0.323646	
719	0.304590	130	0.053846	151	0.781457	0.992512	719	0.304590	0.344000	0.323652	
720	0.243056	136	0.007353	144	0.743056	0.992512	720	0.243056	0.283000	0.323639	
715	0.251748	143	0.013986	142	0.774648	0.992512	715	0.251748	0.292000	0.323630	
729	0.245542	141	0.007092	130	0.738462	0.992512	729	0.245542	0.276000	0.323615	
726	0.271350	138	0.014493	136	0.823529	0.992512	726	0.271350	0.311000	0.323611	
716	0.261173	135	0.044444	149	0.805369	0.992512	716	0.261173	0.313000	0.323607	
694	0.305476	151	0.013245	155	0.638710	0.992512	694	0.305476	0.313000	0.323604	
731	0.280438	121	0.049587	148	0.729730	0.992512	731	0.280438	0.319000	0.323602	
718	0.316156	125	0.032000	157	0.796178	0.992512	718	0.316156	0.356000	0.323613	
663	0.196078	149	0.000000	188	0.776596	0.992512	663	0.196078	0.276000	0.323598	
638	0.263323	178	0.000000	184	0.728261	0.835796	638	0.263323	0.302000	0.323591	
637	0.246468	185	0.000000	178	0.775281	0.835796	637	0.246468	0.295000	0.323582	
613	0.247961	177	0.000000	210	0.766667	0.835796	613	0.247961	0.313000	0.323579	
631	0.250396	163	0.000000	206	0.810680	0.835796	631	0.250396	0.325000	0.323579	
640	0.253125	168	0.000000	192	0.760417	0.835796	640	0.253125	0.308000	0.323574	
670	0.244776	143	0.000000	187	0.812834	0.835796	670	0.244776	0.316000	0.323572	
630	0.253968	185	0.000000	185	0.724324	0.835796	630	0.253968	0.294000	0.323563	
635	0.240945	176	0.000000	189	0.761905	0.835796	635	0.240945	0.297000	0.323554	
608	0.248355	181	0.000000	211	0.763033	0.835796	608	0.248355	0.312000	0.323551	
629	0.260731	172	0.000000	199	0.814070	0.835796	629	0.260731	0.326000	0.323551	
631	0.309033	168	0.000000	201	0.786070	0.835796	631	0.309033	0.353000	0.323561	
635	0.262992	154	0.000000	211	0.777251	0.835796	635	0.262992	0.331000	0.323563	
634	0.242902	158	0.000000	208	0.701923	0.835796	634	0.242902	0.300000	0.323556	
684	0.302632	142	0.021127	174	0.758621	0.835796	684	0.302632	0.342000	0.323561	
741	0.321188	122	0.024590	137	0.613139	0.835796	741	0.321188	0.325000	0.323562	
737	0.367707	129	0.031008	134	0.708955	0.835796	737	0.367707	0.370000	0.323576	
697	0.380201	153	0.052288	150	0.713333	0.835796	697	0.380201	0.380000	0.323594	
708	0.357345	143	0.041958	149	0.684564	0.835796	708	0.357345	0.361000	0.323606	
712	0.355337	131	0.007634	157	0.656051	0.835796	712	0.355337	0.357000	0.323616	
737	0.423338	111	0.036036	152	0.796053	0.835796	737	0.423338	0.437000	0.323651	
731	0.183311	118	0.033898	151	0.768212	1.250396	731	0.183311	0.254000	0.323630	
727	0.244842	130	0.015385	143	0.762238	1.053358	727	0.244842	0.289000	0.323619	
744	0.206989	126	0.015873	130	0.723077	1.053358	744	0.206989	0.250000	0.323596	
734	0.207084	130	0.000000	136	0.735294	1.053358	734	0.207084	0.252000	0.323574	
704	0.234375	152	0.006579	144	0.722222	1.053358	704	0.234375	0.270000	0.323557	
707	0.233380	139	0.028777	154	0.792208	1.053358	707	0.233380	0.291000	0.323547	
714	0.252101	149	0.033557	137	0.708029	1.053358	714	0.252101	0.282000	0.323534	
717	0.224547	137	0.029197	146	0.835616	1.053358	717	0.224547	0.287000	0.323522	
726	0.192837	124	0.000000	150	0.793333	1.053358	726	0.192837	0.259000	0.323502	
697	0.414634	137	0.014599	166	0.759036	0.673940	697	0.414634	0.417000	0.323531	
733	0.354707	122	0.008197	145	0.710345	0.762558	733	0.354707	0.364000	0.323544	
726	0.351240	147	0.034014	127	0.850394	0.762558	726	0.351240	0.368000	0.323558	
741	0.365722	130	0.000000	129	0.806202	0.762558	741	0.365722	0.375000	0.323574	
710	0.330986	157	0.025478	133	0.744361	0.762558	710	0.330986	0.338000	0.323578	
748	0.394385	129	0.023256	123	0.723577	0.762558	748	0.394385	0.387000	0.323598	
727	0.372765	128	0.023438	145	0.737931	0.762558	727	0.372765	0.381000	0.323616	
728	0.354396	132	0.007576	140	0.714286	0.762558	728	0.354396	0.359000	0.323627	
701	0.365193	153	0.000000	146	0.787671	0.762558	701	0.365193	0.371000	0.323642	
682	0.407625	135	0.059259	183	0.693989	0.762558	682	0.407625	0.413000	0.323669	
712	0.112360	132	0.022727	156	0.750000	1.431849	712	0.112360	0.200000	0.323631	
718	0.188022	142	0.028169	140	0.721429	1.200007	718	0.188022	0.240000	0.323605	
734	0.329700	130	0.007692	136	0.742647	0.831160	734	0.329700	0.344000	0.323611	
713	0.363254	137	0.014599	150	0.740000	0.831160	713	0.363254	0.372000	0.323626	
734	0.311989	114	0.017544	152	0.717105	0.831160	734	0.311989	0.340000	0.323631	
760	0.330263	109	0.009174	131	0.763359	0.831160	760	0.330263	0.352000	0.323640	
707	0.333805	143	0.020979	150	0.653333	0.831160	707	0.333805	0.337000	0.323644	
705	0.370213	126	0.023810	169	0.757396	0.831160	705	0.370213	0.392000	0.323665	
728	0.310440	139	0.014388	133	0.721805	0.831160	728	0.310440	0.324000	0.323666	
723	0.330567	127	0.023622	150	0.673333	0.831160	723	0.330567	0.343000	0.323672	
743	0.363392	116	0.025862	141	0.780142	0.831160	743	0.363392	0.383000	0.323690	
748	0.336898	111	0.036036	141	0.744681	0.831160	748	0.336898	0.361000	0.323701	
747	0.358768	111	0.036036	142	0.781690	0.831160	747	0.358768	0.383000	0.323720	
729	0.345679	117	0.042735	154	0.792208	0.831160	729	0.345679	0.379000	0.323737	
741	0.372470	124	0.016129	135	0.785185	0.831160	741	0.372470	0.384000	0.323755	
750	0.329333	100	0.010000	150	0.806667	0.831160	750	0.329333	0.369000	0.323769	
725	0.376552	135	0.074074	140	0.842857	0.831160	725	0.376552	0.401000	0.323793	
752	0.367021	125	0.024000	123	0.731707	0.831160	752	0.367021	0.369000	0.323807	
716	0.321229	134	0.014925	150	0.733333	0.831160	716	0.321229	0.342000	0.323813	
695	0.341007	163	0.024540	142	0.774648	0.831160	695	0.341007	0.351000	0.323821	
736	0.305707	128	0.023438	136	0.764706	0.831160	736	0.305707	0.332000	0.323824	
744	0.325269	132	0.022727	124	0.750000	0.831160	744	0.325269	0.338000	0.323828	
717	0.320781	149	0.013423	134	0.746269	0.831160	717	0.320781	0.332000	0.323831	
725	0.332414	131	0.007634	144	0.756944	0.831160	725	0.332414	0.351000	0.323839	
744	0.331989	116	0.025862	140	0.792857	0.831160	744	0.331989	0.361000	0.323850	
710	0.322535	148	0.040541	142	0.718310	0.831160	710	0.322535	0.337000	0.323854	
738	0.337398	120	0.016667	142	0.711268	0.831160	738	0.337398	0.352000	0.323863	
727	0.372765	127	0.047244	146	0.739726	0.831160	727	0.372765	0.385000	0.323882	
705	0.351773	143	0.013986	152	0.703947	0.831160	705	0.351773	0.357000	0.323892	
732	0.322404	131	0.030534	137	0.773723	0.831160	732	0.322404	0.346000	0.323899	
729	0.375857	131	0.022901	140	0.728571	0.831160	729	0.375857	0.379000	0.323916	
729	0.300412	126	0.047619	145	0.793103	0.831160	729	0.300412	0.340000	0.323921	
721	0.307906	129	0.031008	150	0.720000	0.831160	721	0.307906	0.334000	0.323924	
746	0.313673	127	0.000000	127	0.795276	0.831160	746	0.313673	0.335000	0.323927	
726	0.312672	124	0.000000	150	0.766667	0.831160	726	0.312672	0.342000	0.323933	
709	0.297602	131	0.015267	160	0.787500	0.831160	709	0.297602	0.339000	0.323937	
734	0.311989	142	0.014085	124	0.766129	0.831160	734	0.311989	0.326000	0.323938	
729	0.297668	123	0.000000	148	0.722973	0.831160	729	0.297668	0.324000	0.323938	
740	0.313514	127	0.000000	133	0.736842	0.831160	740	0.313514	0.330000	0.323940	
711	0.316456	138	0.007246	151	0.768212	0.831160	711	0.316456	0.342000	0.323945	
709	0.313117	141	0.021277	150	0.746667	0.831160	709	0.313117	0.337000	0.323949	
743	0.300135	94	0.000000	163	0.730061	0.831160	743	0.300135	0.342000	0.323955	
752	0.297872	127	0.023622	121	0.752066	0.831160	752	0.297872	0.318000	0.323953	
745	0.347651	114	0.017544	141	0.730496	0.831160	745	0.347651	0.364000	0.323965	
705	0.353191	141	0.000000	154	0.759740	0.831160	705	0.353191	0.366000	0.323978	
728	0.362637	127	0.007874	145	0.779310	0.831160	728	0.362637	0.378000	0.323995	
723	0.325035	132	0.000000	145	0.710345	0.831160	723	0.325035	0.338000	0.323999	
722	0.301939	134	0.000000	144	0.680556	0.831160	722	0.301939	0.316000	0.323997	
719	0.315716	139	0.007194	142	0.788732	0.831160	719	0.315716	0.340000	0.324001	
735	0.310204	128	0.007812	137	0.737226	0.831160	735	0.310204	0.330000	0.324003	
739	0.313938	122	0.000000	139	0.726619	0.831160	739	0.313938	0.333000	0.324006	
729	0.330590	126	0.007937	145	0.703448	0.831160	729	0.330590	0.344000	0.324012	
712	0.356742	126	0.015873	162	0.728395	0.831160	712	0.356742	0.374000	0.324027	
729	0.329218	128	0.039062	143	0.727273	0.831160	729	0.329218	0.349000	0.324035	
717	0.397490	142	0.056338	141	0.815603	0.831160	717	0.397490	0.408000	0.324061	
715	0.425175	134	0.022388	151	0.807947	0.831160	715	0.425175	0.429000	0.324093	
717	0.311018	140	0.014286	143	0.818182	1.052454	717	0.311018	0.342000	0.324098	
721	0.288488	146	0.013699	133	0.842105	1.052454	721	0.288488	0.322000	0.324097	
715	0.320280	150	0.000000	135	0.792593	1.052454	715	0.320280	0.336000	0.324101	
736	0.327446	123	0.024390	141	0.808511	1.052454	736	0.327446	0.358000	0.324111	
739	0.299053	115	0.034783	146	0.780822	1.052454	739	0.299053	0.339000	0.324116	
720	0.266667	134	0.119403	146	0.746575	1.052454	720	0.266667	0.317000	0.324114	
729	0.241427	117	0.000000	154	0.727273	1.052454	729	0.241427	0.288000	0.324103	
733	0.240109	128	0.031250	139	0.755396	1.052454	733	0.240109	0.285000	0.324091	
713	0.235624	139	0.000000	148	0.810811	1.052454	713	0.235624	0.288000	0.324080	
728	0.237637	136	0.000000	136	0.705882	1.052454	728	0.237637	0.269000	0.324063	
715	0.230769	135	0.000000	150	0.693333	1.052454	715	0.230769	0.269000	0.324046	
702	0.264957	155	0.019355	143	0.692308	1.052454	702	0.264957	0.288000	0.324035	
734	0.238420	122	0.024590	144	0.770833	1.052454	734	0.238420	0.289000	0.324025	
715	0.236364	143	0.020979	142	0.753521	1.052454	715	0.236364	0.279000	0.324011	
712	0.264045	152	0.013158	136	0.830882	1.052454	712	0.264045	0.303000	0.324005	
720	0.227778	134	0.037313	146	0.794521	1.052454	720	0.227778	0.285000	0.323993	
740	0.220270	140	0.035714	120	0.758333	1.052454	740	0.220270	0.259000	0.323973	
716	0.233240	136	0.022059	148	0.716216	1.052454	716	0.233240	0.276000	0.323959	
718	0.229805	141	0.014184	141	0.723404	1.052454	718	0.229805	0.269000	0.323942	
703	0.224751	142	0.021127	155	0.696774	1.052454	703	0.224751	0.269000	0.323925	
725	0.219310	127	0.015748	148	0.756757	1.052454	725	0.219310	0.273000	0.323910	
729	0.234568	139	0.028777	132	0.757576	1.052454	729	0.234568	0.275000	0.323895	
710	0.239437	151	0.026490	139	0.776978	1.052454	710	0.239437	0.282000	0.323882	
706	0.229462	146	0.027397	148	0.750000	1.052454	706	0.229462	0.277000	0.323868	
758	0.209763	112	0.008929	130	0.761538	1.052454	758	0.209763	0.259000	0.323849	
731	0.242134	139	0.007194	130	0.753846	1.052454	731	0.242134	0.276000	0.323834	
713	0.241234	141	0.007092	146	0.767123	1.052454	713	0.241234	0.285000	0.323822	
720	0.236111	130	0.007692	150	0.793333	1.052454	720	0.236111	0.290000	0.323812	
745	0.244295	137	0.000000	118	0.762712	1.052454	745	0.244295	0.272000	0.323797	
734	0.275204	132	0.015152	134	0.761194	1.052454	734	0.275204	0.306000	0.323791	
739	0.238160	128	0.023438	133	0.691729	1.052454	739	0.238160	0.271000	0.323775	
714	0.219888	158	0.012658	128	0.656250	1.052454	714	0.219888	0.243000	0.323751	
723	0.244813	125	0.016000	152	0.697368	1.052454	723	0.244813	0.285000	0.323739	
724	0.212707	133	0.022556	143	0.727273	1.052454	724	0.212707	0.261000	0.323720	
734	0.217984	138	0.007246	128	0.726562	1.052454	734	0.217984	0.254000	0.323699	
731	0.244870	121	0.016529	148	0.763514	1.052454	731	0.244870	0.294000	0.323690	
726	0.225895	121	0.016529	153	0.816993	1.052454	726	0.225895	0.291000	0.323680	
729	0.263374	140	0.071429	131	0.671756	1.052454	729	0.263374	0.290000	0.323670	
712	0.271067	158	0.018987	130	0.646154	1.052454	712	0.271067	0.280000	0.323657	
740	0.251351	140	0.035714	120	0.675000	1.052454	740	0.251351	0.272000	0.323641	
726	0.232782	124	0.024194	150	0.693333	1.052454	726	0.232782	0.276000	0.323627	
743	0.259758	117	0.017094	140	0.785714	1.052454	743	0.259758	0.305000	0.323622	
723	0.257261	127	0.047244	150	0.740000	1.052454	723	0.257261	0.303000	0.323615	
720	0.281944	133	0.030075	147	0.741497	1.052454	720	0.281944	0.316000	0.323613	
720	0.302778	141	0.000000	139	0.733813	1.052454	720	0.302778	0.320000	0.323612	
723	0.284924	138	0.028986	139	0.741007	1.052454	723	0.284924	0.313000	0.323609	
712	0.238764	138	0.028986	150	0.753333	1.052454	712	0.238764	0.287000	0.323598	
727	0.228336	125	0.040000	148	0.804054	1.052454	727	0.228336	0.290000	0.323588	
749	0.232310	111	0.036036	140	0.735714	1.052454	749	0.232310	0.281000	0.323575	
716	0.247207	115	0.000000	169	0.757396	1.052454	716	0.247207	0.305000	0.323569	
713	0.246844	142	0.000000	145	0.772414	1.052454	713	0.246844	0.288000	0.323559	
750	0.217333	111	0.036036	139	0.762590	1.052454	750	0.217333	0.273000	0.323543	
709	0.256700	124	0.000000	167	0.736527	1.052454	709	0.256700	0.305000	0.323538	
718	0.231198	139	0.035971	143	0.748252	1.052454	718	0.231198	0.278000	0.323524	
707	0.237624	147	0.013605	146	0.684932	1.052454	707	0.237624	0.270000	0.323508	
724	0.209945	123	0.024390	153	0.732026	1.052454	724	0.209945	0.267000	0.323491	
742	0.234501	114	0.008772	144	0.708333	1.052454	742	0.234501	0.277000	0.323477	
726	0.247934	134	0.007463	140	0.757143	1.052454	726	0.247934	0.287000	0.323466	
706	0.186969	129	0.031008	165	0.787879	1.052454	706	0.186969	0.266000	0.323449	
703	0.470839	145	0.006897	152	0.822368	0.588088	703	0.470839	0.457000	0.323489	
747	0.373494	128	0.015625	125	0.792000	0.775224	747	0.373494	0.380000	0.323506	
744	0.376344	113	0.008850	143	0.797203	0.775224	744	0.376344	0.395000	0.323527	
723	0.392808	133	0.007519	144	0.687500	0.775224	723	0.392808	0.384000	0.323546	
725	0.339310	139	0.021583	136	0.750000	0.775224	725	0.339310	0.351000	0.323554	
721	0.416089	132	0.030303	147	0.755102	0.775224	721	0.416089	0.415000	0.323581	
715	0.107692	142	0.021127	143	0.832168	1.529482	715	0.107692	0.199000	0.323544	
714	0.134454	128	0.007812	158	0.778481	1.440946	714	0.134454	0.220000	0.323513	
733	0.356071	126	0.031746	141	0.780142	0.782582	733	0.356071	0.375000	0.323528	
698	0.356734	145	0.027586	157	0.745223	0.782582	698	0.356734	0.370000	0.323542	
734	0.359673	131	0.015267	135	0.703704	0.782582	734	0.359673	0.361000	0.323553	
724	0.338398	133	0.052632	143	0.713287	0.782582	724	0.338398	0.354000	0.323562	
726	0.347107	141	0.028369	133	0.639098	0.782582	726	0.347107	0.341000	0.323568	
726	0.385675	141	0.021277	133	0.706767	0.782582	726	0.385675	0.377000	0.323584	
702	0.343305	157	0.019108	141	0.829787	0.782582	702	0.343305	0.361000	0.323595	
719	0.372740	149	0.020134	132	0.840909	0.782582	719	0.372740	0.382000	0.323612	
708	0.382768	146	0.006849	146	0.794521	0.782582	708	0.382768	0.388000	0.323631	
706	0.379603	152	0.039474	142	0.823944	0.782582	706	0.379603	0.391000	0.323651	
720	0.419444	137	0.000000	143	0.790210	0.782582	720	0.419444	0.415000	0.323679	
742	0.277628	140	0.035714	118	0.711864	1.114678	742	0.277628	0.295000	0.323670	
717	0.288703	136	0.007353	147	0.809524	1.114678	717	0.288703	0.327000	0.323671	
729	0.259259	119	0.075630	152	0.723684	1.114678	729	0.259259	0.308000	0.323666	
718	0.214485	130	0.000000	152	0.730263	1.114678	718	0.214485	0.265000	0.323649	
696	0.196839	151	0.013245	153	0.718954	1.114678	696	0.196839	0.249000	0.323627	
749	0.297730	113	0.000000	138	0.710145	0.835383	749	0.297730	0.321000	0.323626	
712	0.362360	134	0.007463	154	0.746753	0.835383	712	0.362360	0.374000	0.323641	
720	0.298611	146	0.006849	134	0.813433	0.835383	720	0.298611	0.325000	0.323641	
716	0.343575	136	0.007353	148	0.641892	0.835383	716	0.343575	0.342000	0.323647	
720	0.341667	126	0.055556	154	0.766234	0.835383	720	0.341667	0.371000	0.323661	
726	0.312672	138	0.000000	136	0.794118	0.835383	726	0.312672	0.335000	0.323664	
723	0.319502	126	0.000000	151	0.754967	0.835383	723	0.319502	0.345000	0.323671	
677	0.333826	153	0.019608	170	0.735294	0.835383	677	0.333826	0.354000	0.323680	
727	0.320495	130	0.023077	143	0.811189	0.835383	727	0.320495	0.352000	0.323688	
726	0.322314	139	0.014388	135	0.755556	0.835383	726	0.322314	0.338000	0.323692	
727	0.314993	130	0.030769	143	0.818182	0.835383	727	0.314993	0.350000	0.323700	
738	0.318428	119	0.000000	143	0.706294	0.835383	738	0.318428	0.336000	0.323704	
713	0.361851	149	0.013423	138	0.753623	0.835383	713	0.361851	0.364000	0.323716	
710	0.322535	133	0.007519	157	0.745223	0.835383	710	0.322535	0.347000	0.323722	
725	0.361379	135	0.014815	140	0.764286	0.835383	725	0.361379	0.371000	0.323736	
716	0.307263	133	0.022556	151	0.801325	0.835383	716	0.307263	0.344000	0.323742	
701	0.323823	133	0.015038	166	0.716867	0.835383	701	0.323823	0.348000	0.323750	
694	0.334294	132	0.007576	174	0.752874	0.835383	694	0.334294	0.364000	0.323762	
721	0.327323	138	0.007246	141	0.794326	0.835383	721	0.327323	0.349000	0.323769	
711	0.327707	139	0.014388	150	0.766667	0.835383	711	0.327707	0.350000	0.323777	
720	0.291667	125	0.000000	155	0.774194	0.835383	720	0.291667	0.330000	0.323779	
751	0.302264	114	0.017544	135	0.711111	0.835383	751	0.302264	0.325000	0.323779	
713	0.338008	150	0.020000	137	0.759124	0.835383	713	0.338008	0.348000	0.323786	
740	0.335135	132	0.022727	128	0.781250	0.835383	740	0.335135	0.351000	0.323794	
708	0.337571	139	0.028777	153	0.758170	0.835383	708	0.337571	0.359000	0.323805	
711	0.358650	140	0.007143	149	0.798658	0.835383	711	0.358650	0.375000	0.323820	
730	0.335616	138	0.028986	132	0.757576	0.835383	730	0.335616	0.349000	0.323827	
692	0.310694	143	0.013986	165	0.793939	0.835383	692	0.310694	0.348000	0.323834	
720	0.322222	124	0.008065	156	0.698718	0.835383	720	0.322222	0.342000	0.323840	
708	0.341808	139	0.021583	153	0.705882	0.835383	708	0.341808	0.353000	0.323848	
747	0.334672	111	0.009009	142	0.774648	0.835383	747	0.334672	0.361000	0.323859	
723	0.333333	135	0.007407	142	0.795775	0.835383	723	0.333333	0.355000	0.323868	
704	0.328125	137	0.007299	159	0.786164	0.835383	704	0.328125	0.357000	0.323878	
710	0.350704	143	0.013986	147	0.721088	0.835383	710	0.350704	0.357000	0.323888	
717	0.317992	136	0.022059	147	0.782313	0.835383	717	0.317992	0.346000	0.323894	
737	0.377205	126	0.000000	137	0.781022	0.835383	737	0.377205	0.385000	0.323912	
697	0.324247	138	0.014493	165	0.745455	0.835383	697	0.324247	0.351000	0.323920	
720	0.348611	135	0.007407	145	0.710345	0.835383	720	0.348611	0.355000	0.323929	
715	0.325874	139	0.028777	146	0.753425	0.835383	715	0.325874	0.347000	0.323936	
711	0.320675	132	0.000000	157	0.726115	0.835383	711	0.320675	0.342000	0.323941	
690	0.321739	153	0.019608	157	0.789809	0.835383	690	0.321739	0.349000	0.323949	
714	0.337535	130	0.000000	156	0.826923	0.835383	714	0.337535	0.370000	0.323962	
722	0.308864	137	0.007299	141	0.758865	0.835383	722	0.308864	0.331000	0.323964	
712	0.344101	146	0.027397	142	0.753521	0.835383	712	0.344101	0.356000	0.323974	
715	0.313287	139	0.007194	146	0.712329	0.835383	715	0.313287	0.329000	0.323975	
720	0.338889	133	0.022556	147	0.761905	0.835383	720	0.338889	0.359000	0.323986	
686	0.291545	139	0.000000	175	0.725714	0.835383	686	0.291545	0.327000	0.323986	
716	0.331006	130	0.038462	154	0.746753	0.835383	716	0.331006	0.357000	0.323996	
718	0.330084	128	0.015625	154	0.766234	0.835383	718	0.330084	0.357000	0.324006	
693	0.317460	153	0.039216	154	0.818182	0.835383	693	0.317460	0.352000	0.324014	
715	0.362238	131	0.000000	154	0.785714	0.835383	715	0.362238	0.380000	0.324030	
730	0.350685	134	0.014925	136	0.757353	0.835383	730	0.350685	0.361000	0.324041	
720	0.330556	153	0.000000	127	0.763780	0.835383	720	0.330556	0.335000	0.324044	
728	0.337912	124	0.016129	148	0.763514	0.835383	728	0.337912	0.361000	0.324055	
685	0.366423	142	0.000000	173	0.797688	0.835383	685	0.366423	0.389000	0.324074	
700	0.351429	138	0.000000	162	0.808642	0.835383	700	0.351429	0.377000	0.324090	
728	0.333791	129	0.015504	143	0.790210	0.835383	728	0.333791	0.358000	0.324100	
734	0.333787	125	0.008000	141	0.801418	0.835383	734	0.333787	0.359000	0.324110	
748	0.348930	118	0.025424	134	0.708955	0.835383	748	0.348930	0.359000	0.324120	
700	0.370000	147	0.047619	153	0.823529	0.835383	700	0.370000	0.392000	0.324140	
716	0.339385	142	0.021127	142	0.732394	0.835383	716	0.339385	0.350000	0.324147	
728	0.311813	132	0.000000	140	0.814286	0.835383	728	0.311813	0.341000	0.324152	
727	0.349381	135	0.014815	138	0.724638	0.835383	727	0.349381	0.356000	0.324162	
718	0.350975	129	0.015504	153	0.771242	0.835383	718	0.350975	0.372000	0.324176	
704	0.339489	138	0.014493	158	0.753165	0.835383	704	0.339489	0.360000	0.324186	
706	0.334278	138	0.043478	156	0.782051	0.835383	706	0.334278	0.364000	0.324198	
738	0.317073	118	0.008475	144	0.756944	0.835383	738	0.317073	0.344000	0.324203	
712	0.346910	155	0.019355	133	0.744361	0.835383	712	0.346910	0.349000	0.324211	
740	0.321622	130	0.015385	130	0.661538	0.835383	740	0.321622	0.326000	0.324211	
710	0.332394	144	0.013889	146	0.726027	0.835383	710	0.332394	0.344000	0.324217	
719	0.318498	140	0.021429	141	0.829787	0.835383	719	0.318498	0.349000	0.324224	
742	0.338275	109	0.027523	149	0.738255	0.835383	742	0.338275	0.364000	0.324236	
762	0.280840	117	0.017094	121	0.743802	0.835383	762	0.280840	0.306000	0.324230	
737	0.328358	131	0.015267	132	0.772727	0.835383	737	0.328358	0.346000	0.324237	
709	0.317348	140	0.035714	151	0.701987	0.835383	709	0.317348	0.336000	0.324240	
739	0.351827	128	0.015625	133	0.729323	0.835383	739	0.351827	0.359000	0.324250	
727	0.337001	130	0.000000	143	0.748252	0.835383	727	0.337001	0.352000	0.324258	
718	0.327298	147	0.034014	135	0.733333	0.835383	718	0.327298	0.339000	0.324263	
715	0.334266	138	0.021739	147	0.761905	0.835383	715	0.334266	0.354000	0.324271	
712	0.363764	146	0.013699	142	0.802817	0.835383	712	0.363764	0.375000	0.324286	
721	0.355062	118	0.025424	161	0.807453	0.835383	721	0.355062	0.389000	0.324305	
745	0.358389	112	0.000000	143	0.755245	0.835383	745	0.358389	0.375000	0.324319	
732	0.330601	137	0.000000	131	0.748092	0.835383	732	0.330601	0.340000	0.324324	
713	0.339411	137	0.014599	150	0.713333	0.835383	713	0.339411	0.351000	0.324332	
720	0.390278	139	0.014388	141	0.645390	0.835383	720	0.390278	0.374000	0.324346	
726	0.388430	146	0.027397	128	0.765625	0.835383	726	0.388430	0.384000	0.324363	
740	0.318919	119	0.025210	141	0.751773	0.835383	740	0.318919	0.345000	0.324369	
717	0.292887	130	0.000000	153	0.745098	0.835383	717	0.292887	0.324000	0.324369	
689	0.328012	145	0.013793	166	0.746988	0.835383	689	0.328012	0.352000	0.324377	
723	0.315353	129	0.000000	148	0.810811	0.835383	723	0.315353	0.348000	0.324384	
723	0.320885	130	0.000000	147	0.721088	0.835383	723	0.320885	0.338000	0.324388	
744	0.329301	126	0.007937	130	0.761538	0.835383	744	0.329301	0.345000	0.324394	
715	0.327273	137	0.029197	148	0.790541	0.835383	715	0.327273	0.355000	0.324403	
715	0.330070	144	0.013889	141	0.765957	0.835383	715	0.330070	0.346000	0.324409	
695	0.335252	138	0.014493	167	0.724551	0.835383	695	0.335252	0.356000	0.324418	
718	0.324513	124	0.008065	158	0.721519	0.835383	718	0.324513	0.348000	0.324425	
725	0.320000	134	0.014925	141	0.829787	0.835383	725	0.320000	0.351000	0.324433	
675	0.336296	153	0.019608	172	0.773256	0.835383	675	0.336296	0.363000	0.324444	
739	0.362652	130	0.007692	131	0.786260	0.835383	739	0.362652	0.372000	0.324458	
710	0.335211	131	0.015267	159	0.742138	0.835383	710	0.335211	0.358000	0.324467	
750	0.326667	129	0.007752	121	0.710744	0.835383	750	0.326667	0.332000	0.324470	
718	0.327298	128	0.015625	154	0.746753	0.835383	718	0.327298	0.352000	0.324478	
721	0.331484	146	0.020548	133	0.796992	0.835383	721	0.331484	0.348000	0.324484	
713	0.311360	134	0.037313	153	0.758170	0.835383	713	0.311360	0.343000	0.324490	
689	0.320755	150	0.026667	161	0.770186	0.835383	689	0.320755	0.349000	0.324497	
716	0.322626	125	0.016000	159	0.672956	0.835383	716	0.322626	0.340000	0.324501	
714	0.378151	126	0.031746	160	0.737500	0.835383	714	0.378151	0.392000	0.324521	
733	0.342428	128	0.054688	139	0.697842	0.835383	733	0.342428	0.355000	0.324529	
738	0.314363	119	0.025210	143	0.608392	0.835383	738	0.314363	0.322000	0.324529	
729	0.329218	115	0.026087	156	0.724359	0.835383	729	0.329218	0.356000	0.324538	
726	0.385675	138	0.050725	136	0.772059	0.835383	726	0.385675	0.392000	0.324557	
732	0.400273	125	0.056000	143	0.825175	0.835383	732	0.400273	0.418000	0.324584	
732	0.137978	112	0.008929	156	0.711538	1.462025	732	0.137978	0.213000	0.324552	
714	0.138655	142	0.007042	144	0.819444	1.446608	714	0.138655	0.218000	0.324521	
725	0.348966	133	0.075188	142	0.746479	0.830692	725	0.348966	0.369000	0.324534	
730	0.312329	144	0.020833	126	0.793651	0.830692	730	0.312329	0.331000	0.324536	
693	0.329004	174	0.011494	133	0.646617	0.830692	693	0.329004	0.316000	0.324534	
753	0.322709	126	0.039683	121	0.752066	0.830692	753	0.322709	0.339000	0.324538	
709	0.311707	133	0.022556	158	0.702532	0.830692	709	0.311707	0.335000	0.324541	
740	0.348649	124	0.000000	136	0.808824	0.830692	740	0.348649	0.368000	0.324553	
743	0.309556	117	0.017094	140	0.828571	0.830692	743	0.309556	0.348000	0.324560	
734	0.314714	124	0.008065	142	0.739437	0.830692	734	0.314714	0.337000	0.324563	
709	0.352609	142	0.028169	149	0.758389	0.830692	709	0.352609	0.367000	0.324576	
715	0.275524	134	0.000000	151	0.701987	0.830692	715	0.275524	0.303000	0.324569	
689	0.316401	136	0.007353	175	0.702857	0.830692	689	0.316401	0.342000	0.324574	
730	0.346575	151	0.006623	119	0.747899	0.830692	730	0.346575	0.343000	0.324580	
734	0.351499	123	0.056911	143	0.678322	0.830692	734	0.351499	0.362000	0.324590	
703	0.365576	133	0.007519	164	0.646341	0.830692	703	0.365576	0.364000	0.324602	
728	0.302198	118	0.025424	154	0.649351	0.830692	728	0.302198	0.323000	0.324601	
722	0.380886	143	0.048951	135	0.755556	0.830692	722	0.380886	0.384000	0.324618	
719	0.365786	137	0.021898	144	0.722222	0.830692	719	0.365786	0.370000	0.324631	
706	0.364023	148	0.027027	146	0.712329	0.830692	706	0.364023	0.365000	0.324643	
700	0.360000	143	0.013986	157	0.707006	0.830692	700	0.360000	0.365000	0.324654	
726	0.367769	144	0.000000	130	0.815385	0.830692	726	0.367769	0.373000	0.324668	
700	0.380000	142	0.014085	158	0.810127	0.830692	700	0.380000	0.396000	0.324689	
692	0.299133	138	0.050725	170	0.694118	0.830692	692	0.299133	0.332000	0.324691	
716	0.324022	150	0.020000	134	0.701493	0.830692	716	0.324022	0.329000	0.324692	
