Iteration	Lh	Tree No	No Off Parmeters	No Off Zero	Model string	Dep / InDep	q12	q13	q21	q24	q31	q34	q42	q43	Root - P(0,0)	Root - P(0,1)	Root - P(1,0)	Root - P(1,1)	RJRates - Mean	
101000	-464.299587	1	2	2	'1 0 1 Z 0 0 Z 0 	D	0.007018	0.625583	0.007018	0.000000	0.625583	0.625583	0.000000	0.625583	0.312465	0.000053	0.334078	0.353404	0.448583	
102000	-463.163457	1	2	1	'1 0 Z 0 0 0 1 0 	D	0.023776	0.561499	0.000000	0.561499	0.561499	0.561499	0.023776	0.561499	0.254338	0.203036	0.266737	0.275890	1.459870	
103000	-462.861711	1	2	0	'1 0 0 0 0 0 1 0 	D	0.008054	0.604041	0.604041	0.604041	0.604041	0.604041	0.008054	0.604041	0.237830	0.251049	0.249590	0.261530	0.247036	
104000	-464.180712	1	2	2	'Z 0 1 Z 0 0 1 0 	D	0.000000	0.675754	0.016589	0.000000	0.675754	0.675754	0.016589	0.675754	0.343602	0.000342	0.335178	0.320877	0.492528	
105000	-462.544126	1	2	0	'1 0 0 1 0 0 1 0 	D	0.020394	0.574560	0.574560	0.020394	0.574560	0.574560	0.020394	0.574560	0.257177	0.166539	0.279078	0.297206	4.749248	
106000	-462.074755	1	2	0	'1 0 1 0 0 0 1 0 	D	0.017114	0.714035	0.017114	0.714035	0.714035	0.714035	0.017114	0.714035	0.251032	0.236881	0.254530	0.257558	0.705631	
107000	-463.782141	1	2	1	'1 0 Z 0 0 0 1 0 	D	0.020792	0.521442	0.000000	0.521442	0.521442	0.521442	0.020792	0.521442	0.251794	0.193056	0.270301	0.284849	0.176977	
108000	-463.051772	1	2	1	'Z 0 1 0 0 0 1 0 	D	0.000000	0.669024	0.023884	0.669024	0.669024	0.669024	0.023884	0.669024	0.248073	0.237502	0.254318	0.260107	2.183323	
109000	-462.372841	1	2	0	'1 0 0 0 0 0 1 0 	D	0.041158	0.653499	0.653499	0.653499	0.653499	0.653499	0.041158	0.653499	0.243956	0.249831	0.250053	0.256159	0.197137	
110000	-465.288899	1	2	1	'Z 0 0 0 0 0 1 0 	D	0.000000	0.463116	0.463116	0.463116	0.463116	0.463116	0.030425	0.463116	0.202978	0.246527	0.250565	0.299930	0.725352	
111000	-462.270377	1	2	1	'1 0 0 0 0 0 Z 0 	D	0.055161	0.752754	0.752754	0.752754	0.752754	0.752754	0.000000	0.752754	0.249130	0.250008	0.249994	0.250869	0.814909	
112000	-464.351803	1	2	1	'1 0 0 1 0 0 Z 0 	D	0.086722	0.698744	0.698744	0.086722	0.698744	0.698744	0.000000	0.698744	0.244293	0.206983	0.264878	0.283845	2.361484	
113000	-461.912501	1	2	1	'1 0 0 Z 0 0 1 0 	D	0.016183	0.682576	0.682576	0.000000	0.682576	0.682576	0.016183	0.682576	0.258772	0.199267	0.267429	0.274532	2.342543	
114000	-462.061448	1	2	1	'1 0 0 0 0 0 Z 0 	D	0.029021	0.565409	0.565409	0.565409	0.565409	0.565409	0.000000	0.565409	0.243843	0.250566	0.249927	0.255664	0.894128	
115000	-462.884879	1	2	1	'1 0 0 0 0 0 Z 0 	D	0.082999	0.766335	0.766335	0.766335	0.766335	0.766335	0.000000	0.766335	0.249222	0.249984	0.249996	0.250797	0.204891	
116000	-461.713323	1	2	1	'1 0 0 0 0 0 Z 0 	D	0.058955	0.706500	0.706500	0.706500	0.706500	0.706500	0.000000	0.706500	0.248612	0.249996	0.249997	0.251396	0.352134	
117000	-464.211985	1	2	0	'1 0 0 0 0 0 1 0 	D	0.025184	0.474695	0.474695	0.474695	0.474695	0.474695	0.025184	0.474695	0.221190	0.245873	0.251310	0.281626	0.453069	
118000	-461.404802	1	2	0	'1 0 0 0 0 0 1 0 	D	0.022930	0.619956	0.619956	0.619956	0.619956	0.619956	0.022930	0.619956	0.240760	0.249853	0.250025	0.259363	0.564374	
119000	-463.098466	1	2	1	'Z 0 1 0 0 0 1 0 	D	0.000000	0.697404	0.029597	0.697404	0.697404	0.697404	0.029597	0.697404	0.249722	0.239132	0.253773	0.257373	1.013435	
120000	-462.693015	1	2	0	'1 0 1 0 0 0 1 0 	D	0.027426	0.632018	0.027426	0.632018	0.632018	0.632018	0.027426	0.632018	0.252900	0.224505	0.259071	0.263524	4.782648	
121000	-461.564619	1	2	1	'1 0 0 0 0 0 Z 0 	D	0.035917	0.665612	0.665612	0.665612	0.665612	0.665612	0.000000	0.665612	0.247885	0.250133	0.249969	0.252012	0.715739	
122000	-462.557663	1	2	1	'1 0 0 Z 0 0 1 0 	D	0.018771	0.747002	0.747002	0.000000	0.747002	0.747002	0.018771	0.747002	0.256636	0.215951	0.261720	0.265693	0.447277	
123000	-462.529403	1	2	1	'1 0 0 1 0 0 Z 0 	D	0.048798	0.717071	0.717071	0.048798	0.717071	0.717071	0.000000	0.717071	0.250776	0.211593	0.263168	0.274464	0.968700	
124000	-461.878335	1	2	0	'1 0 1 0 0 0 1 0 	D	0.017717	0.625307	0.017717	0.625307	0.625307	0.625307	0.017717	0.625307	0.251500	0.223820	0.259112	0.265569	0.482437	
125000	-462.480053	1	2	0	'1 0 1 0 0 0 1 0 	D	0.025994	0.671301	0.025994	0.671301	0.671301	0.671301	0.025994	0.671301	0.252388	0.230678	0.256819	0.260116	0.991502	
126000	-462.599810	1	2	1	'1 0 0 0 0 0 Z 0 	D	0.019874	0.586769	0.586769	0.586769	0.586769	0.586769	0.000000	0.586769	0.244905	0.251292	0.249664	0.254140	1.121505	
127000	-462.254720	1	2	1	'1 0 0 0 0 0 Z 0 	D	0.052494	0.751665	0.751665	0.751665	0.751665	0.751665	0.000000	0.751665	0.249121	0.250012	0.249993	0.250875	0.999837	
128000	-463.226823	1	2	1	'1 0 0 0 0 0 Z 0 	D	0.037064	0.793570	0.793570	0.793570	0.793570	0.793570	0.000000	0.793570	0.249413	0.250025	0.249991	0.250571	1.110705	
129000	-461.531351	1	2	1	'1 0 0 0 0 0 Z 0 	D	0.049056	0.576673	0.576673	0.576673	0.576673	0.576673	0.000000	0.576673	0.244628	0.249812	0.250121	0.255440	0.477465	
130000	-462.132695	1	2	1	'1 0 0 1 0 0 Z 0 	D	0.039709	0.634861	0.634861	0.039709	0.634861	0.634861	0.000000	0.634861	0.250641	0.187486	0.271313	0.290560	0.894956	
131000	-461.286318	1	2	1	'1 0 0 0 0 0 Z 0 	D	0.055086	0.638273	0.638273	0.638273	0.638273	0.638273	0.000000	0.638273	0.247190	0.249956	0.250023	0.252832	0.632833	
132000	-461.885783	1	2	1	'1 0 0 0 0 0 Z 0 	D	0.055596	0.724049	0.724049	0.724049	0.724049	0.724049	0.000000	0.724049	0.248840	0.250006	0.249994	0.251159	0.973003	
133000	-464.199794	1	2	1	'1 0 0 0 0 0 Z 0 	D	0.135491	0.628249	0.628249	0.628249	0.628249	0.628249	0.000000	0.628249	0.246431	0.249621	0.250045	0.253902	0.919565	
134000	-461.691251	1	2	0	'1 0 0 0 0 0 1 0 	D	0.015007	0.642623	0.642623	0.642623	0.642623	0.642623	0.015007	0.642623	0.241811	0.250106	0.249940	0.258143	1.308383	
135000	-466.928832	1	2	1	'Z 0 0 0 0 0 1 0 	D	0.000000	0.675420	0.675420	0.675420	0.675420	0.675420	0.134734	0.675420	0.244010	0.249995	0.250193	0.255802	3.559727	
136000	-461.569249	1	2	0	'1 0 0 0 0 0 1 0 	D	0.020589	0.669600	0.669600	0.669600	0.669600	0.669600	0.020589	0.669600	0.243768	0.249995	0.249988	0.256248	2.242377	
137000	-463.410121	1	2	0	'1 0 0 0 0 0 1 0 	D	0.007551	0.552479	0.552479	0.552479	0.552479	0.552479	0.007551	0.552479	0.231210	0.252030	0.249190	0.267570	0.462220	
138000	-467.028235	1	2	1	'Z 0 0 0 0 0 1 0 	D	0.000000	0.440285	0.440285	0.440285	0.440285	0.440285	0.052473	0.440285	0.202034	0.242433	0.252756	0.302776	1.129833	
139000	-461.606748	1	2	1	'1 0 0 0 0 0 Z 0 	D	0.041080	0.688506	0.688506	0.688506	0.688506	0.688506	0.000000	0.688506	0.248336	0.250068	0.249983	0.251613	0.846248	
140000	-462.955820	1	2	1	'1 0 0 0 0 0 Z 0 	D	0.069009	0.788713	0.788713	0.788713	0.788713	0.788713	0.000000	0.788713	0.249384	0.249996	0.249996	0.250624	0.851093	
141000	-463.553042	1	2	1	'1 0 0 1 0 0 Z 0 	D	0.068224	0.742825	0.742825	0.068224	0.742825	0.742825	0.000000	0.742825	0.248665	0.216993	0.261395	0.272947	1.350263	
142000	-466.251937	1	2	2	'Z 0 Z 1 0 0 1 0 	D	0.000000	0.841018	0.000000	0.020826	0.841018	0.841018	0.020826	0.841018	0.347397	0.000499	0.334911	0.317193	1.182596	
143000	-465.723125	1	2	2	'1 0 1 Z 0 0 Z 0 	D	0.050069	0.732400	0.050069	0.000000	0.732400	0.732400	0.000000	0.732400	0.272877	0.002121	0.335450	0.389552	4.534298	
144000	-462.972242	1	2	2	'1 0 Z 1 0 0 Z 0 	D	0.021295	0.607047	0.000000	0.021295	0.607047	0.607047	0.000000	0.607047	0.284836	0.000694	0.334601	0.379869	0.890510	
145000	-464.380514	1	2	0	'1 0 0 1 0 0 1 0 	D	0.027707	0.528376	0.528376	0.027707	0.528376	0.528376	0.027707	0.528376	0.252809	0.148771	0.286027	0.312393	1.533877	
146000	-464.098689	1	2	1	'1 0 0 0 0 0 Z 0 	D	0.127992	0.733930	0.733930	0.733930	0.733930	0.733930	0.000000	0.733930	0.248841	0.249940	0.249994	0.251226	1.757285	
147000	-461.370730	1	2	1	'1 0 0 0 0 0 Z 0 	D	0.046272	0.595546	0.595546	0.595546	0.595546	0.595546	0.000000	0.595546	0.245601	0.249957	0.250057	0.254385	1.297157	
148000	-462.387702	1	2	1	'1 0 0 0 0 0 Z 0 	D	0.094690	0.615380	0.615380	0.615380	0.615380	0.615380	0.000000	0.615380	0.246232	0.249658	0.250081	0.254029	0.993363	
149000	-462.518405	1	2	1	'1 0 0 Z 0 0 1 0 	D	0.007491	0.603685	0.603685	0.000000	0.603685	0.603685	0.007491	0.603685	0.260611	0.172167	0.276311	0.290911	0.486202	
150000	-464.402500	1	2	1	'1 0 0 0 0 0 Z 0 	D	0.123328	0.559166	0.559166	0.559166	0.559166	0.559166	0.000000	0.559166	0.242744	0.248822	0.250283	0.258152	0.376703	
151000	-461.715804	1	2	1	'1 0 0 0 0 0 Z 0 	D	0.029446	0.611626	0.611626	0.611626	0.611626	0.611626	0.000000	0.611626	0.246233	0.250397	0.249918	0.253452	1.175675	
152000	-465.865836	1	2	1	'1 0 0 0 0 0 Z 0 	D	0.159273	0.769066	0.769066	0.769066	0.769066	0.769066	0.000000	0.769066	0.249144	0.249956	0.249989	0.250912	3.521845	
153000	-463.061414	1	2	1	'1 0 0 0 0 0 Z 0 	D	0.039543	0.788993	0.788993	0.788993	0.788993	0.788993	0.000000	0.788993	0.249387	0.250023	0.249991	0.250598	1.814883	
154000	-461.697854	1	2	1	'1 0 0 0 0 0 Z 0 	D	0.072621	0.675431	0.675431	0.675431	0.675431	0.675431	0.000000	0.675431	0.248063	0.249936	0.250011	0.251990	1.693349	
155000	-464.376152	1	2	1	'1 0 0 1 0 0 Z 0 	D	0.085750	0.638085	0.638085	0.085750	0.638085	0.638085	0.000000	0.638085	0.239094	0.189160	0.270866	0.300880	0.410597	
156000	-463.910720	1	2	1	'1 0 0 0 0 0 Z 0 	D	0.054717	0.843533	0.843533	0.843533	0.843533	0.843533	0.000000	0.843533	0.249635	0.250003	0.249996	0.250365	0.283965	
157000	-461.937085	1	2	1	'1 0 0 0 0 0 Z 0 	D	0.050990	0.728376	0.728376	0.728376	0.728376	0.728376	0.000000	0.728376	0.248891	0.250017	0.249992	0.251100	1.533986	
158000	-461.395395	1	2	1	'1 0 0 0 0 0 Z 0 	D	0.051221	0.672403	0.672403	0.672403	0.672403	0.672403	0.000000	0.672403	0.248036	0.250012	0.249999	0.251954	0.691334	
159000	-461.864145	1	2	1	'1 0 0 0 0 0 Z 0 	D	0.081971	0.646437	0.646437	0.646437	0.646437	0.646437	0.000000	0.646437	0.247343	0.249846	0.250034	0.252777	1.022600	
160000	-462.238235	1	2	2	'1 0 0 Z 0 0 Z 0 	D	0.040899	0.665438	0.665438	0.000000	0.665438	0.665438	0.000000	0.665438	0.253445	0.183786	0.272613	0.290156	1.510729	
161000	-461.519281	1	2	1	'1 0 0 0 0 0 Z 0 	D	0.036849	0.591911	0.591911	0.591911	0.591911	0.591911	0.000000	0.591911	0.245409	0.250173	0.250003	0.254414	0.432292	
162000	-461.446360	1	2	1	'1 0 0 0 0 0 Z 0 	D	0.047774	0.678738	0.678738	0.678738	0.678738	0.678738	0.000000	0.678738	0.248162	0.250031	0.249993	0.251814	1.981628	
163000	-463.132713	1	2	3	'0 1 Z Z 1 1 Z 1 	D	0.023319	0.696537	0.000000	0.000000	0.696537	0.696537	0.000000	0.696537	0.295748	0.000000	0.335258	0.368994	0.501296	
164000	-464.394423	1	2	3	'0 1 Z Z 1 1 Z 1 	D	0.011938	0.535420	0.000000	0.000000	0.535420	0.535420	0.000000	0.535420	0.285884	0.000000	0.334249	0.379867	0.780625	
165000	-463.392284	1	2	3	'0 1 Z Z 1 1 Z 1 	D	0.026940	0.588451	0.000000	0.000000	0.588451	0.588451	0.000000	0.588451	0.269012	0.000000	0.334751	0.396237	1.676298	
166000	-465.912201	1	2	1	'0 1 0 0 1 1 Z 1 	D	0.007699	0.512104	0.007699	0.007699	0.512104	0.512104	0.000000	0.512104	0.290533	0.000287	0.333955	0.375224	0.685332	
167000	-463.573170	1	2	0	'0 1 1 0 1 1 0 1 	D	0.021419	0.528229	0.528229	0.021419	0.528229	0.528229	0.021419	0.528229	0.254000	0.146291	0.286318	0.313391	0.234385	
168000	-461.474307	1	2	0	'0 1 1 1 1 1 0 1 	D	0.017912	0.617424	0.617424	0.617424	0.617424	0.617424	0.017912	0.617424	0.240158	0.249974	0.249977	0.259892	0.232674	
169000	-462.131009	1	2	1	'0 1 Z 1 1 1 0 1 	D	0.014648	0.586502	0.000000	0.586502	0.586502	0.586502	0.014648	0.586502	0.251752	0.212317	0.263054	0.272877	4.012072	
170000	-464.726854	1	2	2	'Z 1 Z 0 1 1 0 1 	D	0.000000	0.737650	0.000000	0.019135	0.737650	0.737650	0.019135	0.737650	0.347370	0.000426	0.335108	0.317095	0.591642	
171000	-462.301911	1	2	1	'Z 1 1 1 1 1 0 1 	D	0.000000	0.581806	0.581806	0.581806	0.581806	0.581806	0.042208	0.581806	0.230702	0.249781	0.250115	0.269402	1.254124	
172000	-462.389344	1	2	1	'0 1 1 0 1 1 Z 1 	D	0.043840	0.718031	0.718031	0.043840	0.718031	0.718031	0.000000	0.718031	0.251562	0.212101	0.262970	0.273368	0.823415	
173000	-461.676520	1	2	1	'0 1 1 1 1 1 Z 1 	D	0.030234	0.637180	0.637180	0.637180	0.637180	0.637180	0.000000	0.637180	0.247130	0.250289	0.249934	0.252646	0.341042	
174000	-462.137791	1	2	1	'0 1 1 1 1 1 Z 1 	D	0.076620	0.571651	0.571651	0.571651	0.571651	0.571651	0.000000	0.571651	0.244186	0.249375	0.250215	0.256223	4.834981	
175000	-461.271193	1	2	1	'0 1 1 1 1 1 Z 1 	D	0.051054	0.642324	0.642324	0.642324	0.642324	0.642324	0.000000	0.642324	0.247312	0.249992	0.250013	0.252684	1.054030	
176000	-462.372757	1	2	0	'0 1 1 1 1 1 0 1 	D	0.018696	0.736538	0.736538	0.736538	0.736538	0.736538	0.018696	0.736538	0.246394	0.250024	0.249987	0.253596	2.191753	
177000	-461.800128	1	2	1	'0 1 1 Z 1 1 0 1 	D	0.012713	0.647871	0.647871	0.000000	0.647871	0.647871	0.012713	0.647871	0.259794	0.188249	0.271095	0.280862	0.716723	
178000	-462.063443	1	2	1	'0 1 1 0 1 1 Z 1 	D	0.030926	0.685704	0.685704	0.030926	0.685704	0.685704	0.000000	0.685704	0.253789	0.204601	0.265448	0.276162	3.107519	
179000	-464.967796	1	2	1	'0 1 1 0 1 1 Z 1 	D	0.082614	0.806915	0.806915	0.082614	0.806915	0.806915	0.000000	0.806915	0.248749	0.228323	0.257523	0.265406	0.811293	
180000	-463.298365	1	2	0	'0 1 1 0 1 1 0 1 	D	0.013143	0.519563	0.519563	0.013143	0.519563	0.519563	0.013143	0.519563	0.254921	0.139113	0.288007	0.317959	0.630786	
181000	-465.609098	1	2	1	'0 1 1 0 1 1 Z 1 	D	0.097799	0.592304	0.592304	0.097799	0.592304	0.592304	0.000000	0.592304	0.229399	0.174325	0.275586	0.320690	1.215329	
182000	-463.356346	1	2	1	'0 1 1 0 1 1 Z 1 	D	0.055049	0.781401	0.781401	0.055049	0.781401	0.781401	0.000000	0.781401	0.250622	0.224728	0.258688	0.265961	2.246402	
183000	-462.282858	1	2	0	'0 1 1 0 1 1 0 1 	D	0.015777	0.734067	0.734067	0.015777	0.734067	0.734067	0.015777	0.734067	0.256098	0.216322	0.261538	0.266042	0.420547	
184000	-462.739245	1	2	0	'0 1 1 1 1 1 0 1 	D	0.044313	0.682145	0.682145	0.682145	0.682145	0.682145	0.044313	0.682145	0.245361	0.249898	0.250032	0.254709	1.357447	
185000	-463.398161	1	2	1	'0 1 1 1 1 1 Z 1 	D	0.113084	0.591055	0.591055	0.591055	0.591055	0.591055	0.000000	0.591055	0.244942	0.249370	0.250141	0.255547	0.628831	
186000	-463.047322	1	2	2	'0 1 1 Z 1 1 Z 1 	D	0.058625	0.670560	0.670560	0.000000	0.670560	0.670560	0.000000	0.670560	0.249618	0.178004	0.274724	0.297655	0.528562	
187000	-461.841702	1	2	1	'0 1 1 1 1 1 Z 1 	D	0.078479	0.674419	0.674419	0.674419	0.674419	0.674419	0.000000	0.674419	0.248028	0.249920	0.250013	0.252039	0.589078	
188000	-463.299673	1	2	2	'0 1 0 Z 1 1 Z 1 	D	0.030380	0.652871	0.030380	0.000000	0.652871	0.652871	0.000000	0.652871	0.280078	0.000828	0.335032	0.384062	1.898300	
189000	-464.637527	1	2	2	'0 1 0 Z 1 1 Z 1 	D	0.045373	0.632934	0.045373	0.000000	0.632934	0.632934	0.000000	0.632934	0.255750	0.001582	0.334559	0.408110	0.508053	
190000	-463.236956	1	2	3	'0 1 Z Z 1 1 Z 1 	D	0.012588	0.688213	0.000000	0.000000	0.688213	0.688213	0.000000	0.688213	0.309967	0.000000	0.334549	0.355483	0.108815	
191000	-462.218514	1	2	2	'0 1 1 Z 1 1 Z 1 	D	0.031364	0.614996	0.614996	0.000000	0.614996	0.614996	0.000000	0.614996	0.254597	0.168462	0.277702	0.299240	0.274595	
192000	-463.328268	1	2	1	'0 1 1 0 1 1 Z 1 	D	0.050438	0.791812	0.791812	0.050438	0.791812	0.791812	0.000000	0.791812	0.251059	0.226685	0.258000	0.264256	0.286960	
193000	-464.601705	1	2	1	'0 1 1 0 1 1 Z 1 	D	0.089800	0.717138	0.717138	0.089800	0.717138	0.717138	0.000000	0.717138	0.244996	0.211604	0.263307	0.280092	0.551238	
194000	-463.240546	1	2	1	'0 1 1 1 1 1 Z 1 	D	0.069278	0.804911	0.804911	0.804911	0.804911	0.804911	0.000000	0.804911	0.249473	0.249997	0.249996	0.250534	1.024558	
195000	-462.048064	1	2	1	'0 1 1 0 1 1 Z 1 	D	0.037570	0.652359	0.652359	0.037570	0.652359	0.652359	0.000000	0.652359	0.251835	0.193644	0.269215	0.285305	3.060472	
196000	-464.927649	1	2	1	'0 1 1 1 1 1 Z 1 	D	0.144218	0.745166	0.745166	0.745166	0.745166	0.745166	0.000000	0.745166	0.248936	0.249942	0.249990	0.251132	0.726650	
197000	-464.043800	1	2	2	'0 1 Z 0 1 1 Z 1 	D	0.039585	0.649968	0.000000	0.039585	0.649968	0.649968	0.000000	0.649968	0.267992	0.002485	0.334524	0.394999	0.334258	
198000	-464.596419	1	2	3	'0 1 Z Z 1 1 Z 1 	D	0.040720	0.583495	0.000000	0.000000	0.583495	0.583495	0.000000	0.583495	0.244076	0.000000	0.334140	0.421784	1.872930	
199000	-461.998179	1	2	1	'0 1 Z 1 1 1 0 1 	D	0.012103	0.606548	0.000000	0.606548	0.606548	0.606548	0.012103	0.606548	0.251215	0.217854	0.261043	0.269889	0.340104	
200000	-462.197420	1	2	0	'0 1 1 0 1 1 0 1 	D	0.012269	0.719358	0.719358	0.012269	0.719358	0.719358	0.012269	0.719358	0.256748	0.212561	0.262752	0.267938	1.651476	
201000	-465.628237	1	2	1	'0 1 1 1 1 1 Z 1 	D	0.135496	0.535023	0.535023	0.535023	0.535023	0.535023	0.000000	0.535023	0.240377	0.248108	0.250456	0.261059	1.773058	
202000	-464.309582	1	2	1	'0 1 Z 1 1 1 0 1 	D	0.035927	0.752587	0.000000	0.752587	0.752587	0.752587	0.035927	0.752587	0.253322	0.235406	0.255192	0.256080	1.570695	
203000	-465.140978	1	2	1	'0 1 1 0 1 1 Z 1 	D	0.057196	0.506336	0.506336	0.057196	0.506336	0.506336	0.000000	0.506336	0.224608	0.132364	0.288927	0.354101	1.760806	
204000	-461.776897	1	2	1	'0 1 1 1 1 1 Z 1 	D	0.054353	0.560576	0.560576	0.560576	0.560576	0.560576	0.000000	0.560576	0.243620	0.249560	0.250215	0.256606	0.998520	
205000	-463.979620	1	2	1	'0 1 1 0 1 1 Z 1 	D	0.044834	0.844957	0.844957	0.044834	0.844957	0.844957	0.000000	0.844957	0.251272	0.234409	0.255334	0.258985	0.875908	
206000	-464.765644	1	2	1	'0 1 1 1 1 1 Z 1 	D	0.140257	0.593165	0.593165	0.593165	0.593165	0.593165	0.000000	0.593165	0.244759	0.249289	0.250116	0.255835	1.750443	
207000	-462.588015	1	2	0	'0 1 0 1 1 1 0 1 	D	0.018320	0.760899	0.018320	0.760899	0.760899	0.760899	0.018320	0.760899	0.250740	0.241285	0.253009	0.254966	2.440567	
208000	-464.483220	1	2	3	'0 1 Z Z 1 1 Z 1 	D	0.041959	0.655513	0.000000	0.000000	0.655513	0.655513	0.000000	0.655513	0.262455	0.000000	0.335489	0.402056	1.075085	
209000	-463.466736	1	2	1	'0 1 0 0 1 1 Z 1 	D	0.018957	0.560920	0.018957	0.018957	0.560920	0.560920	0.000000	0.560920	0.279176	0.001681	0.333902	0.385242	0.523621	
210000	-466.203926	1	2	2	'0 1 0 Z 1 1 Z 1 	D	0.053567	0.739195	0.053567	0.000000	0.739195	0.739195	0.000000	0.739195	0.270886	0.002392	0.335460	0.391262	0.643797	
211000	-462.248016	1	2	1	'0 1 1 Z 1 1 0 1 	D	0.021909	0.646691	0.646691	0.000000	0.646691	0.646691	0.021909	0.646691	0.259453	0.187364	0.271802	0.281380	0.579855	
212000	-462.151113	1	2	2	'0 1 1 Z 1 1 Z 1 	D	0.034029	0.689857	0.689857	0.000000	0.689857	0.689857	0.000000	0.689857	0.255046	0.195323	0.268632	0.280999	0.211361	
213000	-461.493703	1	2	1	'0 1 1 1 1 1 Z 1 	D	0.067664	0.650904	0.650904	0.650904	0.650904	0.650904	0.000000	0.650904	0.247512	0.249910	0.250024	0.252553	3.250272	
214000	-463.624465	1	2	1	'0 1 1 1 1 1 Z 1 	D	0.117495	0.589985	0.589985	0.589985	0.589985	0.589985	0.000000	0.589985	0.244836	0.249339	0.250143	0.255682	0.588155	
215000	-462.156591	1	2	1	'0 1 1 1 1 1 Z 1 	D	0.036410	0.726432	0.726432	0.726432	0.726432	0.726432	0.000000	0.726432	0.248866	0.250065	0.249981	0.251089	0.372826	
216000	-462.262791	1	2	1	'0 1 1 1 1 1 Z 1 	D	0.093562	0.644899	0.644899	0.644899	0.644899	0.644899	0.000000	0.644899	0.247248	0.249806	0.250037	0.252909	0.681993	
217000	-462.963842	1	2	1	'Z 1 1 1 1 1 0 1 	D	0.000000	0.622139	0.622139	0.622139	0.622139	0.622139	0.068813	0.622139	0.237451	0.249868	0.250205	0.262476	1.869812	
218000	-462.318682	1	2	1	'Z 1 1 1 1 1 0 1 	D	0.000000	0.588266	0.588266	0.588266	0.588266	0.588266	0.028544	0.588266	0.230325	0.250180	0.249886	0.269610	0.289431	
219000	-463.165480	1	2	1	'Z 1 0 1 1 1 0 1 	D	0.000000	0.708962	0.030141	0.708962	0.708962	0.708962	0.030141	0.708962	0.249724	0.240316	0.253362	0.256598	2.848406	
220000	-462.915117	1	2	0	'0 1 0 1 1 1 0 1 	D	0.022205	0.559902	0.022205	0.559902	0.559902	0.559902	0.022205	0.559902	0.251438	0.209971	0.264227	0.274363	3.570066	
221000	-462.161316	1	2	1	'0 1 Z 1 1 1 0 1 	D	0.021017	0.624442	0.000000	0.624442	0.624442	0.624442	0.021017	0.624442	0.253755	0.218371	0.261085	0.266789	0.769715	
222000	-462.044628	1	2	1	'0 1 Z 1 1 1 0 1 	D	0.014658	0.594794	0.000000	0.594794	0.594794	0.594794	0.014658	0.594794	0.251895	0.214195	0.262394	0.271516	0.280644	
223000	-463.367031	1	2	1	'Z 1 1 1 1 1 0 1 	D	0.000000	0.551034	0.551034	0.551034	0.551034	0.551034	0.061752	0.551034	0.228067	0.249166	0.250488	0.272279	0.489969	
224000	-465.939317	1	2	2	'Z 1 Z 1 1 1 0 1 	D	0.000000	0.576263	0.000000	0.576263	0.576263	0.576263	0.061523	0.576263	0.281097	0.184803	0.273339	0.260761	0.842389	
225000	-462.223688	1	2	1	'Z 1 1 1 1 1 0 1 	D	0.000000	0.622946	0.622946	0.622946	0.622946	0.622946	0.048773	0.622946	0.236285	0.249937	0.250104	0.263674	1.488895	
226000	-461.800216	1	2	1	'0 1 1 Z 1 1 0 1 	D	0.013971	0.629666	0.629666	0.000000	0.629666	0.629666	0.013971	0.629666	0.260073	0.181615	0.273435	0.284877	1.829114	
227000	-462.941934	1	2	1	'Z 1 1 1 1 1 0 1 	D	0.000000	0.735511	0.735511	0.735511	0.735511	0.735511	0.040563	0.735511	0.244128	0.250049	0.250019	0.255804	0.844906	
228000	-462.828086	1	2	1	'0 1 1 0 1 1 Z 1 	D	0.058952	0.695343	0.695343	0.058952	0.695343	0.695343	0.000000	0.695343	0.248548	0.205657	0.265243	0.280552	1.047198	
229000	-462.557538	1	2	2	'0 1 1 Z 1 1 Z 1 	D	0.028333	0.581847	0.581847	0.000000	0.581847	0.581847	0.000000	0.581847	0.254108	0.155549	0.282003	0.308340	0.667363	
230000	-463.609094	1	2	3	'0 1 Z Z 1 1 Z 1 	D	0.028268	0.720079	0.000000	0.000000	0.720079	0.720079	0.000000	0.720079	0.292564	0.000000	0.335546	0.371891	0.502192	
231000	-465.354930	1	2	2	'Z 1 0 Z 1 1 0 1 	D	0.000000	0.676181	0.006823	0.000000	0.676181	0.676181	0.006823	0.676181	0.329767	0.000055	0.334190	0.335989	0.578290	
232000	-464.277458	1	2	1	'Z 1 0 1 1 1 0 1 	D	0.000000	0.714013	0.012321	0.714013	0.714013	0.714013	0.012321	0.714013	0.243154	0.251519	0.249496	0.255831	2.349712	
233000	-464.722855	1	2	1	'0 1 Z 0 1 1 0 1 	D	0.019658	0.654515	0.000000	0.019658	0.654515	0.654515	0.019658	0.654515	0.320828	0.000512	0.338130	0.340530	0.300454	
234000	-462.184573	1	2	1	'0 1 1 0 1 1 Z 1 	D	0.027136	0.614024	0.614024	0.027136	0.614024	0.614024	0.000000	0.614024	0.254111	0.181005	0.273412	0.291471	1.243133	
235000	-464.197785	1	2	1	'1 0 0 Z 0 0 1 0 	D	0.035579	0.692384	0.692384	0.000000	0.692384	0.692384	0.035579	0.692384	0.257990	0.201685	0.267199	0.273126	0.475981	
236000	-461.473524	1	2	1	'1 0 0 0 0 0 Z 0 	D	0.043265	0.584189	0.584189	0.584189	0.584189	0.584189	0.000000	0.584189	0.245037	0.249981	0.250066	0.254916	0.644851	
237000	-462.390710	1	2	0	'1 0 0 0 0 0 1 0 	D	0.014170	0.713256	0.713256	0.713256	0.713256	0.713256	0.014170	0.713256	0.245441	0.250077	0.249966	0.254516	1.957174	
238000	-463.223069	1	2	2	'1 0 1 Z 0 0 Z 0 	D	0.018594	0.723145	0.018594	0.000000	0.723145	0.723145	0.000000	0.723145	0.305823	0.000361	0.334810	0.359007	0.962616	
239000	-462.186310	1	2	2	'1 0 0 Z 0 0 Z 0 	D	0.033862	0.697941	0.697941	0.000000	0.697941	0.697941	0.000000	0.697941	0.255043	0.197994	0.267722	0.279241	0.422219	
240000	-462.257837	1	2	1	'1 0 0 0 0 0 Z 0 	D	0.059113	0.750769	0.750769	0.750769	0.750769	0.750769	0.000000	0.750769	0.249111	0.250002	0.249995	0.250892	0.323875	
241000	-461.604739	1	2	0	'1 0 0 0 0 0 1 0 	D	0.025091	0.585360	0.585360	0.585360	0.585360	0.585360	0.025091	0.585360	0.237934	0.249585	0.250105	0.262375	0.588078	
242000	-462.162411	1	2	1	'1 0 0 0 0 0 Z 0 	D	0.028044	0.692921	0.692921	0.692921	0.692921	0.692921	0.000000	0.692921	0.248389	0.250180	0.249951	0.251481	1.185952	
243000	-463.596801	1	2	1	'1 0 0 0 0 0 Z 0 	D	0.100685	0.543773	0.543773	0.543773	0.543773	0.543773	0.000000	0.543773	0.241855	0.248643	0.250409	0.259094	0.995532	
244000	-462.298414	1	2	1	'1 0 0 0 0 0 Z 0 	D	0.093884	0.664320	0.664320	0.664320	0.664320	0.664320	0.000000	0.664320	0.247755	0.249865	0.250020	0.252360	0.343547	
245000	-463.412134	1	2	2	'Z 0 Z 0 0 0 1 0 	D	0.000000	0.697648	0.000000	0.697648	0.697648	0.697648	0.036890	0.697648	0.255464	0.229165	0.257232	0.258140	0.885712	
246000	-463.433802	1	2	2	'Z 0 Z 0 0 0 1 0 	D	0.000000	0.692985	0.000000	0.692985	0.692985	0.692985	0.018862	0.692985	0.247987	0.238816	0.253826	0.259370	1.136586	
247000	-461.565423	1	2	0	'1 0 0 0 0 0 1 0 	D	0.022072	0.583399	0.583399	0.583399	0.583399	0.583399	0.022072	0.583399	0.237431	0.249653	0.250074	0.262842	0.683708	
248000	-465.308761	1	2	1	'1 0 1 1 0 0 Z 0 	D	0.044871	0.537646	0.044871	0.044871	0.537646	0.537646	0.000000	0.537646	0.230787	0.008697	0.329831	0.430684	0.188306	
249000	-465.967635	1	2	2	'1 0 Z Z 0 0 1 0 	D	0.008136	0.476383	0.000000	0.000000	0.476383	0.476383	0.008136	0.476383	0.287548	0.000000	0.336418	0.376034	1.951905	
250000	-462.302153	1	2	1	'1 0 Z 0 0 0 1 0 	D	0.009973	0.702323	0.000000	0.702323	0.702323	0.702323	0.009973	0.702323	0.250476	0.235775	0.254841	0.258908	3.534805	
251000	-463.459708	1	2	1	'Z 0 1 0 0 0 1 0 	D	0.000000	0.725324	0.039368	0.725324	0.725324	0.725324	0.039368	0.725324	0.251630	0.239714	0.253589	0.255067	0.621959	
252000	-461.459372	1	2	0	'1 0 0 0 0 0 1 0 	D	0.020272	0.600680	0.600680	0.600680	0.600680	0.600680	0.020272	0.600680	0.238925	0.249831	0.250020	0.261224	0.596228	
253000	-461.404847	1	2	0	'1 0 0 0 0 0 1 0 	D	0.023230	0.623397	0.623397	0.623397	0.623397	0.623397	0.023230	0.623397	0.241041	0.249861	0.250024	0.259074	2.714500	
254000	-462.858586	1	2	0	'1 0 1 0 0 0 1 0 	D	0.006616	0.672649	0.006616	0.672649	0.672649	0.672649	0.006616	0.672649	0.248778	0.236005	0.254731	0.260486	0.137441	
255000	-463.619054	1	2	1	'Z 0 0 0 0 0 1 0 	D	0.000000	0.702775	0.702775	0.702775	0.702775	0.702775	0.017335	0.702775	0.241472	0.250305	0.249891	0.258332	2.114242	
256000	-463.425643	1	2	1	'Z 0 0 0 0 0 1 0 	D	0.000000	0.749110	0.749110	0.749110	0.749110	0.749110	0.027960	0.749110	0.244439	0.250076	0.249992	0.255494	1.660452	
257000	-462.179735	1	2	1	'1 0 0 0 0 0 Z 0 	D	0.022831	0.618254	0.618254	0.618254	0.618254	0.618254	0.000000	0.618254	0.246419	0.250681	0.249825	0.253075	2.418587	
258000	-462.824731	1	2	1	'1 0 0 0 0 0 Z 0 	D	0.028756	0.746993	0.746993	0.746993	0.746993	0.746993	0.000000	0.746993	0.249068	0.250083	0.249975	0.250874	3.355866	
259000	-463.562141	1	2	1	'1 0 0 0 0 0 Z 0 	D	0.083378	0.515996	0.515996	0.515996	0.515996	0.515996	0.000000	0.515996	0.239449	0.248012	0.250712	0.261826	0.284256	
260000	-461.403000	1	2	0	'1 0 0 0 0 0 1 0 	D	0.022123	0.633698	0.633698	0.633698	0.633698	0.633698	0.022123	0.633698	0.241699	0.249913	0.250008	0.258379	1.301594	
261000	-462.752725	1	2	0	'1 0 0 1 0 0 1 0 	D	0.008557	0.560994	0.560994	0.008557	0.560994	0.560994	0.008557	0.560994	0.258865	0.156967	0.281520	0.302647	0.441994	
262000	-461.797179	1	2	0	'1 0 0 1 0 0 1 0 	D	0.015136	0.666105	0.666105	0.015136	0.666105	0.666105	0.015136	0.666105	0.258007	0.198321	0.267728	0.275943	0.305852	
263000	-462.098798	1	2	1	'Z 0 0 0 0 0 1 0 	D	0.000000	0.627262	0.627262	0.627262	0.627262	0.627262	0.034375	0.627262	0.235803	0.250085	0.249991	0.264120	1.124472	
264000	-462.056666	1	2	0	'1 0 0 0 0 0 1 0 	D	0.032156	0.574361	0.574361	0.574361	0.574361	0.574361	0.032156	0.574361	0.237533	0.249323	0.250208	0.262937	1.442087	
265000	-464.656580	1	2	2	'Z 0 Z 0 0 0 1 0 	D	0.000000	0.685500	0.000000	0.685500	0.685500	0.685500	0.058287	0.685500	0.264939	0.217050	0.261576	0.256436	0.412479	
266000	-463.657026	1	2	2	'Z 0 Z 0 0 0 1 0 	D	0.000000	0.614198	0.000000	0.614198	0.614198	0.614198	0.037993	0.614198	0.260398	0.211100	0.263640	0.264861	0.525600	
267000	-462.626734	1	2	0	'1 0 1 0 0 0 1 0 	D	0.011518	0.555430	0.011518	0.555430	0.555430	0.555430	0.011518	0.555430	0.248298	0.209887	0.263814	0.278001	0.984438	
268000	-461.765495	1	2	1	'1 0 0 0 0 0 Z 0 	D	0.039647	0.561866	0.561866	0.561866	0.561866	0.561866	0.000000	0.561866	0.243708	0.249990	0.250103	0.256199	0.304149	
269000	-462.375805	1	2	0	'1 0 0 0 0 0 1 0 	D	0.039996	0.605040	0.605040	0.605040	0.605040	0.605040	0.039996	0.605040	0.240884	0.249572	0.250140	0.259404	0.742199	
270000	-462.753555	1	2	1	'1 0 0 0 0 0 Z 0 	D	0.049456	0.781667	0.781667	0.781667	0.781667	0.781667	0.000000	0.781667	0.249345	0.250012	0.249993	0.250650	0.475108	
271000	-462.562186	1	2	1	'Z 0 0 0 0 0 1 0 	D	0.000000	0.687209	0.687209	0.687209	0.687209	0.687209	0.028869	0.687209	0.240891	0.250133	0.249973	0.259003	1.490887	
272000	-462.198503	1	2	1	'Z 0 0 0 0 0 1 0 	D	0.000000	0.635386	0.635386	0.635386	0.635386	0.635386	0.047768	0.635386	0.237474	0.249978	0.250084	0.262465	1.627370	
273000	-463.041184	1	2	1	'Z 0 0 0 0 0 1 0 	D	0.000000	0.540699	0.540699	0.540699	0.540699	0.540699	0.048573	0.540699	0.224765	0.249101	0.250379	0.275755	1.172707	
274000	-462.552339	1	2	1	'Z 0 0 0 0 0 1 0 	D	0.000000	0.673102	0.673102	0.673102	0.673102	0.673102	0.056395	0.673102	0.241015	0.250012	0.250081	0.258893	1.186426	
275000	-464.857361	1	2	1	'1 0 0 Z 0 0 1 0 	D	0.022861	0.878037	0.878037	0.000000	0.878037	0.878037	0.022861	0.878037	0.253011	0.236353	0.254703	0.255934	2.933842	
276000	-462.276046	1	2	1	'Z 0 0 0 0 0 1 0 	D	0.000000	0.657594	0.657594	0.657594	0.657594	0.657594	0.048701	0.657594	0.239498	0.250012	0.250068	0.260422	1.269428	
277000	-462.981969	1	2	0	'1 0 0 1 0 0 1 0 	D	0.020453	0.776267	0.776267	0.020453	0.776267	0.776267	0.020453	0.776267	0.254680	0.225092	0.258588	0.261640	1.181338	
278000	-463.246921	1	2	0	'1 0 1 1 0 0 1 0 	D	0.011504	0.601631	0.011504	0.011504	0.601631	0.601631	0.011504	0.601631	0.315562	0.000639	0.336326	0.347473	0.759569	
279000	-461.884451	1	2	1	'1 0 0 0 0 0 Z 0 	D	0.058135	0.557127	0.557127	0.557127	0.557127	0.557127	0.000000	0.557127	0.243367	0.249442	0.250250	0.256941	1.047067	
280000	-462.600393	1	2	1	'1 0 0 0 0 0 Z 0 	D	0.019558	0.592911	0.592911	0.592911	0.592911	0.592911	0.000000	0.592911	0.245220	0.251246	0.249670	0.253864	1.713562	
281000	-461.521989	1	2	1	'1 0 0 0 0 0 Z 0 	D	0.039370	0.673414	0.673414	0.673414	0.673414	0.673414	0.000000	0.673414	0.248054	0.250091	0.249979	0.251876	0.261964	
282000	-462.442751	1	2	2	'1 0 0 Z 0 0 Z 0 	D	0.045782	0.687880	0.687880	0.000000	0.687880	0.687880	0.000000	0.687880	0.252903	0.189743	0.270630	0.286725	1.488915	
283000	-463.673667	1	2	1	'Z 0 0 0 0 0 1 0 	D	0.000000	0.781326	0.781326	0.781326	0.781326	0.781326	0.043885	0.781326	0.246007	0.250033	0.250018	0.253943	0.410066	
284000	-462.235750	1	2	1	'Z 0 0 0 0 0 1 0 	D	0.000000	0.633172	0.633172	0.633172	0.633172	0.633172	0.049486	0.633172	0.237360	0.249964	0.250095	0.262581	0.246022	
285000	-461.773731	1	2	0	'1 0 0 0 0 0 1 0 	D	0.020013	0.563511	0.563511	0.563511	0.563511	0.563511	0.020013	0.563511	0.234969	0.249534	0.250095	0.265402	0.303239	
286000	-461.313935	1	2	1	'1 0 0 0 0 0 Z 0 	D	0.043874	0.647646	0.647646	0.647646	0.647646	0.647646	0.000000	0.647646	0.247459	0.250059	0.249994	0.252487	1.221652	
287000	-461.303488	1	2	1	'1 0 0 0 0 0 Z 0 	D	0.049385	0.607915	0.607915	0.607915	0.607915	0.607915	0.000000	0.607915	0.246139	0.249946	0.250047	0.253869	0.292173	
288000	-461.462311	1	2	1	'1 0 0 0 0 0 Z 0 	D	0.056940	0.678745	0.678745	0.678745	0.678745	0.678745	0.000000	0.678745	0.248156	0.249989	0.250002	0.251853	0.570928	
289000	-461.956058	1	2	1	'1 0 0 0 0 0 Z 0 	D	0.059274	0.553997	0.553997	0.553997	0.553997	0.553997	0.000000	0.553997	0.243138	0.249377	0.250274	0.257211	0.488344	
290000	-462.457013	1	2	1	'1 0 0 0 0 0 Z 0 	D	0.053257	0.764941	0.764941	0.764941	0.764941	0.764941	0.000000	0.764941	0.249228	0.250009	0.249994	0.250769	0.941425	
291000	-463.706938	1	2	2	'Z 0 Z 0 0 0 1 0 	D	0.000000	0.619553	0.000000	0.619553	0.619553	0.619553	0.015339	0.619553	0.245684	0.228845	0.257200	0.268271	0.229305	
292000	-461.934470	1	2	1	'1 0 0 0 0 0 Z 0 	D	0.059373	0.555392	0.555392	0.555392	0.555392	0.555392	0.000000	0.555392	0.243237	0.249395	0.250266	0.257102	0.497330	
293000	-462.918327	1	2	1	'1 0 0 0 0 0 Z 0 	D	0.080070	0.773380	0.773380	0.773380	0.773380	0.773380	0.000000	0.773380	0.249277	0.249988	0.249996	0.250739	0.166748	
294000	-462.073441	1	2	2	'1 0 0 Z 0 0 Z 0 	D	0.030849	0.665712	0.665712	0.000000	0.665712	0.665712	0.000000	0.665712	0.255666	0.188503	0.270921	0.284910	1.065257	
295000	-462.154702	1	2	1	'1 0 0 1 0 0 Z 0 	D	0.024859	0.677166	0.677166	0.024859	0.677166	0.677166	0.000000	0.677166	0.255150	0.202894	0.265983	0.275974	1.499154	
296000	-467.361941	1	2	2	'1 0 1 Z 0 0 Z 0 	D	0.053452	0.817296	0.053452	0.000000	0.817296	0.817296	0.000000	0.817296	0.283416	0.002565	0.335676	0.378343	0.174405	
297000	-461.286998	1	2	1	'1 0 0 0 0 0 Z 0 	D	0.045066	0.616547	0.616547	0.616547	0.616547	0.616547	0.000000	0.616547	0.246476	0.250025	0.250020	0.253479	0.480812	
298000	-463.217222	1	2	1	'Z 0 0 0 0 0 1 0 	D	0.000000	0.694768	0.694768	0.694768	0.694768	0.694768	0.070528	0.694768	0.242892	0.250018	0.250090	0.257000	0.317757	
299000	-463.328609	1	2	1	'1 0 1 1 0 0 Z 0 	D	0.029594	0.597531	0.029594	0.029594	0.597531	0.597531	0.000000	0.597531	0.270751	0.003970	0.333463	0.391816	3.156859	
300000	-465.549936	1	2	2	'1 0 Z 1 0 0 Z 0 	D	0.051910	0.580409	0.000000	0.051910	0.580409	0.580409	0.000000	0.580409	0.233058	0.004759	0.331903	0.430279	0.615389	
301000	-462.994059	1	2	2	'1 0 1 Z 0 0 Z 0 	D	0.015451	0.615310	0.015451	0.000000	0.615310	0.615310	0.000000	0.615310	0.296120	0.000236	0.334578	0.369066	0.482899	
302000	-464.086191	1	2	1	'1 0 1 1 0 0 Z 0 	D	0.035024	0.735465	0.035024	0.035024	0.735465	0.735465	0.000000	0.735465	0.289854	0.005499	0.333781	0.370866	1.243105	
303000	-462.678257	1	2	1	'1 0 0 1 0 0 Z 0 	D	0.050018	0.604618	0.604618	0.050018	0.604618	0.604618	0.000000	0.604618	0.245289	0.175758	0.275292	0.303662	1.305304	
304000	-462.018857	1	2	0	'1 0 0 1 0 0 1 0 	D	0.017473	0.602356	0.602356	0.017473	0.602356	0.602356	0.017473	0.602356	0.258267	0.176820	0.275293	0.289621	0.950698	
305000	-461.613784	1	2	1	'1 0 0 0 0 0 Z 0 	D	0.046826	0.569294	0.569294	0.569294	0.569294	0.569294	0.000000	0.569294	0.244194	0.249812	0.250135	0.255859	3.936267	
306000	-462.411727	1	2	1	'Z 0 0 0 0 0 1 0 	D	0.000000	0.684712	0.684712	0.684712	0.684712	0.684712	0.046809	0.684712	0.241436	0.250039	0.250046	0.258480	0.748941	
307000	-462.262948	1	2	1	'1 0 0 1 0 0 Z 0 	D	0.035416	0.719696	0.719696	0.035416	0.719696	0.719696	0.000000	0.719696	0.252889	0.213162	0.262562	0.271387	1.436156	
308000	-466.487872	1	2	1	'1 0 0 0 0 0 Z 0 	D	0.180377	0.704814	0.704814	0.704814	0.704814	0.704814	0.000000	0.704814	0.248264	0.249864	0.249982	0.251890	3.711215	
309000	-461.981567	1	2	1	'1 0 0 0 0 0 Z 0 	D	0.053156	0.732075	0.732075	0.732075	0.732075	0.732075	0.000000	0.732075	0.248931	0.250012	0.249993	0.251064	0.779814	
310000	-462.060200	1	2	0	'1 0 0 0 0 0 1 0 	D	0.018119	0.546297	0.546297	0.546297	0.546297	0.546297	0.018119	0.546297	0.232452	0.249418	0.250109	0.268021	0.816105	
311000	-461.686159	1	2	1	'1 0 0 0 0 0 Z 0 	D	0.057999	0.704567	0.704567	0.704567	0.704567	0.704567	0.000000	0.704567	0.248585	0.249997	0.249997	0.251421	0.705619	
312000	-461.693191	1	2	1	'1 0 0 0 0 0 Z 0 	D	0.060627	0.573890	0.573890	0.573890	0.573890	0.573890	0.000000	0.573890	0.244430	0.249589	0.250175	0.255805	1.059289	
313000	-461.503849	1	2	0	'1 0 0 0 0 0 1 0 	D	0.018504	0.598720	0.598720	0.598720	0.598720	0.598720	0.018504	0.598720	0.238574	0.249886	0.249997	0.261543	2.803166	
314000	-461.809374	1	2	1	'1 0 0 0 0 0 Z 0 	D	0.034587	0.567390	0.567390	0.567390	0.567390	0.567390	0.000000	0.567390	0.244034	0.250232	0.250023	0.255711	1.936843	
315000	-462.928339	1	2	1	'1 0 0 0 0 0 Z 0 	D	0.017342	0.587210	0.587210	0.587210	0.587210	0.587210	0.000000	0.587210	0.244829	0.251682	0.249537	0.253953	1.445912	
316000	-461.496696	1	2	1	'1 0 0 0 0 0 Z 0 	D	0.062662	0.599174	0.599174	0.599174	0.599174	0.599174	0.000000	0.599174	0.245730	0.249756	0.250097	0.254418	0.987188	
317000	-463.542753	1	2	1	'1 0 Z 1 0 0 1 0 	D	0.014001	0.661848	0.000000	0.014001	0.661848	0.661848	0.014001	0.661848	0.321958	0.000261	0.336760	0.341021	0.550510	
318000	-463.832678	1	2	2	'1 0 1 Z 0 0 Z 0 	D	0.008431	0.655698	0.008431	0.000000	0.655698	0.655698	0.000000	0.655698	0.313327	0.000077	0.334180	0.352416	3.089707	
319000	-461.556734	1	2	1	'1 0 0 0 0 0 Z 0 	D	0.067901	0.667755	0.667755	0.667755	0.667755	0.667755	0.000000	0.667755	0.247914	0.249939	0.250013	0.252134	2.044814	
320000	-464.028626	1	2	2	'1 0 Z 1 0 0 Z 0 	D	0.007951	0.619863	0.000000	0.007951	0.619863	0.619863	0.000000	0.619863	0.310120	0.000089	0.334143	0.355648	3.974056	
321000	-463.351295	1	2	2	'1 0 Z Z 0 0 1 0 	D	0.011992	0.679321	0.000000	0.000000	0.679321	0.679321	0.011992	0.679321	0.323491	0.000000	0.336322	0.340186	3.217973	
322000	-464.079643	1	2	1	'1 0 Z 0 0 0 1 0 	D	0.017543	0.503354	0.000000	0.503354	0.503354	0.503354	0.017543	0.503354	0.248932	0.188994	0.271609	0.290465	2.845082	
323000	-461.397340	1	2	1	'1 0 0 0 0 0 Z 0 	D	0.057189	0.667604	0.667604	0.667604	0.667604	0.667604	0.000000	0.667604	0.247929	0.249980	0.250006	0.252084	0.403788	
324000	-464.831151	1	2	1	'1 0 0 0 0 0 Z 0 	D	0.144281	0.733626	0.733626	0.733626	0.733626	0.733626	0.000000	0.733626	0.248801	0.249931	0.249991	0.251278	4.574163	
325000	-461.849748	1	2	1	'1 0 0 Z 0 0 1 0 	D	0.014352	0.616746	0.616746	0.000000	0.616746	0.616746	0.014352	0.616746	0.260182	0.176689	0.275155	0.287974	0.269165	
326000	-462.606488	1	2	1	'1 0 0 1 0 0 Z 0 	D	0.055002	0.656922	0.656922	0.055002	0.656922	0.656922	0.000000	0.656922	0.247635	0.194340	0.269073	0.288952	2.237888	
327000	-462.070598	1	2	1	'1 0 0 1 0 0 Z 0 	D	0.030070	0.685672	0.685672	0.030070	0.685672	0.685672	0.000000	0.685672	0.253968	0.204691	0.265412	0.275929	0.255181	
328000	-462.478299	1	2	2	'1 0 0 Z 0 0 Z 0 	D	0.038530	0.600473	0.600473	0.000000	0.600473	0.600473	0.000000	0.600473	0.251157	0.158178	0.281215	0.309450	0.500841	
329000	-462.383656	1	2	1	'1 0 0 0 0 0 Z 0 	D	0.021553	0.592108	0.592108	0.592108	0.592108	0.592108	0.000000	0.592108	0.245235	0.251028	0.249741	0.253995	1.121620	
330000	-462.482501	1	2	1	'1 0 0 0 0 0 Z 0 	D	0.086445	0.726822	0.726822	0.726822	0.726822	0.726822	0.000000	0.726822	0.248838	0.249964	0.249998	0.251200	1.512177	
331000	-462.738940	1	2	0	'1 0 0 0 0 0 1 0 	D	0.016366	0.750865	0.750865	0.750865	0.750865	0.750865	0.016366	0.750865	0.246742	0.250034	0.249984	0.253240	1.409582	
332000	-462.524879	1	2	0	'1 0 0 0 0 0 1 0 	D	0.035200	0.556775	0.556775	0.556775	0.556775	0.556775	0.035200	0.556775	0.235970	0.248988	0.250329	0.264713	0.282014	
333000	-464.263170	1	2	2	'Z 0 Z 0 0 0 1 0 	D	0.000000	0.751957	0.000000	0.751957	0.751957	0.751957	0.048100	0.751957	0.256407	0.232923	0.255938	0.254731	0.378369	
334000	-464.859278	1	2	2	'Z 0 Z 0 0 0 1 0 	D	0.000000	0.820014	0.000000	0.820014	0.820014	0.820014	0.044788	0.820014	0.252811	0.241491	0.252944	0.252754	3.564713	
335000	-464.425658	1	2	0	'1 0 0 0 0 0 1 0 	D	0.061247	0.629240	0.629240	0.629240	0.629240	0.629240	0.061247	0.629240	0.243685	0.249670	0.250125	0.256519	0.261023	
336000	-463.264537	1	2	3	'1 0 Z Z 0 0 Z 0 	D	0.028780	0.631233	0.000000	0.000000	0.631233	0.631233	0.000000	0.631233	0.276165	0.000000	0.335187	0.388648	0.524278	
337000	-461.937036	1	2	1	'1 0 Z 0 0 0 1 0 	D	0.015487	0.609438	0.000000	0.609438	0.609438	0.609438	0.015487	0.609438	0.252305	0.217062	0.261410	0.269223	0.358906	
338000	-463.459235	1	2	2	'1 0 1 Z 0 0 Z 0 	D	0.013202	0.725301	0.013202	0.000000	0.725301	0.725301	0.000000	0.725301	0.312780	0.000189	0.334488	0.352543	0.370693	
339000	-461.662829	1	2	0	'1 0 0 0 0 0 1 0 	D	0.028081	0.592082	0.592082	0.592082	0.592082	0.592082	0.028081	0.592082	0.238853	0.249586	0.250114	0.261447	0.735157	
340000	-463.339866	1	2	2	'1 0 0 Z 0 0 Z 0 	D	0.061696	0.717427	0.717427	0.000000	0.717427	0.717427	0.000000	0.717427	0.250893	0.193657	0.269413	0.286037	0.397495	
341000	-463.920669	1	2	1	'Z 0 0 0 0 0 1 0 	D	0.000000	0.648783	0.648783	0.648783	0.648783	0.648783	0.087895	0.648783	0.240658	0.249944	0.250195	0.259203	0.282218	
342000	-462.368224	1	2	1	'1 0 0 0 0 0 Z 0 	D	0.086580	0.581062	0.581062	0.581062	0.581062	0.581062	0.000000	0.581062	0.244653	0.249404	0.250181	0.255762	0.388853	
343000	-461.791811	1	2	1	'1 0 0 0 0 0 Z 0 	D	0.031790	0.674889	0.674889	0.674889	0.674889	0.674889	0.000000	0.674889	0.248071	0.250169	0.249957	0.251803	0.627221	
344000	-463.286004	1	2	2	'1 0 0 Z 0 0 Z 0 	D	0.061254	0.639946	0.639946	0.000000	0.639946	0.639946	0.000000	0.639946	0.246760	0.164211	0.279388	0.309641	3.058498	
345000	-461.977628	1	2	1	'1 0 0 0 0 0 Z 0 	D	0.031773	0.561971	0.561971	0.561971	0.561971	0.561971	0.000000	0.561971	0.243654	0.250381	0.249990	0.255975	2.289769	
346000	-461.419044	1	2	1	'1 0 0 0 0 0 Z 0 	D	0.036540	0.623104	0.623104	0.623104	0.623104	0.623104	0.000000	0.623104	0.246699	0.250173	0.249976	0.253152	0.827160	
347000	-462.218866	1	2	1	'1 0 0 0 0 0 Z 0 	D	0.028004	0.557685	0.557685	0.557685	0.557685	0.557685	0.000000	0.557685	0.243301	0.250666	0.249912	0.256121	0.556056	
348000	-461.957491	1	2	1	'1 0 0 Z 0 0 1 0 	D	0.010473	0.659554	0.659554	0.000000	0.659554	0.659554	0.010473	0.659554	0.259563	0.192452	0.269564	0.278421	1.066982	
349000	-463.306396	1	2	2	'1 0 Z Z 0 0 1 0 	D	0.006393	0.600600	0.000000	0.000000	0.600600	0.600600	0.006393	0.600600	0.315990	0.000000	0.335168	0.348842	0.339106	
350000	-462.305546	1	2	1	'1 0 0 0 0 0 Z 0 	D	0.021776	0.604973	0.604973	0.604973	0.604973	0.604973	0.000000	0.604973	0.245853	0.250873	0.249776	0.253498	0.976907	
351000	-461.623954	1	2	1	'1 0 0 0 0 0 Z 0 	D	0.051272	0.700722	0.700722	0.700722	0.700722	0.700722	0.000000	0.700722	0.248532	0.250017	0.249994	0.251457	0.611305	
352000	-461.350066	1	2	1	'0 1 1 1 1 1 Z 1 	D	0.057195	0.610330	0.610330	0.610330	0.610330	0.610330	0.000000	0.610330	0.246222	0.249863	0.250063	0.253852	4.481242	
353000	-462.014013	1	2	0	'0 1 0 1 1 1 0 1 	D	0.018291	0.700630	0.018291	0.700630	0.700630	0.700630	0.018291	0.700630	0.251289	0.235128	0.255151	0.258432	1.519017	
354000	-462.999513	1	2	1	'Z 1 1 1 1 1 0 1 	D	0.000000	0.649749	0.649749	0.649749	0.649749	0.649749	0.070144	0.649749	0.239896	0.249957	0.250149	0.259998	0.625014	
355000	-462.316080	1	2	1	'Z 1 1 1 1 1 0 1 	D	0.000000	0.653700	0.653700	0.653700	0.653700	0.653700	0.051130	0.653700	0.239294	0.249999	0.250081	0.260626	0.168243	
356000	-463.658728	1	2	1	'0 1 0 0 1 1 Z 1 	D	0.022826	0.759088	0.022826	0.022826	0.759088	0.759088	0.000000	0.759088	0.304983	0.002421	0.334292	0.358304	0.430780	
357000	-461.548955	1	2	1	'0 1 1 1 1 1 Z 1 	D	0.035263	0.594104	0.594104	0.594104	0.594104	0.594104	0.000000	0.594104	0.245507	0.250224	0.249986	0.254283	2.705544	
358000	-462.861814	1	2	1	'Z 1 1 1 1 1 0 1 	D	0.000000	0.652994	0.652994	0.652994	0.652994	0.652994	0.066925	0.652994	0.239995	0.249967	0.250135	0.259903	0.511824	
359000	-463.911418	1	2	0	'0 1 1 1 1 1 0 1 	D	0.024056	0.829572	0.829572	0.829572	0.829572	0.829572	0.024056	0.829572	0.248427	0.250004	0.249998	0.251571	1.685499	
360000	-462.332366	1	2	1	'0 1 1 0 1 1 Z 1 	D	0.036905	0.598594	0.598594	0.036905	0.598594	0.598594	0.000000	0.598594	0.249646	0.173952	0.275848	0.300553	0.255527	
361000	-462.228706	1	2	1	'0 1 1 1 1 1 Z 1 	D	0.086523	0.594091	0.594091	0.594091	0.594091	0.594091	0.000000	0.594091	0.245344	0.249537	0.250134	0.254985	0.753918	
362000	-462.553314	1	2	1	'0 1 1 1 1 1 Z 1 	D	0.100277	0.629246	0.629246	0.629246	0.629246	0.629246	0.000000	0.629246	0.246713	0.249718	0.250056	0.253512	0.706467	
363000	-461.343848	1	2	1	'0 1 1 1 1 1 Z 1 	D	0.059973	0.641703	0.641703	0.641703	0.641703	0.641703	0.000000	0.641703	0.247280	0.249930	0.250026	0.252764	1.299058	
364000	-463.413200	1	2	1	'0 1 1 1 1 1 Z 1 	D	0.023194	0.514772	0.514772	0.514772	0.514772	0.514772	0.000000	0.514772	0.239310	0.251494	0.249793	0.259403	0.356488	
365000	-462.190924	1	2	1	'0 1 1 1 1 1 Z 1 	D	0.075091	0.726957	0.726957	0.726957	0.726957	0.726957	0.000000	0.726957	0.248856	0.249976	0.249998	0.251170	2.568210	
366000	-462.264408	1	2	0	'0 1 1 0 1 1 0 1 	D	0.022851	0.656561	0.656561	0.022851	0.656561	0.656561	0.022851	0.656561	0.257347	0.197081	0.268442	0.277130	1.143399	
367000	-463.850969	1	2	0	'0 1 0 0 1 1 0 1 	D	0.007448	0.547193	0.007448	0.007448	0.547193	0.547193	0.007448	0.547193	0.306732	0.000271	0.335567	0.357430	0.303304	
368000	-461.986609	1	2	0	'0 1 0 1 1 1 0 1 	D	0.010498	0.640602	0.010498	0.640602	0.640602	0.640602	0.010498	0.640602	0.250074	0.228010	0.257511	0.264404	1.053774	
369000	-462.599000	1	2	0	'0 1 1 0 1 1 0 1 	D	0.010960	0.746470	0.746470	0.010960	0.746470	0.746470	0.010960	0.746470	0.255921	0.218743	0.260614	0.264721	0.461108	
370000	-461.742239	1	2	1	'0 1 1 1 1 1 Z 1 	D	0.075585	0.669672	0.669672	0.669672	0.669672	0.669672	0.000000	0.669672	0.247936	0.249919	0.250015	0.252130	0.778639	
371000	-464.355784	1	2	1	'0 1 Z 1 1 1 0 1 	D	0.031395	0.555548	0.000000	0.555548	0.555548	0.555548	0.031395	0.555548	0.256712	0.199165	0.268510	0.275614	0.124403	
372000	-463.473588	1	2	2	'0 1 1 Z 1 1 Z 1 	D	0.030492	0.815384	0.815384	0.000000	0.815384	0.815384	0.000000	0.815384	0.253399	0.227243	0.257736	0.261623	0.767199	
373000	-462.868196	1	2	2	'0 1 1 Z 1 1 Z 1 	D	0.029600	0.562245	0.562245	0.000000	0.562245	0.562245	0.000000	0.562245	0.251934	0.145549	0.285339	0.317177	0.681866	
374000	-462.095213	1	2	0	'0 1 0 1 1 1 0 1 	D	0.019753	0.702597	0.019753	0.702597	0.702597	0.702597	0.019753	0.702597	0.251437	0.235193	0.255144	0.258226	0.937623	
375000	-465.851468	1	2	1	'Z 1 1 1 1 1 0 1 	D	0.000000	0.460335	0.460335	0.460335	0.460335	0.460335	0.019600	0.460335	0.198792	0.249227	0.249201	0.302780	0.792531	
376000	-463.762957	1	2	1	'Z 1 1 1 1 1 0 1 	D	0.000000	0.537946	0.537946	0.537946	0.537946	0.537946	0.064350	0.537946	0.226258	0.248860	0.250635	0.274247	0.981225	
377000	-462.393835	1	2	1	'Z 1 1 1 1 1 0 1 	D	0.000000	0.571887	0.571887	0.571887	0.571887	0.571887	0.041612	0.571887	0.229170	0.249703	0.250130	0.270997	0.722811	
378000	-463.184598	1	2	1	'0 1 1 0 1 1 Z 1 	D	0.017803	0.749592	0.749592	0.017803	0.749592	0.749592	0.000000	0.749592	0.254648	0.222671	0.259231	0.263450	0.440400	
379000	-462.838414	1	2	1	'0 1 1 1 1 1 Z 1 	D	0.099241	0.584832	0.584832	0.584832	0.584832	0.584832	0.000000	0.584832	0.244743	0.249368	0.250168	0.255722	3.025086	
380000	-461.799115	1	2	1	'0 1 1 1 1 1 Z 1 	D	0.068285	0.579393	0.579393	0.579393	0.579393	0.579393	0.000000	0.579393	0.244703	0.249547	0.250170	0.255580	1.003871	
381000	-463.648966	1	2	1	'Z 1 1 1 1 1 0 1 	D	0.000000	0.548448	0.548448	0.548448	0.548448	0.548448	0.015928	0.548448	0.221332	0.252028	0.248998	0.277642	1.049545	
382000	-463.494688	1	2	0	'0 1 1 1 1 1 0 1 	D	0.013183	0.498392	0.498392	0.498392	0.498392	0.498392	0.013183	0.498392	0.223234	0.249068	0.250104	0.277595	0.984487	
383000	-462.316109	1	2	1	'Z 1 1 1 1 1 0 1 	D	0.000000	0.575961	0.575961	0.575961	0.575961	0.575961	0.034224	0.575961	0.229039	0.249916	0.250001	0.271045	1.037230	
384000	-463.552547	1	2	1	'0 1 Z 1 1 1 0 1 	D	0.033150	0.652347	0.000000	0.652347	0.652347	0.652347	0.033150	0.652347	0.255617	0.221007	0.260390	0.262986	1.979108	
385000	-464.237483	1	2	2	'0 1 0 Z 1 1 Z 1 	D	0.016208	0.799777	0.016208	0.000000	0.799777	0.799777	0.000000	0.799777	0.314641	0.000289	0.334611	0.350459	1.959897	
386000	-462.111253	1	2	1	'Z 1 1 1 1 1 0 1 	D	0.000000	0.624594	0.624594	0.624594	0.624594	0.624594	0.042658	0.624594	0.236064	0.249985	0.250062	0.263890	2.159840	
387000	-462.299370	1	2	1	'Z 1 1 1 1 1 0 1 	D	0.000000	0.641607	0.641607	0.641607	0.641607	0.641607	0.051674	0.641607	0.238274	0.249975	0.250096	0.261655	0.740771	
388000	-462.663466	1	2	2	'0 1 1 Z 1 1 Z 1 	D	0.041227	0.745729	0.745729	0.000000	0.745729	0.745729	0.000000	0.745729	0.253769	0.209057	0.264001	0.273173	1.147662	
389000	-461.829577	1	2	1	'0 1 1 1 1 1 Z 1 	D	0.027585	0.637450	0.637450	0.637450	0.637450	0.637450	0.000000	0.637450	0.247123	0.250362	0.249912	0.252603	1.578821	
390000	-461.729199	1	2	1	'0 1 1 1 1 1 Z 1 	D	0.053034	0.562867	0.562867	0.562867	0.562867	0.562867	0.000000	0.562867	0.243776	0.249612	0.250197	0.256414	1.930202	
391000	-461.469978	1	2	1	'0 1 1 1 1 1 Z 1 	D	0.058146	0.678305	0.678305	0.678305	0.678305	0.678305	0.000000	0.678305	0.248146	0.249985	0.250003	0.251867	0.972304	
392000	-461.840334	1	2	1	'0 1 1 1 1 1 Z 1 	D	0.067023	0.573268	0.573268	0.573268	0.573268	0.573268	0.000000	0.573268	0.244357	0.249499	0.250193	0.255951	0.875445	
393000	-464.789455	1	2	2	'Z 1 Z 0 1 1 0 1 	D	0.000000	0.739672	0.000000	0.013182	0.739672	0.739672	0.013182	0.739672	0.340668	0.000211	0.334660	0.324461	3.474338	
394000	-463.788670	1	2	1	'Z 1 0 1 1 1 0 1 	D	0.000000	0.601565	0.015070	0.601565	0.601565	0.601565	0.015070	0.601565	0.242886	0.230656	0.256581	0.269878	0.380913	
395000	-465.917143	1	2	1	'0 1 Z 1 1 1 0 1 	D	0.017002	0.459530	0.000000	0.459530	0.459530	0.459530	0.017002	0.459530	0.243374	0.175034	0.276859	0.304733	0.333721	
396000	-464.749370	1	2	3	'Z 1 Z Z 1 1 0 1 	D	0.000000	0.586706	0.000000	0.000000	0.586706	0.586706	0.021452	0.586706	0.349290	0.000000	0.336547	0.314163	0.761258	
397000	-463.844805	1	2	3	'0 1 Z Z 1 1 Z 1 	D	0.009263	0.704844	0.000000	0.000000	0.704844	0.704844	0.000000	0.704844	0.316234	0.000000	0.334265	0.349502	1.071872	
398000	-463.659343	1	2	2	'0 1 Z 0 1 1 Z 1 	D	0.032892	0.694980	0.000000	0.032892	0.694980	0.694980	0.000000	0.694980	0.284908	0.001621	0.335010	0.378461	0.526580	
399000	-463.051966	1	2	1	'Z 1 1 1 1 1 0 1 	D	0.000000	0.576068	0.576068	0.576068	0.576068	0.576068	0.018284	0.576068	0.227095	0.251118	0.249450	0.272337	2.710031	
400000	-461.636460	1	2	1	'0 1 1 1 1 1 Z 1 	D	0.071776	0.666855	0.666855	0.666855	0.666855	0.666855	0.000000	0.666855	0.247885	0.249925	0.250015	0.252175	0.370166	
401000	-462.123965	1	2	1	'0 1 1 Z 1 1 0 1 	D	0.009040	0.653409	0.653409	0.000000	0.653409	0.653409	0.009040	0.653409	0.259752	0.190575	0.270145	0.279528	2.074949	
402000	-463.303545	1	2	1	'0 1 1 1 1 1 Z 1 	D	0.023956	0.516594	0.516594	0.516594	0.516594	0.516594	0.000000	0.516594	0.239549	0.251321	0.249840	0.259290	0.297722	
403000	-463.167587	1	2	1	'Z 1 1 1 1 1 0 1 	D	0.000000	0.709712	0.709712	0.709712	0.709712	0.709712	0.066127	0.709712	0.243555	0.250026	0.250070	0.256348	1.939226	
404000	-463.542346	1	2	1	'Z 1 0 1 1 1 0 1 	D	0.000000	0.579795	0.024101	0.579795	0.579795	0.579795	0.024101	0.579795	0.247655	0.220896	0.260116	0.271333	0.249760	
405000	-463.271466	1	2	1	'Z 1 0 1 1 1 0 1 	D	0.000000	0.601005	0.027452	0.601005	0.601005	0.601005	0.027452	0.601005	0.249697	0.224136	0.259020	0.267147	0.726175	
406000	-464.395883	1	2	0	'0 1 0 1 1 1 0 1 	D	0.036309	0.773775	0.036309	0.773775	0.773775	0.773775	0.036309	0.773775	0.251632	0.241207	0.253131	0.254030	0.806771	
407000	-462.944282	1	2	2	'0 1 0 Z 1 1 Z 1 	D	0.020581	0.610624	0.020581	0.000000	0.610624	0.610624	0.000000	0.610624	0.286497	0.000396	0.334707	0.378400	1.531327	
408000	-462.797304	1	2	1	'0 1 1 1 1 1 Z 1 	D	0.064990	0.521180	0.521180	0.521180	0.521180	0.521180	0.000000	0.521180	0.240270	0.248554	0.250595	0.260580	0.588928	
409000	-462.314497	1	2	1	'0 1 1 Z 1 1 0 1 	D	0.018062	0.727156	0.727156	0.000000	0.727156	0.727156	0.018062	0.727156	0.257304	0.211346	0.263300	0.268050	0.473435	
410000	-462.174657	1	2	1	'0 1 1 1 1 1 Z 1 	D	0.090088	0.623522	0.623522	0.623522	0.623522	0.623522	0.000000	0.623522	0.246571	0.249724	0.250066	0.253639	2.250917	
411000	-462.662877	1	2	2	'0 1 1 Z 1 1 Z 1 	D	0.047194	0.722217	0.722217	0.000000	0.722217	0.722217	0.000000	0.722217	0.253081	0.200345	0.267021	0.279553	2.444747	
412000	-465.097378	1	2	1	'Z 1 1 1 1 1 0 1 	D	0.000000	0.471492	0.471492	0.471492	0.471492	0.471492	0.044713	0.471492	0.208763	0.246077	0.251232	0.293928	0.774281	
413000	-462.128497	1	2	2	'0 1 1 Z 1 1 Z 1 	D	0.028075	0.632840	0.632840	0.000000	0.632840	0.632840	0.000000	0.632840	0.256096	0.177532	0.274609	0.291763	0.315657	
414000	-463.006917	1	2	1	'0 1 1 1 1 1 Z 1 	D	0.092110	0.553940	0.553940	0.553940	0.553940	0.553940	0.000000	0.553940	0.242803	0.248947	0.250330	0.257920	1.300285	
415000	-462.072903	1	2	0	'0 1 1 1 1 1 0 1 	D	0.035096	0.683167	0.683167	0.683167	0.683167	0.683167	0.035096	0.683167	0.245052	0.249922	0.250021	0.255005	0.332883	
416000	-463.386001	1	2	1	'Z 1 1 1 1 1 0 1 	D	0.000000	0.592590	0.592590	0.592590	0.592590	0.592590	0.073481	0.592590	0.234711	0.249671	0.250332	0.265286	1.532783	
417000	-462.453836	1	2	1	'0 1 1 1 1 1 Z 1 	D	0.032883	0.532026	0.532026	0.532026	0.532026	0.532026	0.000000	0.532026	0.241330	0.250180	0.250131	0.258358	2.348073	
418000	-463.527215	1	2	1	'Z 1 1 1 1 1 0 1 	D	0.000000	0.771908	0.771908	0.771908	0.771908	0.771908	0.038750	0.771908	0.245593	0.250039	0.250013	0.254355	0.488130	
419000	-463.613652	1	2	1	'Z 1 1 1 1 1 0 1 	D	0.000000	0.751032	0.751032	0.751032	0.751032	0.751032	0.025121	0.751032	0.244454	0.250087	0.249984	0.255475	4.306672	
420000	-463.000715	1	2	2	'0 1 1 Z 1 1 Z 1 	D	0.014766	0.615150	0.615150	0.000000	0.615150	0.615150	0.000000	0.615150	0.260061	0.178040	0.274287	0.287612	0.360274	
421000	-464.219355	1	2	1	'Z 1 0 1 1 1 0 1 	D	0.000000	0.782307	0.045328	0.782307	0.782307	0.782307	0.045328	0.782307	0.251395	0.243576	0.252242	0.252787	1.064212	
422000	-466.457004	1	2	0	'0 1 0 1 1 1 0 1 	D	0.040079	0.520679	0.040079	0.520679	0.520679	0.520679	0.040079	0.520679	0.254321	0.200485	0.268757	0.276437	0.896046	
423000	-462.764336	1	2	1	'0 1 1 0 1 1 Z 1 	D	0.024904	0.755141	0.755141	0.024904	0.755141	0.755141	0.000000	0.755141	0.253831	0.222352	0.259377	0.264441	2.008551	
424000	-465.024818	1	2	2	'0 1 1 Z 1 1 Z 1 	D	0.036787	0.904246	0.904246	0.000000	0.904246	0.904246	0.000000	0.904246	0.251824	0.237563	0.254235	0.256378	0.238977	
425000	-463.187015	1	2	1	'Z 1 1 1 1 1 0 1 	D	0.000000	0.537139	0.537139	0.537139	0.537139	0.537139	0.022934	0.537139	0.220376	0.250442	0.249576	0.279606	0.187852	
426000	-465.201399	1	2	2	'Z 1 Z 1 1 1 0 1 	D	0.000000	0.587887	0.000000	0.587887	0.587887	0.587887	0.055524	0.587887	0.274822	0.192512	0.270478	0.262188	0.461072	
427000	-462.234887	1	2	0	'0 1 1 0 1 1 0 1 	D	0.018890	0.589250	0.589250	0.018890	0.589250	0.589250	0.018890	0.589250	0.257844	0.172081	0.277033	0.293043	0.663288	
428000	-461.975965	1	2	0	'0 1 1 0 1 1 0 1 	D	0.010415	0.665670	0.665670	0.010415	0.665670	0.665670	0.010415	0.665670	0.258486	0.197393	0.267878	0.276242	0.352637	
429000	-462.045456	1	2	0	'0 1 1 0 1 1 0 1 	D	0.009726	0.662432	0.662432	0.009726	0.662432	0.662432	0.009726	0.662432	0.258632	0.196282	0.268232	0.276854	2.019915	
430000	-462.264891	1	2	2	'0 1 1 Z 1 1 Z 1 	D	0.022124	0.644960	0.644960	0.000000	0.644960	0.644960	0.000000	0.644960	0.257732	0.185314	0.271914	0.285039	2.698929	
431000	-463.219794	1	2	1	'0 1 1 0 1 1 Z 1 	D	0.035545	0.803206	0.803206	0.035545	0.803206	0.803206	0.000000	0.803206	0.252177	0.229516	0.256981	0.261325	1.277825	
432000	-461.407639	1	2	1	'0 1 1 1 1 1 Z 1 	D	0.048332	0.673542	0.673542	0.673542	0.673542	0.673542	0.000000	0.673542	0.248060	0.250028	0.249995	0.251917	0.213151	
433000	-463.102105	1	2	0	'0 1 1 0 1 1 0 1 	D	0.018345	0.535568	0.535568	0.018345	0.535568	0.535568	0.018345	0.535568	0.255288	0.148589	0.285222	0.310901	2.213943	
434000	-462.171776	1	2	0	'0 1 1 0 1 1 0 1 	D	0.010017	0.693237	0.693237	0.010017	0.693237	0.693237	0.010017	0.693237	0.257709	0.205554	0.265085	0.271653	0.279343	
435000	-464.566759	1	2	1	'0 1 0 Z 1 1 0 1 	D	0.017911	0.703839	0.017911	0.000000	0.703839	0.703839	0.017911	0.703839	0.324446	0.000372	0.337342	0.337840	1.446432	
436000	-465.493967	1	2	1	'Z 1 1 1 1 1 0 1 	D	0.000000	0.477031	0.477031	0.477031	0.477031	0.477031	0.059689	0.477031	0.213310	0.246104	0.251621	0.288964	0.251322	
437000	-468.121268	1	2	3	'0 1 Z Z 1 1 Z 1 	D	0.027734	0.438573	0.000000	0.000000	0.438573	0.438573	0.000000	0.438573	0.210665	0.000000	0.330028	0.459306	0.713847	
438000	-463.584355	1	2	2	'0 1 0 Z 1 1 Z 1 	D	0.026976	0.568498	0.026976	0.000000	0.568498	0.568498	0.000000	0.568498	0.265265	0.000602	0.334269	0.399864	3.182244	
439000	-463.703556	1	2	3	'0 1 Z Z 1 1 Z 1 	D	0.033721	0.669590	0.000000	0.000000	0.669590	0.669590	0.000000	0.669590	0.276870	0.000000	0.335555	0.387575	0.273637	
440000	-463.693404	1	2	2	'0 1 0 Z 1 1 Z 1 	D	0.035156	0.622383	0.035156	0.000000	0.622383	0.622383	0.000000	0.622383	0.266625	0.001022	0.334733	0.397619	3.964097	
441000	-464.147940	1	2	0	'0 1 0 0 1 1 0 1 	D	0.009544	0.531052	0.009544	0.009544	0.531052	0.531052	0.009544	0.531052	0.303022	0.000441	0.336299	0.360238	0.460816	
442000	-463.764496	1	2	2	'0 1 Z Z 1 1 0 1 	D	0.005073	0.706589	0.000000	0.000000	0.706589	0.706589	0.005073	0.706589	0.325911	0.000000	0.334525	0.339564	0.871673	
443000	-462.105878	1	2	1	'0 1 Z 1 1 1 0 1 	D	0.020642	0.682880	0.000000	0.682880	0.682880	0.682880	0.020642	0.682880	0.252977	0.228876	0.257355	0.260792	0.848605	
444000	-462.166769	1	2	1	'0 1 1 Z 1 1 0 1 	D	0.009572	0.600882	0.600882	0.000000	0.600882	0.600882	0.009572	0.600882	0.260502	0.170758	0.276913	0.291826	1.133696	
445000	-462.298062	1	2	1	'0 1 1 Z 1 1 0 1 	D	0.021780	0.684990	0.684990	0.000000	0.684990	0.684990	0.021780	0.684990	0.258558	0.199740	0.267449	0.274253	0.355418	
446000	-462.110000	1	2	1	'Z 1 1 1 1 1 0 1 	D	0.000000	0.608582	0.608582	0.608582	0.608582	0.608582	0.035356	0.608582	0.233695	0.250035	0.250003	0.266267	2.618464	
447000	-461.713372	1	2	1	'0 1 1 1 1 1 Z 1 	D	0.076973	0.643486	0.643486	0.643486	0.643486	0.643486	0.000000	0.643486	0.247280	0.249855	0.250036	0.252830	1.739750	
448000	-461.429181	1	2	1	'0 1 1 1 1 1 Z 1 	D	0.046268	0.587494	0.587494	0.587494	0.587494	0.587494	0.000000	0.587494	0.245210	0.249927	0.250075	0.254789	0.908983	
449000	-467.265180	1	2	2	'Z 1 0 Z 1 1 0 1 	D	0.000000	0.725454	0.046546	0.000000	0.725454	0.725454	0.046546	0.725454	0.375691	0.003021	0.335746	0.285543	1.592854	
450000	-463.159316	1	2	0	'0 1 0 1 1 1 0 1 	D	0.006377	0.581800	0.006377	0.581800	0.581800	0.581800	0.006377	0.581800	0.247509	0.218172	0.260771	0.273549	2.968436	
451000	-462.072095	1	2	1	'0 1 1 1 1 1 Z 1 	D	0.087708	0.628784	0.628784	0.628784	0.628784	0.628784	0.000000	0.628784	0.246770	0.249759	0.250057	0.253414	0.520810	
452000	-462.658597	1	2	0	'0 1 0 1 1 1 0 1 	D	0.027584	0.674293	0.027584	0.674293	0.674293	0.674293	0.027584	0.674293	0.252503	0.231046	0.256709	0.259742	0.993712	
453000	-463.041456	1	2	1	'0 1 1 0 1 1 Z 1 	D	0.022499	0.556910	0.556910	0.022499	0.556910	0.556910	0.000000	0.556910	0.253577	0.157713	0.281199	0.307511	2.740781	
454000	-463.782166	1	2	1	'0 1 0 0 1 1 Z 1 	D	0.017833	0.545066	0.017833	0.017833	0.545066	0.545066	0.000000	0.545066	0.277188	0.001492	0.333831	0.387488	2.249540	
455000	-461.992762	1	2	0	'0 1 1 0 1 1 0 1 	D	0.016686	0.698619	0.698619	0.016686	0.698619	0.698619	0.016686	0.698619	0.257050	0.207849	0.264485	0.270616	0.384661	
456000	-464.636842	1	2	1	'0 1 1 1 1 1 Z 1 	D	0.144287	0.631798	0.631798	0.631798	0.631798	0.631798	0.000000	0.631798	0.246499	0.249625	0.250035	0.253840	2.140584	
457000	-463.213351	1	2	2	'Z 1 Z 1 1 1 0 1 	D	0.000000	0.695094	0.000000	0.695094	0.695094	0.695094	0.028795	0.695094	0.252314	0.232861	0.255916	0.258908	0.346099	
458000	-464.269090	1	2	3	'Z 1 Z Z 1 1 0 1 	D	0.000000	0.644112	0.000000	0.000000	0.644112	0.644112	0.018595	0.644112	0.346636	0.000000	0.335736	0.317628	0.680166	
459000	-462.085741	1	2	1	'Z 1 1 1 1 1 0 1 	D	0.000000	0.632731	0.632731	0.632731	0.632731	0.632731	0.038181	0.632731	0.236632	0.250044	0.250024	0.263300	0.782158	
460000	-461.632660	1	2	0	'0 1 1 1 1 1 0 1 	D	0.018574	0.670574	0.670574	0.670574	0.670574	0.670574	0.018574	0.670574	0.243714	0.250023	0.249978	0.256284	1.643485	
461000	-465.370872	1	2	1	'Z 1 1 1 1 1 0 1 	D	0.000000	0.532728	0.532728	0.532728	0.532728	0.532728	0.008999	0.532728	0.214544	0.259239	0.246351	0.279865	0.351755	
462000	-463.958007	1	2	2	'0 1 Z Z 1 1 0 1 	D	0.007808	0.764406	0.000000	0.000000	0.764406	0.764406	0.007808	0.764406	0.328339	0.000000	0.335004	0.336657	1.633867	
463000	-464.695651	1	2	2	'0 1 Z 0 1 1 Z 1 	D	0.044792	0.684551	0.000000	0.044792	0.684551	0.684551	0.000000	0.684551	0.269497	0.003138	0.334652	0.392712	3.341633	
464000	-462.521066	1	2	1	'0 1 1 0 1 1 Z 1 	D	0.019371	0.690233	0.690233	0.019371	0.690233	0.690233	0.000000	0.690233	0.256066	0.207686	0.264315	0.271933	0.438105	
465000	-463.499314	1	2	1	'0 1 0 Z 1 1 0 1 	D	0.008107	0.566142	0.008107	0.000000	0.566142	0.566142	0.008107	0.566142	0.310363	0.000070	0.335791	0.353776	4.798793	
466000	-462.119005	1	2	1	'Z 1 1 1 1 1 0 1 	D	0.000000	0.641454	0.641454	0.641454	0.641454	0.641454	0.041831	0.641454	0.237714	0.250025	0.250045	0.262216	0.880979	
467000	-463.638791	1	2	1	'0 1 1 1 1 1 Z 1 	D	0.120790	0.604003	0.604003	0.604003	0.604003	0.604003	0.000000	0.604003	0.245522	0.249473	0.250100	0.254906	0.578367	
468000	-462.317925	1	2	1	'Z 1 1 1 1 1 0 1 	D	0.000000	0.672405	0.672405	0.672405	0.672405	0.672405	0.046582	0.672405	0.240555	0.250033	0.250051	0.259361	0.898261	
469000	-461.524882	1	2	1	'0 1 1 1 1 1 Z 1 	D	0.054603	0.689051	0.689051	0.689051	0.689051	0.689051	0.000000	0.689051	0.248344	0.250003	0.249998	0.251656	0.957814	
470000	-463.920358	1	2	1	'Z 1 1 1 1 1 0 1 	D	0.000000	0.757459	0.757459	0.757459	0.757459	0.757459	0.022419	0.757459	0.244670	0.250096	0.249978	0.255256	0.467938	
471000	-462.548268	1	2	0	'0 1 1 0 1 1 0 1 	D	0.013441	0.552019	0.552019	0.013441	0.552019	0.552019	0.013441	0.552019	0.257440	0.154437	0.282770	0.305353	0.235843	
472000	-461.638919	1	2	1	'0 1 1 1 1 1 Z 1 	D	0.055468	0.571720	0.571720	0.571720	0.571720	0.571720	0.000000	0.571720	0.244324	0.249651	0.250168	0.255858	0.815646	
473000	-462.531995	1	2	0	'0 1 1 1 1 1 0 1 	D	0.018839	0.747424	0.747424	0.747424	0.747424	0.747424	0.018839	0.747424	0.246714	0.250021	0.249989	0.253276	0.624831	
474000	-462.524235	1	2	1	'Z 1 1 1 1 1 0 1 	D	0.000000	0.695838	0.695838	0.695838	0.695838	0.695838	0.033306	0.695838	0.241668	0.250091	0.249998	0.258243	0.747107	
475000	-461.616897	1	2	0	'0 1 1 1 1 1 0 1 	D	0.020266	0.675198	0.675198	0.675198	0.675198	0.675198	0.020266	0.675198	0.244038	0.250003	0.249987	0.255973	2.911327	
476000	-463.377288	1	2	1	'0 1 1 0 1 1 Z 1 	D	0.060990	0.761288	0.761288	0.060990	0.761288	0.761288	0.000000	0.761288	0.249842	0.220852	0.260042	0.269264	0.860606	
477000	-462.627071	1	2	2	'0 1 1 Z 1 1 Z 1 	D	0.050650	0.673271	0.673271	0.000000	0.673271	0.673271	0.000000	0.673271	0.251517	0.182429	0.273157	0.292897	0.677693	
478000	-463.033381	1	2	1	'0 1 1 Z 1 1 0 1 	D	0.021442	0.771585	0.771585	0.000000	0.771585	0.771585	0.021442	0.771585	0.255826	0.220949	0.260034	0.263191	2.844254	
479000	-465.422477	1	2	2	'0 1 1 Z 1 1 Z 1 	D	0.018649	0.484813	0.484813	0.000000	0.484813	0.484813	0.000000	0.484813	0.248799	0.113715	0.295785	0.341701	1.360970	
480000	-462.047281	1	2	1	'0 1 1 Z 1 1 0 1 	D	0.019229	0.627311	0.627311	0.000000	0.627311	0.627311	0.019229	0.627311	0.259840	0.180463	0.274099	0.285598	3.436580	
481000	-462.513753	1	2	1	'0 1 1 0 1 1 Z 1 	D	0.026159	0.582622	0.582622	0.026159	0.582622	0.582622	0.000000	0.582622	0.253280	0.168459	0.277626	0.300636	4.590495	
482000	-462.055334	1	2	0	'0 1 1 1 1 1 0 1 	D	0.025753	0.719721	0.719721	0.719721	0.719721	0.719721	0.025753	0.719721	0.246077	0.249989	0.249999	0.253935	2.310214	
483000	-462.235579	1	2	0	'0 1 1 1 1 1 0 1 	D	0.029988	0.552458	0.552458	0.552458	0.552458	0.552458	0.029988	0.552458	0.234860	0.249002	0.250305	0.265833	2.014071	
484000	-465.108607	1	2	0	'0 1 0 0 1 1 0 1 	D	0.003296	0.553226	0.003296	0.003296	0.553226	0.553226	0.003296	0.553226	0.308275	0.000054	0.334265	0.357406	0.792646	
485000	-462.654967	1	2	1	'Z 1 1 1 1 1 0 1 	D	0.000000	0.549593	0.549593	0.549593	0.549593	0.549593	0.034351	0.549593	0.224573	0.249649	0.250041	0.275737	1.525846	
486000	-462.071116	1	2	1	'0 1 1 1 1 1 Z 1 	D	0.037911	0.544590	0.544590	0.544590	0.544590	0.544590	0.000000	0.544590	0.242445	0.249947	0.250159	0.257449	0.722987	
487000	-461.372916	1	2	1	'0 1 1 1 1 1 Z 1 	D	0.041435	0.654470	0.654470	0.654470	0.654470	0.654470	0.000000	0.654470	0.247633	0.250083	0.249986	0.252299	0.371044	
488000	-463.573264	1	2	1	'0 1 1 1 1 1 Z 1 	D	0.089292	0.524186	0.524186	0.524186	0.524186	0.524186	0.000000	0.524186	0.240210	0.248210	0.250609	0.260971	0.212842	
489000	-463.780970	1	2	1	'Z 1 1 1 1 1 0 1 	D	0.000000	0.655462	0.655462	0.655462	0.655462	0.655462	0.085383	0.655462	0.241012	0.249961	0.250175	0.258852	1.374421	
490000	-463.044483	1	2	1	'Z 1 1 1 1 1 0 1 	D	0.000000	0.652477	0.652477	0.652477	0.652477	0.652477	0.071035	0.652477	0.240147	0.249962	0.250147	0.259744	1.098813	
491000	-463.557304	1	2	2	'Z 1 Z 1 1 1 0 1 	D	0.000000	0.730074	0.000000	0.730074	0.730074	0.730074	0.021529	0.730074	0.248795	0.241821	0.252806	0.256578	2.183693	
492000	-462.890221	1	2	1	'0 1 Z 1 1 1 0 1 	D	0.021256	0.770939	0.000000	0.770939	0.770939	0.770939	0.021256	0.770939	0.251655	0.239480	0.253646	0.255219	1.247800	
493000	-463.351715	1	2	1	'Z 1 1 1 1 1 0 1 	D	0.000000	0.577919	0.577919	0.577919	0.577919	0.577919	0.069773	0.577919	0.232654	0.249533	0.250384	0.267429	0.682489	
494000	-466.141593	1	2	1	'0 1 1 0 1 1 Z 1 	D	0.050963	0.952259	0.952259	0.050963	0.952259	0.952259	0.000000	0.952259	0.250574	0.243042	0.252382	0.254002	0.770873	
495000	-462.119250	1	2	1	'0 1 1 1 1 1 Z 1 	D	0.089598	0.641953	0.641953	0.641953	0.641953	0.641953	0.000000	0.641953	0.247181	0.249807	0.250040	0.252973	0.320859	
496000	-462.223189	1	2	1	'0 1 1 0 1 1 Z 1 	D	0.024226	0.620545	0.620545	0.024226	0.620545	0.620545	0.000000	0.620545	0.255304	0.183885	0.272415	0.288396	0.767356	
497000	-463.949588	1	2	2	'0 1 1 Z 1 1 Z 1 	D	0.046938	0.537336	0.537336	0.000000	0.537336	0.537336	0.000000	0.537336	0.238161	0.122395	0.292856	0.346588	2.943082	
498000	-463.287543	1	2	1	'Z 1 1 1 1 1 0 1 	D	0.000000	0.722401	0.722401	0.722401	0.722401	0.722401	0.065875	0.722401	0.244166	0.250030	0.250061	0.255743	1.609529	
499000	-465.868392	1	2	1	'Z 1 1 1 1 1 0 1 	D	0.000000	0.814280	0.814280	0.814280	0.814280	0.814280	0.015530	0.814280	0.246545	0.250075	0.249979	0.253401	2.935195	
500000	-463.531532	1	2	2	'Z 1 Z 1 1 1 0 1 	D	0.000000	0.656590	0.000000	0.656590	0.656590	0.656590	0.040315	0.656590	0.259168	0.219574	0.260626	0.260632	0.584448	
501000	-465.428558	1	2	1	'Z 1 0 1 1 1 0 1 	D	0.000000	0.775587	0.069014	0.775587	0.775587	0.775587	0.069014	0.775587	0.254539	0.240299	0.253415	0.251747	3.335209	
502000	-462.766445	1	2	0	'0 1 0 1 1 1 0 1 	D	0.006665	0.647291	0.006665	0.647291	0.647291	0.647291	0.006665	0.647291	0.248786	0.231615	0.256219	0.263381	3.444819	
503000	-464.421586	1	2	1	'Z 1 0 1 1 1 0 1 	D	0.000000	0.813785	0.024915	0.813785	0.813785	0.813785	0.024915	0.813785	0.247871	0.249896	0.250050	0.252182	1.064346	
504000	-462.400226	1	2	1	'Z 1 1 1 1 1 0 1 	D	0.000000	0.591747	0.591747	0.591747	0.591747	0.591747	0.050285	0.591747	0.232764	0.249765	0.250177	0.267294	2.359096	
505000	-462.137241	1	2	1	'Z 1 1 1 1 1 0 1 	D	0.000000	0.615443	0.615443	0.615443	0.615443	0.615443	0.031897	0.615443	0.234266	0.250118	0.249961	0.265656	3.713761	
506000	-463.790649	1	2	1	'Z 1 0 1 1 1 0 1 	D	0.000000	0.568639	0.032216	0.568639	0.568639	0.568639	0.032216	0.568639	0.252165	0.215225	0.262277	0.270333	2.802813	
507000	-462.451631	1	2	0	'0 1 0 1 1 1 0 1 	D	0.024339	0.705610	0.024339	0.705610	0.705610	0.705610	0.024339	0.705610	0.251846	0.235178	0.255195	0.257780	3.774616	
508000	-464.198999	1	2	1	'0 1 Z 1 1 1 0 1 	D	0.016599	0.862573	0.000000	0.862573	0.862573	0.862573	0.016599	0.862573	0.250214	0.246566	0.251177	0.252043	0.288428	
509000	-461.440272	1	2	1	'0 1 1 1 1 1 Z 1 	D	0.036084	0.615887	0.615887	0.615887	0.615887	0.615887	0.000000	0.615887	0.246435	0.250190	0.249976	0.253399	1.562919	
510000	-462.252085	1	2	1	'0 1 1 Z 1 1 0 1 	D	0.021968	0.648759	0.648759	0.000000	0.648759	0.648759	0.021968	0.648759	0.259414	0.188080	0.271553	0.280953	1.241334	
511000	-463.911969	1	2	1	'0 1 1 1 1 1 Z 1 	D	0.128195	0.615502	0.615502	0.615502	0.615502	0.615502	0.000000	0.615502	0.245975	0.249548	0.250070	0.254406	0.366984	
512000	-461.406457	1	2	1	'0 1 1 1 1 1 Z 1 	D	0.036974	0.625458	0.625458	0.625458	0.625458	0.625458	0.000000	0.625458	0.246781	0.250163	0.249977	0.253079	1.618293	
513000	-462.674909	1	2	0	'0 1 0 1 1 1 0 1 	D	0.007241	0.674709	0.007241	0.674709	0.674709	0.674709	0.007241	0.674709	0.249065	0.235652	0.254857	0.260425	0.409507	
514000	-462.019714	1	2	0	'0 1 0 1 1 1 0 1 	D	0.013144	0.702820	0.013144	0.702820	0.702820	0.702820	0.013144	0.702820	0.250538	0.236406	0.254659	0.258398	0.285735	
515000	-462.170037	1	2	0	'0 1 1 0 1 1 0 1 	D	0.009995	0.593094	0.593094	0.009995	0.593094	0.593094	0.009995	0.593094	0.259375	0.171087	0.276826	0.292711	1.301523	
516000	-462.482538	1	2	1	'0 1 1 Z 1 1 0 1 	D	0.014168	0.750057	0.750057	0.000000	0.750057	0.750057	0.014168	0.750057	0.256532	0.216972	0.261277	0.265218	1.496244	
517000	-463.290045	1	2	1	'Z 1 1 1 1 1 0 1 	D	0.000000	0.685657	0.685657	0.685657	0.685657	0.685657	0.018383	0.685657	0.240273	0.250341	0.249875	0.259511	3.538087	
518000	-461.853026	1	2	0	'0 1 1 0 1 1 0 1 	D	0.012229	0.669182	0.669182	0.012229	0.669182	0.669182	0.012229	0.669182	0.258226	0.198747	0.267480	0.275547	3.944059	
519000	-462.023894	1	2	0	'0 1 1 1 1 1 0 1 	D	0.032723	0.693994	0.693994	0.693994	0.693994	0.693994	0.032723	0.693994	0.245395	0.249945	0.250013	0.254647	0.277475	
520000	-466.526383	1	2	2	'Z 1 0 Z 1 1 0 1 	D	0.000000	0.858045	0.012800	0.000000	0.858045	0.858045	0.012800	0.858045	0.340746	0.000206	0.334378	0.324671	1.757390	
521000	-462.702946	1	2	1	'Z 1 1 1 1 1 0 1 	D	0.000000	0.711884	0.711884	0.711884	0.711884	0.711884	0.048651	0.711884	0.243152	0.250040	0.250040	0.256768	1.850885	
522000	-464.036938	1	2	1	'Z 1 1 1 1 1 0 1 	D	0.000000	0.788294	0.788294	0.788294	0.788294	0.788294	0.029929	0.788294	0.245995	0.250044	0.250001	0.253959	0.872384	
523000	-462.622241	1	2	1	'Z 1 1 1 1 1 0 1 	D	0.000000	0.700237	0.700237	0.700237	0.700237	0.700237	0.031241	0.700237	0.241879	0.250101	0.249990	0.258030	1.606539	
524000	-461.538218	1	2	0	'0 1 1 1 1 1 0 1 	D	0.027829	0.615175	0.615175	0.615175	0.615175	0.615175	0.027829	0.615175	0.240763	0.249753	0.250063	0.259421	2.237759	
525000	-462.603412	1	2	0	'0 1 0 1 1 1 0 1 	D	0.023048	0.585394	0.023048	0.585394	0.585394	0.585394	0.023048	0.585394	0.252140	0.215650	0.262181	0.270030	2.780440	
526000	-463.630719	1	2	1	'0 1 0 0 1 1 Z 1 	D	0.033448	0.699574	0.033448	0.033448	0.699574	0.699574	0.000000	0.699574	0.286184	0.005033	0.333809	0.374975	0.414443	
527000	-463.815298	1	2	0	'0 1 0 1 1 1 0 1 	D	0.011398	0.507585	0.011398	0.507585	0.507585	0.507585	0.011398	0.507585	0.244637	0.197269	0.268245	0.289849	0.676751	
528000	-463.194955	1	2	1	'Z 1 0 1 1 1 0 1 	D	0.000000	0.619084	0.022127	0.619084	0.619084	0.619084	0.022127	0.619084	0.247192	0.229972	0.256915	0.265922	0.459101	
529000	-463.600666	1	2	3	'0 1 Z Z 1 1 Z 1 	D	0.010792	0.593564	0.000000	0.000000	0.593564	0.593564	0.000000	0.593564	0.300605	0.000000	0.334378	0.365017	4.450052	
530000	-463.257949	1	2	1	'0 1 1 1 1 1 Z 1 	D	0.041714	0.496580	0.496580	0.496580	0.496580	0.496580	0.000000	0.496580	0.237626	0.248744	0.250724	0.262905	4.262472	
531000	-464.613672	1	2	2	'Z 1 Z 1 1 1 0 1 	D	0.000000	0.825712	0.000000	0.825712	0.825712	0.825712	0.027724	0.825712	0.249447	0.247027	0.251026	0.252500	2.594429	
532000	-463.318757	1	2	1	'Z 1 0 1 1 1 0 1 	D	0.000000	0.617309	0.036559	0.617309	0.617309	0.617309	0.036559	0.617309	0.253616	0.224444	0.258994	0.262945	1.008068	
533000	-463.746295	1	2	2	'0 1 Z Z 1 1 0 1 	D	0.005332	0.578826	0.000000	0.000000	0.578826	0.578826	0.005332	0.578826	0.312804	0.000000	0.334912	0.352284	0.616407	
534000	-463.859030	1	2	2	'Z 1 Z 1 1 1 0 1 	D	0.000000	0.771892	0.000000	0.771892	0.771892	0.771892	0.030493	0.771892	0.250947	0.241775	0.252834	0.254444	0.346998	
535000	-463.156264	1	2	1	'Z 1 1 1 1 1 0 1 	D	0.000000	0.633167	0.633167	0.633167	0.633167	0.633167	0.073346	0.633167	0.238706	0.249905	0.250194	0.261194	1.068056	
536000	-464.738233	1	2	2	'Z 1 Z 1 1 1 0 1 	D	0.000000	0.799746	0.000000	0.799746	0.799746	0.799746	0.016877	0.799746	0.246730	0.251049	0.249657	0.252564	3.056645	
537000	-462.545874	1	2	1	'Z 1 1 1 1 1 0 1 	D	0.000000	0.585869	0.585869	0.585869	0.585869	0.585869	0.053340	0.585869	0.232257	0.249694	0.250221	0.267828	4.386667	
538000	-462.365348	1	2	1	'0 1 Z 1 1 1 0 1 	D	0.014230	0.741842	0.000000	0.741842	0.741842	0.741842	0.014230	0.741842	0.251065	0.238486	0.253946	0.256503	0.584096	
539000	-462.768773	1	2	1	'0 1 Z 1 1 1 0 1 	D	0.011084	0.550697	0.000000	0.550697	0.550697	0.550697	0.011084	0.550697	0.249102	0.205165	0.265422	0.280311	4.229762	
540000	-466.030920	1	2	2	'Z 1 Z 1 1 1 0 1 	D	0.000000	0.665039	0.000000	0.665039	0.665039	0.665039	0.074097	0.665039	0.274563	0.204868	0.265979	0.254590	2.435737	
541000	-464.203614	1	2	2	'0 1 Z 0 1 1 Z 1 	D	0.036719	0.570999	0.000000	0.036719	0.570999	0.570999	0.000000	0.570999	0.250801	0.002285	0.333388	0.413526	0.647568	
542000	-462.855555	1	2	2	'0 1 1 Z 1 1 Z 1 	D	0.051312	0.725494	0.725494	0.000000	0.725494	0.725494	0.000000	0.725494	0.252545	0.199872	0.267212	0.280372	1.095103	
543000	-462.127876	1	2	0	'0 1 1 1 1 1 0 1 	D	0.034003	0.698241	0.698241	0.698241	0.698241	0.698241	0.034003	0.698241	0.245601	0.249947	0.250013	0.254439	0.505835	
544000	-462.203360	1	2	0	'0 1 0 1 1 1 0 1 	D	0.010311	0.696153	0.010311	0.696153	0.696153	0.696153	0.010311	0.696153	0.249989	0.236608	0.254563	0.258840	1.339238	
545000	-463.090462	1	2	2	'0 1 Z 0 1 1 Z 1 	D	0.016104	0.597195	0.000000	0.016104	0.597195	0.597195	0.000000	0.597195	0.291823	0.000390	0.334498	0.373289	0.151026	
546000	-462.398569	1	2	1	'0 1 1 0 1 1 Z 1 	D	0.033518	0.736136	0.736136	0.033518	0.736136	0.736136	0.000000	0.736136	0.253067	0.217194	0.261177	0.268562	1.283001	
547000	-461.519843	1	2	1	'0 1 1 1 1 1 Z 1 	D	0.069068	0.648960	0.648960	0.648960	0.648960	0.648960	0.000000	0.648960	0.247457	0.249900	0.250027	0.252616	0.940774	
548000	-463.056230	1	2	1	'Z 1 1 1 1 1 0 1 	D	0.000000	0.558601	0.558601	0.558601	0.558601	0.558601	0.020111	0.558601	0.224221	0.250919	0.249474	0.275386	1.169578	
549000	-466.771468	1	2	1	'0 1 1 1 1 1 Z 1 	D	0.182927	0.633252	0.633252	0.633252	0.633252	0.633252	0.000000	0.633252	0.246266	0.249563	0.250007	0.254165	1.538016	
550000	-462.226349	1	2	1	'Z 1 1 1 1 1 0 1 	D	0.000000	0.665112	0.665112	0.665112	0.665112	0.665112	0.035567	0.665112	0.239485	0.250087	0.250004	0.260424	0.540233	
551000	-462.894245	1	2	1	'0 1 Z 1 1 1 0 1 	D	0.011230	0.769298	0.000000	0.769298	0.769298	0.769298	0.011230	0.769298	0.250169	0.242521	0.252547	0.254763	0.476602	
552000	-461.578985	1	2	0	'0 1 1 1 1 1 0 1 	D	0.017800	0.657280	0.657280	0.657280	0.657280	0.657280	0.017800	0.657280	0.242929	0.250031	0.249972	0.257068	0.676639	
553000	-462.538429	1	2	1	'0 1 Z 1 1 1 0 1 	D	0.012433	0.559468	0.000000	0.559468	0.559468	0.559468	0.012433	0.559468	0.250104	0.206753	0.264927	0.278216	1.673305	
554000	-462.376240	1	2	1	'Z 1 1 1 1 1 0 1 	D	0.000000	0.673837	0.673837	0.673837	0.673837	0.673837	0.030879	0.673837	0.239968	0.250126	0.249978	0.259928	1.232962	
555000	-463.310895	1	2	1	'Z 1 1 1 1 1 0 1 	D	0.000000	0.758995	0.758995	0.758995	0.758995	0.758995	0.046103	0.758995	0.245258	0.250037	0.250023	0.254682	1.559547	
556000	-463.951790	1	2	1	'Z 1 1 1 1 1 0 1 	D	0.000000	0.794861	0.794861	0.794861	0.794861	0.794861	0.049350	0.794861	0.246507	0.250028	0.250020	0.253445	1.171012	
557000	-464.299567	1	2	1	'Z 1 1 1 1 1 0 1 	D	0.000000	0.799441	0.799441	0.799441	0.799441	0.799441	0.062745	0.799441	0.246823	0.250026	0.250027	0.253124	0.261618	
558000	-465.249474	1	2	1	'Z 1 0 1 1 1 0 1 	D	0.000000	0.658466	0.007487	0.658466	0.658466	0.658466	0.007487	0.658466	0.238005	0.253851	0.248679	0.259466	3.262300	
559000	-463.136687	1	2	1	'Z 1 1 1 1 1 0 1 	D	0.000000	0.629864	0.629864	0.629864	0.629864	0.629864	0.072820	0.629864	0.238390	0.249894	0.250200	0.261515	1.967328	
560000	-461.778342	1	2	1	'0 1 1 1 1 1 Z 1 	D	0.055913	0.561818	0.561818	0.561818	0.561818	0.561818	0.000000	0.561818	0.243697	0.249542	0.250216	0.256546	1.569970	
561000	-461.364143	1	2	1	'0 1 1 1 1 1 Z 1 	D	0.059862	0.652260	0.652260	0.652260	0.652260	0.652260	0.000000	0.652260	0.247565	0.249949	0.250017	0.252468	0.538943	
562000	-462.627336	1	2	1	'0 1 1 1 1 1 Z 1 	D	0.092732	0.579687	0.579687	0.579687	0.579687	0.579687	0.000000	0.579687	0.244515	0.249346	0.250188	0.255951	2.995948	
563000	-463.177368	1	2	2	'0 1 0 Z 1 1 Z 1 	D	0.024679	0.594419	0.024679	0.000000	0.594419	0.594419	0.000000	0.594419	0.276020	0.000536	0.334617	0.388826	1.129238	
564000	-462.859025	1	2	3	'0 1 Z Z 1 1 Z 1 	D	0.018320	0.636267	0.000000	0.000000	0.636267	0.636267	0.000000	0.636267	0.294142	0.000000	0.334882	0.370976	0.621615	
565000	-461.888983	1	2	1	'0 1 1 1 1 1 Z 1 	D	0.080912	0.669636	0.669636	0.669636	0.669636	0.669636	0.000000	0.669636	0.247920	0.249906	0.250016	0.252159	0.317481	
566000	-464.774524	1	2	2	'0 1 1 Z 1 1 Z 1 	D	0.079152	0.767409	0.767409	0.000000	0.767409	0.767409	0.000000	0.767409	0.249950	0.203421	0.266163	0.280466	1.999409	
567000	-462.830299	1	2	1	'0 1 1 0 1 1 Z 1 	D	0.060000	0.669623	0.669623	0.060000	0.669623	0.669623	0.000000	0.669623	0.247207	0.198260	0.267765	0.286769	0.926540	
568000	-462.982093	1	2	2	'1 0 0 Z 0 0 Z 0 	D	0.043016	0.771616	0.771616	0.000000	0.771616	0.771616	0.000000	0.771616	0.253377	0.214901	0.262011	0.269711	1.495863	
569000	-463.060695	1	2	0	'1 0 0 0 0 0 1 0 	D	0.040491	0.552316	0.552316	0.552316	0.552316	0.552316	0.040491	0.552316	0.236050	0.248825	0.250404	0.264720	1.638357	
570000	-464.154868	1	2	1	'1 0 0 Z 0 0 1 0 	D	0.007569	0.810167	0.810167	0.000000	0.810167	0.810167	0.007569	0.810167	0.254123	0.229999	0.256746	0.259133	0.322233	
571000	-462.638828	1	2	1	'1 0 0 1 0 0 Z 0 	D	0.055833	0.661180	0.661180	0.055833	0.661180	0.661180	0.000000	0.661180	0.247670	0.195685	0.268621	0.288024	0.304797	
572000	-465.048827	1	2	1	'1 0 0 1 0 0 Z 0 	D	0.098206	0.690462	0.690462	0.098206	0.690462	0.690462	0.000000	0.690462	0.242075	0.205475	0.265409	0.287041	1.188734	
573000	-462.122180	1	2	1	'1 0 0 0 0 0 Z 0 	D	0.080185	0.582449	0.582449	0.582449	0.582449	0.582449	0.000000	0.582449	0.244786	0.249468	0.250172	0.255574	3.520297	
574000	-464.503690	1	2	1	'1 0 0 0 0 0 Z 0 	D	0.143322	0.676275	0.676275	0.676275	0.676275	0.676275	0.000000	0.676275	0.247820	0.249824	0.250002	0.252354	4.621240	
575000	-462.266366	1	2	1	'1 0 0 0 0 0 Z 0 	D	0.029001	0.550914	0.550914	0.550914	0.550914	0.550914	0.000000	0.550914	0.242826	0.250587	0.249952	0.256635	0.327950	
576000	-463.903500	1	2	2	'1 0 0 Z 0 0 Z 0 	D	0.060891	0.788763	0.788763	0.000000	0.788763	0.788763	0.000000	0.788763	0.251891	0.213895	0.262449	0.271765	0.895554	
577000	-462.386099	1	2	2	'1 0 0 Z 0 0 Z 0 	D	0.043567	0.694785	0.694785	0.000000	0.694785	0.694785	0.000000	0.694785	0.253408	0.192999	0.269502	0.284090	1.659550	
578000	-462.344927	1	2	1	'1 0 0 0 0 0 Z 0 	D	0.024626	0.685722	0.685722	0.685722	0.685722	0.685722	0.000000	0.685722	0.248251	0.250255	0.249929	0.251565	1.351720	
579000	-463.664727	1	2	1	'Z 0 0 0 0 0 1 0 	D	0.000000	0.589999	0.589999	0.589999	0.589999	0.589999	0.078062	0.589999	0.234774	0.249639	0.250369	0.265217	1.666678	
580000	-462.391327	1	2	1	'1 0 0 0 0 0 Z 0 	D	0.086524	0.717589	0.717589	0.717589	0.717589	0.717589	0.000000	0.717589	0.248723	0.249957	0.250000	0.251320	2.088678	
581000	-461.842947	1	2	1	'1 0 0 0 0 0 Z 0 	D	0.060074	0.717777	0.717777	0.717777	0.717777	0.717777	0.000000	0.717777	0.248761	0.249996	0.249996	0.251246	0.266289	
582000	-461.500381	1	2	0	'1 0 0 0 0 0 1 0 	D	0.017363	0.628753	0.628753	0.628753	0.628753	0.628753	0.017363	0.628753	0.240997	0.250015	0.249967	0.259020	2.571051	
583000	-461.924080	1	2	0	'1 0 0 0 0 0 1 0 	D	0.027290	0.563596	0.563596	0.563596	0.563596	0.563596	0.027290	0.563596	0.235855	0.249265	0.250210	0.264670	0.354281	
584000	-468.473075	1	2	1	'1 0 0 Z 0 0 1 0 	D	0.041271	0.958194	0.958194	0.000000	0.958194	0.958194	0.041271	0.958194	0.251742	0.242339	0.252697	0.253222	0.904460	
585000	-464.545827	1	2	1	'Z 0 0 0 0 0 1 0 	D	0.000000	0.796070	0.796070	0.796070	0.796070	0.796070	0.072252	0.796070	0.246867	0.250027	0.250033	0.253073	0.659614	
586000	-464.290034	1	2	0	'0 1 1 1 1 1 0 1 	D	0.053511	0.560694	0.560694	0.560694	0.560694	0.560694	0.053511	0.560694	0.238224	0.248895	0.250416	0.262465	0.751034	
587000	-461.267836	1	2	1	'0 1 1 1 1 1 Z 1 	D	0.050607	0.640872	0.640872	0.640872	0.640872	0.640872	0.000000	0.640872	0.247271	0.249994	0.250013	0.252722	0.714484	
588000	-461.939170	1	2	1	'0 1 1 1 1 1 Z 1 	D	0.076927	0.589797	0.589797	0.589797	0.589797	0.589797	0.000000	0.589797	0.245201	0.249564	0.250142	0.255093	0.529374	
589000	-464.388738	1	2	2	'0 1 Z 0 1 1 Z 1 	D	0.043038	0.655744	0.000000	0.043038	0.655744	0.655744	0.000000	0.655744	0.265157	0.002954	0.334424	0.397465	1.747577	
590000	-463.918047	1	2	1	'0 1 1 1 1 1 Z 1 	D	0.131157	0.678901	0.678901	0.678901	0.678901	0.678901	0.000000	0.678901	0.247932	0.249845	0.250004	0.252219	0.670349	
591000	-463.376974	1	2	1	'0 1 1 1 1 1 Z 1 	D	0.015479	0.674059	0.674059	0.674059	0.674059	0.674059	0.000000	0.674059	0.247939	0.250656	0.249804	0.251601	0.505840	
592000	-464.855492	1	2	1	'0 1 1 1 1 1 Z 1 	D	0.129447	0.793879	0.793879	0.793879	0.793879	0.793879	0.000000	0.793879	0.249367	0.249976	0.249993	0.250663	4.411621	
593000	-462.856962	1	2	1	'Z 1 1 1 1 1 0 1 	D	0.000000	0.662680	0.662680	0.662680	0.662680	0.662680	0.020564	0.662680	0.238461	0.250359	0.249864	0.261316	2.987875	
594000	-462.186773	1	2	1	'0 1 1 Z 1 1 0 1 	D	0.020862	0.628804	0.628804	0.000000	0.628804	0.628804	0.020862	0.628804	0.259744	0.180957	0.274008	0.285291	0.270674	
595000	-464.540233	1	2	1	'0 1 Z 0 1 1 0 1 	D	0.006443	0.522845	0.000000	0.006443	0.522845	0.522845	0.006443	0.522845	0.301337	0.000061	0.335430	0.363172	3.124752	
596000	-462.317017	1	2	1	'Z 1 1 1 1 1 0 1 	D	0.000000	0.602420	0.602420	0.602420	0.602420	0.602420	0.049775	0.602420	0.234051	0.249839	0.250147	0.265964	0.758828	
597000	-462.374708	1	2	0	'0 1 1 1 1 1 0 1 	D	0.039924	0.604266	0.604266	0.604266	0.604266	0.604266	0.039924	0.604266	0.240821	0.249566	0.250142	0.259471	0.850192	
598000	-462.161821	1	2	1	'0 1 1 Z 1 1 0 1 	D	0.009219	0.672629	0.672629	0.000000	0.672629	0.672629	0.009219	0.672629	0.259184	0.196896	0.268003	0.275917	0.710660	
599000	-462.349621	1	2	2	'0 1 1 Z 1 1 Z 1 	D	0.044152	0.660801	0.660801	0.000000	0.660801	0.660801	0.000000	0.660801	0.252563	0.180570	0.273733	0.293134	1.285051	
600000	-463.335105	1	2	0	'0 1 1 0 1 1 0 1 	D	0.027990	0.747231	0.747231	0.027990	0.747231	0.747231	0.027990	0.747231	0.255003	0.220698	0.260248	0.264051	0.293617	
601000	-462.177986	1	3	1	'2 1 1 0 1 1 Z 1 	D	0.062527	0.712087	0.712087	0.336657	0.712087	0.712087	0.000000	0.712087	0.246647	0.244926	0.251719	0.256709	0.688727	
602000	-461.987917	1	2	1	'1 0 0 0 0 0 Z 0 	D	0.057453	0.731590	0.731590	0.731590	0.731590	0.731590	0.000000	0.731590	0.248924	0.250003	0.249995	0.251078	2.683756	
603000	-463.505427	1	2	1	'1 0 0 1 0 0 Z 0 	D	0.011592	0.621201	0.621201	0.011592	0.621201	0.621201	0.000000	0.621201	0.259761	0.186904	0.271261	0.282074	1.103801	
604000	-462.400762	1	2	1	'1 0 0 0 0 0 Z 0 	D	0.020812	0.634830	0.634830	0.634830	0.634830	0.634830	0.000000	0.634830	0.246972	0.250669	0.249817	0.252541	0.392498	
605000	-462.053118	1	2	1	'1 0 0 0 0 0 Z 0 	D	0.064652	0.554960	0.554960	0.554960	0.554960	0.554960	0.000000	0.554960	0.243172	0.249296	0.250286	0.257246	0.917354	
606000	-462.196852	1	2	1	'1 0 0 Z 0 0 1 0 	D	0.016721	0.720603	0.720603	0.000000	0.720603	0.720603	0.016721	0.720603	0.257538	0.209789	0.263807	0.268867	0.483041	
607000	-462.912808	1	2	0	'1 0 0 1 0 0 1 0 	D	0.007751	0.729028	0.729028	0.007751	0.729028	0.729028	0.007751	0.729028	0.256529	0.215005	0.261820	0.266647	2.911696	
608000	-463.891453	1	2	2	'1 0 0 Z 0 0 Z 0 	D	0.009979	0.620419	0.620419	0.000000	0.620419	0.620419	0.000000	0.620419	0.261302	0.183380	0.272424	0.282894	3.635107	
609000	-464.050765	1	2	0	'1 0 1 0 0 0 1 0 	D	0.028799	0.543273	0.028799	0.543273	0.543273	0.543273	0.028799	0.543273	0.252477	0.205899	0.266038	0.275587	1.596297	
610000	-464.908435	1	2	1	'Z 0 1 0 0 0 1 0 	D	0.000000	0.738088	0.065554	0.738088	0.738088	0.738088	0.065554	0.738088	0.255744	0.237123	0.254543	0.252590	0.351955	
611000	-462.111878	1	2	0	'1 0 1 0 0 0 1 0 	D	0.016742	0.719336	0.016742	0.719336	0.719336	0.719336	0.016742	0.719336	0.250941	0.237535	0.254300	0.257225	1.586204	
612000	-461.893449	1	2	0	'1 0 0 0 0 0 1 0 	D	0.013115	0.643812	0.643812	0.643812	0.643812	0.643812	0.013115	0.643812	0.241750	0.250188	0.249911	0.258151	1.475917	
613000	-464.012937	1	2	3	'1 0 Z Z 0 0 Z 0 	D	0.022982	0.778846	0.000000	0.000000	0.778846	0.778846	0.000000	0.778846	0.305424	0.000000	0.335249	0.359327	0.712759	
614000	-462.198186	1	2	1	'Z 0 0 0 0 0 1 0 	D	0.000000	0.621480	0.621480	0.621480	0.621480	0.621480	0.047563	0.621480	0.236052	0.249939	0.250099	0.263910	1.869376	
615000	-461.726737	1	2	1	'1 0 0 0 0 0 Z 0 	D	0.064471	0.700973	0.700973	0.700973	0.700973	0.700973	0.000000	0.700973	0.248525	0.249980	0.250000	0.251495	2.009569	
616000	-463.107310	1	2	1	'Z 0 1 0 0 0 1 0 	D	0.000000	0.640628	0.022113	0.640628	0.640628	0.640628	0.022113	0.640628	0.247337	0.233854	0.255569	0.263240	0.214737	
617000	-465.559387	1	2	1	'1 0 0 1 0 0 Z 0 	D	0.106084	0.696370	0.696370	0.106084	0.696370	0.696370	0.000000	0.696370	0.241533	0.207526	0.264722	0.286219	0.572262	
618000	-462.375689	1	2	0	'1 0 0 0 0 0 1 0 	D	0.034669	0.719533	0.719533	0.719533	0.719533	0.719533	0.034669	0.719533	0.246342	0.249966	0.250008	0.253684	2.097576	
619000	-463.919159	1	2	0	'1 0 1 0 0 0 1 0 	D	0.029678	0.799017	0.029678	0.799017	0.799017	0.799017	0.029678	0.799017	0.251086	0.243101	0.252424	0.253389	2.123602	
620000	-462.534111	1	2	1	'1 0 Z 0 0 0 1 0 	D	0.024441	0.619278	0.000000	0.619278	0.619278	0.619278	0.024441	0.619278	0.254588	0.216376	0.261885	0.267151	1.038335	
621000	-462.867837	1	2	1	'Z 0 0 0 0 0 1 0 	D	0.000000	0.557765	0.557765	0.557765	0.557765	0.557765	0.052564	0.557765	0.228116	0.249364	0.250334	0.272186	0.758392	
622000	-464.729093	1	2	3	'1 0 Z Z 0 0 Z 0 	D	0.014095	0.515048	0.000000	0.000000	0.515048	0.515048	0.000000	0.515048	0.275079	0.000000	0.334105	0.390815	0.845467	
623000	-463.260043	1	2	2	'1 0 1 Z 0 0 Z 0 	D	0.028159	0.683784	0.028159	0.000000	0.683784	0.683784	0.000000	0.683784	0.288589	0.000747	0.335129	0.375535	4.553440	
624000	-462.948897	1	2	2	'1 0 1 Z 0 0 Z 0 	D	0.021148	0.611273	0.021148	0.000000	0.611273	0.611273	0.000000	0.611273	0.285680	0.000416	0.334719	0.379185	1.001795	
625000	-463.643037	1	2	3	'1 0 Z Z 0 0 Z 0 	D	0.031642	0.596812	0.000000	0.000000	0.596812	0.596812	0.000000	0.596812	0.263053	0.000000	0.334793	0.402154	1.275227	
626000	-462.875127	1	2	3	'1 0 Z Z 0 0 Z 0 	D	0.019130	0.628507	0.000000	0.000000	0.628507	0.628507	0.000000	0.628507	0.291443	0.000000	0.334898	0.373660	0.622916	
627000	-465.284319	1	2	1	'1 0 1 1 0 0 Z 0 	D	0.052573	0.586615	0.052573	0.052573	0.586615	0.586615	0.000000	0.586615	0.238450	0.011761	0.329955	0.419834	0.088210	
628000	-462.857890	1	2	1	'1 0 1 1 0 0 Z 0 	D	0.022755	0.637145	0.022755	0.022755	0.637145	0.637145	0.000000	0.637145	0.289115	0.002400	0.334166	0.374319	4.311683	
629000	-465.646975	1	2	2	'1 0 1 Z 0 0 Z 0 	D	0.053943	0.669968	0.053943	0.000000	0.669968	0.669968	0.000000	0.669968	0.255494	0.002212	0.334815	0.407480	0.948306	
630000	-464.870723	1	2	2	'1 0 1 Z 0 0 Z 0 	D	0.040668	0.552189	0.040668	0.000000	0.552189	0.552189	0.000000	0.552189	0.237179	0.001144	0.332935	0.428742	0.281088	
631000	-461.887986	1	2	1	'1 0 0 0 0 0 Z 0 	D	0.059919	0.558893	0.558893	0.558893	0.558893	0.558893	0.000000	0.558893	0.243479	0.249432	0.250247	0.256842	1.687457	
632000	-462.439965	1	2	1	'1 0 0 0 0 0 Z 0 	D	0.078638	0.741101	0.741101	0.741101	0.741101	0.741101	0.000000	0.741101	0.249004	0.249979	0.249997	0.251020	0.663657	
633000	-462.344490	1	2	0	'1 0 0 0 0 0 1 0 	D	0.015694	0.720945	0.720945	0.720945	0.720945	0.720945	0.015694	0.720945	0.245782	0.250053	0.249975	0.254190	0.818479	
634000	-462.663703	1	2	0	'1 0 0 0 0 0 1 0 	D	0.044624	0.651112	0.651112	0.651112	0.651112	0.651112	0.044624	0.651112	0.244001	0.249812	0.250062	0.256125	0.459544	
635000	-461.614983	1	2	1	'1 0 0 0 0 0 Z 0 	D	0.072596	0.623076	0.623076	0.623076	0.623076	0.623076	0.000000	0.623076	0.246646	0.249801	0.250060	0.253492	2.051218	
636000	-461.855518	1	2	1	'1 0 0 0 0 0 Z 0 	D	0.040929	0.712309	0.712309	0.712309	0.712309	0.712309	0.000000	0.712309	0.248695	0.250054	0.249984	0.251267	4.541117	
637000	-463.355927	1	2	1	'1 0 Z 0 0 0 1 0 	D	0.018158	0.528520	0.000000	0.528520	0.528520	0.528520	0.018158	0.528520	0.251021	0.196111	0.269020	0.283848	2.105075	
638000	-461.942825	1	2	1	'1 0 0 Z 0 0 1 0 	D	0.015695	0.606564	0.606564	0.000000	0.606564	0.606564	0.015695	0.606564	0.260128	0.172595	0.276648	0.290629	1.650471	
639000	-462.113225	1	2	1	'1 0 0 1 0 0 Z 0 	D	0.041007	0.664615	0.664615	0.041007	0.664615	0.664615	0.000000	0.664615	0.251279	0.197354	0.267978	0.283389	1.901661	
640000	-462.335078	1	2	1	'1 0 0 1 0 0 Z 0 	D	0.031648	0.728353	0.728353	0.031648	0.728353	0.728353	0.000000	0.728353	0.253399	0.215616	0.261704	0.269280	1.314030	
641000	-465.786307	1	2	1	'1 0 0 1 0 0 Z 0 	D	0.107023	0.633616	0.633616	0.107023	0.633616	0.633616	0.000000	0.633616	0.234398	0.189867	0.270584	0.305151	0.552581	
642000	-462.575568	1	2	1	'1 0 0 1 0 0 Z 0 	D	0.032109	0.752850	0.752850	0.032109	0.752850	0.752850	0.000000	0.752850	0.253072	0.220925	0.259898	0.266105	3.985505	
643000	-465.039656	1	2	2	'1 0 Z 1 0 0 Z 0 	D	0.031098	0.511409	0.000000	0.031098	0.511409	0.511409	0.000000	0.511409	0.239610	0.001713	0.332350	0.426327	0.711008	
644000	-462.028305	1	2	1	'1 0 0 1 0 0 Z 0 	D	0.032586	0.638022	0.638022	0.032586	0.638022	0.638022	0.000000	0.638022	0.252896	0.189197	0.270687	0.287220	0.471372	
645000	-462.657168	1	2	0	'1 0 0 1 0 0 1 0 	D	0.009448	0.735731	0.735731	0.009448	0.735731	0.735731	0.009448	0.735731	0.256305	0.216398	0.261383	0.265915	1.122931	
646000	-462.661848	1	2	1	'Z 0 0 0 0 0 1 0 	D	0.000000	0.551872	0.551872	0.551872	0.551872	0.551872	0.041119	0.551872	0.225828	0.249462	0.250184	0.274526	0.551578	
647000	-462.205874	1	2	1	'1 0 Z 0 0 0 1 0 	D	0.021706	0.687537	0.000000	0.687537	0.687537	0.687537	0.021706	0.687537	0.253080	0.229325	0.257211	0.260384	0.404285	
648000	-461.718637	1	2	1	'1 0 0 0 0 0 Z 0 	D	0.048806	0.709142	0.709142	0.709142	0.709142	0.709142	0.000000	0.709142	0.248654	0.250025	0.249991	0.251330	1.470101	
649000	-461.506524	1	2	1	'1 0 0 0 0 0 Z 0 	D	0.068430	0.625446	0.625446	0.625446	0.625446	0.625446	0.000000	0.625446	0.246746	0.249834	0.250053	0.253367	1.159121	
650000	-461.311405	1	2	1	'1 0 0 0 0 0 Z 0 	D	0.056784	0.621371	0.621371	0.621371	0.621371	0.621371	0.000000	0.621371	0.246639	0.249904	0.250044	0.253413	0.819905	
651000	-463.940103	1	2	3	'1 0 Z Z 0 0 Z 0 	D	0.016879	0.539941	0.000000	0.000000	0.539941	0.539941	0.000000	0.539941	0.275924	0.000000	0.334307	0.389768	4.554386	
652000	-462.343629	1	2	1	'1 0 0 1 0 0 Z 0 	D	0.020611	0.635106	0.635106	0.020611	0.635106	0.635106	0.000000	0.635106	0.256599	0.189808	0.270378	0.283215	0.290194	
653000	-462.053319	1	2	1	'1 0 0 1 0 0 Z 0 	D	0.032689	0.684687	0.684687	0.032689	0.684687	0.684687	0.000000	0.684687	0.253419	0.204116	0.265625	0.276840	3.695204	
654000	-461.839338	1	2	0	'1 0 0 0 0 0 1 0 	D	0.030349	0.684810	0.684810	0.684810	0.684810	0.684810	0.030349	0.684810	0.244931	0.249942	0.250013	0.255114	1.107218	
655000	-462.415395	1	2	1	'1 0 0 0 0 0 Z 0 	D	0.078919	0.738555	0.738555	0.738555	0.738555	0.738555	0.000000	0.738555	0.248978	0.249978	0.249997	0.251047	0.743917	
656000	-465.826937	1	2	2	'1 0 Z Z 0 0 1 0 	D	0.003187	0.524242	0.000000	0.000000	0.524242	0.524242	0.003187	0.524242	0.301809	0.000000	0.334276	0.363915	0.314872	
657000	-465.009807	1	2	0	'1 0 0 0 0 0 1 0 	D	0.066239	0.700220	0.700220	0.700220	0.700220	0.700220	0.066239	0.700220	0.246647	0.249909	0.250034	0.253410	4.730653	
658000	-464.119113	1	2	1	'Z 0 0 0 0 0 1 0 	D	0.000000	0.793321	0.793321	0.793321	0.793321	0.793321	0.059937	0.793321	0.246620	0.250027	0.250027	0.253326	2.846791	
659000	-461.877833	1	2	0	'1 0 0 0 0 0 1 0 	D	0.024635	0.705481	0.705481	0.705481	0.705481	0.705481	0.024635	0.705481	0.245538	0.249987	0.249998	0.254477	2.808530	
660000	-462.811680	1	2	1	'Z 0 0 0 0 0 1 0 	D	0.000000	0.633544	0.633544	0.633544	0.633544	0.633544	0.066006	0.633544	0.238335	0.249916	0.250168	0.261581	0.433016	
661000	-463.462404	1	2	1	'1 0 0 0 0 0 Z 0 	D	0.114771	0.724754	0.724754	0.724754	0.724754	0.724754	0.000000	0.724754	0.248757	0.249939	0.249996	0.251308	0.938804	
662000	-462.166836	1	2	1	'1 0 0 0 0 0 Z 0 	D	0.089005	0.616021	0.616021	0.616021	0.616021	0.616021	0.000000	0.616021	0.246295	0.249686	0.250079	0.253940	1.015336	
663000	-461.421856	1	2	1	'1 0 0 0 0 0 Z 0 	D	0.060406	0.604959	0.604959	0.604959	0.604959	0.604959	0.000000	0.604959	0.245991	0.249808	0.250080	0.254121	0.920783	
664000	-462.078789	1	2	1	'1 0 0 0 0 0 Z 0 	D	0.082144	0.696002	0.696002	0.696002	0.696002	0.696002	0.000000	0.696002	0.248415	0.249942	0.250005	0.251638	1.404507	
665000	-461.932908	1	2	1	'1 0 0 0 0 0 Z 0 	D	0.056996	0.553089	0.553089	0.553089	0.553089	0.553089	0.000000	0.553089	0.243084	0.249410	0.250270	0.257236	0.576186	
666000	-462.982699	1	2	1	'0 1 1 0 1 1 Z 1 	D	0.047988	0.769647	0.769647	0.047988	0.769647	0.769647	0.000000	0.769647	0.251261	0.222945	0.259275	0.266519	0.626397	
667000	-461.351545	1	2	1	'0 1 1 1 1 1 Z 1 	D	0.045356	0.599388	0.599388	0.599388	0.599388	0.599388	0.000000	0.599388	0.245776	0.249985	0.250046	0.254194	2.219900	
668000	-462.264373	1	2	1	'0 1 1 1 1 1 Z 1 	D	0.086654	0.590842	0.590842	0.590842	0.590842	0.590842	0.000000	0.590842	0.245180	0.249506	0.250145	0.255170	0.519260	
669000	-462.633177	1	2	2	'0 1 1 Z 1 1 Z 1 	D	0.039977	0.745607	0.745607	0.000000	0.745607	0.745607	0.000000	0.745607	0.253899	0.209446	0.263860	0.272795	0.221252	
670000	-462.176783	1	2	1	'0 1 1 1 1 1 Z 1 	D	0.088977	0.613889	0.613889	0.613889	0.613889	0.613889	0.000000	0.613889	0.246210	0.249673	0.250084	0.254033	3.842206	
671000	-461.569020	1	2	1	'0 1 1 1 1 1 Z 1 	D	0.049170	0.573316	0.573316	0.573316	0.573316	0.573316	0.000000	0.573316	0.244433	0.249786	0.250133	0.255647	0.596186	
672000	-462.222480	1	2	1	'0 1 1 1 1 1 Z 1 	D	0.037696	0.536964	0.536964	0.536964	0.536964	0.536964	0.000000	0.536964	0.241817	0.249885	0.250200	0.258098	0.999788	
673000	-463.775065	1	2	1	'0 1 1 Z 1 1 0 1 	D	0.023650	0.534900	0.534900	0.000000	0.534900	0.534900	0.023650	0.534900	0.256690	0.140325	0.288634	0.314350	0.764484	
674000	-461.800055	1	2	0	'0 1 1 0 1 1 0 1 	D	0.015150	0.666998	0.666998	0.015150	0.666998	0.666998	0.015150	0.666998	0.257986	0.198597	0.267634	0.275784	2.481672	
675000	-463.316177	1	2	3	'0 1 Z Z 1 1 Z 1 	D	0.029655	0.642346	0.000000	0.000000	0.642346	0.642346	0.000000	0.642346	0.277195	0.000000	0.335286	0.387520	1.701197	
676000	-461.376119	1	2	1	'0 1 1 1 1 1 Z 1 	D	0.056005	0.602079	0.602079	0.602079	0.602079	0.602079	0.000000	0.602079	0.245881	0.249841	0.250076	0.254202	3.819416	
677000	-463.840632	1	2	1	'Z 1 1 1 1 1 0 1 	D	0.000000	0.522841	0.522841	0.522841	0.522841	0.522841	0.058371	0.522841	0.222790	0.248481	0.250713	0.278016	0.160886	
678000	-462.590382	1	2	1	'0 1 1 0 1 1 Z 1 	D	0.029758	0.751765	0.751765	0.029758	0.751765	0.751765	0.000000	0.751765	0.253357	0.220978	0.259868	0.265797	1.474540	
679000	-462.797660	1	2	2	'0 1 1 Z 1 1 Z 1 	D	0.044641	0.592311	0.592311	0.000000	0.592311	0.592311	0.000000	0.592311	0.247944	0.151049	0.283629	0.317378	1.265597	
680000	-461.795938	1	2	0	'0 1 0 1 1 1 0 1 	D	0.015905	0.632959	0.015905	0.632959	0.632959	0.632959	0.015905	0.632959	0.251203	0.225404	0.258517	0.264876	3.987067	
681000	-461.405622	1	2	1	'0 1 1 1 1 1 Z 1 	D	0.062859	0.619565	0.619565	0.619565	0.619565	0.619565	0.000000	0.619565	0.246557	0.249849	0.250056	0.253537	2.253884	
682000	-463.246031	1	2	1	'0 1 1 0 1 1 Z 1 	D	0.037401	0.543905	0.543905	0.037401	0.543905	0.543905	0.000000	0.543905	0.243762	0.150148	0.283712	0.322377	0.511082	
683000	-462.015021	1	2	1	'0 1 1 0 1 1 Z 1 	D	0.033248	0.644254	0.644254	0.033248	0.644254	0.644254	0.000000	0.644254	0.252842	0.191294	0.269982	0.285882	1.228597	
684000	-462.616427	1	2	1	'Z 1 1 1 1 1 0 1 	D	0.000000	0.551884	0.551884	0.551884	0.551884	0.551884	0.035676	0.551884	0.225160	0.249628	0.250069	0.275143	0.585587	
685000	-462.719555	1	2	1	'0 1 Z 1 1 1 0 1 	D	0.016796	0.771696	0.000000	0.771696	0.771696	0.771696	0.016796	0.771696	0.251106	0.240601	0.253232	0.255061	0.336517	
686000	-462.126364	1	2	1	'0 1 1 1 1 1 Z 1 	D	0.026680	0.571768	0.571768	0.571768	0.571768	0.571768	0.000000	0.571768	0.244206	0.250725	0.249866	0.255202	3.221561	
687000	-462.160331	1	2	1	'0 1 1 0 1 1 Z 1 	D	0.042631	0.651624	0.651624	0.042631	0.651624	0.651624	0.000000	0.651624	0.250474	0.193055	0.269446	0.287025	4.142282	
688000	-461.707005	1	2	0	'0 1 1 1 1 1 0 1 	D	0.015726	0.585820	0.585820	0.585820	0.585820	0.585820	0.015726	0.585820	0.236983	0.249980	0.249950	0.263086	1.863404	
689000	-463.002935	1	2	1	'0 1 Z 0 1 1 0 1 	D	0.009023	0.630357	0.000000	0.009023	0.630357	0.630357	0.009023	0.630357	0.319413	0.000111	0.335716	0.344760	3.483710	
690000	-463.719259	1	2	3	'0 1 Z Z 1 1 Z 1 	D	0.028260	0.731101	0.000000	0.000000	0.731101	0.731101	0.000000	0.731101	0.294074	0.000000	0.335560	0.370366	2.103901	
691000	-462.941917	1	2	1	'0 1 0 0 1 1 Z 1 	D	0.014846	0.640323	0.014846	0.014846	0.640323	0.640323	0.000000	0.640323	0.301499	0.001048	0.334281	0.363171	1.128266	
692000	-463.501727	1	2	1	'0 1 Z 1 1 1 0 1 	D	0.020782	0.816098	0.000000	0.816098	0.816098	0.816098	0.020782	0.816098	0.251018	0.243149	0.252367	0.253466	1.441688	
693000	-463.440802	1	2	1	'Z 1 0 1 1 1 0 1 	D	0.000000	0.704285	0.042260	0.704285	0.704285	0.704285	0.042260	0.704285	0.252833	0.236725	0.254647	0.255795	0.338829	
694000	-462.949807	1	2	2	'0 1 1 Z 1 1 Z 1 	D	0.056060	0.698617	0.698617	0.000000	0.698617	0.698617	0.000000	0.698617	0.251288	0.189382	0.270833	0.288497	1.363218	
695000	-461.935255	1	2	1	'0 1 1 1 1 1 Z 1 	D	0.044982	0.724532	0.724532	0.724532	0.724532	0.724532	0.000000	0.724532	0.248848	0.250033	0.249989	0.251130	0.357036	
696000	-462.115524	1	2	1	'0 1 1 0 1 1 Z 1 	D	0.030343	0.695846	0.695846	0.030343	0.695846	0.695846	0.000000	0.695846	0.253871	0.207519	0.264452	0.274158	0.912766	
697000	-461.478261	1	2	1	'0 1 1 1 1 1 Z 1 	D	0.038579	0.663737	0.663737	0.663737	0.663737	0.663737	0.000000	0.663737	0.247848	0.250106	0.249977	0.252069	0.500342	
698000	-462.600824	1	2	1	'0 1 1 1 1 1 Z 1 	D	0.101340	0.628178	0.628178	0.628178	0.628178	0.628178	0.000000	0.628178	0.246669	0.249709	0.250058	0.253564	4.663169	
699000	-464.400293	1	2	1	'0 1 1 Z 1 1 0 1 	D	0.028765	0.540659	0.540659	0.000000	0.540659	0.540659	0.028765	0.540659	0.256694	0.142900	0.288199	0.312208	0.861927	
700000	-462.389306	1	2	1	'0 1 1 1 1 1 Z 1 	D	0.022944	0.673636	0.673636	0.673636	0.673636	0.673636	0.000000	0.673636	0.248007	0.250340	0.249905	0.251747	3.956482	
701000	-462.626487	1	2	1	'0 1 1 0 1 1 Z 1 	D	0.053430	0.630468	0.630468	0.053430	0.630468	0.630468	0.000000	0.630468	0.246363	0.185384	0.272086	0.296168	1.102015	
702000	-464.392504	1	2	1	'0 1 0 Z 1 1 0 1 	D	0.010184	0.523042	0.010184	0.000000	0.523042	0.523042	0.010184	0.523042	0.301057	0.000106	0.336761	0.362076	0.140019	
703000	-463.023559	1	2	1	'Z 1 1 1 1 1 0 1 	D	0.000000	0.740688	0.740688	0.740688	0.740688	0.740688	0.044409	0.740688	0.244462	0.250042	0.250024	0.255471	1.442797	
704000	-465.599997	1	2	1	'0 1 1 Z 1 1 0 1 	D	0.039351	0.795650	0.795650	0.000000	0.795650	0.795650	0.039351	0.795650	0.254983	0.225015	0.258867	0.261134	2.765713	
705000	-462.308830	1	2	1	'Z 1 1 1 1 1 0 1 	D	0.000000	0.653140	0.653140	0.653140	0.653140	0.653140	0.050914	0.653140	0.239237	0.249999	0.250081	0.260683	1.255932	
706000	-462.383579	1	2	1	'Z 1 1 1 1 1 0 1 	D	0.000000	0.676141	0.676141	0.676141	0.676141	0.676141	0.031308	0.676141	0.240169	0.250120	0.249982	0.259730	4.331684	
707000	-461.897957	1	2	0	'0 1 1 1 1 1 0 1 	D	0.028888	0.698172	0.698172	0.698172	0.698172	0.698172	0.028888	0.698172	0.245415	0.249963	0.250006	0.254615	1.729107	
708000	-463.870012	1	2	1	'0 1 0 Z 1 1 0 1 	D	0.008016	0.759605	0.008016	0.000000	0.759605	0.759605	0.008016	0.759605	0.328121	0.000076	0.335009	0.336794	0.353959	
709000	-461.767623	1	2	1	'0 1 1 1 1 1 Z 1 	D	0.031911	0.672439	0.672439	0.672439	0.672439	0.672439	0.000000	0.672439	0.248021	0.250172	0.249957	0.251850	0.681078	
710000	-463.572093	1	2	2	'0 1 Z 0 1 1 Z 1 	D	0.013260	0.736762	0.000000	0.013260	0.736762	0.736762	0.000000	0.736762	0.313646	0.000241	0.334464	0.351649	2.801391	
711000	-464.302317	1	2	2	'0 1 1 Z 1 1 Z 1 	D	0.010073	0.732081	0.732081	0.000000	0.732081	0.732081	0.000000	0.732081	0.256372	0.219453	0.260269	0.263905	2.431659	
712000	-462.353166	1	2	0	'0 1 0 1 1 1 0 1 	D	0.014416	0.742716	0.014416	0.742716	0.742716	0.742716	0.014416	0.742716	0.250444	0.240420	0.253286	0.255849	0.530549	
713000	-462.537496	1	2	1	'Z 1 1 1 1 1 0 1 	D	0.000000	0.588095	0.588095	0.588095	0.588095	0.588095	0.053677	0.588095	0.232576	0.249711	0.250216	0.267496	0.579249	
714000	-463.393389	1	2	1	'0 1 1 0 1 1 Z 1 	D	0.012621	0.605737	0.605737	0.012621	0.605737	0.605737	0.000000	0.605737	0.259668	0.180562	0.273414	0.286356	0.112558	
715000	-462.921885	1	2	1	'0 1 1 0 1 1 Z 1 	D	0.060699	0.640669	0.640669	0.060699	0.640669	0.640669	0.000000	0.640669	0.245176	0.188929	0.270918	0.294977	2.077939	
716000	-462.959801	1	2	1	'0 1 1 1 1 1 Z 1 	D	0.095502	0.564785	0.564785	0.564785	0.564785	0.564785	0.000000	0.564785	0.243543	0.249113	0.250262	0.257082	0.881671	
717000	-463.426367	1	2	3	'0 1 Z Z 1 1 Z 1 	D	0.022075	0.735039	0.000000	0.000000	0.735039	0.735039	0.000000	0.735039	0.302117	0.000000	0.335207	0.362677	1.658576	
718000	-462.333616	1	2	1	'0 1 1 Z 1 1 0 1 	D	0.010765	0.572581	0.572581	0.000000	0.572581	0.572581	0.010765	0.572581	0.260027	0.158596	0.281140	0.300238	1.804184	
719000	-462.929529	1	2	1	'0 1 0 0 1 1 Z 1 	D	0.018474	0.609150	0.018474	0.018474	0.609150	0.609150	0.000000	0.609150	0.290566	0.001602	0.334192	0.373640	1.366401	
720000	-462.657145	1	2	2	'0 1 1 Z 1 1 Z 1 	D	0.044041	0.736111	0.736111	0.000000	0.736111	0.736111	0.000000	0.736111	0.253505	0.205494	0.265238	0.275763	1.300229	
721000	-464.704611	1	2	3	'Z 1 Z Z 1 1 0 1 	D	0.000000	0.599327	0.000000	0.000000	0.599327	0.599327	0.010865	0.599327	0.329631	0.000000	0.335065	0.335304	0.875824	
722000	-462.339793	1	2	0	'0 1 1 0 1 1 0 1 	D	0.023588	0.655397	0.655397	0.023588	0.655397	0.655397	0.023588	0.655397	0.257282	0.196898	0.268534	0.277286	0.845385	
723000	-462.283931	1	2	1	'0 1 1 0 1 1 Z 1 	D	0.046497	0.649030	0.649030	0.046497	0.649030	0.649030	0.000000	0.649030	0.249355	0.191997	0.269826	0.288822	0.837392	
724000	-463.733976	1	2	1	'0 1 1 1 1 1 Z 1 	D	0.013741	0.566258	0.566258	0.566258	0.566258	0.566258	0.000000	0.566258	0.243204	0.253333	0.249032	0.254431	0.160673	
725000	-461.626846	1	2	0	'0 1 1 1 1 1 0 1 	D	0.029250	0.607708	0.607708	0.607708	0.607708	0.607708	0.029250	0.607708	0.240288	0.249689	0.250085	0.259938	1.217033	
726000	-463.059227	1	2	1	'Z 1 1 1 1 1 0 1 	D	0.000000	0.546439	0.546439	0.546439	0.546439	0.546439	0.022394	0.546439	0.222217	0.250569	0.249569	0.277644	0.741818	
727000	-462.459191	1	2	1	'0 1 Z 1 1 1 0 1 	D	0.024934	0.662375	0.000000	0.662375	0.662375	0.662375	0.024934	0.662375	0.254054	0.224498	0.258975	0.262473	0.335486	
728000	-465.833453	1	2	2	'Z 1 Z 1 1 1 0 1 	D	0.000000	0.762538	0.000000	0.762538	0.762538	0.762538	0.070043	0.762538	0.261532	0.227405	0.257921	0.253142	1.043472	
729000	-462.027397	1	2	0	'0 1 1 1 1 1 0 1 	D	0.031012	0.703154	0.703154	0.703154	0.703154	0.703154	0.031012	0.703154	0.245677	0.249961	0.250008	0.254354	1.745451	
730000	-464.675249	1	2	1	'0 1 1 0 1 1 Z 1 	D	0.080533	0.579738	0.579738	0.080533	0.579738	0.579738	0.000000	0.579738	0.231717	0.167255	0.277958	0.323070	1.303782	
731000	-462.264585	1	2	1	'0 1 1 1 1 1 Z 1 	D	0.093522	0.653168	0.653168	0.653168	0.653168	0.653168	0.000000	0.653168	0.247478	0.249834	0.250029	0.252659	1.430018	
732000	-461.271552	1	2	1	'0 1 1 1 1 1 Z 1 	D	0.045358	0.630883	0.630883	0.630883	0.630883	0.630883	0.000000	0.630883	0.246971	0.250036	0.250008	0.252985	0.390411	
733000	-462.845593	1	2	0	'0 1 1 0 1 1 0 1 	D	0.027752	0.643867	0.643867	0.027752	0.643867	0.643867	0.027752	0.643867	0.256931	0.194321	0.269613	0.279134	1.798753	
734000	-461.950782	1	2	0	'0 1 1 0 1 1 0 1 	D	0.018028	0.681209	0.681209	0.018028	0.681209	0.681209	0.018028	0.681209	0.257373	0.203331	0.266090	0.273206	0.521067	
735000	-463.272974	1	2	2	'0 1 Z Z 1 1 0 1 	D	0.007355	0.590462	0.000000	0.000000	0.590462	0.590462	0.007355	0.590462	0.314463	0.000000	0.335498	0.350039	0.376343	
736000	-463.980499	1	2	1	'Z 1 1 1 1 1 0 1 	D	0.000000	0.509130	0.509130	0.509130	0.509130	0.509130	0.020665	0.509130	0.213325	0.250604	0.249302	0.286770	0.389902	
737000	-462.869792	1	2	2	'0 1 0 Z 1 1 Z 1 	D	0.020844	0.628799	0.020844	0.000000	0.628799	0.628799	0.000000	0.628799	0.289561	0.000413	0.334788	0.375237	0.360680	
738000	-464.139950	1	2	1	'Z 1 0 0 1 1 0 1 	D	0.000000	0.663140	0.018829	0.018829	0.663140	0.663140	0.018829	0.663140	0.345184	0.001666	0.334942	0.318208	0.463109	
739000	-462.406806	1	2	2	'0 1 1 Z 1 1 Z 1 	D	0.042066	0.709042	0.709042	0.000000	0.709042	0.709042	0.000000	0.709042	0.253758	0.198205	0.267715	0.280323	4.077811	
740000	-462.118170	1	2	1	'0 1 1 0 1 1 Z 1 	D	0.024840	0.647381	0.647381	0.024840	0.647381	0.647381	0.000000	0.647381	0.255304	0.193383	0.269207	0.282106	0.596898	
741000	-463.156468	1	2	2	'0 1 0 Z 1 1 Z 1 	D	0.018242	0.715622	0.018242	0.000000	0.715622	0.715622	0.000000	0.715622	0.305485	0.000347	0.334793	0.359375	1.645029	
742000	-463.472206	1	2	2	'0 1 1 Z 1 1 Z 1 	D	0.065142	0.655113	0.655113	0.000000	0.655113	0.655113	0.000000	0.655113	0.246981	0.168942	0.277834	0.306243	1.623644	
743000	-462.105448	1	2	1	'0 1 1 Z 1 1 0 1 	D	0.009070	0.641736	0.641736	0.000000	0.641736	0.641736	0.009070	0.641736	0.260040	0.186483	0.271538	0.281940	2.239366	
744000	-464.211096	1	2	1	'0 1 Z 1 1 1 0 1 	D	0.025749	0.838723	0.000000	0.838723	0.838723	0.838723	0.025749	0.838723	0.251135	0.243803	0.252155	0.252906	0.844222	
745000	-462.957630	1	2	1	'Z 1 1 1 1 1 0 1 	D	0.000000	0.702835	0.702835	0.702835	0.702835	0.702835	0.024425	0.702835	0.241787	0.250161	0.249956	0.258096	2.255374	
746000	-463.616857	1	2	2	'Z 1 Z 1 1 1 0 1 	D	0.000000	0.668138	0.000000	0.668138	0.668138	0.668138	0.015546	0.668138	0.246263	0.237815	0.254149	0.261773	1.555418	
747000	-468.428795	1	2	0	'0 1 0 1 1 1 0 1 	D	0.014703	0.416206	0.014703	0.416206	0.416206	0.416206	0.014703	0.416206	0.230794	0.166498	0.280212	0.322496	2.293921	
748000	-463.228911	1	2	0	'0 1 0 1 1 1 0 1 	D	0.020123	0.536381	0.020123	0.536381	0.536381	0.536381	0.020123	0.536381	0.249969	0.204265	0.266232	0.279535	0.213477	
749000	-462.014084	1	2	1	'0 1 Z 1 1 1 0 1 	D	0.019141	0.625128	0.000000	0.625128	0.625128	0.625128	0.019141	0.625128	0.253301	0.219063	0.260795	0.266841	0.580448	
750000	-461.823164	1	2	1	'0 1 1 1 1 1 Z 1 	D	0.080451	0.631916	0.631916	0.631916	0.631916	0.631916	0.000000	0.631916	0.246911	0.249801	0.250051	0.253237	1.415923	
751000	-463.041014	1	2	1	'0 1 1 1 1 1 Z 1 	D	0.083146	0.776665	0.776665	0.776665	0.776665	0.776665	0.000000	0.776665	0.249298	0.249987	0.249996	0.250720	2.414819	
752000	-461.859551	1	2	0	'0 1 1 0 1 1 0 1 	D	0.017731	0.647284	0.647284	0.017731	0.647284	0.647284	0.017731	0.647284	0.258065	0.192918	0.269699	0.279317	0.257048	
753000	-464.284152	1	2	2	'0 1 0 Z 1 1 Z 1 	D	0.030284	0.771341	0.030284	0.000000	0.771341	0.771341	0.000000	0.771341	0.297990	0.000911	0.335280	0.365819	0.555650	
754000	-463.003548	1	2	0	'0 1 0 0 1 1 0 1 	D	0.009562	0.656983	0.009562	0.009562	0.656983	0.656983	0.009562	0.656983	0.321829	0.000445	0.335574	0.342153	0.193090	
755000	-464.119234	1	2	1	'0 1 0 0 1 1 Z 1 	D	0.041868	0.617145	0.041868	0.041868	0.617145	0.617145	0.000000	0.617145	0.259481	0.007681	0.332326	0.400511	1.641787	
756000	-462.837325	1	2	1	'0 1 0 0 1 1 Z 1 	D	0.021929	0.639140	0.021929	0.021929	0.639140	0.639140	0.000000	0.639140	0.290660	0.002235	0.334201	0.372904	1.835178	
757000	-463.119366	1	2	0	'0 1 0 0 1 1 0 1 	D	0.007181	0.611946	0.007181	0.007181	0.611946	0.611946	0.007181	0.611946	0.317347	0.000252	0.335216	0.347185	1.116243	
758000	-462.253288	1	2	1	'Z 1 1 1 1 1 0 1 	D	0.000000	0.622952	0.622952	0.622952	0.622952	0.622952	0.027642	0.622952	0.234831	0.250229	0.249907	0.265033	1.948584	
759000	-463.430381	1	2	0	'0 1 1 1 1 1 0 1 	D	0.009551	0.521456	0.521456	0.521456	0.521456	0.521456	0.009551	0.521456	0.226647	0.251005	0.249477	0.272871	0.918280	
760000	-462.550093	1	2	1	'0 1 1 1 1 1 Z 1 	D	0.093457	0.710959	0.710959	0.710959	0.710959	0.710959	0.000000	0.710959	0.248618	0.249943	0.250001	0.251437	0.278784	
761000	-463.388884	1	2	0	'0 1 1 1 1 1 0 1 	D	0.029197	0.502784	0.502784	0.502784	0.502784	0.502784	0.029197	0.502784	0.227459	0.247410	0.250833	0.274298	0.379989	
762000	-461.427200	1	2	0	'0 1 1 1 1 1 0 1 	D	0.024722	0.625666	0.625666	0.625666	0.625666	0.625666	0.024722	0.625666	0.241315	0.249845	0.250031	0.258809	3.658708	
763000	-462.184568	1	2	1	'0 1 1 1 1 1 Z 1 	D	0.022835	0.613225	0.613225	0.613225	0.613225	0.613225	0.000000	0.613225	0.246222	0.250721	0.249817	0.253241	0.414614	
764000	-461.364986	1	2	1	'0 1 1 1 1 1 Z 1 	D	0.061669	0.636130	0.636130	0.636130	0.636130	0.636130	0.000000	0.636130	0.247112	0.249907	0.250033	0.252947	0.407765	
765000	-462.445529	1	2	1	'0 1 1 1 1 1 Z 1 	D	0.090987	0.589366	0.589366	0.589366	0.589366	0.589366	0.000000	0.589366	0.245066	0.249465	0.250151	0.255318	1.862069	
766000	-461.747790	1	2	0	'0 1 1 1 1 1 0 1 	D	0.032008	0.653426	0.653426	0.653426	0.653426	0.653426	0.032008	0.653426	0.243497	0.249870	0.250035	0.256598	0.697166	
767000	-465.095148	1	2	1	'Z 1 1 1 1 1 0 1 	D	0.000000	0.513499	0.513499	0.513499	0.513499	0.513499	0.076159	0.513499	0.223650	0.248004	0.251132	0.277215	2.069627	
768000	-461.620693	1	2	0	'0 1 1 1 1 1 0 1 	D	0.015786	0.640120	0.640120	0.640120	0.640120	0.640120	0.015786	0.640120	0.241696	0.250078	0.249949	0.258277	0.429274	
769000	-462.035444	1	2	1	'0 1 1 0 1 1 Z 1 	D	0.027971	0.655646	0.655646	0.027971	0.655646	0.655646	0.000000	0.655646	0.254456	0.195709	0.268445	0.281390	0.547075	
770000	-462.164139	1	2	0	'0 1 1 0 1 1 0 1 	D	0.018167	0.713500	0.713500	0.018167	0.713500	0.713500	0.018167	0.713500	0.256528	0.211848	0.263138	0.268486	1.391848	
771000	-465.659371	1	2	3	'Z 1 Z Z 1 1 0 1 	D	0.000000	0.724457	0.000000	0.000000	0.724457	0.724457	0.006930	0.724457	0.332874	0.000000	0.334142	0.332984	0.464316	
772000	-464.429395	1	2	1	'Z 1 1 1 1 1 0 1 	D	0.000000	0.524027	0.524027	0.524027	0.524027	0.524027	0.070236	0.524027	0.224654	0.248421	0.250880	0.276045	0.103298	
773000	-462.970150	1	2	0	'0 1 1 1 1 1 0 1 	D	0.047166	0.678784	0.678784	0.678784	0.678784	0.678784	0.047166	0.678784	0.245334	0.249886	0.250038	0.254742	0.267901	
774000	-461.396936	1	2	1	'0 1 1 1 1 1 Z 1 	D	0.063238	0.643746	0.643746	0.643746	0.643746	0.643746	0.000000	0.643746	0.247330	0.249916	0.250027	0.252726	0.506237	
775000	-461.424590	1	2	0	'0 1 1 1 1 1 0 1 	D	0.024024	0.638206	0.638206	0.638206	0.638206	0.638206	0.024024	0.638206	0.242128	0.249897	0.250017	0.257958	4.466274	
776000	-462.056210	1	2	0	'0 1 1 1 1 1 0 1 	D	0.029381	0.561651	0.561651	0.561651	0.561651	0.561651	0.029381	0.561651	0.235871	0.249184	0.250244	0.264701	0.491060	
777000	-463.634896	1	2	2	'0 1 0 Z 1 1 Z 1 	D	0.018094	0.553119	0.018094	0.000000	0.553119	0.553119	0.000000	0.553119	0.277808	0.000292	0.334314	0.387585	0.470825	
778000	-464.962614	1	2	1	'0 1 0 0 1 1 Z 1 	D	0.050483	0.603744	0.050483	0.050483	0.603744	0.603744	0.000000	0.603744	0.245964	0.010915	0.330766	0.412355	1.129052	
779000	-462.059505	1	2	1	'0 1 1 0 1 1 Z 1 	D	0.028447	0.634971	0.634971	0.028447	0.634971	0.634971	0.000000	0.634971	0.254113	0.188582	0.270863	0.286442	0.597069	
780000	-465.734436	1	2	2	'Z 1 Z 1 1 1 0 1 	D	0.000000	0.546370	0.000000	0.546370	0.546370	0.546370	0.051205	0.546370	0.276258	0.181907	0.274478	0.267358	3.301488	
781000	-461.611578	1	2	0	'0 1 1 1 1 1 0 1 	D	0.016758	0.591397	0.591397	0.591397	0.591397	0.591397	0.016758	0.591397	0.237679	0.249938	0.249971	0.262411	1.529798	
782000	-464.128771	1	2	1	'0 1 Z 0 1 1 0 1 	D	0.003662	0.642425	0.000000	0.003662	0.642425	0.642425	0.003662	0.642425	0.321120	0.000018	0.334274	0.344588	1.910302	
783000	-461.868200	1	2	1	'0 1 1 Z 1 1 0 1 	D	0.011350	0.633541	0.633541	0.000000	0.633541	0.633541	0.011350	0.633541	0.260129	0.183250	0.272746	0.283874	0.414695	
784000	-465.196074	1	2	0	'0 1 1 1 1 1 0 1 	D	0.067730	0.629349	0.629349	0.629349	0.629349	0.629349	0.067730	0.629349	0.244004	0.249661	0.250133	0.256202	1.226030	
785000	-462.094736	1	2	2	'0 1 1 Z 1 1 Z 1 	D	0.034448	0.656942	0.656942	0.000000	0.656942	0.656942	0.000000	0.656942	0.254780	0.183611	0.272614	0.288995	0.481250	
786000	-461.631186	1	2	1	'0 1 1 1 1 1 Z 1 	D	0.048409	0.568016	0.568016	0.568016	0.568016	0.568016	0.000000	0.568016	0.244114	0.249764	0.250149	0.255973	0.962429	
787000	-462.277776	1	2	1	'Z 1 1 1 1 1 0 1 	D	0.000000	0.633121	0.633121	0.633121	0.633121	0.633121	0.051147	0.633121	0.237452	0.249956	0.250104	0.262488	1.260984	
788000	-463.383610	1	2	1	'Z 1 1 1 1 1 0 1 	D	0.000000	0.718760	0.718760	0.718760	0.718760	0.718760	0.069415	0.718760	0.244090	0.250028	0.250068	0.255814	0.742242	
789000	-464.004501	1	2	0	'0 1 1 1 1 1 0 1 	D	0.011632	0.488609	0.488609	0.488609	0.488609	0.488609	0.011632	0.488609	0.220674	0.249290	0.249982	0.280054	0.298756	
790000	-464.224087	1	2	0	'0 1 0 0 1 1 0 1 	D	0.004559	0.734671	0.004559	0.004559	0.734671	0.734671	0.004559	0.734671	0.327390	0.000103	0.334301	0.338206	2.136725	
791000	-463.856271	1	2	2	'Z 1 Z 1 1 1 0 1 	D	0.000000	0.705903	0.000000	0.705903	0.705903	0.705903	0.045716	0.705903	0.258360	0.226581	0.258163	0.256896	3.998991	
792000	-461.864777	1	2	1	'0 1 1 1 1 1 Z 1 	D	0.067651	0.572587	0.572587	0.572587	0.572587	0.572587	0.000000	0.572587	0.244312	0.249484	0.250197	0.256007	3.887583	
793000	-463.309016	1	2	1	'0 1 1 1 1 1 Z 1 	D	0.022225	0.743307	0.743307	0.743307	0.743307	0.743307	0.000000	0.743307	0.249020	0.250138	0.249959	0.250883	1.168172	
794000	-461.935219	1	2	1	'0 1 1 1 1 1 Z 1 	D	0.029398	0.677229	0.677229	0.677229	0.677229	0.677229	0.000000	0.677229	0.248110	0.250198	0.249948	0.251744	2.043593	
795000	-463.357161	1	2	0	'0 1 0 1 1 1 0 1 	D	0.015604	0.815431	0.015604	0.815431	0.815431	0.815431	0.015604	0.815431	0.250062	0.245524	0.251535	0.252879	1.573516	
796000	-464.028033	1	2	1	'Z 1 0 1 1 1 0 1 	D	0.000000	0.561800	0.035595	0.561800	0.561800	0.561800	0.035595	0.561800	0.254101	0.212478	0.263332	0.270089	0.900176	
797000	-463.441186	1	2	1	'0 1 Z 1 1 1 0 1 	D	0.030163	0.601266	0.000000	0.601266	0.601266	0.601266	0.030163	0.601266	0.256107	0.210985	0.264014	0.268895	0.344401	
798000	-463.211482	1	2	1	'0 1 1 1 1 1 Z 1 	D	0.102413	0.568169	0.568169	0.568169	0.568169	0.568169	0.000000	0.568169	0.243687	0.249119	0.250243	0.256952	0.191442	
799000	-462.813298	1	2	1	'0 1 1 1 1 1 Z 1 	D	0.051739	0.511555	0.511555	0.511555	0.511555	0.511555	0.000000	0.511555	0.239372	0.248679	0.250635	0.261314	0.370851	
800000	-462.376698	1	2	1	'0 1 1 1 1 1 Z 1 	D	0.068317	0.751835	0.751835	0.751835	0.751835	0.751835	0.000000	0.751835	0.249115	0.249992	0.249996	0.250897	0.465443	
801000	-462.503320	1	2	0	'0 1 0 1 1 1 0 1 	D	0.011226	0.739154	0.011226	0.739154	0.739154	0.739154	0.011226	0.739154	0.249933	0.241135	0.253022	0.255910	1.803677	
802000	-463.433483	1	2	1	'0 1 1 1 1 1 Z 1 	D	0.120322	0.682833	0.682833	0.682833	0.682833	0.682833	0.000000	0.682833	0.248058	0.249868	0.250006	0.252069	4.457379	
803000	-463.574947	1	2	2	'0 1 1 Z 1 1 Z 1 	D	0.028234	0.819058	0.819058	0.000000	0.819058	0.819058	0.000000	0.819058	0.253392	0.228493	0.257302	0.260813	2.023988	
804000	-463.714372	1	2	1	'0 1 1 Z 1 1 0 1 	D	0.021400	0.526296	0.526296	0.000000	0.526296	0.526296	0.021400	0.526296	0.256123	0.136227	0.289869	0.317781	0.369787	
805000	-464.468469	1	2	1	'0 1 1 1 1 1 Z 1 	D	0.138154	0.610278	0.610278	0.610278	0.610278	0.610278	0.000000	0.610278	0.245654	0.249476	0.250075	0.254795	2.087447	
806000	-461.473565	1	2	1	'0 1 1 1 1 1 Z 1 	D	0.067227	0.644532	0.644532	0.644532	0.644532	0.644532	0.000000	0.644532	0.247342	0.249898	0.250030	0.252731	1.845607	
807000	-461.477358	1	2	1	'0 1 1 1 1 1 Z 1 	D	0.046031	0.681239	0.681239	0.681239	0.681239	0.681239	0.000000	0.681239	0.248209	0.250041	0.249990	0.251760	0.926738	
808000	-462.542136	1	2	1	'0 1 1 1 1 1 Z 1 	D	0.067989	0.534729	0.534729	0.534729	0.534729	0.534729	0.000000	0.534729	0.241522	0.248850	0.250456	0.259171	1.053731	
809000	-462.527037	1	2	0	'0 1 1 0 1 1 0 1 	D	0.009938	0.563388	0.563388	0.009938	0.563388	0.563388	0.009938	0.563388	0.258685	0.158430	0.281130	0.301755	1.449302	
810000	-462.674620	1	2	1	'0 1 1 Z 1 1 0 1 	D	0.009423	0.558397	0.558397	0.000000	0.558397	0.558397	0.009423	0.558397	0.259654	0.152324	0.283170	0.304853	0.694774	
811000	-464.022195	1	2	2	'0 1 0 Z 1 1 Z 1 	D	0.026504	0.770454	0.026504	0.000000	0.770454	0.770454	0.000000	0.770454	0.301733	0.000714	0.335147	0.362406	0.957744	
812000	-462.448235	1	2	1	'Z 1 1 1 1 1 0 1 	D	0.000000	0.608286	0.608286	0.608286	0.608286	0.608286	0.054983	0.608286	0.235114	0.249840	0.250170	0.264876	0.777463	
813000	-463.906794	1	2	0	'0 1 1 1 1 1 0 1 	D	0.056638	0.683343	0.683343	0.683343	0.683343	0.683343	0.056638	0.683343	0.245833	0.249884	0.250041	0.254242	3.098455	
814000	-462.236642	1	2	0	'0 1 1 1 1 1 0 1 	D	0.039400	0.654558	0.654558	0.654558	0.654558	0.654558	0.039400	0.654558	0.243925	0.249840	0.250049	0.256185	0.390239	
815000	-463.842213	1	2	2	'0 1 Z 0 1 1 Z 1 	D	0.010547	0.731264	0.000000	0.010547	0.731264	0.731264	0.000000	0.731264	0.316625	0.000151	0.334285	0.348939	1.592241	
816000	-461.299232	1	2	1	'0 1 1 1 1 1 Z 1 	D	0.044987	0.646377	0.646377	0.646377	0.646377	0.646377	0.000000	0.646377	0.247425	0.250048	0.249998	0.252529	2.255319	
817000	-462.091198	1	2	1	'0 1 1 Z 1 1 0 1 	D	0.020249	0.659470	0.659470	0.000000	0.659470	0.659470	0.020249	0.659470	0.259261	0.191765	0.270188	0.278786	3.866653	
818000	-462.266131	1	2	1	'0 1 Z 1 1 1 0 1 	D	0.013817	0.731497	0.000000	0.731497	0.731497	0.731497	0.013817	0.731497	0.251110	0.237489	0.254286	0.257115	0.442162	
819000	-462.249090	1	2	1	'Z 1 1 1 1 1 0 1 	D	0.000000	0.595814	0.595814	0.595814	0.595814	0.595814	0.045297	0.595814	0.232877	0.249839	0.250122	0.267163	2.371331	
820000	-461.966187	1	2	0	'0 1 1 1 1 1 0 1 	D	0.034115	0.598233	0.598233	0.598233	0.598233	0.598233	0.034115	0.598233	0.239901	0.249561	0.250134	0.260404	3.400787	
821000	-463.008733	1	2	1	'0 1 1 0 1 1 Z 1 	D	0.044759	0.778914	0.778914	0.044759	0.778914	0.778914	0.000000	0.778914	0.251574	0.224813	0.258623	0.264990	1.401724	
822000	-461.756114	1	2	1	'0 1 1 1 1 1 Z 1 	D	0.071290	0.591673	0.591673	0.591673	0.591673	0.591673	0.000000	0.591673	0.245332	0.249626	0.250131	0.254912	1.421291	
823000	-461.476424	1	2	1	'0 1 1 1 1 1 Z 1 	D	0.039159	0.590836	0.590836	0.590836	0.590836	0.590836	0.000000	0.590836	0.245365	0.250105	0.250024	0.254506	0.631752	
824000	-462.442390	1	2	0	'0 1 1 1 1 1 0 1 	D	0.010058	0.582850	0.582850	0.582850	0.582850	0.582850	0.010058	0.582850	0.235870	0.250706	0.249689	0.263735	0.673335	
825000	-464.173647	1	2	0	'0 1 1 1 1 1 0 1 	D	0.058772	0.623094	0.623094	0.623094	0.623094	0.623094	0.058772	0.623094	0.243225	0.249636	0.250136	0.257003	2.060185	
826000	-464.195944	1	2	1	'0 1 1 1 1 1 Z 1 	D	0.124556	0.574497	0.574497	0.574497	0.574497	0.574497	0.000000	0.574497	0.243819	0.249094	0.250199	0.256888	1.815482	
827000	-461.311693	1	2	1	'0 1 1 1 1 1 Z 1 	D	0.056175	0.647786	0.647786	0.647786	0.647786	0.647786	0.000000	0.647786	0.247455	0.249963	0.250016	0.252565	1.210792	
828000	-462.732810	1	2	1	'0 1 1 1 1 1 Z 1 	D	0.079253	0.542509	0.542509	0.542509	0.542509	0.542509	0.000000	0.542509	0.242060	0.248850	0.250409	0.258681	1.809435	
829000	-462.503440	1	2	0	'0 1 1 1 1 1 0 1 	D	0.012010	0.547169	0.547169	0.547169	0.547169	0.547169	0.012010	0.547169	0.231527	0.250267	0.249795	0.268411	0.473856	
830000	-462.111770	1	2	1	'0 1 1 1 1 1 Z 1 	D	0.024165	0.646269	0.646269	0.646269	0.646269	0.646269	0.000000	0.646269	0.247354	0.250435	0.249885	0.252326	2.385542	
831000	-463.245743	1	2	1	'0 1 1 1 1 1 Z 1 	D	0.055741	0.810265	0.810265	0.810265	0.810265	0.810265	0.000000	0.810265	0.249502	0.250004	0.249995	0.250499	0.591314	
832000	-462.540695	1	2	2	'0 1 1 Z 1 1 Z 1 	D	0.030319	0.583026	0.583026	0.000000	0.583026	0.583026	0.000000	0.583026	0.253303	0.154909	0.282235	0.309554	0.247916	
833000	-462.670890	1	2	2	'0 1 1 Z 1 1 Z 1 	D	0.035583	0.756072	0.756072	0.000000	0.756072	0.756072	0.000000	0.756072	0.254192	0.213554	0.262429	0.269825	1.240720	
834000	-462.139938	1	2	0	'0 1 1 1 1 1 0 1 	D	0.035130	0.691998	0.691998	0.691998	0.691998	0.691998	0.035130	0.691998	0.245406	0.249936	0.250017	0.254641	2.906015	
835000	-462.007228	1	2	0	'0 1 1 1 1 1 0 1 	D	0.014786	0.685372	0.685372	0.685372	0.685372	0.685372	0.014786	0.685372	0.244265	0.250089	0.249957	0.255689	0.705176	
836000	-463.195846	1	2	1	'0 1 0 0 1 1 Z 1 	D	0.030283	0.639709	0.030283	0.030283	0.639709	0.639709	0.000000	0.639709	0.279233	0.004156	0.333761	0.382850	2.880674	
837000	-462.243042	1	2	2	'0 1 1 Z 1 1 Z 1 	D	0.037834	0.697862	0.697862	0.000000	0.697862	0.697862	0.000000	0.697862	0.254400	0.196334	0.268319	0.280947	2.046400	
838000	-461.332074	1	2	1	'0 1 1 1 1 1 Z 1 	D	0.041359	0.641850	0.641850	0.641850	0.641850	0.641850	0.000000	0.641850	0.247298	0.250087	0.249989	0.252625	0.363122	
839000	-465.566761	1	2	1	'Z 1 1 1 1 1 0 1 	D	0.000000	0.752953	0.752953	0.752953	0.752953	0.752953	0.106405	0.752953	0.246205	0.250034	0.250071	0.253690	3.583296	
840000	-462.816318	1	2	1	'0 1 1 0 1 1 Z 1 	D	0.016850	0.699335	0.699335	0.016850	0.699335	0.699335	0.000000	0.699335	0.256266	0.210815	0.263236	0.269684	1.904787	
841000	-462.151237	1	2	0	'0 1 1 0 1 1 0 1 	D	0.021617	0.661349	0.661349	0.021617	0.661349	0.661349	0.021617	0.661349	0.257408	0.198260	0.267982	0.276350	0.810652	
842000	-464.879185	1	2	2	'0 1 1 Z 1 1 Z 1 	D	0.084306	0.730161	0.730161	0.000000	0.730161	0.730161	0.000000	0.730161	0.247972	0.190255	0.270733	0.291040	3.890935	
843000	-465.108005	1	2	3	'0 1 Z Z 1 1 Z 1 	D	0.023314	0.499522	0.000000	0.000000	0.499522	0.499522	0.000000	0.499522	0.248073	0.000000	0.333268	0.418659	2.518187	
844000	-462.179570	1	2	2	'0 1 1 Z 1 1 Z 1 	D	0.024883	0.674557	0.674557	0.000000	0.674557	0.674557	0.000000	0.674557	0.256817	0.194376	0.268872	0.279935	1.341030	
845000	-461.324759	1	2	1	'0 1 1 1 1 1 Z 1 	D	0.046198	0.656174	0.656174	0.656174	0.656174	0.656174	0.000000	0.656174	0.247676	0.250040	0.249996	0.252288	1.354127	
846000	-464.701683	1	2	1	'0 1 1 0 1 1 Z 1 	D	0.082832	0.782749	0.782749	0.082832	0.782749	0.782749	0.000000	0.782749	0.248228	0.224542	0.258833	0.268397	2.427119	
847000	-462.707140	1	2	1	'0 1 1 0 1 1 Z 1 	D	0.057049	0.652632	0.652632	0.057049	0.652632	0.652632	0.000000	0.652632	0.246901	0.192925	0.269560	0.290615	0.713146	
848000	-464.294379	1	2	1	'Z 1 0 0 1 1 0 1 	D	0.000000	0.614676	0.021070	0.021070	0.614676	0.614676	0.021070	0.614676	0.346640	0.002070	0.335343	0.315947	0.562510	
849000	-464.005855	1	2	0	'0 1 1 0 1 1 0 1 	D	0.027131	0.808477	0.808477	0.027131	0.808477	0.808477	0.027131	0.808477	0.253644	0.230680	0.256723	0.258952	0.676796	
850000	-463.001424	1	2	1	'0 1 0 0 1 1 Z 1 	D	0.025254	0.615947	0.025254	0.025254	0.615947	0.615947	0.000000	0.615947	0.281357	0.002932	0.333944	0.381766	1.106956	
851000	-461.958679	1	2	1	'0 1 Z 1 1 1 0 1 	D	0.013658	0.605242	0.000000	0.605242	0.605242	0.605242	0.013658	0.605242	0.251708	0.216888	0.261421	0.269982	1.147954	
852000	-462.838464	1	2	0	'0 1 1 1 1 1 0 1 	D	0.045475	0.610638	0.610638	0.610638	0.610638	0.610638	0.045475	0.610638	0.241663	0.249587	0.250142	0.258608	0.570200	
853000	-463.000769	1	2	1	'Z 1 1 1 1 1 0 1 	D	0.000000	0.681670	0.681670	0.681670	0.681670	0.681670	0.020802	0.681670	0.240091	0.250281	0.249900	0.259727	1.349605	
854000	-463.633614	1	2	2	'Z 1 Z 1 1 1 0 1 	D	0.000000	0.651076	0.000000	0.651076	0.651076	0.651076	0.015217	0.651076	0.245978	0.235165	0.255047	0.263810	0.535540	
855000	-462.504572	1	2	1	'0 1 Z 1 1 1 0 1 	D	0.020105	0.578981	0.000000	0.578981	0.578981	0.578981	0.020105	0.578981	0.253408	0.208588	0.264569	0.273435	0.375218	
856000	-462.843018	1	2	2	'0 1 1 Z 1 1 Z 1 	D	0.040275	0.576796	0.576796	0.000000	0.576796	0.576796	0.000000	0.576796	0.248174	0.146144	0.285214	0.320467	4.673225	
857000	-463.035715	1	2	1	'Z 1 1 1 1 1 0 1 	D	0.000000	0.694942	0.694942	0.694942	0.694942	0.694942	0.066020	0.694942	0.242754	0.250020	0.250082	0.257144	0.997602	
858000	-461.526057	1	2	0	'0 1 1 1 1 1 0 1 	D	0.016790	0.624243	0.624243	0.624243	0.624243	0.624243	0.016790	0.624243	0.240607	0.250028	0.249960	0.259404	1.627090	
859000	-464.300560	1	2	1	'0 1 1 1 1 1 Z 1 	D	0.087285	0.843698	0.843698	0.843698	0.843698	0.843698	0.000000	0.843698	0.249631	0.249995	0.249996	0.250377	0.243042	
860000	-463.261905	1	2	0	'0 1 1 0 1 1 0 1 	D	0.021048	0.539231	0.539231	0.021048	0.539231	0.539231	0.021048	0.539231	0.255049	0.151261	0.284523	0.309166	0.279160	
861000	-462.086583	1	2	1	'Z 1 1 1 1 1 0 1 	D	0.000000	0.625545	0.625545	0.625545	0.625545	0.625545	0.039898	0.625545	0.235985	0.250013	0.250040	0.263962	0.477981	
862000	-462.771382	1	2	1	'Z 1 1 1 1 1 0 1 	D	0.000000	0.660320	0.660320	0.660320	0.660320	0.660320	0.064266	0.660320	0.240427	0.249984	0.250116	0.259472	1.075016	
863000	-463.982616	1	2	1	'Z 1 1 1 1 1 0 1 	D	0.000000	0.632512	0.632512	0.632512	0.632512	0.632512	0.088467	0.632512	0.239465	0.249892	0.250240	0.260403	3.242763	
864000	-462.089483	1	2	1	'Z 1 1 1 1 1 0 1 	D	0.000000	0.615937	0.615937	0.615937	0.615937	0.615937	0.036427	0.615937	0.234664	0.250035	0.250013	0.265288	1.599713	
865000	-462.781147	1	2	1	'Z 1 1 1 1 1 0 1 	D	0.000000	0.573593	0.573593	0.573593	0.573593	0.573593	0.056192	0.573593	0.230845	0.249549	0.250295	0.269312	1.553029	
866000	-462.303864	1	2	1	'Z 1 1 1 1 1 0 1 	D	0.000000	0.656397	0.656397	0.656397	0.656397	0.656397	0.050199	0.656397	0.239472	0.250006	0.250075	0.260447	3.368569	
867000	-461.730853	1	2	1	'0 1 1 1 1 1 Z 1 	D	0.053477	0.711014	0.711014	0.711014	0.711014	0.711014	0.000000	0.711014	0.248678	0.250011	0.249994	0.251318	2.003307	
868000	-461.341966	1	2	1	'0 1 1 1 1 1 Z 1 	D	0.042804	0.651945	0.651945	0.651945	0.651945	0.651945	0.000000	0.651945	0.247570	0.250070	0.249990	0.252370	1.430035	
869000	-461.535883	1	2	1	'0 1 1 1 1 1 Z 1 	D	0.035800	0.660045	0.660045	0.660045	0.660045	0.660045	0.000000	0.660045	0.247759	0.250142	0.249968	0.252131	0.309303	
870000	-461.422684	1	2	0	'0 1 1 1 1 1 0 1 	D	0.020512	0.610578	0.610578	0.610578	0.610578	0.610578	0.020512	0.610578	0.239813	0.249870	0.250012	0.260305	1.285972	
871000	-463.172310	1	2	0	'0 1 0 1 1 1 0 1 	D	0.027696	0.753628	0.027696	0.753628	0.753628	0.753628	0.027696	0.753628	0.251499	0.239847	0.253567	0.255087	2.271004	
872000	-461.837932	1	2	1	'0 1 Z 1 1 1 0 1 	D	0.014871	0.672233	0.000000	0.672233	0.672233	0.672233	0.014871	0.672233	0.251979	0.228954	0.257246	0.261820	3.027051	
873000	-462.931369	1	2	1	'Z 1 1 1 1 1 0 1 	D	0.000000	0.537962	0.537962	0.537962	0.537962	0.537962	0.028898	0.537962	0.221540	0.249802	0.249883	0.278775	1.798185	
874000	-462.066771	1	2	1	'0 1 Z 1 1 1 0 1 	D	0.018850	0.612493	0.000000	0.612493	0.612493	0.612493	0.018850	0.612493	0.253253	0.216554	0.261678	0.268514	1.196977	
875000	-463.709966	1	2	0	'0 1 1 1 1 1 0 1 	D	0.054023	0.696667	0.696667	0.696667	0.696667	0.696667	0.054023	0.696667	0.246196	0.249912	0.250030	0.253861	0.251591	
876000	-465.991724	1	2	2	'0 1 Z Z 1 1 0 1 	D	0.023229	0.692071	0.000000	0.000000	0.692071	0.692071	0.023229	0.692071	0.323311	0.000000	0.339021	0.337668	3.359196	
877000	-464.648493	1	2	1	'0 1 0 0 1 1 Z 1 	D	0.032662	0.526407	0.032662	0.032662	0.526407	0.526407	0.000000	0.526407	0.244627	0.004766	0.331763	0.418844	0.580286	
878000	-463.764886	1	2	3	'0 1 Z Z 1 1 Z 1 	D	0.034701	0.621788	0.000000	0.000000	0.621788	0.621788	0.000000	0.621788	0.264647	0.000000	0.335100	0.400253	3.052616	
879000	-463.051384	1	2	1	'0 1 Z 1 1 1 0 1 	D	0.021731	0.555477	0.000000	0.555477	0.555477	0.555477	0.021731	0.555477	0.253514	0.202138	0.266982	0.277366	0.508052	
880000	-464.267528	1	2	1	'Z 1 0 1 1 1 0 1 	D	0.000000	0.785074	0.019372	0.785074	0.785074	0.785074	0.019372	0.785074	0.246548	0.250918	0.249704	0.252830	0.605857	
881000	-462.309859	1	2	2	'0 1 1 Z 1 1 Z 1 	D	0.024000	0.697465	0.697465	0.000000	0.697465	0.697465	0.000000	0.697465	0.256559	0.202098	0.266245	0.275099	1.135402	
882000	-461.424494	1	2	1	'0 1 1 1 1 1 Z 1 	D	0.046582	0.674577	0.674577	0.674577	0.674577	0.674577	0.000000	0.674577	0.248081	0.250038	0.249992	0.251889	2.167909	
883000	-462.541369	1	2	0	'0 1 1 1 1 1 0 1 	D	0.029643	0.749295	0.749295	0.749295	0.749295	0.749295	0.029643	0.749295	0.247036	0.249990	0.250001	0.252973	1.296496	
884000	-462.345462	1	2	2	'0 1 1 Z 1 1 Z 1 	D	0.020594	0.650475	0.650475	0.000000	0.650475	0.650475	0.000000	0.650475	0.258039	0.188150	0.270938	0.282873	2.779517	
885000	-464.151421	1	2	1	'0 1 1 Z 1 1 0 1 	D	0.011077	0.495094	0.495094	0.000000	0.495094	0.495094	0.011077	0.495094	0.253617	0.121228	0.293891	0.331263	1.512705	
886000	-463.310469	1	2	1	'Z 1 1 1 1 1 0 1 	D	0.000000	0.696793	0.696793	0.696793	0.696793	0.696793	0.019329	0.696793	0.241151	0.250270	0.249906	0.258673	0.744624	
887000	-461.499452	1	2	1	'0 1 1 1 1 1 Z 1 	D	0.038329	0.589881	0.589881	0.589881	0.589881	0.589881	0.000000	0.589881	0.245316	0.250127	0.250019	0.254539	3.122062	
888000	-462.836478	1	2	1	'Z 1 1 1 1 1 0 1 	D	0.000000	0.717222	0.717222	0.717222	0.717222	0.717222	0.031005	0.717222	0.242904	0.250088	0.249993	0.257014	2.796538	
889000	-464.444552	1	2	1	'Z 1 1 1 1 1 0 1 	D	0.000000	0.781430	0.781430	0.781430	0.781430	0.781430	0.075761	0.781430	0.246525	0.250029	0.250040	0.253406	3.328451	
890000	-462.269109	1	2	1	'0 1 1 1 1 1 Z 1 	D	0.042596	0.745929	0.745929	0.745929	0.745929	0.745929	0.000000	0.745929	0.249069	0.250032	0.249988	0.250910	1.743157	
891000	-461.952894	1	2	1	'0 1 1 1 1 1 Z 1 	D	0.065434	0.562352	0.562352	0.562352	0.562352	0.562352	0.000000	0.562352	0.243678	0.249389	0.250244	0.256689	1.872443	
892000	-462.128218	1	2	2	'0 1 1 Z 1 1 Z 1 	D	0.032909	0.686120	0.686120	0.000000	0.686120	0.686120	0.000000	0.686120	0.255252	0.194576	0.268877	0.281295	3.917378	
893000	-461.359522	1	2	1	'0 1 1 1 1 1 Z 1 	D	0.048052	0.596869	0.596869	0.596869	0.596869	0.596869	0.000000	0.596869	0.245661	0.249930	0.250062	0.254346	0.544451	
894000	-464.835455	1	2	2	'Z 1 Z 0 1 1 0 1 	D	0.000000	0.652626	0.000000	0.008693	0.652626	0.652626	0.008693	0.652626	0.330788	0.000097	0.334474	0.334641	1.569198	
895000	-465.205776	1	2	1	'0 1 1 0 1 1 Z 1 	D	0.079263	0.548994	0.548994	0.079263	0.548994	0.548994	0.000000	0.548994	0.225619	0.154236	0.281965	0.338180	0.260908	
896000	-462.966851	1	2	1	'0 1 Z 1 1 1 0 1 	D	0.025563	0.745868	0.000000	0.745868	0.745868	0.745868	0.025563	0.745868	0.252528	0.236139	0.254847	0.256486	0.402628	
897000	-461.882665	1	2	0	'0 1 0 1 1 1 0 1 	D	0.018731	0.664229	0.018731	0.664229	0.664229	0.664229	0.018731	0.664229	0.251608	0.230135	0.256906	0.261351	0.250063	
898000	-462.347762	1	2	0	'0 1 0 1 1 1 0 1 	D	0.024531	0.639061	0.024531	0.639061	0.639061	0.639061	0.024531	0.639061	0.252501	0.225768	0.258557	0.263174	1.610904	
899000	-463.597486	1	2	1	'Z 1 0 1 1 1 0 1 	D	0.000000	0.711793	0.017468	0.711793	0.711793	0.711793	0.017468	0.711793	0.245663	0.246337	0.251263	0.256736	1.816272	
900000	-465.178899	1	2	1	'Z 1 0 1 1 1 0 1 	D	0.000000	0.639483	0.007651	0.639483	0.639483	0.639483	0.007651	0.639483	0.237914	0.249364	0.250175	0.262547	0.473827	
901000	-463.211999	1	2	1	'Z 1 0 1 1 1 0 1 	D	0.000000	0.684675	0.020762	0.684675	0.684675	0.684675	0.020762	0.684675	0.246879	0.241137	0.253051	0.258933	2.128921	
902000	-463.429711	1	2	0	'0 1 0 1 1 1 0 1 	D	0.033259	0.699095	0.033259	0.699095	0.699095	0.699095	0.033259	0.699095	0.252585	0.234145	0.255660	0.257611	0.179601	
903000	-468.141806	1	2	0	'0 1 1 1 1 1 0 1 	D	0.032030	0.414314	0.414314	0.414314	0.414314	0.414314	0.032030	0.414314	0.207998	0.237101	0.254780	0.300121	1.683699	
904000	-461.828188	1	2	0	'0 1 1 0 1 1 0 1 	D	0.017078	0.651133	0.651133	0.017078	0.651133	0.651133	0.017078	0.651133	0.258083	0.194019	0.269290	0.278607	2.133981	
905000	-462.366124	1	2	0	'0 1 1 0 1 1 0 1 	D	0.011787	0.732638	0.732638	0.011787	0.732638	0.732638	0.011787	0.732638	0.256346	0.215680	0.261675	0.266299	0.193317	
906000	-467.120890	1	2	2	'0 1 Z Z 1 1 0 1 	D	0.002229	0.513301	0.000000	0.000000	0.513301	0.513301	0.002229	0.513301	0.299005	0.000000	0.333914	0.367081	1.540902	
907000	-462.586703	1	2	0	'0 1 1 0 1 1 0 1 	D	0.016257	0.553691	0.553691	0.016257	0.553691	0.553691	0.016257	0.553691	0.256972	0.156127	0.282413	0.304487	1.893189	
908000	-463.511648	1	2	1	'0 1 1 0 1 1 Z 1 	D	0.018221	0.778028	0.778028	0.018221	0.778028	0.778028	0.000000	0.778028	0.253823	0.228067	0.257408	0.260703	0.754858	
909000	-461.377337	1	2	1	'0 1 1 1 1 1 Z 1 	D	0.054246	0.667796	0.667796	0.667796	0.667796	0.667796	0.000000	0.667796	0.247937	0.249994	0.250003	0.252065	0.256452	
910000	-462.198706	1	2	2	'0 1 1 Z 1 1 Z 1 	D	0.026937	0.620981	0.620981	0.000000	0.620981	0.620981	0.000000	0.620981	0.256233	0.173367	0.276004	0.294397	0.417257	
911000	-462.627279	1	2	1	'0 1 1 Z 1 1 0 1 	D	0.020258	0.744703	0.744703	0.000000	0.744703	0.744703	0.020258	0.744703	0.256701	0.215363	0.261954	0.265982	0.137362	
912000	-462.326885	1	2	1	'0 1 1 Z 1 1 0 1 	D	0.019007	0.722688	0.722688	0.000000	0.722688	0.722688	0.019007	0.722688	0.257442	0.210187	0.263725	0.268647	0.577777	
913000	-462.509438	1	2	1	'0 1 1 0 1 1 Z 1 	D	0.050451	0.628767	0.628767	0.050451	0.628767	0.628767	0.000000	0.628767	0.247104	0.184827	0.272262	0.295807	0.327436	
914000	-463.424867	1	2	0	'0 1 1 0 1 1 0 1 	D	0.027090	0.568500	0.568500	0.027090	0.568500	0.568500	0.027090	0.568500	0.255819	0.166271	0.279644	0.298267	0.812178	
915000	-462.076764	1	2	1	'0 1 1 Z 1 1 0 1 	D	0.014495	0.711261	0.711261	0.000000	0.711261	0.711261	0.014495	0.711261	0.257874	0.207524	0.264530	0.270071	1.551976	
916000	-463.786829	1	2	2	'0 1 Z 0 1 1 Z 1 	D	0.008693	0.632119	0.000000	0.008693	0.632119	0.632119	0.000000	0.632119	0.310320	0.000107	0.334196	0.355378	0.127516	
917000	-464.478927	1	2	2	'0 1 0 Z 1 1 Z 1 	D	0.040407	0.711310	0.040407	0.000000	0.711310	0.711310	0.000000	0.711310	0.278848	0.001442	0.335366	0.384344	0.844837	
918000	-462.616505	1	2	0	'0 1 1 0 1 1 0 1 	D	0.025973	0.667498	0.667498	0.025973	0.667498	0.667498	0.025973	0.667498	0.256855	0.201094	0.267136	0.274915	0.563201	
919000	-462.723260	1	2	1	'0 1 1 0 1 1 Z 1 	D	0.028844	0.566156	0.566156	0.028844	0.566156	0.566156	0.000000	0.566156	0.250857	0.160995	0.280136	0.308012	1.901185	
920000	-470.054630	1	2	1	'0 1 1 1 1 1 Z 1 	D	0.234005	0.812137	0.812137	0.812137	0.812137	0.812137	0.000000	0.812137	0.249382	0.249965	0.249983	0.250670	2.932928	
921000	-461.617946	1	2	1	'0 1 1 1 1 1 Z 1 	D	0.031601	0.640352	0.640352	0.640352	0.640352	0.640352	0.000000	0.640352	0.247231	0.250249	0.249945	0.252576	2.826804	
922000	-461.509622	1	2	0	'0 1 1 1 1 1 0 1 	D	0.027498	0.636518	0.636518	0.636518	0.636518	0.636518	0.027498	0.636518	0.242239	0.249851	0.250035	0.257875	0.370375	
923000	-462.789090	1	2	1	'Z 1 1 1 1 1 0 1 	D	0.000000	0.723647	0.723647	0.723647	0.723647	0.723647	0.043791	0.723647	0.243632	0.250047	0.250027	0.256295	0.303784	
924000	-463.742896	1	2	1	'Z 1 1 1 1 1 0 1 	D	0.000000	0.531663	0.531663	0.531663	0.531663	0.531663	0.017513	0.531663	0.218015	0.251654	0.249049	0.281282	0.214515	
925000	-463.200919	1	2	1	'0 1 1 1 1 1 Z 1 	D	0.095102	0.764492	0.764492	0.764492	0.764492	0.764492	0.000000	0.764492	0.249195	0.249977	0.249996	0.250832	0.150768	
926000	-462.100018	1	2	1	'0 1 1 1 1 1 Z 1 	D	0.045178	0.539289	0.539289	0.539289	0.539289	0.539289	0.000000	0.539289	0.242041	0.249553	0.250283	0.258123	0.199856	
927000	-466.687533	1	2	2	'Z 1 Z 1 1 1 0 1 	D	0.000000	0.938381	0.000000	0.938381	0.938381	0.938381	0.029088	0.938381	0.249039	0.250608	0.249799	0.250554	2.925435	
928000	-468.326558	1	2	2	'Z 1 Z 0 1 1 0 1 	D	0.000000	0.609382	0.000000	0.054761	0.609382	0.609382	0.054761	0.609382	0.399454	0.002564	0.336379	0.261604	2.961074	
929000	-464.775585	1	2	2	'Z 1 Z 0 1 1 0 1 	D	0.000000	0.743814	0.000000	0.014492	0.743814	0.743814	0.014492	0.743814	0.342202	0.000252	0.334753	0.322792	0.462621	
930000	-462.610019	1	2	0	'0 1 1 1 1 1 0 1 	D	0.027431	0.757565	0.757565	0.757565	0.757565	0.757565	0.027431	0.757565	0.247187	0.249996	0.249999	0.252819	0.983658	
931000	-462.388087	1	2	1	'0 1 1 1 1 1 Z 1 	D	0.030043	0.540959	0.540959	0.540959	0.540959	0.540959	0.000000	0.540959	0.242056	0.250481	0.250012	0.257451	0.273801	
932000	-464.022613	1	2	1	'0 1 Z 0 1 1 0 1 	D	0.005348	0.558784	0.000000	0.005348	0.558784	0.558784	0.005348	0.558784	0.309267	0.000041	0.334942	0.355751	0.263397	
933000	-464.910724	1	2	1	'Z 1 0 0 1 1 0 1 	D	0.000000	0.714971	0.009570	0.009570	0.714971	0.714971	0.009570	0.714971	0.335345	0.000444	0.334271	0.329941	1.294076	
934000	-462.183391	1	2	0	'0 1 0 1 1 1 0 1 	D	0.023051	0.661947	0.023051	0.661947	0.661947	0.661947	0.023051	0.661947	0.252165	0.229452	0.257213	0.261170	0.570127	
935000	-463.332547	1	2	1	'0 1 Z 1 1 1 0 1 	D	0.027721	0.759807	0.000000	0.759807	0.759807	0.759807	0.027721	0.759807	0.252480	0.237273	0.254463	0.255784	1.711629	
936000	-462.026204	1	2	1	'0 1 Z 1 1 1 0 1 	D	0.017502	0.607182	0.000000	0.607182	0.607182	0.607182	0.017502	0.607182	0.252873	0.215866	0.261886	0.269375	0.660125	
937000	-463.364924	1	2	1	'Z 1 0 1 1 1 0 1 	D	0.000000	0.700283	0.019499	0.700283	0.700283	0.700283	0.019499	0.700283	0.246420	0.243762	0.252148	0.257671	1.253753	
938000	-462.608594	1	2	1	'Z 1 1 1 1 1 0 1 	D	0.000000	0.702840	0.702840	0.702840	0.702840	0.702840	0.032959	0.702840	0.242108	0.250088	0.249997	0.257806	1.007505	
939000	-461.656483	1	2	1	'0 1 1 1 1 1 Z 1 	D	0.059235	0.700341	0.700341	0.700341	0.700341	0.700341	0.000000	0.700341	0.248521	0.249993	0.249998	0.251488	0.329073	
940000	-461.845368	1	2	1	'0 1 1 1 1 1 Z 1 	D	0.043016	0.553935	0.553935	0.553935	0.553935	0.553935	0.000000	0.553935	0.243171	0.249805	0.250172	0.256852	0.766429	
941000	-463.716023	1	2	1	'Z 1 1 1 1 1 0 1 	D	0.000000	0.634020	0.634020	0.634020	0.634020	0.634020	0.083908	0.634020	0.239345	0.249900	0.250223	0.260532	0.693822	
942000	-461.977733	1	2	1	'0 1 1 1 1 1 Z 1 	D	0.027137	0.663730	0.663730	0.663730	0.663730	0.663730	0.000000	0.663730	0.247815	0.250277	0.249928	0.251980	1.307403	
943000	-463.887578	1	2	1	'0 1 1 1 1 1 Z 1 	D	0.016774	0.525094	0.525094	0.525094	0.525094	0.525094	0.000000	0.525094	0.239890	0.253445	0.249117	0.257548	0.868085	
944000	-462.069677	1	2	1	'0 1 1 1 1 1 Z 1 	D	0.051653	0.542044	0.542044	0.542044	0.542044	0.542044	0.000000	0.542044	0.242258	0.249376	0.250316	0.258049	0.518931	
945000	-461.388734	1	2	1	'0 1 1 1 1 1 Z 1 	D	0.055618	0.599218	0.599218	0.599218	0.599218	0.599218	0.000000	0.599218	0.245755	0.249833	0.250082	0.254330	0.847459	
946000	-461.843715	1	2	0	'0 1 1 1 1 1 0 1 	D	0.030450	0.584733	0.584733	0.584733	0.584733	0.584733	0.030450	0.584733	0.238386	0.249475	0.250154	0.261985	3.182780	
947000	-462.197444	1	2	2	'0 1 1 Z 1 1 Z 1 	D	0.029330	0.699726	0.699726	0.000000	0.699726	0.699726	0.000000	0.699726	0.255731	0.200454	0.266848	0.276967	1.338988	
948000	-463.121960	1	2	1	'0 1 0 0 1 1 Z 1 	D	0.012676	0.637362	0.012676	0.012676	0.637362	0.637362	0.000000	0.637362	0.304526	0.000770	0.334243	0.360462	0.301023	
949000	-465.100407	1	2	3	'0 1 Z Z 1 1 Z 1 	D	0.042575	0.558994	0.000000	0.000000	0.558994	0.558994	0.000000	0.558994	0.232645	0.000000	0.333207	0.434147	0.874039	
950000	-461.348866	1	2	1	'0 1 1 1 1 1 Z 1 	D	0.051154	0.664259	0.664259	0.664259	0.664259	0.664259	0.000000	0.664259	0.247862	0.250009	0.250001	0.252128	0.347345	
951000	-466.252497	1	2	1	'Z 1 1 1 1 1 0 1 	D	0.000000	0.858815	0.858815	0.858815	0.858815	0.858815	0.020204	0.858815	0.247666	0.250028	0.249997	0.252309	0.469120	
952000	-462.051230	1	2	1	'0 1 1 1 1 1 Z 1 	D	0.030221	0.694764	0.694764	0.694764	0.694764	0.694764	0.000000	0.694764	0.248425	0.250150	0.249959	0.251466	0.377662	
953000	-463.123352	1	2	1	'0 1 Z 1 1 1 0 1 	D	0.029329	0.710934	0.000000	0.710934	0.710934	0.710934	0.029329	0.710934	0.253663	0.231173	0.256649	0.258515	0.887089	
954000	-463.987670	1	2	3	'0 1 Z Z 1 1 Z 1 	D	0.019958	0.536474	0.000000	0.000000	0.536474	0.536474	0.000000	0.536474	0.268185	0.000000	0.334208	0.397606	2.158058	
955000	-463.468564	1	2	1	'0 1 Z 1 1 1 0 1 	D	0.032717	0.663755	0.000000	0.663755	0.663755	0.663755	0.032717	0.663755	0.255258	0.223169	0.259590	0.261983	0.487826	
956000	-461.497234	1	2	0	'0 1 1 1 1 1 0 1 	D	0.017752	0.636759	0.636759	0.636759	0.636759	0.636759	0.017752	0.636759	0.241605	0.250015	0.249971	0.258409	1.552187	
957000	-465.001020	1	2	1	'Z 1 1 1 1 1 0 1 	D	0.000000	0.834585	0.834585	0.834585	0.834585	0.834585	0.029694	0.834585	0.247261	0.250026	0.250003	0.252709	1.343084	
958000	-463.414826	1	2	0	'0 1 1 0 1 1 0 1 	D	0.030693	0.612066	0.612066	0.030693	0.612066	0.612066	0.030693	0.612066	0.256512	0.184378	0.273324	0.285786	1.047301	
959000	-462.634380	1	2	1	'Z 1 1 1 1 1 0 1 	D	0.000000	0.645599	0.645599	0.645599	0.645599	0.645599	0.061659	0.645599	0.239144	0.249958	0.250130	0.260768	0.234306	
960000	-461.718378	1	2	1	'0 1 1 1 1 1 Z 1 	D	0.072368	0.680029	0.680029	0.680029	0.680029	0.680029	0.000000	0.680029	0.248154	0.249943	0.250009	0.251894	0.304698	
961000	-461.773115	1	2	1	'0 1 1 1 1 1 Z 1 	D	0.039239	0.701393	0.701393	0.701393	0.701393	0.701393	0.000000	0.701393	0.248541	0.250070	0.249981	0.251408	3.243798	
962000	-464.368622	1	2	2	'Z 1 0 Z 1 1 0 1 	D	0.000000	0.669145	0.022866	0.000000	0.669145	0.669145	0.022866	0.669145	0.352097	0.000669	0.335645	0.311588	0.267437	
963000	-463.453791	1	2	3	'0 1 Z Z 1 1 Z 1 	D	0.018383	0.743400	0.000000	0.000000	0.743400	0.743400	0.000000	0.743400	0.307497	0.000000	0.334957	0.357547	0.874067	
964000	-465.949110	1	2	3	'0 1 Z Z 1 1 Z 1 	D	0.054491	0.647897	0.000000	0.000000	0.647897	0.647897	0.000000	0.647897	0.244069	0.000000	0.335106	0.420825	0.606377	
965000	-464.081082	1	2	1	'0 1 1 0 1 1 Z 1 	D	0.082143	0.654627	0.654627	0.082143	0.654627	0.654627	0.000000	0.654627	0.241575	0.194233	0.269178	0.295014	2.671657	
966000	-463.505849	1	2	2	'Z 1 Z 1 1 1 0 1 	D	0.000000	0.710582	0.000000	0.710582	0.710582	0.710582	0.037901	0.710582	0.255255	0.230814	0.256657	0.257274	4.720512	
967000	-464.301479	1	2	1	'Z 1 1 1 1 1 0 1 	D	0.000000	0.578967	0.578967	0.578967	0.578967	0.578967	0.086471	0.578967	0.234211	0.249511	0.250478	0.265800	0.533549	
968000	-463.481410	1	2	1	'0 1 1 Z 1 1 0 1 	D	0.026009	0.772591	0.772591	0.000000	0.772591	0.772591	0.026009	0.772591	0.255767	0.220994	0.260094	0.263146	1.134384	
969000	-461.960029	1	2	1	'0 1 1 1 1 1 Z 1 	D	0.047528	0.546593	0.546593	0.546593	0.546593	0.546593	0.000000	0.546593	0.242627	0.249569	0.250254	0.257550	3.701522	
970000	-462.736779	1	2	1	'0 1 Z 1 1 1 0 1 	D	0.025870	0.614504	0.000000	0.614504	0.614504	0.614504	0.025870	0.614504	0.254962	0.214996	0.262422	0.267620	2.146364	
971000	-462.092392	1	2	1	'Z 1 1 1 1 1 0 1 	D	0.000000	0.635907	0.635907	0.635907	0.635907	0.635907	0.037015	0.635907	0.236885	0.250060	0.250014	0.263041	0.458197	
972000	-464.891369	1	2	3	'Z 1 Z Z 1 1 0 1 	D	0.000000	0.661543	0.000000	0.000000	0.661543	0.661543	0.027482	0.661543	0.360632	0.000000	0.336362	0.303006	0.879734	
973000	-462.501043	1	2	1	'0 1 1 0 1 1 Z 1 	D	0.052283	0.650457	0.650457	0.052283	0.650457	0.650457	0.000000	0.650457	0.247944	0.192282	0.269757	0.290016	1.064593	
974000	-462.760739	1	2	1	'0 1 1 1 1 1 Z 1 	D	0.090417	0.563925	0.563925	0.563925	0.563925	0.563925	0.000000	0.563925	0.243545	0.249140	0.250266	0.257049	2.867940	
975000	-462.462749	1	2	1	'0 1 1 1 1 1 Z 1 	D	0.098605	0.638886	0.638886	0.638886	0.638886	0.638886	0.000000	0.638886	0.247041	0.249769	0.250043	0.253147	0.395970	
976000	-462.765032	1	2	2	'0 1 1 Z 1 1 Z 1 	D	0.018123	0.709314	0.709314	0.000000	0.709314	0.709314	0.000000	0.709314	0.256974	0.208322	0.264086	0.270618	4.431600	
977000	-461.436845	1	2	1	'0 1 1 1 1 1 Z 1 	D	0.062256	0.608320	0.608320	0.608320	0.608320	0.608320	0.000000	0.608320	0.246125	0.249807	0.250076	0.253992	3.290191	
978000	-461.378486	1	2	1	'0 1 1 1 1 1 Z 1 	D	0.060368	0.614668	0.614668	0.614668	0.614668	0.614668	0.000000	0.614668	0.246383	0.249850	0.250061	0.253706	0.481617	
979000	-464.123129	1	2	2	'0 1 Z 0 1 1 Z 1 	D	0.011949	0.547717	0.000000	0.011949	0.547717	0.547717	0.000000	0.547717	0.289456	0.000218	0.334222	0.376104	1.856342	
980000	-462.190259	1	2	1	'0 1 1 Z 1 1 0 1 	D	0.021288	0.643162	0.643162	0.000000	0.643162	0.643162	0.021288	0.643162	0.259538	0.186148	0.272203	0.282111	0.500737	
981000	-463.811793	1	2	1	'0 1 1 1 1 1 Z 1 	D	0.088603	0.514894	0.514894	0.514894	0.514894	0.514894	0.000000	0.514894	0.239227	0.247885	0.250734	0.262154	0.389045	
982000	-461.936896	1	2	1	'0 1 1 1 1 1 Z 1 	D	0.081199	0.608021	0.608021	0.608021	0.608021	0.608021	0.000000	0.608021	0.246018	0.249674	0.250094	0.254213	2.227056	
983000	-461.973881	1	2	1	'0 1 1 1 1 1 Z 1 	D	0.060236	0.554012	0.554012	0.554012	0.554012	0.554012	0.000000	0.554012	0.243133	0.249359	0.250277	0.257230	1.800885	
984000	-463.843308	1	2	1	'Z 1 1 1 1 1 0 1 	D	0.000000	0.710539	0.710539	0.710539	0.710539	0.710539	0.016443	0.710539	0.241949	0.250302	0.249893	0.257857	1.608951	
985000	-465.534166	1	2	0	'0 1 1 0 1 1 0 1 	D	0.024365	0.909146	0.909146	0.024365	0.909146	0.909146	0.024365	0.909146	0.251920	0.240767	0.253185	0.254128	1.346364	
986000	-461.963412	1	2	1	'0 1 1 Z 1 1 0 1 	D	0.018349	0.667799	0.667799	0.000000	0.667799	0.667799	0.018349	0.667799	0.259124	0.194558	0.269139	0.277178	1.005761	
987000	-463.857800	1	2	0	'0 1 1 1 1 1 0 1 	D	0.018087	0.817219	0.817219	0.817219	0.817219	0.817219	0.018087	0.817219	0.248167	0.250012	0.249995	0.251826	1.682814	
988000	-463.400873	1	2	0	'0 1 1 1 1 1 0 1 	D	0.036189	0.520277	0.520277	0.520277	0.520277	0.520277	0.036189	0.520277	0.231386	0.247959	0.250694	0.269962	0.418188	
989000	-463.532862	1	2	1	'0 1 1 1 1 1 Z 1 	D	0.076203	0.508074	0.508074	0.508074	0.508074	0.508074	0.000000	0.508074	0.238681	0.247836	0.250821	0.262662	1.678141	
990000	-462.816717	1	2	1	'0 1 1 0 1 1 Z 1 	D	0.048883	0.588551	0.588551	0.048883	0.588551	0.588551	0.000000	0.588551	0.244071	0.169324	0.277420	0.309185	2.198703	
991000	-466.769078	1	2	2	'0 1 0 Z 1 1 Z 1 	D	0.012407	0.922548	0.012407	0.000000	0.922548	0.922548	0.000000	0.922548	0.323163	0.000179	0.334240	0.342418	1.501327	
992000	-462.880859	1	2	1	'Z 1 1 1 1 1 0 1 	D	0.000000	0.597096	0.597096	0.597096	0.597096	0.597096	0.018759	0.597096	0.230542	0.250874	0.249595	0.268989	0.834854	
993000	-461.481096	1	2	1	'0 1 1 1 1 1 Z 1 	D	0.035772	0.647764	0.647764	0.647764	0.647764	0.647764	0.000000	0.647764	0.247451	0.250159	0.249968	0.252422	2.227270	
994000	-461.930660	1	2	1	'0 1 1 1 1 1 Z 1 	D	0.026992	0.653859	0.653859	0.653859	0.653859	0.653859	0.000000	0.653859	0.247576	0.250315	0.249919	0.252189	0.737004	
995000	-461.583650	1	2	0	'0 1 1 1 1 1 0 1 	D	0.025924	0.668810	0.668810	0.668810	0.668810	0.668810	0.025924	0.668810	0.243995	0.249943	0.250009	0.256054	0.444239	
996000	-464.897933	1	2	1	'0 1 1 0 1 1 Z 1 	D	0.094657	0.717109	0.717109	0.094657	0.717109	0.717109	0.000000	0.717109	0.244404	0.211803	0.263249	0.280543	0.409064	
997000	-463.312602	1	2	0	'0 1 0 0 1 1 0 1 	D	0.013069	0.643695	0.013069	0.013069	0.643695	0.643695	0.013069	0.643695	0.320212	0.000823	0.336380	0.342586	0.332722	
998000	-462.115558	1	2	0	'0 1 1 0 1 1 0 1 	D	0.014355	0.580947	0.580947	0.014355	0.580947	0.580947	0.014355	0.580947	0.258417	0.167300	0.278404	0.295880	0.476815	
999000	-461.319169	1	2	1	'0 1 1 1 1 1 Z 1 	D	0.057378	0.645897	0.645897	0.645897	0.645897	0.645897	0.000000	0.645897	0.247402	0.249953	0.250019	0.252625	0.459619	
1000000	-461.427358	1	2	0	'0 1 1 1 1 1 0 1 	D	0.022526	0.608102	0.608102	0.608102	0.608102	0.608102	0.022526	0.608102	0.239775	0.249808	0.250035	0.260382	1.184768	
1001000	-462.183503	1	2	1	'Z 1 1 1 1 1 0 1 	D	0.000000	0.598132	0.598132	0.598132	0.598132	0.598132	0.042203	0.598132	0.232922	0.249888	0.250087	0.267103	0.407843	
1002000	-462.554883	1	2	1	'Z 1 1 1 1 1 0 1 	D	0.000000	0.703043	0.703043	0.703043	0.703043	0.703043	0.044520	0.703043	0.242517	0.250047	0.250033	0.257402	0.479170	
1003000	-466.121126	1	2	2	'Z 1 Z 1 1 1 0 1 	D	0.000000	0.841486	0.000000	0.841486	0.841486	0.841486	0.062621	0.841486	0.255003	0.239226	0.253749	0.252022	0.636108	
1004000	-465.222017	1	2	1	'Z 1 0 0 1 1 0 1 	D	0.000000	0.689838	0.033254	0.033254	0.689838	0.689838	0.033254	0.689838	0.361103	0.004980	0.334586	0.299331	1.363893	
1005000	-463.411618	1	2	2	'0 1 0 Z 1 1 Z 1 	D	0.030785	0.678673	0.030785	0.000000	0.678673	0.678673	0.000000	0.678673	0.284364	0.000870	0.335157	0.379609	3.367332	
1006000	-462.069591	1	2	1	'0 1 1 0 1 1 Z 1 	D	0.036119	0.634385	0.634385	0.036119	0.634385	0.634385	0.000000	0.634385	0.251712	0.187587	0.271256	0.289445	0.440001	
1007000	-462.077714	1	2	1	'0 1 1 0 1 1 Z 1 	D	0.028478	0.629835	0.629835	0.028478	0.629835	0.629835	0.000000	0.629835	0.254011	0.186734	0.271488	0.287766	0.459309	
1008000	-461.940534	1	2	1	'0 1 1 1 1 1 Z 1 	D	0.081866	0.611260	0.611260	0.611260	0.611260	0.611260	0.000000	0.611260	0.246149	0.249691	0.250087	0.254073	0.253255	
1009000	-462.550212	1	2	1	'0 1 1 1 1 1 Z 1 	D	0.100984	0.651091	0.651091	0.651091	0.651091	0.651091	0.000000	0.651091	0.247387	0.249810	0.250030	0.252773	0.342678	
1010000	-462.083719	1	2	0	'0 1 1 1 1 1 0 1 	D	0.032051	0.571571	0.571571	0.571571	0.571571	0.571571	0.032051	0.571571	0.237237	0.249286	0.250219	0.263258	0.832940	
1011000	-463.963287	1	2	1	'Z 1 1 1 1 1 0 1 	D	0.000000	0.752268	0.752268	0.752268	0.752268	0.752268	0.074102	0.752268	0.245571	0.250031	0.250052	0.254345	0.654726	
1012000	-462.065788	1	2	0	'0 1 1 0 1 1 0 1 	D	0.015210	0.586860	0.586860	0.015210	0.586860	0.586860	0.015210	0.586860	0.258403	0.169997	0.277527	0.294074	2.242787	
1013000	-461.295973	1	2	1	'0 1 1 1 1 1 Z 1 	D	0.054841	0.619450	0.619450	0.619450	0.619450	0.619450	0.000000	0.619450	0.246574	0.249916	0.250043	0.253467	0.199115	
1014000	-461.841672	1	2	1	'0 1 1 Z 1 1 0 1 	D	0.015208	0.671681	0.671681	0.000000	0.671681	0.671681	0.015208	0.671681	0.259113	0.195964	0.268536	0.276386	4.606993	
1015000	-463.262605	1	2	2	'0 1 Z 0 1 1 Z 1 	D	0.011966	0.679230	0.000000	0.011966	0.679230	0.679230	0.000000	0.679230	0.310314	0.000200	0.334410	0.355076	0.589340	
1016000	-462.581934	1	2	1	'0 1 1 0 1 1 Z 1 	D	0.042437	0.745063	0.745063	0.042437	0.745063	0.745063	0.000000	0.745063	0.251866	0.218386	0.260814	0.268934	0.779393	
1017000	-463.188853	1	2	1	'0 1 1 0 1 1 Z 1 	D	0.017008	0.570378	0.570378	0.017008	0.570378	0.570378	0.000000	0.570378	0.257299	0.164707	0.278809	0.299185	0.346582	
1018000	-466.100527	1	2	0	'0 1 1 0 1 1 0 1 	D	0.040940	0.831699	0.831699	0.040940	0.831699	0.831699	0.040940	0.831699	0.252734	0.234789	0.255399	0.257077	0.710447	
1019000	-463.229063	1	2	1	'0 1 1 0 1 1 Z 1 	D	0.055590	0.768502	0.768502	0.055590	0.768502	0.768502	0.000000	0.768502	0.250482	0.222388	0.259495	0.267636	0.738851	
1020000	-465.628249	1	2	3	'0 1 Z Z 1 1 Z 1 	D	0.038704	0.801184	0.000000	0.000000	0.801184	0.801184	0.000000	0.801184	0.291634	0.000000	0.336136	0.372230	0.592102	
1021000	-462.329142	1	2	2	'0 1 1 Z 1 1 Z 1 	D	0.039723	0.706447	0.706447	0.000000	0.706447	0.706447	0.000000	0.706447	0.254109	0.198304	0.267663	0.279925	1.014185	
1022000	-465.417721	1	2	1	'0 1 1 0 1 1 Z 1 	D	0.094325	0.788570	0.788570	0.094325	0.788570	0.788570	0.000000	0.788570	0.247495	0.225625	0.258484	0.268396	0.670703	
1023000	-464.741481	1	2	1	'0 1 1 0 1 1 Z 1 	D	0.085061	0.594671	0.594671	0.085061	0.594671	0.594671	0.000000	0.594671	0.233081	0.173607	0.275917	0.317395	0.536009	
1024000	-462.246618	1	2	1	'0 1 1 0 1 1 Z 1 	D	0.021881	0.649228	0.649228	0.021881	0.649228	0.649228	0.000000	0.649228	0.256143	0.194481	0.268809	0.280567	2.809734	
1025000	-463.079738	1	2	3	'0 1 Z Z 1 1 Z 1 	D	0.023421	0.687459	0.000000	0.000000	0.687459	0.687459	0.000000	0.687459	0.294318	0.000000	0.335249	0.370433	1.901514	
1026000	-463.490110	1	2	1	'0 1 1 1 1 1 Z 1 	D	0.119782	0.699883	0.699883	0.699883	0.699883	0.699883	0.000000	0.699883	0.248376	0.249902	0.250000	0.251722	0.327774	
1027000	-464.689449	1	2	1	'Z 1 0 0 1 1 0 1 	D	0.000000	0.609613	0.027087	0.027087	0.609613	0.609613	0.027087	0.609613	0.355261	0.003357	0.335409	0.305972	1.224871	
1028000	-462.573627	1	2	1	'Z 1 1 1 1 1 0 1 	D	0.000000	0.584843	0.584843	0.584843	0.584843	0.584843	0.053869	0.584843	0.232167	0.249681	0.250229	0.267922	0.824790	
1029000	-464.328842	1	2	2	'0 1 Z Z 1 1 0 1 	D	0.013351	0.543150	0.000000	0.000000	0.543150	0.543150	0.013351	0.543150	0.305594	0.000000	0.337812	0.356594	0.641383	
1030000	-461.947054	1	2	1	'0 1 Z 1 1 1 0 1 	D	0.011745	0.673293	0.000000	0.673293	0.673293	0.673293	0.011745	0.673293	0.251202	0.230459	0.256682	0.261657	3.215147	
1031000	-462.272130	1	2	1	'Z 1 1 1 1 1 0 1 	D	0.000000	0.647153	0.647153	0.647153	0.647153	0.647153	0.050139	0.647153	0.238686	0.249992	0.250083	0.261240	0.180190	
1032000	-461.422248	1	2	0	'0 1 1 1 1 1 0 1 	D	0.021493	0.608701	0.608701	0.608701	0.608701	0.608701	0.021493	0.608701	0.239738	0.249836	0.250024	0.260402	0.722867	
1033000	-461.747574	1	2	0	'0 1 1 1 1 1 0 1 	D	0.017018	0.572578	0.572578	0.572578	0.572578	0.572578	0.017018	0.572578	0.235666	0.249808	0.250000	0.264526	0.625906	
1034000	-462.763762	1	2	0	'0 1 1 1 1 1 0 1 	D	0.038713	0.732450	0.732450	0.732450	0.732450	0.732450	0.038713	0.732450	0.246822	0.249969	0.250008	0.253200	3.504833	
1035000	-462.415193	1	2	0	'0 1 1 0 1 1 0 1 	D	0.023776	0.682961	0.682961	0.023776	0.682961	0.682961	0.023776	0.682961	0.256791	0.204977	0.265692	0.272539	0.402924	
1036000	-464.223202	1	2	1	'0 1 1 1 1 1 Z 1 	D	0.122703	0.567086	0.567086	0.567086	0.567086	0.567086	0.000000	0.567086	0.243338	0.248978	0.250238	0.257446	1.564568	
1037000	-461.368881	1	2	1	'0 1 1 1 1 1 Z 1 	D	0.041765	0.654788	0.654788	0.654788	0.654788	0.654788	0.000000	0.654788	0.247641	0.250079	0.249987	0.252293	0.236232	
1038000	-462.164329	1	2	2	'0 1 1 Z 1 1 Z 1 	D	0.027629	0.625695	0.625695	0.000000	0.625695	0.625695	0.000000	0.625695	0.256109	0.174911	0.275490	0.293491	0.753511	
1039000	-462.232885	1	2	0	'0 1 1 0 1 1 0 1 	D	0.020102	0.707527	0.707527	0.020102	0.707527	0.707527	0.020102	0.707527	0.256538	0.210691	0.263588	0.269183	0.425047	
1040000	-462.136052	1	2	1	'0 1 1 0 1 1 Z 1 	D	0.024266	0.654448	0.654448	0.024266	0.654448	0.654448	0.000000	0.654448	0.255455	0.195834	0.268372	0.280339	0.622445	
1041000	-462.968717	1	2	1	'Z 1 1 1 1 1 0 1 	D	0.000000	0.702862	0.702862	0.702862	0.702862	0.702862	0.024258	0.702862	0.241783	0.250163	0.249954	0.258100	2.700302	
1042000	-464.462055	1	2	1	'0 1 1 1 1 1 Z 1 	D	0.134978	0.740102	0.740102	0.740102	0.740102	0.740102	0.000000	0.740102	0.248898	0.249942	0.249992	0.251168	0.780419	
1043000	-461.953645	1	2	1	'0 1 Z 1 1 1 0 1 	D	0.010961	0.647016	0.000000	0.647016	0.647016	0.647016	0.010961	0.647016	0.251071	0.226401	0.258065	0.264463	1.274662	
1044000	-461.982297	1	2	0	'0 1 1 1 1 1 0 1 	D	0.024015	0.714997	0.714997	0.714997	0.714997	0.714997	0.024015	0.714997	0.245860	0.249994	0.249996	0.254149	0.490350	
1045000	-461.413617	1	2	1	'0 1 1 1 1 1 Z 1 	D	0.060522	0.606925	0.606925	0.606925	0.606925	0.606925	0.000000	0.606925	0.246074	0.249816	0.250076	0.254035	1.981335	
1046000	-464.577943	1	2	2	'Z 1 Z 0 1 1 0 1 	D	0.000000	0.608953	0.000000	0.011278	0.608953	0.608953	0.011278	0.608953	0.331074	0.000164	0.334982	0.333781	0.343471	
1047000	-462.113716	1	2	1	'Z 1 1 1 1 1 0 1 	D	0.000000	0.642748	0.642748	0.642748	0.642748	0.642748	0.040649	0.642748	0.237770	0.250035	0.250037	0.262157	0.573681	
1048000	-461.787241	1	2	0	'0 1 0 1 1 1 0 1 	D	0.013589	0.641939	0.013589	0.641939	0.641939	0.641939	0.013589	0.641939	0.250786	0.227363	0.257790	0.264061	1.867202	
1049000	-464.033561	1	2	2	'0 1 1 Z 1 1 Z 1 	D	0.072133	0.636640	0.636640	0.000000	0.636640	0.636640	0.000000	0.636640	0.243148	0.157760	0.281618	0.317474	0.694585	
1050000	-462.653784	1	2	1	'0 1 1 0 1 1 Z 1 	D	0.045351	0.590723	0.590723	0.045351	0.590723	0.590723	0.000000	0.590723	0.245673	0.170303	0.277093	0.306932	1.158994	
1051000	-463.871336	1	2	1	'Z 1 0 1 1 1 0 1 	D	0.000000	0.758951	0.042874	0.758951	0.758951	0.758951	0.042874	0.758951	0.251519	0.242184	0.252728	0.253570	1.312214	
1052000	-462.332356	1	2	1	'Z 1 1 1 1 1 0 1 	D	0.000000	0.642089	0.642089	0.642089	0.642089	0.642089	0.052848	0.642089	0.238381	0.249972	0.250101	0.261547	1.526540	
1053000	-464.218430	1	2	2	'Z 1 0 Z 1 1 0 1 	D	0.000000	0.654285	0.013394	0.000000	0.654285	0.654285	0.013394	0.654285	0.338108	0.000218	0.334996	0.326678	1.400968	
1054000	-464.249133	1	2	1	'0 1 1 Z 1 1 0 1 	D	0.010397	0.493566	0.493566	0.000000	0.493566	0.493566	0.010397	0.493566	0.253495	0.120504	0.294049	0.331951	0.497784	
1055000	-461.481199	1	2	1	'0 1 1 1 1 1 Z 1 	D	0.049683	0.581812	0.581812	0.581812	0.581812	0.581812	0.000000	0.581812	0.244911	0.249831	0.250107	0.255151	2.534199	
1056000	-463.319034	1	2	1	'Z 1 1 1 1 1 0 1 	D	0.000000	0.736747	0.736747	0.736747	0.736747	0.736747	0.061825	0.736747	0.244703	0.250032	0.250049	0.255216	0.384183	
1057000	-463.327616	1	2	2	'Z 1 Z 1 1 1 0 1 	D	0.000000	0.688371	0.000000	0.688371	0.688371	0.688371	0.035301	0.688371	0.255237	0.228353	0.257511	0.258899	1.647858	
1058000	-463.266803	1	2	1	'Z 1 0 1 1 1 0 1 	D	0.000000	0.662719	0.018736	0.662719	0.662719	0.662719	0.018736	0.662719	0.245962	0.239202	0.253705	0.261131	0.641819	
1059000	-463.176055	1	2	0	'0 1 0 1 1 1 0 1 	D	0.011286	0.789147	0.011286	0.789147	0.789147	0.789147	0.011286	0.789147	0.249619	0.245266	0.251613	0.253503	0.442368	
1060000	-461.502976	1	2	0	'0 1 1 1 1 1 0 1 	D	0.024368	0.597315	0.597315	0.597315	0.597315	0.597315	0.024368	0.597315	0.238995	0.249700	0.250070	0.261235	0.340391	
1061000	-461.445201	1	2	0	'0 1 1 1 1 1 0 1 	D	0.022138	0.649598	0.649598	0.649598	0.649598	0.649598	0.022138	0.649598	0.242729	0.249949	0.250001	0.257322	1.695733	
1062000	-462.013466	1	2	1	'0 1 Z 1 1 1 0 1 	D	0.015585	0.599863	0.000000	0.599863	0.599863	0.599863	0.015585	0.599863	0.252253	0.214960	0.262152	0.270634	0.541946	
1063000	-462.461616	1	2	0	'0 1 0 1 1 1 0 1 	D	0.008636	0.593927	0.008636	0.593927	0.593927	0.593927	0.008636	0.593927	0.248814	0.219603	0.260352	0.271231	0.333903	
1064000	-461.635173	1	2	0	'0 1 1 1 1 1 0 1 	D	0.021376	0.575404	0.575404	0.575404	0.575404	0.575404	0.021376	0.575404	0.236507	0.249603	0.250084	0.263806	0.607351	
1065000	-461.775847	1	2	0	'0 1 1 1 1 1 0 1 	D	0.020078	0.563303	0.563303	0.563303	0.563303	0.563303	0.020078	0.563303	0.234952	0.249528	0.250097	0.265423	0.444892	
1066000	-463.765288	1	2	0	'0 1 0 1 1 1 0 1 	D	0.024971	0.534813	0.024971	0.534813	0.534813	0.534813	0.024971	0.534813	0.251241	0.203741	0.266672	0.278345	0.734666	
1067000	-462.472279	1	2	1	'Z 1 1 1 1 1 0 1 	D	0.000000	0.561996	0.561996	0.561996	0.561996	0.561996	0.036978	0.561996	0.227079	0.249709	0.250074	0.273139	4.509976	
1068000	-462.515815	1	2	1	'0 1 1 Z 1 1 0 1 	D	0.014476	0.556064	0.556064	0.000000	0.556064	0.556064	0.014476	0.556064	0.259047	0.150858	0.284091	0.306004	2.254039	
1069000	-466.322932	1	2	1	'0 1 1 1 1 1 Z 1 	D	0.028746	0.436904	0.436904	0.436904	0.436904	0.436904	0.000000	0.436904	0.227503	0.247076	0.251946	0.273475	0.305503	
1070000	-461.763105	1	2	0	'0 1 1 1 1 1 0 1 	D	0.019894	0.564444	0.564444	0.564444	0.564444	0.564444	0.019894	0.564444	0.235067	0.249552	0.250089	0.265293	3.585683	
1071000	-461.907932	1	2	1	'0 1 1 Z 1 1 0 1 	D	0.010766	0.646592	0.646592	0.000000	0.646592	0.646592	0.010766	0.646592	0.259886	0.187987	0.271100	0.281027	0.794091	
1072000	-462.894088	1	2	1	'Z 1 1 1 1 1 0 1 	D	0.000000	0.573715	0.573715	0.573715	0.573715	0.573715	0.059012	0.573715	0.231126	0.249531	0.250320	0.269022	0.590128	
1073000	-463.606219	1	2	2	'0 1 Z Z 1 1 0 1 	D	0.008593	0.559696	0.000000	0.000000	0.559696	0.559696	0.008593	0.559696	0.309208	0.000000	0.336049	0.354743	0.485850	
1074000	-463.122166	1	2	1	'Z 1 1 1 1 1 0 1 	D	0.000000	0.596853	0.596853	0.596853	0.596853	0.596853	0.069106	0.596853	0.234858	0.249716	0.250290	0.265136	0.941267	
1075000	-464.338141	1	2	1	'0 1 Z 0 1 1 0 1 	D	0.015881	0.566312	0.000000	0.015881	0.566312	0.566312	0.015881	0.566312	0.310006	0.000353	0.338121	0.351521	0.621185	
1076000	-463.262878	1	2	1	'1 0 0 0 0 0 Z 0 	D	0.056107	0.811180	0.811180	0.811180	0.811180	0.811180	0.000000	0.811180	0.249506	0.250004	0.249995	0.250495	1.081464	
1077000	-462.790877	1	2	1	'1 0 0 0 0 0 Z 0 	D	0.098472	0.718766	0.718766	0.718766	0.718766	0.718766	0.000000	0.718766	0.248714	0.249946	0.249999	0.251340	2.783384	
1078000	-461.276661	1	2	1	'1 0 0 0 0 0 Z 0 	D	0.052956	0.641574	0.641574	0.641574	0.641574	0.641574	0.000000	0.641574	0.247288	0.249977	0.250016	0.252719	2.029372	
1079000	-464.306140	1	2	1	'1 0 0 0 0 0 Z 0 	D	0.129285	0.583669	0.583669	0.583669	0.583669	0.583669	0.000000	0.583669	0.244337	0.249208	0.250158	0.256298	1.780411	
1080000	-462.017058	1	2	1	'1 0 0 1 0 0 Z 0 	D	0.030735	0.669660	0.669660	0.030735	0.669660	0.669660	0.000000	0.669660	0.253814	0.199838	0.267065	0.279283	0.357466	
1081000	-461.658907	1	2	1	'1 0 0 0 0 0 Z 0 	D	0.054198	0.568937	0.568937	0.568937	0.568937	0.568937	0.000000	0.568937	0.244159	0.249649	0.250174	0.256018	1.851224	
1082000	-464.552108	1	2	1	'1 0 0 0 0 0 Z 0 	D	0.137253	0.597465	0.597465	0.597465	0.597465	0.597465	0.000000	0.597465	0.245027	0.249350	0.250107	0.255517	0.532711	
1083000	-463.092140	1	2	2	'1 0 0 Z 0 0 Z 0 	D	0.058537	0.701158	0.701158	0.000000	0.701158	0.701158	0.000000	0.701158	0.250930	0.189317	0.270874	0.288880	0.662965	
1084000	-462.523738	1	2	1	'1 0 0 1 0 0 Z 0 	D	0.041267	0.590666	0.590666	0.041267	0.590666	0.590666	0.000000	0.590666	0.247290	0.170451	0.277034	0.305225	0.335886	
1085000	-463.139233	1	2	1	'1 0 Z 1 0 0 1 0 	D	0.009336	0.600415	0.000000	0.009336	0.600415	0.600415	0.009336	0.600415	0.315747	0.000120	0.335956	0.348177	0.233378	
1086000	-463.671721	1	2	1	'1 0 0 1 0 0 Z 0 	D	0.029307	0.827775	0.827775	0.029307	0.827775	0.827775	0.000000	0.827775	0.252239	0.233644	0.255555	0.258561	0.670987	
1087000	-464.228328	1	2	1	'1 0 0 1 0 0 Z 0 	D	0.084899	0.692491	0.692491	0.084899	0.692491	0.692491	0.000000	0.692491	0.244147	0.205280	0.265454	0.285119	2.278525	
1088000	-464.334136	1	2	1	'1 0 0 1 0 0 Z 0 	D	0.039848	0.508045	0.508045	0.039848	0.508045	0.508045	0.000000	0.508045	0.235716	0.132844	0.289202	0.342238	0.901349	
1089000	-462.739001	1	2	1	'1 0 0 0 0 0 Z 0 	D	0.059133	0.781554	0.781554	0.781554	0.781554	0.781554	0.000000	0.781554	0.249343	0.250003	0.249995	0.250660	1.047048	
1090000	-462.355104	1	2	1	'1 0 0 0 0 0 Z 0 	D	0.093359	0.611901	0.611901	0.611901	0.611901	0.611901	0.000000	0.611901	0.246100	0.249641	0.250088	0.254172	0.758012	
1091000	-462.021570	1	2	1	'1 0 0 0 0 0 Z 0 	D	0.025711	0.653642	0.653642	0.653642	0.653642	0.653642	0.000000	0.653642	0.247563	0.250351	0.249909	0.252178	1.062086	
1092000	-462.135254	1	2	2	'1 0 0 Z 0 0 Z 0 	D	0.034401	0.684528	0.684528	0.000000	0.684528	0.684528	0.000000	0.684528	0.254984	0.193398	0.269290	0.282328	4.311121	
1093000	-466.055716	1	2	1	'1 0 0 0 0 0 Z 0 	D	0.170963	0.638154	0.638154	0.638154	0.638154	0.638154	0.000000	0.638154	0.246541	0.249616	0.250011	0.253832	0.373182	
1094000	-464.048035	1	2	1	'1 0 Z 1 0 0 1 0 	D	0.014122	0.729142	0.000000	0.014122	0.729142	0.729142	0.014122	0.729142	0.326254	0.000259	0.336372	0.337115	2.991563	
1095000	-463.186323	1	2	1	'1 0 0 1 0 0 Z 0 	D	0.062856	0.616246	0.616246	0.062856	0.616246	0.616246	0.000000	0.616246	0.242363	0.180261	0.273814	0.303561	0.421062	
1096000	-463.629116	1	2	2	'1 0 Z 1 0 0 Z 0 	D	0.021093	0.552959	0.000000	0.021093	0.552959	0.552959	0.000000	0.552959	0.272218	0.000715	0.334149	0.392919	0.336173	
1097000	-465.244427	1	2	2	'1 0 1 Z 0 0 Z 0 	D	0.019348	0.859876	0.019348	0.000000	0.859876	0.859876	0.000000	0.859876	0.315128	0.000413	0.334716	0.349742	0.546127	
1098000	-463.043976	1	2	1	'Z 0 1 0 0 0 1 0 	D	0.000000	0.639145	0.030213	0.639145	0.639145	0.639145	0.030213	0.639145	0.250697	0.230386	0.256838	0.262079	1.174464	
1099000	-463.048577	1	2	1	'1 0 0 0 0 0 Z 0 	D	0.025045	0.523570	0.523570	0.523570	0.523570	0.523570	0.000000	0.523570	0.240324	0.251104	0.249879	0.258693	3.715518	
1100000	-461.323561	1	2	1	'1 0 0 0 0 0 Z 0 	D	0.056831	0.650040	0.650040	0.650040	0.650040	0.650040	0.000000	0.650040	0.247513	0.249963	0.250016	0.252508	1.717511	
