Iteration	Lh	Tree No	No Off Parmeters	No Off Zero	Model string	Dep / InDep	q12	q13	q21	q24	q31	q34	q42	q43	Root - P(0,0)	Root - P(0,1)	Root - P(1,0)	Root - P(1,1)	RJRates - Mean	
100000	-462.923999	1	2	2	'1 0 1 1 0 Z 1 Z 	D	0.613814	0.020386	0.613814	0.613814	0.020386	0.000000	0.613814	0.000000	0.287460	0.334718	0.000391	0.377431	0.731908	
101000	-461.519335	1	2	1	'1 0 1 1 1 1 1 Z 	D	0.634453	0.033660	0.634453	0.634453	0.634453	0.634453	0.634453	0.000000	0.247062	0.249957	0.250217	0.252764	0.990262	
102000	-461.822018	1	2	1	'1 0 1 1 1 1 1 Z 	D	0.703775	0.068632	0.703775	0.703775	0.703775	0.703775	0.703775	0.000000	0.248561	0.250001	0.249973	0.251465	0.674645	
103000	-461.337826	1	2	1	'1 0 1 1 1 1 1 Z 	D	0.651726	0.057770	0.651726	0.651726	0.651726	0.651726	0.651726	0.000000	0.247555	0.250016	0.249960	0.252469	0.437870	
104000	-462.365031	1	2	2	'1 0 1 1 1 Z 1 Z 	D	0.611278	0.038123	0.611278	0.611278	0.611278	0.000000	0.611278	0.000000	0.252051	0.279530	0.163210	0.305210	0.331146	
105000	-461.452043	1	2	1	'1 0 1 1 1 1 1 Z 	D	0.621511	0.035451	0.621511	0.621511	0.621511	0.621511	0.621511	0.000000	0.246639	0.249970	0.250198	0.253193	0.185170	
106000	-463.489957	1	2	1	'1 Z 1 1 1 1 1 0 	D	0.688955	0.000000	0.688955	0.688955	0.688955	0.688955	0.688955	0.077434	0.242795	0.250107	0.250011	0.257087	0.840031	
107000	-461.975281	1	2	1	'1 0 1 1 1 Z 1 0 	D	0.605290	0.011377	0.605290	0.605290	0.605290	0.000000	0.605290	0.011377	0.260394	0.276469	0.172377	0.290760	0.673393	
108000	-462.761340	1	2	1	'1 Z 1 1 1 1 1 0 	D	0.598760	0.000000	0.598760	0.598760	0.598760	0.598760	0.598760	0.019930	0.230933	0.249655	0.250734	0.268679	0.323202	
109000	-462.129841	1	2	1	'1 0 1 1 1 1 1 Z 	D	0.554931	0.030537	0.554931	0.554931	0.554931	0.554931	0.554931	0.000000	0.243148	0.249981	0.250461	0.256410	0.494141	
110000	-464.293054	1	2	2	'1 Z 1 1 Z 1 1 0 	D	0.551601	0.000000	0.551601	0.551601	0.000000	0.551601	0.551601	0.019416	0.246892	0.264241	0.208682	0.280185	0.195250	
111000	-462.224623	1	2	1	'1 Z 1 1 1 1 1 0 	D	0.639127	0.000000	0.639127	0.639127	0.639127	0.639127	0.639127	0.048776	0.237886	0.250085	0.249981	0.262048	0.432602	
112000	-463.108959	1	2	0	'1 0 1 1 1 0 1 0 	D	0.794372	0.017616	0.794372	0.794372	0.794372	0.017616	0.794372	0.017616	0.254318	0.257594	0.227856	0.260232	0.724668	
113000	-462.502408	1	2	1	'1 0 1 1 1 Z 1 0 	D	0.585245	0.020646	0.585245	0.585245	0.585245	0.000000	0.585245	0.020646	0.259555	0.280137	0.163521	0.296787	0.318095	
114000	-462.083053	1	2	1	'1 0 1 1 1 1 1 Z 	D	0.687678	0.084249	0.687678	0.687678	0.687678	0.687678	0.687678	0.000000	0.248268	0.250008	0.249928	0.251797	0.656126	
115000	-461.299485	1	2	1	'1 0 1 1 1 1 1 Z 	D	0.648912	0.045935	0.648912	0.648912	0.648912	0.648912	0.648912	0.000000	0.247493	0.249999	0.250040	0.252468	0.424385	
116000	-461.964955	1	2	1	'1 0 1 1 1 1 1 Z 	D	0.623858	0.084208	0.623858	0.623858	0.623858	0.623858	0.623858	0.000000	0.246617	0.250064	0.249749	0.253570	0.384607	
117000	-462.261190	1	2	1	'1 0 1 1 1 1 1 Z 	D	0.575566	0.081786	0.575566	0.575566	0.575566	0.575566	0.575566	0.000000	0.244377	0.250202	0.249377	0.256044	0.910782	
118000	-462.342881	1	2	1	'1 0 1 1 1 1 1 Z 	D	0.570634	0.082201	0.570634	0.570634	0.570634	0.570634	0.570634	0.000000	0.244072	0.250225	0.249310	0.256393	0.777885	
119000	-464.288927	1	2	1	'1 0 1 1 0 0 1 Z 	D	0.600836	0.042861	0.600836	0.600836	0.042861	0.042861	0.600836	0.000000	0.253869	0.331915	0.008021	0.406195	0.772635	
120000	-463.108150	1	2	1	'1 0 1 1 1 1 1 Z 	D	0.526352	0.023437	0.526352	0.526352	0.526352	0.526352	0.526352	0.000000	0.240530	0.249775	0.251397	0.258298	0.519056	
121000	-462.335769	1	2	0	'1 0 1 1 1 0 1 0 	D	0.715691	0.010231	0.715691	0.715691	0.715691	0.010231	0.715691	0.010231	0.256965	0.263050	0.211545	0.268439	0.691226	
122000	-464.203705	1	2	1	'1 0 1 1 1 1 1 Z 	D	0.484101	0.025765	0.484101	0.484101	0.484101	0.484101	0.484101	0.000000	0.235582	0.250264	0.250596	0.263558	0.140745	
123000	-462.087730	1	2	1	'1 0 1 1 1 1 1 Z 	D	0.692900	0.029246	0.692900	0.692900	0.692900	0.692900	0.692900	0.000000	0.248392	0.249955	0.250165	0.251488	0.817410	
124000	-461.504812	1	2	0	'1 0 1 1 1 1 1 0 	D	0.635700	0.017529	0.635700	0.635700	0.635700	0.635700	0.635700	0.017529	0.241515	0.249969	0.250019	0.258497	0.285313	
125000	-464.425819	1	2	1	'1 0 1 1 1 0 1 Z 	D	0.502173	0.025082	0.502173	0.502173	0.502173	0.025082	0.502173	0.000000	0.245258	0.289982	0.131089	0.333671	0.331416	
126000	-462.345127	1	2	1	'1 0 1 1 1 1 1 Z 	D	0.744102	0.072482	0.744102	0.744102	0.744102	0.744102	0.744102	0.000000	0.249040	0.249996	0.249986	0.250978	0.216336	
127000	-462.989579	1	2	2	'1 0 1 1 1 Z 1 Z 	D	0.565868	0.039186	0.565868	0.565868	0.565868	0.000000	0.565868	0.000000	0.247386	0.286736	0.141481	0.324396	0.435093	
128000	-463.099889	1	2	1	'1 0 1 1 0 Z 1 0 	D	0.670803	0.007363	0.670803	0.670803	0.007363	0.000000	0.670803	0.007363	0.323250	0.335140	0.000062	0.341547	0.121480	
129000	-465.242105	1	2	2	'1 Z 1 1 0 Z 1 0 	D	0.704219	0.000000	0.704219	0.704219	0.007693	0.000000	0.704219	0.007693	0.332730	0.334232	0.000071	0.332967	0.842504	
130000	-465.039247	1	2	1	'1 0 1 1 0 0 1 Z 	D	0.737797	0.045547	0.737797	0.737797	0.045547	0.045547	0.737797	0.000000	0.280384	0.332873	0.009049	0.377694	0.491890	
131000	-462.211799	1	2	1	'1 0 1 1 1 Z 1 0 	D	0.619473	0.008622	0.619473	0.619473	0.619473	0.000000	0.619473	0.008622	0.260444	0.274308	0.178264	0.286984	0.171497	
132000	-462.126583	1	2	1	'1 Z 1 1 1 1 1 0 	D	0.642878	0.000000	0.642878	0.642878	0.642878	0.642878	0.642878	0.042273	0.237874	0.250047	0.250024	0.262055	0.508598	
133000	-461.689442	1	2	1	'1 0 1 1 1 1 1 Z 	D	0.703167	0.059878	0.703167	0.703167	0.703167	0.703167	0.703167	0.000000	0.248563	0.249998	0.249992	0.251447	0.641726	
134000	-462.079403	1	2	1	'1 0 1 1 1 1 1 Z 	D	0.551320	0.063039	0.551320	0.551320	0.551320	0.551320	0.551320	0.000000	0.242917	0.250305	0.249267	0.257511	0.570435	
135000	-461.749717	1	2	1	'1 0 1 1 1 1 1 Z 	D	0.560434	0.051306	0.560434	0.560434	0.560434	0.560434	0.560434	0.000000	0.243619	0.250200	0.249626	0.256555	0.261234	
136000	-462.411615	1	2	0	'1 0 1 1 1 1 1 0 	D	0.689577	0.011922	0.689577	0.689577	0.689577	0.689577	0.689577	0.011922	0.244319	0.249933	0.250159	0.255588	0.425633	
137000	-463.554087	1	2	2	'1 0 1 1 Z 0 1 Z 	D	0.603933	0.032515	0.603933	0.603933	0.000000	0.032515	0.603933	0.000000	0.266472	0.334290	0.001704	0.397534	0.443925	
138000	-469.374866	1	2	1	'1 Z 1 1 0 0 1 0 	D	0.683846	0.000000	0.683846	0.683846	0.068021	0.068021	0.683846	0.068021	0.386534	0.330455	0.019209	0.263802	0.604469	
139000	-465.422050	1	2	3	'1 Z 1 1 Z Z 1 0 	D	0.693667	0.000000	0.693667	0.693667	0.000000	0.000000	0.693667	0.031380	0.364931	0.336420	0.000000	0.298649	0.467565	
140000	-462.482460	1	2	0	'1 0 1 1 1 0 1 0 	D	0.747355	0.017771	0.747355	0.747355	0.747355	0.017771	0.747355	0.017771	0.255600	0.260524	0.219375	0.264501	0.497688	
141000	-461.966903	1	2	0	'1 0 1 1 1 0 1 0 	D	0.671771	0.018932	0.671771	0.671771	0.671771	0.018932	0.671771	0.018932	0.257494	0.267004	0.200788	0.274714	0.223632	
142000	-461.796537	1	2	1	'1 0 1 1 1 1 1 Z 	D	0.715617	0.057248	0.715617	0.715617	0.715617	0.715617	0.715617	0.000000	0.248736	0.249995	0.250002	0.251267	0.553312	
143000	-462.094146	1	2	0	'1 0 1 1 1 1 1 0 	D	0.579519	0.033579	0.579519	0.579519	0.579519	0.579519	0.579519	0.033579	0.238180	0.250196	0.249370	0.262255	0.798948	
144000	-462.085319	1	2	1	'1 0 1 1 Z 1 1 0 	D	0.622739	0.010068	0.622739	0.622739	0.000000	0.622739	0.622739	0.010068	0.250683	0.259467	0.222271	0.267579	0.394791	
145000	-463.746466	1	2	1	'1 Z 1 1 1 1 1 0 	D	0.772221	0.000000	0.772221	0.772221	0.772221	0.772221	0.772221	0.059050	0.245972	0.250033	0.250030	0.253966	0.289891	
146000	-462.448617	1	2	1	'1 0 1 1 1 1 1 Z 	D	0.524039	0.048394	0.524039	0.524039	0.524039	0.524039	0.524039	0.000000	0.240669	0.250450	0.249148	0.259733	0.271650	
147000	-462.426813	1	2	1	'1 0 1 1 1 1 1 Z 	D	0.656711	0.097724	0.656711	0.656711	0.656711	0.656711	0.656711	0.000000	0.247552	0.250025	0.249835	0.252587	0.369744	
148000	-462.243191	1	2	1	'1 Z 1 1 1 1 1 0 	D	0.638799	0.000000	0.638799	0.638799	0.638799	0.638799	0.638799	0.049602	0.237902	0.250089	0.249977	0.262032	0.412190	
149000	-463.155500	1	2	2	'1 Z 1 1 Z 1 1 0 	D	0.678427	0.000000	0.678427	0.678427	0.000000	0.678427	0.678427	0.028202	0.252516	0.256752	0.230452	0.260281	0.907467	
150000	-461.840102	1	2	0	'1 0 1 1 0 1 1 0 	D	0.620898	0.013579	0.620898	0.620898	0.013579	0.620898	0.620898	0.013579	0.250659	0.259097	0.223600	0.266644	0.680521	
151000	-461.787345	1	2	1	'1 0 1 1 1 1 1 Z 	D	0.694918	0.036410	0.694918	0.694918	0.694918	0.694918	0.694918	0.000000	0.248438	0.249975	0.250094	0.251493	0.407501	
152000	-462.075136	1	2	1	'1 0 1 1 1 0 1 Z 	D	0.637918	0.037322	0.637918	0.637918	0.637918	0.037322	0.637918	0.000000	0.251471	0.270875	0.188738	0.288916	0.920798	
153000	-464.597309	1	2	1	'1 0 1 1 1 Z 1 0 	D	0.545524	0.030630	0.545524	0.545524	0.545524	0.000000	0.545524	0.030630	0.256915	0.287542	0.145169	0.310374	0.578556	
154000	-461.364646	1	2	1	'1 0 1 1 1 1 1 Z 	D	0.660756	0.057192	0.660756	0.660756	0.660756	0.660756	0.660756	0.000000	0.247776	0.250010	0.249974	0.252240	0.566820	
155000	-462.900707	1	2	1	'1 0 1 1 1 1 1 Z 	D	0.508022	0.040811	0.508022	0.508022	0.508022	0.508022	0.508022	0.000000	0.238984	0.250533	0.249165	0.261318	0.652977	
156000	-462.240305	1	2	0	'1 0 1 1 1 0 1 0 	D	0.719737	0.011656	0.719737	0.719737	0.719737	0.011656	0.719737	0.011656	0.256768	0.262720	0.212612	0.267899	0.258255	
157000	-462.997395	1	2	3	'1 0 1 1 Z Z 1 Z 	D	0.629531	0.024073	0.629531	0.629531	0.000000	0.000000	0.629531	0.000000	0.283393	0.335078	0.000000	0.381530	0.710304	
158000	-462.610935	1	2	2	'1 0 1 1 1 Z 1 Z 	D	0.633289	0.048440	0.633289	0.633289	0.633289	0.000000	0.633289	0.000000	0.250068	0.278203	0.167436	0.304292	0.625470	
159000	-463.000983	1	2	1	'1 0 1 1 1 1 1 Z 	D	0.683217	0.110209	0.683217	0.683217	0.683217	0.683217	0.683217	0.000000	0.248103	0.250008	0.249881	0.252008	0.631589	
160000	-461.696680	1	2	1	'1 0 1 1 1 1 1 Z 	D	0.594570	0.031205	0.594570	0.594570	0.594570	0.594570	0.594570	0.000000	0.245502	0.249941	0.250376	0.254182	0.483725	
161000	-462.101214	1	2	1	'1 0 1 1 1 1 1 Z 	D	0.628314	0.023738	0.628314	0.628314	0.628314	0.628314	0.628314	0.000000	0.246794	0.249856	0.250559	0.252791	0.592797	
162000	-462.602157	1	2	2	'1 0 1 1 1 Z 1 Z 	D	0.643836	0.049235	0.643836	0.643836	0.643836	0.000000	0.643836	0.000000	0.250492	0.276852	0.171474	0.301183	0.820144	
163000	-463.381145	1	2	1	'1 0 1 1 1 1 1 Z 	D	0.809681	0.042370	0.809681	0.809681	0.809681	0.809681	0.809681	0.000000	0.249498	0.249994	0.250014	0.250495	0.661991	
164000	-461.442057	1	2	1	'1 0 1 1 1 1 1 Z 	D	0.670342	0.060021	0.670342	0.670342	0.670342	0.670342	0.670342	0.000000	0.247984	0.250007	0.249971	0.252038	0.416590	
165000	-463.051937	1	2	1	'1 0 1 1 1 0 1 Z 	D	0.780262	0.045855	0.780262	0.780262	0.780262	0.045855	0.780262	0.000000	0.251469	0.258569	0.224982	0.264980	0.819616	
166000	-463.354186	1	2	1	'1 0 1 1 1 Z 1 0 	D	0.520559	0.015375	0.520559	0.520559	0.520559	0.000000	0.520559	0.015375	0.256247	0.290096	0.133763	0.319894	0.206038	
167000	-461.407064	1	2	1	'1 0 1 1 1 1 1 Z 	D	0.590030	0.047762	0.590030	0.590030	0.590030	0.590030	0.590030	0.000000	0.245336	0.250076	0.249909	0.254679	0.351802	
168000	-464.526792	1	2	0	'1 0 1 1 1 1 1 0 	D	0.854220	0.020647	0.854220	0.854220	0.854220	0.854220	0.854220	0.020647	0.248688	0.249997	0.250005	0.251310	0.696230	
169000	-463.229150	1	2	2	'1 0 1 1 1 Z 1 Z 	D	0.680811	0.061684	0.680811	0.680811	0.680811	0.000000	0.680811	0.000000	0.249486	0.273839	0.180683	0.295992	0.435862	
170000	-462.199384	1	2	1	'1 0 1 1 1 1 1 Z 	D	0.534752	0.043641	0.534752	0.534752	0.534752	0.534752	0.534752	0.000000	0.241653	0.250300	0.249551	0.258496	0.805323	
171000	-461.402680	1	2	1	'1 0 1 1 1 1 1 Z 	D	0.665945	0.043342	0.665945	0.665945	0.665945	0.665945	0.665945	0.000000	0.247901	0.249988	0.250062	0.252049	0.417102	
172000	-462.253366	1	2	1	'1 0 1 1 1 0 1 Z 	D	0.627070	0.042950	0.627070	0.627070	0.627070	0.042950	0.627070	0.000000	0.249271	0.272341	0.184492	0.293896	0.430446	
173000	-464.399360	1	2	3	'1 Z 1 1 Z Z 1 0 	D	0.694916	0.000000	0.694916	0.694916	0.000000	0.000000	0.694916	0.013863	0.341002	0.334983	0.000000	0.324015	0.552040	
174000	-463.099794	1	2	0	'1 0 1 1 1 1 1 0 	D	0.731980	0.011160	0.731980	0.731980	0.731980	0.731980	0.731980	0.011160	0.246001	0.249957	0.250109	0.253933	0.284421	
175000	-462.992421	1	2	1	'1 Z 1 1 1 1 1 0 	D	0.706336	0.000000	0.706336	0.706336	0.706336	0.706336	0.706336	0.024555	0.242020	0.249959	0.250153	0.257868	0.244046	
176000	-463.052075	1	2	1	'1 Z 1 1 1 1 1 0 	D	0.737296	0.000000	0.737296	0.737296	0.737296	0.737296	0.737296	0.050764	0.244464	0.250035	0.250037	0.255464	0.348405	
177000	-462.186766	1	2	1	'1 0 1 1 Z 1 1 0 	D	0.617430	0.020852	0.617430	0.617430	0.000000	0.617430	0.617430	0.020852	0.253754	0.261578	0.216979	0.267689	0.693367	
178000	-461.499964	1	2	1	'1 0 1 1 1 1 1 Z 	D	0.686228	0.054079	0.686228	0.686228	0.686228	0.686228	0.686228	0.000000	0.248295	0.249998	0.250004	0.251703	0.804688	
179000	-462.715121	1	2	1	'1 0 1 1 1 Z 1 0 	D	0.557984	0.009163	0.557984	0.557984	0.557984	0.000000	0.557984	0.009163	0.259662	0.283204	0.152159	0.304975	0.156052	
180000	-463.276075	1	2	1	'1 0 1 1 1 1 1 Z 	D	0.809713	0.064755	0.809713	0.809713	0.809713	0.809713	0.809713	0.000000	0.249498	0.249996	0.250000	0.250507	0.177625	
181000	-462.426455	1	2	1	'1 0 1 1 Z 1 1 0 	D	0.747749	0.016843	0.747749	0.747749	0.000000	0.747749	0.747749	0.016843	0.251420	0.254042	0.238259	0.256279	0.383174	
182000	-461.650891	1	2	1	'1 0 1 1 1 1 1 Z 	D	0.642666	0.074721	0.642666	0.642666	0.642666	0.642666	0.642666	0.000000	0.247264	0.250036	0.249861	0.252839	0.082179	
183000	-462.125516	1	2	1	'1 Z 1 1 1 1 1 0 	D	0.645814	0.000000	0.645814	0.645814	0.645814	0.645814	0.645814	0.035918	0.237793	0.250005	0.250080	0.262122	0.642961	
184000	-463.330360	1	2	2	'1 Z 1 1 Z 1 1 0 	D	0.702121	0.000000	0.702121	0.702121	0.000000	0.702121	0.702121	0.022009	0.249332	0.254150	0.237905	0.258612	0.462375	
185000	-463.524750	1	2	2	'1 0 1 1 0 Z 1 Z 	D	0.685650	0.031799	0.685650	0.685650	0.031799	0.000000	0.685650	0.000000	0.284307	0.335197	0.000928	0.379568	0.269203	
186000	-464.666165	1	2	2	'1 0 1 1 0 Z 1 Z 	D	0.794924	0.010453	0.794924	0.794924	0.010453	0.000000	0.794924	0.000000	0.320349	0.334233	0.000124	0.345294	0.202855	
187000	-464.130659	1	2	2	'1 0 1 1 Z 0 1 Z 	D	0.531872	0.023607	0.531872	0.531872	0.000000	0.023607	0.531872	0.000000	0.261056	0.333698	0.000928	0.404318	0.411959	
188000	-463.543324	1	2	1	'1 0 1 1 1 0 1 Z 	D	0.807838	0.050351	0.807838	0.807838	0.807838	0.050351	0.807838	0.000000	0.251064	0.257141	0.229186	0.262609	0.367770	
189000	-462.000065	1	2	1	'1 0 1 1 Z 1 1 0 	D	0.685071	0.018832	0.685071	0.685071	0.000000	0.685071	0.685071	0.018832	0.252627	0.257044	0.229692	0.260637	0.926627	
190000	-463.976140	1	2	1	'1 0 1 1 1 Z 1 0 	D	0.542298	0.026311	0.542298	0.542298	0.542298	0.000000	0.542298	0.026311	0.257045	0.287647	0.143779	0.311530	0.970031	
191000	-462.261182	1	2	1	'1 0 1 1 1 1 1 Z 	D	0.581450	0.023658	0.581450	0.581450	0.581450	0.581450	0.581450	0.000000	0.244714	0.249788	0.250926	0.254572	0.459187	
192000	-465.455106	1	2	1	'1 0 1 1 1 0 1 Z 	D	0.494995	0.055117	0.494995	0.494995	0.494995	0.055117	0.494995	0.000000	0.222534	0.290627	0.126715	0.360124	0.826264	
193000	-461.545735	1	2	1	'1 0 1 1 1 1 1 Z 	D	0.691498	0.054693	0.691498	0.691498	0.691498	0.691498	0.691498	0.000000	0.248385	0.249997	0.250003	0.251614	0.317987	
194000	-463.103283	1	2	1	'1 0 1 1 1 0 1 Z 	D	0.785798	0.026470	0.785798	0.785798	0.785798	0.026470	0.785798	0.000000	0.253102	0.257536	0.227789	0.261572	0.583335	
195000	-463.670869	1	2	1	'1 Z 1 1 1 1 1 0 	D	0.664992	0.000000	0.664992	0.664992	0.664992	0.664992	0.664992	0.014337	0.238217	0.249724	0.250714	0.261345	0.197873	
196000	-461.293674	1	2	1	'1 0 1 1 1 1 1 Z 	D	0.610332	0.048176	0.610332	0.610332	0.610332	0.610332	0.610332	0.000000	0.246237	0.250039	0.249969	0.253756	0.468917	
197000	-463.130120	1	2	2	'1 0 1 1 1 Z 1 Z 	D	0.667332	0.013457	0.667332	0.667332	0.667332	0.000000	0.667332	0.000000	0.259011	0.267519	0.198039	0.275431	0.994722	
198000	-461.399014	1	2	1	'1 0 1 1 1 1 1 Z 	D	0.648057	0.062922	0.648057	0.648057	0.648057	0.648057	0.648057	0.000000	0.247449	0.250023	0.249926	0.252601	0.251358	
199000	-461.427100	1	2	1	'1 0 1 1 1 1 1 Z 	D	0.658788	0.039644	0.658788	0.658788	0.658788	0.658788	0.658788	0.000000	0.247735	0.249980	0.250099	0.252185	0.361702	
200000	-463.138976	1	2	0	'1 0 1 1 1 1 1 0 	D	0.647120	0.007470	0.647120	0.647120	0.647120	0.647120	0.647120	0.007470	0.241460	0.249724	0.250736	0.258081	0.392192	
201000	-462.551204	1	2	1	'1 Z 1 1 1 1 1 0 	D	0.690586	0.000000	0.690586	0.690586	0.690586	0.690586	0.690586	0.030159	0.241186	0.249981	0.250118	0.258715	0.587853	
202000	-461.839977	1	2	0	'1 0 1 1 0 1 1 0 	D	0.673343	0.013471	0.673343	0.673343	0.013471	0.673343	0.673343	0.013471	0.250745	0.256061	0.232351	0.260843	0.162055	
203000	-462.810846	1	2	0	'1 0 1 1 1 1 1 0 	D	0.716378	0.011501	0.716378	0.716378	0.716378	0.716378	0.716378	0.011501	0.245452	0.249949	0.250125	0.254474	0.579982	
204000	-464.956984	1	2	2	'1 0 1 1 1 Z 1 Z 	D	0.897314	0.043306	0.897314	0.897314	0.897314	0.000000	0.897314	0.000000	0.251828	0.254878	0.235722	0.257572	0.419580	
205000	-464.345882	1	2	1	'1 Z 1 1 1 1 1 0 	D	0.486195	0.000000	0.486195	0.486195	0.486195	0.486195	0.486195	0.038296	0.211244	0.250650	0.247419	0.290687	0.193460	
206000	-462.589474	1	2	1	'1 Z 1 1 1 1 1 0 	D	0.569679	0.000000	0.569679	0.569679	0.569679	0.569679	0.569679	0.049196	0.229599	0.250237	0.249567	0.270597	0.491980	
207000	-463.425007	1	2	1	'1 0 1 1 Z 1 1 0 	D	0.768732	0.008004	0.768732	0.768732	0.000000	0.768732	0.768732	0.008004	0.249219	0.251735	0.244876	0.254170	0.816475	
208000	-463.332686	1	2	1	'1 0 1 1 1 1 1 Z 	D	0.623853	0.117389	0.623853	0.623853	0.623853	0.623853	0.623853	0.000000	0.246400	0.250060	0.249637	0.253902	0.290093	
209000	-463.962661	1	2	1	'1 Z 1 1 1 1 1 0 	D	0.619205	0.000000	0.619205	0.619205	0.619205	0.619205	0.619205	0.011737	0.232631	0.249246	0.251908	0.266215	0.268825	
210000	-462.561562	1	2	1	'1 Z 1 1 1 1 1 0 	D	0.694834	0.000000	0.694834	0.694834	0.694834	0.694834	0.694834	0.050366	0.242219	0.250050	0.250035	0.257696	0.566138	
211000	-462.686244	1	2	0	'1 0 1 1 1 1 1 0 	D	0.764216	0.024635	0.764216	0.764216	0.764216	0.764216	0.764216	0.024635	0.247280	0.249997	0.250002	0.252722	0.444945	
212000	-462.201713	1	2	1	'1 0 1 1 1 1 1 Z 	D	0.534556	0.044081	0.534556	0.534556	0.534556	0.534556	0.534556	0.000000	0.241637	0.250307	0.249528	0.258528	0.106170	
213000	-461.538266	1	2	1	'1 0 1 1 1 1 1 Z 	D	0.691398	0.052389	0.691398	0.691398	0.691398	0.691398	0.691398	0.000000	0.248385	0.249996	0.250012	0.251608	0.946047	
214000	-463.508782	1	2	2	'1 0 1 1 0 Z 1 Z 	D	0.683939	0.031718	0.683939	0.683939	0.031718	0.000000	0.683939	0.000000	0.284110	0.335189	0.000922	0.379778	0.703483	
215000	-462.970010	1	2	2	'1 0 1 1 1 Z 1 Z 	D	0.664264	0.057186	0.664264	0.664264	0.664264	0.000000	0.664264	0.000000	0.249606	0.275342	0.176144	0.298908	0.752882	
216000	-463.759049	1	2	1	'1 0 1 1 1 Z 1 0 	D	0.649548	0.032968	0.649548	0.649548	0.649548	0.000000	0.649548	0.032968	0.258971	0.272008	0.188140	0.280881	0.777109	
217000	-463.698235	1	2	1	'1 Z 1 1 0 1 1 0 	D	0.692833	0.000000	0.692833	0.692833	0.015219	0.692833	0.692833	0.015219	0.244552	0.251406	0.245897	0.258145	0.660651	
218000	-462.303219	1	2	1	'1 0 1 1 1 1 1 Z 	D	0.725208	0.080558	0.725208	0.725208	0.725208	0.725208	0.725208	0.000000	0.248828	0.249999	0.249969	0.251205	0.191141	
219000	-461.785279	1	2	1	'1 0 1 1 1 1 1 Z 	D	0.686836	0.034294	0.686836	0.686836	0.686836	0.686836	0.686836	0.000000	0.248300	0.249968	0.250122	0.251610	0.952154	
220000	-462.572591	1	2	1	'1 0 1 1 1 0 1 Z 	D	0.713093	0.020733	0.713093	0.713093	0.713093	0.020733	0.713093	0.000000	0.255287	0.262341	0.213541	0.268830	0.357826	
221000	-462.616179	1	2	0	'1 0 1 1 1 1 1 0 	D	0.683079	0.042752	0.683079	0.683079	0.683079	0.683079	0.683079	0.042752	0.245340	0.250030	0.249903	0.254727	0.381495	
222000	-461.886307	1	2	1	'1 0 1 1 1 1 1 Z 	D	0.724401	0.054320	0.724401	0.724401	0.724401	0.724401	0.724401	0.000000	0.248845	0.249994	0.250009	0.251152	0.737710	
223000	-462.725710	1	2	1	'1 Z 1 1 1 1 1 0 	D	0.555798	0.000000	0.555798	0.555798	0.555798	0.555798	0.555798	0.026161	0.224622	0.249777	0.250201	0.275400	0.569667	
224000	-462.360051	1	2	2	'1 0 1 1 1 Z 1 Z 	D	0.649536	0.020370	0.649536	0.649536	0.649536	0.000000	0.649536	0.000000	0.258104	0.271010	0.187930	0.282956	0.758724	
225000	-462.131069	1	2	0	'1 0 1 1 1 1 1 0 	D	0.696437	0.014704	0.696437	0.696437	0.696437	0.696437	0.696437	0.014704	0.244771	0.249962	0.250082	0.255185	0.519012	
226000	-463.287314	1	2	1	'1 0 1 1 1 1 1 Z 	D	0.552793	0.098042	0.552793	0.552793	0.552793	0.552793	0.552793	0.000000	0.242633	0.250338	0.248871	0.258158	0.128965	
227000	-461.371096	1	2	1	'1 0 1 1 1 1 1 Z 	D	0.661760	0.057410	0.661760	0.661760	0.661760	0.661760	0.661760	0.000000	0.247799	0.250009	0.249974	0.252218	0.668437	
228000	-462.540235	1	2	2	'1 0 1 1 1 Z 1 Z 	D	0.694856	0.047664	0.694856	0.694856	0.694856	0.000000	0.694856	0.000000	0.252688	0.270087	0.191379	0.285846	0.486519	
229000	-463.227722	1	2	0	'1 0 1 1 1 1 1 0 	D	0.506688	0.028569	0.506688	0.506688	0.506688	0.506688	0.506688	0.028569	0.228020	0.250755	0.247622	0.273603	0.208585	
230000	-461.992906	1	2	1	'1 0 1 1 1 1 1 Z 	D	0.545247	0.049599	0.545247	0.545247	0.545247	0.545247	0.545247	0.000000	0.242519	0.250279	0.249486	0.257716	0.305143	
231000	-464.239867	1	2	1	'1 0 1 1 0 Z 1 0 	D	0.585991	0.016601	0.585991	0.585991	0.016601	0.000000	0.585991	0.016601	0.312893	0.338140	0.000298	0.348669	0.558766	
232000	-464.056960	1	2	1	'1 0 1 1 1 1 1 Z 	D	0.481431	0.061970	0.481431	0.481431	0.481431	0.481431	0.481431	0.000000	0.235427	0.251314	0.246899	0.266360	0.512558	
233000	-463.615054	1	2	2	'1 0 1 1 0 Z 1 Z 	D	0.562151	0.025611	0.562151	0.562151	0.025611	0.000000	0.562151	0.000000	0.265894	0.334230	0.000545	0.399331	0.322254	
234000	-463.454369	1	2	2	'1 0 1 1 1 Z 1 Z 	D	0.707636	0.064386	0.707636	0.707636	0.707636	0.000000	0.707636	0.000000	0.250147	0.270895	0.189382	0.289576	0.590396	
235000	-461.838080	1	2	1	'1 0 1 1 1 1 1 Z 	D	0.713935	0.063332	0.713935	0.713935	0.713935	0.713935	0.713935	0.000000	0.248709	0.249998	0.249989	0.251305	0.634367	
236000	-461.641882	1	2	1	'1 0 1 1 1 1 1 Z 	D	0.651667	0.073952	0.651667	0.651667	0.651667	0.651667	0.651667	0.000000	0.247514	0.250027	0.249888	0.252572	0.250542	
237000	-463.549343	1	2	0	'1 0 1 1 0 0 1 0 	D	0.734804	0.009318	0.734804	0.734804	0.009318	0.009318	0.734804	0.009318	0.326878	0.335211	0.000423	0.337488	0.204117	
238000	-462.020174	1	2	0	'1 0 1 1 1 1 1 0 	D	0.568970	0.030500	0.568970	0.568970	0.568970	0.568970	0.568970	0.030500	0.236802	0.250218	0.249275	0.263705	0.296773	
239000	-461.665076	1	2	0	'1 0 1 1 1 1 1 0 	D	0.675822	0.018787	0.675822	0.675822	0.675822	0.675822	0.675822	0.018787	0.243995	0.249980	0.250022	0.256003	0.918018	
240000	-461.408579	1	2	1	'1 0 1 1 1 1 1 Z 	D	0.650325	0.063195	0.650325	0.650325	0.650325	0.650325	0.650325	0.000000	0.247508	0.250022	0.249929	0.252541	0.464872	
241000	-463.651865	1	2	2	'1 0 1 1 1 Z 1 Z 	D	0.633493	0.066327	0.633493	0.633493	0.633493	0.000000	0.633493	0.000000	0.244579	0.281161	0.159007	0.315253	0.825811	
242000	-462.346659	1	2	1	'1 0 1 1 1 1 1 Z 	D	0.680622	0.093507	0.680622	0.680622	0.680622	0.680622	0.680622	0.000000	0.248108	0.250011	0.249901	0.251980	0.477995	
243000	-464.773780	1	2	1	'1 0 1 1 1 1 1 Z 	D	0.578198	0.136510	0.578198	0.578198	0.578198	0.578198	0.578198	0.000000	0.243902	0.250173	0.249097	0.256828	0.302294	
244000	-461.768630	1	2	1	'1 0 1 1 1 1 1 Z 	D	0.707165	0.063302	0.707165	0.707165	0.707165	0.707165	0.707165	0.000000	0.248617	0.249999	0.249986	0.251399	0.772843	
245000	-463.521271	1	2	1	'1 0 1 1 1 0 1 Z 	D	0.780632	0.059449	0.780632	0.780632	0.780632	0.059449	0.780632	0.000000	0.250215	0.258801	0.224443	0.266541	0.463851	
246000	-462.488804	1	2	1	'1 0 1 1 1 0 1 Z 	D	0.696534	0.020269	0.696534	0.696534	0.696534	0.020269	0.696534	0.000000	0.255754	0.263789	0.209259	0.271198	0.299965	
247000	-461.476248	1	2	1	'1 0 1 1 1 1 1 Z 	D	0.602289	0.036307	0.602289	0.602289	0.602289	0.602289	0.602289	0.000000	0.245885	0.249987	0.250191	0.253937	0.710658	
248000	-462.802813	1	2	1	'1 0 1 1 1 Z 1 0 	D	0.610899	0.025294	0.610899	0.610899	0.610899	0.000000	0.610899	0.025294	0.259572	0.276731	0.173941	0.289756	0.930196	
249000	-463.429749	1	2	2	'1 Z 1 1 Z 1 1 0 	D	0.636098	0.000000	0.636098	0.636098	0.000000	0.636098	0.636098	0.036488	0.258315	0.261439	0.217238	0.263008	0.984034	
250000	-462.683291	1	2	1	'1 0 1 1 1 1 1 Z 	D	0.514897	0.044230	0.514897	0.514897	0.514897	0.514897	0.514897	0.000000	0.239746	0.250503	0.249130	0.260622	0.672805	
251000	-462.184767	1	2	1	'1 Z 1 1 1 1 1 0 	D	0.592035	0.000000	0.592035	0.592035	0.592035	0.592035	0.592035	0.035128	0.231498	0.250006	0.249981	0.268515	0.473051	
252000	-462.116819	1	2	1	'1 0 1 1 Z 1 1 0 	D	0.644370	0.009563	0.644370	0.644370	0.000000	0.644370	0.644370	0.009563	0.250605	0.257920	0.226751	0.264724	0.509752	
253000	-462.213157	1	2	1	'1 Z 1 1 1 1 1 0 	D	0.628132	0.000000	0.628132	0.628132	0.628132	0.628132	0.628132	0.028922	0.235520	0.249931	0.250191	0.264358	0.843554	
254000	-462.354198	1	2	0	'1 0 1 1 1 0 1 0 	D	0.586525	0.009032	0.586525	0.586525	0.586525	0.009032	0.586525	0.009032	0.259457	0.277769	0.168138	0.294637	0.247893	
255000	-461.706976	1	2	1	'1 0 1 1 1 1 1 Z 	D	0.602407	0.030176	0.602407	0.602407	0.602407	0.602407	0.602407	0.000000	0.245852	0.249926	0.250398	0.253823	0.136505	
256000	-462.115098	1	2	1	'1 Z 1 1 1 1 1 0 	D	0.632495	0.000000	0.632495	0.632495	0.632495	0.632495	0.632495	0.033545	0.236311	0.249984	0.250102	0.263602	0.685397	
257000	-464.998686	1	2	1	'1 0 1 1 Z 0 1 0 	D	0.687548	0.020170	0.687548	0.687548	0.000000	0.020170	0.687548	0.020170	0.323306	0.337926	0.000532	0.338236	0.659246	
258000	-464.385286	1	2	0	'1 0 1 1 1 0 1 0 	D	0.750782	0.035735	0.750782	0.750782	0.750782	0.035735	0.750782	0.035735	0.254471	0.259735	0.222524	0.263271	0.354663	
259000	-461.664575	1	2	1	'1 0 1 1 1 1 1 Z 	D	0.571251	0.056938	0.571251	0.571251	0.571251	0.571251	0.571251	0.000000	0.244290	0.250175	0.249621	0.255914	0.949834	
260000	-463.356956	1	2	1	'1 Z 1 1 0 1 1 0 	D	0.734241	0.000000	0.734241	0.734241	0.030071	0.734241	0.734241	0.030071	0.249396	0.252448	0.242946	0.255209	0.390048	
261000	-463.157991	1	2	1	'1 Z 1 1 1 1 1 0 	D	0.559439	0.000000	0.559439	0.559439	0.559439	0.559439	0.559439	0.060382	0.229207	0.250414	0.249324	0.271056	0.154270	
262000	-462.056540	1	2	1	'1 0 1 1 1 1 1 Z 	D	0.562289	0.029899	0.562289	0.562289	0.562289	0.562289	0.562289	0.000000	0.243651	0.249951	0.250507	0.255892	0.492943	
263000	-462.394342	1	2	1	'1 0 1 1 1 Z 1 0 	D	0.719007	0.020421	0.719007	0.719007	0.719007	0.000000	0.719007	0.020421	0.257542	0.264106	0.209192	0.269161	0.360263	
264000	-464.157623	1	2	1	'1 0 1 1 1 1 1 Z 	D	0.796172	0.110167	0.796172	0.796172	0.796172	0.796172	0.796172	0.000000	0.249400	0.249995	0.249982	0.250623	0.662360	
265000	-464.278801	1	2	2	'1 0 1 1 1 Z 1 Z 	D	0.820763	0.060268	0.820763	0.820763	0.820763	0.000000	0.820763	0.000000	0.251909	0.260025	0.220912	0.267153	0.471404	
266000	-462.895557	1	2	1	'1 0 1 1 Z 1 1 0 	D	0.623461	0.027609	0.623461	0.623461	0.000000	0.623461	0.623461	0.027609	0.255223	0.261931	0.216462	0.266384	0.186137	
267000	-461.869367	1	2	0	'1 0 1 1 1 1 1 0 	D	0.594588	0.032247	0.594588	0.594588	0.594588	0.594588	0.594588	0.032247	0.239438	0.250135	0.249549	0.260878	0.479677	
268000	-464.823600	1	2	1	'1 Z 1 1 1 1 1 0 	D	0.832938	0.000000	0.832938	0.832938	0.832938	0.832938	0.832938	0.058477	0.247541	0.250019	0.250020	0.252420	0.474103	
269000	-463.180783	1	2	1	'1 Z 1 1 1 1 1 0 	D	0.746990	0.000000	0.746990	0.746990	0.746990	0.746990	0.746990	0.050361	0.244870	0.250031	0.250036	0.255062	0.199033	
270000	-461.585007	1	2	0	'1 0 1 1 1 1 1 0 	D	0.660984	0.027552	0.660984	0.660984	0.660984	0.660984	0.660984	0.027552	0.243673	0.250017	0.249917	0.256393	0.248301	
271000	-466.546393	1	2	1	'1 0 1 1 1 1 1 Z 	D	0.507249	0.136347	0.507249	0.507249	0.507249	0.507249	0.507249	0.000000	0.237095	0.250806	0.246947	0.265151	0.985171	
272000	-463.053537	1	2	1	'1 0 1 1 1 1 1 Z 	D	0.505504	0.055762	0.505504	0.505504	0.505504	0.505504	0.505504	0.000000	0.238661	0.250763	0.248314	0.262262	0.488823	
273000	-462.409128	1	2	1	'1 0 1 1 Z 1 1 0 	D	0.595629	0.008918	0.595629	0.595629	0.000000	0.595629	0.595629	0.008918	0.249824	0.261170	0.217223	0.271783	0.486843	
274000	-462.520219	1	2	1	'1 Z 1 1 1 1 1 0 	D	0.685731	0.000000	0.685731	0.685731	0.685731	0.685731	0.685731	0.029635	0.240817	0.249976	0.250127	0.259080	0.438893	
275000	-461.821763	1	2	0	'1 0 1 1 1 1 1 0 	D	0.560052	0.022003	0.560052	0.560052	0.560052	0.560052	0.560052	0.022003	0.234800	0.250147	0.249391	0.265661	0.633146	
276000	-463.584843	1	2	2	'1 0 1 1 1 Z 1 Z 	D	0.690876	0.067227	0.690876	0.690876	0.690876	0.000000	0.690876	0.000000	0.248883	0.273339	0.182280	0.295499	0.805288	
277000	-461.701239	1	2	1	'1 0 1 1 1 1 1 Z 	D	0.596463	0.030875	0.596463	0.596463	0.596463	0.596463	0.596463	0.000000	0.245589	0.249936	0.250385	0.254090	0.315057	
278000	-463.352075	1	2	1	'1 Z 1 1 1 1 1 0 	D	0.541683	0.000000	0.541683	0.541683	0.541683	0.541683	0.541683	0.019580	0.220705	0.249341	0.251062	0.278893	0.119645	
279000	-461.800558	1	2	0	'1 0 1 1 1 1 1 0 	D	0.693773	0.026971	0.693773	0.693773	0.693773	0.693773	0.693773	0.026971	0.245169	0.250004	0.249967	0.254860	0.923870	
280000	-463.980989	1	2	0	'1 0 1 1 0 1 1 0 	D	0.810930	0.028645	0.810930	0.810930	0.028645	0.810930	0.810930	0.028645	0.250926	0.252152	0.243859	0.253062	0.833389	
281000	-463.283189	1	2	2	'1 Z 1 1 Z 1 1 0 	D	0.709484	0.000000	0.709484	0.709484	0.000000	0.709484	0.709484	0.027670	0.251493	0.254952	0.235631	0.257924	0.438602	
282000	-462.173834	1	2	1	'1 Z 1 1 1 1 1 0 	D	0.609483	0.000000	0.609483	0.609483	0.609483	0.609483	0.609483	0.044838	0.234521	0.250095	0.249914	0.265469	0.942843	
283000	-462.081903	1	2	1	'1 Z 1 1 1 1 1 0 	D	0.628832	0.000000	0.628832	0.628832	0.628832	0.628832	0.628832	0.037994	0.236212	0.250024	0.250040	0.263725	0.910080	
284000	-461.665430	1	2	0	'1 0 1 1 1 1 1 0 	D	0.602128	0.029484	0.602128	0.602128	0.602128	0.602128	0.602128	0.029484	0.239850	0.250098	0.249647	0.260404	0.649674	
285000	-462.129228	1	2	1	'1 0 1 1 Z 1 1 0 	D	0.620744	0.009777	0.620744	0.620744	0.000000	0.620744	0.620744	0.009777	0.250559	0.259538	0.222043	0.267859	0.183762	
286000	-461.493871	1	2	1	'1 0 1 1 1 1 1 Z 	D	0.627828	0.034168	0.627828	0.627828	0.627828	0.627828	0.627828	0.000000	0.246851	0.249960	0.250218	0.252971	0.832103	
287000	-464.051452	1	2	2	'1 0 1 1 1 Z 1 Z 	D	0.845283	0.027059	0.845283	0.845283	0.845283	0.000000	0.845283	0.000000	0.252872	0.255850	0.232752	0.258526	0.850969	
288000	-461.563096	1	2	1	'1 0 1 1 1 1 1 Z 	D	0.619710	0.070185	0.619710	0.619710	0.619710	0.619710	0.619710	0.000000	0.246535	0.250064	0.249801	0.253600	0.751686	
289000	-462.518700	1	2	1	'1 Z 1 1 1 1 1 0 	D	0.654990	0.000000	0.654990	0.654990	0.654990	0.654990	0.654990	0.057880	0.239725	0.250104	0.249985	0.260187	0.291009	
290000	-464.331504	1	2	2	'1 0 1 1 Z 0 1 Z 	D	0.740792	0.035730	0.740792	0.740792	0.000000	0.035730	0.740792	0.000000	0.288826	0.335143	0.001872	0.374158	0.628789	
291000	-464.267787	1	2	3	'1 0 1 1 Z Z 1 Z 	D	0.750454	0.009341	0.750454	0.750454	0.000000	0.000000	0.750454	0.000000	0.319166	0.334237	0.000000	0.346597	0.625346	
292000	-461.610505	1	2	0	'1 0 1 1 1 1 1 0 	D	0.636467	0.029938	0.636467	0.636467	0.636467	0.636467	0.636467	0.029938	0.242386	0.250045	0.249829	0.257740	0.553083	
293000	-464.057711	1	2	1	'1 Z 1 1 1 1 1 0 	D	0.614979	0.000000	0.614979	0.614979	0.614979	0.614979	0.614979	0.088335	0.237983	0.250300	0.249811	0.261906	0.595575	
294000	-463.917671	1	2	2	'1 0 1 1 0 Z 1 Z 	D	0.540266	0.022378	0.540266	0.540266	0.022378	0.000000	0.540266	0.000000	0.265564	0.334046	0.000417	0.399974	0.258725	
295000	-462.208168	1	2	0	'1 0 1 1 1 1 1 0 	D	0.536939	0.019351	0.536939	0.536939	0.536939	0.536939	0.536939	0.019351	0.231295	0.250197	0.249144	0.269364	0.370932	
296000	-461.687292	1	2	1	'1 0 1 1 1 1 1 Z 	D	0.607786	0.072958	0.607786	0.607786	0.607786	0.607786	0.607786	0.000000	0.246055	0.250089	0.249723	0.254132	0.370771	
297000	-462.600898	1	2	2	'1 0 1 1 1 Z 1 Z 	D	0.578881	0.027982	0.578881	0.578881	0.578881	0.000000	0.578881	0.000000	0.254073	0.282386	0.154394	0.309147	0.333637	
298000	-461.690304	1	2	1	'1 0 1 1 1 1 1 Z 	D	0.598075	0.070756	0.598075	0.598075	0.598075	0.598075	0.598075	0.000000	0.245641	0.250111	0.249677	0.254571	0.584102	
299000	-461.400610	1	2	1	'1 0 1 1 1 1 1 Z 	D	0.642327	0.038038	0.642327	0.642327	0.642327	0.642327	0.642327	0.000000	0.247307	0.249977	0.250131	0.252585	0.376679	
300000	-461.894785	1	2	1	'1 0 1 1 1 1 1 Z 	D	0.550376	0.044815	0.550376	0.550376	0.550376	0.550376	0.550376	0.000000	0.242914	0.250208	0.249705	0.257173	0.270910	
301000	-461.997581	1	2	0	'1 0 1 1 1 1 1 0 	D	0.595364	0.012261	0.595364	0.595364	0.595364	0.595364	0.595364	0.012261	0.237559	0.249838	0.250315	0.262288	0.799932	
302000	-462.091550	1	2	0	'1 0 1 1 1 1 1 0 	D	0.692336	0.034245	0.692336	0.692336	0.692336	0.692336	0.692336	0.034245	0.245387	0.250016	0.249939	0.254659	0.274547	
303000	-461.825303	1	2	1	'1 0 1 1 1 1 1 Z 	D	0.718783	0.049386	0.718783	0.718783	0.718783	0.718783	0.718783	0.000000	0.248779	0.249991	0.250022	0.251208	0.732693	
304000	-463.554444	1	2	1	'1 0 1 1 1 1 1 Z 	D	0.549153	0.102267	0.549153	0.549153	0.549153	0.549153	0.549153	0.000000	0.242280	0.250365	0.248756	0.258599	0.613837	
305000	-461.414607	1	2	1	'1 0 1 1 1 1 1 Z 	D	0.657247	0.039878	0.657247	0.657247	0.657247	0.657247	0.657247	0.000000	0.247699	0.249981	0.250098	0.252222	0.804227	
306000	-462.002423	1	2	1	'1 0 1 1 1 1 1 Z 	D	0.723088	0.040263	0.723088	0.723088	0.723088	0.723088	0.723088	0.000000	0.248829	0.249984	0.250051	0.251135	0.316182	
307000	-461.413968	1	2	1	'1 0 1 1 1 1 1 Z 	D	0.604646	0.059813	0.604646	0.604646	0.604646	0.604646	0.604646	0.000000	0.245980	0.250079	0.249812	0.254128	0.432567	
308000	-462.204526	1	2	0	'1 0 1 1 1 1 1 0 	D	0.543708	0.015749	0.543708	0.543708	0.543708	0.543708	0.543708	0.015749	0.231699	0.250028	0.249615	0.268658	0.536096	
309000	-462.447694	1	2	1	'1 0 1 1 1 0 1 Z 	D	0.608618	0.044919	0.608618	0.608618	0.608618	0.044919	0.608618	0.000000	0.247404	0.274709	0.177461	0.300426	0.479157	
310000	-462.801288	1	2	2	'1 0 1 1 1 Z 1 Z 	D	0.594172	0.018163	0.594172	0.594172	0.594172	0.000000	0.594172	0.000000	0.258855	0.277984	0.167201	0.295960	0.917128	
311000	-461.818131	1	2	1	'1 0 1 1 1 1 1 Z 	D	0.701988	0.069281	0.701988	0.701988	0.701988	0.701988	0.701988	0.000000	0.248533	0.250001	0.249971	0.251495	0.494562	
312000	-462.728691	1	2	1	'1 Z 1 1 1 1 1 0 	D	0.634698	0.000000	0.634698	0.634698	0.634698	0.634698	0.634698	0.020315	0.235598	0.249792	0.250499	0.264111	0.345513	
313000	-462.821808	1	2	1	'1 0 1 1 1 1 1 Z 	D	0.786767	0.053178	0.786767	0.786767	0.786767	0.786767	0.786767	0.000000	0.249376	0.249994	0.250008	0.250622	0.255067	
314000	-462.268461	1	2	0	'1 0 1 1 1 1 1 0 	D	0.677101	0.038628	0.677101	0.677101	0.677101	0.677101	0.677101	0.038628	0.244938	0.250029	0.249901	0.255132	0.344449	
315000	-461.333859	1	2	1	'1 0 1 1 1 1 1 Z 	D	0.601533	0.049463	0.601533	0.601533	0.601533	0.601533	0.601533	0.000000	0.245869	0.250058	0.249925	0.254148	0.328878	
316000	-463.761674	1	2	0	'1 0 1 1 0 1 1 0 	D	0.697051	0.035760	0.697051	0.697051	0.035760	0.697051	0.697051	0.035760	0.252767	0.255778	0.233896	0.257558	0.662878	
317000	-463.517733	1	2	1	'1 0 1 1 1 1 1 Z 	D	0.728333	0.115347	0.728333	0.728333	0.728333	0.728333	0.728333	0.000000	0.248800	0.249996	0.249942	0.251262	0.513234	
318000	-464.555273	1	2	1	'1 0 1 1 Z 1 1 0 	D	0.524205	0.027558	0.524205	0.524205	0.000000	0.524205	0.524205	0.027558	0.254783	0.271302	0.191427	0.282488	0.511810	
319000	-462.403867	1	2	0	'1 0 1 1 1 0 1 0 	D	0.566095	0.010864	0.566095	0.566095	0.566095	0.010864	0.566095	0.010864	0.258606	0.280699	0.159897	0.300798	0.735791	
320000	-463.349307	1	2	0	'1 0 1 1 0 1 1 0 	D	0.744424	0.030160	0.744424	0.744424	0.030160	0.744424	0.744424	0.030160	0.251752	0.253907	0.238939	0.255403	0.502668	
321000	-463.000306	1	2	1	'0 Z 0 0 0 0 0 1 	D	0.539761	0.000000	0.539761	0.539761	0.539761	0.539761	0.539761	0.025712	0.221404	0.249740	0.250115	0.278741	0.973264	
322000	-462.236037	1	2	1	'0 Z 0 0 0 0 0 1 	D	0.622287	0.000000	0.622287	0.622287	0.622287	0.622287	0.622287	0.049246	0.236246	0.250108	0.249932	0.263714	0.959321	
323000	-461.927767	1	2	1	'0 1 0 0 0 0 0 Z 	D	0.705446	0.073096	0.705446	0.705446	0.705446	0.705446	0.705446	0.000000	0.248579	0.250001	0.249966	0.251454	0.313161	
324000	-462.197227	1	2	0	'0 1 0 0 0 0 0 1 	D	0.693750	0.035851	0.693750	0.693750	0.693750	0.693750	0.693750	0.035851	0.245499	0.250017	0.249936	0.254548	0.981259	
325000	-463.112892	1	2	1	'0 Z 0 0 1 0 0 1 	D	0.691035	0.000000	0.691035	0.691035	0.033282	0.691035	0.691035	0.033282	0.250872	0.254449	0.237227	0.257452	0.504262	
326000	-463.400713	1	2	1	'0 Z 0 0 0 0 0 1 	D	0.523201	0.000000	0.523201	0.523201	0.523201	0.523201	0.523201	0.024374	0.217554	0.249650	0.250073	0.282723	0.622881	
327000	-462.449361	1	2	0	'0 1 0 0 0 0 0 1 	D	0.531363	0.026109	0.531363	0.531363	0.531363	0.531363	0.531363	0.026109	0.231519	0.250407	0.248622	0.269452	0.652744	
328000	-461.425948	1	2	1	'0 1 0 0 0 0 0 Z 	D	0.676779	0.049425	0.676779	0.676779	0.676779	0.676779	0.676779	0.000000	0.248124	0.249995	0.250022	0.251858	0.403603	
329000	-462.051028	1	2	1	'0 1 0 0 0 1 0 Z 	D	0.671486	0.037316	0.671486	0.671486	0.671486	0.037316	0.671486	0.000000	0.252287	0.267138	0.199760	0.280816	0.779871	
330000	-461.913462	1	2	0	'0 1 0 0 0 0 0 1 	D	0.688744	0.031331	0.688744	0.688744	0.688744	0.688744	0.688744	0.031331	0.245134	0.250013	0.249943	0.254910	0.394746	
331000	-462.572891	1	2	1	'0 1 0 0 0 0 0 Z 	D	0.666826	0.020684	0.666826	0.666826	0.666826	0.666826	0.666826	0.000000	0.247842	0.249873	0.250448	0.251837	0.452244	
332000	-461.997908	1	2	1	'0 1 0 0 0 Z 0 1 	D	0.682858	0.018034	0.682858	0.682858	0.682858	0.000000	0.682858	0.018034	0.258718	0.267496	0.199252	0.274534	0.805554	
333000	-461.462743	1	2	0	'0 1 0 0 0 0 0 1 	D	0.600021	0.022801	0.600021	0.600021	0.600021	0.600021	0.600021	0.022801	0.239097	0.250050	0.249755	0.261098	0.399289	
334000	-462.370547	1	2	1	'0 Z 0 0 0 0 0 1 	D	0.578585	0.000000	0.578585	0.578585	0.578585	0.578585	0.578585	0.029254	0.228919	0.249895	0.250119	0.271068	0.828490	
335000	-462.197394	1	2	2	'0 1 0 0 0 Z 0 Z 	D	0.684029	0.025360	0.684029	0.684029	0.684029	0.000000	0.684029	0.000000	0.256593	0.267895	0.197269	0.278242	0.401325	
336000	-463.520448	1	2	2	'1 0 1 1 1 Z 1 Z 	D	0.570480	0.052363	0.570480	0.570480	0.570480	0.000000	0.570480	0.000000	0.241451	0.288523	0.136150	0.333876	0.712897	
337000	-461.443990	1	2	1	'0 1 0 0 0 0 0 Z 	D	0.669491	0.042010	0.669491	0.669491	0.669491	0.669491	0.669491	0.000000	0.247976	0.249985	0.250071	0.251968	0.950755	
338000	-462.192236	1	2	1	'0 1 0 0 0 Z 0 1 	D	0.678032	0.020921	0.678032	0.678032	0.678032	0.000000	0.678032	0.020921	0.258775	0.268147	0.197665	0.275413	0.251677	
339000	-461.779798	1	2	1	'0 1 0 0 0 0 0 Z 	D	0.577015	0.032428	0.577015	0.577015	0.577015	0.577015	0.577015	0.000000	0.244594	0.249974	0.250345	0.255088	0.612047	
340000	-461.795939	1	2	1	'0 1 0 0 0 0 0 Z 	D	0.686289	0.033897	0.686289	0.686289	0.686289	0.686289	0.686289	0.000000	0.248290	0.249967	0.250126	0.251617	0.432007	
341000	-461.732933	1	2	1	'0 1 0 0 0 0 0 Z 	D	0.560899	0.044163	0.560899	0.560899	0.560899	0.560899	0.560899	0.000000	0.243655	0.250150	0.249825	0.256370	0.499977	
342000	-462.408588	1	2	1	'0 1 0 0 Z 0 0 1 	D	0.701637	0.023267	0.701637	0.701637	0.000000	0.701637	0.701637	0.023267	0.253071	0.256629	0.231031	0.259269	0.803505	
343000	-464.422447	1	2	2	'0 Z 0 0 Z 1 0 1 	D	0.708070	0.000000	0.708070	0.708070	0.000000	0.015987	0.708070	0.015987	0.343529	0.334992	0.000305	0.321173	0.660302	
344000	-464.508099	1	2	0	'1 0 1 1 1 0 1 0 	D	0.559884	0.033212	0.559884	0.559884	0.559884	0.033212	0.559884	0.033212	0.254400	0.280614	0.164841	0.300146	0.380840	
345000	-462.802765	1	2	1	'1 0 1 1 1 0 1 Z 	D	0.760473	0.045130	0.760473	0.760473	0.760473	0.045130	0.760473	0.000000	0.251554	0.259807	0.221360	0.267278	0.582556	
346000	-463.527331	1	2	2	'1 0 1 1 Z 0 1 Z 	D	0.635258	0.033667	0.635258	0.635258	0.000000	0.033667	0.635258	0.000000	0.272338	0.334603	0.001784	0.391275	0.597427	
347000	-463.590906	1	2	1	'1 0 1 1 1 1 1 Z 	D	0.770081	0.104642	0.770081	0.770081	0.770081	0.770081	0.770081	0.000000	0.249228	0.249995	0.249975	0.250802	0.920270	
348000	-463.313118	1	2	1	'1 0 1 1 0 0 1 Z 	D	0.726188	0.023735	0.726188	0.726188	0.023735	0.023735	0.726188	0.000000	0.300600	0.334283	0.002609	0.362509	0.177635	
349000	-462.107992	1	2	0	'1 0 1 1 1 1 1 0 	D	0.551181	0.015358	0.551181	0.551181	0.551181	0.551181	0.551181	0.015358	0.232700	0.249988	0.249757	0.267555	0.388985	
350000	-461.856471	1	2	1	'1 0 1 1 1 1 1 Z 	D	0.710379	0.067005	0.710379	0.710379	0.710379	0.710379	0.710379	0.000000	0.248657	0.249999	0.249980	0.251364	0.735641	
351000	-461.509484	1	2	1	'1 0 1 1 1 1 1 Z 	D	0.613934	0.067038	0.613934	0.613934	0.613934	0.613934	0.613934	0.000000	0.246331	0.250071	0.249796	0.253803	0.906012	
352000	-462.655896	1	2	1	'1 0 1 1 1 1 1 Z 	D	0.565745	0.088536	0.565745	0.565745	0.565745	0.565745	0.565745	0.000000	0.243689	0.250255	0.249185	0.256871	0.341472	
353000	-464.804106	1	2	2	'1 Z 1 1 Z 1 1 0 	D	0.828931	0.000000	0.828931	0.828931	0.000000	0.828931	0.828931	0.039766	0.251667	0.252233	0.243533	0.252567	0.473133	
354000	-461.384336	1	2	1	'1 0 1 1 1 1 1 Z 	D	0.648228	0.061983	0.648228	0.648228	0.648228	0.648228	0.648228	0.000000	0.247456	0.250022	0.249932	0.252590	0.165405	
355000	-462.645149	1	2	1	'1 0 1 1 1 1 1 Z 	D	0.549064	0.023714	0.549064	0.549064	0.549064	0.549064	0.549064	0.000000	0.242547	0.249767	0.251196	0.256490	0.851661	
356000	-462.874364	1	2	1	'1 0 1 1 1 1 1 Z 	D	0.783136	0.042810	0.783136	0.783136	0.783136	0.783136	0.783136	0.000000	0.249353	0.249992	0.250020	0.250635	0.123168	
357000	-463.941240	1	2	1	'1 0 1 1 1 1 1 Z 	D	0.683936	0.013130	0.683936	0.683936	0.683936	0.683936	0.683936	0.000000	0.248104	0.249776	0.250734	0.251386	0.851883	
358000	-461.872298	1	2	0	'1 0 1 1 1 1 1 0 	D	0.607162	0.033505	0.607162	0.607162	0.607162	0.607162	0.607162	0.033505	0.240570	0.250108	0.249639	0.259683	0.513059	
359000	-461.335340	1	2	1	'1 0 1 1 1 1 1 Z 	D	0.601956	0.045898	0.601956	0.601956	0.601956	0.601956	0.601956	0.000000	0.245889	0.250044	0.249983	0.254085	0.588762	
360000	-464.698096	1	2	1	'1 0 1 1 1 Z 1 0 	D	0.609692	0.036994	0.609692	0.609692	0.609692	0.000000	0.609692	0.036994	0.258958	0.277654	0.173265	0.290123	0.661866	
361000	-462.602586	1	2	1	'1 0 1 1 Z 1 1 0 	D	0.592992	0.022948	0.592992	0.592992	0.000000	0.592992	0.592992	0.022948	0.254342	0.263789	0.211004	0.270865	0.709812	
362000	-461.723546	1	2	0	'1 0 1 1 1 1 1 0 	D	0.632447	0.032130	0.632447	0.632447	0.632447	0.632447	0.632447	0.032130	0.242265	0.250057	0.249795	0.257883	0.650654	
363000	-462.673383	1	2	1	'1 Z 1 1 1 1 1 0 	D	0.563781	0.000000	0.563781	0.563781	0.563781	0.563781	0.563781	0.049386	0.228720	0.250264	0.249490	0.271527	0.916618	
364000	-466.132448	1	2	2	'1 Z 1 1 0 Z 1 0 	D	0.516079	0.000000	0.516079	0.516079	0.011388	0.000000	0.516079	0.011388	0.315567	0.335712	0.000140	0.348582	0.115623	
365000	-463.056839	1	2	1	'1 Z 1 1 1 1 1 0 	D	0.532733	0.000000	0.532733	0.532733	0.532733	0.532733	0.532733	0.042769	0.222503	0.250317	0.249045	0.278135	0.654029	
366000	-461.710697	1	2	1	'1 0 1 1 1 1 1 Z 	D	0.617114	0.075352	0.617114	0.617114	0.617114	0.617114	0.617114	0.000000	0.246415	0.250072	0.249759	0.253754	0.409307	
367000	-461.590086	1	2	1	'1 0 1 1 1 1 1 Z 	D	0.693683	0.058480	0.693683	0.693683	0.693683	0.693683	0.693683	0.000000	0.248417	0.249999	0.249992	0.251591	0.786565	
368000	-462.675448	1	2	1	'1 0 1 1 1 0 1 Z 	D	0.570218	0.027158	0.570218	0.570218	0.570218	0.027158	0.570218	0.000000	0.252027	0.279464	0.162987	0.305523	0.609214	
369000	-462.336151	1	2	1	'1 0 1 1 1 Z 1 0 	D	0.595958	0.008656	0.595958	0.595958	0.595958	0.000000	0.595958	0.008656	0.260544	0.277512	0.168831	0.293113	0.473949	
370000	-463.035737	1	2	0	'1 0 1 1 1 1 1 0 	D	0.771484	0.017120	0.771484	0.771484	0.771484	0.771484	0.771484	0.017120	0.247280	0.249989	0.250024	0.252707	0.641635	
371000	-464.294986	1	2	1	'1 Z 1 1 1 1 1 0 	D	0.587189	0.000000	0.587189	0.587189	0.587189	0.587189	0.587189	0.088066	0.235246	0.250434	0.249599	0.264721	0.209115	
372000	-462.647101	1	2	1	'1 Z 1 1 1 1 1 0 	D	0.710289	0.000000	0.710289	0.710289	0.710289	0.710289	0.710289	0.045862	0.242979	0.250034	0.250045	0.256943	0.668747	
373000	-461.338057	1	2	1	'1 0 1 1 1 1 1 Z 	D	0.609210	0.055749	0.609210	0.609210	0.609210	0.609210	0.609210	0.000000	0.246181	0.250062	0.249873	0.253884	0.365552	
374000	-464.703891	1	2	1	'1 Z 1 1 0 1 1 0 	D	0.524764	0.000000	0.524764	0.524764	0.025168	0.524764	0.524764	0.025168	0.246304	0.265277	0.206528	0.281891	0.522416	
375000	-463.704793	1	2	1	'1 Z 1 1 1 1 1 0 	D	0.506561	0.000000	0.506561	0.506561	0.506561	0.506561	0.506561	0.041150	0.216724	0.250495	0.248273	0.284508	0.906450	
376000	-462.234421	1	2	0	'1 0 1 1 1 1 1 0 	D	0.732798	0.026484	0.732798	0.732798	0.732798	0.732798	0.732798	0.026484	0.246507	0.249999	0.249992	0.253503	0.622789	
377000	-463.188101	1	2	1	'1 0 1 1 1 0 1 Z 	D	0.609728	0.061782	0.609728	0.609728	0.609728	0.061782	0.609728	0.000000	0.241975	0.274633	0.177785	0.305607	0.489598	
378000	-462.579657	1	2	2	'1 0 1 1 1 Z 1 Z 	D	0.608297	0.043610	0.608297	0.608297	0.608297	0.000000	0.608297	0.000000	0.249844	0.280998	0.158958	0.310199	0.338798	
379000	-463.605390	1	2	1	'1 0 1 1 1 0 1 Z 	D	0.527584	0.034335	0.527584	0.527584	0.527584	0.034335	0.527584	0.000000	0.243064	0.286161	0.142643	0.328133	0.373917	
380000	-462.079444	1	2	1	'0 1 0 0 0 1 0 Z 	D	0.625065	0.031327	0.625065	0.625065	0.625065	0.031327	0.625065	0.000000	0.252949	0.272210	0.184664	0.290176	0.361930	
381000	-462.105108	1	2	1	'0 1 0 0 0 1 0 Z 	D	0.639483	0.025667	0.639483	0.639483	0.639483	0.025667	0.639483	0.000000	0.255028	0.270176	0.190541	0.284254	0.534450	
382000	-462.385109	1	2	1	'0 1 0 0 0 1 0 Z 	D	0.672173	0.020157	0.672173	0.672173	0.672173	0.020157	0.672173	0.000000	0.256285	0.266182	0.202192	0.275341	0.647446	
383000	-462.037545	1	2	0	'0 1 0 0 0 1 0 1 	D	0.644212	0.009513	0.644212	0.644212	0.644212	0.009513	0.644212	0.009513	0.259080	0.270292	0.190206	0.280422	0.179944	
384000	-461.522834	1	2	1	'0 1 0 0 0 0 0 Z 	D	0.584943	0.039074	0.584943	0.584943	0.584943	0.584943	0.584943	0.000000	0.245067	0.250034	0.250096	0.254803	0.214893	
385000	-462.099087	1	2	0	'0 1 0 0 0 0 0 1 	D	0.616671	0.037288	0.616671	0.616671	0.616671	0.616671	0.616671	0.037288	0.241539	0.250102	0.249675	0.258684	0.600755	
386000	-461.698076	1	2	0	'0 1 0 0 0 0 0 1 	D	0.602275	0.030136	0.602275	0.602275	0.602275	0.602275	0.602275	0.030136	0.239915	0.250102	0.249639	0.260343	0.892160	
387000	-462.926222	1	2	1	'0 1 0 0 0 0 0 Z 	D	0.598847	0.104608	0.598847	0.598847	0.598847	0.598847	0.598847	0.000000	0.245423	0.250120	0.249487	0.254969	0.548160	
388000	-461.380593	1	2	1	'0 1 0 0 0 0 0 Z 	D	0.620631	0.061583	0.620631	0.620631	0.620631	0.620631	0.620631	0.000000	0.246600	0.250053	0.249863	0.253485	0.132975	
389000	-461.816224	1	2	1	'0 1 0 0 0 0 0 Z 	D	0.675216	0.031335	0.675216	0.675216	0.675216	0.675216	0.675216	0.000000	0.248076	0.249955	0.250175	0.251794	0.305154	
390000	-461.992029	1	2	0	'0 1 0 0 0 0 0 1 	D	0.711587	0.019865	0.711587	0.711587	0.711587	0.711587	0.711587	0.019865	0.245593	0.249987	0.250018	0.254402	0.580066	
391000	-462.151710	1	2	2	'0 1 0 0 0 Z 0 Z 	D	0.628123	0.032877	0.628123	0.628123	0.628123	0.000000	0.628123	0.000000	0.254562	0.276147	0.173122	0.296169	0.414219	
392000	-461.463142	1	2	1	'0 1 0 0 0 0 0 Z 	D	0.592709	0.057909	0.592709	0.592709	0.592709	0.592709	0.592709	0.000000	0.245446	0.250104	0.249770	0.254681	0.546950	
393000	-462.378003	1	2	1	'0 1 0 0 0 1 0 Z 	D	0.606868	0.042211	0.606868	0.606868	0.606868	0.042211	0.606868	0.000000	0.248233	0.274885	0.176902	0.299980	0.371774	
394000	-462.636659	1	2	0	'0 1 0 0 0 0 0 1 	D	0.586439	0.009107	0.586439	0.586439	0.586439	0.586439	0.586439	0.009107	0.236117	0.249619	0.250920	0.263344	0.560198	
395000	-462.884823	1	2	1	'1 Z 1 1 1 1 1 0 	D	0.562665	0.000000	0.562665	0.562665	0.562665	0.562665	0.562665	0.021670	0.225235	0.249587	0.250683	0.274495	0.369577	
396000	-463.161437	1	2	0	'1 0 1 1 0 1 1 0 	D	0.707887	0.006452	0.707887	0.707887	0.006452	0.707887	0.707887	0.006452	0.248540	0.252921	0.241354	0.257185	0.663835	
397000	-463.832797	1	2	1	'1 Z 1 1 1 1 1 0 	D	0.566651	0.000000	0.566651	0.566651	0.566651	0.566651	0.566651	0.075653	0.231741	0.250497	0.249368	0.268394	0.818980	
398000	-465.350166	1	2	1	'1 Z 1 1 1 1 1 0 	D	0.663292	0.000000	0.663292	0.663292	0.663292	0.663292	0.663292	0.111266	0.242565	0.250199	0.249975	0.257261	0.408821	
399000	-464.601818	1	2	2	'1 Z 1 1 0 Z 1 0 	D	0.593779	0.000000	0.593779	0.593779	0.022903	0.000000	0.593779	0.022903	0.350559	0.336284	0.000659	0.312498	0.562731	
400000	-461.876034	1	2	0	'1 0 1 1 1 1 1 0 	D	0.705679	0.024098	0.705679	0.705679	0.705679	0.705679	0.705679	0.024098	0.245526	0.249997	0.249990	0.254487	0.270696	
401000	-462.939760	1	2	0	'1 0 1 1 1 0 1 0 	D	0.785330	0.015302	0.785330	0.785330	0.785330	0.015302	0.785330	0.015302	0.254631	0.258110	0.226267	0.260992	0.560194	
402000	-461.275046	1	2	1	'1 0 1 1 1 1 1 Z 	D	0.641351	0.046765	0.641351	0.641351	0.641351	0.641351	0.641351	0.000000	0.247286	0.250004	0.250029	0.252680	0.438147	
403000	-462.697848	1	2	1	'1 Z 1 1 1 1 1 0 	D	0.554291	0.000000	0.554291	0.554291	0.554291	0.554291	0.554291	0.027522	0.224531	0.249828	0.250084	0.275557	0.576308	
404000	-464.628125	1	2	3	'1 Z 1 1 Z Z 1 0 	D	0.729954	0.000000	0.729954	0.729954	0.000000	0.000000	0.729954	0.016020	0.344420	0.335066	0.000000	0.320514	0.419598	
405000	-465.431582	1	2	2	'1 0 1 1 Z Z 1 0 	D	0.576464	0.020727	0.576464	0.576464	0.000000	0.000000	0.576464	0.020727	0.311235	0.339834	0.000000	0.348931	0.946730	
406000	-463.345450	1	2	1	'1 0 1 1 0 Z 1 0 	D	0.683795	0.012059	0.683795	0.683795	0.012059	0.000000	0.683795	0.012059	0.323747	0.336190	0.000168	0.339896	0.464750	
407000	-462.314788	1	2	1	'1 0 1 1 1 1 1 Z 	D	0.659424	0.022668	0.659424	0.659424	0.659424	0.659424	0.659424	0.000000	0.247685	0.249885	0.250418	0.252012	0.992709	
408000	-463.867183	1	2	3	'1 0 1 1 Z Z 1 Z 	D	0.557880	0.012458	0.557880	0.557880	0.000000	0.000000	0.557880	0.000000	0.290124	0.334367	0.000000	0.375509	0.589143	
409000	-464.819697	1	2	1	'1 0 1 1 1 1 1 Z 	D	0.477538	0.021276	0.477538	0.477538	0.477538	0.477538	0.477538	0.000000	0.234251	0.249874	0.251989	0.263886	0.901293	
410000	-462.137207	1	2	1	'1 0 1 1 1 0 1 Z 	D	0.688896	0.027007	0.688896	0.688896	0.688896	0.027007	0.688896	0.000000	0.254579	0.264944	0.206004	0.274474	0.818923	
411000	-462.324954	1	2	2	'1 0 1 1 1 Z 1 Z 	D	0.717629	0.028637	0.717629	0.717629	0.717629	0.000000	0.717629	0.000000	0.255546	0.264949	0.206021	0.273483	0.133101	
412000	-462.229773	1	2	1	'1 0 1 1 1 0 1 Z 	D	0.607060	0.035507	0.607060	0.607060	0.607060	0.035507	0.607060	0.000000	0.250704	0.274677	0.177424	0.297195	0.330916	
413000	-461.398987	1	2	1	'1 0 1 1 1 1 1 Z 	D	0.594726	0.053660	0.594726	0.594726	0.594726	0.594726	0.594726	0.000000	0.245554	0.250087	0.249836	0.254523	0.819599	
414000	-461.918516	1	2	0	'1 0 1 1 1 0 1 0 	D	0.691719	0.013870	0.691719	0.691719	0.691719	0.013870	0.691719	0.013870	0.257473	0.265195	0.205557	0.271775	0.693638	
415000	-462.989513	1	2	2	'1 0 1 1 0 Z 1 Z 	D	0.682129	0.022782	0.682129	0.682129	0.022782	0.000000	0.682129	0.000000	0.295405	0.334977	0.000510	0.369109	0.395119	
416000	-462.854284	1	2	2	'1 0 1 1 0 Z 1 Z 	D	0.661854	0.018195	0.661854	0.661854	0.018195	0.000000	0.661854	0.000000	0.298974	0.334771	0.000332	0.365922	0.329531	
417000	-461.822204	1	2	1	'1 0 1 1 1 1 1 Z 	D	0.718123	0.056834	0.718123	0.718123	0.718123	0.718123	0.718123	0.000000	0.248768	0.249995	0.250003	0.251234	0.460431	
418000	-462.130998	1	2	0	'1 0 1 1 1 1 1 0 	D	0.551904	0.027899	0.551904	0.551904	0.551904	0.551904	0.551904	0.027899	0.234535	0.250282	0.249045	0.266138	0.309785	
419000	-464.265865	1	3	1	'2 0 1 1 1 Z 1 0 	D	0.507259	0.010855	0.658764	0.658764	0.658764	0.000000	0.658764	0.010855	0.235889	0.286133	0.145558	0.332419	0.734440	
420000	-463.536245	1	2	2	'1 Z 1 1 Z 1 1 0 	D	0.651385	0.000000	0.651385	0.651385	0.000000	0.651385	0.651385	0.040124	0.259392	0.260988	0.218553	0.261068	0.152303	
421000	-461.264590	1	2	1	'1 0 1 1 1 1 1 Z 	D	0.627733	0.046562	0.627733	0.627733	0.627733	0.627733	0.627733	0.000000	0.246868	0.250014	0.250019	0.253098	0.559224	
422000	-462.509977	1	2	1	'1 0 1 1 Z 1 1 0 	D	0.751710	0.018265	0.751710	0.751710	0.000000	0.751710	0.751710	0.018265	0.251569	0.254043	0.238284	0.256104	0.514394	
423000	-462.591176	1	2	1	'1 Z 1 1 1 1 1 0 	D	0.567072	0.000000	0.567072	0.567072	0.567072	0.567072	0.567072	0.048086	0.229092	0.250233	0.249549	0.271126	0.667440	
424000	-463.284496	1	2	2	'1 Z 1 1 Z 1 1 0 	D	0.699757	0.000000	0.699757	0.699757	0.000000	0.699757	0.699757	0.023055	0.249815	0.254500	0.236898	0.258787	0.456076	
425000	-462.143145	1	2	1	'1 0 1 1 Z 1 1 0 	D	0.721108	0.015239	0.721108	0.721108	0.000000	0.721108	0.721108	0.015239	0.251502	0.254904	0.235731	0.257863	0.387314	
426000	-462.939499	1	2	1	'1 0 1 1 1 Z 1 0 	D	0.778937	0.012350	0.778937	0.778937	0.778937	0.000000	0.778937	0.012350	0.255516	0.259145	0.223112	0.262226	0.750553	
427000	-461.942870	1	2	1	'1 0 1 1 1 1 1 Z 	D	0.701064	0.033900	0.701064	0.701064	0.701064	0.701064	0.701064	0.000000	0.248530	0.249971	0.250106	0.251393	0.708252	
428000	-463.141579	1	2	3	'1 0 1 1 Z Z 1 Z 	D	0.663830	0.026607	0.663830	0.663830	0.000000	0.000000	0.663830	0.000000	0.285933	0.335323	0.000000	0.378744	0.393382	
429000	-462.063299	1	2	1	'1 0 1 1 1 0 1 Z 	D	0.658059	0.026666	0.658059	0.658059	0.658059	0.026666	0.658059	0.000000	0.254808	0.268109	0.196669	0.280414	0.866550	
430000	-462.962916	1	2	1	'1 0 1 1 1 1 1 Z 	D	0.724867	0.101709	0.724867	0.724867	0.724867	0.724867	0.724867	0.000000	0.248786	0.249998	0.249949	0.251267	0.969513	
431000	-462.584078	1	2	2	'1 0 1 1 1 Z 1 Z 	D	0.646168	0.049020	0.646168	0.646168	0.646168	0.000000	0.646168	0.000000	0.250683	0.276493	0.172533	0.300291	0.756575	
432000	-465.525645	1	2	1	'1 0 1 1 1 1 1 Z 	D	0.803942	0.142188	0.803942	0.803942	0.803942	0.803942	0.803942	0.000000	0.249416	0.249992	0.249977	0.250615	0.973169	
433000	-463.516939	1	2	1	'1 Z 1 1 1 1 1 0 	D	0.527823	0.000000	0.527823	0.527823	0.527823	0.527823	0.527823	0.053839	0.223093	0.250579	0.248693	0.277635	0.483242	
434000	-461.526882	1	2	1	'1 0 1 1 1 1 1 Z 	D	0.686872	0.045606	0.686872	0.686872	0.686872	0.686872	0.686872	0.000000	0.248310	0.249989	0.250042	0.251659	0.155518	
435000	-464.634049	1	2	2	'1 0 1 1 0 Z 1 Z 	D	0.800669	0.029058	0.800669	0.800669	0.029058	0.000000	0.800669	0.000000	0.302180	0.335223	0.000860	0.361737	0.329851	
436000	-463.471037	1	2	1	'1 0 1 1 1 Z 1 0 	D	0.581495	0.005225	0.581495	0.581495	0.581495	0.000000	0.581495	0.005225	0.260610	0.279168	0.163247	0.296975	0.521442	
437000	-462.262008	1	3	1	'2 0 1 2 2 2 2 Z 	D	0.709676	0.029593	0.712248	0.709676	0.709676	0.709676	0.709676	0.000000	0.248519	0.249960	0.250131	0.251390	0.677359	
438000	-463.230240	1	2	2	'1 Z 1 1 Z 1 1 0 	D	0.698984	0.000000	0.698984	0.698984	0.000000	0.698984	0.698984	0.026081	0.251100	0.255175	0.234973	0.258752	0.447172	
439000	-462.389715	1	2	1	'1 Z 1 1 1 1 1 0 	D	0.583792	0.000000	0.583792	0.583792	0.583792	0.583792	0.583792	0.027319	0.229519	0.249851	0.250229	0.270401	0.860044	
440000	-463.516112	1	2	2	'1 0 1 1 1 Z 1 Z 	D	0.648148	0.011294	0.648148	0.648148	0.648148	0.000000	0.648148	0.000000	0.260070	0.269248	0.192846	0.277836	0.227029	
441000	-461.783108	1	2	1	'1 0 1 1 1 Z 1 0 	D	0.643528	0.014381	0.643528	0.643528	0.643528	0.000000	0.643528	0.014381	0.259823	0.271734	0.186605	0.281839	0.486322	
442000	-464.286984	1	2	1	'1 0 1 1 1 0 1 Z 	D	0.846038	0.055451	0.846038	0.846038	0.846038	0.055451	0.846038	0.000000	0.250716	0.255497	0.234004	0.259783	0.907470	
443000	-464.750783	1	2	1	'1 0 1 1 1 0 1 Z 	D	0.685731	0.093540	0.685731	0.685731	0.685731	0.093540	0.685731	0.000000	0.242356	0.265926	0.203931	0.287786	0.860764	
444000	-462.522636	1	2	1	'1 0 1 1 Z 1 1 0 	D	0.752501	0.018365	0.752501	0.752501	0.000000	0.752501	0.752501	0.018365	0.251571	0.254024	0.238340	0.256065	0.399810	
445000	-463.715591	1	2	1	'1 0 1 1 0 0 1 Z 	D	0.759066	0.024472	0.759066	0.759066	0.024472	0.024472	0.759066	0.000000	0.303276	0.334263	0.002769	0.359692	0.340742	
446000	-463.925230	1	2	3	'1 0 1 1 Z Z 1 Z 	D	0.582069	0.033408	0.582069	0.582069	0.000000	0.000000	0.582069	0.000000	0.255834	0.334485	0.000000	0.409681	0.380866	
447000	-462.308191	1	2	1	'1 0 1 1 1 1 1 Z 	D	0.751754	0.045552	0.751754	0.751754	0.751754	0.751754	0.751754	0.000000	0.249122	0.249990	0.250024	0.250864	0.257264	
448000	-463.435523	1	2	0	'1 0 1 1 1 1 1 0 	D	0.699654	0.050954	0.699654	0.699654	0.699654	0.699654	0.699654	0.050954	0.246199	0.250027	0.249920	0.253854	0.408590	
449000	-461.514494	1	2	1	'1 0 1 1 1 1 1 Z 	D	0.579994	0.052367	0.579994	0.579994	0.579994	0.579994	0.579994	0.000000	0.244807	0.250124	0.249770	0.255298	0.530698	
450000	-462.750445	1	2	1	'1 Z 1 1 1 1 1 0 	D	0.602267	0.000000	0.602267	0.602267	0.602267	0.602267	0.602267	0.061945	0.234937	0.250230	0.249776	0.265057	0.173536	
451000	-464.140223	1	2	0	'1 0 1 1 1 1 1 0 	D	0.630045	0.005121	0.630045	0.630045	0.630045	0.630045	0.630045	0.005121	0.239668	0.249326	0.251885	0.259122	0.707994	
452000	-467.549610	1	2	2	'1 0 1 1 0 Z 1 Z 	D	0.452598	0.011940	0.452598	0.452598	0.011940	0.000000	0.452598	0.000000	0.258881	0.333515	0.000115	0.407488	0.359866	
453000	-461.897574	1	2	1	'1 0 1 1 1 Z 1 0 	D	0.683097	0.015543	0.683097	0.683097	0.683097	0.000000	0.683097	0.015543	0.258771	0.267339	0.199464	0.274425	0.308689	
454000	-462.887361	1	2	1	'1 Z 1 1 1 1 1 0 	D	0.705822	0.000000	0.705822	0.705822	0.705822	0.705822	0.705822	0.059033	0.243138	0.250062	0.250029	0.256771	0.270158	
455000	-461.717441	1	2	1	'0 1 0 0 0 0 0 Z 	D	0.561669	0.045269	0.561669	0.561669	0.561669	0.561669	0.561669	0.000000	0.243708	0.250155	0.249797	0.256341	0.474116	
456000	-462.218616	1	2	0	'0 1 0 0 0 0 0 1 	D	0.551415	0.013926	0.551415	0.551415	0.551415	0.551415	0.551415	0.013926	0.232494	0.249917	0.249948	0.267640	0.291234	
457000	-464.254845	1	2	2	'0 1 0 0 Z 1 0 Z 	D	0.763528	0.010295	0.763528	0.763528	0.000000	0.010295	0.763528	0.000000	0.318931	0.334241	0.000142	0.346686	0.539400	
458000	-464.307437	1	2	0	'0 1 0 0 1 1 0 1 	D	0.565875	0.016086	0.565875	0.565875	0.016086	0.016086	0.565875	0.016086	0.309555	0.337744	0.001232	0.351469	0.743291	
459000	-465.728439	1	2	1	'0 1 0 0 0 0 0 Z 	D	0.907825	0.092032	0.907825	0.907825	0.907825	0.907825	0.907825	0.000000	0.249796	0.249998	0.249997	0.250208	0.553149	
460000	-461.832357	1	2	0	'0 1 0 0 0 1 0 1 	D	0.624829	0.012115	0.624829	0.624829	0.624829	0.012115	0.624829	0.012115	0.259049	0.272582	0.183848	0.284522	0.646767	
461000	-465.271748	1	2	1	'0 1 0 0 0 Z 0 1 	D	0.621115	0.040623	0.621115	0.621115	0.621115	0.000000	0.621115	0.040623	0.258857	0.276202	0.177728	0.287212	0.907136	
462000	-464.863866	1	2	1	'0 1 0 0 Z 1 0 1 	D	0.642256	0.020295	0.642256	0.642256	0.000000	0.020295	0.642256	0.020295	0.319654	0.338407	0.000548	0.341391	0.778097	
463000	-462.617969	1	2	1	'0 1 0 0 0 1 0 Z 	D	0.623738	0.017640	0.623738	0.623738	0.623738	0.017640	0.623738	0.000000	0.257643	0.271551	0.186250	0.284557	0.747252	
464000	-466.608278	1	2	1	'0 1 0 0 0 0 0 Z 	D	0.858783	0.015391	0.858783	0.858783	0.858783	0.858783	0.858783	0.000000	0.249667	0.249987	0.250041	0.250305	0.288954	
465000	-465.945073	1	2	1	'0 1 0 0 1 Z 0 1 	D	0.784425	0.019608	0.784425	0.784425	0.019608	0.000000	0.784425	0.019608	0.327831	0.337105	0.000456	0.334609	0.722437	
466000	-462.103675	1	2	1	'0 Z 0 0 0 0 0 1 	D	0.610046	0.000000	0.610046	0.610046	0.610046	0.610046	0.610046	0.035835	0.233913	0.250008	0.250030	0.266049	0.376961	
467000	-461.379125	1	2	1	'0 1 0 0 0 0 0 Z 	D	0.594010	0.049024	0.594010	0.594010	0.594010	0.594010	0.594010	0.000000	0.245527	0.250072	0.249903	0.254497	0.590876	
468000	-462.323852	1	2	2	'0 1 0 0 0 Z 0 Z 	D	0.705814	0.039649	0.705814	0.705814	0.705814	0.000000	0.705814	0.000000	0.254119	0.267720	0.198134	0.280026	0.803780	
469000	-462.931236	1	2	1	'0 1 0 0 0 1 0 Z 	D	0.565223	0.021675	0.565223	0.565223	0.565223	0.021675	0.565223	0.000000	0.254567	0.279901	0.161575	0.303956	0.724220	
470000	-464.259641	1	2	1	'0 1 0 0 0 0 0 Z 	D	0.508832	0.094379	0.508832	0.508832	0.508832	0.508832	0.508832	0.000000	0.238400	0.250830	0.247543	0.263227	0.262956	
471000	-461.496772	1	2	0	'0 1 0 0 0 0 0 1 	D	0.653209	0.025576	0.653209	0.653209	0.653209	0.653209	0.653209	0.025576	0.243140	0.250015	0.249917	0.256929	0.349581	
472000	-465.274310	1	2	2	'0 1 0 0 Z Z 0 1 	D	0.845196	0.009358	0.845196	0.845196	0.000000	0.000000	0.845196	0.009358	0.330352	0.335104	0.000000	0.334544	0.980585	
473000	-461.752936	1	2	1	'0 1 0 0 0 0 0 Z 	D	0.704437	0.041638	0.704437	0.704437	0.704437	0.704437	0.704437	0.000000	0.248587	0.249984	0.250055	0.251373	0.288766	
474000	-461.760156	1	2	0	'0 1 0 0 0 0 0 1 	D	0.650497	0.014630	0.650497	0.650497	0.650497	0.650497	0.650497	0.014630	0.242306	0.249939	0.250117	0.257638	0.516415	
475000	-463.403728	1	2	2	'0 1 0 0 0 Z 0 Z 	D	0.812434	0.034025	0.812434	0.812434	0.812434	0.000000	0.812434	0.000000	0.253322	0.258254	0.225763	0.262661	0.614266	
476000	-464.078845	1	2	1	'0 1 0 0 0 Z 0 1 	D	0.735188	0.033374	0.735188	0.735188	0.735188	0.000000	0.735188	0.033374	0.256818	0.263111	0.212880	0.267191	0.792698	
477000	-462.432155	1	2	2	'0 1 0 0 0 Z 0 Z 	D	0.697194	0.044619	0.697194	0.697194	0.697194	0.000000	0.697194	0.000000	0.253255	0.269381	0.193380	0.283984	0.314498	
478000	-462.148166	1	2	1	'0 1 0 0 0 0 0 Z 	D	0.725693	0.036368	0.725693	0.725693	0.725693	0.725693	0.725693	0.000000	0.248857	0.249980	0.250066	0.251097	0.393658	
479000	-465.161077	1	2	1	'0 1 0 0 0 1 0 Z 	D	0.525354	0.068418	0.525354	0.525354	0.525354	0.068418	0.525354	0.000000	0.224091	0.285709	0.142348	0.347853	0.229983	
480000	-463.062966	1	2	1	'0 1 0 0 1 1 0 Z 	D	0.609451	0.014724	0.609451	0.609451	0.014724	0.014724	0.609451	0.000000	0.296885	0.334233	0.001031	0.367851	0.404420	
481000	-465.998469	1	2	1	'0 1 0 0 Z 1 0 1 	D	0.502384	0.016939	0.502384	0.502384	0.000000	0.016939	0.502384	0.016939	0.295698	0.339389	0.000423	0.364490	0.412883	
482000	-461.917498	1	2	1	'0 1 0 0 0 0 0 Z 	D	0.556106	0.059086	0.556106	0.556106	0.556106	0.556106	0.556106	0.000000	0.243290	0.250260	0.249410	0.257040	0.680918	
483000	-462.285547	1	2	1	'0 1 0 0 0 0 0 Z 	D	0.638055	0.021982	0.638055	0.638055	0.638055	0.638055	0.638055	0.000000	0.247090	0.249844	0.250580	0.252486	0.867888	
484000	-462.969932	1	2	2	'0 1 0 0 Z 1 0 Z 	D	0.674663	0.023316	0.674663	0.674663	0.000000	0.023316	0.674663	0.000000	0.293767	0.334880	0.000799	0.370555	0.946440	
485000	-463.831438	1	2	1	'0 Z 0 0 0 0 0 1 	D	0.688462	0.000000	0.688462	0.688462	0.688462	0.688462	0.688462	0.014748	0.240271	0.249815	0.250495	0.259419	0.588766	
486000	-462.907295	1	2	2	'0 1 0 0 0 Z 0 Z 	D	0.757801	0.022880	0.757801	0.757801	0.757801	0.000000	0.757801	0.000000	0.255123	0.260681	0.218469	0.265727	0.425657	
487000	-463.601215	1	2	2	'0 Z 0 0 Z 0 0 1 	D	0.589884	0.000000	0.589884	0.589884	0.000000	0.589884	0.589884	0.029196	0.255341	0.263634	0.210922	0.270103	0.990300	
488000	-461.853570	1	2	0	'0 1 0 0 0 0 0 1 	D	0.560091	0.023870	0.560091	0.560091	0.560091	0.560091	0.560091	0.023870	0.235038	0.250179	0.249316	0.265466	0.682893	
489000	-463.072517	1	2	3	'0 1 0 0 Z Z 0 Z 	D	0.595906	0.017566	0.595906	0.595906	0.000000	0.000000	0.595906	0.000000	0.287992	0.334708	0.000000	0.377300	0.563030	
490000	-463.250739	1	2	1	'0 Z 0 0 1 0 0 1 	D	0.615997	0.000000	0.615997	0.615997	0.034098	0.615997	0.615997	0.034098	0.252622	0.258811	0.224903	0.263664	0.805308	
491000	-462.370665	1	2	1	'0 Z 0 0 0 0 0 1 	D	0.570579	0.000000	0.570579	0.570579	0.570579	0.570579	0.570579	0.037805	0.228570	0.250072	0.249773	0.271584	0.844837	
492000	-462.688065	1	2	1	'0 1 0 0 0 0 0 Z 	D	0.521122	0.033474	0.521122	0.521122	0.521122	0.521122	0.521122	0.000000	0.240302	0.250224	0.250013	0.259462	0.494176	
493000	-461.728550	1	2	1	'0 1 0 0 0 0 0 Z 	D	0.677002	0.073554	0.677002	0.677002	0.677002	0.677002	0.677002	0.000000	0.248093	0.250010	0.249936	0.251961	0.280198	
494000	-461.439480	1	2	1	'0 1 0 0 0 0 0 Z 	D	0.675107	0.045254	0.675107	0.675107	0.675107	0.675107	0.675107	0.000000	0.248091	0.249990	0.250046	0.251872	0.459260	
495000	-461.342142	1	2	1	'0 1 0 0 0 0 0 Z 	D	0.601356	0.045146	0.601356	0.601356	0.601356	0.601356	0.601356	0.000000	0.245863	0.250041	0.249994	0.254102	0.202108	
496000	-462.598540	1	2	2	'0 1 0 0 0 Z 0 Z 	D	0.712481	0.047083	0.712481	0.712481	0.712481	0.000000	0.712481	0.000000	0.253023	0.268034	0.197380	0.281562	0.729498	
497000	-462.920361	1	2	1	'1 0 1 1 1 1 1 Z 	D	0.774944	0.036170	0.774944	0.774944	0.774944	0.774944	0.774944	0.000000	0.249297	0.249988	0.250035	0.250680	0.709247	
498000	-461.704552	1	2	1	'1 0 1 1 1 1 1 Z 	D	0.563392	0.050949	0.563392	0.563392	0.563392	0.563392	0.563392	0.000000	0.243816	0.250184	0.249664	0.256336	0.416749	
499000	-461.525174	1	2	1	'1 0 1 1 1 1 1 Z 	D	0.649100	0.069297	0.649100	0.649100	0.649100	0.649100	0.649100	0.000000	0.247460	0.250027	0.249900	0.252613	0.782876	
500000	-462.188414	1	2	1	'1 0 1 1 1 1 1 Z 	D	0.747145	0.052660	0.747145	0.747145	0.747145	0.747145	0.747145	0.000000	0.249080	0.249993	0.250012	0.250915	0.265025	
501000	-462.431217	1	2	0	'1 0 1 1 1 0 1 0 	D	0.593440	0.021608	0.593440	0.593440	0.593440	0.021608	0.593440	0.021608	0.257500	0.276318	0.174586	0.291596	0.480145	
502000	-462.194055	1	2	1	'1 0 1 1 1 1 1 Z 	D	0.734036	0.071214	0.734036	0.734036	0.734036	0.734036	0.734036	0.000000	0.248939	0.249997	0.249984	0.251080	0.230608	
503000	-462.046793	1	2	0	'1 0 1 1 1 1 1 0 	D	0.608392	0.036100	0.608392	0.608392	0.608392	0.608392	0.608392	0.036100	0.240855	0.250116	0.249626	0.259402	0.432144	
504000	-463.236858	1	2	2	'1 0 1 1 Z Z 1 0 	D	0.691710	0.010126	0.691710	0.691710	0.000000	0.000000	0.691710	0.010126	0.324521	0.335795	0.000000	0.339685	0.224835	
505000	-461.788888	1	2	1	'1 0 1 1 1 1 1 Z 	D	0.705221	0.065941	0.705221	0.705221	0.705221	0.705221	0.705221	0.000000	0.248586	0.250000	0.249979	0.251435	0.329946	
506000	-463.552099	1	2	3	'1 0 1 1 Z Z 1 Z 	D	0.687241	0.030905	0.687241	0.687241	0.000000	0.000000	0.687241	0.000000	0.284009	0.335569	0.000000	0.380422	0.652833	
507000	-464.128498	1	2	2	'1 0 1 1 1 Z 1 Z 	D	0.558224	0.058397	0.558224	0.558224	0.558224	0.000000	0.558224	0.000000	0.236012	0.291572	0.126543	0.345873	0.900749	
508000	-461.276125	1	2	1	'1 0 1 1 1 1 1 Z 	D	0.630767	0.044752	0.630767	0.630767	0.630767	0.630767	0.630767	0.000000	0.246967	0.250006	0.250044	0.252984	0.449744	
509000	-462.056684	1	2	1	'1 0 1 1 1 0 1 Z 	D	0.634733	0.028720	0.634733	0.634733	0.634733	0.028720	0.634733	0.000000	0.254023	0.270905	0.188464	0.286608	0.857158	
510000	-462.294839	1	2	1	'1 0 1 1 1 0 1 Z 	D	0.641843	0.021169	0.641843	0.641843	0.641843	0.021169	0.641843	0.000000	0.256396	0.269615	0.192078	0.281910	0.301915	
511000	-461.403668	1	2	1	'1 0 1 1 1 1 1 Z 	D	0.638525	0.037564	0.638525	0.638525	0.638525	0.638525	0.638525	0.000000	0.247196	0.249976	0.250142	0.252686	0.337028	
512000	-462.101193	1	2	1	'1 0 1 1 1 1 1 Z 	D	0.736650	0.063042	0.736650	0.736650	0.736650	0.736650	0.736650	0.000000	0.248974	0.249996	0.249995	0.251035	0.248729	
513000	-462.210105	1	2	1	'1 0 1 1 1 1 1 Z 	D	0.544527	0.032796	0.544527	0.544527	0.544527	0.544527	0.544527	0.000000	0.242390	0.250066	0.250267	0.257277	0.296167	
514000	-465.033027	1	2	1	'1 Z 1 1 1 1 1 0 	D	0.469616	0.000000	0.469616	0.469616	0.469616	0.469616	0.469616	0.027994	0.204274	0.250239	0.247407	0.298080	0.187777	
515000	-463.679700	1	2	1	'1 0 1 1 Z 1 1 0 	D	0.719155	0.033176	0.719155	0.719155	0.000000	0.719155	0.719155	0.033176	0.253887	0.256508	0.231685	0.257920	0.186516	
516000	-464.622035	1	2	2	'1 0 1 1 Z Z 1 0 	D	0.515695	0.010185	0.515695	0.515695	0.000000	0.000000	0.515695	0.010185	0.299315	0.336929	0.000000	0.363756	0.348783	
517000	-463.825374	1	2	2	'1 0 1 1 1 Z 1 Z 	D	0.813866	0.020972	0.813866	0.813866	0.813866	0.000000	0.813866	0.000000	0.253648	0.256775	0.229963	0.259614	0.555511	
518000	-464.546883	1	2	2	'1 0 1 1 1 Z 1 Z 	D	0.508238	0.018659	0.508238	0.508238	0.508238	0.000000	0.508238	0.000000	0.252662	0.291785	0.125898	0.329655	0.172920	
519000	-461.414995	1	2	1	'1 0 1 1 1 1 1 Z 	D	0.621137	0.036738	0.621137	0.621137	0.621137	0.621137	0.621137	0.000000	0.246630	0.249978	0.250171	0.253222	0.265174	
520000	-463.923626	1	2	3	'1 0 1 1 Z Z 1 Z 	D	0.567847	0.010782	0.567847	0.567847	0.000000	0.000000	0.567847	0.000000	0.295855	0.334329	0.000000	0.369817	0.606026	
521000	-461.555858	1	2	1	'1 0 1 1 1 1 1 Z 	D	0.586891	0.036821	0.586891	0.586891	0.586891	0.586891	0.586891	0.000000	0.245159	0.250010	0.250170	0.254661	0.453573	
522000	-463.343949	1	2	1	'1 0 1 1 1 1 1 Z 	D	0.638203	0.118862	0.638203	0.638203	0.638203	0.638203	0.638203	0.000000	0.246899	0.250039	0.249715	0.253346	0.310820	
523000	-463.230003	1	2	1	'1 0 1 1 Z 0 1 0 	D	0.610247	0.006477	0.610247	0.610247	0.000000	0.006477	0.610247	0.006477	0.317268	0.335115	0.000058	0.347559	0.491181	
524000	-463.486489	1	2	1	'1 Z 1 1 1 1 1 0 	D	0.708614	0.000000	0.708614	0.708614	0.708614	0.708614	0.708614	0.019073	0.241943	0.249920	0.250238	0.257900	0.272195	
525000	-462.218705	1	2	1	'1 Z 1 1 1 1 1 0 	D	0.650074	0.000000	0.650074	0.650074	0.650074	0.650074	0.650074	0.047231	0.238790	0.250068	0.250008	0.261134	0.299879	
526000	-462.577496	1	2	1	'1 Z 1 1 1 1 1 0 	D	0.690273	0.000000	0.690273	0.690273	0.690273	0.690273	0.690273	0.052867	0.242023	0.250059	0.250029	0.257889	0.389951	
527000	-464.330883	1	2	1	'1 Z 1 1 1 1 1 0 	D	0.643838	0.000000	0.643838	0.643838	0.643838	0.643838	0.643838	0.094766	0.240629	0.250222	0.249929	0.259220	0.932456	
528000	-464.252765	1	2	1	'1 Z 1 1 1 1 1 0 	D	0.560136	0.000000	0.560136	0.560136	0.560136	0.560136	0.560136	0.011646	0.222505	0.248368	0.253911	0.275216	0.139203	
529000	-462.432386	1	2	1	'1 Z 1 1 1 1 1 0 	D	0.614350	0.000000	0.614350	0.614350	0.614350	0.614350	0.614350	0.023943	0.233474	0.249825	0.250384	0.266316	0.522948	
530000	-463.277045	1	2	1	'1 0 1 1 Z 1 1 0 	D	0.640961	0.031026	0.640961	0.640961	0.000000	0.640961	0.640961	0.031026	0.255541	0.260993	0.219243	0.264223	0.107248	
531000	-462.806584	1	2	1	'1 0 1 1 1 1 1 Z 	D	0.517912	0.061749	0.517912	0.517912	0.517912	0.517912	0.517912	0.000000	0.239970	0.250621	0.248539	0.260870	0.619042	
532000	-461.779246	1	2	1	'1 0 1 1 1 1 1 Z 	D	0.568862	0.061776	0.568862	0.568862	0.568862	0.568862	0.568862	0.000000	0.244120	0.250201	0.249521	0.256158	0.836449	
533000	-462.581825	1	2	2	'1 0 1 1 1 Z 1 Z 	D	0.689463	0.049048	0.689463	0.689463	0.689463	0.000000	0.689463	0.000000	0.252323	0.270922	0.188961	0.287793	0.588490	
534000	-461.898057	1	2	1	'1 0 1 1 1 1 1 Z 	D	0.566122	0.032451	0.566122	0.566122	0.566122	0.566122	0.566122	0.000000	0.243934	0.249993	0.250343	0.255731	0.544322	
535000	-461.896844	1	2	0	'1 0 1 1 1 1 1 0 	D	0.687167	0.016333	0.687167	0.687167	0.687167	0.687167	0.687167	0.016333	0.244426	0.249968	0.250059	0.255547	0.568129	
536000	-465.168836	1	2	2	'1 Z 1 1 0 Z 1 0 	D	0.728812	0.000000	0.728812	0.728812	0.028339	0.000000	0.728812	0.028339	0.357480	0.335581	0.001055	0.305884	0.380028	
537000	-465.787260	1	2	1	'1 0 1 1 1 1 1 Z 	D	0.520252	0.009001	0.520252	0.520252	0.520252	0.520252	0.520252	0.000000	0.236842	0.246037	0.262788	0.254333	0.701183	
538000	-461.352155	1	2	1	'1 0 1 1 1 1 1 Z 	D	0.605380	0.041971	0.605380	0.605380	0.605380	0.605380	0.605380	0.000000	0.246032	0.250020	0.250061	0.253887	0.519558	
539000	-461.419313	1	2	1	'1 0 1 1 1 1 1 Z 	D	0.627998	0.036514	0.627998	0.627998	0.627998	0.627998	0.627998	0.000000	0.246865	0.249974	0.250170	0.252992	0.336450	
540000	-462.509633	1	2	2	'1 0 1 1 1 Z 1 Z 	D	0.589649	0.024836	0.589649	0.589649	0.589649	0.000000	0.589649	0.000000	0.256032	0.280087	0.161170	0.302711	0.304530	
541000	-462.193715	1	2	1	'1 0 1 1 Z 1 1 0 	D	0.679794	0.021897	0.679794	0.679794	0.000000	0.679794	0.679794	0.021897	0.253239	0.257652	0.228085	0.261024	0.658151	
542000	-462.647692	1	2	2	'1 0 1 1 1 Z 1 Z 	D	0.598910	0.019586	0.598910	0.598910	0.598910	0.000000	0.598910	0.000000	0.258382	0.277610	0.168362	0.295646	0.326590	
543000	-462.606025	1	2	1	'1 Z 1 1 1 1 1 0 	D	0.595548	0.000000	0.595548	0.595548	0.595548	0.595548	0.595548	0.057225	0.233797	0.250220	0.249749	0.266234	0.753610	
544000	-462.524176	1	2	1	'1 0 1 1 Z 1 1 0 	D	0.647318	0.025395	0.647318	0.647318	0.000000	0.647318	0.647318	0.025395	0.254399	0.259992	0.221686	0.263923	0.170908	
545000	-463.313957	1	2	2	'1 0 1 1 1 Z 1 Z 	D	0.560356	0.044684	0.560356	0.560356	0.560356	0.000000	0.560356	0.000000	0.243731	0.288703	0.135495	0.332071	0.376377	
546000	-461.517623	1	2	1	'1 0 1 1 1 1 1 Z 	D	0.643809	0.069297	0.643809	0.643809	0.643809	0.643809	0.643809	0.000000	0.247315	0.250032	0.249887	0.252766	0.213143	
547000	-463.421164	1	2	1	'1 0 1 1 1 1 1 Z 	D	0.570308	0.107656	0.570308	0.570308	0.570308	0.570308	0.570308	0.000000	0.243763	0.250230	0.249120	0.256888	0.487880	
548000	-463.017830	1	2	1	'1 0 1 1 0 0 1 Z 	D	0.696382	0.016892	0.696382	0.696382	0.016892	0.016892	0.696382	0.000000	0.305565	0.334327	0.001349	0.358759	0.497312	
549000	-463.618043	1	2	1	'1 0 1 1 0 0 1 Z 	D	0.579427	0.031477	0.579427	0.579427	0.031477	0.031477	0.579427	0.000000	0.263227	0.333040	0.004461	0.399272	0.818122	
550000	-461.884043	1	2	1	'0 1 0 0 Z 0 0 1 	D	0.683099	0.014459	0.683099	0.683099	0.000000	0.683099	0.683099	0.014459	0.251785	0.256600	0.230802	0.260814	0.175886	
551000	-464.902820	1	2	1	'0 Z 0 0 1 1 0 1 	D	0.761496	0.000000	0.761496	0.761496	0.014916	0.014916	0.761496	0.014916	0.342101	0.334430	0.001060	0.322410	0.569310	
552000	-463.126185	1	2	1	'0 Z 0 0 1 0 0 1 	D	0.636788	0.000000	0.636788	0.636788	0.034016	0.636788	0.636788	0.034016	0.252190	0.257429	0.228782	0.261598	0.588021	
553000	-461.715525	1	2	0	'0 1 0 0 0 0 0 1 	D	0.643366	0.014764	0.643366	0.643366	0.643366	0.643366	0.643366	0.014764	0.241844	0.249937	0.250115	0.258104	0.616708	
554000	-463.062175	1	2	1	'0 Z 0 0 1 0 0 1 	D	0.681571	0.000000	0.681571	0.681571	0.032108	0.681571	0.681571	0.032108	0.250700	0.254764	0.236316	0.258220	0.246390	
555000	-464.713673	1	2	0	'0 1 0 0 0 0 0 1 	D	0.863544	0.021270	0.863544	0.863544	0.863544	0.863544	0.863544	0.021270	0.248794	0.249998	0.250004	0.251204	0.523920	
556000	-461.417332	1	2	0	'0 1 0 0 0 0 0 1 	D	0.622531	0.019782	0.622531	0.622531	0.622531	0.622531	0.622531	0.019782	0.240714	0.249996	0.249932	0.259358	0.473964	
557000	-461.426419	1	2	0	'0 1 0 0 0 0 0 1 	D	0.618171	0.019463	0.618171	0.618171	0.618171	0.618171	0.618171	0.019463	0.240347	0.249995	0.249927	0.259731	0.264927	
558000	-464.096545	1	2	2	'0 Z 0 0 Z 0 0 1 	D	0.608121	0.000000	0.608121	0.608121	0.000000	0.608121	0.608121	0.044538	0.265039	0.265729	0.205401	0.263831	0.707054	
559000	-463.881911	1	2	0	'0 1 0 0 1 0 0 1 	D	0.815629	0.026845	0.815629	0.815629	0.026845	0.815629	0.815629	0.026845	0.250806	0.252019	0.244219	0.252955	0.346278	
560000	-462.628576	1	2	1	'0 1 0 0 0 Z 0 1 	D	0.761551	0.015876	0.761551	0.761551	0.761551	0.000000	0.761551	0.015876	0.256153	0.260520	0.219268	0.264059	0.605184	
561000	-462.004780	1	2	0	'0 1 0 0 0 1 0 1 	D	0.632734	0.009790	0.632734	0.632734	0.632734	0.009790	0.632734	0.009790	0.259254	0.271660	0.186224	0.282863	0.840893	
562000	-465.653376	1	2	0	'0 1 0 0 0 1 0 1 	D	0.894200	0.029032	0.894200	0.894200	0.894200	0.029032	0.894200	0.029032	0.252064	0.253541	0.239809	0.254586	0.568143	
563000	-462.097048	1	2	1	'0 1 0 0 0 1 0 Z 	D	0.625179	0.028592	0.625179	0.625179	0.625179	0.028592	0.625179	0.000000	0.253875	0.272069	0.185018	0.289038	0.270420	
564000	-462.814725	1	2	1	'0 1 0 0 0 0 0 Z 	D	0.528562	0.026833	0.528562	0.528562	0.528562	0.528562	0.528562	0.000000	0.240875	0.249947	0.250824	0.258353	0.557795	
565000	-462.410126	1	2	0	'0 1 0 0 0 1 0 1 	D	0.720193	0.021161	0.720193	0.720193	0.720193	0.021161	0.720193	0.021161	0.256128	0.262494	0.213902	0.267475	0.187411	
566000	-466.787713	1	2	2	'0 1 0 0 Z Z 0 1 	D	0.918774	0.007244	0.918774	0.918774	0.000000	0.000000	0.918774	0.007244	0.331577	0.334573	0.000000	0.333850	0.468408	
567000	-461.281969	1	2	1	'0 1 0 0 0 0 0 Z 	D	0.641658	0.045709	0.641658	0.641658	0.641658	0.641658	0.641658	0.000000	0.247295	0.250002	0.250039	0.252664	0.601273	
568000	-461.291265	1	2	1	'0 1 0 0 0 0 0 Z 	D	0.649236	0.047644	0.649236	0.649236	0.649236	0.649236	0.649236	0.000000	0.247501	0.250002	0.250026	0.252471	0.685112	
569000	-462.958862	1	2	1	'0 1 0 0 0 1 0 Z 	D	0.600781	0.015821	0.600781	0.600781	0.600781	0.015821	0.600781	0.000000	0.258386	0.274398	0.177757	0.289459	0.447651	
570000	-463.235805	1	2	1	'0 1 0 0 0 Z 0 1 	D	0.771202	0.023806	0.771202	0.771202	0.771202	0.000000	0.771202	0.023806	0.255825	0.260130	0.220787	0.263258	0.265790	
571000	-462.589743	1	2	2	'0 1 0 0 0 Z 0 Z 	D	0.705757	0.019912	0.705757	0.705757	0.705757	0.000000	0.705757	0.000000	0.256886	0.264738	0.206439	0.271936	0.220830	
572000	-463.837854	1	2	2	'0 1 0 0 Z Z 0 1 	D	0.546909	0.008228	0.546909	0.546909	0.000000	0.000000	0.546909	0.008228	0.306701	0.335999	0.000000	0.357300	0.927966	
573000	-461.382720	1	2	1	'0 1 0 0 0 0 0 Z 	D	0.670338	0.051172	0.670338	0.670338	0.670338	0.670338	0.670338	0.000000	0.247993	0.249999	0.250011	0.251996	0.435146	
574000	-462.432094	1	2	1	'0 1 0 0 0 1 0 Z 	D	0.676444	0.019712	0.676444	0.676444	0.676444	0.019712	0.676444	0.000000	0.256302	0.265708	0.203581	0.274410	0.518484	
575000	-462.039565	1	2	0	'0 1 0 0 0 0 0 1 	D	0.555824	0.027318	0.555824	0.555824	0.555824	0.555824	0.555824	0.027318	0.234944	0.250251	0.249135	0.265670	0.654714	
576000	-463.719076	1	2	0	'0 1 0 0 0 1 0 1 	D	0.704841	0.033391	0.704841	0.704841	0.704841	0.033391	0.704841	0.033391	0.255545	0.263279	0.212513	0.268663	0.988686	
577000	-464.501213	1	2	2	'0 1 0 0 1 Z 0 Z 	D	0.651574	0.006371	0.651574	0.651574	0.006371	0.000000	0.651574	0.000000	0.316299	0.334012	0.000045	0.349644	0.580729	
578000	-462.239538	1	2	2	'0 1 0 0 0 Z 0 Z 	D	0.662059	0.022664	0.662059	0.662059	0.662059	0.000000	0.662059	0.000000	0.257426	0.269930	0.191192	0.281452	0.592155	
579000	-462.468653	1	2	0	'0 1 0 0 0 1 0 1 	D	0.556591	0.014092	0.556591	0.556591	0.556591	0.014092	0.556591	0.014092	0.257555	0.282042	0.156703	0.303700	0.455982	
580000	-461.666401	1	2	0	'0 1 0 0 0 0 0 1 	D	0.668793	0.028706	0.668793	0.668793	0.668793	0.668793	0.668793	0.028706	0.244127	0.250016	0.249925	0.255932	0.441783	
581000	-461.541603	1	2	0	'0 1 0 0 0 0 0 1 	D	0.626723	0.016551	0.626723	0.626723	0.626723	0.626723	0.626723	0.016551	0.240779	0.249957	0.250040	0.259223	0.701273	
582000	-462.590516	1	2	1	'0 1 0 0 0 Z 0 1 	D	0.724124	0.009059	0.724124	0.724124	0.724124	0.000000	0.724124	0.009059	0.257349	0.262985	0.211649	0.268016	0.114410	
583000	-463.668060	1	2	1	'0 Z 0 0 0 0 0 1 	D	0.575759	0.000000	0.575759	0.575759	0.575759	0.575759	0.575759	0.075097	0.232852	0.250432	0.249493	0.267223	0.599486	
584000	-462.266080	1	2	1	'0 1 0 0 0 0 0 Z 	D	0.646731	0.022491	0.646731	0.646731	0.646731	0.646731	0.646731	0.000000	0.247351	0.249865	0.250498	0.252285	0.217760	
585000	-462.151102	1	2	0	'0 1 0 0 0 0 0 1 	D	0.672972	0.037264	0.672972	0.672972	0.672972	0.672972	0.672972	0.037264	0.244703	0.250030	0.249896	0.255371	0.567818	
586000	-464.111413	1	2	1	'0 1 0 0 Z 0 0 1 	D	0.616104	0.004000	0.616104	0.616104	0.000000	0.616104	0.616104	0.004000	0.247153	0.257307	0.228243	0.267296	0.327338	
587000	-461.622317	1	2	1	'0 1 0 0 0 0 0 Z 	D	0.577496	0.058969	0.577496	0.577496	0.577496	0.577496	0.577496	0.000000	0.244646	0.250156	0.249646	0.255552	0.871376	
588000	-461.843249	1	2	1	'0 1 0 0 0 0 0 Z 	D	0.631923	0.081091	0.631923	0.631923	0.631923	0.631923	0.631923	0.000000	0.246908	0.250051	0.249798	0.253243	0.625880	
589000	-461.989954	1	2	0	'0 1 0 0 0 0 0 1 	D	0.702740	0.030198	0.702740	0.702740	0.702740	0.702740	0.702740	0.030198	0.245634	0.250007	0.249963	0.254396	0.644558	
590000	-463.493104	1	2	2	'0 Z 0 0 Z 0 0 1 	D	0.595356	0.000000	0.595356	0.595356	0.000000	0.595356	0.595356	0.026609	0.253395	0.262445	0.214180	0.269980	0.867140	
591000	-461.997802	1	2	1	'0 1 0 0 Z 0 0 1 	D	0.662209	0.019815	0.662209	0.662209	0.000000	0.662209	0.662209	0.019815	0.253117	0.258447	0.225741	0.262694	0.305066	
592000	-463.813995	1	2	0	'0 1 0 0 0 0 0 1 	D	0.694237	0.055215	0.694237	0.694237	0.694237	0.694237	0.694237	0.055215	0.246154	0.250033	0.249907	0.253907	0.399463	
593000	-463.803211	1	2	1	'0 1 0 0 0 1 0 Z 	D	0.536228	0.048410	0.536228	0.536228	0.536228	0.048410	0.536228	0.000000	0.236480	0.284872	0.146265	0.332383	0.311827	
594000	-463.523542	1	2	1	'0 1 0 0 0 0 0 Z 	D	0.540295	0.097371	0.540295	0.540295	0.540295	0.540295	0.540295	0.000000	0.241605	0.250440	0.248587	0.259368	0.236289	
595000	-461.348118	1	2	1	'0 1 0 0 0 0 0 Z 	D	0.664063	0.049653	0.664063	0.664063	0.664063	0.664063	0.664063	0.000000	0.247859	0.249999	0.250018	0.252124	0.685771	
596000	-461.687900	1	2	1	'0 1 0 0 0 0 0 Z 	D	0.607722	0.072967	0.607722	0.607722	0.607722	0.607722	0.607722	0.000000	0.246053	0.250090	0.249722	0.254135	0.359617	
597000	-463.746541	1	2	1	'0 Z 0 0 0 0 0 1 	D	0.781901	0.000000	0.781901	0.781901	0.781901	0.781901	0.781901	0.051215	0.246148	0.250024	0.250030	0.253798	0.275108	
598000	-462.060491	1	2	1	'0 1 0 0 0 1 0 Z 	D	0.644685	0.037564	0.644685	0.644685	0.644685	0.037564	0.644685	0.000000	0.251621	0.270090	0.191062	0.287227	0.923691	
599000	-461.528802	1	2	1	'0 1 0 0 0 0 0 Z 	D	0.577079	0.049601	0.577079	0.577079	0.577079	0.577079	0.577079	0.000000	0.244650	0.250122	0.249803	0.255425	0.410727	
600000	-463.226100	1	2	2	'0 1 0 0 0 Z 0 Z 	D	0.630827	0.059437	0.630827	0.630827	0.630827	0.000000	0.630827	0.000000	0.246463	0.280425	0.161060	0.312052	0.851435	
601000	-463.796181	1	2	2	'0 1 0 0 1 Z 0 Z 	D	0.729406	0.030630	0.729406	0.729406	0.030630	0.000000	0.729406	0.000000	0.292442	0.335273	0.000902	0.371383	0.566163	
602000	-464.374003	1	2	2	'0 Z 0 0 Z 1 0 1 	D	0.679311	0.000000	0.679311	0.679311	0.000000	0.012697	0.679311	0.012697	0.338356	0.334817	0.000199	0.326628	0.548978	
603000	-464.503572	1	2	2	'0 Z 0 0 Z 1 0 1 	D	0.592422	0.000000	0.592422	0.592422	0.000000	0.014871	0.592422	0.014871	0.335963	0.335544	0.000277	0.328216	0.291912	
604000	-461.634244	1	2	0	'0 1 0 0 0 0 0 1 	D	0.581651	0.024994	0.581651	0.581651	0.581651	0.581651	0.581651	0.024994	0.237554	0.250115	0.249551	0.262780	0.600862	
605000	-463.426564	1	2	2	'0 1 0 0 Z 1 0 Z 	D	0.565757	0.017446	0.565757	0.565757	0.000000	0.017446	0.565757	0.000000	0.282540	0.334347	0.000473	0.382640	0.299082	
606000	-469.132503	1	2	1	'0 1 0 0 1 Z 0 1 	D	0.762116	0.031769	0.762116	0.762116	0.031769	0.000000	0.762116	0.031769	0.325776	0.339394	0.001179	0.333651	0.274452	
607000	-462.994592	1	2	1	'0 1 0 0 0 0 0 Z 	D	0.528181	0.077223	0.528181	0.528181	0.528181	0.528181	0.528181	0.000000	0.240802	0.250547	0.248516	0.260135	0.239197	
608000	-462.438788	1	2	0	'0 1 0 0 0 0 0 1 	D	0.618306	0.009594	0.618306	0.618306	0.618306	0.618306	0.618306	0.009594	0.239412	0.249757	0.250593	0.260238	0.271573	
609000	-462.084360	1	2	1	'0 1 0 0 0 1 0 Z 	D	0.678636	0.038469	0.678636	0.678636	0.678636	0.038469	0.678636	0.000000	0.252133	0.266444	0.201820	0.279602	0.208721	
610000	-463.231762	1	2	2	'1 Z 1 1 Z 1 1 0 	D	0.678675	0.000000	0.678675	0.678675	0.000000	0.678675	0.678675	0.032760	0.254546	0.257639	0.227961	0.259854	0.244425	
611000	-462.428470	1	2	1	'1 0 1 1 1 1 1 Z 	D	0.642932	0.020788	0.642932	0.642932	0.642932	0.642932	0.642932	0.000000	0.247222	0.249833	0.250606	0.252339	0.848736	
612000	-463.074807	1	2	1	'1 0 1 1 1 1 1 Z 	D	0.669426	0.113023	0.669426	0.669426	0.669426	0.669426	0.669426	0.000000	0.247796	0.250014	0.249844	0.252346	0.436760	
613000	-464.287972	1	2	1	'1 0 1 1 1 1 1 Z 	D	0.615324	0.135521	0.615324	0.615324	0.615324	0.615324	0.615324	0.000000	0.245904	0.250067	0.249527	0.254503	0.935194	
614000	-461.628984	1	2	1	'1 0 1 1 1 1 1 Z 	D	0.669957	0.070827	0.669957	0.669957	0.669957	0.669957	0.669957	0.000000	0.247954	0.250013	0.249933	0.252100	0.442446	
615000	-463.982497	1	2	2	'1 0 1 1 Z 0 1 Z 	D	0.782022	0.021868	0.782022	0.782022	0.000000	0.021868	0.782022	0.000000	0.307643	0.334876	0.000661	0.356821	0.593830	
616000	-462.479621	1	2	1	'1 0 1 1 1 1 1 Z 	D	0.762958	0.063886	0.762958	0.762958	0.762958	0.762958	0.762958	0.000000	0.249210	0.249995	0.249998	0.250797	0.331166	
617000	-461.637859	1	2	1	'1 0 1 1 1 1 1 Z 	D	0.675650	0.069872	0.675650	0.675650	0.675650	0.675650	0.675650	0.000000	0.248074	0.250010	0.249944	0.251972	0.521166	
618000	-461.373931	1	2	1	'1 0 1 1 1 1 1 Z 	D	0.594701	0.047340	0.594701	0.594701	0.594701	0.594701	0.594701	0.000000	0.245561	0.250064	0.249935	0.254441	0.480316	
619000	-462.455808	1	2	1	'1 0 1 1 1 1 1 Z 	D	0.711489	0.026829	0.711489	0.711489	0.711489	0.711489	0.711489	0.000000	0.248665	0.249956	0.250154	0.251225	0.758562	
620000	-462.555301	1	2	1	'1 0 1 1 1 1 1 Z 	D	0.769898	0.049357	0.769898	0.769898	0.769898	0.769898	0.769898	0.000000	0.249265	0.249993	0.250014	0.250728	0.334186	
621000	-464.022787	1	2	2	'1 Z 1 1 Z 1 1 0 	D	0.632257	0.000000	0.632257	0.632257	0.000000	0.632257	0.632257	0.046775	0.264384	0.263949	0.210343	0.261323	0.568348	
622000	-462.546113	1	2	1	'1 Z 1 1 1 1 1 0 	D	0.569245	0.000000	0.569245	0.569245	0.569245	0.569245	0.569245	0.047446	0.229358	0.250217	0.249583	0.270842	0.823402	
623000	-462.132682	1	2	1	'1 0 1 1 Z 1 1 0 	D	0.613564	0.010003	0.613564	0.613564	0.000000	0.613564	0.613564	0.010003	0.250565	0.260098	0.220430	0.268907	0.402878	
624000	-462.857565	1	2	3	'1 0 1 1 Z Z 1 Z 	D	0.653971	0.018027	0.653971	0.653971	0.000000	0.000000	0.653971	0.000000	0.297414	0.334903	0.000000	0.367683	0.673070	
625000	-462.952371	1	2	3	'1 0 1 1 Z Z 1 Z 	D	0.671035	0.022081	0.671035	0.671035	0.000000	0.000000	0.671035	0.000000	0.293793	0.335150	0.000000	0.371057	0.761881	
626000	-465.642226	1	2	1	'1 Z 1 1 0 0 1 0 	D	0.576959	0.000000	0.576959	0.576959	0.007194	0.007194	0.576959	0.007194	0.318551	0.334411	0.000252	0.346786	0.897971	
627000	-462.377545	1	2	1	'1 Z 1 1 1 1 1 0 	D	0.649865	0.000000	0.649865	0.649865	0.649865	0.649865	0.649865	0.026525	0.237627	0.249924	0.250223	0.262226	0.957535	
628000	-462.007616	1	2	1	'1 0 1 1 1 1 1 Z 	D	0.571272	0.028767	0.571272	0.571272	0.571272	0.571272	0.571272	0.000000	0.244210	0.249915	0.250569	0.255305	0.525014	
629000	-462.291554	1	2	1	'1 0 1 1 1 1 1 Z 	D	0.641063	0.022016	0.641063	0.641063	0.641063	0.641063	0.641063	0.000000	0.247182	0.249850	0.250557	0.252412	0.810195	
630000	-461.795235	1	2	0	'1 0 1 1 1 0 1 0 	D	0.666563	0.014812	0.666563	0.666563	0.666563	0.014812	0.666563	0.014812	0.258031	0.267690	0.198399	0.275880	0.759858	
631000	-462.314193	1	2	1	'1 0 1 1 1 1 1 Z 	D	0.669913	0.093850	0.669913	0.669913	0.669913	0.669913	0.669913	0.000000	0.247883	0.250016	0.249878	0.252222	0.333654	
632000	-463.793314	1	2	1	'1 Z 1 1 1 1 1 0 	D	0.514491	0.000000	0.514491	0.514491	0.514491	0.514491	0.514491	0.021286	0.214822	0.249382	0.250524	0.285271	0.598364	
633000	-463.873876	1	2	2	'1 Z 1 1 Z 1 1 0 	D	0.771125	0.000000	0.771125	0.771125	0.000000	0.771125	0.771125	0.032684	0.251544	0.253164	0.240826	0.254466	0.508284	
634000	-462.280972	1	2	1	'1 0 1 1 1 Z 1 0 	D	0.607907	0.020630	0.607907	0.607907	0.607907	0.000000	0.607907	0.020630	0.259830	0.276829	0.172904	0.290437	0.905694	
635000	-463.025037	1	2	1	'1 0 1 1 1 0 1 Z 	D	0.766995	0.050336	0.766995	0.766995	0.766995	0.050336	0.766995	0.000000	0.251012	0.259496	0.222328	0.267164	0.170765	
636000	-462.154292	1	2	2	'1 0 1 1 1 Z 1 Z 	D	0.625035	0.029399	0.625035	0.625035	0.625035	0.000000	0.625035	0.000000	0.255549	0.275919	0.173695	0.294838	0.879984	
637000	-461.701049	1	2	1	'1 0 1 1 1 1 1 Z 	D	0.686671	0.069550	0.686671	0.686671	0.686671	0.686671	0.686671	0.000000	0.248282	0.250006	0.249957	0.251755	0.570481	
638000	-465.678343	1	2	1	'1 0 1 1 1 0 1 Z 	D	0.790200	0.098463	0.790200	0.790200	0.790200	0.098463	0.790200	0.000000	0.247247	0.258376	0.225961	0.268416	0.266262	
639000	-463.238495	1	2	2	'1 0 1 1 1 Z 1 Z 	D	0.552621	0.038814	0.552621	0.552621	0.552621	0.000000	0.552621	0.000000	0.245750	0.288798	0.135137	0.330315	0.544302	
640000	-464.339948	1	2	1	'1 0 1 1 1 Z 1 0 	D	0.730051	0.035313	0.730051	0.730051	0.730051	0.000000	0.730051	0.035313	0.256938	0.263599	0.211645	0.267818	0.322222	
641000	-462.844318	1	2	1	'1 Z 1 1 1 1 1 0 	D	0.594752	0.000000	0.594752	0.594752	0.594752	0.594752	0.594752	0.019210	0.230249	0.249605	0.250838	0.269308	0.303463	
642000	-463.851169	1	2	2	'1 Z 1 1 Z 1 1 0 	D	0.571011	0.000000	0.571011	0.571011	0.000000	0.571011	0.571011	0.027300	0.254085	0.264867	0.207402	0.273647	0.334912	
643000	-463.010106	1	2	1	'1 0 1 1 1 0 1 Z 	D	0.579968	0.017449	0.579968	0.579968	0.579968	0.017449	0.579968	0.000000	0.257358	0.277446	0.168771	0.296425	0.115575	
644000	-462.018350	1	2	1	'1 0 1 1 1 1 1 Z 	D	0.668766	0.085259	0.668766	0.668766	0.668766	0.668766	0.668766	0.000000	0.247887	0.250017	0.249894	0.252202	0.563234	
645000	-461.519276	1	2	1	'1 0 1 1 1 1 1 Z 	D	0.581693	0.054692	0.581693	0.581693	0.581693	0.581693	0.581693	0.000000	0.244894	0.250128	0.249743	0.255235	0.211779	
646000	-461.897755	1	2	1	'1 0 1 1 1 Z 1 0 	D	0.660341	0.017507	0.660341	0.660341	0.660341	0.000000	0.660341	0.017507	0.259338	0.269938	0.192170	0.278554	0.293013	
647000	-463.303861	1	2	2	'1 0 1 1 1 Z 1 Z 	D	0.544187	0.034407	0.544187	0.544187	0.544187	0.000000	0.544187	0.000000	0.247058	0.289271	0.133635	0.330036	0.598691	
648000	-464.633615	1	2	2	'1 0 1 1 1 Z 1 Z 	D	0.497619	0.029097	0.497619	0.497619	0.497619	0.000000	0.497619	0.000000	0.242343	0.295865	0.113088	0.348704	0.209894	
649000	-464.548545	1	2	1	'1 Z 1 1 1 1 1 0 	D	0.548593	0.000000	0.548593	0.548593	0.548593	0.548593	0.548593	0.082011	0.229939	0.250706	0.249031	0.270324	0.608920	
650000	-463.766193	1	2	1	'1 Z 1 1 1 1 1 0 	D	0.649964	0.000000	0.649964	0.649964	0.649964	0.649964	0.649964	0.013227	0.236594	0.249603	0.251015	0.262788	0.600609	
651000	-465.389063	1	2	2	'1 Z 1 1 Z 1 1 0 	D	0.511263	0.000000	0.511263	0.511263	0.000000	0.511263	0.511263	0.019159	0.243950	0.268273	0.197209	0.290568	0.437017	
652000	-464.558747	1	2	1	'1 Z 1 1 1 1 1 0 	D	0.705206	0.000000	0.705206	0.705206	0.705206	0.705206	0.705206	0.095901	0.244186	0.250110	0.250022	0.255682	0.438722	
653000	-464.338609	1	2	1	'1 0 1 1 Z 0 1 0 	D	0.651952	0.003362	0.651952	0.651952	0.000000	0.003362	0.651952	0.003362	0.322051	0.334182	0.000015	0.343752	0.525621	
654000	-464.053999	1	2	3	'1 0 1 1 Z Z 1 Z 	D	0.783207	0.014845	0.783207	0.783207	0.000000	0.000000	0.783207	0.000000	0.314716	0.334660	0.000000	0.350624	0.599377	
655000	-466.647178	1	2	2	'1 0 1 1 1 Z 1 Z 	D	0.459918	0.040953	0.459918	0.459918	0.459918	0.000000	0.459918	0.000000	0.220127	0.303778	0.085361	0.390734	0.142470	
656000	-461.424534	1	2	1	'1 0 1 1 1 1 1 Z 	D	0.613549	0.062815	0.613549	0.613549	0.613549	0.613549	0.613549	0.000000	0.246332	0.250066	0.249826	0.253776	0.876956	
657000	-462.567273	1	2	1	'1 0 1 1 1 0 1 Z 	D	0.749347	0.029543	0.749347	0.749347	0.749347	0.029543	0.749347	0.000000	0.253417	0.260028	0.220504	0.266051	0.852100	
658000	-461.282417	1	2	1	'1 0 1 1 1 1 1 Z 	D	0.613851	0.049323	0.613851	0.613851	0.613851	0.613851	0.613851	0.000000	0.246373	0.250038	0.249962	0.253627	0.243960	
659000	-461.436019	1	2	1	'1 0 1 1 1 1 1 Z 	D	0.644236	0.065362	0.644236	0.644236	0.644236	0.644236	0.644236	0.000000	0.247339	0.250028	0.249906	0.252727	0.966796	
660000	-461.422837	1	2	1	'1 0 1 1 1 1 1 Z 	D	0.591319	0.042682	0.591319	0.591319	0.591319	0.591319	0.591319	0.000000	0.245397	0.250047	0.250017	0.254539	0.778401	
661000	-462.339382	1	2	1	'1 0 1 1 1 0 1 Z 	D	0.676013	0.048242	0.676013	0.676013	0.676013	0.048242	0.676013	0.000000	0.249965	0.266964	0.200457	0.282613	0.141314	
662000	-461.730294	1	2	1	'1 0 1 1 1 1 1 Z 	D	0.600136	0.072772	0.600136	0.600136	0.600136	0.600136	0.600136	0.000000	0.245724	0.250108	0.249676	0.254492	0.350535	
663000	-462.086312	1	2	1	'1 0 1 1 1 1 1 Z 	D	0.553248	0.064804	0.553248	0.553248	0.553248	0.553248	0.553248	0.000000	0.243046	0.250297	0.249267	0.257389	0.418195	
664000	-463.156931	1	2	1	'1 0 1 1 Z 1 1 0 	D	0.784140	0.022673	0.784140	0.784140	0.000000	0.784140	0.784140	0.022673	0.251607	0.253339	0.240381	0.254673	0.475363	
665000	-462.827223	1	2	0	'1 0 1 1 1 0 1 0 	D	0.538643	0.012697	0.538643	0.538643	0.538643	0.012697	0.538643	0.012697	0.256727	0.284902	0.148044	0.310327	0.627513	
666000	-463.259910	1	2	2	'1 0 1 1 0 Z 1 Z 	D	0.585400	0.024532	0.585400	0.585400	0.024532	0.000000	0.585400	0.000000	0.274062	0.334535	0.000524	0.390879	0.337563	
667000	-464.006463	1	2	1	'1 0 1 1 0 0 1 Z 	D	0.591327	0.038591	0.591327	0.591327	0.038591	0.038591	0.591327	0.000000	0.256584	0.332345	0.006574	0.404497	0.713669	
668000	-461.896091	1	2	1	'1 0 1 1 1 1 1 Z 	D	0.661052	0.082160	0.661052	0.661052	0.661052	0.661052	0.661052	0.000000	0.247721	0.250021	0.249884	0.252373	0.232099	
669000	-461.785144	1	2	1	'1 0 1 1 1 1 1 Z 	D	0.560616	0.039503	0.560616	0.560616	0.560616	0.560616	0.560616	0.000000	0.243624	0.250106	0.249988	0.256282	0.662019	
670000	-463.481041	1	2	1	'1 Z 1 1 1 1 1 0 	D	0.591182	0.000000	0.591182	0.591182	0.591182	0.591182	0.591182	0.074985	0.234668	0.250347	0.249656	0.265329	0.626359	
671000	-461.859441	1	2	0	'1 0 1 1 0 1 1 0 	D	0.615783	0.015555	0.615783	0.615783	0.015555	0.615783	0.615783	0.015555	0.251028	0.259594	0.222311	0.267068	0.171272	
672000	-465.607590	1	2	1	'1 Z 1 1 0 1 1 0 	D	0.538644	0.000000	0.538644	0.538644	0.053672	0.538644	0.538644	0.053672	0.264972	0.267546	0.201937	0.265545	0.686722	
673000	-462.134324	1	2	1	'1 Z 1 1 1 1 1 0 	D	0.643169	0.000000	0.643169	0.643169	0.643169	0.643169	0.643169	0.034116	0.237433	0.249991	0.250099	0.262476	0.253636	
674000	-463.703418	1	2	0	'1 0 1 1 0 1 1 0 	D	0.733862	0.033799	0.733862	0.733862	0.033799	0.733862	0.733862	0.033799	0.252086	0.254317	0.237870	0.255727	0.230317	
675000	-465.647222	1	2	1	'1 0 1 1 1 1 1 Z 	D	0.823493	0.138190	0.823493	0.823493	0.823493	0.823493	0.823493	0.000000	0.249522	0.249993	0.249983	0.250501	0.262001	
676000	-464.262229	1	2	2	'1 0 1 1 Z 0 1 Z 	D	0.526688	0.016498	0.526688	0.526688	0.000000	0.016498	0.526688	0.000000	0.274080	0.334030	0.000437	0.391453	0.749390	
677000	-461.983514	1	2	0	'1 0 1 1 1 1 1 0 	D	0.556248	0.016198	0.556248	0.556248	0.556248	0.556248	0.556248	0.016198	0.233519	0.250009	0.249724	0.266748	0.289991	
678000	-463.736717	1	2	1	'1 Z 1 1 1 1 1 0 	D	0.561910	0.000000	0.561910	0.561910	0.561910	0.561910	0.561910	0.072593	0.230807	0.250509	0.249305	0.269380	0.537920	
679000	-463.137133	1	2	1	'1 Z 1 1 0 1 1 0 	D	0.680433	0.000000	0.680433	0.680433	0.035750	0.680433	0.680433	0.035750	0.251796	0.255188	0.235142	0.257874	0.665076	
680000	-461.878953	1	2	1	'1 0 1 1 1 1 1 Z 	D	0.578064	0.029942	0.578064	0.578064	0.578064	0.578064	0.578064	0.000000	0.244627	0.249932	0.250477	0.254964	0.585652	
681000	-462.542005	1	2	1	'1 0 1 1 1 1 1 Z 	D	0.684676	0.098352	0.684676	0.684676	0.684676	0.684676	0.684676	0.000000	0.248171	0.250008	0.249901	0.251920	0.213005	
682000	-461.453784	1	2	1	'1 0 1 1 1 1 1 Z 	D	0.670223	0.041706	0.670223	0.670223	0.670223	0.670223	0.670223	0.000000	0.247991	0.249984	0.250073	0.251951	0.511364	
683000	-462.451355	1	2	0	'0 1 0 0 0 0 0 1 	D	0.543670	0.030886	0.543670	0.543670	0.543670	0.543670	0.543670	0.030886	0.233872	0.250379	0.248789	0.266960	0.795624	
684000	-462.690167	1	2	1	'0 1 0 0 0 0 0 Z 	D	0.606165	0.018439	0.606165	0.606165	0.606165	0.606165	0.606165	0.000000	0.245823	0.249672	0.251195	0.253310	0.491161	
685000	-464.307180	1	2	1	'0 1 0 0 Z 1 0 1 	D	0.597002	0.017304	0.597002	0.597002	0.000000	0.017304	0.597002	0.017304	0.314679	0.338165	0.000410	0.346746	0.428556	
686000	-461.355001	1	2	1	'0 1 0 0 0 0 0 Z 	D	0.615000	0.039810	0.615000	0.615000	0.615000	0.615000	0.615000	0.000000	0.246412	0.249998	0.250111	0.253478	0.471267	
687000	-462.835244	1	2	1	'0 1 0 0 0 0 0 Z 	D	0.574947	0.096194	0.574947	0.574947	0.574947	0.574947	0.574947	0.000000	0.244195	0.250209	0.249261	0.256334	0.754690	
688000	-463.878564	1	2	2	'0 1 0 0 Z 1 0 Z 	D	0.736785	0.030748	0.736785	0.736785	0.000000	0.030748	0.736785	0.000000	0.293516	0.335109	0.001371	0.370004	0.679176	
689000	-462.210612	1	2	2	'0 1 0 0 0 Z 0 Z 	D	0.629580	0.036819	0.629580	0.629580	0.629580	0.000000	0.629580	0.000000	0.253410	0.276669	0.171685	0.298236	0.267240	
690000	-462.711899	1	2	1	'0 Z 0 0 0 0 0 1 	D	0.690691	0.000000	0.690691	0.690691	0.690691	0.690691	0.690691	0.057652	0.242218	0.250069	0.250023	0.257689	0.575202	
691000	-462.803848	1	2	0	'0 1 0 0 0 0 0 1 	D	0.526899	0.012619	0.526899	0.526899	0.526899	0.526899	0.526899	0.012619	0.228432	0.249880	0.249914	0.271774	0.968125	
692000	-462.810851	1	2	1	'0 Z 0 0 0 0 0 1 	D	0.606297	0.000000	0.606297	0.606297	0.606297	0.606297	0.606297	0.019210	0.231923	0.249657	0.250756	0.267664	0.127251	
693000	-462.303586	1	2	1	'0 1 0 0 0 Z 0 1 	D	0.669782	0.022326	0.669782	0.669782	0.669782	0.000000	0.669782	0.022326	0.258946	0.269118	0.195042	0.276895	0.471774	
694000	-463.285419	1	2	1	'0 1 0 0 1 1 0 Z 	D	0.727473	0.016516	0.727473	0.727473	0.016516	0.016516	0.727473	0.000000	0.309126	0.334313	0.001292	0.355268	0.859827	
695000	-464.319656	1	2	3	'0 Z 0 0 Z Z 0 1 	D	0.646477	0.000000	0.646477	0.646477	0.000000	0.000000	0.646477	0.019931	0.348872	0.335850	0.000000	0.315277	0.473823	
696000	-464.523575	1	2	2	'0 Z 0 0 Z 0 0 1 	D	0.587145	0.000000	0.587145	0.587145	0.000000	0.587145	0.587145	0.011448	0.241574	0.258116	0.225896	0.274414	0.918615	
697000	-462.870665	1	2	2	'0 1 0 0 Z 1 0 Z 	D	0.637783	0.021968	0.637783	0.637783	0.000000	0.021968	0.637783	0.000000	0.289662	0.334749	0.000723	0.374866	0.471802	
698000	-464.114646	1	2	1	'0 1 0 0 0 1 0 Z 	D	0.546975	0.060188	0.546975	0.546975	0.546975	0.060188	0.546975	0.000000	0.232882	0.283076	0.151553	0.332490	0.452311	
699000	-462.739160	1	2	1	'0 1 0 0 0 1 0 Z 	D	0.683069	0.016709	0.683069	0.683069	0.683069	0.016709	0.683069	0.000000	0.256763	0.264782	0.206239	0.272216	0.475564	
700000	-462.614781	1	2	2	'0 1 0 0 0 Z 0 Z 	D	0.718756	0.046519	0.718756	0.718756	0.718756	0.000000	0.718756	0.000000	0.253154	0.267292	0.199538	0.280016	0.589328	
701000	-463.014686	1	2	1	'0 1 0 0 0 0 0 Z 	D	0.613508	0.109170	0.613508	0.613508	0.613508	0.613508	0.613508	0.000000	0.246048	0.250083	0.249592	0.254278	0.359175	
702000	-464.494857	1	2	2	'0 1 0 0 0 Z 0 Z 	D	0.501543	0.026444	0.501543	0.501543	0.501543	0.000000	0.501543	0.000000	0.245338	0.294656	0.116967	0.343039	0.701017	
703000	-464.567220	1	2	3	'0 1 0 0 Z Z 0 Z 	D	0.763981	0.033697	0.763981	0.763981	0.000000	0.000000	0.763981	0.000000	0.292131	0.335866	0.000000	0.372003	0.348078	
704000	-464.390990	1	2	2	'0 1 0 0 0 Z 0 Z 	D	0.735680	0.076861	0.735680	0.735680	0.735680	0.000000	0.735680	0.000000	0.249275	0.269228	0.194494	0.287004	0.663515	
705000	-463.197180	1	2	3	'0 1 0 0 Z Z 0 Z 	D	0.718305	0.018495	0.718305	0.718305	0.000000	0.000000	0.718305	0.000000	0.304868	0.334973	0.000000	0.360159	0.513916	
706000	-462.817737	1	2	0	'0 1 0 0 0 0 0 1 	D	0.771723	0.023154	0.771723	0.771723	0.771723	0.771723	0.771723	0.023154	0.247416	0.249996	0.250006	0.252583	0.432175	
707000	-462.030346	1	2	0	'0 1 0 0 1 0 0 1 	D	0.615926	0.019596	0.615926	0.615926	0.019596	0.615926	0.615926	0.019596	0.251785	0.259826	0.221926	0.266463	0.480475	
708000	-465.109606	1	2	2	'0 Z 0 0 Z 1 0 1 	D	0.680179	0.000000	0.680179	0.680179	0.000000	0.007797	0.680179	0.007797	0.331466	0.334294	0.000078	0.334162	0.444873	
709000	-462.092628	1	2	0	'0 1 0 0 0 0 0 1 	D	0.591003	0.035113	0.591003	0.591003	0.591003	0.591003	0.591003	0.035113	0.239368	0.250162	0.249482	0.260987	0.343906	
710000	-462.166453	1	2	1	'0 1 0 0 0 Z 0 1 	D	0.578656	0.013905	0.578656	0.578656	0.578656	0.000000	0.578656	0.013905	0.259921	0.280533	0.161030	0.298516	0.578722	
711000	-462.097473	1	2	1	'1 Z 1 1 1 1 1 0 	D	0.635511	0.000000	0.635511	0.635511	0.635511	0.635511	0.635511	0.040513	0.237058	0.250040	0.250026	0.262877	0.488696	
712000	-461.478343	1	2	1	'1 0 1 1 1 1 1 Z 	D	0.674718	0.060915	0.674718	0.674718	0.674718	0.674718	0.674718	0.000000	0.248072	0.250006	0.249971	0.251951	0.383268	
713000	-461.416479	1	2	1	'1 0 1 1 1 1 1 Z 	D	0.612733	0.062197	0.612733	0.612733	0.612733	0.612733	0.612733	0.000000	0.246302	0.250067	0.249827	0.253804	0.546562	
714000	-462.235555	1	2	1	'1 Z 1 1 1 1 1 0 	D	0.589461	0.000000	0.589461	0.589461	0.589461	0.589461	0.589461	0.031804	0.230822	0.249952	0.250061	0.269164	0.446081	
715000	-465.060821	1	2	1	'1 0 1 1 1 1 1 Z 	D	0.485306	0.092926	0.485306	0.485306	0.485306	0.485306	0.485306	0.000000	0.235261	0.251312	0.246276	0.267150	0.496430	
716000	-461.521063	1	2	1	'1 0 1 1 1 1 1 Z 	D	0.588648	0.037738	0.588648	0.588648	0.588648	0.588648	0.588648	0.000000	0.245252	0.250016	0.250143	0.254590	0.557857	
717000	-463.358166	1	2	1	'1 0 1 1 1 1 1 Z 	D	0.503034	0.029264	0.503034	0.503034	0.503034	0.503034	0.503034	0.000000	0.238220	0.250241	0.250258	0.261282	0.579758	
718000	-461.724548	1	2	1	'1 0 1 1 1 1 1 Z 	D	0.651297	0.077060	0.651297	0.651297	0.651297	0.651297	0.651297	0.000000	0.247494	0.250028	0.249876	0.252602	0.740606	
719000	-461.520167	1	2	1	'1 0 1 1 1 1 1 Z 	D	0.647814	0.034609	0.647814	0.647814	0.647814	0.647814	0.647814	0.000000	0.247450	0.249962	0.250177	0.252411	0.465864	
720000	-463.667445	1	2	1	'1 Z 1 1 1 1 1 0 	D	0.777519	0.000000	0.777519	0.777519	0.777519	0.777519	0.777519	0.035771	0.245735	0.250009	0.250041	0.254215	0.731175	
721000	-464.475039	1	2	1	'1 0 1 1 Z 1 1 0 	D	0.861940	0.024090	0.861940	0.861940	0.000000	0.861940	0.861940	0.024090	0.250790	0.251645	0.245255	0.252311	0.614390	
722000	-463.175312	1	2	1	'1 Z 1 1 0 1 1 0 	D	0.692104	0.000000	0.692104	0.692104	0.035882	0.692104	0.692104	0.035882	0.251566	0.254653	0.236666	0.257116	0.941884	
723000	-464.141005	1	2	2	'1 0 1 1 Z 0 1 Z 	D	0.795457	0.017786	0.795457	0.795457	0.000000	0.017786	0.795457	0.000000	0.312800	0.334674	0.000430	0.352096	0.349905	
724000	-462.567507	1	2	2	'1 0 1 1 1 Z 1 Z 	D	0.639067	0.048096	0.639067	0.639067	0.639067	0.000000	0.639067	0.000000	0.250535	0.277325	0.170037	0.302102	0.861256	
725000	-461.302950	1	2	1	'1 0 1 1 1 1 1 Z 	D	0.649834	0.054332	0.649834	0.649834	0.649834	0.649834	0.649834	0.000000	0.247512	0.250013	0.249978	0.252498	0.794186	
726000	-463.880278	1	2	2	'1 0 1 1 1 Z 1 Z 	D	0.552956	0.013918	0.552956	0.552956	0.552956	0.000000	0.552956	0.000000	0.259708	0.283266	0.151355	0.305671	0.199795	
727000	-461.586693	1	2	0	'1 0 1 1 1 1 1 0 	D	0.648974	0.028874	0.648974	0.648974	0.648974	0.648974	0.648974	0.028874	0.243080	0.250029	0.249878	0.257013	0.357655	
728000	-461.379704	1	2	1	'1 0 1 1 1 1 1 Z 	D	0.666032	0.056053	0.666032	0.666032	0.666032	0.666032	0.666032	0.000000	0.247897	0.250006	0.249984	0.252113	0.254189	
729000	-463.388252	1	2	1	'1 Z 1 1 0 1 1 0 	D	0.623888	0.000000	0.623888	0.623888	0.039597	0.623888	0.623888	0.039597	0.254629	0.258851	0.224899	0.261621	0.214826	
730000	-462.093356	1	2	2	'1 0 1 1 1 Z 1 Z 	D	0.640247	0.030964	0.640247	0.640247	0.640247	0.000000	0.640247	0.000000	0.255405	0.274159	0.178950	0.291486	0.426049	
731000	-462.246051	1	2	1	'1 0 1 1 1 1 1 Z 	D	0.601417	0.088648	0.601417	0.601417	0.601417	0.601417	0.601417	0.000000	0.245677	0.250113	0.249586	0.254624	0.147508	
732000	-462.975089	1	2	1	'1 0 1 1 1 Z 1 0 	D	0.534059	0.011824	0.534059	0.534059	0.534059	0.000000	0.534059	0.011824	0.257926	0.287362	0.140646	0.314066	0.941365	
733000	-461.336365	1	2	1	'1 0 1 1 1 1 1 Z 	D	0.602608	0.045058	0.602608	0.602608	0.602608	0.602608	0.602608	0.000000	0.245917	0.250039	0.249999	0.254046	0.332963	
734000	-463.460947	1	2	0	'1 0 1 1 1 0 1 0 	D	0.522870	0.009093	0.522870	0.522870	0.522870	0.009093	0.522870	0.009093	0.256224	0.287529	0.139320	0.316927	0.232504	
735000	-462.181136	1	2	1	'1 0 1 1 1 1 1 Z 	D	0.680285	0.088700	0.680285	0.680285	0.680285	0.680285	0.680285	0.000000	0.248117	0.250011	0.249909	0.251964	0.348273	
736000	-463.334009	1	2	1	'1 Z 1 1 0 1 1 0 	D	0.711849	0.000000	0.711849	0.711849	0.038147	0.711849	0.711849	0.038147	0.251676	0.254010	0.238511	0.255803	0.533083	
737000	-461.981530	1	2	0	'1 0 1 1 1 1 1 0 	D	0.564669	0.014633	0.564669	0.564669	0.564669	0.564669	0.564669	0.014633	0.234377	0.249933	0.249962	0.265728	0.476339	
738000	-461.432412	1	2	1	'1 0 1 1 1 1 1 Z 	D	0.587056	0.046406	0.587056	0.587056	0.587056	0.587056	0.587056	0.000000	0.245187	0.250077	0.249922	0.254814	0.425692	
739000	-463.045306	1	2	3	'1 0 1 1 Z Z 1 Z 	D	0.671275	0.013957	0.671275	0.671275	0.000000	0.000000	0.671275	0.000000	0.306071	0.334654	0.000000	0.359275	0.550847	
740000	-461.475523	1	2	1	'1 0 1 1 1 1 1 Z 	D	0.682743	0.047978	0.682743	0.682743	0.682743	0.682743	0.682743	0.000000	0.248236	0.249993	0.250030	0.251741	0.484864	
741000	-462.125585	1	2	2	'1 0 1 1 1 Z 1 Z 	D	0.643140	0.035107	0.643140	0.643140	0.643140	0.000000	0.643140	0.000000	0.254342	0.274518	0.178009	0.293131	0.204791	
742000	-461.460773	1	2	1	'1 0 1 1 1 1 1 Z 	D	0.584830	0.044229	0.584830	0.584830	0.584830	0.584830	0.584830	0.000000	0.245072	0.250070	0.249960	0.254898	0.516683	
743000	-462.465606	1	2	1	'1 0 1 1 1 1 1 Z 	D	0.637348	0.020299	0.637348	0.637348	0.637348	0.637348	0.637348	0.000000	0.247045	0.249813	0.250679	0.252463	0.877895	
744000	-463.697565	1	2	1	'1 0 1 1 1 1 1 Z 	D	0.832180	0.051160	0.832180	0.832180	0.832180	0.832180	0.832180	0.000000	0.249595	0.249996	0.250005	0.250404	0.550497	
745000	-463.417581	1	2	0	'1 0 1 1 1 1 1 0 	D	0.791369	0.034970	0.791369	0.791369	0.791369	0.791369	0.791369	0.034970	0.248009	0.250001	0.249994	0.251996	0.274999	
746000	-462.724617	1	2	1	'1 Z 1 1 1 1 1 0 	D	0.578755	0.000000	0.578755	0.578755	0.578755	0.578755	0.578755	0.056285	0.231565	0.250273	0.249605	0.268556	0.307849	
747000	-463.053925	1	2	1	'1 Z 1 1 1 1 1 0 	D	0.705700	0.000000	0.705700	0.705700	0.705700	0.705700	0.705700	0.023517	0.241938	0.249952	0.250167	0.257942	0.583549	
748000	-464.247013	1	2	1	'1 Z 1 1 0 0 1 0 	D	0.694582	0.000000	0.694582	0.694582	0.016571	0.016571	0.694582	0.016571	0.343090	0.334715	0.001300	0.320895	0.567784	
749000	-463.612885	1	2	0	'1 0 1 1 1 0 1 0 	D	0.561526	0.027568	0.561526	0.561526	0.561526	0.027568	0.561526	0.027568	0.255385	0.280681	0.163493	0.300441	0.293412	
750000	-464.744199	1	2	1	'1 0 1 1 1 1 1 Z 	D	0.725711	0.143721	0.725711	0.725711	0.725711	0.725711	0.725711	0.000000	0.248700	0.249991	0.249922	0.251387	0.391085	
751000	-462.558422	1	2	1	'1 0 1 1 1 1 1 Z 	D	0.574129	0.089193	0.574129	0.574129	0.574129	0.574129	0.574129	0.000000	0.244219	0.250212	0.249300	0.256269	0.806372	
752000	-465.428509	1	2	1	'1 Z 1 1 1 1 1 0 	D	0.467235	0.000000	0.467235	0.467235	0.467235	0.467235	0.467235	0.021090	0.201525	0.249423	0.249016	0.300037	0.161024	
753000	-461.730065	1	2	0	'1 0 1 1 1 1 1 0 	D	0.682773	0.027791	0.682773	0.682773	0.682773	0.682773	0.682773	0.027791	0.244737	0.250009	0.249951	0.255303	0.281809	
754000	-461.275546	1	2	1	'1 0 1 1 1 1 1 Z 	D	0.643469	0.047700	0.643469	0.643469	0.643469	0.643469	0.643469	0.000000	0.247346	0.250005	0.250022	0.252627	0.373624	
755000	-462.383652	1	2	1	'1 0 1 1 1 1 1 Z 	D	0.752094	0.068531	0.752094	0.752094	0.752094	0.752094	0.752094	0.000000	0.249117	0.249996	0.249992	0.250895	0.482279	
756000	-462.943585	1	2	3	'1 0 1 1 Z Z 1 Z 	D	0.647163	0.014933	0.647163	0.647163	0.000000	0.000000	0.647163	0.000000	0.301419	0.334708	0.000000	0.363873	0.520774	
757000	-463.410377	1	2	1	'1 Z 1 1 1 1 1 0 	D	0.514760	0.000000	0.514760	0.514760	0.514760	0.514760	0.514760	0.031866	0.216988	0.250077	0.249080	0.283854	0.208328	
758000	-462.770424	1	2	1	'1 0 1 1 1 1 1 Z 	D	0.587702	0.018455	0.587702	0.587702	0.587702	0.587702	0.587702	0.000000	0.244904	0.249601	0.251483	0.254012	0.699683	
759000	-464.924125	1	2	1	'1 0 1 1 1 1 1 Z 	D	0.495796	0.098736	0.495796	0.495796	0.495796	0.495796	0.495796	0.000000	0.236610	0.251072	0.246815	0.265504	0.207036	
760000	-462.022172	1	2	0	'1 0 1 1 1 1 1 0 	D	0.550587	0.024680	0.550587	0.550587	0.550587	0.550587	0.550587	0.024680	0.233957	0.250241	0.249125	0.266677	0.454715	
761000	-462.618202	1	2	1	'1 0 1 1 1 1 1 Z 	D	0.588756	0.095096	0.588756	0.588756	0.588756	0.588756	0.588756	0.000000	0.244997	0.250153	0.249435	0.255415	0.172738	
762000	-462.634084	1	2	1	'1 Z 1 1 1 1 1 0 	D	0.709583	0.000000	0.709583	0.709583	0.709583	0.709583	0.709583	0.036108	0.242627	0.250009	0.250070	0.257294	0.325078	
763000	-461.867665	1	2	1	'1 0 1 1 1 1 1 Z 	D	0.605341	0.078549	0.605341	0.605341	0.605341	0.605341	0.605341	0.000000	0.245920	0.250099	0.249672	0.254309	0.368590	
764000	-461.705858	1	2	1	'1 0 1 1 1 1 1 Z 	D	0.586614	0.067566	0.586614	0.586614	0.586614	0.586614	0.586614	0.000000	0.245097	0.250142	0.249619	0.255142	0.477519	
765000	-461.465712	1	2	1	'1 0 1 1 1 1 1 Z 	D	0.681111	0.047485	0.681111	0.681111	0.681111	0.681111	0.681111	0.000000	0.248206	0.249992	0.250033	0.251768	0.398405	
766000	-462.635294	1	2	2	'1 0 1 1 1 Z 1 Z 	D	0.646889	0.017038	0.646889	0.646889	0.646889	0.000000	0.646889	0.000000	0.258917	0.270677	0.188808	0.281598	0.305605	
767000	-462.592899	1	2	1	'1 0 1 1 1 1 1 Z 	D	0.524552	0.060065	0.524552	0.524552	0.524552	0.524552	0.524552	0.000000	0.240654	0.250531	0.248774	0.260041	0.254500	
768000	-461.469485	1	2	1	'1 0 1 1 1 1 1 Z 	D	0.603970	0.036292	0.603970	0.603970	0.603970	0.603970	0.603970	0.000000	0.245957	0.249985	0.250191	0.253866	0.810493	
769000	-462.759007	1	2	2	'1 0 1 1 1 Z 1 Z 	D	0.732704	0.047731	0.732704	0.732704	0.732704	0.000000	0.732704	0.000000	0.253057	0.266029	0.203253	0.277660	0.628845	
770000	-462.824953	1	2	1	'1 0 1 1 1 1 1 Z 	D	0.637418	0.107263	0.637418	0.637418	0.637418	0.637418	0.637418	0.000000	0.246945	0.250044	0.249739	0.253272	0.944851	
771000	-463.551897	1	2	2	'1 0 1 1 1 Z 1 Z 	D	0.821077	0.037378	0.821077	0.821077	0.821077	0.000000	0.821077	0.000000	0.253038	0.258054	0.226387	0.262521	0.695630	
772000	-461.300653	1	2	1	'1 0 1 1 1 1 1 Z 	D	0.653331	0.049548	0.653331	0.653331	0.653331	0.653331	0.653331	0.000000	0.247605	0.250004	0.250013	0.252378	0.544445	
773000	-462.504857	1	2	1	'1 0 1 1 1 0 1 Z 	D	0.603133	0.020816	0.603133	0.603133	0.603133	0.020816	0.603133	0.000000	0.256333	0.274469	0.177703	0.291494	0.574931	
774000	-462.013790	1	2	0	'1 0 1 1 1 0 1 0 	D	0.653018	0.020060	0.653018	0.653018	0.653018	0.020060	0.653018	0.020060	0.257711	0.268957	0.195311	0.278021	0.748107	
775000	-464.161841	1	2	1	'1 0 1 1 1 0 1 Z 	D	0.517417	0.043908	0.517417	0.517417	0.517417	0.043908	0.517417	0.000000	0.235187	0.287733	0.137332	0.339748	0.383637	
776000	-462.716694	1	2	0	'0 1 0 0 0 1 0 1 	D	0.567124	0.008250	0.567124	0.567124	0.567124	0.008250	0.567124	0.008250	0.259148	0.280604	0.159608	0.300639	0.312900	
777000	-462.727182	1	2	1	'0 1 0 0 0 Z 0 1 	D	0.601788	0.024121	0.601788	0.601788	0.601788	0.000000	0.601788	0.024121	0.259581	0.277955	0.170312	0.292151	0.427876	
778000	-462.760558	1	2	1	'0 1 0 0 0 1 0 Z 	D	0.674611	0.016217	0.674611	0.674611	0.674611	0.016217	0.674611	0.000000	0.257098	0.265593	0.203830	0.273479	0.264181	
779000	-461.956199	1	2	1	'0 1 0 0 0 0 0 Z 	D	0.713187	0.037418	0.713187	0.713187	0.713187	0.713187	0.713187	0.000000	0.248704	0.249980	0.250071	0.251245	0.433010	
780000	-462.362671	1	2	2	'1 0 1 1 1 Z 1 Z 	D	0.725115	0.033475	0.725115	0.725115	0.725115	0.000000	0.725115	0.000000	0.254843	0.264912	0.206234	0.274011	0.405472	
781000	-462.992248	1	2	1	'1 0 1 1 1 0 1 Z 	D	0.596115	0.054979	0.596115	0.596115	0.596115	0.054979	0.596115	0.000000	0.242672	0.276420	0.172365	0.308543	0.629581	
782000	-462.977754	1	2	1	'1 0 1 1 1 1 1 Z 	D	0.510206	0.059407	0.510206	0.510206	0.510206	0.510206	0.510206	0.000000	0.239163	0.250716	0.248355	0.261765	0.998279	
783000	-463.749326	1	2	1	'1 0 1 1 1 1 1 Z 	D	0.811205	0.088989	0.811205	0.811205	0.811205	0.811205	0.811205	0.000000	0.249496	0.249996	0.249991	0.250517	0.636202	
784000	-467.790140	1	2	1	'1 Z 1 1 1 1 1 0 	D	0.691995	0.000000	0.691995	0.691995	0.691995	0.691995	0.691995	0.146971	0.245053	0.250166	0.250014	0.254767	0.850480	
785000	-465.126096	1	2	1	'1 Z 1 1 1 1 1 0 	D	0.505242	0.000000	0.505242	0.505242	0.505242	0.505242	0.505242	0.072311	0.221552	0.251229	0.247666	0.279553	0.178920	
786000	-462.574054	1	2	1	'1 0 1 1 1 1 1 Z 	D	0.771175	0.049664	0.771175	0.771175	0.771175	0.771175	0.771175	0.000000	0.249274	0.249993	0.250013	0.250720	0.485003	
787000	-463.260095	1	2	1	'1 0 1 1 1 1 1 Z 	D	0.625394	0.116004	0.625394	0.625394	0.625394	0.625394	0.625394	0.000000	0.246468	0.250058	0.249651	0.253822	0.381646	
788000	-462.098935	1	2	2	'1 0 1 1 1 Z 1 Z 	D	0.675919	0.029302	0.675919	0.675919	0.675919	0.000000	0.675919	0.000000	0.255963	0.269459	0.192769	0.281810	0.777617	
789000	-465.081470	1	2	1	'1 0 1 1 Z 0 1 0 	D	0.504028	0.006505	0.504028	0.504028	0.000000	0.006505	0.504028	0.006505	0.296307	0.335530	0.000064	0.368099	0.335733	
790000	-461.975859	1	2	1	'1 0 1 1 1 1 1 Z 	D	0.603325	0.081457	0.603325	0.603325	0.603325	0.603325	0.603325	0.000000	0.245813	0.250106	0.249641	0.254440	0.191385	
791000	-462.127376	1	2	1	'1 0 1 1 1 0 1 Z 	D	0.680317	0.026039	0.680317	0.680317	0.680317	0.026039	0.680317	0.000000	0.254859	0.265733	0.203656	0.275751	0.771492	
792000	-463.742575	1	2	1	'1 0 1 1 1 1 1 Z 	D	0.612805	0.124395	0.612805	0.612805	0.612805	0.612805	0.612805	0.000000	0.245891	0.250078	0.249538	0.254493	0.684622	
793000	-462.322035	1	2	1	'1 0 1 1 1 0 1 Z 	D	0.666124	0.048026	0.666124	0.666124	0.666124	0.048026	0.666124	0.000000	0.249677	0.267985	0.197452	0.284886	0.806255	
794000	-464.554133	1	2	1	'1 0 1 1 1 1 1 Z 	D	0.504540	0.097593	0.504540	0.504540	0.504540	0.504540	0.504540	0.000000	0.237795	0.250904	0.247293	0.264008	0.483150	
795000	-462.808140	1	2	2	'1 0 1 1 1 Z 1 Z 	D	0.585194	0.042635	0.585194	0.585194	0.585194	0.000000	0.585194	0.000000	0.248039	0.284354	0.148807	0.318800	0.720080	
796000	-461.569742	1	2	1	'1 0 1 1 1 1 1 Z 	D	0.599550	0.033722	0.599550	0.599550	0.599550	0.599550	0.599550	0.000000	0.245751	0.249966	0.250272	0.254011	0.998708	
797000	-462.461226	1	2	2	'1 0 1 1 1 Z 1 Z 	D	0.596628	0.036343	0.596628	0.596628	0.596628	0.000000	0.596628	0.000000	0.251735	0.281371	0.157653	0.309240	0.826999	
798000	-463.971020	1	2	1	'1 0 1 1 1 1 1 Z 	D	0.845517	0.064483	0.845517	0.845517	0.845517	0.845517	0.845517	0.000000	0.249642	0.249997	0.250000	0.250361	0.345134	
799000	-462.008922	1	2	0	'1 0 1 1 1 1 1 0 	D	0.669858	0.013484	0.669858	0.669858	0.669858	0.669858	0.669858	0.013484	0.243390	0.249937	0.250138	0.256535	0.653789	
800000	-462.769785	1	2	0	'1 0 1 1 0 1 1 0 	D	0.547925	0.017135	0.547925	0.547925	0.017135	0.547925	0.547925	0.017135	0.249664	0.264965	0.207346	0.278024	0.141602	
801000	-462.727911	1	2	1	'1 0 1 1 1 1 1 Z 	D	0.553217	0.084869	0.553217	0.553217	0.553217	0.553217	0.553217	0.000000	0.242841	0.250331	0.249004	0.257824	0.460445	
802000	-461.888548	1	2	1	'1 0 1 1 1 1 1 Z 	D	0.720364	0.044581	0.720364	0.720364	0.720364	0.720364	0.720364	0.000000	0.248798	0.249988	0.250036	0.251177	0.704019	
803000	-463.974073	1	2	3	'1 0 1 1 Z Z 1 Z 	D	0.592738	0.035161	0.592738	0.592738	0.000000	0.000000	0.592738	0.000000	0.256010	0.334625	0.000000	0.409364	0.350695	
804000	-463.643358	1	2	2	'1 0 1 1 Z Z 1 0 	D	0.560343	0.010101	0.560343	0.560343	0.000000	0.000000	0.560343	0.010101	0.309225	0.336547	0.000000	0.354228	0.418947	
805000	-461.931607	1	2	1	'1 0 1 1 1 Z 1 0 	D	0.662818	0.018016	0.662818	0.662818	0.662818	0.000000	0.662818	0.018016	0.259260	0.269683	0.192960	0.278097	0.625822	
806000	-461.673419	1	2	1	'1 0 1 1 1 1 1 Z 	D	0.564743	0.045955	0.564743	0.564743	0.564743	0.564743	0.564743	0.000000	0.243908	0.250147	0.249802	0.256143	0.309394	
807000	-463.449745	1	2	1	'1 0 1 1 1 1 1 Z 	D	0.512666	0.023434	0.512666	0.512666	0.512666	0.512666	0.512666	0.000000	0.239089	0.249820	0.251442	0.259649	0.690276	
808000	-462.870330	1	2	1	'1 Z 1 1 1 1 1 0 	D	0.685320	0.000000	0.685320	0.685320	0.685320	0.685320	0.685320	0.063510	0.242095	0.250086	0.250015	0.257804	0.615214	
809000	-463.275503	1	2	0	'1 0 1 1 1 0 1 0 	D	0.806330	0.016705	0.806330	0.806330	0.806330	0.016705	0.806330	0.016705	0.254037	0.256970	0.229636	0.259356	0.886529	
810000	-461.620834	1	2	1	'1 0 1 1 1 1 1 Z 	D	0.597354	0.032650	0.597354	0.597354	0.597354	0.597354	0.597354	0.000000	0.245644	0.249957	0.250313	0.254087	0.345434	
811000	-462.787415	1	2	1	'1 0 1 1 1 1 1 Z 	D	0.647600	0.018082	0.647600	0.647600	0.647600	0.647600	0.647600	0.000000	0.247317	0.249791	0.250730	0.252161	0.491377	
812000	-462.132649	1	2	1	'1 0 1 1 1 0 1 Z 	D	0.617683	0.034027	0.617683	0.617683	0.617683	0.034027	0.617683	0.000000	0.251758	0.273249	0.181642	0.293351	0.368059	
813000	-464.271007	1	2	1	'1 0 1 1 0 0 1 Z 	D	0.532837	0.028738	0.532837	0.532837	0.028738	0.028738	0.532837	0.000000	0.253429	0.332535	0.003737	0.410299	0.203558	
814000	-463.160355	1	2	2	'1 0 1 1 1 Z 1 Z 	D	0.711789	0.058985	0.711789	0.711789	0.711789	0.000000	0.711789	0.000000	0.251165	0.269699	0.192765	0.286371	0.383138	
815000	-462.165099	1	2	1	'1 0 1 1 1 0 1 Z 	D	0.619339	0.037304	0.619339	0.619339	0.619339	0.037304	0.619339	0.000000	0.250705	0.273152	0.181992	0.294152	0.702109	
816000	-463.406502	1	2	1	'1 0 1 1 Z 1 1 0 	D	0.765865	0.027802	0.765865	0.765865	0.000000	0.765865	0.765865	0.027802	0.252375	0.254252	0.237871	0.255503	0.809349	
817000	-462.184622	1	2	1	'1 Z 1 1 1 1 1 0 	D	0.621080	0.000000	0.621080	0.621080	0.621080	0.621080	0.621080	0.046896	0.235965	0.250095	0.249942	0.263998	0.661644	
818000	-461.980137	1	2	0	'1 0 1 1 1 1 1 0 	D	0.669754	0.034882	0.669754	0.669754	0.669754	0.669754	0.669754	0.034882	0.244454	0.250028	0.249897	0.255620	0.943001	
819000	-463.518870	1	2	1	'0 1 0 0 0 1 0 Z 	D	0.759947	0.064394	0.759947	0.759947	0.759947	0.064394	0.759947	0.000000	0.249461	0.260168	0.220519	0.269851	0.537915	
820000	-462.276601	1	2	1	'0 1 0 0 0 0 0 Z 	D	0.640630	0.093861	0.640630	0.640630	0.640630	0.640630	0.640630	0.000000	0.247120	0.250041	0.249789	0.253049	0.575963	
821000	-461.537359	1	2	0	'0 1 0 0 0 0 0 1 	D	0.635036	0.016864	0.635036	0.635036	0.635036	0.635036	0.635036	0.016864	0.241419	0.249961	0.250039	0.258581	0.599971	
822000	-462.369811	1	2	1	'0 1 0 0 0 1 0 Z 	D	0.595461	0.025882	0.595461	0.595461	0.595461	0.025882	0.595461	0.000000	0.253996	0.275819	0.173830	0.296355	0.194345	
823000	-462.668544	1	2	2	'0 1 0 0 0 Z 0 Z 	D	0.744757	0.024922	0.744757	0.744757	0.744757	0.000000	0.744757	0.000000	0.255327	0.262001	0.214618	0.268054	0.957374	
824000	-462.465486	1	2	0	'0 1 0 0 0 1 0 1 	D	0.639789	0.024576	0.639789	0.639789	0.639789	0.024576	0.639789	0.024576	0.257327	0.270248	0.192167	0.280258	0.892047	
825000	-464.438588	1	2	1	'0 Z 0 0 1 1 0 1 	D	0.720537	0.000000	0.720537	0.720537	0.016497	0.016497	0.720537	0.016497	0.343402	0.334611	0.001289	0.320698	0.543140	
826000	-463.021760	1	2	1	'0 1 0 0 Z 0 0 1 	D	0.587536	0.006631	0.587536	0.587536	0.000000	0.587536	0.587536	0.006631	0.248524	0.261114	0.217179	0.273184	0.386879	
827000	-462.137278	1	2	1	'0 1 0 0 0 0 0 Z 	D	0.716855	0.077418	0.716855	0.716855	0.716855	0.716855	0.716855	0.000000	0.248729	0.250000	0.249968	0.251304	0.603530	
828000	-461.950646	1	2	1	'0 1 0 0 0 0 0 Z 	D	0.658711	0.084110	0.658711	0.658711	0.658711	0.658711	0.658711	0.000000	0.247657	0.250023	0.249874	0.252446	0.265041	
829000	-464.245232	1	2	1	'0 1 0 0 0 Z 0 1 	D	0.566233	0.031056	0.566233	0.566233	0.566233	0.000000	0.566233	0.031056	0.258147	0.284046	0.154795	0.303013	0.239066	
830000	-464.142152	1	2	2	'0 Z 0 0 Z 0 0 1 	D	0.559649	0.000000	0.559649	0.559649	0.000000	0.559649	0.559649	0.030526	0.256863	0.266953	0.201753	0.274431	0.333652	
831000	-463.657739	1	2	1	'0 Z 0 0 1 0 0 1 	D	0.672150	0.000000	0.672150	0.672150	0.048455	0.672150	0.672150	0.048455	0.255535	0.256643	0.231157	0.256665	0.192927	
832000	-463.443464	1	2	2	'0 1 0 0 1 Z 0 Z 	D	0.733780	0.023905	0.733780	0.733780	0.023905	0.000000	0.733780	0.000000	0.300625	0.335053	0.000578	0.363744	0.274216	
833000	-462.692964	1	2	2	'0 1 0 0 0 Z 0 Z 	D	0.621499	0.048619	0.621499	0.621499	0.621499	0.000000	0.621499	0.000000	0.249151	0.279944	0.162243	0.308663	0.365784	
834000	-461.600760	1	2	1	'0 1 0 0 0 0 0 Z 	D	0.595725	0.066432	0.595725	0.595725	0.595725	0.595725	0.595725	0.000000	0.245554	0.250112	0.249698	0.254636	0.420437	
835000	-462.371909	1	2	2	'0 1 0 0 0 Z 0 Z 	D	0.660895	0.044739	0.660895	0.660895	0.660895	0.000000	0.660895	0.000000	0.252427	0.273816	0.180340	0.293418	0.408160	
836000	-465.255269	1	2	0	'0 1 0 0 0 0 0 1 	D	0.544236	0.058648	0.544236	0.544236	0.544236	0.544236	0.544236	0.058648	0.237082	0.250596	0.248484	0.263838	0.340281	
837000	-462.649906	1	2	2	'0 1 0 0 0 Z 0 Z 	D	0.666389	0.017072	0.666389	0.666389	0.666389	0.000000	0.666389	0.000000	0.258434	0.268377	0.195610	0.277579	0.647937	
838000	-462.337509	1	2	1	'0 Z 0 0 0 0 0 1 	D	0.591672	0.000000	0.591672	0.591672	0.591672	0.591672	0.591672	0.047951	0.232560	0.250156	0.249785	0.267499	0.228134	
839000	-463.922411	1	2	1	'0 1 0 0 Z 1 0 1 	D	0.542022	0.009231	0.542022	0.542022	0.000000	0.009231	0.542022	0.009231	0.305656	0.336280	0.000123	0.357942	0.431327	
840000	-463.117179	1	2	2	'0 1 0 0 0 Z 0 Z 	D	0.552591	0.034407	0.552591	0.552591	0.552591	0.000000	0.552591	0.000000	0.248228	0.287903	0.137838	0.326032	0.295514	
841000	-461.838992	1	2	1	'0 1 0 0 0 0 0 Z 	D	0.593898	0.074860	0.593898	0.593898	0.593898	0.593898	0.593898	0.000000	0.245418	0.250128	0.249614	0.254840	0.334539	
842000	-465.109893	1	2	1	'0 1 0 0 1 Z 0 1 	D	0.820189	0.012634	0.820189	0.820189	0.012634	0.000000	0.820189	0.012634	0.329493	0.335690	0.000192	0.334626	0.428268	
843000	-466.253519	1	2	0	'0 1 0 0 0 1 0 1 	D	0.502967	0.003376	0.502967	0.502967	0.502967	0.003376	0.502967	0.003376	0.255516	0.290781	0.127704	0.325999	0.136859	
844000	-461.462572	1	2	0	'0 1 0 0 0 0 0 1 	D	0.621669	0.018163	0.621669	0.621669	0.621669	0.621669	0.621669	0.018163	0.240518	0.249978	0.249976	0.259528	0.610526	
845000	-462.419892	1	2	1	'0 1 0 0 0 0 0 Z 	D	0.599722	0.020858	0.599722	0.599722	0.599722	0.599722	0.599722	0.000000	0.245592	0.249737	0.251013	0.253658	0.885878	
846000	-462.426470	1	2	1	'0 1 0 0 0 0 0 Z 	D	0.525122	0.042375	0.525122	0.525122	0.525122	0.525122	0.525122	0.000000	0.240771	0.250366	0.249451	0.259412	0.285927	
847000	-462.846601	1	2	1	'0 1 0 0 0 0 0 Z 	D	0.577905	0.097403	0.577905	0.577905	0.577905	0.577905	0.577905	0.000000	0.244362	0.250196	0.249293	0.256149	0.744624	
848000	-464.840134	1	2	2	'0 1 0 0 Z Z 0 1 	D	0.617861	0.019632	0.617861	0.617861	0.000000	0.000000	0.617861	0.019632	0.317055	0.338920	0.000000	0.344024	0.681616	
849000	-462.365055	1	2	1	'0 1 0 0 0 1 0 Z 	D	0.597494	0.037999	0.597494	0.597494	0.597494	0.037999	0.597494	0.000000	0.249139	0.276028	0.173431	0.301403	0.307415	
850000	-462.947121	1	2	0	'1 0 1 1 1 1 1 0 	D	0.745133	0.039121	0.745133	0.745133	0.745133	0.745133	0.745133	0.039121	0.247154	0.250006	0.249976	0.252864	0.463115	
851000	-462.693785	1	2	1	'1 0 1 1 1 0 1 Z 	D	0.578793	0.041576	0.578793	0.578793	0.578793	0.041576	0.578793	0.000000	0.246018	0.278686	0.165468	0.309828	0.679468	
852000	-462.793191	1	2	1	'1 0 1 1 1 1 1 Z 	D	0.784503	0.050789	0.784503	0.784503	0.784503	0.784503	0.784503	0.000000	0.249362	0.249994	0.250010	0.250634	0.583787	
853000	-463.487461	1	2	2	'1 0 1 1 Z 0 1 Z 	D	0.646720	0.033175	0.646720	0.646720	0.000000	0.033175	0.646720	0.000000	0.275490	0.334721	0.001712	0.388077	0.379581	
854000	-462.013865	1	2	0	'1 0 1 1 1 1 1 0 	D	0.705353	0.017596	0.705353	0.705353	0.705353	0.705353	0.705353	0.017596	0.245267	0.249979	0.250038	0.254716	0.176074	
855000	-462.035507	1	2	0	'1 0 1 1 0 1 1 0 	D	0.671748	0.020999	0.671748	0.671748	0.020999	0.671748	0.671748	0.020999	0.251848	0.256626	0.231021	0.260505	0.454645	
856000	-461.795762	1	2	1	'1 0 1 1 1 1 1 Z 	D	0.694280	0.071373	0.694280	0.694280	0.694280	0.694280	0.694280	0.000000	0.248409	0.250004	0.249960	0.251627	0.390785	
857000	-461.364973	1	2	1	'1 0 1 1 1 1 1 Z 	D	0.599742	0.043243	0.599742	0.599742	0.599742	0.599742	0.599742	0.000000	0.245790	0.250035	0.250026	0.254149	0.346955	
858000	-462.157303	1	2	1	'1 0 1 1 1 1 1 Z 	D	0.564467	0.073981	0.564467	0.564467	0.564467	0.564467	0.564467	0.000000	0.243751	0.250249	0.249308	0.256692	0.211926	
859000	-462.516728	1	2	1	'1 0 1 1 1 1 1 Z 	D	0.618050	0.098243	0.618050	0.618050	0.618050	0.618050	0.618050	0.000000	0.246313	0.250076	0.249661	0.253950	0.349680	
860000	-462.363609	1	2	1	'1 0 1 1 1 1 1 Z 	D	0.719904	0.084793	0.719904	0.719904	0.719904	0.719904	0.719904	0.000000	0.248756	0.249999	0.249961	0.251284	0.786893	
861000	-461.321031	1	2	1	'1 0 1 1 1 1 1 Z 	D	0.608941	0.053819	0.608941	0.608941	0.608941	0.608941	0.608941	0.000000	0.246174	0.250058	0.249894	0.253875	0.623107	
862000	-463.305330	1	2	1	'1 0 1 1 1 1 1 Z 	D	0.652802	0.118551	0.652802	0.652802	0.652802	0.652802	0.652802	0.000000	0.247345	0.250025	0.249780	0.252850	0.527231	
863000	-462.242699	1	2	1	'1 0 1 1 1 0 1 Z 	D	0.616207	0.039988	0.616207	0.616207	0.616207	0.039988	0.616207	0.000000	0.249622	0.273627	0.180624	0.296127	0.326716	
864000	-461.384522	1	2	1	'0 1 0 0 0 0 0 Z 	D	0.661988	0.043053	0.661988	0.661988	0.661988	0.661988	0.661988	0.000000	0.247812	0.249988	0.250065	0.252134	0.229516	
865000	-461.733991	1	2	0	'0 1 0 0 0 0 0 1 	D	0.609426	0.014147	0.609426	0.609426	0.609426	0.609426	0.609426	0.014147	0.239125	0.249909	0.250146	0.260821	0.849758	
866000	-462.724284	1	2	0	'0 1 0 0 0 0 0 1 	D	0.745151	0.035310	0.745151	0.745151	0.745151	0.745151	0.745151	0.035310	0.247067	0.250004	0.249980	0.252949	0.451125	
867000	-464.981670	1	2	1	'0 1 0 0 0 0 0 Z 	D	0.795192	0.132096	0.795192	0.795192	0.795192	0.795192	0.795192	0.000000	0.249373	0.249993	0.249976	0.250658	0.449473	
868000	-462.565138	1	2	1	'0 1 0 0 0 0 0 Z 	D	0.690577	0.098097	0.690577	0.690577	0.690577	0.690577	0.690577	0.000000	0.248281	0.250006	0.249911	0.251802	0.553595	
869000	-462.420581	1	2	0	'0 1 0 0 1 0 0 1 	D	0.664652	0.008072	0.664652	0.664652	0.008072	0.664652	0.664652	0.008072	0.249403	0.255650	0.233346	0.261601	0.905186	
870000	-462.837525	1	2	2	'0 1 0 0 0 Z 0 Z 	D	0.684347	0.015975	0.684347	0.684347	0.684347	0.000000	0.684347	0.000000	0.258057	0.266191	0.202045	0.273708	0.561571	
871000	-462.052748	1	2	1	'0 1 0 0 0 Z 0 1 	D	0.624296	0.009589	0.624296	0.624296	0.624296	0.000000	0.624296	0.009589	0.260343	0.273773	0.179987	0.285897	0.734960	
872000	-463.246094	1	2	0	'0 1 0 0 1 1 0 1 	D	0.703038	0.008137	0.703038	0.703038	0.008137	0.008137	0.703038	0.008137	0.325334	0.335097	0.000324	0.339245	0.209667	
873000	-463.258607	1	2	0	'0 1 0 0 1 0 0 1 	D	0.538475	0.008851	0.538475	0.538475	0.008851	0.538475	0.538475	0.008851	0.246265	0.264956	0.206237	0.282542	0.604384	
874000	-462.722101	1	2	2	'0 1 0 0 0 Z 0 Z 	D	0.571357	0.027075	0.571357	0.571357	0.571357	0.000000	0.571357	0.000000	0.253975	0.283361	0.151445	0.311218	0.446929	
875000	-463.805023	1	2	1	'0 Z 0 0 0 0 0 1 	D	0.773655	0.000000	0.773655	0.773655	0.773655	0.773655	0.773655	0.060412	0.246042	0.250033	0.250030	0.253895	0.470471	
876000	-461.827419	1	2	0	'0 1 0 0 0 0 0 1 	D	0.563147	0.024479	0.563147	0.563147	0.563147	0.563147	0.563147	0.024479	0.235476	0.250175	0.249340	0.265009	0.366515	
877000	-467.608143	1	2	1	'0 1 0 0 Z 0 0 1 	D	0.934478	0.041285	0.934478	0.934478	0.000000	0.934478	0.934478	0.041285	0.250805	0.251153	0.246741	0.251302	0.302366	
878000	-463.075519	1	2	2	'0 1 0 0 1 Z 0 Z 	D	0.640668	0.026909	0.640668	0.640668	0.026909	0.000000	0.640668	0.000000	0.282575	0.334941	0.000660	0.381824	0.232826	
879000	-463.921125	1	2	1	'0 1 0 0 1 Z 0 1 	D	0.545398	0.007138	0.545398	0.545398	0.007138	0.000000	0.545398	0.007138	0.306390	0.335581	0.000053	0.357976	0.229434	
880000	-461.911305	1	2	0	'0 1 0 0 0 0 0 1 	D	0.561118	0.016333	0.561118	0.561118	0.561118	0.561118	0.561118	0.016333	0.234173	0.250002	0.249762	0.266062	0.892585	
881000	-461.429009	1	2	0	'0 1 0 0 0 0 0 1 	D	0.609455	0.023144	0.609455	0.609455	0.609455	0.609455	0.609455	0.023144	0.239940	0.250039	0.249801	0.260220	0.389549	
882000	-462.766579	1	2	2	'0 1 0 0 0 Z 0 Z 	D	0.699845	0.052326	0.699845	0.699845	0.699845	0.000000	0.699845	0.000000	0.251974	0.270169	0.191246	0.286611	0.849643	
883000	-461.567364	1	2	1	'0 1 0 0 0 0 0 Z 	D	0.614839	0.032469	0.614839	0.614839	0.614839	0.614839	0.614839	0.000000	0.246379	0.249949	0.250286	0.253386	0.145620	
884000	-463.780923	1	2	1	'0 Z 0 0 0 0 0 1 	D	0.505076	0.000000	0.505076	0.505076	0.505076	0.505076	0.505076	0.042577	0.216633	0.250558	0.248157	0.284653	0.850918	
885000	-465.261519	1	2	2	'0 1 0 0 Z Z 0 1 	D	0.537647	0.003517	0.537647	0.537647	0.000000	0.000000	0.537647	0.003517	0.304973	0.334387	0.000000	0.360640	0.406712	
886000	-461.525116	1	2	0	'0 1 0 0 0 0 0 1 	D	0.591671	0.023739	0.591671	0.591671	0.591671	0.591671	0.591671	0.023739	0.238414	0.250076	0.249673	0.261838	0.431259	
887000	-461.350925	1	2	1	'0 1 0 0 0 0 0 Z 	D	0.609705	0.057053	0.609705	0.609705	0.609705	0.609705	0.609705	0.000000	0.246197	0.250064	0.249862	0.253877	0.242183	
888000	-462.634175	1	2	1	'0 Z 0 0 0 0 0 1 	D	0.592126	0.000000	0.592126	0.592126	0.592126	0.592126	0.592126	0.021811	0.230171	0.249702	0.250592	0.269535	0.617164	
889000	-462.468918	1	2	0	'0 1 0 0 0 0 0 1 	D	0.647461	0.042415	0.647461	0.647461	0.647461	0.647461	0.647461	0.042415	0.243707	0.250063	0.249805	0.256425	0.193750	
890000	-461.350020	1	2	1	'0 1 0 0 0 0 0 Z 	D	0.632695	0.060696	0.632695	0.632695	0.632695	0.632695	0.632695	0.000000	0.247008	0.250036	0.249905	0.253051	0.452745	
891000	-461.405555	1	2	1	'0 1 0 0 0 0 0 Z 	D	0.638574	0.063999	0.638574	0.638574	0.638574	0.638574	0.638574	0.000000	0.247179	0.250033	0.249900	0.252888	0.256608	
892000	-462.110606	1	2	1	'0 1 0 0 0 0 0 Z 	D	0.555182	0.030885	0.555182	0.555182	0.555182	0.555182	0.555182	0.000000	0.243171	0.249988	0.250436	0.256405	0.972447	
893000	-463.041369	1	2	1	'0 1 0 0 0 0 0 Z 	D	0.638011	0.112224	0.638011	0.638011	0.638011	0.638011	0.638011	0.000000	0.246934	0.250042	0.249730	0.253294	0.393997	
894000	-462.364404	1	2	1	'0 1 0 0 0 0 0 Z 	D	0.730559	0.080641	0.730559	0.730559	0.730559	0.730559	0.730559	0.000000	0.248890	0.249998	0.249972	0.251140	0.533764	
895000	-461.640136	1	2	1	'0 1 0 0 0 0 0 Z 	D	0.623821	0.073610	0.623821	0.623821	0.623821	0.623821	0.623821	0.000000	0.246668	0.250060	0.249799	0.253473	0.474981	
896000	-462.899175	1	2	2	'0 1 0 0 1 Z 0 Z 	D	0.672905	0.020801	0.672905	0.672905	0.020801	0.000000	0.672905	0.000000	0.296798	0.334892	0.000429	0.367881	0.235789	
897000	-463.066711	1	2	1	'0 1 0 0 0 Z 0 1 	D	0.666982	0.005696	0.666982	0.666982	0.666982	0.000000	0.666982	0.005696	0.259243	0.268155	0.196074	0.276528	0.340052	
898000	-461.953752	1	2	0	'0 1 0 0 0 0 0 1 	D	0.703080	0.029124	0.703080	0.703080	0.703080	0.703080	0.703080	0.029124	0.245609	0.250006	0.249967	0.254419	0.931216	
899000	-465.893797	1	2	2	'0 Z 0 0 Z 0 0 1 	D	0.866081	0.000000	0.866081	0.866081	0.000000	0.866081	0.866081	0.016807	0.246874	0.248751	0.253722	0.250653	0.427277	
900000	-462.183529	1	2	0	'0 1 0 0 0 0 0 1 	D	0.551568	0.028804	0.551568	0.551568	0.551568	0.551568	0.551568	0.028804	0.234606	0.250296	0.249014	0.266084	0.167603	
901000	-462.049011	1	2	1	'0 1 0 0 0 0 0 Z 	D	0.541939	0.044627	0.541939	0.541939	0.541939	0.541939	0.541939	0.000000	0.242258	0.250258	0.249612	0.257872	0.845548	
902000	-463.716603	1	2	1	'0 1 0 0 0 1 0 Z 	D	0.534609	0.019182	0.534609	0.534609	0.534609	0.019182	0.534609	0.000000	0.253841	0.284458	0.147899	0.313802	0.916707	
903000	-463.344031	1	2	2	'0 1 0 0 Z Z 0 1 	D	0.636652	0.012706	0.636652	0.636652	0.000000	0.000000	0.636652	0.012706	0.319734	0.336782	0.000000	0.343484	0.445034	
904000	-463.561569	1	2	0	'0 1 0 0 1 0 0 1 	D	0.519219	0.018448	0.519219	0.519219	0.018448	0.519219	0.519219	0.018448	0.248393	0.267782	0.199807	0.284018	0.087992	
905000	-462.406328	1	2	0	'0 1 0 0 1 0 0 1 	D	0.678635	0.025118	0.678635	0.678635	0.025118	0.678635	0.678635	0.025118	0.252224	0.256431	0.231729	0.259617	0.356879	
906000	-464.678761	1	2	1	'0 1 0 0 0 0 0 Z 	D	0.634743	0.009301	0.634743	0.634743	0.634743	0.634743	0.634743	0.000000	0.246485	0.249194	0.252569	0.251752	0.278283	
907000	-461.768399	1	2	0	'0 1 0 0 0 0 0 1 	D	0.575864	0.027154	0.575864	0.575864	0.575864	0.575864	0.575864	0.027154	0.237180	0.250157	0.249436	0.263227	0.554152	
908000	-461.926663	1	2	1	'0 1 0 0 0 Z 0 1 	D	0.620740	0.017076	0.620740	0.620740	0.620740	0.000000	0.620740	0.017076	0.260006	0.274821	0.178075	0.287098	0.216188	
909000	-464.760052	1	2	1	'0 1 0 0 0 Z 0 1 	D	0.827352	0.030479	0.827352	0.827352	0.827352	0.000000	0.827352	0.030479	0.254199	0.256985	0.230006	0.258811	0.844431	
910000	-462.294446	1	2	1	'0 Z 0 0 0 0 0 1 	D	0.642750	0.000000	0.642750	0.642750	0.642750	0.642750	0.642750	0.051415	0.238363	0.250094	0.249978	0.261565	0.218834	
911000	-462.605937	1	2	0	'0 1 0 0 1 0 0 1 	D	0.579155	0.008674	0.579155	0.579155	0.008674	0.579155	0.579155	0.008674	0.248362	0.261491	0.216284	0.273863	0.577073	
912000	-462.056259	1	2	0	'0 1 0 0 0 0 0 1 	D	0.680241	0.035141	0.680241	0.680241	0.680241	0.680241	0.680241	0.035141	0.244931	0.250023	0.249917	0.255130	0.685481	
913000	-462.517742	1	2	0	'0 1 0 0 1 0 0 1 	D	0.753120	0.018970	0.753120	0.753120	0.018970	0.753120	0.753120	0.018970	0.250872	0.253275	0.240528	0.255325	0.499809	
914000	-463.433195	1	2	2	'0 Z 0 0 Z 0 0 1 	D	0.713612	0.000000	0.713612	0.713612	0.000000	0.713612	0.713612	0.021305	0.248894	0.253454	0.239928	0.257724	0.575740	
915000	-461.574973	1	2	0	'0 1 0 0 0 0 0 1 	D	0.601734	0.016529	0.601734	0.601734	0.601734	0.601734	0.601734	0.016529	0.238660	0.249960	0.249990	0.261390	0.579498	
916000	-462.079527	1	2	1	'0 1 0 0 0 1 0 Z 	D	0.630109	0.028266	0.630109	0.630109	0.630109	0.028266	0.630109	0.000000	0.254086	0.271444	0.186860	0.287611	0.463568	
917000	-463.498894	1	2	1	'0 Z 0 0 1 0 0 1 	D	0.627123	0.000000	0.627123	0.627123	0.042542	0.627123	0.627123	0.042542	0.255607	0.258907	0.224793	0.260693	0.908817	
918000	-463.259593	1	2	1	'0 1 0 0 Z 0 0 1 	D	0.526888	0.015617	0.526888	0.526888	0.000000	0.526888	0.526888	0.015617	0.249765	0.268666	0.196693	0.284876	0.252245	
919000	-464.604037	1	2	1	'0 Z 0 0 1 0 0 1 	D	0.771621	0.000000	0.771621	0.771621	0.055909	0.771621	0.771621	0.055909	0.253107	0.253045	0.241313	0.252535	0.699624	
920000	-463.583050	1	2	2	'0 Z 0 0 Z 0 0 1 	D	0.643834	0.000000	0.643834	0.643834	0.000000	0.643834	0.643834	0.015756	0.246267	0.255690	0.233292	0.264751	0.694162	
921000	-464.856695	1	2	1	'0 Z 0 0 1 0 0 1 	D	0.604983	0.000000	0.604983	0.604983	0.009080	0.604983	0.604983	0.009080	0.238491	0.253925	0.238190	0.269394	0.777405	
922000	-463.632880	1	2	0	'0 1 0 0 1 0 0 1 	D	0.808972	0.010222	0.808972	0.808972	0.010222	0.808972	0.808972	0.010222	0.249300	0.251007	0.247039	0.252654	0.667814	
923000	-461.783851	1	2	1	'0 1 0 0 0 Z 0 1 	D	0.648185	0.013588	0.648185	0.648185	0.648185	0.000000	0.648185	0.013588	0.259757	0.271118	0.188290	0.280836	0.606570	
924000	-461.899852	1	2	0	'0 1 0 0 0 1 0 1 	D	0.655248	0.010903	0.655248	0.655248	0.655248	0.010903	0.655248	0.010903	0.258695	0.269013	0.194122	0.278171	0.174778	
925000	-463.314015	1	2	3	'0 1 0 0 Z Z 0 Z 	D	0.579226	0.015510	0.579226	0.579226	0.000000	0.000000	0.579226	0.000000	0.288471	0.334562	0.000000	0.376967	0.278183	
926000	-461.823286	1	2	0	'0 1 0 0 0 0 0 1 	D	0.595670	0.031622	0.595670	0.595670	0.595670	0.595670	0.595670	0.031622	0.239479	0.250128	0.249566	0.260827	0.461871	
927000	-463.053391	1	2	1	'0 1 0 0 1 Z 0 1 	D	0.631225	0.010385	0.631225	0.631225	0.010385	0.000000	0.631225	0.010385	0.319314	0.336078	0.000121	0.344487	0.942113	
928000	-461.551540	1	2	1	'0 1 0 0 0 0 0 Z 	D	0.659701	0.035270	0.659701	0.659701	0.659701	0.659701	0.659701	0.000000	0.247750	0.249966	0.250149	0.252135	0.640046	
929000	-462.123912	1	2	1	'0 1 0 0 0 Z 0 1 	D	0.715884	0.015486	0.715884	0.715884	0.715884	0.000000	0.715884	0.015486	0.257709	0.264165	0.208662	0.269465	0.710934	
930000	-463.970582	1	2	1	'0 1 0 0 Z 1 0 1 	D	0.548422	0.011723	0.548422	0.548422	0.000000	0.011723	0.548422	0.011723	0.306866	0.337036	0.000196	0.355902	0.959708	
931000	-462.770756	1	2	1	'0 1 0 0 0 1 0 Z 	D	0.664246	0.058732	0.664246	0.664246	0.664246	0.058732	0.664246	0.000000	0.247188	0.268318	0.196615	0.287880	0.378411	
932000	-462.526716	1	2	1	'0 Z 0 0 0 0 0 1 	D	0.701552	0.000000	0.701552	0.701552	0.701552	0.701552	0.701552	0.037845	0.242200	0.250014	0.250067	0.257719	0.228103	
933000	-462.218030	1	2	1	'0 1 0 0 0 Z 0 1 	D	0.614372	0.020436	0.614372	0.614372	0.614372	0.000000	0.614372	0.020436	0.259847	0.275916	0.175466	0.288770	0.872311	
934000	-462.680569	1	2	1	'0 1 0 0 0 0 0 Z 	D	0.521017	0.059854	0.521017	0.521017	0.521017	0.521017	0.521017	0.000000	0.240306	0.250572	0.248683	0.260439	0.251510	
935000	-463.464318	1	2	1	'0 1 0 0 0 0 0 Z 	D	0.746200	0.109312	0.746200	0.746200	0.746200	0.746200	0.746200	0.000000	0.249011	0.249995	0.249960	0.251034	0.639703	
936000	-461.946435	1	2	0	'0 1 0 0 0 0 0 1 	D	0.683843	0.015291	0.683843	0.683843	0.683843	0.683843	0.683843	0.015291	0.244216	0.249960	0.250079	0.255744	0.350509	
937000	-462.047941	1	2	1	'0 1 0 0 0 1 0 Z 	D	0.643033	0.036496	0.643033	0.643033	0.643033	0.036496	0.643033	0.000000	0.251876	0.270246	0.190581	0.287297	0.584820	
938000	-462.778550	1	2	1	'0 1 0 0 0 0 0 Z 	D	0.524042	0.029396	0.524042	0.524042	0.524042	0.524042	0.524042	0.000000	0.240510	0.250073	0.250473	0.258944	0.540836	
939000	-464.295659	1	2	1	'0 Z 0 0 0 0 0 1 	D	0.736117	0.000000	0.736117	0.736117	0.736117	0.736117	0.736117	0.015967	0.243442	0.249924	0.250223	0.256411	0.655681	
940000	-462.198007	1	2	1	'0 1 0 0 0 0 0 Z 	D	0.681510	0.089018	0.681510	0.681510	0.681510	0.681510	0.681510	0.000000	0.248139	0.250010	0.249910	0.251940	0.388008	
941000	-461.546453	1	2	0	'0 1 0 0 0 0 0 1 	D	0.663416	0.025650	0.663416	0.663416	0.663416	0.663416	0.663416	0.025650	0.243704	0.250010	0.249936	0.256350	0.747849	
942000	-463.294762	1	2	1	'0 1 0 0 0 0 0 Z 	D	0.796176	0.036558	0.796176	0.796176	0.796176	0.796176	0.796176	0.000000	0.249427	0.249991	0.250025	0.250557	0.603006	
943000	-461.774427	1	2	0	'0 1 0 0 0 0 0 1 	D	0.696201	0.022895	0.696201	0.696201	0.696201	0.696201	0.696201	0.022895	0.245108	0.249995	0.249992	0.254906	0.888596	
944000	-461.332919	1	2	1	'0 1 0 0 0 0 0 Z 	D	0.628319	0.059324	0.628319	0.628319	0.628319	0.628319	0.628319	0.000000	0.246870	0.250039	0.249903	0.253187	0.967899	
945000	-463.607814	1	2	2	'0 1 0 0 0 Z 0 Z 	D	0.756615	0.061540	0.756615	0.756615	0.756615	0.000000	0.756615	0.000000	0.251635	0.265332	0.205537	0.277496	0.272127	
946000	-463.417337	1	2	1	'0 1 0 0 0 1 0 Z 	D	0.595173	0.063076	0.595173	0.595173	0.595173	0.063076	0.595173	0.000000	0.239785	0.276477	0.172167	0.311571	0.872081	
947000	-462.811731	1	2	2	'0 1 0 0 0 Z 0 Z 	D	0.707217	0.052619	0.707217	0.707217	0.707217	0.000000	0.707217	0.000000	0.252083	0.269365	0.193605	0.284947	0.637691	
948000	-463.375799	1	2	1	'0 1 0 0 0 0 0 Z 	D	0.683121	0.118992	0.683121	0.683121	0.683121	0.683121	0.683121	0.000000	0.248069	0.250006	0.249870	0.252056	0.381898	
949000	-461.483218	1	2	1	'0 1 0 0 0 0 0 Z 	D	0.591011	0.038740	0.591011	0.591011	0.591011	0.591011	0.591011	0.000000	0.245373	0.250020	0.250117	0.254491	0.380599	
950000	-462.962939	1	2	1	'0 Z 0 0 0 0 0 1 	D	0.727041	0.000000	0.727041	0.727041	0.727041	0.727041	0.727041	0.053003	0.244048	0.250041	0.250036	0.255874	0.957356	
951000	-463.127650	1	2	1	'0 Z 0 0 1 0 0 1 	D	0.637187	0.000000	0.637187	0.637187	0.021780	0.637187	0.637187	0.021780	0.247169	0.255715	0.233425	0.263691	0.491183	
952000	-461.919831	1	2	1	'0 1 0 0 Z 0 0 1 	D	0.669615	0.011942	0.669615	0.669615	0.000000	0.669615	0.669615	0.011942	0.251279	0.256922	0.229770	0.262030	0.291245	
953000	-463.107624	1	2	1	'0 1 0 0 1 1 0 Z 	D	0.709352	0.017073	0.709352	0.709352	0.017073	0.017073	0.709352	0.000000	0.306703	0.334327	0.001378	0.357593	0.977296	
954000	-462.633849	1	2	0	'0 1 0 0 0 1 0 1 	D	0.626458	0.025604	0.626458	0.626458	0.626458	0.025604	0.626458	0.025604	0.257246	0.271790	0.187954	0.283010	0.444263	
955000	-463.302588	1	2	2	'0 1 0 0 Z 1 0 Z 	D	0.603444	0.028730	0.603444	0.603444	0.000000	0.028730	0.603444	0.000000	0.272093	0.334444	0.001311	0.392152	0.228662	
956000	-462.235692	1	2	1	'0 1 0 0 0 1 0 Z 	D	0.695696	0.042803	0.695696	0.695696	0.695696	0.042803	0.695696	0.000000	0.251497	0.264919	0.206374	0.277210	0.811474	
957000	-461.928848	1	2	1	'0 1 0 0 0 0 0 Z 	D	0.621899	0.082937	0.621899	0.621899	0.621899	0.621899	0.621899	0.000000	0.246553	0.250067	0.249745	0.253635	0.583443	
958000	-463.520947	1	2	1	'0 1 0 0 1 1 0 Z 	D	0.563320	0.015701	0.563320	0.563320	0.015701	0.015701	0.563320	0.000000	0.285890	0.334054	0.001166	0.378890	0.625009	
959000	-463.296737	1	2	2	'0 1 0 0 Z Z 0 1 	D	0.593514	0.006853	0.593514	0.593514	0.000000	0.000000	0.593514	0.006853	0.314952	0.335333	0.000000	0.349716	0.633283	
960000	-465.993901	1	2	1	'0 1 0 0 0 Z 0 1 	D	0.910117	0.028710	0.910117	0.910117	0.910117	0.000000	0.910117	0.028710	0.252434	0.253773	0.239126	0.254667	0.373628	
961000	-462.457701	1	2	2	'0 1 0 0 0 Z 0 Z 	D	0.595018	0.035385	0.595018	0.595018	0.595018	0.000000	0.595018	0.000000	0.252005	0.281427	0.157462	0.309107	0.210263	
962000	-462.410370	1	2	0	'0 1 0 0 0 1 0 1 	D	0.581694	0.008990	0.581694	0.581694	0.581694	0.008990	0.581694	0.008990	0.259384	0.278458	0.166098	0.296060	0.409590	
963000	-462.445774	1	2	2	'0 1 0 0 0 Z 0 Z 	D	0.629474	0.044181	0.629474	0.629474	0.629474	0.000000	0.629474	0.000000	0.251137	0.278003	0.167920	0.302940	0.088966	
964000	-463.213460	1	2	1	'0 1 0 0 Z 0 0 1 	D	0.544396	0.008467	0.544396	0.544396	0.000000	0.544396	0.544396	0.008467	0.247471	0.265360	0.204979	0.282190	0.320749	
965000	-463.278146	1	2	1	'0 Z 0 0 1 0 0 1 	D	0.670183	0.000000	0.670183	0.670183	0.018787	0.670183	0.670183	0.018787	0.246029	0.253340	0.240269	0.260362	0.428839	
966000	-462.612985	1	2	1	'0 Z 0 0 0 0 0 1 	D	0.560924	0.000000	0.560924	0.560924	0.560924	0.560924	0.560924	0.045669	0.227871	0.250225	0.249503	0.272401	0.806348	
967000	-464.267984	1	2	1	'0 Z 0 0 0 0 0 1 	D	0.794338	0.000000	0.794338	0.794338	0.794338	0.794338	0.794338	0.064719	0.246716	0.250030	0.250027	0.253227	0.369148	
968000	-462.757604	1	2	1	'0 Z 0 0 0 0 0 1 	D	0.718679	0.000000	0.718679	0.718679	0.718679	0.718679	0.718679	0.035327	0.243121	0.250007	0.250069	0.256803	0.449152	
969000	-462.270051	1	2	1	'0 1 0 0 Z 0 0 1 	D	0.693800	0.009757	0.693800	0.693800	0.000000	0.693800	0.693800	0.009757	0.250478	0.255198	0.234723	0.259601	0.457835	
970000	-462.026154	1	2	0	'0 1 0 0 1 0 0 1 	D	0.710093	0.015170	0.710093	0.710093	0.015170	0.710093	0.710093	0.015170	0.250807	0.254547	0.236783	0.257863	0.374945	
971000	-463.154748	1	2	1	'0 Z 0 0 0 0 0 1 	D	0.642980	0.000000	0.642980	0.642980	0.642980	0.642980	0.642980	0.073497	0.239527	0.250172	0.249936	0.260365	0.810797	
972000	-461.261717	1	2	1	'0 1 0 0 0 0 0 Z 	D	0.635541	0.050793	0.635541	0.635541	0.635541	0.635541	0.635541	0.000000	0.247113	0.250017	0.249986	0.252883	0.602447	
973000	-462.144755	1	2	1	'0 1 0 0 0 0 0 Z 	D	0.660228	0.089841	0.660228	0.660228	0.660228	0.660228	0.660228	0.000000	0.247673	0.250023	0.249863	0.252441	0.771094	
974000	-463.185772	1	2	1	'0 1 0 0 0 Z 0 1 	D	0.550413	0.021764	0.550413	0.550413	0.550413	0.000000	0.550413	0.021764	0.258032	0.285782	0.147824	0.308362	0.548796	
975000	-461.414783	1	2	1	'0 1 0 0 0 0 0 Z 	D	0.638407	0.064506	0.638407	0.638407	0.638407	0.638407	0.638407	0.000000	0.247173	0.250034	0.249897	0.252897	0.409301	
976000	-463.040672	1	2	1	'0 1 0 0 0 0 0 Z 	D	0.536147	0.083679	0.536147	0.536147	0.536147	0.536147	0.536147	0.000000	0.241449	0.250473	0.248638	0.259441	0.812356	
977000	-461.481168	1	2	1	'0 1 0 0 0 0 0 Z 	D	0.582998	0.051837	0.582998	0.582998	0.582998	0.582998	0.582998	0.000000	0.244971	0.250113	0.249799	0.255117	0.756952	
978000	-463.757690	1	2	1	'0 Z 0 0 0 0 0 1 	D	0.675766	0.000000	0.675766	0.675766	0.675766	0.675766	0.675766	0.014398	0.239197	0.249766	0.250614	0.260423	0.622185	
979000	-465.071173	1	2	3	'0 1 0 0 Z Z 0 Z 	D	0.582511	0.045089	0.582511	0.582511	0.000000	0.000000	0.582511	0.000000	0.236846	0.333809	0.000000	0.429344	0.214153	
980000	-461.707909	1	2	0	'0 1 0 0 0 0 0 1 	D	0.588580	0.028477	0.588580	0.588580	0.588580	0.588580	0.588580	0.028477	0.238566	0.250127	0.249547	0.261761	0.337081	
981000	-461.805796	1	2	1	'0 1 0 0 0 0 0 Z 	D	0.628950	0.079717	0.628950	0.628950	0.628950	0.628950	0.628950	0.000000	0.246816	0.250055	0.249792	0.253337	0.444510	
982000	-462.666174	1	2	1	'0 1 0 0 0 0 0 Z 	D	0.777682	0.056989	0.777682	0.777682	0.777682	0.777682	0.777682	0.000000	0.249318	0.249994	0.250005	0.250683	0.313928	
983000	-462.627030	1	2	1	'0 1 0 0 0 0 0 Z 	D	0.578726	0.092424	0.578726	0.578726	0.578726	0.578726	0.578726	0.000000	0.244462	0.250192	0.249336	0.256010	0.792337	
984000	-462.144395	1	2	0	'0 1 0 0 0 0 0 1 	D	0.600978	0.011175	0.600978	0.600978	0.600978	0.600978	0.600978	0.011175	0.237987	0.249798	0.250441	0.261774	0.344295	
985000	-461.467749	1	2	1	'0 1 0 0 0 0 0 Z 	D	0.682804	0.051523	0.682804	0.682804	0.682804	0.682804	0.682804	0.000000	0.248236	0.249996	0.250014	0.251754	0.519224	
986000	-463.273120	1	2	1	'0 1 0 0 1 1 0 Z 	D	0.728741	0.021221	0.728741	0.728741	0.021221	0.021221	0.728741	0.000000	0.303734	0.334321	0.002102	0.359843	0.302350	
987000	-462.534083	1	2	1	'0 Z 0 0 0 0 0 1 	D	0.575324	0.000000	0.575324	0.575324	0.575324	0.575324	0.575324	0.025463	0.227956	0.249784	0.250326	0.271934	0.722781	
988000	-467.199593	1	2	2	'0 Z 0 0 Z 0 0 1 	D	0.477121	0.000000	0.477121	0.477121	0.000000	0.477121	0.477121	0.036802	0.263586	0.279463	0.169359	0.287592	0.349373	
989000	-461.836941	1	2	0	'0 1 0 0 0 0 0 1 	D	0.605947	0.032859	0.605947	0.605947	0.605947	0.605947	0.605947	0.032859	0.240426	0.250108	0.249636	0.259830	0.526731	
990000	-464.670438	1	2	1	'0 1 0 0 1 1 0 Z 	D	0.786652	0.033846	0.786652	0.786652	0.033846	0.033846	0.786652	0.000000	0.297152	0.333884	0.005157	0.363806	0.306203	
991000	-463.538277	1	2	0	'0 1 0 0 1 0 0 1 	D	0.514639	0.015000	0.514639	0.514639	0.015000	0.514639	0.514639	0.015000	0.246783	0.267934	0.198807	0.286475	0.403841	
992000	-464.334368	1	2	1	'0 Z 0 0 0 0 0 1 	D	0.494766	0.000000	0.494766	0.494766	0.494766	0.494766	0.494766	0.049511	0.215497	0.250919	0.247450	0.286134	0.326333	
993000	-463.232194	1	2	1	'0 1 0 0 0 0 0 Z 	D	0.537263	0.089071	0.537263	0.537263	0.537263	0.537263	0.537263	0.000000	0.241468	0.250466	0.248599	0.259467	0.392435	
994000	-462.868754	1	2	1	'0 1 0 0 0 Z 0 1 	D	0.692523	0.026580	0.692523	0.692523	0.692523	0.000000	0.692523	0.026580	0.258218	0.266868	0.201824	0.273090	0.459920	
995000	-465.593620	1	2	3	'0 1 0 0 Z Z 0 Z 	D	0.507673	0.009426	0.507673	0.507673	0.000000	0.000000	0.507673	0.000000	0.284455	0.334078	0.000000	0.381467	0.486490	
996000	-463.633662	1	2	1	'0 1 0 0 0 0 0 Z 	D	0.790629	0.096823	0.790629	0.790629	0.790629	0.790629	0.790629	0.000000	0.249378	0.249995	0.249985	0.250642	0.806778	
997000	-461.320536	1	2	1	'0 1 0 0 0 0 0 Z 	D	0.645193	0.042730	0.645193	0.645193	0.645193	0.645193	0.645193	0.000000	0.247392	0.249992	0.250071	0.252544	0.822071	
998000	-462.787775	1	2	1	'0 Z 0 0 0 0 0 1 	D	0.650443	0.000000	0.650443	0.650443	0.650443	0.650443	0.650443	0.065290	0.239718	0.250134	0.249964	0.260185	0.345776	
999000	-463.932255	1	2	1	'0 Z 0 0 1 0 0 1 	D	0.784407	0.000000	0.784407	0.784407	0.027775	0.784407	0.784407	0.027775	0.248495	0.250881	0.247476	0.253148	0.724877	
1000000	-462.941693	1	2	0	'0 1 0 0 0 0 0 1 	D	0.508596	0.016931	0.508596	0.508596	0.508596	0.508596	0.508596	0.016931	0.226131	0.250312	0.248628	0.274928	0.238975	
1001000	-464.727263	1	2	2	'0 1 0 0 0 Z 0 Z 	D	0.886370	0.030474	0.886370	0.886370	0.886370	0.000000	0.886370	0.000000	0.252119	0.254438	0.236930	0.256513	0.315122	
1002000	-462.046971	1	2	1	'0 1 0 0 0 1 0 Z 	D	0.633271	0.030374	0.633271	0.633271	0.633271	0.030374	0.633271	0.000000	0.253472	0.271160	0.187749	0.287619	0.837260	
1003000	-464.712875	1	2	1	'0 Z 0 0 1 1 0 1 	D	0.746341	0.000000	0.746341	0.746341	0.015342	0.015342	0.746341	0.015342	0.342426	0.334488	0.001120	0.321967	0.666439	
1004000	-462.328954	1	2	1	'0 Z 0 0 0 0 0 1 	D	0.591640	0.000000	0.591640	0.591640	0.591640	0.591640	0.591640	0.047598	0.232527	0.250152	0.249788	0.267533	0.290922	
1005000	-461.301965	1	2	1	'0 1 0 0 0 0 0 Z 	D	0.608495	0.049830	0.608495	0.608495	0.608495	0.608495	0.608495	0.000000	0.246162	0.250047	0.249941	0.253850	0.963349	
1006000	-462.054835	1	2	1	'0 1 0 0 Z 0 0 1 	D	0.698167	0.018596	0.698167	0.698167	0.000000	0.698167	0.698167	0.018596	0.252399	0.256347	0.231676	0.259578	0.445254	
1007000	-461.422394	1	2	1	'0 1 0 0 0 0 0 Z 	D	0.588751	0.045371	0.588751	0.588751	0.588751	0.588751	0.588751	0.000000	0.245273	0.250067	0.249950	0.254710	0.526529	
1008000	-464.176750	1	2	3	'0 1 0 0 Z Z 0 Z 	D	0.622236	0.039010	0.622236	0.622236	0.000000	0.000000	0.622236	0.000000	0.258184	0.335041	0.000000	0.406775	0.522040	
1009000	-463.458747	1	2	3	'0 1 0 0 Z Z 0 Z 	D	0.728488	0.024453	0.728488	0.728488	0.000000	0.000000	0.728488	0.000000	0.298416	0.335349	0.000000	0.366235	0.544418	
1010000	-462.079705	1	2	1	'0 1 0 0 0 Z 0 1 	D	0.600051	0.010447	0.600051	0.600051	0.600051	0.000000	0.600051	0.010447	0.260446	0.277112	0.170332	0.292109	0.620249	
1011000	-464.978484	1	2	2	'0 Z 0 0 Z 1 0 1 	D	0.760923	0.000000	0.760923	0.760923	0.000000	0.018822	0.760923	0.018822	0.346866	0.335009	0.000413	0.317712	0.596590	
1012000	-462.202934	1	2	1	'0 1 0 0 Z 0 0 1 	D	0.611905	0.020604	0.611905	0.611905	0.000000	0.611905	0.611905	0.020604	0.253710	0.261961	0.215890	0.268439	0.738410	
1013000	-461.849745	1	2	0	'0 1 0 0 1 0 0 1 	D	0.663330	0.012504	0.663330	0.663330	0.012504	0.663330	0.663330	0.012504	0.250581	0.256478	0.231104	0.261837	0.302708	
1014000	-461.990411	1	2	0	'0 1 0 0 0 0 0 1 	D	0.553478	0.025158	0.553478	0.553478	0.553478	0.553478	0.553478	0.025158	0.234386	0.250233	0.249160	0.266221	0.149763	
1015000	-462.532190	1	2	0	'0 1 0 0 0 0 0 1 	D	0.734076	0.034383	0.734076	0.734076	0.734076	0.734076	0.734076	0.034383	0.246756	0.250005	0.249976	0.253263	0.337475	
1016000	-462.833024	1	2	1	'0 Z 0 0 0 0 0 1 	D	0.551990	0.000000	0.551990	0.551990	0.551990	0.551990	0.551990	0.024941	0.223722	0.249719	0.250290	0.276268	0.489870	
1017000	-463.089361	1	2	0	'0 1 0 0 0 0 0 1 	D	0.593029	0.046616	0.593029	0.593029	0.593029	0.593029	0.593029	0.046616	0.240449	0.250204	0.249418	0.259928	0.865622	
1018000	-461.997647	1	2	0	'0 1 0 0 1 0 0 1 	D	0.646934	0.020709	0.646934	0.646934	0.020709	0.646934	0.646934	0.020709	0.251961	0.257951	0.227265	0.262822	0.511772	
1019000	-464.235478	1	2	2	'0 Z 0 0 Z 0 0 1 	D	0.620409	0.000000	0.620409	0.620409	0.000000	0.620409	0.620409	0.048470	0.266451	0.265415	0.206299	0.261835	0.784285	
1020000	-461.276970	1	2	1	'0 1 0 0 0 0 0 Z 	D	0.627402	0.044633	0.627402	0.627402	0.627402	0.627402	0.627402	0.000000	0.246857	0.250008	0.250043	0.253092	0.479234	
1021000	-462.165972	1	2	1	'0 1 0 0 0 0 0 Z 	D	0.556823	0.070161	0.556823	0.556823	0.556823	0.556823	0.556823	0.000000	0.243260	0.250287	0.249243	0.257210	0.932131	
1022000	-462.837227	1	2	1	'0 1 0 0 0 0 0 Z 	D	0.778533	0.040878	0.778533	0.778533	0.778533	0.778533	0.778533	0.000000	0.249323	0.249991	0.250024	0.250662	0.683670	
1023000	-461.525578	1	2	1	'0 1 0 0 0 0 0 Z 	D	0.657907	0.068278	0.657907	0.657907	0.657907	0.657907	0.657907	0.000000	0.247687	0.250019	0.249922	0.252372	0.432033	
1024000	-463.303066	1	2	1	'0 1 0 0 0 0 0 Z 	D	0.729945	0.020469	0.729945	0.729945	0.729945	0.729945	0.729945	0.000000	0.248874	0.249943	0.250190	0.250992	0.870501	
1025000	-462.866039	1	2	1	'0 Z 0 0 0 0 0 1 	D	0.710886	0.000000	0.710886	0.710886	0.710886	0.710886	0.710886	0.056557	0.243335	0.250055	0.250032	0.256578	0.767086	
1026000	-462.664204	1	2	1	'0 1 0 0 0 Z 0 1 	D	0.762845	0.013398	0.762845	0.762845	0.762845	0.000000	0.762845	0.013398	0.256083	0.260300	0.219785	0.263832	0.577833	
1027000	-461.518168	1	2	0	'0 1 0 0 0 0 0 1 	D	0.606510	0.026493	0.606510	0.606510	0.606510	0.606510	0.606510	0.026493	0.239971	0.250070	0.249721	0.260238	0.885735	
1028000	-462.516062	1	2	0	'0 1 0 0 0 1 0 1 	D	0.554740	0.012297	0.554740	0.554740	0.554740	0.012297	0.554740	0.012297	0.257820	0.282384	0.155294	0.304503	0.428081	
1029000	-462.133187	1	2	1	'0 1 0 0 0 Z 0 1 	D	0.680157	0.009695	0.680157	0.680157	0.680157	0.000000	0.680157	0.009695	0.258941	0.267245	0.199171	0.274642	0.169021	
1030000	-462.850822	1	2	1	'0 Z 0 0 0 0 0 1 	D	0.696080	0.000000	0.696080	0.696080	0.696080	0.696080	0.696080	0.024868	0.241350	0.249953	0.250167	0.258530	0.203246	
1031000	-462.233957	1	2	1	'0 1 0 0 0 0 0 Z 	D	0.627320	0.092020	0.627320	0.627320	0.627320	0.627320	0.627320	0.000000	0.246696	0.250060	0.249736	0.253509	0.406566	
1032000	-462.290611	1	2	2	'0 1 0 0 0 Z 0 Z 	D	0.704673	0.038461	0.704673	0.704673	0.704673	0.000000	0.704673	0.000000	0.254302	0.267673	0.198246	0.279779	0.721842	
1033000	-462.364763	1	2	1	'0 1 0 0 0 Z 0 1 	D	0.605260	0.021255	0.605260	0.605260	0.605260	0.000000	0.605260	0.021255	0.259781	0.277249	0.171818	0.291153	0.645834	
1034000	-461.721796	1	2	1	'0 1 0 0 0 0 0 Z 	D	0.565798	0.055920	0.565798	0.565798	0.565798	0.565798	0.565798	0.000000	0.243956	0.250196	0.249585	0.256263	0.346622	
1035000	-462.117285	1	2	0	'0 1 0 0 0 0 0 1 	D	0.614144	0.037394	0.614144	0.614144	0.614144	0.614144	0.614144	0.037394	0.241368	0.250108	0.249657	0.258867	0.342142	
1036000	-461.476201	1	2	1	'0 1 0 0 0 0 0 Z 	D	0.679032	0.044481	0.679032	0.679032	0.679032	0.679032	0.679032	0.000000	0.248167	0.249988	0.250050	0.251794	0.330401	
1037000	-463.570163	1	2	0	'0 1 0 0 0 0 0 1 	D	0.639924	0.053858	0.639924	0.639924	0.639924	0.639924	0.639924	0.053858	0.243877	0.250092	0.249743	0.256288	0.634931	
1038000	-461.358624	1	2	1	'0 1 0 0 0 0 0 Z 	D	0.630587	0.061187	0.630587	0.630587	0.630587	0.630587	0.630587	0.000000	0.246940	0.250039	0.249896	0.253125	0.427650	
1039000	-462.399073	1	2	1	'0 Z 0 0 0 0 0 1 	D	0.685025	0.000000	0.685025	0.685025	0.685025	0.685025	0.685025	0.045724	0.241415	0.250042	0.250042	0.258501	0.341656	
1040000	-462.442452	1	2	0	'0 1 0 0 1 0 0 1 	D	0.578755	0.020267	0.578755	0.578755	0.020267	0.578755	0.578755	0.020267	0.251465	0.262568	0.214329	0.271638	0.435000	
1041000	-464.858400	1	2	1	'0 1 0 0 0 0 0 Z 	D	0.492530	0.016423	0.492530	0.492530	0.492530	0.492530	0.492530	0.000000	0.235793	0.248903	0.254618	0.260686	0.261164	
1042000	-464.940734	1	2	0	'0 1 0 0 1 0 0 1 	D	0.481392	0.018840	0.481392	0.481392	0.018840	0.481392	0.481392	0.018840	0.244999	0.271947	0.188778	0.294277	0.299366	
1043000	-461.575559	1	2	1	'0 1 0 0 0 0 0 Z 	D	0.573256	0.050518	0.573256	0.573256	0.573256	0.573256	0.573256	0.000000	0.244428	0.250140	0.249757	0.255674	0.590009	
1044000	-464.282937	1	2	1	'0 1 0 0 0 0 0 Z 	D	0.510514	0.096062	0.510514	0.510514	0.510514	0.510514	0.510514	0.000000	0.238563	0.250803	0.247591	0.263042	0.445956	
1045000	-462.664203	1	2	1	'0 1 0 0 Z 0 0 1 	D	0.568595	0.020144	0.568595	0.568595	0.000000	0.568595	0.568595	0.020144	0.253253	0.265496	0.206031	0.275220	0.296185	
1046000	-462.703571	1	2	0	'0 1 0 0 0 0 0 1 	D	0.708944	0.041392	0.708944	0.708944	0.708944	0.708944	0.708944	0.041392	0.246209	0.250016	0.249944	0.253830	0.285137	
1047000	-463.392701	1	2	2	'0 Z 0 0 Z 0 0 1 	D	0.623080	0.000000	0.623080	0.623080	0.000000	0.623080	0.623080	0.019280	0.248386	0.258206	0.226065	0.267344	0.206215	
1048000	-462.292167	1	2	1	'0 1 0 0 0 0 0 Z 	D	0.597285	0.088973	0.597285	0.597285	0.597285	0.597285	0.597285	0.000000	0.245480	0.250125	0.249550	0.254844	0.343464	
1049000	-462.403093	1	2	1	'0 Z 0 0 0 0 0 1 	D	0.688690	0.000000	0.688690	0.688690	0.688690	0.688690	0.688690	0.036863	0.241322	0.250011	0.250075	0.258592	0.252925	
1050000	-461.932969	1	2	1	'0 1 0 0 0 0 0 Z 	D	0.558782	0.034245	0.558782	0.558782	0.558782	0.558782	0.558782	0.000000	0.243464	0.250042	0.250228	0.256266	0.168416	
1051000	-461.422414	1	2	1	'0 1 0 0 0 0 0 Z 	D	0.593668	0.041357	0.593668	0.593668	0.593668	0.593668	0.593668	0.000000	0.245508	0.250034	0.250054	0.254404	0.340231	
1052000	-463.076739	1	2	1	'0 1 0 0 0 0 0 Z 	D	0.787895	0.038375	0.787895	0.787895	0.787895	0.787895	0.787895	0.000000	0.249380	0.249991	0.250025	0.250604	0.264647	
1053000	-461.409722	1	2	1	'0 1 0 0 0 0 0 Z 	D	0.591410	0.044128	0.591410	0.591410	0.591410	0.591410	0.591410	0.000000	0.245403	0.250055	0.249986	0.254556	0.512086	
1054000	-463.334091	1	2	2	'0 1 0 0 Z 1 0 Z 	D	0.570617	0.020439	0.570617	0.570617	0.000000	0.020439	0.570617	0.000000	0.278075	0.334347	0.000657	0.386920	0.201500	
1055000	-465.620508	1	2	1	'0 Z 0 0 1 1 0 1 	D	0.760548	0.000000	0.760548	0.760548	0.030671	0.030671	0.760548	0.030671	0.355855	0.334390	0.004273	0.305482	0.159377	
1056000	-463.225204	1	2	3	'0 1 0 0 Z Z 0 Z 	D	0.673391	0.012068	0.673391	0.673391	0.000000	0.000000	0.673391	0.000000	0.309216	0.334512	0.000000	0.356272	0.306944	
1057000	-465.227449	1	2	0	'0 1 0 0 0 0 0 1 	D	0.797342	0.058629	0.797342	0.797342	0.797342	0.797342	0.797342	0.058629	0.248432	0.250004	0.249987	0.251576	0.849673	
1058000	-463.940630	1	2	2	'0 1 0 0 0 Z 0 Z 	D	0.783527	0.062732	0.783527	0.783527	0.783527	0.000000	0.783527	0.000000	0.251725	0.263057	0.212159	0.273059	0.815696	
1059000	-464.020324	1	2	3	'0 1 0 0 Z Z 0 Z 	D	0.710020	0.008663	0.710020	0.710020	0.000000	0.000000	0.710020	0.000000	0.317462	0.334208	0.000000	0.348330	0.593857	
1060000	-463.179509	1	2	1	'0 1 0 0 0 1 0 Z 	D	0.587351	0.015114	0.587351	0.587351	0.587351	0.015114	0.587351	0.000000	0.258613	0.276197	0.172402	0.292788	0.494914	
1061000	-461.712666	1	2	0	'0 1 0 0 0 0 0 1 	D	0.613013	0.031294	0.613013	0.613013	0.613013	0.613013	0.613013	0.031294	0.240854	0.250085	0.249700	0.259360	0.885342	
1062000	-461.512911	1	2	1	'0 1 0 0 0 0 0 Z 	D	0.591128	0.037327	0.591128	0.591128	0.591128	0.591128	0.591128	0.000000	0.245373	0.250008	0.250158	0.254461	0.621227	
1063000	-463.200246	1	2	2	'0 1 0 0 1 Z 0 Z 	D	0.687807	0.012933	0.687807	0.687807	0.012933	0.000000	0.687807	0.000000	0.309740	0.334491	0.000179	0.355591	0.905174	
1064000	-462.196967	1	2	1	'0 1 0 0 0 0 0 Z 	D	0.667641	0.024586	0.667641	0.667641	0.667641	0.667641	0.667641	0.000000	0.247889	0.249913	0.250323	0.251876	0.382239	
1065000	-462.173044	1	2	1	'0 1 0 0 0 0 0 Z 	D	0.645595	0.091121	0.645595	0.645595	0.645595	0.645595	0.645595	0.000000	0.247280	0.250036	0.249816	0.252869	0.992230	
1066000	-463.037434	1	2	1	'0 1 0 0 0 1 0 Z 	D	0.616569	0.060050	0.616569	0.616569	0.616569	0.060050	0.616569	0.000000	0.243224	0.273791	0.180323	0.302661	0.428590	
1067000	-464.238682	1	2	2	'0 1 0 0 1 Z 0 Z 	D	0.646176	0.007068	0.646176	0.646176	0.007068	0.000000	0.646176	0.000000	0.314612	0.334074	0.000055	0.351259	0.834425	
1068000	-464.154233	1	2	2	'0 1 0 0 Z 1 0 Z 	D	0.690053	0.038958	0.690053	0.690053	0.000000	0.038958	0.690053	0.000000	0.277035	0.334894	0.002325	0.385746	0.371217	
1069000	-462.913094	1	2	3	'0 1 0 0 Z Z 0 Z 	D	0.653390	0.015649	0.653390	0.653390	0.000000	0.000000	0.653390	0.000000	0.301125	0.334760	0.000000	0.364115	0.393652	
1070000	-462.021728	1	2	0	'0 1 0 0 0 1 0 1 	D	0.649701	0.020164	0.649701	0.649701	0.649701	0.020164	0.649701	0.020164	0.257746	0.269322	0.194278	0.278654	0.520782	
1071000	-463.331443	1	2	1	'0 1 0 0 0 1 0 Z 	D	0.560502	0.017215	0.560502	0.560502	0.560502	0.017215	0.560502	0.000000	0.256794	0.280301	0.160276	0.302629	0.418390	
1072000	-462.601640	1	2	2	'1 0 1 1 1 Z 1 Z 	D	0.607076	0.043867	0.607076	0.607076	0.607076	0.000000	0.607076	0.000000	0.249648	0.281229	0.158272	0.310852	0.268818	
1073000	-468.092523	1	2	1	'1 0 1 1 1 1 1 Z 	D	1.014628	0.083831	1.014628	1.014628	1.014628	1.014628	1.014628	0.000000	0.249921	0.249999	0.249999	0.250080	0.964086	
1074000	-462.128098	1	2	1	'1 0 1 1 1 1 1 Z 	D	0.651479	0.089778	0.651479	0.651479	0.651479	0.651479	0.651479	0.000000	0.247449	0.250030	0.249839	0.252682	0.348052	
1075000	-461.290498	1	2	1	'1 0 1 1 1 1 1 Z 	D	0.636653	0.055730	0.636653	0.636653	0.636653	0.636653	0.636653	0.000000	0.247140	0.250025	0.249948	0.252886	0.460376	
1076000	-463.711175	1	2	1	'1 Z 1 1 1 1 1 0 	D	0.517934	0.000000	0.517934	0.517934	0.517934	0.517934	0.517934	0.021229	0.215651	0.249386	0.250582	0.284381	0.647717	
1077000	-463.581052	1	2	1	'1 0 1 1 0 Z 1 0 	D	0.735102	0.007760	0.735102	0.735102	0.007760	0.000000	0.735102	0.007760	0.327120	0.335026	0.000071	0.337783	0.162690	
1078000	-464.283795	1	2	1	'1 Z 1 1 0 1 1 0 	D	0.774870	0.000000	0.774870	0.774870	0.017456	0.774870	0.774870	0.017456	0.245919	0.249501	0.251518	0.253063	0.683352	
1079000	-463.509617	1	2	0	'1 0 1 1 0 1 1 0 	D	0.727481	0.032644	0.727481	0.727481	0.032644	0.727481	0.727481	0.032644	0.252121	0.254528	0.237261	0.256091	0.476400	
1080000	-462.651153	1	2	1	'1 Z 1 1 1 1 1 0 	D	0.662178	0.000000	0.662178	0.662178	0.662178	0.662178	0.662178	0.060941	0.240418	0.250105	0.249991	0.259486	0.377496	
1081000	-463.106566	1	2	2	'1 0 1 1 0 Z 1 Z 	D	0.687259	0.025017	0.687259	0.687259	0.025017	0.000000	0.687259	0.000000	0.293195	0.335057	0.000606	0.371142	0.832804	
1082000	-464.769801	1	2	1	'1 0 1 1 1 1 1 Z 	D	0.805189	0.019456	0.805189	0.805189	0.805189	0.805189	0.805189	0.000000	0.249459	0.249979	0.250068	0.250495	0.860809	
1083000	-461.272047	1	2	1	'1 0 1 1 1 1 1 Z 	D	0.622444	0.045867	0.622444	0.622444	0.622444	0.622444	0.622444	0.000000	0.246689	0.250017	0.250022	0.253273	0.417222	
1084000	-463.627292	1	2	2	'1 0 1 1 1 Z 1 Z 	D	0.530907	0.033895	0.530907	0.530907	0.530907	0.000000	0.530907	0.000000	0.245276	0.291344	0.127212	0.336168	0.171099	
1085000	-462.338543	1	2	1	'1 0 1 1 1 1 1 Z 	D	0.585315	0.087092	0.585315	0.585315	0.585315	0.585315	0.585315	0.000000	0.244885	0.250164	0.249448	0.255503	0.205769	
1086000	-463.479614	1	2	1	'1 Z 1 1 1 1 1 0 	D	0.637926	0.000000	0.637926	0.637926	0.637926	0.637926	0.637926	0.079747	0.239441	0.250201	0.249916	0.260442	0.271481	
1087000	-462.445324	1	2	0	'1 0 1 1 1 1 1 0 	D	0.736288	0.017298	0.736288	0.736288	0.736288	0.736288	0.736288	0.017298	0.246344	0.249984	0.250033	0.253640	0.210198	
1088000	-461.843828	1	2	1	'1 0 1 1 Z 1 1 0 	D	0.666875	0.016461	0.666875	0.666875	0.000000	0.666875	0.666875	0.016461	0.252379	0.257766	0.227530	0.262326	0.309826	
1089000	-463.154257	1	2	2	'1 0 1 1 1 Z 1 Z 	D	0.792589	0.038690	0.792589	0.792589	0.792589	0.000000	0.792589	0.000000	0.253417	0.259997	0.220721	0.265865	0.508563	
1090000	-461.651662	1	2	1	'1 0 1 1 1 1 1 Z 	D	0.636773	0.074756	0.636773	0.636773	0.636773	0.636773	0.636773	0.000000	0.247089	0.250042	0.249842	0.253026	0.347761	
1091000	-463.834479	1	2	2	'1 0 1 1 1 Z 1 Z 	D	0.690983	0.071046	0.690983	0.690983	0.690983	0.000000	0.690983	0.000000	0.248135	0.273854	0.180848	0.297162	0.292375	
1092000	-462.405163	1	2	2	'1 0 1 1 1 Z 1 Z 	D	0.694351	0.044171	0.694351	0.694351	0.694351	0.000000	0.694351	0.000000	0.253297	0.269640	0.192610	0.284453	0.757627	
1093000	-464.666244	1	2	1	'1 Z 1 1 0 1 1 0 	D	0.634850	0.000000	0.634850	0.634850	0.062441	0.634850	0.634850	0.062441	0.261501	0.259764	0.222670	0.256065	0.907454	
1094000	-463.007623	1	2	1	'1 Z 1 1 0 1 1 0 	D	0.666312	0.000000	0.666312	0.666312	0.026416	0.666312	0.666312	0.026416	0.249015	0.254824	0.236077	0.260083	0.795765	
1095000	-462.140864	1	2	1	'1 0 1 1 1 Z 1 0 	D	0.641993	0.020753	0.641993	0.641993	0.641993	0.000000	0.641993	0.020753	0.259580	0.272317	0.185753	0.282350	0.934013	
1096000	-461.613153	1	2	0	'1 0 1 1 1 1 1 0 	D	0.663564	0.028012	0.663564	0.663564	0.663564	0.663564	0.663564	0.028012	0.243830	0.250017	0.249919	0.256234	0.524485	
1097000	-462.468097	1	2	1	'1 0 1 1 1 0 1 Z 	D	0.588071	0.025247	0.588071	0.588071	0.588071	0.025247	0.588071	0.000000	0.253964	0.276809	0.170872	0.298355	0.562758	
1098000	-461.724538	1	2	1	'1 0 1 1 1 1 1 Z 	D	0.562958	0.041624	0.562958	0.562958	0.562958	0.562958	0.562958	0.000000	0.243787	0.250119	0.249923	0.256171	0.565272	
1099000	-462.178590	1	2	1	'1 0 1 1 1 0 1 Z 	D	0.707667	0.031210	0.707667	0.707667	0.707667	0.031210	0.707667	0.000000	0.253641	0.263419	0.210572	0.272367	0.322718	
1100000	-464.733489	1	2	2	'1 0 1 1 0 Z 1 Z 	D	0.513332	0.026040	0.513332	0.513332	0.026040	0.000000	0.513332	0.000000	0.249147	0.333251	0.000513	0.417090	0.144520	
