Iteration	Lh	Tree No	Model No	q12	q13	q21	q24	q31	q34	q42	q43	Est t350 - 2	Root - P(0,0)	Root - P(0,1)	Root - P(1,0)	Root - P(1,1)	q12 - Mean	q13 - Mean	q21 - Mean	q24 - Mean	q31 - Mean	q34 - Mean	q42 - Mean	q43 - Mean	
1000000	-460.763411	1	1397	0.690680	0.043596	0.690680	0.690680	0.690680	0.690680	0.690680	0.000000	1	0.247036	0.249982	0.249993	0.252988	0.808259	0.504218	0.582735	0.267620	0.906713	0.662629	0.014192	0.987057	
1001000	-461.561393	1	626	0.563495	0.009868	0.563495	0.563495	0.563495	0.000000	0.563495	0.009868	1	0.258786	0.283023	0.152720	0.305471	0.692462	0.635181	0.549399	0.914485	0.991009	0.150486	0.355696	0.991371	
1002000	-462.075142	1	1477	0.606255	0.013644	0.606255	0.606255	0.000000	0.013644	0.606255	0.000000	1	0.294527	0.334295	0.000278	0.370900	0.536200	0.559382	0.059450	0.964057	0.929570	0.454967	0.443069	0.861151	
1003000	-462.584824	1	3552	0.765066	0.025933	0.765066	0.765066	0.000000	0.765066	0.765066	0.025933	1	0.251647	0.253940	0.238729	0.255684	0.425689	0.533342	0.749208	0.888250	0.908917	0.481101	0.630208	0.736887	
1004000	-460.770750	1	3065	0.612033	0.048315	0.612033	0.612033	0.612033	0.612033	0.612033	0.000000	1	0.243929	0.250025	0.249814	0.256232	0.988610	0.881627	0.503112	0.659730	0.063247	0.702354	0.681432	0.457131	
1005000	-460.742056	1	768	0.668281	0.009340	0.668281	0.668281	0.000000	0.668281	0.668281	0.009340	1	0.249386	0.256220	0.231697	0.262697	0.243854	0.093859	0.464321	0.285437	0.593608	0.609017	0.804027	0.843007	
1006000	-461.809704	1	578	0.567399	0.016845	0.567399	0.567399	0.567399	0.567399	0.567399	0.000000	1	0.240035	0.249654	0.251160	0.259151	0.085334	0.070093	0.319108	0.738825	0.566151	0.183876	0.585834	0.562263	
1007000	-461.282972	1	3412	0.669883	0.031704	0.669883	0.669883	0.669883	0.669883	0.669883	0.031704	1	0.243668	0.250032	0.249867	0.256433	0.236607	0.728353	0.999265	0.672682	0.542195	0.619439	0.290047	0.293657	
1008000	-461.158832	1	860	0.561651	0.011386	0.561651	0.561651	0.561651	0.561651	0.561651	0.011386	1	0.231992	0.249985	0.249649	0.268374	0.626687	0.815807	0.374241	0.228028	0.218395	0.383568	0.118412	0.525722	
1009000	-460.854692	1	2463	0.704674	0.039387	0.704674	0.704674	0.704674	0.704674	0.704674	0.000000	1	0.247370	0.249980	0.250015	0.252636	0.099427	0.863753	0.943197	0.615810	0.842129	0.532953	0.675257	0.083231	
1010000	-460.660230	1	303	0.616821	0.033690	0.616821	0.616821	0.616821	0.616821	0.616821	0.000000	1	0.244043	0.249973	0.250039	0.255945	0.828584	0.208937	0.925192	0.587590	0.167524	0.652698	0.655284	0.257979	
1011000	-460.704084	1	1061	0.664721	0.048877	0.664721	0.664721	0.664721	0.664721	0.664721	0.000000	1	0.246271	0.249990	0.249946	0.253793	0.381034	0.467454	0.390398	0.638628	0.271682	0.795692	0.750674	0.763382	
1012000	-461.145966	1	3704	0.644274	0.066876	0.644274	0.644274	0.644274	0.644274	0.644274	0.000000	1	0.245583	0.250009	0.249817	0.254592	0.607388	0.925240	0.767098	0.871925	0.787482	0.331145	0.638197	0.186229	
1013000	-460.989147	1	3121	0.725758	0.011605	0.725758	0.725758	0.000000	0.725758	0.725758	0.011605	1	0.250038	0.254050	0.238124	0.257788	0.372940	0.890158	0.532175	0.880220	0.921924	0.664590	0.575187	0.213093	
1014000	-461.588403	1	3497	0.705029	0.018217	0.705029	0.705029	0.705029	0.705029	0.705029	0.000000	1	0.247213	0.249929	0.250204	0.252653	0.765557	0.399166	0.983664	0.272953	0.362804	0.785303	0.724252	0.353642	
1015000	-461.542900	1	1810	0.635179	0.021144	0.635179	0.635179	0.000000	0.635179	0.635179	0.021144	1	0.252071	0.259755	0.222127	0.266047	0.067638	0.204383	0.446238	0.118535	0.111218	0.880700	0.470065	0.526939	
1016000	-460.766132	1	596	0.616619	0.010609	0.616619	0.616619	0.616619	0.616619	0.616619	0.010609	1	0.238348	0.249932	0.250028	0.261692	0.595931	0.425224	0.353483	0.073983	0.347957	0.504610	0.048368	0.219460	
1017000	-460.790908	1	2521	0.587104	0.020144	0.587104	0.587104	0.587104	0.587104	0.587104	0.020144	1	0.236348	0.250100	0.249502	0.264050	0.834735	0.428487	0.109899	0.096331	0.818205	0.376380	0.281592	0.642963	
1018000	-460.862609	1	257	0.645448	0.057383	0.645448	0.645448	0.645448	0.645448	0.645448	0.000000	1	0.245592	0.250004	0.249864	0.254540	0.686543	0.253762	0.164110	0.873552	0.214112	0.689798	0.751230	0.444901	
1019000	-461.290485	1	3487	0.745335	0.045573	0.745335	0.745335	0.745335	0.745335	0.745335	0.000000	1	0.248203	0.249986	0.249999	0.251812	0.452578	0.239195	0.199376	0.079398	0.789312	0.646851	0.645236	0.536201	
1020000	-461.183561	1	1720	0.565230	0.030760	0.565230	0.565230	0.565230	0.565230	0.565230	0.000000	1	0.240370	0.250010	0.249986	0.259634	0.456266	0.213833	0.936068	0.084006	0.745509	0.943173	0.154688	0.710701	
1021000	-461.085330	1	2120	0.666608	0.015272	0.666608	0.666608	0.666608	0.000000	0.666608	0.015272	1	0.259025	0.269632	0.192762	0.278580	0.889740	0.468883	0.779473	0.280797	0.711878	0.879256	0.042744	0.279095	
1022000	-460.839689	1	619	0.619660	0.009151	0.619660	0.619660	0.000000	0.619660	0.619660	0.009151	1	0.248564	0.259001	0.223527	0.268908	0.066897	0.871434	0.960217	0.730154	0.024919	0.771550	0.385938	0.987626	
1023000	-460.894873	1	2007	0.677827	0.009864	0.677827	0.677827	0.677827	0.000000	0.677827	0.009864	1	0.258926	0.268131	0.196560	0.276383	0.308100	0.383778	0.718822	0.930390	0.787387	0.824496	0.773906	0.591203	
1024000	-461.191118	1	1355	0.569392	0.009892	0.569392	0.569392	0.569392	0.569392	0.569392	0.009892	1	0.232827	0.249912	0.249892	0.267369	0.449031	0.358548	0.980340	0.197153	0.135788	0.157822	0.859726	0.153049	
1025000	-461.848274	1	1889	0.604815	0.019661	0.604815	0.604815	0.604815	0.000000	0.604815	0.019661	1	0.259246	0.277731	0.170084	0.292939	0.602234	0.315730	0.390108	0.377209	0.087983	0.316181	0.876056	0.494879	
1026000	-461.426197	1	1456	0.626302	0.027930	0.626302	0.626302	0.626302	0.027930	0.626302	0.000000	1	0.252500	0.273299	0.181124	0.293077	0.458292	0.591446	0.081305	0.121317	0.993501	0.450790	0.723963	0.221375	
1027000	-461.680679	1	3532	0.713144	0.018089	0.713144	0.713144	0.713144	0.713144	0.713144	0.000000	1	0.247410	0.249936	0.250185	0.252469	0.616546	0.042295	0.739368	0.550571	0.543568	0.917351	0.874959	0.889320	
1028000	-460.797353	1	1859	0.611948	0.027499	0.611948	0.611948	0.611948	0.611948	0.611948	0.000000	1	0.243671	0.249932	0.250192	0.256205	0.113423	0.332497	0.099940	0.945989	0.911480	0.970130	0.963925	0.792637	
1029000	-461.762036	1	2739	0.743600	0.019031	0.743600	0.743600	0.743600	0.000000	0.743600	0.000000	1	0.255703	0.262553	0.212822	0.268922	0.387920	0.286393	0.590783	0.657217	0.476568	0.101614	0.979369	0.509859	
1030000	-461.529138	1	3772	0.544676	0.038937	0.544676	0.544676	0.544676	0.544676	0.544676	0.000000	1	0.238575	0.250177	0.249447	0.261802	0.463925	0.205859	0.129612	0.267077	0.096389	0.548754	0.153494	0.837280	
1031000	-461.098458	1	13	0.599263	0.011005	0.599263	0.599263	0.599263	0.000000	0.599263	0.011005	1	0.259736	0.277866	0.168142	0.294257	0.353062	0.797383	0.291364	0.263774	0.873906	0.616589	0.493188	0.495752	
1032000	-461.315759	1	458	0.647788	0.021067	0.647788	0.647788	0.647788	0.021067	0.647788	0.000000	1	0.255215	0.270382	0.189638	0.284764	0.510949	0.663175	0.628653	0.530752	0.402626	0.808480	0.382134	0.336120	
1033000	-461.170956	1	178	0.726252	0.011429	0.726252	0.726252	0.726252	0.011429	0.726252	0.011429	1	0.256677	0.262783	0.212397	0.268143	0.582032	0.439085	0.577965	0.332032	0.857315	0.215793	0.830487	0.582101	
1034000	-460.846166	1	3432	0.670249	0.055435	0.670249	0.670249	0.670249	0.670249	0.670249	0.000000	1	0.246488	0.249992	0.249925	0.253595	0.992146	0.083196	0.232111	0.088857	0.498700	0.314512	0.767767	0.313808	
1035000	-461.290675	1	1521	0.703681	0.000000	0.703681	0.703681	0.703681	0.703681	0.703681	0.023888	1	0.242202	0.249996	0.250044	0.257758	0.718274	0.268283	0.763415	0.987694	0.051193	0.542438	0.716496	0.616542	
1036000	-460.625442	1	3489	0.666075	0.039184	0.666075	0.666075	0.666075	0.666075	0.666075	0.000000	1	0.246256	0.249978	0.250008	0.253758	0.939253	0.153880	0.089126	0.750654	0.976284	0.136550	0.342869	0.761280	
1037000	-462.156097	1	1025	0.617709	0.000000	0.617709	0.617709	0.032116	0.617709	0.617709	0.032116	1	0.253449	0.259414	0.223077	0.264060	0.915620	0.730906	0.235612	0.596106	0.475301	0.352449	0.715340	0.804212	
1038000	-461.701337	1	35	0.612300	0.015656	0.612300	0.612300	0.612300	0.015656	0.612300	0.000000	1	0.256715	0.274428	0.177402	0.291455	0.253206	0.469495	0.714217	0.930802	0.606074	0.040502	0.787508	0.174915	
1039000	-461.054278	1	3477	0.619618	0.061454	0.619618	0.619618	0.619618	0.619618	0.619618	0.000000	1	0.244419	0.250031	0.249741	0.255810	0.143191	0.247525	0.316915	0.621034	0.311316	0.589717	0.153981	0.934628	
1040000	-461.754894	1	2759	0.674614	0.000000	0.674614	0.674614	0.000000	0.674614	0.674614	0.015874	1	0.248432	0.255376	0.234202	0.261991	0.002812	0.794924	0.575817	0.615167	0.456566	0.064482	0.542704	0.535785	
1041000	-462.095224	1	1541	0.615249	0.024756	0.615249	0.615249	0.024756	0.615249	0.615249	0.024756	1	0.250856	0.259497	0.223193	0.266454	0.189287	0.508288	0.191775	0.251007	0.827411	0.254847	0.649579	0.206561	
1042000	-464.005158	1	3084	0.587668	0.040046	0.587668	0.587668	0.587668	0.587668	0.587668	0.000000	0	0.244946	0.250029	0.250069	0.254956	0.914811	0.464391	0.892244	0.642729	0.872438	0.440354	0.015898	0.480754	
1043000	-461.004897	1	3239	0.589837	0.025829	0.589837	0.589837	0.589837	0.589837	0.589837	0.000000	1	0.242205	0.249916	0.250271	0.257609	0.960740	0.535563	0.501714	0.071362	0.425471	0.773767	0.160566	0.644904	
1044000	-461.727396	1	1276	0.749434	0.023667	0.749434	0.749434	0.749434	0.000000	0.749434	0.000000	1	0.255152	0.262663	0.212592	0.269593	0.696424	0.292913	0.398231	0.254985	0.391331	0.490187	0.400924	0.311844	
1045000	-461.408846	1	3526	0.653878	0.032332	0.653878	0.653878	0.653878	0.032332	0.653878	0.000000	1	0.252044	0.270172	0.190543	0.287241	0.037615	0.973738	0.031478	0.223229	0.183697	0.308300	0.593767	0.050232	
1046000	-461.429167	1	3913	0.561073	0.000000	0.561073	0.561073	0.561073	0.561073	0.561073	0.025725	1	0.226687	0.250060	0.249484	0.273768	0.608632	0.282296	0.927420	0.305637	0.668080	0.626354	0.226134	0.894758	
1047000	-460.905292	1	242	0.625228	0.000000	0.625228	0.625228	0.625228	0.625228	0.625228	0.025965	1	0.235672	0.250006	0.249945	0.264376	0.611769	0.985736	0.482875	0.187647	0.571774	0.117566	0.809788	0.339783	
1048000	-461.717755	1	3597	0.617962	0.000000	0.617962	0.617962	0.617962	0.617962	0.617962	0.012223	1	0.233790	0.249765	0.250424	0.266021	0.382134	0.030852	0.172503	0.042533	0.382362	0.376688	0.737156	0.282657	
1049000	-460.981927	1	3334	0.617321	0.012424	0.617321	0.617321	0.617321	0.012424	0.617321	0.012424	1	0.258545	0.274116	0.179355	0.287985	0.513950	0.448035	0.916458	0.560359	0.934555	0.425615	0.347207	0.927403	
1050000	-461.827413	1	326	0.650765	0.000000	0.650765	0.650765	0.650765	0.650765	0.650765	0.058173	1	0.239849	0.250136	0.249901	0.260113	0.068226	0.358448	0.405357	0.359815	0.985743	0.527145	0.670574	0.079516	
1051000	-461.889921	1	114	0.758038	0.000000	0.758038	0.758038	0.758038	0.758038	0.758038	0.035795	1	0.245215	0.250019	0.250020	0.254747	0.656484	0.961535	0.439351	0.555308	0.728053	0.582824	0.916909	0.780732	
1052000	-463.357685	1	1895	0.511046	0.070982	0.511046	0.511046	0.511046	0.511046	0.511046	0.000000	1	0.234798	0.250638	0.247689	0.266875	0.232504	0.999249	0.289507	0.633357	0.919753	0.713556	0.404233	0.317393	
1053000	-462.848446	1	349	0.652805	0.000000	0.652805	0.652805	0.000000	0.018394	0.652805	0.018394	1	0.345971	0.335448	0.000400	0.318181	0.903403	0.330244	0.341503	0.512781	0.540454	0.090835	0.457824	0.745728	
1054000	-460.857267	1	1563	0.600227	0.027858	0.600227	0.600227	0.600227	0.600227	0.600227	0.000000	1	0.242958	0.249937	0.250184	0.256921	0.855815	0.388581	0.712589	0.243087	0.056104	0.037053	0.205753	0.989622	
1055000	-461.277569	1	1607	0.562443	0.023409	0.562443	0.562443	0.562443	0.562443	0.562443	0.023409	1	0.233806	0.250224	0.249088	0.266882	0.924608	0.149592	0.515010	0.866966	0.248166	0.887745	0.020042	0.222123	
1056000	-460.710110	1	1436	0.649580	0.011257	0.649580	0.649580	0.649580	0.649580	0.649580	0.011257	1	0.241161	0.249952	0.250040	0.258847	0.301902	0.683060	0.694237	0.580795	0.371958	0.161593	0.133925	0.800757	
1057000	-464.712741	1	926	0.666083	0.046265	0.666083	0.666083	0.046265	0.000000	0.666083	0.000000	1	0.261237	0.334839	0.001698	0.402226	0.859177	0.087345	0.482137	0.269143	0.978720	0.543151	0.186971	0.726295	
1058000	-462.308641	1	700	0.573466	0.000000	0.573466	0.573466	0.018857	0.573466	0.573466	0.018857	1	0.246154	0.260833	0.218490	0.274523	0.628148	0.859378	0.749354	0.838007	0.151623	0.892263	0.620158	0.996244	
1059000	-460.985163	1	424	0.712829	0.032818	0.712829	0.712829	0.712829	0.712829	0.712829	0.000000	1	0.247522	0.249974	0.250045	0.252460	0.825896	0.099857	0.193779	0.236266	0.475613	0.231398	0.096604	0.091293	
1060000	-460.720942	1	226	0.650683	0.028260	0.650683	0.650683	0.650683	0.650683	0.650683	0.000000	1	0.245577	0.249946	0.250136	0.254341	0.057265	0.886136	0.829829	0.917025	0.905259	0.169640	0.965308	0.851230	
1061000	-461.518344	1	2631	0.642985	0.015480	0.642985	0.642985	0.642985	0.642985	0.642985	0.000000	1	0.245002	0.249807	0.250598	0.254593	0.782163	0.888302	0.040079	0.781514	0.321531	0.034676	0.957721	0.134555	
1062000	-461.705117	1	3072	0.609700	0.077483	0.609700	0.609700	0.609700	0.609700	0.609700	0.000000	1	0.243931	0.250051	0.249588	0.256430	0.954503	0.965050	0.331635	0.214114	0.888785	0.034572	0.169696	0.078670	
1063000	-461.233935	1	220	0.649137	0.069622	0.649137	0.649137	0.649137	0.649137	0.649137	0.000000	1	0.245787	0.250006	0.249823	0.254385	0.068146	0.486117	0.202807	0.161883	0.538537	0.995539	0.117749	0.815816	
1064000	-461.613993	1	2787	0.652229	0.000000	0.652229	0.652229	0.020321	0.652229	0.652229	0.020321	1	0.248628	0.255997	0.232526	0.262848	0.977659	0.566690	0.746498	0.894809	0.062784	0.418831	0.355643	0.015782	
1065000	-460.807405	1	540	0.693862	0.046274	0.693862	0.693862	0.693862	0.693862	0.693862	0.000000	1	0.247135	0.249984	0.249984	0.252898	0.346106	0.025312	0.853849	0.267277	0.048152	0.156643	0.682955	0.640028	
1066000	-461.023581	1	3934	0.600109	0.008560	0.600109	0.600109	0.000000	0.600109	0.600109	0.008560	1	0.247731	0.260186	0.219999	0.272083	0.994915	0.829725	0.598212	0.461216	0.521086	0.499134	0.650629	0.051461	
1067000	-462.238766	1	2351	0.566321	0.077091	0.566321	0.566321	0.566321	0.566321	0.566321	0.000000	1	0.240884	0.250181	0.249102	0.259833	0.517766	0.520961	0.652473	0.567449	0.050099	0.198278	0.960776	0.211377	
1068000	-462.105289	1	3445	0.536399	0.009993	0.536399	0.536399	0.536399	0.009993	0.536399	0.009993	1	0.255823	0.285909	0.144157	0.314111	0.907854	0.953115	0.758323	0.382347	0.025208	0.115500	0.063964	0.808940	
1069000	-464.045760	1	3712	0.629458	0.028989	0.629458	0.629458	0.629458	0.629458	0.629458	0.028989	0	0.241663	0.250046	0.249807	0.258483	0.906999	0.930954	0.353431	0.376486	0.101693	0.525303	0.747286	0.536898	
1070000	-461.784623	1	2266	0.602473	0.000000	0.602473	0.602473	0.602473	0.602473	0.602473	0.053460	1	0.234995	0.250234	0.249657	0.265114	0.495712	0.782847	0.089951	0.631410	0.837237	0.800142	0.716780	0.239624	
1071000	-462.480082	1	1351	0.726539	0.008513	0.726539	0.726539	0.008513	0.000000	0.726539	0.000000	1	0.317460	0.334117	0.000081	0.348342	0.494838	0.755121	0.520291	0.143488	0.792446	0.714337	0.483446	0.567134	
1072000	-462.208623	1	2208	0.613914	0.000000	0.613914	0.613914	0.000000	0.613914	0.613914	0.011489	1	0.244823	0.257752	0.227025	0.270400	0.093717	0.184701	0.009607	0.219874	0.400233	0.727753	0.963851	0.617533	
1073000	-461.714263	1	2729	0.657903	0.000000	0.657903	0.657903	0.657903	0.657903	0.657903	0.055855	1	0.240291	0.250119	0.249922	0.259668	0.275784	0.213136	0.335446	0.329328	0.782004	0.791953	0.519858	0.607118	
1074000	-461.861867	1	2678	0.700049	0.012724	0.700049	0.700049	0.700049	0.012724	0.700049	0.000000	1	0.256660	0.264375	0.207263	0.271702	0.633643	0.757161	0.001908	0.249039	0.020736	0.014781	0.076254	0.208056	
1075000	-461.634609	1	2623	0.563285	0.000000	0.563285	0.563285	0.563285	0.563285	0.563285	0.017497	1	0.226109	0.249835	0.249921	0.274135	0.384011	0.808018	0.810396	0.088485	0.055365	0.936194	0.136048	0.775144	
1076000	-461.241158	1	2663	0.663385	0.000000	0.663385	0.663385	0.663385	0.663385	0.663385	0.018028	1	0.238973	0.249945	0.250113	0.260970	0.664303	0.256139	0.822838	0.585535	0.961069	0.309221	0.982206	0.084329	
1077000	-463.259768	1	3717	0.583994	0.000000	0.583994	0.583994	0.006965	0.583994	0.583994	0.006965	1	0.238954	0.257410	0.227639	0.275997	0.501902	0.826748	0.827777	0.859266	0.408038	0.668585	0.551649	0.650627	
1078000	-461.680679	1	3532	0.713144	0.018089	0.713144	0.713144	0.713144	0.713144	0.713144	0.000000	1	0.247410	0.249936	0.250185	0.252469	0.980676	0.236148	0.637859	0.769798	0.218760	0.401220	0.728326	0.315473	
1079000	-461.739070	1	2526	0.675534	0.038579	0.675534	0.675534	0.675534	0.000000	0.675534	0.000000	1	0.253103	0.272243	0.184674	0.289980	0.421931	0.764548	0.697089	0.387000	0.907260	0.220923	0.808544	0.389592	
1080000	-461.095357	1	3880	0.707100	0.008805	0.707100	0.707100	0.707100	0.000000	0.707100	0.008805	1	0.258074	0.265167	0.205187	0.271572	0.474605	0.278916	0.542653	0.386979	0.539029	0.256671	0.470837	0.766237	
1081000	-463.772002	1	3065	0.612033	0.048315	0.612033	0.612033	0.612033	0.612033	0.612033	0.000000	0	0.246082	0.250031	0.249967	0.253920	0.607010	0.526009	0.323856	0.054305	0.482922	0.119004	0.127962	0.377093	
1082000	-461.891019	1	1661	0.536540	0.000000	0.536540	0.536540	0.536540	0.536540	0.536540	0.027547	1	0.222363	0.250181	0.248969	0.278487	0.544277	0.516004	0.803951	0.584701	0.145761	0.429588	0.801557	0.625564	
1083000	-460.893548	1	2506	0.647029	0.000000	0.647029	0.647029	0.647029	0.647029	0.647029	0.029517	1	0.238096	0.250026	0.249965	0.261913	0.497772	0.445746	0.146390	0.399728	0.449570	0.802148	0.083514	0.839359	
1084000	-461.504472	1	3663	0.611281	0.024600	0.611281	0.611281	0.611281	0.024600	0.611281	0.000000	1	0.253124	0.275076	0.175724	0.296077	0.538925	0.811393	0.574206	0.385601	0.453978	0.744485	0.426996	0.030175	
1085000	-461.354440	1	2169	0.645356	0.072859	0.645356	0.645356	0.645356	0.645356	0.645356	0.000000	1	0.245645	0.250009	0.249798	0.254548	0.222353	0.885954	0.468584	0.939994	0.425402	0.913011	0.575687	0.851764	
1086000	-461.547307	1	3322	0.731489	0.000000	0.731489	0.731489	0.731489	0.731489	0.731489	0.035948	1	0.244075	0.250024	0.250017	0.255883	0.788016	0.272516	0.331231	0.480651	0.574551	0.606658	0.453514	0.778650	
1087000	-461.725151	1	1544	0.553425	0.020799	0.553425	0.553425	0.553425	0.553425	0.553425	0.000000	1	0.238916	0.249806	0.250710	0.260569	0.376493	0.264667	0.192078	0.548681	0.980657	0.324943	0.626236	0.127540	
1088000	-462.242484	1	1717	0.577619	0.000000	0.577619	0.577619	0.020087	0.577619	0.577619	0.020087	1	0.247065	0.260720	0.218895	0.273320	0.680901	0.768901	0.165280	0.916775	0.117822	0.720831	0.562612	0.950925	
1089000	-461.720134	1	2579	0.768115	0.008647	0.768115	0.768115	0.768115	0.008647	0.768115	0.008647	1	0.255565	0.259732	0.221212	0.263491	0.957633	0.685273	0.055014	0.274314	0.828508	0.387870	0.795589	0.633391	
1090000	-460.599248	1	1549	0.654271	0.036629	0.654271	0.654271	0.654271	0.654271	0.654271	0.000000	1	0.245806	0.249974	0.250025	0.254196	0.671948	0.819434	0.181193	0.998179	0.273743	0.926241	0.255706	0.138474	
1091000	-460.792359	1	2826	0.626774	0.025033	0.626774	0.626774	0.626774	0.626774	0.626774	0.025033	1	0.240482	0.250058	0.249735	0.259724	0.528400	0.670749	0.096320	0.837748	0.241320	0.319857	0.120479	0.834874	
1092000	-462.529862	1	333	0.559121	0.005388	0.559121	0.559121	0.000000	0.005388	0.559121	0.005388	1	0.306493	0.334866	0.000042	0.358599	0.506362	0.359297	0.790184	0.714426	0.153982	0.861245	0.672258	0.445346	
1093000	-461.026139	1	3139	0.611486	0.000000	0.611486	0.611486	0.611486	0.611486	0.611486	0.035445	1	0.234752	0.250097	0.249791	0.265360	0.556588	0.952766	0.599236	0.073274	0.805877	0.301706	0.032219	0.435977	
1094000	-461.621385	1	1898	0.573341	0.000000	0.573341	0.573341	0.573341	0.573341	0.573341	0.042935	1	0.230387	0.250264	0.249387	0.269962	0.375182	0.281243	0.045294	0.520694	0.230013	0.230291	0.570190	0.431438	
1095000	-461.366963	1	1443	0.570999	0.000000	0.570999	0.570999	0.570999	0.570999	0.570999	0.033985	1	0.229175	0.250171	0.249443	0.271211	0.637041	0.337513	0.464449	0.537632	0.610890	0.751615	0.101027	0.557929	
1096000	-460.858846	1	1210	0.611315	0.025718	0.611315	0.611315	0.611315	0.611315	0.611315	0.000000	1	0.243599	0.249915	0.250252	0.256233	0.427245	0.579907	0.608960	0.876490	0.252573	0.929816	0.525338	0.255909	
1097000	-460.657576	1	1102	0.666582	0.033725	0.666582	0.666582	0.666582	0.666582	0.666582	0.000000	1	0.246230	0.249967	0.250055	0.253748	0.867804	0.919638	0.552595	0.742037	0.427655	0.471255	0.947652	0.211459	
1098000	-461.549309	1	2226	0.722894	0.069757	0.722894	0.722894	0.722894	0.722894	0.722894	0.000000	1	0.247872	0.249988	0.249952	0.252188	0.804120	0.417955	0.115005	0.582344	0.463025	0.576972	0.100849	0.647227	
1099000	-460.995131	1	3077	0.630345	0.061044	0.630345	0.630345	0.630345	0.630345	0.630345	0.000000	1	0.244947	0.250018	0.249793	0.255242	0.039010	0.566665	0.553082	0.166510	0.985470	0.544966	0.794782	0.451965	
1100000	-461.117475	1	3584	0.601574	0.027770	0.601574	0.601574	0.601574	0.601574	0.601574	0.027770	1	0.238566	0.250118	0.249532	0.261784	0.431327	0.678532	0.706019	0.286312	0.575204	0.770407	0.120851	0.530088	
1101000	-460.769461	1	2396	0.590290	0.012411	0.590290	0.590290	0.590290	0.590290	0.590290	0.012411	1	0.235807	0.249979	0.249814	0.264400	0.984359	0.092871	0.911677	0.931304	0.884089	0.055781	0.621962	0.140105	
1102000	-461.271923	1	1205	0.574149	0.000000	0.574149	0.574149	0.574149	0.574149	0.574149	0.023651	1	0.228634	0.249999	0.249703	0.271664	0.880982	0.895796	0.227187	0.939682	0.472472	0.515866	0.372791	0.758170	
1103000	-461.967203	1	2280	0.703587	0.024481	0.703587	0.703587	0.000000	0.703587	0.703587	0.024481	1	0.252250	0.256266	0.232110	0.259374	0.453807	0.983871	0.152921	0.040248	0.276938	0.586266	0.046938	0.335548	
1104000	-461.634137	1	2259	0.656400	0.038774	0.656400	0.656400	0.656400	0.038774	0.656400	0.000000	1	0.250377	0.270074	0.190966	0.288583	0.187698	0.153047	0.716944	0.606039	0.865162	0.772537	0.445535	0.194075	
1105000	-461.138998	1	1767	0.733354	0.043233	0.733354	0.733354	0.733354	0.733354	0.733354	0.000000	1	0.247988	0.249984	0.250003	0.252024	0.395948	0.928171	0.125860	0.194840	0.722882	0.812898	0.199795	0.415366	
1106000	-460.661011	1	3997	0.655376	0.031245	0.655376	0.655376	0.655376	0.655376	0.655376	0.000000	1	0.245797	0.249959	0.250087	0.254157	0.587424	0.704869	0.561210	0.278905	0.438348	0.995396	0.864748	0.462660	
1107000	-461.349455	1	3483	0.750599	0.017724	0.750599	0.750599	0.750599	0.750599	0.750599	0.017724	1	0.246388	0.249994	0.249999	0.253618	0.237143	0.191081	0.800435	0.929419	0.940087	0.584784	0.148870	0.032490	
1108000	-460.698746	1	3496	0.661192	0.049079	0.661192	0.661192	0.661192	0.661192	0.661192	0.000000	1	0.246149	0.249991	0.249940	0.253920	0.423003	0.864455	0.223698	0.138324	0.630506	0.200921	0.188675	0.875541	
1109000	-461.614531	1	800	0.671203	0.000000	0.671203	0.671203	0.671203	0.671203	0.671203	0.014162	1	0.239443	0.249910	0.250194	0.260453	0.204984	0.809387	0.084577	0.362433	0.631979	0.114171	0.675786	0.929543	
1110000	-460.956487	1	1930	0.581160	0.042031	0.581160	0.581160	0.581160	0.581160	0.581160	0.000000	1	0.241857	0.250061	0.249736	0.258346	0.830934	0.035550	0.163746	0.168976	0.274757	0.920634	0.837837	0.651151	
1111000	-462.757109	1	2383	0.708597	0.012533	0.708597	0.708597	0.000000	0.012533	0.708597	0.012533	1	0.324429	0.336141	0.000206	0.339223	0.439661	0.574540	0.848134	0.827532	0.717484	0.522719	0.312279	0.221247	
1112000	-461.063446	1	3003	0.695966	0.016969	0.695966	0.695966	0.000000	0.695966	0.695966	0.016969	1	0.251144	0.255940	0.232795	0.260121	0.322024	0.340642	0.477070	0.885187	0.165865	0.724377	0.683037	0.130257	
1113000	-460.797062	1	345	0.660971	0.054256	0.660971	0.660971	0.660971	0.660971	0.660971	0.000000	1	0.246168	0.249995	0.249914	0.253923	0.541381	0.398736	0.504113	0.586331	0.131235	0.433020	0.333337	0.669010	
1114000	-461.570746	1	2192	0.688648	0.007174	0.688648	0.688648	0.688648	0.688648	0.688648	0.007174	1	0.243358	0.249919	0.250180	0.256542	0.348359	0.840551	0.648548	0.775455	0.354331	0.501688	0.020309	0.956368	
1115000	-461.112733	1	3282	0.695893	0.014954	0.695893	0.695893	0.695893	0.014954	0.695893	0.014954	1	0.257196	0.265318	0.205269	0.272218	0.411685	0.119409	0.109559	0.529941	0.130118	0.604105	0.805946	0.906318	
1116000	-461.211060	1	1450	0.663782	0.000000	0.663782	0.663782	0.663782	0.663782	0.663782	0.043504	1	0.240189	0.250075	0.249948	0.259787	0.929523	0.748455	0.251817	0.589671	0.869957	0.630093	0.610523	0.206232	
1117000	-465.853615	1	1237	0.671787	0.005493	0.671787	0.671787	0.005493	0.000000	0.671787	0.005493	0	0.323262	0.334678	0.000035	0.342025	0.452576	0.193906	0.133008	0.683735	0.433780	0.547380	0.432580	0.897218	
1118000	-461.029021	1	911	0.674713	0.000000	0.674713	0.674713	0.674713	0.674713	0.674713	0.034103	1	0.240613	0.250037	0.249987	0.259363	0.587414	0.800556	0.717767	0.652408	0.410264	0.391328	0.200236	0.829932	
1119000	-461.046950	1	3809	0.637549	0.029033	0.637549	0.637549	0.637549	0.637549	0.637549	0.029033	1	0.241558	0.250058	0.249762	0.258623	0.689606	0.831920	0.472125	0.016874	0.539822	0.949237	0.596199	0.264699	
1120000	-460.852147	1	2042	0.689317	0.008720	0.689317	0.689317	0.000000	0.689317	0.689317	0.008720	1	0.249319	0.255066	0.235064	0.260551	0.436550	0.846997	0.102472	0.244274	0.353787	0.189291	0.583385	0.091584	
1121000	-460.841821	1	2604	0.611880	0.051814	0.611880	0.611880	0.611880	0.611880	0.611880	0.000000	1	0.243946	0.250031	0.249778	0.256245	0.192134	0.605516	0.848377	0.056564	0.492857	0.889551	0.234656	0.426207	
1122000	-460.928550	1	1915	0.622088	0.010833	0.622088	0.622088	0.622088	0.000000	0.622088	0.010833	1	0.259837	0.274765	0.177209	0.288189	0.673427	0.912972	0.135275	0.336702	0.603804	0.713380	0.310212	0.849980	
1123000	-461.690982	1	3714	0.599108	0.034060	0.599108	0.599108	0.599108	0.599108	0.599108	0.034060	1	0.238896	0.250153	0.249460	0.261490	0.917231	0.184789	0.628856	0.825422	0.889338	0.937623	0.169828	0.064302	
1124000	-461.612241	1	2376	0.559655	0.010390	0.559655	0.559655	0.559655	0.010390	0.559655	0.010390	1	0.257383	0.282284	0.154992	0.305342	0.078673	0.869211	0.926962	0.281026	0.820185	0.980844	0.457145	0.718113	
1125000	-461.247461	1	2331	0.559928	0.040162	0.559928	0.559928	0.559928	0.559928	0.559928	0.000000	1	0.240077	0.250116	0.249597	0.260210	0.464798	0.993311	0.241587	0.783903	0.815331	0.780101	0.297298	0.211324	
1126000	-460.851947	1	723	0.646871	0.010064	0.646871	0.646871	0.646871	0.000000	0.646871	0.010064	1	0.259609	0.271622	0.186326	0.282444	0.845176	0.853665	0.337493	0.381577	0.034327	0.949212	0.920019	0.607472	
1127000	-462.118528	1	1407	0.768260	0.018964	0.768260	0.768260	0.768260	0.000000	0.768260	0.018964	1	0.256024	0.260602	0.219177	0.264196	0.732041	0.448013	0.688571	0.106275	0.389266	0.233943	0.542140	0.454672	
1128000	-461.727292	1	3016	0.775043	0.050284	0.775043	0.775043	0.775043	0.775043	0.775043	0.000000	1	0.248636	0.249989	0.249995	0.251379	0.643239	0.395850	0.595273	0.366624	0.820402	0.989041	0.689383	0.439414	
1129000	-460.851782	1	1922	0.624209	0.013558	0.624209	0.624209	0.000000	0.624209	0.624209	0.013558	1	0.250051	0.259472	0.222457	0.268019	0.015377	0.767450	0.573059	0.333025	0.241510	0.578403	0.702627	0.846242	
1130000	-461.065743	1	3285	0.673623	0.000000	0.673623	0.673623	0.673623	0.673623	0.673623	0.023368	1	0.240073	0.249989	0.250044	0.259894	0.329238	0.566024	0.085208	0.423944	0.101632	0.141985	0.064042	0.905746	
1131000	-463.954548	1	2990	0.660744	0.068533	0.660744	0.660744	0.660744	0.660744	0.660744	0.000000	0	0.247603	0.250014	0.249923	0.252460	0.277327	0.730683	0.820148	0.455996	0.382451	0.818348	0.145433	0.206846	
1132000	-460.577163	1	3896	0.619689	0.020166	0.619689	0.619689	0.619689	0.619689	0.619689	0.020166	1	0.239516	0.250042	0.249752	0.260690	0.637188	0.565535	0.328055	0.909634	0.403600	0.460954	0.148683	0.358843	
1133000	-461.704774	1	802	0.648599	0.000000	0.648599	0.648599	0.000000	0.648599	0.648599	0.018539	1	0.249686	0.257432	0.228258	0.264623	0.073637	0.122695	0.330128	0.185219	0.482597	0.268715	0.973627	0.504830	
1134000	-462.267270	1	1236	0.720694	0.000000	0.720694	0.720694	0.036312	0.720694	0.720694	0.036312	1	0.252492	0.254399	0.237336	0.255773	0.506626	0.227299	0.579027	0.410599	0.698385	0.154083	0.200250	0.921952	
1135000	-461.090267	1	2996	0.619461	0.006740	0.619461	0.619461	0.000000	0.619461	0.619461	0.006740	1	0.247624	0.258440	0.225007	0.268929	0.840147	0.002832	0.871009	0.049491	0.034450	0.970715	0.062426	0.615783	
1136000	-462.598891	1	2420	0.516340	0.009149	0.516340	0.516340	0.009149	0.516340	0.516340	0.009149	1	0.240914	0.266066	0.202826	0.290194	0.939469	0.636037	0.744435	0.399775	0.932884	0.231301	0.078800	0.830841	
1137000	-460.959834	1	3994	0.591340	0.049455	0.591340	0.591340	0.591340	0.591340	0.591340	0.000000	1	0.242659	0.250063	0.249684	0.257594	0.953847	0.574511	0.535892	0.077844	0.624259	0.792203	0.397841	0.415236	
1138000	-461.300228	1	2318	0.709301	0.022765	0.709301	0.709301	0.709301	0.709301	0.709301	0.000000	1	0.247366	0.249952	0.250127	0.252555	0.326639	0.749626	0.613608	0.115701	0.774353	0.744116	0.913071	0.675081	
1139000	-461.879379	1	3707	0.670807	0.016319	0.670807	0.670807	0.016319	0.016319	0.670807	0.000000	1	0.301252	0.334242	0.001261	0.363245	0.081631	0.121849	0.019075	0.846590	0.902978	0.994619	0.402653	0.646207	
1140000	-461.271506	1	3410	0.738328	0.032347	0.738328	0.738328	0.738328	0.738328	0.738328	0.000000	1	0.248030	0.249979	0.250036	0.251956	0.648908	0.002985	0.879070	0.930624	0.936497	0.360636	0.089355	0.260093	
1141000	-460.959834	1	3994	0.591340	0.049455	0.591340	0.591340	0.591340	0.591340	0.591340	0.000000	1	0.242659	0.250063	0.249684	0.257594	0.858111	0.090512	0.300271	0.857133	0.157364	0.982456	0.625218	0.370517	
1142000	-461.349455	1	3483	0.750599	0.017724	0.750599	0.750599	0.750599	0.750599	0.750599	0.017724	1	0.246388	0.249994	0.249999	0.253618	0.701256	0.402001	0.941878	0.970170	0.192452	0.715495	0.481488	0.500476	
1143000	-461.241130	1	2515	0.564884	0.045981	0.564884	0.564884	0.564884	0.564884	0.564884	0.000000	1	0.240594	0.250130	0.249505	0.259772	0.191152	0.662323	0.935140	0.962925	0.817996	0.367615	0.985466	0.151968	
1144000	-462.238564	1	1706	0.733878	0.038032	0.733878	0.733878	0.733878	0.733878	0.733878	0.038032	1	0.246466	0.250011	0.249957	0.253566	0.410434	0.697797	0.717908	0.329002	0.202527	0.723761	0.748866	0.140515	
1145000	-460.924745	1	1327	0.614736	0.000000	0.614736	0.614736	0.614736	0.614736	0.614736	0.028818	1	0.234668	0.250038	0.249869	0.265425	0.831679	0.674468	0.371929	0.174241	0.013272	0.488436	0.927437	0.718157	
1146000	-460.800814	1	3056	0.587370	0.012292	0.587370	0.587370	0.587370	0.587370	0.587370	0.012292	1	0.235454	0.249979	0.249802	0.264765	0.881469	0.106394	0.343150	0.331851	0.366892	0.519099	0.739579	0.875798	
1147000	-461.253754	1	3080	0.670050	0.019448	0.670050	0.670050	0.000000	0.670050	0.670050	0.019448	1	0.251698	0.257497	0.228433	0.262372	0.756307	0.974809	0.272668	0.587604	0.236802	0.462859	0.676862	0.337643	
1148000	-460.933725	1	196	0.588189	0.046266	0.588189	0.588189	0.588189	0.588189	0.588189	0.000000	1	0.242413	0.250061	0.249709	0.257818	0.310102	0.998670	0.370225	0.320368	0.485126	0.254491	0.444934	0.458444	
1149000	-461.138998	1	1767	0.733354	0.043233	0.733354	0.733354	0.733354	0.733354	0.733354	0.000000	1	0.247988	0.249984	0.250003	0.252024	0.317819	0.133393	0.288047	0.685973	0.290404	0.710171	0.471872	0.208563	
1150000	-461.430433	1	3000	0.731464	0.015544	0.731464	0.731464	0.731464	0.000000	0.731464	0.015544	1	0.257210	0.263317	0.211110	0.268364	0.408042	0.859509	0.745960	0.866737	0.437921	0.549217	0.463079	0.517640	
1151000	-460.946463	1	3634	0.666482	0.059902	0.666482	0.666482	0.666482	0.666482	0.666482	0.000000	1	0.246382	0.249995	0.249902	0.253721	0.830587	0.561530	0.726986	0.586293	0.955138	0.504988	0.607874	0.790547	
1152000	-461.557015	1	547	0.743295	0.025320	0.743295	0.743295	0.743295	0.743295	0.743295	0.000000	1	0.248079	0.249972	0.250065	0.251884	0.866825	0.421192	0.804343	0.521264	0.115675	0.314839	0.259248	0.279816	
1153000	-461.260827	1	3737	0.723795	0.058732	0.723795	0.723795	0.723795	0.723795	0.723795	0.000000	1	0.247861	0.249987	0.249969	0.252182	0.783714	0.260916	0.909281	0.830439	0.683734	0.620705	0.415098	0.209110	
1154000	-460.988524	1	3612	0.693674	0.007612	0.693674	0.693674	0.000000	0.693674	0.693674	0.007612	1	0.248982	0.254608	0.236377	0.260032	0.075722	0.009025	0.682166	0.841661	0.240230	0.893225	0.220894	0.398126	
1155000	-460.888567	1	179	0.706671	0.044701	0.706671	0.706671	0.706671	0.706671	0.706671	0.000000	1	0.247444	0.249983	0.249995	0.252578	0.608113	0.958426	0.554635	0.804623	0.726336	0.481781	0.022334	0.176169	
1156000	-461.680704	1	250	0.621121	0.035504	0.621121	0.621121	0.621121	0.035504	0.621121	0.000000	1	0.249618	0.274209	0.178558	0.297615	0.248612	0.025721	0.464479	0.249424	0.299793	0.355969	0.728686	0.613631	
1157000	-461.960513	1	95	0.712866	0.041374	0.712866	0.712866	0.712866	0.000000	0.712866	0.000000	1	0.253226	0.268366	0.196188	0.282220	0.383690	0.282382	0.892221	0.183389	0.099803	0.148773	0.340350	0.883780	
1158000	-460.773511	1	1039	0.691760	0.035737	0.691760	0.691760	0.691760	0.691760	0.691760	0.000000	1	0.247019	0.249974	0.250034	0.252973	0.918973	0.395542	0.861802	0.694723	0.040818	0.947881	0.542457	0.087371	
1159000	-464.103395	1	1943	0.755902	0.001774	0.755902	0.755902	0.000000	0.001774	0.755902	0.001774	1	0.327928	0.333707	0.000004	0.338361	0.620647	0.170718	0.780339	0.399072	0.328177	0.130908	0.822638	0.017104	
1160000	-462.831980	1	3111	0.651727	0.055565	0.651727	0.651727	0.651727	0.000000	0.651727	0.000000	1	0.247810	0.277992	0.168042	0.306156	0.841661	0.767243	0.527658	0.638691	0.444878	0.754730	0.377139	0.142870	
1161000	-462.029731	1	1484	0.767226	0.069908	0.767226	0.767226	0.767226	0.767226	0.767226	0.000000	1	0.248581	0.249989	0.249977	0.251454	0.479435	0.242394	0.474092	0.837382	0.647153	0.273267	0.314622	0.213107	
1162000	-462.366109	1	3232	0.658658	0.011737	0.658658	0.658658	0.000000	0.011737	0.658658	0.011737	1	0.320562	0.336226	0.000185	0.343027	0.071584	0.698812	0.160609	0.484991	0.432535	0.024242	0.131679	0.510227	
1163000	-461.138135	1	966	0.693506	0.062930	0.693506	0.693506	0.693506	0.693506	0.693506	0.000000	1	0.247191	0.249989	0.249935	0.252885	0.035705	0.564003	0.183033	0.370935	0.057620	0.179957	0.867310	0.349605	
1164000	-461.801832	1	2852	0.757392	0.025312	0.757392	0.757392	0.757392	0.000000	0.757392	0.000000	1	0.254849	0.262216	0.213947	0.268989	0.198300	0.722175	0.137824	0.443025	0.028587	0.541457	0.684915	0.611342	
1165000	-461.412611	1	1525	0.767183	0.012127	0.767183	0.767183	0.000000	0.767183	0.767183	0.012127	1	0.249975	0.252753	0.241927	0.255345	0.287093	0.018524	0.764209	0.726260	0.171349	0.091617	0.262714	0.546754	
1166000	-462.241049	1	2532	0.620746	0.047207	0.620746	0.620746	0.620746	0.047207	0.620746	0.000000	1	0.245685	0.274465	0.177952	0.301897	0.730010	0.330961	0.315574	0.703487	0.956742	0.824851	0.157404	0.454603	
1167000	-460.910835	1	3632	0.634867	0.023118	0.634867	0.634867	0.634867	0.634867	0.634867	0.000000	1	0.244801	0.249902	0.250289	0.255008	0.934109	0.730403	0.533609	0.112012	0.840624	0.172836	0.571738	0.926948	
1168000	-461.539934	1	3453	0.618520	0.018866	0.618520	0.618520	0.618520	0.000000	0.618520	0.000000	1	0.257065	0.276199	0.172269	0.294468	0.329535	0.789171	0.799411	0.816502	0.654214	0.857903	0.553043	0.981582	
1169000	-461.087866	1	3534	0.728272	0.020128	0.728272	0.728272	0.728272	0.728272	0.728272	0.020128	1	0.245729	0.249998	0.249984	0.254289	0.869109	0.940765	0.088120	0.673248	0.038321	0.517560	0.420422	0.606751	
1170000	-465.314455	1	2233	0.734822	0.000000	0.734822	0.734822	0.734822	0.734822	0.734822	0.040405	0	0.243983	0.250019	0.250050	0.255948	0.119397	0.989989	0.766803	0.475474	0.368078	0.213072	0.757579	0.776083	
1171000	-460.742056	1	768	0.668281	0.009340	0.668281	0.668281	0.000000	0.668281	0.668281	0.009340	1	0.249386	0.256220	0.231697	0.262697	0.759565	0.488534	0.678490	0.097665	0.677972	0.533254	0.235350	0.719825	
1172000	-461.615257	1	1056	0.632734	0.000000	0.632734	0.632734	0.632734	0.632734	0.632734	0.053418	1	0.238075	0.250154	0.249840	0.261931	0.334116	0.353514	0.320143	0.098472	0.801284	0.091421	0.219880	0.888868	
1173000	-461.029372	1	3914	0.703354	0.027574	0.703354	0.703354	0.703354	0.703354	0.703354	0.000000	1	0.247261	0.249962	0.250087	0.252689	0.524221	0.357555	0.361937	0.930680	0.312826	0.141596	0.553402	0.705127	
1174000	-462.008220	1	608	0.715511	0.000000	0.715511	0.715511	0.715511	0.715511	0.715511	0.055984	1	0.243833	0.250061	0.250002	0.256105	0.911225	0.201800	0.527259	0.003021	0.585314	0.784080	0.808093	0.585499	
1175000	-460.679238	1	2348	0.612144	0.034031	0.612144	0.612144	0.612144	0.612144	0.612144	0.000000	1	0.243786	0.249977	0.250026	0.256211	0.681016	0.331275	0.536945	0.458455	0.560963	0.743530	0.241774	0.859731	
1176000	-461.465615	1	2875	0.719111	0.022203	0.719111	0.719111	0.719111	0.022203	0.719111	0.000000	1	0.254594	0.263263	0.210784	0.271359	0.714752	0.106743	0.868977	0.555487	0.747441	0.666798	0.664791	0.097791	
1177000	-460.728399	1	2692	0.604204	0.033768	0.604204	0.604204	0.604204	0.604204	0.604204	0.000000	1	0.243311	0.249981	0.250018	0.256690	0.292594	0.243724	0.294770	0.668753	0.169888	0.908732	0.923369	0.923130	
1178000	-461.858554	1	1052	0.727266	0.034283	0.727266	0.727266	0.727266	0.727266	0.727266	0.034283	1	0.246152	0.250010	0.249955	0.253882	0.997781	0.943261	0.521535	0.983076	0.414938	0.826626	0.705605	0.942523	
1179000	-461.087665	1	1678	0.608049	0.021288	0.608049	0.608049	0.608049	0.608049	0.608049	0.000000	1	0.243297	0.249855	0.250460	0.256389	0.010609	0.204053	0.168310	0.537260	0.690441	0.657111	0.635638	0.583057	
1180000	-462.161630	1	2323	0.707600	0.019760	0.707600	0.707600	0.019760	0.019760	0.707600	0.000000	1	0.301590	0.334278	0.001830	0.362302	0.209856	0.847387	0.192236	0.217191	0.599472	0.599389	0.805116	0.638341	
1181000	-461.387657	1	3360	0.572634	0.021559	0.572634	0.572634	0.572634	0.572634	0.572634	0.000000	1	0.240729	0.249832	0.250577	0.258862	0.881140	0.746993	0.035915	0.948275	0.968842	0.234215	0.872154	0.588208	
1182000	-463.853396	1	1560	0.554444	0.000000	0.554444	0.554444	0.000000	0.018932	0.554444	0.018932	1	0.340439	0.336422	0.000438	0.322701	0.602859	0.167391	0.254394	0.420849	0.585770	0.843061	0.140494	0.046923	
1183000	-461.574051	1	3326	0.613873	0.026869	0.613873	0.613873	0.613873	0.000000	0.613873	0.000000	1	0.254200	0.278380	0.166022	0.301397	0.596373	0.665799	0.929697	0.903945	0.291387	0.434601	0.767508	0.679800	
1184000	-461.383877	1	2140	0.608060	0.000000	0.608060	0.608060	0.608060	0.608060	0.608060	0.045773	1	0.235081	0.250173	0.249719	0.265028	0.155714	0.275042	0.896135	0.701709	0.443750	0.710225	0.190881	0.731234	
1185000	-461.026139	1	3139	0.611486	0.000000	0.611486	0.611486	0.611486	0.611486	0.611486	0.035445	1	0.234752	0.250097	0.249791	0.265360	0.627025	0.370772	0.185573	0.181731	0.557151	0.761112	0.764299	0.610680	
1186000	-460.839443	1	3745	0.650981	0.056517	0.650981	0.650981	0.650981	0.650981	0.650981	0.000000	1	0.245809	0.250000	0.249882	0.254309	0.483852	0.673369	0.829555	0.387476	0.318422	0.271775	0.182451	0.282675	
1187000	-460.825319	1	673	0.699856	0.012615	0.699856	0.699856	0.000000	0.699856	0.699856	0.012615	1	0.250300	0.255248	0.234657	0.259796	0.517980	0.872398	0.091448	0.645257	0.856410	0.041474	0.616973	0.404410	
1188000	-460.623960	1	180	0.646785	0.044890	0.646785	0.646785	0.646785	0.646785	0.646785	0.000000	1	0.245574	0.249991	0.249944	0.254490	0.329744	0.729490	0.761974	0.309240	0.841354	0.651493	0.452243	0.274931	
1189000	-464.733562	1	675	0.728914	0.016928	0.728914	0.728914	0.728914	0.728914	0.728914	0.016928	0	0.245984	0.249981	0.250037	0.253998	0.460395	0.919371	0.139875	0.263732	0.420914	0.355185	0.206965	0.982303	
1190000	-463.158172	1	2268	0.702876	0.000000	0.702876	0.702876	0.702876	0.702876	0.702876	0.079178	1	0.243876	0.250100	0.249995	0.256029	0.190004	0.828345	0.039776	0.598202	0.428323	0.443982	0.080181	0.851218	
1191000	-460.893208	1	1457	0.589157	0.030432	0.589157	0.589157	0.589157	0.589157	0.589157	0.000000	1	0.242258	0.249969	0.250082	0.257690	0.774123	0.190093	0.860358	0.191195	0.084995	0.104787	0.418613	0.124458	
1192000	-461.287066	1	3134	0.561025	0.028697	0.561025	0.561025	0.561025	0.561025	0.561025	0.000000	1	0.239939	0.249990	0.250071	0.260000	0.977067	0.206070	0.357621	0.294112	0.399758	0.435495	0.792538	0.162503	
1193000	-461.163974	1	1655	0.713470	0.011270	0.713470	0.713470	0.713470	0.713470	0.713470	0.011270	1	0.244801	0.249973	0.250044	0.255183	0.066737	0.093505	0.642564	0.028140	0.074006	0.849269	0.952510	0.337930	
1194000	-461.529795	1	3591	0.663005	0.077690	0.663005	0.663005	0.663005	0.663005	0.663005	0.000000	1	0.246318	0.249998	0.249840	0.253844	0.325335	0.154607	0.385283	0.546044	0.464044	0.535405	0.181638	0.113054	
1195000	-461.402089	1	3005	0.581434	0.006918	0.581434	0.581434	0.006918	0.581434	0.581434	0.006918	1	0.245543	0.260470	0.219002	0.274984	0.905617	0.477869	0.780872	0.282898	0.581763	0.406218	0.104493	0.693430	
1196000	-461.974409	1	2857	0.685069	0.018156	0.685069	0.685069	0.018156	0.018156	0.685069	0.000000	1	0.300713	0.334263	0.001552	0.363471	0.085243	0.175537	0.594903	0.740498	0.661184	0.465499	0.023646	0.847889	
1197000	-461.468422	1	3328	0.675681	0.017072	0.675681	0.675681	0.675681	0.675681	0.675681	0.000000	1	0.246335	0.249889	0.250334	0.253442	0.392589	0.671178	0.454359	0.574997	0.308932	0.182320	0.638586	0.966944	
1198000	-461.239129	1	795	0.559532	0.037510	0.559532	0.559532	0.559532	0.559532	0.559532	0.000000	1	0.239997	0.250097	0.249677	0.260229	0.537831	0.724468	0.678014	0.372223	0.397818	0.891612	0.999940	0.829598	
1199000	-460.850904	1	3776	0.638548	0.011056	0.638548	0.638548	0.638548	0.011056	0.638548	0.011056	1	0.258667	0.271550	0.186669	0.283115	0.864816	0.215722	0.282298	0.329850	0.713940	0.534246	0.650972	0.070026	
1200000	-461.423707	1	1406	0.596281	0.000000	0.596281	0.596281	0.596281	0.596281	0.596281	0.015758	1	0.231205	0.249824	0.250186	0.268784	0.516065	0.044414	0.771944	0.935359	0.689302	0.632442	0.274711	0.666005	
1201000	-460.605995	1	148	0.641381	0.012429	0.641381	0.641381	0.641381	0.641381	0.641381	0.012429	1	0.240640	0.249965	0.249993	0.259403	0.778399	0.268263	0.047627	0.578529	0.799353	0.799804	0.549176	0.351533	
1202000	-461.351487	1	2764	0.668661	0.027434	0.668661	0.668661	0.668661	0.000000	0.668661	0.000000	1	0.255383	0.271324	0.187074	0.286219	0.030658	0.612968	0.036817	0.829691	0.957641	0.139427	0.097349	0.018315	
1203000	-461.051047	1	463	0.625139	0.062217	0.625139	0.625139	0.625139	0.625139	0.625139	0.000000	1	0.244701	0.250024	0.249763	0.255511	0.127584	0.718166	0.976683	0.738235	0.985406	0.756445	0.155498	0.013177	
1204000	-460.893540	1	431	0.678736	0.010835	0.678736	0.678736	0.678736	0.678736	0.678736	0.010835	1	0.243030	0.249958	0.250060	0.256953	0.538668	0.830998	0.567984	0.161052	0.806175	0.341102	0.097791	0.164355	
1205000	-461.201045	1	3113	0.700702	0.015782	0.700702	0.700702	0.700702	0.015782	0.700702	0.015782	1	0.257005	0.264843	0.206714	0.271437	0.635661	0.281153	0.735749	0.806855	0.696222	0.419314	0.593944	0.711295	
1206000	-460.794960	1	2736	0.683601	0.023185	0.683601	0.683601	0.683601	0.683601	0.683601	0.023185	1	0.243954	0.250010	0.249928	0.256109	0.520612	0.276631	0.064038	0.578356	0.288176	0.129206	0.433996	0.643327	
1207000	-460.966012	1	1481	0.587879	0.047906	0.587879	0.587879	0.587879	0.587879	0.587879	0.000000	1	0.242407	0.250066	0.249681	0.257846	0.476762	0.716313	0.558544	0.838460	0.900762	0.522757	0.043488	0.098596	
1208000	-461.518344	1	2631	0.642985	0.015480	0.642985	0.642985	0.642985	0.642985	0.642985	0.000000	1	0.245002	0.249807	0.250598	0.254593	0.530624	0.035816	0.825101	0.439837	0.713933	0.003443	0.712319	0.509936	
1209000	-460.892603	1	1098	0.570918	0.016817	0.570918	0.570918	0.570918	0.570918	0.570918	0.016817	1	0.234034	0.250101	0.249413	0.266452	0.252571	0.276252	0.298475	0.621508	0.371164	0.188276	0.052677	0.881324	
1210000	-461.040558	1	3449	0.706996	0.011601	0.706996	0.706996	0.706996	0.000000	0.706996	0.011601	1	0.258039	0.265321	0.204965	0.271674	0.283315	0.664343	0.191567	0.143427	0.763918	0.887413	0.040581	0.844900	
1211000	-461.545620	1	1392	0.597997	0.018730	0.597997	0.597997	0.000000	0.597997	0.597997	0.018730	1	0.251040	0.262049	0.215502	0.271409	0.078122	0.650564	0.259092	0.298048	0.519558	0.080063	0.004601	0.189487	
1212000	-460.905605	1	2223	0.699790	0.023144	0.699790	0.699790	0.699790	0.699790	0.699790	0.023144	1	0.244713	0.250006	0.249950	0.255331	0.556954	0.446865	0.493187	0.785194	0.262802	0.101751	0.332572	0.386555	
1213000	-460.746076	1	1909	0.618690	0.028324	0.618690	0.618690	0.618690	0.618690	0.618690	0.000000	1	0.244065	0.249939	0.250163	0.255832	0.389870	0.528905	0.389313	0.505716	0.271465	0.118835	0.183678	0.119457	
1214000	-461.626635	1	808	0.610924	0.020449	0.610924	0.610924	0.000000	0.610924	0.610924	0.020449	1	0.251732	0.261331	0.217652	0.269285	0.815214	0.774402	0.759011	0.692255	0.013545	0.656604	0.533804	0.260013	
1215000	-462.213670	1	416	0.754760	0.017939	0.754760	0.754760	0.754760	0.754760	0.754760	0.000000	1	0.248221	0.249962	0.250105	0.251712	0.100353	0.133484	0.888651	0.288064	0.860281	0.303456	0.613767	0.535407	
1216000	-463.294686	1	2231	0.565845	0.000000	0.565845	0.565845	0.000000	0.565845	0.565845	0.008115	1	0.239356	0.260004	0.219955	0.280685	0.240170	0.524118	0.913756	0.942767	0.185858	0.655435	0.892338	0.622356	
1217000	-462.680217	1	1011	0.502252	0.034375	0.502252	0.502252	0.502252	0.502252	0.502252	0.000000	1	0.233151	0.250477	0.248749	0.267622	0.058730	0.714689	0.860907	0.807566	0.048903	0.496549	0.858264	0.253905	
1218000	-463.900362	1	42	0.662152	0.065488	0.662152	0.662152	0.662152	0.662152	0.662152	0.000000	0	0.247642	0.250012	0.249937	0.252409	0.720684	0.720590	0.374209	0.617364	0.221866	0.871066	0.578028	0.800096	
1219000	-460.877521	1	3817	0.646934	0.011961	0.646934	0.646934	0.646934	0.000000	0.646934	0.011961	1	0.259527	0.271731	0.186254	0.282488	0.193369	0.531822	0.584385	0.203920	0.774800	0.524737	0.744671	0.697702	
1220000	-460.940562	1	1912	0.674748	0.026723	0.674748	0.674748	0.674748	0.674748	0.674748	0.026723	1	0.243674	0.250021	0.249896	0.256410	0.728197	0.269420	0.052020	0.870278	0.520201	0.651919	0.573264	0.343393	
1221000	-460.883769	1	2953	0.597665	0.048667	0.597665	0.597665	0.597665	0.597665	0.597665	0.000000	1	0.243070	0.250048	0.249736	0.257147	0.906595	0.368759	0.249903	0.651899	0.228789	0.774748	0.276555	0.134612	
1222000	-461.603958	1	2581	0.660774	0.000000	0.660774	0.660774	0.020234	0.660774	0.660774	0.020234	1	0.248644	0.255546	0.233832	0.261978	0.897686	0.243633	0.402862	0.011527	0.007129	0.426144	0.207669	0.728646	
1223000	-460.605678	1	232	0.627176	0.037859	0.627176	0.627176	0.627176	0.627176	0.627176	0.000000	1	0.244632	0.249985	0.249985	0.255399	0.975195	0.852741	0.892244	0.002010	0.053459	0.172614	0.657524	0.933056	
1224000	-460.755584	1	2275	0.583425	0.017541	0.583425	0.583425	0.583425	0.583425	0.583425	0.017541	1	0.235639	0.250079	0.249533	0.264750	0.271238	0.265727	0.358520	0.585385	0.433218	0.447338	0.455904	0.002452	
1225000	-461.769756	1	1860	0.777031	0.015979	0.777031	0.777031	0.777031	0.777031	0.777031	0.015979	1	0.247065	0.249994	0.250007	0.252934	0.836813	0.123565	0.513773	0.183420	0.780952	0.798586	0.660339	0.483433	
1226000	-460.723289	1	487	0.603426	0.039219	0.603426	0.603426	0.603426	0.603426	0.603426	0.000000	1	0.243335	0.250009	0.249905	0.256751	0.492568	0.029973	0.223744	0.302604	0.057303	0.794274	0.313464	0.819848	
1227000	-461.898693	1	3236	0.711514	0.000000	0.711514	0.711514	0.000000	0.711514	0.711514	0.015972	1	0.248506	0.253689	0.239155	0.258649	0.062443	0.287368	0.037365	0.728188	0.014699	0.265453	0.233615	0.141655	
1228000	-460.586096	1	551	0.639900	0.037835	0.639900	0.639900	0.639900	0.639900	0.639900	0.000000	1	0.245225	0.249980	0.250002	0.254794	0.529540	0.849866	0.296298	0.656566	0.476628	0.366881	0.556948	0.250817	
1229000	-461.408846	1	3526	0.653878	0.032332	0.653878	0.653878	0.653878	0.032332	0.653878	0.000000	1	0.252044	0.270172	0.190543	0.287241	0.800368	0.075300	0.095487	0.977203	0.575783	0.354282	0.835918	0.330506	
1230000	-461.670943	1	3873	0.674989	0.000000	0.674989	0.674989	0.016771	0.674989	0.674989	0.016771	1	0.247467	0.254389	0.237135	0.261009	0.833992	0.007055	0.606273	0.912725	0.563269	0.611577	0.430469	0.056538	
1231000	-460.959834	1	3994	0.591340	0.049455	0.591340	0.591340	0.591340	0.591340	0.591340	0.000000	1	0.242659	0.250063	0.249684	0.257594	0.734181	0.496023	0.816907	0.028168	0.683353	0.557919	0.369366	0.522611	
1232000	-461.191034	1	1709	0.627690	0.000000	0.627690	0.627690	0.627690	0.627690	0.627690	0.043156	1	0.237000	0.250119	0.249837	0.263044	0.299675	0.152315	0.415482	0.994412	0.730073	0.163728	0.162606	0.949638	
1233000	-462.246929	1	2423	0.648060	0.046621	0.648060	0.648060	0.648060	0.000000	0.648060	0.000000	1	0.249980	0.277076	0.170536	0.302409	0.789948	0.862465	0.313020	0.823014	0.337817	0.595746	0.132693	0.519276	
1234000	-461.953773	1	1816	0.553227	0.063893	0.553227	0.553227	0.553227	0.553227	0.553227	0.000000	1	0.239672	0.250238	0.249022	0.261068	0.185834	0.635410	0.281414	0.662172	0.258403	0.593225	0.035532	0.118106	
1235000	-462.423176	1	482	0.576935	0.015855	0.576935	0.576935	0.015855	0.000000	0.576935	0.000000	1	0.283936	0.334222	0.000233	0.381609	0.259737	0.625284	0.136226	0.180986	0.929988	0.648924	0.218623	0.102558	
1236000	-461.168156	1	2909	0.622421	0.017339	0.622421	0.622421	0.000000	0.622421	0.622421	0.017339	1	0.251057	0.260124	0.220843	0.267976	0.621928	0.955428	0.406094	0.071377	0.176376	0.547786	0.355260	0.630904	
1237000	-461.599276	1	699	0.762815	0.007738	0.762815	0.762815	0.007738	0.762815	0.762815	0.007738	1	0.248732	0.251817	0.244627	0.254824	0.576325	0.171221	0.229728	0.451993	0.912595	0.159860	0.884679	0.325539	
1238000	-462.152007	1	1396	0.579809	0.080048	0.579809	0.579809	0.579809	0.579809	0.579809	0.000000	1	0.241968	0.250127	0.249275	0.258630	0.957648	0.932809	0.011754	0.323809	0.474679	0.289181	0.640165	0.347712	
1239000	-460.887310	1	1971	0.687606	0.024601	0.687606	0.687606	0.687606	0.687606	0.687606	0.024601	1	0.244217	0.250012	0.249928	0.255843	0.485357	0.549038	0.745266	0.228314	0.315941	0.122335	0.155258	0.154309	
1240000	-461.193479	1	2047	0.599043	0.013079	0.599043	0.599043	0.599043	0.000000	0.599043	0.013079	1	0.259591	0.278061	0.167954	0.294395	0.232999	0.544091	0.881118	0.245080	0.364701	0.145655	0.398149	0.164340	
1241000	-460.862598	1	3346	0.708835	0.016581	0.708835	0.708835	0.708835	0.708835	0.708835	0.016581	1	0.244830	0.249991	0.249991	0.255187	0.964450	0.541446	0.548920	0.124011	0.722724	0.043415	0.154363	0.295593	
1242000	-462.195995	1	1685	0.743141	0.016523	0.743141	0.743141	0.743141	0.743141	0.743141	0.000000	1	0.248013	0.249950	0.250141	0.251895	0.280362	0.952738	0.900651	0.419233	0.136090	0.422883	0.136695	0.680596	
1243000	-464.278355	1	2490	0.637246	0.000000	0.637246	0.637246	0.003645	0.637246	0.637246	0.003645	1	0.238537	0.251614	0.244960	0.264889	0.028154	0.718027	0.740434	0.850182	0.400085	0.568780	0.219494	0.232298	
1244000	-461.343828	1	1228	0.680222	0.026374	0.680222	0.680222	0.680222	0.000000	0.680222	0.000000	1	0.255638	0.269810	0.191530	0.283022	0.472329	0.891282	0.978291	0.653334	0.771372	0.333073	0.366815	0.978105	
1245000	-465.564730	1	2468	0.646029	0.005483	0.646029	0.646029	0.646029	0.000000	0.646029	0.005483	0	0.259776	0.270679	0.188543	0.281002	0.218429	0.758927	0.861426	0.671744	0.292434	0.541395	0.297702	0.442499	
1246000	-460.728399	1	2692	0.604204	0.033768	0.604204	0.604204	0.604204	0.604204	0.604204	0.000000	1	0.243311	0.249981	0.250018	0.256690	0.463426	0.242777	0.820385	0.124256	0.155169	0.123010	0.921019	0.189658	
1247000	-460.526495	1	1179	0.614928	0.016760	0.614928	0.614928	0.614928	0.614928	0.614928	0.016760	1	0.238795	0.250020	0.249790	0.261394	0.676463	0.248568	0.707632	0.221175	0.863620	0.196541	0.634314	0.582470	
1248000	-460.933950	1	2711	0.624206	0.022955	0.624206	0.624206	0.624206	0.624206	0.624206	0.000000	1	0.244261	0.249892	0.250325	0.255521	0.582228	0.156853	0.177871	0.196479	0.607108	0.105895	0.890992	0.809498	
1249000	-460.718951	1	1308	0.665659	0.029989	0.665659	0.665659	0.665659	0.665659	0.665659	0.000000	1	0.246162	0.249957	0.250097	0.253784	0.523417	0.090421	0.529552	0.168725	0.228392	0.602723	0.240025	0.267723	
1250000	-460.787644	1	2991	0.693577	0.044318	0.693577	0.693577	0.693577	0.693577	0.693577	0.000000	1	0.247117	0.249983	0.249991	0.252908	0.883193	0.101269	0.483476	0.205174	0.506876	0.935329	0.122529	0.508029	
1251000	-462.080956	1	280	0.594786	0.004992	0.594786	0.594786	0.004992	0.004992	0.594786	0.004992	1	0.313035	0.334645	0.000123	0.352198	0.126115	0.911254	0.770652	0.255090	0.644776	0.250485	0.546557	0.806043	
1252000	-460.772332	1	149	0.597716	0.040159	0.597716	0.597716	0.597716	0.597716	0.597716	0.000000	1	0.242987	0.250021	0.249866	0.257127	0.888880	0.288939	0.380989	0.087206	0.058513	0.467734	0.595447	0.835783	
1253000	-460.562075	1	2785	0.649249	0.013562	0.649249	0.649249	0.649249	0.649249	0.649249	0.013562	1	0.241311	0.249976	0.249975	0.258738	0.341460	0.377554	0.869884	0.222957	0.255434	0.089811	0.688561	0.980957	
1254000	-461.724263	1	3769	0.574196	0.031308	0.574196	0.574196	0.574196	0.574196	0.574196	0.031308	1	0.236138	0.250234	0.249167	0.264461	0.822584	0.827058	0.775145	0.477599	0.334573	0.681811	0.076532	0.126688	
1255000	-461.841747	1	3330	0.687887	0.000000	0.687887	0.687887	0.029946	0.687887	0.687887	0.029946	1	0.251598	0.255282	0.234751	0.258369	0.746328	0.574356	0.067368	0.706929	0.533787	0.133996	0.040797	0.576024	
1256000	-460.612888	1	1472	0.607204	0.013417	0.607204	0.607204	0.607204	0.607204	0.607204	0.013417	1	0.237729	0.249986	0.249856	0.262429	0.049258	0.184579	0.671262	0.679135	0.936880	0.471660	0.021233	0.482251	
1257000	-460.912205	1	336	0.646016	0.059262	0.646016	0.646016	0.646016	0.646016	0.646016	0.000000	1	0.245624	0.250005	0.249856	0.254515	0.615232	0.673371	0.285376	0.393625	0.514723	0.833571	0.937831	0.119691	
1258000	-461.405272	1	2632	0.590720	0.064898	0.590720	0.590720	0.590720	0.590720	0.590720	0.000000	1	0.242712	0.250088	0.249514	0.257686	0.585797	0.848379	0.410952	0.979017	0.908978	0.229801	0.862044	0.730866	
1259000	-461.364570	1	3924	0.562337	0.049993	0.562337	0.562337	0.562337	0.562337	0.562337	0.000000	1	0.240413	0.250157	0.249392	0.260038	0.615319	0.864291	0.631334	0.418300	0.238699	0.550583	0.511403	0.103257	
1260000	-461.420263	1	2930	0.734655	0.015468	0.734655	0.734655	0.734655	0.015468	0.734655	0.015468	1	0.256155	0.262004	0.214934	0.266907	0.510354	0.985180	0.849723	0.023251	0.987096	0.995610	0.566646	0.223467	
1261000	-461.440333	1	3656	0.572307	0.011302	0.572307	0.572307	0.572307	0.000000	0.572307	0.011302	1	0.259039	0.281821	0.156593	0.302547	0.895992	0.660734	0.867392	0.099837	0.251094	0.901335	0.740242	0.546470	
1262000	-460.846166	1	3432	0.670249	0.055435	0.670249	0.670249	0.670249	0.670249	0.670249	0.000000	1	0.246488	0.249992	0.249925	0.253595	0.832068	0.977248	0.885683	0.969350	0.861660	0.683986	0.803285	0.974800	
1263000	-460.591297	1	1830	0.638846	0.040443	0.638846	0.638846	0.638846	0.638846	0.638846	0.000000	1	0.245202	0.249986	0.249972	0.254840	0.108172	0.339381	0.316392	0.433258	0.361134	0.163743	0.504216	0.090178	
1264000	-460.970847	1	617	0.653292	0.006936	0.653292	0.653292	0.000000	0.653292	0.653292	0.006936	1	0.248403	0.256459	0.230882	0.264256	0.701358	0.069430	0.067890	0.342049	0.531099	0.442668	0.359702	0.894874	
1265000	-460.912447	1	2200	0.708163	0.034905	0.708163	0.708163	0.708163	0.708163	0.708163	0.000000	1	0.247427	0.249976	0.250035	0.252562	0.930057	0.886940	0.615115	0.253852	0.541638	0.270806	0.164125	0.390350	
1266000	-461.844157	1	3510	0.696636	0.040167	0.696636	0.696636	0.696636	0.000000	0.696636	0.000000	1	0.253217	0.269991	0.191373	0.285420	0.552386	0.438314	0.660334	0.511112	0.761098	0.174836	0.707598	0.550225	
1267000	-460.882196	1	3227	0.642234	0.008900	0.642234	0.642234	0.642234	0.008900	0.642234	0.008900	1	0.258909	0.271192	0.187436	0.282463	0.167852	0.681733	0.558573	0.581605	0.389655	0.908461	0.636570	0.524907	
1268000	-460.920283	1	864	0.654264	0.000000	0.654264	0.654264	0.654264	0.654264	0.654264	0.026608	1	0.238604	0.250007	0.250000	0.261390	0.157054	0.112797	0.604280	0.158901	0.323310	0.655146	0.207306	0.331372	
1269000	-460.892558	1	3148	0.638706	0.000000	0.638706	0.638706	0.638706	0.638706	0.638706	0.030889	1	0.237377	0.250039	0.249935	0.262649	0.209826	0.765416	0.922357	0.429833	0.622933	0.113753	0.798092	0.639150	
1270000	-463.346009	1	3501	0.506310	0.015171	0.506310	0.506310	0.506310	0.506310	0.506310	0.000000	1	0.232486	0.249386	0.252274	0.265854	0.124232	0.415611	0.729412	0.546975	0.884361	0.922970	0.521580	0.318533	
1271000	-461.306232	1	2577	0.576630	0.056271	0.576630	0.576630	0.576630	0.576630	0.576630	0.000000	1	0.241645	0.250119	0.249463	0.258773	0.252573	0.422238	0.606850	0.527702	0.431721	0.104209	0.985956	0.173225	
1272000	-460.862598	1	3346	0.708835	0.016581	0.708835	0.708835	0.708835	0.708835	0.708835	0.016581	1	0.244830	0.249991	0.249991	0.255187	0.618125	0.802359	0.845696	0.615874	0.774411	0.625114	0.974947	0.028775	
1273000	-462.095341	1	1796	0.697664	0.010393	0.697664	0.697664	0.000000	0.010393	0.697664	0.000000	1	0.312492	0.334254	0.000150	0.353104	0.620128	0.248716	0.332839	0.210021	0.440038	0.529058	0.547744	0.997638	
1274000	-461.563340	1	3781	0.711162	0.019210	0.711162	0.711162	0.711162	0.711162	0.711162	0.000000	1	0.247376	0.249940	0.250171	0.252514	0.262122	0.487064	0.122669	0.582203	0.831892	0.997249	0.104479	0.694585	
1275000	-461.202773	1	1441	0.735902	0.014981	0.735902	0.735902	0.735902	0.735902	0.735902	0.014981	1	0.245822	0.249989	0.250009	0.254180	0.143216	0.159968	0.430095	0.487045	0.578618	0.488335	0.612688	0.001222	
1276000	-462.353929	1	1340	0.756400	0.046672	0.756400	0.756400	0.756400	0.046672	0.756400	0.000000	1	0.250990	0.261086	0.217596	0.270328	0.779739	0.591398	0.701671	0.980225	0.103820	0.326219	0.611846	0.551720	
1277000	-461.971412	1	2769	0.703214	0.005333	0.703214	0.703214	0.000000	0.000000	0.703214	0.005333	1	0.324717	0.334586	0.000000	0.340697	0.907503	0.749054	0.210893	0.331560	0.640946	0.383852	0.258736	0.852675	
1278000	-461.756740	1	2089	0.772916	0.023109	0.772916	0.772916	0.772916	0.772916	0.772916	0.023109	1	0.247132	0.249999	0.249992	0.252877	0.351623	0.134446	0.831771	0.671773	0.550771	0.939069	0.397881	0.497689	
1279000	-462.293434	1	902	0.516984	0.023325	0.516984	0.516984	0.516984	0.516984	0.516984	0.023325	1	0.226905	0.250580	0.247834	0.274681	0.275168	0.921264	0.506858	0.426679	0.211720	0.735207	0.916993	0.620724	
1280000	-462.650940	1	2779	0.704649	0.000000	0.704649	0.704649	0.000000	0.704649	0.704649	0.040639	1	0.257718	0.258108	0.226654	0.257519	0.808183	0.954631	0.174420	0.429047	0.631558	0.054494	0.475674	0.525714	
1281000	-460.946132	1	1863	0.611279	0.000000	0.611279	0.611279	0.611279	0.611279	0.611279	0.030139	1	0.234351	0.250053	0.249838	0.265758	0.538805	0.118984	0.517629	0.901239	0.716544	0.230538	0.241228	0.346668	
1282000	-461.667413	1	3558	0.687979	0.020683	0.687979	0.687979	0.687979	0.020683	0.687979	0.020683	1	0.256825	0.265824	0.204302	0.273050	0.304889	0.102965	0.583388	0.611179	0.910013	0.877067	0.900845	0.562046	
1283000	-460.727164	1	1735	0.692685	0.015917	0.692685	0.692685	0.692685	0.692685	0.692685	0.015917	1	0.244054	0.249989	0.249987	0.255970	0.242889	0.941138	0.272859	0.220062	0.915548	0.660308	0.902064	0.306879	
1284000	-461.945769	1	1977	0.741975	0.039960	0.741975	0.741975	0.741975	0.039960	0.741975	0.000000	1	0.251769	0.262019	0.214766	0.271446	0.039878	0.592149	0.628522	0.132279	0.663217	0.954227	0.836128	0.095610	
1285000	-460.901971	1	2590	0.676436	0.025759	0.676436	0.676436	0.676436	0.676436	0.676436	0.000000	1	0.246481	0.249946	0.250142	0.253432	0.551920	0.630274	0.767317	0.292570	0.753844	0.811064	0.094793	0.088433	
1286000	-461.011505	1	1604	0.651861	0.014379	0.651861	0.651861	0.651861	0.000000	0.651861	0.014379	1	0.259344	0.271283	0.187867	0.281506	0.162544	0.512900	0.168025	0.063524	0.240809	0.212560	0.703376	0.939859	
1287000	-462.799096	1	1597	0.685750	0.000000	0.685750	0.685750	0.000000	0.685750	0.685750	0.042977	1	0.259733	0.259664	0.222260	0.258342	0.118165	0.590625	0.583455	0.822769	0.553907	0.223699	0.213116	0.401763	
1288000	-461.030741	1	3701	0.608644	0.011495	0.608644	0.608644	0.608644	0.000000	0.608644	0.011495	1	0.259788	0.276606	0.171921	0.291685	0.299861	0.295653	0.155044	0.188459	0.027922	0.438990	0.373778	0.402990	
1289000	-461.444913	1	3152	0.758341	0.043069	0.758341	0.758341	0.758341	0.758341	0.758341	0.000000	1	0.248393	0.249987	0.250004	0.251615	0.674806	0.059066	0.128077	0.762284	0.685485	0.290019	0.744738	0.316338	
1290000	-462.697743	1	3900	0.775894	0.000000	0.775894	0.775894	0.775894	0.775894	0.775894	0.055903	1	0.246202	0.250032	0.250017	0.253749	0.228216	0.476821	0.963384	0.219610	0.023689	0.639261	0.400531	0.695658	
1291000	-461.329580	1	624	0.664144	0.019552	0.664144	0.664144	0.664144	0.019552	0.664144	0.000000	1	0.255679	0.268459	0.195312	0.280549	0.176700	0.710288	0.562972	0.452403	0.619738	0.090610	0.080066	0.464189	
1292000	-460.961200	1	1606	0.624627	0.000000	0.624627	0.624627	0.624627	0.624627	0.624627	0.034722	1	0.236167	0.250075	0.249861	0.263897	0.821746	0.036151	0.139400	0.459309	0.519208	0.387461	0.889674	0.286640	
1293000	-460.985163	1	424	0.712829	0.032818	0.712829	0.712829	0.712829	0.712829	0.712829	0.000000	1	0.247522	0.249974	0.250045	0.252460	0.927227	0.386938	0.465646	0.142749	0.766201	0.048450	0.251869	0.467736	
1294000	-461.796270	1	3508	0.578621	0.032723	0.578621	0.578621	0.578621	0.578621	0.578621	0.032723	1	0.236766	0.250223	0.249221	0.263790	0.355942	0.090444	0.793825	0.309134	0.751773	0.177177	0.875145	0.305088	
1295000	-460.562381	1	3537	0.666272	0.018410	0.666272	0.666272	0.666272	0.666272	0.666272	0.018410	1	0.242747	0.250002	0.249931	0.257321	0.984109	0.780768	0.342903	0.701861	0.553392	0.796328	0.528577	0.716035	
1296000	-462.997891	1	1263	0.658151	0.030614	0.658151	0.658151	0.000000	0.000000	0.658151	0.000000	1	0.276931	0.335279	0.000000	0.387790	0.147005	0.246134	0.233370	0.436499	0.865212	0.959225	0.378809	0.930680	
1297000	-461.933943	1	2833	0.620879	0.012509	0.620879	0.620879	0.620879	0.620879	0.620879	0.000000	1	0.243726	0.249645	0.251116	0.255513	0.087187	0.771372	0.912843	0.640268	0.375409	0.146746	0.584237	0.772796	
1298000	-460.677140	1	1468	0.617038	0.022335	0.617038	0.617038	0.617038	0.617038	0.617038	0.022335	1	0.239472	0.250059	0.249707	0.260762	0.095792	0.539248	0.517191	0.132697	0.880531	0.544675	0.723852	0.794190	
1299000	-461.890563	1	170	0.668967	0.000000	0.668967	0.668967	0.031443	0.668967	0.668967	0.031443	1	0.252353	0.256327	0.231787	0.259532	0.332504	0.896736	0.249187	0.348662	0.027998	0.386129	0.541670	0.042727	
1300000	-461.817979	1	2611	0.682794	0.000000	0.682794	0.682794	0.682794	0.682794	0.682794	0.056532	1	0.242031	0.250089	0.249970	0.257909	0.579283	0.390998	0.833703	0.098706	0.663422	0.159688	0.660321	0.609553	
1301000	-461.359931	1	1849	0.611933	0.000000	0.611933	0.611933	0.611933	0.611933	0.611933	0.045781	1	0.235513	0.250164	0.249744	0.264578	0.602350	0.221064	0.498816	0.655149	0.281997	0.286006	0.806085	0.237252	
1302000	-461.115572	1	2128	0.588040	0.026063	0.588040	0.588040	0.588040	0.588040	0.588040	0.026063	1	0.237074	0.250146	0.249412	0.263368	0.262455	0.229512	0.755248	0.833776	0.463183	0.240016	0.468974	0.581339	
1303000	-461.674173	1	3244	0.622046	0.000000	0.622046	0.622046	0.622046	0.622046	0.622046	0.012501	1	0.234322	0.249785	0.250389	0.265504	0.585330	0.218301	0.327021	0.482989	0.825935	0.587718	0.891882	0.811510	
1304000	-461.042535	1	3265	0.726189	0.018375	0.726189	0.726189	0.726189	0.726189	0.726189	0.018375	1	0.245592	0.249995	0.249990	0.254423	0.823054	0.514967	0.966785	0.694243	0.711530	0.734431	0.236507	0.230354	
1305000	-461.001442	1	2935	0.609493	0.014800	0.609493	0.609493	0.014800	0.609493	0.609493	0.014800	1	0.248916	0.259397	0.222799	0.268888	0.717289	0.370547	0.382825	0.160610	0.332111	0.392041	0.495741	0.038806	
1306000	-461.622246	1	116	0.611725	0.017943	0.611725	0.611725	0.611725	0.000000	0.611725	0.000000	1	0.257241	0.276947	0.169995	0.295817	0.636614	0.196185	0.290606	0.194055	0.080199	0.024820	0.520443	0.738551	
1307000	-462.208623	1	2208	0.613914	0.000000	0.613914	0.613914	0.000000	0.613914	0.613914	0.011489	1	0.244823	0.257752	0.227025	0.270400	0.308485	0.120343	0.175171	0.908792	0.854086	0.353246	0.916673	0.773659	
1308000	-461.465615	1	2875	0.719111	0.022203	0.719111	0.719111	0.719111	0.022203	0.719111	0.000000	1	0.254594	0.263263	0.210784	0.271359	0.986833	0.817692	0.036098	0.060687	0.989871	0.926324	0.212917	0.654679	
1309000	-461.694946	1	3289	0.611581	0.016256	0.611581	0.611581	0.611581	0.000000	0.611581	0.000000	1	0.257823	0.276629	0.170883	0.294665	0.423796	0.835224	0.149391	0.539689	0.388474	0.616740	0.129224	0.949832	
1310000	-461.332574	1	3459	0.717263	0.006498	0.717263	0.717263	0.000000	0.717263	0.717263	0.006498	1	0.248623	0.253286	0.240259	0.257832	0.943409	0.949612	0.586588	0.814013	0.485829	0.777282	0.522739	0.779907	
1311000	-461.062757	1	869	0.627274	0.007307	0.627274	0.627274	0.627274	0.000000	0.627274	0.007307	1	0.259990	0.273839	0.179393	0.286778	0.360323	0.660506	0.001815	0.051146	0.747694	0.582723	0.957652	0.766607	
1312000	-461.079436	1	2954	0.594257	0.013054	0.594257	0.594257	0.000000	0.594257	0.594257	0.013054	1	0.249147	0.261451	0.216715	0.272687	0.458398	0.893887	0.236881	0.527630	0.515726	0.034748	0.790382	0.480418	
1313000	-461.814022	1	2479	0.666124	0.012297	0.666124	0.666124	0.666124	0.000000	0.666124	0.000000	1	0.258553	0.269038	0.193378	0.279031	0.103160	0.248083	0.146922	0.813384	0.662707	0.562660	0.586625	0.981008	
1314000	-461.149780	1	1189	0.672167	0.008609	0.672167	0.672167	0.672167	0.672167	0.672167	0.008609	1	0.242488	0.249928	0.250137	0.257447	0.545309	0.557315	0.463061	0.063378	0.566845	0.857779	0.811674	0.127350	
1315000	-461.410646	1	3855	0.572267	0.007897	0.572267	0.572267	0.007897	0.572267	0.572267	0.007897	1	0.245371	0.261297	0.216660	0.276671	0.239961	0.678886	0.605311	0.332042	0.033651	0.119630	0.719856	0.853921	
1316000	-460.699945	1	373	0.636679	0.011113	0.636679	0.636679	0.636679	0.636679	0.636679	0.011113	1	0.240158	0.249946	0.250034	0.259862	0.547441	0.763048	0.262995	0.940424	0.908377	0.230722	0.643544	0.533489	
1317000	-461.403415	1	526	0.640851	0.027101	0.640851	0.640851	0.640851	0.000000	0.640851	0.000000	1	0.255051	0.274747	0.176890	0.293312	0.012516	0.257527	0.506587	0.474907	0.735056	0.800086	0.702193	0.713911	
1318000	-460.571300	1	897	0.667110	0.015406	0.667110	0.667110	0.667110	0.667110	0.667110	0.015406	1	0.242617	0.249988	0.249967	0.257428	0.244336	0.177794	0.584021	0.439802	0.018665	0.186897	0.286423	0.207597	
1319000	-461.102109	1	2548	0.721994	0.031536	0.721994	0.721994	0.721994	0.721994	0.721994	0.000000	1	0.247712	0.249974	0.250047	0.252267	0.190314	0.161668	0.250318	0.997495	0.937359	0.985738	0.326931	0.185153	
1320000	-462.102412	1	3786	0.801623	0.040504	0.801623	0.801623	0.801623	0.801623	0.801623	0.000000	1	0.248902	0.249990	0.250006	0.251102	0.418982	0.240646	0.550329	0.077733	0.390050	0.873330	0.321962	0.294396	
1321000	-461.729807	1	2067	0.730873	0.073223	0.730873	0.730873	0.730873	0.730873	0.730873	0.000000	1	0.248030	0.249987	0.249954	0.252028	0.843892	0.587415	0.206145	0.256126	0.355628	0.851452	0.219220	0.056223	
1322000	-461.120979	1	3151	0.640793	0.019731	0.640793	0.640793	0.640793	0.640793	0.640793	0.000000	1	0.245010	0.249872	0.250391	0.254728	0.751089	0.698731	0.611303	0.585333	0.044968	0.947710	0.427571	0.046642	
1323000	-461.448610	1	1	0.560169	0.000000	0.560169	0.560169	0.560169	0.560169	0.560169	0.024928	1	0.226440	0.250045	0.249498	0.274017	0.356136	0.653708	0.864144	0.456807	0.103994	0.927227	0.117505	0.320331	
1324000	-464.648883	1	661	0.571334	0.003228	0.571334	0.571334	0.003228	0.003228	0.571334	0.000000	1	0.308404	0.333618	0.000051	0.357926	0.556911	0.740588	0.835155	0.359880	0.924351	0.737271	0.820228	0.778751	
1325000	-460.589439	1	3918	0.648447	0.039944	0.648447	0.648447	0.648447	0.648447	0.648447	0.000000	1	0.245604	0.249982	0.249988	0.254425	0.324046	0.603890	0.430983	0.307524	0.712158	0.276162	0.245751	0.952353	
1326000	-460.903040	1	138	0.677222	0.009248	0.677222	0.677222	0.677222	0.009248	0.677222	0.009248	1	0.258200	0.267336	0.198839	0.275625	0.438460	0.483584	0.362891	0.893262	0.072365	0.942574	0.067910	0.004232	
1327000	-461.518770	1	2137	0.662828	0.000000	0.662828	0.662828	0.662828	0.662828	0.662828	0.051472	1	0.240466	0.250100	0.249937	0.259497	0.724326	0.117593	0.613251	0.275413	0.904377	0.397635	0.920810	0.323062	
1328000	-461.706666	1	2867	0.746905	0.067020	0.746905	0.746905	0.746905	0.746905	0.746905	0.000000	1	0.248286	0.249988	0.249971	0.251755	0.004763	0.643548	0.502812	0.735904	0.406990	0.997569	0.371502	0.029095	
1329000	-461.359454	1	2119	0.644882	0.021173	0.644882	0.644882	0.644882	0.000000	0.644882	0.000000	1	0.256711	0.273176	0.181370	0.288744	0.461411	0.635467	0.234631	0.147470	0.438773	0.310590	0.447935	0.347013	
1330000	-465.057482	1	3197	0.634975	0.048260	0.634975	0.634975	0.634975	0.000000	0.634975	0.000000	0	0.250064	0.278047	0.167869	0.304020	0.334863	0.112954	0.472119	0.734728	0.217322	0.309200	0.215259	0.376100	
1331000	-462.475751	1	1669	0.711253	0.025104	0.711253	0.711253	0.711253	0.000000	0.711253	0.025104	1	0.257617	0.265416	0.205781	0.271186	0.473393	0.117502	0.657640	0.955005	0.800714	0.047009	0.356152	0.902356	
1332000	-460.680006	1	1698	0.647898	0.029688	0.647898	0.647898	0.647898	0.647898	0.647898	0.000000	1	0.245480	0.249951	0.250115	0.254454	0.693081	0.110798	0.691348	0.269367	0.229327	0.550601	0.777682	0.677084	
1333000	-460.550976	1	1109	0.610463	0.015258	0.610463	0.610463	0.610463	0.610463	0.610463	0.015258	1	0.238235	0.250008	0.249807	0.261949	0.778703	0.900778	0.386573	0.640375	0.895440	0.415785	0.860871	0.698980	
1334000	-461.181886	1	174	0.723274	0.024535	0.723274	0.723274	0.723274	0.723274	0.723274	0.024535	1	0.245702	0.250003	0.249968	0.254327	0.011091	0.637708	0.200617	0.213010	0.032015	0.619638	0.611236	0.114033	
1335000	-462.813769	1	511	0.804283	0.000000	0.804283	0.804283	0.000000	0.804283	0.804283	0.017579	1	0.248687	0.251114	0.246739	0.253460	0.685264	0.655537	0.632783	0.035037	0.256797	0.439850	0.430906	0.866532	
1336000	-460.584896	1	2412	0.665052	0.019832	0.665052	0.665052	0.665052	0.665052	0.665052	0.019832	1	0.242757	0.250008	0.249915	0.257320	0.779329	0.506374	0.667178	0.282815	0.940994	0.262820	0.984436	0.192551	
1337000	-461.425346	1	3980	0.639404	0.016290	0.639404	0.639404	0.639404	0.639404	0.639404	0.000000	1	0.244858	0.249816	0.250572	0.254754	0.204184	0.488944	0.157464	0.658777	0.790990	0.241011	0.440906	0.325789	
1338000	-463.558972	1	1784	0.678548	0.121711	0.678548	0.678548	0.678548	0.678548	0.678548	0.000000	1	0.246851	0.249981	0.249810	0.253358	0.959867	0.765219	0.651697	0.686765	0.272861	0.688069	0.810332	0.419359	
1339000	-461.163303	1	211	0.706302	0.060738	0.706302	0.706302	0.706302	0.706302	0.706302	0.000000	1	0.247496	0.249988	0.249953	0.252563	0.553286	0.308638	0.707008	0.833043	0.983867	0.871411	0.486587	0.393117	
1340000	-462.678477	1	2321	0.586799	0.044023	0.586799	0.586799	0.586799	0.000000	0.586799	0.000000	1	0.245043	0.285628	0.144511	0.324818	0.509089	0.465147	0.278535	0.920059	0.500626	0.868764	0.403792	0.622080	
1341000	-461.287710	1	2825	0.706705	0.065240	0.706705	0.706705	0.706705	0.706705	0.706705	0.000000	1	0.247519	0.249988	0.249945	0.252548	0.625828	0.199169	0.561342	0.546029	0.775449	0.655603	0.650407	0.677286	
1342000	-460.616578	1	3898	0.656577	0.034725	0.656577	0.656577	0.656577	0.656577	0.656577	0.000000	1	0.245877	0.249969	0.250045	0.254109	0.951911	0.398685	0.783511	0.096729	0.897430	0.869303	0.152267	0.850519	
1343000	-461.597140	1	3324	0.690016	0.000000	0.690016	0.690016	0.690016	0.690016	0.690016	0.050682	1	0.242270	0.250071	0.249982	0.257677	0.310168	0.709899	0.101088	0.437251	0.810827	0.431921	0.113752	0.562970	
1344000	-460.790719	1	587	0.580903	0.017973	0.580903	0.580903	0.580903	0.580903	0.580903	0.017973	1	0.235397	0.250091	0.249492	0.265020	0.393156	0.529511	0.728553	0.258644	0.419013	0.981364	0.477328	0.786965	
1345000	-461.873366	1	110	0.655609	0.016626	0.655609	0.655609	0.016626	0.016626	0.655609	0.000000	1	0.298592	0.334217	0.001307	0.365884	0.528811	0.716761	0.234934	0.138143	0.168175	0.883368	0.742142	0.723683	
1346000	-461.626635	1	808	0.610924	0.020449	0.610924	0.610924	0.000000	0.610924	0.610924	0.020449	1	0.251732	0.261331	0.217652	0.269285	0.221109	0.083925	0.629178	0.446595	0.457031	0.828380	0.516428	0.071536	
1347000	-460.756850	1	2561	0.681455	0.031917	0.681455	0.681455	0.681455	0.681455	0.681455	0.000000	1	0.246695	0.249966	0.250066	0.253273	0.945899	0.434044	0.338005	0.576260	0.962917	0.440930	0.320827	0.052898	
1348000	-461.175311	1	3627	0.647654	0.067872	0.647654	0.647654	0.647654	0.647654	0.647654	0.000000	1	0.245723	0.250006	0.249824	0.254447	0.295117	0.341777	0.554244	0.416531	0.875200	0.156436	0.103186	0.251577	
1349000	-460.905068	1	3901	0.589925	0.029424	0.589925	0.589925	0.589925	0.589925	0.589925	0.000000	1	0.242292	0.249958	0.250120	0.257629	0.922166	0.727201	0.320066	0.611378	0.065059	0.558261	0.515031	0.324094	
1350000	-461.502711	1	3785	0.600079	0.016611	0.600079	0.600079	0.600079	0.600079	0.600079	0.000000	1	0.242615	0.249730	0.250867	0.256787	0.660856	0.047461	0.187769	0.051754	0.305712	0.902847	0.388875	0.732762	
1351000	-460.661011	1	3997	0.655376	0.031245	0.655376	0.655376	0.655376	0.655376	0.655376	0.000000	1	0.245797	0.249959	0.250087	0.254157	0.644824	0.446365	0.643058	0.766328	0.017727	0.178568	0.235121	0.001262	
1352000	-460.694514	1	2400	0.670544	0.032267	0.670544	0.670544	0.670544	0.670544	0.670544	0.000000	1	0.246351	0.249964	0.250068	0.253616	0.158411	0.380020	0.679780	0.661484	0.496519	0.278501	0.278566	0.089234	
1353000	-460.854977	1	918	0.665367	0.009687	0.665367	0.665367	0.665367	0.009687	0.665367	0.009687	1	0.258420	0.268566	0.195266	0.277748	0.485529	0.677628	0.467599	0.610025	0.583461	0.501459	0.084874	0.280221	
1354000	-461.707292	1	2796	0.684561	0.015413	0.684561	0.684561	0.684561	0.684561	0.684561	0.000000	1	0.246593	0.249883	0.250352	0.253172	0.307606	0.115818	0.648507	0.258695	0.987354	0.781378	0.575018	0.077547	
1355000	-460.624216	1	2931	0.627784	0.033717	0.627784	0.627784	0.627784	0.627784	0.627784	0.000000	1	0.244615	0.249969	0.250049	0.255367	0.006233	0.892941	0.686922	0.077456	0.158382	0.759786	0.456302	0.097855	
1356000	-461.171413	1	1529	0.698529	0.000000	0.698529	0.698529	0.698529	0.698529	0.698529	0.031603	1	0.242142	0.250021	0.250014	0.257823	0.571329	0.127243	0.112925	0.846217	0.126534	0.689811	0.160080	0.580386	
1357000	-460.616578	1	3898	0.656577	0.034725	0.656577	0.656577	0.656577	0.656577	0.656577	0.000000	1	0.245877	0.249969	0.250045	0.254109	0.477623	0.619511	0.162483	0.969490	0.349631	0.956708	0.680246	0.516225	
1358000	-460.584896	1	2412	0.665052	0.019832	0.665052	0.665052	0.665052	0.665052	0.665052	0.019832	1	0.242757	0.250008	0.249915	0.257320	0.545855	0.165211	0.091250	0.050639	0.925709	0.289984	0.972877	0.578574	
1359000	-460.901833	1	759	0.632748	0.011678	0.632748	0.632748	0.632748	0.000000	0.632748	0.011678	1	0.259722	0.273456	0.181170	0.285653	0.777692	0.845712	0.139800	0.305141	0.518901	0.190083	0.689954	0.912279	
1360000	-460.956487	1	1930	0.581160	0.042031	0.581160	0.581160	0.581160	0.581160	0.581160	0.000000	1	0.241857	0.250061	0.249736	0.258346	0.352598	0.218138	0.963447	0.338682	0.185107	0.607008	0.654807	0.499717	
1361000	-460.512372	1	160	0.624259	0.014939	0.624259	0.624259	0.624259	0.624259	0.624259	0.014939	1	0.239458	0.249995	0.249877	0.260670	0.104969	0.890771	0.965109	0.436463	0.499127	0.459145	0.000887	0.478225	
1362000	-461.542825	1	3086	0.721754	0.020531	0.721754	0.721754	0.721754	0.000000	0.721754	0.000000	1	0.256053	0.264670	0.206588	0.272689	0.763664	0.945144	0.839151	0.933213	0.112446	0.354088	0.907903	0.855191	
1363000	-461.494601	1	2305	0.642803	0.015686	0.642803	0.642803	0.642803	0.642803	0.642803	0.000000	1	0.245000	0.249811	0.250586	0.254603	0.419058	0.829954	0.141389	0.944126	0.350708	0.233794	0.671896	0.639308	
1364000	-460.760640	1	3835	0.602569	0.043258	0.602569	0.602569	0.602569	0.602569	0.602569	0.000000	1	0.243327	0.250025	0.249836	0.256812	0.977398	0.015014	0.478405	0.602410	0.852146	0.921234	0.624643	0.317802	
1365000	-462.541456	1	3932	0.674466	0.026109	0.674466	0.674466	0.674466	0.000000	0.674466	0.026109	1	0.258491	0.269229	0.195081	0.277199	0.697058	0.534724	0.196400	0.258895	0.508409	0.085077	0.807299	0.000756	
1366000	-460.675406	1	2593	0.655194	0.011720	0.655194	0.655194	0.011720	0.655194	0.655194	0.011720	1	0.249156	0.256530	0.230903	0.263410	0.023082	0.660077	0.726666	0.919768	0.787453	0.674520	0.746421	0.262620	
1367000	-461.350889	1	2257	0.588744	0.062650	0.588744	0.588744	0.588744	0.588744	0.588744	0.000000	1	0.242567	0.250091	0.249515	0.257827	0.558962	0.322242	0.400716	0.123347	0.686374	0.517027	0.295637	0.234458	
1368000	-461.816688	1	850	0.550931	0.000000	0.550931	0.550931	0.550931	0.550931	0.550931	0.038215	1	0.226353	0.250315	0.249055	0.274277	0.858292	0.527075	0.602821	0.081344	0.872735	0.483612	0.130690	0.894998	
1369000	-461.303788	1	144	0.611651	0.030928	0.611651	0.611651	0.611651	0.611651	0.611651	0.030928	1	0.239722	0.250108	0.249592	0.260578	0.537101	0.280185	0.251374	0.259415	0.257593	0.983906	0.111535	0.873319	
1370000	-462.059220	1	2336	0.636384	0.045939	0.636384	0.636384	0.636384	0.045939	0.636384	0.000000	1	0.247296	0.272534	0.183747	0.296423	0.094674	0.687731	0.459465	0.536353	0.483042	0.404854	0.709330	0.222001	
1371000	-461.810326	1	602	0.704182	0.000000	0.704182	0.704182	0.704182	0.704182	0.704182	0.053513	1	0.243177	0.250065	0.249994	0.256764	0.882694	0.256599	0.677497	0.786714	0.916827	0.969771	0.786207	0.972169	
1372000	-460.963385	1	1149	0.579367	0.040353	0.579367	0.579367	0.579367	0.579367	0.579367	0.000000	1	0.241700	0.250057	0.249760	0.258483	0.485867	0.515376	0.422452	0.183901	0.896974	0.721529	0.992794	0.934402	
1373000	-462.882948	1	786	0.510517	0.000000	0.510517	0.510517	0.510517	0.510517	0.510517	0.015730	1	0.214627	0.249730	0.249286	0.286356	0.660606	0.199268	0.509638	0.414529	0.680211	0.710690	0.022613	0.848302	
1374000	-462.126072	1	1944	0.599112	0.014570	0.599112	0.599112	0.014570	0.014570	0.599112	0.000000	1	0.291828	0.334037	0.001009	0.373125	0.450739	0.416246	0.454233	0.419992	0.711404	0.802879	0.654134	0.896310	
1375000	-461.225359	1	1517	0.604346	0.029393	0.604346	0.604346	0.604346	0.604346	0.604346	0.029393	1	0.238962	0.250119	0.249543	0.261377	0.105459	0.295233	0.677436	0.145025	0.990859	0.034326	0.959060	0.333462	
1376000	-460.958494	1	1373	0.660607	0.014127	0.660607	0.660607	0.660607	0.014127	0.660607	0.014127	1	0.258000	0.268912	0.194741	0.278346	0.159882	0.626105	0.728259	0.834571	0.345008	0.985554	0.304695	0.562888	
1377000	-461.323445	1	3658	0.595887	0.018981	0.595887	0.595887	0.595887	0.595887	0.595887	0.000000	1	0.242423	0.249790	0.250680	0.257106	0.952395	0.149452	0.913699	0.210594	0.412506	0.008729	0.761899	0.347428	
1378000	-460.961900	1	2001	0.714814	0.045061	0.714814	0.714814	0.714814	0.714814	0.714814	0.000000	1	0.247628	0.249984	0.249996	0.252392	0.167747	0.456542	0.153141	0.187314	0.814022	0.387588	0.032553	0.331893	
1379000	-460.765556	1	3713	0.692447	0.041779	0.692447	0.692447	0.692447	0.692447	0.692447	0.000000	1	0.247074	0.249981	0.250002	0.252943	0.965031	0.180823	0.106391	0.795671	0.325398	0.835921	0.773420	0.940574	
1380000	-460.717159	1	1941	0.627182	0.028505	0.627182	0.627182	0.627182	0.627182	0.627182	0.000000	1	0.244514	0.249941	0.250153	0.255391	0.415498	0.844774	0.561898	0.166050	0.194701	0.922917	0.939228	0.607703	
1381000	-461.133436	1	543	0.580495	0.024929	0.580495	0.580495	0.580495	0.580495	0.580495	0.000000	1	0.241482	0.249904	0.250323	0.258290	0.616547	0.737881	0.421984	0.606867	0.201094	0.652426	0.584715	0.203208	
1382000	-460.831425	1	1963	0.584881	0.020589	0.584881	0.584881	0.584881	0.584881	0.584881	0.020589	1	0.236152	0.250111	0.249468	0.264269	0.215680	0.564374	0.857278	0.586513	0.996666	0.898891	0.900904	0.273522	
1383000	-462.378726	1	186	0.693972	0.053625	0.693972	0.693972	0.693972	0.053625	0.693972	0.000000	1	0.248543	0.266403	0.202079	0.282975	0.595569	0.540968	0.868301	0.158349	0.518214	0.869124	0.934257	0.341908	
1384000	-461.323188	1	614	0.568771	0.000000	0.568771	0.568771	0.568771	0.568771	0.568771	0.029212	1	0.228343	0.250108	0.249495	0.272054	0.282449	0.386231	0.269992	0.141779	0.606593	0.061902	0.312916	0.749981	
1385000	-461.970808	1	2835	0.549923	0.000000	0.549923	0.549923	0.549923	0.549923	0.549923	0.015671	1	0.223363	0.249740	0.249979	0.276917	0.543042	0.164247	0.676019	0.789075	0.901441	0.219454	0.510199	0.356589	
1386000	-461.417934	1	1590	0.702559	0.026983	0.702559	0.702559	0.702559	0.000000	0.702559	0.000000	1	0.255442	0.267471	0.198470	0.278618	0.782369	0.352938	0.960036	0.494777	0.701975	0.663653	0.970254	0.322140	
1387000	-462.701920	1	1418	0.634933	0.000000	0.634933	0.634933	0.017185	0.017185	0.634933	0.017185	1	0.342289	0.335050	0.001395	0.321266	0.626448	0.650232	0.276754	0.623304	0.305070	0.570187	0.532258	0.115202	
1388000	-462.561775	1	88	0.603116	0.011890	0.603116	0.603116	0.011890	0.000000	0.603116	0.011890	1	0.313789	0.336624	0.000154	0.349433	0.383397	0.078960	0.263743	0.624413	0.022984	0.165428	0.406218	0.716791	
1389000	-461.031673	1	1193	0.566331	0.012364	0.566331	0.566331	0.566331	0.566331	0.566331	0.012364	1	0.232801	0.250010	0.249612	0.267577	0.523880	0.647316	0.712841	0.625626	0.033798	0.699972	0.291977	0.924792	
1390000	-462.571108	1	78	0.665615	0.028014	0.665615	0.665615	0.028014	0.028014	0.665615	0.000000	1	0.284934	0.333921	0.003583	0.377561	0.500706	0.530686	0.105043	0.082296	0.807815	0.160121	0.241147	0.569821	
1391000	-462.643856	1	3240	0.651340	0.013062	0.651340	0.651340	0.000000	0.013062	0.651340	0.013062	1	0.319735	0.336589	0.000230	0.343447	0.559346	0.547749	0.505619	0.032692	0.389981	0.789143	0.908092	0.557774	
1392000	-461.310118	1	2999	0.679916	0.028299	0.679916	0.679916	0.679916	0.028299	0.679916	0.000000	1	0.253529	0.267212	0.199234	0.280026	0.902506	0.957187	0.839177	0.672270	0.989402	0.496568	0.469005	0.986010	
1393000	-460.903522	1	3416	0.592273	0.046974	0.592273	0.592273	0.592273	0.592273	0.592273	0.000000	1	0.242700	0.250054	0.249725	0.257521	0.272369	0.348943	0.208580	0.180982	0.857477	0.907076	0.409642	0.156817	
1394000	-460.884465	1	628	0.586496	0.033125	0.586496	0.586496	0.586496	0.586496	0.586496	0.000000	1	0.242117	0.249996	0.249988	0.257899	0.691568	0.683410	0.343616	0.634462	0.958130	0.220303	0.757957	0.427882	
1395000	-461.129765	1	1533	0.624471	0.064589	0.624471	0.624471	0.624471	0.624471	0.624471	0.000000	1	0.244678	0.250026	0.249746	0.255549	0.866581	0.828295	0.072148	0.035243	0.182075	0.069845	0.524511	0.371165	
1396000	-460.730459	1	3158	0.687202	0.037918	0.687202	0.687202	0.687202	0.687202	0.687202	0.000000	1	0.246907	0.249977	0.250021	0.253096	0.882721	0.770091	0.298771	0.939338	0.258292	0.605683	0.427413	0.722504	
1397000	-461.848274	1	1889	0.604815	0.019661	0.604815	0.604815	0.604815	0.000000	0.604815	0.019661	1	0.259246	0.277731	0.170084	0.292939	0.686173	0.286365	0.447560	0.212981	0.679183	0.892576	0.832068	0.704738	
1398000	-460.912205	1	336	0.646016	0.059262	0.646016	0.646016	0.646016	0.646016	0.646016	0.000000	1	0.245624	0.250005	0.249856	0.254515	0.197116	0.473207	0.725777	0.848729	0.809913	0.324363	0.446050	0.428358	
1399000	-461.508790	1	1539	0.676157	0.076518	0.676157	0.676157	0.676157	0.676157	0.676157	0.000000	1	0.246741	0.249993	0.249876	0.253390	0.240865	0.204444	0.940354	0.730528	0.385010	0.770526	0.844971	0.377199	
1400000	-460.887310	1	1971	0.687606	0.024601	0.687606	0.687606	0.687606	0.687606	0.687606	0.024601	1	0.244217	0.250012	0.249928	0.255843	0.242324	0.653523	0.623106	0.071133	0.404969	0.525612	0.891214	0.924880	
1401000	-461.393233	1	3115	0.735630	0.059415	0.735630	0.735630	0.735630	0.735630	0.735630	0.000000	1	0.248082	0.249988	0.249974	0.251956	0.618309	0.694256	0.650018	0.520496	0.044223	0.863768	0.784162	0.253594	
1402000	-460.753047	1	1376	0.678715	0.048734	0.678715	0.678715	0.678715	0.678715	0.678715	0.000000	1	0.246721	0.249987	0.249963	0.253330	0.817504	0.704498	0.362424	0.296426	0.709873	0.469194	0.616567	0.225729	
1403000	-461.001304	1	216	0.649333	0.000000	0.649333	0.649333	0.649333	0.649333	0.649333	0.037251	1	0.238706	0.250065	0.249931	0.261299	0.851505	0.408289	0.624596	0.581946	0.147228	0.110254	0.634764	0.326430	
1404000	-462.095620	1	3193	0.578544	0.019665	0.578544	0.578544	0.578544	0.019665	0.578544	0.019665	1	0.256594	0.279085	0.166253	0.298068	0.206799	0.421862	0.249174	0.010522	0.344357	0.439167	0.463437	0.235787	
1405000	-460.675429	1	856	0.635597	0.048022	0.635597	0.635597	0.635597	0.635597	0.635597	0.000000	1	0.245116	0.250002	0.249897	0.254986	0.424077	0.737306	0.104275	0.581527	0.016133	0.851300	0.840608	0.883758	
1406000	-460.583836	1	3341	0.659536	0.020479	0.659536	0.659536	0.659536	0.659536	0.659536	0.020479	1	0.242459	0.250012	0.249897	0.257632	0.934443	0.503703	0.718009	0.873628	0.735038	0.660404	0.731970	0.923475	
1407000	-460.928157	1	3545	0.637243	0.027414	0.637243	0.637243	0.637243	0.637243	0.637243	0.027414	1	0.241427	0.250053	0.249770	0.258749	0.834237	0.294600	0.248294	0.353423	0.358831	0.072108	0.548658	0.929819	
1408000	-461.244930	1	1972	0.681867	0.020144	0.681867	0.681867	0.681867	0.681867	0.681867	0.000000	1	0.246584	0.249921	0.250229	0.253266	0.322441	0.964334	0.303258	0.359094	0.011595	0.607245	0.483081	0.867612	
1409000	-461.480283	1	1044	0.554043	0.025920	0.554043	0.554043	0.554043	0.554043	0.554043	0.000000	1	0.239191	0.249952	0.250223	0.260634	0.050805	0.590294	0.592756	0.268543	0.104752	0.693074	0.282166	0.051243	
1410000	-460.831675	1	3684	0.597486	0.045527	0.597486	0.597486	0.597486	0.597486	0.597486	0.000000	1	0.243030	0.250040	0.249777	0.257153	0.140138	0.900348	0.118850	0.152734	0.128682	0.421705	0.002005	0.316255	
1411000	-461.729009	1	3103	0.646968	0.020656	0.646968	0.646968	0.646968	0.000000	0.646968	0.020656	1	0.259151	0.272205	0.186007	0.282637	0.574539	0.193607	0.179374	0.905051	0.383144	0.605582	0.396845	0.453141	
1412000	-462.247550	1	2198	0.552956	0.071284	0.552956	0.552956	0.552956	0.552956	0.552956	0.000000	1	0.239667	0.250248	0.248922	0.261163	0.768097	0.755427	0.846188	0.134363	0.637039	0.434202	0.062230	0.655830	
1413000	-461.597082	1	3133	0.560849	0.009419	0.560849	0.560849	0.560849	0.009419	0.560849	0.009419	1	0.257643	0.282135	0.155208	0.305015	0.180042	0.847809	0.441758	0.005296	0.419516	0.063960	0.397212	0.590346	
1414000	-462.346942	1	1046	0.699166	0.008189	0.699166	0.699166	0.008189	0.008189	0.699166	0.000000	1	0.315784	0.334004	0.000326	0.349886	0.149966	0.994237	0.009332	0.927153	0.461144	0.592609	0.757337	0.557602	
1415000	-462.685656	1	2310	0.638467	0.000000	0.638467	0.638467	0.000000	0.638467	0.638467	0.007694	1	0.243060	0.254865	0.235433	0.266642	0.617563	0.150619	0.469932	0.878415	0.028715	0.688390	0.508371	0.837727	
1416000	-463.224424	1	810	0.566055	0.012736	0.566055	0.566055	0.000000	0.000000	0.566055	0.012736	1	0.307475	0.337295	0.000000	0.355230	0.480528	0.152399	0.181425	0.487100	0.525054	0.036126	0.618347	0.253181	
1417000	-461.723925	1	1916	0.742298	0.020652	0.742298	0.742298	0.000000	0.742298	0.742298	0.020652	1	0.251340	0.254368	0.237405	0.256887	0.714282	0.856200	0.902044	0.163994	0.661642	0.432128	0.295369	0.545441	
1418000	-461.012020	1	1324	0.635440	0.000000	0.635440	0.635440	0.635440	0.635440	0.635440	0.037819	1	0.237452	0.250081	0.249887	0.262580	0.297168	0.110178	0.920755	0.779336	0.137513	0.749938	0.215694	0.012821	
1419000	-464.041087	1	3598	0.692138	0.040698	0.692138	0.692138	0.692138	0.692138	0.692138	0.000000	0	0.248260	0.249980	0.250066	0.251693	0.318166	0.703068	0.504399	0.659956	0.435722	0.233727	0.492794	0.035786	
1420000	-464.553240	1	2175	0.631167	0.035967	0.631167	0.631167	0.631167	0.035967	0.631167	0.000000	0	0.251483	0.271756	0.186080	0.290680	0.268723	0.538955	0.103776	0.641458	0.070183	0.534771	0.944319	0.946788	
1421000	-461.892393	1	931	0.695914	0.022199	0.695914	0.695914	0.695914	0.022199	0.695914	0.022199	1	0.256531	0.265011	0.206755	0.271704	0.852534	0.730154	0.797210	0.994261	0.090026	0.733332	0.309619	0.522505	
1422000	-461.644953	1	2095	0.550388	0.052332	0.550388	0.550388	0.550388	0.550388	0.550388	0.000000	1	0.239324	0.250225	0.249167	0.261284	0.513742	0.817891	0.902310	0.122706	0.879826	0.842154	0.817729	0.131683	
1423000	-462.733000	1	3860	0.807539	0.020541	0.807539	0.807539	0.807539	0.020541	0.807539	0.020541	1	0.254024	0.257255	0.228932	0.259789	0.616187	0.361247	0.398742	0.202530	0.714326	0.731395	0.079330	0.075738	
1424000	-460.495404	1	464	0.632111	0.015380	0.632111	0.632111	0.632111	0.632111	0.632111	0.015380	1	0.240150	0.249996	0.249893	0.259961	0.108011	0.514291	0.906494	0.617893	0.736295	0.103679	0.796906	0.555585	
1425000	-460.742574	1	314	0.634332	0.051538	0.634332	0.634332	0.634332	0.634332	0.634332	0.000000	1	0.245081	0.250007	0.249867	0.255045	0.589430	0.413454	0.348874	0.420418	0.396649	0.154855	0.539633	0.648824	
1426000	-460.866028	1	1048	0.670111	0.010937	0.670111	0.670111	0.670111	0.000000	0.670111	0.010937	1	0.259093	0.269020	0.194066	0.277821	0.763940	0.587751	0.957634	0.938293	0.439767	0.617239	0.350730	0.874900	
1427000	-461.777927	1	3831	0.682868	0.000000	0.682868	0.682868	0.000000	0.682868	0.682868	0.025199	1	0.252506	0.256816	0.230182	0.260496	0.098124	0.576731	0.443223	0.241708	0.371334	0.772212	0.843531	0.682659	
1428000	-461.566412	1	1897	0.717196	0.071795	0.717196	0.717196	0.717196	0.717196	0.717196	0.000000	1	0.247763	0.249988	0.249945	0.252305	0.943203	0.546648	0.026987	0.619596	0.307195	0.368269	0.579804	0.225290	
1429000	-460.657576	1	1102	0.666582	0.033725	0.666582	0.666582	0.666582	0.666582	0.666582	0.000000	1	0.246230	0.249967	0.250055	0.253748	0.324136	0.214822	0.921592	0.677966	0.329613	0.801200	0.941150	0.745984	
1430000	-460.612888	1	1472	0.607204	0.013417	0.607204	0.607204	0.607204	0.607204	0.607204	0.013417	1	0.237729	0.249986	0.249856	0.262429	0.048733	0.612868	0.615910	0.968069	0.678986	0.322029	0.858266	0.523068	
1431000	-461.490295	1	1343	0.766080	0.015097	0.766080	0.766080	0.000000	0.766080	0.766080	0.015097	1	0.250436	0.253115	0.240917	0.255532	0.293744	0.444719	0.760209	0.840781	0.264244	0.640945	0.045944	0.348486	
1432000	-460.653558	1	3511	0.666941	0.034195	0.666941	0.666941	0.666941	0.666941	0.666941	0.000000	1	0.246246	0.249968	0.250050	0.253735	0.746686	0.362059	0.854696	0.349657	0.627400	0.257116	0.838447	0.275230	
1433000	-460.759531	1	1104	0.615032	0.028361	0.615032	0.615032	0.615032	0.615032	0.615032	0.000000	1	0.243863	0.249940	0.250164	0.256033	0.628354	0.904519	0.749136	0.748689	0.075954	0.497712	0.769498	0.083231	
1434000	-461.549181	1	3960	0.648021	0.000000	0.648021	0.648021	0.648021	0.648021	0.648021	0.013741	1	0.237292	0.249870	0.250253	0.262585	0.145918	0.081175	0.165939	0.796277	0.634854	0.312854	0.304678	0.927652	
1435000	-462.568619	1	2699	0.627167	0.000000	0.627167	0.627167	0.000000	0.627167	0.627167	0.036754	1	0.260194	0.262879	0.213133	0.263793	0.943541	0.483588	0.364819	0.361815	0.425543	0.750952	0.589304	0.436927	
1436000	-461.310118	1	2999	0.679916	0.028299	0.679916	0.679916	0.679916	0.028299	0.679916	0.000000	1	0.253529	0.267212	0.199234	0.280026	0.382265	0.191655	0.322793	0.614543	0.315606	0.648721	0.456072	0.527142	
1437000	-460.512372	1	160	0.624259	0.014939	0.624259	0.624259	0.624259	0.624259	0.624259	0.014939	1	0.239458	0.249995	0.249877	0.260670	0.380594	0.352313	0.683837	0.996636	0.820532	0.659079	0.709288	0.340620	
1438000	-460.650760	1	807	0.638867	0.046712	0.638867	0.638867	0.638867	0.638867	0.638867	0.000000	1	0.245252	0.249998	0.249915	0.254835	0.491091	0.686052	0.134594	0.303504	0.124428	0.532466	0.181220	0.655457	
1439000	-461.136941	1	1187	0.621956	0.014691	0.621956	0.621956	0.621956	0.000000	0.621956	0.014691	1	0.259623	0.275044	0.176996	0.288337	0.108538	0.002612	0.059419	0.614970	0.570198	0.684691	0.272121	0.721338	
1440000	-460.607837	1	1955	0.628211	0.035847	0.628211	0.628211	0.628211	0.628211	0.628211	0.000000	1	0.244661	0.249977	0.250015	0.255347	0.311410	0.883849	0.116651	0.116464	0.698278	0.267164	0.197207	0.799888	
1441000	-462.978822	1	246	0.508959	0.059745	0.508959	0.508959	0.508959	0.508959	0.508959	0.000000	1	0.234490	0.250638	0.247858	0.267014	0.984633	0.551507	0.136766	0.571657	0.705516	0.327575	0.100214	0.556291	
1442000	-461.345014	1	3743	0.580094	0.059141	0.580094	0.580094	0.580094	0.580094	0.580094	0.000000	1	0.241926	0.250112	0.249465	0.258496	0.657333	0.286062	0.438821	0.644702	0.400907	0.897020	0.050190	0.470495	
1443000	-460.756867	1	2536	0.686503	0.045809	0.686503	0.686503	0.686503	0.686503	0.686503	0.000000	1	0.246932	0.249984	0.249981	0.253102	0.052577	0.093947	0.279244	0.118692	0.161530	0.698809	0.752111	0.508557	
1444000	-460.594517	1	84	0.633281	0.039392	0.633281	0.633281	0.633281	0.633281	0.633281	0.000000	1	0.244940	0.249986	0.249975	0.255099	0.195755	0.873556	0.325765	0.988210	0.337854	0.081836	0.105455	0.083314	
1445000	-463.766681	1	2344	0.660453	0.054911	0.660453	0.660453	0.660453	0.660453	0.660453	0.000000	0	0.247613	0.250004	0.249983	0.252400	0.659411	0.683155	0.395653	0.087838	0.257825	0.445617	0.386422	0.295595	
1446000	-461.229422	1	2232	0.711526	0.017959	0.711526	0.711526	0.000000	0.711526	0.711526	0.017959	1	0.251223	0.255347	0.234528	0.258902	0.983916	0.205565	0.547516	0.927908	0.247844	0.539206	0.509313	0.059441	
1447000	-461.813052	1	743	0.676280	0.021392	0.676280	0.676280	0.676280	0.000000	0.676280	0.021392	1	0.258604	0.268839	0.195701	0.276856	0.483368	0.478914	0.296805	0.114713	0.755276	0.278230	0.538684	0.527448	
1448000	-461.393896	1	573	0.542208	0.017749	0.542208	0.542208	0.542208	0.542208	0.542208	0.017749	1	0.230129	0.250243	0.248860	0.270768	0.539222	0.477529	0.583173	0.672146	0.538498	0.783447	0.002702	0.278907	
1449000	-461.518770	1	2137	0.662828	0.000000	0.662828	0.662828	0.662828	0.662828	0.662828	0.051472	1	0.240466	0.250100	0.249937	0.259497	0.327067	0.945201	0.300832	0.626220	0.577839	0.209513	0.220581	0.455053	
1450000	-461.821767	1	1469	0.783504	0.038390	0.783504	0.783504	0.783504	0.783504	0.783504	0.000000	1	0.248704	0.249988	0.250010	0.251298	0.159378	0.269890	0.027622	0.616343	0.916061	0.500964	0.454485	0.453480	
1451000	-460.883769	1	2953	0.597665	0.048667	0.597665	0.597665	0.597665	0.597665	0.597665	0.000000	1	0.243070	0.250048	0.249736	0.257147	0.623425	0.942388	0.990399	0.670855	0.260656	0.354886	0.253715	0.425353	
1452000	-463.087865	1	1310	0.650303	0.000000	0.650303	0.650303	0.000000	0.650303	0.650303	0.045384	1	0.263354	0.262710	0.213715	0.260221	0.986053	0.340570	0.745501	0.852597	0.114009	0.053190	0.511532	0.767718	
1453000	-461.389838	1	2424	0.601852	0.006139	0.601852	0.601852	0.601852	0.006139	0.601852	0.006139	1	0.259442	0.276376	0.171653	0.292529	0.364312	0.731058	0.938025	0.838337	0.742826	0.500627	0.789270	0.845904	
1454000	-462.231148	1	771	0.628584	0.008753	0.628584	0.628584	0.000000	0.000000	0.628584	0.000000	1	0.306610	0.334157	0.000000	0.359233	0.351980	0.258611	0.886609	0.704846	0.690054	0.031591	0.129950	0.476792	
1455000	-461.758254	1	2143	0.606141	0.000000	0.606141	0.606141	0.606141	0.606141	0.606141	0.053525	1	0.235408	0.250222	0.249685	0.264684	0.833997	0.491470	0.657834	0.314810	0.937039	0.528494	0.415034	0.351683	
1456000	-461.968374	1	136	0.735934	0.014305	0.735934	0.735934	0.735934	0.000000	0.735934	0.000000	1	0.256321	0.262526	0.212798	0.268355	0.092425	0.359906	0.786272	0.821106	0.989749	0.165384	0.389665	0.257129	
1457000	-461.386218	1	1334	0.674165	0.032147	0.674165	0.674165	0.674165	0.032147	0.674165	0.000000	1	0.252549	0.267950	0.197134	0.282368	0.587285	0.759880	0.264164	0.494234	0.073227	0.851092	0.040748	0.730124	
1458000	-461.646040	1	434	0.606600	0.075406	0.606600	0.606600	0.606600	0.606600	0.606600	0.000000	1	0.243747	0.250057	0.249576	0.256620	0.624657	0.338125	0.521566	0.563653	0.764208	0.019898	0.083260	0.849752	
1459000	-461.189882	1	1867	0.653946	0.018777	0.653946	0.653946	0.000000	0.653946	0.653946	0.018777	1	0.251586	0.258329	0.226034	0.264051	0.197722	0.933269	0.125248	0.031597	0.227854	0.794060	0.084163	0.990427	
1460000	-461.677986	1	2481	0.579882	0.068626	0.579882	0.579882	0.579882	0.579882	0.579882	0.000000	1	0.241952	0.250123	0.249367	0.258558	0.481138	0.774706	0.132504	0.310327	0.817135	0.250422	0.504026	0.441563	
1461000	-461.614120	1	2078	0.679808	0.038681	0.679808	0.679808	0.679808	0.038681	0.679808	0.000000	1	0.251152	0.267557	0.198428	0.282864	0.319086	0.440470	0.565498	0.586090	0.517534	0.724963	0.058543	0.483720	
1462000	-461.082740	1	2944	0.577275	0.047300	0.577275	0.577275	0.577275	0.577275	0.577275	0.000000	1	0.241620	0.250093	0.249605	0.258682	0.811547	0.623799	0.515636	0.604844	0.962381	0.974078	0.379522	0.164702	
1463000	-463.756605	1	2364	0.651389	0.056613	0.651389	0.651389	0.651389	0.651389	0.651389	0.000000	0	0.247381	0.250011	0.249963	0.252646	0.870881	0.566712	0.003770	0.918898	0.715704	0.163461	0.308080	0.759682	
1464000	-461.297775	1	2719	0.572370	0.000000	0.572370	0.572370	0.572370	0.572370	0.572370	0.023408	1	0.228323	0.249996	0.249694	0.271988	0.206501	0.610513	0.954814	0.742333	0.772611	0.457288	0.812809	0.608058	
1465000	-460.676501	1	438	0.646568	0.048685	0.646568	0.646568	0.646568	0.646568	0.646568	0.000000	1	0.245590	0.249996	0.249917	0.254497	0.302388	0.998859	0.779590	0.017067	0.965994	0.344663	0.039984	0.015783	
1466000	-461.357473	1	3128	0.650318	0.026308	0.650318	0.650318	0.650318	0.000000	0.650318	0.000000	1	0.255445	0.273390	0.180903	0.290262	0.628897	0.368600	0.799199	0.354581	0.027792	0.310544	0.858578	0.480384	
1467000	-460.594517	1	84	0.633281	0.039392	0.633281	0.633281	0.633281	0.633281	0.633281	0.000000	1	0.244940	0.249986	0.249975	0.255099	0.189417	0.594912	0.167867	0.115688	0.336789	0.233462	0.134179	0.622700	
1468000	-460.750525	1	3849	0.639556	0.052364	0.639556	0.639556	0.639556	0.639556	0.639556	0.000000	1	0.245318	0.250004	0.249876	0.254802	0.615042	0.267513	0.134023	0.983936	0.154192	0.223672	0.322727	0.436231	
1469000	-460.907166	1	1827	0.638647	0.023178	0.638647	0.638647	0.638647	0.638647	0.638647	0.000000	1	0.244979	0.249906	0.250276	0.254838	0.400501	0.251695	0.558676	0.869925	0.088841	0.481681	0.810770	0.439517	
1470000	-464.211649	1	2223	0.699790	0.023144	0.699790	0.699790	0.699790	0.699790	0.699790	0.023144	0	0.245130	0.249994	0.249991	0.254885	0.862481	0.673040	0.948054	0.737221	0.737038	0.575515	0.998085	0.925166	
1471000	-460.839554	1	1405	0.574998	0.016686	0.574998	0.574998	0.574998	0.574998	0.574998	0.016686	1	0.234528	0.250087	0.249469	0.265916	0.934436	0.650247	0.240439	0.241831	0.137013	0.502535	0.081474	0.145493	
1472000	-463.219741	1	103	0.510724	0.000000	0.510724	0.510724	0.510724	0.510724	0.510724	0.046786	1	0.219877	0.250842	0.247704	0.281576	0.185432	0.773092	0.732272	0.734081	0.443904	0.727977	0.659439	0.734908	
1473000	-460.968250	1	3117	0.605788	0.013186	0.605788	0.605788	0.000000	0.605788	0.605788	0.013186	1	0.249537	0.260651	0.219033	0.270780	0.368999	0.538814	0.148287	0.717688	0.329001	0.855250	0.021892	0.375404	
1474000	-462.080310	1	1065	0.795377	0.021974	0.795377	0.795377	0.795377	0.795377	0.795377	0.021974	1	0.247604	0.249998	0.249997	0.252400	0.567496	0.419986	0.063729	0.250480	0.815581	0.949237	0.757922	0.262233	
1475000	-462.168185	1	3373	0.727585	0.086327	0.727585	0.727585	0.727585	0.727585	0.727585	0.000000	1	0.247992	0.249986	0.249938	0.252083	0.246376	0.349004	0.141987	0.425993	0.430111	0.506535	0.461159	0.874870	
1476000	-461.469277	1	5	0.710548	0.020666	0.710548	0.710548	0.710548	0.000000	0.710548	0.000000	1	0.256259	0.265753	0.203385	0.274602	0.255681	0.047893	0.113903	0.867184	0.704508	0.116430	0.597472	0.816876	
1477000	-462.735067	1	1629	0.588559	0.049254	0.588559	0.588559	0.588559	0.049254	0.588559	0.000000	1	0.241461	0.278672	0.165120	0.314747	0.880041	0.523370	0.330885	0.613334	0.459431	0.104508	0.900558	0.614342	
1478000	-461.015945	1	3408	0.691480	0.007305	0.691480	0.691480	0.007305	0.691480	0.691480	0.007305	1	0.248446	0.254199	0.237578	0.259776	0.297688	0.252157	0.859611	0.705848	0.391245	0.101865	0.515123	0.046957	
1479000	-461.175418	1	57	0.670702	0.000000	0.670702	0.670702	0.670702	0.670702	0.670702	0.041586	1	0.240627	0.250064	0.249964	0.259345	0.001038	0.121366	0.633022	0.817936	0.357762	0.052984	0.732085	0.210615	
1480000	-460.657179	1	3104	0.640345	0.011671	0.640345	0.640345	0.640345	0.640345	0.640345	0.011671	1	0.240497	0.249955	0.250017	0.259531	0.194617	0.409537	0.447348	0.143351	0.138118	0.338458	0.084831	0.224479	
1481000	-460.705947	1	2750	0.655700	0.029217	0.655700	0.655700	0.655700	0.655700	0.655700	0.000000	1	0.245787	0.249951	0.250116	0.254146	0.008668	0.366066	0.795902	0.210294	0.332651	0.511408	0.998033	0.795062	
1482000	-461.394876	1	282	0.677839	0.032735	0.677839	0.677839	0.677839	0.677839	0.677839	0.032735	1	0.244120	0.250029	0.249884	0.255968	0.812580	0.697501	0.929962	0.057666	0.946115	0.361014	0.984948	0.699430	
1483000	-462.111239	1	1928	0.757232	0.076527	0.757232	0.757232	0.757232	0.757232	0.757232	0.000000	1	0.248458	0.249988	0.249968	0.251587	0.817150	0.360304	0.684707	0.488436	0.823596	0.400915	0.512515	0.987497	
1484000	-460.924745	1	1327	0.614736	0.000000	0.614736	0.614736	0.614736	0.614736	0.614736	0.028818	1	0.234668	0.250038	0.249869	0.265425	0.687588	0.015818	0.333224	0.449327	0.703201	0.693253	0.376970	0.765024	
1485000	-460.759531	1	1104	0.615032	0.028361	0.615032	0.615032	0.615032	0.615032	0.615032	0.000000	1	0.243863	0.249940	0.250164	0.256033	0.960752	0.830269	0.736785	0.965402	0.573579	0.478311	0.092169	0.873583	
1486000	-460.771977	1	2497	0.606001	0.046015	0.606001	0.606001	0.606001	0.606001	0.606001	0.000000	1	0.243561	0.250028	0.249814	0.256597	0.989213	0.932408	0.892446	0.624065	0.903779	0.332415	0.741239	0.683417	
1487000	-460.924116	1	295	0.615770	0.000000	0.615770	0.615770	0.615770	0.615770	0.615770	0.029638	1	0.234846	0.250045	0.249865	0.265245	0.021699	0.282209	0.849268	0.618955	0.186211	0.481717	0.635666	0.310841	
1488000	-460.905488	1	2028	0.648024	0.000000	0.648024	0.648024	0.648024	0.648024	0.648024	0.026494	1	0.238027	0.250007	0.249991	0.261975	0.302989	0.653787	0.731684	0.136047	0.436272	0.974278	0.942837	0.011742	
1489000	-460.616578	1	3898	0.656577	0.034725	0.656577	0.656577	0.656577	0.656577	0.656577	0.000000	1	0.245877	0.249969	0.250045	0.254109	0.641732	0.496700	0.912772	0.542757	0.620358	0.717949	0.338461	0.338397	
1490000	-462.009639	1	683	0.560507	0.006195	0.560507	0.560507	0.560507	0.560507	0.560507	0.006195	1	0.230795	0.249612	0.250687	0.268906	0.498151	0.171620	0.575734	0.336897	0.052097	0.384066	0.463010	0.298551	
1491000	-460.675406	1	2593	0.655194	0.011720	0.655194	0.655194	0.011720	0.655194	0.655194	0.011720	1	0.249156	0.256530	0.230903	0.263410	0.255788	0.382357	0.155069	0.612567	0.919330	0.123852	0.106085	0.524299	
1492000	-462.882948	1	786	0.510517	0.000000	0.510517	0.510517	0.510517	0.510517	0.510517	0.015730	1	0.214627	0.249730	0.249286	0.286356	0.903611	0.297300	0.703639	0.126583	0.178704	0.547208	0.597622	0.659930	
1493000	-461.852080	1	3867	0.716192	0.000000	0.716192	0.716192	0.716192	0.716192	0.716192	0.015948	1	0.242695	0.249964	0.250100	0.257241	0.683665	0.937973	0.417830	0.869880	0.943681	0.220310	0.268740	0.375035	
1494000	-460.903522	1	3416	0.592273	0.046974	0.592273	0.592273	0.592273	0.592273	0.592273	0.000000	1	0.242700	0.250054	0.249725	0.257521	0.081208	0.009924	0.562437	0.254297	0.257862	0.043783	0.083176	0.928748	
1495000	-464.842583	1	2028	0.648024	0.000000	0.648024	0.648024	0.648024	0.648024	0.648024	0.026494	0	0.237240	0.249920	0.250225	0.262615	0.041323	0.035411	0.765120	0.476434	0.036030	0.736054	0.167488	0.357958	
1496000	-461.394455	1	2444	0.754285	0.039279	0.754285	0.754285	0.754285	0.754285	0.754285	0.000000	1	0.248320	0.249985	0.250012	0.251683	0.865139	0.383699	0.684907	0.274192	0.508558	0.182241	0.205916	0.249607	
1497000	-460.977133	1	561	0.716347	0.045210	0.716347	0.716347	0.716347	0.716347	0.716347	0.000000	1	0.247662	0.249984	0.249996	0.252359	0.609511	0.614790	0.733832	0.102210	0.874795	0.377589	0.968018	0.649847	
1498000	-461.350889	1	2257	0.588744	0.062650	0.588744	0.588744	0.588744	0.588744	0.588744	0.000000	1	0.242567	0.250091	0.249515	0.257827	0.048759	0.166889	0.840172	0.658356	0.339447	0.407799	0.850261	0.147950	
1499000	-461.136941	1	1187	0.621956	0.014691	0.621956	0.621956	0.621956	0.000000	0.621956	0.014691	1	0.259623	0.275044	0.176996	0.288337	0.002072	0.195790	0.148679	0.395053	0.378416	0.752224	0.956314	0.678819	
1500000	-462.523139	1	496	0.716458	0.007750	0.716458	0.716458	0.007750	0.007750	0.716458	0.000000	1	0.317784	0.333974	0.000293	0.347949	0.360164	0.695916	0.509484	0.884253	0.260993	0.623748	0.756487	0.747460	
1501000	-461.946015	1	3170	0.603229	0.005679	0.603229	0.603229	0.000000	0.000000	0.603229	0.005679	1	0.314327	0.334903	0.000000	0.350770	0.391204	0.391065	0.767334	0.920649	0.761388	0.684689	0.021954	0.428503	
1502000	-463.728879	1	3455	0.636465	0.034561	0.636465	0.636465	0.000000	0.636465	0.636465	0.034561	1	0.254733	0.261057	0.219320	0.264891	0.353452	0.886288	0.416507	0.488976	0.041659	0.928965	0.456251	0.300924	
1503000	-461.017734	1	3224	0.707105	0.053924	0.707105	0.707105	0.707105	0.707105	0.707105	0.000000	1	0.247492	0.249987	0.249969	0.252553	0.543768	0.657964	0.868871	0.506507	0.756150	0.481053	0.875092	0.892307	
1504000	-462.616264	1	283	0.805616	0.071510	0.805616	0.805616	0.805616	0.805616	0.805616	0.000000	1	0.248999	0.249991	0.249986	0.251024	0.363489	0.300921	0.258098	0.293250	0.971881	0.750732	0.235590	0.171942	
1505000	-461.181886	1	174	0.723274	0.024535	0.723274	0.723274	0.723274	0.723274	0.723274	0.024535	1	0.245702	0.250003	0.249968	0.254327	0.033286	0.127564	0.881243	0.885782	0.136102	0.577659	0.766929	0.181786	
1506000	-460.787644	1	2991	0.693577	0.044318	0.693577	0.693577	0.693577	0.693577	0.693577	0.000000	1	0.247117	0.249983	0.249991	0.252908	0.909898	0.405102	0.689389	0.655355	0.960878	0.353858	0.745198	0.442959	
1507000	-461.764547	1	3259	0.656623	0.000000	0.656623	0.656623	0.014441	0.656623	0.656623	0.014441	1	0.246303	0.254891	0.235605	0.263202	0.917525	0.864276	0.113704	0.594021	0.224802	0.374102	0.167830	0.847227	
1508000	-461.010809	1	2725	0.678988	0.023678	0.678988	0.678988	0.678988	0.678988	0.678988	0.000000	1	0.246539	0.249938	0.250169	0.253354	0.371281	0.606524	0.532303	0.183906	0.645977	0.520813	0.833951	0.700839	
1509000	-460.596472	1	1030	0.662434	0.013809	0.662434	0.662434	0.662434	0.662434	0.662434	0.013809	1	0.242223	0.249978	0.249987	0.257811	0.977248	0.320437	0.488648	0.685961	0.757962	0.162703	0.675054	0.126554	
1510000	-462.211155	1	1004	0.793189	0.026173	0.793189	0.793189	0.793189	0.000000	0.793189	0.000000	1	0.254082	0.259692	0.221405	0.264821	0.384998	0.912161	0.400332	0.226314	0.603260	0.226000	0.874381	0.710897	
1511000	-460.936183	1	2891	0.686246	0.026442	0.686246	0.686246	0.686246	0.686246	0.686246	0.000000	1	0.246789	0.249953	0.250119	0.253140	0.686576	0.665770	0.807648	0.001907	0.812514	0.723516	0.766936	0.551224	
1512000	-460.652274	1	553	0.651997	0.046918	0.651997	0.651997	0.651997	0.651997	0.651997	0.000000	1	0.245795	0.249992	0.249939	0.254275	0.098052	0.905528	0.205806	0.870357	0.006625	0.486878	0.818701	0.786241	
1513000	-460.945985	1	3711	0.590439	0.027535	0.590439	0.590439	0.590439	0.590439	0.590439	0.000000	1	0.242288	0.249937	0.250194	0.257580	0.830380	0.070499	0.307667	0.701017	0.126613	0.718515	0.230758	0.878614	
1514000	-461.602945	1	1876	0.665284	0.000000	0.665284	0.665284	0.020986	0.665284	0.665284	0.020986	1	0.248934	0.255417	0.234222	0.261426	0.032383	0.376682	0.197076	0.466057	0.702600	0.977413	0.263787	0.686614	
1515000	-462.570012	1	2033	0.832932	0.011976	0.832932	0.832932	0.832932	0.011976	0.832932	0.011976	1	0.253715	0.256166	0.231839	0.258281	0.642548	0.026426	0.846336	0.025067	0.661135	0.767416	0.616155	0.456018	
1516000	-461.525786	1	2085	0.567140	0.020500	0.567140	0.567140	0.567140	0.567140	0.567140	0.000000	1	0.240206	0.249799	0.250697	0.259298	0.209798	0.207472	0.982550	0.494217	0.226974	0.157164	0.170738	0.394901	
1517000	-460.929409	1	2276	0.713022	0.038749	0.713022	0.713022	0.713022	0.713022	0.713022	0.000000	1	0.247559	0.249980	0.250017	0.252444	0.942534	0.848166	0.310686	0.936537	0.272651	0.943089	0.003078	0.524294	
1518000	-461.755977	1	1695	0.539295	0.046760	0.539295	0.539295	0.539295	0.539295	0.539295	0.000000	1	0.238123	0.250269	0.249098	0.262510	0.511198	0.414055	0.974263	0.344660	0.234929	0.597863	0.282482	0.274461	
1519000	-465.388925	1	702	0.695402	0.018008	0.695402	0.695402	0.018008	0.018008	0.695402	0.000000	0	0.303806	0.334326	0.001528	0.360340	0.665820	0.458053	0.212265	0.557124	0.525380	0.142513	0.495249	0.259784	
1520000	-460.977833	1	304	0.609467	0.056672	0.609467	0.609467	0.609467	0.609467	0.609467	0.000000	1	0.243840	0.250041	0.249722	0.256397	0.582378	0.487220	0.382248	0.219621	0.065084	0.029319	0.630480	0.633951	
1521000	-462.570108	1	3347	0.783636	0.005134	0.783636	0.783636	0.783636	0.005134	0.783636	0.005134	1	0.255078	0.258607	0.224384	0.261931	0.725964	0.601535	0.540040	0.043067	0.200167	0.290144	0.590045	0.366265	
1522000	-460.604510	1	1226	0.654749	0.041718	0.654749	0.654749	0.654749	0.654749	0.654749	0.000000	1	0.245865	0.249984	0.249980	0.254171	0.769356	0.756295	0.181258	0.796794	0.383565	0.765142	0.816514	0.821742	
1523000	-461.068527	1	3567	0.636307	0.014667	0.636307	0.636307	0.636307	0.000000	0.636307	0.014667	1	0.259540	0.273195	0.182355	0.284910	0.058232	0.126528	0.130471	0.751800	0.745270	0.892896	0.264033	0.290423	
1524000	-463.051412	1	2338	0.787868	0.000000	0.787868	0.787868	0.787868	0.787868	0.787868	0.014763	1	0.245897	0.249986	0.250051	0.254065	0.796023	0.815446	0.302976	0.186001	0.902601	0.030755	0.746714	0.397442	
1525000	-461.350016	1	2606	0.749327	0.036394	0.749327	0.749327	0.749327	0.749327	0.749327	0.000000	1	0.248233	0.249983	0.250019	0.251765	0.856451	0.635714	0.418415	0.438563	0.467941	0.271198	0.463831	0.154104	
1526000	-461.170502	1	4000	0.593776	0.021492	0.593776	0.593776	0.593776	0.593776	0.593776	0.000000	1	0.242362	0.249844	0.250505	0.257288	0.142325	0.629599	0.571979	0.626322	0.228940	0.820905	0.384654	0.329439	
1527000	-460.865061	1	1599	0.651530	0.009367	0.651530	0.651530	0.651530	0.000000	0.651530	0.009367	1	0.259554	0.271027	0.187985	0.281435	0.385254	0.382571	0.783209	0.681096	0.221406	0.475264	0.543285	0.603669	
1528000	-462.927533	1	2449	0.841189	0.030200	0.841189	0.841189	0.841189	0.000000	0.841189	0.000000	1	0.253025	0.257224	0.228724	0.261028	0.458126	0.036485	0.440611	0.151285	0.427944	0.129906	0.217613	0.989446	
1529000	-462.476442	1	3119	0.733203	0.000000	0.733203	0.733203	0.733203	0.733203	0.733203	0.062563	1	0.244800	0.250057	0.250011	0.255133	0.927041	0.910784	0.803723	0.694094	0.109172	0.729078	0.228923	0.331523	
1530000	-461.043295	1	1250	0.647222	0.020959	0.647222	0.647222	0.647222	0.647222	0.647222	0.000000	1	0.245321	0.249893	0.250320	0.254466	0.790689	0.425772	0.138713	0.777750	0.749833	0.810898	0.308845	0.165028	
1531000	-460.746076	1	1909	0.618690	0.028324	0.618690	0.618690	0.618690	0.618690	0.618690	0.000000	1	0.244065	0.249939	0.250163	0.255832	0.752291	0.191982	0.168644	0.308207	0.979242	0.576895	0.904350	0.348191	
1532000	-461.016181	1	3791	0.672292	0.000000	0.672292	0.672292	0.672292	0.672292	0.672292	0.034075	1	0.240431	0.250037	0.249984	0.259547	0.294409	0.778548	0.609305	0.035687	0.379725	0.497035	0.035603	0.275135	
1533000	-461.064690	1	3216	0.578417	0.027823	0.578417	0.578417	0.578417	0.578417	0.578417	0.000000	1	0.241397	0.249950	0.250169	0.258484	0.740146	0.401548	0.118935	0.544028	0.764410	0.129163	0.369428	0.620873	
1534000	-462.353929	1	1340	0.756400	0.046672	0.756400	0.756400	0.756400	0.046672	0.756400	0.000000	1	0.250990	0.261086	0.217596	0.270328	0.671437	0.559063	0.754831	0.406069	0.966543	0.331691	0.267763	0.123018	
1535000	-461.607271	1	623	0.732622	0.021918	0.732622	0.732622	0.732622	0.732622	0.732622	0.000000	1	0.247861	0.249961	0.250101	0.252076	0.185050	0.992246	0.465925	0.363369	0.993776	0.207985	0.616609	0.099870	
1536000	-461.482573	1	3582	0.609296	0.071825	0.609296	0.609296	0.609296	0.609296	0.609296	0.000000	1	0.243894	0.250051	0.249616	0.256439	0.528544	0.266513	0.097036	0.174337	0.720230	0.637691	0.672825	0.882000	
1537000	-461.491668	1	3984	0.719327	0.030411	0.719327	0.719327	0.719327	0.719327	0.719327	0.030411	1	0.245760	0.250010	0.249953	0.254277	0.424536	0.687035	0.644939	0.300162	0.059347	0.809154	0.383457	0.472435	
1538000	-461.529795	1	3591	0.663005	0.077690	0.663005	0.663005	0.663005	0.663005	0.663005	0.000000	1	0.246318	0.249998	0.249840	0.253844	0.605681	0.346171	0.613904	0.070601	0.276012	0.816335	0.914399	0.442171	
1539000	-460.914202	1	3067	0.634877	0.000000	0.634877	0.634877	0.634877	0.634877	0.634877	0.032856	1	0.237111	0.250053	0.249911	0.262924	0.165028	0.400799	0.892210	0.160717	0.198222	0.957921	0.797639	0.410202	
1540000	-461.312943	1	1725	0.602209	0.065573	0.602209	0.602209	0.602209	0.602209	0.602209	0.000000	1	0.243455	0.250062	0.249605	0.256879	0.252577	0.827936	0.214942	0.626110	0.692582	0.600446	0.223689	0.431762	
1541000	-461.997787	1	3171	0.627647	0.000000	0.627647	0.627647	0.000000	0.627647	0.627647	0.027334	1	0.254711	0.260797	0.218817	0.265675	0.217966	0.218686	0.633719	0.556065	0.435437	0.168130	0.089643	0.126032	
1542000	-461.214649	1	3724	0.627110	0.016295	0.627110	0.627110	0.627110	0.016295	0.627110	0.016295	1	0.258009	0.272707	0.184015	0.285269	0.558591	0.070384	0.768125	0.273452	0.711023	0.269580	0.651698	0.481159	
1543000	-462.050025	1	1671	0.592488	0.020113	0.592488	0.592488	0.592488	0.000000	0.592488	0.020113	1	0.258996	0.279552	0.164971	0.296480	0.534322	0.357650	0.777474	0.591077	0.191879	0.191949	0.277637	0.383995	
1544000	-461.153349	1	2749	0.558896	0.019907	0.558896	0.558896	0.558896	0.558896	0.558896	0.019907	1	0.232873	0.250195	0.249117	0.267815	0.808920	0.376852	0.052451	0.060629	0.054136	0.645155	0.531583	0.105212	
1545000	-461.120979	1	3151	0.640793	0.019731	0.640793	0.640793	0.640793	0.640793	0.640793	0.000000	1	0.245010	0.249872	0.250391	0.254728	0.371252	0.086638	0.436511	0.033902	0.860481	0.207534	0.052449	0.983483	
1546000	-461.693746	1	2147	0.617949	0.014215	0.617949	0.617949	0.617949	0.617949	0.617949	0.000000	1	0.243642	0.249703	0.250939	0.255717	0.350021	0.479701	0.842731	0.191481	0.454982	0.792176	0.106738	0.053549	
1547000	-462.110886	1	962	0.611820	0.009690	0.611820	0.611820	0.009690	0.000000	0.611820	0.009690	1	0.315224	0.335967	0.000103	0.348706	0.379686	0.231603	0.892424	0.990903	0.632172	0.759944	0.570284	0.764157	
1548000	-462.245609	1	3467	0.696657	0.021015	0.696657	0.696657	0.000000	0.000000	0.696657	0.000000	1	0.297235	0.335060	0.000000	0.367705	0.657356	0.269637	0.113025	0.695027	0.755338	0.038714	0.554034	0.182173	
1549000	-461.745273	1	3145	0.747614	0.028834	0.747614	0.747614	0.747614	0.000000	0.747614	0.000000	1	0.254689	0.263444	0.210395	0.271473	0.617660	0.921225	0.384622	0.269894	0.235292	0.036537	0.099328	0.161607	
1550000	-462.812087	1	206	0.643782	0.028803	0.643782	0.643782	0.000000	0.000000	0.643782	0.000000	1	0.276479	0.335128	0.000000	0.388394	0.557018	0.507127	0.301550	0.759446	0.188300	0.977759	0.309255	0.374426	
1551000	-461.493954	1	183	0.666730	0.000000	0.666730	0.666730	0.666730	0.666730	0.666730	0.015066	1	0.239109	0.249916	0.250176	0.260799	0.368833	0.463385	0.103525	0.843033	0.309541	0.072131	0.377975	0.180998	
1552000	-463.756244	1	257	0.645448	0.057383	0.645448	0.645448	0.645448	0.645448	0.645448	0.000000	0	0.247216	0.250016	0.249949	0.252819	0.603517	0.646915	0.574120	0.521299	0.586234	0.800389	0.990966	0.461705	
1553000	-461.292286	1	1192	0.608369	0.000000	0.608369	0.608369	0.608369	0.608369	0.608369	0.016652	1	0.232948	0.249866	0.250151	0.267036	0.609731	0.903844	0.503111	0.369889	0.085600	0.065151	0.460202	0.914377	
1554000	-461.101922	1	2182	0.724699	0.033056	0.724699	0.724699	0.724699	0.724699	0.724699	0.000000	1	0.247776	0.249977	0.250038	0.252209	0.397287	0.235863	0.856980	0.931295	0.808454	0.361797	0.520640	0.984042	
1555000	-464.464185	1	1584	0.501413	0.021100	0.501413	0.501413	0.021100	0.000000	0.501413	0.000000	1	0.249357	0.332781	0.000340	0.417523	0.562338	0.754326	0.341159	0.591492	0.776932	0.179839	0.270933	0.747168	
1556000	-461.043320	1	1991	0.612791	0.000000	0.612791	0.612791	0.612791	0.612791	0.612791	0.021073	1	0.233868	0.249949	0.250001	0.266181	0.620362	0.935802	0.532880	0.167874	0.233881	0.116533	0.437380	0.290339	
1557000	-460.969846	1	3436	0.627545	0.059839	0.627545	0.627545	0.627545	0.627545	0.627545	0.000000	1	0.244808	0.250020	0.249788	0.255384	0.220318	0.588392	0.312708	0.240361	0.035071	0.807963	0.827764	0.922193	
1558000	-460.862299	1	3270	0.704359	0.043598	0.704359	0.704359	0.704359	0.704359	0.704359	0.000000	1	0.247384	0.249983	0.249998	0.252635	0.198601	0.454242	0.215789	0.746886	0.833179	0.355030	0.897876	0.416770	
1559000	-461.550530	1	2264	0.645475	0.022148	0.645475	0.645475	0.022148	0.645475	0.645475	0.022148	1	0.250749	0.257625	0.228266	0.263361	0.970280	0.349227	0.567248	0.108526	0.027751	0.535770	0.979116	0.243418	
1560000	-462.238196	1	189	0.511636	0.019577	0.511636	0.511636	0.511636	0.511636	0.511636	0.019577	1	0.225221	0.250554	0.247777	0.276449	0.963594	0.745356	0.274901	0.236235	0.630238	0.781464	0.007577	0.118848	
1561000	-460.776140	1	905	0.651549	0.053797	0.651549	0.651549	0.651549	0.651549	0.651549	0.000000	1	0.245817	0.249998	0.249897	0.254287	0.267813	0.823514	0.717888	0.501633	0.675110	0.332072	0.835795	0.406391	
1562000	-461.451720	1	1157	0.704918	0.028420	0.704918	0.704918	0.704918	0.000000	0.704918	0.000000	1	0.255203	0.267431	0.198625	0.278741	0.468949	0.771227	0.765853	0.846465	0.097394	0.720898	0.235765	0.129499	
1563000	-461.093418	1	1012	0.583165	0.024974	0.583165	0.583165	0.583165	0.583165	0.583165	0.024974	1	0.236441	0.250154	0.249369	0.264035	0.480433	0.605342	0.868402	0.258454	0.432935	0.736166	0.906663	0.251932	
1564000	-460.993680	1	3163	0.690268	0.025705	0.690268	0.690268	0.690268	0.690268	0.690268	0.000000	1	0.246898	0.249952	0.250122	0.253028	0.482495	0.469624	0.557075	0.342791	0.143035	0.985522	0.542250	0.946486	
1565000	-461.412489	1	2878	0.575070	0.007949	0.575070	0.575070	0.575070	0.575070	0.575070	0.007949	1	0.233260	0.249805	0.250222	0.266713	0.668811	0.746640	0.214424	0.177110	0.816165	0.747648	0.154537	0.911472	
1566000	-463.353026	1	835	0.708872	0.116015	0.708872	0.708872	0.708872	0.708872	0.708872	0.000000	1	0.247639	0.249980	0.249887	0.252494	0.024377	0.564478	0.572166	0.194908	0.588756	0.589962	0.323943	0.440431	
1567000	-461.214649	1	3724	0.627110	0.016295	0.627110	0.627110	0.627110	0.016295	0.627110	0.016295	1	0.258009	0.272707	0.184015	0.285269	0.379921	0.986582	0.461239	0.942470	0.153418	0.495371	0.594402	0.377245	
1568000	-461.685946	1	2160	0.619055	0.005819	0.619055	0.619055	0.619055	0.619055	0.619055	0.005819	1	0.237991	0.249747	0.250563	0.261700	0.553207	0.054437	0.254960	0.639021	0.841237	0.637438	0.136793	0.541355	
1569000	-464.180728	1	1649	0.656333	0.000000	0.656333	0.656333	0.656333	0.656333	0.656333	0.095796	1	0.241917	0.250203	0.249919	0.257961	0.584197	0.220836	0.146102	0.541491	0.942755	0.348707	0.346366	0.472781	
1570000	-461.235235	1	2467	0.573336	0.025229	0.573336	0.573336	0.573336	0.573336	0.573336	0.025229	1	0.235362	0.250193	0.249232	0.265214	0.072657	0.234405	0.425165	0.053434	0.309258	0.087168	0.205534	0.236804	
1571000	-460.839510	1	1635	0.594526	0.044186	0.594526	0.594526	0.594526	0.594526	0.594526	0.000000	1	0.242823	0.250041	0.249781	0.257355	0.432624	0.506567	0.403103	0.766438	0.361638	0.704314	0.717093	0.952703	
1572000	-461.128998	1	3083	0.604826	0.060662	0.604826	0.604826	0.604826	0.604826	0.604826	0.000000	1	0.243591	0.250053	0.249661	0.256695	0.547094	0.125933	0.421954	0.080559	0.929156	0.752574	0.208553	0.235199	
1573000	-460.699945	1	373	0.636679	0.011113	0.636679	0.636679	0.636679	0.636679	0.636679	0.011113	1	0.240158	0.249946	0.250034	0.259862	0.322184	0.137660	0.971404	0.956633	0.107802	0.098959	0.933725	0.088161	
1574000	-461.003741	1	2189	0.639680	0.000000	0.639680	0.639680	0.639680	0.639680	0.639680	0.021335	1	0.236919	0.249963	0.250046	0.263072	0.309346	0.185856	0.571498	0.226485	0.114714	0.311644	0.364508	0.996941	
1575000	-460.746498	1	1338	0.600106	0.035664	0.600106	0.600106	0.600106	0.600106	0.600106	0.000000	1	0.243082	0.249996	0.249964	0.256958	0.803630	0.992163	0.510041	0.818206	0.188264	0.058520	0.312553	0.677700	
1576000	-461.529671	1	101	0.559240	0.000000	0.559240	0.559240	0.559240	0.559240	0.559240	0.021287	1	0.225851	0.249955	0.249641	0.274553	0.640549	0.034452	0.235905	0.979834	0.584452	0.545091	0.187638	0.432862	
1577000	-460.662707	1	1532	0.640033	0.047605	0.640033	0.640033	0.640033	0.640033	0.640033	0.000000	1	0.245309	0.249998	0.249911	0.254782	0.799639	0.074106	0.116334	0.108979	0.566670	0.496200	0.846864	0.899602	
1578000	-460.839426	1	33	0.705831	0.010774	0.705831	0.705831	0.010774	0.705831	0.705831	0.010774	1	0.249332	0.254154	0.237808	0.258706	0.923392	0.357006	0.124018	0.083812	0.647572	0.716127	0.574737	0.310299	
1579000	-460.918164	1	1437	0.682030	0.009584	0.682030	0.682030	0.682030	0.000000	0.682030	0.009584	1	0.258818	0.267676	0.197871	0.275635	0.007586	0.730180	0.913795	0.926836	0.016343	0.681957	0.333635	0.374553	
1580000	-461.113614	1	3904	0.731726	0.014414	0.731726	0.731726	0.000000	0.731726	0.731726	0.014414	1	0.250533	0.254182	0.237802	0.257482	0.880909	0.487417	0.684183	0.575973	0.881190	0.804079	0.854747	0.529016	
1581000	-461.505134	1	3810	0.690538	0.074955	0.690538	0.690538	0.690538	0.690538	0.690538	0.000000	1	0.247145	0.249990	0.249906	0.252958	0.391791	0.980938	0.433180	0.264175	0.370385	0.702111	0.964905	0.211556	
1582000	-460.851947	1	723	0.646871	0.010064	0.646871	0.646871	0.646871	0.000000	0.646871	0.010064	1	0.259609	0.271622	0.186326	0.282444	0.954248	0.652141	0.344697	0.504311	0.000804	0.757782	0.095714	0.179123	
1583000	-460.884479	1	298	0.649357	0.058284	0.649357	0.649357	0.649357	0.649357	0.649357	0.000000	1	0.245753	0.250002	0.249870	0.254375	0.340203	0.417287	0.984168	0.550998	0.607061	0.637195	0.679732	0.496212	
1584000	-461.170502	1	4000	0.593776	0.021492	0.593776	0.593776	0.593776	0.593776	0.593776	0.000000	1	0.242362	0.249844	0.250505	0.257288	0.756366	0.634625	0.947332	0.150267	0.565563	0.631411	0.192514	0.444560	
1585000	-460.841821	1	2604	0.611880	0.051814	0.611880	0.611880	0.611880	0.611880	0.611880	0.000000	1	0.243946	0.250031	0.249778	0.256245	0.228028	0.498510	0.700296	0.178891	0.330045	0.427525	0.409638	0.036494	
1586000	-464.855404	1	749	0.537600	0.017141	0.537600	0.537600	0.537600	0.537600	0.537600	0.017141	0	0.230639	0.250101	0.249349	0.269911	0.772615	0.508317	0.325830	0.817953	0.668270	0.571175	0.458075	0.028769	
1587000	-464.542554	1	3846	0.646704	0.024469	0.646704	0.646704	0.646704	0.646704	0.646704	0.000000	0	0.247172	0.249886	0.250420	0.252521	0.289559	0.306867	0.326789	0.078424	0.643940	0.564881	0.747649	0.748259	
1588000	-460.887712	1	1166	0.691408	0.024111	0.691408	0.691408	0.691408	0.691408	0.691408	0.024111	1	0.244375	0.250009	0.249936	0.255680	0.308727	0.243759	0.236660	0.429488	0.743011	0.540095	0.116473	0.070334	
1589000	-461.745942	1	1489	0.600942	0.031737	0.600942	0.600942	0.600942	0.031737	0.600942	0.000000	1	0.249687	0.276733	0.170895	0.302685	0.457743	0.307835	0.023515	0.987922	0.444807	0.904399	0.332263	0.278930	
1590000	-460.884465	1	628	0.586496	0.033125	0.586496	0.586496	0.586496	0.586496	0.586496	0.000000	1	0.242117	0.249996	0.249988	0.257899	0.869343	0.006896	0.921984	0.939014	0.538690	0.384772	0.407592	0.856939	
1591000	-460.849740	1	1282	0.701829	0.044662	0.701829	0.701829	0.701829	0.701829	0.701829	0.000000	1	0.247328	0.249983	0.249993	0.252695	0.306991	0.375771	0.292754	0.513222	0.234100	0.800669	0.688184	0.867767	
1592000	-461.549181	1	3960	0.648021	0.000000	0.648021	0.648021	0.648021	0.648021	0.648021	0.013741	1	0.237292	0.249870	0.250253	0.262585	0.441310	0.578980	0.715403	0.150549	0.079604	0.047149	0.156988	0.132311	
1593000	-460.754790	1	3832	0.603163	0.031981	0.603163	0.603163	0.603163	0.603163	0.603163	0.000000	1	0.243219	0.249970	0.250060	0.256751	0.070705	0.326792	0.647392	0.143658	0.555934	0.526804	0.204289	0.431041	
1594000	-461.112308	1	330	0.595375	0.008041	0.595375	0.595375	0.000000	0.595375	0.595375	0.008041	1	0.247334	0.260402	0.219320	0.272944	0.047810	0.408985	0.276367	0.513087	0.945106	0.496307	0.181244	0.910722	
1595000	-460.849740	1	1282	0.701829	0.044662	0.701829	0.701829	0.701829	0.701829	0.701829	0.000000	1	0.247328	0.249983	0.249993	0.252695	0.997757	0.456224	0.085002	0.949720	0.983526	0.912549	0.432104	0.893169	
1596000	-463.081225	1	277	0.705184	0.000000	0.705184	0.705184	0.020723	0.020723	0.705184	0.020723	1	0.348217	0.334757	0.002008	0.315018	0.966738	0.383076	0.628482	0.434576	0.526338	0.052952	0.424733	0.647080	
1597000	-460.764959	1	3382	0.698570	0.017058	0.698570	0.698570	0.698570	0.698570	0.698570	0.017058	1	0.244390	0.249993	0.249982	0.255635	0.623208	0.735411	0.809406	0.285740	0.478720	0.099365	0.160362	0.039290	
1598000	-461.143982	1	2815	0.733085	0.044804	0.733085	0.733085	0.733085	0.733085	0.733085	0.000000	1	0.247989	0.249985	0.250000	0.252026	0.328249	0.336080	0.863345	0.961519	0.612403	0.566681	0.542411	0.798467	
1599000	-460.745278	1	2832	0.663125	0.051497	0.663125	0.663125	0.663125	0.663125	0.663125	0.000000	1	0.246230	0.249992	0.249931	0.253847	0.296433	0.859183	0.444364	0.306765	0.964634	0.917313	0.264056	0.790463	
1600000	-461.365392	1	1866	0.630481	0.000000	0.630481	0.630481	0.630481	0.630481	0.630481	0.047799	1	0.237545	0.250136	0.249838	0.262481	0.596018	0.392893	0.802117	0.942098	0.817876	0.357102	0.524101	0.493873	
1601000	-460.965483	1	565	0.613590	0.000000	0.613590	0.613590	0.613590	0.613590	0.613590	0.023882	1	0.234177	0.249986	0.249940	0.265897	0.721075	0.838830	0.377350	0.859699	0.355190	0.365509	0.422088	0.157392	
1602000	-461.426378	1	1247	0.697790	0.018955	0.697790	0.697790	0.697790	0.018955	0.697790	0.000000	1	0.255495	0.265008	0.205540	0.273957	0.774251	0.048026	0.569724	0.440638	0.843437	0.179125	0.940012	0.244707	
1603000	-461.309477	1	449	0.589119	0.000000	0.589119	0.589119	0.589119	0.589119	0.589119	0.018194	1	0.230397	0.249879	0.250028	0.269696	0.422327	0.286398	0.205210	0.324233	0.178801	0.714648	0.158642	0.439882	
1604000	-460.729444	1	1452	0.679742	0.046581	0.679742	0.679742	0.679742	0.679742	0.679742	0.000000	1	0.246740	0.249985	0.249973	0.253301	0.296126	0.480140	0.178325	0.887336	0.973319	0.597459	0.915620	0.730585	
1605000	-464.994254	1	1541	0.615249	0.024756	0.615249	0.615249	0.024756	0.615249	0.615249	0.024756	0	0.252230	0.259936	0.221965	0.265870	0.372293	0.771960	0.565312	0.243877	0.957833	0.210911	0.759716	0.972697	
1606000	-463.681847	1	2589	0.804586	0.044396	0.804586	0.804586	0.804586	0.804586	0.804586	0.044396	1	0.248147	0.250003	0.249988	0.251862	0.745658	0.956295	0.467939	0.626799	0.610017	0.478476	0.376072	0.574995	
1607000	-461.867333	1	237	0.595714	0.021010	0.595714	0.595714	0.000000	0.595714	0.595714	0.021010	1	0.251659	0.262543	0.214308	0.271491	0.143900	0.014681	0.231578	0.180047	0.797325	0.014255	0.793182	0.543624	
1608000	-461.132786	1	161	0.636202	0.007955	0.636202	0.636202	0.636202	0.636202	0.636202	0.007955	1	0.239820	0.249879	0.250223	0.260079	0.516582	0.777902	0.199455	0.379759	0.935187	0.022394	0.042397	0.073015	
1609000	-461.663805	1	3108	0.551541	0.053890	0.551541	0.551541	0.551541	0.551541	0.551541	0.000000	1	0.239450	0.250224	0.249156	0.261171	0.768459	0.312190	0.139010	0.227236	0.234179	0.821198	0.316524	0.471404	
1610000	-460.905991	1	752	0.683134	0.010466	0.683134	0.683134	0.683134	0.000000	0.683134	0.010466	1	0.258767	0.267610	0.198151	0.275472	0.059129	0.098234	0.791416	0.514077	0.426752	0.194930	0.123591	0.579448	
1611000	-461.370797	1	1497	0.670430	0.007442	0.670430	0.670430	0.670430	0.670430	0.670430	0.007442	1	0.242291	0.249906	0.250200	0.257603	0.671316	0.246886	0.786039	0.499506	0.442573	0.737261	0.026646	0.922822	
1612000	-460.931889	1	2381	0.669513	0.013529	0.669513	0.669513	0.669513	0.013529	0.669513	0.013529	1	0.257912	0.267985	0.197375	0.276728	0.065953	0.148395	0.563870	0.007289	0.492538	0.801991	0.010982	0.287625	
1613000	-460.583836	1	3341	0.659536	0.020479	0.659536	0.659536	0.659536	0.659536	0.659536	0.020479	1	0.242459	0.250012	0.249897	0.257632	0.137856	0.610682	0.198570	0.518744	0.821699	0.273388	0.743243	0.189481	
1614000	-461.486360	1	204	0.713306	0.006150	0.713306	0.713306	0.713306	0.000000	0.713306	0.006150	1	0.257860	0.264413	0.207201	0.270526	0.021873	0.892339	0.434629	0.848931	0.031591	0.102916	0.100393	0.517186	
1615000	-461.217961	1	164	0.675899	0.000000	0.675899	0.675899	0.675899	0.675899	0.675899	0.042232	1	0.241028	0.250062	0.249971	0.258939	0.823831	0.263426	0.382617	0.422625	0.717838	0.496347	0.316535	0.635620	
1616000	-461.739301	1	3297	0.637428	0.007037	0.637428	0.637428	0.007037	0.007037	0.637428	0.007037	1	0.318658	0.335061	0.000243	0.346038	0.875218	0.189051	0.757115	0.327794	0.519798	0.264031	0.545127	0.368989	
1617000	-461.076217	1	286	0.641400	0.000000	0.641400	0.641400	0.641400	0.641400	0.641400	0.040262	1	0.238149	0.250086	0.249899	0.261866	0.511797	0.897670	0.619080	0.583916	0.406651	0.757131	0.484703	0.989863	
1618000	-460.782374	1	43	0.640414	0.026046	0.640414	0.640414	0.640414	0.640414	0.640414	0.000000	1	0.245107	0.249929	0.250195	0.254768	0.446755	0.128852	0.771163	0.789446	0.822876	0.367585	0.074105	0.037107	
1619000	-462.123225	1	3055	0.553315	0.000000	0.553315	0.553315	0.553315	0.553315	0.553315	0.046745	1	0.227706	0.250413	0.249025	0.272855	0.698207	0.262259	0.701675	0.809780	0.591482	0.970886	0.402495	0.979317	
1620000	-461.479229	1	749	0.537600	0.017141	0.537600	0.537600	0.537600	0.537600	0.537600	0.017141	1	0.229300	0.250257	0.248780	0.271663	0.934430	0.855648	0.530907	0.734512	0.837295	0.852301	0.348368	0.711785	
1621000	-460.882196	1	3227	0.642234	0.008900	0.642234	0.642234	0.642234	0.008900	0.642234	0.008900	1	0.258909	0.271192	0.187436	0.282463	0.710490	0.170406	0.867136	0.042646	0.404467	0.078624	0.781836	0.372158	
1622000	-460.682620	1	145	0.617735	0.031567	0.617735	0.617735	0.617735	0.617735	0.617735	0.000000	1	0.244064	0.249961	0.250084	0.255891	0.828129	0.639675	0.938158	0.380485	0.793147	0.784171	0.185832	0.812554	
1623000	-460.599819	1	2312	0.661898	0.020749	0.661898	0.661898	0.661898	0.661898	0.661898	0.020749	1	0.242621	0.250012	0.249901	0.257467	0.232116	0.716757	0.999931	0.761312	0.659488	0.244826	0.494282	0.502719	
1624000	-461.734307	1	2332	0.663787	0.041374	0.663787	0.663787	0.663787	0.041374	0.663787	0.000000	1	0.250000	0.269316	0.193267	0.287417	0.510230	0.357364	0.989277	0.545964	0.900546	0.506794	0.261289	0.692807	
1625000	-460.786840	1	1474	0.688831	0.013218	0.688831	0.688831	0.688831	0.688831	0.688831	0.013218	1	0.243721	0.249977	0.250016	0.256286	0.141236	0.220321	0.740100	0.112610	0.949686	0.239626	0.739202	0.914367	
1626000	-461.182791	1	3192	0.718902	0.008864	0.718902	0.718902	0.718902	0.000000	0.718902	0.008864	1	0.257690	0.264102	0.208331	0.269878	0.697343	0.709917	0.562481	0.167766	0.149530	0.201449	0.312404	0.280877	
1627000	-461.933631	1	1618	0.681159	0.038592	0.681159	0.681159	0.681159	0.681159	0.681159	0.038592	1	0.244538	0.250033	0.249879	0.255550	0.635090	0.549977	0.404941	0.489296	0.104611	0.508008	0.405953	0.180264	
1628000	-461.202773	1	1441	0.735902	0.014981	0.735902	0.735902	0.735902	0.735902	0.735902	0.014981	1	0.245822	0.249989	0.250009	0.254180	0.828284	0.820740	0.409942	0.301337	0.707504	0.384587	0.541383	0.692791	
1629000	-460.920640	1	1213	0.657154	0.000000	0.657154	0.657154	0.657154	0.657154	0.657154	0.030374	1	0.239044	0.250027	0.249978	0.260950	0.742730	0.282156	0.318159	0.473283	0.062097	0.096517	0.769444	0.383340	
1630000	-460.790908	1	2521	0.587104	0.020144	0.587104	0.587104	0.587104	0.587104	0.587104	0.020144	1	0.236348	0.250100	0.249502	0.264050	0.084409	0.334924	0.608575	0.150051	0.579677	0.331828	0.250650	0.060636	
1631000	-460.501410	1	3909	0.630792	0.015063	0.630792	0.630792	0.630792	0.630792	0.630792	0.015063	1	0.240016	0.249994	0.249896	0.260094	0.777658	0.494785	0.625734	0.367994	0.564173	0.776674	0.828650	0.203454	
1632000	-460.862609	1	257	0.645448	0.057383	0.645448	0.645448	0.645448	0.645448	0.645448	0.000000	1	0.245592	0.250004	0.249864	0.254540	0.750675	0.921945	0.623669	0.173013	0.106362	0.742969	0.268879	0.301727	
1633000	-461.680679	1	3532	0.713144	0.018089	0.713144	0.713144	0.713144	0.713144	0.713144	0.000000	1	0.247410	0.249936	0.250185	0.252469	0.709041	0.602133	0.788946	0.438336	0.714301	0.796504	0.507090	0.450786	
1634000	-461.545457	1	907	0.615309	0.025987	0.615309	0.615309	0.615309	0.000000	0.615309	0.000000	1	0.254570	0.278010	0.167101	0.300319	0.788201	0.898417	0.782501	0.642147	0.655685	0.301234	0.721544	0.818882	
1635000	-460.823226	1	2572	0.618956	0.052747	0.618956	0.618956	0.618956	0.618956	0.618956	0.000000	1	0.244337	0.250023	0.249802	0.255838	0.179514	0.841979	0.498947	0.679064	0.582219	0.312144	0.429559	0.467395	
1636000	-460.924116	1	295	0.615770	0.000000	0.615770	0.615770	0.615770	0.615770	0.615770	0.029638	1	0.234846	0.250045	0.249865	0.265245	0.281584	0.601560	0.793782	0.550921	0.927499	0.602125	0.869585	0.518406	
1637000	-460.774907	1	1142	0.686740	0.012910	0.686740	0.686740	0.000000	0.686740	0.686740	0.012910	1	0.250366	0.255888	0.232805	0.260941	0.799605	0.036375	0.788191	0.530970	0.945866	0.129037	0.107691	0.051752	
1638000	-460.584217	1	335	0.672265	0.016450	0.672265	0.672265	0.672265	0.672265	0.672265	0.016450	1	0.242986	0.249992	0.249961	0.257060	0.724314	0.712415	0.168359	0.230135	0.884260	0.446786	0.699722	0.698392	
1639000	-461.271645	1	655	0.624257	0.000000	0.624257	0.624257	0.624257	0.624257	0.624257	0.045022	1	0.236767	0.250134	0.249816	0.263283	0.278520	0.082723	0.234116	0.224386	0.991492	0.020754	0.151110	0.675650	
1640000	-461.390668	1	2088	0.671533	0.032948	0.671533	0.671533	0.671533	0.671533	0.671533	0.032948	1	0.243815	0.250033	0.249868	0.256285	0.176697	0.493600	0.225700	0.641580	0.015619	0.041583	0.359069	0.232945	
1641000	-460.705947	1	2750	0.655700	0.029217	0.655700	0.655700	0.655700	0.655700	0.655700	0.000000	1	0.245787	0.249951	0.250116	0.254146	0.193578	0.822091	0.766695	0.639980	0.877694	0.858950	0.501637	0.635333	
1642000	-460.659862	1	213	0.629274	0.030922	0.629274	0.629274	0.629274	0.629274	0.629274	0.000000	1	0.244653	0.249956	0.250100	0.255291	0.967311	0.560395	0.988850	0.737634	0.863846	0.621544	0.255486	0.048491	
1643000	-461.508790	1	1539	0.676157	0.076518	0.676157	0.676157	0.676157	0.676157	0.676157	0.000000	1	0.246741	0.249993	0.249876	0.253390	0.878350	0.149189	0.088938	0.098944	0.959508	0.966264	0.819601	0.606676	
1644000	-460.884479	1	298	0.649357	0.058284	0.649357	0.649357	0.649357	0.649357	0.649357	0.000000	1	0.245753	0.250002	0.249870	0.254375	0.045809	0.645529	0.941138	0.099907	0.988464	0.624778	0.113588	0.794233	
1645000	-460.925223	1	3479	0.710244	0.035465	0.710244	0.710244	0.710244	0.710244	0.710244	0.000000	1	0.247479	0.249977	0.250032	0.252513	0.615976	0.875913	0.253069	0.524678	0.270079	0.863759	0.790254	0.090477	
1646000	-461.114434	1	2549	0.681923	0.000000	0.681923	0.681923	0.681923	0.681923	0.681923	0.036795	1	0.241236	0.250042	0.249989	0.258733	0.937402	0.456860	0.420179	0.174080	0.244536	0.512263	0.573717	0.317688	
1647000	-461.505922	1	1055	0.678797	0.016242	0.678797	0.678797	0.678797	0.000000	0.678797	0.000000	1	0.257553	0.268333	0.195605	0.278509	0.984189	0.124218	0.285814	0.749594	0.040181	0.094796	0.337953	0.912338	
1648000	-462.316006	1	1829	0.576086	0.000000	0.576086	0.576086	0.576086	0.576086	0.576086	0.057644	1	0.232111	0.250375	0.249367	0.268147	0.647930	0.678781	0.078816	0.514996	0.933601	0.702896	0.915038	0.202049	
1649000	-461.028264	1	2263	0.606368	0.010002	0.606368	0.606368	0.606368	0.000000	0.606368	0.010002	1	0.259870	0.276803	0.171085	0.292243	0.917373	0.104116	0.380277	0.081762	0.722004	0.751889	0.081322	0.513588	
1650000	-461.930175	1	3579	0.686350	0.016580	0.686350	0.686350	0.016580	0.016580	0.686350	0.000000	1	0.302972	0.334261	0.001301	0.361466	0.709423	0.308616	0.292236	0.811794	0.392355	0.556836	0.815033	0.317510	
1651000	-461.307931	1	1352	0.624159	0.017585	0.624159	0.624159	0.624159	0.624159	0.624159	0.000000	1	0.244122	0.249811	0.250594	0.255474	0.631012	0.283812	0.925005	0.144587	0.708789	0.583961	0.288457	0.540981	
1652000	-460.587802	1	1182	0.640717	0.036828	0.640717	0.640717	0.640717	0.640717	0.640717	0.000000	1	0.245251	0.249977	0.250014	0.254758	0.936514	0.667945	0.475665	0.590749	0.547809	0.958035	0.347585	0.519695	
1653000	-460.704084	1	1061	0.664721	0.048877	0.664721	0.664721	0.664721	0.664721	0.664721	0.000000	1	0.246271	0.249990	0.249946	0.253793	0.955243	0.819098	0.681185	0.356220	0.433407	0.531277	0.879186	0.979856	
1654000	-462.067097	1	1062	0.552506	0.066528	0.552506	0.552506	0.552506	0.552506	0.552506	0.000000	1	0.239612	0.250246	0.248973	0.261170	0.584445	0.367443	0.397839	0.531012	0.094950	0.368068	0.044092	0.728870	
1655000	-461.299349	1	2915	0.663889	0.020825	0.663889	0.663889	0.663889	0.020825	0.663889	0.000000	1	0.255339	0.268558	0.195055	0.281049	0.414992	0.261120	0.960850	0.748983	0.043687	0.683858	0.952050	0.489378	
1656000	-461.028862	1	2984	0.615971	0.059934	0.615971	0.615971	0.615971	0.615971	0.615971	0.000000	1	0.244219	0.250035	0.249733	0.256014	0.289786	0.975784	0.632915	0.247226	0.147292	0.883050	0.267589	0.392207	
1657000	-460.791521	1	2055	0.652374	0.014204	0.652374	0.652374	0.000000	0.652374	0.652374	0.014204	1	0.250549	0.257855	0.227163	0.264433	0.401671	0.779389	0.865626	0.011197	0.323212	0.980081	0.403139	0.827296	
1658000	-460.640039	1	736	0.662776	0.044171	0.662776	0.662776	0.662776	0.662776	0.662776	0.000000	1	0.246176	0.249985	0.249971	0.253868	0.903326	0.379285	0.364017	0.218158	0.555095	0.353888	0.046211	0.594501	
1659000	-461.082059	1	473	0.587176	0.010230	0.587176	0.587176	0.010230	0.587176	0.587176	0.010230	1	0.246942	0.260509	0.219210	0.273339	0.706472	0.952877	0.662633	0.226414	0.883509	0.502326	0.186822	0.667152	
1660000	-462.849644	1	1273	0.760128	0.021836	0.760128	0.760128	0.000000	0.000000	0.760128	0.000000	1	0.303917	0.335151	0.000000	0.360932	0.539550	0.984252	0.774526	0.157543	0.999156	0.608386	0.101594	0.617989	
1661000	-463.801427	1	3548	0.735940	0.000000	0.735940	0.735940	0.005025	0.005025	0.735940	0.005025	1	0.331098	0.333855	0.000124	0.334923	0.719590	0.869027	0.906411	0.754743	0.934976	0.220631	0.993861	0.203265	
1662000	-460.728399	1	2692	0.604204	0.033768	0.604204	0.604204	0.604204	0.604204	0.604204	0.000000	1	0.243311	0.249981	0.250018	0.256690	0.623588	0.487011	0.757456	0.160912	0.625759	0.269975	0.524409	0.689380	
1663000	-460.938773	1	2576	0.707408	0.048910	0.707408	0.707408	0.707408	0.707408	0.707408	0.000000	1	0.247479	0.249985	0.249982	0.252554	0.318930	0.624582	0.651618	0.527250	0.963234	0.306766	0.347912	0.025759	
1664000	-461.782195	1	632	0.711576	0.020764	0.711576	0.711576	0.711576	0.020764	0.711576	0.020764	1	0.256322	0.263684	0.210441	0.269553	0.971310	0.780136	0.159432	0.181282	0.534199	0.234046	0.174819	0.293052	
1665000	-462.469033	1	89	0.802900	0.018139	0.802900	0.802900	0.802900	0.000000	0.802900	0.018139	1	0.255009	0.258385	0.225557	0.261049	0.727310	0.950021	0.608521	0.504759	0.286489	0.294124	0.527695	0.745943	
1666000	-461.579677	1	3423	0.541955	0.034031	0.541955	0.541955	0.541955	0.541955	0.541955	0.000000	1	0.238185	0.250136	0.249624	0.262055	0.536441	0.895426	0.294755	0.847274	0.403704	0.202727	0.802869	0.611333	
1667000	-460.656078	1	419	0.672266	0.036598	0.672266	0.672266	0.672266	0.672266	0.672266	0.000000	1	0.246444	0.249974	0.250029	0.253553	0.414725	0.157864	0.252716	0.152679	0.612132	0.256858	0.954058	0.186002	
1668000	-461.145938	1	1207	0.657901	0.067028	0.657901	0.657901	0.657901	0.657901	0.657901	0.000000	1	0.246109	0.250000	0.249857	0.254033	0.780796	0.522998	0.327388	0.322092	0.680608	0.629576	0.211690	0.653092	
1669000	-460.941180	1	1131	0.626907	0.000000	0.626907	0.626907	0.626907	0.626907	0.626907	0.033915	1	0.236358	0.250067	0.249876	0.263699	0.982459	0.068877	0.217011	0.372884	0.044437	0.786811	0.242079	0.706411	
1670000	-462.495425	1	2161	0.788146	0.076186	0.788146	0.788146	0.788146	0.788146	0.788146	0.000000	1	0.248835	0.249990	0.249980	0.251195	0.019987	0.911658	0.166032	0.288063	0.869012	0.957912	0.302487	0.983905	
1671000	-461.013930	1	2803	0.598456	0.054716	0.598456	0.598456	0.598456	0.598456	0.598456	0.000000	1	0.243165	0.250058	0.249671	0.257105	0.771225	0.674410	0.617486	0.516833	0.192926	0.263381	0.436054	0.822360	
1672000	-460.820219	1	1559	0.623842	0.053579	0.623842	0.623842	0.623842	0.623842	0.623842	0.000000	1	0.244592	0.250019	0.249815	0.255573	0.259019	0.730525	0.925336	0.048273	0.582959	0.451647	0.577513	0.807694	
1673000	-461.197510	1	1306	0.617744	0.000000	0.617744	0.617744	0.617744	0.617744	0.617744	0.042331	1	0.235917	0.250132	0.249791	0.264161	0.478664	0.507643	0.527389	0.887463	0.795141	0.981994	0.851450	0.020240	
1674000	-461.402701	1	1018	0.633825	0.024730	0.633825	0.633825	0.633825	0.000000	0.633825	0.000000	1	0.255564	0.275248	0.175317	0.293871	0.776030	0.612770	0.303282	0.427761	0.670564	0.640868	0.993259	0.930945	
1675000	-460.771977	1	2497	0.606001	0.046015	0.606001	0.606001	0.606001	0.606001	0.606001	0.000000	1	0.243561	0.250028	0.249814	0.256597	0.479988	0.889990	0.558695	0.650318	0.859948	0.426591	0.605101	0.109415	
1676000	-461.229131	1	958	0.567806	0.047823	0.567806	0.567806	0.567806	0.567806	0.567806	0.000000	1	0.240863	0.250126	0.249500	0.259511	0.488103	0.445044	0.496374	0.912995	0.984797	0.307022	0.698271	0.760664	
1677000	-462.549048	1	2015	0.519033	0.011775	0.519033	0.519033	0.000000	0.519033	0.519033	0.011775	1	0.243652	0.267508	0.199141	0.289699	0.530896	0.104344	0.868473	0.789119	0.192685	0.716394	0.685626	0.144515	
1678000	-463.135335	1	3493	0.619557	0.000000	0.619557	0.619557	0.619557	0.619557	0.619557	0.078097	1	0.238315	0.250276	0.249761	0.261648	0.328402	0.829936	0.386167	0.582783	0.415533	0.970254	0.042904	0.209806	
1679000	-460.815858	1	150	0.623384	0.012698	0.623384	0.623384	0.000000	0.623384	0.623384	0.012698	1	0.249786	0.259393	0.222630	0.268191	0.404502	0.674173	0.271903	0.142996	0.649873	0.197002	0.820297	0.987637	
1680000	-461.396892	1	2939	0.646267	0.018188	0.646267	0.646267	0.646267	0.018188	0.646267	0.000000	1	0.256090	0.270393	0.189521	0.283995	0.604801	0.809668	0.850055	0.536622	0.905818	0.675003	0.314624	0.290054	
1681000	-460.953687	1	313	0.691531	0.026991	0.691531	0.691531	0.691531	0.691531	0.691531	0.000000	1	0.246945	0.249956	0.250106	0.252993	0.218506	0.674932	0.670598	0.358203	0.353465	0.021025	0.330090	0.984921	
1682000	-460.928882	1	2728	0.683415	0.056789	0.683415	0.683415	0.683415	0.683415	0.683415	0.000000	1	0.246895	0.249990	0.249939	0.253177	0.288966	0.312366	0.812027	0.646123	0.229261	0.387193	0.269545	0.715612	
1683000	-460.594517	1	84	0.633281	0.039392	0.633281	0.633281	0.633281	0.633281	0.633281	0.000000	1	0.244940	0.249986	0.249975	0.255099	0.067807	0.352562	0.655657	0.464264	0.507904	0.187888	0.538476	0.625608	
1684000	-461.814022	1	2479	0.666124	0.012297	0.666124	0.666124	0.666124	0.000000	0.666124	0.000000	1	0.258553	0.269038	0.193378	0.279031	0.806189	0.929313	0.069878	0.257104	0.820928	0.013341	0.050663	0.415642	
1685000	-462.040348	1	241	0.708933	0.000000	0.708933	0.708933	0.032912	0.708933	0.708933	0.032912	1	0.251985	0.254620	0.236676	0.256719	0.028749	0.720395	0.673106	0.610828	0.631832	0.287243	0.500341	0.681931	
1686000	-461.074719	1	2989	0.708907	0.009444	0.708907	0.708907	0.708907	0.000000	0.708907	0.009444	1	0.258010	0.265036	0.205627	0.271327	0.750732	0.053532	0.984433	0.501292	0.996138	0.386268	0.365655	0.897707	
1687000	-461.597101	1	3688	0.631844	0.000000	0.631844	0.631844	0.631844	0.631844	0.631844	0.052991	1	0.237969	0.250154	0.249836	0.262040	0.364671	0.723190	0.084385	0.198538	0.421525	0.152411	0.416259	0.610522	
1688000	-460.748671	1	1230	0.649746	0.008899	0.649746	0.649746	0.008899	0.649746	0.649746	0.008899	1	0.248435	0.256495	0.230873	0.264197	0.902897	0.236213	0.147493	0.994874	0.018752	0.096157	0.940572	0.041880	
1689000	-461.796711	1	3927	0.620915	0.006350	0.620915	0.620915	0.006350	0.000000	0.620915	0.006350	1	0.316727	0.335016	0.000045	0.348212	0.059204	0.099629	0.013049	0.796191	0.182263	0.109069	0.921499	0.815138	
1690000	-460.933725	1	196	0.588189	0.046266	0.588189	0.588189	0.588189	0.588189	0.588189	0.000000	1	0.242413	0.250061	0.249709	0.257818	0.936368	0.987881	0.014744	0.806061	0.961026	0.904794	0.830657	0.405941	
1691000	-461.226144	1	797	0.634628	0.018382	0.634628	0.634628	0.634628	0.634628	0.634628	0.000000	1	0.244685	0.249844	0.250483	0.254988	0.781181	0.797877	0.749274	0.703746	0.639967	0.908162	0.448243	0.918751	
1692000	-461.191034	1	1709	0.627690	0.000000	0.627690	0.627690	0.627690	0.627690	0.627690	0.043156	1	0.237000	0.250119	0.249837	0.263044	0.234729	0.632044	0.994152	0.006280	0.270352	0.617408	0.823512	0.456640	
1693000	-461.035244	1	3243	0.648098	0.000000	0.648098	0.648098	0.648098	0.648098	0.648098	0.038690	1	0.238670	0.250072	0.249923	0.261335	0.639696	0.735443	0.526148	0.236134	0.968362	0.077013	0.862280	0.400010	
1694000	-461.023581	1	3934	0.600109	0.008560	0.600109	0.600109	0.000000	0.600109	0.600109	0.008560	1	0.247731	0.260186	0.219999	0.272083	0.511444	0.453144	0.182303	0.957384	0.303616	0.937447	0.921611	0.163021	
1695000	-461.529671	1	101	0.559240	0.000000	0.559240	0.559240	0.559240	0.559240	0.559240	0.021287	1	0.225851	0.249955	0.249641	0.274553	0.675425	0.054705	0.907531	0.112681	0.144178	0.068160	0.219558	0.689958	
1696000	-461.271923	1	1205	0.574149	0.000000	0.574149	0.574149	0.574149	0.574149	0.574149	0.023651	1	0.228634	0.249999	0.249703	0.271664	0.279407	0.534978	0.051786	0.061034	0.086761	0.855876	0.527405	0.535797	
1697000	-461.699951	1	55	0.748246	0.029132	0.748246	0.748246	0.748246	0.029132	0.748246	0.000000	1	0.253234	0.261227	0.216925	0.268615	0.200705	0.501277	0.247854	0.767023	0.404801	0.006403	0.851769	0.335644	
1698000	-460.898677	1	2409	0.631489	0.009080	0.631489	0.631489	0.631489	0.009080	0.631489	0.009080	1	0.258995	0.272474	0.183681	0.284849	0.940368	0.378909	0.978973	0.310272	0.410263	0.485167	0.095004	0.348594	
1699000	-461.779960	1	1799	0.633163	0.036796	0.633163	0.633163	0.633163	0.000000	0.633163	0.000000	1	0.251936	0.277481	0.169035	0.301548	0.853139	0.707731	0.162019	0.985339	0.935152	0.127638	0.301355	0.840672	
1700000	-462.281179	1	3370	0.779151	0.019301	0.779151	0.779151	0.779151	0.000000	0.779151	0.019301	1	0.255694	0.259873	0.221300	0.263133	0.639665	0.460998	0.787201	0.493306	0.626124	0.397773	0.773626	0.444233	
1701000	-461.458397	1	2079	0.616518	0.024272	0.616518	0.616518	0.616518	0.024272	0.616518	0.000000	1	0.253457	0.274379	0.177802	0.294361	0.378168	0.358165	0.924385	0.539698	0.130961	0.613480	0.544566	0.358785	
1702000	-461.862499	1	2690	0.655343	0.000000	0.655343	0.655343	0.655343	0.655343	0.655343	0.058840	1	0.240233	0.250130	0.249914	0.259722	0.349521	0.941280	0.899831	0.236972	0.541016	0.338646	0.532412	0.122007	
1703000	-461.885562	1	1918	0.788103	0.039734	0.788103	0.788103	0.788103	0.788103	0.788103	0.000000	1	0.248760	0.249989	0.250008	0.251243	0.390228	0.469917	0.443703	0.430916	0.495326	0.815537	0.412482	0.377430	
1704000	-461.602696	1	1996	0.629499	0.078026	0.629499	0.629499	0.629499	0.629499	0.629499	0.000000	1	0.244961	0.250023	0.249709	0.255307	0.732598	0.296209	0.058694	0.803144	0.399306	0.646135	0.687529	0.723194	
1705000	-460.853019	1	2440	0.627390	0.014407	0.627390	0.627390	0.014407	0.627390	0.627390	0.014407	1	0.249249	0.258271	0.226007	0.266474	0.652545	0.953586	0.094700	0.225495	0.962817	0.403262	0.139399	0.320104	
1706000	-461.034195	1	3749	0.716739	0.013559	0.716739	0.716739	0.716739	0.716739	0.716739	0.013559	1	0.245038	0.249983	0.250018	0.254962	0.557567	0.104625	0.635413	0.962499	0.877466	0.630542	0.490437	0.215793	
1707000	-460.797062	1	345	0.660971	0.054256	0.660971	0.660971	0.660971	0.660971	0.660971	0.000000	1	0.246168	0.249995	0.249914	0.253923	0.563432	0.410399	0.505758	0.513817	0.923363	0.703670	0.089622	0.508340	
1708000	-461.305791	1	271	0.576476	0.000000	0.576476	0.576476	0.576476	0.576476	0.576476	0.034447	1	0.230049	0.250160	0.249505	0.270285	0.879927	0.665251	0.024385	0.590106	0.572983	0.853297	0.625719	0.490996	
1709000	-461.158832	1	860	0.561651	0.011386	0.561651	0.561651	0.561651	0.561651	0.561651	0.011386	1	0.231992	0.249985	0.249649	0.268374	0.190901	0.514688	0.476255	0.821248	0.630251	0.468021	0.808556	0.151557	
1710000	-460.630584	1	756	0.664415	0.035765	0.664415	0.664415	0.664415	0.664415	0.664415	0.000000	1	0.246172	0.249972	0.250036	0.253821	0.061616	0.147962	0.188535	0.660338	0.247180	0.129977	0.412178	0.859168	
1711000	-461.168156	1	2909	0.622421	0.017339	0.622421	0.622421	0.000000	0.622421	0.622421	0.017339	1	0.251057	0.260124	0.220843	0.267976	0.838646	0.485115	0.021830	0.610303	0.545898	0.066987	0.989228	0.498577	
1712000	-460.911661	1	924	0.652598	0.000000	0.652598	0.652598	0.652598	0.652598	0.652598	0.031027	1	0.238679	0.250033	0.249966	0.261322	0.637632	0.444867	0.364027	0.923678	0.809517	0.467609	0.639534	0.133426	
1713000	-461.572196	1	3668	0.632451	0.077581	0.632451	0.632451	0.632451	0.632451	0.632451	0.000000	1	0.245098	0.250020	0.249726	0.255156	0.261179	0.402812	0.405743	0.556730	0.529128	0.824740	0.110524	0.265734	
1714000	-460.634371	1	909	0.660033	0.044288	0.660033	0.660033	0.660033	0.660033	0.660033	0.000000	1	0.246079	0.249986	0.249967	0.253968	0.680475	0.828070	0.722796	0.279056	0.705467	0.109499	0.093180	0.127997	
1715000	-464.111514	1	2941	0.600300	0.027722	0.600300	0.600300	0.600300	0.600300	0.600300	0.027722	0	0.239299	0.250087	0.249656	0.260958	0.919797	0.241474	0.200047	0.805245	0.671759	0.485824	0.123876	0.686565	
1716000	-463.637304	1	3123	0.601434	0.060348	0.601434	0.601434	0.601434	0.000000	0.601434	0.000000	1	0.240383	0.286219	0.143068	0.330330	0.822379	0.983552	0.811338	0.794780	0.843523	0.546698	0.802568	0.614799	
1717000	-461.810640	1	2717	0.631534	0.005328	0.631534	0.631534	0.005328	0.000000	0.631534	0.005328	1	0.318143	0.334714	0.000032	0.347112	0.616119	0.467542	0.075126	0.982505	0.888627	0.378652	0.132005	0.912216	
1718000	-460.699351	1	1561	0.669525	0.010939	0.669525	0.669525	0.000000	0.669525	0.669525	0.010939	1	0.249840	0.256443	0.231112	0.262606	0.067815	0.047115	0.317782	0.750027	0.478095	0.426075	0.839705	0.254269	
1719000	-460.734026	1	959	0.631595	0.024244	0.631595	0.631595	0.631595	0.631595	0.631595	0.024244	1	0.240793	0.250049	0.249767	0.259392	0.411723	0.568537	0.315698	0.090760	0.824780	0.132562	0.989729	0.862511	
1720000	-461.042535	1	3265	0.726189	0.018375	0.726189	0.726189	0.726189	0.726189	0.726189	0.018375	1	0.245592	0.249995	0.249990	0.254423	0.087477	0.101394	0.431436	0.174737	0.810953	0.886885	0.070662	0.946036	
1721000	-460.989493	1	2766	0.711990	0.008658	0.711990	0.711990	0.008658	0.711990	0.711990	0.008658	1	0.248908	0.253629	0.239298	0.258166	0.803930	0.471725	0.138839	0.052785	0.112398	0.203098	0.264103	0.359845	
1722000	-460.965927	1	2118	0.665865	0.023233	0.665865	0.665865	0.665865	0.665865	0.665865	0.000000	1	0.246091	0.249927	0.250206	0.253777	0.904298	0.415812	0.125718	0.965039	0.677867	0.753566	0.451578	0.002002	
1723000	-462.163730	1	2325	0.534309	0.057558	0.534309	0.534309	0.534309	0.534309	0.534309	0.000000	1	0.237673	0.250355	0.248723	0.263248	0.404261	0.116028	0.303227	0.291526	0.462703	0.339827	0.532442	0.010811	
1724000	-461.013389	1	1480	0.616974	0.000000	0.616974	0.616974	0.616974	0.616974	0.616974	0.035988	1	0.235415	0.250093	0.249818	0.264675	0.132841	0.924285	0.871985	0.309974	0.631252	0.725340	0.962679	0.104078	
1725000	-461.154069	1	3367	0.583888	0.011681	0.583888	0.583888	0.000000	0.583888	0.583888	0.011681	1	0.248262	0.261978	0.215064	0.274696	0.041832	0.287214	0.913365	0.241530	0.199790	0.035947	0.689650	0.878750	
1726000	-461.157310	1	2795	0.582268	0.023877	0.582268	0.582268	0.582268	0.582268	0.582268	0.000000	1	0.241589	0.249885	0.250384	0.258142	0.834968	0.720876	0.126387	0.882006	0.483658	0.925997	0.135842	0.435218	
1727000	-461.732390	1	2395	0.527051	0.013471	0.527051	0.527051	0.527051	0.527051	0.527051	0.013471	1	0.226834	0.250204	0.248784	0.274178	0.092319	0.475483	0.264761	0.048168	0.623906	0.941760	0.428237	0.320435	
1728000	-462.319691	1	713	0.807743	0.015460	0.807743	0.807743	0.807743	0.000000	0.807743	0.015460	1	0.254876	0.258044	0.226448	0.260632	0.123412	0.662075	0.704076	0.502893	0.343976	0.057492	0.409645	0.801959	
1729000	-461.840712	1	1601	0.690374	0.000000	0.690374	0.690374	0.000000	0.690374	0.690374	0.026671	1	0.252950	0.256670	0.230623	0.259757	0.290848	0.214784	0.031781	0.665237	0.616454	0.696334	0.359428	0.287562	
1730000	-460.754856	1	653	0.619250	0.027927	0.619250	0.619250	0.619250	0.619250	0.619250	0.000000	1	0.244089	0.249936	0.250174	0.255800	0.006188	0.550692	0.557127	0.689024	0.986070	0.756787	0.736522	0.141639	
1731000	-460.623155	1	2614	0.658024	0.034397	0.658024	0.658024	0.658024	0.658024	0.658024	0.000000	1	0.245928	0.249968	0.250049	0.254055	0.932214	0.251851	0.001366	0.463396	0.565615	0.904781	0.870693	0.684608	
1732000	-461.031673	1	1193	0.566331	0.012364	0.566331	0.566331	0.566331	0.566331	0.566331	0.012364	1	0.232801	0.250010	0.249612	0.267577	0.413420	0.209971	0.586129	0.359845	0.626637	0.198484	0.729823	0.745423	
1733000	-461.149932	1	3313	0.595678	0.007567	0.595678	0.595678	0.007567	0.595678	0.595678	0.007567	1	0.246485	0.259579	0.221701	0.272235	0.177149	0.660887	0.183826	0.443622	0.362396	0.017987	0.299016	0.294991	
1734000	-461.317722	1	3546	0.659084	0.032408	0.659084	0.659084	0.659084	0.659084	0.659084	0.032408	1	0.243115	0.250042	0.249833	0.257010	0.801726	0.164769	0.256954	0.607111	0.905252	0.267214	0.261707	0.824452	
1735000	-461.621385	1	1898	0.573341	0.000000	0.573341	0.573341	0.573341	0.573341	0.573341	0.042935	1	0.230387	0.250264	0.249387	0.269962	0.220961	0.043747	0.216388	0.845287	0.502972	0.254958	0.466034	0.159991	
1736000	-460.934120	1	1931	0.709588	0.034189	0.709588	0.709588	0.709588	0.709588	0.709588	0.000000	1	0.247456	0.249975	0.250039	0.252530	0.484017	0.755951	0.719022	0.855637	0.183029	0.156588	0.731077	0.042082	
1737000	-460.683854	1	3641	0.612721	0.042206	0.612721	0.612721	0.612721	0.612721	0.612721	0.000000	1	0.243914	0.250009	0.249891	0.256187	0.854652	0.363118	0.920872	0.922370	0.168435	0.839413	0.145439	0.540105	
1738000	-460.947919	1	607	0.644373	0.000000	0.644373	0.644373	0.644373	0.644373	0.644373	0.034923	1	0.238138	0.250058	0.249928	0.261877	0.363140	0.473490	0.326482	0.928088	0.631058	0.133527	0.775877	0.230931	
1739000	-463.613424	1	732	0.474634	0.019473	0.474634	0.474634	0.474634	0.474634	0.474634	0.019473	1	0.217349	0.251199	0.245553	0.285899	0.223123	0.656155	0.294145	0.630209	0.194684	0.029178	0.781493	0.153156	
1740000	-462.576150	1	1997	0.536539	0.014817	0.536539	0.536539	0.536539	0.536539	0.536539	0.000000	1	0.236600	0.249414	0.252007	0.261980	0.186191	0.040618	0.643185	0.480643	0.766799	0.596699	0.807693	0.372413	
1741000	-461.807455	1	2566	0.797459	0.013058	0.797459	0.797459	0.013058	0.797459	0.797459	0.013058	1	0.249609	0.251712	0.244989	0.253690	0.043187	0.862028	0.075694	0.131562	0.237727	0.469163	0.856062	0.534912	
1742000	-461.329318	1	327	0.694335	0.005793	0.694335	0.694335	0.005793	0.694335	0.694335	0.005793	1	0.247920	0.253659	0.239136	0.259285	0.503252	0.853421	0.864459	0.598042	0.881214	0.842556	0.520186	0.193333	
1743000	-460.742220	1	3490	0.687635	0.043256	0.687635	0.687635	0.687635	0.687635	0.687635	0.000000	1	0.246951	0.249982	0.249993	0.253074	0.663489	0.347483	0.872351	0.036224	0.179115	0.260200	0.647044	0.569197	
1744000	-461.496977	1	1122	0.649480	0.034721	0.649480	0.649480	0.649480	0.034721	0.649480	0.000000	1	0.251228	0.270752	0.188870	0.289149	0.032512	0.216382	0.397767	0.221912	0.879617	0.929138	0.591267	0.236699	
1745000	-461.294680	1	690	0.645965	0.017234	0.645965	0.645965	0.645965	0.000000	0.645965	0.017234	1	0.259311	0.272147	0.185732	0.282810	0.275575	0.152275	0.691275	0.737215	0.946150	0.613797	0.866688	0.316593	
1746000	-461.365582	1	1486	0.717956	0.000000	0.717956	0.717956	0.717956	0.717956	0.717956	0.033005	1	0.243312	0.250021	0.250018	0.256649	0.521410	0.237229	0.181837	0.412939	0.145106	0.124813	0.347615	0.223577	
1747000	-461.518227	1	243	0.579893	0.064276	0.579893	0.579893	0.579893	0.579893	0.579893	0.000000	1	0.241936	0.250119	0.249408	0.258536	0.327795	0.740670	0.254569	0.312234	0.538788	0.680094	0.334160	0.925274	
1748000	-460.745278	1	2832	0.663125	0.051497	0.663125	0.663125	0.663125	0.663125	0.663125	0.000000	1	0.246230	0.249992	0.249931	0.253847	0.685578	0.806982	0.262049	0.428713	0.101571	0.805067	0.115432	0.286488	
1749000	-460.596472	1	1030	0.662434	0.013809	0.662434	0.662434	0.662434	0.662434	0.662434	0.013809	1	0.242223	0.249978	0.249987	0.257811	0.939302	0.339828	0.950624	0.397072	0.780042	0.116141	0.739416	0.274786	
1750000	-461.644272	1	3290	0.760457	0.008410	0.760457	0.760457	0.760457	0.008410	0.760457	0.008410	1	0.255808	0.260249	0.219672	0.264270	0.927460	0.029532	0.679511	0.895102	0.069504	0.603758	0.395213	0.580141	
1751000	-460.825319	1	673	0.699856	0.012615	0.699856	0.699856	0.000000	0.699856	0.699856	0.012615	1	0.250300	0.255248	0.234657	0.259796	0.854553	0.991910	0.616954	0.697167	0.097727	0.746571	0.016685	0.226119	
1752000	-460.853019	1	2440	0.627390	0.014407	0.627390	0.627390	0.014407	0.627390	0.627390	0.014407	1	0.249249	0.258271	0.226007	0.266474	0.823607	0.793574	0.537720	0.002464	0.270765	0.681980	0.609593	0.591992	
1753000	-460.675468	1	492	0.615421	0.032820	0.615421	0.615421	0.615421	0.615421	0.615421	0.000000	1	0.243954	0.249969	0.250055	0.256022	0.959444	0.883577	0.339362	0.231956	0.751922	0.404430	0.453058	0.501561	
1754000	-460.691892	1	2547	0.679524	0.042364	0.679524	0.679524	0.679524	0.679524	0.679524	0.000000	1	0.246710	0.249982	0.249994	0.253314	0.175554	0.732208	0.877848	0.751638	0.206286	0.744261	0.945462	0.261318	
1755000	-460.771977	1	2497	0.606001	0.046015	0.606001	0.606001	0.606001	0.606001	0.606001	0.000000	1	0.243561	0.250028	0.249814	0.256597	0.936726	0.509482	0.124664	0.822939	0.061562	0.764745	0.273406	0.013874	
1756000	-460.827826	1	2722	0.690271	0.012712	0.690271	0.690271	0.690271	0.690271	0.690271	0.012712	1	0.243769	0.249975	0.250024	0.256233	0.783824	0.703502	0.933270	0.676432	0.029926	0.941248	0.346871	0.599691	
1757000	-460.760569	1	3422	0.643732	0.026708	0.643732	0.643732	0.643732	0.643732	0.643732	0.000000	1	0.245264	0.249935	0.250175	0.254626	0.070202	0.401790	0.166247	0.474217	0.973876	0.283953	0.844258	0.419986	
1758000	-461.408860	1	1782	0.573656	0.000000	0.573656	0.573656	0.573656	0.573656	0.573656	0.019256	1	0.228088	0.249896	0.249886	0.272129	0.438793	0.870033	0.814408	0.223590	0.908060	0.370697	0.168966	0.403713	
1759000	-461.115120	1	1204	0.683322	0.063923	0.683322	0.683322	0.683322	0.683322	0.683322	0.000000	1	0.246917	0.249991	0.249918	0.253173	0.187573	0.736320	0.078392	0.731679	0.310298	0.990325	0.404311	0.757929	
1760000	-461.891019	1	1661	0.536540	0.000000	0.536540	0.536540	0.536540	0.536540	0.536540	0.027547	1	0.222363	0.250181	0.248969	0.278487	0.895047	0.795105	0.794376	0.619357	0.082954	0.009477	0.550751	0.388219	
1761000	-461.105896	1	1700	0.696057	0.061176	0.696057	0.696057	0.696057	0.696057	0.696057	0.000000	1	0.247251	0.249989	0.249942	0.252819	0.153081	0.576093	0.265900	0.685025	0.537121	0.933083	0.607306	0.244191	
1762000	-460.891134	1	3979	0.627843	0.009695	0.627843	0.627843	0.627843	0.009695	0.627843	0.009695	1	0.258932	0.272900	0.182513	0.285654	0.237031	0.693277	0.476236	0.249782	0.473060	0.225950	0.490066	0.614727	
1763000	-460.957442	1	2654	0.679065	0.024809	0.679065	0.679065	0.679065	0.679065	0.679065	0.000000	1	0.246554	0.249943	0.250151	0.253352	0.891217	0.607640	0.775532	0.233691	0.088089	0.203835	0.263784	0.028168	
1764000	-464.944803	1	3116	0.757511	0.017375	0.757511	0.757511	0.757511	0.017375	0.757511	0.017375	0	0.255312	0.259910	0.221129	0.263649	0.426996	0.599242	0.270339	0.728708	0.352161	0.535004	0.580289	0.956950	
1765000	-460.643641	1	766	0.617240	0.039389	0.617240	0.617240	0.617240	0.617240	0.617240	0.000000	1	0.244134	0.249996	0.249943	0.255927	0.813210	0.290287	0.213741	0.222634	0.069107	0.640053	0.424691	0.258581	
1766000	-460.578892	1	3953	0.604807	0.017232	0.604807	0.604807	0.604807	0.604807	0.604807	0.017232	1	0.237882	0.250037	0.249720	0.262361	0.963185	0.161264	0.316085	0.773241	0.490818	0.844864	0.316602	0.126406	
1767000	-461.339622	1	2994	0.570965	0.000000	0.570965	0.570965	0.570965	0.570965	0.570965	0.032630	1	0.229036	0.250153	0.249462	0.271350	0.092424	0.460196	0.192227	0.144405	0.804848	0.380616	0.556964	0.732438	
1768000	-462.557491	1	1768	0.593310	0.000000	0.593310	0.593310	0.000000	0.593310	0.593310	0.010176	1	0.242946	0.258732	0.224012	0.274311	0.529846	0.849204	0.668959	0.208302	0.776264	0.654879	0.743558	0.985780	
1769000	-461.093921	1	2800	0.608292	0.015362	0.608292	0.608292	0.000000	0.608292	0.608292	0.015362	1	0.250267	0.260813	0.218737	0.270183	0.431116	0.550712	0.121674	0.643427	0.600124	0.894037	0.440538	0.609804	
1770000	-461.342403	1	2937	0.570832	0.000000	0.570832	0.570832	0.570832	0.570832	0.570832	0.032681	1	0.229020	0.250154	0.249459	0.271367	0.211438	0.663774	0.905743	0.831702	0.102264	0.332819	0.719867	0.292133	
1771000	-460.711141	1	2518	0.644657	0.028331	0.644657	0.644657	0.644657	0.644657	0.644657	0.000000	1	0.245326	0.249944	0.250141	0.254588	0.449605	0.748049	0.496501	0.537893	0.446570	0.658814	0.349525	0.030734	
1772000	-461.934796	1	2933	0.621993	0.008778	0.621993	0.621993	0.008778	0.000000	0.621993	0.008778	1	0.316664	0.335671	0.000086	0.347580	0.560508	0.124939	0.175296	0.212438	0.651262	0.828809	0.601823	0.032234	
1773000	-460.623017	1	3319	0.640963	0.044685	0.640963	0.640963	0.640963	0.640963	0.640963	0.000000	1	0.245328	0.249993	0.249936	0.254742	0.338394	0.850340	0.727957	0.847226	0.603858	0.926128	0.156692	0.914265	
1774000	-462.965358	1	3087	0.756990	0.058254	0.756990	0.756990	0.756990	0.058254	0.756990	0.000000	1	0.249618	0.261198	0.217410	0.271774	0.449810	0.883971	0.144035	0.450595	0.293373	0.141612	0.067711	0.485507	
1775000	-460.699351	1	1561	0.669525	0.010939	0.669525	0.669525	0.000000	0.669525	0.669525	0.010939	1	0.249840	0.256443	0.231112	0.262606	0.742102	0.687109	0.196929	0.748461	0.263605	0.186735	0.482496	0.862401	
1776000	-461.542551	1	3129	0.686524	0.017054	0.686524	0.686524	0.686524	0.686524	0.686524	0.000000	1	0.246682	0.249902	0.250291	0.253125	0.322323	0.089169	0.742071	0.582443	0.766486	0.640993	0.173569	0.228304	
1777000	-460.705947	1	2750	0.655700	0.029217	0.655700	0.655700	0.655700	0.655700	0.655700	0.000000	1	0.245787	0.249951	0.250116	0.254146	0.477096	0.652777	0.380067	0.149691	0.233063	0.798164	0.842969	0.170945	
1778000	-461.292421	1	175	0.692754	0.005908	0.692754	0.692754	0.000000	0.692754	0.692754	0.005908	1	0.248306	0.254119	0.237774	0.259801	0.842994	0.332661	0.226824	0.581615	0.235038	0.140129	0.686506	0.555127	
1779000	-460.636003	1	981	0.662284	0.043866	0.662284	0.662284	0.662284	0.662284	0.662284	0.000000	1	0.246156	0.249985	0.249972	0.253886	0.516054	0.589897	0.443421	0.807228	0.424319	0.261507	0.972390	0.246122	
1780000	-461.414169	1	784	0.586528	0.063741	0.586528	0.586528	0.586528	0.586528	0.586528	0.000000	1	0.242417	0.250098	0.249484	0.258001	0.541364	0.025201	0.432639	0.005415	0.559884	0.360543	0.484163	0.241864	
1781000	-460.951399	1	805	0.630044	0.000000	0.630044	0.630044	0.630044	0.630044	0.630044	0.034799	1	0.236738	0.250069	0.249882	0.263310	0.208724	0.888776	0.273281	0.811930	0.500251	0.408151	0.861548	0.462100	
1782000	-461.513131	1	900	0.737980	0.027786	0.737980	0.737980	0.737980	0.737980	0.737980	0.027786	1	0.246296	0.250004	0.249972	0.253728	0.798858	0.763856	0.895282	0.098678	0.982338	0.297279	0.841820	0.073465	
1783000	-461.481938	1	3164	0.618674	0.073519	0.618674	0.618674	0.618674	0.618674	0.618674	0.000000	1	0.244412	0.250037	0.249668	0.255883	0.079515	0.545263	0.679581	0.784558	0.590699	0.907549	0.580640	0.172445	
1784000	-460.623155	1	2614	0.658024	0.034397	0.658024	0.658024	0.658024	0.658024	0.658024	0.000000	1	0.245928	0.249968	0.250049	0.254055	0.349204	0.898495	0.945338	0.665029	0.041042	0.968214	0.587084	0.718044	
1785000	-461.716787	1	882	0.721345	0.034811	0.721345	0.721345	0.721345	0.000000	0.721345	0.000000	1	0.254212	0.266627	0.201153	0.278009	0.667110	0.001707	0.806729	0.697705	0.231748	0.202512	0.923331	0.565284	
1786000	-460.941858	1	1321	0.634559	0.059648	0.634559	0.634559	0.634559	0.634559	0.634559	0.000000	1	0.245135	0.250013	0.249817	0.255035	0.020381	0.625377	0.183252	0.789935	0.682908	0.371935	0.704538	0.664059	
1787000	-460.700535	1	403	0.654863	0.012848	0.654863	0.654863	0.012848	0.654863	0.654863	0.012848	1	0.249372	0.256643	0.230626	0.263359	0.639933	0.132353	0.759299	0.465397	0.149058	0.873376	0.618860	0.230144	
1788000	-460.652274	1	553	0.651997	0.046918	0.651997	0.651997	0.651997	0.651997	0.651997	0.000000	1	0.245795	0.249992	0.249939	0.254275	0.449826	0.760226	0.111778	0.157503	0.361149	0.399314	0.759123	0.010685	
1789000	-460.769793	1	3965	0.598191	0.040386	0.598191	0.598191	0.598191	0.598191	0.598191	0.000000	1	0.243020	0.250021	0.249864	0.257095	0.540601	0.665038	0.705218	0.624088	0.886370	0.561336	0.228268	0.537471	
1790000	-460.625537	1	1208	0.630840	0.043491	0.630840	0.630840	0.630840	0.630840	0.630840	0.000000	1	0.244861	0.249997	0.249926	0.255216	0.094643	0.801625	0.206622	0.994412	0.625979	0.872458	0.959944	0.667583	
1791000	-460.625537	1	1208	0.630840	0.043491	0.630840	0.630840	0.630840	0.630840	0.630840	0.000000	1	0.244861	0.249997	0.249926	0.255216	0.616975	0.556524	0.792978	0.597736	0.078864	0.100234	0.611823	0.666530	
1792000	-460.748671	1	1230	0.649746	0.008899	0.649746	0.649746	0.008899	0.649746	0.649746	0.008899	1	0.248435	0.256495	0.230873	0.264197	0.633572	0.606893	0.166726	0.469785	0.797367	0.695483	0.400150	0.322114	
1793000	-461.805485	1	3792	0.754490	0.028686	0.754490	0.754490	0.754490	0.000000	0.754490	0.000000	1	0.254599	0.262848	0.212149	0.270404	0.156300	0.186712	0.716690	0.371415	0.869142	0.580969	0.117717	0.998232	
1794000	-462.418731	1	1894	0.560751	0.000000	0.560751	0.560751	0.560751	0.560751	0.560751	0.055036	1	0.229729	0.250448	0.249131	0.270692	0.402200	0.045809	0.826711	0.586805	0.229098	0.848670	0.623303	0.582412	
1795000	-462.222136	1	1691	0.736894	0.000000	0.736894	0.736894	0.000000	0.736894	0.736894	0.013733	1	0.247645	0.252252	0.243364	0.256739	0.065977	0.504098	0.068789	0.778819	0.436067	0.461133	0.155770	0.958637	
1796000	-461.239129	1	795	0.559532	0.037510	0.559532	0.559532	0.559532	0.559532	0.559532	0.000000	1	0.239997	0.250097	0.249677	0.260229	0.666861	0.038501	0.964828	0.764475	0.603599	0.287910	0.288706	0.101192	
1797000	-461.709540	1	122	0.736047	0.000000	0.736047	0.736047	0.736047	0.736047	0.736047	0.041604	1	0.244426	0.250031	0.250014	0.255529	0.542623	0.964091	0.586512	0.560681	0.698203	0.008828	0.200232	0.760669	
1798000	-462.025719	1	1118	0.783366	0.016424	0.783366	0.783366	0.783366	0.016424	0.783366	0.016424	1	0.254797	0.258673	0.224667	0.261863	0.813481	0.500845	0.437914	0.010565	0.865683	0.843718	0.648284	0.278870	
1799000	-460.963385	1	1149	0.579367	0.040353	0.579367	0.579367	0.579367	0.579367	0.579367	0.000000	1	0.241700	0.250057	0.249760	0.258483	0.074570	0.287992	0.918049	0.717111	0.086360	0.645739	0.166819	0.804980	
1800000	-461.093483	1	2399	0.718628	0.052732	0.718628	0.718628	0.718628	0.718628	0.718628	0.000000	1	0.247738	0.249986	0.249978	0.252297	0.758881	0.523843	0.506337	0.698260	0.785519	0.997003	0.230611	0.877262	
1801000	-461.339899	1	3673	0.589520	0.000000	0.589520	0.589520	0.589520	0.589520	0.589520	0.040609	1	0.232421	0.250186	0.249590	0.267804	0.992511	0.834601	0.115044	0.903269	0.173468	0.629886	0.980732	0.736399	
1802000	-461.330099	1	3420	0.724161	0.061503	0.724161	0.724161	0.724161	0.724161	0.724161	0.000000	1	0.247876	0.249988	0.249965	0.252171	0.601708	0.537626	0.161640	0.768636	0.390448	0.138175	0.932449	0.931503	
1803000	-461.292421	1	175	0.692754	0.005908	0.692754	0.692754	0.000000	0.692754	0.692754	0.005908	1	0.248306	0.254119	0.237774	0.259801	0.937125	0.894629	0.241545	0.891378	0.342094	0.223537	0.304095	0.781957	
1804000	-462.370026	1	2836	0.604782	0.091396	0.604782	0.604782	0.604782	0.604782	0.604782	0.000000	1	0.243655	0.250058	0.249482	0.256804	0.779748	0.396805	0.291450	0.207543	0.555198	0.865466	0.637662	0.516130	
1805000	-462.193136	1	3444	0.562355	0.017788	0.562355	0.562355	0.562355	0.000000	0.562355	0.017788	1	0.258015	0.283984	0.151804	0.306197	0.142940	0.974946	0.393790	0.505753	0.203977	0.424809	0.877832	0.057563	
1806000	-461.329397	1	2394	0.571961	0.000000	0.571961	0.571961	0.571961	0.571961	0.571961	0.032800	1	0.229207	0.250152	0.249472	0.271169	0.684434	0.480597	0.689380	0.237821	0.446137	0.071737	0.024524	0.985522	
1807000	-460.670176	1	3703	0.649914	0.048238	0.649914	0.649914	0.649914	0.649914	0.649914	0.000000	1	0.245722	0.249994	0.249926	0.254358	0.736418	0.863341	0.784132	0.594242	0.850289	0.775972	0.275865	0.635495	
1808000	-460.976384	1	494	0.618752	0.011913	0.618752	0.618752	0.618752	0.000000	0.618752	0.011913	1	0.259784	0.275279	0.175875	0.289062	0.877269	0.856550	0.992434	0.360978	0.394251	0.310094	0.162320	0.229012	
1809000	-460.698617	1	2621	0.673871	0.033002	0.673871	0.673871	0.673871	0.673871	0.673871	0.000000	1	0.246467	0.249967	0.250060	0.253506	0.244981	0.669939	0.834236	0.414674	0.200765	0.759216	0.821915	0.749006	
1810000	-461.073831	1	3092	0.694449	0.027104	0.694449	0.694449	0.694449	0.694449	0.694449	0.027104	1	0.244644	0.250013	0.249930	0.255412	0.747600	0.860127	0.340986	0.135734	0.643906	0.270118	0.689981	0.828185	
1811000	-462.221383	1	3897	0.615228	0.042387	0.615228	0.615228	0.615228	0.000000	0.615228	0.000000	1	0.248831	0.281030	0.158526	0.311614	0.788519	0.109467	0.682191	0.181373	0.616978	0.350336	0.798786	0.330996	
1812000	-460.807782	1	2341	0.668817	0.027286	0.668817	0.668817	0.668817	0.668817	0.668817	0.000000	1	0.246244	0.249948	0.250130	0.253678	0.827982	0.078493	0.630832	0.832905	0.005891	0.334515	0.392253	0.608783	
1813000	-463.022169	1	3748	0.628649	0.032622	0.628649	0.628649	0.032622	0.032622	0.628649	0.000000	1	0.271291	0.333310	0.004788	0.390611	0.117273	0.765168	0.662992	0.140569	0.203378	0.727180	0.215180	0.062885	
1814000	-464.317464	1	2068	0.661072	0.012104	0.661072	0.661072	0.012104	0.661072	0.661072	0.012104	0	0.250173	0.256411	0.231280	0.262135	0.397582	0.791770	0.219807	0.658764	0.455576	0.108041	0.668259	0.343337	
1815000	-462.922157	1	23	0.742213	0.025788	0.742213	0.742213	0.000000	0.025788	0.742213	0.000000	1	0.298413	0.334974	0.000952	0.365662	0.985294	0.334833	0.573544	0.358168	0.945215	0.707315	0.842667	0.917665	
1816000	-461.030077	1	1592	0.563745	0.013220	0.563745	0.563745	0.563745	0.563745	0.563745	0.013220	1	0.232576	0.250041	0.249515	0.267868	0.827847	0.668639	0.131354	0.889307	0.993179	0.061004	0.571661	0.832764	
1817000	-461.822988	1	3765	0.739153	0.034452	0.739153	0.739153	0.739153	0.000000	0.739153	0.000000	1	0.254177	0.264873	0.206305	0.274645	0.228108	0.697101	0.877642	0.220291	0.138204	0.835011	0.258032	0.887901	
1818000	-460.913340	1	2048	0.678473	0.016258	0.678473	0.678473	0.016258	0.678473	0.678473	0.016258	1	0.250103	0.255728	0.233410	0.260759	0.865313	0.198946	0.553117	0.974695	0.883430	0.571468	0.545092	0.862075	
1819000	-461.419424	1	139	0.747031	0.009517	0.747031	0.747031	0.747031	0.000000	0.747031	0.009517	1	0.256753	0.261819	0.215101	0.266327	0.886155	0.820303	0.692907	0.426859	0.845491	0.857918	0.669340	0.448951	
1820000	-460.731628	1	1627	0.629249	0.011140	0.629249	0.629249	0.011140	0.629249	0.629249	0.011140	1	0.248587	0.257900	0.226885	0.266629	0.617230	0.964869	0.547113	0.593922	0.833549	0.405284	0.873677	0.128756	
1821000	-460.611847	1	2501	0.661428	0.039797	0.661428	0.661428	0.661428	0.661428	0.661428	0.000000	1	0.246097	0.249980	0.250000	0.253923	0.419509	0.482769	0.324279	0.565610	0.272474	0.379709	0.035246	0.268187	
1822000	-460.623155	1	2614	0.658024	0.034397	0.658024	0.658024	0.658024	0.658024	0.658024	0.000000	1	0.245928	0.249968	0.250049	0.254055	0.114596	0.328444	0.821354	0.176718	0.091672	0.270140	0.084541	0.952225	
1823000	-461.465615	1	2875	0.719111	0.022203	0.719111	0.719111	0.719111	0.022203	0.719111	0.000000	1	0.254594	0.263263	0.210784	0.271359	0.431846	0.722196	0.768142	0.844999	0.705393	0.202952	0.337033	0.801542	
1824000	-461.683210	1	1684	0.598732	0.023326	0.598732	0.598732	0.598732	0.000000	0.598732	0.000000	1	0.254784	0.279862	0.161447	0.303907	0.807779	0.921192	0.272820	0.910847	0.077820	0.056712	0.159521	0.347188	
1825000	-461.890563	1	170	0.668967	0.000000	0.668967	0.668967	0.031443	0.668967	0.668967	0.031443	1	0.252353	0.256327	0.231787	0.259532	0.519619	0.377431	0.853607	0.133166	0.003152	0.075160	0.818540	0.682219	
1826000	-460.520847	1	3964	0.657053	0.017660	0.657053	0.657053	0.657053	0.657053	0.657053	0.017660	1	0.242125	0.250001	0.249920	0.257953	0.853839	0.302398	0.998002	0.811969	0.639667	0.137084	0.508334	0.214697	
1827000	-461.933191	1	3303	0.594376	0.079357	0.594376	0.594376	0.594376	0.594376	0.594376	0.000000	1	0.242994	0.250084	0.249445	0.257476	0.626739	0.936973	0.740913	0.276682	0.334105	0.333899	0.494531	0.433964	
1828000	-461.667121	1	2233	0.734822	0.000000	0.734822	0.734822	0.734822	0.734822	0.734822	0.040405	1	0.244341	0.250030	0.250015	0.255614	0.212621	0.967867	0.957592	0.390221	0.034731	0.363789	0.448597	0.887390	
1829000	-461.727396	1	1276	0.749434	0.023667	0.749434	0.749434	0.749434	0.000000	0.749434	0.000000	1	0.255152	0.262663	0.212592	0.269593	0.571382	0.031454	0.470510	0.618133	0.201895	0.870641	0.258330	0.656890	
1830000	-460.915320	1	1101	0.663244	0.008545	0.663244	0.663244	0.663244	0.000000	0.663244	0.008545	1	0.259331	0.269635	0.191986	0.279048	0.741942	0.494136	0.657172	0.525024	0.921470	0.859726	0.492519	0.422490	
1831000	-460.905097	1	1598	0.605134	0.009786	0.605134	0.605134	0.009786	0.605134	0.605134	0.009786	1	0.247550	0.259247	0.222860	0.270344	0.560609	0.428674	0.086273	0.202324	0.474555	0.425220	0.695084	0.222936	
1832000	-461.925328	1	1349	0.613646	0.008211	0.613646	0.613646	0.000000	0.008211	0.613646	0.008211	1	0.315652	0.335542	0.000093	0.348712	0.859122	0.841965	0.986559	0.145141	0.207509	0.741404	0.013023	0.072833	
1833000	-462.047749	1	2737	0.552047	0.000000	0.552047	0.552047	0.552047	0.552047	0.552047	0.044585	1	0.227260	0.250395	0.249014	0.273330	0.885131	0.128674	0.297879	0.014907	0.677462	0.744431	0.230468	0.540136	
1834000	-461.293605	1	2679	0.604282	0.065536	0.604282	0.604282	0.604282	0.604282	0.604282	0.000000	1	0.243580	0.250058	0.249620	0.256742	0.166544	0.196496	0.520597	0.751077	0.375554	0.065610	0.087315	0.918356	
1835000	-460.541250	1	1868	0.657477	0.019040	0.657477	0.657477	0.657477	0.657477	0.657477	0.019040	1	0.242240	0.250007	0.249906	0.257846	0.040608	0.668755	0.852571	0.129965	0.373618	0.078660	0.074996	0.206077	
1836000	-460.871517	1	949	0.630702	0.010709	0.630702	0.630702	0.630702	0.010709	0.630702	0.010709	1	0.258774	0.272510	0.183805	0.284911	0.886380	0.841760	0.533435	0.771798	0.761051	0.986645	0.476815	0.451368	
1837000	-461.115559	1	1696	0.684942	0.063688	0.684942	0.684942	0.684942	0.684942	0.684942	0.000000	1	0.246962	0.249991	0.249921	0.253125	0.938043	0.618403	0.515168	0.235743	0.636478	0.937052	0.555060	0.428080	
1838000	-460.901139	1	2945	0.622076	0.000000	0.622076	0.622076	0.622076	0.622076	0.622076	0.027924	1	0.235450	0.250025	0.249910	0.264615	0.401798	0.894109	0.091141	0.516214	0.427855	0.821863	0.558466	0.508466	
1839000	-461.095582	1	125	0.651845	0.065514	0.651845	0.651845	0.651845	0.651845	0.651845	0.000000	1	0.245879	0.250003	0.249846	0.254272	0.045025	0.742205	0.022714	0.878322	0.565832	0.298652	0.646353	0.528412	
1840000	-461.800977	1	3888	0.751405	0.000000	0.751405	0.751405	0.751405	0.751405	0.751405	0.036057	1	0.244956	0.250020	0.250019	0.255004	0.738902	0.338864	0.710078	0.369685	0.329765	0.075490	0.301429	0.552582	
1841000	-460.891704	1	3052	0.635346	0.000000	0.635346	0.635346	0.635346	0.635346	0.635346	0.030738	1	0.237035	0.250039	0.249927	0.262999	0.453288	0.919132	0.994758	0.079943	0.849527	0.330528	0.623056	0.888073	
1842000	-461.031673	1	1193	0.566331	0.012364	0.566331	0.566331	0.566331	0.566331	0.566331	0.012364	1	0.232801	0.250010	0.249612	0.267577	0.786759	0.962892	0.413596	0.810440	0.334276	0.495135	0.006864	0.190471	
1843000	-461.305764	1	2726	0.558884	0.043688	0.558884	0.558884	0.558884	0.558884	0.558884	0.000000	1	0.240033	0.250143	0.249488	0.260337	0.380149	0.618997	0.200922	0.259326	0.733487	0.106963	0.823223	0.481270	
1844000	-461.095152	1	2388	0.727877	0.036215	0.727877	0.727877	0.727877	0.727877	0.727877	0.000000	1	0.247855	0.249980	0.250025	0.252141	0.114003	0.655550	0.006609	0.481981	0.497828	0.796743	0.768875	0.189508	
1845000	-460.770750	1	3065	0.612033	0.048315	0.612033	0.612033	0.612033	0.612033	0.612033	0.000000	1	0.243929	0.250025	0.249814	0.256232	0.823853	0.501449	0.814030	0.605071	0.418146	0.917090	0.152222	0.496987	
1846000	-463.084024	1	814	0.539183	0.012988	0.539183	0.539183	0.539183	0.012988	0.539183	0.000000	1	0.254709	0.284774	0.146154	0.314363	0.120866	0.188950	0.417054	0.811081	0.267175	0.641164	0.035613	0.052020	
1847000	-461.810326	1	602	0.704182	0.000000	0.704182	0.704182	0.704182	0.704182	0.704182	0.053513	1	0.243177	0.250065	0.249994	0.256764	0.689752	0.447920	0.141292	0.039030	0.324786	0.852785	0.110581	0.632399	
1848000	-461.287066	1	3134	0.561025	0.028697	0.561025	0.561025	0.561025	0.561025	0.561025	0.000000	1	0.239939	0.249990	0.250071	0.260000	0.031504	0.220675	0.804696	0.558288	0.403684	0.781621	0.679776	0.490463	
1849000	-461.658273	1	177	0.640594	0.000000	0.640594	0.640594	0.018415	0.640594	0.640594	0.018415	1	0.247738	0.256363	0.231410	0.264489	0.232130	0.508779	0.634166	0.009155	0.394369	0.791373	0.264689	0.273654	
1850000	-461.814708	1	2511	0.739447	0.000000	0.739447	0.739447	0.739447	0.739447	0.739447	0.020997	1	0.244077	0.249992	0.250049	0.255881	0.300381	0.466353	0.711865	0.886552	0.401227	0.808040	0.231059	0.996573	
1851000	-460.701701	1	3638	0.657653	0.029597	0.657653	0.657653	0.657653	0.657653	0.657653	0.000000	1	0.245866	0.249953	0.250109	0.254072	0.354037	0.663901	0.454138	0.155635	0.870420	0.483251	0.612675	0.073590	
1852000	-461.355299	1	3926	0.662272	0.027461	0.662272	0.662272	0.662272	0.000000	0.662272	0.000000	1	0.255320	0.272099	0.184776	0.287805	0.342112	0.020270	0.480631	0.829127	0.195485	0.139062	0.830540	0.480594	
1853000	-461.565658	1	1798	0.671863	0.034632	0.671863	0.671863	0.671863	0.000000	0.671863	0.000000	1	0.253867	0.272082	0.185042	0.289009	0.114403	0.851934	0.183913	0.812264	0.426351	0.824721	0.253063	0.024949	
1854000	-461.560241	1	367	0.662984	0.014882	0.662984	0.662984	0.662984	0.014882	0.662984	0.000000	1	0.256941	0.268290	0.195681	0.279088	0.810785	0.468802	0.339948	0.437358	0.240213	0.438157	0.804537	0.351086	
1855000	-461.266809	1	1491	0.696536	0.066767	0.696536	0.696536	0.696536	0.696536	0.696536	0.000000	1	0.247280	0.249989	0.249930	0.252801	0.778412	0.760597	0.934664	0.124481	0.370217	0.914844	0.033733	0.273299	
1856000	-461.756892	1	3570	0.610389	0.021381	0.610389	0.610389	0.000000	0.610389	0.610389	0.021381	1	0.251970	0.261491	0.217274	0.269265	0.137571	0.758988	0.533002	0.287740	0.006156	0.317359	0.649218	0.952395	
1857000	-460.754790	1	3832	0.603163	0.031981	0.603163	0.603163	0.603163	0.603163	0.603163	0.000000	1	0.243219	0.249970	0.250060	0.256751	0.694397	0.242402	0.985397	0.922184	0.010470	0.404128	0.752953	0.245638	
1858000	-462.249695	1	208	0.599101	0.087580	0.599101	0.599101	0.599101	0.599101	0.599101	0.000000	1	0.243305	0.250072	0.249447	0.257176	0.715849	0.929872	0.926918	0.685008	0.894204	0.729832	0.266489	0.711374	
1859000	-464.606022	1	216	0.649333	0.000000	0.649333	0.649333	0.649333	0.649333	0.649333	0.037251	0	0.237997	0.250013	0.250069	0.261921	0.250953	0.485773	0.105919	0.912623	0.311056	0.930552	0.529683	0.068053	
1860000	-461.745744	1	1504	0.632629	0.006807	0.632629	0.632629	0.006807	0.006807	0.632629	0.006807	1	0.318121	0.335021	0.000227	0.346631	0.674312	0.596238	0.276125	0.397431	0.118329	0.317754	0.775083	0.490753	
1861000	-462.256002	1	1823	0.673809	0.094793	0.673809	0.673809	0.673809	0.673809	0.673809	0.000000	1	0.246697	0.249991	0.249835	0.253477	0.803581	0.340660	0.690399	0.465671	0.637289	0.090916	0.320309	0.576438	
1862000	-462.156526	1	273	0.585454	0.000000	0.585454	0.585454	0.016558	0.585454	0.585454	0.016558	1	0.245304	0.259557	0.222031	0.273109	0.896903	0.522640	0.936478	0.240679	0.071523	0.562052	0.625492	0.419125	
1863000	-463.983538	1	2435	0.784065	0.014258	0.784065	0.784065	0.000000	0.014258	0.784065	0.014258	1	0.327901	0.336121	0.000261	0.335716	0.684027	0.225586	0.619321	0.537034	0.542853	0.332212	0.012977	0.619198	
1864000	-461.124109	1	2941	0.600300	0.027722	0.600300	0.600300	0.600300	0.600300	0.600300	0.027722	1	0.238443	0.250121	0.249521	0.261915	0.521359	0.093386	0.112652	0.571111	0.805774	0.461257	0.591215	0.732737	
1865000	-461.133436	1	543	0.580495	0.024929	0.580495	0.580495	0.580495	0.580495	0.580495	0.000000	1	0.241482	0.249904	0.250323	0.258290	0.458788	0.112286	0.601429	0.073645	0.452032	0.755298	0.003556	0.267993	
1866000	-460.670801	1	1035	0.634836	0.047644	0.634836	0.634836	0.634836	0.634836	0.634836	0.000000	1	0.245079	0.250002	0.249898	0.255022	0.540172	0.121316	0.784665	0.534049	0.920814	0.579899	0.552364	0.941339	
1867000	-460.628930	1	3894	0.666964	0.038383	0.666964	0.666964	0.666964	0.666964	0.666964	0.000000	1	0.246280	0.249977	0.250014	0.253729	0.349012	0.900210	0.154768	0.382655	0.371166	0.858302	0.939713	0.119630	
1868000	-460.841915	1	2364	0.651389	0.056613	0.651389	0.651389	0.651389	0.651389	0.651389	0.000000	1	0.245825	0.250000	0.249883	0.254292	0.696035	0.852317	0.997681	0.852137	0.307637	0.113498	0.628931	0.876870	
1869000	-462.646655	1	3771	0.556081	0.020105	0.556081	0.556081	0.556081	0.000000	0.556081	0.020105	1	0.257443	0.285223	0.148820	0.308514	0.364590	0.332075	0.225616	0.670454	0.369171	0.175119	0.949825	0.331545	
1870000	-460.512372	1	160	0.624259	0.014939	0.624259	0.624259	0.624259	0.624259	0.624259	0.014939	1	0.239458	0.249995	0.249877	0.260670	0.494239	0.133392	0.632347	0.918937	0.690891	0.949842	0.499861	0.874053	
1871000	-461.464058	1	3938	0.643009	0.017355	0.643009	0.643009	0.643009	0.000000	0.643009	0.000000	1	0.257703	0.272717	0.182602	0.286978	0.144637	0.190028	0.332207	0.653509	0.836340	0.572146	0.443243	0.216608	
1872000	-461.211387	1	3291	0.669534	0.000000	0.669534	0.669534	0.669534	0.669534	0.669534	0.042908	1	0.240597	0.250069	0.249960	0.259375	0.839511	0.641501	0.671383	0.799256	0.741880	0.122947	0.168151	0.229150	
1873000	-460.573094	1	3560	0.631030	0.012930	0.631030	0.631030	0.631030	0.631030	0.631030	0.012930	1	0.239854	0.249971	0.249957	0.260219	0.587115	0.573620	0.002847	0.237698	0.233240	0.159012	0.052897	0.298148	
1874000	-460.638016	1	3679	0.641075	0.031575	0.641075	0.641075	0.641075	0.641075	0.641075	0.000000	1	0.245211	0.249959	0.250087	0.254744	0.990730	0.832169	0.679140	0.760223	0.522269	0.181895	0.031027	0.920387	
1875000	-462.146306	1	2887	0.542753	0.015328	0.542753	0.542753	0.000000	0.542753	0.542753	0.015328	1	0.247442	0.266057	0.203844	0.282658	0.148648	0.932990	0.656684	0.789431	0.754733	0.397912	0.182745	0.160373	
1876000	-461.709537	1	2410	0.776201	0.046390	0.776201	0.776201	0.776201	0.776201	0.776201	0.000000	1	0.248640	0.249989	0.250000	0.251371	0.462149	0.746446	0.023584	0.909714	0.002922	0.850376	0.931553	0.337335	
1877000	-464.444862	1	1334	0.674165	0.032147	0.674165	0.674165	0.674165	0.032147	0.674165	0.000000	0	0.253402	0.266771	0.200722	0.279105	0.274129	0.302367	0.722619	0.008629	0.357885	0.333888	0.784088	0.484955	
1878000	-460.793223	1	378	0.604032	0.029430	0.604032	0.604032	0.604032	0.604032	0.604032	0.000000	1	0.243230	0.249950	0.250133	0.256687	0.330150	0.038446	0.565447	0.117581	0.479715	0.179820	0.215270	0.518124	
1879000	-460.918164	1	1437	0.682030	0.009584	0.682030	0.682030	0.682030	0.000000	0.682030	0.009584	1	0.258818	0.267676	0.197871	0.275635	0.438418	0.587824	0.080510	0.485471	0.395715	0.939970	0.518819	0.530766	
1880000	-462.102412	1	3786	0.801623	0.040504	0.801623	0.801623	0.801623	0.801623	0.801623	0.000000	1	0.248902	0.249990	0.250006	0.251102	0.547133	0.545010	0.254369	0.807337	0.825040	0.107824	0.335353	0.089654	
1881000	-460.585639	1	2205	0.621291	0.020559	0.621291	0.621291	0.621291	0.621291	0.621291	0.020559	1	0.239685	0.250042	0.249755	0.260518	0.812797	0.380141	0.984719	0.705121	0.643668	0.045287	0.232060	0.381691	
1882000	-462.446175	1	2640	0.803781	0.026308	0.803781	0.803781	0.803781	0.803781	0.803781	0.000000	1	0.248883	0.249987	0.250026	0.251105	0.556249	0.256253	0.643456	0.942444	0.487431	0.783463	0.977026	0.762042	
1883000	-461.529918	1	2599	0.653685	0.021570	0.653685	0.653685	0.000000	0.653685	0.653685	0.021570	1	0.252158	0.258650	0.225265	0.263928	0.778160	0.943877	0.269980	0.270382	0.660119	0.983362	0.399817	0.112346	
1884000	-461.828359	1	2456	0.575750	0.005444	0.575750	0.575750	0.575750	0.005444	0.575750	0.005444	1	0.259055	0.280045	0.160554	0.300346	0.872258	0.624698	0.036831	0.606068	0.858093	0.563410	0.068949	0.225207	
1885000	-461.218911	1	1435	0.597600	0.000000	0.597600	0.597600	0.597600	0.597600	0.597600	0.039183	1	0.233347	0.250153	0.249671	0.266830	0.832229	0.711469	0.481058	0.639707	0.389395	0.267323	0.128837	0.705056	
1886000	-460.758272	1	3278	0.695338	0.019543	0.695338	0.695338	0.695338	0.695338	0.695338	0.019543	1	0.244353	0.249999	0.249962	0.255686	0.148712	0.441624	0.152782	0.327882	0.920813	0.245215	0.911370	0.622588	
1887000	-461.406282	1	1440	0.574919	0.011455	0.574919	0.574919	0.574919	0.000000	0.574919	0.011455	1	0.259124	0.281442	0.157741	0.301694	0.650234	0.640390	0.726948	0.571254	0.452068	0.746388	0.430964	0.498487	
1888000	-462.434715	1	1146	0.687877	0.000000	0.687877	0.687877	0.687877	0.687877	0.687877	0.067994	1	0.242738	0.250103	0.249976	0.257182	0.352798	0.774526	0.383726	0.774842	0.593863	0.292777	0.391367	0.547038	
1889000	-461.481708	1	2997	0.717789	0.000000	0.717789	0.717789	0.717789	0.717789	0.717789	0.040384	1	0.243513	0.250036	0.250009	0.256442	0.883864	0.899429	0.513599	0.179647	0.735319	0.202228	0.337140	0.933074	
1890000	-461.415111	1	1764	0.567894	0.026596	0.567894	0.567894	0.567894	0.567894	0.567894	0.026596	1	0.234876	0.250229	0.249124	0.265770	0.937471	0.040918	0.571069	0.336151	0.370387	0.605942	0.572958	0.838574	
1891000	-461.585392	1	840	0.732316	0.030206	0.732316	0.732316	0.732316	0.030206	0.732316	0.000000	1	0.253189	0.262497	0.213200	0.271114	0.367456	0.440187	0.522024	0.407096	0.310619	0.274204	0.624013	0.041581	
1892000	-461.840712	1	1601	0.690374	0.000000	0.690374	0.690374	0.000000	0.690374	0.690374	0.026671	1	0.252950	0.256670	0.230623	0.259757	0.869576	0.356866	0.293811	0.633018	0.488514	0.089800	0.788213	0.475398	
1893000	-462.376328	1	658	0.727494	0.051267	0.727494	0.727494	0.727494	0.051267	0.727494	0.000000	1	0.249949	0.263384	0.210923	0.275743	0.071500	0.449629	0.535493	0.828931	0.448186	0.357774	0.239893	0.252464	
1894000	-460.760640	1	3835	0.602569	0.043258	0.602569	0.602569	0.602569	0.602569	0.602569	0.000000	1	0.243327	0.250025	0.249836	0.256812	0.404421	0.169271	0.519729	0.542657	0.859792	0.645723	0.145708	0.077684	
1895000	-460.823226	1	2572	0.618956	0.052747	0.618956	0.618956	0.618956	0.618956	0.618956	0.000000	1	0.244337	0.250023	0.249802	0.255838	0.944335	0.306645	0.662647	0.155826	0.743482	0.496454	0.415323	0.444182	
1896000	-461.324308	1	264	0.552175	0.021077	0.552175	0.552175	0.552175	0.552175	0.552175	0.021077	1	0.232109	0.250247	0.248951	0.268693	0.361809	0.610024	0.282308	0.619205	0.609263	0.796976	0.859243	0.707719	
1897000	-461.017734	1	3224	0.707105	0.053924	0.707105	0.707105	0.707105	0.707105	0.707105	0.000000	1	0.247492	0.249987	0.249969	0.252553	0.044314	0.975812	0.589445	0.512091	0.744887	0.345101	0.844721	0.899392	
1898000	-460.856125	1	2273	0.611258	0.052278	0.611258	0.611258	0.611258	0.611258	0.611258	0.000000	1	0.243915	0.250032	0.249771	0.256282	0.700147	0.308746	0.180747	0.182158	0.968216	0.389629	0.987493	0.628993	
1899000	-461.064383	1	2888	0.632396	0.063520	0.632396	0.632396	0.632396	0.632396	0.632396	0.000000	1	0.245053	0.250017	0.249788	0.255142	0.743382	0.810433	0.833726	0.429402	0.569369	0.669139	0.294152	0.933758	
1900000	-464.397664	1	1967	0.664582	0.011302	0.664582	0.664582	0.000000	0.664582	0.664582	0.011302	0	0.250801	0.256941	0.229687	0.262572	0.341034	0.439428	0.201198	0.906667	0.436308	0.164966	0.255392	0.242083	
1901000	-461.938863	1	3309	0.686685	0.012596	0.686685	0.686685	0.012596	0.000000	0.686685	0.000000	1	0.308190	0.334415	0.000168	0.357227	0.393415	0.980834	0.869417	0.278373	0.495679	0.074561	0.614895	0.459049	
1902000	-460.849740	1	1282	0.701829	0.044662	0.701829	0.701829	0.701829	0.701829	0.701829	0.000000	1	0.247328	0.249983	0.249993	0.252695	0.387971	0.873118	0.138819	0.657568	0.794911	0.755144	0.359899	0.918660	
1903000	-460.928157	1	3545	0.637243	0.027414	0.637243	0.637243	0.637243	0.637243	0.637243	0.027414	1	0.241427	0.250053	0.249770	0.258749	0.735095	0.511346	0.635148	0.289404	0.992740	0.595258	0.761494	0.515056	
1904000	-460.746498	1	1338	0.600106	0.035664	0.600106	0.600106	0.600106	0.600106	0.600106	0.000000	1	0.243082	0.249996	0.249964	0.256958	0.129875	0.431393	0.576179	0.793259	0.281756	0.475848	0.452515	0.999117	
1905000	-461.028200	1	323	0.666149	0.000000	0.666149	0.666149	0.666149	0.666149	0.666149	0.036418	1	0.240061	0.250049	0.249968	0.259922	0.642476	0.954180	0.997744	0.888366	0.239457	0.093820	0.076797	0.513400	
1906000	-461.384513	1	3512	0.685814	0.031467	0.685814	0.685814	0.685814	0.031467	0.685814	0.000000	1	0.252864	0.266733	0.200720	0.279682	0.993932	0.590891	0.753266	0.942031	0.951804	0.708385	0.795118	0.644858	
1907000	-461.254337	1	1681	0.560197	0.041385	0.560197	0.560197	0.560197	0.560197	0.560197	0.000000	1	0.240120	0.250123	0.249565	0.260192	0.755225	0.338693	0.842885	0.925788	0.159062	0.688201	0.596650	0.144242	
1908000	-460.837024	1	896	0.591529	0.041343	0.591529	0.591529	0.591529	0.591529	0.591529	0.000000	1	0.242590	0.250036	0.249814	0.257560	0.455016	0.246440	0.269890	0.479565	0.943340	0.273463	0.876375	0.656675	
1909000	-460.701701	1	3638	0.657653	0.029597	0.657653	0.657653	0.657653	0.657653	0.657653	0.000000	1	0.245866	0.249953	0.250109	0.254072	0.959359	0.104455	0.597931	0.386475	0.248954	0.227072	0.205582	0.463302	
1910000	-461.370271	1	3252	0.704554	0.006379	0.704554	0.704554	0.704554	0.006379	0.704554	0.006379	1	0.257673	0.264727	0.206290	0.271310	0.802832	0.043214	0.313461	0.593211	0.035596	0.910073	0.147966	0.031701	
1911000	-461.822988	1	3765	0.739153	0.034452	0.739153	0.739153	0.739153	0.000000	0.739153	0.000000	1	0.254177	0.264873	0.206305	0.274645	0.948834	0.329846	0.044393	0.602227	0.704612	0.995551	0.157122	0.009966	
1912000	-460.730459	1	3158	0.687202	0.037918	0.687202	0.687202	0.687202	0.687202	0.687202	0.000000	1	0.246907	0.249977	0.250021	0.253096	0.675225	0.676119	0.631012	0.122429	0.651912	0.140398	0.601151	0.642109	
1913000	-461.029372	1	3914	0.703354	0.027574	0.703354	0.703354	0.703354	0.703354	0.703354	0.000000	1	0.247261	0.249962	0.250087	0.252689	0.577550	0.150063	0.498573	0.018832	0.578138	0.762813	0.789046	0.777321	
1914000	-460.608191	1	1886	0.639216	0.043064	0.639216	0.639216	0.639216	0.639216	0.639216	0.000000	1	0.245240	0.249991	0.249947	0.254822	0.807881	0.971205	0.896906	0.761234	0.288502	0.591073	0.418835	0.628854	
1915000	-461.718506	1	3255	0.624775	0.080265	0.624775	0.624775	0.624775	0.624775	0.624775	0.000000	1	0.244737	0.250029	0.249674	0.255560	0.429616	0.359503	0.674058	0.592749	0.141552	0.486642	0.662733	0.526731	
1916000	-461.557567	1	1117	0.681014	0.034320	0.681014	0.681014	0.681014	0.000000	0.681014	0.000000	1	0.254084	0.270940	0.188413	0.286564	0.494020	0.661629	0.655996	0.656395	0.024581	0.188383	0.014598	0.076339	
1917000	-460.862598	1	3346	0.708835	0.016581	0.708835	0.708835	0.708835	0.708835	0.708835	0.016581	1	0.244830	0.249991	0.249991	0.255187	0.314638	0.160202	0.324326	0.288282	0.978628	0.070470	0.801755	0.620342	
1918000	-460.642639	1	2895	0.661554	0.044764	0.661554	0.661554	0.661554	0.661554	0.661554	0.000000	1	0.246136	0.249986	0.249966	0.253912	0.812050	0.980515	0.559527	0.260608	0.474264	0.046983	0.367314	0.717676	
1919000	-461.832248	1	2027	0.568089	0.005909	0.568089	0.568089	0.568089	0.005909	0.568089	0.005909	1	0.258688	0.281154	0.157331	0.302827	0.917922	0.759287	0.366369	0.253347	0.013816	0.893250	0.480828	0.466835	
1920000	-461.189624	1	69	0.725961	0.010141	0.725961	0.725961	0.725961	0.000000	0.725961	0.010141	1	0.257451	0.263559	0.210025	0.268966	0.781216	0.310501	0.654412	0.489992	0.042085	0.842218	0.585725	0.217704	
1921000	-461.990301	1	2872	0.687676	0.017688	0.687676	0.687676	0.000000	0.017688	0.687676	0.000000	1	0.301327	0.334650	0.000449	0.363574	0.158623	0.396151	0.029841	0.521446	0.110957	0.094649	0.524142	0.413302	
1922000	-461.762036	1	2739	0.743600	0.019031	0.743600	0.743600	0.743600	0.000000	0.743600	0.000000	1	0.255703	0.262553	0.212822	0.268922	0.687226	0.820929	0.322976	0.802644	0.136841	0.249244	0.409685	0.956782	
1923000	-460.659862	1	213	0.629274	0.030922	0.629274	0.629274	0.629274	0.629274	0.629274	0.000000	1	0.244653	0.249956	0.250100	0.255291	0.449909	0.667781	0.010684	0.079678	0.504842	0.290295	0.299423	0.133812	
1924000	-461.258095	1	3664	0.742117	0.046384	0.742117	0.742117	0.742117	0.742117	0.742117	0.000000	1	0.248153	0.249986	0.249997	0.251864	0.870501	0.340662	0.531447	0.216604	0.505763	0.356888	0.706291	0.145985	
1925000	-461.229422	1	2232	0.711526	0.017959	0.711526	0.711526	0.000000	0.711526	0.711526	0.017959	1	0.251223	0.255347	0.234528	0.258902	0.159439	0.159411	0.296312	0.579220	0.861260	0.778775	0.113382	0.482124	
1926000	-461.560804	1	3967	0.556368	0.000000	0.556368	0.556368	0.556368	0.556368	0.556368	0.032429	1	0.226630	0.250199	0.249246	0.273925	0.765100	0.071842	0.515023	0.879875	0.108195	0.725617	0.191442	0.342852	
1927000	-460.708463	1	3338	0.617720	0.046397	0.617720	0.617720	0.617720	0.617720	0.617720	0.000000	1	0.244225	0.250014	0.249857	0.255904	0.451418	0.919178	0.596221	0.570327	0.233715	0.316200	0.869822	0.003164	
1928000	-460.985279	1	305	0.638409	0.007727	0.638409	0.638409	0.638409	0.000000	0.638409	0.007727	1	0.259840	0.272484	0.183467	0.284209	0.086106	0.008263	0.426548	0.909303	0.627019	0.304500	0.280377	0.945524	
1929000	-461.989316	1	238	0.652614	0.000000	0.652614	0.652614	0.000000	0.652614	0.652614	0.012070	1	0.246222	0.255577	0.233500	0.264700	0.988852	0.459969	0.587455	0.234959	0.889015	0.754284	0.262834	0.404059	
1930000	-461.488545	1	3646	0.705774	0.018362	0.705774	0.705774	0.705774	0.018362	0.705774	0.000000	1	0.255482	0.264234	0.207821	0.272463	0.379141	0.979966	0.566308	0.640941	0.894289	0.810965	0.601205	0.769424	
1931000	-460.565154	1	1910	0.609075	0.017934	0.609075	0.609075	0.609075	0.609075	0.609075	0.017934	1	0.238362	0.250038	0.249731	0.261870	0.526208	0.130568	0.954065	0.819730	0.519548	0.956454	0.630472	0.762341	
1932000	-460.745278	1	2832	0.663125	0.051497	0.663125	0.663125	0.663125	0.663125	0.663125	0.000000	1	0.246230	0.249992	0.249931	0.253847	0.114305	0.751886	0.651377	0.139612	0.349512	0.826336	0.466751	0.474392	
1933000	-460.931292	1	141	0.663632	0.013178	0.663632	0.663632	0.663632	0.000000	0.663632	0.013178	1	0.259165	0.269859	0.191865	0.279111	0.351079	0.623104	0.903260	0.447540	0.951460	0.065106	0.301319	0.603451	
1934000	-461.447282	1	3643	0.684205	0.074086	0.684205	0.684205	0.684205	0.684205	0.684205	0.000000	1	0.246970	0.249991	0.249897	0.253141	0.646886	0.973919	0.639892	0.910181	0.386714	0.204432	0.652404	0.766167	
1935000	-460.599819	1	2312	0.661898	0.020749	0.661898	0.661898	0.661898	0.661898	0.661898	0.020749	1	0.242621	0.250012	0.249901	0.257467	0.561591	0.631381	0.798392	0.603407	0.417733	0.787581	0.536233	0.632466	
1936000	-461.956950	1	2720	0.639842	0.000000	0.639842	0.639842	0.031203	0.639842	0.639842	0.031203	1	0.252764	0.257917	0.227271	0.262048	0.411343	0.983375	0.211719	0.072282	0.496741	0.299802	0.029890	0.073119	
1937000	-460.794059	1	1872	0.592506	0.021423	0.592506	0.592506	0.592506	0.592506	0.592506	0.021423	1	0.237062	0.250099	0.249530	0.263308	0.033077	0.987445	0.070939	0.476008	0.015841	0.147593	0.367865	0.812807	
1938000	-460.731112	1	2091	0.686706	0.042268	0.686706	0.686706	0.686706	0.686706	0.686706	0.000000	1	0.246919	0.249981	0.249998	0.253102	0.338710	0.433656	0.655148	0.178880	0.124824	0.718346	0.636582	0.752856	
1939000	-461.339768	1	1248	0.698193	0.026334	0.698193	0.698193	0.698193	0.026334	0.698193	0.000000	1	0.253998	0.265332	0.204752	0.275917	0.653383	0.530276	0.928198	0.626901	0.195946	0.430064	0.660230	0.519100	
1940000	-462.109066	1	366	0.701962	0.018713	0.701962	0.701962	0.018713	0.000000	0.701962	0.000000	1	0.301711	0.334762	0.000357	0.363169	0.668823	0.207509	0.328495	0.544941	0.972539	0.152885	0.445890	0.869073	
1941000	-460.890105	1	3492	0.644479	0.000000	0.644479	0.644479	0.644479	0.644479	0.644479	0.029614	1	0.237862	0.250028	0.249959	0.262151	0.917197	0.056976	0.634955	0.683980	0.357976	0.442986	0.822513	0.116488	
1942000	-461.394455	1	2444	0.754285	0.039279	0.754285	0.754285	0.754285	0.754285	0.754285	0.000000	1	0.248320	0.249985	0.250012	0.251683	0.522098	0.088986	0.517548	0.729652	0.528828	0.461876	0.261678	0.138626	
1943000	-462.069951	1	1982	0.744886	0.000000	0.744886	0.744886	0.000000	0.744886	0.744886	0.019286	1	0.249509	0.253036	0.241106	0.256349	0.707539	0.924486	0.070264	0.924227	0.125420	0.593278	0.020711	0.070087	
1944000	-461.934009	1	1562	0.674201	0.003865	0.674201	0.674201	0.000000	0.674201	0.674201	0.003865	1	0.246923	0.253940	0.238239	0.260898	0.145460	0.669430	0.127569	0.358381	0.448867	0.818120	0.379710	0.132708	
1945000	-461.018080	1	1904	0.642644	0.000000	0.642644	0.642644	0.642644	0.642644	0.642644	0.038159	1	0.238151	0.250075	0.249909	0.261865	0.960257	0.238403	0.435072	0.277959	0.906391	0.184076	0.737536	0.796940	
1946000	-461.419424	1	139	0.747031	0.009517	0.747031	0.747031	0.747031	0.000000	0.747031	0.009517	1	0.256753	0.261819	0.215101	0.266327	0.567232	0.710121	0.441867	0.203218	0.832727	0.788818	0.696603	0.639436	
1947000	-461.724759	1	3504	0.691391	0.000000	0.691391	0.691391	0.016599	0.691391	0.691391	0.016599	1	0.247531	0.253652	0.239290	0.259527	0.348859	0.382403	0.019924	0.564414	0.391029	0.820969	0.932599	0.528322	
1948000	-461.482239	1	1501	0.738005	0.007572	0.738005	0.738005	0.738005	0.000000	0.738005	0.007572	1	0.257039	0.262413	0.213227	0.267321	0.107316	0.828198	0.935498	0.424085	0.394396	0.140668	0.484794	0.404836	
1949000	-461.468108	1	932	0.621912	0.018340	0.621912	0.621912	0.621912	0.018340	0.621912	0.018340	1	0.257715	0.273256	0.182724	0.286305	0.216298	0.874239	0.551657	0.009868	0.566888	0.733688	0.647025	0.653380	
1950000	-460.831425	1	1963	0.584881	0.020589	0.584881	0.584881	0.584881	0.584881	0.584881	0.020589	1	0.236152	0.250111	0.249468	0.264269	0.358745	0.976372	0.941039	0.456375	0.940728	0.010418	0.924462	0.643001	
1951000	-460.700453	1	1776	0.642162	0.012161	0.642162	0.642162	0.012161	0.642162	0.642162	0.012161	1	0.249059	0.257262	0.228798	0.264881	0.424075	0.100896	0.261891	0.456404	0.307868	0.223360	0.106744	0.328335	
1952000	-461.307931	1	1352	0.624159	0.017585	0.624159	0.624159	0.624159	0.624159	0.624159	0.000000	1	0.244122	0.249811	0.250594	0.255474	0.062429	0.847031	0.557979	0.113926	0.637951	0.655550	0.826119	0.913772	
1953000	-462.146306	1	2887	0.542753	0.015328	0.542753	0.542753	0.000000	0.542753	0.542753	0.015328	1	0.247442	0.266057	0.203844	0.282658	0.503239	0.666658	0.217171	0.561350	0.189782	0.122175	0.296823	0.093957	
1954000	-460.900117	1	311	0.659232	0.058651	0.659232	0.659232	0.659232	0.659232	0.659232	0.000000	1	0.246126	0.249997	0.249892	0.253985	0.073841	0.635186	0.790407	0.264855	0.733322	0.827967	0.336999	0.334122	
1955000	-460.680707	1	1580	0.674295	0.044245	0.674295	0.674295	0.674295	0.674295	0.674295	0.000000	1	0.246560	0.249984	0.249981	0.253476	0.326138	0.718445	0.863947	0.322641	0.183388	0.927757	0.683885	0.358965	
1956000	-462.355761	1	569	0.609169	0.011226	0.609169	0.609169	0.011226	0.011226	0.609169	0.011226	1	0.314661	0.336172	0.000610	0.348557	0.041997	0.558620	0.145758	0.657046	0.924541	0.618593	0.559213	0.123019	
1957000	-461.824558	1	102	0.591433	0.018360	0.591433	0.591433	0.591433	0.000000	0.591433	0.000000	1	0.256450	0.279915	0.161110	0.302525	0.727185	0.131080	0.171081	0.159405	0.196976	0.628474	0.379976	0.778054	
1958000	-460.751699	1	2283	0.619125	0.028057	0.619125	0.619125	0.619125	0.619125	0.619125	0.000000	1	0.244085	0.249937	0.250170	0.255808	0.424067	0.155448	0.228415	0.123951	0.102586	0.171675	0.364689	0.295104	
1959000	-462.769631	1	3438	0.787859	0.017578	0.787859	0.787859	0.787859	0.787859	0.787859	0.000000	1	0.248675	0.249975	0.250067	0.251283	0.754286	0.629443	0.374494	0.430245	0.018439	0.756087	0.534304	0.736125	
1960000	-461.139860	1	903	0.639004	0.000000	0.639004	0.639004	0.639004	0.639004	0.639004	0.018395	1	0.236668	0.249929	0.250108	0.263295	0.098689	0.387508	0.601805	0.729690	0.348760	0.188728	0.366640	0.375418	
1961000	-461.128344	1	1975	0.576822	0.024337	0.576822	0.576822	0.576822	0.576822	0.576822	0.024337	1	0.235663	0.250172	0.249296	0.264869	0.202421	0.502303	0.584988	0.389564	0.866817	0.968607	0.322143	0.438413	
1962000	-462.857063	1	307	0.790214	0.015216	0.790214	0.790214	0.015216	0.015216	0.790214	0.000000	1	0.314377	0.334222	0.001102	0.350300	0.629826	0.966017	0.453262	0.163966	0.568647	0.268331	0.602256	0.389795	
1963000	-460.933725	1	196	0.588189	0.046266	0.588189	0.588189	0.588189	0.588189	0.588189	0.000000	1	0.242413	0.250061	0.249709	0.257818	0.471935	0.283433	0.140239	0.359964	0.752318	0.168248	0.725751	0.302395	
1964000	-462.292916	1	571	0.763788	0.079684	0.763788	0.763788	0.763788	0.763788	0.763788	0.000000	1	0.248552	0.249988	0.249969	0.251491	0.118605	0.374707	0.530849	0.098996	0.772094	0.562104	0.073756	0.790663	
1965000	-461.535265	1	3349	0.720056	0.019496	0.720056	0.720056	0.720056	0.019496	0.720056	0.000000	1	0.255032	0.263043	0.211378	0.270547	0.330227	0.993726	0.096339	0.688415	0.122053	0.259107	0.611241	0.333108	
1966000	-462.183210	1	234	0.588375	0.022532	0.588375	0.588375	0.000000	0.588375	0.588375	0.022532	1	0.251965	0.263335	0.212239	0.272461	0.415195	0.462192	0.589334	0.722451	0.464976	0.291055	0.186029	0.652809	
1967000	-461.101960	1	654	0.588063	0.000000	0.588063	0.588063	0.588063	0.588063	0.588063	0.029409	1	0.231271	0.250073	0.249693	0.268963	0.139781	0.871780	0.321242	0.658015	0.191749	0.504267	0.291265	0.685496	
1968000	-462.079354	1	3246	0.745940	0.000000	0.745940	0.745940	0.745940	0.745940	0.745940	0.049919	1	0.245034	0.250038	0.250014	0.254914	0.978487	0.108329	0.532740	0.056804	0.342072	0.239062	0.875184	0.146081	
1969000	-460.779803	1	454	0.655023	0.014052	0.655023	0.655023	0.000000	0.655023	0.655023	0.014052	1	0.250530	0.257684	0.227648	0.264139	0.737549	0.868145	0.544798	0.663226	0.371760	0.809642	0.544738	0.522448	
1970000	-462.095341	1	1796	0.697664	0.010393	0.697664	0.697664	0.000000	0.010393	0.697664	0.000000	1	0.312492	0.334254	0.000150	0.353104	0.330517	0.780128	0.265376	0.214503	0.399378	0.968429	0.797037	0.455328	
1971000	-460.670652	1	2407	0.630084	0.030281	0.630084	0.630084	0.630084	0.630084	0.630084	0.000000	1	0.244684	0.249952	0.250113	0.255251	0.448374	0.497188	0.212645	0.154860	0.904747	0.727987	0.440336	0.473842	
1972000	-464.293355	1	3850	0.647483	0.016923	0.647483	0.647483	0.647483	0.016923	0.647483	0.016923	0	0.258044	0.269818	0.192467	0.279670	0.149688	0.485075	0.750940	0.233307	0.328777	0.598341	0.800937	0.402524	
1973000	-463.041093	1	207	0.612554	0.106407	0.612554	0.612554	0.612554	0.612554	0.612554	0.000000	1	0.244097	0.250037	0.249493	0.256373	0.547851	0.649460	0.630648	0.683255	0.426665	0.001812	0.419823	0.730146	
1974000	-460.988524	1	3612	0.693674	0.007612	0.693674	0.693674	0.000000	0.693674	0.693674	0.007612	1	0.248982	0.254608	0.236377	0.260032	0.733248	0.690593	0.169662	0.567483	0.698928	0.742862	0.697049	0.109199	
1975000	-460.914202	1	3067	0.634877	0.000000	0.634877	0.634877	0.634877	0.634877	0.634877	0.032856	1	0.237111	0.250053	0.249911	0.262924	0.855078	0.132021	0.164114	0.482975	0.887035	0.484822	0.800674	0.260708	
1976000	-461.460550	1	1311	0.682155	0.031474	0.682155	0.682155	0.682155	0.000000	0.682155	0.000000	1	0.254656	0.270375	0.190004	0.284965	0.952228	0.836211	0.288446	0.742368	0.749869	0.671829	0.790953	0.887897	
1977000	-464.873385	1	1648	0.552554	0.030953	0.552554	0.552554	0.552554	0.552554	0.552554	0.030953	0	0.234659	0.250307	0.248977	0.266058	0.998664	0.514341	0.480522	0.849803	0.875443	0.821003	0.508209	0.998028	
1978000	-460.839426	1	33	0.705831	0.010774	0.705831	0.705831	0.010774	0.705831	0.705831	0.010774	1	0.249332	0.254154	0.237808	0.258706	0.216647	0.641894	0.870069	0.670872	0.574797	0.661616	0.158085	0.156533	
1979000	-462.181655	1	1984	0.594561	0.013693	0.594561	0.594561	0.013693	0.013693	0.594561	0.000000	1	0.292435	0.334021	0.000894	0.372650	0.604074	0.354580	0.065494	0.594302	0.211854	0.250187	0.429480	0.754505	
1980000	-460.508456	1	705	0.653787	0.016856	0.653787	0.653787	0.653787	0.653787	0.653787	0.016856	1	0.241857	0.249998	0.249924	0.258221	0.731929	0.147707	0.859231	0.522262	0.833680	0.339287	0.985610	0.362940	
1981000	-460.790908	1	2521	0.587104	0.020144	0.587104	0.587104	0.587104	0.587104	0.587104	0.020144	1	0.236348	0.250100	0.249502	0.264050	0.854681	0.274162	0.420266	0.429007	0.026459	0.010287	0.275804	0.930145	
1982000	-460.660745	1	379	0.625266	0.045189	0.625266	0.625266	0.625266	0.625266	0.625266	0.000000	1	0.244604	0.250004	0.249894	0.255497	0.965239	0.389094	0.513815	0.012125	0.445748	0.688044	0.262080	0.538301	
1983000	-460.952039	1	2998	0.653926	0.060734	0.653926	0.653926	0.653926	0.653926	0.653926	0.000000	1	0.245940	0.250001	0.249871	0.254189	0.575820	0.986105	0.594282	0.266988	0.204065	0.618677	0.381346	0.311305	
1984000	-461.651157	1	1158	0.638716	0.019899	0.638716	0.638716	0.638716	0.000000	0.638716	0.019899	1	0.259272	0.273193	0.183085	0.284450	0.935401	0.234911	0.830958	0.727495	0.209053	0.512675	0.812150	0.349122	
1985000	-462.380645	1	14	0.625147	0.046435	0.625147	0.625147	0.625147	0.000000	0.625147	0.000000	1	0.248323	0.280284	0.160894	0.310498	0.341356	0.001177	0.453497	0.006723	0.455798	0.809332	0.727069	0.804642	
1986000	-460.900312	1	3647	0.586804	0.022449	0.586804	0.586804	0.586804	0.586804	0.586804	0.022449	1	0.236566	0.250123	0.249453	0.263859	0.432971	0.598053	0.465468	0.143534	0.511433	0.803581	0.384715	0.345536	
1987000	-460.691892	1	2547	0.679524	0.042364	0.679524	0.679524	0.679524	0.679524	0.679524	0.000000	1	0.246710	0.249982	0.249994	0.253314	0.246920	0.910952	0.562913	0.884939	0.612663	0.292328	0.819011	0.587338	
1988000	-460.794968	1	1654	0.671943	0.024410	0.671943	0.671943	0.671943	0.671943	0.671943	0.024410	1	0.243405	0.250018	0.249900	0.256678	0.262139	0.703522	0.560049	0.310425	0.121429	0.367548	0.920045	0.725755	
1989000	-461.510644	1	135	0.725167	0.028694	0.725167	0.725167	0.725167	0.028694	0.725167	0.000000	1	0.253463	0.263028	0.211606	0.271903	0.908687	0.885917	0.883910	0.431703	0.286943	0.173266	0.548282	0.226098	
1990000	-461.100870	1	3583	0.656875	0.065646	0.656875	0.656875	0.656875	0.656875	0.656875	0.000000	1	0.246067	0.250001	0.249859	0.254072	0.678947	0.341330	0.016382	0.652996	0.562718	0.195024	0.367192	0.530604	
1991000	-463.087429	1	3578	0.836244	0.016565	0.836244	0.836244	0.836244	0.000000	0.836244	0.000000	1	0.253444	0.256269	0.231396	0.258891	0.450393	0.900490	0.897881	0.532345	0.754103	0.072670	0.817904	0.264823	
1992000	-460.791521	1	2055	0.652374	0.014204	0.652374	0.652374	0.000000	0.652374	0.652374	0.014204	1	0.250549	0.257855	0.227163	0.264433	0.122294	0.309398	0.787290	0.649809	0.866437	0.956113	0.059019	0.929823	
1993000	-460.727164	1	1735	0.692685	0.015917	0.692685	0.692685	0.692685	0.692685	0.692685	0.015917	1	0.244054	0.249989	0.249987	0.255970	0.956676	0.216931	0.452644	0.843724	0.560838	0.746533	0.692981	0.210434	
1994000	-461.128315	1	3740	0.597067	0.008497	0.597067	0.597067	0.597067	0.597067	0.597067	0.008497	1	0.236060	0.249855	0.250179	0.263905	0.559252	0.676605	0.918008	0.858051	0.406338	0.045860	0.993082	0.325782	
1995000	-461.504472	1	3663	0.611281	0.024600	0.611281	0.611281	0.611281	0.024600	0.611281	0.000000	1	0.253124	0.275076	0.175724	0.296077	0.705776	0.799637	0.977027	0.359702	0.755291	0.465971	0.836761	0.223492	
1996000	-461.840765	1	3657	0.643926	0.005424	0.643926	0.643926	0.643926	0.643926	0.643926	0.005424	1	0.240170	0.249788	0.250503	0.259539	0.680282	0.295415	0.918039	0.989477	0.098080	0.793790	0.560384	0.810198	
1997000	-463.787521	1	3201	0.621566	0.041829	0.621566	0.621566	0.621566	0.621566	0.621566	0.000000	0	0.246441	0.249998	0.250075	0.253486	0.745978	0.537579	0.540911	0.303440	0.258161	0.391355	0.784003	0.926395	
1998000	-461.192510	1	2135	0.585444	0.008631	0.585444	0.585444	0.585444	0.585444	0.585444	0.008631	1	0.234709	0.249852	0.250139	0.265299	0.910388	0.093183	0.757735	0.859504	0.636158	0.335450	0.706666	0.160618	
1999000	-461.185681	1	2754	0.669975	0.000000	0.669975	0.669975	0.669975	0.669975	0.669975	0.042027	1	0.240592	0.250066	0.249962	0.259380	0.301814	0.628690	0.276583	0.017756	0.175056	0.204507	0.446572	0.232872	
2000000	-460.638669	1	1726	0.681029	0.018283	0.681029	0.681029	0.681029	0.681029	0.681029	0.018283	1	0.243575	0.249998	0.249955	0.256473	0.644803	0.024350	0.094248	0.629920	0.277844	0.922846	0.847770	0.930496	
2001000	-460.952039	1	2998	0.653926	0.060734	0.653926	0.653926	0.653926	0.653926	0.653926	0.000000	1	0.245940	0.250001	0.249871	0.254189	0.182502	0.237361	0.750493	0.639446	0.947655	0.602477	0.241617	0.567620	
2002000	-462.170318	1	436	0.520322	0.028877	0.520322	0.520322	0.520322	0.520322	0.520322	0.000000	1	0.235476	0.250169	0.249657	0.264698	0.321321	0.922311	0.443060	0.460202	0.776504	0.360767	0.434234	0.895554	
2003000	-460.954194	1	398	0.696395	0.054582	0.696395	0.696395	0.696395	0.696395	0.696395	0.000000	1	0.247236	0.249988	0.249959	0.252818	0.875844	0.266267	0.001034	0.063025	0.311297	0.106517	0.142923	0.351232	
2004000	-461.486360	1	204	0.713306	0.006150	0.713306	0.713306	0.713306	0.000000	0.713306	0.006150	1	0.257860	0.264413	0.207201	0.270526	0.069828	0.010210	0.242497	0.501357	0.724221	0.318090	0.762833	0.904487	
2005000	-462.118162	1	3206	0.672943	0.000000	0.672943	0.672943	0.035882	0.672943	0.672943	0.035882	1	0.253579	0.256498	0.231364	0.258560	0.923309	0.938323	0.244532	0.040413	0.714514	0.865712	0.188177	0.875386	
2006000	-462.527586	1	3099	0.554741	0.032245	0.554741	0.554741	0.554741	0.032245	0.554741	0.000000	1	0.244722	0.283291	0.150854	0.321132	0.738903	0.022563	0.103211	0.468367	0.934260	0.464298	0.664236	0.283173	
2007000	-461.423227	1	3678	0.667339	0.018999	0.667339	0.667339	0.667339	0.018999	0.667339	0.018999	1	0.257350	0.267973	0.197975	0.276701	0.863874	0.993001	0.418018	0.075962	0.653672	0.815383	0.588657	0.951245	
2008000	-461.310653	1	3027	0.557459	0.042144	0.557459	0.557459	0.557459	0.557459	0.557459	0.000000	1	0.239880	0.250140	0.249512	0.260468	0.696183	0.330772	0.354013	0.112324	0.410541	0.512483	0.550597	0.545626	
2009000	-462.766213	1	3051	0.693362	0.000000	0.693362	0.693362	0.000000	0.016021	0.693362	0.016021	1	0.343599	0.335050	0.000307	0.321044	0.684210	0.930235	0.226902	0.908390	0.031416	0.902043	0.237519	0.261715	
2010000	-461.779960	1	1799	0.633163	0.036796	0.633163	0.633163	0.633163	0.000000	0.633163	0.000000	1	0.251936	0.277481	0.169035	0.301548	0.508562	0.283813	0.347974	0.692983	0.099651	0.988282	0.596114	0.319452	
2011000	-460.592026	1	2164	0.644845	0.041025	0.644845	0.644845	0.644845	0.644845	0.644845	0.000000	1	0.245465	0.249985	0.249974	0.254576	0.944332	0.400059	0.063197	0.244082	0.437368	0.876332	0.449041	0.697317	
2012000	-461.201133	1	877	0.642225	0.031044	0.642225	0.642225	0.642225	0.642225	0.642225	0.031044	1	0.242003	0.250057	0.249774	0.258166	0.420750	0.499725	0.115105	0.743196	0.080487	0.036472	0.207098	0.359402	
2013000	-460.577163	1	3896	0.619689	0.020166	0.619689	0.619689	0.619689	0.619689	0.619689	0.020166	1	0.239516	0.250042	0.249752	0.260690	0.832247	0.450672	0.120086	0.358556	0.095812	0.338590	0.708008	0.811153	
2014000	-464.044620	1	2893	0.812717	0.028009	0.812717	0.812717	0.028009	0.000000	0.812717	0.000000	1	0.303543	0.335152	0.000806	0.360499	0.839533	0.424727	0.394378	0.079535	0.722670	0.933351	0.220084	0.336262	
2015000	-462.673150	1	18	0.614075	0.000000	0.614075	0.614075	0.011323	0.000000	0.614075	0.011323	1	0.332061	0.334965	0.000151	0.332823	0.529434	0.140455	0.255571	0.393863	0.485866	0.073929	0.047869	0.081829	
2016000	-461.459728	1	1188	0.552221	0.045608	0.552221	0.552221	0.552221	0.552221	0.552221	0.000000	1	0.239431	0.250185	0.249350	0.261034	0.691555	0.260871	0.669293	0.925565	0.185912	0.937247	0.810576	0.837208	
2017000	-461.193479	1	2047	0.599043	0.013079	0.599043	0.599043	0.599043	0.000000	0.599043	0.013079	1	0.259591	0.278061	0.167954	0.294395	0.026367	0.520097	0.363050	0.153940	0.668044	0.403867	0.259809	0.719324	
2018000	-461.153349	1	2749	0.558896	0.019907	0.558896	0.558896	0.558896	0.558896	0.558896	0.019907	1	0.232873	0.250195	0.249117	0.267815	0.393140	0.579893	0.088454	0.949941	0.265500	0.493708	0.860361	0.123747	
2019000	-461.850995	1	2059	0.610527	0.006299	0.610527	0.610527	0.006299	0.006299	0.610527	0.006299	1	0.315298	0.334958	0.000195	0.349549	0.301037	0.887192	0.773476	0.975099	0.889131	0.785580	0.971030	0.663160	
2020000	-461.242551	1	3732	0.686334	0.000000	0.686334	0.686334	0.686334	0.686334	0.686334	0.020827	1	0.240923	0.249978	0.250068	0.259031	0.487647	0.195719	0.238952	0.182758	0.501481	0.527379	0.885455	0.808928	
2021000	-461.108696	1	977	0.694346	0.014560	0.694346	0.694346	0.694346	0.000000	0.694346	0.014560	1	0.258349	0.266671	0.201284	0.273696	0.278170	0.519988	0.582880	0.430128	0.060301	0.650574	0.706658	0.934074	
2022000	-460.952039	1	2998	0.653926	0.060734	0.653926	0.653926	0.653926	0.653926	0.653926	0.000000	1	0.245940	0.250001	0.249871	0.254189	0.243940	0.684319	0.120450	0.769014	0.427341	0.821714	0.511824	0.065397	
2023000	-460.833377	1	3654	0.590804	0.034187	0.590804	0.590804	0.590804	0.590804	0.590804	0.000000	1	0.242441	0.249998	0.249972	0.257590	0.811551	0.529421	0.593968	0.257578	0.183219	0.102750	0.889808	0.702284	
2024000	-461.535749	1	851	0.548575	0.023541	0.548575	0.548575	0.548575	0.548575	0.548575	0.023541	1	0.231952	0.250303	0.248804	0.268940	0.627264	0.702630	0.819198	0.359265	0.360237	0.370422	0.143011	0.089739	
2025000	-460.842976	1	2853	0.655410	0.009718	0.655410	0.655410	0.655410	0.009718	0.655410	0.009718	1	0.258606	0.269655	0.192065	0.279673	0.382936	0.214289	0.781482	0.701357	0.288954	0.407228	0.019621	0.936189	
2026000	-461.251435	1	2476	0.577653	0.000000	0.577653	0.577653	0.577653	0.577653	0.577653	0.032484	1	0.230040	0.250133	0.249545	0.270283	0.399044	0.756910	0.435697	0.962798	0.246663	0.157061	0.748739	0.517815	
2027000	-460.727164	1	1735	0.692685	0.015917	0.692685	0.692685	0.692685	0.692685	0.692685	0.015917	1	0.244054	0.249989	0.249987	0.255970	0.477835	0.406033	0.120646	0.146343	0.071385	0.984040	0.219647	0.065367	
2028000	-460.935960	1	1462	0.653353	0.027550	0.653353	0.653353	0.653353	0.653353	0.653353	0.027550	1	0.242499	0.250037	0.249833	0.257630	0.254848	0.492975	0.285639	0.390939	0.265543	0.174015	0.231607	0.175000	
2029000	-460.541250	1	1868	0.657477	0.019040	0.657477	0.657477	0.657477	0.657477	0.657477	0.019040	1	0.242240	0.250007	0.249906	0.257846	0.017479	0.181325	0.197672	0.752650	0.056786	0.724448	0.428851	0.446583	
2030000	-461.260827	1	3737	0.723795	0.058732	0.723795	0.723795	0.723795	0.723795	0.723795	0.000000	1	0.247861	0.249987	0.249969	0.252182	0.638570	0.726677	0.250288	0.368624	0.562786	0.848448	0.126959	0.683469	
2031000	-460.698746	1	3496	0.661192	0.049079	0.661192	0.661192	0.661192	0.661192	0.661192	0.000000	1	0.246149	0.249991	0.249940	0.253920	0.411216	0.356583	0.991849	0.477712	0.454072	0.296650	0.056100	0.525725	
2032000	-460.550976	1	1109	0.610463	0.015258	0.610463	0.610463	0.610463	0.610463	0.610463	0.015258	1	0.238235	0.250008	0.249807	0.261949	0.313627	0.000276	0.940264	0.739698	0.290602	0.839351	0.185727	0.156839	
2033000	-460.638669	1	1726	0.681029	0.018283	0.681029	0.681029	0.681029	0.681029	0.681029	0.018283	1	0.243575	0.249998	0.249955	0.256473	0.698295	0.840266	0.859348	0.468805	0.122305	0.869712	0.168417	0.841132	
2034000	-461.139860	1	903	0.639004	0.000000	0.639004	0.639004	0.639004	0.639004	0.639004	0.018395	1	0.236668	0.249929	0.250108	0.263295	0.305655	0.536667	0.711285	0.303949	0.195085	0.656404	0.637989	0.057059	
2035000	-461.066455	1	3565	0.586264	0.051789	0.586264	0.586264	0.586264	0.586264	0.586264	0.000000	1	0.242326	0.250081	0.249614	0.257979	0.261438	0.068153	0.028101	0.322587	0.030668	0.868720	0.939873	0.695051	
2036000	-461.884677	1	1777	0.764573	0.024673	0.764573	0.764573	0.764573	0.764573	0.764573	0.000000	1	0.248409	0.249977	0.250052	0.251562	0.392922	0.670074	0.790254	0.501983	0.032873	0.504093	0.856462	0.231724	
2037000	-460.657179	1	3104	0.640345	0.011671	0.640345	0.640345	0.640345	0.640345	0.640345	0.011671	1	0.240497	0.249955	0.250017	0.259531	0.925037	0.459102	0.942097	0.852160	0.724704	0.566363	0.023040	0.453887	
2038000	-461.191118	1	1355	0.569392	0.009892	0.569392	0.569392	0.569392	0.569392	0.569392	0.009892	1	0.232827	0.249912	0.249892	0.267369	0.219496	0.201709	0.854400	0.026434	0.020988	0.878464	0.641165	0.922820	
2039000	-461.391091	1	2824	0.564510	0.052591	0.564510	0.564510	0.564510	0.564510	0.564510	0.000000	1	0.240626	0.250156	0.249374	0.259844	0.455926	0.089581	0.803875	0.036571	0.465805	0.066718	0.137306	0.056019	
2040000	-461.813009	1	263	0.725807	0.036631	0.725807	0.725807	0.725807	0.000000	0.725807	0.000000	1	0.253961	0.266418	0.201809	0.277812	0.809143	0.370262	0.382806	0.134818	0.653243	0.624813	0.044588	0.402104	
2041000	-460.558978	1	3312	0.657263	0.014279	0.657263	0.657263	0.657263	0.657263	0.657263	0.014279	1	0.241916	0.249981	0.249972	0.258131	0.021965	0.831673	0.443631	0.652181	0.288845	0.222057	0.467726	0.120177	
2042000	-461.469277	1	5	0.710548	0.020666	0.710548	0.710548	0.710548	0.000000	0.710548	0.000000	1	0.256259	0.265753	0.203385	0.274602	0.322973	0.584033	0.884983	0.987496	0.889740	0.648711	0.643625	0.470978	
2043000	-460.861545	1	545	0.588979	0.041225	0.588979	0.588979	0.588979	0.588979	0.588979	0.000000	1	0.242413	0.250040	0.249802	0.257745	0.383370	0.399570	0.826941	0.273610	0.720273	0.280849	0.260434	0.705553	
2044000	-462.171108	1	2850	0.717949	0.025476	0.717949	0.717949	0.000000	0.717949	0.717949	0.025476	1	0.252204	0.255694	0.233756	0.258346	0.645657	0.357360	0.134176	0.368859	0.577955	0.537868	0.868217	0.931230	
2045000	-461.101922	1	2182	0.724699	0.033056	0.724699	0.724699	0.724699	0.724699	0.724699	0.000000	1	0.247776	0.249977	0.250038	0.252209	0.331186	0.906264	0.154277	0.749862	0.226540	0.445345	0.992466	0.952369	
2046000	-465.978581	1	3109	0.589241	0.012315	0.589241	0.589241	0.012315	0.012315	0.589241	0.000000	0	0.297211	0.334156	0.000726	0.367906	0.828426	0.339975	0.386552	0.901407	0.036980	0.044791	0.385950	0.701285	
2047000	-461.974409	1	2857	0.685069	0.018156	0.685069	0.685069	0.018156	0.018156	0.685069	0.000000	1	0.300713	0.334263	0.001552	0.363471	0.548966	0.987325	0.814602	0.762367	0.697600	0.637994	0.419406	0.670970	
2048000	-460.976384	1	494	0.618752	0.011913	0.618752	0.618752	0.618752	0.000000	0.618752	0.011913	1	0.259784	0.275279	0.175875	0.289062	0.272892	0.909633	0.749014	0.754198	0.891117	0.078826	0.746798	0.156993	
2049000	-460.602166	1	3585	0.637183	0.042049	0.637183	0.637183	0.637183	0.637183	0.637183	0.000000	1	0.245142	0.249990	0.249953	0.254915	0.799807	0.301785	0.641446	0.200240	0.845662	0.263536	0.951441	0.967896	
2050000	-460.920283	1	864	0.654264	0.000000	0.654264	0.654264	0.654264	0.654264	0.654264	0.026608	1	0.238604	0.250007	0.250000	0.261390	0.068783	0.182591	0.418864	0.202705	0.642261	0.373875	0.117511	0.554608	
2051000	-463.866323	1	3684	0.597486	0.045527	0.597486	0.597486	0.597486	0.597486	0.597486	0.000000	0	0.245445	0.250043	0.249972	0.254539	0.086849	0.651409	0.446581	0.748384	0.470486	0.413968	0.408166	0.823022	
2052000	-462.337533	1	2844	0.792591	0.018492	0.792591	0.792591	0.792591	0.000000	0.792591	0.000000	1	0.254479	0.258913	0.223587	0.263022	0.841009	0.477944	0.991402	0.795292	0.433634	0.390926	0.460278	0.053414	
2053000	-461.145035	1	1520	0.694359	0.000000	0.694359	0.694359	0.694359	0.694359	0.694359	0.027378	1	0.241726	0.250008	0.250027	0.258239	0.715747	0.099325	0.494341	0.255989	0.783399	0.593138	0.368674	0.374488	
2054000	-461.707983	1	839	0.764978	0.029240	0.764978	0.764978	0.764978	0.764978	0.764978	0.000000	1	0.248436	0.249982	0.250035	0.251548	0.672629	0.576355	0.385806	0.129664	0.550399	0.310070	0.639736	0.673244	
2055000	-463.795563	1	3705	0.663991	0.000000	0.663991	0.663991	0.058752	0.663991	0.663991	0.058752	1	0.259985	0.258421	0.226228	0.255366	0.184036	0.805234	0.635800	0.653195	0.403652	0.100759	0.758929	0.269459	
2056000	-460.794059	1	1872	0.592506	0.021423	0.592506	0.592506	0.592506	0.592506	0.592506	0.021423	1	0.237062	0.250099	0.249530	0.263308	0.396708	0.894601	0.662270	0.071000	0.927715	0.679263	0.673858	0.307597	
2057000	-462.168848	1	3472	0.596137	0.021843	0.596137	0.596137	0.596137	0.021843	0.596137	0.021843	1	0.256832	0.276477	0.174077	0.292614	0.625893	0.544245	0.212022	0.379465	0.098152	0.143830	0.380472	0.478745	
2058000	-460.778775	1	284	0.628846	0.009228	0.628846	0.628846	0.009228	0.628846	0.628846	0.009228	1	0.248102	0.257711	0.227320	0.266867	0.098453	0.711870	0.296729	0.557121	0.090328	0.626716	0.420908	0.762114	
2059000	-463.169515	1	570	0.653089	0.032200	0.653089	0.653089	0.000000	0.000000	0.653089	0.000000	1	0.273540	0.335264	0.000000	0.391196	0.314722	0.444582	0.132590	0.116655	0.047369	0.584813	0.638320	0.097732	
2060000	-461.525272	1	2451	0.732369	0.000000	0.732369	0.732369	0.732369	0.732369	0.732369	0.032332	1	0.244025	0.250017	0.250022	0.255935	0.774084	0.791374	0.614498	0.673671	0.409290	0.172015	0.898238	0.596841	
2061000	-460.924116	1	295	0.615770	0.000000	0.615770	0.615770	0.615770	0.615770	0.615770	0.029638	1	0.234846	0.250045	0.249865	0.265245	0.709972	0.377042	0.014557	0.118619	0.044660	0.805636	0.045054	0.833625	
2062000	-461.183623	1	782	0.691214	0.000000	0.691214	0.691214	0.691214	0.691214	0.691214	0.023686	1	0.241379	0.249993	0.250045	0.258583	0.571340	0.757274	0.697273	0.054234	0.571932	0.539407	0.635604	0.322996	
2063000	-461.854286	1	2864	0.560664	0.014546	0.560664	0.560664	0.560664	0.000000	0.560664	0.014546	1	0.258207	0.283934	0.151175	0.306684	0.110533	0.295191	0.597782	0.606997	0.558168	0.573479	0.616637	0.108210	
2064000	-461.341163	1	1742	0.572794	0.008878	0.572794	0.572794	0.000000	0.572794	0.572794	0.008878	1	0.246582	0.262261	0.213940	0.277217	0.728957	0.633594	0.110343	0.564348	0.175468	0.214445	0.408238	0.997426	
2065000	-462.811105	1	3542	0.777645	0.010498	0.777645	0.777645	0.010498	0.000000	0.777645	0.000000	1	0.318472	0.334237	0.000124	0.347167	0.896282	0.606784	0.611165	0.262741	0.778252	0.520421	0.250099	0.950509	
2066000	-460.695997	1	1981	0.671363	0.012251	0.671363	0.671363	0.012251	0.671363	0.671363	0.012251	1	0.249423	0.255780	0.233108	0.261689	0.112956	0.593942	0.481632	0.978179	0.524976	0.753424	0.671548	0.261100	
2067000	-462.294961	1	2900	0.631828	0.045890	0.631828	0.631828	0.631828	0.000000	0.631828	0.000000	1	0.249051	0.279229	0.164061	0.307660	0.622304	0.812155	0.471605	0.820886	0.602993	0.094340	0.565899	0.045043	
2068000	-461.505134	1	3810	0.690538	0.074955	0.690538	0.690538	0.690538	0.690538	0.690538	0.000000	1	0.247145	0.249990	0.249906	0.252958	0.450367	0.527282	0.682847	0.039324	0.128350	0.519938	0.490877	0.769424	
2069000	-462.067097	1	1062	0.552506	0.066528	0.552506	0.552506	0.552506	0.552506	0.552506	0.000000	1	0.239612	0.250246	0.248973	0.261170	0.554931	0.883700	0.096891	0.412869	0.573004	0.231096	0.849209	0.395811	
2070000	-460.736096	1	480	0.665849	0.029313	0.665849	0.665849	0.665849	0.665849	0.665849	0.000000	1	0.246162	0.249954	0.250106	0.253778	0.936168	0.167177	0.532282	0.025266	0.065140	0.496266	0.644950	0.710402	
2071000	-460.616472	1	2387	0.625440	0.040315	0.625440	0.625440	0.625440	0.625440	0.625440	0.000000	1	0.244570	0.249993	0.249950	0.255488	0.154501	0.635585	0.125361	0.054740	0.249484	0.255683	0.074405	0.869952	
2072000	-461.386379	1	64	0.639567	0.029572	0.639567	0.639567	0.639567	0.029572	0.639567	0.000000	1	0.252425	0.271741	0.185811	0.290023	0.299542	0.672128	0.036838	0.841565	0.460024	0.060357	0.118483	0.270043	
2073000	-460.978094	1	2569	0.610187	0.000000	0.610187	0.610187	0.610187	0.610187	0.610187	0.032515	1	0.234391	0.250075	0.249808	0.265726	0.315521	0.912233	0.367451	0.312794	0.033103	0.530229	0.036515	0.525685	
2074000	-465.691901	1	2848	0.564093	0.019277	0.564093	0.564093	0.564093	0.000000	0.564093	0.000000	0	0.257105	0.282899	0.152559	0.307437	0.753652	0.522561	0.944140	0.373908	0.308030	0.684770	0.618905	0.791507	
2075000	-460.893208	1	1457	0.589157	0.030432	0.589157	0.589157	0.589157	0.589157	0.589157	0.000000	1	0.242258	0.249969	0.250082	0.257690	0.222228	0.995122	0.320198	0.692013	0.574252	0.551280	0.458712	0.326137	
2076000	-461.841747	1	3330	0.687887	0.000000	0.687887	0.687887	0.029946	0.687887	0.687887	0.029946	1	0.251598	0.255282	0.234751	0.258369	0.526659	0.779949	0.997933	0.862580	0.039247	0.637657	0.324481	0.313315	
2077000	-463.238382	1	1156	0.783074	0.026245	0.783074	0.783074	0.783074	0.000000	0.783074	0.026245	1	0.255512	0.259763	0.221935	0.262791	0.268057	0.288340	0.404134	0.082952	0.681670	0.059911	0.207702	0.181237	
2078000	-461.612582	1	767	0.743760	0.064819	0.743760	0.743760	0.743760	0.743760	0.743760	0.000000	1	0.248232	0.249988	0.249972	0.251809	0.135976	0.978521	0.184340	0.973954	0.421441	0.822405	0.446427	0.045969	
2079000	-461.854027	1	694	0.686848	0.005463	0.686848	0.686848	0.005463	0.005463	0.686848	0.005463	1	0.323485	0.334575	0.000147	0.341793	0.655804	0.456342	0.448149	0.769444	0.515627	0.025988	0.177466	0.598542	
2080000	-461.311822	1	1317	0.757802	0.012765	0.757802	0.757802	0.000000	0.757802	0.757802	0.012765	1	0.250127	0.253111	0.240890	0.255872	0.812495	0.195415	0.074910	0.330492	0.464497	0.659693	0.194056	0.040522	
2081000	-461.095078	1	1471	0.722551	0.050505	0.722551	0.722551	0.722551	0.722551	0.722551	0.000000	1	0.247810	0.249986	0.249984	0.252220	0.274533	0.772934	0.186028	0.856161	0.463830	0.524792	0.693912	0.271461	
2082000	-461.378955	1	1701	0.660838	0.007175	0.660838	0.660838	0.660838	0.660838	0.660838	0.007175	1	0.241629	0.249888	0.250239	0.258245	0.944070	0.193654	0.182366	0.545164	0.981639	0.692358	0.008780	0.837853	
2083000	-461.218911	1	1435	0.597600	0.000000	0.597600	0.597600	0.597600	0.597600	0.597600	0.039183	1	0.233347	0.250153	0.249671	0.266830	0.672049	0.628385	0.024530	0.873703	0.762898	0.173510	0.080770	0.103432	
2084000	-461.569899	1	3524	0.742891	0.015995	0.742891	0.742891	0.742891	0.000000	0.742891	0.015995	1	0.256845	0.262402	0.213796	0.266958	0.283859	0.339151	0.179935	0.381939	0.088447	0.988168	0.753618	0.152548	
2085000	-460.680707	1	1580	0.674295	0.044245	0.674295	0.674295	0.674295	0.674295	0.674295	0.000000	1	0.246560	0.249984	0.249981	0.253476	0.913576	0.996452	0.483679	0.814106	0.901667	0.553703	0.775840	0.388649	
2086000	-462.102417	1	440	0.634223	0.010075	0.634223	0.634223	0.000000	0.000000	0.634223	0.010075	1	0.318099	0.336045	0.000000	0.345856	0.623230	0.313933	0.130544	0.836855	0.077386	0.338292	0.077181	0.027691	
2087000	-461.013930	1	2803	0.598456	0.054716	0.598456	0.598456	0.598456	0.598456	0.598456	0.000000	1	0.243165	0.250058	0.249671	0.257105	0.358033	0.843076	0.953291	0.591527	0.235294	0.899852	0.572653	0.516436	
2088000	-461.444441	1	16	0.620739	0.021021	0.620739	0.620739	0.620739	0.021021	0.620739	0.000000	1	0.254808	0.273671	0.179831	0.291690	0.646784	0.512127	0.377868	0.408110	0.507153	0.657112	0.384339	0.122360	
2089000	-462.992439	1	1499	0.626468	0.028704	0.626468	0.626468	0.626468	0.028704	0.626468	0.028704	1	0.256404	0.272122	0.187366	0.284108	0.226943	0.714482	0.302891	0.030258	0.961583	0.529984	0.865356	0.325757	
2090000	-461.230467	1	2144	0.673935	0.000000	0.673935	0.673935	0.673935	0.673935	0.673935	0.019243	1	0.239913	0.249962	0.250089	0.260036	0.724250	0.612671	0.555848	0.270313	0.158462	0.657825	0.419911	0.680921	
2091000	-460.616472	1	2387	0.625440	0.040315	0.625440	0.625440	0.625440	0.625440	0.625440	0.000000	1	0.244570	0.249993	0.249950	0.255488	0.871813	0.995991	0.724682	0.523275	0.405236	0.833280	0.972148	0.623941	
2092000	-462.386360	1	3184	0.617385	0.094059	0.617385	0.617385	0.617385	0.617385	0.617385	0.000000	1	0.244369	0.250036	0.249574	0.256021	0.825058	0.346239	0.221435	0.389790	0.630240	0.551704	0.244532	0.566044	
2093000	-460.906339	1	1588	0.650656	0.000000	0.650656	0.650656	0.650656	0.650656	0.650656	0.027112	1	0.238304	0.250010	0.249990	0.261696	0.851674	0.165042	0.234276	0.813353	0.468328	0.858654	0.081312	0.077324	
2094000	-461.691991	1	717	0.685469	0.000000	0.685469	0.685469	0.685469	0.685469	0.685469	0.053503	1	0.242089	0.250080	0.249975	0.257856	0.381818	0.156749	0.404708	0.283779	0.600358	0.597427	0.207603	0.914893	
2095000	-461.540279	1	3494	0.733907	0.065948	0.733907	0.733907	0.733907	0.733907	0.733907	0.000000	1	0.248068	0.249988	0.249965	0.251979	0.535993	0.138299	0.519351	0.159879	0.476489	0.708055	0.790128	0.639223	
2096000	-460.695938	1	2527	0.624375	0.047409	0.624375	0.624375	0.624375	0.624375	0.624375	0.000000	1	0.244577	0.250009	0.249870	0.255544	0.409545	0.606269	0.198396	0.429454	0.955412	0.725401	0.483822	0.852039	
2097000	-461.163974	1	1655	0.713470	0.011270	0.713470	0.713470	0.713470	0.713470	0.713470	0.011270	1	0.244801	0.249973	0.250044	0.255183	0.799556	0.359470	0.851568	0.352303	0.698523	0.579935	0.622941	0.084119	
2098000	-460.901139	1	2945	0.622076	0.000000	0.622076	0.622076	0.622076	0.622076	0.622076	0.027924	1	0.235450	0.250025	0.249910	0.264615	0.015512	0.733702	0.171476	0.387202	0.655652	0.624487	0.819211	0.543914	
2099000	-460.583836	1	3341	0.659536	0.020479	0.659536	0.659536	0.659536	0.659536	0.659536	0.020479	1	0.242459	0.250012	0.249897	0.257632	0.310702	0.961795	0.975119	0.513589	0.746314	0.168996	0.630005	0.485667	
2100000	-462.222136	1	1691	0.736894	0.000000	0.736894	0.736894	0.000000	0.736894	0.736894	0.013733	1	0.247645	0.252252	0.243364	0.256739	0.977951	0.051020	0.835994	0.026820	0.201083	0.608043	0.256857	0.050752	
2101000	-460.573094	1	3560	0.631030	0.012930	0.631030	0.631030	0.631030	0.631030	0.631030	0.012930	1	0.239854	0.249971	0.249957	0.260219	0.670310	0.896896	0.449045	0.099830	0.387230	0.022349	0.118630	0.904758	
2102000	-461.139985	1	2760	0.600493	0.000000	0.600493	0.600493	0.600493	0.600493	0.600493	0.020058	1	0.232187	0.249927	0.249993	0.267893	0.210084	0.120751	0.531275	0.868029	0.751419	0.610606	0.747216	0.437107	
2103000	-461.175418	1	57	0.670702	0.000000	0.670702	0.670702	0.670702	0.670702	0.670702	0.041586	1	0.240627	0.250064	0.249964	0.259345	0.053136	0.557558	0.080655	0.572341	0.863448	0.268059	0.369284	0.424177	
2104000	-461.245742	1	2982	0.706741	0.063737	0.706741	0.706741	0.706741	0.706741	0.706741	0.000000	1	0.247515	0.249988	0.249947	0.252549	0.646500	0.056743	0.691902	0.513454	0.169181	0.298475	0.634495	0.383875	
2105000	-460.771756	1	2329	0.604557	0.045295	0.604557	0.604557	0.604557	0.604557	0.604557	0.000000	1	0.243468	0.250028	0.249817	0.256687	0.666500	0.007049	0.735182	0.195188	0.434148	0.746733	0.757847	0.275568	
2106000	-460.574949	1	2681	0.609432	0.018531	0.609432	0.609432	0.609432	0.609432	0.609432	0.018531	1	0.238452	0.250043	0.249720	0.261785	0.404886	0.941375	0.040077	0.675685	0.198848	0.822307	0.529534	0.870783	
2107000	-460.928157	1	3545	0.637243	0.027414	0.637243	0.637243	0.637243	0.637243	0.637243	0.027414	1	0.241427	0.250053	0.249770	0.258749	0.513128	0.915844	0.677578	0.942038	0.500147	0.514616	0.289596	0.431211	
2108000	-461.693746	1	2147	0.617949	0.014215	0.617949	0.617949	0.617949	0.617949	0.617949	0.000000	1	0.243642	0.249703	0.250939	0.255717	0.365977	0.619895	0.151258	0.745106	0.417200	0.644847	0.500998	0.659826	
2109000	-465.612616	1	2873	0.633259	0.000000	0.633259	0.633259	0.032567	0.633259	0.633259	0.032567	0	0.251293	0.257330	0.229050	0.262327	0.478750	0.941490	0.216758	0.115767	0.000534	0.541149	0.171045	0.082981	
2110000	-461.621939	1	751	0.692707	0.015112	0.692707	0.692707	0.692707	0.000000	0.692707	0.000000	1	0.257438	0.266674	0.200499	0.275389	0.815877	0.255779	0.127293	0.485675	0.536439	0.267609	0.813192	0.651047	
2111000	-461.701226	1	1569	0.750843	0.026572	0.750843	0.750843	0.750843	0.026572	0.750843	0.000000	1	0.253543	0.260940	0.217728	0.267789	0.720577	0.579023	0.186512	0.542854	0.677392	0.634187	0.948811	0.669063	
2112000	-462.266228	1	763	0.731845	0.011373	0.731845	0.731845	0.011373	0.011373	0.731845	0.000000	1	0.314366	0.334144	0.000623	0.350867	0.862539	0.007904	0.776539	0.249287	0.339007	0.492797	0.606455	0.420894	
2113000	-461.875422	1	724	0.588718	0.076428	0.588718	0.588718	0.588718	0.588718	0.588718	0.000000	1	0.242608	0.250099	0.249406	0.257888	0.932178	0.478201	0.853629	0.260010	0.471332	0.969253	0.932996	0.883985	
2114000	-460.488256	1	2847	0.637471	0.017389	0.637471	0.637471	0.637471	0.637471	0.637471	0.017389	1	0.240728	0.250008	0.249872	0.259392	0.808686	0.380553	0.083665	0.720239	0.846324	0.149143	0.794181	0.161545	
2115000	-460.783429	1	1331	0.620798	0.010175	0.620798	0.620798	0.010175	0.620798	0.620798	0.010175	1	0.248143	0.258304	0.225644	0.267909	0.013023	0.341423	0.710756	0.448823	0.125518	0.027079	0.308083	0.330962	
2116000	-461.330099	1	3420	0.724161	0.061503	0.724161	0.724161	0.724161	0.724161	0.724161	0.000000	1	0.247876	0.249988	0.249965	0.252171	0.749970	0.149464	0.189051	0.187505	0.733349	0.190211	0.358792	0.864131	
2117000	-461.006899	1	4	0.629872	0.007735	0.629872	0.629872	0.629872	0.000000	0.629872	0.007735	1	0.259945	0.273544	0.180332	0.286179	0.851625	0.070354	0.120409	0.796341	0.805093	0.813588	0.487376	0.477643	
2118000	-461.517800	1	40	0.730909	0.023063	0.730909	0.730909	0.730909	0.730909	0.730909	0.000000	1	0.247836	0.249963	0.250094	0.252107	0.119105	0.345469	0.480278	0.369680	0.319548	0.244471	0.328601	0.468049	
2119000	-460.669034	1	3411	0.635174	0.047571	0.635174	0.635174	0.635174	0.635174	0.635174	0.000000	1	0.245093	0.250001	0.249899	0.255006	0.987213	0.440298	0.663761	0.094183	0.505090	0.214021	0.240699	0.609274	
2120000	-461.230467	1	2144	0.673935	0.000000	0.673935	0.673935	0.673935	0.673935	0.673935	0.019243	1	0.239913	0.249962	0.250089	0.260036	0.681113	0.110112	0.622700	0.564307	0.850073	0.400568	0.136952	0.656391	
2121000	-461.045031	1	1498	0.677593	0.014973	0.677593	0.677593	0.677593	0.014973	0.677593	0.014973	1	0.257598	0.267094	0.200111	0.275196	0.204316	0.804736	0.337711	0.419728	0.566503	0.967992	0.719959	0.771526	
2122000	-460.742220	1	3490	0.687635	0.043256	0.687635	0.687635	0.687635	0.687635	0.687635	0.000000	1	0.246951	0.249982	0.249993	0.253074	0.386455	0.620693	0.996725	0.936844	0.013733	0.673021	0.437486	0.350765	
2123000	-461.122066	1	99	0.681201	0.006417	0.681201	0.681201	0.006417	0.681201	0.681201	0.006417	1	0.248072	0.254442	0.236832	0.260654	0.550626	0.353217	0.546805	0.050898	0.190450	0.211430	0.435074	0.433853	
2124000	-461.293259	1	331	0.652899	0.000000	0.652899	0.652899	0.652899	0.652899	0.652899	0.016630	1	0.237943	0.249920	0.250150	0.261987	0.369150	0.728126	0.987437	0.550746	0.164614	0.702502	0.883705	0.738896	
2125000	-460.509485	1	386	0.625385	0.018115	0.625385	0.625385	0.625385	0.625385	0.625385	0.018115	1	0.239824	0.250022	0.249813	0.260340	0.985163	0.244778	0.408345	0.344370	0.354260	0.785828	0.595158	0.315671	
2126000	-463.853289	1	832	0.597578	0.062392	0.597578	0.597578	0.597578	0.000000	0.597578	0.000000	1	0.238923	0.287157	0.140176	0.333745	0.465452	0.859690	0.195033	0.504406	0.779164	0.458573	0.879188	0.821300	
2127000	-461.616414	1	2698	0.575416	0.065248	0.575416	0.575416	0.575416	0.575416	0.575416	0.000000	1	0.241598	0.250136	0.249345	0.258921	0.263466	0.946055	0.771782	0.896146	0.542581	0.544208	0.803604	0.607560	
2128000	-461.995380	1	508	0.634485	0.000000	0.634485	0.634485	0.634485	0.634485	0.634485	0.010453	1	0.235605	0.249753	0.250512	0.264131	0.129489	0.572962	0.633905	0.732526	0.131516	0.968377	0.072640	0.505430	
2129000	-460.726105	1	1303	0.645235	0.027828	0.645235	0.645235	0.645235	0.645235	0.645235	0.000000	1	0.245344	0.249942	0.250150	0.254564	0.467310	0.166244	0.268826	0.534603	0.801007	0.025199	0.641172	0.990498	
2130000	-460.868321	1	3808	0.669541	0.056487	0.669541	0.669541	0.669541	0.669541	0.669541	0.000000	1	0.246470	0.249993	0.249920	0.253618	0.655435	0.971577	0.075755	0.606414	0.896925	0.891819	0.105469	0.657504	
2131000	-461.723925	1	1916	0.742298	0.020652	0.742298	0.742298	0.000000	0.742298	0.742298	0.020652	1	0.251340	0.254368	0.237405	0.256887	0.640404	0.589642	0.161305	0.291356	0.960563	0.074576	0.044397	0.851863	
2132000	-466.227880	1	3910	0.566883	0.011339	0.566883	0.566883	0.000000	0.000000	0.566883	0.011339	0	0.309864	0.336890	0.000000	0.353246	0.117053	0.968406	0.654009	0.882404	0.754632	0.462377	0.439573	0.712614	
2133000	-462.088990	1	3886	0.600185	0.000000	0.600185	0.600185	0.026758	0.600185	0.600185	0.026758	1	0.251119	0.260013	0.221227	0.267641	0.863713	0.198235	0.124075	0.794418	0.122545	0.264792	0.953392	0.632041	
2134000	-461.778629	1	1453	0.596313	0.018493	0.596313	0.596313	0.596313	0.000000	0.596313	0.018493	1	0.259184	0.278868	0.166623	0.295326	0.196159	0.738297	0.596729	0.755613	0.040404	0.591247	0.142847	0.459828	
2135000	-461.752891	1	1262	0.739402	0.000000	0.739402	0.739402	0.739402	0.739402	0.739402	0.041746	1	0.244578	0.250031	0.250015	0.255377	0.716053	0.269081	0.622555	0.758035	0.833997	0.304367	0.932376	0.363177	
2136000	-462.946695	1	1033	0.708712	0.009420	0.708712	0.708712	0.708712	0.708712	0.708712	0.000000	1	0.247149	0.249834	0.250505	0.252511	0.340379	0.439391	0.193371	0.096507	0.654144	0.463100	0.360212	0.254496	
2137000	-461.413819	1	2354	0.677589	0.073790	0.677589	0.677589	0.677589	0.677589	0.677589	0.000000	1	0.246778	0.249993	0.249885	0.253345	0.037346	0.711471	0.589339	0.666251	0.864686	0.911497	0.281725	0.813061	
2138000	-460.611150	1	332	0.635539	0.012266	0.635539	0.635539	0.635539	0.635539	0.635539	0.012266	1	0.240166	0.249962	0.249988	0.259884	0.134286	0.453701	0.952539	0.658130	0.015673	0.529518	0.001966	0.280642	
2139000	-460.940562	1	1912	0.674748	0.026723	0.674748	0.674748	0.674748	0.674748	0.674748	0.026723	1	0.243674	0.250021	0.249896	0.256410	0.465073	0.633158	0.074860	0.026709	0.404774	0.931117	0.460184	0.941803	
2140000	-465.643912	1	1010	0.757081	0.000000	0.757081	0.757081	0.757081	0.757081	0.757081	0.038059	0	0.244921	0.250013	0.250046	0.255021	0.216345	0.161319	0.362398	0.315252	0.499397	0.676449	0.272210	0.658895	
2141000	-461.582604	1	2236	0.665096	0.079006	0.665096	0.665096	0.665096	0.665096	0.665096	0.000000	1	0.246392	0.249997	0.249843	0.253768	0.438644	0.594603	0.772622	0.084008	0.662026	0.929359	0.835275	0.571965	
2142000	-460.765556	1	3713	0.692447	0.041779	0.692447	0.692447	0.692447	0.692447	0.692447	0.000000	1	0.247074	0.249981	0.250002	0.252943	0.353910	0.923822	0.027630	0.784083	0.515880	0.245653	0.789478	0.346745	
2143000	-460.827826	1	2722	0.690271	0.012712	0.690271	0.690271	0.690271	0.690271	0.690271	0.012712	1	0.243769	0.249975	0.250024	0.256233	0.463195	0.300531	0.947491	0.415290	0.819554	0.785214	0.565038	0.461514	
2144000	-461.633946	1	1733	0.567191	0.062096	0.567191	0.567191	0.567191	0.567191	0.567191	0.000000	1	0.240917	0.250165	0.249272	0.259646	0.286598	0.206763	0.079756	0.565627	0.669604	0.064471	0.533483	0.065182	
2145000	-460.738934	1	359	0.686959	0.036057	0.686959	0.686959	0.686959	0.686959	0.686959	0.000000	1	0.246887	0.249974	0.250033	0.253106	0.540702	0.931088	0.715420	0.836445	0.727851	0.869485	0.050434	0.678988	
2146000	-462.237105	1	821	0.612105	0.009603	0.612105	0.612105	0.000000	0.000000	0.612105	0.000000	1	0.302503	0.334192	0.000000	0.363305	0.359672	0.084872	0.768507	0.724440	0.098998	0.062581	0.144694	0.483432	
2147000	-461.149932	1	3313	0.595678	0.007567	0.595678	0.595678	0.007567	0.595678	0.595678	0.007567	1	0.246485	0.259579	0.221701	0.272235	0.287054	0.595765	0.849784	0.106402	0.382431	0.056594	0.820797	0.873956	
2148000	-461.469277	1	5	0.710548	0.020666	0.710548	0.710548	0.710548	0.000000	0.710548	0.000000	1	0.256259	0.265753	0.203385	0.274602	0.900675	0.960355	0.096182	0.507084	0.964111	0.178654	0.930180	0.082385	
2149000	-461.457285	1	3234	0.566884	0.056406	0.566884	0.566884	0.566884	0.566884	0.566884	0.000000	1	0.240858	0.250156	0.249345	0.259642	0.603093	0.374670	0.234558	0.709943	0.450000	0.529459	0.303306	0.026237	
2150000	-461.137009	1	46	0.654084	0.000000	0.654084	0.654084	0.654084	0.654084	0.654084	0.019117	1	0.238194	0.249949	0.250094	0.261763	0.556219	0.323021	0.524209	0.334672	0.517454	0.199013	0.476875	0.286613	
2151000	-461.953590	1	1152	0.646766	0.041552	0.646766	0.646766	0.646766	0.000000	0.646766	0.000000	1	0.251292	0.276423	0.172340	0.299945	0.644535	0.940479	0.404691	0.892199	0.792444	0.025210	0.738136	0.999033	
2152000	-462.544311	1	2148	0.644235	0.008050	0.644235	0.644235	0.644235	0.000000	0.644235	0.000000	1	0.259964	0.270729	0.188179	0.281128	0.871923	0.821215	0.346284	0.916264	0.872999	0.215932	0.833843	0.226776	
2153000	-461.845632	1	523	0.606477	0.036245	0.606477	0.606477	0.606477	0.036245	0.606477	0.000000	1	0.248336	0.276123	0.172808	0.302733	0.668841	0.548211	0.188088	0.480973	0.738728	0.172517	0.327102	0.253089	
2154000	-461.091581	1	2422	0.714985	0.011121	0.714985	0.714985	0.714985	0.000000	0.714985	0.011121	1	0.257796	0.264567	0.207137	0.270500	0.508855	0.790876	0.202187	0.874372	0.998934	0.946647	0.279118	0.857622	
2155000	-463.307563	1	2009	0.708989	0.014611	0.708989	0.708989	0.000000	0.000000	0.708989	0.014611	1	0.324272	0.336778	0.000000	0.338950	0.747391	0.164644	0.568191	0.625568	0.758063	0.540494	0.327464	0.787753	
2156000	-461.076465	1	3600	0.618206	0.000000	0.618206	0.618206	0.618206	0.618206	0.618206	0.038619	1	0.235725	0.250108	0.249809	0.264358	0.769716	0.389355	0.728808	0.249313	0.794789	0.186578	0.633121	0.554117	
2157000	-462.426043	1	744	0.544193	0.070960	0.544193	0.544193	0.544193	0.544193	0.544193	0.000000	1	0.238792	0.250305	0.248738	0.262165	0.931268	0.069074	0.560802	0.628787	0.845999	0.023819	0.679114	0.702343	
2158000	-461.405920	1	560	0.558549	0.024374	0.558549	0.558549	0.558549	0.558549	0.558549	0.024374	1	0.233425	0.250255	0.248996	0.267324	0.862498	0.940352	0.111536	0.052266	0.834663	0.353555	0.073452	0.358481	
2159000	-460.905212	1	2979	0.674364	0.009209	0.674364	0.674364	0.674364	0.000000	0.674364	0.009209	1	0.259035	0.268461	0.195520	0.276983	0.246681	0.864827	0.258154	0.038587	0.062976	0.423797	0.803411	0.030867	
2160000	-460.775430	1	2701	0.599169	0.032648	0.599169	0.599169	0.599169	0.599169	0.599169	0.000000	1	0.242976	0.249978	0.250035	0.257011	0.659255	0.272977	0.990895	0.723529	0.707224	0.811510	0.367170	0.867121	
2161000	-460.604273	1	1077	0.628431	0.036671	0.628431	0.628431	0.628431	0.628431	0.628431	0.000000	1	0.244681	0.249980	0.250003	0.255336	0.514574	0.525598	0.522012	0.197151	0.305318	0.995404	0.851866	0.951038	
2162000	-461.396892	1	2939	0.646267	0.018188	0.646267	0.646267	0.646267	0.018188	0.646267	0.000000	1	0.256090	0.270393	0.189521	0.283995	0.809858	0.580363	0.817310	0.684146	0.381511	0.978806	0.356579	0.456090	
2163000	-460.647841	1	3440	0.669173	0.035819	0.669173	0.669173	0.669173	0.669173	0.669173	0.000000	1	0.246335	0.249972	0.250035	0.253657	0.408705	0.356514	0.479305	0.207658	0.675206	0.590373	0.371412	0.341705	
2164000	-461.835310	1	1363	0.530850	0.035927	0.530850	0.530850	0.530850	0.530850	0.530850	0.000000	1	0.236985	0.250228	0.249356	0.263431	0.655846	0.425554	0.429264	0.890284	0.227102	0.735304	0.077239	0.682185	
2165000	-461.307931	1	1352	0.624159	0.017585	0.624159	0.624159	0.624159	0.624159	0.624159	0.000000	1	0.244122	0.249811	0.250594	0.255474	0.290434	0.291353	0.579295	0.331890	0.690130	0.850490	0.569100	0.519409	
2166000	-461.603958	1	2581	0.660774	0.000000	0.660774	0.660774	0.020234	0.660774	0.660774	0.020234	1	0.248644	0.255546	0.233832	0.261978	0.432862	0.281629	0.980721	0.458628	0.839679	0.540656	0.631808	0.130756	
2167000	-461.373094	1	1714	0.747920	0.050664	0.747920	0.747920	0.747920	0.747920	0.747920	0.000000	1	0.248260	0.249987	0.249991	0.251761	0.037807	0.551643	0.855806	0.469195	0.442698	0.995365	0.891246	0.596294	
2168000	-461.831735	1	1600	0.681014	0.000000	0.681014	0.681014	0.000000	0.681014	0.681014	0.014532	1	0.247827	0.254742	0.236034	0.261397	0.288338	0.836183	0.236447	0.855934	0.956238	0.515936	0.599122	0.336259	
2169000	-460.761573	1	1697	0.691830	0.037743	0.691830	0.691830	0.691830	0.691830	0.691830	0.000000	1	0.247033	0.249977	0.250023	0.252967	0.542968	0.531949	0.264976	0.783924	0.833123	0.355077	0.222538	0.403079	
2170000	-461.300228	1	2318	0.709301	0.022765	0.709301	0.709301	0.709301	0.709301	0.709301	0.000000	1	0.247366	0.249952	0.250127	0.252555	0.408371	0.694551	0.683095	0.628043	0.628124	0.729125	0.438423	0.515765	
2171000	-461.598481	1	1579	0.741742	0.065111	0.741742	0.741742	0.741742	0.741742	0.741742	0.000000	1	0.248200	0.249988	0.249970	0.251842	0.207298	0.891147	0.793570	0.890361	0.417519	0.649577	0.399214	0.395566	
2172000	-461.243320	1	913	0.740388	0.035862	0.740388	0.740388	0.740388	0.740388	0.740388	0.000000	1	0.248082	0.249982	0.250023	0.251913	0.814915	0.028724	0.753282	0.615584	0.293154	0.534010	0.713528	0.147240	
2173000	-463.156845	1	1488	0.781492	0.023015	0.781492	0.781492	0.023015	0.000000	0.781492	0.000000	1	0.305451	0.334966	0.000552	0.359031	0.994872	0.255571	0.231527	0.097698	0.873753	0.187533	0.492256	0.002533	
2174000	-461.698452	1	3443	0.711274	0.007591	0.711274	0.711274	0.711274	0.711274	0.711274	0.007591	1	0.244526	0.249944	0.250125	0.255405	0.810079	0.295234	0.743433	0.090675	0.267043	0.836579	0.255537	0.092756	
2175000	-461.064690	1	3216	0.578417	0.027823	0.578417	0.578417	0.578417	0.578417	0.578417	0.000000	1	0.241397	0.249950	0.250169	0.258484	0.770314	0.856769	0.307773	0.992629	0.786300	0.806537	0.782048	0.266637	
2176000	-460.577163	1	3896	0.619689	0.020166	0.619689	0.619689	0.619689	0.619689	0.619689	0.020166	1	0.239516	0.250042	0.249752	0.260690	0.290632	0.761375	0.649239	0.390322	0.737956	0.358861	0.993112	0.226185	
2177000	-461.438390	1	2673	0.648362	0.020751	0.648362	0.648362	0.000000	0.648362	0.648362	0.020751	1	0.251999	0.258882	0.224567	0.264552	0.603629	0.262818	0.887470	0.313961	0.145109	0.747773	0.408653	0.288182	
2178000	-464.203083	1	1164	0.570621	0.117078	0.570621	0.570621	0.570621	0.570621	0.570621	0.000000	1	0.241148	0.250140	0.248913	0.259799	0.680624	0.564071	0.608482	0.657276	0.417031	0.407383	0.351373	0.292911	
2179000	-461.146734	1	3889	0.626096	0.000000	0.626096	0.626096	0.626096	0.626096	0.626096	0.041753	1	0.236755	0.250114	0.249835	0.263297	0.758919	0.514771	0.647756	0.144756	0.089944	0.955751	0.118977	0.523244	
2180000	-463.073484	1	2322	0.804067	0.048054	0.804067	0.804067	0.804067	0.000000	0.804067	0.000000	1	0.252580	0.260986	0.217930	0.268504	0.121850	0.787989	0.160792	0.018441	0.650645	0.084773	0.446773	0.518260	
2181000	-462.106022	1	579	0.565646	0.073717	0.565646	0.565646	0.565646	0.565646	0.565646	0.000000	1	0.240822	0.250183	0.249122	0.259873	0.991724	0.886957	0.816342	0.889738	0.495109	0.027965	0.607761	0.783435	
2182000	-461.267960	1	3284	0.752508	0.010398	0.752508	0.752508	0.000000	0.752508	0.752508	0.010398	1	0.249705	0.252946	0.241337	0.256013	0.867263	0.031733	0.321719	0.848684	0.434705	0.840438	0.791741	0.007594	
2183000	-460.888567	1	179	0.706671	0.044701	0.706671	0.706671	0.706671	0.706671	0.706671	0.000000	1	0.247444	0.249983	0.249995	0.252578	0.487526	0.859694	0.136110	0.312865	0.427208	0.151475	0.467098	0.217763	
2184000	-461.125277	1	3794	0.675241	0.029412	0.675241	0.675241	0.675241	0.675241	0.675241	0.029412	1	0.243832	0.250025	0.249887	0.256256	0.198784	0.392504	0.739081	0.726424	0.370916	0.215566	0.844323	0.511477	
2185000	-461.069379	1	666	0.684514	0.023230	0.684514	0.684514	0.684514	0.684514	0.684514	0.000000	1	0.246704	0.249939	0.250166	0.253191	0.898182	0.858673	0.852792	0.780691	0.896631	0.242328	0.204896	0.732805	
2186000	-461.029372	1	3914	0.703354	0.027574	0.703354	0.703354	0.703354	0.703354	0.703354	0.000000	1	0.247261	0.249962	0.250087	0.252689	0.450707	0.039364	0.604707	0.324895	0.451734	0.928623	0.878226	0.874544	
2187000	-460.827826	1	2722	0.690271	0.012712	0.690271	0.690271	0.690271	0.690271	0.690271	0.012712	1	0.243769	0.249975	0.250024	0.256233	0.235109	0.303198	0.942418	0.575968	0.599350	0.121439	0.704860	0.830236	
2188000	-461.118123	1	1962	0.572558	0.045614	0.572558	0.572558	0.572558	0.572558	0.572558	0.000000	1	0.241230	0.250101	0.249593	0.259076	0.358458	0.840318	0.950034	0.560193	0.905480	0.728455	0.269296	0.778872	
2189000	-461.569276	1	567	0.564140	0.008901	0.564140	0.564140	0.564140	0.000000	0.564140	0.008901	1	0.258908	0.282826	0.153073	0.305193	0.884369	0.886904	0.183670	0.173059	0.208361	0.443225	0.310141	0.130227	
2190000	-461.191565	1	3756	0.728995	0.013296	0.728995	0.728995	0.728995	0.728995	0.728995	0.013296	1	0.245511	0.249984	0.250020	0.254485	0.984046	0.809705	0.067589	0.661322	0.036039	0.461334	0.253161	0.662320	
2191000	-461.119769	1	2102	0.730349	0.036515	0.730349	0.730349	0.730349	0.730349	0.730349	0.000000	1	0.247903	0.249981	0.250023	0.252093	0.204462	0.861508	0.454714	0.723629	0.701477	0.299746	0.943611	0.152530	
2192000	-461.500177	1	3173	0.726797	0.026320	0.726797	0.726797	0.726797	0.026320	0.726797	0.000000	1	0.253832	0.262800	0.212234	0.271134	0.648237	0.178385	0.995514	0.721161	0.026211	0.189423	0.743736	0.554122	
2193000	-461.064383	1	2888	0.632396	0.063520	0.632396	0.632396	0.632396	0.632396	0.632396	0.000000	1	0.245053	0.250017	0.249788	0.255142	0.956795	0.904785	0.466851	0.037966	0.848699	0.033085	0.133962	0.952936	
2194000	-461.339473	1	2707	0.686318	0.024252	0.686318	0.686318	0.686318	0.000000	0.686318	0.000000	1	0.256013	0.268799	0.194462	0.280725	0.642282	0.116157	0.543048	0.891350	0.983116	0.322459	0.465381	0.585015	
2195000	-461.231947	1	1446	0.651057	0.000000	0.651057	0.651057	0.651057	0.651057	0.651057	0.044833	1	0.239230	0.250093	0.249916	0.260760	0.600085	0.509504	0.454210	0.539528	0.612484	0.691052	0.504801	0.637959	
2196000	-460.762594	1	1401	0.689949	0.044130	0.689949	0.689949	0.689949	0.689949	0.689949	0.000000	1	0.247019	0.249983	0.249991	0.253008	0.394970	0.042130	0.429461	0.680287	0.839724	0.764133	0.535165	0.227639	
2197000	-461.507143	1	2553	0.592894	0.005979	0.592894	0.592894	0.592894	0.000000	0.592894	0.005979	1	0.260006	0.278326	0.165826	0.295843	0.214971	0.745007	0.711214	0.324520	0.298960	0.107556	0.621028	0.094308	
2198000	-461.542121	1	2222	0.544566	0.040258	0.544566	0.544566	0.544566	0.544566	0.544566	0.000000	1	0.238586	0.250189	0.249397	0.261828	0.396539	0.196014	0.172346	0.999463	0.720218	0.811950	0.298628	0.476812	
2199000	-462.128665	1	875	0.640535	0.000000	0.640535	0.640535	0.640535	0.640535	0.640535	0.009812	1	0.236219	0.249748	0.250541	0.263491	0.697187	0.283185	0.801401	0.072893	0.995497	0.458297	0.445628	0.019066	
2200000	-461.570001	1	650	0.552653	0.000000	0.552653	0.552653	0.552653	0.552653	0.552653	0.028036	1	0.225473	0.250131	0.249283	0.275113	0.306951	0.103720	0.809346	0.327131	0.332243	0.272140	0.512761	0.205168	
2201000	-460.974156	1	1748	0.629354	0.022041	0.629354	0.629354	0.629354	0.629354	0.629354	0.000000	1	0.244508	0.249886	0.250344	0.255262	0.895119	0.728724	0.906690	0.139650	0.651814	0.103873	0.154740	0.240394	
2202000	-460.594679	1	251	0.640309	0.041321	0.640309	0.640309	0.640309	0.640309	0.640309	0.000000	1	0.245274	0.249988	0.249965	0.254774	0.663116	0.817100	0.476538	0.473140	0.710347	0.926162	0.391134	0.360784	
2203000	-461.264218	1	3124	0.586774	0.011902	0.586774	0.586774	0.586774	0.000000	0.586774	0.011902	1	0.259443	0.279726	0.162862	0.297968	0.031356	0.567773	0.752770	0.077316	0.850115	0.184819	0.263137	0.312326	
2204000	-462.341133	1	3617	0.531861	0.060937	0.531861	0.531861	0.531861	0.531861	0.531861	0.000000	1	0.237413	0.250386	0.248592	0.263609	0.300588	0.717783	0.411178	0.683166	0.865140	0.945165	0.955644	0.969242	
2205000	-461.004229	1	2252	0.674764	0.000000	0.674764	0.674764	0.674764	0.674764	0.674764	0.031659	1	0.240515	0.250027	0.249996	0.259462	0.488146	0.217837	0.470603	0.575731	0.539864	0.690946	0.117308	0.567950	
2206000	-460.605678	1	232	0.627176	0.037859	0.627176	0.627176	0.627176	0.627176	0.627176	0.000000	1	0.244632	0.249985	0.249985	0.255399	0.486182	0.145508	0.034772	0.768112	0.302890	0.458052	0.693274	0.897352	
2207000	-461.538544	1	2697	0.765003	0.039871	0.765003	0.765003	0.765003	0.765003	0.765003	0.000000	1	0.248476	0.249987	0.250010	0.251527	0.851309	0.293744	0.610253	0.777436	0.286811	0.798240	0.046590	0.800719	
2208000	-461.735800	1	2694	0.551771	0.000000	0.551771	0.551771	0.551771	0.551771	0.551771	0.036167	1	0.226263	0.250280	0.249099	0.274358	0.264885	0.142786	0.538524	0.761628	0.814359	0.363110	0.295860	0.005858	
2209000	-460.616578	1	3898	0.656577	0.034725	0.656577	0.656577	0.656577	0.656577	0.656577	0.000000	1	0.245877	0.249969	0.250045	0.254109	0.392480	0.524410	0.113346	0.086845	0.598806	0.590990	0.902279	0.238577	
2210000	-460.626591	1	474	0.633568	0.012026	0.633568	0.633568	0.633568	0.633568	0.633568	0.012026	1	0.239985	0.249959	0.249993	0.260063	0.809529	0.474041	0.022929	0.111591	0.166289	0.280104	0.951377	0.116828	
2211000	-464.580096	1	2264	0.645475	0.022148	0.645475	0.645475	0.022148	0.645475	0.645475	0.022148	0	0.251836	0.257960	0.227316	0.262888	0.726230	0.753969	0.362504	0.861226	0.960883	0.443889	0.376655	0.785745	
2212000	-462.091722	1	2940	0.614178	0.000000	0.614178	0.614178	0.614178	0.614178	0.614178	0.060766	1	0.236738	0.250231	0.249733	0.263298	0.806828	0.616544	0.967511	0.665049	0.037967	0.252710	0.463623	0.272591	
2213000	-460.626754	1	914	0.642821	0.032315	0.642821	0.642821	0.642821	0.642821	0.642821	0.000000	1	0.245295	0.249962	0.250076	0.254668	0.260266	0.258463	0.241431	0.350742	0.069605	0.392245	0.967783	0.235323	
2214000	-460.703436	1	2613	0.648190	0.050235	0.648190	0.648190	0.648190	0.648190	0.648190	0.000000	1	0.245665	0.249997	0.249910	0.254427	0.315986	0.126749	0.726500	0.810682	0.480935	0.349410	0.804300	0.091328	
2215000	-461.114447	1	1509	0.692332	0.015201	0.692332	0.692332	0.692332	0.015201	0.692332	0.015201	1	0.257256	0.265643	0.204346	0.272755	0.393907	0.986716	0.092153	0.119229	0.033033	0.496011	0.486468	0.207340	
2216000	-461.490641	1	3562	0.581239	0.064007	0.581239	0.581239	0.581239	0.581239	0.581239	0.000000	1	0.242036	0.250115	0.249426	0.258424	0.085416	0.138392	0.023560	0.870165	0.503614	0.646755	0.236193	0.226982	
2217000	-462.672837	1	3823	0.775525	0.015685	0.775525	0.775525	0.015685	0.015685	0.775525	0.000000	1	0.312848	0.334242	0.001169	0.351742	0.604868	0.454645	0.547371	0.732126	0.144759	0.139068	0.049261	0.503713	
2218000	-460.531505	1	2413	0.617617	0.018121	0.617617	0.617617	0.617617	0.617617	0.617617	0.018121	1	0.239159	0.250030	0.249776	0.261036	0.637230	0.087954	0.679138	0.474229	0.957708	0.267317	0.624974	0.509413	
2219000	-460.558978	1	3312	0.657263	0.014279	0.657263	0.657263	0.657263	0.657263	0.657263	0.014279	1	0.241916	0.249981	0.249972	0.258131	0.517567	0.675831	0.172010	0.404460	0.248662	0.410672	0.472530	0.220657	
2220000	-460.887310	1	1971	0.687606	0.024601	0.687606	0.687606	0.687606	0.687606	0.687606	0.024601	1	0.244217	0.250012	0.249928	0.255843	0.004113	0.542153	0.247851	0.513050	0.926273	0.220763	0.554388	0.464688	
2221000	-460.739920	1	3502	0.601721	0.034551	0.601721	0.601721	0.601721	0.601721	0.601721	0.000000	1	0.243168	0.249988	0.249994	0.256850	0.792237	0.883843	0.853098	0.031447	0.843595	0.451028	0.282737	0.186295	
2222000	-461.097956	1	1530	0.686174	0.000000	0.686174	0.686174	0.686174	0.686174	0.686174	0.034060	1	0.241424	0.250032	0.249999	0.258545	0.686748	0.565586	0.356236	0.196163	0.344711	0.539615	0.551385	0.801290	
2223000	-460.962255	1	2507	0.606939	0.000000	0.606939	0.606939	0.606939	0.606939	0.606939	0.029215	1	0.233755	0.250048	0.249826	0.266371	0.552449	0.771797	0.996888	0.643132	0.536019	0.821191	0.617292	0.525770	
2224000	-461.022220	1	2843	0.633251	0.021175	0.633251	0.633251	0.633251	0.633251	0.633251	0.000000	1	0.244683	0.249880	0.250364	0.255073	0.343865	0.148382	0.137359	0.291209	0.209649	0.195855	0.762397	0.777652	
2225000	-463.942320	1	3384	0.900324	0.033865	0.900324	0.900324	0.900324	0.033865	0.900324	0.000000	1	0.251361	0.253844	0.238689	0.256106	0.611154	0.241600	0.918327	0.910324	0.707696	0.799134	0.486950	0.537754	
2226000	-460.722688	1	417	0.685055	0.042522	0.685055	0.685055	0.685055	0.685055	0.685055	0.000000	1	0.246873	0.249981	0.249996	0.253149	0.813650	0.027514	0.451374	0.292431	0.473601	0.693288	0.688092	0.785335	
2227000	-461.869683	1	837	0.740129	0.032735	0.740129	0.740129	0.740129	0.740129	0.740129	0.032735	1	0.246503	0.250007	0.249967	0.253524	0.199156	0.801024	0.516655	0.247993	0.548586	0.371324	0.918385	0.509177	
2228000	-460.906339	1	1588	0.650656	0.000000	0.650656	0.650656	0.650656	0.650656	0.650656	0.027112	1	0.238304	0.250010	0.249990	0.261696	0.654245	0.999792	0.259682	0.174197	0.267124	0.054033	0.786148	0.721812	
2229000	-461.128998	1	3083	0.604826	0.060662	0.604826	0.604826	0.604826	0.604826	0.604826	0.000000	1	0.243591	0.250053	0.249661	0.256695	0.490096	0.791965	0.613777	0.210748	0.305519	0.308626	0.561919	0.832364	
2230000	-462.797268	1	3977	0.662150	0.028437	0.662150	0.662150	0.662150	0.028437	0.662150	0.028437	1	0.256412	0.268041	0.198751	0.276796	0.409367	0.147933	0.457334	0.078184	0.363828	0.573398	0.587754	0.836067	
2231000	-460.659862	1	213	0.629274	0.030922	0.629274	0.629274	0.629274	0.629274	0.629274	0.000000	1	0.244653	0.249956	0.250100	0.255291	0.232926	0.474243	0.602284	0.887361	0.832045	0.806582	0.587621	0.473834	
2232000	-461.372969	1	1522	0.662635	0.031559	0.662635	0.662635	0.662635	0.031559	0.662635	0.000000	1	0.252473	0.269168	0.193510	0.284849	0.108082	0.857060	0.898107	0.159687	0.790715	0.741176	0.993651	0.482096	
2233000	-462.451897	1	2030	0.706935	0.022964	0.706935	0.706935	0.000000	0.000000	0.706935	0.000000	1	0.296069	0.335186	0.000000	0.368745	0.488649	0.432069	0.992425	0.143836	0.291860	0.638586	0.441407	0.707095	
2234000	-464.907823	1	2875	0.719111	0.022203	0.719111	0.719111	0.719111	0.022203	0.719111	0.000000	0	0.254880	0.262042	0.214447	0.268632	0.393377	0.791840	0.367822	0.609279	0.863052	0.453966	0.995876	0.443847	
2235000	-461.758254	1	2143	0.606141	0.000000	0.606141	0.606141	0.606141	0.606141	0.606141	0.053525	1	0.235408	0.250222	0.249685	0.264684	0.347551	0.482977	0.960286	0.484728	0.465352	0.013336	0.852190	0.625523	
2236000	-461.391841	1	3057	0.579577	0.000000	0.579577	0.579577	0.579577	0.579577	0.579577	0.038885	1	0.230909	0.250200	0.249496	0.269394	0.441584	0.782843	0.923620	0.906822	0.141022	0.418784	0.791465	0.339879	
2237000	-462.633064	1	2419	0.622381	0.000000	0.622381	0.622381	0.000000	0.622381	0.622381	0.037060	1	0.260629	0.263344	0.211838	0.264189	0.785305	0.044067	0.880876	0.387838	0.483709	0.716283	0.575575	0.152994	
2238000	-461.644272	1	3290	0.760457	0.008410	0.760457	0.760457	0.760457	0.008410	0.760457	0.008410	1	0.255808	0.260249	0.219672	0.264270	0.702613	0.247808	0.136314	0.008045	0.146713	0.142881	0.155461	0.292864	
2239000	-461.657149	1	1470	0.563446	0.007582	0.563446	0.563446	0.563446	0.007582	0.563446	0.007582	1	0.258145	0.281800	0.155780	0.304275	0.500340	0.651895	0.044288	0.533036	0.374593	0.376665	0.234236	0.322489	
2240000	-462.246929	1	2423	0.648060	0.046621	0.648060	0.648060	0.648060	0.000000	0.648060	0.000000	1	0.249980	0.277076	0.170536	0.302409	0.167268	0.972817	0.993304	0.297885	0.682433	0.698228	0.244296	0.599575	
2241000	-461.365265	1	2485	0.632053	0.021821	0.632053	0.632053	0.632053	0.021821	0.632053	0.000000	1	0.254768	0.272300	0.183946	0.288986	0.242183	0.831483	0.766803	0.041749	0.469145	0.029784	0.346317	0.133003	
2242000	-460.838719	1	3399	0.589538	0.038229	0.589538	0.589538	0.589538	0.589538	0.589538	0.000000	1	0.242413	0.250025	0.249867	0.257695	0.181221	0.770537	0.194320	0.263702	0.300408	0.071538	0.207273	0.406914	
2243000	-460.607837	1	1955	0.628211	0.035847	0.628211	0.628211	0.628211	0.628211	0.628211	0.000000	1	0.244661	0.249977	0.250015	0.255347	0.751447	0.619929	0.086236	0.476075	0.810596	0.738322	0.828488	0.317209	
2244000	-461.087589	1	3917	0.702662	0.025857	0.702662	0.702662	0.702662	0.702662	0.702662	0.000000	1	0.247230	0.249958	0.250104	0.252708	0.966554	0.102647	0.254751	0.187691	0.654346	0.017571	0.260517	0.313230	
2245000	-463.401669	1	2176	0.869482	0.016619	0.869482	0.869482	0.869482	0.000000	0.869482	0.016619	1	0.253324	0.255202	0.234770	0.256705	0.195954	0.699764	0.362071	0.152377	0.757772	0.126285	0.936836	0.685217	
2246000	-461.701423	1	3157	0.556169	0.020418	0.556169	0.556169	0.556169	0.556169	0.556169	0.000000	1	0.239170	0.249792	0.250747	0.260291	0.281797	0.122092	0.059598	0.038493	0.157843	0.695129	0.101503	0.654616	
2247000	-461.339622	1	2994	0.570965	0.000000	0.570965	0.570965	0.570965	0.570965	0.570965	0.032630	1	0.229036	0.250153	0.249462	0.271350	0.955909	0.632174	0.255000	0.144933	0.679098	0.451404	0.283683	0.367209	
2248000	-461.042044	1	3966	0.653175	0.063801	0.653175	0.653175	0.653175	0.653175	0.653175	0.000000	1	0.245923	0.250002	0.249856	0.254218	0.627745	0.207130	0.164231	0.808525	0.738224	0.448743	0.540853	0.826041	
2249000	-460.956541	1	302	0.581012	0.041861	0.581012	0.581012	0.581012	0.581012	0.581012	0.000000	1	0.241844	0.250060	0.249739	0.258357	0.140233	0.309725	0.431731	0.285621	0.063337	0.403447	0.117952	0.980422	
2250000	-460.937632	1	418	0.616044	0.056727	0.616044	0.616044	0.616044	0.616044	0.616044	0.000000	1	0.244206	0.250031	0.249757	0.256006	0.075507	0.309526	0.809613	0.821472	0.162637	0.822160	0.805514	0.998826	
2251000	-461.667121	1	2233	0.734822	0.000000	0.734822	0.734822	0.734822	0.734822	0.734822	0.040405	1	0.244341	0.250030	0.250015	0.255614	0.648934	0.334441	0.850687	0.069852	0.086238	0.450519	0.455355	0.328731	
2252000	-462.077794	1	3720	0.606875	0.038531	0.606875	0.606875	0.606875	0.606875	0.606875	0.038531	1	0.239931	0.250146	0.249511	0.260412	0.441990	0.982297	0.646075	0.791448	0.115103	0.293992	0.511563	0.183820	
2253000	-461.176983	1	3503	0.679597	0.000000	0.679597	0.679597	0.679597	0.679597	0.679597	0.021194	1	0.240440	0.249977	0.250065	0.259517	0.915299	0.805614	0.845812	0.112268	0.938248	0.257510	0.833262	0.406231	
2254000	-461.933191	1	3303	0.594376	0.079357	0.594376	0.594376	0.594376	0.594376	0.594376	0.000000	1	0.242994	0.250084	0.249445	0.257476	0.889538	0.155502	0.060931	0.849791	0.050622	0.309473	0.418775	0.960270	
2255000	-461.115572	1	2128	0.588040	0.026063	0.588040	0.588040	0.588040	0.588040	0.588040	0.026063	1	0.237074	0.250146	0.249412	0.263368	0.765015	0.441992	0.492202	0.081750	0.047411	0.035744	0.921986	0.202621	
2256000	-461.700456	1	2567	0.788346	0.010829	0.788346	0.788346	0.000000	0.788346	0.788346	0.010829	1	0.249658	0.252018	0.244067	0.254258	0.567455	0.552447	0.830445	0.305593	0.590523	0.304611	0.212035	0.952946	
2257000	-464.843715	1	654	0.588063	0.000000	0.588063	0.588063	0.588063	0.588063	0.588063	0.029409	0	0.230083	0.249900	0.250139	0.269878	0.735729	0.724118	0.066981	0.832504	0.126984	0.658044	0.478116	0.457309	
2258000	-460.731628	1	1627	0.629249	0.011140	0.629249	0.629249	0.011140	0.629249	0.629249	0.011140	1	0.248587	0.257900	0.226885	0.266629	0.347307	0.689520	0.189531	0.691547	0.657458	0.148718	0.615471	0.614762	
2259000	-462.704102	1	3869	0.567601	0.000000	0.567601	0.567601	0.029249	0.567601	0.567601	0.029249	1	0.252174	0.262848	0.213409	0.271569	0.323961	0.157981	0.210550	0.666464	0.667791	0.798485	0.173095	0.559433	
2260000	-460.638669	1	1726	0.681029	0.018283	0.681029	0.681029	0.681029	0.681029	0.681029	0.018283	1	0.243575	0.249998	0.249955	0.256473	0.770956	0.010150	0.934908	0.265151	0.641848	0.822886	0.029361	0.545463	
2261000	-460.562381	1	3537	0.666272	0.018410	0.666272	0.666272	0.666272	0.666272	0.666272	0.018410	1	0.242747	0.250002	0.249931	0.257321	0.112397	0.569324	0.603947	0.189761	0.878025	0.237281	0.370519	0.577698	
2262000	-460.710110	1	1436	0.649580	0.011257	0.649580	0.649580	0.649580	0.649580	0.649580	0.011257	1	0.241161	0.249952	0.250040	0.258847	0.569602	0.849141	0.547610	0.795048	0.787069	0.198576	0.443280	0.471545	
2263000	-460.636462	1	247	0.645902	0.031800	0.645902	0.645902	0.645902	0.645902	0.645902	0.000000	1	0.245421	0.249960	0.250083	0.254537	0.457148	0.750729	0.374905	0.265120	0.966820	0.820250	0.132171	0.036535	
2264000	-461.044236	1	2686	0.680161	0.000000	0.680161	0.680161	0.680161	0.680161	0.680161	0.032712	1	0.240953	0.250030	0.249998	0.259020	0.759780	0.877034	0.845087	0.332439	0.266816	0.197583	0.086127	0.293766	
2265000	-461.706666	1	2867	0.746905	0.067020	0.746905	0.746905	0.746905	0.746905	0.746905	0.000000	1	0.248286	0.249988	0.249971	0.251755	0.746920	0.837830	0.235683	0.546033	0.675268	0.729105	0.567214	0.326242	
2266000	-460.550976	1	1109	0.610463	0.015258	0.610463	0.610463	0.610463	0.610463	0.610463	0.015258	1	0.238235	0.250008	0.249807	0.261949	0.954903	0.462027	0.970538	0.682809	0.861394	0.339406	0.301017	0.673132	
2267000	-460.639368	1	3201	0.621566	0.041829	0.621566	0.621566	0.621566	0.621566	0.621566	0.000000	1	0.244387	0.250000	0.249922	0.255691	0.887372	0.233551	0.500796	0.561486	0.341258	0.545995	0.862109	0.550401	
2268000	-461.153349	1	2749	0.558896	0.019907	0.558896	0.558896	0.558896	0.558896	0.558896	0.019907	1	0.232873	0.250195	0.249117	0.267815	0.295587	0.618342	0.922303	0.998569	0.500275	0.007863	0.897517	0.397612	
2269000	-461.339622	1	2994	0.570965	0.000000	0.570965	0.570965	0.570965	0.570965	0.570965	0.032630	1	0.229036	0.250153	0.249462	0.271350	0.724573	0.594939	0.602036	0.235312	0.084824	0.678990	0.154303	0.934090	
2270000	-461.880831	1	2821	0.648469	0.012696	0.648469	0.648469	0.012696	0.012696	0.648469	0.000000	1	0.303413	0.334162	0.000772	0.361653	0.421988	0.139825	0.173001	0.688526	0.806195	0.550425	0.690772	0.894817	
2271000	-461.069379	1	666	0.684514	0.023230	0.684514	0.684514	0.684514	0.684514	0.684514	0.000000	1	0.246704	0.249939	0.250166	0.253191	0.039460	0.068029	0.154861	0.946059	0.590181	0.966905	0.356460	0.967496	
2272000	-465.129913	1	1285	0.606811	0.023485	0.606811	0.606811	0.606811	0.000000	0.606811	0.023485	0	0.259485	0.277304	0.172009	0.291201	0.697175	0.218324	0.154134	0.135776	0.907568	0.243121	0.091217	0.676124	
2273000	-460.993680	1	3163	0.690268	0.025705	0.690268	0.690268	0.690268	0.690268	0.690268	0.000000	1	0.246898	0.249952	0.250122	0.253028	0.078715	0.383794	0.750723	0.051356	0.005749	0.688666	0.777354	0.517676	
2274000	-462.059624	1	1694	0.641212	0.000000	0.641212	0.641212	0.033334	0.641212	0.641212	0.033334	1	0.253509	0.258040	0.226967	0.261484	0.686707	0.149163	0.027445	0.916417	0.614616	0.219850	0.099253	0.445992	
2275000	-460.903040	1	138	0.677222	0.009248	0.677222	0.677222	0.677222	0.009248	0.677222	0.009248	1	0.258200	0.267336	0.198839	0.275625	0.986643	0.978690	0.756549	0.979119	0.874952	0.364434	0.941717	0.687720	
2276000	-460.691892	1	2547	0.679524	0.042364	0.679524	0.679524	0.679524	0.679524	0.679524	0.000000	1	0.246710	0.249982	0.249994	0.253314	0.691404	0.365160	0.560121	0.817977	0.432218	0.764889	0.896974	0.585628	
2277000	-461.526936	1	432	0.741000	0.062644	0.741000	0.741000	0.741000	0.741000	0.741000	0.000000	1	0.248181	0.249988	0.249973	0.251858	0.130516	0.458466	0.559698	0.822814	0.770889	0.941899	0.071357	0.262301	
2278000	-460.999111	1	1882	0.628311	0.021639	0.628311	0.628311	0.628311	0.628311	0.628311	0.000000	1	0.244446	0.249881	0.250363	0.255310	0.942655	0.570483	0.459598	0.904744	0.387132	0.620013	0.809883	0.185943	
2279000	-461.489451	1	2716	0.568404	0.000000	0.568404	0.568404	0.568404	0.568404	0.568404	0.037234	1	0.229096	0.250221	0.249367	0.271316	0.824053	0.971499	0.132534	0.774772	0.485216	0.017891	0.981553	0.658149	
2280000	-466.092608	1	989	0.647247	0.000000	0.647247	0.647247	0.647247	0.647247	0.647247	0.082159	0	0.240099	0.250186	0.249944	0.259770	0.667767	0.839030	0.637444	0.661549	0.122889	0.533346	0.222476	0.058023	
2281000	-461.551477	1	3670	0.753721	0.029136	0.753721	0.753721	0.753721	0.753721	0.753721	0.000000	1	0.248270	0.249979	0.250041	0.251711	0.162653	0.793625	0.521846	0.631014	0.912203	0.562992	0.809915	0.520177	
2282000	-461.884677	1	1777	0.764573	0.024673	0.764573	0.764573	0.764573	0.764573	0.764573	0.000000	1	0.248409	0.249977	0.250052	0.251562	0.107296	0.284258	0.683891	0.566365	0.945145	0.764708	0.620653	0.465198	
2283000	-461.745273	1	3145	0.747614	0.028834	0.747614	0.747614	0.747614	0.000000	0.747614	0.000000	1	0.254689	0.263444	0.210395	0.271473	0.524158	0.400215	0.149216	0.826971	0.833062	0.909089	0.088653	0.690157	
2284000	-460.634371	1	909	0.660033	0.044288	0.660033	0.660033	0.660033	0.660033	0.660033	0.000000	1	0.246079	0.249986	0.249967	0.253968	0.241925	0.694661	0.144486	0.925395	0.325787	0.794245	0.908397	0.444705	
2285000	-460.816654	1	2784	0.650787	0.025769	0.650787	0.650787	0.650787	0.650787	0.650787	0.025769	1	0.242230	0.250035	0.249834	0.257901	0.458311	0.217478	0.683788	0.565462	0.129924	0.052053	0.307806	0.437112	
2286000	-460.758854	1	1951	0.697903	0.017192	0.697903	0.697903	0.697903	0.697903	0.697903	0.017192	1	0.244365	0.249993	0.249980	0.255661	0.591487	0.634442	0.720766	0.235666	0.769549	0.246917	0.439633	0.922082	
2287000	-461.938863	1	3309	0.686685	0.012596	0.686685	0.686685	0.012596	0.000000	0.686685	0.000000	1	0.308190	0.334415	0.000168	0.357227	0.522149	0.548403	0.013879	0.319172	0.264976	0.503259	0.258506	0.167119	
2288000	-461.405272	1	2632	0.590720	0.064898	0.590720	0.590720	0.590720	0.590720	0.590720	0.000000	1	0.242712	0.250088	0.249514	0.257686	0.142966	0.351465	0.178052	0.629212	0.610104	0.725435	0.954978	0.602919	
2289000	-460.649201	1	3026	0.678855	0.019720	0.678855	0.678855	0.678855	0.678855	0.678855	0.019720	1	0.243533	0.250003	0.249941	0.256523	0.395102	0.863865	0.629742	0.587116	0.635419	0.728371	0.702470	0.387144	
2290000	-461.844157	1	3510	0.696636	0.040167	0.696636	0.696636	0.696636	0.000000	0.696636	0.000000	1	0.253217	0.269991	0.191373	0.285420	0.853327	0.562934	0.596427	0.734023	0.116319	0.247600	0.229911	0.894195	
2291000	-460.981279	1	3155	0.677249	0.027189	0.677249	0.677249	0.677249	0.677249	0.677249	0.027189	1	0.243826	0.250020	0.249899	0.256254	0.628789	0.342488	0.137322	0.593910	0.670458	0.351543	0.142816	0.886710	
2292000	-461.105109	1	2656	0.587224	0.000000	0.587224	0.587224	0.587224	0.587224	0.587224	0.028568	1	0.231078	0.250064	0.249700	0.269158	0.381534	0.676335	0.376950	0.523565	0.561883	0.476542	0.454066	0.956179	
2293000	-462.088949	1	600	0.611036	0.017684	0.611036	0.611036	0.000000	0.017684	0.611036	0.000000	1	0.288532	0.334414	0.000474	0.376580	0.735920	0.991821	0.412217	0.205631	0.078675	0.805505	0.022944	0.340436	
2294000	-460.623017	1	3319	0.640963	0.044685	0.640963	0.640963	0.640963	0.640963	0.640963	0.000000	1	0.245328	0.249993	0.249936	0.254742	0.037287	0.998169	0.168668	0.998393	0.793247	0.989097	0.638560	0.710170	
2295000	-460.905068	1	3901	0.589925	0.029424	0.589925	0.589925	0.589925	0.589925	0.589925	0.000000	1	0.242292	0.249958	0.250120	0.257629	0.376863	0.784769	0.668574	0.109854	0.652213	0.761442	0.492794	0.676501	
2296000	-461.389838	1	2424	0.601852	0.006139	0.601852	0.601852	0.601852	0.006139	0.601852	0.006139	1	0.259442	0.276376	0.171653	0.292529	0.520801	0.830894	0.487505	0.097396	0.745683	0.853271	0.071212	0.304990	
2297000	-461.625784	1	91	0.717265	0.019226	0.717265	0.717265	0.717265	0.717265	0.717265	0.000000	1	0.247517	0.249944	0.250158	0.252381	0.535164	0.801355	0.619924	0.348318	0.005421	0.189468	0.952471	0.790459	
2298000	-464.401832	1	1302	0.633673	0.084893	0.633673	0.633673	0.633673	0.633673	0.633673	0.000000	0	0.246778	0.250045	0.249787	0.253391	0.602224	0.008068	0.887930	0.524103	0.229494	0.139663	0.309026	0.995542	
2299000	-460.788633	1	486	0.691445	0.010047	0.691445	0.691445	0.000000	0.691445	0.691445	0.010047	1	0.249694	0.255226	0.234637	0.260442	0.260584	0.872945	0.327315	0.349211	0.254930	0.500910	0.431104	0.583235	
2300000	-460.854977	1	918	0.665367	0.009687	0.665367	0.665367	0.665367	0.009687	0.665367	0.009687	1	0.258420	0.268566	0.195266	0.277748	0.497684	0.004297	0.646802	0.730195	0.758077	0.889351	0.540246	0.265046	
2301000	-462.065088	1	2712	0.791339	0.031150	0.791339	0.791339	0.791339	0.791339	0.791339	0.000000	1	0.248769	0.249987	0.250020	0.251223	0.931925	0.559660	0.608416	0.676815	0.605306	0.688747	0.969622	0.712855	
2302000	-460.924745	1	1327	0.614736	0.000000	0.614736	0.614736	0.614736	0.614736	0.614736	0.028818	1	0.234668	0.250038	0.249869	0.265425	0.390106	0.964144	0.193842	0.414072	0.860639	0.642457	0.123839	0.184939	
2303000	-461.833762	1	3605	0.669886	0.012096	0.669886	0.669886	0.669886	0.012096	0.669886	0.000000	1	0.257536	0.267332	0.198445	0.276687	0.374466	0.126810	0.542210	0.973640	0.819236	0.433094	0.320823	0.629809	
2304000	-464.472897	1	124	0.614117	0.012138	0.614117	0.614117	0.614117	0.614117	0.614117	0.012138	0	0.239080	0.249852	0.250299	0.260769	0.407092	0.365884	0.017929	0.707537	0.506797	0.769977	0.590355	0.487495	
2305000	-461.583979	1	1251	0.611721	0.015282	0.611721	0.611721	0.611721	0.611721	0.611721	0.000000	1	0.243314	0.249720	0.250891	0.256076	0.073654	0.834150	0.110754	0.971091	0.774510	0.347587	0.296140	0.075636	
2306000	-462.474322	1	3879	0.681569	0.000000	0.681569	0.681569	0.008689	0.681569	0.681569	0.008689	1	0.244115	0.252386	0.242884	0.260615	0.903606	0.677323	0.084132	0.986492	0.149657	0.522528	0.973015	0.269481	
2307000	-461.381506	1	3877	0.674765	0.028814	0.674765	0.674765	0.674765	0.000000	0.674765	0.000000	1	0.255134	0.270823	0.188602	0.285441	0.319041	0.215995	0.894191	0.221928	0.711832	0.341771	0.042480	0.447297	
2308000	-460.521200	1	1006	0.657248	0.016203	0.657248	0.657248	0.657248	0.657248	0.657248	0.016203	1	0.242043	0.249994	0.249940	0.258023	0.453704	0.924967	0.491180	0.869271	0.300222	0.044372	0.411963	0.710362	
2309000	-462.917772	1	1325	0.785060	0.000000	0.785060	0.785060	0.785060	0.785060	0.785060	0.015559	1	0.245816	0.249988	0.250049	0.254147	0.759133	0.103327	0.603862	0.147405	0.424979	0.475783	0.458143	0.279378	
2310000	-461.310118	1	2999	0.679916	0.028299	0.679916	0.679916	0.679916	0.028299	0.679916	0.000000	1	0.253529	0.267212	0.199234	0.280026	0.138166	0.592417	0.988868	0.434832	0.207774	0.285006	0.327871	0.972065	
2311000	-461.633946	1	1733	0.567191	0.062096	0.567191	0.567191	0.567191	0.567191	0.567191	0.000000	1	0.240917	0.250165	0.249272	0.259646	0.445750	0.489308	0.982601	0.587977	0.917341	0.473627	0.308523	0.970958	
2312000	-462.022256	1	1585	0.649774	0.019778	0.649774	0.649774	0.000000	0.019778	0.649774	0.000000	1	0.292580	0.334631	0.000581	0.372208	0.751951	0.498197	0.685123	0.015460	0.408157	0.834765	0.689273	0.067876	
2313000	-460.587877	1	1173	0.638864	0.039412	0.638864	0.638864	0.638864	0.638864	0.638864	0.000000	1	0.245194	0.249984	0.249983	0.254840	0.176441	0.859141	0.646225	0.210089	0.820820	0.128019	0.666514	0.711292	
2314000	-460.762150	1	3400	0.692040	0.037971	0.692040	0.692040	0.692040	0.692040	0.692040	0.000000	1	0.247040	0.249977	0.250021	0.252961	0.538192	0.538105	0.546414	0.234511	0.122551	0.566547	0.621250	0.509981	
2315000	-460.974751	1	374	0.600046	0.024462	0.600046	0.600046	0.600046	0.600046	0.600046	0.000000	1	0.242871	0.249897	0.250323	0.256910	0.857556	0.788221	0.034792	0.557225	0.224001	0.242080	0.966097	0.111349	
2316000	-460.703436	1	2613	0.648190	0.050235	0.648190	0.648190	0.648190	0.648190	0.648190	0.000000	1	0.245665	0.249997	0.249910	0.254427	0.282582	0.648755	0.312115	0.995126	0.797617	0.233541	0.705097	0.108633	
2317000	-460.616323	1	205	0.625942	0.035315	0.625942	0.625942	0.625942	0.625942	0.625942	0.000000	1	0.244542	0.249976	0.250021	0.255461	0.578886	0.436080	0.628159	0.926082	0.475250	0.301788	0.015904	0.244093	
2318000	-461.018080	1	1904	0.642644	0.000000	0.642644	0.642644	0.642644	0.642644	0.642644	0.038159	1	0.238151	0.250075	0.249909	0.261865	0.259471	0.339653	0.040071	0.130062	0.218695	0.195541	0.057980	0.714522	
2319000	-461.390668	1	2088	0.671533	0.032948	0.671533	0.671533	0.671533	0.671533	0.671533	0.032948	1	0.243815	0.250033	0.249868	0.256285	0.188820	0.219295	0.657723	0.063780	0.082728	0.297854	0.359778	0.500023	
2320000	-461.648024	1	3377	0.689582	0.000000	0.689582	0.689582	0.022116	0.689582	0.689582	0.022116	1	0.249304	0.254433	0.237096	0.259167	0.673749	0.800734	0.184917	0.643231	0.213783	0.307393	0.758846	0.189623	
2321000	-460.957941	1	1147	0.605345	0.025972	0.605345	0.605345	0.605345	0.605345	0.605345	0.025972	1	0.238752	0.250100	0.249582	0.261566	0.359731	0.911844	0.111108	0.689047	0.459560	0.689825	0.830592	0.767238	
2322000	-461.544825	1	1460	0.653886	0.015152	0.653886	0.653886	0.653886	0.015152	0.653886	0.000000	1	0.256969	0.269320	0.192622	0.281088	0.279671	0.660238	0.124514	0.604099	0.220872	0.285266	0.069253	0.570485	
2323000	-461.171531	1	3379	0.733469	0.034981	0.733469	0.733469	0.733469	0.733469	0.733469	0.000000	1	0.247954	0.249980	0.250028	0.252038	0.236106	0.182302	0.011281	0.670556	0.311609	0.766931	0.703287	0.107620	
2324000	-462.008220	1	608	0.715511	0.000000	0.715511	0.715511	0.715511	0.715511	0.715511	0.055984	1	0.243833	0.250061	0.250002	0.256105	0.934984	0.987223	0.383985	0.182382	0.519238	0.015577	0.612492	0.249684	
2325000	-461.618142	1	3735	0.634331	0.014612	0.634331	0.634331	0.634331	0.634331	0.634331	0.000000	1	0.244554	0.249765	0.250734	0.254947	0.908963	0.852873	0.732216	0.214510	0.725428	0.474474	0.357527	0.989239	
2326000	-461.288210	1	1964	0.738791	0.010942	0.738791	0.738791	0.738791	0.010942	0.738791	0.010942	1	0.256341	0.261804	0.215238	0.266616	0.646269	0.519119	0.235190	0.431247	0.538495	0.571439	0.630119	0.901218	
2327000	-464.722993	1	2363	0.679764	0.021869	0.679764	0.679764	0.679764	0.021869	0.679764	0.000000	0	0.255686	0.265643	0.203814	0.274858	0.553518	0.615039	0.001384	0.603126	0.381473	0.043730	0.308697	0.264954	
2328000	-460.718951	1	1308	0.665659	0.029989	0.665659	0.665659	0.665659	0.665659	0.665659	0.000000	1	0.246162	0.249957	0.250097	0.253784	0.976191	0.285639	0.072385	0.003883	0.142916	0.266784	0.172457	0.737608	
2329000	-461.844157	1	3510	0.696636	0.040167	0.696636	0.696636	0.696636	0.000000	0.696636	0.000000	1	0.253217	0.269991	0.191373	0.285420	0.376252	0.388429	0.810843	0.761802	0.896948	0.655182	0.214418	0.951668	
2330000	-464.749593	1	3968	0.709782	0.022063	0.709782	0.709782	0.000000	0.709782	0.709782	0.022063	0	0.252522	0.256017	0.232732	0.258730	0.341622	0.343494	0.047522	0.054076	0.454243	0.289817	0.012853	0.555113	
2331000	-460.698746	1	3496	0.661192	0.049079	0.661192	0.661192	0.661192	0.661192	0.661192	0.000000	1	0.246149	0.249991	0.249940	0.253920	0.781287	0.829546	0.229533	0.557724	0.948155	0.963036	0.379253	0.444262	
2332000	-461.428405	1	1301	0.687338	0.030001	0.687338	0.687338	0.687338	0.000000	0.687338	0.000000	1	0.254964	0.269562	0.192369	0.283106	0.419881	0.165748	0.625732	0.680244	0.106152	0.474995	0.518469	0.152241	
2333000	-460.891134	1	3979	0.627843	0.009695	0.627843	0.627843	0.627843	0.009695	0.627843	0.009695	1	0.258932	0.272900	0.182513	0.285654	0.231638	0.571660	0.860130	0.648417	0.436151	0.287031	0.735687	0.475722	
2334000	-465.668927	1	3974	0.585349	0.000000	0.585349	0.585349	0.585349	0.585349	0.585349	0.066606	0	0.233030	0.250323	0.249622	0.267025	0.591828	0.268087	0.376379	0.012134	0.522631	0.411436	0.560778	0.793138	
2335000	-461.748657	1	3182	0.698258	0.000000	0.698258	0.698258	0.000000	0.698258	0.698258	0.021213	1	0.250644	0.255296	0.234529	0.259531	0.811009	0.959811	0.876411	0.331247	0.702663	0.759925	0.849891	0.080100	
2336000	-461.068527	1	3567	0.636307	0.014667	0.636307	0.636307	0.636307	0.000000	0.636307	0.014667	1	0.259540	0.273195	0.182355	0.284910	0.451215	0.552017	0.360533	0.043207	0.654811	0.933498	0.417460	0.911149	
2337000	-461.418329	1	1121	0.710567	0.068698	0.710567	0.710567	0.710567	0.710567	0.710567	0.000000	1	0.247614	0.249988	0.249943	0.252455	0.707146	0.742249	0.313545	0.353870	0.429476	0.597480	0.454951	0.628873	
2338000	-461.010809	1	2725	0.678988	0.023678	0.678988	0.678988	0.678988	0.678988	0.678988	0.000000	1	0.246539	0.249938	0.250169	0.253354	0.239698	0.806044	0.289661	0.303436	0.469490	0.098652	0.967461	0.935218	
2339000	-461.056995	1	2535	0.712079	0.029284	0.712079	0.712079	0.712079	0.712079	0.712079	0.000000	1	0.247482	0.249969	0.250067	0.252483	0.146751	0.665139	0.803704	0.258340	0.378226	0.456258	0.341287	0.346430	
2340000	-462.088949	1	600	0.611036	0.017684	0.611036	0.611036	0.000000	0.017684	0.611036	0.000000	1	0.288532	0.334414	0.000474	0.376580	0.753383	0.976690	0.429167	0.015770	0.491400	0.259199	0.290696	0.181809	
2341000	-460.596472	1	1030	0.662434	0.013809	0.662434	0.662434	0.662434	0.662434	0.662434	0.013809	1	0.242223	0.249978	0.249987	0.257811	0.681723	0.730470	0.468457	0.412868	0.733291	0.874777	0.732083	0.875132	
2342000	-462.164761	1	2075	0.530705	0.000000	0.530705	0.530705	0.530705	0.530705	0.530705	0.018940	1	0.219899	0.249901	0.249348	0.280852	0.717415	0.723918	0.788826	0.824109	0.264276	0.569600	0.304499	0.699713	
2343000	-460.727619	1	2	0.617904	0.047661	0.617904	0.617904	0.617904	0.617904	0.617904	0.000000	1	0.244245	0.250016	0.249845	0.255894	0.387289	0.461899	0.567769	0.737701	0.677647	0.777691	0.773497	0.248584	
2344000	-460.933725	1	196	0.588189	0.046266	0.588189	0.588189	0.588189	0.588189	0.588189	0.000000	1	0.242413	0.250061	0.249709	0.257818	0.192670	0.301360	0.812820	0.709946	0.475602	0.316237	0.721078	0.649552	
2345000	-461.493857	1	2361	0.546659	0.039747	0.546659	0.546659	0.546659	0.546659	0.546659	0.000000	1	0.238793	0.250173	0.249445	0.261588	0.469361	0.935121	0.654655	0.962565	0.106220	0.358672	0.532356	0.622165	
2346000	-460.631344	1	836	0.662582	0.034906	0.662582	0.662582	0.662582	0.662582	0.662582	0.000000	1	0.246099	0.249970	0.250044	0.253887	0.141002	0.281950	0.003588	0.046921	0.184271	0.310627	0.415879	0.403753	
2347000	-461.722596	1	2564	0.749978	0.066339	0.749978	0.749978	0.749978	0.749978	0.749978	0.000000	1	0.248332	0.249988	0.249973	0.251707	0.552429	0.386277	0.153111	0.924510	0.471427	0.727423	0.799831	0.070111	
2348000	-461.577303	1	1686	0.629456	0.031311	0.629456	0.629456	0.629456	0.000000	0.629456	0.000000	1	0.253436	0.277025	0.170228	0.299311	0.051765	0.015049	0.811145	0.132552	0.629644	0.193114	0.778316	0.159066	
2349000	-464.277612	1	3616	0.625395	0.013580	0.625395	0.625395	0.625395	0.625395	0.625395	0.013580	0	0.240189	0.249902	0.250178	0.259731	0.788646	0.554774	0.416962	0.441236	0.172375	0.139068	0.163779	0.790735	
2350000	-461.700303	1	2575	0.649599	0.000000	0.649599	0.649599	0.015914	0.649599	0.649599	0.015914	1	0.246811	0.255497	0.233865	0.263827	0.979021	0.664978	0.998926	0.186957	0.152244	0.917296	0.788897	0.661022	
2351000	-461.064690	1	3216	0.578417	0.027823	0.578417	0.578417	0.578417	0.578417	0.578417	0.000000	1	0.241397	0.249950	0.250169	0.258484	0.129152	0.224327	0.811188	0.287109	0.937560	0.823449	0.370891	0.510311	
2352000	-460.758854	1	1951	0.697903	0.017192	0.697903	0.697903	0.697903	0.697903	0.697903	0.017192	1	0.244365	0.249993	0.249980	0.255661	0.688446	0.003922	0.479659	0.064451	0.447690	0.075742	0.424562	0.557740	
2353000	-462.839581	1	3825	0.641158	0.000000	0.641158	0.641158	0.641158	0.641158	0.641158	0.075294	1	0.239936	0.250202	0.249866	0.259997	0.441367	0.541434	0.846586	0.505855	0.036081	0.785900	0.904879	0.129193	
2354000	-460.887712	1	1166	0.691408	0.024111	0.691408	0.691408	0.691408	0.691408	0.691408	0.024111	1	0.244375	0.250009	0.249936	0.255680	0.111081	0.553081	0.164541	0.518866	0.151402	0.265407	0.857241	0.977208	
2355000	-460.920640	1	1213	0.657154	0.000000	0.657154	0.657154	0.657154	0.657154	0.657154	0.030374	1	0.239044	0.250027	0.249978	0.260950	0.892309	0.755226	0.220969	0.040278	0.070392	0.339434	0.195226	0.212990	
2356000	-461.815343	1	2249	0.680373	0.084124	0.680373	0.680373	0.680373	0.680373	0.680373	0.000000	1	0.246881	0.249991	0.249870	0.253258	0.598063	0.090232	0.646174	0.734973	0.652567	0.793464	0.965688	0.840171	
2357000	-460.882424	1	1935	0.698553	0.022818	0.698553	0.698553	0.698553	0.698553	0.698553	0.022818	1	0.244644	0.250005	0.249950	0.255400	0.498980	0.762832	0.495991	0.778005	0.424014	0.311176	0.294769	0.815347	
2358000	-460.813057	1	2489	0.641653	0.008229	0.641653	0.641653	0.008229	0.641653	0.641653	0.008229	1	0.248107	0.256836	0.229835	0.265222	0.078335	0.350060	0.373329	0.804240	0.515883	0.992493	0.642983	0.263202	
2359000	-462.097737	1	1513	0.521469	0.038874	0.521469	0.521469	0.521469	0.521469	0.521469	0.000000	1	0.235907	0.250342	0.249008	0.264743	0.809289	0.448072	0.320178	0.857963	0.105100	0.779559	0.331717	0.971293	
2360000	-461.349455	1	3483	0.750599	0.017724	0.750599	0.750599	0.750599	0.750599	0.750599	0.017724	1	0.246388	0.249994	0.249999	0.253618	0.705751	0.638297	0.682580	0.077358	0.461962	0.454031	0.438277	0.744723	
2361000	-462.249514	1	2035	0.700645	0.092698	0.700645	0.700645	0.700645	0.700645	0.700645	0.000000	1	0.247430	0.249986	0.249896	0.252687	0.451119	0.636448	0.309203	0.401840	0.494357	0.634101	0.925311	0.666597	
2362000	-460.631344	1	836	0.662582	0.034906	0.662582	0.662582	0.662582	0.662582	0.662582	0.000000	1	0.246099	0.249970	0.250044	0.253887	0.564329	0.046985	0.571585	0.183436	0.373544	0.655376	0.178370	0.957421	
2363000	-462.234553	1	2848	0.564093	0.019277	0.564093	0.564093	0.564093	0.000000	0.564093	0.000000	1	0.254399	0.284225	0.148123	0.313253	0.896516	0.594737	0.860622	0.566681	0.271852	0.968585	0.036984	0.375350	
2364000	-461.129765	1	1533	0.624471	0.064589	0.624471	0.624471	0.624471	0.624471	0.624471	0.000000	1	0.244678	0.250026	0.249746	0.255549	0.382532	0.331657	0.353780	0.626564	0.689000	0.841314	0.128465	0.955319	
2365000	-462.628313	1	235	0.712331	0.011787	0.712331	0.712331	0.000000	0.011787	0.712331	0.011787	1	0.324733	0.335962	0.000183	0.339123	0.277405	0.204294	0.812855	0.221798	0.290380	0.334324	0.307642	0.468305	
2366000	-461.201651	1	3179	0.686611	0.029720	0.686611	0.686611	0.686611	0.686611	0.686611	0.029720	1	0.244401	0.250020	0.249909	0.255669	0.959271	0.514568	0.005437	0.233979	0.261743	0.357178	0.341245	0.707825	
2367000	-461.646419	1	504	0.632465	0.000000	0.632465	0.632465	0.632465	0.632465	0.632465	0.054040	1	0.238085	0.250157	0.249838	0.261920	0.983196	0.946840	0.706674	0.815003	0.386574	0.952235	0.037927	0.622484	
2368000	-460.751699	1	2283	0.619125	0.028057	0.619125	0.619125	0.619125	0.619125	0.619125	0.000000	1	0.244085	0.249937	0.250170	0.255808	0.691786	0.778376	0.552005	0.496191	0.428131	0.020801	0.871606	0.973790	
2369000	-461.057141	1	236	0.677062	0.000000	0.677062	0.677062	0.677062	0.677062	0.677062	0.024652	1	0.240394	0.249996	0.250035	0.259575	0.062271	0.902994	0.152778	0.560104	0.277382	0.281595	0.720135	0.649252	
2370000	-464.252851	1	1604	0.651861	0.014379	0.651861	0.651861	0.651861	0.000000	0.651861	0.014379	0	0.259537	0.270846	0.189165	0.280452	0.116487	0.050214	0.402292	0.923891	0.637775	0.019265	0.978028	0.625109	
2371000	-461.761821	1	1703	0.670101	0.000000	0.670101	0.670101	0.000000	0.670101	0.670101	0.024992	1	0.252662	0.257503	0.228198	0.261637	0.781586	0.398808	0.313085	0.896318	0.466670	0.888234	0.259414	0.262135	
2372000	-461.310737	1	2500	0.673598	0.018663	0.673598	0.673598	0.673598	0.673598	0.673598	0.000000	1	0.246292	0.249901	0.250294	0.253513	0.536025	0.374889	0.926887	0.817749	0.736231	0.385838	0.300456	0.692535	
2373000	-460.905212	1	2979	0.674364	0.009209	0.674364	0.674364	0.674364	0.000000	0.674364	0.009209	1	0.259035	0.268461	0.195520	0.276983	0.144183	0.396997	0.445827	0.158285	0.131731	0.028362	0.716128	0.270074	
2374000	-460.625537	1	1208	0.630840	0.043491	0.630840	0.630840	0.630840	0.630840	0.630840	0.000000	1	0.244861	0.249997	0.249926	0.255216	0.973549	0.781131	0.910546	0.940746	0.928997	0.581402	0.331682	0.098185	
2375000	-460.981406	1	1159	0.720857	0.017698	0.720857	0.720857	0.720857	0.720857	0.720857	0.017698	1	0.245366	0.249994	0.249991	0.254650	0.404312	0.616408	0.662723	0.818189	0.058708	0.680290	0.236553	0.560769	
2376000	-460.957941	1	1147	0.605345	0.025972	0.605345	0.605345	0.605345	0.605345	0.605345	0.025972	1	0.238752	0.250100	0.249582	0.261566	0.784082	0.132435	0.575797	0.001028	0.123708	0.860766	0.908203	0.280443	
2377000	-462.092638	1	1333	0.683817	0.020749	0.683817	0.683817	0.020749	0.020749	0.683817	0.000000	1	0.297159	0.334238	0.002011	0.366592	0.034557	0.263216	0.376952	0.629169	0.454124	0.424863	0.874976	0.111718	
2378000	-461.072908	1	3101	0.608873	0.000000	0.608873	0.608873	0.608873	0.608873	0.608873	0.020682	1	0.233344	0.249942	0.250000	0.266713	0.611614	0.054188	0.307693	0.201992	0.571323	0.140041	0.239593	0.514356	
2379000	-461.429225	1	502	0.724217	0.000000	0.724217	0.724217	0.724217	0.724217	0.724217	0.032166	1	0.243616	0.250018	0.250021	0.256344	0.078170	0.368187	0.847320	0.780836	0.491366	0.922942	0.510261	0.163868	
2380000	-461.546152	1	2773	0.596420	0.005427	0.596420	0.596420	0.000000	0.596420	0.596420	0.005427	1	0.246170	0.259593	0.221472	0.272765	0.402262	0.514771	0.729741	0.762046	0.178461	0.837092	0.779502	0.536767	
2381000	-460.778775	1	284	0.628846	0.009228	0.628846	0.628846	0.009228	0.628846	0.628846	0.009228	1	0.248102	0.257711	0.227320	0.266867	0.815767	0.627673	0.667097	0.553691	0.797598	0.458344	0.042793	0.588129	
2382000	-461.890298	1	3736	0.788838	0.041877	0.788838	0.788838	0.788838	0.788838	0.788838	0.000000	1	0.248774	0.249989	0.250005	0.251232	0.747728	0.068217	0.790898	0.001445	0.140609	0.979265	0.213579	0.452035	
2383000	-461.228775	1	3279	0.714564	0.060790	0.714564	0.714564	0.714564	0.714564	0.714564	0.000000	1	0.247679	0.249988	0.249960	0.252374	0.710354	0.917149	0.736064	0.388575	0.413499	0.083594	0.220832	0.042463	
2384000	-461.197101	1	2580	0.745038	0.010154	0.745038	0.745038	0.000000	0.745038	0.745038	0.010154	1	0.249675	0.253146	0.240745	0.256434	0.952207	0.884228	0.068375	0.840577	0.196876	0.138069	0.768353	0.675039	
2385000	-462.076201	1	1803	0.637158	0.046343	0.637158	0.637158	0.637158	0.046343	0.637158	0.000000	1	0.247232	0.272446	0.184014	0.296307	0.980063	0.359170	0.359966	0.174517	0.239165	0.685126	0.849350	0.321323	
2386000	-461.341163	1	1742	0.572794	0.008878	0.572794	0.572794	0.000000	0.572794	0.572794	0.008878	1	0.246582	0.262261	0.213940	0.277217	0.444576	0.185284	0.123366	0.461481	0.352169	0.985303	0.788803	0.287089	
2387000	-461.016181	1	3791	0.672292	0.000000	0.672292	0.672292	0.672292	0.672292	0.672292	0.034075	1	0.240431	0.250037	0.249984	0.259547	0.755206	0.671244	0.242824	0.973700	0.831926	0.958402	0.944318	0.113015	
2388000	-461.709237	1	2819	0.686259	0.000000	0.686259	0.686259	0.000000	0.686259	0.686259	0.019121	1	0.249884	0.255481	0.233956	0.260679	0.024180	0.351837	0.625813	0.686516	0.395416	0.691859	0.100199	0.687286	
2389000	-461.181886	1	174	0.723274	0.024535	0.723274	0.723274	0.723274	0.723274	0.723274	0.024535	1	0.245702	0.250003	0.249968	0.254327	0.418728	0.576431	0.062553	0.145648	0.257913	0.730026	0.241911	0.195670	
2390000	-460.625537	1	1208	0.630840	0.043491	0.630840	0.630840	0.630840	0.630840	0.630840	0.000000	1	0.244861	0.249997	0.249926	0.255216	0.302391	0.498191	0.721709	0.830255	0.113021	0.319336	0.710457	0.419256	
2391000	-460.851782	1	1922	0.624209	0.013558	0.624209	0.624209	0.000000	0.624209	0.624209	0.013558	1	0.250051	0.259472	0.222457	0.268019	0.269269	0.180137	0.309104	0.137286	0.945119	0.774163	0.153352	0.564851	
2392000	-461.566135	1	2921	0.632732	0.016071	0.632732	0.632732	0.632732	0.000000	0.632732	0.000000	1	0.258057	0.273778	0.179390	0.288774	0.961281	0.041563	0.272798	0.115541	0.427000	0.317344	0.990696	0.968152	
2393000	-461.534741	1	848	0.602524	0.005271	0.602524	0.602524	0.000000	0.602524	0.602524	0.005271	1	0.246340	0.259105	0.222912	0.271643	0.563475	0.172322	0.514688	0.026891	0.194037	0.680123	0.126142	0.062198	
2394000	-462.258840	1	785	0.530909	0.000000	0.530909	0.530909	0.530909	0.530909	0.530909	0.038190	1	0.222689	0.250450	0.248558	0.278303	0.087275	0.602714	0.244360	0.835865	0.047072	0.320249	0.195104	0.963454	
2395000	-463.795563	1	3705	0.663991	0.000000	0.663991	0.663991	0.058752	0.663991	0.663991	0.058752	1	0.259985	0.258421	0.226228	0.255366	0.802224	0.490033	0.885444	0.058483	0.575550	0.410206	0.508208	0.490978	
2396000	-461.034444	1	1647	0.666861	0.022078	0.666861	0.666861	0.666861	0.666861	0.666861	0.000000	1	0.246110	0.249920	0.250228	0.253741	0.283466	0.349195	0.540189	0.098090	0.948410	0.353544	0.891268	0.841682	
2397000	-461.118123	1	1962	0.572558	0.045614	0.572558	0.572558	0.572558	0.572558	0.572558	0.000000	1	0.241230	0.250101	0.249593	0.259076	0.440377	0.309039	0.052787	0.577595	0.794407	0.242000	0.476071	0.406698	
2398000	-461.139985	1	2760	0.600493	0.000000	0.600493	0.600493	0.600493	0.600493	0.600493	0.020058	1	0.232187	0.249927	0.249993	0.267893	0.298450	0.835437	0.151416	0.603020	0.798901	0.782813	0.180387	0.637037	
2399000	-460.905488	1	2028	0.648024	0.000000	0.648024	0.648024	0.648024	0.648024	0.648024	0.026494	1	0.238027	0.250007	0.249991	0.261975	0.536054	0.817741	0.077542	0.723555	0.884306	0.660371	0.625050	0.284199	
2400000	-462.027336	1	3258	0.590007	0.000000	0.590007	0.590007	0.590007	0.590007	0.590007	0.010994	1	0.229738	0.249608	0.250675	0.269979	0.062126	0.921961	0.220942	0.911981	0.451210	0.836533	0.432421	0.995312	
2401000	-460.935752	1	322	0.643769	0.027602	0.643769	0.643769	0.643769	0.643769	0.643769	0.027602	1	0.241887	0.250046	0.249797	0.258269	0.126431	0.898434	0.163929	0.779879	0.449583	0.670144	0.260227	0.197307	
2402000	-461.355299	1	3926	0.662272	0.027461	0.662272	0.662272	0.662272	0.000000	0.662272	0.000000	1	0.255320	0.272099	0.184776	0.287805	0.438653	0.718033	0.104769	0.951173	0.799770	0.061238	0.935495	0.383328	
2403000	-460.774907	1	1142	0.686740	0.012910	0.686740	0.686740	0.000000	0.686740	0.686740	0.012910	1	0.250366	0.255888	0.232805	0.260941	0.468974	0.519577	0.846751	0.960098	0.189839	0.010132	0.145087	0.962851	
2404000	-462.011624	1	1652	0.751721	0.000000	0.751721	0.751721	0.751721	0.751721	0.751721	0.020532	1	0.244627	0.249993	0.250046	0.255334	0.336410	0.271496	0.658188	0.356677	0.054633	0.083975	0.302643	0.343964	
2405000	-460.905212	1	2979	0.674364	0.009209	0.674364	0.674364	0.674364	0.000000	0.674364	0.009209	1	0.259035	0.268461	0.195520	0.276983	0.013850	0.679249	0.276214	0.913922	0.995189	0.144853	0.698855	0.205085	
2406000	-464.940650	1	2653	0.742924	0.084919	0.742924	0.742924	0.742924	0.742924	0.742924	0.000000	0	0.248934	0.249995	0.249973	0.251098	0.579811	0.796186	0.063597	0.275222	0.757208	0.186909	0.090683	0.469281	
2407000	-460.977133	1	561	0.716347	0.045210	0.716347	0.716347	0.716347	0.716347	0.716347	0.000000	1	0.247662	0.249984	0.249996	0.252359	0.428607	0.570139	0.408025	0.961818	0.948830	0.119108	0.198675	0.775727	
2408000	-461.320983	1	265	0.632225	0.000000	0.632225	0.632225	0.632225	0.632225	0.632225	0.015759	1	0.235762	0.249882	0.250192	0.264163	0.437494	0.081571	0.147579	0.481634	0.458171	0.298767	0.497851	0.251335	
2409000	-460.683854	1	3641	0.612721	0.042206	0.612721	0.612721	0.612721	0.612721	0.612721	0.000000	1	0.243914	0.250009	0.249891	0.256187	0.989403	0.273300	0.526115	0.116242	0.537599	0.017402	0.569470	0.159191	
2410000	-462.302415	1	2204	0.806055	0.031660	0.806055	0.806055	0.806055	0.806055	0.806055	0.000000	1	0.248921	0.249989	0.250016	0.251074	0.107479	0.218626	0.073455	0.159327	0.666728	0.990039	0.395885	0.797717	
2411000	-460.565154	1	1910	0.609075	0.017934	0.609075	0.609075	0.609075	0.609075	0.609075	0.017934	1	0.238362	0.250038	0.249731	0.261870	0.971151	0.670310	0.743259	0.317278	0.467848	0.603617	0.118708	0.340774	
2412000	-461.061257	1	3822	0.612613	0.015415	0.612613	0.612613	0.000000	0.612613	0.612613	0.015415	1	0.250371	0.260521	0.219576	0.269531	0.335630	0.712424	0.463871	0.672849	0.445806	0.732939	0.051820	0.107814	
2413000	-461.111103	1	3989	0.691466	0.000000	0.691466	0.691466	0.691466	0.691466	0.691466	0.030834	1	0.241660	0.250020	0.250012	0.258307	0.701587	0.759866	0.167252	0.885829	0.353525	0.508701	0.252588	0.472098	
2414000	-461.294945	1	1637	0.680479	0.070056	0.680479	0.680479	0.680479	0.680479	0.680479	0.000000	1	0.246854	0.249992	0.249899	0.253255	0.955265	0.383832	0.171557	0.404428	0.808388	0.262359	0.055534	0.314885	
2415000	-462.055280	1	961	0.666071	0.047887	0.666071	0.666071	0.666071	0.047887	0.666071	0.000000	1	0.248522	0.269180	0.193777	0.288521	0.459631	0.803821	0.687987	0.695176	0.301872	0.954272	0.712735	0.520892	
2416000	-460.714735	1	2066	0.617365	0.029869	0.617365	0.617365	0.617365	0.617365	0.617365	0.000000	1	0.244018	0.249950	0.250124	0.255908	0.076050	0.360329	0.805854	0.675686	0.163225	0.578553	0.018340	0.667381	
2417000	-460.867288	1	859	0.592460	0.030170	0.592460	0.592460	0.592460	0.592460	0.592460	0.000000	1	0.242484	0.249964	0.250097	0.257455	0.056979	0.876399	0.352383	0.058230	0.456398	0.667031	0.494300	0.416813	
2418000	-460.933160	1	3581	0.637301	0.015653	0.637301	0.637301	0.000000	0.637301	0.637301	0.015653	1	0.250786	0.258943	0.224109	0.266161	0.432772	0.791636	0.992362	0.011358	0.925128	0.409690	0.191767	0.342772	
2419000	-461.878872	1	2186	0.538991	0.000000	0.538991	0.538991	0.538991	0.538991	0.538991	0.022089	1	0.222103	0.250011	0.249278	0.278608	0.469383	0.349718	0.766204	0.220122	0.252904	0.703857	0.584469	0.336185	
2420000	-460.928157	1	3545	0.637243	0.027414	0.637243	0.637243	0.637243	0.637243	0.637243	0.027414	1	0.241427	0.250053	0.249770	0.258749	0.652242	0.646747	0.421649	0.582183	0.454789	0.383537	0.064238	0.658983	
2421000	-461.525272	1	2451	0.732369	0.000000	0.732369	0.732369	0.732369	0.732369	0.732369	0.032332	1	0.244025	0.250017	0.250022	0.255935	0.826146	0.395464	0.955168	0.586233	0.629375	0.360164	0.531624	0.662372	
2422000	-463.571715	1	1638	0.809934	0.000000	0.809934	0.809934	0.809934	0.809934	0.809934	0.064476	1	0.247226	0.250027	0.250018	0.252730	0.972782	0.706941	0.459411	0.384545	0.868762	0.345974	0.684883	0.495346	
2423000	-460.659862	1	213	0.629274	0.030922	0.629274	0.629274	0.629274	0.629274	0.629274	0.000000	1	0.244653	0.249956	0.250100	0.255291	0.253430	0.006861	0.308928	0.689364	0.036638	0.812458	0.307113	0.886465	
2424000	-461.320499	1	1518	0.577505	0.000000	0.577505	0.577505	0.577505	0.577505	0.577505	0.035575	1	0.230307	0.250171	0.249504	0.270018	0.068918	0.571048	0.356889	0.995248	0.358192	0.732100	0.598259	0.404995	
2425000	-460.946132	1	1863	0.611279	0.000000	0.611279	0.611279	0.611279	0.611279	0.611279	0.030139	1	0.234351	0.250053	0.249838	0.265758	0.074564	0.946848	0.360220	0.158012	0.155065	0.621005	0.564775	0.046974	
2426000	-462.294961	1	2900	0.631828	0.045890	0.631828	0.631828	0.631828	0.000000	0.631828	0.000000	1	0.249051	0.279229	0.164061	0.307660	0.048299	0.105681	0.722071	0.943189	0.824667	0.769201	0.110827	0.840125	
2427000	-460.961900	1	2001	0.714814	0.045061	0.714814	0.714814	0.714814	0.714814	0.714814	0.000000	1	0.247628	0.249984	0.249996	0.252392	0.246722	0.696556	0.447902	0.023504	0.797180	0.192597	0.054749	0.158985	
2428000	-460.903522	1	3416	0.592273	0.046974	0.592273	0.592273	0.592273	0.592273	0.592273	0.000000	1	0.242700	0.250054	0.249725	0.257521	0.446243	0.809127	0.321496	0.570564	0.128081	0.996312	0.698321	0.278235	
2429000	-461.518770	1	2137	0.662828	0.000000	0.662828	0.662828	0.662828	0.662828	0.662828	0.051472	1	0.240466	0.250100	0.249937	0.259497	0.116099	0.027495	0.976073	0.491281	0.305212	0.615518	0.511784	0.756442	
2430000	-461.390668	1	2088	0.671533	0.032948	0.671533	0.671533	0.671533	0.671533	0.671533	0.032948	1	0.243815	0.250033	0.249868	0.256285	0.910905	0.754266	0.531971	0.089805	0.393216	0.038813	0.666121	0.557427	
2431000	-460.823226	1	2572	0.618956	0.052747	0.618956	0.618956	0.618956	0.618956	0.618956	0.000000	1	0.244337	0.250023	0.249802	0.255838	0.144610	0.738644	0.381493	0.582587	0.850257	0.616850	0.784748	0.377505	
2432000	-460.649201	1	3026	0.678855	0.019720	0.678855	0.678855	0.678855	0.678855	0.678855	0.019720	1	0.243533	0.250003	0.249941	0.256523	0.156590	0.838339	0.247593	0.350732	0.270286	0.299613	0.503382	0.557025	
2433000	-460.604510	1	1226	0.654749	0.041718	0.654749	0.654749	0.654749	0.654749	0.654749	0.000000	1	0.245865	0.249984	0.249980	0.254171	0.289157	0.232572	0.410239	0.755157	0.159707	0.475651	0.109453	0.674074	
2434000	-461.429167	1	3913	0.561073	0.000000	0.561073	0.561073	0.561073	0.561073	0.561073	0.025725	1	0.226687	0.250060	0.249484	0.273768	0.931174	0.297300	0.389512	0.472455	0.338112	0.890311	0.892955	0.796471	
2435000	-461.603958	1	2581	0.660774	0.000000	0.660774	0.660774	0.020234	0.660774	0.660774	0.020234	1	0.248644	0.255546	0.233832	0.261978	0.896134	0.393137	0.098205	0.599339	0.810724	0.448705	0.599713	0.380038	
2436000	-461.952160	1	2038	0.577007	0.004951	0.577007	0.577007	0.577007	0.000000	0.577007	0.004951	1	0.259745	0.280499	0.159108	0.300648	0.182389	0.908081	0.964418	0.786588	0.858528	0.873239	0.234410	0.452322	
2437000	-460.790908	1	2521	0.587104	0.020144	0.587104	0.587104	0.587104	0.587104	0.587104	0.020144	1	0.236348	0.250100	0.249502	0.264050	0.754159	0.113296	0.875438	0.664732	0.756819	0.626565	0.560069	0.500849	
2438000	-462.130465	1	342	0.812665	0.009397	0.812665	0.812665	0.009397	0.812665	0.812665	0.009397	1	0.249068	0.251023	0.246986	0.252923	0.687916	0.986412	0.925750	0.146639	0.353913	0.063371	0.302624	0.883922	
2439000	-461.641187	1	1660	0.688600	0.000000	0.688600	0.688600	0.020702	0.688600	0.688600	0.020702	1	0.248866	0.254311	0.237429	0.259394	0.323255	0.448674	0.325578	0.345981	0.069726	0.806850	0.904819	0.471711	
2440000	-462.791656	1	568	0.549462	0.000000	0.549462	0.549462	0.017558	0.549462	0.549462	0.017558	1	0.243952	0.262514	0.213540	0.279994	0.347517	0.454668	0.553955	0.571844	0.685550	0.022795	0.958756	0.343066	
2441000	-461.330099	1	3420	0.724161	0.061503	0.724161	0.724161	0.724161	0.724161	0.724161	0.000000	1	0.247876	0.249988	0.249965	0.252171	0.670744	0.330637	0.495493	0.408634	0.634823	0.897168	0.418399	0.477456	
2442000	-461.319624	1	1760	0.665309	0.021934	0.665309	0.665309	0.665309	0.000000	0.665309	0.000000	1	0.256567	0.270816	0.188410	0.284206	0.792189	0.635217	0.714540	0.918840	0.181301	0.529948	0.982722	0.432350	
2443000	-464.432785	1	724	0.588718	0.076428	0.588718	0.588718	0.588718	0.588718	0.588718	0.000000	0	0.244920	0.250138	0.249553	0.255390	0.130333	0.738392	0.564625	0.147220	0.716252	0.108830	0.402455	0.478687	
2444000	-462.438458	1	941	0.717129	0.053378	0.717129	0.717129	0.717129	0.053378	0.717129	0.000000	1	0.249367	0.264287	0.208303	0.278043	0.930558	0.922930	0.635038	0.990913	0.589521	0.564624	0.965911	0.605061	
2445000	-464.657119	1	1446	0.651057	0.000000	0.651057	0.651057	0.651057	0.651057	0.651057	0.044833	0	0.238560	0.250055	0.250020	0.261365	0.567729	0.568259	0.411963	0.655070	0.712298	0.374415	0.914029	0.226727	
2446000	-460.616903	1	3079	0.678321	0.017537	0.678321	0.678321	0.678321	0.678321	0.678321	0.017537	1	0.243389	0.249996	0.249958	0.256658	0.969161	0.328000	0.606916	0.082170	0.976910	0.383539	0.798016	0.840121	
2447000	-461.127936	1	3842	0.567228	0.010801	0.567228	0.567228	0.567228	0.567228	0.567228	0.010801	1	0.232679	0.249953	0.249768	0.267600	0.186543	0.159111	0.329560	0.274671	0.496262	0.615794	0.123691	0.132053	
2448000	-461.624763	1	2447	0.621663	0.004615	0.621663	0.621663	0.004615	0.621663	0.621663	0.004615	1	0.246215	0.257130	0.228748	0.267907	0.848692	0.924743	0.368313	0.822962	0.317259	0.874827	0.509383	0.848496	
2449000	-460.953687	1	313	0.691531	0.026991	0.691531	0.691531	0.691531	0.691531	0.691531	0.000000	1	0.246945	0.249956	0.250106	0.252993	0.691696	0.022183	0.367497	0.189555	0.341347	0.776438	0.500829	0.764879	
2450000	-461.574406	1	1514	0.556189	0.053931	0.556189	0.556189	0.556189	0.556189	0.556189	0.000000	1	0.239891	0.250199	0.249231	0.260679	0.709484	0.283938	0.879062	0.737014	0.314629	0.934579	0.976956	0.566247	
2451000	-460.626591	1	474	0.633568	0.012026	0.633568	0.633568	0.633568	0.633568	0.633568	0.012026	1	0.239985	0.249959	0.249993	0.260063	0.223294	0.176399	0.463954	0.952005	0.588496	0.964272	0.502126	0.434286	
2452000	-460.704046	1	2254	0.653730	0.023712	0.653730	0.653730	0.653730	0.653730	0.653730	0.023712	1	0.242291	0.250026	0.249857	0.257826	0.117394	0.251339	0.395526	0.477116	0.784291	0.396725	0.997881	0.596767	
2453000	-461.687647	1	544	0.739757	0.020369	0.739757	0.739757	0.739757	0.000000	0.739757	0.000000	1	0.255672	0.263052	0.211374	0.269902	0.751512	0.352427	0.597261	0.572052	0.976527	0.375667	0.234861	0.546835	
2454000	-461.128344	1	1975	0.576822	0.024337	0.576822	0.576822	0.576822	0.576822	0.576822	0.024337	1	0.235663	0.250172	0.249296	0.264869	0.405291	0.376188	0.986990	0.948615	0.031515	0.137608	0.418787	0.413320	
2455000	-461.396994	1	2550	0.541837	0.013599	0.541837	0.541837	0.541837	0.541837	0.541837	0.013599	1	0.229366	0.250128	0.249127	0.271379	0.899696	0.707248	0.401708	0.117542	0.530927	0.256193	0.649313	0.598886	
2456000	-461.579677	1	3423	0.541955	0.034031	0.541955	0.541955	0.541955	0.541955	0.541955	0.000000	1	0.238185	0.250136	0.249624	0.262055	0.211370	0.018825	0.089760	0.962805	0.684741	0.860980	0.371877	0.219816	
2457000	-461.244930	1	1972	0.681867	0.020144	0.681867	0.681867	0.681867	0.681867	0.681867	0.000000	1	0.246584	0.249921	0.250229	0.253266	0.273152	0.075325	0.380689	0.374899	0.942324	0.518402	0.777077	0.748287	
2458000	-460.658278	1	1621	0.616245	0.034202	0.616245	0.616245	0.616245	0.616245	0.616245	0.000000	1	0.244018	0.249976	0.250028	0.255978	0.851229	0.596990	0.753152	0.554313	0.609455	0.389685	0.026317	0.569723	
2459000	-460.625537	1	1208	0.630840	0.043491	0.630840	0.630840	0.630840	0.630840	0.630840	0.000000	1	0.244861	0.249997	0.249926	0.255216	0.471652	0.455442	0.420559	0.592132	0.889670	0.789636	0.084880	0.244347	
2460000	-461.062528	1	3204	0.703185	0.016565	0.703185	0.703185	0.000000	0.703185	0.703185	0.016565	1	0.251041	0.255570	0.233845	0.259544	0.441952	0.547852	0.134333	0.363804	0.473771	0.044422	0.918939	0.804205	
2461000	-464.368273	1	2993	0.692618	0.015345	0.692618	0.692618	0.692618	0.000000	0.692618	0.015345	0	0.258416	0.266460	0.201987	0.273137	0.982436	0.567923	0.647867	0.937811	0.915638	0.298139	0.901480	0.162339	
2462000	-460.697622	1	2173	0.668660	0.031614	0.668660	0.668660	0.668660	0.668660	0.668660	0.000000	1	0.246282	0.249962	0.250076	0.253680	0.694272	0.211042	0.122067	0.660406	0.075050	0.015852	0.888771	0.675141	
2463000	-463.501824	1	748	0.522919	0.082229	0.522919	0.522919	0.522919	0.522919	0.522919	0.000000	1	0.236340	0.250501	0.247965	0.265193	0.067705	0.665269	0.554796	0.217367	0.297205	0.880654	0.735996	0.508462	
2464000	-460.932591	1	2793	0.706920	0.032700	0.706920	0.706920	0.706920	0.706920	0.706920	0.000000	1	0.247384	0.249973	0.250048	0.252595	0.136529	0.953266	0.372356	0.630377	0.342520	0.350472	0.076404	0.127795	
2465000	-461.076532	1	2475	0.663330	0.000000	0.663330	0.663330	0.663330	0.663330	0.663330	0.021300	1	0.239132	0.249972	0.250062	0.260833	0.090183	0.215924	0.691234	0.735618	0.076838	0.431114	0.328578	0.844565	
2466000	-460.797353	1	1859	0.611948	0.027499	0.611948	0.611948	0.611948	0.611948	0.611948	0.000000	1	0.243671	0.249932	0.250192	0.256205	0.183595	0.700754	0.570898	0.032709	0.495422	0.165133	0.312355	0.502883	
2467000	-461.316238	1	2860	0.747639	0.045200	0.747639	0.747639	0.747639	0.747639	0.747639	0.000000	1	0.248239	0.249986	0.250000	0.251775	0.283995	0.552587	0.305771	0.595029	0.021552	0.865541	0.985221	0.059527	
2468000	-460.611847	1	2501	0.661428	0.039797	0.661428	0.661428	0.661428	0.661428	0.661428	0.000000	1	0.246097	0.249980	0.250000	0.253923	0.909649	0.852120	0.846301	0.973546	0.026823	0.914815	0.584812	0.073986	
2469000	-461.365265	1	2485	0.632053	0.021821	0.632053	0.632053	0.632053	0.021821	0.632053	0.000000	1	0.254768	0.272300	0.183946	0.288986	0.011444	0.155807	0.294026	0.162890	0.947542	0.111743	0.520439	0.307540	
2470000	-461.076217	1	286	0.641400	0.000000	0.641400	0.641400	0.641400	0.641400	0.641400	0.040262	1	0.238149	0.250086	0.249899	0.261866	0.027676	0.425285	0.977688	0.566327	0.095976	0.970171	0.479590	0.064520	
2471000	-461.256887	1	3350	0.563611	0.045690	0.563611	0.563611	0.563611	0.563611	0.563611	0.000000	1	0.240480	0.250133	0.249497	0.259890	0.637904	0.717422	0.797828	0.773023	0.294202	0.633647	0.841403	0.144207	
2472000	-461.454451	1	678	0.579437	0.007247	0.579437	0.579437	0.579437	0.007247	0.579437	0.007247	1	0.258827	0.279466	0.162661	0.299047	0.834807	0.117734	0.866685	0.111619	0.176176	0.174946	0.722357	0.299246	
2473000	-461.120485	1	667	0.702474	0.026914	0.702474	0.702474	0.702474	0.702474	0.702474	0.026914	1	0.244983	0.250010	0.249941	0.255065	0.564376	0.002267	0.632491	0.224825	0.647702	0.625709	0.190193	0.956024	
2474000	-460.638016	1	3679	0.641075	0.031575	0.641075	0.641075	0.641075	0.641075	0.641075	0.000000	1	0.245211	0.249959	0.250087	0.254744	0.342516	0.424378	0.792047	0.680484	0.233775	0.386974	0.132938	0.407432	
2475000	-460.985163	1	424	0.712829	0.032818	0.712829	0.712829	0.712829	0.712829	0.712829	0.000000	1	0.247522	0.249974	0.250045	0.252460	0.215686	0.586875	0.763041	0.388979	0.820759	0.825214	0.367562	0.178856	
2476000	-460.814312	1	108	0.655912	0.014628	0.655912	0.655912	0.000000	0.655912	0.655912	0.014628	1	0.250672	0.257711	0.227597	0.264020	0.166746	0.086866	0.809322	0.302005	0.398777	0.783796	0.701512	0.652179	
2477000	-460.835820	1	2357	0.600705	0.010577	0.600705	0.600705	0.600705	0.600705	0.600705	0.010577	1	0.236735	0.249929	0.249988	0.263349	0.081114	0.709431	0.369767	0.147821	0.497707	0.648304	0.608910	0.141372	
2478000	-460.933950	1	2711	0.624206	0.022955	0.624206	0.624206	0.624206	0.624206	0.624206	0.000000	1	0.244261	0.249892	0.250325	0.255521	0.091227	0.133865	0.863973	0.351460	0.370433	0.877869	0.482501	0.147776	
2479000	-460.919896	1	2452	0.633397	0.015771	0.633397	0.633397	0.015771	0.633397	0.633397	0.015771	1	0.249615	0.258008	0.226841	0.265536	0.135289	0.318703	0.401991	0.954100	0.333220	0.232187	0.123724	0.064046	
2480000	-461.544879	1	1391	0.645388	0.006327	0.645388	0.645388	0.645388	0.645388	0.645388	0.006327	1	0.240396	0.249836	0.250366	0.259403	0.938427	0.920063	0.776902	0.950598	0.327561	0.055681	0.551058	0.791342	
2481000	-460.853096	1	2968	0.702689	0.036178	0.702689	0.702689	0.702689	0.702689	0.702689	0.000000	1	0.247304	0.249976	0.250030	0.252690	0.300299	0.641761	0.213588	0.432295	0.028307	0.259485	0.237350	0.005697	
2482000	-461.583409	1	2619	0.613456	0.027142	0.613456	0.613456	0.613456	0.000000	0.613456	0.000000	1	0.254085	0.278491	0.165699	0.301724	0.572147	0.319339	0.142807	0.893364	0.104115	0.847207	0.375727	0.756766	
2483000	-460.631344	1	836	0.662582	0.034906	0.662582	0.662582	0.662582	0.662582	0.662582	0.000000	1	0.246099	0.249970	0.250044	0.253887	0.690493	0.989851	0.778052	0.330478	0.438246	0.898104	0.542547	0.192323	
2484000	-460.601427	1	2080	0.649933	0.042192	0.649933	0.649933	0.649933	0.649933	0.649933	0.000000	1	0.245681	0.249986	0.249970	0.254363	0.152937	0.623295	0.280422	0.636738	0.299483	0.067114	0.122650	0.965557	
2485000	-464.495915	1	2513	0.637439	0.032171	0.637439	0.637439	0.637439	0.032171	0.637439	0.000000	0	0.252858	0.270855	0.188668	0.287619	0.047490	0.309862	0.048533	0.996952	0.499789	0.795468	0.215250	0.896471	
2486000	-461.044236	1	2686	0.680161	0.000000	0.680161	0.680161	0.680161	0.680161	0.680161	0.032712	1	0.240953	0.250030	0.249998	0.259020	0.349642	0.062498	0.249097	0.089162	0.449000	0.677723	0.228320	0.222348	
2487000	-461.644953	1	2095	0.550388	0.052332	0.550388	0.550388	0.550388	0.550388	0.550388	0.000000	1	0.239324	0.250225	0.249167	0.261284	0.472774	0.980340	0.087774	0.749259	0.575152	0.274803	0.461236	0.460478	
2488000	-460.837844	1	1641	0.650534	0.024930	0.650534	0.650534	0.650534	0.650534	0.650534	0.000000	1	0.245526	0.249927	0.250202	0.254345	0.420233	0.408271	0.384598	0.499089	0.702613	0.341518	0.034197	0.523069	
2489000	-460.595871	1	2735	0.644000	0.041717	0.644000	0.644000	0.644000	0.644000	0.644000	0.000000	1	0.245435	0.249987	0.249967	0.254611	0.689719	0.749132	0.993063	0.318788	0.589422	0.919762	0.302134	0.938223	
2490000	-461.175989	1	3943	0.570289	0.047025	0.570289	0.570289	0.570289	0.570289	0.570289	0.000000	1	0.241061	0.250114	0.249542	0.259283	0.565855	0.546522	0.192492	0.236424	0.613540	0.408441	0.445574	0.336880	
2491000	-463.173398	1	77	0.595190	0.053086	0.595190	0.595190	0.595190	0.000000	0.595190	0.000000	1	0.242363	0.285948	0.143740	0.327950	0.506859	0.655843	0.674568	0.705279	0.462517	0.814010	0.938609	0.177437	
2492000	-460.794059	1	1872	0.592506	0.021423	0.592506	0.592506	0.592506	0.592506	0.592506	0.021423	1	0.237062	0.250099	0.249530	0.263308	0.435653	0.223266	0.312048	0.305001	0.450201	0.372926	0.489983	0.776489	
2493000	-461.026139	1	3139	0.611486	0.000000	0.611486	0.611486	0.611486	0.611486	0.611486	0.035445	1	0.234752	0.250097	0.249791	0.265360	0.055023	0.564928	0.171475	0.390514	0.627231	0.705189	0.718706	0.157384	
2494000	-461.075820	1	3013	0.572640	0.042741	0.572640	0.572640	0.572640	0.572640	0.572640	0.000000	1	0.241203	0.250088	0.249654	0.259056	0.926849	0.001335	0.820954	0.213654	0.761436	0.534473	0.093198	0.047058	
2495000	-461.735800	1	2694	0.551771	0.000000	0.551771	0.551771	0.551771	0.551771	0.551771	0.036167	1	0.226263	0.250280	0.249099	0.274358	0.978221	0.112580	0.669465	0.391946	0.481561	0.965979	0.670203	0.699448	
2496000	-463.323392	1	1755	0.489883	0.000000	0.489883	0.489883	0.489883	0.489883	0.489883	0.029997	1	0.212174	0.250672	0.247018	0.290136	0.259850	0.389170	0.720271	0.486402	0.616243	0.315248	0.652351	0.407567	
2497000	-461.204728	1	1672	0.623578	0.030505	0.623578	0.623578	0.623578	0.623578	0.623578	0.030505	1	0.240643	0.250083	0.249678	0.259596	0.092435	0.923322	0.317923	0.787739	0.386581	0.561523	0.524603	0.300307	
2498000	-461.683309	1	1738	0.590138	0.072150	0.590138	0.590138	0.590138	0.590138	0.590138	0.000000	1	0.242696	0.250094	0.249451	0.257759	0.891590	0.067333	0.120973	0.438268	0.207600	0.126773	0.636225	0.368933	
2499000	-460.512372	1	160	0.624259	0.014939	0.624259	0.624259	0.624259	0.624259	0.624259	0.014939	1	0.239458	0.249995	0.249877	0.260670	0.445443	0.667216	0.591096	0.635278	0.930717	0.287786	0.089298	0.017372	
2500000	-460.790719	1	587	0.580903	0.017973	0.580903	0.580903	0.580903	0.580903	0.580903	0.017973	1	0.235397	0.250091	0.249492	0.265020	0.610125	0.989532	0.641313	0.199335	0.079227	0.489031	0.470714	0.005748	
2501000	-460.980101	1	2616	0.639963	0.021856	0.639963	0.639963	0.639963	0.639963	0.639963	0.000000	1	0.245015	0.249895	0.250315	0.254775	0.251755	0.326270	0.858646	0.341989	0.062266	0.426858	0.625758	0.154124	
2502000	-461.508790	1	1539	0.676157	0.076518	0.676157	0.676157	0.676157	0.676157	0.676157	0.000000	1	0.246741	0.249993	0.249876	0.253390	0.800236	0.932457	0.332595	0.104693	0.960662	0.724333	0.645457	0.385832	
2503000	-460.893540	1	431	0.678736	0.010835	0.678736	0.678736	0.678736	0.678736	0.678736	0.010835	1	0.243030	0.249958	0.250060	0.256953	0.331595	0.705253	0.188951	0.396715	0.967831	0.792142	0.175712	0.892411	
2504000	-460.959834	1	3994	0.591340	0.049455	0.591340	0.591340	0.591340	0.591340	0.591340	0.000000	1	0.242659	0.250063	0.249684	0.257594	0.387734	0.083049	0.774039	0.584016	0.308139	0.129720	0.224279	0.666466	
2505000	-461.393828	1	2495	0.619244	0.000000	0.619244	0.619244	0.619244	0.619244	0.619244	0.047504	1	0.236408	0.250157	0.249783	0.263652	0.060247	0.681038	0.810228	0.160553	0.471318	0.866229	0.236105	0.543464	
2506000	-460.985163	1	424	0.712829	0.032818	0.712829	0.712829	0.712829	0.712829	0.712829	0.000000	1	0.247522	0.249974	0.250045	0.252460	0.408718	0.269667	0.514746	0.567525	0.637405	0.237397	0.446354	0.900146	
2507000	-461.444441	1	16	0.620739	0.021021	0.620739	0.620739	0.620739	0.021021	0.620739	0.000000	1	0.254808	0.273671	0.179831	0.291690	0.975061	0.598396	0.959258	0.099321	0.229677	0.184406	0.187708	0.790381	
2508000	-461.339622	1	2994	0.570965	0.000000	0.570965	0.570965	0.570965	0.570965	0.570965	0.032630	1	0.229036	0.250153	0.249462	0.271350	0.534199	0.199229	0.751584	0.267965	0.206959	0.668458	0.038162	0.570641	
2509000	-461.285539	1	559	0.590279	0.007610	0.590279	0.590279	0.590279	0.007610	0.590279	0.007610	1	0.259028	0.277920	0.167329	0.295723	0.838257	0.781322	0.173663	0.723382	0.501518	0.669136	0.206071	0.431330	
2510000	-461.739301	1	3297	0.637428	0.007037	0.637428	0.637428	0.007037	0.007037	0.637428	0.007037	1	0.318658	0.335061	0.000243	0.346038	0.054608	0.960302	0.542273	0.726567	0.187487	0.156830	0.189041	0.422590	
2511000	-462.289919	1	633	0.795957	0.012228	0.795957	0.795957	0.795957	0.795957	0.795957	0.012228	1	0.247419	0.249991	0.250017	0.252573	0.615227	0.394998	0.737340	0.168367	0.438206	0.426984	0.836710	0.884054	
2512000	-460.692110	1	1967	0.664582	0.011302	0.664582	0.664582	0.000000	0.664582	0.664582	0.011302	1	0.249904	0.256759	0.230203	0.263134	0.528672	0.654235	0.893521	0.410445	0.382946	0.194124	0.860220	0.974224	
2513000	-461.189624	1	69	0.725961	0.010141	0.725961	0.725961	0.725961	0.000000	0.725961	0.010141	1	0.257451	0.263559	0.210025	0.268966	0.800011	0.110812	0.144297	0.813106	0.849464	0.425862	0.542613	0.879451	
2514000	-461.026334	1	2568	0.636195	0.062646	0.636195	0.636195	0.636195	0.636195	0.636195	0.000000	1	0.245221	0.250014	0.249807	0.254958	0.904116	0.340692	0.276820	0.974598	0.672955	0.960605	0.060264	0.915710	
2515000	-462.029171	1	1986	0.670278	0.009886	0.670278	0.670278	0.009886	0.009886	0.670278	0.009886	1	0.321668	0.335565	0.000475	0.342292	0.122206	0.408074	0.587782	0.935700	0.342949	0.398597	0.947012	0.373893	
2516000	-460.970945	1	2691	0.668438	0.000000	0.668438	0.668438	0.668438	0.668438	0.668438	0.027359	1	0.239839	0.250010	0.250011	0.260140	0.672710	0.469044	0.117944	0.730631	0.165549	0.148041	0.705936	0.428446	
2517000	-461.570001	1	650	0.552653	0.000000	0.552653	0.552653	0.552653	0.552653	0.552653	0.028036	1	0.225473	0.250131	0.249283	0.275113	0.098308	0.665963	0.272679	0.890824	0.399627	0.834851	0.240902	0.842891	
2518000	-460.913087	1	2454	0.618742	0.056358	0.618742	0.618742	0.618742	0.618742	0.618742	0.000000	1	0.244347	0.250028	0.249772	0.255853	0.392394	0.082017	0.538897	0.649344	0.696052	0.232940	0.710453	0.515314	
2519000	-461.027783	1	2537	0.592325	0.024636	0.592325	0.592325	0.592325	0.592325	0.592325	0.000000	1	0.242351	0.249898	0.250327	0.257424	0.781251	0.294135	0.534063	0.845664	0.447986	0.243540	0.311269	0.958509	
2520000	-464.349114	1	690	0.645965	0.017234	0.645965	0.645965	0.645965	0.000000	0.645965	0.017234	0	0.259544	0.271731	0.186964	0.281761	0.726312	0.334830	0.971265	0.105610	0.395602	0.029888	0.741524	0.260125	
2521000	-460.696742	1	453	0.651587	0.011785	0.651587	0.651587	0.000000	0.651587	0.651587	0.011785	1	0.249926	0.257546	0.227935	0.264593	0.376514	0.202812	0.748598	0.012235	0.320703	0.208776	0.140646	0.574325	
2522000	-460.740232	1	293	0.584842	0.014602	0.584842	0.584842	0.584842	0.584842	0.584842	0.014602	1	0.235449	0.250030	0.249658	0.264862	0.686101	0.588226	0.737867	0.382256	0.680391	0.356774	0.039013	0.530052	
2523000	-461.195374	1	3030	0.656260	0.016921	0.656260	0.656260	0.656260	0.016921	0.656260	0.016921	1	0.257737	0.269264	0.194033	0.278965	0.128897	0.104052	0.103558	0.605345	0.828685	0.286932	0.948041	0.624464	
2524000	-464.482243	1	3516	0.605402	0.025570	0.605402	0.605402	0.605402	0.605402	0.605402	0.000000	0	0.245683	0.249853	0.250605	0.253859	0.480500	0.463433	0.756759	0.618601	0.767708	0.226672	0.618129	0.022969	
2525000	-463.087865	1	1310	0.650303	0.000000	0.650303	0.650303	0.000000	0.650303	0.650303	0.045384	1	0.263354	0.262710	0.213715	0.260221	0.838722	0.652853	0.398918	0.564145	0.136078	0.141050	0.400488	0.100727	
2526000	-461.087665	1	1678	0.608049	0.021288	0.608049	0.608049	0.608049	0.608049	0.608049	0.000000	1	0.243297	0.249855	0.250460	0.256389	0.473244	0.633662	0.914433	0.963349	0.834845	0.531060	0.966758	0.242108	
2527000	-463.988524	1	322	0.643769	0.027602	0.643769	0.643769	0.643769	0.643769	0.643769	0.027602	0	0.242510	0.250027	0.249872	0.257591	0.800319	0.613053	0.376999	0.548027	0.684145	0.432338	0.402839	0.050444	
2528000	-461.107291	1	2139	0.587915	0.000000	0.587915	0.587915	0.587915	0.587915	0.587915	0.025207	1	0.230877	0.250015	0.249775	0.269334	0.622373	0.072957	0.610116	0.899644	0.566883	0.830083	0.557655	0.274816	
2529000	-461.144627	1	2629	0.630075	0.065746	0.630075	0.630075	0.630075	0.630075	0.630075	0.000000	1	0.244953	0.250021	0.249766	0.255260	0.028168	0.296772	0.148798	0.265257	0.805393	0.791775	0.619429	0.894119	
2530000	-460.587877	1	1173	0.638864	0.039412	0.638864	0.638864	0.638864	0.638864	0.638864	0.000000	1	0.245194	0.249984	0.249983	0.254840	0.169314	0.565504	0.234569	0.025348	0.291946	0.062750	0.656035	0.910159	
2531000	-461.438390	1	2673	0.648362	0.020751	0.648362	0.648362	0.000000	0.648362	0.648362	0.020751	1	0.251999	0.258882	0.224567	0.264552	0.197624	0.262805	0.237169	0.665248	0.060143	0.772175	0.326495	0.626189	
2532000	-462.488363	1	3482	0.753833	0.000000	0.753833	0.753833	0.000000	0.753833	0.753833	0.012591	1	0.247247	0.251450	0.245726	0.255577	0.143045	0.279523	0.640530	0.881373	0.672903	0.657296	0.826978	0.250414	
2533000	-462.278121	1	2633	0.762935	0.079546	0.762935	0.762935	0.762935	0.762935	0.762935	0.000000	1	0.248541	0.249988	0.249969	0.251503	0.841665	0.631404	0.014227	0.425367	0.289402	0.989175	0.968190	0.659048	
2534000	-460.596402	1	3569	0.641032	0.028299	0.641032	0.641032	0.625970	0.625970	0.625970	0.000000	1	0.246223	0.249948	0.250158	0.253672	0.180079	0.162395	0.166054	0.707176	0.091597	0.843139	0.600460	0.447928	
2535000	-461.330099	1	3420	0.724161	0.061503	0.724161	0.724161	0.724161	0.724161	0.724161	0.000000	1	0.247876	0.249988	0.249965	0.252171	0.568871	0.429349	0.706312	0.690531	0.808755	0.630323	0.274753	0.374298	
2536000	-462.177303	1	2124	0.588445	0.000000	0.588445	0.588445	0.000000	0.588445	0.588445	0.017645	1	0.248270	0.261357	0.216826	0.273547	0.779079	0.806005	0.133354	0.984167	0.315091	0.354664	0.337942	0.732684	
2537000	-461.454836	1	1536	0.564905	0.000000	0.564905	0.564905	0.564905	0.564905	0.564905	0.020999	1	0.226811	0.249944	0.249719	0.273526	0.851958	0.362104	0.828605	0.434249	0.736690	0.292995	0.761635	0.716152	
2538000	-460.998552	1	1502	0.684144	0.013528	0.684144	0.684144	0.684144	0.000000	0.684144	0.013528	1	0.258656	0.267659	0.198311	0.275374	0.426468	0.254079	0.603425	0.743089	0.752205	0.004711	0.783296	0.679786	
2539000	-461.483493	1	1037	0.677050	0.035252	0.677050	0.677050	0.677050	0.035252	0.677050	0.000000	1	0.251870	0.267747	0.197797	0.282585	0.536418	0.227847	0.877904	0.303937	0.489214	0.170496	0.134633	0.207698	
2540000	-461.694664	1	1309	0.774869	0.037770	0.774869	0.774869	0.774869	0.774869	0.774869	0.000000	1	0.248598	0.249987	0.250012	0.251402	0.438998	0.553814	0.847018	0.480143	0.273011	0.446766	0.392491	0.131262	
2541000	-461.465615	1	2875	0.719111	0.022203	0.719111	0.719111	0.719111	0.022203	0.719111	0.000000	1	0.254594	0.263263	0.210784	0.271359	0.559271	0.143697	0.352981	0.480998	0.260676	0.876888	0.483926	0.971941	
2542000	-460.742752	1	3948	0.583394	0.015797	0.583394	0.583394	0.583394	0.583394	0.583394	0.015797	1	0.235427	0.250053	0.249594	0.264926	0.110630	0.795803	0.766308	0.093452	0.183346	0.759906	0.289679	0.017865	
2543000	-461.318013	1	2288	0.614118	0.031268	0.614118	0.614118	0.614118	0.614118	0.614118	0.031268	1	0.239953	0.250104	0.249609	0.260334	0.848068	0.413676	0.602170	0.135353	0.987217	0.672848	0.771635	0.723439	
2544000	-461.350000	1	1362	0.651931	0.029843	0.651931	0.651931	0.651931	0.029843	0.651931	0.000000	1	0.252695	0.270305	0.190092	0.286908	0.888052	0.080822	0.960577	0.630648	0.801790	0.107821	0.607699	0.341496	
2545000	-461.206199	1	1990	0.572238	0.049913	0.572238	0.572238	0.572238	0.572238	0.572238	0.000000	1	0.241248	0.250118	0.249510	0.259124	0.299507	0.567898	0.056749	0.344535	0.522350	0.443903	0.997858	0.744347	
2546000	-460.952631	1	1312	0.645295	0.000000	0.645295	0.645295	0.645295	0.645295	0.645295	0.035138	1	0.238234	0.250058	0.249929	0.261779	0.806567	0.238229	0.560864	0.893378	0.580233	0.257102	0.465820	0.108562	
2547000	-461.351487	1	2764	0.668661	0.027434	0.668661	0.668661	0.668661	0.000000	0.668661	0.000000	1	0.255383	0.271324	0.187074	0.286219	0.044043	0.289237	0.815848	0.504565	0.459754	0.609418	0.911141	0.717200	
2548000	-461.252757	1	3366	0.723119	0.011502	0.723119	0.723119	0.723119	0.723119	0.723119	0.011502	1	0.245213	0.249977	0.250038	0.254772	0.108538	0.573967	0.590513	0.591591	0.099557	0.281486	0.889235	0.016388	
2549000	-461.369845	1	376	0.565528	0.052419	0.565528	0.565528	0.565528	0.565528	0.565528	0.000000	1	0.240712	0.250151	0.249390	0.259747	0.510682	0.023086	0.207548	0.332356	0.459795	0.976349	0.261462	0.975290	
2550000	-461.624900	1	2659	0.769097	0.019840	0.769097	0.769097	0.769097	0.769097	0.769097	0.019840	1	0.246960	0.249997	0.249997	0.253046	0.541912	0.170625	0.708304	0.539430	0.191368	0.553800	0.635425	0.567111	
2551000	-461.101922	1	2182	0.724699	0.033056	0.724699	0.724699	0.724699	0.724699	0.724699	0.000000	1	0.247776	0.249977	0.250038	0.252209	0.856342	0.455426	0.378127	0.762910	0.240984	0.142851	0.211594	0.222620	
2552000	-461.276262	1	3210	0.657809	0.022945	0.657809	0.657809	0.657809	0.022945	0.657809	0.000000	1	0.254740	0.269339	0.192791	0.283130	0.363331	0.344205	0.326970	0.273242	0.625016	0.530023	0.964634	0.256016	
2553000	-460.898677	1	2409	0.631489	0.009080	0.631489	0.631489	0.631489	0.009080	0.631489	0.009080	1	0.258995	0.272474	0.183681	0.284849	0.442057	0.996929	0.329207	0.290071	0.169569	0.441784	0.420388	0.288805	
2554000	-461.931414	1	1557	0.667893	0.042222	0.667893	0.667893	0.667893	0.000000	0.667893	0.000000	1	0.252064	0.273755	0.180295	0.293885	0.958857	0.055388	0.541517	0.280742	0.455708	0.503093	0.452264	0.448787	
2555000	-460.694514	1	2400	0.670544	0.032267	0.670544	0.670544	0.670544	0.670544	0.670544	0.000000	1	0.246351	0.249964	0.250068	0.253616	0.798327	0.723315	0.238607	0.494700	0.590459	0.846328	0.864387	0.429473	
2556000	-461.079706	1	2753	0.703954	0.057984	0.703954	0.703954	0.703954	0.703954	0.703954	0.000000	1	0.247433	0.249988	0.249957	0.252623	0.905652	0.198977	0.368143	0.157315	0.425770	0.198126	0.476667	0.672484	
2557000	-461.721768	1	3895	0.648723	0.013148	0.648723	0.648723	0.648723	0.013148	0.648723	0.000000	1	0.257616	0.269762	0.191241	0.281380	0.247809	0.668300	0.626663	0.744921	0.013509	0.367568	0.025942	0.742256	
2558000	-460.742180	1	1622	0.607957	0.044857	0.607957	0.607957	0.607957	0.607957	0.607957	0.000000	1	0.243666	0.250022	0.249837	0.256475	0.718557	0.420060	0.295891	0.452967	0.027821	0.816286	0.502027	0.983057	
2559000	-461.061984	1	3949	0.649157	0.064421	0.649157	0.649157	0.649157	0.649157	0.649157	0.000000	1	0.245770	0.250005	0.249842	0.254383	0.136732	0.981522	0.667130	0.699913	0.812653	0.010724	0.608945	0.237738	
2560000	-460.732902	1	1620	0.636040	0.027537	0.636040	0.636040	0.636040	0.636040	0.636040	0.000000	1	0.244929	0.249937	0.250167	0.254966	0.956989	0.331624	0.265950	0.010181	0.735519	0.432568	0.907913	0.907291	
2561000	-460.781730	1	501	0.629730	0.012667	0.629730	0.629730	0.000000	0.629730	0.629730	0.012667	1	0.249889	0.258985	0.223809	0.267317	0.680619	0.705829	0.419607	0.093222	0.838767	0.417500	0.541608	0.514921	
2562000	-461.486360	1	204	0.713306	0.006150	0.713306	0.713306	0.713306	0.000000	0.713306	0.006150	1	0.257860	0.264413	0.207201	0.270526	0.956385	0.514003	0.877401	0.073456	0.466160	0.636692	0.749603	0.072809	
2563000	-460.655515	1	3413	0.673688	0.038986	0.673688	0.673688	0.673688	0.673688	0.673688	0.000000	1	0.246507	0.249978	0.250012	0.253503	0.475851	0.467357	0.862012	0.356355	0.083645	0.432423	0.262249	0.972365	
2564000	-461.758254	1	2143	0.606141	0.000000	0.606141	0.606141	0.606141	0.606141	0.606141	0.053525	1	0.235408	0.250222	0.249685	0.264684	0.739770	0.129537	0.865519	0.835192	0.682680	0.047117	0.543186	0.229694	
2565000	-461.108696	1	977	0.694346	0.014560	0.694346	0.694346	0.694346	0.000000	0.694346	0.014560	1	0.258349	0.266671	0.201284	0.273696	0.794999	0.399923	0.845928	0.310376	0.896811	0.125223	0.579674	0.546895	
2566000	-461.365265	1	2485	0.632053	0.021821	0.632053	0.632053	0.632053	0.021821	0.632053	0.000000	1	0.254768	0.272300	0.183946	0.288986	0.732836	0.865086	0.754034	0.923382	0.111625	0.487625	0.649741	0.052694	
2567000	-461.950880	1	441	0.598982	0.000000	0.598982	0.598982	0.019735	0.598982	0.598982	0.019735	1	0.247549	0.259130	0.223445	0.269875	0.405944	0.016502	0.071624	0.310117	0.884396	0.693519	0.575846	0.315216	
2568000	-461.167392	1	2710	0.579066	0.052302	0.579066	0.579066	0.579066	0.579066	0.579066	0.000000	1	0.241802	0.250102	0.249542	0.258553	0.044844	0.102130	0.942245	0.441100	0.221899	0.605680	0.566941	0.038824	
2569000	-461.048486	1	193	0.684533	0.014281	0.684533	0.684533	0.684533	0.000000	0.684533	0.014281	1	0.258624	0.267654	0.198400	0.275321	0.619600	0.182024	0.314413	0.939490	0.212546	0.519650	0.197383	0.902101	
2570000	-462.038909	1	554	0.708926	0.008210	0.708926	0.708926	0.008210	0.000000	0.708926	0.008210	1	0.324815	0.335200	0.000078	0.339906	0.544295	0.192538	0.036932	0.120373	0.378999	0.707270	0.577762	0.327179	
2571000	-462.046194	1	2636	0.610625	0.015927	0.610625	0.610625	0.000000	0.015927	0.610625	0.000000	1	0.291420	0.334378	0.000382	0.373820	0.090327	0.878596	0.581479	0.072443	0.238262	0.461046	0.770517	0.056953	
2572000	-461.200152	1	1144	0.646153	0.000000	0.646153	0.646153	0.646153	0.646153	0.646153	0.044036	1	0.238772	0.250096	0.249904	0.261228	0.271313	0.592014	0.148795	0.349758	0.849217	0.527882	0.765310	0.372623	
2573000	-462.688662	1	703	0.591878	0.000000	0.591878	0.591878	0.591878	0.591878	0.591878	0.067227	1	0.234825	0.250350	0.249543	0.265282	0.383605	0.811513	0.607358	0.139361	0.828855	0.554457	0.548881	0.142515	
2574000	-460.734026	1	959	0.631595	0.024244	0.631595	0.631595	0.631595	0.631595	0.631595	0.024244	1	0.240793	0.250049	0.249767	0.259392	0.337507	0.297828	0.256269	0.663322	0.686370	0.854228	0.233960	0.178371	
2575000	-461.756740	1	2089	0.772916	0.023109	0.772916	0.772916	0.772916	0.772916	0.772916	0.023109	1	0.247132	0.249999	0.249992	0.252877	0.779789	0.792396	0.386658	0.945337	0.088226	0.516137	0.981933	0.792741	
2576000	-461.739941	1	72	0.754081	0.023610	0.754081	0.754081	0.754081	0.023610	0.754081	0.000000	1	0.253875	0.260583	0.218733	0.266810	0.229430	0.185274	0.423373	0.956287	0.973787	0.493249	0.792840	0.137183	
2577000	-460.670801	1	1035	0.634836	0.047644	0.634836	0.634836	0.634836	0.634836	0.634836	0.000000	1	0.245079	0.250002	0.249898	0.255022	0.327595	0.544977	0.726378	0.960387	0.389513	0.751657	0.643319	0.890392	
2578000	-461.220921	1	3418	0.690568	0.021395	0.690568	0.690568	0.690568	0.690568	0.690568	0.000000	1	0.246861	0.249935	0.250183	0.253022	0.682435	0.749070	0.034636	0.736933	0.928316	0.120363	0.216154	0.442082	
2579000	-460.634919	1	44	0.622585	0.041747	0.622585	0.622585	0.622585	0.622585	0.622585	0.000000	1	0.244439	0.249999	0.249925	0.255637	0.927545	0.150836	0.218488	0.972340	0.989150	0.219612	0.287828	0.499837	
2580000	-460.933950	1	2711	0.624206	0.022955	0.624206	0.624206	0.624206	0.624206	0.624206	0.000000	1	0.244261	0.249892	0.250325	0.255521	0.403634	0.270423	0.750432	0.581401	0.982827	0.433826	0.962308	0.191572	
2581000	-461.634137	1	2259	0.656400	0.038774	0.656400	0.656400	0.656400	0.038774	0.656400	0.000000	1	0.250377	0.270074	0.190966	0.288583	0.589360	0.547621	0.071636	0.155373	0.617041	0.371707	0.022772	0.222969	
2582000	-462.541456	1	3932	0.674466	0.026109	0.674466	0.674466	0.674466	0.000000	0.674466	0.026109	1	0.258491	0.269229	0.195081	0.277199	0.620482	0.937321	0.975327	0.236466	0.536277	0.695972	0.428188	0.155520	
2583000	-462.562650	1	3601	0.791299	0.000000	0.791299	0.791299	0.791299	0.791299	0.791299	0.022607	1	0.246142	0.250001	0.250028	0.253830	0.136551	0.241949	0.806718	0.958586	0.639965	0.406149	0.425635	0.140462	
2584000	-460.882269	1	541	0.671489	0.056825	0.671489	0.671489	0.671489	0.671489	0.671489	0.000000	1	0.246534	0.249992	0.249922	0.253552	0.397582	0.469070	0.866217	0.297276	0.677052	0.861119	0.962125	0.856380	
2585000	-461.342403	1	2937	0.570832	0.000000	0.570832	0.570832	0.570832	0.570832	0.570832	0.032681	1	0.229020	0.250154	0.249459	0.271367	0.821069	0.765020	0.436060	0.301819	0.033568	0.412228	0.240583	0.775101	
2586000	-461.397758	1	2928	0.697802	0.070694	0.697802	0.697802	0.697802	0.697802	0.697802	0.000000	1	0.247321	0.249989	0.249924	0.252765	0.985825	0.314044	0.949605	0.366731	0.876110	0.873443	0.257097	0.404901	
2587000	-461.722596	1	2564	0.749978	0.066339	0.749978	0.749978	0.749978	0.749978	0.749978	0.000000	1	0.248332	0.249988	0.249973	0.251707	0.257051	0.925486	0.133447	0.162114	0.299071	0.209737	0.061549	0.052804	
2588000	-460.656078	1	419	0.672266	0.036598	0.672266	0.672266	0.672266	0.672266	0.672266	0.000000	1	0.246444	0.249974	0.250029	0.253553	0.376819	0.109015	0.130141	0.325505	0.536391	0.439421	0.818198	0.352327	
2589000	-461.376472	1	3610	0.568078	0.010623	0.568078	0.568078	0.000000	0.568078	0.568078	0.010623	1	0.247053	0.262996	0.211998	0.277954	0.027766	0.876008	0.927632	0.353335	0.900089	0.372400	0.795758	0.966139	
2590000	-461.283606	1	3655	0.672302	0.070469	0.672302	0.672302	0.672302	0.672302	0.672302	0.000000	1	0.246607	0.249995	0.249882	0.253517	0.956041	0.970539	0.339894	0.026301	0.952675	0.525039	0.452933	0.438344	
2591000	-460.628930	1	3894	0.666964	0.038383	0.666964	0.666964	0.666964	0.666964	0.666964	0.000000	1	0.246280	0.249977	0.250014	0.253729	0.451792	0.837558	0.513956	0.613906	0.173398	0.551363	0.746120	0.961646	
2592000	-461.184941	1	789	0.683219	0.000000	0.683219	0.683219	0.683219	0.683219	0.683219	0.021663	1	0.240730	0.249981	0.250061	0.259228	0.475996	0.252871	0.239690	0.731426	0.417756	0.147960	0.420017	0.232488	
2593000	-461.952102	1	2898	0.694009	0.015034	0.694009	0.694009	0.000000	0.015034	0.694009	0.000000	1	0.305720	0.334533	0.000320	0.359427	0.739090	0.890312	0.359866	0.589686	0.163276	0.316371	0.472510	0.542840	
2594000	-461.563340	1	3781	0.711162	0.019210	0.711162	0.711162	0.711162	0.711162	0.711162	0.000000	1	0.247376	0.249940	0.250171	0.252514	0.573262	0.152607	0.629764	0.380107	0.797174	0.199140	0.788944	0.985266	
2595000	-461.800723	1	1670	0.637989	0.005308	0.637989	0.637989	0.000000	0.005308	0.637989	0.005308	1	0.318922	0.334691	0.000039	0.346349	0.011243	0.787076	0.082670	0.654494	0.645340	0.466769	0.239625	0.880274	
2596000	-460.718951	1	1308	0.665659	0.029989	0.665659	0.665659	0.665659	0.665659	0.665659	0.000000	1	0.246162	0.249957	0.250097	0.253784	0.533725	0.050928	0.736202	0.492430	0.788999	0.311815	0.110580	0.175891	
2597000	-461.454909	1	886	0.748069	0.008968	0.748069	0.748069	0.748069	0.008968	0.748069	0.008968	1	0.256169	0.261133	0.217096	0.265602	0.379670	0.362215	0.960711	0.546860	0.551896	0.861109	0.945344	0.093801	
2598000	-463.798948	1	1377	0.670680	0.049373	0.670680	0.670680	0.670680	0.670680	0.670680	0.000000	0	0.247849	0.249994	0.250019	0.252138	0.199241	0.014735	0.321246	0.939053	0.315887	0.158576	0.436358	0.762973	
2599000	-460.622572	1	1227	0.622272	0.036467	0.622272	0.622272	0.622272	0.622272	0.622272	0.000000	1	0.244368	0.249982	0.249998	0.255652	0.795130	0.198654	0.504468	0.763643	0.869618	0.323971	0.169285	0.118945	
2600000	-461.013389	1	1480	0.616974	0.000000	0.616974	0.616974	0.616974	0.616974	0.616974	0.035988	1	0.235415	0.250093	0.249818	0.264675	0.322860	0.415769	0.217666	0.590645	0.540243	0.415665	0.268138	0.226558	
2601000	-460.705947	1	2750	0.655700	0.029217	0.655700	0.655700	0.655700	0.655700	0.655700	0.000000	1	0.245787	0.249951	0.250116	0.254146	0.988319	0.487138	0.396211	0.275005	0.438251	0.438785	0.549256	0.901487	
2602000	-460.892603	1	1098	0.570918	0.016817	0.570918	0.570918	0.570918	0.570918	0.570918	0.016817	1	0.234034	0.250101	0.249413	0.266452	0.821935	0.345379	0.502016	0.325633	0.758345	0.910121	0.482495	0.939877	
2603000	-460.929676	1	3114	0.589874	0.023518	0.589874	0.589874	0.589874	0.589874	0.589874	0.023518	1	0.237004	0.250123	0.249468	0.263405	0.634741	0.854428	0.671413	0.422190	0.516919	0.342868	0.660980	0.007884	
2604000	-461.438390	1	2673	0.648362	0.020751	0.648362	0.648362	0.000000	0.648362	0.648362	0.020751	1	0.251999	0.258882	0.224567	0.264552	0.614815	0.607238	0.817683	0.688605	0.156665	0.361837	0.413474	0.790916	
2605000	-462.423176	1	482	0.576935	0.015855	0.576935	0.576935	0.015855	0.000000	0.576935	0.000000	1	0.283936	0.334222	0.000233	0.381609	0.735151	0.513678	0.189105	0.345968	0.221273	0.848319	0.762110	0.218933	
2606000	-461.529138	1	3772	0.544676	0.038937	0.544676	0.544676	0.544676	0.544676	0.544676	0.000000	1	0.238575	0.250177	0.249447	0.261802	0.135747	0.953181	0.717759	0.293164	0.263335	0.454899	0.615131	0.707758	
2607000	-462.649846	1	3830	0.635404	0.028757	0.635404	0.635404	0.028757	0.028757	0.635404	0.000000	1	0.277902	0.333686	0.003764	0.384648	0.529289	0.552308	0.051618	0.908277	0.535443	0.760510	0.041107	0.947836	
2608000	-462.005141	1	773	0.703607	0.015201	0.703607	0.703607	0.000000	0.015201	0.703607	0.000000	1	0.306602	0.334546	0.000326	0.358526	0.277614	0.817817	0.946239	0.896917	0.112381	0.685511	0.771370	0.478009	
2609000	-466.194906	1	3292	0.725097	0.030571	0.725097	0.725097	0.000000	0.000000	0.725097	0.000000	0	0.290282	0.335656	0.000000	0.374062	0.102188	0.952160	0.390869	0.364015	0.696652	0.376815	0.816699	0.145050	
2610000	-460.731486	1	2637	0.655226	0.051490	0.655226	0.655226	0.655226	0.655226	0.655226	0.000000	1	0.245945	0.249995	0.249917	0.254143	0.572067	0.976673	0.534805	0.769043	0.563784	0.889344	0.570116	0.481104	
2611000	-461.482239	1	1501	0.738005	0.007572	0.738005	0.738005	0.738005	0.000000	0.738005	0.007572	1	0.257039	0.262413	0.213227	0.267321	0.038921	0.930284	0.396750	0.732215	0.461842	0.815915	0.180605	0.291451	
2612000	-461.344028	1	2110	0.651728	0.029542	0.651728	0.651728	0.651728	0.029542	0.651728	0.000000	1	0.252776	0.270317	0.190050	0.286857	0.994013	0.418092	0.596469	0.315334	0.547594	0.075803	0.093281	0.954643	
2613000	-460.786344	1	428	0.691195	0.034123	0.691195	0.691195	0.691195	0.691195	0.691195	0.000000	1	0.246992	0.249972	0.250045	0.252991	0.749994	0.473990	0.006274	0.070055	0.275817	0.569801	0.070801	0.911602	
2614000	-460.736096	1	480	0.665849	0.029313	0.665849	0.665849	0.665849	0.665849	0.665849	0.000000	1	0.246162	0.249954	0.250106	0.253778	0.718383	0.291644	0.238558	0.041093	0.829309	0.925842	0.131997	0.352257	
2615000	-460.748671	1	1230	0.649746	0.008899	0.649746	0.649746	0.008899	0.649746	0.649746	0.008899	1	0.248435	0.256495	0.230873	0.264197	0.623943	0.242992	0.357809	0.827135	0.670641	0.941447	0.457428	0.702324	
2616000	-460.913087	1	2454	0.618742	0.056358	0.618742	0.618742	0.618742	0.618742	0.618742	0.000000	1	0.244347	0.250028	0.249772	0.255853	0.541478	0.452076	0.521190	0.456648	0.217368	0.346344	0.979499	0.875983	
2617000	-461.282130	1	3225	0.641310	0.017767	0.641310	0.641310	0.641310	0.641310	0.641310	0.000000	1	0.244988	0.249845	0.250477	0.254690	0.391379	0.387453	0.693583	0.522517	0.741337	0.681085	0.014904	0.163453	
2618000	-461.859825	1	2763	0.674865	0.044204	0.674865	0.674865	0.674865	0.044204	0.674865	0.000000	1	0.249752	0.268189	0.196657	0.285402	0.964471	0.165569	0.746842	0.955911	0.087809	0.550249	0.702484	0.363951	
2619000	-461.224292	1	1887	0.751534	0.012065	0.751534	0.751534	0.012065	0.751534	0.751534	0.012065	1	0.249567	0.252747	0.241951	0.255735	0.197061	0.565697	0.273937	0.899057	0.928655	0.281464	0.929399	0.990927	
2620000	-462.029171	1	1986	0.670278	0.009886	0.670278	0.670278	0.009886	0.009886	0.670278	0.009886	1	0.321668	0.335565	0.000475	0.342292	0.519887	0.592636	0.154516	0.821188	0.550551	0.725878	0.133522	0.189625	
2621000	-461.222577	1	2557	0.700449	0.000000	0.700449	0.700449	0.700449	0.700449	0.700449	0.035222	1	0.242382	0.250031	0.250007	0.257581	0.817470	0.977014	0.159571	0.553983	0.189606	0.643282	0.383904	0.891709	
2622000	-461.299474	1	3064	0.729040	0.017433	0.729040	0.729040	0.000000	0.729040	0.729040	0.017433	1	0.251021	0.254589	0.236696	0.257694	0.871447	0.585447	0.093721	0.213015	0.582599	0.752929	0.690594	0.424512	
2623000	-462.128665	1	875	0.640535	0.000000	0.640535	0.640535	0.640535	0.640535	0.640535	0.009812	1	0.236219	0.249748	0.250541	0.263491	0.179048	0.957639	0.033771	0.082663	0.407536	0.244530	0.498240	0.514447	
2624000	-461.584835	1	1644	0.554230	0.000000	0.554230	0.554230	0.554230	0.554230	0.554230	0.031703	1	0.226179	0.250195	0.249223	0.274404	0.101108	0.577639	0.944585	0.841004	0.876864	0.801720	0.901063	0.898381	
2625000	-460.604510	1	1226	0.654749	0.041718	0.654749	0.654749	0.654749	0.654749	0.654749	0.000000	1	0.245865	0.249984	0.249980	0.254171	0.645466	0.604517	0.744088	0.395072	0.516446	0.354107	0.544804	0.872206	
2626000	-460.940562	1	1912	0.674748	0.026723	0.674748	0.674748	0.674748	0.674748	0.674748	0.026723	1	0.243674	0.250021	0.249896	0.256410	0.220918	0.582829	0.388615	0.277048	0.676661	0.369415	0.529570	0.957214	
2627000	-462.138724	1	3446	0.571957	0.016832	0.571957	0.571957	0.571957	0.016832	0.571957	0.000000	1	0.254740	0.280091	0.160431	0.304738	0.276702	0.195840	0.791327	0.069317	0.907840	0.919085	0.355873	0.058195	
2628000	-465.117095	1	3284	0.752508	0.010398	0.752508	0.752508	0.000000	0.752508	0.752508	0.010398	0	0.249922	0.252811	0.241736	0.255532	0.293109	0.629052	0.437823	0.719672	0.486905	0.516634	0.368621	0.908753	
2629000	-461.885222	1	2986	0.528864	0.035297	0.528864	0.528864	0.528864	0.528864	0.528864	0.000000	1	0.236735	0.250233	0.249353	0.263678	0.358191	0.864144	0.217848	0.876010	0.031612	0.503373	0.701076	0.778718	
2630000	-461.403415	1	526	0.640851	0.027101	0.640851	0.640851	0.640851	0.000000	0.640851	0.000000	1	0.255051	0.274747	0.176890	0.293312	0.332537	0.200276	0.327297	0.353590	0.823331	0.472683	0.425403	0.331638	
2631000	-460.723289	1	487	0.603426	0.039219	0.603426	0.603426	0.603426	0.603426	0.603426	0.000000	1	0.243335	0.250009	0.249905	0.256751	0.316474	0.465307	0.440064	0.068058	0.566648	0.916742	0.492973	0.627128	
2632000	-464.068778	1	3672	0.656527	0.029081	0.656527	0.656527	0.656527	0.656527	0.656527	0.029081	0	0.243341	0.250023	0.249895	0.256741	0.564618	0.529078	0.920751	0.516389	0.617461	0.558021	0.906777	0.242391	
2633000	-462.234553	1	2848	0.564093	0.019277	0.564093	0.564093	0.564093	0.000000	0.564093	0.000000	1	0.254399	0.284225	0.148123	0.313253	0.693160	0.097852	0.556717	0.844166	0.414140	0.317390	0.379050	0.525407	
2634000	-461.193479	1	2047	0.599043	0.013079	0.599043	0.599043	0.599043	0.000000	0.599043	0.013079	1	0.259591	0.278061	0.167954	0.294395	0.124537	0.020789	0.566736	0.145565	0.033275	0.900537	0.697113	0.170007	
2635000	-462.156191	1	891	0.608285	0.043364	0.608285	0.608285	0.608285	0.043364	0.608285	0.000000	1	0.245866	0.276018	0.173215	0.304900	0.462854	0.948460	0.695381	0.323293	0.285509	0.333269	0.417920	0.270777	
2636000	-461.581800	1	1097	0.685999	0.007038	0.685999	0.685999	0.685999	0.685999	0.685999	0.007038	1	0.243201	0.249914	0.250192	0.256693	0.474894	0.329618	0.804890	0.226778	0.139089	0.697181	0.073509	0.804345	
2637000	-461.607271	1	623	0.732622	0.021918	0.732622	0.732622	0.732622	0.732622	0.732622	0.000000	1	0.247861	0.249961	0.250101	0.252076	0.978491	0.060490	0.309412	0.073476	0.257561	0.643054	0.336328	0.277909	
2638000	-460.935074	1	1575	0.689378	0.009747	0.689378	0.689378	0.689378	0.009747	0.689378	0.009747	1	0.257845	0.266111	0.202492	0.273552	0.745774	0.577939	0.627056	0.683759	0.009025	0.618104	0.340261	0.645380	
2639000	-461.157310	1	2795	0.582268	0.023877	0.582268	0.582268	0.582268	0.582268	0.582268	0.000000	1	0.241589	0.249885	0.250384	0.258142	0.602598	0.637989	0.333568	0.071766	0.003037	0.980918	0.962114	0.683493	
2640000	-462.166134	1	3272	0.753506	0.000000	0.753506	0.753506	0.017088	0.753506	0.753506	0.017088	1	0.247884	0.251628	0.245236	0.255251	0.192965	0.229372	0.145540	0.095543	0.185322	0.332272	0.564488	0.074127	
2641000	-461.981901	1	3676	0.519548	0.018969	0.519548	0.519548	0.519548	0.519548	0.519548	0.018969	1	0.226557	0.250451	0.248124	0.274869	0.234892	0.414788	0.569460	0.779665	0.469609	0.350810	0.261316	0.113002	
2642000	-460.913087	1	2454	0.618742	0.056358	0.618742	0.618742	0.618742	0.618742	0.618742	0.000000	1	0.244347	0.250028	0.249772	0.255853	0.815610	0.841980	0.032040	0.776331	0.469480	0.736648	0.270622	0.894293	
2643000	-461.100870	1	3583	0.656875	0.065646	0.656875	0.656875	0.656875	0.656875	0.656875	0.000000	1	0.246067	0.250001	0.249859	0.254072	0.078478	0.753863	0.514011	0.589154	0.805389	0.607521	0.900467	0.960056	
2644000	-461.407408	1	1630	0.635231	0.005355	0.635231	0.635231	0.635231	0.000000	0.635231	0.005355	1	0.259975	0.272682	0.182542	0.284800	0.027650	0.856774	0.900783	0.748668	0.302107	0.364423	0.561413	0.474805	
2645000	-462.606044	1	1255	0.572346	0.024371	0.572346	0.572346	0.024371	0.572346	0.572346	0.024371	1	0.249839	0.262520	0.214855	0.272785	0.587532	0.547223	0.540184	0.351717	0.961846	0.834840	0.270013	0.016963	
2646000	-460.616578	1	3898	0.656577	0.034725	0.656577	0.656577	0.656577	0.656577	0.656577	0.000000	1	0.245877	0.249969	0.250045	0.254109	0.210774	0.477213	0.413555	0.284769	0.295284	0.705246	0.634047	0.686803	
2647000	-460.854977	1	918	0.665367	0.009687	0.665367	0.665367	0.665367	0.009687	0.665367	0.009687	1	0.258420	0.268566	0.195266	0.277748	0.865054	0.488052	0.461478	0.177588	0.056107	0.473033	0.773321	0.431414	
2648000	-460.638016	1	3679	0.641075	0.031575	0.641075	0.641075	0.641075	0.641075	0.641075	0.000000	1	0.245211	0.249959	0.250087	0.254744	0.239532	0.934095	0.989635	0.991130	0.499556	0.769594	0.755238	0.449799	
2649000	-461.774297	1	885	0.744037	0.018371	0.744037	0.744037	0.744037	0.018371	0.744037	0.000000	1	0.254726	0.261059	0.217232	0.266983	0.278744	0.020422	0.323115	0.446331	0.722803	0.618092	0.797584	0.107090	
2650000	-461.780154	1	3759	0.627446	0.006579	0.627446	0.627446	0.000000	0.000000	0.627446	0.006579	1	0.317563	0.335098	0.000000	0.347339	0.247017	0.492864	0.716306	0.556034	0.327614	0.016922	0.109029	0.679428	
2651000	-461.323445	1	3658	0.595887	0.018981	0.595887	0.595887	0.595887	0.595887	0.595887	0.000000	1	0.242423	0.249790	0.250680	0.257106	0.701984	0.132136	0.071804	0.632449	0.574847	0.556849	0.041793	0.436131	
2652000	-461.215573	1	3669	0.697577	0.000000	0.697577	0.697577	0.697577	0.697577	0.697577	0.024636	1	0.241839	0.249998	0.250040	0.258123	0.124201	0.317790	0.629299	0.654197	0.930678	0.436928	0.998549	0.865820	
2653000	-460.742180	1	1622	0.607957	0.044857	0.607957	0.607957	0.607957	0.607957	0.607957	0.000000	1	0.243666	0.250022	0.249837	0.256475	0.988283	0.176404	0.303987	0.548785	0.694829	0.587538	0.419817	0.577205	
2654000	-461.474843	1	1268	0.762061	0.029652	0.762061	0.762061	0.727221	0.029652	0.727221	0.000000	1	0.254310	0.261146	0.217078	0.267466	0.335209	0.374336	0.590446	0.651720	0.683653	0.858787	0.834397	0.022215	
2655000	-461.161259	1	3607	0.591811	0.000000	0.591811	0.591811	0.591811	0.591811	0.591811	0.035307	1	0.232287	0.250131	0.249652	0.267930	0.130022	0.407703	0.267687	0.377170	0.752031	0.124184	0.184968	0.627671	
2656000	-461.569893	1	2279	0.615057	0.000000	0.615057	0.615057	0.615057	0.615057	0.615057	0.013435	1	0.233532	0.249796	0.250337	0.266335	0.796141	0.715604	0.286984	0.539531	0.521541	0.947331	0.945670	0.977332	
2657000	-461.119694	1	3903	0.638358	0.065747	0.638358	0.638358	0.638358	0.638358	0.638358	0.000000	1	0.245328	0.250013	0.249800	0.254859	0.498917	0.281088	0.204019	0.388520	0.976486	0.108038	0.025828	0.904451	
2658000	-461.640786	1	1639	0.675362	0.006513	0.675362	0.675362	0.675362	0.675362	0.675362	0.006513	1	0.242529	0.249890	0.250252	0.257329	0.471013	0.553892	0.339798	0.264250	0.105617	0.547656	0.805901	0.862686	
2659000	-461.120979	1	3151	0.640793	0.019731	0.640793	0.640793	0.640793	0.640793	0.640793	0.000000	1	0.245010	0.249872	0.250391	0.254728	0.965733	0.203815	0.634353	0.964625	0.652627	0.091566	0.379503	0.475038	
2660000	-462.236204	1	791	0.571968	0.079211	0.571968	0.571968	0.571968	0.571968	0.571968	0.000000	1	0.241355	0.250157	0.249172	0.259317	0.464319	0.296697	0.837062	0.056097	0.934547	0.306937	0.353385	0.075868	
2661000	-461.013930	1	2803	0.598456	0.054716	0.598456	0.598456	0.598456	0.598456	0.598456	0.000000	1	0.243165	0.250058	0.249671	0.257105	0.470709	0.020916	0.697308	0.973215	0.725757	0.291865	0.051243	0.417881	
2662000	-462.918809	1	663	0.548070	0.000000	0.548070	0.548070	0.548070	0.548070	0.548070	0.059173	1	0.228254	0.250589	0.248857	0.272299	0.005214	0.849366	0.081101	0.905986	0.917404	0.469761	0.618764	0.720432	
2663000	-461.698551	1	3308	0.625611	0.014050	0.625611	0.625611	0.625611	0.625611	0.625611	0.000000	1	0.244071	0.249723	0.250872	0.255334	0.215411	0.860637	0.983541	0.293041	0.424256	0.106518	0.876646	0.094304	
2664000	-461.322075	1	1864	0.710976	0.000000	0.710976	0.710976	0.710976	0.710976	0.710976	0.025819	1	0.242705	0.250003	0.250036	0.257256	0.381663	0.008247	0.995849	0.129073	0.306698	0.434843	0.800172	0.433476	
2665000	-461.177426	1	1133	0.685697	0.006835	0.685697	0.685697	0.685697	0.000000	0.685697	0.006835	1	0.258757	0.267122	0.199232	0.274889	0.485453	0.917798	0.607422	0.149613	0.333460	0.006681	0.385103	0.547035	
2666000	-461.729009	1	3103	0.646968	0.020656	0.646968	0.646968	0.646968	0.000000	0.646968	0.020656	1	0.259151	0.272205	0.186007	0.282637	0.128866	0.057028	0.256572	0.185475	0.652894	0.278501	0.407899	0.647189	
2667000	-461.407916	1	1320	0.585998	0.063371	0.585998	0.585998	0.585998	0.585998	0.585998	0.000000	1	0.242378	0.250100	0.249482	0.258041	0.769214	0.456047	0.617896	0.484908	0.445899	0.866143	0.008263	0.516107	
2668000	-461.705117	1	3072	0.609700	0.077483	0.609700	0.609700	0.609700	0.609700	0.609700	0.000000	1	0.243931	0.250051	0.249588	0.256430	0.144797	0.276633	0.600194	0.574771	0.736710	0.800517	0.085542	0.060968	
2669000	-461.291858	1	854	0.681750	0.026486	0.681750	0.681750	0.681750	0.026486	0.681750	0.000000	1	0.253958	0.266950	0.199967	0.279125	0.189010	0.080383	0.551364	0.436368	0.114496	0.725473	0.762274	0.667483	
2670000	-462.604371	1	761	0.560292	0.003902	0.560292	0.560292	0.560292	0.003902	0.560292	0.003902	1	0.258753	0.282351	0.153266	0.305630	0.171523	0.960936	0.449671	0.807563	0.690264	0.994828	0.556911	0.838992	
2671000	-460.893208	1	1457	0.589157	0.030432	0.589157	0.589157	0.589157	0.589157	0.589157	0.000000	1	0.242258	0.249969	0.250082	0.257690	0.707243	0.158263	0.325660	0.365964	0.137587	0.001402	0.940442	0.394458	
2672000	-461.541727	1	3063	0.566955	0.007549	0.566955	0.566955	0.000000	0.566955	0.566955	0.007549	1	0.245625	0.262405	0.213357	0.278613	0.013160	0.596405	0.497665	0.081410	0.114738	0.209472	0.894292	0.138220	
2673000	-461.061984	1	3949	0.649157	0.064421	0.649157	0.649157	0.649157	0.649157	0.649157	0.000000	1	0.245770	0.250005	0.249842	0.254383	0.721461	0.324242	0.242847	0.381364	0.362380	0.232769	0.518657	0.113129	
2674000	-460.547191	1	3559	0.637938	0.013503	0.637938	0.637938	0.637938	0.637938	0.637938	0.013503	1	0.240460	0.249976	0.249955	0.259609	0.998644	0.443956	0.238654	0.332209	0.768900	0.523279	0.393987	0.684137	
2675000	-461.394876	1	282	0.677839	0.032735	0.677839	0.677839	0.677839	0.677839	0.677839	0.032735	1	0.244120	0.250029	0.249884	0.255968	0.186696	0.621171	0.108454	0.963286	0.616155	0.699982	0.215000	0.480939	
2676000	-461.732390	1	2395	0.527051	0.013471	0.527051	0.527051	0.527051	0.527051	0.527051	0.013471	1	0.226834	0.250204	0.248784	0.274178	0.435796	0.593648	0.563198	0.171742	0.175967	0.629131	0.558111	0.148659	
2677000	-460.541250	1	1868	0.657477	0.019040	0.657477	0.657477	0.657477	0.657477	0.657477	0.019040	1	0.242240	0.250007	0.249906	0.257846	0.335299	0.579834	0.348729	0.880756	0.869162	0.531714	0.398398	0.517893	
2678000	-461.347173	1	586	0.593780	0.014837	0.593780	0.593780	0.593780	0.014837	0.593780	0.014837	1	0.257870	0.277149	0.170925	0.294057	0.923395	0.742399	0.720249	0.070828	0.530753	0.071625	0.874698	0.895978	
2679000	-461.701226	1	1569	0.750843	0.026572	0.750843	0.750843	0.750843	0.026572	0.750843	0.000000	1	0.253543	0.260940	0.217728	0.267789	0.258141	0.280617	0.172581	0.823614	0.298308	0.781631	0.502028	0.479636	
2680000	-461.001304	1	216	0.649333	0.000000	0.649333	0.649333	0.649333	0.649333	0.649333	0.037251	1	0.238706	0.250065	0.249931	0.261299	0.711187	0.739073	0.617655	0.313383	0.963559	0.822876	0.076278	0.247446	
2681000	-461.582604	1	2236	0.665096	0.079006	0.665096	0.665096	0.665096	0.665096	0.665096	0.000000	1	0.246392	0.249997	0.249843	0.253768	0.949851	0.195448	0.590847	0.077181	0.839981	0.260299	0.405239	0.586155	
2682000	-461.692835	1	1945	0.575440	0.067331	0.575440	0.575440	0.575440	0.575440	0.575440	0.000000	1	0.241607	0.250138	0.249325	0.258930	0.256577	0.710867	0.459703	0.824119	0.234375	0.760386	0.790003	0.431244	
2683000	-460.734026	1	959	0.631595	0.024244	0.631595	0.631595	0.631595	0.631595	0.631595	0.024244	1	0.240793	0.250049	0.249767	0.259392	0.624059	0.087625	0.897753	0.518470	0.643575	0.836830	0.584232	0.402076	
2684000	-463.989427	1	2847	0.637471	0.017389	0.637471	0.637471	0.637471	0.637471	0.637471	0.017389	0	0.241418	0.249964	0.250024	0.258594	0.679602	0.286424	0.588376	0.346884	0.569986	0.697450	0.481831	0.675043	
2685000	-461.098421	1	1568	0.719693	0.023465	0.719693	0.719693	0.719693	0.719693	0.719693	0.023465	1	0.245533	0.250003	0.249968	0.254496	0.682820	0.443557	0.541038	0.335794	0.145198	0.350942	0.453916	0.354252	
2686000	-460.899986	1	2220	0.648739	0.000000	0.648739	0.648739	0.648739	0.648739	0.648739	0.027433	1	0.238144	0.250013	0.249984	0.261859	0.763534	0.638636	0.013769	0.700103	0.415209	0.104249	0.206470	0.256727	
2687000	-460.842021	1	344	0.676290	0.011194	0.676290	0.676290	0.676290	0.676290	0.676290	0.011194	1	0.242909	0.249960	0.250051	0.257080	0.126191	0.027875	0.365636	0.793598	0.488166	0.992744	0.593455	0.966908	
2688000	-461.546578	1	1380	0.658650	0.036713	0.658650	0.658650	0.658650	0.036713	0.658650	0.000000	1	0.251005	0.269769	0.191833	0.287393	0.751919	0.958914	0.832736	0.592668	0.363768	0.904862	0.049454	0.757670	
2689000	-460.792359	1	2826	0.626774	0.025033	0.626774	0.626774	0.626774	0.626774	0.626774	0.025033	1	0.240482	0.250058	0.249735	0.259724	0.054818	0.371617	0.834924	0.525696	0.585313	0.562863	0.593437	0.555203	
2690000	-460.890257	1	1201	0.591277	0.045551	0.591277	0.591277	0.591277	0.591277	0.591277	0.000000	1	0.242619	0.250052	0.249740	0.257589	0.968000	0.693075	0.530104	0.255023	0.702573	0.825786	0.581100	0.389919	
2691000	-461.318013	1	2288	0.614118	0.031268	0.614118	0.614118	0.614118	0.614118	0.614118	0.031268	1	0.239953	0.250104	0.249609	0.260334	0.184392	0.683815	0.630160	0.801061	0.670369	0.037373	0.622187	0.098792	
2692000	-460.928882	1	2728	0.683415	0.056789	0.683415	0.683415	0.683415	0.683415	0.683415	0.000000	1	0.246895	0.249990	0.249939	0.253177	0.747780	0.141995	0.826475	0.945482	0.549336	0.973847	0.752486	0.085274	
2693000	-461.663332	1	1422	0.682206	0.000000	0.682206	0.682206	0.024579	0.682206	0.682206	0.024579	1	0.250092	0.255026	0.235415	0.259467	0.074613	0.157383	0.826895	0.980973	0.586526	0.066303	0.499636	0.013007	
2694000	-460.761269	1	3631	0.598525	0.035064	0.598525	0.598525	0.598525	0.598525	0.598525	0.000000	1	0.242972	0.249994	0.249974	0.257060	0.524032	0.630021	0.602293	0.479215	0.676006	0.607208	0.983551	0.782473	
2695000	-461.683210	1	1684	0.598732	0.023326	0.598732	0.598732	0.598732	0.000000	0.598732	0.000000	1	0.254784	0.279862	0.161447	0.303907	0.548720	0.305061	0.523225	0.695026	0.339438	0.776947	0.566705	0.506456	
2696000	-460.683854	1	3641	0.612721	0.042206	0.612721	0.612721	0.612721	0.612721	0.612721	0.000000	1	0.243914	0.250009	0.249891	0.256187	0.065464	0.882578	0.455835	0.377038	0.895412	0.936385	0.505184	0.453936	
2697000	-461.988715	1	1535	0.646129	0.039520	0.646129	0.646129	0.646129	0.646129	0.646129	0.039520	1	0.242754	0.250069	0.249763	0.257414	0.808855	0.092023	0.076930	0.822991	0.430307	0.449036	0.256664	0.507431	
2698000	-460.913975	1	2688	0.622315	0.000000	0.622315	0.622315	0.622315	0.622315	0.622315	0.025667	1	0.235326	0.250004	0.249940	0.264729	0.486344	0.603868	0.712497	0.143796	0.632321	0.935935	0.034169	0.481106	
2699000	-461.017480	1	2509	0.599701	0.000000	0.599701	0.599701	0.599701	0.599701	0.599701	0.030622	1	0.232946	0.250071	0.249764	0.267220	0.165880	0.634807	0.209853	0.754952	0.949033	0.212903	0.155374	0.484396	
2700000	-460.668031	1	1632	0.659977	0.031527	0.659977	0.659977	0.659977	0.659977	0.659977	0.000000	1	0.245973	0.249960	0.250081	0.253985	0.261121	0.920967	0.518119	0.061243	0.157206	0.147727	0.988038	0.713170	
2701000	-460.684242	1	3135	0.650648	0.023413	0.650648	0.650648	0.650648	0.650648	0.650648	0.023413	1	0.242074	0.250028	0.249849	0.258049	0.663047	0.831985	0.742403	0.410772	0.728358	0.772874	0.674657	0.495743	
2702000	-461.356220	1	3042	0.682375	0.026994	0.682375	0.682375	0.682375	0.000000	0.682375	0.000000	1	0.255519	0.269663	0.191985	0.282833	0.796830	0.830556	0.419708	0.374898	0.142653	0.225925	0.415785	0.948443	
2703000	-461.502924	1	3473	0.717882	0.006255	0.717882	0.717882	0.717882	0.000000	0.717882	0.006255	1	0.257705	0.264012	0.208398	0.269885	0.810195	0.521976	0.153839	0.000777	0.476794	0.923798	0.385143	0.048729	
2704000	-460.684541	1	2473	0.604424	0.012249	0.604424	0.604424	0.604424	0.604424	0.604424	0.012249	1	0.237321	0.249967	0.249898	0.262814	0.257931	0.974235	0.752034	0.458051	0.425225	0.889883	0.889024	0.137943	
2705000	-462.132547	1	412	0.644921	0.044511	0.644921	0.644921	0.644921	0.000000	0.644921	0.000000	1	0.250368	0.277162	0.170217	0.302252	0.689957	0.342136	0.888448	0.396147	0.953957	0.729575	0.615716	0.542403	
2706000	-460.766132	1	596	0.616619	0.010609	0.616619	0.616619	0.616619	0.616619	0.616619	0.010609	1	0.238348	0.249932	0.250028	0.261692	0.240483	0.423264	0.757905	0.099882	0.613082	0.471823	0.194626	0.649171	
2707000	-463.199031	1	706	0.610351	0.032387	0.610351	0.610351	0.000000	0.032387	0.610351	0.000000	1	0.265475	0.334147	0.001697	0.398681	0.694046	0.826281	0.292307	0.911181	0.159445	0.339426	0.590001	0.536842	
2708000	-460.958494	1	1373	0.660607	0.014127	0.660607	0.660607	0.660607	0.014127	0.660607	0.014127	1	0.258000	0.268912	0.194741	0.278346	0.878646	0.778414	0.462869	0.478673	0.911402	0.211523	0.627916	0.146856	
2709000	-462.367131	1	992	0.529486	0.012578	0.529486	0.529486	0.529486	0.012578	0.529486	0.012578	1	0.254597	0.286952	0.141793	0.316658	0.260090	0.887678	0.841227	0.784022	0.950022	0.682264	0.685816	0.935583	
2710000	-461.096606	1	3147	0.723740	0.032770	0.723740	0.723740	0.723740	0.723740	0.723740	0.000000	1	0.247755	0.249976	0.250040	0.252229	0.590054	0.231236	0.946825	0.130989	0.076030	0.623071	0.662782	0.893357	
2711000	-461.133948	1	1840	0.742059	0.011026	0.742059	0.742059	0.011026	0.742059	0.742059	0.011026	1	0.249414	0.252923	0.241419	0.256244	0.035699	0.116554	0.192893	0.331874	0.610424	0.211351	0.020995	0.369553	
2712000	-460.508456	1	705	0.653787	0.016856	0.653787	0.653787	0.653787	0.653787	0.653787	0.016856	1	0.241857	0.249998	0.249924	0.258221	0.356307	0.861079	0.070394	0.965859	0.287465	0.802947	0.262193	0.511876	
2713000	-461.724759	1	3504	0.691391	0.000000	0.691391	0.691391	0.016599	0.691391	0.691391	0.016599	1	0.247531	0.253652	0.239290	0.259527	0.866794	0.224480	0.840478	0.930213	0.535046	0.160445	0.900899	0.890166	
2714000	-461.700303	1	2575	0.649599	0.000000	0.649599	0.649599	0.015914	0.649599	0.649599	0.015914	1	0.246811	0.255497	0.233865	0.263827	0.702575	0.528977	0.422824	0.764912	0.504185	0.395623	0.391684	0.173695	
2715000	-461.211387	1	3291	0.669534	0.000000	0.669534	0.669534	0.669534	0.669534	0.669534	0.042908	1	0.240597	0.250069	0.249960	0.259375	0.728560	0.296710	0.174923	0.860212	0.550321	0.755488	0.518281	0.117392	
2716000	-460.722688	1	417	0.685055	0.042522	0.685055	0.685055	0.685055	0.685055	0.685055	0.000000	1	0.246873	0.249981	0.249996	0.253149	0.245553	0.434520	0.517903	0.516642	0.529892	0.787896	0.037790	0.344991	
2717000	-461.053281	1	2554	0.599680	0.008118	0.599680	0.599680	0.008118	0.599680	0.599680	0.008118	1	0.246839	0.259393	0.222298	0.271471	0.996241	0.595037	0.116307	0.151701	0.434647	0.433832	0.380730	0.176896	
2718000	-460.833377	1	3654	0.590804	0.034187	0.590804	0.590804	0.590804	0.590804	0.590804	0.000000	1	0.242441	0.249998	0.249972	0.257590	0.833097	0.816805	0.347842	0.132886	0.561771	0.288000	0.630731	0.558731	
2719000	-462.942794	1	1057	0.798444	0.004428	0.798444	0.798444	0.000000	0.798444	0.798444	0.004428	1	0.247462	0.249846	0.250460	0.252233	0.939303	0.261511	0.214009	0.744660	0.532737	0.772174	0.689419	0.028856	
2720000	-460.903040	1	138	0.677222	0.009248	0.677222	0.677222	0.677222	0.009248	0.677222	0.009248	1	0.258200	0.267336	0.198839	0.275625	0.466026	0.425565	0.160942	0.196910	0.013840	0.423258	0.903424	0.981061	
2721000	-461.743771	1	1957	0.658127	0.000000	0.658127	0.658127	0.000000	0.658127	0.658127	0.015957	1	0.248387	0.256278	0.231557	0.263778	0.240853	0.516092	0.126381	0.099619	0.835280	0.990250	0.045428	0.335980	
2722000	-461.974840	1	3644	0.636944	0.017567	0.636944	0.636944	0.000000	0.000000	0.636944	0.000000	1	0.292864	0.334723	0.000000	0.372413	0.246566	0.598667	0.252097	0.020779	0.236999	0.605878	0.971466	0.726561	
2723000	-460.647841	1	3440	0.669173	0.035819	0.669173	0.669173	0.669173	0.669173	0.669173	0.000000	1	0.246335	0.249972	0.250035	0.253657	0.048382	0.443199	0.155831	0.971147	0.084355	0.025414	0.185307	0.079078	
2724000	-461.075820	1	3013	0.572640	0.042741	0.572640	0.572640	0.572640	0.572640	0.572640	0.000000	1	0.241203	0.250088	0.249654	0.259056	0.100754	0.088403	0.291211	0.152815	0.548401	0.668994	0.813324	0.737353	
2725000	-461.252757	1	3366	0.723119	0.011502	0.723119	0.723119	0.723119	0.723119	0.723119	0.011502	1	0.245213	0.249977	0.250038	0.254772	0.268495	0.642052	0.588591	0.294259	0.775762	0.825344	0.929409	0.479133	
2726000	-461.271930	1	397	0.625668	0.000000	0.625668	0.625668	0.625668	0.625668	0.625668	0.045152	1	0.236917	0.250132	0.249822	0.263128	0.806690	0.776490	0.570648	0.200334	0.893532	0.065122	0.682465	0.864825	
2727000	-460.906339	1	1588	0.650656	0.000000	0.650656	0.650656	0.650656	0.650656	0.650656	0.027112	1	0.238304	0.250010	0.249990	0.261696	0.705012	0.506945	0.606129	0.222267	0.953715	0.569621	0.073604	0.667963	
2728000	-461.821075	1	1233	0.660166	0.039893	0.660166	0.660166	0.660166	0.000000	0.660166	0.000000	1	0.252326	0.274379	0.178376	0.294919	0.825098	0.801608	0.213007	0.024992	0.920658	0.805857	0.499192	0.593798	
2729000	-461.754894	1	2759	0.674614	0.000000	0.674614	0.674614	0.000000	0.674614	0.674614	0.015874	1	0.248432	0.255376	0.234202	0.261991	0.332915	0.588169	0.757958	0.205917	0.403581	0.762987	0.623786	0.233272	
2730000	-460.961200	1	1606	0.624627	0.000000	0.624627	0.624627	0.624627	0.624627	0.624627	0.034722	1	0.236167	0.250075	0.249861	0.263897	0.156223	0.291277	0.601437	0.429338	0.928310	0.811388	0.977566	0.181225	
2731000	-461.534880	1	3178	0.686180	0.000000	0.686180	0.686180	0.686180	0.686180	0.686180	0.049685	1	0.241997	0.250072	0.249978	0.257954	0.295344	0.252961	0.245927	0.248497	0.863907	0.886587	0.078678	0.424460	
2732000	-461.953773	1	1816	0.553227	0.063893	0.553227	0.553227	0.553227	0.553227	0.553227	0.000000	1	0.239672	0.250238	0.249022	0.261068	0.747866	0.353281	0.157900	0.313130	0.534130	0.396611	0.912253	0.105545	
2733000	-461.004897	1	3239	0.589837	0.025829	0.589837	0.589837	0.589837	0.589837	0.589837	0.000000	1	0.242205	0.249916	0.250271	0.257609	0.856679	0.937575	0.295000	0.613146	0.004456	0.059325	0.364320	0.354657	
2734000	-461.076217	1	286	0.641400	0.000000	0.641400	0.641400	0.641400	0.641400	0.641400	0.040262	1	0.238149	0.250086	0.249899	0.261866	0.355081	0.375550	0.717921	0.026288	0.397912	0.499546	0.531731	0.152545	
2735000	-460.668031	1	1632	0.659977	0.031527	0.659977	0.659977	0.659977	0.659977	0.659977	0.000000	1	0.245973	0.249960	0.250081	0.253985	0.799259	0.684385	0.325844	0.173278	0.381805	0.649133	0.826503	0.997276	
2736000	-460.734026	1	959	0.631595	0.024244	0.631595	0.631595	0.631595	0.631595	0.631595	0.024244	1	0.240793	0.250049	0.249767	0.259392	0.113082	0.331749	0.248874	0.316122	0.173809	0.082095	0.840532	0.124689	
2737000	-460.793696	1	3856	0.700762	0.016048	0.700762	0.700762	0.700762	0.700762	0.700762	0.016048	1	0.244446	0.249990	0.249991	0.255573	0.800958	0.850108	0.571741	0.122156	0.564902	0.038613	0.706008	0.430589	
2738000	-461.158441	1	792	0.585042	0.000000	0.585042	0.585042	0.585042	0.585042	0.585042	0.031817	1	0.231055	0.250108	0.249630	0.269207	0.518959	0.402958	0.056601	0.723106	0.027037	0.952081	0.112888	0.815554	
2739000	-462.424932	1	1677	0.604633	0.008552	0.604633	0.604633	0.000000	0.000000	0.604633	0.000000	1	0.303231	0.334104	0.000000	0.362665	0.720287	0.108001	0.853777	0.155213	0.310657	0.423733	0.873018	0.850587	
2740000	-461.488983	1	1265	0.567274	0.021065	0.567274	0.567274	0.567274	0.567274	0.567274	0.000000	1	0.240243	0.249816	0.250640	0.259302	0.023105	0.913992	0.699273	0.465063	0.208516	0.614503	0.091428	0.363008	
2741000	-461.268012	1	689	0.707808	0.000000	0.707808	0.707808	0.707808	0.707808	0.707808	0.027384	1	0.242568	0.250008	0.250030	0.257394	0.352052	0.643822	0.635438	0.262781	0.955498	0.739137	0.052946	0.087722	
2742000	-461.444289	1	1612	0.643206	0.029300	0.643206	0.643206	0.643206	0.000000	0.643206	0.000000	1	0.254505	0.274823	0.176734	0.293938	0.011816	0.241666	0.646619	0.499787	0.026199	0.651412	0.006124	0.873379	
2743000	-461.335387	1	2228	0.667123	0.017995	0.667123	0.667123	0.667123	0.667123	0.667123	0.000000	1	0.246053	0.249887	0.250340	0.253720	0.427451	0.787225	0.733594	0.101120	0.541045	0.978312	0.911332	0.549519	
2744000	-460.650301	1	2029	0.670235	0.036101	0.670235	0.670235	0.670235	0.670235	0.670235	0.000000	1	0.246373	0.249973	0.250033	0.253621	0.702231	0.760016	0.190504	0.269004	0.038513	0.720740	0.114740	0.652488	
2745000	-460.656078	1	419	0.672266	0.036598	0.672266	0.672266	0.672266	0.672266	0.672266	0.000000	1	0.246444	0.249974	0.250029	0.253553	0.456238	0.561618	0.340481	0.002861	0.663751	0.341324	0.006065	0.331200	
2746000	-460.903522	1	3416	0.592273	0.046974	0.592273	0.592273	0.592273	0.592273	0.592273	0.000000	1	0.242700	0.250054	0.249725	0.257521	0.705269	0.405724	0.504360	0.348067	0.410688	0.740440	0.815473	0.967105	
2747000	-460.888316	1	447	0.601309	0.026557	0.601309	0.601309	0.601309	0.601309	0.601309	0.000000	1	0.243001	0.249923	0.250232	0.256844	0.452089	0.618870	0.694639	0.136496	0.062365	0.617249	0.680838	0.920198	
2748000	-461.332574	1	3459	0.717263	0.006498	0.717263	0.717263	0.000000	0.717263	0.717263	0.006498	1	0.248623	0.253286	0.240259	0.257832	0.223534	0.897689	0.877775	0.591979	0.222832	0.692113	0.548142	0.946774	
2749000	-460.809482	1	3800	0.699826	0.011451	0.699826	0.699826	0.000000	0.699826	0.699826	0.011451	1	0.250045	0.255082	0.235105	0.259768	0.650189	0.861834	0.165223	0.907338	0.227003	0.208333	0.629134	0.860054	
2750000	-461.714263	1	2729	0.657903	0.000000	0.657903	0.657903	0.657903	0.657903	0.657903	0.055855	1	0.240291	0.250119	0.249922	0.259668	0.337276	0.168433	0.269251	0.606111	0.146067	0.245002	0.019937	0.029457	
2751000	-460.696742	1	453	0.651587	0.011785	0.651587	0.651587	0.000000	0.651587	0.651587	0.011785	1	0.249926	0.257546	0.227935	0.264593	0.425463	0.254733	0.002643	0.871257	0.956979	0.036621	0.699606	0.848624	
2752000	-460.950280	1	146	0.656850	0.007996	0.656850	0.656850	0.656850	0.000000	0.656850	0.007996	1	0.259493	0.270321	0.189895	0.280291	0.694741	0.843413	0.471561	0.316830	0.530128	0.107268	0.504661	0.033767	
2753000	-460.684541	1	2473	0.604424	0.012249	0.604424	0.604424	0.604424	0.604424	0.604424	0.012249	1	0.237321	0.249967	0.249898	0.262814	0.443440	0.986284	0.858504	0.544017	0.340035	0.762647	0.591085	0.496828	
2754000	-462.391015	1	2667	0.514084	0.044553	0.514084	0.514084	0.514084	0.514084	0.514084	0.000000	1	0.235048	0.250479	0.248544	0.265929	0.880655	0.376127	0.740546	0.495935	0.532466	0.265148	0.110207	0.323423	
2755000	-462.123225	1	3055	0.553315	0.000000	0.553315	0.553315	0.553315	0.553315	0.553315	0.046745	1	0.227706	0.250413	0.249025	0.272855	0.295804	0.654182	0.977533	0.465172	0.704415	0.988417	0.751165	0.372941	
2756000	-460.842021	1	344	0.676290	0.011194	0.676290	0.676290	0.676290	0.676290	0.676290	0.011194	1	0.242909	0.249960	0.250051	0.257080	0.701556	0.609401	0.066425	0.864742	0.653149	0.297112	0.788902	0.544942	
2757000	-461.582157	1	3435	0.713350	0.017659	0.713350	0.713350	0.713350	0.000000	0.713350	0.000000	1	0.256592	0.265040	0.205418	0.272950	0.523872	0.036584	0.193038	0.661513	0.623892	0.448759	0.513831	0.448292	
2758000	-460.625442	1	3489	0.666075	0.039184	0.666075	0.666075	0.666075	0.666075	0.666075	0.000000	1	0.246256	0.249978	0.250008	0.253758	0.760986	0.284122	0.245283	0.885946	0.164752	0.712444	0.724517	0.187590	
2759000	-460.646253	1	3544	0.639260	0.031107	0.639260	0.639260	0.639260	0.639260	0.639260	0.000000	1	0.245124	0.249956	0.250095	0.254824	0.628547	0.416224	0.473031	0.677263	0.374472	0.167960	0.633001	0.637893	
2760000	-461.413443	1	1143	0.722265	0.000000	0.722265	0.722265	0.722265	0.722265	0.722265	0.028319	1	0.243408	0.250010	0.250029	0.256554	0.030569	0.458637	0.698380	0.998197	0.940749	0.780025	0.847531	0.114533	
2761000	-461.892611	1	287	0.579231	0.023317	0.579231	0.579231	0.579231	0.023317	0.579231	0.000000	1	0.251882	0.279407	0.162653	0.306058	0.873586	0.267397	0.102020	0.157036	0.714519	0.787490	0.171860	0.033549	
2762000	-461.051879	1	1356	0.580576	0.010013	0.580576	0.580576	0.580576	0.580576	0.580576	0.010013	1	0.234314	0.249912	0.249950	0.265823	0.381480	0.357792	0.166334	0.909498	0.427050	0.189424	0.834897	0.823354	
2763000	-460.931889	1	2381	0.669513	0.013529	0.669513	0.669513	0.669513	0.013529	0.669513	0.013529	1	0.257912	0.267985	0.197375	0.276728	0.678883	0.166343	0.704913	0.338733	0.391541	0.130841	0.100555	0.953415	
2764000	-460.942043	1	1899	0.610507	0.000000	0.610507	0.610507	0.610507	0.610507	0.610507	0.027505	1	0.234067	0.250028	0.249867	0.266038	0.624604	0.429428	0.608675	0.750841	0.365321	0.752420	0.338909	0.708657	
2765000	-461.988715	1	1535	0.646129	0.039520	0.646129	0.646129	0.646129	0.646129	0.646129	0.039520	1	0.242754	0.250069	0.249763	0.257414	0.762549	0.394255	0.971013	0.745822	0.255254	0.986895	0.252882	0.327791	
2766000	-464.233158	1	1941	0.627182	0.028505	0.627182	0.627182	0.627182	0.627182	0.627182	0.000000	0	0.246581	0.249910	0.250370	0.253138	0.829131	0.012591	0.884008	0.978039	0.991134	0.756407	0.283851	0.382799	
2767000	-461.269875	1	98	0.693331	0.030119	0.693331	0.693331	0.693331	0.693331	0.693331	0.030119	1	0.244722	0.250017	0.249920	0.255340	0.002567	0.354545	0.736182	0.890196	0.781650	0.445097	0.200200	0.403586	
2768000	-462.543491	1	3131	0.554891	0.006374	0.554891	0.554891	0.006374	0.006374	0.554891	0.006374	1	0.305482	0.335120	0.000199	0.359199	0.841029	0.930803	0.421365	0.644368	0.553164	0.701502	0.036680	0.499393	
2769000	-461.076532	1	2475	0.663330	0.000000	0.663330	0.663330	0.663330	0.663330	0.663330	0.021300	1	0.239132	0.249972	0.250062	0.260833	0.902441	0.653660	0.379668	0.198803	0.883909	0.712947	0.554383	0.496629	
2770000	-460.827826	1	2722	0.690271	0.012712	0.690271	0.690271	0.690271	0.690271	0.690271	0.012712	1	0.243769	0.249975	0.250024	0.256233	0.029660	0.333030	0.440791	0.923201	0.944856	0.279897	0.574608	0.279348	
2771000	-461.237877	1	3931	0.736454	0.016253	0.736454	0.736454	0.016253	0.736454	0.736454	0.016253	1	0.250109	0.253503	0.239825	0.256563	0.952406	0.772087	0.756858	0.831895	0.092204	0.533310	0.467955	0.067815	
2772000	-460.607837	1	1955	0.628211	0.035847	0.628211	0.628211	0.628211	0.628211	0.628211	0.000000	1	0.244661	0.249977	0.250015	0.255347	0.908755	0.416891	0.572446	0.991397	0.988208	0.005058	0.819658	0.619092	
2773000	-461.149780	1	1189	0.672167	0.008609	0.672167	0.672167	0.672167	0.672167	0.672167	0.008609	1	0.242488	0.249928	0.250137	0.257447	0.902306	0.587377	0.545899	0.577557	0.817110	0.769337	0.034858	0.697455	
2774000	-460.946132	1	1863	0.611279	0.000000	0.611279	0.611279	0.611279	0.611279	0.611279	0.030139	1	0.234351	0.250053	0.249838	0.265758	0.998677	0.301689	0.374863	0.660228	0.392328	0.397174	0.135833	0.025504	
2775000	-460.709883	1	1103	0.606244	0.034459	0.606244	0.606244	0.606244	0.606244	0.606244	0.000000	1	0.243445	0.249983	0.250006	0.256565	0.209509	0.928299	0.067209	0.054439	0.264579	0.933088	0.996088	0.106434	
2776000	-461.852124	1	2308	0.667699	0.000000	0.667699	0.667699	0.000000	0.667699	0.667699	0.027490	1	0.253855	0.258124	0.226456	0.261565	0.712185	0.512174	0.546597	0.296555	0.062591	0.801831	0.322618	0.464773	
2777000	-461.840155	1	1719	0.584645	0.033975	0.584645	0.584645	0.584645	0.584645	0.584645	0.033975	1	0.237513	0.250204	0.249294	0.262989	0.747008	0.958481	0.794487	0.196668	0.634922	0.095101	0.416453	0.753509	
2778000	-462.885990	1	3566	0.597928	0.100369	0.597928	0.597928	0.597928	0.597928	0.597928	0.000000	1	0.243223	0.250069	0.249376	0.257332	0.839732	0.540587	0.586334	0.440366	0.246318	0.105490	0.351483	0.937822	
2779000	-460.678495	1	1879	0.678343	0.040288	0.678343	0.678343	0.678343	0.678343	0.678343	0.000000	1	0.246661	0.249979	0.250005	0.253354	0.329658	0.780085	0.795992	0.912551	0.215591	0.757322	0.715084	0.529431	
2780000	-461.044467	1	2114	0.608701	0.058841	0.608701	0.608701	0.608701	0.608701	0.608701	0.000000	1	0.243809	0.250045	0.249700	0.256447	0.506616	0.453977	0.904336	0.577741	0.945759	0.614188	0.312189	0.810549	
2781000	-460.871176	1	2446	0.653698	0.015400	0.653698	0.653698	0.000000	0.653698	0.653698	0.015400	1	0.250841	0.257937	0.226986	0.264237	0.665045	0.031574	0.231702	0.126114	0.150063	0.379121	0.009671	0.392392	
2782000	-461.409807	1	2651	0.746150	0.009368	0.746150	0.746150	0.746150	0.009368	0.746150	0.009368	1	0.256209	0.261272	0.216709	0.265810	0.893104	0.435554	0.155795	0.667609	0.175614	0.326881	0.251304	0.161060	
2783000	-460.730459	1	3158	0.687202	0.037918	0.687202	0.687202	0.687202	0.687202	0.687202	0.000000	1	0.246907	0.249977	0.250021	0.253096	0.845870	0.217244	0.574960	0.558459	0.207478	0.069060	0.461963	0.579392	
2784000	-460.574949	1	2681	0.609432	0.018531	0.609432	0.609432	0.609432	0.609432	0.609432	0.018531	1	0.238452	0.250043	0.249720	0.261785	0.667364	0.486115	0.847494	0.320524	0.486981	0.097773	0.738021	0.265941	
2785000	-461.619995	1	2191	0.617428	0.029873	0.617428	0.617428	0.617428	0.000000	0.617428	0.000000	1	0.253336	0.278441	0.165941	0.302283	0.229066	0.915846	0.532779	0.241157	0.124440	0.212498	0.230692	0.153582	
2786000	-460.626754	1	914	0.642821	0.032315	0.642821	0.642821	0.642821	0.642821	0.642821	0.000000	1	0.245295	0.249962	0.250076	0.254668	0.181173	0.993408	0.209677	0.115178	0.914778	0.382800	0.213066	0.860495	
2787000	-461.518227	1	243	0.579893	0.064276	0.579893	0.579893	0.579893	0.579893	0.579893	0.000000	1	0.241936	0.250119	0.249408	0.258536	0.193503	0.275950	0.849370	0.029826	0.464647	0.791875	0.518536	0.824065	
2788000	-460.825360	1	3613	0.659720	0.008025	0.659720	0.659720	0.008025	0.659720	0.659720	0.008025	1	0.248347	0.255838	0.232768	0.263047	0.644613	0.672765	0.185316	0.169690	0.011368	0.335574	0.040233	0.391721	
2789000	-461.796980	1	1237	0.671787	0.005493	0.671787	0.671787	0.005493	0.000000	0.671787	0.005493	1	0.322269	0.334667	0.000035	0.343029	0.101976	0.448097	0.317805	0.137027	0.944356	0.261819	0.969735	0.652309	
2790000	-460.853162	1	740	0.653557	0.011251	0.653557	0.653557	0.653557	0.000000	0.653557	0.011251	1	0.259442	0.270906	0.188576	0.281077	0.910724	0.320205	0.610284	0.642555	0.671904	0.335805	0.396561	0.896521	
2791000	-460.906339	1	1588	0.650656	0.000000	0.650656	0.650656	0.650656	0.650656	0.650656	0.027112	1	0.238304	0.250010	0.249990	0.261696	0.646988	0.733808	0.163533	0.632733	0.751174	0.603898	0.320460	0.192057	
2792000	-461.282600	1	2246	0.586485	0.012748	0.586485	0.586485	0.586485	0.012748	0.586485	0.012748	1	0.258036	0.278261	0.167301	0.296401	0.966998	0.926858	0.794792	0.515687	0.761736	0.778298	0.777144	0.523593	
2793000	-461.995380	1	508	0.634485	0.000000	0.634485	0.634485	0.634485	0.634485	0.634485	0.010453	1	0.235605	0.249753	0.250512	0.264131	0.428271	0.854269	0.721177	0.145849	0.424820	0.103656	0.971460	0.747606	
2794000	-461.251435	1	2476	0.577653	0.000000	0.577653	0.577653	0.577653	0.577653	0.577653	0.032484	1	0.230040	0.250133	0.249545	0.270283	0.592392	0.412376	0.342554	0.400854	0.349717	0.905544	0.285640	0.686318	
2795000	-460.599199	1	1366	0.650666	0.035577	0.650666	0.650666	0.650666	0.650666	0.650666	0.000000	1	0.245655	0.249972	0.250034	0.254339	0.808190	0.366481	0.984419	0.450710	0.902758	0.460296	0.949638	0.853725	
2796000	-462.259431	1	2528	0.649511	0.094665	0.649511	0.649511	0.649511	0.649511	0.649511	0.000000	1	0.245846	0.250002	0.249752	0.254399	0.888221	0.496613	0.760994	0.308023	0.023789	0.860246	0.967939	0.593905	
2797000	-461.493695	1	3741	0.555223	0.024936	0.555223	0.555223	0.555223	0.555223	0.555223	0.000000	1	0.239271	0.249927	0.250303	0.260498	0.631308	0.911030	0.410121	0.808991	0.524467	0.782791	0.205775	0.053679	
2798000	-461.112733	1	3282	0.695893	0.014954	0.695893	0.695893	0.695893	0.014954	0.695893	0.014954	1	0.257196	0.265318	0.205269	0.272218	0.828088	0.355304	0.845489	0.977340	0.019064	0.913003	0.355086	0.167159	
2799000	-460.881102	1	659	0.711946	0.012585	0.711946	0.711946	0.012585	0.711946	0.711946	0.012585	1	0.249651	0.254098	0.238018	0.258233	0.049943	0.156759	0.250176	0.597993	0.522702	0.511683	0.725309	0.200895	
2800000	-462.039438	1	2356	0.672650	0.010003	0.672650	0.672650	0.010003	0.000000	0.672650	0.000000	1	0.310394	0.334237	0.000107	0.355262	0.260743	0.576123	0.023568	0.317009	0.290638	0.361507	0.146962	0.635422	
2801000	-461.072441	1	2181	0.615260	0.061233	0.615260	0.615260	0.615260	0.615260	0.615260	0.000000	1	0.244186	0.250037	0.249720	0.256057	0.273383	0.261203	0.167867	0.989165	0.291749	0.518026	0.734276	0.981794	
2802000	-460.645586	1	3845	0.623562	0.043355	0.623562	0.623562	0.623562	0.623562	0.623562	0.000000	1	0.244503	0.250002	0.249909	0.255586	0.045894	0.903312	0.337184	0.722263	0.655377	0.427465	0.716005	0.207198	
2803000	-461.471305	1	3066	0.669344	0.075923	0.669344	0.669344	0.669344	0.669344	0.669344	0.000000	1	0.246526	0.249996	0.249861	0.253617	0.848266	0.785448	0.226935	0.725619	0.142244	0.723265	0.292074	0.890597	
2804000	-462.217946	1	1191	0.796479	0.025559	0.796479	0.796479	0.796479	0.796479	0.796479	0.025559	1	0.247693	0.250000	0.249994	0.252313	0.540978	0.075144	0.134987	0.538635	0.624523	0.933041	0.314199	0.727355	
2805000	-461.097956	1	1530	0.686174	0.000000	0.686174	0.686174	0.686174	0.686174	0.686174	0.034060	1	0.241424	0.250032	0.249999	0.258545	0.087193	0.164147	0.249962	0.623767	0.934014	0.970180	0.227072	0.685155	
2806000	-461.206686	1	3850	0.647483	0.016923	0.647483	0.647483	0.647483	0.016923	0.647483	0.016923	1	0.257833	0.270251	0.191187	0.280730	0.034670	0.366306	0.204359	0.653400	0.582817	0.802781	0.881413	0.992549	
2807000	-461.113503	1	2158	0.711677	0.012923	0.711677	0.711677	0.711677	0.000000	0.711677	0.012923	1	0.257871	0.264948	0.206165	0.271016	0.500699	0.731279	0.178242	0.261356	0.829978	0.772772	0.244852	0.761714	
2808000	-461.723994	1	1115	0.756675	0.016176	0.756675	0.756675	0.756675	0.000000	0.756675	0.016176	1	0.256410	0.261354	0.216849	0.265387	0.663762	0.475732	0.434123	0.674819	0.682623	0.206392	0.351766	0.748833	
2809000	-461.828359	1	2456	0.575750	0.005444	0.575750	0.575750	0.575750	0.005444	0.575750	0.005444	1	0.259055	0.280045	0.160554	0.300346	0.226238	0.825183	0.547524	0.461861	0.781105	0.831258	0.737038	0.217501	
2810000	-461.489047	1	381	0.639578	0.000000	0.639578	0.639578	0.639578	0.639578	0.639578	0.051035	1	0.238560	0.250133	0.249870	0.261438	0.380451	0.838119	0.316277	0.096416	0.753752	0.427774	0.274473	0.007755	
2811000	-461.431862	1	2324	0.754711	0.048480	0.754711	0.754711	0.754711	0.754711	0.754711	0.000000	1	0.248357	0.249987	0.249995	0.251660	0.974680	0.014581	0.386392	0.986955	0.509963	0.267013	0.962086	0.207996	
2812000	-461.718587	1	863	0.764430	0.008190	0.764430	0.764430	0.764430	0.000000	0.764430	0.008190	1	0.256156	0.260463	0.219026	0.264354	0.161625	0.628804	0.290778	0.487963	0.508719	0.482781	0.980811	0.093093	
2813000	-460.851449	1	3805	0.617036	0.009235	0.617036	0.617036	0.000000	0.617036	0.617036	0.009235	1	0.248525	0.259188	0.222984	0.269303	0.007817	0.524092	0.623413	0.374814	0.127870	0.954890	0.344043	0.833799	
2814000	-461.879379	1	3707	0.670807	0.016319	0.670807	0.670807	0.016319	0.016319	0.670807	0.000000	1	0.301252	0.334242	0.001261	0.363245	0.990027	0.611848	0.729171	0.417821	0.440558	0.472733	0.336592	0.469637	
2815000	-461.640789	1	3653	0.613326	0.034714	0.613326	0.613326	0.613326	0.613326	0.613326	0.034714	1	0.240157	0.250117	0.249583	0.260142	0.484963	0.091443	0.306849	0.373938	0.415640	0.211474	0.071743	0.398404	
2816000	-461.560804	1	3967	0.556368	0.000000	0.556368	0.556368	0.556368	0.556368	0.556368	0.032429	1	0.226630	0.250199	0.249246	0.273925	0.736346	0.608307	0.685585	0.642622	0.636987	0.599307	0.926714	0.751155	
2817000	-460.740232	1	293	0.584842	0.014602	0.584842	0.584842	0.584842	0.584842	0.584842	0.014602	1	0.235449	0.250030	0.249658	0.264862	0.687422	0.528891	0.396382	0.333508	0.426264	0.061550	0.949500	0.475555	
2818000	-462.360114	1	2184	0.625445	0.010173	0.625445	0.625445	0.625445	0.625445	0.625445	0.000000	1	0.243838	0.249539	0.251439	0.255184	0.798251	0.193046	0.089803	0.772033	0.269547	0.986510	0.987851	0.376870	
2819000	-461.245522	1	1473	0.671868	0.069369	0.671868	0.671868	0.671868	0.671868	0.671868	0.000000	1	0.246590	0.249995	0.249884	0.253532	0.238680	0.975403	0.995163	0.127785	0.344732	0.660838	0.151368	0.798409	
2820000	-461.556092	1	3698	0.603723	0.000000	0.603723	0.603723	0.603723	0.603723	0.603723	0.048984	1	0.234815	0.250204	0.249677	0.265304	0.970252	0.891658	0.281664	0.455992	0.754291	0.781515	0.972152	0.682703	
2821000	-462.238766	1	2351	0.566321	0.077091	0.566321	0.566321	0.566321	0.566321	0.566321	0.000000	1	0.240884	0.250181	0.249102	0.259833	0.468185	0.375533	0.182121	0.173309	0.245421	0.776818	0.804722	0.669841	
2822000	-461.723994	1	1115	0.756675	0.016176	0.756675	0.756675	0.756675	0.000000	0.756675	0.016176	1	0.256410	0.261354	0.216849	0.265387	0.767109	0.629710	0.705012	0.831886	0.271433	0.108345	0.146026	0.772922	
2823000	-460.956620	1	803	0.693657	0.025163	0.693657	0.693657	0.693657	0.693657	0.693657	0.025163	1	0.244525	0.250011	0.249935	0.255529	0.999711	0.295673	0.607257	0.087470	0.418266	0.728173	0.521449	0.631017	
2824000	-461.557409	1	221	0.724545	0.028254	0.724545	0.724545	0.724545	0.000000	0.724545	0.000000	1	0.255055	0.265456	0.204451	0.275039	0.374935	0.629964	0.593920	0.008689	0.556672	0.909131	0.298024	0.272415	
2825000	-461.465220	1	3500	0.756467	0.015584	0.756467	0.756467	0.756467	0.756467	0.756467	0.015584	1	0.246501	0.249992	0.250008	0.253500	0.176021	0.654826	0.885496	0.206519	0.363468	0.561118	0.045361	0.674402	
2826000	-461.603958	1	2581	0.660774	0.000000	0.660774	0.660774	0.020234	0.660774	0.660774	0.020234	1	0.248644	0.255546	0.233832	0.261978	0.966296	0.151843	0.760107	0.667515	0.927634	0.049816	0.561254	0.820087	
2827000	-461.880809	1	3778	0.547317	0.013329	0.547317	0.547317	0.000000	0.547317	0.547317	0.013329	1	0.246885	0.265259	0.205825	0.282031	0.968005	0.221338	0.993705	0.587875	0.849221	0.950776	0.919682	0.562212	
2828000	-464.133149	1	2188	0.663830	0.075898	0.663830	0.663830	0.663830	0.663830	0.663830	0.000000	0	0.247662	0.250015	0.249905	0.252419	0.656417	0.174417	0.655063	0.070809	0.184055	0.627397	0.934103	0.641780	
2829000	-462.213205	1	3218	0.715122	0.045914	0.715122	0.715122	0.715122	0.000000	0.715122	0.000000	1	0.252559	0.268719	0.195256	0.283465	0.472166	0.445832	0.751180	0.685189	0.244403	0.397589	0.689282	0.777090	
2830000	-461.347173	1	586	0.593780	0.014837	0.593780	0.593780	0.593780	0.014837	0.593780	0.014837	1	0.257870	0.277149	0.170925	0.294057	0.067058	0.867218	0.494942	0.104239	0.837087	0.402330	0.993043	0.859987	
2831000	-460.675429	1	856	0.635597	0.048022	0.635597	0.635597	0.635597	0.635597	0.635597	0.000000	1	0.245116	0.250002	0.249897	0.254986	0.795328	0.074646	0.975878	0.790212	0.647799	0.228514	0.587253	0.992643	
2832000	-461.465220	1	3500	0.756467	0.015584	0.756467	0.756467	0.756467	0.756467	0.756467	0.015584	1	0.246501	0.249992	0.250008	0.253500	0.858041	0.216307	0.588443	0.682361	0.723574	0.391806	0.169508	0.672700	
2833000	-460.929676	1	3114	0.589874	0.023518	0.589874	0.589874	0.589874	0.589874	0.589874	0.023518	1	0.237004	0.250123	0.249468	0.263405	0.172116	0.715647	0.396818	0.219329	0.953611	0.408902	0.971337	0.608612	
2834000	-460.595341	1	3335	0.632453	0.037018	0.632453	0.632453	0.632453	0.632453	0.632453	0.000000	1	0.244878	0.249980	0.250004	0.255139	0.679192	0.481109	0.757751	0.114065	0.198423	0.253809	0.173809	0.244707	
2835000	-461.363149	1	3474	0.701403	0.022374	0.701403	0.701403	0.701403	0.022374	0.701403	0.000000	1	0.254770	0.264851	0.206087	0.274292	0.901885	0.508341	0.206648	0.800879	0.796312	0.222276	0.480673	0.520475	
2836000	-461.884850	1	3594	0.626600	0.012447	0.626600	0.626600	0.626600	0.000000	0.626600	0.000000	1	0.259117	0.273856	0.179018	0.288008	0.317354	0.680389	0.178361	0.653340	0.427139	0.847364	0.607496	0.707461	
2837000	-460.705947	1	2750	0.655700	0.029217	0.655700	0.655700	0.655700	0.655700	0.655700	0.000000	1	0.245787	0.249951	0.250116	0.254146	0.287834	0.058527	0.484183	0.754610	0.524387	0.206381	0.977205	0.663409	
2838000	-460.616578	1	3898	0.656577	0.034725	0.656577	0.656577	0.656577	0.656577	0.656577	0.000000	1	0.245877	0.249969	0.250045	0.254109	0.782923	0.701880	0.925485	0.384041	0.125071	0.287744	0.581889	0.712499	
2839000	-460.764959	1	3382	0.698570	0.017058	0.698570	0.698570	0.698570	0.698570	0.698570	0.017058	1	0.244390	0.249993	0.249982	0.255635	0.507140	0.923654	0.894251	0.354131	0.500996	0.511522	0.674530	0.028456	
2840000	-460.645586	1	3845	0.623562	0.043355	0.623562	0.623562	0.623562	0.623562	0.623562	0.000000	1	0.244503	0.250002	0.249909	0.255586	0.815115	0.074574	0.586143	0.785469	0.446484	0.781727	0.164082	0.779755	
2841000	-460.698141	1	3839	0.606589	0.037160	0.606589	0.606589	0.606589	0.606589	0.606589	0.000000	1	0.243502	0.249997	0.249952	0.256549	0.425545	0.838285	0.424831	0.757023	0.420821	0.530090	0.560832	0.570424	
2842000	-462.509498	1	828	0.614496	0.024945	0.614496	0.614496	0.024945	0.000000	0.614496	0.000000	1	0.277220	0.334582	0.000552	0.387646	0.456742	0.908771	0.146224	0.950657	0.153556	0.013213	0.413840	0.158431	
2843000	-462.796956	1	668	0.607580	0.012913	0.607580	0.607580	0.000000	0.000000	0.607580	0.012913	1	0.314433	0.337023	0.000000	0.348544	0.393257	0.668026	0.037320	0.109690	0.835019	0.640636	0.051849	0.572782	
2844000	-462.030803	1	2281	0.672309	0.000000	0.672309	0.672309	0.000000	0.672309	0.672309	0.031316	1	0.255441	0.258546	0.225306	0.260707	0.412885	0.809626	0.004774	0.165079	0.121955	0.453826	0.161328	0.081236	
2845000	-460.588052	1	3950	0.642659	0.040068	0.642659	0.642659	0.642659	0.642659	0.642659	0.000000	1	0.245364	0.249984	0.249981	0.254671	0.306310	0.063930	0.977002	0.732860	0.631701	0.905421	0.490545	0.781167	
2846000	-461.896414	1	1761	0.637700	0.000000	0.637700	0.637700	0.637700	0.637700	0.637700	0.011050	1	0.236014	0.249782	0.250445	0.263759	0.054657	0.164834	0.738161	0.590477	0.213198	0.535876	0.426618	0.016290	
2847000	-462.347117	1	3195	0.673119	0.049302	0.673119	0.673119	0.673119	0.000000	0.673119	0.000000	1	0.250680	0.274165	0.179272	0.295883	0.652403	0.959409	0.915903	0.684918	0.522948	0.266046	0.679689	0.130924	
2848000	-460.921536	1	1050	0.634635	0.058931	0.634635	0.634635	0.634635	0.634635	0.634635	0.000000	1	0.245135	0.250013	0.249821	0.255031	0.434299	0.488454	0.572772	0.707226	0.734692	0.541716	0.924865	0.842549	
2849000	-461.488545	1	3646	0.705774	0.018362	0.705774	0.705774	0.705774	0.018362	0.705774	0.000000	1	0.255482	0.264234	0.207821	0.272463	0.547045	0.648659	0.911756	0.781287	0.103384	0.766673	0.599812	0.609121	
2850000	-462.283693	1	3807	0.652937	0.000000	0.652937	0.652937	0.652937	0.652937	0.652937	0.066520	1	0.240404	0.250154	0.249905	0.259536	0.346323	0.527117	0.810789	0.378366	0.834876	0.058540	0.635862	0.840841	
2851000	-460.907993	1	468	0.673081	0.007542	0.673081	0.673081	0.007542	0.673081	0.673081	0.007542	1	0.248366	0.255087	0.234962	0.261584	0.204115	0.970914	0.622913	0.811484	0.790771	0.227061	0.478496	0.849157	
2852000	-462.224369	1	353	0.587586	0.000000	0.587586	0.587586	0.000000	0.587586	0.587586	0.015703	1	0.246810	0.260869	0.218118	0.274203	0.077353	0.820381	0.829033	0.927399	0.412565	0.462151	0.258476	0.047763	
2853000	-462.068863	1	2330	0.583068	0.079211	0.583068	0.583068	0.583068	0.583068	0.583068	0.000000	1	0.242209	0.250116	0.249322	0.258353	0.895539	0.578621	0.162216	0.913427	0.728315	0.043613	0.911811	0.931604	
2854000	-461.074719	1	2989	0.708907	0.009444	0.708907	0.708907	0.708907	0.000000	0.708907	0.009444	1	0.258010	0.265036	0.205627	0.271327	0.863570	0.562803	0.559863	0.206571	0.589289	0.845214	0.414323	0.576837	
2855000	-460.676501	1	438	0.646568	0.048685	0.646568	0.646568	0.646568	0.646568	0.646568	0.000000	1	0.245590	0.249996	0.249917	0.254497	0.984575	0.542151	0.350585	0.508777	0.413905	0.935805	0.032429	0.458572	
2856000	-460.931625	1	3488	0.695795	0.053638	0.695795	0.695795	0.695795	0.695795	0.695795	0.000000	1	0.247217	0.249987	0.249961	0.252835	0.669228	0.851313	0.632635	0.137869	0.066854	0.809697	0.463228	0.412050	
2857000	-460.625777	1	520	0.655245	0.033556	0.655245	0.655245	0.655245	0.655245	0.655245	0.000000	1	0.245815	0.249966	0.250058	0.254161	0.217480	0.116899	0.559350	0.229103	0.807830	0.605356	0.907119	0.862051	
2858000	-460.861545	1	545	0.588979	0.041225	0.588979	0.588979	0.588979	0.588979	0.588979	0.000000	1	0.242413	0.250040	0.249802	0.257745	0.150487	0.608114	0.524731	0.468010	0.018658	0.342465	0.978796	0.240836	
2859000	-461.171413	1	1529	0.698529	0.000000	0.698529	0.698529	0.698529	0.698529	0.698529	0.031603	1	0.242142	0.250021	0.250014	0.257823	0.959727	0.025872	0.796964	0.231253	0.233710	0.328700	0.168076	0.200918	
2860000	-460.657576	1	1102	0.666582	0.033725	0.666582	0.666582	0.666582	0.666582	0.666582	0.000000	1	0.246230	0.249967	0.250055	0.253748	0.553733	0.330812	0.093186	0.394402	0.252703	0.117317	0.914826	0.611910	
2861000	-460.659862	1	213	0.629274	0.030922	0.629274	0.629274	0.629274	0.629274	0.629274	0.000000	1	0.244653	0.249956	0.250100	0.255291	0.781803	0.806879	0.187875	0.080581	0.714121	0.219231	0.052510	0.218495	
2862000	-461.405920	1	560	0.558549	0.024374	0.558549	0.558549	0.558549	0.558549	0.558549	0.024374	1	0.233425	0.250255	0.248996	0.267324	0.855018	0.422798	0.303622	0.609877	0.707105	0.757595	0.578060	0.002228	
2863000	-461.000156	1	3394	0.590642	0.050996	0.590642	0.590642	0.590642	0.590642	0.590642	0.000000	1	0.242624	0.250068	0.249659	0.257649	0.865776	0.112257	0.283965	0.529604	0.040662	0.216882	0.058513	0.499396	
2864000	-460.566821	1	3485	0.626730	0.020443	0.626730	0.626730	0.626730	0.626730	0.626730	0.020443	1	0.240124	0.250036	0.249784	0.260057	0.070858	0.830759	0.309771	0.800883	0.467903	0.372127	0.434873	0.615861	
2865000	-460.765476	1	1241	0.680667	0.031219	0.680667	0.680667	0.680667	0.680667	0.680667	0.000000	1	0.246665	0.249964	0.250073	0.253297	0.081167	0.997918	0.206079	0.432625	0.917391	0.775704	0.979001	0.019663	
2866000	-461.259300	1	10	0.611204	0.006478	0.611204	0.611204	0.611204	0.006478	0.611204	0.006478	1	0.259438	0.275124	0.175438	0.290000	0.774893	0.184071	0.871506	0.337241	0.801187	0.710009	0.530332	0.331546	
2867000	-462.852740	1	1007	0.567733	0.000000	0.567733	0.567733	0.010402	0.567733	0.567733	0.010402	1	0.240246	0.259585	0.221431	0.278739	0.640512	0.951817	0.666160	0.349734	0.053384	0.541725	0.108995	0.141779	
2868000	-464.115397	1	1962	0.572558	0.045614	0.572558	0.572558	0.572558	0.572558	0.572558	0.000000	0	0.244108	0.250106	0.249859	0.255927	0.373744	0.530916	0.610900	0.034677	0.617692	0.173589	0.556844	0.501312	
2869000	-460.969846	1	3436	0.627545	0.059839	0.627545	0.627545	0.627545	0.627545	0.627545	0.000000	1	0.244808	0.250020	0.249788	0.255384	0.296128	0.406144	0.616194	0.718934	0.775110	0.138779	0.704914	0.340953	
2870000	-461.755977	1	1695	0.539295	0.046760	0.539295	0.539295	0.539295	0.539295	0.539295	0.000000	1	0.238123	0.250269	0.249098	0.262510	0.812479	0.251272	0.336364	0.973245	0.981137	0.388461	0.990615	0.519224	
2871000	-461.301239	1	1973	0.606967	0.017411	0.606967	0.606967	0.000000	0.606967	0.606967	0.017411	1	0.250836	0.261203	0.217784	0.270176	0.997403	0.241278	0.740082	0.115691	0.899464	0.663276	0.069635	0.220970	
2872000	-464.349081	1	1224	0.686562	0.016980	0.686562	0.686562	0.000000	0.686562	0.686562	0.016980	0	0.251988	0.256626	0.230821	0.260565	0.754223	0.210931	0.717537	0.180443	0.857577	0.607176	0.459425	0.158837	
2873000	-461.114447	1	1509	0.692332	0.015201	0.692332	0.692332	0.692332	0.015201	0.692332	0.015201	1	0.257256	0.265643	0.204346	0.272755	0.732837	0.415996	0.358924	0.571333	0.959276	0.830396	0.823881	0.349285	
2874000	-460.898677	1	2409	0.631489	0.009080	0.631489	0.631489	0.631489	0.009080	0.631489	0.009080	1	0.258995	0.272474	0.183681	0.284849	0.101860	0.562227	0.455826	0.938534	0.201938	0.485063	0.216410	0.204053	
2875000	-460.598299	1	3866	0.643494	0.034889	0.643494	0.643494	0.643494	0.643494	0.643494	0.000000	1	0.245352	0.249970	0.250040	0.254638	0.353125	0.063568	0.501387	0.897687	0.685397	0.847578	0.292770	0.258031	
2876000	-460.845422	1	491	0.624239	0.013442	0.624239	0.624239	0.000000	0.624239	0.624239	0.013442	1	0.250019	0.259453	0.222505	0.268023	0.516947	0.588608	0.892211	0.455054	0.306313	0.323037	0.080358	0.606528	
2877000	-460.731112	1	2091	0.686706	0.042268	0.686706	0.686706	0.686706	0.686706	0.686706	0.000000	1	0.246919	0.249981	0.249998	0.253102	0.544372	0.007588	0.685913	0.899998	0.057092	0.527114	0.914609	0.908582	
2878000	-461.675089	1	107	0.673033	0.000000	0.673033	0.673033	0.025601	0.673033	0.673033	0.025601	1	0.250475	0.255563	0.233884	0.260078	0.887721	0.593578	0.792459	0.083896	0.991447	0.487080	0.762212	0.160004	
2879000	-460.974065	1	2195	0.688323	0.008945	0.688323	0.688323	0.688323	0.000000	0.688323	0.008945	1	0.258651	0.266995	0.199813	0.274541	0.041648	0.362476	0.940421	0.541729	0.062887	0.212777	0.497298	0.734229	
2880000	-460.761573	1	1697	0.691830	0.037743	0.691830	0.691830	0.691830	0.691830	0.691830	0.000000	1	0.247033	0.249977	0.250023	0.252967	0.000667	0.029164	0.941171	0.014407	0.273049	0.235242	0.359477	0.685688	
2881000	-461.646040	1	434	0.606600	0.075406	0.606600	0.606600	0.606600	0.606600	0.606600	0.000000	1	0.243747	0.250057	0.249576	0.256620	0.236899	0.197361	0.483839	0.211551	0.862891	0.090376	0.336676	0.142834	
2882000	-460.653558	1	3511	0.666941	0.034195	0.666941	0.666941	0.666941	0.666941	0.666941	0.000000	1	0.246246	0.249968	0.250050	0.253735	0.320990	0.994874	0.516975	0.540417	0.568802	0.496275	0.700306	0.601686	
2883000	-461.120979	1	3151	0.640793	0.019731	0.640793	0.640793	0.640793	0.640793	0.640793	0.000000	1	0.245010	0.249872	0.250391	0.254728	0.046923	0.042054	0.941520	0.144632	0.037533	0.298334	0.567608	0.864916	
2884000	-461.493857	1	2361	0.546659	0.039747	0.546659	0.546659	0.546659	0.546659	0.546659	0.000000	1	0.238793	0.250173	0.249445	0.261588	0.603231	0.002129	0.666839	0.773996	0.688524	0.119257	0.180699	0.755508	
2885000	-461.159421	1	3372	0.615452	0.063999	0.615452	0.615452	0.615452	0.615452	0.615452	0.000000	1	0.244209	0.250038	0.249702	0.256050	0.796579	0.382641	0.457298	0.445265	0.211627	0.801565	0.310872	0.216931	
2886000	-461.429167	1	3913	0.561073	0.000000	0.561073	0.561073	0.561073	0.561073	0.561073	0.025725	1	0.226687	0.250060	0.249484	0.273768	0.503671	0.424479	0.131824	0.434719	0.235160	0.362520	0.698104	0.242698	
2887000	-460.760553	1	3598	0.692138	0.040698	0.692138	0.692138	0.692138	0.692138	0.692138	0.000000	1	0.247059	0.249980	0.250007	0.252954	0.997069	0.107953	0.542239	0.511555	0.625359	0.911784	0.082375	0.553942	
2888000	-462.531065	1	2398	0.779667	0.009926	0.779667	1.039541	0.779667	0.009926	0.779667	0.009926	1	0.254642	0.251623	0.244463	0.249272	0.420470	0.463930	0.913794	0.196156	0.903690	0.678143	0.287588	0.336822	
2889000	-462.364556	1	356	0.816976	0.009725	0.816976	0.816976	0.816976	0.000000	0.816976	0.009725	1	0.254558	0.257338	0.228314	0.259789	0.734763	0.786127	0.869519	0.435626	0.687358	0.214420	0.012124	0.294469	
2890000	-460.918462	1	2805	0.575349	0.012363	0.575349	0.575349	0.575349	0.575349	0.575349	0.012363	1	0.233993	0.249995	0.249703	0.266309	0.353904	0.227509	0.992186	0.757855	0.822866	0.689224	0.540119	0.401085	
2891000	-461.138998	1	1767	0.733354	0.043233	0.733354	0.733354	0.733354	0.733354	0.733354	0.000000	1	0.247988	0.249984	0.250003	0.252024	0.284387	0.441331	0.705520	0.112619	0.992820	0.345494	0.790350	0.591313	
2892000	-460.694514	1	2400	0.670544	0.032267	0.670544	0.670544	0.670544	0.670544	0.670544	0.000000	1	0.246351	0.249964	0.250068	0.253616	0.067425	0.802970	0.057964	0.000987	0.433328	0.476568	0.720506	0.213361	
2893000	-461.149780	1	1189	0.672167	0.008609	0.672167	0.672167	0.672167	0.672167	0.672167	0.008609	1	0.242488	0.249928	0.250137	0.257447	0.166143	0.710868	0.827719	0.431620	0.577623	0.764240	0.113256	0.495356	
2894000	-461.678558	1	615	0.767600	0.023111	0.767600	0.767600	0.767600	0.767600	0.767600	0.023111	1	0.247001	0.249999	0.249991	0.253009	0.278500	0.367948	0.304083	0.679999	0.410096	0.323597	0.116064	0.877070	
2895000	-461.817121	1	357	0.701559	0.039312	0.701559	0.701559	0.701559	0.000000	0.701559	0.000000	1	0.253433	0.269318	0.193333	0.283916	0.885383	0.168789	0.594543	0.885300	0.212585	0.119691	0.747007	0.770942	
2896000	-461.820765	1	48	0.732509	0.022143	0.732509	0.732509	0.000000	0.732509	0.732509	0.022143	1	0.251623	0.254848	0.236066	0.257462	0.532178	0.628485	0.343402	0.648163	0.724759	0.130454	0.413560	0.519715	
2897000	-460.963385	1	1149	0.579367	0.040353	0.579367	0.579367	0.579367	0.579367	0.579367	0.000000	1	0.241700	0.250057	0.249760	0.258483	0.288150	0.627704	0.894290	0.939552	0.413627	0.214026	0.865552	0.280318	
2898000	-461.648150	1	3683	0.742803	0.028829	0.742803	0.742803	0.742803	0.028829	0.742803	0.000000	1	0.253321	0.261625	0.215745	0.269309	0.208268	0.693876	0.263718	0.777826	0.905474	0.880915	0.377253	0.523675	
2899000	-460.680707	1	1580	0.674295	0.044245	0.674295	0.674295	0.674295	0.674295	0.674295	0.000000	1	0.246560	0.249984	0.249981	0.253476	0.196827	0.532072	0.200756	0.434849	0.762487	0.170244	0.654196	0.611509	
2900000	-461.668955	1	3625	0.728788	0.020348	0.728788	0.728788	0.728788	0.728788	0.728788	0.000000	1	0.247773	0.249955	0.250122	0.252150	0.794317	0.874473	0.023139	0.366656	0.505390	0.051846	0.100999	0.761510	
2901000	-461.560685	1	455	0.675106	0.000000	0.675106	0.675106	0.675106	0.675106	0.675106	0.014929	1	0.239803	0.249923	0.250168	0.260106	0.939856	0.631466	0.671498	0.971156	0.800360	0.776069	0.740007	0.531323	
2902000	-461.885478	1	3999	0.689060	0.085138	0.689060	0.689060	0.689060	0.689060	0.689060	0.000000	1	0.247126	0.249989	0.249886	0.252999	0.353364	0.101219	0.920209	0.439838	0.814462	0.988388	0.269697	0.171532	
2903000	-463.157850	1	1847	0.725631	0.000000	0.725631	0.725631	0.019323	0.000000	0.725631	0.019323	1	0.347840	0.335147	0.000475	0.316538	0.634899	0.591373	0.799720	0.000410	0.833798	0.926942	0.576101	0.612034	
2904000	-461.170594	1	2684	0.597720	0.020987	0.597720	0.597720	0.597720	0.597720	0.597720	0.000000	1	0.242619	0.249838	0.250522	0.257021	0.552270	0.367316	0.193712	0.095830	0.516008	0.945484	0.886383	0.848682	
2905000	-460.961200	1	1606	0.624627	0.000000	0.624627	0.624627	0.624627	0.624627	0.624627	0.034722	1	0.236167	0.250075	0.249861	0.263897	0.645402	0.972086	0.427318	0.700770	0.400191	0.878590	0.139125	0.924021	
2906000	-461.758997	1	3154	0.700507	0.000000	0.700507	0.700507	0.000000	0.700507	0.700507	0.021371	1	0.250680	0.255217	0.234760	0.259343	0.153866	0.034799	0.713049	0.923365	0.216363	0.801752	0.525198	0.525080	
2907000	-461.206199	1	1990	0.572238	0.049913	0.572238	0.572238	0.572238	0.572238	0.572238	0.000000	1	0.241248	0.250118	0.249510	0.259124	0.374881	0.841322	0.841766	0.368467	0.447439	0.169615	0.738222	0.948639	
2908000	-462.040348	1	241	0.708933	0.000000	0.708933	0.708933	0.032912	0.708933	0.708933	0.032912	1	0.251985	0.254620	0.236676	0.256719	0.432088	0.923175	0.034071	0.311846	0.773921	0.944560	0.347499	0.358121	
2909000	-460.974065	1	2195	0.688323	0.008945	0.688323	0.688323	0.688323	0.000000	0.688323	0.008945	1	0.258651	0.266995	0.199813	0.274541	0.770075	0.213018	0.766097	0.196046	0.609628	0.414814	0.315412	0.348931	
2910000	-460.884463	1	1608	0.581700	0.021014	0.581700	0.581700	0.581700	0.581700	0.581700	0.021014	1	0.235843	0.250124	0.249422	0.264611	0.451675	0.754997	0.894368	0.848136	0.404226	0.188832	0.098212	0.800547	
2911000	-460.760569	1	3422	0.643732	0.026708	0.643732	0.643732	0.643732	0.643732	0.643732	0.000000	1	0.245264	0.249935	0.250175	0.254626	0.829443	0.063604	0.512325	0.645562	0.547114	0.228756	0.154687	0.017236	
2912000	-461.003741	1	2189	0.639680	0.000000	0.639680	0.639680	0.639680	0.639680	0.639680	0.021335	1	0.236919	0.249963	0.250046	0.263072	0.223268	0.981759	0.422279	0.515883	0.516801	0.312142	0.464916	0.440995	
2913000	-461.115433	1	212	0.593152	0.008736	0.593152	0.593152	0.593152	0.593152	0.593152	0.008736	1	0.235646	0.249863	0.250143	0.264348	0.641036	0.787409	0.409509	0.120922	0.433698	0.989016	0.741551	0.654163	
2914000	-461.968904	1	2617	0.610029	0.000000	0.610029	0.610029	0.610029	0.610029	0.610029	0.010726	1	0.232606	0.249677	0.250612	0.267105	0.691775	0.094085	0.339360	0.070640	0.732244	0.763823	0.856114	0.482374	
2915000	-460.699351	1	1561	0.669525	0.010939	0.669525	0.669525	0.000000	0.669525	0.669525	0.010939	1	0.249840	0.256443	0.231112	0.262606	0.555720	0.707609	0.922780	0.600780	0.337943	0.243099	0.112184	0.454562	
2916000	-461.978845	1	3981	0.665355	0.088656	0.665355	0.665355	0.665355	0.665355	0.665355	0.000000	1	0.246417	0.249995	0.249822	0.253766	0.480202	0.954051	0.939550	0.620268	0.335303	0.953205	0.445548	0.749870	
2917000	-465.572516	1	2453	0.765850	0.013929	0.765850	0.765850	0.765850	0.765850	0.765850	0.013929	0	0.246981	0.249981	0.250043	0.252994	0.760175	0.398322	0.088170	0.677637	0.354626	0.881271	0.393989	0.742596	
2918000	-460.759531	1	1104	0.615032	0.028361	0.615032	0.615032	0.615032	0.615032	0.615032	0.000000	1	0.243863	0.249940	0.250164	0.256033	0.963345	0.687187	0.544878	0.062871	0.846202	0.142119	0.945236	0.425266	
2919000	-462.275489	1	1136	0.630273	0.025954	0.630273	0.630273	0.000000	0.630273	0.630273	0.025954	1	0.253119	0.260621	0.219999	0.266260	0.123088	0.356371	0.092831	0.328757	0.477088	0.153138	0.748499	0.548079	
2920000	-462.221808	1	1374	0.626844	0.000000	0.626844	0.626844	0.000000	0.626844	0.626844	0.031473	1	0.257136	0.261768	0.216160	0.264935	0.730659	0.533985	0.326436	0.408538	0.316497	0.875369	0.627867	0.500536	
2921000	-461.351760	1	643	0.678369	0.020421	0.678369	0.678369	0.678369	0.000000	0.678369	0.000000	1	0.256787	0.269071	0.193543	0.280599	0.577723	0.571489	0.629120	0.781713	0.406740	0.928337	0.648004	0.757736	
2922000	-463.796566	1	1830	0.638846	0.040443	0.638846	0.638846	0.638846	0.638846	0.638846	0.000000	0	0.247017	0.249984	0.250097	0.252903	0.682401	0.066864	0.384926	0.268681	0.957550	0.083252	0.462630	0.417927	
2923000	-462.396692	1	3287	0.526760	0.000000	0.526760	0.526760	0.526760	0.526760	0.526760	0.016432	1	0.218609	0.249768	0.249556	0.282067	0.838350	0.378759	0.322169	0.053143	0.857813	0.312059	0.168234	0.214412	
2924000	-461.022674	1	3753	0.673291	0.000000	0.673291	0.673291	0.673291	0.673291	0.673291	0.025264	1	0.240130	0.249999	0.250029	0.259842	0.504522	0.396258	0.413362	0.780989	0.528205	0.461534	0.170078	0.689791	
2925000	-461.885330	1	3425	0.723467	0.004986	0.723467	0.723467	0.723467	0.000000	0.723467	0.004986	1	0.257462	0.263395	0.210136	0.269007	0.976578	0.338322	0.191480	0.314792	0.774066	0.939257	0.675424	0.455438	
2926000	-462.102836	1	1403	0.773629	0.000000	0.773629	0.773629	0.773629	0.773629	0.773629	0.033114	1	0.245735	0.250014	0.250021	0.254230	0.625050	0.897502	0.121318	0.428817	0.629296	0.033687	0.228209	0.804060	
2927000	-461.450798	1	2152	0.571285	0.000000	0.571285	0.571285	0.571285	0.571285	0.571285	0.018964	1	0.227662	0.249887	0.249885	0.272565	0.500961	0.670439	0.002096	0.554781	0.243116	0.567435	0.999907	0.834022	
2928000	-462.835423	1	2923	0.840938	0.051863	0.840938	0.840938	0.840938	0.840938	0.840938	0.000000	1	0.249243	0.249994	0.249998	0.250766	0.853480	0.405085	0.183002	0.772376	0.254228	0.801354	0.492526	0.939642	
2929000	-461.931414	1	1557	0.667893	0.042222	0.667893	0.667893	0.667893	0.000000	0.667893	0.000000	1	0.252064	0.273755	0.180295	0.293885	0.197985	0.347391	0.771777	0.907985	0.938422	0.563958	0.161880	0.639144	
2930000	-461.365392	1	1866	0.630481	0.000000	0.630481	0.630481	0.630481	0.630481	0.630481	0.047799	1	0.237545	0.250136	0.249838	0.262481	0.443634	0.042703	0.710836	0.016246	0.203665	0.533524	0.650319	0.134767	
2931000	-461.553935	1	2808	0.633873	0.016199	0.633873	0.633873	0.633873	0.000000	0.633873	0.000000	1	0.258021	0.273656	0.179759	0.288563	0.488094	0.609647	0.708629	0.474736	0.496979	0.210424	0.456665	0.238924	
2932000	-460.975654	1	414	0.624962	0.008332	0.624962	0.624962	0.624962	0.000000	0.624962	0.008332	1	0.259957	0.274212	0.178446	0.287385	0.676125	0.451649	0.823019	0.756740	0.741082	0.349546	0.852607	0.123984	
2933000	-461.293605	1	2679	0.604282	0.065536	0.604282	0.604282	0.604282	0.604282	0.604282	0.000000	1	0.243580	0.250058	0.249620	0.256742	0.421461	0.938754	0.652149	0.240903	0.686329	0.931175	0.901587	0.421228	
2934000	-460.680006	1	1698	0.647898	0.029688	0.647898	0.647898	0.647898	0.647898	0.647898	0.000000	1	0.245480	0.249951	0.250115	0.254454	0.417591	0.542655	0.855832	0.112098	0.446192	0.944759	0.306797	0.097746	
2935000	-461.087589	1	3917	0.702662	0.025857	0.702662	0.702662	0.702662	0.702662	0.702662	0.000000	1	0.247230	0.249958	0.250104	0.252708	0.241419	0.804275	0.453777	0.447584	0.274168	0.834341	0.468029	0.109872	
2936000	-461.423227	1	3678	0.667339	0.018999	0.667339	0.667339	0.667339	0.018999	0.667339	0.018999	1	0.257350	0.267973	0.197975	0.276701	0.609494	0.570907	0.433749	0.058308	0.315721	0.454805	0.265500	0.673896	
2937000	-462.561074	1	3469	0.800785	0.040291	0.800785	0.800785	0.800785	0.040291	0.800785	0.000000	1	0.251717	0.258137	0.226154	0.263993	0.090490	0.159476	0.214593	0.071494	0.548246	0.800014	0.668629	0.629651	
2938000	-460.642957	1	2744	0.616869	0.038499	0.616869	0.616869	0.616869	0.616869	0.616869	0.000000	1	0.244104	0.249993	0.249956	0.255947	0.656613	0.000294	0.913523	0.556954	0.719990	0.837447	0.737523	0.778515	
2939000	-464.014089	1	1718	0.706395	0.129498	0.706395	0.706395	0.706395	0.706395	0.706395	0.000000	1	0.247585	0.249976	0.249871	0.252568	0.708594	0.853163	0.588355	0.988122	0.623157	0.602354	0.413755	0.553086	
2940000	-460.595548	1	1850	0.651201	0.040911	0.651201	0.651201	0.651201	0.651201	0.651201	0.000000	1	0.245722	0.249983	0.249983	0.254313	0.681132	0.280697	0.120747	0.102583	0.671178	0.150593	0.167829	0.166417	
2941000	-460.596472	1	1030	0.662434	0.013809	0.662434	0.662434	0.662434	0.662434	0.662434	0.013809	1	0.242223	0.249978	0.249987	0.257811	0.216760	0.652652	0.916413	0.422788	0.151179	0.222501	0.944524	0.852630	
2942000	-460.956872	1	3941	0.624531	0.007481	0.624531	0.624531	0.000000	0.624531	0.624531	0.007481	1	0.248067	0.258313	0.225434	0.268186	0.877059	0.668123	0.813607	0.961627	0.087425	0.710669	0.150059	0.552219	
2943000	-461.405272	1	2632	0.590720	0.064898	0.590720	0.590720	0.590720	0.590720	0.590720	0.000000	1	0.242712	0.250088	0.249514	0.257686	0.293041	0.723458	0.555570	0.593456	0.689485	0.835294	0.128177	0.698085	
2944000	-460.658278	1	1621	0.616245	0.034202	0.616245	0.616245	0.616245	0.616245	0.616245	0.000000	1	0.244018	0.249976	0.250028	0.255978	0.091975	0.239754	0.403966	0.737976	0.519890	0.038524	0.174660	0.843255	
2945000	-461.384733	1	585	0.583145	0.013678	0.583145	0.583145	0.583145	0.013678	0.583145	0.013678	1	0.257776	0.278697	0.166208	0.297319	0.981645	0.707101	0.531823	0.399409	0.663402	0.091942	0.883527	0.672116	
2946000	-462.302181	1	704	0.575566	0.000000	0.575566	0.575566	0.575566	0.575566	0.575566	0.057271	1	0.232010	0.250375	0.249361	0.268255	0.114722	0.253626	0.283874	0.572933	0.364598	0.628129	0.532038	0.694296	
2947000	-461.361270	1	308	0.762393	0.012624	0.762393	0.762393	0.000000	0.762393	0.762393	0.012624	1	0.250081	0.252955	0.241343	0.255620	0.107409	0.765164	0.034887	0.149533	0.916848	0.970471	0.778524	0.626239	
2948000	-461.698551	1	3308	0.625611	0.014050	0.625611	0.625611	0.625611	0.625611	0.625611	0.000000	1	0.244071	0.249723	0.250872	0.255334	0.318123	0.389085	0.831590	0.148673	0.234164	0.075685	0.252067	0.735313	
2949000	-465.469053	1	2370	0.541838	0.013631	0.541838	0.541838	0.000000	0.541838	0.541838	0.013631	0	0.249174	0.266583	0.202195	0.282048	0.648496	0.445540	0.453610	0.632612	0.060200	0.617719	0.461724	0.104349	
2950000	-461.622246	1	116	0.611725	0.017943	0.611725	0.611725	0.611725	0.000000	0.611725	0.000000	1	0.257241	0.276947	0.169995	0.295817	0.661874	0.876212	0.763531	0.393388	0.517443	0.633325	0.585750	0.830677	
2951000	-461.067545	1	576	0.688174	0.023758	0.688174	0.688174	0.688174	0.688174	0.688174	0.000000	1	0.246818	0.249944	0.250151	0.253087	0.688246	0.009031	0.755985	0.123118	0.349298	0.257699	0.105568	0.451131	
2952000	-460.779831	1	806	0.606585	0.029317	0.606585	0.606585	0.606585	0.606585	0.606585	0.000000	1	0.243385	0.249949	0.250137	0.256530	0.383743	0.344538	0.268990	0.100941	0.458365	0.625077	0.843134	0.452803	
2953000	-461.162450	1	2531	0.667207	0.006510	0.667207	0.667207	0.667207	0.000000	0.667207	0.006510	1	0.259282	0.269054	0.193472	0.278192	0.216767	0.587273	0.777416	0.575665	0.417537	0.317626	0.030018	0.406004	
2954000	-460.744308	1	2777	0.681328	0.012976	0.681328	0.681328	0.681328	0.681328	0.681328	0.012976	1	0.243303	0.249975	0.250016	0.256706	0.696830	0.725726	0.618028	0.358054	0.096497	0.207283	0.271222	0.160389	
2955000	-461.841585	1	185	0.606740	0.036214	0.606740	0.606740	0.606740	0.036214	0.606740	0.000000	1	0.248368	0.276088	0.172915	0.302629	0.892217	0.226883	0.610774	0.735766	0.938519	0.856859	0.806447	0.081827	
2956000	-460.696742	1	453	0.651587	0.011785	0.651587	0.651587	0.000000	0.651587	0.651587	0.011785	1	0.249926	0.257546	0.227935	0.264593	0.582022	0.810219	0.974212	0.093070	0.742864	0.896636	0.597636	0.325032	
2957000	-461.595331	1	2106	0.722673	0.018900	0.722673	0.722673	0.722673	0.000000	0.722673	0.000000	1	0.256224	0.264355	0.207482	0.271939	0.260149	0.365865	0.017007	0.771307	0.274792	0.005821	0.179530	0.033783	
2958000	-463.474196	1	82	0.528762	0.000000	0.528762	0.528762	0.000000	0.528762	0.528762	0.021041	1	0.248564	0.267730	0.198926	0.284780	0.650809	0.632592	0.180731	0.474752	0.174014	0.594941	0.767485	0.667771	
2959000	-460.599199	1	1366	0.650666	0.035577	0.650666	0.650666	0.650666	0.650666	0.650666	0.000000	1	0.245655	0.249972	0.250034	0.254339	0.373711	0.266660	0.123294	0.841479	0.883244	0.670254	0.184859	0.413752	
2960000	-460.628930	1	3894	0.666964	0.038383	0.666964	0.666964	0.666964	0.666964	0.666964	0.000000	1	0.246280	0.249977	0.250014	0.253729	0.131122	0.555896	0.028572	0.160615	0.071179	0.563906	0.088250	0.175458	
2961000	-460.746076	1	1909	0.618690	0.028324	0.618690	0.618690	0.618690	0.618690	0.618690	0.000000	1	0.244065	0.249939	0.250163	0.255832	0.283426	0.812257	0.725275	0.982139	0.410197	0.326668	0.783915	0.670266	
2962000	-464.944308	1	3218	0.715122	0.045914	0.715122	0.715122	0.715122	0.000000	0.715122	0.000000	0	0.253148	0.267697	0.198330	0.280824	0.532085	0.382191	0.936281	0.301937	0.156850	0.664601	0.343852	0.180394	
2963000	-460.736422	1	2384	0.588074	0.018771	0.588074	0.588074	0.588074	0.588074	0.588074	0.018771	1	0.236303	0.250083	0.249545	0.264069	0.916495	0.756514	0.088321	0.323723	0.283558	0.952073	0.293218	0.904043	
2964000	-460.736096	1	480	0.665849	0.029313	0.665849	0.665849	0.665849	0.665849	0.665849	0.000000	1	0.246162	0.249954	0.250106	0.253778	0.713424	0.290973	0.472027	0.294525	0.695564	0.765511	0.149116	0.747071	
2965000	-460.495404	1	464	0.632111	0.015380	0.632111	0.632111	0.632111	0.632111	0.632111	0.015380	1	0.240150	0.249996	0.249893	0.259961	0.013316	0.485057	0.648420	0.959762	0.889591	0.173301	0.615278	0.385130	
2966000	-461.447282	1	3643	0.684205	0.074086	0.684205	0.684205	0.684205	0.684205	0.684205	0.000000	1	0.246970	0.249991	0.249897	0.253141	0.711131	0.872203	0.269191	0.574962	0.657089	0.673176	0.995740	0.877398	
2967000	-460.856146	1	1243	0.644888	0.011884	0.644888	0.644888	0.644888	0.011884	0.644888	0.011884	1	0.258492	0.270772	0.189053	0.281683	0.769780	0.463394	0.745021	0.462742	0.828917	0.910088	0.080387	0.369626	
2968000	-460.766188	1	1873	0.620250	0.027418	0.620250	0.620250	0.620250	0.620250	0.620250	0.000000	1	0.244135	0.249933	0.250187	0.255745	0.268024	0.301775	0.653957	0.758022	0.733518	0.992945	0.604124	0.078207	
2969000	-460.771756	1	2329	0.604557	0.045295	0.604557	0.604557	0.604557	0.604557	0.604557	0.000000	1	0.243468	0.250028	0.249817	0.256687	0.809049	0.394419	0.840658	0.447481	0.297860	0.061701	0.691644	0.000992	
2970000	-461.829240	1	2439	0.600067	0.000000	0.600067	0.600067	0.600067	0.600067	0.600067	0.011876	1	0.231346	0.249694	0.250517	0.268443	0.824517	0.996465	0.374341	0.502383	0.611425	0.077514	0.472335	0.518069	
2971000	-461.429994	1	443	0.747814	0.009474	0.747814	0.747814	0.747814	0.000000	0.747814	0.009474	1	0.256727	0.261757	0.215282	0.266235	0.238220	0.156452	0.110800	0.898240	0.842153	0.822164	0.393063	0.633700	
2972000	-461.329318	1	327	0.694335	0.005793	0.694335	0.694335	0.005793	0.694335	0.694335	0.005793	1	0.247920	0.253659	0.239136	0.259285	0.578380	0.479419	0.964329	0.215897	0.521966	0.299065	0.226073	0.940812	
2973000	-462.096956	1	2929	0.585949	0.032930	0.585949	0.585949	0.585949	0.000000	0.585949	0.000000	1	0.249830	0.283663	0.150250	0.316257	0.641189	0.184023	0.559519	0.342585	0.760162	0.763097	0.829927	0.120618	
2974000	-462.633227	1	134	0.574170	0.020658	0.574170	0.574170	0.000000	0.020658	0.574170	0.000000	1	0.274643	0.334092	0.000680	0.390585	0.356408	0.130925	0.884031	0.338697	0.298916	0.117901	0.949748	0.919750	
2975000	-460.712565	1	510	0.650850	0.050683	0.650850	0.650850	0.650850	0.650850	0.650850	0.000000	1	0.245773	0.249996	0.249913	0.254318	0.760774	0.142568	0.156244	0.948744	0.601495	0.961735	0.506475	0.002902	
2976000	-461.339473	1	2707	0.686318	0.024252	0.686318	0.686318	0.686318	0.000000	0.686318	0.000000	1	0.256013	0.268799	0.194462	0.280725	0.518972	0.249465	0.599081	0.217170	0.424209	0.709640	0.459181	0.231000	
2977000	-460.803451	1	3044	0.595634	0.032674	0.595634	0.595634	0.595634	0.595634	0.595634	0.000000	1	0.242745	0.249981	0.250027	0.257247	0.825492	0.696520	0.095195	0.584159	0.635212	0.062691	0.243714	0.811701	
2978000	-464.620282	1	1816	0.553227	0.063893	0.553227	0.553227	0.553227	0.553227	0.553227	0.000000	0	0.242758	0.250283	0.249274	0.257685	0.138827	0.979373	0.372684	0.984575	0.510921	0.295549	0.552508	0.059314	
2979000	-461.115572	1	2128	0.588040	0.026063	0.588040	0.588040	0.588040	0.588040	0.588040	0.026063	1	0.237074	0.250146	0.249412	0.263368	0.210394	0.595859	0.677350	0.039627	0.669527	0.354377	0.676580	0.047071	
2980000	-461.031673	1	1193	0.566331	0.012364	0.566331	0.566331	0.566331	0.566331	0.566331	0.012364	1	0.232801	0.250010	0.249612	0.267577	0.562814	0.131858	0.231941	0.613259	0.546724	0.451051	0.370309	0.978103	
2981000	-461.350000	1	1362	0.651931	0.029843	0.651931	0.651931	0.651931	0.029843	0.651931	0.000000	1	0.252695	0.270305	0.190092	0.286908	0.667933	0.979563	0.662573	0.588262	0.449964	0.320544	0.926264	0.428820	
2982000	-461.547787	1	2151	0.697671	0.000000	0.697671	0.697671	0.697671	0.697671	0.697671	0.017255	1	0.241574	0.249961	0.250102	0.258363	0.553483	0.557395	0.316099	0.253953	0.021933	0.715560	0.231144	0.978411	
2983000	-460.782374	1	43	0.640414	0.026046	0.640414	0.640414	0.640414	0.640414	0.640414	0.000000	1	0.245107	0.249929	0.250195	0.254768	0.879358	0.205320	0.468609	0.840684	0.288511	0.330342	0.794863	0.218057	
2984000	-462.172009	1	3078	0.595562	0.038400	0.595562	0.595562	0.595562	0.595562	0.595562	0.038400	1	0.238952	0.250181	0.249399	0.261467	0.037138	0.711272	0.258765	0.890017	0.616292	0.474852	0.189554	0.143331	
2985000	-461.096606	1	3147	0.723740	0.032770	0.723740	0.723740	0.723740	0.723740	0.723740	0.000000	1	0.247755	0.249976	0.250040	0.252229	0.957828	0.651125	0.635106	0.280932	0.529698	0.783500	0.375213	0.714890	
2986000	-462.258840	1	785	0.530909	0.000000	0.530909	0.530909	0.530909	0.530909	0.530909	0.038190	1	0.222689	0.250450	0.248558	0.278303	0.777822	0.333148	0.994351	0.043152	0.864643	0.080938	0.013194	0.663090	
2987000	-460.891704	1	3052	0.635346	0.000000	0.635346	0.635346	0.635346	0.635346	0.635346	0.030738	1	0.237035	0.250039	0.249927	0.262999	0.097246	0.749321	0.064503	0.696979	0.521131	0.868484	0.873706	0.592968	
2988000	-462.733571	1	3563	0.749523	0.025778	0.749523	0.749523	0.749523	0.025778	0.749523	0.025778	1	0.255091	0.260554	0.219697	0.264657	0.880653	0.067287	0.566050	0.848346	0.794692	0.970174	0.570754	0.993199	
2989000	-460.526495	1	1179	0.614928	0.016760	0.614928	0.614928	0.614928	0.614928	0.614928	0.016760	1	0.238795	0.250020	0.249790	0.261394	0.329783	0.006668	0.189166	0.863143	0.772143	0.730190	0.176391	0.392774	
2990000	-461.256350	1	2771	0.724582	0.017316	0.724582	0.724582	0.000000	0.724582	0.724582	0.017316	1	0.251035	0.254751	0.236226	0.257988	0.759999	0.379499	0.612804	0.794698	0.962844	0.325654	0.888477	0.155577	
2991000	-462.965427	1	372	0.632444	0.000000	0.632444	0.632444	0.000000	0.019212	0.632444	0.019212	1	0.346578	0.335650	0.000436	0.317336	0.313069	0.759129	0.635858	0.828445	0.622991	0.649995	0.788553	0.837120	
2992000	-461.436748	1	922	0.552531	0.009906	0.552531	0.552531	0.552531	0.552531	0.552531	0.009906	1	0.230375	0.249930	0.249731	0.269964	0.457891	0.046632	0.338812	0.664473	0.257796	0.723275	0.397942	0.406977	
2993000	-461.852080	1	3867	0.716192	0.000000	0.716192	0.716192	0.716192	0.716192	0.716192	0.015948	1	0.242695	0.249964	0.250100	0.257241	0.743917	0.945715	0.969434	0.413342	0.132043	0.491256	0.694256	0.763876	
2994000	-461.228775	1	3279	0.714564	0.060790	0.714564	0.714564	0.714564	0.714564	0.714564	0.000000	1	0.247679	0.249988	0.249960	0.252374	0.193232	0.565204	0.250418	0.965075	0.790766	0.380639	0.287339	0.363876	
2995000	-460.675468	1	492	0.615421	0.032820	0.615421	0.615421	0.615421	0.615421	0.615421	0.000000	1	0.243954	0.249969	0.250055	0.256022	0.165161	0.868737	0.091584	0.540785	0.617224	0.355996	0.052778	0.737885	
2996000	-462.574502	1	2460	0.691084	0.052804	0.691084	0.691084	0.691084	0.000000	0.691084	0.000000	1	0.250722	0.272422	0.184520	0.292335	0.682663	0.857632	0.881417	0.443511	0.473678	0.685202	0.499953	0.415258	
2997000	-461.093483	1	2399	0.718628	0.052732	0.718628	0.718628	0.718628	0.718628	0.718628	0.000000	1	0.247738	0.249986	0.249978	0.252297	0.256222	0.200461	0.060373	0.203739	0.265343	0.666359	0.826585	0.280168	
2998000	-461.244930	1	1972	0.681867	0.020144	0.681867	0.681867	0.681867	0.681867	0.681867	0.000000	1	0.246584	0.249921	0.250229	0.253266	0.517348	0.622093	0.279585	0.593288	0.879795	0.914883	0.357221	0.352457	
2999000	-461.875468	1	279	0.628362	0.041272	0.628362	0.628362	0.628362	0.041272	0.628362	0.000000	1	0.248172	0.273436	0.180974	0.297418	0.012009	0.978235	0.444802	0.969111	0.398286	0.790690	0.279381	0.989869	
3000000	-461.616414	1	2698	0.575416	0.065248	0.575416	0.575416	0.575416	0.575416	0.575416	0.000000	1	0.241598	0.250136	0.249345	0.258921	0.341838	0.514227	0.881157	0.097497	0.676168	0.339570	0.786228	0.338005	
3001000	-461.138998	1	1767	0.733354	0.043233	0.733354	0.733354	0.733354	0.733354	0.733354	0.000000	1	0.247988	0.249984	0.250003	0.252024	0.445408	0.597792	0.363784	0.197161	0.130336	0.002950	0.433284	0.664431	
3002000	-460.847002	1	2672	0.654586	0.010247	0.654586	0.654586	0.654586	0.000000	0.654586	0.010247	1	0.259461	0.270726	0.188979	0.280834	0.382493	0.294060	0.827097	0.539146	0.253284	0.474242	0.242386	0.366265	
3003000	-461.620930	1	1741	0.553268	0.053579	0.553268	0.553268	0.553268	0.553268	0.553268	0.000000	1	0.239613	0.250213	0.249191	0.260983	0.042395	0.649642	0.118911	0.332375	0.852482	0.337535	0.325805	0.796308	
3004000	-460.742180	1	1622	0.607957	0.044857	0.607957	0.607957	0.607957	0.607957	0.607957	0.000000	1	0.243666	0.250022	0.249837	0.256475	0.224538	0.783035	0.730961	0.740968	0.244709	0.061419	0.028426	0.831240	
3005000	-461.292310	1	3618	0.755000	0.013251	0.755000	0.755000	0.000000	0.755000	0.755000	0.013251	1	0.250222	0.253256	0.240475	0.256048	0.804488	0.671866	0.715012	0.872726	0.132874	0.403409	0.898078	0.548463	
3006000	-462.852119	1	3460	0.765909	0.021580	0.765909	0.765909	0.000000	0.021580	0.765909	0.000000	1	0.305547	0.334843	0.000650	0.358959	0.041385	0.932039	0.271147	0.464994	0.253022	0.291904	0.158440	0.226202	
3007000	-460.882196	1	3227	0.642234	0.008900	0.642234	0.642234	0.642234	0.008900	0.642234	0.008900	1	0.258909	0.271192	0.187436	0.282463	0.967481	0.477396	0.502118	0.861193	0.052118	0.250511	0.875478	0.663376	
3008000	-460.950280	1	146	0.656850	0.007996	0.656850	0.656850	0.656850	0.000000	0.656850	0.007996	1	0.259493	0.270321	0.189895	0.280291	0.652698	0.462261	0.520826	0.399668	0.586429	0.910215	0.443155	0.318333	
3009000	-461.875468	1	279	0.628362	0.041272	0.628362	0.628362	0.628362	0.041272	0.628362	0.000000	1	0.248172	0.273436	0.180974	0.297418	0.640933	0.871911	0.964990	0.762027	0.544132	0.782988	0.672264	0.861286	
3010000	-461.241158	1	2663	0.663385	0.000000	0.663385	0.663385	0.663385	0.663385	0.663385	0.018028	1	0.238973	0.249945	0.250113	0.260970	0.089907	0.140787	0.991498	0.098332	0.388846	0.495640	0.805591	0.836789	
3011000	-461.118123	1	1962	0.572558	0.045614	0.572558	0.572558	0.572558	0.572558	0.572558	0.000000	1	0.241230	0.250101	0.249593	0.259076	0.359706	0.763216	0.863563	0.529743	0.052973	0.096066	0.234015	0.352667	
3012000	-461.389838	1	2424	0.601852	0.006139	0.601852	0.601852	0.601852	0.006139	0.601852	0.006139	1	0.259442	0.276376	0.171653	0.292529	0.818660	0.494431	0.740095	0.519265	0.994639	0.541693	0.397209	0.919812	
3013000	-461.019236	1	2333	0.627304	0.021333	0.627304	0.627304	0.627304	0.627304	0.627304	0.000000	1	0.244388	0.249876	0.250380	0.255357	0.974274	0.981084	0.979013	0.815170	0.160456	0.627808	0.420762	0.707609	
3014000	-462.916688	1	2708	0.507697	0.000000	0.507697	0.507697	0.507697	0.507697	0.507697	0.016463	1	0.214072	0.249794	0.249074	0.287060	0.993199	0.814272	0.755204	0.337982	0.810082	0.009209	0.748528	0.011440	
3015000	-460.608191	1	1886	0.639216	0.043064	0.639216	0.639216	0.639216	0.639216	0.639216	0.000000	1	0.245240	0.249991	0.249947	0.254822	0.305429	0.320117	0.951526	0.002262	0.991293	0.340433	0.011683	0.028222	
3016000	-461.782524	1	2217	0.553883	0.014534	0.553883	0.553883	0.014534	0.553883	0.553883	0.014534	1	0.246378	0.263401	0.211342	0.278879	0.475502	0.736487	0.050676	0.516429	0.072175	0.886922	0.983397	0.025274	
3017000	-460.793223	1	378	0.604032	0.029430	0.604032	0.604032	0.604032	0.604032	0.604032	0.000000	1	0.243230	0.249950	0.250133	0.256687	0.725095	0.694733	0.149024	0.133279	0.784192	0.962478	0.303210	0.683724	
3018000	-461.191565	1	3756	0.728995	0.013296	0.728995	0.728995	0.728995	0.728995	0.728995	0.013296	1	0.245511	0.249984	0.250020	0.254485	0.277758	0.506024	0.522577	0.369599	0.472020	0.491424	0.516254	0.019113	
3019000	-460.867249	1	1278	0.603248	0.050174	0.603248	0.603248	0.603248	0.603248	0.603248	0.000000	1	0.243430	0.250041	0.249750	0.256778	0.222038	0.630800	0.312435	0.306518	0.737758	0.583084	0.319202	0.287224	
3020000	-461.504472	1	3663	0.611281	0.024600	0.611281	0.611281	0.611281	0.024600	0.611281	0.000000	1	0.253124	0.275076	0.175724	0.296077	0.036878	0.506754	0.196662	0.272824	0.353648	0.963239	0.238644	0.462381	
3021000	-463.035708	1	2767	0.796818	0.005060	0.796818	0.796818	0.000000	0.000000	0.796818	0.005060	1	0.329167	0.334358	0.000000	0.336475	0.245395	0.580274	0.073177	0.260966	0.194164	0.956079	0.833243	0.296385	
3022000	-460.625671	1	2073	0.600290	0.014215	0.600290	0.600290	0.600290	0.600290	0.600290	0.014215	1	0.237110	0.250004	0.249787	0.263099	0.176980	0.103853	0.815948	0.561241	0.167263	0.356351	0.827379	0.180288	
3023000	-461.139860	1	903	0.639004	0.000000	0.639004	0.639004	0.639004	0.639004	0.639004	0.018395	1	0.236668	0.249929	0.250108	0.263295	0.994614	0.266870	0.468075	0.815978	0.298604	0.006201	0.193864	0.260888	
3024000	-460.790908	1	2521	0.587104	0.020144	0.587104	0.587104	0.587104	0.587104	0.587104	0.020144	1	0.236348	0.250100	0.249502	0.264050	0.291429	0.616563	0.786829	0.361146	0.706960	0.431977	0.578166	0.731730	
3025000	-461.543445	1	2092	0.644549	0.015429	0.644549	0.644549	0.644549	0.015429	0.644549	0.000000	1	0.256951	0.270414	0.189372	0.283262	0.685194	0.956854	0.841106	0.670577	0.420269	0.813814	0.167756	0.648262	
3026000	-460.852202	1	2056	0.588132	0.037922	0.588132	0.588132	0.588132	0.588132	0.588132	0.000000	1	0.242310	0.250025	0.249867	0.257797	0.930119	0.774511	0.451876	0.821991	0.970241	0.112182	0.699681	0.600302	
3027000	-460.680006	1	1698	0.647898	0.029688	0.647898	0.647898	0.647898	0.647898	0.647898	0.000000	1	0.245480	0.249951	0.250115	0.254454	0.870232	0.344977	0.300365	0.986699	0.139931	0.353452	0.913545	0.916565	
3028000	-460.936183	1	2891	0.686246	0.026442	0.686246	0.686246	0.686246	0.686246	0.686246	0.000000	1	0.246789	0.249953	0.250119	0.253140	0.730955	0.495950	0.081618	0.504921	0.808272	0.841284	0.880855	0.365797	
3029000	-460.823426	1	1516	0.623542	0.009958	0.623542	0.623542	0.623542	0.623542	0.623542	0.009958	1	0.238923	0.249920	0.250079	0.261079	0.515675	0.365512	0.924724	0.743028	0.623198	0.224128	0.099797	0.204373	
3030000	-461.316238	1	2860	0.747639	0.045200	0.747639	0.747639	0.747639	0.747639	0.747639	0.000000	1	0.248239	0.249986	0.250000	0.251775	0.016930	0.650740	0.031297	0.957865	0.859347	0.588297	0.193526	0.919630	
3031000	-461.394182	1	930	0.594887	0.017592	0.594887	0.594887	0.017592	0.594887	0.594887	0.017592	1	0.249099	0.260536	0.219769	0.270595	0.291833	0.111714	0.526801	0.595438	0.421634	0.615431	0.150757	0.558043	
3032000	-460.766132	1	596	0.616619	0.010609	0.616619	0.616619	0.616619	0.616619	0.616619	0.010609	1	0.238348	0.249932	0.250028	0.261692	0.066774	0.374462	0.177016	0.997008	0.421958	0.277743	0.470238	0.179410	
3033000	-461.313299	1	2006	0.672661	0.028964	0.672661	0.672661	0.672661	0.028964	0.672661	0.000000	1	0.253300	0.267992	0.196938	0.281770	0.141975	0.419194	0.118438	0.405990	0.310663	0.788551	0.539100	0.309028	
3034000	-460.634216	1	2109	0.667456	0.041081	0.667456	0.667456	0.667456	0.667456	0.667456	0.000000	1	0.246316	0.249981	0.249995	0.253708	0.816255	0.082026	0.619352	0.582978	0.498850	0.788688	0.004975	0.414775	
3035000	-462.331823	1	2378	0.740179	0.011680	0.740179	0.740179	0.000000	0.011680	0.740179	0.000000	1	0.314543	0.334331	0.000186	0.350939	0.388055	0.983348	0.364482	0.136596	0.459651	0.624432	0.208889	0.734313	
3036000	-461.565061	1	3844	0.629354	0.034789	0.629354	0.629354	0.629354	0.629354	0.629354	0.034789	1	0.241370	0.250085	0.249692	0.258853	0.810647	0.313947	0.256996	0.800263	0.125968	0.695512	0.111418	0.530483	
3037000	-461.748524	1	2335	0.649017	0.037778	0.649017	0.649017	0.649017	0.000000	0.649017	0.000000	1	0.252418	0.275496	0.174992	0.297094	0.825305	0.738470	0.134652	0.999502	0.729969	0.376718	0.587775	0.017495	
3038000	-461.723925	1	1916	0.742298	0.020652	0.742298	0.742298	0.000000	0.742298	0.742298	0.020652	1	0.251340	0.254368	0.237405	0.256887	0.385457	0.728939	0.777836	0.719937	0.146447	0.748090	0.197454	0.598959	
3039000	-460.588052	1	3950	0.642659	0.040068	0.642659	0.642659	0.642659	0.642659	0.642659	0.000000	1	0.245364	0.249984	0.249981	0.254671	0.003865	0.940840	0.623530	0.094849	0.173555	0.476594	0.999681	0.791979	
3040000	-463.932490	1	1591	0.474138	0.024937	0.474138	0.474138	0.474138	0.474138	0.474138	0.000000	1	0.227997	0.250573	0.248876	0.272554	0.191891	0.496274	0.261479	0.031984	0.376212	0.678612	0.731141	0.864253	
3041000	-460.924660	1	404	0.654829	0.000000	0.654829	0.654829	0.654829	0.654829	0.654829	0.031947	1	0.238921	0.250036	0.249966	0.261077	0.715645	0.424398	0.765473	0.559451	0.087182	0.330515	0.152165	0.082238	
3042000	-465.325896	1	1801	0.923989	0.004974	0.923989	0.923989	0.004974	0.000000	0.923989	0.004974	1	0.331653	0.334160	0.000030	0.334157	0.657292	0.633589	0.140875	0.914385	0.932003	0.574436	0.587550	0.458208	
3043000	-460.946463	1	3634	0.666482	0.059902	0.666482	0.666482	0.666482	0.666482	0.666482	0.000000	1	0.246382	0.249995	0.249902	0.253721	0.482608	0.318384	0.972006	0.981489	0.222406	0.135689	0.242130	0.053968	
3044000	-461.873699	1	56	0.598912	0.031729	0.598912	0.598912	0.598912	0.000000	0.598912	0.000000	1	0.251470	0.281477	0.156852	0.310200	0.012931	0.857551	0.985470	0.122273	0.517664	0.762154	0.285549	0.327600	
3045000	-461.416273	1	2647	0.748816	0.052904	0.748816	0.748816	0.748816	0.748816	0.748816	0.000000	1	0.248281	0.249988	0.249988	0.251743	0.469821	0.839397	0.397395	0.764540	0.413485	0.160423	0.303463	0.674439	
3046000	-461.336600	1	3639	0.649556	0.022419	0.649556	0.649556	0.649556	0.000000	0.649556	0.000000	1	0.256422	0.272810	0.182500	0.288268	0.000852	0.031203	0.555395	0.817688	0.538365	0.391514	0.677350	0.969746	
3047000	-462.310512	1	2477	0.703517	0.000000	0.703517	0.703517	0.000000	0.703517	0.703517	0.035511	1	0.255902	0.257394	0.228644	0.258060	0.089496	0.598053	0.318023	0.530701	0.954874	0.913625	0.293469	0.794339	
3048000	-461.814022	1	2479	0.666124	0.012297	0.666124	0.666124	0.666124	0.000000	0.666124	0.000000	1	0.258553	0.269038	0.193378	0.279031	0.440334	0.360042	0.510094	0.556576	0.882582	0.327317	0.397560	0.813305	
3049000	-461.629134	1	969	0.739968	0.000000	0.739968	0.739968	0.739968	0.739968	0.739968	0.028492	1	0.244288	0.250009	0.250028	0.255675	0.177630	0.713979	0.732332	0.238246	0.135952	0.197223	0.763716	0.839008	
3050000	-461.894699	1	2622	0.680084	0.014664	0.680084	0.680084	0.000000	0.014664	0.680084	0.000000	1	0.304527	0.334504	0.000306	0.360662	0.418187	0.505565	0.225916	0.910034	0.260374	0.194321	0.064405	0.295813	
3051000	-460.791989	1	1772	0.696515	0.038690	0.696515	0.696515	0.696515	0.696515	0.696515	0.000000	1	0.247163	0.249978	0.250018	0.252841	0.795235	0.848295	0.133230	0.239707	0.967576	0.615672	0.231983	0.653291	
3052000	-462.015330	1	1358	0.523922	0.035319	0.523922	0.523922	0.523922	0.523922	0.523922	0.000000	1	0.236133	0.250271	0.249255	0.264340	0.158349	0.850097	0.157118	0.508622	0.887810	0.144768	0.289438	0.685977	
3053000	-462.407490	1	3365	0.749176	0.015778	0.749176	0.749176	0.000000	0.000000	0.749176	0.000000	1	0.309995	0.334733	0.000000	0.355273	0.535683	0.925583	0.626175	0.061087	0.354341	0.381874	0.668750	0.002098	
3054000	-460.554321	1	3972	0.610927	0.017828	0.610927	0.610927	0.610927	0.610927	0.610927	0.017828	1	0.238525	0.250035	0.249744	0.261696	0.808822	0.386522	0.110443	0.906891	0.464034	0.641781	0.946502	0.923416	
3055000	-461.062243	1	1974	0.681082	0.006727	0.681082	0.681082	0.006727	0.681082	0.681082	0.006727	1	0.248181	0.254529	0.236585	0.260705	0.589855	0.198106	0.392993	0.197261	0.433114	0.345597	0.820610	0.860755	
3056000	-461.079706	1	2753	0.703954	0.057984	0.703954	0.703954	0.703954	0.703954	0.703954	0.000000	1	0.247433	0.249988	0.249957	0.252623	0.815667	0.205915	0.201863	0.440857	0.199126	0.910966	0.143327	0.371297	
3057000	-461.153349	1	2749	0.558896	0.019907	0.558896	0.558896	0.558896	0.558896	0.558896	0.019907	1	0.232873	0.250195	0.249117	0.267815	0.988983	0.952256	0.667768	0.817697	0.189527	0.825947	0.574081	0.689188	
3058000	-461.163303	1	211	0.706302	0.060738	0.706302	0.706302	0.706302	0.706302	0.706302	0.000000	1	0.247496	0.249988	0.249953	0.252563	0.914195	0.340752	0.995195	0.911674	0.065186	0.459973	0.372285	0.916311	
3059000	-461.448610	1	1	0.560169	0.000000	0.560169	0.560169	0.560169	0.560169	0.560169	0.024928	1	0.226440	0.250045	0.249498	0.274017	0.243893	0.068773	0.501731	0.394297	0.056255	0.904235	0.008184	0.055581	
3060000	-462.210058	1	1322	0.690708	0.012215	0.690708	0.690708	0.690708	0.690708	0.690708	0.000000	1	0.246714	0.249850	0.250458	0.252978	0.115733	0.981976	0.459996	0.354810	0.914044	0.846107	0.715267	0.412517	
3061000	-461.011505	1	1604	0.651861	0.014379	0.651861	0.651861	0.651861	0.000000	0.651861	0.014379	1	0.259344	0.271283	0.187867	0.281506	0.214776	0.492671	0.154744	0.860389	0.723033	0.798579	0.530952	0.211083	
3062000	-461.753386	1	2661	0.620578	0.000000	0.620578	0.620578	0.020082	0.620578	0.620578	0.020082	1	0.248179	0.257775	0.227371	0.266675	0.345727	0.787025	0.367364	0.966518	0.346171	0.244489	0.919542	0.196348	
3063000	-461.147446	1	39	0.569664	0.044805	0.569664	0.569664	0.569664	0.569664	0.569664	0.000000	1	0.240984	0.250107	0.249581	0.259328	0.655665	0.315870	0.307167	0.777528	0.559447	0.755123	0.482646	0.680849	
3064000	-461.049738	1	3672	0.656527	0.029081	0.656527	0.656527	0.656527	0.656527	0.656527	0.029081	1	0.242781	0.250038	0.249837	0.257344	0.569319	0.066049	0.353527	0.175491	0.399197	0.021246	0.373688	0.932119	
3065000	-460.587877	1	1173	0.638864	0.039412	0.638864	0.638864	0.638864	0.638864	0.638864	0.000000	1	0.245194	0.249984	0.249983	0.254840	0.849510	0.380092	0.576071	0.505902	0.364080	0.327711	0.886682	0.970349	
3066000	-461.618264	1	1162	0.677741	0.000000	0.677741	0.677741	0.019702	0.677741	0.677741	0.019702	1	0.248521	0.254666	0.236379	0.260433	0.951574	0.020534	0.051781	0.961112	0.690718	0.045390	0.043099	0.264187	
3067000	-460.787482	1	155	0.620366	0.011950	0.620366	0.620366	0.011950	0.620366	0.620366	0.011950	1	0.248564	0.258503	0.225181	0.267752	0.077954	0.322717	0.870859	0.325916	0.522366	0.491663	0.238088	0.043892	
3068000	-461.195374	1	3030	0.656260	0.016921	0.656260	0.656260	0.656260	0.016921	0.656260	0.016921	1	0.257737	0.269264	0.194033	0.278965	0.248881	0.472758	0.676301	0.827698	0.432010	0.838138	0.203806	0.305532	
3069000	-461.573011	1	688	0.688811	0.022445	0.688811	0.688811	0.022445	0.688811	0.688811	0.022445	1	0.250852	0.255531	0.234183	0.259433	0.508301	0.914444	0.747442	0.587133	0.187502	0.502315	0.687956	0.830064	
3070000	-460.849438	1	796	0.588353	0.037667	0.588353	0.588353	0.588353	0.588353	0.588353	0.000000	1	0.242322	0.250023	0.249874	0.257780	0.421138	0.755621	0.991177	0.495295	0.495539	0.190628	0.699041	0.785470	
3071000	-460.894873	1	2007	0.677827	0.009864	0.677827	0.677827	0.677827	0.000000	0.677827	0.009864	1	0.258926	0.268131	0.196560	0.276383	0.025115	0.191654	0.472401	0.749709	0.137393	0.155527	0.111027	0.470413	
3072000	-462.202316	1	3871	0.654058	0.000000	0.654058	0.654058	0.000000	0.654058	0.654058	0.010216	1	0.245168	0.254931	0.235350	0.264551	0.547901	0.621189	0.976418	0.533897	0.274609	0.125763	0.107352	0.806949	
3073000	-462.561802	1	3298	0.644724	0.000000	0.644724	0.644724	0.010513	0.000000	0.644724	0.010513	1	0.333368	0.334724	0.000132	0.331777	0.928915	0.938654	0.211982	0.871769	0.077816	0.763475	0.036494	0.202392	
3074000	-460.739513	1	3642	0.679695	0.032333	0.679695	0.679695	0.679695	0.679695	0.679695	0.000000	1	0.246645	0.249966	0.250064	0.253325	0.197125	0.594876	0.462666	0.583783	0.441045	0.799712	0.992418	0.742590	
3075000	-462.163398	1	3014	0.648855	0.003596	0.648855	0.648855	0.000000	0.000000	0.648855	0.003596	1	0.320247	0.334238	0.000000	0.345515	0.912516	0.438927	0.254937	0.915912	0.814836	0.017384	0.714914	0.341454	
3076000	-460.929623	1	651	0.658903	0.016661	0.658903	0.658903	0.016661	0.658903	0.658903	0.016661	1	0.250054	0.256685	0.230677	0.262584	0.087310	0.624989	0.025881	0.980629	0.292284	0.400219	0.884789	0.683503	
3077000	-463.044607	1	470	0.533788	0.028928	0.533788	0.533788	0.533788	0.000000	0.533788	0.000000	1	0.245041	0.291078	0.127181	0.336700	0.377215	0.358541	0.928723	0.272546	0.122333	0.089453	0.381921	0.798924	
3078000	-460.611847	1	2501	0.661428	0.039797	0.661428	0.661428	0.661428	0.661428	0.661428	0.000000	1	0.246097	0.249980	0.250000	0.253923	0.116061	0.603475	0.164531	0.265184	0.331164	0.374679	0.627076	0.669475	
3079000	-461.887408	1	3954	0.532487	0.045063	0.532487	0.532487	0.532487	0.532487	0.532487	0.000000	1	0.237342	0.250308	0.249009	0.263341	0.941425	0.585944	0.364761	0.655106	0.348506	0.383474	0.315558	0.157575	
3080000	-460.584896	1	2412	0.665052	0.019832	0.665052	0.665052	0.665052	0.665052	0.665052	0.019832	1	0.242757	0.250008	0.249915	0.257320	0.688746	0.084519	0.793973	0.491262	0.439624	0.901380	0.028907	0.540321	
3081000	-460.717792	1	2050	0.604585	0.039813	0.604585	0.604585	0.604585	0.604585	0.604585	0.000000	1	0.243413	0.250010	0.249899	0.256678	0.446208	0.474370	0.512324	0.504279	0.666450	0.193837	0.927143	0.623282	
3082000	-462.057836	1	1258	0.531293	0.051351	0.531293	0.531293	0.531293	0.531293	0.531293	0.000000	1	0.237279	0.250355	0.248795	0.263570	0.065652	0.273542	0.462576	0.503704	0.845479	0.042315	0.050236	0.599830	
3083000	-460.975654	1	414	0.624962	0.008332	0.624962	0.624962	0.624962	0.000000	0.624962	0.008332	1	0.259957	0.274212	0.178446	0.287385	0.669654	0.494907	0.114172	0.959245	0.895511	0.767116	0.941614	0.812428	
3084000	-462.391632	1	1283	0.560956	0.032133	0.560956	0.560956	0.560956	0.032133	0.560956	0.000000	1	0.245599	0.282375	0.153690	0.318337	0.200052	0.360278	0.424668	0.822915	0.107408	0.653417	0.725123	0.327519	
3085000	-461.848714	1	1038	0.593733	0.016884	0.593733	0.593733	0.593733	0.000000	0.593733	0.000000	1	0.257141	0.279273	0.162981	0.300604	0.825498	0.608836	0.481820	0.831391	0.823821	0.801413	0.204817	0.793956	
3086000	-461.671483	1	823	0.763915	0.029944	0.763915	0.763915	0.763915	0.763915	0.763915	0.000000	1	0.248424	0.249982	0.250033	0.251561	0.029354	0.573750	0.583228	0.319715	0.581249	0.655180	0.298553	0.527161	
3087000	-461.755154	1	3049	0.633061	0.006633	0.633061	0.633061	0.000000	0.006633	0.633061	0.006633	1	0.318246	0.335052	0.000060	0.346642	0.181353	0.042059	0.639654	0.448570	0.203866	0.101765	0.129182	0.534269	
3088000	-461.177902	1	2934	0.586052	0.008539	0.586052	0.586052	0.000000	0.586052	0.586052	0.008539	1	0.247129	0.261188	0.217054	0.274629	0.392027	0.146489	0.699542	0.129274	0.879477	0.231241	0.860563	0.599106	
3089000	-460.890034	1	1079	0.707873	0.037199	0.707873	0.707873	0.707873	0.707873	0.707873	0.000000	1	0.247434	0.249978	0.250024	0.252564	0.862954	0.008132	0.118284	0.848965	0.049427	0.290386	0.955360	0.162505	
3090000	-461.339622	1	2994	0.570965	0.000000	0.570965	0.570965	0.570965	0.570965	0.570965	0.032630	1	0.229036	0.250153	0.249462	0.271350	0.845526	0.477437	0.603318	0.026266	0.558232	0.128691	0.162793	0.764514	
3091000	-462.162629	1	2571	0.766547	0.032353	0.766547	0.766547	0.766547	0.766547	0.766547	0.032353	1	0.247190	0.250003	0.249981	0.252826	0.519015	0.493255	0.670328	0.482812	0.877848	0.574048	0.713335	0.225542	
3092000	-461.542121	1	2222	0.544566	0.040258	0.544566	0.544566	0.544566	0.544566	0.544566	0.000000	1	0.238586	0.250189	0.249397	0.261828	0.745773	0.151583	0.180471	0.882972	0.031556	0.480465	0.099490	0.593871	
3093000	-461.569276	1	567	0.564140	0.008901	0.564140	0.564140	0.564140	0.000000	0.564140	0.008901	1	0.258908	0.282826	0.153073	0.305193	0.951352	0.423047	0.526728	0.443048	0.098623	0.324231	0.709568	0.496131	
3094000	-462.042371	1	1673	0.609597	0.009039	0.609597	0.609597	0.000000	0.009039	0.609597	0.009039	1	0.315030	0.335786	0.000113	0.349071	0.153048	0.319300	0.471952	0.082704	0.195627	0.240603	0.389608	0.080642	
3095000	-462.156191	1	891	0.608285	0.043364	0.608285	0.608285	0.608285	0.043364	0.608285	0.000000	1	0.245866	0.276018	0.173215	0.304900	0.017004	0.801492	0.686317	0.645385	0.970556	0.197780	0.736561	0.313277	
3096000	-460.639368	1	3201	0.621566	0.041829	0.621566	0.621566	0.621566	0.621566	0.621566	0.000000	1	0.244387	0.250000	0.249922	0.255691	0.374464	0.214510	0.907328	0.160399	0.948641	0.331991	0.330936	0.933123	
3097000	-461.970808	1	2835	0.549923	0.000000	0.549923	0.549923	0.549923	0.549923	0.549923	0.015671	1	0.223363	0.249740	0.249979	0.276917	0.684268	0.050651	0.751595	0.812826	0.792732	0.682448	0.780656	0.908917	
3098000	-460.964967	1	1329	0.646642	0.000000	0.646642	0.646642	0.646642	0.646642	0.646642	0.035711	1	0.238387	0.250060	0.249930	0.261624	0.387622	0.380068	0.171110	0.743291	0.161976	0.898640	0.983309	0.429653	
3099000	-461.813052	1	743	0.676280	0.021392	0.676280	0.676280	0.676280	0.000000	0.676280	0.021392	1	0.258604	0.268839	0.195701	0.276856	0.639464	0.183571	0.031837	0.257452	0.765685	0.894131	0.907087	0.017686	
3100000	-461.840781	1	3884	0.538465	0.024495	0.538465	0.538465	0.538465	0.538465	0.538465	0.000000	1	0.237494	0.249954	0.250279	0.262273	0.408853	0.641159	0.082730	0.226378	0.473242	0.062222	0.742465	0.726642	
3101000	-462.933239	1	536	0.583052	0.007079	0.583052	0.583052	0.007079	0.007079	0.583052	0.000000	1	0.302599	0.333857	0.000244	0.363299	0.396116	0.909788	0.807964	0.272678	0.083991	0.858292	0.676530	0.034147	
3102000	-460.901971	1	2590	0.676436	0.025759	0.676436	0.676436	0.676436	0.676436	0.676436	0.000000	1	0.246481	0.249946	0.250142	0.253432	0.537932	0.775725	0.234115	0.559802	0.286560	0.936707	0.916337	0.886807	
3103000	-461.956157	1	2563	0.756724	0.071775	0.756724	0.756724	0.756724	0.756724	0.756724	0.000000	1	0.248442	0.249988	0.249971	0.251599	0.570189	0.387300	0.308734	0.751248	0.716378	0.669062	0.602380	0.243684	
3104000	-460.779831	1	806	0.606585	0.029317	0.606585	0.606585	0.606585	0.606585	0.606585	0.000000	1	0.243385	0.249949	0.250137	0.256530	0.293956	0.629819	0.548363	0.594342	0.059602	0.406754	0.119041	0.513005	
3105000	-462.102775	1	3986	0.695826	0.048519	0.695826	0.695826	0.695826	0.048519	0.695826	0.000000	1	0.249577	0.266165	0.202708	0.281551	0.223605	0.422773	0.913041	0.044304	0.819301	0.007913	0.431787	0.954760	
3106000	-461.127767	1	2876	0.596063	0.009035	0.596063	0.596063	0.596063	0.009035	0.596063	0.009035	1	0.258884	0.277072	0.170105	0.293938	0.923155	0.356973	0.359291	0.539920	0.280186	0.330865	0.165336	0.112795	
3107000	-461.592470	1	2806	0.554418	0.000000	0.554418	0.554418	0.554418	0.554418	0.554418	0.032299	1	0.226280	0.250204	0.249214	0.274302	0.010996	0.675053	0.508504	0.469379	0.982462	0.723023	0.650745	0.893691	
3108000	-461.247992	1	1534	0.587077	0.058825	0.587077	0.587077	0.587077	0.587077	0.587077	0.000000	1	0.242431	0.250091	0.249538	0.257940	0.506281	0.774839	0.587373	0.868020	0.099927	0.890509	0.807553	0.585055	
3109000	-462.817684	1	497	0.626539	0.005888	0.626539	0.626539	0.000000	0.000000	0.626539	0.000000	1	0.311472	0.333920	0.000000	0.354608	0.307319	0.762736	0.704066	0.837777	0.770066	0.443016	0.748787	0.314519	
3110000	-460.792171	1	3738	0.680353	0.029924	0.680353	0.680353	0.680353	0.680353	0.680353	0.000000	1	0.246645	0.249961	0.250086	0.253309	0.472797	0.978751	0.459622	0.778556	0.917830	0.272094	0.840254	0.966452	
3111000	-461.494688	1	3452	0.633526	0.018548	0.633526	0.633526	0.633526	0.000000	0.633526	0.018548	1	0.259375	0.273777	0.181224	0.285624	0.234916	0.359577	0.820058	0.095927	0.058909	0.810986	0.287329	0.428456	
3112000	-462.784390	1	316	0.804941	0.000000	0.804941	0.804941	0.028942	0.804941	0.804941	0.028942	1	0.249912	0.251522	0.245586	0.252981	0.663046	0.525714	0.517115	0.220455	0.034011	0.969239	0.962546	0.593574	
3113000	-460.625777	1	520	0.655245	0.033556	0.655245	0.655245	0.655245	0.655245	0.655245	0.000000	1	0.245815	0.249966	0.250058	0.254161	0.799682	0.838277	0.365300	0.366356	0.464556	0.679379	0.215273	0.113756	
3114000	-461.117475	1	3584	0.601574	0.027770	0.601574	0.601574	0.601574	0.601574	0.601574	0.027770	1	0.238566	0.250118	0.249532	0.261784	0.098585	0.235815	0.541967	0.850865	0.945454	0.517370	0.605461	0.949813	
3115000	-461.553369	1	119	0.568705	0.019758	0.568705	0.568705	0.568705	0.568705	0.568705	0.000000	1	0.240311	0.249775	0.250769	0.259145	0.865902	0.350850	0.669674	0.266899	0.755969	0.515812	0.211394	0.054415	
3116000	-461.235235	1	2467	0.573336	0.025229	0.573336	0.573336	0.573336	0.573336	0.573336	0.025229	1	0.235362	0.250193	0.249232	0.265214	0.419919	0.290902	0.852759	0.775538	0.778452	0.833622	0.431645	0.957210	
3117000	-462.493682	1	1852	0.621678	0.047720	0.621678	0.621678	0.621678	0.000000	0.621678	0.000000	1	0.247578	0.281012	0.158731	0.312679	0.646805	0.237926	0.334266	0.450894	0.424060	0.600132	0.531240	0.531408	
3118000	-461.322338	1	920	0.592964	0.000000	0.592964	0.592964	0.592964	0.592964	0.592964	0.017479	1	0.230893	0.249865	0.250079	0.269163	0.129401	0.387637	0.396438	0.469373	0.001422	0.756816	0.750663	0.683083	
3119000	-461.926999	1	3275	0.658653	0.038986	0.658653	0.658653	0.658653	0.658653	0.658653	0.038986	1	0.243438	0.250053	0.249814	0.256695	0.506592	0.823422	0.159443	0.060583	0.709980	0.794615	0.668064	0.000387	
3120000	-460.508456	1	705	0.653787	0.016856	0.653787	0.653787	0.653787	0.653787	0.653787	0.016856	1	0.241857	0.249998	0.249924	0.258221	0.838418	0.448440	0.084600	0.819388	0.733973	0.554123	0.985615	0.362486	
3121000	-461.745942	1	1489	0.600942	0.031737	0.600942	0.600942	0.600942	0.031737	0.600942	0.000000	1	0.249687	0.276733	0.170895	0.302685	0.171212	0.840238	0.536786	0.796641	0.731173	0.599097	0.268016	0.398261	
3122000	-461.097956	1	1530	0.686174	0.000000	0.686174	0.686174	0.686174	0.686174	0.686174	0.034060	1	0.241424	0.250032	0.249999	0.258545	0.814956	0.173482	0.509282	0.316146	0.662551	0.029945	0.061488	0.098601	
3123000	-461.482557	1	1024	0.759486	0.016891	0.759486	0.759486	0.759486	0.759486	0.759486	0.016891	1	0.246625	0.249994	0.250003	0.253379	0.016214	0.309250	0.171230	0.591606	0.861037	0.781489	0.674933	0.383164	
3124000	-461.122066	1	99	0.681201	0.006417	0.681201	0.681201	0.006417	0.681201	0.681201	0.006417	1	0.248072	0.254442	0.236832	0.260654	0.812505	0.828833	0.834180	0.811804	0.709218	0.689566	0.402783	0.485834	
3125000	-461.101105	1	42	0.662152	0.065488	0.662152	0.662152	0.662152	0.662152	0.662152	0.000000	1	0.246255	0.249998	0.249873	0.253874	0.233677	0.264314	0.442597	0.929292	0.842385	0.362469	0.969285	0.808181	
3126000	-460.958910	1	200	0.701825	0.023982	0.701825	0.701825	0.701825	0.701825	0.701825	0.023982	1	0.244837	0.250007	0.249950	0.255207	0.057414	0.492992	0.988151	0.532068	0.449437	0.290747	0.182043	0.282612	
3127000	-461.217809	1	3944	0.581550	0.008829	0.581550	0.581550	0.000000	0.581550	0.581550	0.008829	1	0.247030	0.261585	0.215917	0.275467	0.012643	0.171708	0.849491	0.057505	0.500034	0.480238	0.428806	0.413543	
3128000	-461.048486	1	193	0.684533	0.014281	0.684533	0.684533	0.684533	0.000000	0.684533	0.014281	1	0.258624	0.267654	0.198400	0.275321	0.750587	0.460408	0.509279	0.426147	0.227523	0.513883	0.488279	0.547588	
3129000	-461.796270	1	3508	0.578621	0.032723	0.578621	0.578621	0.578621	0.578621	0.578621	0.032723	1	0.236766	0.250223	0.249221	0.263790	0.737145	0.134437	0.186745	0.438486	0.576412	0.840206	0.983094	0.925811	
3130000	-462.238196	1	189	0.511636	0.019577	0.511636	0.511636	0.511636	0.511636	0.511636	0.019577	1	0.225221	0.250554	0.247777	0.276449	0.799871	0.953923	0.088658	0.859126	0.348252	0.857302	0.797283	0.899445	
3131000	-461.286672	1	233	0.652145	0.025590	0.652145	0.652145	0.652145	0.025590	0.652145	0.000000	1	0.253923	0.270105	0.190584	0.285388	0.795415	0.264511	0.242353	0.268279	0.595206	0.142666	0.111337	0.363821	
3132000	-461.008928	1	3806	0.675944	0.017467	0.675944	0.675944	0.017467	0.675944	0.675944	0.017467	1	0.250260	0.255906	0.232943	0.260891	0.676219	0.600019	0.282732	0.413949	0.254911	0.293999	0.896218	0.432157	
3133000	-461.011505	1	1604	0.651861	0.014379	0.651861	0.651861	0.651861	0.000000	0.651861	0.014379	1	0.259344	0.271283	0.187867	0.281506	0.373971	0.065442	0.912994	0.069810	0.748331	0.029123	0.081947	0.125381	
3134000	-460.853019	1	2440	0.627390	0.014407	0.627390	0.627390	0.014407	0.627390	0.627390	0.014407	1	0.249249	0.258271	0.226007	0.266474	0.417873	0.016873	0.830616	0.732212	0.122797	0.582113	0.617036	0.455763	
3135000	-461.114447	1	1509	0.692332	0.015201	0.692332	0.692332	0.692332	0.015201	0.692332	0.015201	1	0.257256	0.265643	0.204346	0.272755	0.385374	0.314264	0.948122	0.406958	0.721569	0.310996	0.556994	0.575155	
3136000	-463.246092	1	2238	0.816755	0.014338	0.816755	0.816755	0.000000	0.014338	0.816755	0.000000	1	0.316783	0.334446	0.000276	0.348496	0.963982	0.559676	0.195985	0.381122	0.106026	0.648344	0.150858	0.461511	
3137000	-461.204866	1	2084	0.671238	0.068183	0.671238	0.671238	0.671238	0.671238	0.671238	0.000000	1	0.246566	0.249995	0.249885	0.253553	0.592643	0.001694	0.739253	0.559086	0.957783	0.389745	0.236092	0.634108	
3138000	-461.415531	1	1260	0.695576	0.019823	0.695576	0.695576	0.695576	0.000000	0.695576	0.000000	1	0.256651	0.267129	0.199284	0.276935	0.835452	0.711584	0.825452	0.523523	0.004435	0.996790	0.827279	0.983939	
3139000	-461.268650	1	3764	0.559736	0.030919	0.559736	0.559736	0.559736	0.559736	0.559736	0.000000	1	0.239879	0.250026	0.249947	0.260149	0.732135	0.691785	0.065560	0.347411	0.128161	0.639216	0.753942	0.008211	
3140000	-461.407408	1	1630	0.635231	0.005355	0.635231	0.635231	0.635231	0.000000	0.635231	0.005355	1	0.259975	0.272682	0.182542	0.284800	0.704469	0.340161	0.352372	0.242251	0.880439	0.579150	0.934804	0.329556	
3141000	-461.008136	1	2924	0.632375	0.007645	0.632375	0.632375	0.632375	0.000000	0.632375	0.007645	1	0.259922	0.273223	0.181268	0.285587	0.438428	0.659856	0.650229	0.710826	0.431803	0.199936	0.095116	0.315092	
3142000	-460.662707	1	1532	0.640033	0.047605	0.640033	0.640033	0.640033	0.640033	0.640033	0.000000	1	0.245309	0.249998	0.249911	0.254782	0.436648	0.361205	0.876081	0.061614	0.423684	0.183451	0.878531	0.298024	
3143000	-463.083911	1	3608	0.752097	0.000000	0.752097	0.752097	0.011106	0.000000	0.752097	0.011106	1	0.338746	0.334452	0.000152	0.326650	0.420559	0.930150	0.402532	0.143446	0.132227	0.927102	0.717623	0.815083	
3144000	-460.617765	1	1785	0.648003	0.044271	0.648003	0.648003	0.648003	0.648003	0.648003	0.000000	1	0.245619	0.249990	0.249951	0.254440	0.473429	0.053606	0.286080	0.863096	0.060339	0.639840	0.392826	0.193765	
3145000	-461.260595	1	844	0.604095	0.006820	0.604095	0.604095	0.604095	0.000000	0.604095	0.006820	1	0.260062	0.276851	0.170374	0.292713	0.677722	0.832544	0.939032	0.794704	0.537342	0.680352	0.733654	0.081220	
3146000	-461.486489	1	2061	0.591498	0.067408	0.591498	0.591498	0.591498	0.591498	0.591498	0.000000	1	0.242774	0.250088	0.249500	0.257638	0.803687	0.502299	0.609493	0.752160	0.816081	0.054972	0.881708	0.570995	
3147000	-461.451720	1	1157	0.704918	0.028420	0.704918	0.704918	0.704918	0.000000	0.704918	0.000000	1	0.255203	0.267431	0.198625	0.278741	0.055274	0.453034	0.608539	0.968864	0.530380	0.519396	0.281690	0.792710	
3148000	-461.028200	1	323	0.666149	0.000000	0.666149	0.666149	0.666149	0.666149	0.666149	0.036418	1	0.240061	0.250049	0.249968	0.259922	0.025691	0.301607	0.504179	0.481317	0.176972	0.710798	0.557389	0.570721	
3149000	-460.903040	1	138	0.677222	0.009248	0.677222	0.677222	0.677222	0.009248	0.677222	0.009248	1	0.258200	0.267336	0.198839	0.275625	0.500149	0.638290	0.757075	0.990668	0.801778	0.718620	0.815258	0.478532	
3150000	-461.128115	1	3816	0.641408	0.066196	0.641408	0.641408	0.641408	0.641408	0.641408	0.000000	1	0.245461	0.250011	0.249810	0.254719	0.732741	0.039098	0.625335	0.530376	0.912631	0.346752	0.812154	0.871622	
3151000	-460.800814	1	3056	0.587370	0.012292	0.587370	0.587370	0.587370	0.587370	0.587370	0.012292	1	0.235454	0.249979	0.249802	0.264765	0.323145	0.231355	0.071994	0.069254	0.751307	0.317362	0.212141	0.145102	
3152000	-460.571300	1	897	0.667110	0.015406	0.667110	0.667110	0.667110	0.667110	0.667110	0.015406	1	0.242617	0.249988	0.249967	0.257428	0.252924	0.448641	0.652823	0.100363	0.538326	0.015720	0.166566	0.132334	
3153000	-460.755584	1	2275	0.583425	0.017541	0.583425	0.583425	0.583425	0.583425	0.583425	0.017541	1	0.235639	0.250079	0.249533	0.264750	0.774054	0.048264	0.415053	0.437747	0.637619	0.767132	0.016122	0.178467	
3154000	-461.547307	1	3322	0.731489	0.000000	0.731489	0.731489	0.731489	0.731489	0.731489	0.035948	1	0.244075	0.250024	0.250017	0.255883	0.977607	0.941754	0.602537	0.411153	0.220379	0.726116	0.201566	0.613878	
3155000	-460.710110	1	1436	0.649580	0.011257	0.649580	0.649580	0.649580	0.649580	0.649580	0.011257	1	0.241161	0.249952	0.250040	0.258847	0.583488	0.284700	0.319332	0.364035	0.586021	0.432823	0.632223	0.826871	
3156000	-461.408846	1	3526	0.653878	0.032332	0.653878	0.653878	0.653878	0.032332	0.653878	0.000000	1	0.252044	0.270172	0.190543	0.287241	0.187955	0.583087	0.326163	0.690282	0.995433	0.254180	0.490628	0.700723	
3157000	-461.890219	1	2053	0.669255	0.000000	0.669255	0.669255	0.000000	0.669255	0.669255	0.028408	1	0.254232	0.258201	0.226249	0.261317	0.598940	0.334366	0.487037	0.112057	0.590441	0.494512	0.338391	0.938716	
3158000	-460.921536	1	1050	0.634635	0.058931	0.634635	0.634635	0.634635	0.634635	0.634635	0.000000	1	0.245135	0.250013	0.249821	0.255031	0.587869	0.188742	0.780305	0.721954	0.179077	0.622797	0.449142	0.125510	
3159000	-462.513230	1	2045	0.565141	0.082706	0.565141	0.565141	0.565141	0.565141	0.565141	0.000000	1	0.240784	0.250187	0.249034	0.259995	0.712519	0.230667	0.685018	0.238109	0.625110	0.656569	0.007801	0.251144	
3160000	-461.027783	1	2537	0.592325	0.024636	0.592325	0.592325	0.592325	0.592325	0.592325	0.000000	1	0.242351	0.249898	0.250327	0.257424	0.213314	0.109566	0.566384	0.438393	0.402749	0.863928	0.241289	0.513247	
3161000	-460.754790	1	3832	0.603163	0.031981	0.603163	0.603163	0.603163	0.603163	0.603163	0.000000	1	0.243219	0.249970	0.250060	0.256751	0.597874	0.143808	0.144239	0.505783	0.832267	0.992854	0.339275	0.912908	
3162000	-460.705947	1	2750	0.655700	0.029217	0.655700	0.655700	0.655700	0.655700	0.655700	0.000000	1	0.245787	0.249951	0.250116	0.254146	0.491772	0.919357	0.577712	0.690993	0.680114	0.563656	0.071849	0.471625	
3163000	-462.078504	1	3354	0.709796	0.000000	0.709796	0.709796	0.000000	0.709796	0.709796	0.030817	1	0.253977	0.256334	0.231639	0.258051	0.157724	0.808873	0.230376	0.730989	0.279904	0.905014	0.662328	0.340771	
3164000	-462.116761	1	3509	0.597062	0.004885	0.597062	0.597062	0.597062	0.597062	0.597062	0.004885	1	0.235424	0.249574	0.250996	0.264007	0.421765	0.272403	0.592594	0.118665	0.387006	0.529653	0.649285	0.370105	
3165000	-460.705947	1	2750	0.655700	0.029217	0.655700	0.655700	0.655700	0.655700	0.655700	0.000000	1	0.245787	0.249951	0.250116	0.254146	0.883947	0.105140	0.356220	0.302555	0.410667	0.944932	0.159163	0.476514	
3166000	-460.611847	1	2501	0.661428	0.039797	0.661428	0.661428	0.661428	0.661428	0.661428	0.000000	1	0.246097	0.249980	0.250000	0.253923	0.169815	0.752785	0.747063	0.350379	0.047127	0.716602	0.090163	0.534187	
3167000	-460.944015	1	1199	0.636547	0.059895	0.636547	0.636547	0.636547	0.636547	0.636547	0.000000	1	0.245225	0.250012	0.249822	0.254941	0.681416	0.678471	0.607212	0.808318	0.701406	0.472105	0.110261	0.410862	
3168000	-461.500315	1	3665	0.635477	0.017160	0.635477	0.635477	0.635477	0.000000	0.635477	0.000000	1	0.257754	0.273633	0.179864	0.288749	0.000403	0.639336	0.570772	0.325131	0.113789	0.934927	0.044954	0.882086	
3169000	-460.731112	1	2091	0.686706	0.042268	0.686706	0.686706	0.686706	0.686706	0.686706	0.000000	1	0.246919	0.249981	0.249998	0.253102	0.692286	0.480313	0.439445	0.204274	0.356385	0.601569	0.880291	0.129613	
3170000	-460.905097	1	1598	0.605134	0.009786	0.605134	0.605134	0.009786	0.605134	0.605134	0.009786	1	0.247550	0.259247	0.222860	0.270344	0.886642	0.681126	0.096013	0.698376	0.385656	0.056218	0.423033	0.798130	
3171000	-461.029125	1	3439	0.632743	0.007389	0.632743	0.632743	0.632743	0.007389	0.632743	0.007389	1	0.259217	0.272375	0.183737	0.284672	0.459103	0.476237	0.677291	0.676942	0.181988	0.233577	0.559617	0.107837	
3172000	-461.782524	1	2217	0.553883	0.014534	0.553883	0.553883	0.014534	0.553883	0.553883	0.014534	1	0.246378	0.263401	0.211342	0.278879	0.296117	0.408627	0.784390	0.095133	0.868787	0.583969	0.211615	0.078312	
3173000	-461.489451	1	2716	0.568404	0.000000	0.568404	0.568404	0.568404	0.568404	0.568404	0.037234	1	0.229096	0.250221	0.249367	0.271316	0.214895	0.092298	0.539029	0.357412	0.011860	0.930737	0.128537	0.304457	
3174000	-461.799700	1	2587	0.755046	0.021927	0.755046	0.755046	0.755046	0.000000	0.755046	0.000000	1	0.255183	0.261995	0.214531	0.268291	0.050773	0.019826	0.582147	0.465593	0.428196	0.845229	0.781492	0.897439	
3175000	-461.676021	1	533	0.633744	0.034567	0.633744	0.633744	0.633744	0.000000	0.633744	0.000000	1	0.252639	0.277012	0.170370	0.299979	0.958538	0.934545	0.989752	0.141308	0.249007	0.526365	0.975686	0.443065	
3176000	-463.353026	1	835	0.708872	0.116015	0.708872	0.708872	0.708872	0.708872	0.708872	0.000000	1	0.247639	0.249980	0.249887	0.252494	0.806028	0.581283	0.107128	0.330872	0.943440	0.145968	0.073508	0.306610	
3177000	-460.928566	1	1076	0.614967	0.000000	0.614967	0.614967	0.614967	0.614967	0.614967	0.029875	1	0.234769	0.250047	0.249858	0.265325	0.812448	0.022019	0.775189	0.676369	0.495663	0.266202	0.224723	0.343002	
3178000	-460.901495	1	3095	0.603380	0.051803	0.603380	0.603380	0.603380	0.603380	0.603380	0.000000	1	0.243450	0.250044	0.249733	0.256773	0.764921	0.486540	0.350943	0.121737	0.997666	0.883515	0.507381	0.072247	
3179000	-461.171531	1	3379	0.733469	0.034981	0.733469	0.733469	0.733469	0.733469	0.733469	0.000000	1	0.247954	0.249980	0.250028	0.252038	0.980318	0.670355	0.734161	0.486511	0.544399	0.690906	0.673336	0.508820	
3180000	-463.914396	1	115	0.524671	0.000000	0.524671	0.524671	0.009845	0.524671	0.524671	0.009845	1	0.235442	0.262900	0.211340	0.290317	0.736986	0.124215	0.908307	0.517671	0.634435	0.613029	0.824172	0.670596	
3181000	-461.124109	1	2941	0.600300	0.027722	0.600300	0.600300	0.600300	0.600300	0.600300	0.027722	1	0.238443	0.250121	0.249521	0.261915	0.101516	0.221680	0.754137	0.275938	0.872883	0.669655	0.310715	0.612112	
3182000	-461.729009	1	3103	0.646968	0.020656	0.646968	0.646968	0.646968	0.000000	0.646968	0.020656	1	0.259151	0.272205	0.186007	0.282637	0.910502	0.791885	0.152963	0.874190	0.993754	0.408675	0.384137	0.302482	
3183000	-460.508456	1	705	0.653787	0.016856	0.653787	0.653787	0.653787	0.653787	0.653787	0.016856	1	0.241857	0.249998	0.249924	0.258221	0.529823	0.865260	0.433507	0.799202	0.409665	0.290341	0.902504	0.864968	
3184000	-460.643641	1	766	0.617240	0.039389	0.617240	0.617240	0.617240	0.617240	0.617240	0.000000	1	0.244134	0.249996	0.249943	0.255927	0.698934	0.537104	0.603453	0.232928	0.132024	0.015025	0.504552	0.517098	
3185000	-460.754790	1	3832	0.603163	0.031981	0.603163	0.603163	0.603163	0.603163	0.603163	0.000000	1	0.243219	0.249970	0.250060	0.256751	0.628793	0.244950	0.395253	0.267589	0.168105	0.803496	0.218631	0.192902	
3186000	-460.837024	1	896	0.591529	0.041343	0.591529	0.591529	0.591529	0.591529	0.591529	0.000000	1	0.242590	0.250036	0.249814	0.257560	0.501747	0.331603	0.147578	0.647944	0.273267	0.574594	0.335747	0.672400	
3187000	-461.879379	1	3707	0.670807	0.016319	0.670807	0.670807	0.016319	0.016319	0.670807	0.000000	1	0.301252	0.334242	0.001261	0.363245	0.833848	0.180392	0.233335	0.485020	0.018727	0.060057	0.630238	0.941257	
3188000	-462.357626	1	2861	0.517938	0.000000	0.517938	0.517938	0.517938	0.517938	0.517938	0.024800	1	0.218009	0.250193	0.248569	0.283229	0.737471	0.320658	0.588221	0.525337	0.913337	0.413091	0.331619	0.092762	
3189000	-461.291858	1	854	0.681750	0.026486	0.681750	0.681750	0.681750	0.026486	0.681750	0.000000	1	0.253958	0.266950	0.199967	0.279125	0.348892	0.104771	0.894595	0.920584	0.491505	0.529084	0.415714	0.850960	
3190000	-460.680707	1	1580	0.674295	0.044245	0.674295	0.674295	0.674295	0.674295	0.674295	0.000000	1	0.246560	0.249984	0.249981	0.253476	0.872618	0.451613	0.645424	0.092067	0.282849	0.100156	0.276176	0.373893	
3191000	-462.561775	1	88	0.603116	0.011890	0.603116	0.603116	0.011890	0.000000	0.603116	0.011890	1	0.313789	0.336624	0.000154	0.349433	0.686425	0.920435	0.495599	0.957273	0.437130	0.394594	0.277290	0.403146	
3192000	-460.665274	1	2250	0.624514	0.045338	0.624514	0.624514	0.624514	0.624514	0.624514	0.000000	1	0.244568	0.250005	0.249891	0.255536	0.877686	0.942278	0.371682	0.451632	0.094236	0.363492	0.680472	0.539585	
3193000	-460.976384	1	494	0.618752	0.011913	0.618752	0.618752	0.618752	0.000000	0.618752	0.011913	1	0.259784	0.275279	0.175875	0.289062	0.286761	0.478528	0.458274	0.800323	0.953422	0.435397	0.783365	0.465712	
3194000	-461.021849	1	294	0.718223	0.048022	0.718223	0.718223	0.718223	0.718223	0.718223	0.000000	1	0.247712	0.249985	0.249989	0.252314	0.688731	0.489676	0.637457	0.115358	0.637877	0.785621	0.420823	0.156533	
3195000	-460.577163	1	3896	0.619689	0.020166	0.619689	0.619689	0.619689	0.619689	0.619689	0.020166	1	0.239516	0.250042	0.249752	0.260690	0.681070	0.375845	0.616715	0.538069	0.848605	0.037403	0.945569	0.867212	
3196000	-461.734977	1	2792	0.770849	0.055018	0.770849	0.770849	0.770849	0.770849	0.770849	0.000000	1	0.248596	0.249989	0.249990	0.251425	0.571379	0.368637	0.201897	0.180869	0.634823	0.240726	0.449233	0.881064	
3197000	-460.854991	1	383	0.660433	0.010223	0.660433	0.660433	0.660433	0.660433	0.660433	0.010223	1	0.241843	0.249943	0.250080	0.258133	0.064042	0.125342	0.935242	0.905090	0.216151	0.518784	0.364533	0.039626	
3198000	-461.468108	1	932	0.621912	0.018340	0.621912	0.621912	0.621912	0.018340	0.621912	0.018340	1	0.257715	0.273256	0.182724	0.286305	0.726055	0.813073	0.493466	0.556344	0.789659	0.024876	0.091741	0.692542	
3199000	-462.746253	1	1933	0.745779	0.003525	0.745779	0.745779	0.000000	0.003525	0.745779	0.003525	1	0.327308	0.334091	0.000016	0.338585	0.266236	0.719907	0.067276	0.957836	0.893113	0.122880	0.868644	0.022244	
3200000	-460.694514	1	2400	0.670544	0.032267	0.670544	0.670544	0.670544	0.670544	0.670544	0.000000	1	0.246351	0.249964	0.250068	0.253616	0.573228	0.424127	0.552331	0.845981	0.766891	0.108846	0.949015	0.399646	
3201000	-461.148202	1	3136	0.727663	0.050686	0.727663	0.727663	0.727663	0.727663	0.727663	0.000000	1	0.247910	0.249986	0.249986	0.252118	0.224165	0.852533	0.783525	0.804262	0.645216	0.854770	0.634783	0.291578	
3202000	-461.192703	1	231	0.573263	0.049973	0.573263	0.573263	0.573263	0.573263	0.573263	0.000000	1	0.241331	0.250114	0.249520	0.259035	0.538094	0.122163	0.705576	0.495503	0.656648	0.874706	0.288832	0.060880	
3203000	-460.956541	1	302	0.581012	0.041861	0.581012	0.581012	0.581012	0.581012	0.581012	0.000000	1	0.241844	0.250060	0.249739	0.258357	0.496450	0.258987	0.491504	0.013116	0.801599	0.083632	0.519713	0.258437	
3204000	-460.595341	1	3335	0.632453	0.037018	0.632453	0.632453	0.632453	0.632453	0.632453	0.000000	1	0.244878	0.249980	0.250004	0.255139	0.527327	0.198143	0.282407	0.851070	0.679041	0.800265	0.464029	0.518369	
3205000	-461.709537	1	2410	0.776201	0.046390	0.776201	0.776201	0.776201	0.776201	0.776201	0.000000	1	0.248640	0.249989	0.250000	0.251371	0.419215	0.724809	0.379339	0.097418	0.245448	0.871180	0.956853	0.934853	
3206000	-461.905591	1	1929	0.615306	0.000000	0.615306	0.615306	0.615306	0.615306	0.615306	0.057545	1	0.236645	0.250214	0.249743	0.263398	0.629049	0.941947	0.135832	0.112109	0.608544	0.458767	0.087059	0.321436	
3207000	-460.501410	1	3909	0.630792	0.015063	0.630792	0.630792	0.630792	0.630792	0.630792	0.015063	1	0.240016	0.249994	0.249896	0.260094	0.138315	0.500565	0.136054	0.687872	0.782905	0.811977	0.252419	0.097779	
3208000	-461.699989	1	2630	0.597478	0.021274	0.597478	0.597478	0.597478	0.000000	0.597478	0.000000	1	0.255534	0.279633	0.162065	0.302769	0.682383	0.359545	0.817677	0.209905	0.164307	0.165017	0.911832	0.604954	
3209000	-460.562075	1	2785	0.649249	0.013562	0.649249	0.649249	0.649249	0.649249	0.649249	0.013562	1	0.241311	0.249976	0.249975	0.258738	0.110859	0.488043	0.811421	0.988692	0.965937	0.099308	0.033774	0.926099	
3210000	-460.520847	1	3964	0.657053	0.017660	0.657053	0.657053	0.657053	0.657053	0.657053	0.017660	1	0.242125	0.250001	0.249920	0.257953	0.206894	0.282359	0.634565	0.718763	0.613595	0.068599	0.053044	0.893197	
3211000	-460.776140	1	905	0.651549	0.053797	0.651549	0.651549	0.651549	0.651549	0.651549	0.000000	1	0.245817	0.249998	0.249897	0.254287	0.721794	0.615790	0.494268	0.607827	0.410875	0.180019	0.448298	0.692307	
3212000	-461.047759	1	1476	0.659198	0.017971	0.659198	0.659198	0.017971	0.659198	0.659198	0.017971	1	0.250250	0.256736	0.230588	0.262425	0.621604	0.988887	0.273436	0.935604	0.078725	0.105141	0.133388	0.477193	
3213000	-461.386218	1	1334	0.674165	0.032147	0.674165	0.674165	0.674165	0.032147	0.674165	0.000000	1	0.252549	0.267950	0.197134	0.282368	0.907424	0.559964	0.770391	0.310972	0.990681	0.327048	0.153412	0.049159	
3214000	-460.762150	1	3400	0.692040	0.037971	0.692040	0.692040	0.692040	0.692040	0.692040	0.000000	1	0.247040	0.249977	0.250021	0.252961	0.427702	0.464552	0.821305	0.225564	0.018971	0.177605	0.664426	0.635219	
3215000	-461.331801	1	3442	0.738899	0.012715	0.738899	0.738899	0.738899	0.000000	0.738899	0.012715	1	0.257009	0.262602	0.213004	0.267385	0.877531	0.481092	0.525666	0.619907	0.444649	0.679644	0.932828	0.439088	
3216000	-462.460733	1	1364	0.514593	0.024331	0.514593	0.514593	0.514593	0.514593	0.514593	0.000000	1	0.234504	0.250057	0.250081	0.265358	0.780888	0.000007	0.632619	0.636715	0.898146	0.102781	0.384553	0.234009	
3217000	-461.101922	1	2182	0.724699	0.033056	0.724699	0.724699	0.724699	0.724699	0.724699	0.000000	1	0.247776	0.249977	0.250038	0.252209	0.920052	0.267209	0.937669	0.977689	0.438566	0.713526	0.791009	0.451794	
3218000	-462.135473	1	1769	0.671289	0.020799	0.671289	0.671289	0.000000	0.000000	0.671289	0.000000	1	0.293695	0.334994	0.000000	0.371311	0.368217	0.347032	0.139698	0.845450	0.704526	0.232071	0.746649	0.934927	
3219000	-461.152681	1	697	0.596781	0.007519	0.596781	0.596781	0.000000	0.596781	0.596781	0.007519	1	0.247174	0.260177	0.219933	0.272716	0.657725	0.090011	0.827113	0.010815	0.567733	0.753008	0.695141	0.295365	
3220000	-460.705947	1	2750	0.655700	0.029217	0.655700	0.655700	0.655700	0.655700	0.655700	0.000000	1	0.245787	0.249951	0.250116	0.254146	0.942291	0.622355	0.143429	0.021070	0.918283	0.286906	0.079231	0.492226	
3221000	-460.616825	1	3959	0.660934	0.036237	0.660934	0.660934	0.660934	0.660934	0.660934	0.000000	1	0.246051	0.249973	0.250031	0.253945	0.803073	0.350053	0.786593	0.927441	0.620164	0.446864	0.308521	0.679740	
3222000	-461.970808	1	2835	0.549923	0.000000	0.549923	0.549923	0.549923	0.549923	0.549923	0.015671	1	0.223363	0.249740	0.249979	0.276917	0.183290	0.096637	0.338147	0.971598	0.771262	0.422360	0.565503	0.889479	
3223000	-465.170858	1	1421	0.485252	0.040164	0.485252	0.485252	0.485252	0.485252	0.485252	0.040164	1	0.224212	0.251472	0.245695	0.278621	0.524819	0.670188	0.875785	0.656773	0.106406	0.510427	0.374843	0.449191	
3224000	-460.918869	1	1515	0.616090	0.000000	0.616090	0.616090	0.616090	0.616090	0.616090	0.028017	1	0.234771	0.250030	0.249885	0.265315	0.069147	0.606985	0.223774	0.834565	0.836958	0.681148	0.673035	0.510736	
3225000	-462.019770	1	2961	0.599422	0.012553	0.599422	0.599422	0.599422	0.599422	0.599422	0.000000	1	0.242339	0.249546	0.251444	0.256671	0.197096	0.254318	0.211642	0.430441	0.680712	0.578078	0.015537	0.266339	
3226000	-461.341163	1	1742	0.572794	0.008878	0.572794	0.572794	0.000000	0.572794	0.572794	0.008878	1	0.246582	0.262261	0.213940	0.277217	0.016966	0.090298	0.955145	0.736510	0.701759	0.733787	0.625211	0.915519	
3227000	-461.280275	1	1617	0.716043	0.062335	0.716043	0.716043	0.716043	0.716043	0.716043	0.000000	1	0.247715	0.249988	0.249958	0.252339	0.313526	0.217186	0.713013	0.750014	0.577797	0.902966	0.681405	0.239173	
3228000	-461.380053	1	244	0.707530	0.005941	0.707530	0.707530	0.000000	0.707530	0.707530	0.005941	1	0.248368	0.253482	0.239666	0.258485	0.272466	0.707499	0.879199	0.566371	0.995941	0.633822	0.964217	0.955484	
3229000	-462.080086	1	1394	0.770062	0.000000	0.770062	0.770062	0.770062	0.770062	0.770062	0.027267	1	0.245501	0.250007	0.250027	0.254466	0.622792	0.843800	0.562439	0.661991	0.897669	0.464072	0.311482	0.140054	
3230000	-462.337596	1	51	0.715295	0.003729	0.715295	0.715295	0.715295	0.003729	0.715295	0.003729	1	0.257365	0.263635	0.209329	0.269671	0.107656	0.336728	0.532510	0.460625	0.909935	0.087453	0.004170	0.695225	
3231000	-461.259417	1	3249	0.695724	0.000000	0.695724	0.695724	0.695724	0.695724	0.695724	0.039184	1	0.242226	0.250042	0.249997	0.257735	0.602350	0.454560	0.655839	0.736493	0.587272	0.039773	0.015825	0.227991	
3232000	-460.670801	1	1035	0.634836	0.047644	0.634836	0.634836	0.634836	0.634836	0.634836	0.000000	1	0.245079	0.250002	0.249898	0.255022	0.171522	0.817566	0.838746	0.922024	0.819770	0.428633	0.538662	0.154146	
3233000	-461.119713	1	3621	0.619946	0.006556	0.619946	0.619946	0.000000	0.619946	0.619946	0.006556	1	0.247557	0.258356	0.225243	0.268844	0.608240	0.219010	0.150155	0.355580	0.241173	0.506085	0.033222	0.295841	
3234000	-460.905991	1	752	0.683134	0.010466	0.683134	0.683134	0.683134	0.000000	0.683134	0.010466	1	0.258767	0.267610	0.198151	0.275472	0.353137	0.914383	0.491238	0.389926	0.566881	0.271600	0.120564	0.449520	
3235000	-461.388841	1	1494	0.583463	0.015998	0.583463	0.583463	0.015998	0.583463	0.583463	0.015998	1	0.248326	0.261244	0.217625	0.272804	0.006221	0.524508	0.877570	0.854377	0.934562	0.592651	0.044504	0.106284	
3236000	-460.773511	1	1039	0.691760	0.035737	0.691760	0.691760	0.691760	0.691760	0.691760	0.000000	1	0.247019	0.249974	0.250034	0.252973	0.668934	0.946194	0.199187	0.222095	0.983672	0.495902	0.572984	0.485694	
3237000	-460.742056	1	768	0.668281	0.009340	0.668281	0.668281	0.000000	0.668281	0.668281	0.009340	1	0.249386	0.256220	0.231697	0.262697	0.726503	0.269186	0.878733	0.245561	0.483512	0.745036	0.599469	0.141412	
3238000	-460.731112	1	2091	0.686706	0.042268	0.686706	0.686706	0.686706	0.686706	0.686706	0.000000	1	0.246919	0.249981	0.249998	0.253102	0.459037	0.563411	0.948867	0.103366	0.514902	0.463685	0.337467	0.245374	
3239000	-461.449207	1	3890	0.562792	0.053696	0.562792	0.562792	0.562792	0.562792	0.562792	0.000000	1	0.240486	0.250166	0.249332	0.260016	0.426397	0.589036	0.853735	0.723441	0.613091	0.637218	0.593046	0.551588	
3240000	-461.409807	1	2651	0.746150	0.009368	0.746150	0.746150	0.746150	0.009368	0.746150	0.009368	1	0.256209	0.261272	0.216709	0.265810	0.426323	0.520119	0.555412	0.675482	0.292780	0.245878	0.340859	0.150155	
3241000	-460.761648	1	3478	0.626484	0.010821	0.626484	0.626484	0.000000	0.626484	0.626484	0.010821	1	0.249276	0.258883	0.223986	0.267855	0.831559	0.282404	0.745707	0.284532	0.548142	0.600559	0.850713	0.766750	
3242000	-460.584896	1	2412	0.665052	0.019832	0.665052	0.665052	0.665052	0.665052	0.665052	0.019832	1	0.242757	0.250008	0.249915	0.257320	0.546922	0.316828	0.028449	0.511992	0.479087	0.348810	0.024760	0.262862	
3243000	-461.827413	1	326	0.650765	0.000000	0.650765	0.650765	0.650765	0.650765	0.650765	0.058173	1	0.239849	0.250136	0.249901	0.260113	0.790398	0.148963	0.309281	0.834544	0.034731	0.604727	0.777641	0.564465	
3244000	-460.739513	1	3642	0.679695	0.032333	0.679695	0.679695	0.679695	0.679695	0.679695	0.000000	1	0.246645	0.249966	0.250064	0.253325	0.009644	0.165983	0.595088	0.482824	0.408964	0.200742	0.754404	0.018832	
3245000	-460.508456	1	705	0.653787	0.016856	0.653787	0.653787	0.653787	0.653787	0.653787	0.016856	1	0.241857	0.249998	0.249924	0.258221	0.752433	0.676908	0.066240	0.134440	0.268536	0.681563	0.925858	0.462080	
3246000	-460.920283	1	864	0.654264	0.000000	0.654264	0.654264	0.654264	0.654264	0.654264	0.026608	1	0.238604	0.250007	0.250000	0.261390	0.871156	0.639138	0.679345	0.874181	0.660353	0.544623	0.408446	0.887833	
3247000	-460.841915	1	2364	0.651389	0.056613	0.651389	0.651389	0.651389	0.651389	0.651389	0.000000	1	0.245825	0.250000	0.249883	0.254292	0.767925	0.722084	0.344517	0.679706	0.353506	0.572105	0.959557	0.802386	
3248000	-460.853096	1	2968	0.702689	0.036178	0.702689	0.702689	0.702689	0.702689	0.702689	0.000000	1	0.247304	0.249976	0.250030	0.252690	0.964499	0.429135	0.764252	0.378725	0.355293	0.395280	0.726787	0.953311	
3249000	-461.505922	1	1055	0.678797	0.016242	0.678797	0.678797	0.678797	0.000000	0.678797	0.000000	1	0.257553	0.268333	0.195605	0.278509	0.128799	0.626969	0.201961	0.150308	0.567043	0.617699	0.840093	0.962282	
3250000	-460.978094	1	2569	0.610187	0.000000	0.610187	0.610187	0.610187	0.610187	0.610187	0.032515	1	0.234391	0.250075	0.249808	0.265726	0.765876	0.053746	0.342873	0.499898	0.863881	0.085863	0.248846	0.802393	
3251000	-462.076201	1	1803	0.637158	0.046343	0.637158	0.637158	0.637158	0.046343	0.637158	0.000000	1	0.247232	0.272446	0.184014	0.296307	0.884301	0.840276	0.260748	0.676178	0.145735	0.669884	0.275193	0.602513	
3252000	-465.570351	1	2682	0.546285	0.000000	0.546285	0.546285	0.546285	0.546285	0.546285	0.024042	0	0.222076	0.249653	0.250345	0.277926	0.163458	0.600727	0.245577	0.918698	0.251476	0.399316	0.408748	0.999682	
3253000	-460.974065	1	2195	0.688323	0.008945	0.688323	0.688323	0.688323	0.000000	0.688323	0.008945	1	0.258651	0.266995	0.199813	0.274541	0.832243	0.735459	0.549725	0.580552	0.190919	0.637707	0.356667	0.095762	
3254000	-461.690982	1	3714	0.599108	0.034060	0.599108	0.599108	0.599108	0.599108	0.599108	0.034060	1	0.238896	0.250153	0.249460	0.261490	0.366585	0.007556	0.460231	0.723145	0.826388	0.456739	0.977681	0.130948	
3255000	-460.901495	1	3095	0.603380	0.051803	0.603380	0.603380	0.603380	0.603380	0.603380	0.000000	1	0.243450	0.250044	0.249733	0.256773	0.612126	0.495079	0.358997	0.309777	0.271036	0.222565	0.952565	0.370533	
3256000	-461.351487	1	2764	0.668661	0.027434	0.668661	0.668661	0.668661	0.000000	0.668661	0.000000	1	0.255383	0.271324	0.187074	0.286219	0.801057	0.685587	0.179584	0.665140	0.521755	0.846449	0.984672	0.605062	
3257000	-461.752891	1	1262	0.739402	0.000000	0.739402	0.739402	0.739402	0.739402	0.739402	0.041746	1	0.244578	0.250031	0.250015	0.255377	0.765922	0.557018	0.625558	0.587258	0.806823	0.381449	0.159239	0.755668	
3258000	-460.756446	1	857	0.600087	0.040685	0.600087	0.600087	0.600087	0.600087	0.600087	0.000000	1	0.243145	0.250019	0.249867	0.256970	0.038675	0.985790	0.599424	0.702140	0.501221	0.819149	0.122565	0.277555	
3259000	-461.835310	1	1363	0.530850	0.035927	0.530850	0.530850	0.530850	0.530850	0.530850	0.000000	1	0.236985	0.250228	0.249356	0.263431	0.427161	0.161219	0.411103	0.600378	0.823752	0.048114	0.389957	0.249345	
3260000	-461.226144	1	797	0.634628	0.018382	0.634628	0.634628	0.634628	0.634628	0.634628	0.000000	1	0.244685	0.249844	0.250483	0.254988	0.967478	0.881529	0.075615	0.585998	0.248488	0.941261	0.513413	0.343892	
3261000	-461.122197	1	3571	0.635423	0.006706	0.635423	0.635423	0.635423	0.000000	0.635423	0.006706	1	0.259924	0.272773	0.182467	0.284837	0.609016	0.819749	0.592293	0.523122	0.565571	0.739238	0.838104	0.968980	
3262000	-462.359949	1	1780	0.699896	0.023720	0.699896	0.699896	0.023720	0.023720	0.699896	0.000000	1	0.295774	0.334203	0.002605	0.367419	0.993148	0.101078	0.571333	0.818806	0.417873	0.461653	0.276967	0.827175	
3263000	-460.586096	1	551	0.639900	0.037835	0.639900	0.639900	0.639900	0.639900	0.639900	0.000000	1	0.245225	0.249980	0.250002	0.254794	0.562267	0.548764	0.081849	0.177136	0.145673	0.490590	0.851917	0.798550	
3264000	-461.365769	1	838	0.580841	0.020326	0.580841	0.580841	0.580841	0.580841	0.580841	0.000000	1	0.241354	0.249805	0.250651	0.258189	0.942278	0.373383	0.739236	0.359967	0.186163	0.024733	0.143176	0.066239	
3265000	-460.587944	1	1554	0.641517	0.039950	0.641517	0.641517	0.641517	0.641517	0.641517	0.000000	1	0.245314	0.249984	0.249980	0.254721	0.487591	0.429869	0.184511	0.615504	0.572543	0.154717	0.978018	0.968819	
3266000	-461.651767	1	1041	0.601371	0.022208	0.601371	0.601371	0.601371	0.000000	0.601371	0.000000	1	0.255343	0.279258	0.163225	0.302174	0.279350	0.711076	0.058623	0.555559	0.420125	0.044209	0.304041	0.667918	
3267000	-460.956286	1	450	0.706851	0.014773	0.706851	0.706851	0.000000	0.706851	0.706851	0.014773	1	0.250707	0.255214	0.234821	0.259259	0.707878	0.941718	0.015544	0.956878	0.194236	0.039529	0.753353	0.916987	
3268000	-461.231396	1	1068	0.605918	0.000000	0.605918	0.605918	0.605918	0.605918	0.605918	0.041419	1	0.234525	0.250150	0.249721	0.265604	0.036846	0.861414	0.556283	0.311116	0.995830	0.782206	0.679988	0.534748	
3269000	-460.724504	1	1528	0.659286	0.011484	0.659286	0.659286	0.659286	0.659286	0.659286	0.011484	1	0.241857	0.249958	0.250039	0.258146	0.102968	0.517894	0.699019	0.204988	0.185658	0.205721	0.108968	0.651027	
3270000	-464.397705	1	2815	0.733085	0.044804	0.733085	0.733085	0.733085	0.733085	0.733085	0.000000	0	0.248841	0.249988	0.250030	0.251141	0.041193	0.800883	0.435003	0.767395	0.186945	0.589507	0.864671	0.130551	
3271000	-461.674173	1	3244	0.622046	0.000000	0.622046	0.622046	0.622046	0.622046	0.622046	0.012501	1	0.234322	0.249785	0.250389	0.265504	0.183468	0.091455	0.847082	0.071467	0.951205	0.130918	0.302294	0.211637	
3272000	-460.761573	1	1697	0.691830	0.037743	0.691830	0.691830	0.691830	0.691830	0.691830	0.000000	1	0.247033	0.249977	0.250023	0.252967	0.058889	0.358645	0.785936	0.403059	0.004107	0.781174	0.675098	0.299036	
3273000	-460.754790	1	3832	0.603163	0.031981	0.603163	0.603163	0.603163	0.603163	0.603163	0.000000	1	0.243219	0.249970	0.250060	0.256751	0.289184	0.723851	0.678332	0.111006	0.125519	0.647443	0.886130	0.735542	
3274000	-461.043295	1	1250	0.647222	0.020959	0.647222	0.647222	0.647222	0.647222	0.647222	0.000000	1	0.245321	0.249893	0.250320	0.254466	0.203580	0.596433	0.659451	0.407439	0.503929	0.412790	0.388603	0.180418	
3275000	-461.170502	1	4000	0.593776	0.021492	0.593776	0.593776	0.593776	0.593776	0.593776	0.000000	1	0.242362	0.249844	0.250505	0.257288	0.549617	0.741935	0.437309	0.920611	0.763724	0.388524	0.967977	0.295353	
3276000	-463.898096	1	959	0.631595	0.024244	0.631595	0.631595	0.631595	0.631595	0.631595	0.024244	0	0.241489	0.250020	0.249872	0.258618	0.462896	0.240928	0.199934	0.405865	0.718930	0.960107	0.112838	0.053316	
3277000	-460.851617	1	3846	0.646704	0.024469	0.646704	0.646704	0.646704	0.646704	0.646704	0.000000	1	0.245359	0.249922	0.250221	0.254498	0.587326	0.791177	0.795366	0.951347	0.165044	0.817814	0.945341	0.644038	
3278000	-461.995380	1	508	0.634485	0.000000	0.634485	0.634485	0.634485	0.634485	0.634485	0.010453	1	0.235605	0.249753	0.250512	0.264131	0.700667	0.868758	0.898712	0.700449	0.388464	0.261044	0.648239	0.353805	
3279000	-461.718506	1	3255	0.624775	0.080265	0.624775	0.624775	0.624775	0.624775	0.624775	0.000000	1	0.244737	0.250029	0.249674	0.255560	0.567824	0.240510	0.969766	0.913551	0.380076	0.994705	0.209438	0.686052	
3280000	-461.222668	1	2574	0.629593	0.000000	0.629593	0.629593	0.629593	0.629593	0.629593	0.044158	1	0.237247	0.250121	0.249843	0.262789	0.332081	0.329651	0.836397	0.721380	0.032547	0.952141	0.369688	0.829828	
3281000	-461.952160	1	2038	0.577007	0.004951	0.577007	0.577007	0.577007	0.000000	0.577007	0.004951	1	0.259745	0.280499	0.159108	0.300648	0.346120	0.203016	0.444463	0.092666	0.157531	0.349570	0.884522	0.926105	
3282000	-460.790908	1	2521	0.587104	0.020144	0.587104	0.587104	0.587104	0.587104	0.587104	0.020144	1	0.236348	0.250100	0.249502	0.264050	0.195033	0.114167	0.616651	0.859319	0.066634	0.905425	0.434909	0.247757	
3283000	-461.889230	1	187	0.638425	0.015018	0.638425	0.638425	0.000000	0.015018	0.638425	0.000000	1	0.297959	0.334450	0.000331	0.367261	0.931651	0.950012	0.939754	0.117678	0.892982	0.679028	0.611919	0.684956	
3284000	-461.663332	1	1422	0.682206	0.000000	0.682206	0.682206	0.024579	0.682206	0.682206	0.024579	1	0.250092	0.255026	0.235415	0.259467	0.429758	0.923309	0.373318	0.436765	0.990458	0.280235	0.060840	0.859019	
3285000	-461.217877	1	3127	0.657502	0.069194	0.657502	0.657502	0.657502	0.657502	0.657502	0.000000	1	0.246102	0.250001	0.249849	0.254048	0.173443	0.527253	0.882598	0.219996	0.739478	0.795704	0.691812	0.861271	
3286000	-461.311822	1	1317	0.757802	0.012765	0.757802	0.757802	0.000000	0.757802	0.757802	0.012765	1	0.250127	0.253111	0.240890	0.255872	0.574623	0.384206	0.632948	0.493071	0.239583	0.245919	0.736192	0.099187	
3287000	-461.484156	1	47	0.662592	0.000000	0.662592	0.662592	0.662592	0.662592	0.662592	0.014932	1	0.238739	0.249909	0.250186	0.261166	0.132111	0.379839	0.040338	0.349678	0.950798	0.949231	0.857042	0.551824	
3288000	-461.486489	1	2061	0.591498	0.067408	0.591498	0.591498	0.591498	0.591498	0.591498	0.000000	1	0.242774	0.250088	0.249500	0.257638	0.610567	0.844510	0.257256	0.786218	0.463114	0.943357	0.226649	0.159969	
3289000	-461.111519	1	3606	0.693073	0.023616	0.693073	0.693073	0.693073	0.693073	0.693073	0.000000	1	0.246956	0.249946	0.250144	0.252954	0.289398	0.950566	0.341103	0.006586	0.193436	0.768813	0.839912	0.366739	
3290000	-461.644953	1	2095	0.550388	0.052332	0.550388	0.550388	0.550388	0.550388	0.550388	0.000000	1	0.239324	0.250225	0.249167	0.261284	0.785876	0.622512	0.983804	0.136393	0.777326	0.970151	0.571801	0.473358	
3291000	-463.878890	1	2685	0.482392	0.006770	0.482392	0.482392	0.482392	0.482392	0.482392	0.006770	1	0.215313	0.249791	0.249199	0.285697	0.909849	0.553877	0.990577	0.025079	0.852085	0.869979	0.735652	0.807902	
3292000	-461.143229	1	1119	0.696484	0.023531	0.696484	0.696484	0.696484	0.696484	0.696484	0.000000	1	0.247048	0.249948	0.250139	0.252865	0.126743	0.135324	0.324924	0.432513	0.724616	0.868662	0.506236	0.987032	
3293000	-463.066535	1	531	0.542052	0.004217	0.542052	0.542052	0.004217	0.000000	0.542052	0.004217	1	0.302688	0.334495	0.000018	0.362799	0.817202	0.086852	0.466163	0.328503	0.509255	0.565092	0.407464	0.702955	
3294000	-461.883263	1	711	0.648359	0.013283	0.648359	0.648359	0.000000	0.000000	0.648359	0.000000	1	0.301793	0.334508	0.000000	0.363700	0.336480	0.262806	0.636967	0.535639	0.819350	0.725625	0.708041	0.904118	
3295000	-460.790719	1	587	0.580903	0.017973	0.580903	0.580903	0.580903	0.580903	0.580903	0.017973	1	0.235397	0.250091	0.249492	0.265020	0.163212	0.248974	0.307778	0.411659	0.386751	0.246335	0.873227	0.315149	
3296000	-461.387657	1	3360	0.572634	0.021559	0.572634	0.572634	0.572634	0.572634	0.572634	0.000000	1	0.240729	0.249832	0.250577	0.258862	0.225223	0.737275	0.364940	0.318506	0.193749	0.255271	0.166543	0.533504	
3297000	-461.576934	1	574	0.598034	0.000000	0.598034	0.598034	0.598034	0.598034	0.598034	0.048404	1	0.234106	0.250218	0.249632	0.266044	0.226482	0.865211	0.956100	0.236050	0.758344	0.948092	0.125547	0.423100	
3298000	-462.195995	1	1685	0.743141	0.016523	0.743141	0.743141	0.743141	0.743141	0.743141	0.000000	1	0.248013	0.249950	0.250141	0.251895	0.378252	0.055282	0.889696	0.181417	0.805474	0.252092	0.771049	0.732789	
3299000	-461.044236	1	2686	0.680161	0.000000	0.680161	0.680161	0.680161	0.680161	0.680161	0.032712	1	0.240953	0.250030	0.249998	0.259020	0.730694	0.478740	0.085266	0.919670	0.500898	0.141746	0.192201	0.153071	
3300000	-460.558978	1	3312	0.657263	0.014279	0.657263	0.657263	0.657263	0.657263	0.657263	0.014279	1	0.241916	0.249981	0.249972	0.258131	0.269285	0.999720	0.633148	0.323636	0.374484	0.869098	0.102461	0.485599	
3301000	-461.231947	1	1446	0.651057	0.000000	0.651057	0.651057	0.651057	0.651057	0.651057	0.044833	1	0.239230	0.250093	0.249916	0.260760	0.812537	0.930224	0.444889	0.521708	0.526100	0.221817	0.207050	0.952924	
3302000	-460.996676	1	2382	0.690357	0.025648	0.690357	0.690357	0.690357	0.690357	0.690357	0.000000	1	0.246900	0.249952	0.250122	0.253026	0.269087	0.833178	0.015444	0.986455	0.151886	0.884686	0.559834	0.273837	
3303000	-461.891153	1	1067	0.661762	0.000000	0.661762	0.661762	0.031298	0.661762	0.661762	0.031298	1	0.252435	0.256689	0.230754	0.260121	0.505599	0.841264	0.932360	0.850643	0.643619	0.427284	0.542751	0.852426	
3304000	-460.731486	1	2637	0.655226	0.051490	0.655226	0.655226	0.655226	0.655226	0.655226	0.000000	1	0.245945	0.249995	0.249917	0.254143	0.068171	0.848761	0.045940	0.705733	0.161561	0.324901	0.012998	0.903284	
3305000	-463.512278	1	1791	0.879197	0.029571	0.879197	0.879197	0.879197	0.029571	0.879197	0.000000	1	0.251711	0.254406	0.237010	0.256872	0.463776	0.268025	0.269591	0.103712	0.735114	0.295186	0.952842	0.224818	
3306000	-460.595548	1	1850	0.651201	0.040911	0.651201	0.651201	0.651201	0.651201	0.651201	0.000000	1	0.245722	0.249983	0.249983	0.254313	0.197946	0.272150	0.953448	0.636634	0.610193	0.573113	0.124506	0.831463	
3307000	-461.247461	1	2331	0.559928	0.040162	0.559928	0.559928	0.559928	0.559928	0.559928	0.000000	1	0.240077	0.250116	0.249597	0.260210	0.753784	0.930320	0.648309	0.849271	0.342643	0.878291	0.531909	0.762124	
3308000	-462.871226	1	818	0.553669	0.036479	0.553669	0.553669	0.553669	0.000000	0.553669	0.000000	1	0.243853	0.289405	0.132562	0.334180	0.922247	0.764830	0.484143	0.595322	0.265192	0.568365	0.517013	0.325424	
3309000	-460.652274	1	553	0.651997	0.046918	0.651997	0.651997	0.651997	0.651997	0.651997	0.000000	1	0.245795	0.249992	0.249939	0.254275	0.521615	0.711739	0.559938	0.416034	0.284503	0.833452	0.122242	0.677643	
3310000	-461.045031	1	1498	0.677593	0.014973	0.677593	0.677593	0.677593	0.014973	0.677593	0.014973	1	0.257598	0.267094	0.200111	0.275196	0.800551	0.622474	0.402699	0.906369	0.134584	0.846039	0.444933	0.201078	
3311000	-461.946000	1	2757	0.624067	0.014434	0.624067	0.624067	0.000000	0.014434	0.624067	0.000000	1	0.296460	0.334386	0.000308	0.368846	0.832588	0.860597	0.526713	0.803172	0.486155	0.668350	0.412742	0.761568	
3312000	-463.051412	1	2338	0.787868	0.000000	0.787868	0.787868	0.787868	0.787868	0.787868	0.014763	1	0.245897	0.249986	0.250051	0.254065	0.585062	0.990925	0.650340	0.449154	0.223580	0.219004	0.141361	0.941572	
3313000	-460.862598	1	3346	0.708835	0.016581	0.708835	0.708835	0.708835	0.708835	0.708835	0.016581	1	0.244830	0.249991	0.249991	0.255187	0.203325	0.136372	0.841324	0.882750	0.500542	0.670173	0.864005	0.984072	
3314000	-460.512372	1	160	0.624259	0.014939	0.624259	0.624259	0.624259	0.624259	0.624259	0.014939	1	0.239458	0.249995	0.249877	0.260670	0.272026	0.622978	0.274556	0.034482	0.553545	0.881576	0.979169	0.887111	
3315000	-460.698746	1	3496	0.661192	0.049079	0.661192	0.661192	0.661192	0.661192	0.661192	0.000000	1	0.246149	0.249991	0.249940	0.253920	0.467750	0.874900	0.668828	0.429223	0.575078	0.711615	0.114717	0.304988	
3316000	-462.302181	1	704	0.575566	0.000000	0.575566	0.575566	0.575566	0.575566	0.575566	0.057271	1	0.232010	0.250375	0.249361	0.268255	0.896392	0.803018	0.386620	0.781087	0.810282	0.223544	0.396308	0.371745	
3317000	-461.333379	1	943	0.610871	0.068138	0.610871	0.610871	0.610871	0.610871	0.610871	0.000000	1	0.243972	0.250047	0.249648	0.256332	0.109254	0.518297	0.361317	0.730940	0.807148	0.797115	0.331196	0.684719	
3318000	-460.779831	1	806	0.606585	0.029317	0.606585	0.606585	0.606585	0.606585	0.606585	0.000000	1	0.243385	0.249949	0.250137	0.256530	0.613269	0.708053	0.381848	0.891976	0.227356	0.005069	0.866415	0.498240	
3319000	-460.756850	1	2561	0.681455	0.031917	0.681455	0.681455	0.681455	0.681455	0.681455	0.000000	1	0.246695	0.249966	0.250066	0.253273	0.403222	0.357945	0.937496	0.592187	0.877897	0.269327	0.813033	0.356336	
3320000	-460.719278	1	991	0.667641	0.049307	0.667641	0.667641	0.667641	0.667641	0.667641	0.000000	1	0.246372	0.249989	0.249948	0.253690	0.054435	0.706734	0.255059	0.485154	0.437449	0.434484	0.448340	0.989532	
3321000	-461.193479	1	2047	0.599043	0.013079	0.599043	0.599043	0.599043	0.000000	0.599043	0.013079	1	0.259591	0.278061	0.167954	0.294395	0.744271	0.663130	0.194257	0.518952	0.090668	0.240108	0.350741	0.555901	
3322000	-460.872262	1	3640	0.590462	0.043671	0.590462	0.590462	0.590462	0.590462	0.590462	0.000000	1	0.242543	0.250047	0.249766	0.257643	0.392087	0.293261	0.029766	0.856526	0.062561	0.652160	0.530780	0.784838	
3323000	-460.932452	1	3277	0.691689	0.054943	0.691689	0.691689	0.691689	0.691689	0.691689	0.000000	1	0.247115	0.249988	0.249953	0.252943	0.231037	0.486591	0.799388	0.945748	0.348367	0.292357	0.220261	0.817539	
3324000	-461.017480	1	2509	0.599701	0.000000	0.599701	0.599701	0.599701	0.599701	0.599701	0.030622	1	0.232946	0.250071	0.249764	0.267220	0.530993	0.317841	0.583794	0.889390	0.496163	0.319814	0.133782	0.415107	
3325000	-461.516360	1	2133	0.655270	0.015548	0.655270	0.655270	0.655270	0.015548	0.655270	0.000000	1	0.256843	0.269191	0.193018	0.280948	0.287344	0.637211	0.219257	0.648112	0.949571	0.574514	0.061681	0.154772	
3326000	-462.992439	1	1499	0.626468	0.028704	0.626468	0.626468	0.626468	0.028704	0.626468	0.028704	1	0.256404	0.272122	0.187366	0.284108	0.194510	0.936148	0.516355	0.979763	0.779362	0.301045	0.780493	0.150320	
3327000	-461.022674	1	3753	0.673291	0.000000	0.673291	0.673291	0.673291	0.673291	0.673291	0.025264	1	0.240130	0.249999	0.250029	0.259842	0.740844	0.062279	0.046273	0.038924	0.042273	0.440134	0.298343	0.588025	
3328000	-461.604491	1	1323	0.769614	0.044401	0.769614	0.769614	0.769614	0.769614	0.769614	0.000000	1	0.248552	0.249988	0.250002	0.251458	0.079918	0.774681	0.852050	0.445449	0.819762	0.618870	0.924924	0.953118	
3329000	-462.138724	1	3446	0.571957	0.016832	0.571957	0.571957	0.571957	0.016832	0.571957	0.000000	1	0.254740	0.280091	0.160431	0.304738	0.256974	0.544134	0.404815	0.172798	0.576847	0.272674	0.644420	0.928278	
3330000	-460.607334	1	3150	0.659694	0.037879	0.659694	0.659694	0.659694	0.659694	0.659694	0.000000	1	0.246020	0.249976	0.250015	0.253989	0.883081	0.790417	0.186604	0.020373	0.822911	0.876553	0.274784	0.002229	
3331000	-462.691279	1	3651	0.706651	0.102099	0.706651	0.706651	0.706651	0.706651	0.706651	0.000000	1	0.247580	0.249984	0.249896	0.252540	0.220048	0.734725	0.480173	0.751577	0.808432	0.352342	0.119014	0.233398	
3332000	-462.858079	1	546	0.638022	0.106285	0.638022	0.638022	0.638022	0.638022	0.638022	0.000000	1	0.245370	0.250007	0.249670	0.254954	0.633250	0.236236	0.674803	0.495435	0.144429	0.006921	0.694926	0.168818	
3333000	-460.715196	1	351	0.647565	0.050870	0.647565	0.647565	0.647565	0.647565	0.647565	0.000000	1	0.245644	0.249998	0.249905	0.254453	0.588116	0.523752	0.116996	0.760799	0.972992	0.600481	0.797637	0.673964	
3334000	-460.977133	1	561	0.716347	0.045210	0.716347	0.716347	0.716347	0.716347	0.716347	0.000000	1	0.247662	0.249984	0.249996	0.252359	0.691618	0.275382	0.530706	0.777984	0.838297	0.062892	0.659812	0.450124	
3335000	-464.082294	1	2738	0.676091	0.019343	0.677250	0.676091	0.676091	0.676091	0.676091	0.019343	0	0.243804	0.249975	0.250018	0.256202	0.501204	0.822165	0.278460	0.455992	0.443167	0.146985	0.167118	0.339328	
3336000	-461.162913	1	2782	0.642407	0.067294	0.642407	0.642407	0.642407	0.642407	0.642407	0.000000	1	0.245507	0.250010	0.249808	0.254675	0.883340	0.995624	0.727228	0.317335	0.661870	0.920702	0.383878	0.010088	
3337000	-460.900630	1	639	0.633265	0.000000	0.633265	0.633265	0.633265	0.633265	0.633265	0.025671	1	0.236519	0.250002	0.249970	0.263508	0.068646	0.395102	0.908720	0.666001	0.688261	0.037813	0.900915	0.604251	
3338000	-461.430662	1	2285	0.553417	0.045261	0.553417	0.553417	0.553417	0.553417	0.553417	0.000000	1	0.239542	0.250177	0.249376	0.260905	0.801682	0.854319	0.169334	0.530523	0.283211	0.282647	0.687008	0.172657	
3339000	-464.961938	1	1317	0.757802	0.012765	0.757802	0.757802	0.000000	0.757802	0.757802	0.012765	0	0.250417	0.253074	0.240999	0.255509	0.561685	0.208612	0.446760	0.717219	0.044344	0.834137	0.512946	0.641316	
3340000	-461.379000	1	1708	0.628457	0.000000	0.628457	0.628457	0.628457	0.628457	0.628457	0.015101	1	0.235289	0.249864	0.250223	0.264624	0.839479	0.518283	0.903233	0.425487	0.021048	0.197986	0.070810	0.186741	
3341000	-461.157110	1	3840	0.744297	0.011001	0.744297	0.744297	0.011001	0.744297	0.744297	0.011001	1	0.249409	0.252852	0.241627	0.256112	0.925802	0.240100	0.741424	0.270441	0.973899	0.931874	0.705226	0.510759	
3342000	-462.785488	1	1383	0.611406	0.000000	0.611406	0.611406	0.000000	0.009914	0.611406	0.009914	1	0.329299	0.334786	0.000128	0.335788	0.186531	0.325440	0.399815	0.013560	0.272881	0.082598	0.367753	0.662387	
3343000	-461.101213	1	341	0.587394	0.000000	0.587394	0.587394	0.587394	0.587394	0.587394	0.027470	1	0.231005	0.250049	0.249722	0.269225	0.980993	0.087784	0.668216	0.062949	0.399112	0.659713	0.419586	0.653433	
3344000	-461.840781	1	3884	0.538465	0.024495	0.538465	0.538465	0.538465	0.538465	0.538465	0.000000	1	0.237494	0.249954	0.250279	0.262273	0.523455	0.612797	0.027149	0.976983	0.296028	0.735926	0.679900	0.504888	
3345000	-462.383827	1	1419	0.574443	0.008724	0.574443	0.574443	0.000000	0.000000	0.574443	0.008724	1	0.309313	0.335940	0.000000	0.354747	0.558099	0.394160	0.588885	0.431420	0.843449	0.505437	0.278552	0.885859	
3346000	-460.851617	1	3846	0.646704	0.024469	0.646704	0.646704	0.646704	0.646704	0.646704	0.000000	1	0.245359	0.249922	0.250221	0.254498	0.087191	0.561192	0.455674	0.513647	0.330715	0.021525	0.581143	0.365433	
3347000	-461.759611	1	2755	0.668788	0.000000	0.668788	0.668788	0.000000	0.668788	0.668788	0.024910	1	0.252649	0.257564	0.228020	0.261767	0.225800	0.070796	0.071401	0.965740	0.475370	0.679237	0.571689	0.831792	
3348000	-462.865793	1	1788	0.825415	0.037084	0.825415	0.825415	0.825415	0.000000	0.825415	0.000000	1	0.252990	0.258654	0.224603	0.263753	0.222691	0.790065	0.909353	0.680846	0.376135	0.862401	0.075028	0.740565	
3349000	-460.981406	1	1159	0.720857	0.017698	0.720857	0.720857	0.720857	0.720857	0.720857	0.017698	1	0.245366	0.249994	0.249991	0.254650	0.257817	0.403766	0.957822	0.545405	0.587535	0.630826	0.710731	0.398420	
3350000	-463.239869	1	665	0.751378	0.005895	0.751378	0.751378	0.000000	0.000000	0.751378	0.000000	1	0.322295	0.333910	0.000000	0.343795	0.752408	0.815345	0.559431	0.219350	0.320703	0.270675	0.038707	0.001121	
3351000	-462.518596	1	3383	0.649282	0.026680	0.649282	0.649282	0.000000	0.026680	0.649282	0.000000	1	0.282599	0.334691	0.001088	0.381622	0.645207	0.641264	0.126044	0.418995	0.006669	0.804464	0.527023	0.947540	
3352000	-464.424450	1	3822	0.612613	0.015415	0.612613	0.612613	0.000000	0.612613	0.612613	0.015415	0	0.251891	0.261001	0.218219	0.268889	0.942962	0.865009	0.224769	0.479995	0.932125	0.539052	0.625616	0.727579	
3353000	-461.014961	1	3721	0.616190	0.015190	0.616190	0.616190	0.000000	0.616190	0.616190	0.015190	1	0.250374	0.260244	0.220352	0.269030	0.368409	0.360777	0.242819	0.366094	0.103220	0.788160	0.770701	0.003129	
3354000	-464.333268	1	1098	0.570918	0.016817	0.570918	0.570918	0.570918	0.570918	0.570918	0.016817	0	0.235123	0.249990	0.249804	0.265083	0.887823	0.937267	0.655129	0.692125	0.222217	0.164807	0.101323	0.700166	
3355000	-460.856146	1	1243	0.644888	0.011884	0.644888	0.644888	0.644888	0.011884	0.644888	0.011884	1	0.258492	0.270772	0.189053	0.281683	0.989896	0.567961	0.768683	0.654670	0.101103	0.313952	0.489478	0.113416	
3356000	-460.965927	1	2118	0.665865	0.023233	0.665865	0.665865	0.665865	0.665865	0.665865	0.000000	1	0.246091	0.249927	0.250206	0.253777	0.610712	0.132867	0.704168	0.910128	0.382965	0.463626	0.989417	0.299026	
3357000	-462.274455	1	3902	0.806222	0.055415	0.806222	0.806222	0.806222	0.806222	0.806222	0.000000	1	0.248978	0.249992	0.249994	0.251037	0.051763	0.894468	0.817197	0.809304	0.492228	0.831159	0.116207	0.468061	
3358000	-461.246683	1	2311	0.586402	0.000000	0.586402	0.586402	0.586402	0.586402	0.586402	0.036598	1	0.231662	0.250157	0.249590	0.268591	0.130913	0.342008	0.268251	0.941946	0.631031	0.918294	0.991040	0.889882	
3359000	-462.342513	1	2706	0.745138	0.014143	0.745138	0.745138	0.000000	0.000000	0.745138	0.000000	1	0.311636	0.334611	0.000000	0.353753	0.813633	0.825895	0.027403	0.991181	0.084271	0.267087	0.413121	0.797429	
3360000	-460.665714	1	3768	0.617257	0.032982	0.617257	0.617257	0.617257	0.617257	0.617257	0.000000	1	0.244058	0.249969	0.250054	0.255920	0.305230	0.592768	0.145575	0.758906	0.959849	0.963119	0.318825	0.488001	
3361000	-461.721864	1	598	0.689592	0.000000	0.689592	0.689592	0.689592	0.689592	0.689592	0.014474	1	0.240895	0.249933	0.250156	0.259015	0.953059	0.762272	0.682126	0.921775	0.989518	0.072099	0.427724	0.409146	
3362000	-461.444441	1	16	0.620739	0.021021	0.620739	0.620739	0.620739	0.021021	0.620739	0.000000	1	0.254808	0.273671	0.179831	0.291690	0.746330	0.136813	0.503140	0.901674	0.103135	0.069075	0.736291	0.155078	
3363000	-461.391841	1	3057	0.579577	0.000000	0.579577	0.579577	0.579577	0.579577	0.579577	0.038885	1	0.230909	0.250200	0.249496	0.269394	0.810163	0.459251	0.343547	0.295704	0.894772	0.345572	0.385884	0.612619	
3364000	-460.726105	1	1303	0.645235	0.027828	0.645235	0.645235	0.645235	0.645235	0.645235	0.000000	1	0.245344	0.249942	0.250150	0.254564	0.482492	0.449692	0.238098	0.570517	0.372596	0.970970	0.367086	0.488907	
3365000	-461.830762	1	2859	0.629102	0.000000	0.629102	0.629102	0.026802	0.629102	0.629102	0.026802	1	0.251159	0.258102	0.226643	0.264095	0.707096	0.415763	0.256878	0.055878	0.788103	0.153715	0.634442	0.086372	
3366000	-461.086068	1	3288	0.590297	0.012127	0.590297	0.590297	0.000000	0.590297	0.590297	0.012127	1	0.248683	0.261581	0.216255	0.273481	0.606102	0.964520	0.471548	0.271478	0.641764	0.116013	0.587229	0.351712	
3367000	-460.792359	1	2826	0.626774	0.025033	0.626774	0.626774	0.626774	0.626774	0.626774	0.025033	1	0.240482	0.250058	0.249735	0.259724	0.614657	0.021249	0.579917	0.520682	0.544761	0.141324	0.037673	0.541899	
3368000	-462.231148	1	771	0.628584	0.008753	0.628584	0.628584	0.000000	0.000000	0.628584	0.000000	1	0.306610	0.334157	0.000000	0.359233	0.382207	0.577003	0.189731	0.023587	0.716917	0.867248	0.143726	0.211357	
3369000	-460.941694	1	1169	0.624755	0.012452	0.624755	0.624755	0.624755	0.012452	0.624755	0.012452	1	0.258549	0.273174	0.182110	0.286167	0.548072	0.565812	0.524506	0.085669	0.898574	0.810511	0.659980	0.204640	
3370000	-460.882196	1	3227	0.642234	0.008900	0.642234	0.642234	0.642234	0.008900	0.642234	0.008900	1	0.258909	0.271192	0.187436	0.282463	0.803734	0.557383	0.040722	0.929665	0.358450	0.230295	0.790393	0.277067	
3371000	-460.842578	1	86	0.655162	0.056554	0.655162	0.655162	0.655162	0.655162	0.655162	0.000000	1	0.245968	0.249998	0.249892	0.254142	0.163064	0.366441	0.793872	0.170477	0.447452	0.224953	0.352053	0.064418	
3372000	-462.104980	1	1666	0.677837	0.010290	0.677837	0.677837	0.677837	0.010290	0.677837	0.000000	1	0.257756	0.266337	0.201353	0.274553	0.003199	0.656131	0.148504	0.940836	0.780663	0.926028	0.094683	0.392804	
3373000	-461.258095	1	3664	0.742117	0.046384	0.742117	0.742117	0.742117	0.742117	0.742117	0.000000	1	0.248153	0.249986	0.249997	0.251864	0.859916	0.027097	0.476523	0.116027	0.080514	0.896843	0.055421	0.452605	
3374000	-461.443719	1	640	0.628052	0.020471	0.628052	0.628052	0.628052	0.000000	0.628052	0.000000	1	0.256722	0.275226	0.175233	0.292819	0.472840	0.508645	0.673138	0.021354	0.482659	0.691356	0.096886	0.300922	
3375000	-460.742574	1	314	0.634332	0.051538	0.634332	0.634332	0.634332	0.634332	0.634332	0.000000	1	0.245081	0.250007	0.249867	0.255045	0.423950	0.720194	0.959584	0.303206	0.029675	0.791840	0.478856	0.822369	
3376000	-461.721864	1	598	0.689592	0.000000	0.689592	0.689592	0.689592	0.689592	0.689592	0.014474	1	0.240895	0.249933	0.250156	0.259015	0.623503	0.326726	0.503484	0.322386	0.032173	0.252176	0.532321	0.724646	
3377000	-461.350889	1	2257	0.588744	0.062650	0.588744	0.588744	0.588744	0.588744	0.588744	0.000000	1	0.242567	0.250091	0.249515	0.257827	0.215044	0.801052	0.109063	0.216978	0.310809	0.670404	0.129334	0.826323	
3378000	-460.697027	1	1762	0.664950	0.030878	0.664950	0.664950	0.664950	0.664950	0.664950	0.000000	1	0.246146	0.249959	0.250087	0.253808	0.653922	0.086445	0.559979	0.290053	0.631353	0.121004	0.368114	0.562194	
3379000	-461.754894	1	2759	0.674614	0.000000	0.674614	0.674614	0.000000	0.674614	0.674614	0.015874	1	0.248432	0.255376	0.234202	0.261991	0.211086	0.603004	0.323446	0.134107	0.605848	0.580069	0.552788	0.373866	
3380000	-460.607837	1	1955	0.628211	0.035847	0.628211	0.628211	0.628211	0.628211	0.628211	0.000000	1	0.244661	0.249977	0.250015	0.255347	0.683956	0.469076	0.335481	0.817101	0.598580	0.428973	0.219782	0.960448	
3381000	-462.366239	1	2908	0.748759	0.015647	0.748759	0.748759	0.015647	0.015647	0.748759	0.000000	1	0.310737	0.334257	0.001163	0.353844	0.049627	0.168500	0.363948	0.435767	0.500024	0.258940	0.624005	0.682179	
3382000	-461.597140	1	3324	0.690016	0.000000	0.690016	0.690016	0.690016	0.690016	0.690016	0.050682	1	0.242270	0.250071	0.249982	0.257677	0.696116	0.474501	0.128984	0.475376	0.512200	0.034742	0.695986	0.665525	
3383000	-461.153349	1	2749	0.558896	0.019907	0.558896	0.558896	0.558896	0.558896	0.558896	0.019907	1	0.232873	0.250195	0.249117	0.267815	0.032931	0.325451	0.689536	0.060328	0.103318	0.103568	0.452177	0.337725	
3384000	-460.630175	1	3514	0.666824	0.037565	0.666824	0.666824	0.666824	0.666824	0.666824	0.000000	1	0.246269	0.249975	0.250021	0.253735	0.221738	0.942703	0.788155	0.772343	0.898802	0.305030	0.680293	0.499515	
3385000	-460.630175	1	3514	0.666824	0.037565	0.666824	0.666824	0.666824	0.666824	0.666824	0.000000	1	0.246269	0.249975	0.250021	0.253735	0.189437	0.179386	0.827992	0.768320	0.461358	0.617503	0.801614	0.702202	
3386000	-460.769461	1	2396	0.590290	0.012411	0.590290	0.590290	0.590290	0.590290	0.590290	0.012411	1	0.235807	0.249979	0.249814	0.264400	0.343203	0.588817	0.366680	0.770376	0.200611	0.008844	0.388272	0.919525	
3387000	-462.713593	1	1538	0.552592	0.037245	0.552592	0.552592	0.552592	0.552592	0.552592	0.037245	1	0.234282	0.250405	0.248696	0.266617	0.278684	0.544067	0.583375	0.304176	0.872053	0.690860	0.901832	0.625126	
3388000	-461.387657	1	3360	0.572634	0.021559	0.572634	0.572634	0.572634	0.572634	0.572634	0.000000	1	0.240729	0.249832	0.250577	0.258862	0.334321	0.091424	0.155420	0.363938	0.085966	0.158092	0.321406	0.261941	
3389000	-461.543183	1	972	0.648739	0.035937	0.648739	0.648739	0.648739	0.035937	0.648739	0.000000	1	0.250854	0.270873	0.188535	0.289738	0.508364	0.975633	0.979665	0.132135	0.815194	0.439473	0.156189	0.415271	
3390000	-462.210058	1	1322	0.690708	0.012215	0.690708	0.690708	0.690708	0.690708	0.690708	0.000000	1	0.246714	0.249850	0.250458	0.252978	0.103692	0.439859	0.095625	0.893778	0.500773	0.942493	0.825523	0.500179	
3391000	-461.000377	1	2494	0.702462	0.011901	0.702462	0.702462	0.702462	0.011901	0.702462	0.011901	1	0.257305	0.264819	0.206469	0.271407	0.235413	0.702886	0.804563	0.346604	0.075805	0.593535	0.410131	0.626816	
3392000	-461.061669	1	3712	0.629458	0.028989	0.629458	0.629458	0.629458	0.629458	0.629458	0.028989	1	0.240976	0.250069	0.249721	0.259234	0.178496	0.293976	0.298406	0.371556	0.947754	0.195539	0.831557	0.746929	
3393000	-462.030065	1	775	0.688221	0.010751	0.688221	0.688221	0.000000	0.000000	0.688221	0.000000	1	0.310773	0.334353	0.000000	0.354874	0.350041	0.657686	0.013642	0.053562	0.349205	0.769221	0.440897	0.060223	
3394000	-460.861545	1	545	0.588979	0.041225	0.588979	0.588979	0.588979	0.588979	0.588979	0.000000	1	0.242413	0.250040	0.249802	0.257745	0.131847	0.213461	0.072409	0.341137	0.958353	0.385005	0.585135	0.992398	
3395000	-462.875617	1	672	0.686671	0.000000	0.686671	0.686671	0.007521	0.007521	0.686671	0.007521	1	0.331575	0.334166	0.000276	0.333984	0.074841	0.340247	0.450569	0.764870	0.955826	0.601456	0.120529	0.668430	
3396000	-461.079204	1	2098	0.615819	0.007580	0.615819	0.615819	0.615819	0.007580	0.615819	0.007580	1	0.259274	0.274492	0.177493	0.288741	0.489186	0.481287	0.000761	0.742847	0.513889	0.916635	0.021138	0.236155	
3397000	-460.746076	1	1909	0.618690	0.028324	0.618690	0.618690	0.618690	0.618690	0.618690	0.000000	1	0.244065	0.249939	0.250163	0.255832	0.968546	0.517563	0.848033	0.121376	0.153152	0.948047	0.221050	0.625708	
3398000	-460.867288	1	859	0.592460	0.030170	0.592460	0.592460	0.592460	0.592460	0.592460	0.000000	1	0.242484	0.249964	0.250097	0.257455	0.764593	0.609616	0.466025	0.425371	0.069872	0.711979	0.237773	0.513743	
3399000	-461.328909	1	409	0.624529	0.070326	0.624529	0.624529	0.624529	0.624529	0.624529	0.000000	1	0.244701	0.250028	0.249717	0.255554	0.141829	0.198769	0.259201	0.110442	0.103505	0.425231	0.746674	0.284341	
3400000	-463.901922	1	3416	0.592273	0.046974	0.592273	0.592273	0.592273	0.592273	0.592273	0.000000	0	0.245195	0.250060	0.249927	0.254818	0.480557	0.129431	0.400822	0.424591	0.832579	0.641557	0.444478	0.506430	
3401000	-460.794968	1	1654	0.671943	0.024410	0.671943	0.671943	0.671943	0.671943	0.671943	0.024410	1	0.243405	0.250018	0.249900	0.256678	0.858833	0.377057	0.178812	0.905807	0.363915	0.129319	0.484269	0.000874	
3402000	-461.297521	1	3975	0.703701	0.029502	0.703701	0.703701	0.703701	0.703701	0.703701	0.029502	1	0.245135	0.250013	0.249937	0.254915	0.327356	0.619567	0.640927	0.004467	0.588515	0.076477	0.051026	0.126426	
3403000	-461.633946	1	1733	0.567191	0.062096	0.567191	0.567191	0.567191	0.567191	0.567191	0.000000	1	0.240917	0.250165	0.249272	0.259646	0.717785	0.954082	0.219518	0.338478	0.550407	0.687429	0.057397	0.517673	
3404000	-461.430433	1	3000	0.731464	0.015544	0.731464	0.731464	0.731464	0.000000	0.731464	0.015544	1	0.257210	0.263317	0.211110	0.268364	0.681714	0.727420	0.193809	0.666986	0.008659	0.466545	0.107441	0.167653	
3405000	-460.689309	1	3311	0.613515	0.032408	0.613515	0.613515	0.613515	0.613515	0.613515	0.000000	1	0.243841	0.249967	0.250062	0.256129	0.248432	0.246652	0.044508	0.696621	0.319588	0.290548	0.942552	0.945010	
3406000	-461.921416	1	2267	0.634937	0.000000	0.634937	0.634937	0.029896	0.634937	0.634937	0.029896	1	0.252340	0.258081	0.226779	0.262799	0.711236	0.484447	0.988606	0.262319	0.739545	0.452718	0.480181	0.668402	
3407000	-463.985546	1	2727	0.599452	0.022855	0.599452	0.599452	0.599452	0.599452	0.599452	0.022855	0	0.238791	0.250047	0.249747	0.261416	0.098077	0.749846	0.586772	0.754246	0.601987	0.342380	0.720423	0.102068	
3408000	-460.695735	1	2942	0.641041	0.028836	0.641041	0.641041	0.641041	0.641041	0.641041	0.000000	1	0.245175	0.249946	0.250135	0.254744	0.674156	0.481027	0.898398	0.791921	0.944905	0.238147	0.745648	0.889556	
3409000	-464.336814	1	2932	0.624501	0.019296	0.624501	0.624501	0.000000	0.019296	0.624501	0.019296	1	0.316259	0.338336	0.000504	0.344902	0.531378	0.336378	0.760250	0.427315	0.122901	0.669124	0.931825	0.685552	
3410000	-460.771756	1	2329	0.604557	0.045295	0.604557	0.604557	0.604557	0.604557	0.604557	0.000000	1	0.243468	0.250028	0.249817	0.256687	0.715615	0.101374	0.050736	0.546140	0.147578	0.780185	0.710597	0.380505	
3411000	-461.029372	1	3914	0.703354	0.027574	0.703354	0.703354	0.703354	0.703354	0.703354	0.000000	1	0.247261	0.249962	0.250087	0.252689	0.179298	0.278888	0.713393	0.826201	0.883905	0.853528	0.215759	0.938340	
3412000	-460.521200	1	1006	0.657248	0.016203	0.657248	0.657248	0.657248	0.657248	0.657248	0.016203	1	0.242043	0.249994	0.249940	0.258023	0.685696	0.277518	0.403650	0.377908	0.872577	0.560000	0.697207	0.614401	
3413000	-461.484156	1	47	0.662592	0.000000	0.662592	0.662592	0.662592	0.662592	0.662592	0.014932	1	0.238739	0.249909	0.250186	0.261166	0.720105	0.239419	0.605094	0.757581	0.351892	0.295440	0.751166	0.665854	
3414000	-463.773235	1	1854	0.776915	0.000000	0.776915	0.776915	0.020780	0.020780	0.776915	0.020780	1	0.347544	0.334496	0.002020	0.315940	0.968042	0.884664	0.530347	0.874745	0.904267	0.286879	0.885074	0.732558	
3415000	-461.012557	1	1449	0.660584	0.000000	0.660584	0.660584	0.660584	0.660584	0.660584	0.036613	1	0.239626	0.250054	0.249958	0.260362	0.779995	0.260021	0.479867	0.189101	0.418294	0.558304	0.637362	0.839569	
3416000	-460.746339	1	3620	0.615885	0.028740	0.615885	0.615885	0.615885	0.615885	0.615885	0.000000	1	0.243917	0.249943	0.250153	0.255987	0.492076	0.448044	0.076200	0.147750	0.400322	0.316207	0.472089	0.766817	
3417000	-460.634919	1	44	0.622585	0.041747	0.622585	0.622585	0.622585	0.622585	0.622585	0.000000	1	0.244439	0.249999	0.249925	0.255637	0.161763	0.005593	0.284703	0.577571	0.480568	0.955704	0.602176	0.184206	
3418000	-461.216699	1	1239	0.580058	0.026195	0.580058	0.580058	0.580058	0.580058	0.580058	0.026195	1	0.236233	0.250175	0.249312	0.264281	0.222874	0.048554	0.580981	0.814182	0.254916	0.780174	0.725404	0.562144	
3419000	-461.029021	1	911	0.674713	0.000000	0.674713	0.674713	0.674713	0.674713	0.674713	0.034103	1	0.240613	0.250037	0.249987	0.259363	0.189051	0.627845	0.372304	0.462496	0.821250	0.870780	0.383388	0.159852	
3420000	-461.193479	1	2047	0.599043	0.013079	0.599043	0.599043	0.599043	0.000000	0.599043	0.013079	1	0.259591	0.278061	0.167954	0.294395	0.460058	0.432035	0.846827	0.463660	0.666077	0.971787	0.745442	0.538865	
3421000	-461.031082	1	1224	0.686562	0.016980	0.686562	0.686562	0.000000	0.686562	0.686562	0.016980	1	0.251183	0.256387	0.231508	0.260922	0.014062	0.272832	0.997444	0.184800	0.420291	0.918572	0.683629	0.561462	
3422000	-460.786840	1	1474	0.688831	0.013218	0.688831	0.688831	0.688831	0.688831	0.688831	0.013218	1	0.243721	0.249977	0.250016	0.256286	0.057540	0.272423	0.312530	0.629476	0.184737	0.092409	0.659793	0.738788	
3423000	-460.745278	1	2832	0.663125	0.051497	0.663125	0.663125	0.663125	0.663125	0.663125	0.000000	1	0.246230	0.249992	0.249931	0.253847	0.384235	0.847688	0.202329	0.466722	0.462177	0.363397	0.305408	0.848108	
3424000	-461.544825	1	1460	0.653886	0.015152	0.653886	0.653886	0.653886	0.015152	0.653886	0.000000	1	0.256969	0.269320	0.192622	0.281088	0.493181	0.150749	0.547898	0.794318	0.810989	0.379584	0.454484	0.751910	
3425000	-461.329760	1	2596	0.579216	0.027535	0.579216	0.579216	0.579216	0.579216	0.579216	0.027535	1	0.236285	0.250188	0.249283	0.264245	0.664937	0.205574	0.204196	0.021412	0.748694	0.855396	0.074561	0.352963	
3426000	-465.380588	1	1829	0.576086	0.000000	0.576086	0.576086	0.576086	0.576086	0.576086	0.057644	0	0.231022	0.250294	0.249566	0.269117	0.354152	0.885353	0.153596	0.593124	0.253777	0.517727	0.372931	0.792693	
3427000	-461.271506	1	3410	0.738328	0.032347	0.738328	0.738328	0.738328	0.738328	0.738328	0.000000	1	0.248030	0.249979	0.250036	0.251956	0.325981	0.682061	0.139148	0.948024	0.911700	0.590573	0.158552	0.835449	
3428000	-461.569893	1	2279	0.615057	0.000000	0.615057	0.615057	0.615057	0.615057	0.615057	0.013435	1	0.233532	0.249796	0.250337	0.266335	0.765405	0.122987	0.490435	0.312491	0.988311	0.648527	0.726574	0.039419	
3429000	-460.893208	1	1457	0.589157	0.030432	0.589157	0.589157	0.589157	0.589157	0.589157	0.000000	1	0.242258	0.249969	0.250082	0.257690	0.318811	0.058126	0.581284	0.094259	0.432671	0.217525	0.208201	0.219060	
3430000	-461.401640	1	2153	0.575912	0.012296	0.575912	0.575912	0.575912	0.012296	0.575912	0.012296	1	0.257770	0.279797	0.162718	0.299714	0.150039	0.866010	0.241432	0.461466	0.556491	0.681205	0.813688	0.261667	
3431000	-460.760569	1	3422	0.643732	0.026708	0.643732	0.643732	0.643732	0.643732	0.643732	0.000000	1	0.245264	0.249935	0.250175	0.254626	0.378860	0.517242	0.174902	0.408089	0.747940	0.524809	0.386787	0.376697	
3432000	-461.389838	1	2424	0.601852	0.006139	0.601852	0.601852	0.601852	0.006139	0.601852	0.006139	1	0.259442	0.276376	0.171653	0.292529	0.659926	0.124938	0.334566	0.409413	0.586966	0.856476	0.226328	0.264853	
3433000	-461.819721	1	1808	0.593832	0.020485	0.593832	0.593832	0.000000	0.593832	0.593832	0.020485	1	0.251471	0.262615	0.214061	0.271853	0.185254	0.923891	0.655587	0.468856	0.663404	0.740427	0.318466	0.892235	
3434000	-461.544879	1	1391	0.645388	0.006327	0.645388	0.645388	0.645388	0.645388	0.645388	0.006327	1	0.240396	0.249836	0.250366	0.259403	0.004783	0.811081	0.283131	0.662600	0.578271	0.996383	0.942589	0.909982	
3435000	-461.761353	1	2296	0.588558	0.024641	0.588558	0.588558	0.588558	0.024641	0.588558	0.000000	1	0.251893	0.278153	0.166470	0.303484	0.255298	0.644826	0.441202	0.466679	0.440321	0.958568	0.456849	0.487912	
3436000	-463.386211	1	1393	0.516726	0.034991	0.516726	0.516726	0.516726	0.516726	0.516726	0.034991	1	0.228853	0.250767	0.247561	0.272818	0.561734	0.431058	0.169939	0.486969	0.401082	0.900264	0.286333	0.401773	
3437000	-461.141594	1	3007	0.734234	0.019001	0.734234	0.734234	0.734234	0.734234	0.734234	0.019001	1	0.245900	0.249996	0.249990	0.254114	0.464948	0.094664	0.654635	0.226857	0.842088	0.654765	0.410506	0.130372	
3438000	-462.022419	1	3517	0.618234	0.039351	0.618234	0.618234	0.618234	0.000000	0.618234	0.000000	1	0.250138	0.280050	0.161396	0.308415	0.327978	0.734641	0.587483	0.832142	0.414432	0.107445	0.878888	0.693143	
3439000	-461.111519	1	3606	0.693073	0.023616	0.693073	0.693073	0.693073	0.693073	0.693073	0.000000	1	0.246956	0.249946	0.250144	0.252954	0.319515	0.866032	0.090993	0.737043	0.016774	0.100228	0.717250	0.371130	
3440000	-460.797062	1	345	0.660971	0.054256	0.660971	0.660971	0.660971	0.660971	0.660971	0.000000	1	0.246168	0.249995	0.249914	0.253923	0.620946	0.858782	0.240032	0.390256	0.948590	0.440753	0.355164	0.835014	
3441000	-460.650150	1	2262	0.626104	0.031934	0.626104	0.626104	0.626104	0.626104	0.626104	0.000000	1	0.244509	0.249961	0.250080	0.255450	0.035893	0.002859	0.780550	0.084998	0.493583	0.049851	0.872237	0.390193	
3442000	-460.807782	1	2341	0.668817	0.027286	0.668817	0.668817	0.668817	0.668817	0.668817	0.000000	1	0.246244	0.249948	0.250130	0.253678	0.761266	0.899808	0.485633	0.876573	0.935599	0.273195	0.308187	0.852745	
3443000	-460.794124	1	2807	0.682884	0.030494	0.682884	0.682884	0.682884	0.682884	0.682884	0.000000	1	0.246726	0.249963	0.250079	0.253232	0.503700	0.136409	0.699586	0.308392	0.776436	0.646668	0.669668	0.653906	
3444000	-460.912205	1	336	0.646016	0.059262	0.646016	0.646016	0.646016	0.646016	0.646016	0.000000	1	0.245624	0.250005	0.249856	0.254515	0.899452	0.334268	0.483580	0.142047	0.328288	0.126416	0.203838	0.823422	
3445000	-460.903456	1	94	0.705375	0.047368	0.705375	0.705375	0.705375	0.705375	0.705375	0.000000	1	0.247425	0.249985	0.249986	0.252604	0.602299	0.226530	0.255132	0.139079	0.525471	0.932481	0.391642	0.774374	
3446000	-462.742360	1	3004	0.583232	0.009481	0.583232	0.583232	0.583232	0.583232	0.583232	0.000000	1	0.240733	0.249131	0.252739	0.257396	0.716528	0.469439	0.528185	0.686935	0.365709	0.216244	0.336187	0.876025	
3447000	-461.862934	1	223	0.657069	0.014802	0.657069	0.657069	0.014802	0.000000	0.657069	0.000000	1	0.301088	0.334516	0.000223	0.364172	0.028019	0.162116	0.787434	0.232808	0.443396	0.214755	0.656394	0.006696	
3448000	-461.569893	1	2279	0.615057	0.000000	0.615057	0.615057	0.615057	0.615057	0.615057	0.013435	1	0.233532	0.249796	0.250337	0.266335	0.202025	0.534840	0.645005	0.250269	0.971896	0.313368	0.906195	0.716615	
3449000	-460.900630	1	639	0.633265	0.000000	0.633265	0.633265	0.633265	0.633265	0.633265	0.025671	1	0.236519	0.250002	0.249970	0.263508	0.842211	0.227581	0.107381	0.195170	0.005570	0.940497	0.518442	0.722760	
3450000	-460.898677	1	2409	0.631489	0.009080	0.631489	0.631489	0.631489	0.009080	0.631489	0.009080	1	0.258995	0.272474	0.183681	0.284849	0.341761	0.340136	0.417809	0.619297	0.374311	0.429822	0.452849	0.812144	
3451000	-461.443122	1	396	0.723225	0.000000	0.723225	0.723225	0.723225	0.723225	0.723225	0.035139	1	0.243647	0.250024	0.250016	0.256312	0.433716	0.980750	0.157470	0.887005	0.549761	0.000254	0.060730	0.939515	
3452000	-462.649965	1	329	0.735211	0.022618	0.735211	0.735211	0.000000	0.000000	0.735211	0.000000	1	0.300203	0.335196	0.000000	0.364601	0.368024	0.107944	0.085419	0.854526	0.406382	0.045543	0.158054	0.917726	
3453000	-460.661230	1	3709	0.660719	0.046554	0.660719	0.660719	0.660719	0.660719	0.660719	0.000000	1	0.246118	0.249989	0.249954	0.253940	0.662994	0.578689	0.281221	0.209344	0.070532	0.029217	0.797464	0.086564	
3454000	-462.150454	1	2814	0.651881	0.000000	0.651881	0.651881	0.651881	0.651881	0.651881	0.064169	1	0.240217	0.250150	0.249903	0.259730	0.427237	0.309379	0.932246	0.751422	0.243057	0.712339	0.020264	0.468932	
3455000	-461.720538	1	656	0.582226	0.070556	0.582226	0.582226	0.582226	0.582226	0.582226	0.000000	1	0.242131	0.250117	0.249378	0.258374	0.141348	0.225641	0.318344	0.403414	0.166228	0.893854	0.771569	0.474086	
3456000	-461.137009	1	46	0.654084	0.000000	0.654084	0.654084	0.654084	0.654084	0.654084	0.019117	1	0.238194	0.249949	0.250094	0.261763	0.802372	0.545954	0.407119	0.582920	0.020326	0.918142	0.515660	0.156761	
3457000	-460.890034	1	1079	0.707873	0.037199	0.707873	0.707873	0.707873	0.707873	0.707873	0.000000	1	0.247434	0.249978	0.250024	0.252564	0.765978	0.928935	0.763575	0.097024	0.495598	0.684173	0.602132	0.782037	
3458000	-460.739513	1	3642	0.679695	0.032333	0.679695	0.679695	0.679695	0.679695	0.679695	0.000000	1	0.246645	0.249966	0.250064	0.253325	0.700218	0.087169	0.172196	0.156788	0.699483	0.304029	0.737887	0.962855	
3459000	-460.599199	1	1366	0.650666	0.035577	0.650666	0.650666	0.650666	0.650666	0.650666	0.000000	1	0.245655	0.249972	0.250034	0.254339	0.006969	0.259782	0.310715	0.419645	0.870885	0.740050	0.570652	0.119567	
3460000	-462.568619	1	2699	0.627167	0.000000	0.627167	0.627167	0.000000	0.627167	0.627167	0.036754	1	0.260194	0.262879	0.213133	0.263793	0.005931	0.454169	0.965313	0.625116	0.976039	0.637438	0.066534	0.477412	
3461000	-461.314639	1	1318	0.605356	0.000000	0.605356	0.605356	0.605356	0.605356	0.605356	0.043582	1	0.234615	0.250166	0.249708	0.265512	0.560250	0.716305	0.590909	0.695950	0.418802	0.772503	0.813570	0.364154	
3462000	-461.098421	1	1568	0.719693	0.023465	0.719693	0.719693	0.719693	0.719693	0.719693	0.023465	1	0.245533	0.250003	0.249968	0.254496	0.135273	0.235007	0.726825	0.419696	0.458821	0.939564	0.206696	0.336156	
3463000	-461.415531	1	1260	0.695576	0.019823	0.695576	0.695576	0.695576	0.000000	0.695576	0.000000	1	0.256651	0.267129	0.199284	0.276935	0.436001	0.313648	0.264189	0.573660	0.172447	0.749077	0.004860	0.826283	
3464000	-460.887310	1	1971	0.687606	0.024601	0.687606	0.687606	0.687606	0.687606	0.687606	0.024601	1	0.244217	0.250012	0.249928	0.255843	0.375682	0.837716	0.196013	0.194619	0.674103	0.107603	0.369556	0.981086	
3465000	-460.935960	1	1462	0.653353	0.027550	0.653353	0.653353	0.653353	0.653353	0.653353	0.027550	1	0.242499	0.250037	0.249833	0.257630	0.422659	0.356747	0.333631	0.372176	0.966937	0.248314	0.790909	0.640640	
3466000	-460.952631	1	1312	0.645295	0.000000	0.645295	0.645295	0.645295	0.645295	0.645295	0.035138	1	0.238234	0.250058	0.249929	0.261779	0.087355	0.624581	0.147812	0.538001	0.074845	0.907346	0.754528	0.937597	
3467000	-463.149244	1	1774	0.652132	0.000000	0.652132	0.652132	0.000000	0.000000	0.652132	0.021121	1	0.351240	0.335913	0.000000	0.312846	0.658201	0.178630	0.904358	0.301236	0.657020	0.950306	0.681080	0.547618	
3468000	-460.501855	1	2499	0.622941	0.016817	0.622941	0.622941	0.622941	0.622941	0.622941	0.016817	1	0.239508	0.250014	0.249827	0.260651	0.617777	0.711778	0.277913	0.094738	0.501140	0.657952	0.534409	0.510088	
3469000	-461.673480	1	3968	0.709782	0.022063	0.709782	0.709782	0.000000	0.709782	0.709782	0.022063	1	0.251847	0.255787	0.233391	0.258975	0.302642	0.183224	0.057239	0.497398	0.542691	0.855473	0.660569	0.483540	
3470000	-461.773639	1	3369	0.547961	0.011208	0.547961	0.547961	0.000000	0.547961	0.547961	0.011208	1	0.245981	0.264772	0.206924	0.282323	0.067672	0.356701	0.706613	0.768145	0.730264	0.421803	0.129066	0.498273	
3471000	-461.725971	1	184	0.538867	0.027983	0.538867	0.538867	0.538867	0.538867	0.538867	0.000000	1	0.237674	0.250044	0.249970	0.262311	0.250667	0.551591	0.249332	0.243212	0.471200	0.339018	0.118660	0.147673	
3472000	-460.993680	1	3163	0.690268	0.025705	0.690268	0.690268	0.690268	0.690268	0.690268	0.000000	1	0.246898	0.249952	0.250122	0.253028	0.039793	0.194888	0.658407	0.020604	0.981875	0.405416	0.785913	0.548727	
3473000	-461.572905	1	2291	0.699977	0.016381	0.699977	0.699977	0.699977	0.000000	0.699977	0.000000	1	0.257079	0.266145	0.202108	0.274669	0.178266	0.407216	0.995755	0.523232	0.400573	0.483140	0.487738	0.915457	
3474000	-460.670176	1	3703	0.649914	0.048238	0.649914	0.649914	0.649914	0.649914	0.649914	0.000000	1	0.245722	0.249994	0.249926	0.254358	0.759768	0.815803	0.793842	0.665538	0.859747	0.259895	0.084317	0.778862	
3475000	-461.232319	1	1961	0.738715	0.015191	0.738715	0.738715	0.738715	0.738715	0.738715	0.015191	1	0.245926	0.249990	0.250008	0.254076	0.589358	0.990931	0.855745	0.384508	0.174516	0.915996	0.978002	0.238550	
3476000	-460.985163	1	424	0.712829	0.032818	0.712829	0.712829	0.712829	0.712829	0.712829	0.000000	1	0.247522	0.249974	0.250045	0.252460	0.021040	0.702911	0.904236	0.306854	0.258065	0.177303	0.874613	0.534645	
3477000	-461.563120	1	1553	0.686294	0.034271	0.686294	0.686294	0.686294	0.000000	0.686294	0.000000	1	0.254158	0.270319	0.190248	0.285275	0.069073	0.726542	0.348404	0.423242	0.585415	0.273462	0.361746	0.633737	
3478000	-462.459183	1	201	0.755864	0.015687	0.755864	0.755864	0.000000	0.015687	0.755864	0.000000	1	0.311109	0.334568	0.000339	0.353984	0.120648	0.580585	0.195386	0.694662	0.409961	0.146424	0.447948	0.063996	
3479000	-461.354665	1	3122	0.553326	0.038575	0.553326	0.553326	0.553326	0.553326	0.553326	0.000000	1	0.239434	0.250131	0.249573	0.260862	0.576265	0.753748	0.400335	0.614400	0.092260	0.919548	0.691874	0.660134	
3480000	-462.615465	1	2823	0.568143	0.011719	0.568143	0.568143	0.000000	0.011719	0.568143	0.000000	1	0.290074	0.334055	0.000209	0.375662	0.569996	0.801564	0.899030	0.098900	0.996433	0.429057	0.724018	0.781176	
3481000	-461.689609	1	2520	0.591835	0.072805	0.591835	0.591835	0.591835	0.591835	0.591835	0.000000	1	0.242813	0.250090	0.249463	0.257635	0.859465	0.473982	0.368037	0.156726	0.885385	0.680616	0.641851	0.413090	
3482000	-462.039601	1	2307	0.646549	0.009985	0.646549	0.646549	0.009985	0.000000	0.646549	0.009985	1	0.319434	0.335872	0.000112	0.344582	0.782891	0.408808	0.742279	0.504670	0.082369	0.599641	0.351464	0.144388	
3483000	-462.047749	1	2737	0.552047	0.000000	0.552047	0.552047	0.552047	0.552047	0.552047	0.044585	1	0.227260	0.250395	0.249014	0.273330	0.584227	0.963934	0.436740	0.472599	0.805024	0.659158	0.634021	0.052105	
3484000	-461.822988	1	3765	0.739153	0.034452	0.739153	0.739153	0.739153	0.000000	0.739153	0.000000	1	0.254177	0.264873	0.206305	0.274645	0.185969	0.335202	0.633563	0.153086	0.655560	0.297877	0.770353	0.215351	
3485000	-461.679109	1	951	0.602416	0.026406	0.602416	0.602416	0.602416	0.000000	0.602416	0.000000	1	0.253785	0.279934	0.161338	0.304944	0.224336	0.453504	0.658475	0.539370	0.239632	0.994937	0.669166	0.452829	
3486000	-461.232319	1	1961	0.738715	0.015191	0.738715	0.738715	0.738715	0.738715	0.738715	0.015191	1	0.245926	0.249990	0.250008	0.254076	0.218419	0.684697	0.787550	0.623770	0.650434	0.169149	0.371869	0.742498	
3487000	-461.734307	1	2332	0.663787	0.041374	0.663787	0.663787	0.663787	0.041374	0.663787	0.000000	1	0.250000	0.269316	0.193267	0.287417	0.424086	0.227926	0.335652	0.608875	0.909602	0.707266	0.119541	0.069571	
3488000	-461.863694	1	3388	0.738600	0.015851	0.738600	0.738600	0.738600	0.015851	0.738600	0.000000	1	0.255180	0.261319	0.216412	0.267089	0.669265	0.559597	0.170861	0.180607	0.609428	0.784568	0.798602	0.336597	
3489000	-462.245548	1	1871	0.677363	0.022140	0.677363	0.677363	0.000000	0.000000	0.677363	0.000000	1	0.292728	0.335078	0.000000	0.372194	0.004712	0.144891	0.969418	0.310581	0.412540	0.625648	0.102043	0.941581	
3490000	-460.891704	1	3052	0.635346	0.000000	0.635346	0.635346	0.635346	0.635346	0.635346	0.030738	1	0.237035	0.250039	0.249927	0.262999	0.340913	0.488108	0.956027	0.505196	0.788575	0.748489	0.482305	0.140634	
3491000	-461.485130	1	3356	0.709580	0.006018	0.709580	0.709580	0.709580	0.000000	0.709580	0.006018	1	0.257984	0.264741	0.206216	0.271059	0.186048	0.151504	0.975748	0.502703	0.294051	0.920954	0.649392	0.647226	
3492000	-462.713336	1	3035	0.512251	0.055048	0.512251	0.512251	0.512251	0.512251	0.512251	0.000000	1	0.234918	0.250574	0.248115	0.266393	0.315721	0.056064	0.474070	0.968523	0.460381	0.650574	0.534271	0.129529	
3493000	-461.285484	1	3196	0.575025	0.022922	0.575025	0.575025	0.575025	0.575025	0.575025	0.000000	1	0.240980	0.249866	0.250461	0.258693	0.470960	0.530161	0.641593	0.091206	0.348486	0.466803	0.390023	0.294722	
3494000	-461.271506	1	3410	0.738328	0.032347	0.738328	0.738328	0.738328	0.738328	0.738328	0.000000	1	0.248030	0.249979	0.250036	0.251956	0.709917	0.404514	0.763364	0.257355	0.748690	0.719798	0.660154	0.279039	
3495000	-461.378955	1	1701	0.660838	0.007175	0.660838	0.660838	0.660838	0.660838	0.660838	0.007175	1	0.241629	0.249888	0.250239	0.258245	0.550151	0.563454	0.667483	0.130620	0.514403	0.583119	0.293792	0.622658	
3496000	-461.969469	1	3868	0.748608	0.000000	0.748608	0.748608	0.748608	0.748608	0.748608	0.020465	1	0.244488	0.249992	0.250048	0.255472	0.576747	0.114982	0.405836	0.937625	0.948616	0.308129	0.254268	0.200370	
3497000	-461.336101	1	52	0.659803	0.026097	0.659803	0.659803	0.659803	0.000000	0.659803	0.000000	1	0.255612	0.272174	0.184511	0.287704	0.016162	0.033517	0.239342	0.934110	0.154451	0.172244	0.404277	0.797615	
3498000	-464.032379	1	3655	0.672302	0.070469	0.672302	0.672302	0.672302	0.672302	0.672302	0.000000	0	0.247866	0.250009	0.249935	0.252191	0.042436	0.062038	0.424533	0.215647	0.502167	0.360625	0.793688	0.800536	
3499000	-460.712565	1	510	0.650850	0.050683	0.650850	0.650850	0.650850	0.650850	0.650850	0.000000	1	0.245773	0.249996	0.249913	0.254318	0.522004	0.733618	0.514686	0.821903	0.118551	0.389141	0.346030	0.055766	
3500000	-461.583979	1	1251	0.611721	0.015282	0.611721	0.611721	0.611721	0.611721	0.611721	0.000000	1	0.243314	0.249720	0.250891	0.256076	0.122192	0.012600	0.297494	0.659767	0.810286	0.433595	0.751094	0.211773	
3501000	-462.451013	1	2346	0.821773	0.046704	0.821773	0.821773	0.821773	0.821773	0.821773	0.000000	1	0.249094	0.249992	0.250000	0.250914	0.216141	0.137121	0.350400	0.947315	0.051240	0.959432	0.232140	0.761432	
3502000	-460.732505	1	2943	0.690427	0.020072	0.690427	0.690427	0.690427	0.690427	0.690427	0.020072	1	0.244142	0.250001	0.249954	0.255902	0.277814	0.510030	0.634435	0.133188	0.887506	0.839077	0.704701	0.934899	
3503000	-460.558978	1	3312	0.657263	0.014279	0.657263	0.657263	0.657263	0.657263	0.657263	0.014279	1	0.241916	0.249981	0.249972	0.258131	0.479823	0.368028	0.346977	0.520279	0.460521	0.906374	0.559708	0.608628	
3504000	-461.698999	1	2682	0.546285	0.000000	0.546285	0.546285	0.546285	0.546285	0.546285	0.024042	1	0.223800	0.250053	0.249314	0.276833	0.247563	0.648034	0.641255	0.018351	0.406428	0.910390	0.481904	0.619760	
3505000	-460.900312	1	3647	0.586804	0.022449	0.586804	0.586804	0.586804	0.586804	0.586804	0.022449	1	0.236566	0.250123	0.249453	0.263859	0.607079	0.983232	0.671415	0.659449	0.868683	0.685952	0.107741	0.940578	
3506000	-460.857267	1	1563	0.600227	0.027858	0.600227	0.600227	0.600227	0.600227	0.600227	0.000000	1	0.242958	0.249937	0.250184	0.256921	0.360471	0.088546	0.826411	0.543638	0.903564	0.023019	0.203305	0.265865	
3507000	-460.912447	1	2200	0.708163	0.034905	0.708163	0.708163	0.708163	0.708163	0.708163	0.000000	1	0.247427	0.249976	0.250035	0.252562	0.916373	0.319440	0.258312	0.563257	0.616499	0.856274	0.936148	0.604185	
3508000	-461.004897	1	3239	0.589837	0.025829	0.589837	0.589837	0.589837	0.589837	0.589837	0.000000	1	0.242205	0.249916	0.250271	0.257609	0.351377	0.580116	0.540415	0.596825	0.338863	0.043954	0.456687	0.357236	
3509000	-460.791989	1	1772	0.696515	0.038690	0.696515	0.696515	0.696515	0.696515	0.696515	0.000000	1	0.247163	0.249978	0.250018	0.252841	0.488125	0.830006	0.427586	0.391673	0.239708	0.635316	0.434035	0.821060	
3510000	-460.906339	1	1588	0.650656	0.000000	0.650656	0.650656	0.650656	0.650656	0.650656	0.027112	1	0.238304	0.250010	0.249990	0.261696	0.197906	0.733734	0.814996	0.739426	0.973865	0.338811	0.796266	0.891354	
3511000	-461.069379	1	666	0.684514	0.023230	0.684514	0.684514	0.684514	0.684514	0.684514	0.000000	1	0.246704	0.249939	0.250166	0.253191	0.691616	0.047722	0.735607	0.340271	0.362597	0.337587	0.111162	0.658074	
3512000	-461.245522	1	1473	0.671868	0.069369	0.671868	0.671868	0.671868	0.671868	0.671868	0.000000	1	0.246590	0.249995	0.249884	0.253532	0.246579	0.542731	0.777273	0.702299	0.470692	0.443727	0.219511	0.611786	
3513000	-460.736096	1	480	0.665849	0.029313	0.665849	0.665849	0.665849	0.665849	0.665849	0.000000	1	0.246162	0.249954	0.250106	0.253778	0.525254	0.335961	0.334884	0.425132	0.024175	0.002457	0.801459	0.788775	
3514000	-460.911178	1	3779	0.625800	0.010884	0.625800	0.625800	0.625800	0.000000	0.625800	0.010884	1	0.259816	0.274288	0.178616	0.287280	0.207305	0.038689	0.647017	0.025637	0.634468	0.850394	0.259445	0.892793	
3515000	-460.628930	1	3894	0.666964	0.038383	0.666964	0.666964	0.666964	0.666964	0.666964	0.000000	1	0.246280	0.249977	0.250014	0.253729	0.140482	0.244612	0.618538	0.146539	0.218471	0.440845	0.285635	0.513001	
3516000	-462.188163	1	1667	0.630235	0.021803	0.630235	0.630235	0.000000	0.021803	0.630235	0.000000	1	0.285863	0.334568	0.000723	0.378846	0.834793	0.678105	0.990995	0.900234	0.740155	0.545846	0.663347	0.680297	
3517000	-460.509485	1	386	0.625385	0.018115	0.625385	0.625385	0.625385	0.625385	0.625385	0.018115	1	0.239824	0.250022	0.249813	0.260340	0.940168	0.601089	0.782419	0.940782	0.079139	0.948152	0.034871	0.565738	
3518000	-462.130180	1	2770	0.691042	0.009631	0.691042	0.691042	0.009631	0.000000	0.691042	0.000000	1	0.312885	0.334212	0.000101	0.352802	0.487009	0.585703	0.470916	0.588528	0.789966	0.668546	0.783367	0.254566	
3519000	-461.060168	1	130	0.642519	0.020613	0.642519	0.642519	0.642519	0.642519	0.642519	0.000000	1	0.245107	0.249884	0.250349	0.254659	0.639835	0.342584	0.332808	0.032511	0.549288	0.416940	0.541345	0.025651	
3520000	-460.623155	1	2614	0.658024	0.034397	0.658024	0.658024	0.658024	0.658024	0.658024	0.000000	1	0.245928	0.249968	0.250049	0.254055	0.969987	0.536858	0.012614	0.381635	0.192210	0.200124	0.576236	0.182613	
3521000	-461.169485	1	2039	0.732917	0.048000	0.732917	0.732917	0.732917	0.732917	0.732917	0.000000	1	0.247998	0.249986	0.249993	0.252023	0.878717	0.694386	0.859895	0.763277	0.439655	0.201789	0.164699	0.407164	
3522000	-461.606436	1	3280	0.761591	0.031131	0.761591	0.761591	0.761591	0.761591	0.761591	0.000000	1	0.248396	0.249982	0.250030	0.251591	0.471413	0.178889	0.980569	0.975066	0.392708	0.219828	0.993708	0.339170	
3523000	-461.089265	1	290	0.639892	0.017962	0.639892	0.639892	0.017962	0.639892	0.639892	0.017962	1	0.250079	0.257759	0.227673	0.264489	0.383266	0.498206	0.738394	0.609852	0.661663	0.119960	0.116224	0.552436	
3524000	-461.196621	1	3937	0.747901	0.011578	0.747901	0.747901	0.000000	0.747901	0.747901	0.011578	1	0.249958	0.253270	0.240406	0.256367	0.974847	0.136025	0.733652	0.360389	0.725829	0.517123	0.731226	0.553252	
3525000	-460.964993	1	2601	0.638222	0.000000	0.638222	0.638222	0.638222	0.638222	0.638222	0.035869	1	0.237611	0.250068	0.249905	0.262417	0.381706	0.407574	0.228365	0.863510	0.347162	0.659477	0.600073	0.553115	
3526000	-461.499766	1	3520	0.721411	0.000000	0.721411	0.721411	0.721411	0.721411	0.721411	0.023233	1	0.243216	0.249996	0.250045	0.256743	0.163107	0.808265	0.881324	0.138537	0.575638	0.326936	0.557625	0.474077	
3527000	-461.446463	1	1072	0.551398	0.029098	0.551398	0.551398	0.551398	0.551398	0.551398	0.000000	1	0.239030	0.250022	0.249992	0.260956	0.144967	0.990807	0.827030	0.439126	0.692110	0.105467	0.067815	0.537396	
3528000	-461.200152	1	1144	0.646153	0.000000	0.646153	0.646153	0.646153	0.646153	0.646153	0.044036	1	0.238772	0.250096	0.249904	0.261228	0.739482	0.071027	0.275759	0.467876	0.249166	0.370101	0.716437	0.544664	
3529000	-461.294680	1	690	0.645965	0.017234	0.645965	0.645965	0.645965	0.000000	0.645965	0.017234	1	0.259311	0.272147	0.185732	0.282810	0.969886	0.644869	0.982913	0.486527	0.254753	0.036610	0.465391	0.985068	
3530000	-462.477508	1	590	0.573526	0.023648	0.573526	0.573526	0.023648	0.573526	0.573526	0.023648	1	0.249722	0.262397	0.215125	0.272757	0.952426	0.880336	0.909102	0.091122	0.808637	0.260361	0.726597	0.573440	
3531000	-461.759611	1	2755	0.668788	0.000000	0.668788	0.668788	0.000000	0.668788	0.668788	0.024910	1	0.252649	0.257564	0.228020	0.261767	0.728096	0.789843	0.521001	0.424362	0.169067	0.187874	0.881015	0.329804	
3532000	-462.156421	1	758	0.723979	0.005095	0.723979	0.723979	0.000000	0.005095	0.723979	0.005095	1	0.326028	0.334466	0.000034	0.339472	0.232274	0.909997	0.791985	0.426711	0.855011	0.417583	0.955008	0.784313	
3533000	-461.179872	1	2558	0.703035	0.015352	0.703035	0.703035	0.703035	0.015352	0.703035	0.015352	1	0.256987	0.264649	0.207245	0.271120	0.807282	0.532410	0.654680	0.512783	0.142034	0.237176	0.494764	0.804078	
3534000	-461.032198	1	1132	0.662666	0.063202	0.662666	0.662666	0.662666	0.662666	0.662666	0.000000	1	0.246265	0.249997	0.249882	0.253855	0.754027	0.105691	0.128388	0.910799	0.024701	0.793482	0.826437	0.686862	
3535000	-461.118123	1	1962	0.572558	0.045614	0.572558	0.572558	0.572558	0.572558	0.572558	0.000000	1	0.241230	0.250101	0.249593	0.259076	0.407620	0.189797	0.888071	0.149242	0.103595	0.906456	0.143057	0.770752	
3536000	-462.058862	1	1548	0.545779	0.000000	0.545779	0.545779	0.545779	0.545779	0.545779	0.041888	1	0.225890	0.250401	0.248901	0.274808	0.359298	0.186167	0.491855	0.581813	0.269235	0.532272	0.422088	0.968124	
3537000	-461.022220	1	2843	0.633251	0.021175	0.633251	0.633251	0.633251	0.633251	0.633251	0.000000	1	0.244683	0.249880	0.250364	0.255073	0.257579	0.129379	0.424477	0.410153	0.754283	0.584005	0.444393	0.124322	
3538000	-460.989493	1	2766	0.711990	0.008658	0.711990	0.711990	0.008658	0.711990	0.711990	0.008658	1	0.248908	0.253629	0.239298	0.258166	0.815143	0.155849	0.708565	0.678043	0.898874	0.276964	0.262415	0.276839	
3539000	-461.448610	1	1	0.560169	0.000000	0.560169	0.560169	0.560169	0.560169	0.560169	0.024928	1	0.226440	0.250045	0.249498	0.274017	0.349091	0.149542	0.435059	0.416605	0.078667	0.662121	0.470189	0.285813	
3540000	-461.532599	1	3990	0.746715	0.011819	0.746715	0.746715	0.746715	0.746715	0.746715	0.011819	1	0.246082	0.249983	0.250029	0.253906	0.330554	0.646071	0.973808	0.260276	0.496924	0.151889	0.887304	0.638612	
3541000	-461.228775	1	3279	0.714564	0.060790	0.714564	0.714564	0.714564	0.714564	0.714564	0.000000	1	0.247679	0.249988	0.249960	0.252374	0.768305	0.558305	0.318317	0.772293	0.517998	0.321237	0.522093	0.751094	
3542000	-462.110886	1	962	0.611820	0.009690	0.611820	0.611820	0.009690	0.000000	0.611820	0.009690	1	0.315224	0.335967	0.000103	0.348706	0.229858	0.585758	0.416418	0.531980	0.175280	0.587217	0.677947	0.845994	
3543000	-461.583409	1	2619	0.613456	0.027142	0.613456	0.613456	0.613456	0.000000	0.613456	0.000000	1	0.254085	0.278491	0.165699	0.301724	0.333591	0.031287	0.314273	0.087341	0.376646	0.876918	0.649788	0.789499	
3544000	-461.459728	1	1188	0.552221	0.045608	0.552221	0.552221	0.552221	0.552221	0.552221	0.000000	1	0.239431	0.250185	0.249350	0.261034	0.725743	0.359105	0.357283	0.480342	0.468471	0.244980	0.436394	0.024272	
3545000	-462.056007	1	3415	0.798200	0.047524	0.798200	0.798200	0.798200	0.798200	0.798200	0.000000	1	0.248885	0.249991	0.249999	0.251125	0.832897	0.823340	0.043568	0.914451	0.151989	0.766457	0.208374	0.364823	
3546000	-461.127936	1	3842	0.567228	0.010801	0.567228	0.567228	0.567228	0.567228	0.567228	0.010801	1	0.232679	0.249953	0.249768	0.267600	0.036243	0.315413	0.801028	0.042992	0.719216	0.352947	0.063132	0.639395	
3547000	-461.555814	1	1779	0.764337	0.048169	0.764337	0.764337	0.764337	0.764337	0.764337	0.000000	1	0.248493	0.249988	0.249997	0.251522	0.364428	0.931502	0.840837	0.301237	0.786280	0.752469	0.275596	0.270537	
3548000	-461.280605	1	1379	0.702819	0.000000	0.702819	0.702819	0.702819	0.702819	0.702819	0.037484	1	0.242597	0.250035	0.250005	0.257363	0.184708	0.988872	0.719943	0.087121	0.793566	0.887355	0.415065	0.224285	
3549000	-461.191565	1	3756	0.728995	0.013296	0.728995	0.728995	0.728995	0.728995	0.728995	0.013296	1	0.245511	0.249984	0.250020	0.254485	0.801077	0.573043	0.226083	0.219804	0.383229	0.524935	0.244517	0.020057	
3550000	-460.982357	1	1017	0.586601	0.027552	0.586601	0.586601	0.586601	0.586601	0.586601	0.000000	1	0.242012	0.249940	0.250191	0.257857	0.618470	0.857431	0.494996	0.890820	0.932546	0.108575	0.241988	0.407351	
3551000	-462.431547	1	719	0.754631	0.013570	0.754631	0.754631	0.000000	0.013570	0.754631	0.000000	1	0.313435	0.334445	0.000252	0.351868	0.189567	0.294904	0.142321	0.456008	0.399891	0.887187	0.305889	0.490158	
3552000	-461.493695	1	3741	0.555223	0.024936	0.555223	0.555223	0.555223	0.555223	0.555223	0.000000	1	0.239271	0.249927	0.250303	0.260498	0.758859	0.287272	0.141261	0.470119	0.121341	0.898173	0.208021	0.680602	
3553000	-460.681263	1	2068	0.661072	0.012104	0.661072	0.661072	0.012104	0.661072	0.661072	0.012104	1	0.249300	0.256267	0.231687	0.262747	0.788908	0.002343	0.655114	0.629374	0.867127	0.606982	0.296810	0.088255	
3554000	-461.664711	1	3012	0.756917	0.019175	0.756917	0.756917	0.019175	0.756917	0.756917	0.019175	1	0.250318	0.253031	0.241238	0.255413	0.859092	0.374454	0.986678	0.110771	0.399126	0.344551	0.933442	0.642254	
3555000	-460.929409	1	2276	0.713022	0.038749	0.713022	0.713022	0.713022	0.713022	0.713022	0.000000	1	0.247559	0.249980	0.250017	0.252444	0.338946	0.971755	0.648260	0.590502	0.207681	0.211921	0.381146	0.453581	
3556000	-460.560757	1	1425	0.642876	0.013312	0.642876	0.642876	0.642876	0.642876	0.642876	0.013312	1	0.240824	0.249974	0.249970	0.259232	0.690575	0.195342	0.697046	0.073588	0.063779	0.066490	0.125647	0.827948	
3557000	-461.540615	1	1983	0.626438	0.029515	0.626438	0.626438	0.626438	0.000000	0.626438	0.000000	1	0.253870	0.277116	0.169896	0.299117	0.696237	0.342300	0.622092	0.069446	0.544021	0.591204	0.625206	0.427470	
3558000	-461.488545	1	3646	0.705774	0.018362	0.705774	0.705774	0.705774	0.018362	0.705774	0.000000	1	0.255482	0.264234	0.207821	0.272463	0.770233	0.376900	0.897212	0.911144	0.736330	0.233669	0.744279	0.234246	
3559000	-461.807267	1	1855	0.579717	0.015404	0.579717	0.579717	0.579717	0.579717	0.579717	0.000000	1	0.241017	0.249619	0.251246	0.258119	0.335375	0.546661	0.248631	0.500414	0.543305	0.979045	0.394035	0.161693	
3560000	-460.672573	1	2094	0.673100	0.034882	0.673100	0.673100	0.673100	0.673100	0.673100	0.000000	1	0.246458	0.249971	0.250043	0.253529	0.252766	0.341993	0.167351	0.007521	0.033343	0.326496	0.441838	0.109493	
3561000	-461.012020	1	1324	0.635440	0.000000	0.635440	0.635440	0.635440	0.635440	0.635440	0.037819	1	0.237452	0.250081	0.249887	0.262580	0.140636	0.218629	0.931678	0.940211	0.526311	0.036942	0.578178	0.447567	
3562000	-461.493954	1	183	0.666730	0.000000	0.666730	0.666730	0.666730	0.666730	0.666730	0.015066	1	0.239109	0.249916	0.250176	0.260799	0.255523	0.057612	0.140228	0.464240	0.424763	0.049610	0.113624	0.991848	
3563000	-461.123027	1	310	0.639159	0.065903	0.639159	0.639159	0.639159	0.639159	0.639159	0.000000	1	0.245364	0.250012	0.249803	0.254822	0.565035	0.351020	0.322726	0.368993	0.087895	0.926125	0.773402	0.915921	
3564000	-461.097956	1	1530	0.686174	0.000000	0.686174	0.686174	0.686174	0.686174	0.686174	0.034060	1	0.241424	0.250032	0.249999	0.258545	0.324723	0.434336	0.039908	0.686763	0.507091	0.390144	0.219297	0.809331	
3565000	-460.937632	1	418	0.616044	0.056727	0.616044	0.616044	0.616044	0.616044	0.616044	0.000000	1	0.244206	0.250031	0.249757	0.256006	0.138515	0.814418	0.181915	0.462424	0.842333	0.548482	0.709388	0.627420	
3566000	-464.398575	1	795	0.559532	0.037510	0.559532	0.559532	0.559532	0.559532	0.559532	0.000000	0	0.243228	0.250076	0.250061	0.256635	0.044466	0.314945	0.052411	0.236288	0.972059	0.068250	0.982861	0.260345	
3567000	-460.624216	1	2931	0.627784	0.033717	0.627784	0.627784	0.627784	0.627784	0.627784	0.000000	1	0.244615	0.249969	0.250049	0.255367	0.314129	0.357618	0.656398	0.891045	0.924466	0.370143	0.014640	0.412357	
3568000	-461.777372	1	1203	0.597260	0.050131	0.713852	0.713852	0.713852	0.713852	0.713852	0.000000	1	0.237589	0.250077	0.250061	0.262274	0.619143	0.039234	0.437094	0.228013	0.110291	0.391889	0.172416	0.358353	
3569000	-460.665015	1	1174	0.667030	0.045420	0.667030	0.667030	0.667030	0.667030	0.667030	0.000000	1	0.246330	0.249986	0.249968	0.253717	0.452500	0.248799	0.216042	0.312106	0.450674	0.444240	0.340176	0.642418	
3570000	-460.831675	1	3684	0.597486	0.045527	0.597486	0.597486	0.597486	0.597486	0.597486	0.000000	1	0.243030	0.250040	0.249777	0.257153	0.086282	0.723125	0.108002	0.530665	0.397342	0.873156	0.213873	0.167599	
3571000	-461.975395	1	1112	0.740296	0.000000	0.740296	0.740296	0.740296	0.740296	0.740296	0.048857	1	0.244780	0.250039	0.250013	0.255168	0.146759	0.583586	0.426166	0.591712	0.102831	0.774693	0.107039	0.408467	
3572000	-460.827288	1	411	0.681684	0.028879	0.681684	0.681684	0.681684	0.681684	0.681684	0.000000	1	0.246676	0.249958	0.250096	0.253270	0.642054	0.438086	0.224261	0.893260	0.349951	0.081328	0.087239	0.501905	
3573000	-461.922622	1	2612	0.595535	0.000000	0.595535	0.595535	0.595535	0.595535	0.595535	0.054872	1	0.234301	0.250267	0.249594	0.265839	0.459831	0.832213	0.060176	0.676297	0.138922	0.649956	0.483225	0.119109	
3574000	-461.102109	1	2548	0.721994	0.031536	0.721994	0.721994	0.721994	0.721994	0.721994	0.000000	1	0.247712	0.249974	0.250047	0.252267	0.010344	0.089888	0.296704	0.869191	0.185004	0.860144	0.169549	0.404076	
3575000	-460.601427	1	2080	0.649933	0.042192	0.649933	0.649933	0.649933	0.649933	0.649933	0.000000	1	0.245681	0.249986	0.249970	0.254363	0.729394	0.618941	0.497394	0.173583	0.588889	0.529207	0.186174	0.017906	
3576000	-462.562650	1	3601	0.791299	0.000000	0.791299	0.791299	0.791299	0.791299	0.791299	0.022607	1	0.246142	0.250001	0.250028	0.253830	0.019237	0.779135	0.080241	0.946726	0.563924	0.650130	0.656306	0.965377	
3577000	-460.754856	1	653	0.619250	0.027927	0.619250	0.619250	0.619250	0.619250	0.619250	0.000000	1	0.244089	0.249936	0.250174	0.255800	0.329059	0.301723	0.872505	0.246485	0.518491	0.509465	0.338150	0.681071	
3578000	-461.701896	1	1178	0.545876	0.024074	0.545876	0.545876	0.545876	0.545876	0.545876	0.000000	1	0.238286	0.249922	0.250353	0.261438	0.317787	0.791144	0.734373	0.280705	0.245273	0.916974	0.720578	0.192615	
3579000	-460.512372	1	160	0.624259	0.014939	0.624259	0.624259	0.624259	0.624259	0.624259	0.014939	1	0.239458	0.249995	0.249877	0.260670	0.558973	0.715990	0.070503	0.649406	0.134561	0.392282	0.453025	0.062445	
3580000	-461.267267	1	1979	0.666619	0.024291	0.666619	0.666619	0.666619	0.024291	0.666619	0.000000	1	0.254430	0.268437	0.195505	0.281628	0.120067	0.347505	0.710335	0.688263	0.369952	0.611012	0.991131	0.711065	
3581000	-461.961215	1	2418	0.693703	0.015754	0.693703	0.693703	0.000000	0.015754	0.693703	0.000000	1	0.304707	0.334569	0.000352	0.360371	0.837369	0.580296	0.120403	0.355855	0.971416	0.826518	0.447035	0.711276	
3582000	-461.177902	1	2934	0.586052	0.008539	0.586052	0.586052	0.000000	0.586052	0.586052	0.008539	1	0.247129	0.261188	0.217054	0.274629	0.424568	0.296504	0.018743	0.395338	0.874835	0.520462	0.525677	0.925051	
3583000	-461.972438	1	471	0.594419	0.014547	0.594419	0.594419	0.594419	0.000000	0.594419	0.000000	1	0.258100	0.278683	0.164662	0.298555	0.859554	0.948040	0.406903	0.537797	0.839993	0.751021	0.476993	0.292685	
3584000	-461.301825	1	2011	0.580985	0.011606	0.580985	0.580985	0.580985	0.011606	0.580985	0.011606	1	0.258073	0.279091	0.164649	0.298187	0.244102	0.287157	0.572055	0.889495	0.726475	0.958786	0.528893	0.174954	
3585000	-461.500315	1	3665	0.635477	0.017160	0.635477	0.635477	0.635477	0.000000	0.635477	0.000000	1	0.257754	0.273633	0.179864	0.288749	0.797629	0.544204	0.298211	0.927380	0.210646	0.168739	0.199056	0.038211	
3586000	-461.363120	1	3189	0.583148	0.000000	0.583148	0.583148	0.583148	0.583148	0.583148	0.039287	1	0.231447	0.250193	0.249533	0.268827	0.246776	0.404928	0.362444	0.265267	0.979034	0.157930	0.258460	0.165505	
3587000	-461.235059	1	3160	0.592250	0.000000	0.592250	0.592250	0.592250	0.592250	0.592250	0.038194	1	0.232581	0.250157	0.249632	0.267630	0.578203	0.624387	0.235336	0.690127	0.998732	0.860971	0.683066	0.115127	
3588000	-461.877122	1	2428	0.588842	0.017037	0.588842	0.588842	0.588842	0.017037	0.588842	0.000000	1	0.255465	0.277694	0.167657	0.299184	0.579422	0.864397	0.870722	0.636438	0.527536	0.529043	0.405763	0.057191	
3589000	-461.802876	1	2978	0.693795	0.042515	0.693795	0.693795	0.693795	0.042515	0.693795	0.000000	1	0.250689	0.266253	0.202349	0.280709	0.155940	0.507149	0.156638	0.829504	0.303525	0.152599	0.884728	0.447727	
3590000	-463.764742	1	345	0.660971	0.054256	0.660971	0.660971	0.660971	0.660971	0.660971	0.000000	0	0.247626	0.250003	0.249987	0.252385	0.455932	0.663986	0.766858	0.049266	0.462488	0.163115	0.274198	0.664279	
3591000	-460.764959	1	3382	0.698570	0.017058	0.698570	0.698570	0.698570	0.698570	0.698570	0.017058	1	0.244390	0.249993	0.249982	0.255635	0.516936	0.631675	0.020429	0.658839	0.555644	0.118673	0.247876	0.778339	
3592000	-460.905292	1	242	0.625228	0.000000	0.625228	0.625228	0.625228	0.625228	0.625228	0.025965	1	0.235672	0.250006	0.249945	0.264376	0.872343	0.645597	0.065212	0.478343	0.939379	0.850636	0.438904	0.122768	
3593000	-461.132323	1	1730	0.591372	0.000000	0.591372	0.591372	0.591372	0.591372	0.591372	0.033801	1	0.232103	0.250117	0.249663	0.268117	0.461121	0.717429	0.577006	0.806563	0.635614	0.200343	0.095171	0.115706	
3594000	-461.337548	1	2762	0.640814	0.027143	0.640814	0.640814	0.640814	0.027143	0.640814	0.000000	1	0.253223	0.271495	0.186488	0.288795	0.393382	0.817013	0.172413	0.030454	0.398311	0.737426	0.590496	0.828327	
3595000	-462.965427	1	372	0.632444	0.000000	0.632444	0.632444	0.000000	0.019212	0.632444	0.019212	1	0.346578	0.335650	0.000436	0.317336	0.531149	0.548752	0.501230	0.548517	0.804581	0.821617	0.923528	0.261625	
3596000	-460.867249	1	1278	0.603248	0.050174	0.603248	0.603248	0.603248	0.603248	0.603248	0.000000	1	0.243430	0.250041	0.249750	0.256778	0.267668	0.870393	0.931589	0.679592	0.703569	0.682150	0.129393	0.929251	
3597000	-461.929667	1	2969	0.631495	0.042823	0.631495	0.631495	0.631495	0.042823	0.631495	0.000000	1	0.247897	0.273079	0.182068	0.296956	0.426653	0.013662	0.942713	0.420169	0.019209	0.405138	0.840827	0.382613	
3598000	-460.604273	1	1077	0.628431	0.036671	0.628431	0.628431	0.628431	0.628431	0.628431	0.000000	1	0.244681	0.249980	0.250003	0.255336	0.288574	0.000220	0.073204	0.230799	0.648604	0.197293	0.437136	0.886263	
3599000	-462.291582	1	3862	0.705205	0.026685	0.705205	0.705205	0.000000	0.705205	0.705205	0.026685	1	0.252525	0.256360	0.231915	0.259200	0.972478	0.249407	0.858696	0.182764	0.754043	0.378851	0.983629	0.513233	
3600000	-462.236395	1	1246	0.742282	0.000000	0.742282	0.742282	0.742282	0.742282	0.742282	0.055101	1	0.245001	0.250045	0.250013	0.254941	0.590842	0.617199	0.061555	0.129560	0.239257	0.485991	0.196610	0.937775	
3601000	-461.013930	1	2803	0.598456	0.054716	0.598456	0.598456	0.598456	0.598456	0.598456	0.000000	1	0.243165	0.250058	0.249671	0.257105	0.634899	0.253104	0.898792	0.831217	0.542216	0.929741	0.448376	0.749943	
3602000	-460.698180	1	2713	0.680544	0.042558	0.680544	0.680544	0.680544	0.680544	0.680544	0.000000	1	0.246742	0.249982	0.249993	0.253283	0.797666	0.400045	0.563486	0.527567	0.929155	0.531859	0.329376	0.491264	
3603000	-461.549309	1	2226	0.722894	0.069757	0.722894	0.722894	0.722894	0.722894	0.722894	0.000000	1	0.247872	0.249988	0.249952	0.252188	0.791476	0.552714	0.161145	0.877019	0.064611	0.515808	0.257020	0.098912	
3604000	-460.809482	1	3800	0.699826	0.011451	0.699826	0.699826	0.000000	0.699826	0.699826	0.011451	1	0.250045	0.255082	0.235105	0.259768	0.839763	0.484103	0.232833	0.684865	0.470194	0.372380	0.084965	0.572955	
3605000	-460.892603	1	1098	0.570918	0.016817	0.570918	0.570918	0.570918	0.570918	0.570918	0.016817	1	0.234034	0.250101	0.249413	0.266452	0.796180	0.598713	0.564857	0.411353	0.390379	0.342060	0.825492	0.205284	
3606000	-460.720091	1	1008	0.586312	0.015005	0.586312	0.586312	0.586312	0.586312	0.586312	0.015005	1	0.235669	0.250035	0.249653	0.264643	0.270679	0.536568	0.396280	0.597825	0.783534	0.774207	0.522171	0.706341	
3607000	-462.727736	1	2464	0.777338	0.047049	0.777338	0.777338	0.777338	0.000000	0.777338	0.000000	1	0.252760	0.262944	0.212198	0.272097	0.758237	0.576253	0.267378	0.116098	0.806592	0.639837	0.154740	0.809282	
3608000	-460.660230	1	303	0.616821	0.033690	0.616821	0.616821	0.616821	0.616821	0.616821	0.000000	1	0.244043	0.249973	0.250039	0.255945	0.634825	0.990486	0.507629	0.699001	0.708641	0.682270	0.455542	0.046112	
3609000	-463.832427	1	3634	0.666482	0.059902	0.666482	0.666482	0.666482	0.666482	0.666482	0.000000	0	0.247751	0.250006	0.249965	0.252278	0.279929	0.924393	0.025723	0.442323	0.756919	0.315951	0.408138	0.525983	
3610000	-461.258095	1	3664	0.742117	0.046384	0.742117	0.742117	0.742117	0.742117	0.742117	0.000000	1	0.248153	0.249986	0.249997	0.251864	0.612352	0.114092	0.512124	0.236493	0.216005	0.012877	0.926039	0.327194	
3611000	-460.956872	1	3941	0.624531	0.007481	0.624531	0.624531	0.000000	0.624531	0.624531	0.007481	1	0.248067	0.258313	0.225434	0.268186	0.982718	0.223241	0.703322	0.465229	0.704731	0.283877	0.305170	0.171546	
3612000	-461.960513	1	95	0.712866	0.041374	0.712866	0.712866	0.712866	0.000000	0.712866	0.000000	1	0.253226	0.268366	0.196188	0.282220	0.825252	0.168479	0.326129	0.247867	0.568401	0.824423	0.176982	0.728349	
3613000	-461.756892	1	3570	0.610389	0.021381	0.610389	0.610389	0.000000	0.610389	0.610389	0.021381	1	0.251970	0.261491	0.217274	0.269265	0.031641	0.547519	0.985138	0.059581	0.191805	0.055416	0.636719	0.279538	
3614000	-462.199148	1	1812	0.602216	0.011146	0.602216	0.602216	0.000000	0.011146	0.602216	0.000000	1	0.298254	0.334185	0.000183	0.367378	0.332985	0.656565	0.736639	0.537547	0.227614	0.969412	0.326837	0.062801	
3615000	-460.756867	1	2536	0.686503	0.045809	0.686503	0.686503	0.686503	0.686503	0.686503	0.000000	1	0.246932	0.249984	0.249981	0.253102	0.477755	0.463065	0.680737	0.622249	0.536093	0.374674	0.854441	0.829291	
3616000	-460.715196	1	351	0.647565	0.050870	0.647565	0.647565	0.647565	0.647565	0.647565	0.000000	1	0.245644	0.249998	0.249905	0.254453	0.821914	0.155467	0.360037	0.254523	0.317781	0.499394	0.985091	0.616829	
3617000	-461.241130	1	2515	0.564884	0.045981	0.564884	0.564884	0.564884	0.564884	0.564884	0.000000	1	0.240594	0.250130	0.249505	0.259772	0.308930	0.981092	0.838905	0.617790	0.494122	0.951306	0.370208	0.281799	
3618000	-463.235082	1	1058	0.706387	0.033255	0.706387	0.706387	0.033255	0.033255	0.706387	0.000000	1	0.285974	0.333765	0.004979	0.375282	0.599921	0.131281	0.687417	0.188435	0.850861	0.300156	0.181892	0.736648	
3619000	-462.426404	1	2734	0.620327	0.023720	0.620327	0.620327	0.000000	0.000000	0.620327	0.000000	1	0.279271	0.334836	0.000000	0.385892	0.111241	0.617523	0.266749	0.646798	0.519277	0.501464	0.886506	0.876607	
3620000	-460.951399	1	805	0.630044	0.000000	0.630044	0.630044	0.630044	0.630044	0.630044	0.034799	1	0.236738	0.250069	0.249882	0.263310	0.088109	0.003008	0.445882	0.195080	0.293671	0.835677	0.443783	0.914920	
3621000	-460.599248	1	1549	0.654271	0.036629	0.654271	0.654271	0.654271	0.654271	0.654271	0.000000	1	0.245806	0.249974	0.250025	0.254196	0.127324	0.157309	0.644466	0.191972	0.504353	0.892559	0.565045	0.383610	
3622000	-461.370797	1	1497	0.670430	0.007442	0.670430	0.670430	0.670430	0.670430	0.670430	0.007442	1	0.242291	0.249906	0.250200	0.257603	0.521774	0.477979	0.160597	0.451359	0.828361	0.262801	0.289298	0.094244	
3623000	-460.790908	1	2521	0.587104	0.020144	0.587104	0.587104	0.587104	0.587104	0.587104	0.020144	1	0.236348	0.250100	0.249502	0.264050	0.947923	0.467850	0.316937	0.089826	0.269827	0.164920	0.513807	0.023478	
3624000	-460.898915	1	1280	0.676578	0.025855	0.676578	0.676578	0.676578	0.676578	0.676578	0.000000	1	0.246486	0.249946	0.250140	0.253428	0.393877	0.396793	0.465020	0.959472	0.317342	0.468909	0.622309	0.499893	
3625000	-460.823226	1	2572	0.618956	0.052747	0.618956	0.618956	0.618956	0.618956	0.618956	0.000000	1	0.244337	0.250023	0.249802	0.255838	0.347561	0.443822	0.886863	0.769630	0.709498	0.435447	0.024067	0.570840	
3626000	-462.176895	1	757	0.719965	0.048210	0.719965	0.719965	0.719965	0.048210	0.719965	0.000000	1	0.250262	0.263973	0.209151	0.276613	0.577620	0.311396	0.145259	0.116922	0.518975	0.543666	0.799068	0.080069	
3627000	-460.605995	1	148	0.641381	0.012429	0.641381	0.641381	0.641381	0.641381	0.641381	0.012429	1	0.240640	0.249965	0.249993	0.259403	0.228590	0.479471	0.531955	0.088261	0.226481	0.714743	0.171473	0.476517	
3628000	-461.376472	1	3610	0.568078	0.010623	0.568078	0.568078	0.000000	0.568078	0.568078	0.010623	1	0.247053	0.262996	0.211998	0.277954	0.396490	0.903055	0.871829	0.203214	0.741172	0.718751	0.956932	0.727569	
3629000	-461.072908	1	3101	0.608873	0.000000	0.608873	0.608873	0.608873	0.608873	0.608873	0.020682	1	0.233344	0.249942	0.250000	0.266713	0.762102	0.035182	0.080028	0.607116	0.620126	0.383831	0.311534	0.971930	
3630000	-461.426307	1	104	0.629034	0.024361	0.629034	0.629034	0.629034	0.000000	0.629034	0.000000	1	0.255558	0.275820	0.173598	0.295024	0.107584	0.007192	0.328077	0.737174	0.376006	0.362771	0.350741	0.315493	
3631000	-461.045354	1	3531	0.663581	0.000000	0.663581	0.663581	0.663581	0.663581	0.663581	0.022218	1	0.239198	0.249979	0.250051	0.260771	0.995272	0.856927	0.028446	0.685649	0.600806	0.064639	0.478322	0.567602	
3632000	-461.423293	1	2585	0.732706	0.018928	0.732706	0.732706	0.018928	0.732706	0.732706	0.018928	1	0.250388	0.253751	0.239163	0.256698	0.462189	0.310842	0.339228	0.873375	0.386831	0.060740	0.961592	0.561375	
3633000	-463.952811	1	2955	0.747312	0.000000	0.747312	0.747312	0.025962	0.025962	0.747312	0.025962	1	0.352671	0.334563	0.003103	0.309663	0.707504	0.411157	0.465625	0.985432	0.956613	0.899576	0.877363	0.603234	
3634000	-460.645586	1	3845	0.623562	0.043355	0.623562	0.623562	0.623562	0.623562	0.623562	0.000000	1	0.244503	0.250002	0.249909	0.255586	0.660753	0.717986	0.873833	0.022348	0.742507	0.336530	0.274448	0.049683	
3635000	-460.942043	1	1899	0.610507	0.000000	0.610507	0.610507	0.610507	0.610507	0.610507	0.027505	1	0.234067	0.250028	0.249867	0.266038	0.265592	0.458203	0.600952	0.706291	0.101381	0.845429	0.236363	0.607769	
3636000	-461.314639	1	1318	0.605356	0.000000	0.605356	0.605356	0.605356	0.605356	0.605356	0.043582	1	0.234615	0.250166	0.249708	0.265512	0.294872	0.210833	0.141453	0.544354	0.727455	0.035875	0.570180	0.174261	
3637000	-461.559173	1	2936	0.643944	0.004626	0.643944	0.643944	0.004626	0.643944	0.643944	0.004626	1	0.246757	0.255766	0.232819	0.264658	0.160703	0.560476	0.919217	0.936324	0.978576	0.315069	0.754508	0.997945	
3638000	-462.124295	1	3143	0.696318	0.004150	0.696318	0.696318	0.004150	0.004150	0.696318	0.004150	1	0.324318	0.334269	0.000085	0.341328	0.028452	0.486349	0.175089	0.673118	0.344011	0.741398	0.165314	0.769027	
3639000	-462.561074	1	3469	0.800785	0.040291	0.800785	0.800785	0.800785	0.040291	0.800785	0.000000	1	0.251717	0.258137	0.226154	0.263993	0.275732	0.368035	0.164029	0.411151	0.965133	0.734536	0.338314	0.611417	
3640000	-462.186600	1	845	0.704008	0.000000	0.704008	0.704008	0.000000	0.704008	0.704008	0.033345	1	0.255089	0.257032	0.229661	0.258219	0.826014	0.077342	0.014972	0.963544	0.991663	0.694571	0.023392	0.755633	
3641000	-463.025563	1	929	0.633027	0.031562	0.633027	0.633027	0.031562	0.633027	0.633027	0.031562	1	0.251877	0.258577	0.226115	0.263430	0.042758	0.436076	0.591674	0.419603	0.033317	0.241653	0.530209	0.049383	
3642000	-461.051879	1	1356	0.580576	0.010013	0.580576	0.580576	0.580576	0.580576	0.580576	0.010013	1	0.234314	0.249912	0.249950	0.265823	0.769291	0.158166	0.712259	0.070362	0.149232	0.095270	0.207013	0.188676	
3643000	-461.435693	1	604	0.594367	0.017929	0.594367	0.594367	0.017929	0.594367	0.594367	0.017929	1	0.249157	0.260591	0.219642	0.270610	0.598515	0.179770	0.841394	0.215777	0.072387	0.980967	0.640113	0.981708	
3644000	-461.175989	1	3943	0.570289	0.047025	0.570289	0.570289	0.570289	0.570289	0.570289	0.000000	1	0.241061	0.250114	0.249542	0.259283	0.935995	0.992851	0.578164	0.208156	0.175634	0.737727	0.238109	0.128625	
3645000	-460.720942	1	226	0.650683	0.028260	0.650683	0.650683	0.650683	0.650683	0.650683	0.000000	1	0.245577	0.249946	0.250136	0.254341	0.922407	0.895743	0.993180	0.589792	0.309921	0.126966	0.205304	0.438595	
3646000	-462.390191	1	2349	0.509353	0.021171	0.509353	0.509353	0.509353	0.509353	0.509353	0.021171	1	0.225105	0.250625	0.247595	0.276675	0.084412	0.040619	0.377810	0.754765	0.219012	0.110499	0.327366	0.671519	
3647000	-461.283086	1	3767	0.578018	0.013475	0.578018	0.578018	0.013475	0.578018	0.578018	0.013475	1	0.247431	0.261459	0.216773	0.274337	0.598355	0.049994	0.820324	0.994233	0.009284	0.299151	0.204114	0.277341	
3648000	-460.672573	1	2094	0.673100	0.034882	0.673100	0.673100	0.673100	0.673100	0.673100	0.000000	1	0.246458	0.249971	0.250043	0.253529	0.939661	0.057357	0.488091	0.191623	0.534298	0.395339	0.216564	0.660894	
3649000	-461.184982	1	1656	0.652429	0.016316	0.652429	0.652429	0.652429	0.000000	0.652429	0.016316	1	0.259254	0.271320	0.188002	0.281424	0.357087	0.861035	0.802022	0.147081	0.442239	0.736418	0.046755	0.488258	
3650000	-460.962255	1	2507	0.606939	0.000000	0.606939	0.606939	0.606939	0.606939	0.606939	0.029215	1	0.233755	0.250048	0.249826	0.266371	0.806023	0.290376	0.010961	0.210825	0.646883	0.839608	0.310014	0.458038	
3651000	-461.436748	1	922	0.552531	0.009906	0.552531	0.552531	0.552531	0.552531	0.552531	0.009906	1	0.230375	0.249930	0.249731	0.269964	0.851273	0.001548	0.826930	0.091861	0.357452	0.562856	0.281595	0.329733	
3652000	-461.303520	1	3355	0.619341	0.068857	0.619341	0.619341	0.619341	0.619341	0.619341	0.000000	1	0.244433	0.250035	0.249696	0.255836	0.489842	0.013099	0.229206	0.294589	0.575340	0.157984	0.917134	0.491433	
3653000	-462.438458	1	941	0.717129	0.053378	0.717129	0.717129	0.717129	0.053378	0.717129	0.000000	1	0.249367	0.264287	0.208303	0.278043	0.095122	0.422098	0.273557	0.933928	0.403336	0.705608	0.403393	0.049881	
3654000	-462.129857	1	3316	0.677310	0.000000	0.677310	0.677310	0.677310	0.677310	0.677310	0.063137	1	0.241931	0.250108	0.249961	0.258000	0.484631	0.312898	0.975473	0.128414	0.722155	0.804529	0.635555	0.932243	
3655000	-460.524719	1	2827	0.615581	0.015867	0.615581	0.615581	0.615581	0.615581	0.615581	0.015867	1	0.238772	0.250011	0.249816	0.261402	0.292752	0.446697	0.351315	0.847478	0.803687	0.840805	0.794101	0.395545	
3656000	-461.018080	1	1904	0.642644	0.000000	0.642644	0.642644	0.642644	0.642644	0.642644	0.038159	1	0.238151	0.250075	0.249909	0.261865	0.867555	0.176146	0.663096	0.599810	0.226147	0.707988	0.464608	0.348838	
3657000	-461.468108	1	932	0.621912	0.018340	0.621912	0.621912	0.621912	0.018340	0.621912	0.018340	1	0.257715	0.273256	0.182724	0.286305	0.054242	0.096030	0.304358	0.962055	0.146567	0.799418	0.760140	0.525547	
3658000	-461.245133	1	1003	0.682522	0.000000	0.682522	0.682522	0.682522	0.682522	0.682522	0.041978	1	0.241475	0.250056	0.249980	0.258488	0.505048	0.746154	0.450238	0.545873	0.996987	0.919025	0.110645	0.852531	
3659000	-462.125370	1	1463	0.790961	0.025479	0.790961	0.790961	0.790961	0.790961	0.790961	0.025479	1	0.247582	0.250000	0.249993	0.252425	0.334314	0.085674	0.747412	0.186867	0.504578	0.509271	0.054603	0.954076	
3660000	-462.139893	1	2602	0.599726	0.000000	0.599726	0.599726	0.599726	0.599726	0.599726	0.059543	1	0.235128	0.250276	0.249624	0.264972	0.222708	0.361720	0.823847	0.843005	0.911279	0.137736	0.047733	0.010208	
3661000	-461.291858	1	854	0.681750	0.026486	0.681750	0.681750	0.681750	0.026486	0.681750	0.000000	1	0.253958	0.266950	0.199967	0.279125	0.977701	0.232805	0.633906	0.574504	0.195201	0.845948	0.554798	0.717962	
3662000	-461.410646	1	3855	0.572267	0.007897	0.572267	0.572267	0.007897	0.572267	0.572267	0.007897	1	0.245371	0.261297	0.216660	0.276671	0.874840	0.931083	0.490327	0.327584	0.344412	0.064408	0.039353	0.170859	
3663000	-460.746076	1	1909	0.618690	0.028324	0.618690	0.618690	0.618690	0.618690	0.618690	0.000000	1	0.244065	0.249939	0.250163	0.255832	0.075628	0.434246	0.072393	0.554581	0.244900	0.635483	0.773400	0.086738	
3664000	-460.977833	1	304	0.609467	0.056672	0.609467	0.609467	0.609467	0.609467	0.609467	0.000000	1	0.243840	0.250041	0.249722	0.256397	0.464576	0.902394	0.278233	0.526266	0.510128	0.369305	0.709237	0.933437	
3665000	-461.113503	1	2158	0.711677	0.012923	0.711677	0.711677	0.711677	0.000000	0.711677	0.012923	1	0.257871	0.264948	0.206165	0.271016	0.540703	0.995951	0.864555	0.727288	0.773961	0.279020	0.267534	0.342499	
3666000	-460.749053	1	2004	0.662161	0.024202	0.662161	0.662161	0.662161	0.662161	0.662161	0.024202	1	0.242837	0.250022	0.249878	0.257263	0.173066	0.183668	0.824007	0.662105	0.939990	0.763721	0.165178	0.103681	
3667000	-460.793223	1	378	0.604032	0.029430	0.604032	0.604032	0.604032	0.604032	0.604032	0.000000	1	0.243230	0.249950	0.250133	0.256687	0.070075	0.013760	0.987742	0.871047	0.575994	0.573206	0.229377	0.493902	
3668000	-460.750525	1	3849	0.639556	0.052364	0.639556	0.639556	0.639556	0.639556	0.639556	0.000000	1	0.245318	0.250004	0.249876	0.254802	0.585564	0.366650	0.823185	0.713320	0.175996	0.072318	0.476999	0.501516	
3669000	-460.512372	1	160	0.624259	0.014939	0.624259	0.624259	0.624259	0.624259	0.624259	0.014939	1	0.239458	0.249995	0.249877	0.260670	0.848451	0.747756	0.634548	0.575159	0.353521	0.557144	0.096149	0.077856	
3670000	-462.222136	1	1691	0.736894	0.000000	0.736894	0.736894	0.000000	0.736894	0.736894	0.013733	1	0.247645	0.252252	0.243364	0.256739	0.474108	0.296210	0.337375	0.375738	0.247542	0.062441	0.779590	0.355464	
3671000	-461.631203	1	2159	0.607880	0.026894	0.607880	0.607880	0.607880	0.000000	0.607880	0.000000	1	0.253898	0.279239	0.163444	0.303419	0.301818	0.866334	0.878745	0.471165	0.220063	0.637541	0.614397	0.954660	
3672000	-460.822811	1	1976	0.590614	0.021664	0.590614	0.590614	0.590614	0.590614	0.590614	0.021664	1	0.236889	0.250106	0.249507	0.263498	0.046848	0.505143	0.205489	0.236662	0.036815	0.264800	0.574262	0.013216	
3673000	-460.616578	1	3898	0.656577	0.034725	0.656577	0.656577	0.656577	0.656577	0.656577	0.000000	1	0.245877	0.249969	0.250045	0.254109	0.421855	0.636119	0.528337	0.994243	0.199329	0.642163	0.932761	0.967738	
3674000	-460.896903	1	1106	0.648164	0.000000	0.648164	0.648164	0.648164	0.648164	0.648164	0.029982	1	0.238226	0.250029	0.249964	0.261782	0.529453	0.139186	0.200569	0.121068	0.100494	0.477603	0.958406	0.952728	
3675000	-462.267270	1	1236	0.720694	0.000000	0.720694	0.720694	0.036312	0.720694	0.720694	0.036312	1	0.252492	0.254399	0.237336	0.255773	0.425520	0.041022	0.092768	0.338161	0.567162	0.555909	0.687574	0.717625	
3676000	-461.111103	1	3989	0.691466	0.000000	0.691466	0.691466	0.691466	0.691466	0.691466	0.030834	1	0.241660	0.250020	0.250012	0.258307	0.519592	0.658083	0.320464	0.706897	0.647221	0.884081	0.467845	0.850283	
3677000	-461.115433	1	212	0.593152	0.008736	0.593152	0.593152	0.593152	0.593152	0.593152	0.008736	1	0.235646	0.249863	0.250143	0.264348	0.419088	0.885456	0.054655	0.975531	0.384140	0.609318	0.247378	0.448383	
3678000	-461.343828	1	1228	0.680222	0.026374	0.680222	0.680222	0.680222	0.000000	0.680222	0.000000	1	0.255638	0.269810	0.191530	0.283022	0.182646	0.769547	0.197681	0.108203	0.346724	0.476828	0.107494	0.021775	
3679000	-461.349455	1	3483	0.750599	0.017724	0.750599	0.750599	0.750599	0.750599	0.750599	0.017724	1	0.246388	0.249994	0.249999	0.253618	0.839607	0.884829	0.805939	0.155263	0.668874	0.689184	0.182177	0.819826	
3680000	-463.898354	1	2205	0.621291	0.020559	0.621291	0.621291	0.621291	0.621291	0.621291	0.020559	0	0.240450	0.250000	0.249906	0.259644	0.688073	0.317141	0.887605	0.389425	0.035065	0.256448	0.020947	0.847188	
3681000	-461.542121	1	2222	0.544566	0.040258	0.544566	0.544566	0.544566	0.544566	0.544566	0.000000	1	0.238586	0.250189	0.249397	0.261828	0.761560	0.886009	0.034031	0.397750	0.952437	0.840921	0.915453	0.111207	
3682000	-462.062556	1	461	0.554825	0.067627	0.554825	0.554825	0.554825	0.554825	0.554825	0.000000	1	0.239836	0.250234	0.249002	0.260928	0.962463	0.553715	0.847322	0.661332	0.163007	0.316005	0.340331	0.237958	
3683000	-460.803795	1	3674	0.637572	0.025556	0.637572	0.637572	0.637572	0.637572	0.637572	0.025556	1	0.241324	0.250047	0.249784	0.258845	0.694484	0.552419	0.005636	0.687889	0.632385	0.842084	0.311482	0.225437	
3684000	-462.316006	1	1829	0.576086	0.000000	0.576086	0.576086	0.576086	0.576086	0.576086	0.057644	1	0.232111	0.250375	0.249367	0.268147	0.458453	0.619640	0.696896	0.184692	0.219035	0.177961	0.394228	0.279543	
3685000	-460.999111	1	1882	0.628311	0.021639	0.628311	0.628311	0.628311	0.628311	0.628311	0.000000	1	0.244446	0.249881	0.250363	0.255310	0.392164	0.851698	0.052134	0.608693	0.302030	0.440108	0.232362	0.419393	
3686000	-460.715196	1	351	0.647565	0.050870	0.647565	0.647565	0.647565	0.647565	0.647565	0.000000	1	0.245644	0.249998	0.249905	0.254453	0.347547	0.257745	0.999135	0.159041	0.269924	0.309813	0.615668	0.466088	
3687000	-461.354665	1	3122	0.553326	0.038575	0.553326	0.553326	0.553326	0.553326	0.553326	0.000000	1	0.239434	0.250131	0.249573	0.260862	0.087110	0.285216	0.280114	0.193361	0.543374	0.442496	0.060703	0.575867	
3688000	-460.905488	1	2028	0.648024	0.000000	0.648024	0.648024	0.648024	0.648024	0.648024	0.026494	1	0.238027	0.250007	0.249991	0.261975	0.305082	0.888238	0.337423	0.409203	0.139510	0.952521	0.105126	0.694679	
3689000	-462.904837	1	1831	0.608767	0.006023	0.608767	0.608767	0.006023	0.000000	0.608767	0.000000	1	0.308820	0.333898	0.000039	0.357244	0.675911	0.624880	0.496972	0.062892	0.095289	0.358184	0.632539	0.823036	
3690000	-460.677140	1	1468	0.617038	0.022335	0.617038	0.617038	0.617038	0.617038	0.617038	0.022335	1	0.239472	0.250059	0.249707	0.260762	0.229424	0.292044	0.103387	0.544061	0.381318	0.253259	0.892431	0.769118	
3691000	-461.525786	1	2085	0.567140	0.020500	0.567140	0.567140	0.567140	0.567140	0.567140	0.000000	1	0.240206	0.249799	0.250697	0.259298	0.285515	0.209436	0.136175	0.291454	0.959613	0.987947	0.989057	0.281827	
3692000	-461.364570	1	3924	0.562337	0.049993	0.562337	0.562337	0.562337	0.562337	0.562337	0.000000	1	0.240413	0.250157	0.249392	0.260038	0.534761	0.320913	0.004188	0.304240	0.404279	0.345440	0.323129	0.194793	
3693000	-461.614531	1	800	0.671203	0.000000	0.671203	0.671203	0.671203	0.671203	0.671203	0.014162	1	0.239443	0.249910	0.250194	0.260453	0.742262	0.988119	0.953372	0.941234	0.202228	0.317501	0.040243	0.577056	
3694000	-461.727396	1	1276	0.749434	0.023667	0.749434	0.749434	0.749434	0.000000	0.749434	0.000000	1	0.255152	0.262663	0.212592	0.269593	0.466079	0.200883	0.977708	0.010194	0.877432	0.411885	0.841274	0.054527	
3695000	-460.787644	1	2991	0.693577	0.044318	0.693577	0.693577	0.693577	0.693577	0.693577	0.000000	1	0.247117	0.249983	0.249991	0.252908	0.240380	0.254608	0.085817	0.558493	0.084544	0.686081	0.331554	0.241451	
3696000	-460.985163	1	424	0.712829	0.032818	0.712829	0.712829	0.712829	0.712829	0.712829	0.000000	1	0.247522	0.249974	0.250045	0.252460	0.891336	0.253188	0.566660	0.604095	0.702585	0.999288	0.835428	0.744000	
3697000	-461.232319	1	1961	0.738715	0.015191	0.738715	0.738715	0.738715	0.738715	0.738715	0.015191	1	0.245926	0.249990	0.250008	0.254076	0.122909	0.348588	0.896349	0.972990	0.219917	0.753321	0.107148	0.053691	
3698000	-460.636462	1	247	0.645902	0.031800	0.645902	0.645902	0.645902	0.645902	0.645902	0.000000	1	0.245421	0.249960	0.250083	0.254537	0.459426	0.126653	0.502852	0.534591	0.384557	0.752006	0.021682	0.784364	
3699000	-460.650301	1	2029	0.670235	0.036101	0.670235	0.670235	0.670235	0.670235	0.670235	0.000000	1	0.246373	0.249973	0.250033	0.253621	0.547399	0.342683	0.441047	0.342879	0.718118	0.601766	0.576454	0.104167	
3700000	-460.896271	1	3516	0.605402	0.025570	0.605402	0.605402	0.605402	0.605402	0.605402	0.000000	1	0.243238	0.249912	0.250266	0.256583	0.982551	0.326573	0.182579	0.789612	0.954540	0.155221	0.679930	0.286404	
3701000	-461.284294	1	870	0.614667	0.000000	0.614667	0.614667	0.614667	0.614667	0.614667	0.044268	1	0.235711	0.250149	0.249766	0.264374	0.363341	0.721156	0.833096	0.974771	0.015134	0.761608	0.835614	0.509836	
3702000	-460.622572	1	1227	0.622272	0.036467	0.622272	0.622272	0.622272	0.622272	0.622272	0.000000	1	0.244368	0.249982	0.249998	0.255652	0.372997	0.473623	0.619610	0.638895	0.573031	0.198293	0.695601	0.277353	
3703000	-462.177837	1	871	0.603053	0.000000	0.603053	0.603053	0.603053	0.603053	0.603053	0.060740	1	0.235578	0.250270	0.249651	0.264501	0.462253	0.789966	0.499772	0.945494	0.885763	0.920437	0.799598	0.741125	
3704000	-461.764235	1	3715	0.777361	0.050590	0.777361	0.777361	0.777361	0.777361	0.777361	0.000000	1	0.248665	0.249989	0.249995	0.251350	0.909749	0.907969	0.714876	0.652372	0.273756	0.356137	0.501368	0.098043	
3705000	-464.965285	1	1542	0.854069	0.000000	0.854069	0.854069	0.057724	0.854069	0.854069	0.057724	1	0.252073	0.251782	0.244883	0.251262	0.778258	0.518266	0.317017	0.024856	0.241182	0.678851	0.503875	0.953804	
3706000	-460.605678	1	232	0.627176	0.037859	0.627176	0.627176	0.627176	0.627176	0.627176	0.000000	1	0.244632	0.249985	0.249985	0.255399	0.897211	0.265284	0.327003	0.599159	0.061310	0.660264	0.863440	0.253003	
3707000	-461.828359	1	2456	0.575750	0.005444	0.575750	0.575750	0.575750	0.005444	0.575750	0.005444	1	0.259055	0.280045	0.160554	0.300346	0.952433	0.939435	0.898735	0.475995	0.170541	0.576506	0.701922	0.295460	
3708000	-461.177426	1	1133	0.685697	0.006835	0.685697	0.685697	0.685697	0.000000	0.685697	0.006835	1	0.258757	0.267122	0.199232	0.274889	0.443326	0.220542	0.153258	0.098818	0.404521	0.369788	0.558217	0.312601	
3709000	-461.329760	1	2596	0.579216	0.027535	0.579216	0.579216	0.579216	0.579216	0.579216	0.027535	1	0.236285	0.250188	0.249283	0.264245	0.835011	0.515981	0.572017	0.331928	0.965506	0.175276	0.657743	0.644373	
3710000	-460.639368	1	3201	0.621566	0.041829	0.621566	0.621566	0.621566	0.621566	0.621566	0.000000	1	0.244387	0.250000	0.249922	0.255691	0.878848	0.469077	0.565509	0.333728	0.904163	0.647779	0.620259	0.468028	
3711000	-460.953687	1	313	0.691531	0.026991	0.691531	0.691531	0.691531	0.691531	0.691531	0.000000	1	0.246945	0.249956	0.250106	0.252993	0.715192	0.631934	0.373382	0.735551	0.697349	0.986728	0.652981	0.364047	
3712000	-461.284294	1	870	0.614667	0.000000	0.614667	0.614667	0.614667	0.614667	0.614667	0.044268	1	0.235711	0.250149	0.249766	0.264374	0.478939	0.519344	0.982024	0.094542	0.547387	0.496326	0.847618	0.671745	
3713000	-460.911661	1	924	0.652598	0.000000	0.652598	0.652598	0.652598	0.652598	0.652598	0.031027	1	0.238679	0.250033	0.249966	0.261322	0.890247	0.359508	0.634384	0.549685	0.150276	0.839319	0.293294	0.330058	
3714000	-462.171438	1	3677	0.787010	0.026052	0.787010	0.787010	0.787010	0.787010	0.787010	0.000000	1	0.248703	0.249984	0.250034	0.251280	0.400034	0.163108	0.591710	0.937127	0.753521	0.236502	0.085040	0.639829	
3715000	-461.322075	1	1864	0.710976	0.000000	0.710976	0.710976	0.710976	0.710976	0.710976	0.025819	1	0.242705	0.250003	0.250036	0.257256	0.829569	0.382442	0.305868	0.914777	0.477486	0.664048	0.304365	0.221424	
3716000	-460.977133	1	561	0.716347	0.045210	0.716347	0.716347	0.716347	0.716347	0.716347	0.000000	1	0.247662	0.249984	0.249996	0.252359	0.828682	0.122298	0.353943	0.328176	0.740889	0.264929	0.088273	0.991646	
3717000	-462.029171	1	1986	0.670278	0.009886	0.670278	0.670278	0.009886	0.009886	0.670278	0.009886	1	0.321668	0.335565	0.000475	0.342292	0.761762	0.527250	0.514550	0.004546	0.404588	0.661103	0.359496	0.785111	
3718000	-460.722688	1	417	0.685055	0.042522	0.685055	0.685055	0.685055	0.685055	0.685055	0.000000	1	0.246873	0.249981	0.249996	0.253149	0.067571	0.373967	0.481310	0.865939	0.647949	0.631854	0.908605	0.143774	
3719000	-460.574949	1	2681	0.609432	0.018531	0.609432	0.609432	0.609432	0.609432	0.609432	0.018531	1	0.238452	0.250043	0.249720	0.261785	0.068795	0.586467	0.490238	0.057915	0.177959	0.599816	0.660613	0.679506	
3720000	-461.780154	1	3759	0.627446	0.006579	0.627446	0.627446	0.000000	0.000000	0.627446	0.006579	1	0.317563	0.335098	0.000000	0.347339	0.693743	0.437959	0.489965	0.216232	0.551697	0.102808	0.863405	0.958371	
3721000	-461.563120	1	1553	0.686294	0.034271	0.686294	0.686294	0.686294	0.000000	0.686294	0.000000	1	0.254158	0.270319	0.190248	0.285275	0.736888	0.864388	0.335075	0.065253	0.163902	0.369173	0.594933	0.220262	
3722000	-462.163730	1	2325	0.534309	0.057558	0.534309	0.534309	0.534309	0.534309	0.534309	0.000000	1	0.237673	0.250355	0.248723	0.263248	0.342829	0.924678	0.509542	0.442502	0.033959	0.423068	0.919045	0.916608	
3723000	-460.508456	1	705	0.653787	0.016856	0.653787	0.653787	0.653787	0.653787	0.653787	0.016856	1	0.241857	0.249998	0.249924	0.258221	0.999953	0.543949	0.638745	0.735748	0.250762	0.269076	0.874007	0.868233	
3724000	-460.736096	1	480	0.665849	0.029313	0.665849	0.665849	0.665849	0.665849	0.665849	0.000000	1	0.246162	0.249954	0.250106	0.253778	0.322492	0.184306	0.589144	0.238003	0.191523	0.551302	0.995291	0.430918	
3725000	-460.903522	1	3416	0.592273	0.046974	0.592273	0.592273	0.592273	0.592273	0.592273	0.000000	1	0.242700	0.250054	0.249725	0.257521	0.536340	0.149056	0.051507	0.516692	0.400666	0.100097	0.086095	0.145145	
3726000	-461.887054	1	3241	0.552000	0.015336	0.552000	0.552000	0.015336	0.552000	0.552000	0.015336	1	0.246503	0.263617	0.210827	0.279052	0.633474	0.508752	0.042338	0.612565	0.311518	0.736913	0.027547	0.572118	
3727000	-460.868321	1	3808	0.669541	0.056487	0.669541	0.669541	0.669541	0.669541	0.669541	0.000000	1	0.246470	0.249993	0.249920	0.253618	0.549292	0.441118	0.330777	0.860364	0.366058	0.351639	0.533241	0.742137	
3728000	-461.195739	1	770	0.597087	0.000000	0.597087	0.597087	0.597087	0.597087	0.597087	0.019276	1	0.231648	0.249910	0.250009	0.268432	0.605161	0.609717	0.013364	0.259122	0.138509	0.471466	0.693961	0.799647	
3729000	-460.732505	1	2943	0.690427	0.020072	0.690427	0.690427	0.690427	0.690427	0.690427	0.020072	1	0.244142	0.250001	0.249954	0.255902	0.638552	0.263344	0.807315	0.554926	0.298678	0.135956	0.910325	0.564086	
3730000	-462.820593	1	884	0.615811	0.000000	0.615811	0.615811	0.016996	0.000000	0.615811	0.016996	1	0.342040	0.335581	0.000353	0.322025	0.536825	0.331371	0.766507	0.628361	0.856407	0.244059	0.917191	0.284105	
3731000	-462.332978	1	1994	0.687176	0.000000	0.687176	0.687176	0.000000	0.687176	0.687176	0.009738	1	0.245474	0.253115	0.240745	0.260666	0.378403	0.902417	0.926526	0.630967	0.030276	0.442636	0.374470	0.162808	
3732000	-461.267267	1	1979	0.666619	0.024291	0.666619	0.666619	0.666619	0.024291	0.666619	0.000000	1	0.254430	0.268437	0.195505	0.281628	0.817457	0.826771	0.876231	0.778546	0.413858	0.865130	0.336814	0.637947	
3733000	-461.614531	1	800	0.671203	0.000000	0.671203	0.671203	0.671203	0.671203	0.671203	0.014162	1	0.239443	0.249910	0.250194	0.260453	0.644365	0.891969	0.744099	0.350140	0.538280	0.383394	0.406025	0.684881	
3734000	-461.072164	1	459	0.583926	0.050849	0.583926	0.583926	0.583926	0.583926	0.583926	0.000000	1	0.242151	0.250084	0.249607	0.258158	0.921952	0.834322	0.397439	0.373443	0.911969	0.399778	0.179274	0.431341	
3735000	-463.248174	1	1545	0.678890	0.115563	0.678890	0.678890	0.678890	0.678890	0.678890	0.000000	1	0.246862	0.249983	0.249819	0.253336	0.524853	0.195734	0.172595	0.920801	0.646204	0.683874	0.721584	0.293863	
3736000	-461.058379	1	2586	0.717939	0.050947	0.717939	0.717939	0.717939	0.717939	0.717939	0.000000	1	0.247718	0.249986	0.249981	0.252315	0.336959	0.150411	0.407760	0.610288	0.395280	0.355144	0.792157	0.204170	
3737000	-461.557409	1	221	0.724545	0.028254	0.724545	0.724545	0.724545	0.000000	0.724545	0.000000	1	0.255055	0.265456	0.204451	0.275039	0.092592	0.516409	0.891047	0.753289	0.765246	0.253435	0.797845	0.167658	
3738000	-460.750525	1	3849	0.639556	0.052364	0.639556	0.639556	0.639556	0.639556	0.639556	0.000000	1	0.245318	0.250004	0.249876	0.254802	0.151478	0.790632	0.226180	0.836801	0.976202	0.952408	0.852494	0.784734	
3739000	-462.427234	1	2838	0.727691	0.013210	0.727691	0.727691	0.727691	0.727691	0.727691	0.000000	1	0.247675	0.249918	0.250244	0.252163	0.518750	0.938477	0.591240	0.445659	0.490508	0.007583	0.472095	0.661972	
3740000	-460.911178	1	3779	0.625800	0.010884	0.625800	0.625800	0.625800	0.000000	0.625800	0.010884	1	0.259816	0.274288	0.178616	0.287280	0.522561	0.324091	0.711989	0.911785	0.289840	0.564909	0.123439	0.787017	
3741000	-461.540598	1	2816	0.746854	0.060491	0.746854	0.746854	0.746854	0.746854	0.746854	0.000000	1	0.248271	0.249988	0.249978	0.251764	0.787897	0.329092	0.004028	0.548925	0.451726	0.388796	0.566766	0.407114	
3742000	-461.884850	1	3594	0.626600	0.012447	0.626600	0.626600	0.626600	0.000000	0.626600	0.000000	1	0.259117	0.273856	0.179018	0.288008	0.633199	0.627087	0.879920	0.234848	0.982717	0.576670	0.270101	0.885762	
3743000	-461.941220	1	2458	0.632219	0.012406	0.632219	0.632219	0.012406	0.000000	0.632219	0.000000	1	0.301113	0.334346	0.000157	0.364384	0.993413	0.382443	0.021943	0.273333	0.777058	0.765100	0.017126	0.028380	
3744000	-460.608191	1	1886	0.639216	0.043064	0.639216	0.639216	0.639216	0.639216	0.639216	0.000000	1	0.245240	0.249991	0.249947	0.254822	0.949326	0.474986	0.119429	0.703216	0.960903	0.666469	0.995161	0.893798	
3745000	-461.753386	1	2661	0.620578	0.000000	0.620578	0.620578	0.020082	0.620578	0.620578	0.020082	1	0.248179	0.257775	0.227371	0.266675	0.162719	0.760662	0.729134	0.935189	0.688872	0.465296	0.763709	0.381563	
3746000	-460.749053	1	2004	0.662161	0.024202	0.662161	0.662161	0.662161	0.662161	0.662161	0.024202	1	0.242837	0.250022	0.249878	0.257263	0.485965	0.528971	0.283486	0.300531	0.121267	0.539563	0.759753	0.354755	
3747000	-461.038424	1	2431	0.644506	0.000000	0.644506	0.644506	0.644506	0.644506	0.644506	0.020634	1	0.237362	0.249958	0.250063	0.262617	0.875144	0.363408	0.826290	0.252751	0.234400	0.012865	0.084777	0.540463	
3748000	-461.764589	1	2077	0.615729	0.014362	0.615729	0.615729	0.615729	0.014362	0.615729	0.000000	1	0.257273	0.273890	0.178965	0.289872	0.756756	0.784749	0.423755	0.978287	0.239460	0.753090	0.119062	0.944358	
3749000	-460.890105	1	3492	0.644479	0.000000	0.644479	0.644479	0.644479	0.644479	0.644479	0.029614	1	0.237862	0.250028	0.249959	0.262151	0.978079	0.302397	0.850485	0.911443	0.036736	0.381633	0.352796	0.158438	
3750000	-461.480283	1	1044	0.554043	0.025920	0.554043	0.554043	0.554043	0.554043	0.554043	0.000000	1	0.239191	0.249952	0.250223	0.260634	0.007415	0.849562	0.896100	0.085992	0.423388	0.356463	0.180186	0.698354	
3751000	-461.451720	1	1157	0.704918	0.028420	0.704918	0.704918	0.704918	0.000000	0.704918	0.000000	1	0.255203	0.267431	0.198625	0.278741	0.719246	0.552100	0.348549	0.768350	0.586083	0.610974	0.121169	0.569012	
3752000	-460.532625	1	1917	0.658836	0.015656	0.658836	0.658836	0.658836	0.658836	0.658836	0.015656	1	0.242111	0.249990	0.249951	0.257948	0.035517	0.007076	0.122840	0.678011	0.152810	0.114616	0.606959	0.972365	
3753000	-461.171531	1	3379	0.733469	0.034981	0.733469	0.733469	0.733469	0.733469	0.733469	0.000000	1	0.247954	0.249980	0.250028	0.252038	0.480494	0.397969	0.144196	0.308082	0.956455	0.205204	0.409416	0.922444	
3754000	-460.846166	1	3432	0.670249	0.055435	0.670249	0.670249	0.670249	0.670249	0.670249	0.000000	1	0.246488	0.249992	0.249925	0.253595	0.531182	0.902328	0.299821	0.154761	0.644195	0.442002	0.994793	0.812638	
3755000	-461.322075	1	1864	0.710976	0.000000	0.710976	0.710976	0.710976	0.710976	0.710976	0.025819	1	0.242705	0.250003	0.250036	0.257256	0.868113	0.167263	0.832288	0.245049	0.352052	0.283963	0.623823	0.043882	
3756000	-461.187131	1	1594	0.585575	0.000000	0.585575	0.585575	0.585575	0.585575	0.585575	0.021971	1	0.230233	0.249960	0.249851	0.269956	0.073869	0.440487	0.406455	0.434995	0.481669	0.555882	0.254416	0.872753	
3757000	-461.434856	1	3002	0.629252	0.029317	0.629252	0.629252	0.629252	0.029317	0.629252	0.000000	1	0.252140	0.272987	0.182089	0.292784	0.613335	0.112218	0.983553	0.515192	0.823839	0.420109	0.388707	0.517510	
3758000	-460.732505	1	2943	0.690427	0.020072	0.690427	0.690427	0.690427	0.690427	0.690427	0.020072	1	0.244142	0.250001	0.249954	0.255902	0.605885	0.218075	0.031843	0.525997	0.497406	0.420992	0.393302	0.342507	
3759000	-460.842976	1	2853	0.655410	0.009718	0.655410	0.655410	0.655410	0.009718	0.655410	0.009718	1	0.258606	0.269655	0.192065	0.279673	0.105896	0.847327	0.860608	0.933201	0.525176	0.975651	0.725228	0.623299	
3760000	-460.919896	1	2452	0.633397	0.015771	0.633397	0.633397	0.015771	0.633397	0.633397	0.015771	1	0.249615	0.258008	0.226841	0.265536	0.920346	0.228936	0.579456	0.562730	0.222565	0.230097	0.536765	0.460331	
3761000	-460.893548	1	2506	0.647029	0.000000	0.647029	0.647029	0.647029	0.647029	0.647029	0.029517	1	0.238096	0.250026	0.249965	0.261913	0.517238	0.240968	0.794721	0.320744	0.512027	0.574759	0.499281	0.995182	
3762000	-461.029125	1	3439	0.632743	0.007389	0.632743	0.632743	0.632743	0.007389	0.632743	0.007389	1	0.259217	0.272375	0.183737	0.284672	0.137219	0.619839	0.580832	0.783827	0.407202	0.236531	0.634668	0.715797	
3763000	-460.739513	1	3642	0.679695	0.032333	0.679695	0.679695	0.679695	0.679695	0.679695	0.000000	1	0.246645	0.249966	0.250064	0.253325	0.131738	0.942563	0.676882	0.800694	0.943624	0.614969	0.496032	0.060839	
3764000	-460.655515	1	3413	0.673688	0.038986	0.673688	0.673688	0.673688	0.673688	0.673688	0.000000	1	0.246507	0.249978	0.250012	0.253503	0.185476	0.440831	0.149967	0.611284	0.410732	0.335561	0.408379	0.973363	
3765000	-462.171108	1	2850	0.717949	0.025476	0.717949	0.717949	0.000000	0.717949	0.717949	0.025476	1	0.252204	0.255694	0.233756	0.258346	0.032760	0.449722	0.401457	0.375810	0.994236	0.906865	0.283544	0.696885	
3766000	-461.835310	1	1363	0.530850	0.035927	0.530850	0.530850	0.530850	0.530850	0.530850	0.000000	1	0.236985	0.250228	0.249356	0.263431	0.340950	0.215055	0.792232	0.160815	0.163179	0.729814	0.721348	0.092794	
3767000	-461.516360	1	2133	0.655270	0.015548	0.655270	0.655270	0.655270	0.015548	0.655270	0.000000	1	0.256843	0.269191	0.193018	0.280948	0.999814	0.987161	0.948948	0.944609	0.118814	0.806158	0.848469	0.444194	
3768000	-461.750030	1	1194	0.712391	0.000000	0.712391	0.712391	0.021402	0.712391	0.712391	0.021402	1	0.249035	0.253443	0.239962	0.257560	0.813315	0.561122	0.691314	0.672243	0.852683	0.860756	0.175265	0.979552	
3769000	-463.754420	1	2572	0.618956	0.052747	0.618956	0.618956	0.618956	0.618956	0.618956	0.000000	0	0.246351	0.250034	0.249932	0.253684	0.940088	0.600477	0.510421	0.843071	0.834618	0.904987	0.028896	0.344870	
3770000	-460.599819	1	2312	0.661898	0.020749	0.661898	0.661898	0.661898	0.661898	0.661898	0.020749	1	0.242621	0.250012	0.249901	0.257467	0.876222	0.831700	0.404043	0.949572	0.099831	0.874386	0.449802	0.587284	
3771000	-462.095341	1	1796	0.697664	0.010393	0.697664	0.697664	0.000000	0.010393	0.697664	0.000000	1	0.312492	0.334254	0.000150	0.353104	0.975590	0.101593	0.473046	0.397722	0.685115	0.292944	0.608374	0.222400	
3772000	-460.852147	1	2042	0.689317	0.008720	0.689317	0.689317	0.000000	0.689317	0.689317	0.008720	1	0.249319	0.255066	0.235064	0.260551	0.102864	0.625190	0.611904	0.227629	0.340040	0.974605	0.345299	0.098409	
3773000	-463.213456	1	3498	0.749184	0.010452	0.749184	0.749184	0.749184	0.749184	0.749184	0.000000	1	0.248052	0.249918	0.250245	0.251785	0.620315	0.834947	0.854785	0.948730	0.080227	0.923160	0.349481	0.055060	
3774000	-460.729444	1	1452	0.679742	0.046581	0.679742	0.679742	0.679742	0.679742	0.679742	0.000000	1	0.246740	0.249985	0.249973	0.253301	0.640055	0.273017	0.754873	0.342620	0.853012	0.878891	0.147068	0.786034	
3775000	-461.407122	1	1221	0.637733	0.017982	0.637733	0.637733	0.637733	0.000000	0.637733	0.017982	1	0.259369	0.273210	0.182774	0.284647	0.969600	0.234572	0.730562	0.556920	0.443661	0.302219	0.799025	0.885996	
3776000	-461.189708	1	3417	0.694390	0.000000	0.694390	0.694390	0.694390	0.694390	0.694390	0.036237	1	0.242041	0.250035	0.250001	0.257923	0.283118	0.955590	0.531492	0.376107	0.289679	0.417518	0.702425	0.575464	
3777000	-461.139860	1	903	0.639004	0.000000	0.639004	0.639004	0.639004	0.639004	0.639004	0.018395	1	0.236668	0.249929	0.250108	0.263295	0.706835	0.449270	0.130346	0.846170	0.539664	0.382474	0.127351	0.799413	
3778000	-461.612433	1	393	0.754952	0.059411	0.754952	0.754952	0.754952	0.754952	0.754952	0.000000	1	0.248390	0.249988	0.249982	0.251639	0.634895	0.752332	0.527952	0.098652	0.378704	0.437477	0.940240	0.151577	
3779000	-461.094782	1	698	0.663115	0.017977	0.663115	0.663115	0.000000	0.663115	0.663115	0.017977	1	0.251422	0.257717	0.227740	0.263121	0.967627	0.276986	0.274042	0.635872	0.797108	0.628473	0.671850	0.163840	
3780000	-461.818216	1	2057	0.637319	0.000000	0.637319	0.637319	0.637319	0.637319	0.637319	0.011532	1	0.236011	0.249796	0.250409	0.263784	0.553510	0.089153	0.633378	0.233224	0.271049	0.490391	0.666189	0.790320	
3781000	-461.618264	1	1162	0.677741	0.000000	0.677741	0.677741	0.019702	0.677741	0.677741	0.019702	1	0.248521	0.254666	0.236379	0.260433	0.301179	0.282556	0.439493	0.060327	0.618206	0.032784	0.455573	0.718554	
3782000	-461.370632	1	3522	0.705905	0.024234	0.705905	0.705905	0.705905	0.024234	0.705905	0.000000	1	0.254371	0.264524	0.207095	0.274009	0.936717	0.128638	0.008294	0.505482	0.699073	0.446151	0.641288	0.182556	
3783000	-462.416976	1	274	0.649680	0.027484	0.649680	0.649680	0.000000	0.649680	0.649680	0.027484	1	0.253304	0.259491	0.223214	0.263991	0.120675	0.723850	0.225305	0.153413	0.166027	0.075410	0.384646	0.272212	
3784000	-460.906436	1	2820	0.631806	0.015501	0.631806	0.631806	0.015501	0.631806	0.631806	0.015501	1	0.249539	0.258083	0.226610	0.265767	0.481685	0.166838	0.699498	0.228168	0.415698	0.079077	0.935156	0.329708	
3785000	-460.622572	1	1227	0.622272	0.036467	0.622272	0.622272	0.622272	0.622272	0.622272	0.000000	1	0.244368	0.249982	0.249998	0.255652	0.253913	0.349782	0.683329	0.308566	0.934099	0.659352	0.224884	0.646938	
3786000	-462.850607	1	1060	0.828207	0.035360	0.828207	0.828207	0.828207	0.000000	0.828207	0.000000	1	0.253029	0.258349	0.225476	0.263145	0.431343	0.424377	0.117212	0.420269	0.517506	0.747768	0.804322	0.956916	
3787000	-461.435382	1	1304	0.667763	0.000000	0.667763	0.667763	0.667763	0.667763	0.667763	0.015766	1	0.239234	0.249925	0.250157	0.260683	0.731797	0.562403	0.192419	0.532821	0.600476	0.451619	0.466752	0.813960	
3788000	-460.501855	1	2499	0.622941	0.016817	0.622941	0.622941	0.622941	0.622941	0.622941	0.016817	1	0.239508	0.250014	0.249827	0.260651	0.694767	0.262700	0.879352	0.079784	0.401925	0.133388	0.853257	0.486552	
3789000	-460.758272	1	3278	0.695338	0.019543	0.695338	0.695338	0.695338	0.695338	0.695338	0.019543	1	0.244353	0.249999	0.249962	0.255686	0.220572	0.035735	0.265533	0.916312	0.193185	0.346894	0.173850	0.770840	
3790000	-461.880831	1	2821	0.648469	0.012696	0.648469	0.648469	0.012696	0.012696	0.648469	0.000000	1	0.303413	0.334162	0.000772	0.361653	0.530442	0.547702	0.050829	0.320019	0.305036	0.919867	0.068867	0.981645	
3791000	-461.425346	1	3980	0.639404	0.016290	0.639404	0.639404	0.639404	0.639404	0.639404	0.000000	1	0.244858	0.249816	0.250572	0.254754	0.934176	0.866445	0.273729	0.323061	0.999850	0.488595	0.459017	0.309328	
3792000	-461.359454	1	2119	0.644882	0.021173	0.644882	0.644882	0.644882	0.000000	0.644882	0.000000	1	0.256711	0.273176	0.181370	0.288744	0.370810	0.668247	0.634438	0.240252	0.005992	0.358157	0.069280	0.817358	
3793000	-461.946833	1	2906	0.641957	0.011487	0.641957	0.641957	0.011487	0.000000	0.641957	0.000000	1	0.304115	0.334310	0.000137	0.361438	0.693841	0.527174	0.885134	0.831344	0.301529	0.538815	0.353354	0.908278	
3794000	-461.373094	1	1714	0.747920	0.050664	0.747920	0.747920	0.747920	0.747920	0.747920	0.000000	1	0.248260	0.249987	0.249991	0.251761	0.790655	0.258260	0.789515	0.475711	0.120081	0.213470	0.476835	0.824132	
3795000	-461.840532	1	3813	0.688818	0.007387	0.688818	0.688818	0.007387	0.007387	0.688818	0.007387	1	0.323441	0.334981	0.000267	0.341311	0.471537	0.667020	0.622270	0.894289	0.993687	0.632053	0.241908	0.202330	
3796000	-462.572882	1	1266	0.640527	0.055317	0.640527	0.640527	0.640527	0.055317	0.640527	0.000000	1	0.244986	0.272109	0.185132	0.297773	0.785501	0.661042	0.255160	0.494359	0.393304	0.936822	0.523862	0.930308	
3797000	-460.900630	1	639	0.633265	0.000000	0.633265	0.633265	0.633265	0.633265	0.633265	0.025671	1	0.236519	0.250002	0.249970	0.263508	0.139841	0.519888	0.682268	0.608624	0.491697	0.121173	0.413373	0.052609	
3798000	-460.975654	1	414	0.624962	0.008332	0.624962	0.624962	0.624962	0.000000	0.624962	0.008332	1	0.259957	0.274212	0.178446	0.287385	0.462261	0.055320	0.469020	0.943155	0.199415	0.096955	0.526535	0.861459	
3799000	-461.955759	1	895	0.606957	0.000000	0.606957	0.606957	0.000000	0.606957	0.606957	0.018636	1	0.249385	0.260230	0.220142	0.270243	0.064560	0.170078	0.151493	0.162035	0.069094	0.684815	0.745888	0.082784	
3800000	-460.605995	1	148	0.641381	0.012429	0.641381	0.641381	0.641381	0.641381	0.641381	0.012429	1	0.240640	0.249965	0.249993	0.259403	0.537333	0.102694	0.191405	0.308571	0.760826	0.612821	0.969764	0.606981	
3801000	-460.896903	1	1106	0.648164	0.000000	0.648164	0.648164	0.648164	0.648164	0.648164	0.029982	1	0.238226	0.250029	0.249964	0.261782	0.308680	0.057963	0.460685	0.103921	0.725804	0.914153	0.776745	0.661477	
3802000	-461.363149	1	3474	0.701403	0.022374	0.701403	0.701403	0.701403	0.022374	0.701403	0.000000	1	0.254770	0.264851	0.206087	0.274292	0.766326	0.509989	0.296162	0.223262	0.828744	0.539088	0.943813	0.143971	
3803000	-464.317464	1	2068	0.661072	0.012104	0.661072	0.661072	0.012104	0.661072	0.661072	0.012104	0	0.250173	0.256411	0.231280	0.262135	0.074372	0.626227	0.260844	0.068934	0.481426	0.426376	0.426483	0.457392	
3804000	-460.512372	1	160	0.624259	0.014939	0.624259	0.624259	0.624259	0.624259	0.624259	0.014939	1	0.239458	0.249995	0.249877	0.260670	0.287055	0.718838	0.757230	0.660695	0.438313	0.837151	0.859715	0.118916	
3805000	-461.087589	1	3917	0.702662	0.025857	0.702662	0.702662	0.702662	0.702662	0.702662	0.000000	1	0.247230	0.249958	0.250104	0.252708	0.436381	0.211705	0.615289	0.447949	0.920358	0.575336	0.217525	0.387199	
3806000	-461.539934	1	3453	0.618520	0.018866	0.618520	0.618520	0.618520	0.000000	0.618520	0.000000	1	0.257065	0.276199	0.172269	0.294468	0.355308	0.057695	0.347895	0.397813	0.737852	0.303023	0.277948	0.885020	
3807000	-461.003741	1	2189	0.639680	0.000000	0.639680	0.639680	0.639680	0.639680	0.639680	0.021335	1	0.236919	0.249963	0.250046	0.263072	0.834532	0.528161	0.852655	0.511573	0.322639	0.164901	0.209893	0.304286	
3808000	-460.742180	1	1622	0.607957	0.044857	0.607957	0.607957	0.607957	0.607957	0.607957	0.000000	1	0.243666	0.250022	0.249837	0.256475	0.325863	0.558797	0.366085	0.323864	0.867433	0.692235	0.106816	0.663464	
3809000	-460.797353	1	1859	0.611948	0.027499	0.611948	0.611948	0.611948	0.611948	0.611948	0.000000	1	0.243671	0.249932	0.250192	0.256205	0.494791	0.490036	0.453360	0.719666	0.644328	0.220802	0.565740	0.108821	
3810000	-461.072164	1	459	0.583926	0.050849	0.583926	0.583926	0.583926	0.583926	0.583926	0.000000	1	0.242151	0.250084	0.249607	0.258158	0.852313	0.568745	0.796312	0.578036	0.010552	0.243152	0.219804	0.512090	
3811000	-461.509005	1	3029	0.614307	0.000000	0.614307	0.614307	0.614307	0.614307	0.614307	0.013996	1	0.233486	0.249810	0.250300	0.266404	0.369318	0.984048	0.759950	0.972725	0.206774	0.379811	0.235996	0.450193	
3812000	-460.988524	1	3612	0.693674	0.007612	0.693674	0.693674	0.000000	0.693674	0.693674	0.007612	1	0.248982	0.254608	0.236377	0.260032	0.807796	0.060818	0.451839	0.145501	0.635355	0.411990	0.697689	0.877951	
3813000	-461.797047	1	3323	0.676158	0.005618	0.676158	0.676158	0.005618	0.005618	0.676158	0.005618	1	0.322609	0.334632	0.000155	0.342604	0.659687	0.313149	0.039333	0.399711	0.476874	0.605328	0.137182	0.310536	
3814000	-460.854977	1	918	0.665367	0.009687	0.665367	0.665367	0.665367	0.009687	0.665367	0.009687	1	0.258420	0.268566	0.195266	0.277748	0.523836	0.528223	0.052689	0.552619	0.463753	0.412063	0.921058	0.239822	
3815000	-461.225359	1	2206	0.639301	0.068931	0.639301	0.639301	0.639301	0.639301	0.639301	0.000000	1	0.245380	0.250013	0.249790	0.254817	0.083664	0.289168	0.325580	0.751109	0.037502	0.415762	0.658841	0.579225	
3816000	-461.275005	1	3305	0.668332	0.000000	0.668332	0.668332	0.668332	0.668332	0.668332	0.044938	1	0.240593	0.250076	0.249955	0.259376	0.461522	0.059791	0.889353	0.214321	0.052825	0.156045	0.469472	0.346060	
3817000	-460.887310	1	1971	0.687606	0.024601	0.687606	0.687606	0.687606	0.687606	0.687606	0.024601	1	0.244217	0.250012	0.249928	0.255843	0.192168	0.650031	0.708424	0.520236	0.111382	0.638098	0.858791	0.770786	
3818000	-461.043320	1	1991	0.612791	0.000000	0.612791	0.612791	0.612791	0.612791	0.612791	0.021073	1	0.233868	0.249949	0.250001	0.266181	0.377905	0.669930	0.930451	0.469645	0.513298	0.569805	0.101195	0.354352	
3819000	-460.957442	1	2654	0.679065	0.024809	0.679065	0.679065	0.679065	0.679065	0.679065	0.000000	1	0.246554	0.249943	0.250151	0.253352	0.666265	0.644174	0.533591	0.563295	0.974067	0.802500	0.476809	0.629946	
3820000	-463.572647	1	2588	0.507558	0.004974	0.507558	0.507558	0.507558	0.507558	0.507558	0.004974	1	0.220424	0.249142	0.251493	0.278941	0.824641	0.741875	0.639683	0.379185	0.598507	0.961404	0.413607	0.067736	
3821000	-461.082059	1	473	0.587176	0.010230	0.587176	0.587176	0.010230	0.587176	0.587176	0.010230	1	0.246942	0.260509	0.219210	0.273339	0.740056	0.969439	0.742160	0.417236	0.577741	0.974922	0.276281	0.169488	
3822000	-460.827288	1	411	0.681684	0.028879	0.681684	0.681684	0.681684	0.681684	0.681684	0.000000	1	0.246676	0.249958	0.250096	0.253270	0.151793	0.797042	0.437953	0.358883	0.955169	0.908481	0.980277	0.546485	
3823000	-460.882269	1	541	0.671489	0.056825	0.671489	0.671489	0.671489	0.671489	0.671489	0.000000	1	0.246534	0.249992	0.249922	0.253552	0.557643	0.343397	0.781140	0.729562	0.162582	0.650113	0.654808	0.224500	
3824000	-461.993196	1	2870	0.690033	0.011488	0.690033	0.690033	0.011488	0.000000	0.690033	0.000000	1	0.310134	0.334343	0.000141	0.355382	0.347808	0.984127	0.978684	0.715534	0.172087	0.465667	0.789298	0.782212	
3825000	-461.256876	1	3332	0.583007	0.010890	0.583007	0.583007	0.583007	0.010890	0.583007	0.010890	1	0.258264	0.278829	0.165276	0.297631	0.297788	0.337982	0.119250	0.166738	0.121965	0.803476	0.747803	0.638391	
3826000	-460.616578	1	3898	0.656577	0.034725	0.656577	0.656577	0.656577	0.656577	0.656577	0.000000	1	0.245877	0.249969	0.250045	0.254109	0.220515	0.395987	0.868144	0.308565	0.668919	0.981023	0.812243	0.842158	
3827000	-461.141594	1	3007	0.734234	0.019001	0.734234	0.734234	0.734234	0.734234	0.734234	0.019001	1	0.245900	0.249996	0.249990	0.254114	0.563239	0.432469	0.330517	0.907123	0.064918	0.585358	0.677010	0.111425	
3828000	-460.756949	1	3374	0.622967	0.027452	0.622967	0.622967	0.622967	0.622967	0.622967	0.000000	1	0.244280	0.249933	0.250184	0.255603	0.256862	0.213293	0.326118	0.605386	0.054840	0.227650	0.576165	0.807332	
3829000	-460.642957	1	2744	0.616869	0.038499	0.616869	0.616869	0.616869	0.616869	0.616869	0.000000	1	0.244104	0.249993	0.249956	0.255947	0.534276	0.969800	0.670439	0.452883	0.808329	0.036280	0.963130	0.647714	
3830000	-462.379038	1	1487	0.678626	0.024415	0.678626	0.678626	0.024415	0.000000	0.678626	0.000000	1	0.290780	0.334935	0.000571	0.373715	0.541484	0.168304	0.936688	0.599443	0.738786	0.381899	0.609424	0.825749	
3831000	-460.837612	1	888	0.700286	0.044608	0.700286	0.700286	0.700286	0.700286	0.700286	0.000000	1	0.247290	0.249983	0.249993	0.252734	0.264710	0.259746	0.347274	0.413175	0.118124	0.605121	0.125769	0.479237	
3832000	-462.318392	1	1116	0.620432	0.044799	0.620432	0.620432	0.620432	0.000000	0.620432	0.000000	1	0.248455	0.280690	0.159623	0.311232	0.711942	0.287962	0.621068	0.315611	0.340951	0.969901	0.708783	0.769453	
3833000	-460.782374	1	43	0.640414	0.026046	0.640414	0.640414	0.640414	0.640414	0.640414	0.000000	1	0.245107	0.249929	0.250195	0.254768	0.474175	0.033136	0.511781	0.652493	0.455197	0.658842	0.707583	0.665500	
3834000	-461.653109	1	1682	0.715440	0.033930	0.715440	0.715440	0.715440	0.000000	0.715440	0.000000	1	0.254345	0.267107	0.199718	0.278830	0.724449	0.899525	0.240923	0.359383	0.066698	0.304538	0.627503	0.847045	
3835000	-462.139760	1	3604	0.582872	0.005924	0.582872	0.582872	0.000000	0.000000	0.582872	0.005924	1	0.311008	0.335025	0.000000	0.353967	0.959646	0.840907	0.648041	0.728413	0.274816	0.193682	0.525139	0.760040	
3836000	-460.761269	1	3631	0.598525	0.035064	0.598525	0.598525	0.598525	0.598525	0.598525	0.000000	1	0.242972	0.249994	0.249974	0.257060	0.021197	0.131406	0.141574	0.649621	0.093731	0.270454	0.357001	0.690807	
3837000	-460.549357	1	3616	0.625395	0.013580	0.625395	0.625395	0.625395	0.625395	0.625395	0.013580	1	0.239434	0.249980	0.249920	0.260666	0.175963	0.582856	0.026899	0.973115	0.439702	0.086041	0.386302	0.799901	
3838000	-461.012557	1	1449	0.660584	0.000000	0.660584	0.660584	0.660584	0.660584	0.660584	0.036613	1	0.239626	0.250054	0.249958	0.260362	0.918684	0.037339	0.566931	0.244879	0.495318	0.446268	0.810371	0.179342	
3839000	-461.087589	1	3917	0.702662	0.025857	0.702662	0.702662	0.702662	0.702662	0.702662	0.000000	1	0.247230	0.249958	0.250104	0.252708	0.797940	0.968784	0.486124	0.646899	0.761092	0.183941	0.624553	0.911439	
3840000	-460.786344	1	428	0.691195	0.034123	0.691195	0.691195	0.691195	0.691195	0.691195	0.000000	1	0.246992	0.249972	0.250045	0.252991	0.397906	0.185006	0.980700	0.215364	0.334207	0.669417	0.557227	0.830273	
3841000	-462.701113	1	956	0.523505	0.064452	0.523505	0.523505	0.523505	0.523505	0.523505	0.000000	1	0.236427	0.250476	0.248276	0.264821	0.421392	0.423697	0.630851	0.856364	0.721656	0.388659	0.997858	0.421613	
3842000	-460.585639	1	2205	0.621291	0.020559	0.621291	0.621291	0.621291	0.621291	0.621291	0.020559	1	0.239685	0.250042	0.249755	0.260518	0.584321	0.875882	0.508992	0.994547	0.924808	0.712607	0.584865	0.403380	
3843000	-460.966883	1	2138	0.601016	0.009471	0.601016	0.601016	0.000000	0.601016	0.601016	0.009471	1	0.248113	0.260315	0.219700	0.271872	0.779128	0.441640	0.633988	0.244742	0.842440	0.070266	0.551931	0.693873	
3844000	-461.890167	1	1511	0.765812	0.025881	0.765812	0.765812	0.765812	0.000000	0.765812	0.000000	1	0.254641	0.261621	0.215710	0.268028	0.331040	0.260561	0.482965	0.471582	0.262513	0.400553	0.963898	0.858541	
3845000	-461.185681	1	2754	0.669975	0.000000	0.669975	0.669975	0.669975	0.669975	0.669975	0.042027	1	0.240592	0.250066	0.249962	0.259380	0.081927	0.489098	0.160622	0.765128	0.757516	0.250369	0.575336	0.050946	
3846000	-460.810720	1	2344	0.660453	0.054911	0.660453	0.660453	0.660453	0.660453	0.660453	0.000000	1	0.246153	0.249995	0.249910	0.253942	0.387481	0.532978	0.843332	0.402254	0.561786	0.905251	0.532783	0.829270	
3847000	-460.745278	1	2832	0.663125	0.051497	0.663125	0.663125	0.663125	0.663125	0.663125	0.000000	1	0.246230	0.249992	0.249931	0.253847	0.914956	0.131454	0.498809	0.139785	0.698740	0.554159	0.889668	0.887886	
3848000	-463.057240	1	1022	0.625986	0.000000	0.625986	0.625986	0.625986	0.625986	0.625986	0.077567	1	0.238837	0.250252	0.249797	0.261114	0.421338	0.819289	0.396157	0.351120	0.289303	0.856353	0.035416	0.524913	
3849000	-460.853096	1	2968	0.702689	0.036178	0.702689	0.702689	0.702689	0.702689	0.702689	0.000000	1	0.247304	0.249976	0.250030	0.252690	0.361553	0.941900	0.486389	0.609036	0.904575	0.357370	0.115603	0.493886	
3850000	-460.591297	1	1830	0.638846	0.040443	0.638846	0.638846	0.638846	0.638846	0.638846	0.000000	1	0.245202	0.249986	0.249972	0.254840	0.783380	0.251317	0.237796	0.381747	0.940702	0.905065	0.981740	0.656875	
3851000	-460.868321	1	3808	0.669541	0.056487	0.669541	0.669541	0.669541	0.669541	0.669541	0.000000	1	0.246470	0.249993	0.249920	0.253618	0.737661	0.553126	0.444378	0.226862	0.328574	0.754007	0.961703	0.000300	
3852000	-461.602696	1	1996	0.629499	0.078026	0.629499	0.629499	0.629499	0.629499	0.629499	0.000000	1	0.244961	0.250023	0.249709	0.255307	0.829472	0.086731	0.817562	0.704596	0.704492	0.558019	0.781566	0.676963	
3853000	-461.051879	1	1356	0.580576	0.010013	0.580576	0.580576	0.580576	0.580576	0.580576	0.010013	1	0.234314	0.249912	0.249950	0.265823	0.209297	0.422968	0.681738	0.370034	0.519901	0.293501	0.902174	0.227742	
3854000	-460.751699	1	2283	0.619125	0.028057	0.619125	0.619125	0.619125	0.619125	0.619125	0.000000	1	0.244085	0.249937	0.250170	0.255808	0.471920	0.575434	0.021097	0.398689	0.299018	0.229033	0.212001	0.650070	
3855000	-461.866186	1	70	0.732182	0.000000	0.732182	0.732182	0.732182	0.732182	0.732182	0.018336	1	0.243646	0.249982	0.250067	0.256305	0.405832	0.099285	0.352981	0.343577	0.398489	0.776995	0.002094	0.505363	
3856000	-461.366818	1	3006	0.603239	0.016088	0.603239	0.603239	0.603239	0.016088	0.603239	0.016088	1	0.257854	0.275799	0.175049	0.291298	0.833810	0.913967	0.315363	0.086346	0.661514	0.495167	0.710383	0.852256	
3857000	-461.971069	1	2141	0.695698	0.000000	0.695698	0.695698	0.000000	0.695698	0.695698	0.029567	1	0.253950	0.256875	0.230068	0.259107	0.249653	0.578004	0.615012	0.943597	0.253809	0.162972	0.085387	0.197732	
3858000	-461.006899	1	4	0.629872	0.007735	0.629872	0.629872	0.629872	0.000000	0.629872	0.007735	1	0.259945	0.273544	0.180332	0.286179	0.254302	0.640785	0.022614	0.951427	0.645087	0.320095	0.609393	0.680102	
3859000	-461.123479	1	2504	0.737469	0.010096	0.737469	0.737469	0.000000	0.737469	0.737469	0.010096	1	0.249682	0.253391	0.240022	0.256904	0.765972	0.638842	0.416010	0.699963	0.279086	0.519015	0.457893	0.947583	
3860000	-460.689116	1	408	0.655238	0.049118	0.655238	0.655238	0.655238	0.655238	0.655238	0.000000	1	0.245932	0.249993	0.249930	0.254145	0.357516	0.345704	0.222112	0.107255	0.020189	0.657795	0.269810	0.167484	
3861000	-460.724504	1	1528	0.659286	0.011484	0.659286	0.659286	0.659286	0.659286	0.659286	0.011484	1	0.241857	0.249958	0.250039	0.258146	0.238741	0.849395	0.603782	0.342546	0.645987	0.938659	0.027202	0.525354	
3862000	-460.837612	1	888	0.700286	0.044608	0.700286	0.700286	0.700286	0.700286	0.700286	0.000000	1	0.247290	0.249983	0.249993	0.252734	0.735403	0.494579	0.172031	0.312869	0.192380	0.181446	0.961257	0.877582	
3863000	-462.044361	1	1624	0.625260	0.010902	0.625260	0.625260	0.000000	0.010902	0.625260	0.000000	1	0.302631	0.334230	0.000172	0.362967	0.135823	0.746944	0.967770	0.484706	0.661474	0.600242	0.126348	0.136369	
3864000	-460.964993	1	2601	0.638222	0.000000	0.638222	0.638222	0.638222	0.638222	0.638222	0.035869	1	0.237611	0.250068	0.249905	0.262417	0.535532	0.123079	0.938576	0.435287	0.761302	0.432606	0.363922	0.268491	
3865000	-462.043712	1	3396	0.653100	0.000000	0.653100	0.653100	0.653100	0.653100	0.653100	0.062251	1	0.240220	0.250143	0.249907	0.259730	0.760406	0.622315	0.530778	0.030460	0.809377	0.476386	0.071191	0.369319	
3866000	-460.849438	1	796	0.588353	0.037667	0.588353	0.588353	0.588353	0.588353	0.588353	0.000000	1	0.242322	0.250023	0.249874	0.257780	0.244735	0.364685	0.033550	0.678149	0.764943	0.852200	0.598780	0.367675	
3867000	-461.503099	1	2952	0.613107	0.026311	0.613107	0.613107	0.613107	0.026311	0.613107	0.000000	1	0.252540	0.274915	0.176248	0.296297	0.407625	0.523318	0.981948	0.391646	0.266675	0.087975	0.224576	0.981664	
3868000	-460.601427	1	2080	0.649933	0.042192	0.649933	0.649933	0.649933	0.649933	0.649933	0.000000	1	0.245681	0.249986	0.249970	0.254363	0.742165	0.071642	0.760807	0.819401	0.067623	0.221390	0.790981	0.919960	
3869000	-462.458709	1	3339	0.814217	0.031227	0.814217	0.814217	0.814217	0.814217	0.814217	0.000000	1	0.248995	0.249990	0.250015	0.251001	0.071122	0.543121	0.271503	0.330071	0.187132	0.415047	0.245050	0.086290	
3870000	-461.735800	1	2694	0.551771	0.000000	0.551771	0.551771	0.551771	0.551771	0.551771	0.036167	1	0.226263	0.250280	0.249099	0.274358	0.289953	0.123063	0.906236	0.236350	0.759445	0.231545	0.443882	0.239006	
3871000	-461.127936	1	3842	0.567228	0.010801	0.567228	0.567228	0.567228	0.567228	0.567228	0.010801	1	0.232679	0.249953	0.249768	0.267600	0.511149	0.054263	0.094416	0.699384	0.694447	0.330757	0.936339	0.524288	
3872000	-460.854977	1	918	0.665367	0.009687	0.665367	0.665367	0.665367	0.009687	0.665367	0.009687	1	0.258420	0.268566	0.195266	0.277748	0.858248	0.031443	0.382612	0.351308	0.883413	0.138864	0.614458	0.882396	
3873000	-460.718951	1	1308	0.665659	0.029989	0.665659	0.665659	0.665659	0.665659	0.665659	0.000000	1	0.246162	0.249957	0.250097	0.253784	0.117105	0.088024	0.298844	0.836841	0.777157	0.570886	0.256846	0.369970	
3874000	-460.695997	1	1981	0.671363	0.012251	0.671363	0.671363	0.012251	0.671363	0.671363	0.012251	1	0.249423	0.255780	0.233108	0.261689	0.507700	0.336292	0.545153	0.231347	0.620661	0.493058	0.788181	0.447382	
3875000	-461.974696	1	1176	0.666393	0.018092	0.666393	0.666393	0.000000	0.000000	0.666393	0.000000	1	0.296962	0.334836	0.000000	0.368202	0.305497	0.311190	0.114660	0.082282	0.368722	0.896655	0.968418	0.591958	
3876000	-461.136323	1	3107	0.664185	0.015856	0.664185	0.664185	0.664185	0.000000	0.664185	0.015856	1	0.259055	0.269933	0.191955	0.279056	0.988118	0.818095	0.722949	0.600113	0.805405	0.296300	0.098125	0.467093	
3877000	-460.998552	1	1502	0.684144	0.013528	0.684144	0.684144	0.684144	0.000000	0.684144	0.013528	1	0.258656	0.267659	0.198311	0.275374	0.311528	0.193413	0.938166	0.353513	0.060997	0.086897	0.788991	0.041529	
3878000	-460.717120	1	121	0.682540	0.043833	0.682540	0.682540	0.682540	0.682540	0.682540	0.000000	1	0.246808	0.249983	0.249988	0.253221	0.610963	0.359474	0.632804	0.955889	0.171222	0.373962	0.948465	0.827302	
3879000	-460.856125	1	2273	0.611258	0.052278	0.611258	0.611258	0.611258	0.611258	0.611258	0.000000	1	0.243915	0.250032	0.249771	0.256282	0.344361	0.717486	0.266704	0.253737	0.817735	0.179839	0.031354	0.644248	
3880000	-460.531505	1	2413	0.617617	0.018121	0.617617	0.617617	0.617617	0.617617	0.617617	0.018121	1	0.239159	0.250030	0.249776	0.261036	0.941889	0.257705	0.735064	0.505122	0.785533	0.420507	0.078615	0.022129	
3881000	-461.059091	1	1051	0.631850	0.000000	0.631850	0.631850	0.631850	0.631850	0.631850	0.039376	1	0.237190	0.250093	0.249868	0.262849	0.393153	0.700969	0.747555	0.886295	0.739942	0.219761	0.353259	0.824904	
3882000	-460.794968	1	1654	0.671943	0.024410	0.671943	0.671943	0.671943	0.671943	0.671943	0.024410	1	0.243405	0.250018	0.249900	0.256678	0.433927	0.261121	0.961733	0.287021	0.326568	0.185790	0.391532	0.428268	
3883000	-461.329203	1	1416	0.640347	0.019638	0.640347	0.640347	0.000000	0.640347	0.640347	0.019638	1	0.251749	0.259250	0.223464	0.265537	0.055657	0.787104	0.423058	0.254489	0.168995	0.488484	0.268714	0.034906	
3884000	-461.017734	1	3224	0.707105	0.053924	0.707105	0.707105	0.707105	0.707105	0.707105	0.000000	1	0.247492	0.249987	0.249969	0.252553	0.318814	0.348340	0.736956	0.632671	0.331925	0.748166	0.196293	0.489554	
3885000	-461.087665	1	1678	0.608049	0.021288	0.608049	0.608049	0.608049	0.608049	0.608049	0.000000	1	0.243297	0.249855	0.250460	0.256389	0.512423	0.129756	0.303964	0.469422	0.333147	0.544155	0.372685	0.476007	
3886000	-461.195374	1	3030	0.656260	0.016921	0.656260	0.656260	0.656260	0.016921	0.656260	0.016921	1	0.257737	0.269264	0.194033	0.278965	0.892716	0.153308	0.066947	0.165601	0.603635	0.344394	0.365225	0.727696	
3887000	-460.852202	1	2056	0.588132	0.037922	0.588132	0.588132	0.588132	0.588132	0.588132	0.000000	1	0.242310	0.250025	0.249867	0.257797	0.074146	0.604434	0.131731	0.721283	0.191683	0.282684	0.913049	0.653815	
3888000	-461.149932	1	3313	0.595678	0.007567	0.595678	0.595678	0.007567	0.595678	0.595678	0.007567	1	0.246485	0.259579	0.221701	0.272235	0.152487	0.475458	0.533581	0.965951	0.847930	0.136496	0.414430	0.167468	
3889000	-461.538544	1	2697	0.765003	0.039871	0.765003	0.765003	0.765003	0.765003	0.765003	0.000000	1	0.248476	0.249987	0.250010	0.251527	0.997447	0.175943	0.013624	0.605389	0.882093	0.567019	0.533815	0.714842	
3890000	-460.599978	1	960	0.631834	0.021555	0.631834	0.631834	0.631834	0.631834	0.631834	0.021555	1	0.240612	0.250036	0.249794	0.259558	0.170070	0.072629	0.728930	0.875564	0.888259	0.439855	0.811758	0.833923	
3891000	-464.813465	1	1052	0.727266	0.034283	0.727266	0.727266	0.727266	0.727266	0.727266	0.034283	0	0.246461	0.250006	0.249972	0.253562	0.989007	0.810297	0.704617	0.293565	0.148907	0.269927	0.212142	0.224117	
3892000	-460.571300	1	897	0.667110	0.015406	0.667110	0.667110	0.667110	0.667110	0.667110	0.015406	1	0.242617	0.249988	0.249967	0.257428	0.683925	0.381739	0.361999	0.683282	0.900318	0.047663	0.911387	0.895485	
3893000	-461.726193	1	382	0.624734	0.000000	0.624734	0.624734	0.020489	0.624734	0.624734	0.020489	1	0.248427	0.257578	0.227956	0.266039	0.503252	0.676039	0.850737	0.527664	0.531199	0.977316	0.002519	0.356842	
3894000	-462.366239	1	2908	0.748759	0.015647	0.748759	0.748759	0.015647	0.015647	0.748759	0.000000	1	0.310737	0.334257	0.001163	0.353844	0.728732	0.234668	0.387296	0.877636	0.584041	0.833062	0.543525	0.755484	
3895000	-460.903040	1	138	0.677222	0.009248	0.677222	0.677222	0.677222	0.009248	0.677222	0.009248	1	0.258200	0.267336	0.198839	0.275625	0.229376	0.335753	0.045759	0.359035	0.067286	0.493027	0.261227	0.428296	
3896000	-460.704046	1	2254	0.653730	0.023712	0.653730	0.653730	0.653730	0.653730	0.653730	0.023712	1	0.242291	0.250026	0.249857	0.257826	0.003171	0.738245	0.237515	0.981106	0.421374	0.144912	0.206239	0.539875	
3897000	-464.515998	1	3981	0.665355	0.088656	0.665355	0.665355	0.665355	0.665355	0.665355	0.000000	0	0.247663	0.250016	0.249876	0.252445	0.132352	0.364797	0.283734	0.729760	0.515424	0.262968	0.100003	0.322583	
3898000	-462.614720	1	1495	0.725833	0.000000	0.725833	0.725833	0.041860	0.725833	0.725833	0.041860	1	0.253476	0.254547	0.236950	0.255026	0.529451	0.666049	0.329389	0.642793	0.450069	0.080466	0.696100	0.749560	
3899000	-461.460550	1	1311	0.682155	0.031474	0.682155	0.682155	0.682155	0.000000	0.682155	0.000000	1	0.254656	0.270375	0.190004	0.284965	0.250636	0.533367	0.919246	0.264841	0.758166	0.926543	0.068573	0.960689	
3900000	-460.810720	1	2344	0.660453	0.054911	0.660453	0.660453	0.660453	0.660453	0.660453	0.000000	1	0.246153	0.249995	0.249910	0.253942	0.087558	0.545163	0.034995	0.849218	0.402003	0.614201	0.051284	0.133219	
3901000	-461.010809	1	2725	0.678988	0.023678	0.678988	0.678988	0.678988	0.678988	0.678988	0.000000	1	0.246539	0.249938	0.250169	0.253354	0.964600	0.132554	0.767249	0.350700	0.148067	0.444375	0.864506	0.685443	
3902000	-460.625537	1	1208	0.630840	0.043491	0.630840	0.630840	0.630840	0.630840	0.630840	0.000000	1	0.244861	0.249997	0.249926	0.255216	0.725648	0.215650	0.476548	0.304249	0.010551	0.248034	0.996191	0.781062	
3903000	-460.598299	1	3866	0.643494	0.034889	0.643494	0.643494	0.643494	0.643494	0.643494	0.000000	1	0.245352	0.249970	0.250040	0.254638	0.674201	0.409904	0.123795	0.525352	0.219066	0.404149	0.739878	0.311866	
3904000	-461.289919	1	31	0.653566	0.022058	0.653566	0.653566	0.653566	0.022058	0.653566	0.000000	1	0.254963	0.269772	0.191481	0.283784	0.326802	0.952927	0.157017	0.641532	0.395783	0.740674	0.361448	0.740017	
3905000	-461.122066	1	99	0.681201	0.006417	0.681201	0.681201	0.006417	0.681201	0.681201	0.006417	1	0.248072	0.254442	0.236832	0.260654	0.859558	0.585797	0.500759	0.519767	0.067908	0.052796	0.542734	0.936569	
3906000	-461.581697	1	2927	0.736850	0.027143	0.736850	0.736850	0.736850	0.027143	0.736850	0.000000	1	0.253614	0.262023	0.214543	0.269820	0.301421	0.103949	0.358282	0.333054	0.777800	0.295224	0.912976	0.693204	
3907000	-460.616323	1	205	0.625942	0.035315	0.625942	0.625942	0.625942	0.625942	0.625942	0.000000	1	0.244542	0.249976	0.250021	0.255461	0.467623	0.809273	0.042675	0.215861	0.106409	0.093641	0.413271	0.252672	
3908000	-460.634216	1	2109	0.667456	0.041081	0.667456	0.667456	0.667456	0.667456	0.667456	0.000000	1	0.246316	0.249981	0.249995	0.253708	0.534137	0.926172	0.135040	0.860477	0.561166	0.507274	0.281583	0.481585	
3909000	-460.604510	1	1226	0.654749	0.041718	0.654749	0.654749	0.654749	0.654749	0.654749	0.000000	1	0.245865	0.249984	0.249980	0.254171	0.061536	0.592945	0.645851	0.358249	0.802888	0.358416	0.769349	0.124383	
3910000	-462.531916	1	2658	0.757057	0.000000	0.757057	0.757057	0.757057	0.757057	0.757057	0.057952	1	0.245617	0.250041	0.250016	0.254327	0.572136	0.755244	0.271121	0.840429	0.618934	0.448296	0.066302	0.616779	
3911000	-460.924745	1	1327	0.614736	0.000000	0.614736	0.614736	0.614736	0.614736	0.614736	0.028818	1	0.234668	0.250038	0.249869	0.265425	0.842802	0.690112	0.318265	0.792109	0.512131	0.810418	0.616096	0.699927	
3912000	-460.882269	1	541	0.671489	0.056825	0.671489	0.671489	0.671489	0.671489	0.671489	0.000000	1	0.246534	0.249992	0.249922	0.253552	0.313902	0.272093	0.062760	0.594005	0.965721	0.973370	0.294718	0.980363	
3913000	-460.820219	1	1559	0.623842	0.053579	0.623842	0.623842	0.623842	0.623842	0.623842	0.000000	1	0.244592	0.250019	0.249815	0.255573	0.050834	0.170061	0.222964	0.161133	0.225587	0.688653	0.401470	0.583636	
3914000	-460.816654	1	2784	0.650787	0.025769	0.650787	0.650787	0.650787	0.650787	0.650787	0.025769	1	0.242230	0.250035	0.249834	0.257901	0.533585	0.465856	0.724052	0.748065	0.103508	0.542224	0.567171	0.453384	
3915000	-460.571300	1	897	0.667110	0.015406	0.667110	0.667110	0.667110	0.667110	0.667110	0.015406	1	0.242617	0.249988	0.249967	0.257428	0.592636	0.566246	0.271391	0.914196	0.580174	0.378035	0.284498	0.930637	
3916000	-461.220884	1	2003	0.654914	0.000000	0.654914	0.654914	0.654914	0.654914	0.654914	0.044386	1	0.239528	0.250087	0.249927	0.260458	0.377835	0.974710	0.732866	0.671950	0.707900	0.410234	0.265775	0.844092	
3917000	-461.423293	1	2585	0.732706	0.018928	0.732706	0.732706	0.018928	0.732706	0.732706	0.018928	1	0.250388	0.253751	0.239163	0.256698	0.360393	0.707002	0.528989	0.081727	0.987161	0.289446	0.319336	0.643036	
3918000	-460.562075	1	2785	0.649249	0.013562	0.649249	0.649249	0.649249	0.649249	0.649249	0.013562	1	0.241311	0.249976	0.249975	0.258738	0.925773	0.193466	0.435886	0.162932	0.013213	0.783069	0.772537	0.886336	
3919000	-460.866028	1	1048	0.670111	0.010937	0.670111	0.670111	0.670111	0.000000	0.670111	0.010937	1	0.259093	0.269020	0.194066	0.277821	0.257179	0.286041	0.451378	0.891608	0.284178	0.143013	0.799742	0.176351	
3920000	-465.109025	1	3418	0.690568	0.021395	0.690568	0.690568	0.690568	0.690568	0.690568	0.000000	0	0.248172	0.249910	0.250306	0.251612	0.229779	0.309433	0.012208	0.503065	0.398465	0.412686	0.094387	0.021412	
3921000	-461.935673	1	2768	0.627518	0.015506	0.627518	0.627518	0.000000	0.015506	0.627518	0.000000	1	0.295304	0.334434	0.000356	0.369905	0.813822	0.274312	0.597073	0.014366	0.654591	0.450117	0.911524	0.923602	
3922000	-461.361048	1	1032	0.712580	0.000000	0.712580	0.712580	0.712580	0.712580	0.712580	0.037015	1	0.243138	0.250031	0.250010	0.256821	0.246578	0.654776	0.027144	0.103744	0.487200	0.894167	0.108236	0.250832	
3923000	-460.753245	1	1550	0.598913	0.036998	0.598913	0.598913	0.598913	0.598913	0.598913	0.000000	1	0.243024	0.250004	0.249932	0.257040	0.787821	0.373521	0.438821	0.364461	0.237305	0.398842	0.047036	0.002172	
3924000	-460.867288	1	859	0.592460	0.030170	0.592460	0.592460	0.592460	0.592460	0.592460	0.000000	1	0.242484	0.249964	0.250097	0.257455	0.947579	0.724615	0.328340	0.519830	0.570235	0.228721	0.273110	0.932390	
3925000	-460.888567	1	179	0.706671	0.044701	0.706671	0.706671	0.706671	0.706671	0.706671	0.000000	1	0.247444	0.249983	0.249995	0.252578	0.515719	0.499755	0.376130	0.965612	0.411557	0.819890	0.408933	0.657469	
3926000	-461.082059	1	473	0.587176	0.010230	0.587176	0.587176	0.010230	0.587176	0.587176	0.010230	1	0.246942	0.260509	0.219210	0.273339	0.336001	0.605956	0.792201	0.393412	0.467702	0.488036	0.501416	0.194451	
3927000	-461.141631	1	3019	0.650270	0.000000	0.650270	0.650270	0.650270	0.650270	0.650270	0.042235	1	0.239036	0.250084	0.249919	0.260960	0.361097	0.177512	0.242318	0.075727	0.196303	0.502405	0.260302	0.832183	
3928000	-462.224477	1	645	0.563050	0.075406	0.563050	0.563050	0.563050	0.563050	0.563050	0.000000	1	0.240599	0.250196	0.249063	0.260142	0.249371	0.757784	0.043679	0.736398	0.324791	0.026833	0.120439	0.625542	
3929000	-460.853096	1	2968	0.702689	0.036178	0.702689	0.702689	0.702689	0.702689	0.702689	0.000000	1	0.247304	0.249976	0.250030	0.252690	0.435247	0.591934	0.288987	0.633456	0.444544	0.425962	0.240574	0.214932	
3930000	-461.184982	1	1656	0.652429	0.016316	0.652429	0.652429	0.652429	0.000000	0.652429	0.016316	1	0.259254	0.271320	0.188002	0.281424	0.426696	0.490841	0.624835	0.508101	0.665593	0.959508	0.308516	0.884591	
3931000	-460.762594	1	1401	0.689949	0.044130	0.689949	0.689949	0.689949	0.689949	0.689949	0.000000	1	0.247019	0.249983	0.249991	0.253008	0.930185	0.137399	0.248363	0.946638	0.732799	0.429130	0.506224	0.321372	
3932000	-462.483224	1	862	0.787191	0.000000	0.787191	0.787191	0.787191	0.787191	0.787191	0.044186	1	0.246356	0.250021	0.250017	0.253606	0.331123	0.507579	0.275195	0.558761	0.041934	0.163673	0.535903	0.575436	
3933000	-461.056311	1	2801	0.669987	0.009100	0.669987	0.669987	0.669987	0.669987	0.669987	0.009100	1	0.242386	0.249934	0.250119	0.257562	0.144801	0.155230	0.101411	0.800990	0.663694	0.955064	0.259437	0.501230	
3934000	-460.643641	1	766	0.617240	0.039389	0.617240	0.617240	0.617240	0.617240	0.617240	0.000000	1	0.244134	0.249996	0.249943	0.255927	0.980346	0.778468	0.596100	0.353379	0.071392	0.466447	0.538035	0.810149	
3935000	-461.076763	1	675	0.728914	0.016928	0.728914	0.728914	0.728914	0.728914	0.728914	0.016928	1	0.245641	0.249993	0.249997	0.254370	0.402355	0.528812	0.982285	0.014767	0.292666	0.596244	0.978934	0.579727	
3936000	-461.438449	1	3190	0.672536	0.074851	0.672536	0.672536	0.672536	0.672536	0.672536	0.000000	1	0.246625	0.249995	0.249871	0.253509	0.058162	0.859803	0.768256	0.310087	0.813510	0.155263	0.663416	0.571290	
3937000	-460.790719	1	587	0.580903	0.017973	0.580903	0.580903	0.580903	0.580903	0.580903	0.017973	1	0.235397	0.250091	0.249492	0.265020	0.493273	0.893363	0.653177	0.064994	0.539112	0.929837	0.899175	0.755723	
3938000	-461.406282	1	1440	0.574919	0.011455	0.574919	0.574919	0.574919	0.000000	0.574919	0.011455	1	0.259124	0.281442	0.157741	0.301694	0.697521	0.608879	0.523455	0.692946	0.273335	0.402237	0.327142	0.353013	
3939000	-461.884677	1	1777	0.764573	0.024673	0.764573	0.764573	0.764573	0.764573	0.764573	0.000000	1	0.248409	0.249977	0.250052	0.251562	0.961944	0.405949	0.762710	0.549873	0.913516	0.920979	0.791843	0.824481	
3940000	-461.253865	1	1089	0.677327	0.000000	0.677327	0.677327	0.677327	0.677327	0.677327	0.019228	1	0.240180	0.249963	0.250088	0.259769	0.170667	0.653481	0.689599	0.731915	0.271931	0.317767	0.421587	0.271840	
3941000	-461.053077	1	74	0.732494	0.013116	0.732494	0.732494	0.013116	0.732494	0.732494	0.013116	1	0.249733	0.253423	0.239996	0.256848	0.833688	0.207857	0.236164	0.150003	0.826897	0.704117	0.304342	0.336844	
3942000	-464.687952	1	31	0.653566	0.022058	0.653566	0.653566	0.653566	0.022058	0.653566	0.000000	0	0.255942	0.268448	0.195535	0.280076	0.903965	0.916763	0.665703	0.381153	0.662068	0.010454	0.170192	0.894796	
3943000	-461.189708	1	3417	0.694390	0.000000	0.694390	0.694390	0.694390	0.694390	0.694390	0.036237	1	0.242041	0.250035	0.250001	0.257923	0.611849	0.943948	0.066930	0.991460	0.756462	0.602124	0.090416	0.291575	
3944000	-461.946015	1	3170	0.603229	0.005679	0.603229	0.603229	0.000000	0.000000	0.603229	0.005679	1	0.314327	0.334903	0.000000	0.350770	0.912270	0.532911	0.858326	0.787856	0.101876	0.419610	0.455590	0.986071	
3945000	-461.337548	1	2762	0.640814	0.027143	0.640814	0.640814	0.640814	0.027143	0.640814	0.000000	1	0.253223	0.271495	0.186488	0.288795	0.794728	0.401580	0.795714	0.012922	0.700626	0.906836	0.652479	0.281892	
3946000	-460.931625	1	3488	0.695795	0.053638	0.695795	0.695795	0.695795	0.695795	0.695795	0.000000	1	0.247217	0.249987	0.249961	0.252835	0.631574	0.823521	0.021070	0.707942	0.364741	0.669546	0.398940	0.893260	
3947000	-461.817700	1	2274	0.701096	0.000000	0.701096	0.701096	0.015489	0.701096	0.701096	0.015489	1	0.247219	0.253097	0.240904	0.258780	0.724956	0.893471	0.541330	0.222527	0.097251	0.953749	0.627943	0.408303	
3948000	-460.823226	1	2572	0.618956	0.052747	0.618956	0.618956	0.618956	0.618956	0.618956	0.000000	1	0.244337	0.250023	0.249802	0.255838	0.512663	0.858878	0.454488	0.597812	0.615136	0.738515	0.524120	0.652330	
3949000	-461.329760	1	2596	0.579216	0.027535	0.579216	0.579216	0.579216	0.579216	0.579216	0.027535	1	0.236285	0.250188	0.249283	0.264245	0.135582	0.520907	0.041559	0.874027	0.160243	0.864408	0.968052	0.777788	
3950000	-461.128115	1	3816	0.641408	0.066196	0.641408	0.641408	0.641408	0.641408	0.641408	0.000000	1	0.245461	0.250011	0.249810	0.254719	0.082357	0.159103	0.492399	0.480336	0.203981	0.265176	0.650931	0.398650	
3951000	-460.933725	1	196	0.588189	0.046266	0.588189	0.588189	0.588189	0.588189	0.588189	0.000000	1	0.242413	0.250061	0.249709	0.257818	0.296292	0.236718	0.196268	0.984432	0.577119	0.735408	0.377659	0.386288	
3952000	-461.062528	1	3204	0.703185	0.016565	0.703185	0.703185	0.000000	0.703185	0.703185	0.016565	1	0.251041	0.255570	0.233845	0.259544	0.737111	0.780200	0.106972	0.210318	0.859777	0.844270	0.421139	0.744406	
3953000	-460.831675	1	3684	0.597486	0.045527	0.597486	0.597486	0.597486	0.597486	0.597486	0.000000	1	0.243030	0.250040	0.249777	0.257153	0.788530	0.957955	0.669279	0.721455	0.566419	0.964035	0.632369	0.142679	
3954000	-461.324308	1	264	0.552175	0.021077	0.552175	0.552175	0.552175	0.552175	0.552175	0.021077	1	0.232109	0.250247	0.248951	0.268693	0.368595	0.923861	0.513184	0.663473	0.862555	0.327141	0.704031	0.976396	
3955000	-461.097420	1	3837	0.595469	0.000000	0.595469	0.595469	0.595469	0.595469	0.595469	0.022308	1	0.231691	0.249965	0.249899	0.268446	0.746716	0.539234	0.639482	0.187198	0.530946	0.141435	0.768835	0.878800	
3956000	-461.134892	1	1736	0.602376	0.000000	0.602376	0.602376	0.602376	0.602376	0.602376	0.037580	1	0.233818	0.250129	0.249718	0.266335	0.502735	0.861801	0.819743	0.311692	0.914159	0.835154	0.480686	0.098970	
3957000	-461.701226	1	1569	0.750843	0.026572	0.750843	0.750843	0.750843	0.026572	0.750843	0.000000	1	0.253543	0.260940	0.217728	0.267789	0.270664	0.845365	0.773658	0.718525	0.472374	0.365906	0.590923	0.892360	
3958000	-461.112733	1	3282	0.695893	0.014954	0.695893	0.695893	0.695893	0.014954	0.695893	0.014954	1	0.257196	0.265318	0.205269	0.272218	0.585036	0.934908	0.030234	0.863866	0.797745	0.301302	0.997732	0.390887	
3959000	-461.729324	1	2290	0.631844	0.081350	0.631844	0.631844	0.631844	0.631844	0.631844	0.000000	1	0.245077	0.250020	0.249709	0.255194	0.148758	0.974853	0.208584	0.943630	0.550980	0.253899	0.694060	0.025915	
3960000	-460.824569	1	1202	0.663556	0.055256	0.663556	0.663556	0.663556	0.663556	0.663556	0.000000	1	0.246263	0.249994	0.249914	0.253828	0.146017	0.666536	0.453144	0.566248	0.504819	0.106506	0.797856	0.341506	
3961000	-462.094035	1	1722	0.744714	0.000000	0.744714	0.744714	0.744714	0.744714	0.744714	0.017553	1	0.244239	0.249983	0.250064	0.255714	0.279741	0.779694	0.228031	0.880525	0.086936	0.641595	0.645717	0.893689	
3962000	-461.069379	1	666	0.684514	0.023230	0.684514	0.684514	0.684514	0.684514	0.684514	0.000000	1	0.246704	0.249939	0.250166	0.253191	0.124441	0.762284	0.139715	0.371386	0.740752	0.671683	0.357820	0.342360	
3963000	-461.264337	1	2146	0.636998	0.000000	0.636998	0.636998	0.636998	0.636998	0.636998	0.016506	1	0.236334	0.249901	0.250163	0.263603	0.402026	0.075025	0.941226	0.544111	0.637573	0.022102	0.021139	0.006041	
3964000	-461.664204	1	975	0.638697	0.000000	0.638697	0.638697	0.018487	0.638697	0.638697	0.018487	1	0.247742	0.256479	0.231074	0.264704	0.941395	0.017422	0.007966	0.198170	0.858260	0.915149	0.627259	0.142811	
3965000	-460.844600	1	3008	0.687561	0.023738	0.687561	0.687561	0.687561	0.687561	0.687561	0.023738	1	0.244175	0.250010	0.249932	0.255884	0.742347	0.387352	0.837066	0.010269	0.457072	0.366732	0.527343	0.389022	
3966000	-460.599759	1	2480	0.630173	0.039089	0.630173	0.630173	0.630173	0.630173	0.630173	0.000000	1	0.244790	0.249987	0.249974	0.255250	0.995414	0.192029	0.860924	0.463728	0.781421	0.314943	0.119109	0.210668	
3967000	-461.454909	1	886	0.748069	0.008968	0.748069	0.748069	0.748069	0.008968	0.748069	0.008968	1	0.256169	0.261133	0.217096	0.265602	0.401630	0.708917	0.039721	0.993264	0.839650	0.276794	0.667603	0.435148	
3968000	-461.201651	1	3179	0.686611	0.029720	0.686611	0.686611	0.686611	0.686611	0.686611	0.029720	1	0.244401	0.250020	0.249909	0.255669	0.811996	0.080261	0.421269	0.889779	0.641918	0.034703	0.552311	0.219309	
3969000	-460.813696	1	592	0.605404	0.010550	0.605404	0.605404	0.605404	0.605404	0.605404	0.010550	1	0.237228	0.249928	0.250005	0.262839	0.026768	0.848701	0.239693	0.641576	0.121170	0.890281	0.240862	0.300086	
3970000	-461.583409	1	2619	0.613456	0.027142	0.613456	0.613456	0.613456	0.000000	0.613456	0.000000	1	0.254085	0.278491	0.165699	0.301724	0.669736	0.382324	0.435164	0.038245	0.031995	0.670455	0.399106	0.371770	
3971000	-461.145464	1	3126	0.673515	0.000000	0.673515	0.673515	0.673515	0.673515	0.673515	0.040084	1	0.240771	0.250057	0.249971	0.259201	0.614463	0.413840	0.959685	0.846103	0.039501	0.489811	0.237706	0.388329	
3972000	-461.448551	1	2817	0.721205	0.000000	0.721205	0.721205	0.721205	0.721205	0.721205	0.025088	1	0.243259	0.250001	0.250038	0.256702	0.626072	0.820118	0.747613	0.980583	0.649635	0.722870	0.224487	0.779748	
3973000	-461.785938	1	3345	0.637523	0.037454	0.637523	0.637523	0.637523	0.000000	0.637523	0.000000	1	0.251970	0.276993	0.170514	0.300522	0.762027	0.432096	0.126248	0.945622	0.875390	0.092619	0.333708	0.931836	
3974000	-460.765556	1	3713	0.692447	0.041779	0.692447	0.692447	0.692447	0.692447	0.692447	0.000000	1	0.247074	0.249981	0.250002	0.252943	0.014269	0.378491	0.479444	0.630650	0.065133	0.172163	0.364140	0.063191	
3975000	-461.725971	1	184	0.538867	0.027983	0.538867	0.538867	0.538867	0.538867	0.538867	0.000000	1	0.237674	0.250044	0.249970	0.262311	0.237031	0.398476	0.684021	0.896202	0.424160	0.480614	0.144417	0.519108	
3976000	-461.161259	1	3607	0.591811	0.000000	0.591811	0.591811	0.591811	0.591811	0.591811	0.035307	1	0.232287	0.250131	0.249652	0.267930	0.824766	0.504229	0.808774	0.698994	0.483693	0.060359	0.875049	0.587708	
3977000	-461.989316	1	238	0.652614	0.000000	0.652614	0.652614	0.000000	0.652614	0.652614	0.012070	1	0.246222	0.255577	0.233500	0.264700	0.437143	0.082164	0.693504	0.885346	0.106626	0.228544	0.354319	0.123852	
3978000	-460.585639	1	2205	0.621291	0.020559	0.621291	0.621291	0.621291	0.621291	0.621291	0.020559	1	0.239685	0.250042	0.249755	0.260518	0.803819	0.364235	0.041723	0.675802	0.242493	0.364734	0.174873	0.340296	
3979000	-461.185111	1	2973	0.651989	0.068242	0.651989	0.651989	0.651989	0.651989	0.651989	0.000000	1	0.245893	0.250004	0.249836	0.254267	0.644240	0.320454	0.832467	0.089573	0.283603	0.286166	0.111812	0.536830	
3980000	-461.850995	1	2059	0.610527	0.006299	0.610527	0.610527	0.006299	0.006299	0.610527	0.006299	1	0.315298	0.334958	0.000195	0.349549	0.549729	0.711589	0.662464	0.676830	0.601759	0.391490	0.117603	0.586118	
3981000	-462.633064	1	2419	0.622381	0.000000	0.622381	0.622381	0.000000	0.622381	0.622381	0.037060	1	0.260629	0.263344	0.211838	0.264189	0.629761	0.129846	0.903724	0.147745	0.594252	0.278493	0.568498	0.137787	
3982000	-460.760569	1	3422	0.643732	0.026708	0.643732	0.643732	0.643732	0.643732	0.643732	0.000000	1	0.245264	0.249935	0.250175	0.254626	0.402242	0.391843	0.197574	0.105750	0.900485	0.282739	0.540397	0.816702	
3983000	-460.787644	1	2991	0.693577	0.044318	0.693577	0.693577	0.693577	0.693577	0.693577	0.000000	1	0.247117	0.249983	0.249991	0.252908	0.100273	0.789985	0.939008	0.402539	0.102398	0.170623	0.164093	0.491861	
3984000	-461.148202	1	3136	0.727663	0.050686	0.727663	0.727663	0.727663	0.727663	0.727663	0.000000	1	0.247910	0.249986	0.249986	0.252118	0.235903	0.779772	0.747304	0.436460	0.618046	0.604541	0.262917	0.164095	
3985000	-461.113503	1	2158	0.711677	0.012923	0.711677	0.711677	0.711677	0.000000	0.711677	0.012923	1	0.257871	0.264948	0.206165	0.271016	0.238239	0.890510	0.485007	0.799445	0.331762	0.397155	0.709779	0.476309	
3986000	-461.683309	1	1738	0.590138	0.072150	0.590138	0.590138	0.590138	0.590138	0.590138	0.000000	1	0.242696	0.250094	0.249451	0.257759	0.242732	0.595250	0.981495	0.599270	0.542842	0.023064	0.615508	0.816010	
3987000	-461.331801	1	3442	0.738899	0.012715	0.738899	0.738899	0.738899	0.000000	0.738899	0.012715	1	0.257009	0.262602	0.213004	0.267385	0.670847	0.307562	0.494958	0.911986	0.263062	0.909864	0.119486	0.634126	
3988000	-460.616825	1	3959	0.660934	0.036237	0.660934	0.660934	0.660934	0.660934	0.660934	0.000000	1	0.246051	0.249973	0.250031	0.253945	0.658987	0.790754	0.728424	0.441180	0.510255	0.568419	0.516243	0.851271	
3989000	-460.763769	1	3181	0.674176	0.011965	0.674176	0.674176	0.674176	0.674176	0.674176	0.011965	1	0.242832	0.249966	0.250033	0.257169	0.666296	0.158911	0.439258	0.754690	0.942150	0.400790	0.319553	0.994504	
3990000	-461.594377	1	2411	0.642139	0.020126	0.642139	0.642139	0.642139	0.020126	0.642139	0.020126	1	0.257477	0.270711	0.190255	0.281557	0.660225	0.699915	0.273221	0.482160	0.612627	0.182765	0.517313	0.029666	
3991000	-461.725151	1	1544	0.553425	0.020799	0.553425	0.553425	0.553425	0.553425	0.553425	0.000000	1	0.238916	0.249806	0.250710	0.260569	0.530797	0.428097	0.389097	0.281751	0.649898	0.032582	0.859986	0.247954	
3992000	-460.698617	1	2621	0.673871	0.033002	0.673871	0.673871	0.673871	0.673871	0.673871	0.000000	1	0.246467	0.249967	0.250060	0.253506	0.335914	0.691392	0.738002	0.943060	0.405041	0.056959	0.032769	0.013423	
3993000	-460.765476	1	1241	0.680667	0.031219	0.680667	0.680667	0.680667	0.680667	0.680667	0.000000	1	0.246665	0.249964	0.250073	0.253297	0.727651	0.866588	0.031410	0.858954	0.203175	0.453405	0.609713	0.487190	
3994000	-462.114686	1	2426	0.801656	0.047884	0.801656	0.801656	0.801656	0.801656	0.801656	0.000000	1	0.248920	0.249991	0.249999	0.251090	0.747574	0.414988	0.994416	0.608558	0.799473	0.591307	0.734963	0.372855	
3995000	-461.438390	1	2673	0.648362	0.020751	0.648362	0.648362	0.000000	0.648362	0.648362	0.020751	1	0.251999	0.258882	0.224567	0.264552	0.924510	0.403521	0.151538	0.838158	0.108905	0.166057	0.279325	0.934833	
3996000	-461.819392	1	830	0.712038	0.000000	0.712038	0.712038	0.712038	0.712038	0.712038	0.015780	1	0.242441	0.249960	0.250107	0.257492	0.940391	0.158001	0.593991	0.918540	0.645149	0.468660	0.979888	0.150778	
3997000	-460.920640	1	1213	0.657154	0.000000	0.657154	0.657154	0.657154	0.657154	0.657154	0.030374	1	0.239044	0.250027	0.249978	0.260950	0.782518	0.900122	0.486449	0.262642	0.181546	0.233314	0.410897	0.736077	
3998000	-461.329056	1	1180	0.623191	0.070145	0.623191	0.623191	0.623191	0.623191	0.623191	0.000000	1	0.244634	0.250030	0.249711	0.255626	0.595575	0.567616	0.257158	0.631309	0.994871	0.478463	0.348299	0.591122	
3999000	-461.211060	1	1450	0.663782	0.000000	0.663782	0.663782	0.663782	0.663782	0.663782	0.043504	1	0.240189	0.250075	0.249948	0.259787	0.919573	0.281896	0.916201	0.895181	0.664560	0.180192	0.806768	0.445374	
4000000	-460.636003	1	981	0.662284	0.043866	0.662284	0.662284	0.662284	0.662284	0.662284	0.000000	1	0.246156	0.249985	0.249972	0.253886	0.785625	0.886055	0.035425	0.636229	0.330343	0.617207	0.404517	0.221639	
4001000	-462.659807	1	3176	0.691066	0.000000	0.691066	0.691066	0.000000	0.000000	0.691066	0.013097	1	0.340096	0.334914	0.000000	0.324990	0.840262	0.305745	0.794536	0.915826	0.890544	0.179435	0.771598	0.753913	
4002000	-460.985163	1	424	0.712829	0.032818	0.712829	0.712829	0.712829	0.712829	0.712829	0.000000	1	0.247522	0.249974	0.250045	0.252460	0.428276	0.528364	0.607252	0.681972	0.606909	0.605271	0.050040	0.902995	
4003000	-461.399578	1	2811	0.672735	0.000000	0.672735	0.672735	0.672735	0.672735	0.672735	0.047864	1	0.241031	0.250080	0.249959	0.258930	0.293340	0.051130	0.254211	0.829546	0.076386	0.610223	0.622709	0.101406	
4004000	-461.397251	1	2183	0.576482	0.027930	0.576482	0.576482	0.576482	0.576482	0.576482	0.027930	1	0.236025	0.250201	0.249239	0.264535	0.884312	0.061957	0.788729	0.739670	0.241016	0.981022	0.706746	0.791877	
4005000	-461.175989	1	3943	0.570289	0.047025	0.570289	0.570289	0.570289	0.570289	0.570289	0.000000	1	0.241061	0.250114	0.249542	0.259283	0.205816	0.954820	0.660993	0.776389	0.433174	0.540174	0.105054	0.671798	
4006000	-463.905299	1	3150	0.659694	0.037879	0.659694	0.659694	0.659694	0.659694	0.659694	0.000000	0	0.247583	0.249972	0.250115	0.252330	0.940678	0.660553	0.728883	0.507325	0.428512	0.945755	0.357208	0.614256	
4007000	-461.011505	1	1604	0.651861	0.014379	0.651861	0.651861	0.651861	0.000000	0.651861	0.014379	1	0.259344	0.271283	0.187867	0.281506	0.122230	0.791118	0.609529	0.353187	0.512138	0.477405	0.566811	0.868757	
4008000	-461.839160	1	3390	0.540141	0.051247	0.540141	0.540141	0.540141	0.540141	0.540141	0.000000	1	0.238264	0.250286	0.248998	0.262452	0.209854	0.836230	0.928677	0.503391	0.110113	0.133546	0.473549	0.376147	
4009000	-461.236722	1	2851	0.740975	0.015187	0.740975	0.740975	0.000000	0.740975	0.740975	0.015187	1	0.250606	0.253933	0.238542	0.256919	0.709588	0.099721	0.632213	0.281904	0.370055	0.268610	0.690455	0.888025	
4010000	-462.125010	1	3540	0.665062	0.049147	0.665062	0.665062	0.665062	0.049147	0.665062	0.000000	1	0.248174	0.269305	0.193426	0.289095	0.314377	0.238330	0.472633	0.113795	0.264937	0.944055	0.435378	0.541408	
4011000	-462.781183	1	3691	0.581492	0.009389	0.581492	0.581492	0.581492	0.581492	0.581492	0.000000	1	0.240566	0.249099	0.252840	0.257495	0.818254	0.506916	0.128503	0.093546	0.180194	0.208961	0.026114	0.180967	
4012000	-460.728399	1	2692	0.604204	0.033768	0.604204	0.604204	0.604204	0.604204	0.604204	0.000000	1	0.243311	0.249981	0.250018	0.256690	0.926725	0.834095	0.946617	0.680396	0.451822	0.802672	0.608630	0.795586	
4013000	-462.263822	1	3213	0.683747	0.041833	0.683747	0.683747	0.683747	0.683747	0.683747	0.041833	1	0.244788	0.250034	0.249880	0.255297	0.646496	0.936202	0.773158	0.537146	0.816929	0.960086	0.986479	0.416924	
4014000	-460.669034	1	3411	0.635174	0.047571	0.635174	0.635174	0.635174	0.635174	0.635174	0.000000	1	0.245093	0.250001	0.249899	0.255006	0.215687	0.244245	0.120856	0.874491	0.099759	0.770970	0.034642	0.213678	
4015000	-460.512372	1	160	0.624259	0.014939	0.624259	0.624259	0.624259	0.624259	0.624259	0.014939	1	0.239458	0.249995	0.249877	0.260670	0.305044	0.774992	0.521117	0.327670	0.183766	0.178984	0.069671	0.540961	
4016000	-461.000156	1	3394	0.590642	0.050996	0.590642	0.590642	0.590642	0.590642	0.590642	0.000000	1	0.242624	0.250068	0.249659	0.257649	0.937611	0.128580	0.729277	0.639203	0.045069	0.878470	0.622978	0.877994	
4017000	-461.458000	1	2525	0.623811	0.024112	0.623811	0.623811	0.623811	0.000000	0.623811	0.000000	1	0.255493	0.276480	0.171616	0.296411	0.216942	0.189956	0.867824	0.187752	0.059592	0.010716	0.371569	0.503712	
4018000	-460.794124	1	2807	0.682884	0.030494	0.682884	0.682884	0.682884	0.682884	0.682884	0.000000	1	0.246726	0.249963	0.250079	0.253232	0.020944	0.476882	0.340666	0.809064	0.344599	0.138839	0.012726	0.088456	
4019000	-460.968986	1	1064	0.620143	0.014959	0.620143	0.620143	0.000000	0.620143	0.620143	0.014959	1	0.250379	0.259946	0.221191	0.268485	0.759340	0.290761	0.750637	0.563961	0.998556	0.431153	0.673365	0.643147	
4020000	-461.299618	1	2319	0.704875	0.022066	0.704875	0.704875	0.704875	0.704875	0.704875	0.000000	1	0.247251	0.249947	0.250143	0.252658	0.682474	0.905882	0.522009	0.219467	0.786693	0.938536	0.425639	0.925091	
4021000	-460.924660	1	404	0.654829	0.000000	0.654829	0.654829	0.654829	0.654829	0.654829	0.031947	1	0.238921	0.250036	0.249966	0.261077	0.736538	0.279251	0.211686	0.746865	0.303177	0.653893	0.081916	0.351401	
4022000	-461.047759	1	1476	0.659198	0.017971	0.659198	0.659198	0.017971	0.659198	0.659198	0.017971	1	0.250250	0.256736	0.230588	0.262425	0.902156	0.555020	0.350920	0.940282	0.970880	0.143273	0.341293	0.186025	
4023000	-461.359454	1	2119	0.644882	0.021173	0.644882	0.644882	0.644882	0.000000	0.644882	0.000000	1	0.256711	0.273176	0.181370	0.288744	0.994431	0.158921	0.283011	0.696746	0.114887	0.088982	0.477512	0.072867	
4024000	-460.558978	1	3312	0.657263	0.014279	0.657263	0.657263	0.657263	0.657263	0.657263	0.014279	1	0.241916	0.249981	0.249972	0.258131	0.814768	0.724318	0.288698	0.308163	0.427001	0.384807	0.946442	0.836029	
4025000	-462.798252	1	2733	0.607636	0.028830	0.607636	0.607636	0.028830	0.028830	0.607636	0.000000	1	0.271296	0.333413	0.003778	0.391512	0.763667	0.326078	0.579554	0.554177	0.197608	0.878836	0.039982	0.527271	
4026000	-460.778471	1	1127	0.599888	0.011272	0.599888	0.599888	0.599888	0.599888	0.599888	0.011272	1	0.236732	0.249947	0.249936	0.263386	0.024635	0.573343	0.431812	0.409830	0.846392	0.886396	0.999339	0.074643	
4027000	-461.541727	1	3063	0.566955	0.007549	0.566955	0.566955	0.000000	0.566955	0.566955	0.007549	1	0.245625	0.262405	0.213357	0.278613	0.711818	0.390139	0.544758	0.253124	0.686145	0.475263	0.436381	0.500502	
4028000	-460.700535	1	403	0.654863	0.012848	0.654863	0.654863	0.012848	0.654863	0.654863	0.012848	1	0.249372	0.256643	0.230626	0.263359	0.162406	0.076636	0.110650	0.286243	0.398950	0.921043	0.041879	0.863138	
4029000	-460.827288	1	411	0.681684	0.028879	0.681684	0.681684	0.681684	0.681684	0.681684	0.000000	1	0.246676	0.249958	0.250096	0.253270	0.405653	0.624609	0.742475	0.811487	0.869994	0.859988	0.147333	0.977060	
4030000	-461.051555	1	1124	0.593170	0.000000	0.593170	0.593170	0.593170	0.593170	0.593170	0.027063	1	0.231781	0.250037	0.249773	0.268409	0.629855	0.554105	0.587661	0.520984	0.152556	0.140141	0.166815	0.514416	
4031000	-461.988715	1	1535	0.646129	0.039520	0.646129	0.646129	0.646129	0.646129	0.646129	0.039520	1	0.242754	0.250069	0.249763	0.257414	0.014555	0.313680	0.497133	0.007826	0.193927	0.532767	0.017921	0.643387	
4032000	-460.591297	1	1830	0.638846	0.040443	0.638846	0.638846	0.638846	0.638846	0.638846	0.000000	1	0.245202	0.249986	0.249972	0.254840	0.280191	0.702982	0.715638	0.534180	0.288943	0.199614	0.334670	0.648945	
4033000	-460.985163	1	424	0.712829	0.032818	0.712829	0.712829	0.712829	0.712829	0.712829	0.000000	1	0.247522	0.249974	0.250045	0.252460	0.176963	0.649561	0.107364	0.893747	0.227208	0.080814	0.008820	0.925060	
4034000	-460.726105	1	1303	0.645235	0.027828	0.645235	0.645235	0.645235	0.645235	0.645235	0.000000	1	0.245344	0.249942	0.250150	0.254564	0.793870	0.294299	0.171877	0.099620	0.661099	0.067228	0.945132	0.618961	
4035000	-462.123225	1	3055	0.553315	0.000000	0.553315	0.553315	0.553315	0.553315	0.553315	0.046745	1	0.227706	0.250413	0.249025	0.272855	0.626663	0.135197	0.294536	0.212268	0.150831	0.243127	0.591762	0.135372	
4036000	-460.800814	1	3056	0.587370	0.012292	0.587370	0.587370	0.587370	0.587370	0.587370	0.012292	1	0.235454	0.249979	0.249802	0.264765	0.473631	0.494005	0.855188	0.475696	0.512633	0.125442	0.312772	0.685912	
4037000	-461.658273	1	177	0.640594	0.000000	0.640594	0.640594	0.018415	0.640594	0.640594	0.018415	1	0.247738	0.256363	0.231410	0.264489	0.173513	0.872499	0.930708	0.377564	0.616561	0.447904	0.831693	0.331119	
4038000	-461.802876	1	2978	0.693795	0.042515	0.693795	0.693795	0.693795	0.042515	0.693795	0.000000	1	0.250689	0.266253	0.202349	0.280709	0.723424	0.741469	0.512283	0.600086	0.113041	0.780392	0.874154	0.193490	
4039000	-461.426307	1	104	0.629034	0.024361	0.629034	0.629034	0.629034	0.000000	0.629034	0.000000	1	0.255558	0.275820	0.173598	0.295024	0.836933	0.466053	0.155588	0.810741	0.219425	0.387422	0.951595	0.248597	
4040000	-461.266809	1	1491	0.696536	0.066767	0.696536	0.696536	0.696536	0.696536	0.696536	0.000000	1	0.247280	0.249989	0.249930	0.252801	0.011962	0.678959	0.813876	0.360608	0.631016	0.991112	0.134841	0.360053	
4041000	-461.006899	1	4	0.629872	0.007735	0.629872	0.629872	0.629872	0.000000	0.629872	0.007735	1	0.259945	0.273544	0.180332	0.286179	0.722333	0.232705	0.263872	0.570208	0.327697	0.684641	0.726487	0.591782	
4042000	-461.061984	1	3949	0.649157	0.064421	0.649157	0.649157	0.649157	0.649157	0.649157	0.000000	1	0.245770	0.250005	0.249842	0.254383	0.098218	0.128874	0.617744	0.159835	0.081861	0.220905	0.493787	0.696769	
4043000	-461.184125	1	1809	0.611891	0.000000	0.611891	0.611891	0.611891	0.611891	0.611891	0.041100	1	0.235190	0.250135	0.249762	0.264913	0.489568	0.064905	0.327338	0.276015	0.834160	0.283287	0.293310	0.475928	
4044000	-460.871176	1	2446	0.653698	0.015400	0.653698	0.653698	0.000000	0.653698	0.653698	0.015400	1	0.250841	0.257937	0.226986	0.264237	0.324277	0.529206	0.130605	0.788658	0.395538	0.712104	0.505436	0.475288	
4045000	-461.464058	1	3938	0.643009	0.017355	0.643009	0.643009	0.643009	0.000000	0.643009	0.000000	1	0.257703	0.272717	0.182602	0.286978	0.999859	0.272494	0.299229	0.772328	0.409218	0.517549	0.728530	0.843094	
4046000	-460.962041	1	1758	0.660068	0.000000	0.660068	0.660068	0.660068	0.660068	0.660068	0.033814	1	0.239454	0.250042	0.249967	0.260537	0.878423	0.896273	0.636548	0.331584	0.349195	0.676251	0.592839	0.709362	
4047000	-460.488256	1	2847	0.637471	0.017389	0.637471	0.637471	0.637471	0.637471	0.637471	0.017389	1	0.240728	0.250008	0.249872	0.259392	0.831664	0.532839	0.539574	0.313231	0.580482	0.576978	0.815280	0.459411	
4048000	-460.746498	1	1338	0.600106	0.035664	0.600106	0.600106	0.600106	0.600106	0.600106	0.000000	1	0.243082	0.249996	0.249964	0.256958	0.093387	0.887077	0.987762	0.550396	0.211686	0.371238	0.196033	0.930527	
4049000	-461.426958	1	3636	0.638629	0.027775	0.638629	0.638629	0.638629	0.000000	0.638629	0.000000	1	0.254806	0.275158	0.175687	0.294349	0.712212	0.089990	0.430735	0.743777	0.657304	0.212388	0.373239	0.026910	
4050000	-460.899986	1	2220	0.648739	0.000000	0.648739	0.648739	0.648739	0.648739	0.648739	0.027433	1	0.238144	0.250013	0.249984	0.261859	0.201886	0.041889	0.148461	0.588781	0.743892	0.469534	0.183837	0.537287	
4051000	-460.837612	1	888	0.700286	0.044608	0.700286	0.700286	0.700286	0.700286	0.700286	0.000000	1	0.247290	0.249983	0.249993	0.252734	0.495684	0.850438	0.661323	0.317869	0.621958	0.699004	0.374055	0.744219	
4052000	-463.787521	1	3201	0.621566	0.041829	0.621566	0.621566	0.621566	0.621566	0.621566	0.000000	0	0.246441	0.249998	0.250075	0.253486	0.753111	0.632830	0.847751	0.350393	0.179064	0.068983	0.623183	0.230386	
4053000	-461.235059	1	3160	0.592250	0.000000	0.592250	0.592250	0.592250	0.592250	0.592250	0.038194	1	0.232581	0.250157	0.249632	0.267630	0.299634	0.138750	0.325865	0.169290	0.483291	0.038689	0.786521	0.933896	
4054000	-461.868568	1	921	0.759855	0.020958	0.759855	0.759855	0.020958	0.759855	0.759855	0.020958	1	0.250445	0.253016	0.241309	0.255230	0.289352	0.082551	0.339013	0.048572	0.896915	0.294533	0.597897	0.436004	
4055000	-464.255218	1	1909	0.618690	0.028324	0.618690	0.618690	0.618690	0.618690	0.618690	0.000000	0	0.246267	0.249903	0.250410	0.253420	0.880905	0.487766	0.949709	0.788811	0.351138	0.740726	0.888987	0.105755	
4056000	-460.736096	1	480	0.665849	0.029313	0.665849	0.665849	0.665849	0.665849	0.665849	0.000000	1	0.246162	0.249954	0.250106	0.253778	0.138932	0.191531	0.868720	0.325933	0.055563	0.129855	0.482672	0.776447	
4057000	-460.946132	1	1863	0.611279	0.000000	0.611279	0.611279	0.611279	0.611279	0.611279	0.030139	1	0.234351	0.250053	0.249838	0.265758	0.205404	0.919256	0.976926	0.802986	0.450320	0.975515	0.169909	0.164518	
4058000	-460.665714	1	3768	0.617257	0.032982	0.617257	0.617257	0.617257	0.617257	0.617257	0.000000	1	0.244058	0.249969	0.250054	0.255920	0.658124	0.045075	0.188533	0.689289	0.958986	0.256215	0.911978	0.968982	
4059000	-460.992379	1	1851	0.671728	0.000000	0.671728	0.671728	0.671728	0.671728	0.671728	0.032203	1	0.240309	0.250031	0.249990	0.259671	0.007875	0.767782	0.497638	0.211660	0.834741	0.543527	0.180720	0.110021	
4060000	-460.574949	1	2681	0.609432	0.018531	0.609432	0.609432	0.609432	0.609432	0.609432	0.018531	1	0.238452	0.250043	0.249720	0.261785	0.809469	0.823114	0.315818	0.935113	0.116523	0.068503	0.086065	0.269217	
4061000	-460.820219	1	1559	0.623842	0.053579	0.623842	0.623842	0.623842	0.623842	0.623842	0.000000	1	0.244592	0.250019	0.249815	0.255573	0.123380	0.364909	0.086420	0.609804	0.139903	0.489456	0.048739	0.142643	
4062000	-460.566821	1	3485	0.626730	0.020443	0.626730	0.626730	0.626730	0.626730	0.626730	0.020443	1	0.240124	0.250036	0.249784	0.260057	0.614347	0.068242	0.070471	0.829196	0.110649	0.448441	0.960940	0.400997	
4063000	-460.652434	1	1605	0.624292	0.044229	0.624292	0.624292	0.624292	0.624292	0.624292	0.000000	1	0.244548	0.250003	0.249901	0.255548	0.931251	0.628596	0.472826	0.573112	0.081364	0.859754	0.931955	0.438911	
4064000	-461.356220	1	3042	0.682375	0.026994	0.682375	0.682375	0.682375	0.000000	0.682375	0.000000	1	0.255519	0.269663	0.191985	0.282833	0.571124	0.411193	0.953791	0.881202	0.742593	0.026174	0.831476	0.301626	
4065000	-460.650301	1	2029	0.670235	0.036101	0.670235	0.670235	0.670235	0.670235	0.670235	0.000000	1	0.246373	0.249973	0.250033	0.253621	0.952844	0.107904	0.072154	0.931215	0.960075	0.619147	0.866165	0.387848	
4066000	-460.698746	1	3496	0.661192	0.049079	0.661192	0.661192	0.661192	0.661192	0.661192	0.000000	1	0.246149	0.249991	0.249940	0.253920	0.229562	0.963044	0.084807	0.259825	0.105183	0.599040	0.143973	0.075880	
4067000	-460.760640	1	3835	0.602569	0.043258	0.602569	0.602569	0.602569	0.602569	0.602569	0.000000	1	0.243327	0.250025	0.249836	0.256812	0.035917	0.052423	0.920813	0.504609	0.537107	0.073681	0.544194	0.079440	
4068000	-460.936567	1	1171	0.685259	0.012672	0.685259	0.685259	0.685259	0.012672	0.685259	0.012672	1	0.257666	0.266420	0.201857	0.274058	0.822448	0.406538	0.236213	0.448871	0.878075	0.390214	0.239881	0.189089	
4069000	-462.055280	1	961	0.666071	0.047887	0.666071	0.666071	0.666071	0.047887	0.666071	0.000000	1	0.248522	0.269180	0.193777	0.288521	0.986433	0.339756	0.622074	0.309180	0.888287	0.582459	0.519944	0.822569	
4070000	-461.702700	1	3731	0.743936	0.068035	0.743936	0.743936	0.743936	0.743936	0.743936	0.000000	1	0.248242	0.249988	0.249968	0.251802	0.736472	0.651896	0.937427	0.429543	0.346369	0.972159	0.223330	0.509268	
4071000	-461.549056	1	2488	0.564588	0.014191	0.564588	0.564588	0.014191	0.564588	0.564588	0.014191	1	0.246930	0.262526	0.213794	0.276750	0.441112	0.813516	0.743815	0.015491	0.553457	0.162819	0.101611	0.700688	
4072000	-461.305764	1	2726	0.558884	0.043688	0.558884	0.558884	0.558884	0.558884	0.558884	0.000000	1	0.240033	0.250143	0.249488	0.260337	0.172669	0.001505	0.725894	0.239518	0.038740	0.681363	0.837767	0.234822	
4073000	-460.720942	1	226	0.650683	0.028260	0.650683	0.650683	0.650683	0.650683	0.650683	0.000000	1	0.245577	0.249946	0.250136	0.254341	0.247214	0.698918	0.903237	0.290308	0.696720	0.248204	0.599322	0.478913	
4074000	-460.992379	1	1851	0.671728	0.000000	0.671728	0.671728	0.671728	0.671728	0.671728	0.032203	1	0.240309	0.250031	0.249990	0.259671	0.308318	0.813148	0.781905	0.070954	0.627031	0.907908	0.305797	0.535336	
4075000	-460.740232	1	293	0.584842	0.014602	0.584842	0.584842	0.584842	0.584842	0.584842	0.014602	1	0.235449	0.250030	0.249658	0.264862	0.540869	0.742569	0.782875	0.586072	0.155261	0.946663	0.693930	0.607960	
4076000	-461.645406	1	1235	0.540963	0.042435	0.540963	0.540963	0.540963	0.540963	0.540963	0.000000	1	0.238242	0.250228	0.249263	0.262267	0.312444	0.267895	0.059039	0.489042	0.722485	0.959569	0.090135	0.809947	
4077000	-464.339622	1	293	0.584842	0.014602	0.584842	0.584842	0.584842	0.584842	0.584842	0.014602	0	0.236441	0.249912	0.250061	0.263586	0.267750	0.771956	0.678171	0.791432	0.920066	0.724703	0.888225	0.625371	
4078000	-461.443339	1	3454	0.708260	0.026916	0.708260	0.708260	0.708260	0.000000	0.708260	0.000000	1	0.255405	0.266875	0.200228	0.277492	0.732563	0.565630	0.099924	0.414686	0.028011	0.645965	0.718062	0.919013	
4079000	-461.319624	1	1760	0.665309	0.021934	0.665309	0.665309	0.665309	0.000000	0.665309	0.000000	1	0.256567	0.270816	0.188410	0.284206	0.181863	0.296618	0.403558	0.845976	0.480231	0.789433	0.922093	0.396831	
4080000	-461.672044	1	3250	0.686058	0.035551	0.686058	0.686058	0.686058	0.686058	0.686058	0.035551	1	0.244628	0.250027	0.249895	0.255449	0.110070	0.981826	0.590802	0.234205	0.313346	0.314081	0.699336	0.939454	
4081000	-460.608191	1	1886	0.639216	0.043064	0.639216	0.639216	0.639216	0.639216	0.639216	0.000000	1	0.245240	0.249991	0.249947	0.254822	0.170968	0.484294	0.541027	0.571554	0.517780	0.733976	0.296518	0.224639	
4082000	-460.495404	1	464	0.632111	0.015380	0.632111	0.632111	0.632111	0.632111	0.632111	0.015380	1	0.240150	0.249996	0.249893	0.259961	0.348814	0.265371	0.747833	0.475959	0.624399	0.642578	0.207628	0.080091	
4083000	-461.885269	1	1949	0.568759	0.069602	0.568759	0.568759	0.568759	0.568759	0.568759	0.000000	1	0.241076	0.250166	0.249211	0.259547	0.757701	0.142378	0.580761	0.538947	0.853116	0.269190	0.051710	0.636583	
4084000	-460.951399	1	805	0.630044	0.000000	0.630044	0.630044	0.630044	0.630044	0.630044	0.034799	1	0.236738	0.250069	0.249882	0.263310	0.620143	0.184563	0.060358	0.755203	0.213087	0.167172	0.221475	0.865748	
4085000	-461.562916	1	2429	0.713290	0.072607	0.713290	0.713290	0.713290	0.713290	0.713290	0.000000	1	0.247683	0.249988	0.249940	0.252390	0.542810	0.986382	0.171407	0.308722	0.560860	0.270964	0.326963	0.611826	
4086000	-460.722688	1	417	0.685055	0.042522	0.685055	0.685055	0.685055	0.685055	0.685055	0.000000	1	0.246873	0.249981	0.249996	0.253149	0.749573	0.884573	0.582083	0.418991	0.578447	0.633223	0.705052	0.616152	
4087000	-461.379000	1	1708	0.628457	0.000000	0.628457	0.628457	0.628457	0.628457	0.628457	0.015101	1	0.235289	0.249864	0.250223	0.264624	0.521900	0.058268	0.441959	0.913115	0.594979	0.252656	0.895117	0.252606	
4088000	-460.842021	1	344	0.676290	0.011194	0.676290	0.676290	0.676290	0.676290	0.676290	0.011194	1	0.242909	0.249960	0.250051	0.257080	0.774918	0.290628	0.743562	0.983681	0.040243	0.701001	0.248786	0.311543	
4089000	-460.948443	1	616	0.643160	0.016076	0.643160	0.643160	0.000000	0.643160	0.643160	0.016076	1	0.250938	0.258642	0.224999	0.265422	0.203820	0.231796	0.502939	0.778163	0.699001	0.610397	0.119494	0.150397	
4090000	-461.490641	1	3562	0.581239	0.064007	0.581239	0.581239	0.581239	0.581239	0.581239	0.000000	1	0.242036	0.250115	0.249426	0.258424	0.962953	0.530112	0.284051	0.191463	0.351440	0.289590	0.203126	0.653845	
4091000	-461.377063	1	2414	0.666212	0.073489	0.666212	0.666212	0.666212	0.666212	0.666212	0.000000	1	0.246417	0.249997	0.249860	0.253727	0.483801	0.471218	0.849559	0.406495	0.545762	0.657430	0.795644	0.211507	
4092000	-460.738934	1	359	0.686959	0.036057	0.686959	0.686959	0.686959	0.686959	0.686959	0.000000	1	0.246887	0.249974	0.250033	0.253106	0.539448	0.289585	0.285679	0.623233	0.790798	0.141843	0.343784	0.066101	
4093000	-461.372969	1	1522	0.662635	0.031559	0.662635	0.662635	0.662635	0.031559	0.662635	0.000000	1	0.252473	0.269168	0.193510	0.284849	0.732914	0.149687	0.074466	0.396038	0.149196	0.097979	0.698910	0.003047	
4094000	-461.827413	1	326	0.650765	0.000000	0.650765	0.650765	0.650765	0.650765	0.650765	0.058173	1	0.239849	0.250136	0.249901	0.260113	0.515044	0.035817	0.995951	0.537284	0.890525	0.305244	0.279744	0.254709	
4095000	-461.290791	1	2624	0.700914	0.066676	0.700914	0.700914	0.700914	0.700914	0.700914	0.000000	1	0.247387	0.249989	0.249936	0.252688	0.448922	0.038904	0.519565	0.833276	0.320994	0.855997	0.833401	0.177598	
4096000	-460.501966	1	3378	0.624604	0.017402	0.624604	0.624604	0.624604	0.624604	0.624604	0.017402	1	0.239699	0.250017	0.249823	0.260460	0.258582	0.772522	0.574653	0.381146	0.731297	0.433918	0.627905	0.696066	
4097000	-461.759611	1	2755	0.668788	0.000000	0.668788	0.668788	0.000000	0.668788	0.668788	0.024910	1	0.252649	0.257564	0.228020	0.261767	0.617453	0.072911	0.102465	0.720649	0.593747	0.584378	0.651219	0.642982	
4098000	-461.872598	1	1302	0.633673	0.084893	0.633673	0.633673	0.633673	0.633673	0.633673	0.000000	1	0.245166	0.250018	0.249706	0.255110	0.363079	0.153766	0.882178	0.702908	0.904628	0.238775	0.122449	0.580210	
4099000	-461.313299	1	2006	0.672661	0.028964	0.672661	0.672661	0.672661	0.028964	0.672661	0.000000	1	0.253300	0.267992	0.196938	0.281770	0.419054	0.901622	0.696951	0.416826	0.044452	0.781765	0.745829	0.903781	
4100000	-461.235235	1	2467	0.573336	0.025229	0.573336	0.573336	0.573336	0.573336	0.573336	0.025229	1	0.235362	0.250193	0.249232	0.265214	0.409593	0.187122	0.796033	0.029649	0.562995	0.379811	0.269226	0.417941	
4101000	-460.956487	1	1930	0.581160	0.042031	0.581160	0.581160	0.581160	0.581160	0.581160	0.000000	1	0.241857	0.250061	0.249736	0.258346	0.118464	0.898017	0.381466	0.330762	0.995807	0.136309	0.451206	0.414115	
4102000	-460.771977	1	2497	0.606001	0.046015	0.606001	0.606001	0.606001	0.606001	0.606001	0.000000	1	0.243561	0.250028	0.249814	0.256597	0.970194	0.477782	0.061616	0.528052	0.892051	0.900347	0.091487	0.796006	
4103000	-460.644380	1	2983	0.656988	0.045789	0.656988	0.656988	0.656988	0.656988	0.656988	0.000000	1	0.245977	0.249989	0.249953	0.254081	0.702419	0.397606	0.598027	0.453167	0.883647	0.573076	0.671250	0.846600	
4104000	-461.401640	1	2153	0.575912	0.012296	0.575912	0.575912	0.575912	0.012296	0.575912	0.012296	1	0.257770	0.279797	0.162718	0.299714	0.479094	0.038147	0.531263	0.159582	0.720493	0.673455	0.455467	0.479710	
4105000	-462.552971	1	153	0.566619	0.000000	0.566619	0.566619	0.025348	0.566619	0.566619	0.025348	1	0.249852	0.262386	0.214489	0.273273	0.674959	0.196156	0.504749	0.548489	0.982334	0.819545	0.163868	0.105051	
4106000	-461.271930	1	397	0.625668	0.000000	0.625668	0.625668	0.625668	0.625668	0.625668	0.045152	1	0.236917	0.250132	0.249822	0.263128	0.418864	0.887369	0.567809	0.690445	0.772764	0.239877	0.429135	0.192499	
4107000	-460.952039	1	2998	0.653926	0.060734	0.653926	0.653926	0.653926	0.653926	0.653926	0.000000	1	0.245940	0.250001	0.249871	0.254189	0.803692	0.474868	0.103660	0.235538	0.677211	0.613626	0.960391	0.345198	
4108000	-461.176983	1	3503	0.679597	0.000000	0.679597	0.679597	0.679597	0.679597	0.679597	0.021194	1	0.240440	0.249977	0.250065	0.259517	0.393056	0.758004	0.485850	0.833289	0.763241	0.966293	0.690203	0.436266	
4109000	-462.657346	1	3464	0.573897	0.009833	0.573897	0.573897	0.009833	0.009833	0.573897	0.000000	1	0.295334	0.333908	0.000467	0.370291	0.680385	0.022508	0.608711	0.044888	0.206374	0.760416	0.414648	0.379160	
4110000	-461.748966	1	1705	0.709298	0.034806	0.709298	0.709298	0.709298	0.709298	0.709298	0.034806	1	0.245548	0.250016	0.249935	0.254502	0.113642	0.581988	0.380655	0.197911	0.197189	0.921149	0.017872	0.856023	
4111000	-464.432785	1	724	0.588718	0.076428	0.588718	0.588718	0.588718	0.588718	0.588718	0.000000	0	0.244920	0.250138	0.249553	0.255390	0.629861	0.599259	0.805232	0.113352	0.909596	0.658848	0.760346	0.309497	
4112000	-461.619995	1	2191	0.617428	0.029873	0.617428	0.617428	0.617428	0.000000	0.617428	0.000000	1	0.253336	0.278441	0.165941	0.302283	0.619366	0.988504	0.753153	0.393151	0.295841	0.815493	0.895137	0.066065	
4113000	-461.438390	1	2673	0.648362	0.020751	0.648362	0.648362	0.000000	0.648362	0.648362	0.020751	1	0.251999	0.258882	0.224567	0.264552	0.375802	0.811668	0.515084	0.103943	0.144861	0.827611	0.912072	0.121237	
4114000	-464.390992	1	1385	0.613149	0.015969	0.613149	0.613149	0.015969	0.613149	0.613149	0.015969	0	0.250681	0.259641	0.222203	0.267475	0.090482	0.174322	0.790585	0.635738	0.289493	0.913419	0.279089	0.213074	
4115000	-461.480283	1	1044	0.554043	0.025920	0.554043	0.554043	0.554043	0.554043	0.554043	0.000000	1	0.239191	0.249952	0.250223	0.260634	0.140539	0.103125	0.173012	0.745671	0.432586	0.413254	0.751794	0.834637	
4116000	-461.366630	1	625	0.672563	0.005618	0.672563	0.672563	0.672563	0.005618	0.672563	0.005618	1	0.258660	0.267880	0.196859	0.276602	0.842281	0.894239	0.867543	0.302631	0.184626	0.402342	0.867364	0.595494	
4117000	-461.133436	1	543	0.580495	0.024929	0.580495	0.580495	0.580495	0.580495	0.580495	0.000000	1	0.241482	0.249904	0.250323	0.258290	0.636660	0.116288	0.719865	0.573618	0.308136	0.669832	0.913049	0.264404	
4118000	-460.573094	1	3560	0.631030	0.012930	0.631030	0.631030	0.631030	0.631030	0.631030	0.012930	1	0.239854	0.249971	0.249957	0.260219	0.293961	0.649679	0.666300	0.904345	0.224592	0.433378	0.728422	0.113167	
4119000	-460.587877	1	1173	0.638864	0.039412	0.638864	0.638864	0.638864	0.638864	0.638864	0.000000	1	0.245194	0.249984	0.249983	0.254840	0.914821	0.836755	0.355778	0.683341	0.163117	0.728724	0.023609	0.850100	
4120000	-460.785863	1	2108	0.694970	0.037289	0.694970	0.694970	0.694970	0.694970	0.694970	0.000000	1	0.247114	0.249976	0.250025	0.252884	0.751969	0.565849	0.395946	0.484157	0.991490	0.211276	0.010879	0.454269	
4121000	-460.857267	1	1563	0.600227	0.027858	0.600227	0.600227	0.600227	0.600227	0.600227	0.000000	1	0.242958	0.249937	0.250184	0.256921	0.039970	0.782191	0.888905	0.601262	0.162560	0.722181	0.839374	0.488934	
4122000	-461.120979	1	3151	0.640793	0.019731	0.640793	0.640793	0.640793	0.640793	0.640793	0.000000	1	0.245010	0.249872	0.250391	0.254728	0.392606	0.115105	0.974401	0.690351	0.915688	0.601677	0.463858	0.366980	
4123000	-460.662707	1	1532	0.640033	0.047605	0.640033	0.640033	0.640033	0.640033	0.640033	0.000000	1	0.245309	0.249998	0.249911	0.254782	0.269102	0.169124	0.570739	0.170926	0.617855	0.984099	0.100384	0.817451	
4124000	-461.283086	1	3767	0.578018	0.013475	0.578018	0.578018	0.013475	0.578018	0.578018	0.013475	1	0.247431	0.261459	0.216773	0.274337	0.719248	0.806345	0.682874	0.753631	0.720022	0.583446	0.867868	0.885737	
4125000	-460.774907	1	1142	0.686740	0.012910	0.686740	0.686740	0.000000	0.686740	0.686740	0.012910	1	0.250366	0.255888	0.232805	0.260941	0.796607	0.230623	0.042041	0.021326	0.570193	0.570900	0.494033	0.520213	
4126000	-464.112643	1	1386	0.565402	0.113669	0.565402	0.565402	0.565402	0.565402	0.565402	0.000000	1	0.240713	0.250166	0.248832	0.260289	0.259392	0.255608	0.420682	0.016585	0.317823	0.897106	0.348050	0.147081	
4127000	-462.809109	1	1347	0.559627	0.019069	0.559627	0.559627	0.019069	0.000000	0.559627	0.000000	1	0.273216	0.334040	0.000317	0.392427	0.724553	0.426201	0.050281	0.636156	0.644500	0.992356	0.762242	0.663380	
4128000	-460.947919	1	607	0.644373	0.000000	0.644373	0.644373	0.644373	0.644373	0.644373	0.034923	1	0.238138	0.250058	0.249928	0.261877	0.818558	0.591566	0.602401	0.109413	0.042919	0.775746	0.975250	0.618474	
4129000	-460.692110	1	1967	0.664582	0.011302	0.664582	0.664582	0.000000	0.664582	0.664582	0.011302	1	0.249904	0.256759	0.230203	0.263134	0.465253	0.461621	0.590593	0.099517	0.350779	0.799237	0.309700	0.049569	
4130000	-460.956872	1	3941	0.624531	0.007481	0.624531	0.624531	0.000000	0.624531	0.624531	0.007481	1	0.248067	0.258313	0.225434	0.268186	0.276785	0.313166	0.229299	0.664054	0.560580	0.845309	0.536903	0.530225	
4131000	-460.607837	1	1955	0.628211	0.035847	0.628211	0.628211	0.628211	0.628211	0.628211	0.000000	1	0.244661	0.249977	0.250015	0.255347	0.669371	0.877534	0.419093	0.145527	0.334882	0.030899	0.714089	0.083175	
4132000	-460.862299	1	3270	0.704359	0.043598	0.704359	0.704359	0.704359	0.704359	0.704359	0.000000	1	0.247384	0.249983	0.249998	0.252635	0.235228	0.894513	0.200272	0.429708	0.392923	0.677700	0.733198	0.284067	
4133000	-460.996676	1	2382	0.690357	0.025648	0.690357	0.690357	0.690357	0.690357	0.690357	0.000000	1	0.246900	0.249952	0.250122	0.253026	0.736216	0.272374	0.792922	0.798587	0.148059	0.708480	0.402122	0.729438	
4134000	-462.965188	1	1206	0.839649	0.035281	0.839649	0.839649	0.839649	0.027356	0.839649	0.000000	1	0.252039	0.256420	0.231136	0.260405	0.616185	0.601093	0.415891	0.279036	0.075770	0.211197	0.845943	0.096584	
4135000	-460.907993	1	468	0.673081	0.007542	0.673081	0.673081	0.007542	0.673081	0.673081	0.007542	1	0.248366	0.255087	0.234962	0.261584	0.543129	0.889482	0.487868	0.147814	0.845289	0.944998	0.907481	0.696303	
4136000	-460.762594	1	1401	0.689949	0.044130	0.689949	0.689949	0.689949	0.689949	0.689949	0.000000	1	0.247019	0.249983	0.249991	0.253008	0.246840	0.438600	0.894898	0.864525	0.605717	0.175548	0.109621	0.094635	
4137000	-461.059091	1	1051	0.631850	0.000000	0.631850	0.631850	0.631850	0.631850	0.631850	0.039376	1	0.237190	0.250093	0.249868	0.262849	0.675957	0.285651	0.470416	0.498849	0.835736	0.390773	0.653036	0.304703	
4138000	-463.558972	1	1784	0.678548	0.121711	0.678548	0.678548	0.678548	0.678548	0.678548	0.000000	1	0.246851	0.249981	0.249810	0.253358	0.372910	0.861652	0.258579	0.814378	0.418993	0.222274	0.456166	0.101142	
4139000	-461.393896	1	573	0.542208	0.017749	0.542208	0.542208	0.542208	0.542208	0.542208	0.017749	1	0.230129	0.250243	0.248860	0.270768	0.436339	0.066435	0.865663	0.153571	0.536880	0.370668	0.414303	0.688899	
4140000	-462.164761	1	2075	0.530705	0.000000	0.530705	0.530705	0.530705	0.530705	0.530705	0.018940	1	0.219899	0.249901	0.249348	0.280852	0.538270	0.093109	0.049756	0.277744	0.928283	0.442307	0.615368	0.227017	
4141000	-460.754790	1	3832	0.603163	0.031981	0.603163	0.603163	0.603163	0.603163	0.603163	0.000000	1	0.243219	0.249970	0.250060	0.256751	0.671042	0.404617	0.016666	0.384343	0.857358	0.696244	0.100477	0.418171	
4142000	-461.443339	1	3454	0.708260	0.026916	0.708260	0.708260	0.708260	0.000000	0.708260	0.000000	1	0.255405	0.266875	0.200228	0.277492	0.188050	0.473181	0.625321	0.573225	0.705872	0.607740	0.615838	0.588730	
4143000	-462.111086	1	73	0.612805	0.017920	0.612805	0.612805	0.000000	0.000000	0.612805	0.000000	1	0.287563	0.334625	0.000000	0.377812	0.025584	0.124022	0.089335	0.905346	0.596396	0.829164	0.177948	0.655336	
4144000	-462.442433	1	2062	0.810122	0.006724	0.810122	0.810122	0.006724	0.810122	0.810122	0.006724	1	0.248430	0.250513	0.248481	0.252576	0.300858	0.170952	0.249679	0.470400	0.718615	0.175804	0.002548	0.481451	
4145000	-460.866028	1	1048	0.670111	0.010937	0.670111	0.670111	0.670111	0.000000	0.670111	0.010937	1	0.259093	0.269020	0.194066	0.277821	0.832165	0.025128	0.548234	0.507435	0.907286	0.634278	0.880957	0.772775	
4146000	-461.145966	1	3704	0.644274	0.066876	0.644274	0.644274	0.644274	0.644274	0.644274	0.000000	1	0.245583	0.250009	0.249817	0.254592	0.394163	0.719842	0.304916	0.290626	0.158854	0.921391	0.664390	0.666569	
4147000	-460.813696	1	592	0.605404	0.010550	0.605404	0.605404	0.605404	0.605404	0.605404	0.010550	1	0.237228	0.249928	0.250005	0.262839	0.498583	0.815099	0.945143	0.463944	0.973346	0.553566	0.124025	0.680811	
4148000	-461.955759	1	895	0.606957	0.000000	0.606957	0.606957	0.000000	0.606957	0.606957	0.018636	1	0.249385	0.260230	0.220142	0.270243	0.813259	0.076043	0.829073	0.465303	0.371900	0.334973	0.070003	0.175173	
4149000	-460.612888	1	1472	0.607204	0.013417	0.607204	0.607204	0.607204	0.607204	0.607204	0.013417	1	0.237729	0.249986	0.249856	0.262429	0.923981	0.900712	0.597360	0.234376	0.957770	0.524301	0.182021	0.637803	
4150000	-461.384059	1	2774	0.564643	0.000000	0.564643	0.564643	0.564643	0.564643	0.564643	0.029405	1	0.227691	0.250121	0.249436	0.272751	0.263951	0.635093	0.684127	0.629423	0.315437	0.844139	0.660207	0.212112	
4151000	-461.675695	1	1862	0.751096	0.064059	0.751096	0.751096	0.751096	0.751096	0.751096	0.000000	1	0.248344	0.249988	0.249976	0.251692	0.235239	0.412126	0.492914	0.862533	0.975335	0.795336	0.698173	0.518163	
4152000	-460.699945	1	373	0.636679	0.011113	0.636679	0.636679	0.636679	0.636679	0.636679	0.011113	1	0.240158	0.249946	0.250034	0.259862	0.101939	0.277665	0.882341	0.935124	0.658099	0.715892	0.700481	0.020978	
4153000	-461.831698	1	85	0.532587	0.041574	0.532587	0.532587	0.532587	0.532587	0.532587	0.000000	1	0.237300	0.250278	0.249136	0.263286	0.236333	0.111609	0.577469	0.039199	0.396291	0.450869	0.422915	0.851065	
4154000	-462.359949	1	1780	0.699896	0.023720	0.699896	0.699896	0.023720	0.023720	0.699896	0.000000	1	0.295774	0.334203	0.002605	0.367419	0.653158	0.282113	0.622200	0.148545	0.714538	0.747412	0.041535	0.683228	
4155000	-461.418329	1	1121	0.710567	0.068698	0.710567	0.710567	0.710567	0.710567	0.710567	0.000000	1	0.247614	0.249988	0.249943	0.252455	0.943536	0.336388	0.525471	0.232283	0.867758	0.527880	0.839008	0.532481	
4156000	-461.249332	1	986	0.578484	0.008789	0.578484	0.578484	0.008789	0.578484	0.578484	0.008789	1	0.246046	0.260962	0.217745	0.275248	0.600309	0.385232	0.909027	0.269955	0.258735	0.219360	0.915132	0.573785	
4157000	-461.193479	1	2047	0.599043	0.013079	0.599043	0.599043	0.599043	0.000000	0.599043	0.013079	1	0.259591	0.278061	0.167954	0.294395	0.965965	0.912787	0.387156	0.998116	0.474057	0.960462	0.956323	0.771600	
4158000	-461.093418	1	1012	0.583165	0.024974	0.583165	0.583165	0.583165	0.583165	0.583165	0.024974	1	0.236441	0.250154	0.249369	0.264035	0.516319	0.721102	0.088703	0.697165	0.099870	0.896607	0.558480	0.168496	
4159000	-461.091581	1	2422	0.714985	0.011121	0.714985	0.714985	0.714985	0.000000	0.714985	0.011121	1	0.257796	0.264567	0.207137	0.270500	0.142014	0.073283	0.324778	0.098727	0.832024	0.834427	0.228981	0.521623	
4160000	-461.815277	1	2570	0.531662	0.036057	0.531662	0.531662	0.531662	0.531662	0.531662	0.000000	1	0.237083	0.250224	0.249364	0.263329	0.598922	0.774107	0.248087	0.380766	0.270276	0.531800	0.365566	0.657012	
4161000	-461.817979	1	2611	0.682794	0.000000	0.682794	0.682794	0.682794	0.682794	0.682794	0.056532	1	0.242031	0.250089	0.249970	0.257909	0.194766	0.287155	0.357807	0.410985	0.237846	0.806066	0.952204	0.141527	
4162000	-461.366630	1	625	0.672563	0.005618	0.672563	0.672563	0.672563	0.005618	0.672563	0.005618	1	0.258660	0.267880	0.196859	0.276602	0.375245	0.036019	0.667636	0.538530	0.695145	0.698126	0.610840	0.394236	
4163000	-460.873679	1	3916	0.599932	0.049157	0.599932	0.599932	0.599932	0.599932	0.599932	0.000000	1	0.243217	0.250045	0.249743	0.256995	0.137637	0.807854	0.237914	0.459005	0.230299	0.995903	0.262725	0.640687	
4164000	-461.186340	1	439	0.657950	0.019315	0.657950	0.657950	0.019315	0.657950	0.657950	0.019315	1	0.250432	0.256860	0.230296	0.262412	0.415910	0.539186	0.310340	0.416558	0.621962	0.744931	0.672678	0.322733	
4165000	-460.914202	1	3067	0.634877	0.000000	0.634877	0.634877	0.634877	0.634877	0.634877	0.032856	1	0.237111	0.250053	0.249911	0.262924	0.589351	0.388522	0.826436	0.310065	0.116835	0.984902	0.704329	0.907231	
4166000	-461.175835	1	151	0.698193	0.000000	0.698193	0.698193	0.698193	0.698193	0.698193	0.032743	1	0.242160	0.250025	0.250011	0.257805	0.494303	0.891894	0.304210	0.579155	0.780491	0.310816	0.263726	0.105372	
4167000	-461.174969	1	1891	0.732893	0.034231	0.732893	0.732893	0.732893	0.732893	0.732893	0.000000	1	0.247940	0.249979	0.250031	0.252050	0.240437	0.773886	0.250274	0.582405	0.857768	0.254166	0.087684	0.224569	
4168000	-461.509005	1	3029	0.614307	0.000000	0.614307	0.614307	0.614307	0.614307	0.614307	0.013996	1	0.233486	0.249810	0.250300	0.266404	0.084981	0.973330	0.719378	0.808048	0.710896	0.870065	0.528510	0.448536	
4169000	-460.704084	1	1061	0.664721	0.048877	0.664721	0.664721	0.664721	0.664721	0.664721	0.000000	1	0.246271	0.249990	0.249946	0.253793	0.860648	0.584714	0.409299	0.043392	0.100009	0.297697	0.012505	0.851347	
4170000	-461.138135	1	966	0.693506	0.062930	0.693506	0.693506	0.693506	0.693506	0.693506	0.000000	1	0.247191	0.249989	0.249935	0.252885	0.034235	0.050759	0.389729	0.020777	0.323559	0.097188	0.488115	0.002311	
4171000	-463.058408	1	3457	0.825513	0.022404	0.825513	0.825513	0.825513	0.825513	0.825513	0.000000	1	0.249066	0.249988	0.250026	0.250920	0.287468	0.128057	0.601400	0.047288	0.039468	0.936200	0.077043	0.800226	
4172000	-460.573094	1	3560	0.631030	0.012930	0.631030	0.631030	0.631030	0.631030	0.631030	0.012930	1	0.239854	0.249971	0.249957	0.260219	0.286115	0.819016	0.248210	0.660886	0.793977	0.620893	0.070117	0.479561	
4173000	-460.701701	1	3638	0.657653	0.029597	0.657653	0.657653	0.657653	0.657653	0.657653	0.000000	1	0.245866	0.249953	0.250109	0.254072	0.663845	0.618272	0.940922	0.186185	0.687233	0.343855	0.622014	0.911237	
4174000	-461.602945	1	1876	0.665284	0.000000	0.665284	0.665284	0.020986	0.665284	0.665284	0.020986	1	0.248934	0.255417	0.234222	0.261426	0.554491	0.868395	0.562105	0.502551	0.882436	0.504661	0.444515	0.607983	
4175000	-460.988524	1	3612	0.693674	0.007612	0.693674	0.693674	0.000000	0.693674	0.693674	0.007612	1	0.248982	0.254608	0.236377	0.260032	0.274054	0.632112	0.299505	0.311601	0.014124	0.104448	0.749501	0.619265	
4176000	-461.561393	1	626	0.563495	0.009868	0.563495	0.563495	0.563495	0.000000	0.563495	0.009868	1	0.258786	0.283023	0.152720	0.305471	0.804836	0.035137	0.436889	0.565005	0.143920	0.430726	0.492749	0.034401	
4177000	-461.303788	1	144	0.611651	0.030928	0.611651	0.611651	0.611651	0.611651	0.611651	0.030928	1	0.239722	0.250108	0.249592	0.260578	0.795082	0.292924	0.145643	0.433241	0.742183	0.009917	0.178698	0.045712	
4178000	-462.433259	1	1707	0.526952	0.000000	0.526952	0.526952	0.526952	0.526952	0.526952	0.015850	1	0.218550	0.249730	0.249643	0.282077	0.168980	0.986573	0.149301	0.700169	0.615531	0.125451	0.679157	0.697012	
4179000	-461.089265	1	290	0.639892	0.017962	0.639892	0.639892	0.017962	0.639892	0.639892	0.017962	1	0.250079	0.257759	0.227673	0.264489	0.798280	0.085143	0.396728	0.322363	0.826234	0.371190	0.453752	0.880345	
4180000	-460.705947	1	2750	0.655700	0.029217	0.655700	0.655700	0.655700	0.655700	0.655700	0.000000	1	0.245787	0.249951	0.250116	0.254146	0.054133	0.467784	0.345824	0.700481	0.409564	0.335443	0.895464	0.746362	
4181000	-461.366818	1	3006	0.603239	0.016088	0.603239	0.603239	0.603239	0.016088	0.603239	0.016088	1	0.257854	0.275799	0.175049	0.291298	0.687475	0.944055	0.156645	0.201708	0.963225	0.522803	0.250694	0.035445	
4182000	-460.951399	1	805	0.630044	0.000000	0.630044	0.630044	0.630044	0.630044	0.630044	0.034799	1	0.236738	0.250069	0.249882	0.263310	0.018623	0.116447	0.631151	0.343006	0.123052	0.547671	0.202719	0.434573	
4183000	-461.931829	1	2907	0.681041	0.012031	0.681041	0.681041	0.012031	0.012031	0.681041	0.000000	1	0.308577	0.334171	0.000695	0.356556	0.547857	0.972730	0.542180	0.132032	0.989285	0.245091	0.157452	0.225300	
4184000	-462.424114	1	971	0.593661	0.021191	0.593661	0.593661	0.021191	0.000000	0.593661	0.000000	1	0.278379	0.334394	0.000402	0.386825	0.447882	0.812931	0.064105	0.909638	0.859686	0.132216	0.723783	0.291172	
4185000	-460.573094	1	3560	0.631030	0.012930	0.631030	0.631030	0.631030	0.631030	0.631030	0.012930	1	0.239854	0.249971	0.249957	0.260219	0.316049	0.482366	0.398124	0.450123	0.492260	0.723172	0.797073	0.179604	
4186000	-461.260595	1	844	0.604095	0.006820	0.604095	0.604095	0.604095	0.000000	0.604095	0.006820	1	0.260062	0.276851	0.170374	0.292713	0.113144	0.216542	0.531475	0.409770	0.280403	0.610234	0.824660	0.445146	
4187000	-462.166142	1	1906	0.661152	0.008721	0.661152	0.661152	0.008721	0.008721	0.661152	0.000000	1	0.311192	0.334030	0.000369	0.354409	0.760815	0.311642	0.878777	0.018153	0.794848	0.030454	0.409996	0.260465	
4188000	-461.115572	1	2128	0.588040	0.026063	0.588040	0.588040	0.588040	0.588040	0.588040	0.026063	1	0.237074	0.250146	0.249412	0.263368	0.011247	0.474920	0.099443	0.140355	0.964549	0.128628	0.129700	0.327775	
4189000	-460.959834	1	3994	0.591340	0.049455	0.591340	0.591340	0.591340	0.591340	0.591340	0.000000	1	0.242659	0.250063	0.249684	0.257594	0.220245	0.714057	0.778075	0.091852	0.216325	0.473127	0.389001	0.904979	
4190000	-461.488545	1	3646	0.705774	0.018362	0.705774	0.705774	0.705774	0.018362	0.705774	0.000000	1	0.255482	0.264234	0.207821	0.272463	0.538792	0.795546	0.750741	0.091313	0.209268	0.147543	0.320140	0.627505	
4191000	-460.975471	1	2912	0.614435	0.009173	0.614435	0.614435	0.614435	0.009173	0.614435	0.009173	1	0.259029	0.274617	0.177376	0.288979	0.681832	0.201799	0.544170	0.851011	0.631385	0.372403	0.872162	0.825818	
4192000	-460.823426	1	1516	0.623542	0.009958	0.623542	0.623542	0.623542	0.623542	0.623542	0.009958	1	0.238923	0.249920	0.250079	0.261079	0.851659	0.797494	0.519887	0.128144	0.494797	0.328249	0.086859	0.886084	
4193000	-460.729444	1	1452	0.679742	0.046581	0.679742	0.679742	0.679742	0.679742	0.679742	0.000000	1	0.246740	0.249985	0.249973	0.253301	0.935399	0.285219	0.127065	0.496030	0.754136	0.478312	0.383938	0.496810	
4194000	-460.858846	1	1210	0.611315	0.025718	0.611315	0.611315	0.611315	0.611315	0.611315	0.000000	1	0.243599	0.249915	0.250252	0.256233	0.802034	0.331041	0.521648	0.192030	0.418566	0.250766	0.815857	0.905638	
4195000	-461.184982	1	1656	0.652429	0.016316	0.652429	0.652429	0.652429	0.000000	0.652429	0.016316	1	0.259254	0.271320	0.188002	0.281424	0.049823	0.516112	0.941172	0.870533	0.634790	0.192778	0.255567	0.161485	
4196000	-461.883943	1	3461	0.676211	0.013936	0.676211	0.676211	0.000000	0.013936	0.676211	0.000000	1	0.305076	0.334463	0.000277	0.360185	0.334222	0.459987	0.630745	0.734303	0.090466	0.450831	0.048394	0.257696	
4197000	-461.244930	1	1972	0.681867	0.020144	0.681867	0.681867	0.681867	0.681867	0.681867	0.000000	1	0.246584	0.249921	0.250229	0.253266	0.029633	0.671224	0.831280	0.096566	0.126098	0.342687	0.459985	0.248823	
4198000	-461.589952	1	2163	0.552758	0.023633	0.552758	0.552758	0.552758	0.552758	0.552758	0.000000	1	0.238977	0.249897	0.250411	0.260714	0.896073	0.868204	0.270890	0.230089	0.102292	0.981689	0.544460	0.816705	
4199000	-461.060168	1	130	0.642519	0.020613	0.642519	0.642519	0.642519	0.642519	0.642519	0.000000	1	0.245107	0.249884	0.250349	0.254659	0.243398	0.313232	0.520325	0.331021	0.640648	0.183676	0.751693	0.987443	
4200000	-461.105896	1	1700	0.696057	0.061176	0.696057	0.696057	0.696057	0.696057	0.696057	0.000000	1	0.247251	0.249989	0.249942	0.252819	0.860168	0.018880	0.747656	0.782877	0.891756	0.335497	0.758163	0.295488	
4201000	-461.406282	1	1440	0.574919	0.011455	0.574919	0.574919	0.574919	0.000000	0.574919	0.011455	1	0.259124	0.281442	0.157741	0.301694	0.076575	0.985537	0.942355	0.692300	0.249451	0.585357	0.584746	0.081585	
4202000	-460.637343	1	3073	0.618430	0.036360	0.618430	0.618430	0.618430	0.618430	0.618430	0.000000	1	0.244164	0.249984	0.249993	0.255859	0.018560	0.100294	0.453842	0.063843	0.534151	0.124260	0.496506	0.560278	
4203000	-460.729444	1	1452	0.679742	0.046581	0.679742	0.679742	0.679742	0.679742	0.679742	0.000000	1	0.246740	0.249985	0.249973	0.253301	0.756492	0.181058	0.837895	0.043041	0.213642	0.487742	0.169492	0.590325	
4204000	-461.398146	1	269	0.747704	0.052596	0.747704	0.747704	0.747704	0.747704	0.747704	0.000000	1	0.248263	0.249988	0.249988	0.251762	0.796941	0.275443	0.902743	0.749659	0.574087	0.303655	0.153439	0.824157	
4205000	-460.810720	1	2344	0.660453	0.054911	0.660453	0.660453	0.660453	0.660453	0.660453	0.000000	1	0.246153	0.249995	0.249910	0.253942	0.644645	0.333019	0.190906	0.774286	0.783168	0.211496	0.748848	0.779133	
4206000	-461.083493	1	973	0.717210	0.052895	0.717210	0.717210	0.717210	0.717210	0.717210	0.000000	1	0.247709	0.249986	0.249977	0.252327	0.773343	0.694498	0.015261	0.914488	0.765802	0.982009	0.607046	0.459164	
4207000	-462.750549	1	1295	0.619228	0.000000	0.619228	0.619228	0.000000	0.000000	0.619228	0.009669	1	0.329995	0.334785	0.000000	0.335219	0.338856	0.932794	0.070950	0.635936	0.909774	0.014712	0.907669	0.595949	
4208000	-461.113503	1	2158	0.711677	0.012923	0.711677	0.711677	0.711677	0.000000	0.711677	0.012923	1	0.257871	0.264948	0.206165	0.271016	0.011960	0.265686	0.830856	0.163345	0.872617	0.183057	0.220044	0.850168	
4209000	-461.132786	1	161	0.636202	0.007955	0.636202	0.636202	0.636202	0.636202	0.636202	0.007955	1	0.239820	0.249879	0.250223	0.260079	0.517881	0.429069	0.358903	0.174828	0.379820	0.485473	0.388925	0.014778	
4210000	-460.642639	1	2895	0.661554	0.044764	0.661554	0.661554	0.661554	0.661554	0.661554	0.000000	1	0.246136	0.249986	0.249966	0.253912	0.185011	0.367026	0.650669	0.212082	0.144676	0.885668	0.708399	0.059144	
4211000	-461.553066	1	3499	0.609112	0.073601	0.609112	0.609112	0.609112	0.609112	0.609112	0.000000	1	0.243888	0.250052	0.249604	0.256455	0.283663	0.870570	0.137857	0.260426	0.612534	0.287855	0.986010	0.519409	
4212000	-460.995131	1	3077	0.630345	0.061044	0.630345	0.630345	0.630345	0.630345	0.630345	0.000000	1	0.244947	0.250018	0.249793	0.255242	0.701623	0.405959	0.829010	0.950491	0.368579	0.830231	0.958860	0.997613	
4213000	-460.685810	1	1140	0.649686	0.012116	0.649686	0.649686	0.012116	0.649686	0.649686	0.012116	1	0.249163	0.256853	0.229984	0.264000	0.307731	0.582924	0.505147	0.145151	0.246904	0.037919	0.600297	0.889250	
4214000	-461.577054	1	2985	0.745366	0.062731	0.745366	0.745366	0.745366	0.745366	0.745366	0.000000	1	0.248253	0.249988	0.249975	0.251785	0.543221	0.218984	0.845540	0.402980	0.304290	0.874832	0.520846	0.337764	
4215000	-462.153206	1	2582	0.741235	0.016684	0.741235	0.741235	0.741235	0.741235	0.741235	0.000000	1	0.247980	0.249950	0.250143	0.251927	0.315360	0.964884	0.053332	0.560017	0.301527	0.247065	0.218304	0.081456	
4216000	-463.358488	1	1154	0.844003	0.000000	0.844003	0.844003	0.029117	0.844003	0.844003	0.029117	1	0.249657	0.250879	0.247453	0.252011	0.054374	0.989320	0.400628	0.906493	0.131296	0.178315	0.052859	0.960518	
4217000	-460.676501	1	438	0.646568	0.048685	0.646568	0.646568	0.646568	0.646568	0.646568	0.000000	1	0.245590	0.249996	0.249917	0.254497	0.789455	0.942133	0.329859	0.005071	0.122009	0.979106	0.919457	0.737378	
4218000	-461.117475	1	3584	0.601574	0.027770	0.601574	0.601574	0.601574	0.601574	0.601574	0.027770	1	0.238566	0.250118	0.249532	0.261784	0.121193	0.422385	0.718604	0.648183	0.892742	0.831641	0.628755	0.108319	
4219000	-462.621991	1	537	0.564374	0.000000	0.564374	0.564374	0.026017	0.564374	0.564374	0.026017	1	0.250199	0.262668	0.213738	0.273395	0.997717	0.595651	0.058885	0.231820	0.642882	0.015789	0.446724	0.291170	
4220000	-461.973768	1	395	0.544240	0.008495	0.544240	0.544240	0.544240	0.000000	0.544240	0.008495	1	0.257768	0.285885	0.143875	0.312472	0.109261	0.097545	0.259145	0.515163	0.680541	0.721363	0.392475	0.671879	
4221000	-462.738120	1	3851	0.551928	0.032896	0.551928	0.551928	0.551928	0.000000	0.551928	0.000000	1	0.245593	0.288976	0.133846	0.331585	0.866805	0.678467	0.157255	0.959128	0.297061	0.523119	0.677354	0.285357	
4222000	-460.541250	1	1868	0.657477	0.019040	0.657477	0.657477	0.657477	0.657477	0.657477	0.019040	1	0.242240	0.250007	0.249906	0.257846	0.531502	0.556389	0.412119	0.433474	0.110451	0.650419	0.753977	0.932314	
4223000	-460.732902	1	1620	0.636040	0.027537	0.636040	0.636040	0.636040	0.636040	0.636040	0.000000	1	0.244929	0.249937	0.250167	0.254966	0.509055	0.871183	0.331511	0.802243	0.259392	0.288154	0.781565	0.030581	
4224000	-460.592026	1	2164	0.644845	0.041025	0.644845	0.644845	0.644845	0.644845	0.644845	0.000000	1	0.245465	0.249985	0.249974	0.254576	0.729854	0.908225	0.170999	0.107535	0.900330	0.398669	0.999367	0.754898	
4225000	-460.643641	1	766	0.617240	0.039389	0.617240	0.617240	0.617240	0.617240	0.617240	0.000000	1	0.244134	0.249996	0.249943	0.255927	0.841776	0.092206	0.926293	0.146786	0.356027	0.339575	0.243122	0.791797	
4226000	-461.093418	1	1012	0.583165	0.024974	0.583165	0.583165	0.583165	0.583165	0.583165	0.024974	1	0.236441	0.250154	0.249369	0.264035	0.187268	0.425685	0.951433	0.295840	0.168120	0.505375	0.342681	0.879097	
4227000	-460.735393	1	1197	0.687752	0.041794	0.687752	0.687752	0.687752	0.687752	0.687752	0.000000	1	0.246946	0.249981	0.250000	0.253073	0.287659	0.526047	0.261480	0.689157	0.885435	0.815772	0.911972	0.965355	
4228000	-461.534880	1	3178	0.686180	0.000000	0.686180	0.686180	0.686180	0.686180	0.686180	0.049685	1	0.241997	0.250072	0.249978	0.257954	0.608065	0.566306	0.081454	0.632761	0.361219	0.200840	0.738106	0.188538	
4229000	-460.549357	1	3616	0.625395	0.013580	0.625395	0.625395	0.625395	0.625395	0.625395	0.013580	1	0.239434	0.249980	0.249920	0.260666	0.037552	0.056695	0.679430	0.464174	0.720404	0.562467	0.265420	0.074693	
4230000	-461.263250	1	3755	0.591969	0.061075	0.591969	0.591969	0.591969	0.591969	0.591969	0.000000	1	0.242779	0.250081	0.249559	0.257581	0.279735	0.459160	0.542584	0.267685	0.082827	0.033001	0.417535	0.273419	
4231000	-462.187744	1	3530	0.581035	0.000000	0.581035	0.581035	0.019759	0.581035	0.581035	0.019759	1	0.246999	0.260412	0.219758	0.272831	0.909105	0.388325	0.277402	0.138506	0.458685	0.301826	0.157370	0.864479	
4232000	-461.192703	1	231	0.573263	0.049973	0.573263	0.573263	0.573263	0.573263	0.573263	0.000000	1	0.241331	0.250114	0.249520	0.259035	0.905592	0.833751	0.948708	0.710467	0.315298	0.961258	0.208316	0.271043	
4233000	-460.646253	1	3544	0.639260	0.031107	0.639260	0.639260	0.639260	0.639260	0.639260	0.000000	1	0.245124	0.249956	0.250095	0.254824	0.415789	0.170278	0.144993	0.172791	0.982859	0.283834	0.850295	0.857697	
4234000	-460.680707	1	1580	0.674295	0.044245	0.674295	0.674295	0.674295	0.674295	0.674295	0.000000	1	0.246560	0.249984	0.249981	0.253476	0.142099	0.298600	0.464796	0.635174	0.035433	0.661938	0.124392	0.208614	
4235000	-462.088949	1	600	0.611036	0.017684	0.611036	0.611036	0.000000	0.017684	0.611036	0.000000	1	0.288532	0.334414	0.000474	0.376580	0.328035	0.424149	0.687671	0.394310	0.874309	0.344896	0.477551	0.551025	
4236000	-460.792359	1	2826	0.626774	0.025033	0.626774	0.626774	0.626774	0.626774	0.626774	0.025033	1	0.240482	0.250058	0.249735	0.259724	0.922594	0.812649	0.519366	0.386673	0.514789	0.823044	0.138663	0.537935	
4237000	-461.612241	1	2376	0.559655	0.010390	0.559655	0.559655	0.559655	0.010390	0.559655	0.010390	1	0.257383	0.282284	0.154992	0.305342	0.462091	0.886037	0.928049	0.051813	0.258366	0.241886	0.619140	0.524698	
4238000	-460.742056	1	768	0.668281	0.009340	0.668281	0.668281	0.000000	0.668281	0.668281	0.009340	1	0.249386	0.256220	0.231697	0.262697	0.295552	0.630154	0.798876	0.759706	0.316267	0.028543	0.383303	0.205996	
4239000	-461.796711	1	3927	0.620915	0.006350	0.620915	0.620915	0.006350	0.000000	0.620915	0.006350	1	0.316727	0.335016	0.000045	0.348212	0.764824	0.682058	0.816827	0.069586	0.204974	0.198163	0.298941	0.261473	
4240000	-462.471143	1	815	0.583323	0.043077	0.583323	0.583323	0.583323	0.043077	0.583323	0.000000	1	0.243279	0.279367	0.162980	0.314374	0.724898	0.543952	0.702851	0.514696	0.263050	0.995601	0.479729	0.601142	
4241000	-460.831675	1	3684	0.597486	0.045527	0.597486	0.597486	0.597486	0.597486	0.597486	0.000000	1	0.243030	0.250040	0.249777	0.257153	0.841485	0.477648	0.159826	0.573964	0.696940	0.736508	0.523363	0.137253	
4242000	-461.102109	1	2548	0.721994	0.031536	0.721994	0.721994	0.721994	0.721994	0.721994	0.000000	1	0.247712	0.249974	0.250047	0.252267	0.971477	0.031032	0.915327	0.490104	0.093440	0.958014	0.196718	0.643131	
4243000	-461.918771	1	361	0.697872	0.084991	0.697872	0.697872	0.697872	0.697872	0.697872	0.000000	1	0.247352	0.249988	0.249902	0.252758	0.242079	0.351036	0.079629	0.340562	0.563728	0.157017	0.596936	0.738561	
4244000	-460.636003	1	981	0.662284	0.043866	0.662284	0.662284	0.662284	0.662284	0.662284	0.000000	1	0.246156	0.249985	0.249972	0.253886	0.084713	0.676367	0.854500	0.047287	0.312058	0.819924	0.079872	0.998751	
4245000	-460.947919	1	607	0.644373	0.000000	0.644373	0.644373	0.644373	0.644373	0.644373	0.034923	1	0.238138	0.250058	0.249928	0.261877	0.622408	0.463127	0.867090	0.510251	0.583057	0.675479	0.461308	0.293198	
4246000	-460.652434	1	1605	0.624292	0.044229	0.624292	0.624292	0.624292	0.624292	0.624292	0.000000	1	0.244548	0.250003	0.249901	0.255548	0.864891	0.505628	0.295123	0.846509	0.976962	0.189331	0.225995	0.537190	
4247000	-460.924470	1	3728	0.648346	0.015952	0.648346	0.648346	0.000000	0.648346	0.648346	0.015952	1	0.250941	0.258317	0.225922	0.264820	0.062729	0.670183	0.994650	0.369625	0.491567	0.211756	0.649471	0.227496	
4248000	-460.722982	1	452	0.678425	0.032936	0.678425	0.678425	0.678425	0.678425	0.678425	0.000000	1	0.246611	0.249967	0.250059	0.253363	0.884813	0.945907	0.602213	0.670289	0.142874	0.511266	0.004929	0.691219	
4249000	-460.839443	1	3745	0.650981	0.056517	0.650981	0.650981	0.650981	0.650981	0.650981	0.000000	1	0.245809	0.250000	0.249882	0.254309	0.562223	0.812359	0.183997	0.622879	0.494813	0.077842	0.122738	0.990602	
4250000	-460.668031	1	1632	0.659977	0.031527	0.659977	0.659977	0.659977	0.659977	0.659977	0.000000	1	0.245973	0.249960	0.250081	0.253985	0.985118	0.653377	0.005262	0.674592	0.821247	0.661241	0.070723	0.558175	
4251000	-461.468422	1	3328	0.675681	0.017072	0.675681	0.675681	0.675681	0.675681	0.675681	0.000000	1	0.246335	0.249889	0.250334	0.253442	0.677932	0.312156	0.219951	0.322461	0.209634	0.848189	0.358011	0.370007	
4252000	-461.044060	1	1680	0.652805	0.000000	0.652805	0.652805	0.652805	0.652805	0.652805	0.038775	1	0.239082	0.250068	0.249935	0.260915	0.275278	0.572072	0.632831	0.322525	0.463251	0.114208	0.225910	0.454867	
4253000	-461.861867	1	2678	0.700049	0.012724	0.700049	0.700049	0.700049	0.012724	0.700049	0.000000	1	0.256660	0.264375	0.207263	0.271702	0.296134	0.297561	0.920650	0.310093	0.097901	0.765046	0.387454	0.037298	
4254000	-460.981927	1	3334	0.617321	0.012424	0.617321	0.617321	0.617321	0.012424	0.617321	0.012424	1	0.258545	0.274116	0.179355	0.287985	0.317299	0.965954	0.813809	0.883318	0.372010	0.089118	0.896481	0.762102	
4255000	-462.839581	1	3825	0.641158	0.000000	0.641158	0.641158	0.641158	0.641158	0.641158	0.075294	1	0.239936	0.250202	0.249866	0.259997	0.462338	0.781717	0.115313	0.820946	0.032513	0.145700	0.989475	0.347300	
4256000	-461.022455	1	289	0.584924	0.026759	0.584924	0.584924	0.584924	0.584924	0.584924	0.000000	1	0.241869	0.249930	0.250227	0.257974	0.952912	0.480278	0.499523	0.323385	0.406623	0.582175	0.049818	0.548392	
4257000	-461.693746	1	2147	0.617949	0.014215	0.617949	0.617949	0.617949	0.617949	0.617949	0.000000	1	0.243642	0.249703	0.250939	0.255717	0.453924	0.137288	0.940346	0.057700	0.169362	0.070508	0.915476	0.323200	
4258000	-461.957494	1	2408	0.739168	0.020060	0.739168	0.739168	0.739168	0.000000	0.739168	0.020060	1	0.256900	0.262824	0.212832	0.267444	0.288867	0.668997	0.934560	0.072801	0.171899	0.418726	0.394414	0.655541	
4259000	-460.792359	1	2826	0.626774	0.025033	0.626774	0.626774	0.626774	0.626774	0.626774	0.025033	1	0.240482	0.250058	0.249735	0.259724	0.691078	0.893277	0.399298	0.342403	0.400166	0.656654	0.687216	0.528589	
4260000	-461.107888	1	1081	0.590859	0.000000	0.590859	0.590859	0.590859	0.590859	0.590859	0.032168	1	0.231896	0.250101	0.249678	0.268325	0.088074	0.765062	0.160780	0.331343	0.920508	0.622144	0.110737	0.767070	
4261000	-461.328909	1	409	0.624529	0.070326	0.624529	0.624529	0.624529	0.624529	0.624529	0.000000	1	0.244701	0.250028	0.249717	0.255554	0.312131	0.404218	0.027357	0.260083	0.622275	0.388341	0.563896	0.554562	
4262000	-460.794059	1	1872	0.592506	0.021423	0.592506	0.592506	0.592506	0.592506	0.592506	0.021423	1	0.237062	0.250099	0.249530	0.263308	0.292094	0.716128	0.658087	0.913842	0.896674	0.650093	0.171549	0.402694	
4263000	-461.014961	1	3721	0.616190	0.015190	0.616190	0.616190	0.000000	0.616190	0.616190	0.015190	1	0.250374	0.260244	0.220352	0.269030	0.910032	0.003005	0.897620	0.843884	0.506523	0.425483	0.442590	0.768478	
4264000	-461.149932	1	3313	0.595678	0.007567	0.595678	0.595678	0.007567	0.595678	0.595678	0.007567	1	0.246485	0.259579	0.221701	0.272235	0.726802	0.311899	0.510696	0.800453	0.186080	0.476062	0.161600	0.122160	
4265000	-462.616079	1	1763	0.506097	0.042696	0.506097	0.506097	0.506097	0.506097	0.506097	0.000000	1	0.233909	0.250558	0.248361	0.267172	0.993424	0.248577	0.210911	0.795043	0.580734	0.021815	0.802955	0.031192	
4266000	-465.010094	1	1961	0.738715	0.015191	0.738715	0.738715	0.738715	0.738715	0.738715	0.015191	0	0.246247	0.249978	0.250048	0.253727	0.110985	0.876452	0.723127	0.954307	0.429268	0.101594	0.860624	0.263459	
4267000	-460.698884	1	2300	0.656071	0.029542	0.656071	0.656071	0.656071	0.656071	0.656071	0.000000	1	0.245805	0.249953	0.250111	0.254132	0.321940	0.511012	0.368036	0.127025	0.524065	0.906450	0.521116	0.389702	
4268000	-462.489497	1	2193	0.613160	0.024754	0.613160	0.613160	0.000000	0.024754	0.613160	0.000000	1	0.277591	0.334425	0.000959	0.387025	0.391473	0.754773	0.264377	0.501067	0.260495	0.501813	0.274433	0.017713	
4269000	-461.962943	1	1415	0.689045	0.017367	0.689045	0.689045	0.017367	0.017367	0.689045	0.000000	1	0.302276	0.334267	0.001424	0.362033	0.465881	0.763853	0.666502	0.221321	0.922705	0.743455	0.754137	0.444914	
4270000	-460.670801	1	1035	0.634836	0.047644	0.634836	0.634836	0.634836	0.634836	0.634836	0.000000	1	0.245079	0.250002	0.249898	0.255022	0.335960	0.183036	0.805449	0.476710	0.596290	0.904148	0.139298	0.924265	
4271000	-462.439673	1	3661	0.624215	0.000000	0.624215	0.624215	0.000000	0.624215	0.624215	0.034556	1	0.259049	0.262648	0.213743	0.264559	0.270533	0.450583	0.094305	0.874438	0.171219	0.832115	0.687934	0.467928	
4272000	-460.550976	1	1109	0.610463	0.015258	0.610463	0.610463	0.610463	0.610463	0.610463	0.015258	1	0.238235	0.250008	0.249807	0.261949	0.477829	0.758723	0.722607	0.321530	0.239853	0.040321	0.281246	0.029428	
4273000	-463.904432	1	487	0.603426	0.039219	0.603426	0.603426	0.603426	0.603426	0.603426	0.000000	0	0.245702	0.250000	0.250114	0.254184	0.213457	0.738602	0.403790	0.013848	0.627067	0.672921	0.421683	0.355146	
4274000	-461.941220	1	2458	0.632219	0.012406	0.632219	0.632219	0.012406	0.000000	0.632219	0.000000	1	0.301113	0.334346	0.000157	0.364384	0.546676	0.871049	0.452480	0.299295	0.377609	0.468756	0.481651	0.092206	
4275000	-461.661195	1	634	0.571470	0.016379	0.571470	0.571470	0.000000	0.571470	0.571470	0.016379	1	0.249447	0.263769	0.210429	0.276356	0.798322	0.768803	0.986161	0.144274	0.277486	0.653886	0.815336	0.004267	
4276000	-461.396892	1	2939	0.646267	0.018188	0.646267	0.646267	0.646267	0.018188	0.646267	0.000000	1	0.256090	0.270393	0.189521	0.283995	0.550455	0.776608	0.775174	0.417799	0.587271	0.553599	0.264496	0.897391	
4277000	-461.016181	1	3791	0.672292	0.000000	0.672292	0.672292	0.672292	0.672292	0.672292	0.034075	1	0.240431	0.250037	0.249984	0.259547	0.369677	0.215606	0.501383	0.674517	0.521239	0.499813	0.539335	0.657595	
4278000	-461.481938	1	3164	0.618674	0.073519	0.618674	0.618674	0.618674	0.618674	0.618674	0.000000	1	0.244412	0.250037	0.249668	0.255883	0.434003	0.084130	0.266191	0.432374	0.490166	0.977990	0.895501	0.025473	
4279000	-460.835820	1	2357	0.600705	0.010577	0.600705	0.600705	0.600705	0.600705	0.600705	0.010577	1	0.236735	0.249929	0.249988	0.263349	0.866161	0.467906	0.877841	0.900571	0.619877	0.127373	0.233125	0.889154	
4280000	-460.678495	1	1879	0.678343	0.040288	0.678343	0.678343	0.678343	0.678343	0.678343	0.000000	1	0.246661	0.249979	0.250005	0.253354	0.245352	0.891800	0.644949	0.538984	0.745942	0.675295	0.101207	0.430548	
4281000	-462.740691	1	2809	0.655842	0.054523	0.655842	0.655842	0.655842	0.000000	0.655842	0.000000	1	0.248398	0.277259	0.170205	0.304138	0.464063	0.986095	0.851444	0.738398	0.130564	0.494451	0.708906	0.473360	
4282000	-461.072441	1	2181	0.615260	0.061233	0.615260	0.615260	0.615260	0.615260	0.615260	0.000000	1	0.244186	0.250037	0.249720	0.256057	0.145846	0.471629	0.437185	0.967233	0.385479	0.478034	0.182949	0.711196	
4283000	-461.298962	1	1408	0.726055	0.014343	0.726055	0.726055	0.726055	0.000000	0.726055	0.014343	1	0.257399	0.263731	0.209820	0.269050	0.715004	0.356844	0.783603	0.916602	0.032793	0.723707	0.570226	0.132052	
4284000	-461.354665	1	3122	0.553326	0.038575	0.553326	0.553326	0.553326	0.553326	0.553326	0.000000	1	0.239434	0.250131	0.249573	0.260862	0.561683	0.231487	0.875104	0.392556	0.501007	0.953548	0.091225	0.420880	
4285000	-460.672573	1	2094	0.673100	0.034882	0.673100	0.673100	0.673100	0.673100	0.673100	0.000000	1	0.246458	0.249971	0.250043	0.253529	0.972453	0.492023	0.204312	0.192418	0.352239	0.618422	0.367535	0.635907	
4286000	-460.665015	1	1174	0.667030	0.045420	0.667030	0.667030	0.667030	0.667030	0.667030	0.000000	1	0.246330	0.249986	0.249968	0.253717	0.726823	0.432110	0.591958	0.861256	0.349347	0.132353	0.541953	0.470908	
4287000	-460.727164	1	1735	0.692685	0.015917	0.692685	0.692685	0.692685	0.692685	0.692685	0.015917	1	0.244054	0.249989	0.249987	0.255970	0.384176	0.659376	0.195631	0.837123	0.741647	0.733726	0.986914	0.486680	
4288000	-461.622246	1	116	0.611725	0.017943	0.611725	0.611725	0.611725	0.000000	0.611725	0.000000	1	0.257241	0.276947	0.169995	0.295817	0.897579	0.659214	0.473271	0.795285	0.998602	0.591722	0.117746	0.595402	
4289000	-460.626754	1	914	0.642821	0.032315	0.642821	0.642821	0.642821	0.642821	0.642821	0.000000	1	0.245295	0.249962	0.250076	0.254668	0.126716	0.987906	0.833319	0.626609	0.704244	0.753153	0.905210	0.203200	
4290000	-460.735393	1	1197	0.687752	0.041794	0.687752	0.687752	0.687752	0.687752	0.687752	0.000000	1	0.246946	0.249981	0.250000	0.253073	0.564509	0.820300	0.206297	0.182577	0.928966	0.332056	0.891501	0.342923	
4291000	-462.493682	1	1852	0.621678	0.047720	0.621678	0.621678	0.621678	0.000000	0.621678	0.000000	1	0.247578	0.281012	0.158731	0.312679	0.870925	0.633555	0.453449	0.040420	0.305929	0.868991	0.826493	0.848768	
4292000	-461.026334	1	2568	0.636195	0.062646	0.636195	0.636195	0.636195	0.636195	0.636195	0.000000	1	0.245221	0.250014	0.249807	0.254958	0.219085	0.736779	0.767845	0.081578	0.465836	0.606639	0.851111	0.401506	
4293000	-462.653523	1	3599	0.684992	0.045517	0.684992	0.684992	0.684992	0.684992	0.684992	0.045517	1	0.244989	0.250036	0.249879	0.255096	0.177640	0.975066	0.885768	0.119478	0.962930	0.488679	0.270485	0.862034	
4294000	-462.102412	1	3786	0.801623	0.040504	0.801623	0.801623	0.801623	0.801623	0.801623	0.000000	1	0.248902	0.249990	0.250006	0.251102	0.612142	0.056702	0.913992	0.763486	0.912857	0.710571	0.657291	0.310502	
4295000	-461.154069	1	3367	0.583888	0.011681	0.583888	0.583888	0.000000	0.583888	0.583888	0.011681	1	0.248262	0.261978	0.215064	0.274696	0.750231	0.127949	0.469263	0.384758	0.439715	0.657869	0.201324	0.438602	
4296000	-461.056311	1	2801	0.669987	0.009100	0.669987	0.669987	0.669987	0.669987	0.669987	0.009100	1	0.242386	0.249934	0.250119	0.257562	0.071531	0.081079	0.251539	0.183580	0.802445	0.526051	0.072019	0.518132	
4297000	-461.029021	1	911	0.674713	0.000000	0.674713	0.674713	0.674713	0.674713	0.674713	0.034103	1	0.240613	0.250037	0.249987	0.259363	0.860290	0.532941	0.358088	0.499296	0.782327	0.971574	0.979224	0.112978	
4298000	-461.396892	1	2939	0.646267	0.018188	0.646267	0.646267	0.646267	0.018188	0.646267	0.000000	1	0.256090	0.270393	0.189521	0.283995	0.316932	0.891986	0.805070	0.661022	0.391512	0.914867	0.960503	0.452094	
4299000	-461.762036	1	2739	0.743600	0.019031	0.743600	0.743600	0.743600	0.000000	0.743600	0.000000	1	0.255703	0.262553	0.212822	0.268922	0.030858	0.834677	0.760636	0.545132	0.547679	0.914510	0.878052	0.085800	
4300000	-461.127936	1	3842	0.567228	0.010801	0.567228	0.567228	0.567228	0.567228	0.567228	0.010801	1	0.232679	0.249953	0.249768	0.267600	0.231315	0.984347	0.950123	0.257909	0.457360	0.948966	0.341233	0.155145	
4301000	-460.787196	1	3167	0.608012	0.028645	0.608012	0.608012	0.608012	0.608012	0.608012	0.000000	1	0.243459	0.249943	0.250158	0.256441	0.390445	0.327558	0.020354	0.159219	0.496167	0.477382	0.251682	0.721513	
4302000	-461.263307	1	2540	0.559943	0.041811	0.559943	0.559943	0.559943	0.559943	0.559943	0.000000	1	0.240103	0.250127	0.249550	0.260220	0.368578	0.522386	0.618306	0.550309	0.469764	0.473548	0.350731	0.211190	
4303000	-461.185681	1	2754	0.669975	0.000000	0.669975	0.669975	0.669975	0.669975	0.669975	0.042027	1	0.240592	0.250066	0.249962	0.259380	0.675094	0.299099	0.307460	0.387036	0.123171	0.863161	0.826785	0.691949	
4304000	-462.029171	1	1986	0.670278	0.009886	0.670278	0.670278	0.009886	0.009886	0.670278	0.009886	1	0.321668	0.335565	0.000475	0.342292	0.538395	0.844370	0.371296	0.931161	0.210281	0.085031	0.014432	0.881005	
4305000	-460.931889	1	2381	0.669513	0.013529	0.669513	0.669513	0.669513	0.013529	0.669513	0.013529	1	0.257912	0.267985	0.197375	0.276728	0.663647	0.605227	0.663035	0.603706	0.619040	0.303225	0.192452	0.738200	
4306000	-461.648150	1	3683	0.742803	0.028829	0.742803	0.742803	0.742803	0.028829	0.742803	0.000000	1	0.253321	0.261625	0.215745	0.269309	0.605822	0.049625	0.319264	0.993567	0.064263	0.696053	0.804144	0.730916	
4307000	-462.723719	1	1995	0.800315	0.000000	0.800315	0.800315	0.017630	0.800315	0.800315	0.017630	1	0.248061	0.250660	0.248084	0.253196	0.169847	0.639156	0.339978	0.057695	0.617521	0.455978	0.843170	0.567381	
4308000	-461.310764	1	240	0.666341	0.000000	0.666341	0.666341	0.666341	0.666341	0.666341	0.046114	1	0.240496	0.250081	0.249950	0.259473	0.160907	0.788314	0.516123	0.323582	0.630063	0.185314	0.418848	0.771524	
4309000	-461.259300	1	10	0.611204	0.006478	0.611204	0.611204	0.611204	0.006478	0.611204	0.006478	1	0.259438	0.275124	0.175438	0.290000	0.575541	0.781296	0.432319	0.426713	0.366202	0.360425	0.728633	0.623135	
4310000	-462.173048	1	1138	0.727883	0.014276	0.727883	0.727883	0.014276	0.000000	0.727883	0.000000	1	0.310234	0.334522	0.000219	0.355025	0.866951	0.290760	0.206956	0.997722	0.440923	0.143577	0.471845	0.014456	
4311000	-461.169485	1	2039	0.732917	0.048000	0.732917	0.732917	0.732917	0.732917	0.732917	0.000000	1	0.247998	0.249986	0.249993	0.252023	0.140712	0.552209	0.761635	0.778571	0.790808	0.091498	0.492318	0.878475	
4312000	-460.715196	1	351	0.647565	0.050870	0.647565	0.647565	0.647565	0.647565	0.647565	0.000000	1	0.245644	0.249998	0.249905	0.254453	0.955771	0.145838	0.816581	0.369812	0.972912	0.156265	0.265056	0.849716	
4313000	-460.550976	1	1109	0.610463	0.015258	0.610463	0.610463	0.610463	0.610463	0.610463	0.015258	1	0.238235	0.250008	0.249807	0.261949	0.358411	0.985338	0.824472	0.009437	0.318604	0.310440	0.472760	0.274940	
4314000	-460.945985	1	3711	0.590439	0.027535	0.590439	0.590439	0.590439	0.590439	0.590439	0.000000	1	0.242288	0.249937	0.250194	0.257580	0.709643	0.101658	0.493666	0.630421	0.488879	0.097724	0.145183	0.722495	
4315000	-460.823426	1	1516	0.623542	0.009958	0.623542	0.623542	0.623542	0.623542	0.623542	0.009958	1	0.238923	0.249920	0.250079	0.261079	0.993010	0.186493	0.878921	0.071231	0.444430	0.067427	0.927224	0.352990	
4316000	-460.726105	1	1303	0.645235	0.027828	0.645235	0.645235	0.645235	0.645235	0.645235	0.000000	1	0.245344	0.249942	0.250150	0.254564	0.503760	0.734535	0.895809	0.745910	0.202214	0.970682	0.290333	0.357349	
4317000	-460.513256	1	3892	0.649792	0.018502	0.649792	0.649792	0.649792	0.649792	0.649792	0.018502	1	0.241697	0.250008	0.249893	0.258402	0.873554	0.844620	0.215836	0.597423	0.202240	0.979033	0.172621	0.348963	
4318000	-461.745942	1	1489	0.600942	0.031737	0.600942	0.600942	0.600942	0.031737	0.600942	0.000000	1	0.249687	0.276733	0.170895	0.302685	0.416257	0.095547	0.948684	0.070580	0.665891	0.452877	0.955182	0.729313	
4319000	-461.246683	1	2311	0.586402	0.000000	0.586402	0.586402	0.586402	0.586402	0.586402	0.036598	1	0.231662	0.250157	0.249590	0.268591	0.187942	0.492200	0.135677	0.787319	0.474256	0.844383	0.817552	0.625716	
4320000	-460.753245	1	1550	0.598913	0.036998	0.598913	0.598913	0.598913	0.598913	0.598913	0.000000	1	0.243024	0.250004	0.249932	0.257040	0.689774	0.237477	0.362949	0.635357	0.467397	0.808420	0.291392	0.188410	
4321000	-461.019236	1	2333	0.627304	0.021333	0.627304	0.627304	0.627304	0.627304	0.627304	0.000000	1	0.244388	0.249876	0.250380	0.255357	0.128950	0.877017	0.560717	0.705279	0.921919	0.526820	0.650539	0.514216	
4322000	-461.298962	1	1408	0.726055	0.014343	0.726055	0.726055	0.726055	0.000000	0.726055	0.014343	1	0.257399	0.263731	0.209820	0.269050	0.870727	0.919614	0.757734	0.726708	0.896853	0.146958	0.230233	0.510027	
4323000	-460.853019	1	2440	0.627390	0.014407	0.627390	0.627390	0.014407	0.627390	0.627390	0.014407	1	0.249249	0.258271	0.226007	0.266474	0.822279	0.119271	0.181346	0.752166	0.573878	0.004626	0.253227	0.046759	
4324000	-462.922533	1	2406	0.791896	0.047834	0.791896	0.791896	0.791896	0.000000	0.791896	0.000000	1	0.252653	0.261867	0.215354	0.270126	0.299356	0.904721	0.137512	0.214337	0.470199	0.755824	0.100071	0.716040	
4325000	-461.686927	1	1242	0.767967	0.009067	0.767967	0.767967	0.767967	0.009067	0.767967	0.009067	1	0.255556	0.259742	0.221201	0.263501	0.450516	0.523319	0.956337	0.563626	0.042736	0.162553	0.686433	0.324768	
4326000	-460.877370	1	3690	0.652031	0.009770	0.652031	0.652031	0.652031	0.652031	0.652031	0.009770	1	0.241220	0.249932	0.250099	0.258748	0.586611	0.362038	0.297620	0.513209	0.706394	0.535009	0.109383	0.145269	
4327000	-460.679238	1	2348	0.612144	0.034031	0.612144	0.612144	0.612144	0.612144	0.612144	0.000000	1	0.243786	0.249977	0.250026	0.256211	0.386789	0.746455	0.698524	0.243152	0.259906	0.947141	0.509304	0.150137	
4328000	-460.625442	1	3489	0.666075	0.039184	0.666075	0.666075	0.666075	0.666075	0.666075	0.000000	1	0.246256	0.249978	0.250008	0.253758	0.636919	0.485379	0.178938	0.984438	0.398158	0.072994	0.301065	0.264769	
4329000	-462.257444	1	2892	0.637584	0.010984	0.637584	0.637584	0.000000	0.000000	0.637584	0.010984	1	0.318412	0.336278	0.000000	0.345311	0.382571	0.057010	0.413567	0.621194	0.547221	0.094827	0.127131	0.225805	
4330000	-460.594517	1	84	0.633281	0.039392	0.633281	0.633281	0.633281	0.633281	0.633281	0.000000	1	0.244940	0.249986	0.249975	0.255099	0.694548	0.365754	0.290010	0.167368	0.370608	0.920714	0.560179	0.623594	
4331000	-461.158832	1	860	0.561651	0.011386	0.561651	0.561651	0.561651	0.561651	0.561651	0.011386	1	0.231992	0.249985	0.249649	0.268374	0.864336	0.545975	0.783244	0.098770	0.306770	0.761571	0.434797	0.978557	
4332000	-460.605873	1	1826	0.652577	0.042431	0.652577	0.652577	0.652577	0.652577	0.652577	0.000000	1	0.245787	0.249985	0.249972	0.254256	0.387336	0.868808	0.705666	0.040671	0.698179	0.084961	0.023812	0.877437	
4333000	-461.329397	1	2394	0.571961	0.000000	0.571961	0.571961	0.571961	0.571961	0.571961	0.032800	1	0.229207	0.250152	0.249472	0.271169	0.998383	0.536797	0.582367	0.689161	0.236431	0.717886	0.292657	0.075325	
4334000	-462.811105	1	3542	0.777645	0.010498	0.777645	0.777645	0.010498	0.000000	0.777645	0.000000	1	0.318472	0.334237	0.000124	0.347167	0.100899	0.236111	0.221666	0.448086	0.337989	0.199487	0.463433	0.832607	
4335000	-460.992379	1	1851	0.671728	0.000000	0.671728	0.671728	0.671728	0.671728	0.671728	0.032203	1	0.240309	0.250031	0.249990	0.259671	0.160587	0.957498	0.665189	0.955123	0.115961	0.759892	0.594544	0.916301	
4336000	-460.943541	1	707	0.656394	0.013908	0.656394	0.656394	0.656394	0.013908	0.656394	0.013908	1	0.258090	0.269384	0.193345	0.279181	0.590687	0.364913	0.413143	0.872314	0.052688	0.877289	0.502739	0.032859	
4337000	-460.566942	1	2970	0.668585	0.017873	0.668585	0.668585	0.668585	0.668585	0.668585	0.017873	1	0.242853	0.249999	0.249940	0.257208	0.105985	0.911054	0.053187	0.756320	0.113105	0.523866	0.725818	0.144788	
4338000	-460.699351	1	1561	0.669525	0.010939	0.669525	0.669525	0.000000	0.669525	0.669525	0.010939	1	0.249840	0.256443	0.231112	0.262606	0.568285	0.042927	0.023505	0.125708	0.263472	0.587246	0.619764	0.821114	
4339000	-460.853162	1	740	0.653557	0.011251	0.653557	0.653557	0.653557	0.000000	0.653557	0.011251	1	0.259442	0.270906	0.188576	0.281077	0.019384	0.000616	0.082980	0.731081	0.072371	0.948343	0.326763	0.011969	
4340000	-461.191034	1	1709	0.627690	0.000000	0.627690	0.627690	0.627690	0.627690	0.627690	0.043156	1	0.237000	0.250119	0.249837	0.263044	0.440023	0.883002	0.680257	0.002309	0.391420	0.931711	0.889408	0.369353	
4341000	-460.661011	1	3997	0.655376	0.031245	0.655376	0.655376	0.655376	0.655376	0.655376	0.000000	1	0.245797	0.249959	0.250087	0.254157	0.545446	0.734975	0.640120	0.360107	0.485143	0.526801	0.854219	0.846167	
4342000	-460.719278	1	991	0.667641	0.049307	0.667641	0.667641	0.667641	0.667641	0.667641	0.000000	1	0.246372	0.249989	0.249948	0.253690	0.941514	0.564749	0.003523	0.887838	0.509972	0.581081	0.852261	0.727664	
4343000	-461.872874	1	1593	0.651527	0.000000	0.651527	0.651527	0.000000	0.651527	0.651527	0.013535	1	0.247024	0.256041	0.232180	0.264755	0.974302	0.838939	0.718034	0.369765	0.353800	0.252159	0.833590	0.754094	
4344000	-464.604132	1	811	0.550690	0.000000	0.550690	0.550690	0.000000	0.000000	0.550690	0.024720	1	0.354403	0.337384	0.000000	0.308213	0.804643	0.860110	0.141358	0.739537	0.802581	0.504020	0.140397	0.345438	
4345000	-460.698617	1	2621	0.673871	0.033002	0.673871	0.673871	0.673871	0.673871	0.673871	0.000000	1	0.246467	0.249967	0.250060	0.253506	0.698414	0.486014	0.006712	0.009883	0.052762	0.815242	0.298246	0.122033	
4346000	-461.735780	1	1141	0.790051	0.013871	0.790051	0.790051	0.000000	0.790051	0.790051	0.013871	1	0.250126	0.252343	0.243147	0.254384	0.485359	0.363977	0.478715	0.241981	0.502279	0.982065	0.794230	0.383399	
4347000	-461.679109	1	951	0.602416	0.026406	0.602416	0.602416	0.602416	0.000000	0.602416	0.000000	1	0.253785	0.279934	0.161338	0.304944	0.044521	0.939182	0.850391	0.231149	0.801548	0.967428	0.503101	0.565152	
4348000	-461.211060	1	1450	0.663782	0.000000	0.663782	0.663782	0.663782	0.663782	0.663782	0.043504	1	0.240189	0.250075	0.249948	0.259787	0.209640	0.819466	0.007955	0.792762	0.672103	0.212912	0.325978	0.401113	
4349000	-460.954194	1	398	0.696395	0.054582	0.696395	0.696395	0.696395	0.696395	0.696395	0.000000	1	0.247236	0.249988	0.249959	0.252818	0.151451	0.293186	0.828880	0.013933	0.588983	0.271821	0.172172	0.674340	
4350000	-460.616472	1	2387	0.625440	0.040315	0.625440	0.625440	0.625440	0.625440	0.625440	0.000000	1	0.244570	0.249993	0.249950	0.255488	0.767836	0.008375	0.100195	0.266008	0.378373	0.881201	0.520354	0.138812	
4351000	-461.336600	1	3639	0.649556	0.022419	0.649556	0.649556	0.649556	0.000000	0.649556	0.000000	1	0.256422	0.272810	0.182500	0.288268	0.158987	0.116205	0.843531	0.858188	0.553307	0.710738	0.415573	0.476539	
4352000	-461.161259	1	3607	0.591811	0.000000	0.591811	0.591811	0.591811	0.591811	0.591811	0.035307	1	0.232287	0.250131	0.249652	0.267930	0.192400	0.940697	0.592843	0.123953	0.845650	0.225131	0.877592	0.891467	
4353000	-462.417878	1	681	0.526085	0.008559	0.526085	0.526085	0.526085	0.000000	0.526085	0.008559	1	0.256176	0.288828	0.135107	0.319889	0.877573	0.436600	0.790662	0.208895	0.109980	0.911847	0.907384	0.561612	
4354000	-460.607334	1	3150	0.659694	0.037879	0.659694	0.659694	0.659694	0.659694	0.659694	0.000000	1	0.246020	0.249976	0.250015	0.253989	0.364111	0.301609	0.042005	0.249971	0.141780	0.668536	0.479078	0.423313	
4355000	-461.118663	1	2674	0.657312	0.066196	0.657312	0.657312	0.657312	0.657312	0.657312	0.000000	1	0.246085	0.250000	0.249859	0.254056	0.446442	0.984356	0.862764	0.531754	0.327979	0.897347	0.751339	0.125090	
4356000	-460.700535	1	403	0.654863	0.012848	0.654863	0.654863	0.012848	0.654863	0.654863	0.012848	1	0.249372	0.256643	0.230626	0.263359	0.082411	0.642045	0.303722	0.493372	0.196793	0.687561	0.031998	0.652281	
4357000	-461.102109	1	2548	0.721994	0.031536	0.721994	0.721994	0.721994	0.721994	0.721994	0.000000	1	0.247712	0.249974	0.250047	0.252267	0.906571	0.687097	0.444997	0.322405	0.878276	0.213679	0.134715	0.986379	
4358000	-461.316274	1	1186	0.638544	0.019467	0.638544	0.638544	0.000000	0.638544	0.638544	0.019467	1	0.251704	0.259344	0.223190	0.265762	0.154876	0.590255	0.136778	0.677552	0.425810	0.631396	0.853829	0.242852	
4359000	-460.698180	1	2713	0.680544	0.042558	0.680544	0.680544	0.680544	0.680544	0.680544	0.000000	1	0.246742	0.249982	0.249993	0.253283	0.311696	0.614228	0.217914	0.326311	0.043229	0.997991	0.478262	0.714603	
4360000	-460.896271	1	3516	0.605402	0.025570	0.605402	0.605402	0.605402	0.605402	0.605402	0.000000	1	0.243238	0.249912	0.250266	0.256583	0.227891	0.929439	0.933056	0.690837	0.872796	0.416897	0.680029	0.771871	
4361000	-461.567600	1	3826	0.755479	0.008663	0.755479	0.755479	0.755479	0.000000	0.755479	0.008663	1	0.256463	0.261136	0.217064	0.265336	0.382465	0.914933	0.796012	0.306037	0.905237	0.617839	0.845442	0.819211	
4362000	-461.892326	1	2607	0.546290	0.057856	0.546290	0.546290	0.546290	0.546290	0.546290	0.000000	1	0.238958	0.250268	0.248985	0.261790	0.190590	0.388335	0.226850	0.112917	0.624431	0.447413	0.333040	0.200513	
4363000	-460.501410	1	3909	0.630792	0.015063	0.630792	0.630792	0.630792	0.630792	0.630792	0.015063	1	0.240016	0.249994	0.249896	0.260094	0.789615	0.865668	0.730006	0.893255	0.676532	0.647400	0.406490	0.945796	
4364000	-462.281108	1	3180	0.539005	0.000000	0.539005	0.539005	0.539005	0.539005	0.539005	0.014460	1	0.220945	0.249649	0.250035	0.279371	0.184967	0.344989	0.363956	0.370000	0.426846	0.506154	0.092725	0.082385	
4365000	-461.018080	1	1904	0.642644	0.000000	0.642644	0.642644	0.642644	0.642644	0.642644	0.038159	1	0.238151	0.250075	0.249909	0.261865	0.907053	0.462642	0.148804	0.628237	0.791863	0.495774	0.135001	0.647243	
4366000	-462.528612	1	822	0.723418	0.008028	0.723418	0.723418	0.008028	0.008028	0.723418	0.000000	1	0.317940	0.333987	0.000314	0.347759	0.589057	0.302144	0.737741	0.161769	0.628699	0.182839	0.002075	0.337996	
4367000	-461.293832	1	3815	0.642976	0.000000	0.642976	0.642976	0.642976	0.642976	0.642976	0.046521	1	0.238622	0.250110	0.249889	0.261379	0.483629	0.731137	0.618222	0.660276	0.687754	0.750766	0.204757	0.703382	
4368000	-461.245133	1	1003	0.682522	0.000000	0.682522	0.682522	0.682522	0.682522	0.682522	0.041978	1	0.241475	0.250056	0.249980	0.258488	0.509355	0.636526	0.572967	0.010322	0.792514	0.453383	0.502812	0.899678	
4369000	-461.933943	1	2833	0.620879	0.012509	0.620879	0.620879	0.620879	0.620879	0.620879	0.000000	1	0.243726	0.249645	0.251116	0.255513	0.247652	0.477515	0.660709	0.391579	0.095741	0.089958	0.257773	0.126365	
4370000	-460.905068	1	3901	0.589925	0.029424	0.589925	0.589925	0.589925	0.589925	0.589925	0.000000	1	0.242292	0.249958	0.250120	0.257629	0.037642	0.935691	0.957087	0.076445	0.018292	0.843208	0.449032	0.588396	
4371000	-462.083523	1	3628	0.729566	0.042091	0.729566	0.729566	0.729566	0.000000	0.729566	0.000000	1	0.253247	0.266730	0.201013	0.279009	0.307372	0.781952	0.552441	0.956306	0.502001	0.825595	0.012789	0.305826	
4372000	-461.076763	1	675	0.728914	0.016928	0.728914	0.728914	0.728914	0.728914	0.728914	0.016928	1	0.245641	0.249993	0.249997	0.254370	0.560098	0.119308	0.679619	0.410467	0.399666	0.375207	0.738069	0.362749	
4373000	-461.794702	1	781	0.588564	0.074439	0.588564	0.588564	0.588564	0.588564	0.588564	0.000000	1	0.242593	0.250099	0.249418	0.257890	0.997193	0.275673	0.738195	0.295699	0.530975	0.265084	0.686487	0.023075	
4374000	-461.946636	1	979	0.678835	0.005636	0.678835	0.678835	0.678835	0.678835	0.678835	0.005636	1	0.242670	0.249869	0.250316	0.257145	0.517160	0.558162	0.013096	0.827196	0.910499	0.468129	0.772994	0.535003	
4375000	-464.805732	1	2138	0.601016	0.009471	0.601016	0.601016	0.000000	0.601016	0.601016	0.009471	0	0.249707	0.260717	0.218577	0.270999	0.486342	0.250767	0.985972	0.977644	0.897716	0.725325	0.615573	0.254691	
4376000	-462.015723	1	3726	0.579699	0.076886	0.579699	0.579699	0.579699	0.579699	0.579699	0.000000	1	0.241956	0.250127	0.249296	0.258620	0.647034	0.474982	0.672590	0.107940	0.284650	0.834254	0.981801	0.584465	
4377000	-461.840712	1	1601	0.690374	0.000000	0.690374	0.690374	0.000000	0.690374	0.690374	0.026671	1	0.252950	0.256670	0.230623	0.259757	0.852798	0.045369	0.072456	0.598632	0.237368	0.771196	0.986956	0.846818	
4378000	-461.333577	1	1071	0.615507	0.031540	0.615507	0.615507	0.615507	0.615507	0.615507	0.031540	1	0.240087	0.250102	0.249617	0.260193	0.421705	0.163171	0.923537	0.136936	0.536182	0.076083	0.434430	0.115062	
4379000	-460.817201	1	591	0.635370	0.013899	0.635370	0.635370	0.000000	0.635370	0.635370	0.013899	1	0.250311	0.258819	0.224363	0.266507	0.988090	0.851759	0.890707	0.246170	0.171914	0.009017	0.621487	0.935582	
4380000	-460.924660	1	404	0.654829	0.000000	0.654829	0.654829	0.654829	0.654829	0.654829	0.031947	1	0.238921	0.250036	0.249966	0.261077	0.384848	0.127951	0.154243	0.181906	0.554048	0.031342	0.060530	0.471983	
4381000	-460.921536	1	1050	0.634635	0.058931	0.634635	0.634635	0.634635	0.634635	0.634635	0.000000	1	0.245135	0.250013	0.249821	0.255031	0.126488	0.886986	0.105674	0.821915	0.934477	0.681135	0.433502	0.018938	
4382000	-460.775430	1	2701	0.599169	0.032648	0.599169	0.599169	0.599169	0.599169	0.599169	0.000000	1	0.242976	0.249978	0.250035	0.257011	0.581631	0.696614	0.834041	0.139512	0.554235	0.292747	0.550705	0.270247	
4383000	-461.217961	1	164	0.675899	0.000000	0.675899	0.675899	0.675899	0.675899	0.675899	0.042232	1	0.241028	0.250062	0.249971	0.258939	0.912559	0.977042	0.117506	0.850637	0.819870	0.942373	0.701051	0.933941	
4384000	-460.623155	1	2614	0.658024	0.034397	0.658024	0.658024	0.658024	0.658024	0.658024	0.000000	1	0.245928	0.249968	0.250049	0.254055	0.112808	0.130991	0.308231	0.650841	0.513881	0.494167	0.870465	0.191198	
4385000	-461.938863	1	3309	0.686685	0.012596	0.686685	0.686685	0.012596	0.000000	0.686685	0.000000	1	0.308190	0.334415	0.000168	0.357227	0.057320	0.957823	0.770175	0.685911	0.161510	0.397433	0.370640	0.128253	
4386000	-461.551477	1	3670	0.753721	0.029136	0.753721	0.753721	0.753721	0.753721	0.753721	0.000000	1	0.248270	0.249979	0.250041	0.251711	0.129568	0.802049	0.946227	0.963573	0.298228	0.109742	0.395843	0.318940	
4387000	-462.141997	1	22	0.655990	0.000000	0.655990	0.655990	0.010429	0.655990	0.655990	0.010429	1	0.244440	0.254090	0.237851	0.263619	0.983799	0.778939	0.877056	0.899578	0.235681	0.727368	0.078581	0.316304	
4388000	-461.574051	1	3326	0.613873	0.026869	0.613873	0.613873	0.613873	0.000000	0.613873	0.000000	1	0.254200	0.278380	0.166022	0.301397	0.861441	0.613576	0.919758	0.238161	0.792676	0.433276	0.957976	0.256473	
4389000	-461.685946	1	2160	0.619055	0.005819	0.619055	0.619055	0.619055	0.619055	0.619055	0.005819	1	0.237991	0.249747	0.250563	0.261700	0.351874	0.003582	0.576345	0.391032	0.485595	0.189869	0.293530	0.001259	
4390000	-461.003755	1	2742	0.626329	0.013713	0.626329	0.626329	0.626329	0.013713	0.626329	0.013713	1	0.258368	0.272923	0.183024	0.285686	0.577825	0.324111	0.954256	0.939951	0.948317	0.443267	0.679147	0.867506	
4391000	-460.665714	1	3768	0.617257	0.032982	0.617257	0.617257	0.617257	0.617257	0.617257	0.000000	1	0.244058	0.249969	0.250054	0.255920	0.689140	0.317247	0.044157	0.338817	0.586510	0.735325	0.181785	0.572809	
4392000	-462.488363	1	3482	0.753833	0.000000	0.753833	0.753833	0.000000	0.753833	0.753833	0.012591	1	0.247247	0.251450	0.245726	0.255577	0.431433	0.227067	0.480007	0.920901	0.794409	0.501596	0.866997	0.947415	
4393000	-461.127936	1	3842	0.567228	0.010801	0.567228	0.567228	0.567228	0.567228	0.567228	0.010801	1	0.232679	0.249953	0.249768	0.267600	0.647453	0.267814	0.582814	0.720769	0.858026	0.388043	0.525760	0.958005	
4394000	-460.901139	1	2945	0.622076	0.000000	0.622076	0.622076	0.622076	0.622076	0.622076	0.027924	1	0.235450	0.250025	0.249910	0.264615	0.017953	0.532922	0.548043	0.940923	0.127321	0.472029	0.238820	0.455718	
4395000	-460.681263	1	2068	0.661072	0.012104	0.661072	0.661072	0.012104	0.661072	0.661072	0.012104	1	0.249300	0.256267	0.231687	0.262747	0.016750	0.462045	0.406586	0.529111	0.481256	0.588989	0.597821	0.228019	
4396000	-461.200152	1	1144	0.646153	0.000000	0.646153	0.646153	0.646153	0.646153	0.646153	0.044036	1	0.238772	0.250096	0.249904	0.261228	0.915193	0.562889	0.716345	0.753722	0.099711	0.932377	0.256333	0.370331	
4397000	-460.942476	1	2638	0.611438	0.023690	0.611438	0.611438	0.611438	0.611438	0.611438	0.000000	1	0.243563	0.249892	0.250331	0.256214	0.249167	0.176203	0.634323	0.866866	0.097316	0.748839	0.390328	0.607580	
4398000	-462.733000	1	3860	0.807539	0.020541	0.807539	0.807539	0.807539	0.020541	0.807539	0.020541	1	0.254024	0.257255	0.228932	0.259789	0.259171	0.601239	0.474077	0.256911	0.649210	0.958606	0.792533	0.095330	
4399000	-460.924470	1	3728	0.648346	0.015952	0.648346	0.648346	0.000000	0.648346	0.648346	0.015952	1	0.250941	0.258317	0.225922	0.264820	0.508441	0.412158	0.792648	0.053841	0.181299	0.330978	0.944287	0.260855	
4400000	-460.999111	1	1882	0.628311	0.021639	0.628311	0.628311	0.628311	0.628311	0.628311	0.000000	1	0.244446	0.249881	0.250363	0.255310	0.650761	0.706545	0.638533	0.513232	0.239769	0.143771	0.349702	0.756262	
4401000	-460.689309	1	3311	0.613515	0.032408	0.613515	0.613515	0.613515	0.613515	0.613515	0.000000	1	0.243841	0.249967	0.250062	0.256129	0.257620	0.889224	0.946809	0.769478	0.118754	0.276816	0.444150	0.726084	
4402000	-460.606319	1	1299	0.655132	0.041921	0.655132	0.655132	0.655132	0.655132	0.655132	0.000000	1	0.245881	0.249984	0.249979	0.254156	0.567268	0.737984	0.199985	0.373802	0.178931	0.729777	0.992226	0.889159	
4403000	-461.174969	1	1891	0.732893	0.034231	0.732893	0.732893	0.732893	0.732893	0.732893	0.000000	1	0.247940	0.249979	0.250031	0.252050	0.418825	0.765566	0.820904	0.662503	0.612532	0.249988	0.233095	0.386090	
4404000	-461.149932	1	3313	0.595678	0.007567	0.595678	0.595678	0.007567	0.595678	0.595678	0.007567	1	0.246485	0.259579	0.221701	0.272235	0.409986	0.271637	0.282179	0.203303	0.360932	0.081988	0.912842	0.311154	
4405000	-461.487606	1	2355	0.701464	0.018352	0.701464	0.701464	0.701464	0.000000	0.701464	0.000000	1	0.256763	0.266303	0.201692	0.275242	0.678569	0.979244	0.714954	0.358255	0.792331	0.741023	0.990930	0.568740	
4406000	-460.782685	1	3386	0.658413	0.008545	0.658413	0.658413	0.000000	0.658413	0.658413	0.008545	1	0.249046	0.256576	0.230613	0.263764	0.912642	0.323710	0.353542	0.931072	0.404603	0.831517	0.797460	0.736320	
4407000	-460.599759	1	2480	0.630173	0.039089	0.630173	0.630173	0.630173	0.630173	0.630173	0.000000	1	0.244790	0.249987	0.249974	0.255250	0.610802	0.497548	0.173752	0.568246	0.649153	0.711807	0.024917	0.091238	
4408000	-460.782374	1	43	0.640414	0.026046	0.640414	0.640414	0.640414	0.640414	0.640414	0.000000	1	0.245107	0.249929	0.250195	0.254768	0.416881	0.996893	0.748976	0.115942	0.681972	0.180697	0.395505	0.633059	
4409000	-461.366818	1	3006	0.603239	0.016088	0.603239	0.603239	0.603239	0.016088	0.603239	0.016088	1	0.257854	0.275799	0.175049	0.291298	0.936100	0.357623	0.833942	0.938285	0.135660	0.443778	0.512905	0.525256	
4410000	-461.128315	1	3740	0.597067	0.008497	0.597067	0.597067	0.597067	0.597067	0.597067	0.008497	1	0.236060	0.249855	0.250179	0.263905	0.104762	0.459110	0.804043	0.294399	0.131855	0.540018	0.855856	0.252161	
4411000	-461.217809	1	3944	0.581550	0.008829	0.581550	0.581550	0.000000	0.581550	0.581550	0.008829	1	0.247030	0.261585	0.215917	0.275467	0.907092	0.507801	0.024119	0.027553	0.968379	0.741682	0.045742	0.192210	
4412000	-461.181165	1	3153	0.688182	0.000000	0.688182	0.688182	0.688182	0.688182	0.688182	0.038100	1	0.241707	0.250043	0.249992	0.258257	0.698046	0.815216	0.766656	0.977332	0.108674	0.879395	0.354599	0.607537	
4413000	-461.793311	1	685	0.757439	0.028515	0.757439	0.757439	0.757439	0.757439	0.757439	0.028515	1	0.246872	0.250003	0.249981	0.253144	0.041921	0.315567	0.070382	0.281314	0.440676	0.475817	0.895130	0.689002	
4414000	-460.888567	1	179	0.706671	0.044701	0.706671	0.706671	0.706671	0.706671	0.706671	0.000000	1	0.247444	0.249983	0.249995	0.252578	0.098836	0.795664	0.964899	0.267078	0.137643	0.856121	0.026606	0.721848	
4415000	-460.754790	1	3832	0.603163	0.031981	0.603163	0.603163	0.603163	0.603163	0.603163	0.000000	1	0.243219	0.249970	0.250060	0.256751	0.203391	0.790963	0.649521	0.249907	0.251100	0.922905	0.070300	0.861002	
4416000	-461.801832	1	2852	0.757392	0.025312	0.757392	0.757392	0.757392	0.000000	0.757392	0.000000	1	0.254849	0.262216	0.213947	0.268989	0.899606	0.568465	0.523164	0.191570	0.952101	0.859052	0.580285	0.097568	
4417000	-461.922834	1	1031	0.518939	0.015751	0.518939	0.518939	0.518939	0.518939	0.518939	0.015751	1	0.225819	0.250356	0.248317	0.275507	0.075759	0.958456	0.968057	0.636438	0.935752	0.169790	0.259402	0.941240	
4418000	-460.758272	1	3278	0.695338	0.019543	0.695338	0.695338	0.695338	0.695338	0.695338	0.019543	1	0.244353	0.249999	0.249962	0.255686	0.176280	0.094518	0.615299	0.823648	0.254703	0.084699	0.275831	0.119904	
4419000	-463.289515	1	725	0.529966	0.000000	0.529966	0.529966	0.017582	0.529966	0.529966	0.017582	1	0.242455	0.264207	0.208674	0.284665	0.087657	0.272054	0.445543	0.990860	0.116475	0.689375	0.494456	0.474288	
4420000	-460.862299	1	3270	0.704359	0.043598	0.704359	0.704359	0.704359	0.704359	0.704359	0.000000	1	0.247384	0.249983	0.249998	0.252635	0.922106	0.993796	0.962189	0.063714	0.149445	0.251894	0.117655	0.326699	
4421000	-461.105896	1	1700	0.696057	0.061176	0.696057	0.696057	0.696057	0.696057	0.696057	0.000000	1	0.247251	0.249989	0.249942	0.252819	0.740492	0.134743	0.993481	0.132680	0.828806	0.133727	0.045267	0.339426	
4422000	-461.406807	1	3752	0.641670	0.000000	0.641670	0.641670	0.641670	0.641670	0.641670	0.049232	1	0.238649	0.250122	0.249880	0.261349	0.608482	0.061462	0.538731	0.339774	0.056785	0.122980	0.995363	0.707488	
4423000	-461.059091	1	1051	0.631850	0.000000	0.631850	0.631850	0.631850	0.631850	0.631850	0.039376	1	0.237190	0.250093	0.249868	0.262849	0.981290	0.846434	0.251218	0.564142	0.435626	0.722744	0.896826	0.495383	
4424000	-460.670652	1	2407	0.630084	0.030281	0.630084	0.630084	0.630084	0.630084	0.630084	0.000000	1	0.244684	0.249952	0.250113	0.255251	0.776761	0.118833	0.672290	0.714410	0.201208	0.360852	0.093052	0.618236	
4425000	-461.545620	1	1392	0.597997	0.018730	0.597997	0.597997	0.000000	0.597997	0.597997	0.018730	1	0.251040	0.262049	0.215502	0.271409	0.491023	0.268596	0.037036	0.653744	0.009633	0.719070	0.968538	0.087872	
4426000	-460.803451	1	3044	0.595634	0.032674	0.595634	0.595634	0.595634	0.595634	0.595634	0.000000	1	0.242745	0.249981	0.250027	0.257247	0.364978	0.330311	0.602808	0.868974	0.737643	0.644078	0.657662	0.661570	
4427000	-462.459183	1	201	0.755864	0.015687	0.755864	0.755864	0.000000	0.015687	0.755864	0.000000	1	0.311109	0.334568	0.000339	0.353984	0.091817	0.795750	0.833013	0.982458	0.756856	0.000206	0.140928	0.800324	
4428000	-461.349455	1	3483	0.750599	0.017724	0.750599	0.750599	0.750599	0.750599	0.750599	0.017724	1	0.246388	0.249994	0.249999	0.253618	0.635637	0.262667	0.415177	0.817388	0.490673	0.174079	0.473961	0.685741	
4429000	-461.004631	1	3955	0.665177	0.000000	0.665177	0.665177	0.665177	0.665177	0.665177	0.035358	1	0.239937	0.250046	0.249970	0.260047	0.528117	0.530266	0.774099	0.969899	0.397628	0.253273	0.435905	0.790405	
4430000	-462.255393	1	3793	0.727982	0.011041	0.727982	0.727982	0.011041	0.000000	0.727982	0.000000	1	0.314321	0.334306	0.000134	0.351239	0.138723	0.999485	0.703820	0.011571	0.850111	0.736288	0.457573	0.173617	
4431000	-460.901139	1	2945	0.622076	0.000000	0.622076	0.622076	0.622076	0.622076	0.622076	0.027924	1	0.235450	0.250025	0.249910	0.264615	0.064083	0.198182	0.814802	0.442405	0.121330	0.039430	0.626222	0.093475	
4432000	-463.123643	1	952	0.825723	0.078048	0.825723	0.825723	0.825723	0.825723	0.825723	0.000000	1	0.249172	0.249992	0.249988	0.250849	0.887521	0.837484	0.285310	0.246904	0.893514	0.635515	0.356671	0.835264	
4433000	-461.044236	1	2686	0.680161	0.000000	0.680161	0.680161	0.680161	0.680161	0.680161	0.032712	1	0.240953	0.250030	0.249998	0.259020	0.363567	0.776237	0.487074	0.334321	0.544555	0.416287	0.695407	0.937713	
4434000	-460.942476	1	2638	0.611438	0.023690	0.611438	0.611438	0.611438	0.611438	0.611438	0.000000	1	0.243563	0.249892	0.250331	0.256214	0.779621	0.939628	0.698776	0.948391	0.227292	0.416116	0.687463	0.457501	
4435000	-460.704084	1	1061	0.664721	0.048877	0.664721	0.664721	0.664721	0.664721	0.664721	0.000000	1	0.246271	0.249990	0.249946	0.253793	0.803917	0.597752	0.018307	0.551199	0.274102	0.863694	0.541074	0.085544	
4436000	-461.545620	1	1392	0.597997	0.018730	0.597997	0.597997	0.000000	0.597997	0.597997	0.018730	1	0.251040	0.262049	0.215502	0.271409	0.743123	0.219169	0.709317	0.248909	0.861556	0.572214	0.761251	0.175918	
4437000	-461.201024	1	2919	0.705739	0.062350	0.705739	0.705739	0.705739	0.705739	0.705739	0.000000	1	0.247488	0.249988	0.249949	0.252574	0.675429	0.549615	0.481824	0.255948	0.031421	0.334630	0.946635	0.580607	
4438000	-461.421817	1	601	0.550531	0.031806	0.550531	0.550531	0.550531	0.550531	0.550531	0.000000	1	0.239017	0.250067	0.249832	0.261084	0.710541	0.327478	0.892271	0.457906	0.137456	0.473114	0.722454	0.093662	
4439000	-462.527586	1	3099	0.554741	0.032245	0.554741	0.554741	0.554741	0.032245	0.554741	0.000000	1	0.244722	0.283291	0.150854	0.321132	0.382491	0.547203	0.789231	0.563526	0.133711	0.900670	0.429126	0.150882	
4440000	-461.569066	1	3251	0.706188	0.032728	0.706188	0.706188	0.706188	0.000000	0.706188	0.000000	1	0.254530	0.267903	0.197342	0.280225	0.745688	0.762848	0.563113	0.344849	0.514471	0.128171	0.755409	0.626730	
4441000	-460.526495	1	1179	0.614928	0.016760	0.614928	0.614928	0.614928	0.614928	0.614928	0.016760	1	0.238795	0.250020	0.249790	0.261394	0.045200	0.678287	0.232788	0.107774	0.382948	0.764777	0.982050	0.910265	
4442000	-460.606319	1	1299	0.655132	0.041921	0.655132	0.655132	0.655132	0.655132	0.655132	0.000000	1	0.245881	0.249984	0.249979	0.254156	0.406481	0.289918	0.783250	0.907522	0.699724	0.114435	0.840293	0.212159	
4443000	-461.850995	1	2059	0.610527	0.006299	0.610527	0.610527	0.006299	0.006299	0.610527	0.006299	1	0.315298	0.334958	0.000195	0.349549	0.809863	0.954093	0.845304	0.023500	0.947029	0.964778	0.997806	0.220704	
4444000	-460.606319	1	1299	0.655132	0.041921	0.655132	0.655132	0.655132	0.655132	0.655132	0.000000	1	0.245881	0.249984	0.249979	0.254156	0.280498	0.838827	0.771752	0.300553	0.514510	0.212834	0.629142	0.351918	
4445000	-461.076566	1	2718	0.670838	0.000000	0.670838	0.670838	0.670838	0.670838	0.670838	0.037776	1	0.240478	0.250051	0.249972	0.259499	0.147514	0.647902	0.941247	0.909938	0.476183	0.827197	0.586710	0.652660	
4446000	-461.220770	1	168	0.673966	0.000000	0.673966	0.673966	0.673966	0.673966	0.673966	0.042617	1	0.240906	0.250064	0.249968	0.259062	0.990133	0.118380	0.723831	0.096851	0.051648	0.065400	0.693828	0.325322	
4447000	-461.353621	1	858	0.741505	0.054266	0.741505	0.741505	0.741505	0.741505	0.741505	0.000000	1	0.248167	0.249987	0.249984	0.251861	0.459191	0.824160	0.128126	0.433580	0.784601	0.589957	0.032020	0.385507	
4448000	-461.489047	1	381	0.639578	0.000000	0.639578	0.639578	0.639578	0.639578	0.639578	0.051035	1	0.238560	0.250133	0.249870	0.261438	0.155240	0.287948	0.497360	0.812873	0.601044	0.941827	0.504097	0.674891	
4449000	-461.429751	1	3527	0.662661	0.016979	0.662661	0.662661	0.662661	0.016979	0.662661	0.000000	1	0.256380	0.268466	0.195220	0.279935	0.016446	0.341810	0.366634	0.339354	0.598595	0.292423	0.600051	0.497020	
4450000	-460.700535	1	403	0.654863	0.012848	0.654863	0.654863	0.012848	0.654863	0.654863	0.012848	1	0.249372	0.256643	0.230626	0.263359	0.612708	0.584907	0.638957	0.265680	0.116393	0.327578	0.415693	0.989589	
4451000	-462.997891	1	1263	0.658151	0.030614	0.658151	0.658151	0.000000	0.000000	0.658151	0.000000	1	0.276931	0.335279	0.000000	0.387790	0.949704	0.570039	0.851291	0.804882	0.274900	0.472263	0.549792	0.671484	
4452000	-460.588052	1	3950	0.642659	0.040068	0.642659	0.642659	0.642659	0.642659	0.642659	0.000000	1	0.245364	0.249984	0.249981	0.254671	0.865202	0.112451	0.095892	0.207605	0.423452	0.722959	0.630790	0.479395	
4453000	-462.391903	1	865	0.668686	0.097895	0.668686	0.668686	0.668686	0.668686	0.668686	0.000000	1	0.246536	0.249992	0.249815	0.253657	0.816948	0.412999	0.823825	0.182054	0.197426	0.669851	0.358334	0.712607	
4454000	-461.714263	1	2729	0.657903	0.000000	0.657903	0.657903	0.657903	0.657903	0.657903	0.055855	1	0.240291	0.250119	0.249922	0.259668	0.294705	0.135791	0.879466	0.086640	0.400669	0.744995	0.774242	0.917761	
4455000	-460.913340	1	2048	0.678473	0.016258	0.678473	0.678473	0.016258	0.678473	0.678473	0.016258	1	0.250103	0.255728	0.233410	0.260759	0.658899	0.198612	0.641640	0.510771	0.306902	0.725974	0.738157	0.508410	
4456000	-460.599819	1	2312	0.661898	0.020749	0.661898	0.661898	0.661898	0.661898	0.661898	0.020749	1	0.242621	0.250012	0.249901	0.257467	0.059915	0.364086	0.087039	0.416238	0.244170	0.495850	0.739515	0.594988	
4457000	-461.187780	1	1087	0.637567	0.067720	0.637567	0.637567	0.637567	0.637567	0.637567	0.000000	1	0.245301	0.250014	0.249788	0.254897	0.315675	0.307281	0.835980	0.485001	0.093651	0.531123	0.003471	0.906670	
4458000	-461.183561	1	1720	0.565230	0.030760	0.565230	0.565230	0.565230	0.565230	0.565230	0.000000	1	0.240370	0.250010	0.249986	0.259634	0.566523	0.629077	0.393906	0.431352	0.182615	0.665423	0.823413	0.724721	
4459000	-460.952275	1	3299	0.629640	0.008284	0.629640	0.629640	0.629640	0.008284	0.629640	0.008284	1	0.259120	0.272728	0.182820	0.285332	0.269281	0.937040	0.404028	0.935412	0.955160	0.112424	0.030028	0.313397	
4460000	-461.403415	1	526	0.640851	0.027101	0.640851	0.640851	0.640851	0.000000	0.640851	0.000000	1	0.255051	0.274747	0.176890	0.293312	0.978945	0.755184	0.572726	0.613393	0.321110	0.896526	0.355770	0.120929	
4461000	-461.443719	1	640	0.628052	0.020471	0.628052	0.628052	0.628052	0.000000	0.628052	0.000000	1	0.256722	0.275226	0.175233	0.292819	0.864366	0.653314	0.399079	0.975247	0.098527	0.110296	0.763123	0.514527	
4462000	-461.360927	1	1715	0.678093	0.019962	0.678093	0.678093	0.678093	0.000000	0.678093	0.000000	1	0.256877	0.269027	0.193659	0.280436	0.322142	0.400792	0.514736	0.762558	0.529262	0.955668	0.189046	0.518429	
4463000	-463.948629	1	3866	0.643494	0.034889	0.643494	0.643494	0.643494	0.643494	0.643494	0.000000	0	0.247140	0.249960	0.250177	0.252723	0.114113	0.736504	0.759852	0.300641	0.499593	0.807307	0.991663	0.457918	
4464000	-460.797062	1	345	0.660971	0.054256	0.660971	0.660971	0.660971	0.660971	0.660971	0.000000	1	0.246168	0.249995	0.249914	0.253923	0.427828	0.447418	0.614597	0.254390	0.034594	0.693315	0.788333	0.575992	
4465000	-460.689309	1	3311	0.613515	0.032408	0.613515	0.613515	0.613515	0.613515	0.613515	0.000000	1	0.243841	0.249967	0.250062	0.256129	0.472793	0.755981	0.170539	0.305365	0.025061	0.703181	0.211765	0.052416	
4466000	-460.858846	1	1210	0.611315	0.025718	0.611315	0.611315	0.611315	0.611315	0.611315	0.000000	1	0.243599	0.249915	0.250252	0.256233	0.248558	0.227337	0.636163	0.365939	0.068835	0.337119	0.500005	0.719745	
4467000	-461.253754	1	3080	0.670050	0.019448	0.670050	0.670050	0.000000	0.670050	0.670050	0.019448	1	0.251698	0.257497	0.228433	0.262372	0.706776	0.330460	0.325912	0.643238	0.301939	0.701754	0.473536	0.586318	
4468000	-460.981497	1	1298	0.594692	0.051967	0.594692	0.594692	0.594692	0.594692	0.594692	0.000000	1	0.242903	0.250061	0.249676	0.257360	0.346687	0.639216	0.445020	0.352077	0.241612	0.024410	0.569652	0.233901	
4469000	-460.624216	1	2931	0.627784	0.033717	0.627784	0.627784	0.627784	0.627784	0.627784	0.000000	1	0.244615	0.249969	0.250049	0.255367	0.076109	0.925233	0.520274	0.955487	0.646929	0.399042	0.728180	0.067127	
4470000	-460.957832	1	1027	0.624727	0.000000	0.624727	0.624727	0.624727	0.624727	0.624727	0.034560	1	0.236168	0.250074	0.249863	0.263896	0.956276	0.153001	0.271906	0.761154	0.186764	0.914637	0.624671	0.288033	
4471000	-460.793223	1	378	0.604032	0.029430	0.604032	0.604032	0.604032	0.604032	0.604032	0.000000	1	0.243230	0.249950	0.250133	0.256687	0.388489	0.551913	0.512679	0.393370	0.909029	0.113778	0.742078	0.259070	
4472000	-465.659078	1	91	0.717265	0.019226	0.717265	0.717265	0.717265	0.717265	0.717265	0.000000	0	0.248588	0.249924	0.250251	0.251237	0.264364	0.242235	0.081712	0.180648	0.663899	0.872326	0.089369	0.014368	
4473000	-463.969699	1	398	0.696395	0.054582	0.696395	0.696395	0.696395	0.696395	0.696395	0.000000	0	0.248338	0.249994	0.250003	0.251664	0.945076	0.473730	0.110936	0.206070	0.252194	0.855668	0.235663	0.010308	
4474000	-461.251435	1	2476	0.577653	0.000000	0.577653	0.577653	0.577653	0.577653	0.577653	0.032484	1	0.230040	0.250133	0.249545	0.270283	0.886978	0.558986	0.999594	0.686532	0.389616	0.816085	0.586368	0.859853	
4475000	-463.878195	1	873	0.615244	0.037434	0.615244	0.615244	0.000000	0.000000	0.615244	0.000000	1	0.256131	0.334720	0.000000	0.409149	0.136314	0.145691	0.206002	0.571789	0.031820	0.706391	0.409723	0.424958	
4476000	-460.588052	1	3950	0.642659	0.040068	0.642659	0.642659	0.642659	0.642659	0.642659	0.000000	1	0.245364	0.249984	0.249981	0.254671	0.530854	0.408528	0.993943	0.919491	0.698722	0.790671	0.264618	0.792333	
4477000	-460.683528	1	3209	0.619129	0.011467	0.619129	0.619129	0.619129	0.619129	0.619129	0.011467	1	0.238673	0.249949	0.249987	0.261391	0.841869	0.064824	0.175306	0.265105	0.740323	0.026715	0.745494	0.288990	
4478000	-461.809704	1	578	0.567399	0.016845	0.567399	0.567399	0.567399	0.567399	0.567399	0.000000	1	0.240035	0.249654	0.251160	0.259151	0.888569	0.673088	0.656001	0.192514	0.786968	0.163495	0.636422	0.227598	
4479000	-461.145938	1	1207	0.657901	0.067028	0.657901	0.657901	0.657901	0.657901	0.657901	0.000000	1	0.246109	0.250000	0.249857	0.254033	0.804890	0.364212	0.782521	0.571845	0.740726	0.640867	0.009302	0.765382	
4480000	-460.980276	1	3680	0.616832	0.000000	0.616832	0.616832	0.616832	0.616832	0.616832	0.022726	1	0.234483	0.249972	0.249974	0.265570	0.903543	0.234074	0.954346	0.668955	0.242352	0.683843	0.126416	0.398971	
4481000	-460.591638	1	2482	0.651431	0.039613	0.651431	0.651431	0.651431	0.651431	0.651431	0.000000	1	0.245720	0.249981	0.249994	0.254305	0.032692	0.847823	0.063892	0.875560	0.555536	0.828828	0.205027	0.135663	
4482000	-460.958910	1	200	0.701825	0.023982	0.701825	0.701825	0.701825	0.701825	0.701825	0.023982	1	0.244837	0.250007	0.249950	0.255207	0.993800	0.261290	0.950252	0.473508	0.054157	0.225178	0.543940	0.125105	
4483000	-462.127062	1	2670	0.763950	0.036951	0.763950	0.763950	0.763950	0.000000	0.763950	0.000000	1	0.253724	0.262994	0.211874	0.271407	0.348468	0.896253	0.169271	0.094605	0.956261	0.822488	0.093980	0.488444	
4484000	-460.975654	1	414	0.624962	0.008332	0.624962	0.624962	0.624962	0.000000	0.624962	0.008332	1	0.259957	0.274212	0.178446	0.287385	0.747506	0.995401	0.569287	0.108237	0.794993	0.300482	0.848219	0.077564	
4485000	-461.324816	1	3096	0.626131	0.032026	0.626131	0.626131	0.626131	0.626131	0.626131	0.032026	1	0.240945	0.250083	0.249685	0.259286	0.494071	0.813220	0.398960	0.403371	0.087265	0.431835	0.730042	0.463132	
4486000	-461.206686	1	3850	0.647483	0.016923	0.647483	0.647483	0.647483	0.016923	0.647483	0.016923	1	0.257833	0.270251	0.191187	0.280730	0.069117	0.455373	0.855860	0.191979	0.449030	0.335821	0.206086	0.722542	
4487000	-461.782758	1	853	0.672038	0.014182	0.672038	0.672038	0.672038	0.672038	0.672038	0.000000	1	0.246148	0.249845	0.250474	0.253533	0.301054	0.834197	0.224767	0.293782	0.531086	0.107500	0.622527	0.481647	
4488000	-460.925223	1	3479	0.710244	0.035465	0.710244	0.710244	0.710244	0.710244	0.710244	0.000000	1	0.247479	0.249977	0.250032	0.252513	0.862969	0.220495	0.986656	0.359463	0.157168	0.144332	0.257496	0.361291	
4489000	-460.501410	1	3909	0.630792	0.015063	0.630792	0.630792	0.630792	0.630792	0.630792	0.015063	1	0.240016	0.249994	0.249896	0.260094	0.600321	0.227019	0.575890	0.747546	0.239113	0.057915	0.309455	0.677830	
4490000	-462.332275	1	32	0.811890	0.019434	0.811890	0.811890	0.811890	0.811890	0.811890	0.019434	1	0.247872	0.249997	0.250001	0.252129	0.911675	0.911367	0.826426	0.105373	0.442288	0.797579	0.657575	0.966623	
4491000	-461.045031	1	1498	0.677593	0.014973	0.677593	0.677593	0.677593	0.014973	0.677593	0.014973	1	0.257598	0.267094	0.200111	0.275196	0.126037	0.945781	0.070795	0.965622	0.623639	0.574895	0.815812	0.019129	
4492000	-460.616825	1	3959	0.660934	0.036237	0.660934	0.660934	0.660934	0.660934	0.660934	0.000000	1	0.246051	0.249973	0.250031	0.253945	0.069329	0.702711	0.822116	0.152139	0.093984	0.533918	0.994131	0.931913	
4493000	-460.544565	1	1195	0.611595	0.017317	0.611595	0.611595	0.611595	0.611595	0.611595	0.017317	1	0.238540	0.250029	0.249759	0.261672	0.780670	0.798598	0.831229	0.913514	0.510624	0.576822	0.798563	0.657469	
4494000	-461.021849	1	294	0.718223	0.048022	0.718223	0.718223	0.718223	0.718223	0.718223	0.000000	1	0.247712	0.249985	0.249989	0.252314	0.800094	0.980096	0.437075	0.299975	0.360370	0.142691	0.524947	0.032123	
4495000	-461.122197	1	3571	0.635423	0.006706	0.635423	0.635423	0.635423	0.000000	0.635423	0.006706	1	0.259924	0.272773	0.182467	0.284837	0.764811	0.721131	0.629848	0.503028	0.261229	0.560200	0.919129	0.732489	
4496000	-461.201651	1	3179	0.686611	0.029720	0.686611	0.686611	0.686611	0.686611	0.686611	0.029720	1	0.244401	0.250020	0.249909	0.255669	0.406623	0.435668	0.325424	0.001759	0.443486	0.967553	0.327315	0.312124	
4497000	-463.680141	1	3885	0.791744	0.002962	0.791744	0.791744	0.002962	0.791744	0.791744	0.002962	1	0.245769	0.248339	0.254955	0.250937	0.833906	0.662073	0.346139	0.416876	0.748982	0.130913	0.056333	0.018058	
4498000	-460.598299	1	3866	0.643494	0.034889	0.643494	0.643494	0.643494	0.643494	0.643494	0.000000	1	0.245352	0.249970	0.250040	0.254638	0.314068	0.465636	0.488145	0.747634	0.256930	0.212141	0.881034	0.731542	
4499000	-461.567390	1	252	0.607334	0.073595	0.607334	0.607334	0.607334	0.607334	0.607334	0.000000	1	0.243786	0.250055	0.249591	0.256568	0.589634	0.371186	0.795882	0.155944	0.658013	0.191719	0.927513	0.618478	
4500000	-460.871176	1	2446	0.653698	0.015400	0.653698	0.653698	0.000000	0.653698	0.653698	0.015400	1	0.250841	0.257937	0.226986	0.264237	0.296469	0.467743	0.981356	0.960154	0.735091	0.278001	0.238932	0.165559	
4501000	-460.903782	1	2403	0.709328	0.043632	0.709328	0.709328	0.709328	0.709328	0.709328	0.000000	1	0.247500	0.249983	0.249999	0.252518	0.751958	0.176061	0.049029	0.010756	0.987610	0.504925	0.854735	0.867181	
4502000	-461.310118	1	2999	0.679916	0.028299	0.679916	0.679916	0.679916	0.028299	0.679916	0.000000	1	0.253529	0.267212	0.199234	0.280026	0.437498	0.836135	0.700448	0.790430	0.189058	0.303765	0.624133	0.402036	
4503000	-461.235059	1	3160	0.592250	0.000000	0.592250	0.592250	0.592250	0.592250	0.592250	0.038194	1	0.232581	0.250157	0.249632	0.267630	0.274670	0.207480	0.751080	0.956728	0.692195	0.666129	0.214504	0.336087	
4504000	-461.443339	1	3454	0.708260	0.026916	0.708260	0.708260	0.708260	0.000000	0.708260	0.000000	1	0.255405	0.266875	0.200228	0.277492	0.515289	0.414579	0.323917	0.023609	0.670428	0.825548	0.097595	0.952663	
4505000	-463.612947	1	2185	0.839773	0.026822	0.839773	0.839773	0.000000	0.839773	0.839773	0.026822	1	0.250898	0.252075	0.244046	0.252981	0.707762	0.337878	0.754419	0.498119	0.310399	0.329724	0.070968	0.173242	
4506000	-460.623017	1	3319	0.640963	0.044685	0.640963	0.640963	0.640963	0.640963	0.640963	0.000000	1	0.245328	0.249993	0.249936	0.254742	0.935111	0.912832	0.935277	0.682369	0.574829	0.800414	0.888987	0.843480	
4507000	-460.594517	1	84	0.633281	0.039392	0.633281	0.633281	0.633281	0.633281	0.633281	0.000000	1	0.244940	0.249986	0.249975	0.255099	0.739544	0.479479	0.545843	0.141636	0.179841	0.094002	0.106583	0.260336	
4508000	-461.115572	1	2128	0.588040	0.026063	0.588040	0.588040	0.588040	0.588040	0.588040	0.026063	1	0.237074	0.250146	0.249412	0.263368	0.864889	0.920643	0.058015	0.123867	0.597139	0.272613	0.360456	0.248750	
4509000	-460.827826	1	2722	0.690271	0.012712	0.690271	0.690271	0.690271	0.690271	0.690271	0.012712	1	0.243769	0.249975	0.250024	0.256233	0.659285	0.483523	0.251822	0.751341	0.815303	0.395468	0.128571	0.902396	
4510000	-460.625442	1	3489	0.666075	0.039184	0.666075	0.666075	0.666075	0.666075	0.666075	0.000000	1	0.246256	0.249978	0.250008	0.253758	0.368964	0.850089	0.033973	0.250504	0.712636	0.507035	0.414228	0.591663	
4511000	-460.862598	1	3346	0.708835	0.016581	0.708835	0.708835	0.708835	0.708835	0.708835	0.016581	1	0.244830	0.249991	0.249991	0.255187	0.036601	0.035127	0.315538	0.620067	0.419560	0.374339	0.940016	0.528845	
4512000	-462.425021	1	3197	0.634975	0.048260	0.634975	0.634975	0.634975	0.000000	0.634975	0.000000	1	0.248570	0.279177	0.164283	0.307970	0.319817	0.334727	0.767205	0.523446	0.675709	0.956974	0.371712	0.030051	
4513000	-460.903522	1	3416	0.592273	0.046974	0.592273	0.592273	0.592273	0.592273	0.592273	0.000000	1	0.242700	0.250054	0.249725	0.257521	0.854752	0.618099	0.557875	0.674069	0.250830	0.196326	0.599691	0.866304	
4514000	-463.119313	1	599	0.568563	0.008556	0.568563	0.568563	0.568563	0.000000	0.568563	0.000000	1	0.260032	0.281134	0.157048	0.301786	0.338929	0.236013	0.025623	0.049946	0.198858	0.516966	0.954783	0.714365	
4515000	-461.391841	1	3057	0.579577	0.000000	0.579577	0.579577	0.579577	0.579577	0.579577	0.038885	1	0.230909	0.250200	0.249496	0.269394	0.652761	0.900541	0.527729	0.062471	0.825085	0.636828	0.910083	0.978761	
4516000	-460.898677	1	2409	0.631489	0.009080	0.631489	0.631489	0.631489	0.009080	0.631489	0.009080	1	0.258995	0.272474	0.183681	0.284849	0.684212	0.358689	0.762090	0.013277	0.718695	0.540843	0.559509	0.816051	
4517000	-460.831206	1	285	0.647254	0.014690	0.647254	0.647254	0.000000	0.647254	0.647254	0.014690	1	0.250632	0.258216	0.226146	0.265006	0.517317	0.581722	0.705171	0.378508	0.424315	0.132662	0.340019	0.470122	
4518000	-461.502924	1	3473	0.717882	0.006255	0.717882	0.717882	0.717882	0.000000	0.717882	0.006255	1	0.257705	0.264012	0.208398	0.269885	0.262015	0.304771	0.830012	0.801174	0.735495	0.181804	0.264498	0.207077	
4519000	-460.746339	1	3620	0.615885	0.028740	0.615885	0.615885	0.615885	0.615885	0.615885	0.000000	1	0.243917	0.249943	0.250153	0.255987	0.620164	0.997469	0.710260	0.880125	0.963654	0.450921	0.714533	0.131105	
4520000	-460.779831	1	806	0.606585	0.029317	0.606585	0.606585	0.606585	0.606585	0.606585	0.000000	1	0.243385	0.249949	0.250137	0.256530	0.147161	0.761848	0.627998	0.141251	0.877972	0.238972	0.549098	0.081113	
4521000	-461.499499	1	3635	0.551909	0.023973	0.551909	0.551909	0.551909	0.551909	0.551909	0.023973	1	0.232479	0.250288	0.248868	0.268365	0.474274	0.818995	0.596213	0.492855	0.404906	0.124098	0.246575	0.088290	
4522000	-461.074719	1	2989	0.708907	0.009444	0.708907	0.708907	0.708907	0.000000	0.708907	0.009444	1	0.258010	0.265036	0.205627	0.271327	0.882848	0.376559	0.957708	0.633067	0.026981	0.570728	0.126251	0.617376	
4523000	-461.999683	1	83	0.787903	0.056165	0.787903	0.787903	0.787903	0.787903	0.787903	0.000000	1	0.248797	0.249990	0.249992	0.251220	0.797602	0.956320	0.007207	0.581785	0.680075	0.928356	0.059142	0.095435	
4524000	-461.454836	1	1536	0.564905	0.000000	0.564905	0.564905	0.564905	0.564905	0.564905	0.020999	1	0.226811	0.249944	0.249719	0.273526	0.661205	0.221392	0.876509	0.798841	0.231720	0.781156	0.589303	0.991558	
4525000	-460.699351	1	1561	0.669525	0.010939	0.669525	0.669525	0.000000	0.669525	0.669525	0.010939	1	0.249840	0.256443	0.231112	0.262606	0.796504	0.596668	0.682603	0.794311	0.642364	0.236841	0.926882	0.333813	
4526000	-461.943101	1	3320	0.618735	0.000000	0.618735	0.618735	0.618735	0.618735	0.618735	0.058613	1	0.237054	0.250209	0.249763	0.262975	0.339377	0.360415	0.589068	0.371387	0.342282	0.865696	0.912696	0.484585	
4527000	-461.232939	1	385	0.618657	0.015509	0.618657	0.618657	0.618657	0.000000	0.618657	0.015509	1	0.259579	0.275537	0.175697	0.289186	0.283296	0.036054	0.399033	0.234744	0.427818	0.861992	0.790804	0.326436	
4528000	-460.717159	1	1941	0.627182	0.028505	0.627182	0.627182	0.627182	0.627182	0.627182	0.000000	1	0.244514	0.249941	0.250153	0.255391	0.913838	0.349481	0.462233	0.944297	0.444785	0.649280	0.746968	0.496541	
4529000	-460.982357	1	1017	0.586601	0.027552	0.586601	0.586601	0.586601	0.586601	0.586601	0.000000	1	0.242012	0.249940	0.250191	0.257857	0.520451	0.907709	0.038026	0.301579	0.611876	0.936549	0.749609	0.718453	
4530000	-461.066455	1	3565	0.586264	0.051789	0.586264	0.586264	0.586264	0.586264	0.586264	0.000000	1	0.242326	0.250081	0.249614	0.257979	0.347093	0.637379	0.893034	0.504630	0.579626	0.110624	0.607508	0.450416	
4531000	-461.261873	1	222	0.653578	0.017057	0.653578	0.653578	0.653578	0.000000	0.653578	0.017057	1	0.259205	0.271222	0.188375	0.281198	0.245459	0.126936	0.437338	0.546567	0.414876	0.249829	0.134118	0.513308	
4532000	-460.717159	1	1941	0.627182	0.028505	0.627182	0.627182	0.627182	0.627182	0.627182	0.000000	1	0.244514	0.249941	0.250153	0.255391	0.165745	0.017941	0.209032	0.401771	0.973099	0.561920	0.670627	0.214578	
4533000	-461.936647	1	495	0.641141	0.011645	0.641141	0.641141	0.011645	0.011645	0.641141	0.000000	1	0.304003	0.334126	0.000652	0.361219	0.224422	0.173179	0.180907	0.940763	0.302875	0.208340	0.294930	0.676835	
4534000	-461.797298	1	2282	0.753123	0.000000	0.753123	0.753123	0.753123	0.753123	0.753123	0.030323	1	0.244904	0.250012	0.250025	0.255060	0.113522	0.999768	0.178135	0.232545	0.246228	0.146644	0.510053	0.089906	
4535000	-460.965186	1	3062	0.706906	0.012942	0.706906	0.706906	0.706906	0.706906	0.706906	0.012942	1	0.244585	0.249979	0.250023	0.255412	0.910223	0.421125	0.624851	0.774257	0.616213	0.748950	0.815201	0.030341	
4536000	-461.229131	1	958	0.567806	0.047823	0.567806	0.567806	0.567806	0.567806	0.567806	0.000000	1	0.240863	0.250126	0.249500	0.259511	0.197250	0.574505	0.849968	0.557738	0.113088	0.140298	0.486609	0.235754	
4537000	-464.585256	1	718	0.634259	0.038896	0.634259	0.634259	0.634259	0.038896	0.634259	0.000000	0	0.250702	0.271476	0.186966	0.290856	0.758822	0.216961	0.811850	0.479332	0.831753	0.695069	0.229994	0.707617	
4538000	-460.791521	1	2055	0.652374	0.014204	0.652374	0.652374	0.000000	0.652374	0.652374	0.014204	1	0.250549	0.257855	0.227163	0.264433	0.835422	0.812724	0.947378	0.205888	0.569962	0.258234	0.537309	0.350355	
4539000	-461.280275	1	1617	0.716043	0.062335	0.716043	0.716043	0.716043	0.716043	0.716043	0.000000	1	0.247715	0.249988	0.249958	0.252339	0.674983	0.078285	0.809937	0.950685	0.880044	0.473785	0.163321	0.212457	
4540000	-461.175418	1	57	0.670702	0.000000	0.670702	0.670702	0.670702	0.670702	0.670702	0.041586	1	0.240627	0.250064	0.249964	0.259345	0.370076	0.382956	0.857922	0.076138	0.461141	0.185494	0.462592	0.661331	
4541000	-461.686804	1	1752	0.618449	0.021390	0.618449	0.618449	0.000000	0.618449	0.618449	0.021390	1	0.252047	0.260915	0.218885	0.268153	0.929044	0.206260	0.091496	0.301221	0.765084	0.463505	0.170954	0.882116	
4542000	-460.959834	1	3994	0.591340	0.049455	0.591340	0.591340	0.591340	0.591340	0.591340	0.000000	1	0.242659	0.250063	0.249684	0.257594	0.614379	0.547536	0.335867	0.079649	0.817310	0.559752	0.696709	0.850642	
4543000	-460.650005	1	124	0.614117	0.012138	0.614117	0.614117	0.614117	0.614117	0.614117	0.012138	1	0.238270	0.249962	0.249940	0.261828	0.433324	0.128787	0.431291	0.840786	0.399077	0.951065	0.234690	0.159282	
4544000	-464.133006	1	3013	0.572640	0.042741	0.572640	0.572640	0.572640	0.572640	0.572640	0.000000	0	0.244107	0.250086	0.249938	0.255870	0.553714	0.115946	0.635880	0.161826	0.688902	0.578708	0.341059	0.939322	
4545000	-461.565658	1	1798	0.671863	0.034632	0.671863	0.671863	0.671863	0.000000	0.671863	0.000000	1	0.253867	0.272082	0.185042	0.289009	0.188123	0.097660	0.515756	0.344145	0.799763	0.810517	0.630522	0.561646	
4546000	-460.699945	1	373	0.636679	0.011113	0.636679	0.636679	0.636679	0.636679	0.636679	0.011113	1	0.240158	0.249946	0.250034	0.259862	0.320083	0.516194	0.167319	0.857444	0.609473	0.527904	0.782113	0.364945	
4547000	-460.771977	1	2497	0.606001	0.046015	0.606001	0.606001	0.606001	0.606001	0.606001	0.000000	1	0.243561	0.250028	0.249814	0.256597	0.406146	0.946141	0.656304	0.570835	0.486171	0.372142	0.245972	0.995601	
4548000	-460.763769	1	3181	0.674176	0.011965	0.674176	0.674176	0.674176	0.674176	0.674176	0.011965	1	0.242832	0.249966	0.250033	0.257169	0.418677	0.387859	0.473363	0.015529	0.018053	0.815648	0.279117	0.406717	
4549000	-463.848320	1	3477	0.619618	0.061454	0.619618	0.619618	0.619618	0.619618	0.619618	0.000000	0	0.246362	0.250049	0.249856	0.253733	0.662391	0.277960	0.463798	0.828512	0.087785	0.535199	0.069739	0.986541	
4550000	-461.505922	1	1055	0.678797	0.016242	0.678797	0.678797	0.678797	0.000000	0.678797	0.000000	1	0.257553	0.268333	0.195605	0.278509	0.394061	0.796326	0.079933	0.670691	0.644064	0.715022	0.226685	0.469990	
4551000	-461.707292	1	2796	0.684561	0.015413	0.684561	0.684561	0.684561	0.684561	0.684561	0.000000	1	0.246593	0.249883	0.250352	0.253172	0.323601	0.370362	0.612592	0.461825	0.104501	0.827481	0.383048	0.141344	
4552000	-461.247461	1	2331	0.559928	0.040162	0.559928	0.559928	0.559928	0.559928	0.559928	0.000000	1	0.240077	0.250116	0.249597	0.260210	0.301804	0.067375	0.553097	0.806110	0.115218	0.306936	0.479980	0.622669	
4553000	-460.638016	1	3679	0.641075	0.031575	0.641075	0.641075	0.641075	0.641075	0.641075	0.000000	1	0.245211	0.249959	0.250087	0.254744	0.097173	0.249564	0.519955	0.535226	0.375777	0.197271	0.475145	0.420767	
4554000	-461.644953	1	2095	0.550388	0.052332	0.550388	0.550388	0.550388	0.550388	0.550388	0.000000	1	0.239324	0.250225	0.249167	0.261284	0.148637	0.866737	0.796511	0.914029	0.420366	0.490258	0.336022	0.267980	
4555000	-461.830531	1	1000	0.655021	0.000000	0.655021	0.655021	0.655021	0.655021	0.655021	0.058222	1	0.240180	0.250129	0.249914	0.259777	0.502481	0.963511	0.581466	0.311536	0.074405	0.273921	0.884946	0.741488	
4556000	-461.894049	1	3295	0.664653	0.038603	0.664653	0.664653	0.664653	0.664653	0.664653	0.038603	1	0.243737	0.250046	0.249835	0.256382	0.833785	0.071457	0.744189	0.774829	0.802961	0.319717	0.152550	0.791826	
4557000	-464.394104	1	1735	0.692685	0.015917	0.692685	0.692685	0.692685	0.692685	0.692685	0.015917	0	0.244513	0.249966	0.250063	0.255458	0.719426	0.254256	0.949301	0.124978	0.340203	0.820862	0.247438	0.979402	
4558000	-460.550976	1	1109	0.610463	0.015258	0.610463	0.610463	0.610463	0.610463	0.610463	0.015258	1	0.238235	0.250008	0.249807	0.261949	0.130363	0.155506	0.651384	0.500944	0.272773	0.495473	0.155858	0.215120	
4559000	-461.864712	1	2491	0.713172	0.000000	0.713172	0.713172	0.027886	0.713172	0.713172	0.027886	1	0.250707	0.254045	0.238282	0.256966	0.287844	0.582456	0.954824	0.776436	0.695377	0.566108	0.946214	0.182463	
4560000	-461.938863	1	3309	0.686685	0.012596	0.686685	0.686685	0.012596	0.000000	0.686685	0.000000	1	0.308190	0.334415	0.000168	0.357227	0.581085	0.407095	0.608441	0.750038	0.419082	0.678949	0.278940	0.775198	
4561000	-460.791521	1	2055	0.652374	0.014204	0.652374	0.652374	0.000000	0.652374	0.652374	0.014204	1	0.250549	0.257855	0.227163	0.264433	0.875719	0.425649	0.205759	0.503268	0.751531	0.651577	0.008894	0.761842	
4562000	-461.017734	1	3224	0.707105	0.053924	0.707105	0.707105	0.707105	0.707105	0.707105	0.000000	1	0.247492	0.249987	0.249969	0.252553	0.195895	0.686813	0.586072	0.428414	0.475516	0.606901	0.466567	0.283129	
4563000	-460.608191	1	1886	0.639216	0.043064	0.639216	0.639216	0.639216	0.639216	0.639216	0.000000	1	0.245240	0.249991	0.249947	0.254822	0.618913	0.773120	0.148496	0.687807	0.606691	0.573201	0.703960	0.890138	
4564000	-461.200206	1	1993	0.675614	0.019427	0.675614	0.675614	0.019427	0.675614	0.675614	0.019427	1	0.250512	0.256009	0.232721	0.260758	0.994928	0.237496	0.591827	0.252846	0.089305	0.822604	0.218707	0.721258	
4565000	-461.783431	1	1555	0.664430	0.012560	0.664430	0.664430	0.664430	0.000000	0.664430	0.000000	1	0.258540	0.269279	0.192670	0.279511	0.116832	0.594268	0.523527	0.236930	0.169448	0.322054	0.673414	0.415625	
4566000	-461.192703	1	231	0.573263	0.049973	0.573263	0.573263	0.573263	0.573263	0.573263	0.000000	1	0.241331	0.250114	0.249520	0.259035	0.097222	0.299729	0.375280	0.447074	0.727169	0.454197	0.889889	0.003694	
4567000	-464.999146	1	3842	0.567228	0.010801	0.567228	0.567228	0.567228	0.567228	0.567228	0.010801	0	0.233740	0.249704	0.250579	0.265977	0.863953	0.734412	0.993278	0.147106	0.998397	0.452374	0.502251	0.774370	
4568000	-464.488994	1	1404	0.754076	0.000000	0.754076	0.754076	0.000000	0.754076	0.754076	0.060862	1	0.260726	0.257875	0.227454	0.253944	0.864983	0.737388	0.478629	0.875232	0.219530	0.944474	0.110606	0.929900	
4569000	-460.892923	1	3891	0.603555	0.024804	0.603555	0.603555	0.603555	0.603555	0.603555	0.024804	1	0.238482	0.250097	0.249580	0.261841	0.634461	0.864198	0.186421	0.775613	0.492220	0.939108	0.584332	0.122076	
4570000	-462.370026	1	2836	0.604782	0.091396	0.604782	0.604782	0.604782	0.604782	0.604782	0.000000	1	0.243655	0.250058	0.249482	0.256804	0.737755	0.556829	0.699090	0.231749	0.650652	0.207340	0.493416	0.167238	
4571000	-460.599819	1	2312	0.661898	0.020749	0.661898	0.661898	0.661898	0.661898	0.661898	0.020749	1	0.242621	0.250012	0.249901	0.257467	0.503991	0.936291	0.359208	0.441515	0.739778	0.375608	0.767131	0.254816	
4572000	-461.496745	1	1880	0.752305	0.013408	0.752305	0.752305	0.752305	0.000000	0.752305	0.013408	1	0.256572	0.261587	0.216013	0.265828	0.820004	0.199406	0.688944	0.289541	0.721219	0.028369	0.472650	0.691450	
4573000	-460.596472	1	1030	0.662434	0.013809	0.662434	0.662434	0.662434	0.662434	0.662434	0.013809	1	0.242223	0.249978	0.249987	0.257811	0.689897	0.556638	0.705585	0.865911	0.372053	0.414984	0.160392	0.294458	
4574000	-462.029171	1	1986	0.670278	0.009886	0.670278	0.670278	0.009886	0.009886	0.670278	0.009886	1	0.321668	0.335565	0.000475	0.342292	0.132949	0.055308	0.141972	0.694569	0.663916	0.285529	0.221174	0.235308	
4575000	-460.630584	1	756	0.664415	0.035765	0.664415	0.664415	0.664415	0.664415	0.664415	0.000000	1	0.246172	0.249972	0.250036	0.253821	0.153262	0.106170	0.252968	0.004450	0.335881	0.347773	0.571833	0.476147	
4576000	-461.894049	1	3295	0.664653	0.038603	0.664653	0.664653	0.664653	0.664653	0.664653	0.038603	1	0.243737	0.250046	0.249835	0.256382	0.002623	0.708466	0.393511	0.501437	0.854284	0.722531	0.205670	0.567795	
4577000	-461.504765	1	3733	0.558210	0.052736	0.558210	0.558210	0.558210	0.558210	0.558210	0.000000	1	0.240068	0.250185	0.249284	0.260463	0.012543	0.645283	0.020458	0.804902	0.907401	0.857566	0.858678	0.616384	
4578000	-463.022169	1	3748	0.628649	0.032622	0.628649	0.628649	0.032622	0.032622	0.628649	0.000000	1	0.271291	0.333310	0.004788	0.390611	0.570479	0.639501	0.039754	0.182267	0.575856	0.617204	0.612829	0.129401	
4579000	-461.677986	1	2481	0.579882	0.068626	0.579882	0.579882	0.579882	0.579882	0.579882	0.000000	1	0.241952	0.250123	0.249367	0.258558	0.940243	0.291438	0.905022	0.889488	0.845545	0.847672	0.527705	0.077834	
4580000	-461.251435	1	2476	0.577653	0.000000	0.577653	0.577653	0.577653	0.577653	0.577653	0.032484	1	0.230040	0.250133	0.249545	0.270283	0.070303	0.059340	0.700821	0.902294	0.404462	0.556774	0.567118	0.083018	
4581000	-461.083493	1	973	0.717210	0.052895	0.717210	0.717210	0.717210	0.717210	0.717210	0.000000	1	0.247709	0.249986	0.249977	0.252327	0.003783	0.337181	0.552230	0.541687	0.414744	0.688421	0.272968	0.827426	
4582000	-461.542551	1	3129	0.686524	0.017054	0.686524	0.686524	0.686524	0.686524	0.686524	0.000000	1	0.246682	0.249902	0.250291	0.253125	0.044351	0.151252	0.357090	0.840901	0.080313	0.617396	0.130510	0.135139	
4583000	-460.677140	1	1468	0.617038	0.022335	0.617038	0.617038	0.617038	0.617038	0.617038	0.022335	1	0.239472	0.250059	0.249707	0.260762	0.309360	0.567170	0.621260	0.139425	0.637879	0.271101	0.714259	0.590448	
4584000	-464.138673	1	738	0.543676	0.047316	0.543676	0.543676	0.543676	0.543676	0.543676	0.047316	1	0.234394	0.250551	0.248399	0.266656	0.828564	0.475886	0.372379	0.509776	0.184241	0.397847	0.365264	0.348578	
4585000	-460.746339	1	3620	0.615885	0.028740	0.615885	0.615885	0.615885	0.615885	0.615885	0.000000	1	0.243917	0.249943	0.250153	0.255987	0.640024	0.922411	0.295119	0.756219	0.380058	0.103176	0.095827	0.500896	
4586000	-461.192703	1	231	0.573263	0.049973	0.573263	0.573263	0.573263	0.573263	0.573263	0.000000	1	0.241331	0.250114	0.249520	0.259035	0.650128	0.060899	0.043341	0.329998	0.700774	0.245079	0.012495	0.136058	
4587000	-461.059091	1	1051	0.631850	0.000000	0.631850	0.631850	0.631850	0.631850	0.631850	0.039376	1	0.237190	0.250093	0.249868	0.262849	0.931430	0.356697	0.097633	0.708171	0.410102	0.617466	0.550697	0.315173	
4588000	-463.418459	1	3821	0.684897	0.000000	0.684897	0.684897	0.000000	0.684897	0.684897	0.050563	1	0.262910	0.260941	0.218723	0.257426	0.806841	0.751322	0.668872	0.164511	0.910340	0.483941	0.994587	0.656975	
4589000	-460.896903	1	1106	0.648164	0.000000	0.648164	0.648164	0.648164	0.648164	0.648164	0.029982	1	0.238226	0.250029	0.249964	0.261782	0.399083	0.147284	0.864637	0.240240	0.315653	0.019311	0.581281	0.426742	
4590000	-460.911178	1	3779	0.625800	0.010884	0.625800	0.625800	0.625800	0.000000	0.625800	0.010884	1	0.259816	0.274288	0.178616	0.287280	0.520248	0.049289	0.418502	0.673861	0.918280	0.421249	0.757867	0.681017	
4591000	-460.985279	1	305	0.638409	0.007727	0.638409	0.638409	0.638409	0.000000	0.638409	0.007727	1	0.259840	0.272484	0.183467	0.284209	0.410467	0.596535	0.574591	0.832315	0.008793	0.870451	0.241660	0.297921	
4592000	-462.217946	1	1191	0.796479	0.025559	0.796479	0.796479	0.796479	0.796479	0.796479	0.025559	1	0.247693	0.250000	0.249994	0.252313	0.531464	0.665611	0.721303	0.159629	0.083278	0.698375	0.729578	0.023815	
4593000	-460.520847	1	3964	0.657053	0.017660	0.657053	0.657053	0.657053	0.657053	0.657053	0.017660	1	0.242125	0.250001	0.249920	0.257953	0.321324	0.987787	0.848786	0.408111	0.024375	0.911062	0.550325	0.567856	
4594000	-460.982857	1	2025	0.660581	0.028053	0.660581	0.660581	0.660581	0.660581	0.660581	0.028053	1	0.242962	0.250033	0.249854	0.257152	0.755491	0.897657	0.910156	0.732530	0.057174	0.616617	0.437927	0.037283	
4595000	-461.125277	1	3794	0.675241	0.029412	0.675241	0.675241	0.675241	0.675241	0.675241	0.029412	1	0.243832	0.250025	0.249887	0.256256	0.470710	0.478106	0.489322	0.761204	0.901050	0.459258	0.256251	0.528668	
4596000	-461.318013	1	2288	0.614118	0.031268	0.614118	0.614118	0.614118	0.614118	0.614118	0.031268	1	0.239953	0.250104	0.249609	0.260334	0.027356	0.758391	0.974750	0.654149	0.581311	0.885104	0.637761	0.799104	
4597000	-461.850995	1	2059	0.610527	0.006299	0.610527	0.610527	0.006299	0.006299	0.610527	0.006299	1	0.315298	0.334958	0.000195	0.349549	0.808431	0.840397	0.531924	0.810128	0.881377	0.818157	0.176593	0.176296	
4598000	-464.394104	1	1735	0.692685	0.015917	0.692685	0.692685	0.692685	0.692685	0.692685	0.015917	0	0.244513	0.249966	0.250063	0.255458	0.575560	0.058936	0.239418	0.473915	0.978496	0.399572	0.834251	0.431441	
4599000	-461.045354	1	3531	0.663581	0.000000	0.663581	0.663581	0.663581	0.663581	0.663581	0.022218	1	0.239198	0.249979	0.250051	0.260771	0.847454	0.446487	0.867611	0.381836	0.682069	0.204034	0.807944	0.040375	
4600000	-461.989316	1	238	0.652614	0.000000	0.652614	0.652614	0.000000	0.652614	0.652614	0.012070	1	0.246222	0.255577	0.233500	0.264700	0.746282	0.162401	0.464878	0.082692	0.803475	0.014895	0.705506	0.594306	
4601000	-461.056311	1	2801	0.669987	0.009100	0.669987	0.669987	0.669987	0.669987	0.669987	0.009100	1	0.242386	0.249934	0.250119	0.257562	0.447614	0.035618	0.812727	0.922589	0.349386	0.035808	0.543320	0.816212	
4602000	-460.918355	1	1335	0.609154	0.012753	0.609154	0.609154	0.000000	0.609154	0.609154	0.012753	1	0.249487	0.260348	0.219873	0.270292	0.986190	0.915463	0.706599	0.401946	0.180307	0.200671	0.650371	0.644175	
4603000	-461.079436	1	2954	0.594257	0.013054	0.594257	0.594257	0.000000	0.594257	0.594257	0.013054	1	0.249147	0.261451	0.216715	0.272687	0.588109	0.270167	0.671207	0.903769	0.917461	0.351096	0.158223	0.064112	
4604000	-463.780062	1	2735	0.644000	0.041717	0.644000	0.644000	0.644000	0.644000	0.644000	0.000000	0	0.247172	0.249986	0.250080	0.252762	0.752050	0.074052	0.999154	0.608621	0.822794	0.093461	0.405000	0.111620	
4605000	-460.928157	1	3545	0.637243	0.027414	0.637243	0.637243	0.637243	0.637243	0.637243	0.027414	1	0.241427	0.250053	0.249770	0.258749	0.734309	0.663899	0.480843	0.931097	0.526504	0.118602	0.287110	0.720508	
4606000	-460.617765	1	1785	0.648003	0.044271	0.648003	0.648003	0.648003	0.648003	0.648003	0.000000	1	0.245619	0.249990	0.249951	0.254440	0.504039	0.720904	0.867145	0.470696	0.577512	0.826625	0.998281	0.762850	
4607000	-460.974065	1	2195	0.688323	0.008945	0.688323	0.688323	0.688323	0.000000	0.688323	0.008945	1	0.258651	0.266995	0.199813	0.274541	0.507774	0.163847	0.768350	0.200072	0.310683	0.050948	0.582198	0.021887	
4608000	-460.691726	1	3564	0.610473	0.041617	0.610473	0.610473	0.610473	0.610473	0.610473	0.000000	1	0.243780	0.250010	0.249891	0.256319	0.587463	0.002418	0.759851	0.668558	0.093147	0.014669	0.436292	0.352914	
4609000	-464.743117	1	3326	0.613873	0.026869	0.613873	0.613873	0.613873	0.000000	0.613873	0.000000	0	0.255900	0.277105	0.170067	0.296927	0.632908	0.979405	0.788875	0.971449	0.503855	0.928978	0.119921	0.783956	
4610000	-460.601427	1	2080	0.649933	0.042192	0.649933	0.649933	0.649933	0.649933	0.649933	0.000000	1	0.245681	0.249986	0.249970	0.254363	0.253829	0.432281	0.584250	0.463665	0.119421	0.218364	0.061947	0.826616	
4611000	-460.787644	1	2991	0.693577	0.044318	0.693577	0.693577	0.693577	0.693577	0.693577	0.000000	1	0.247117	0.249983	0.249991	0.252908	0.872736	0.323503	0.807607	0.692568	0.505936	0.306036	0.353162	0.280400	
4612000	-460.720091	1	1008	0.586312	0.015005	0.586312	0.586312	0.586312	0.586312	0.586312	0.015005	1	0.235669	0.250035	0.249653	0.264643	0.814343	0.619531	0.983605	0.325460	0.434528	0.100868	0.762795	0.206398	
4613000	-460.944976	1	3486	0.655672	0.000000	0.655672	0.655672	0.655672	0.655672	0.655672	0.033520	1	0.239070	0.250043	0.249960	0.260927	0.545862	0.243524	0.237361	0.041680	0.638572	0.449282	0.825417	0.368553	
4614000	-461.336600	1	3639	0.649556	0.022419	0.649556	0.649556	0.649556	0.000000	0.649556	0.000000	1	0.256422	0.272810	0.182500	0.288268	0.595396	0.703649	0.060081	0.563672	0.751522	0.971316	0.198351	0.175572	
4615000	-460.587802	1	1182	0.640717	0.036828	0.640717	0.640717	0.640717	0.640717	0.640717	0.000000	1	0.245251	0.249977	0.250014	0.254758	0.211018	0.502947	0.381165	0.332577	0.806489	0.650931	0.520232	0.098138	
4616000	-461.620930	1	1741	0.553268	0.053579	0.553268	0.553268	0.553268	0.553268	0.553268	0.000000	1	0.239613	0.250213	0.249191	0.260983	0.019506	0.934221	0.806627	0.072706	0.782271	0.190126	0.676388	0.651514	
4617000	-462.129651	1	1807	0.685638	0.003932	0.685638	0.685638	0.003932	0.000000	0.685638	0.003932	1	0.323553	0.334262	0.000018	0.342167	0.174227	0.333288	0.653732	0.999338	0.437026	0.673917	0.452121	0.938301	
4618000	-461.185544	1	915	0.592537	0.058768	0.592537	0.592537	0.592537	0.592537	0.592537	0.000000	1	0.242805	0.250077	0.249586	0.257532	0.483151	0.337326	0.443508	0.731625	0.947716	0.382865	0.806314	0.138660	
4619000	-460.647841	1	3440	0.669173	0.035819	0.669173	0.669173	0.669173	0.669173	0.669173	0.000000	1	0.246335	0.249972	0.250035	0.253657	0.153723	0.388151	0.893779	0.670291	0.010951	0.891084	0.000614	0.778402	
4620000	-460.942043	1	1899	0.610507	0.000000	0.610507	0.610507	0.610507	0.610507	0.610507	0.027505	1	0.234067	0.250028	0.249867	0.266038	0.119169	0.091864	0.628164	0.748781	0.115278	0.380456	0.474206	0.648720	
4621000	-460.882196	1	3227	0.642234	0.008900	0.642234	0.642234	0.642234	0.008900	0.642234	0.008900	1	0.258909	0.271192	0.187436	0.282463	0.560200	0.425366	0.245133	0.608736	0.876699	0.715373	0.088579	0.521087	
4622000	-461.026139	1	3139	0.611486	0.000000	0.611486	0.611486	0.611486	0.611486	0.611486	0.035445	1	0.234752	0.250097	0.249791	0.265360	0.193860	0.976529	0.944856	0.673714	0.320110	0.661437	0.105644	0.649398	
4623000	-461.867647	1	2099	0.665548	0.000000	0.665548	0.665548	0.000000	0.665548	0.665548	0.027815	1	0.254060	0.258318	0.225904	0.261718	0.021739	0.602560	0.391719	0.428234	0.181074	0.989118	0.749915	0.653492	
4624000	-461.376472	1	3610	0.568078	0.010623	0.568078	0.568078	0.000000	0.568078	0.568078	0.010623	1	0.247053	0.262996	0.211998	0.277954	0.728875	0.996069	0.088870	0.687893	0.036078	0.793178	0.916627	0.982079	
4625000	-464.598788	1	1027	0.624727	0.000000	0.624727	0.624727	0.624727	0.624727	0.624727	0.034560	0	0.235301	0.249991	0.250078	0.264630	0.575423	0.262737	0.534748	0.384046	0.345721	0.938346	0.128646	0.181893	
4626000	-461.407408	1	1630	0.635231	0.005355	0.635231	0.635231	0.635231	0.000000	0.635231	0.005355	1	0.259975	0.272682	0.182542	0.284800	0.557634	0.228608	0.204574	0.082897	0.918663	0.871609	0.246198	0.501006	
4627000	-462.618246	1	3734	0.583442	0.003429	0.583442	0.583442	0.000000	0.000000	0.583442	0.003429	1	0.311267	0.334246	0.000000	0.354487	0.577166	0.497969	0.654114	0.063140	0.805123	0.050839	0.519129	0.691551	
4628000	-462.193136	1	3444	0.562355	0.017788	0.562355	0.562355	0.562355	0.000000	0.562355	0.017788	1	0.258015	0.283984	0.151804	0.306197	0.254074	0.060832	0.514006	0.282660	0.465010	0.527185	0.997371	0.478655	
4629000	-464.065273	1	3114	0.589874	0.023518	0.589874	0.589874	0.589874	0.589874	0.589874	0.023518	0	0.237946	0.250072	0.249660	0.262322	0.916735	0.271641	0.880698	0.298649	0.112237	0.662156	0.638302	0.377631	
4630000	-461.285539	1	559	0.590279	0.007610	0.590279	0.590279	0.590279	0.007610	0.590279	0.007610	1	0.259028	0.277920	0.167329	0.295723	0.652783	0.832904	0.706888	0.465109	0.996671	0.140656	0.156557	0.397130	
4631000	-461.146734	1	3889	0.626096	0.000000	0.626096	0.626096	0.626096	0.626096	0.626096	0.041753	1	0.236755	0.250114	0.249835	0.263297	0.787263	0.588998	0.283615	0.163940	0.393552	0.038614	0.191301	0.552572	
4632000	-460.857267	1	1563	0.600227	0.027858	0.600227	0.600227	0.600227	0.600227	0.600227	0.000000	1	0.242958	0.249937	0.250184	0.256921	0.293158	0.857069	0.183181	0.555174	0.976890	0.970550	0.250820	0.340872	
4633000	-461.400956	1	1070	0.617868	0.071266	0.617868	0.617868	0.617868	0.617868	0.617868	0.000000	1	0.244363	0.250037	0.249675	0.255924	0.818162	0.320587	0.649597	0.278305	0.434828	0.620713	0.876447	0.937400	
4634000	-461.489763	1	3230	0.764423	0.008948	0.764423	0.764423	0.000000	0.764423	0.764423	0.008948	1	0.249340	0.252329	0.243130	0.255202	0.776049	0.599664	0.825219	0.986895	0.031934	0.946364	0.538729	0.142877	
4635000	-460.943541	1	707	0.656394	0.013908	0.656394	0.656394	0.656394	0.013908	0.656394	0.013908	1	0.258090	0.269384	0.193345	0.279181	0.781456	0.468984	0.113112	0.326758	0.796589	0.534083	0.192402	0.331891	
4636000	-461.023581	1	3934	0.600109	0.008560	0.600109	0.600109	0.000000	0.600109	0.600109	0.008560	1	0.247731	0.260186	0.219999	0.272083	0.441777	0.449370	0.297895	0.816550	0.270685	0.427920	0.967309	0.268748	
4637000	-461.781344	1	476	0.683536	0.000000	0.683536	0.683536	0.683536	0.683536	0.683536	0.013499	1	0.240399	0.249917	0.250190	0.259495	0.864862	0.687194	0.053216	0.067604	0.198409	0.248333	0.745265	0.441321	
4638000	-461.220884	1	2003	0.654914	0.000000	0.654914	0.654914	0.654914	0.654914	0.654914	0.044386	1	0.239528	0.250087	0.249927	0.260458	0.852193	0.320172	0.462604	0.129854	0.242709	0.133244	0.904570	0.254219	
4639000	-460.928157	1	3545	0.637243	0.027414	0.637243	0.637243	0.637243	0.637243	0.637243	0.027414	1	0.241427	0.250053	0.249770	0.258749	0.922773	0.272881	0.536132	0.995979	0.238556	0.506967	0.604177	0.027990	
4640000	-461.373094	1	1714	0.747920	0.050664	0.747920	0.747920	0.747920	0.747920	0.747920	0.000000	1	0.248260	0.249987	0.249991	0.251761	0.411454	0.608484	0.817872	0.716787	0.909266	0.557930	0.702936	0.844501	
4641000	-460.587944	1	1554	0.641517	0.039950	0.641517	0.641517	0.641517	0.641517	0.641517	0.000000	1	0.245314	0.249984	0.249980	0.254721	0.377239	0.922269	0.461946	0.256624	0.286217	0.922610	0.601619	0.032504	
4642000	-465.044921	1	3941	0.624531	0.007481	0.624531	0.624531	0.000000	0.624531	0.624531	0.007481	0	0.249236	0.258465	0.225025	0.267273	0.016921	0.683702	0.828484	0.555927	0.459445	0.295175	0.854712	0.614893	
4643000	-464.486446	1	3476	0.570295	0.029199	0.570295	0.570295	0.570295	0.570295	0.570295	0.029199	0	0.236507	0.250193	0.249315	0.263984	0.038743	0.395441	0.335586	0.589802	0.773177	0.886076	0.593795	0.340296	
4644000	-460.956541	1	302	0.581012	0.041861	0.581012	0.581012	0.581012	0.581012	0.581012	0.000000	1	0.241844	0.250060	0.249739	0.258357	0.959552	0.906908	0.543732	0.755506	0.502467	0.599471	0.887397	0.933075	
4645000	-460.823226	1	2572	0.618956	0.052747	0.618956	0.618956	0.618956	0.618956	0.618956	0.000000	1	0.244337	0.250023	0.249802	0.255838	0.673110	0.869834	0.794990	0.014697	0.069391	0.473912	0.483965	0.885466	
4646000	-463.777532	1	336	0.646016	0.059262	0.646016	0.646016	0.646016	0.646016	0.646016	0.000000	0	0.247230	0.250017	0.249939	0.252814	0.979926	0.640438	0.931782	0.811489	0.323717	0.993763	0.292857	0.032521	
4647000	-461.671161	1	2453	0.765850	0.013929	0.765850	0.765850	0.765850	0.765850	0.765850	0.013929	1	0.246722	0.249990	0.250014	0.253274	0.094109	0.617966	0.040893	0.605993	0.973775	0.449157	0.942069	0.989861	
4648000	-460.822811	1	1976	0.590614	0.021664	0.590614	0.590614	0.590614	0.590614	0.590614	0.021664	1	0.236889	0.250106	0.249507	0.263498	0.319217	0.504394	0.109246	0.797602	0.650784	0.174631	0.549323	0.107156	
4649000	-461.132323	1	1730	0.591372	0.000000	0.591372	0.591372	0.591372	0.591372	0.591372	0.033801	1	0.232103	0.250117	0.249663	0.268117	0.048692	0.055158	0.871177	0.451622	0.090022	0.241750	0.987941	0.206848	
4650000	-461.221683	1	3450	0.661785	0.069206	0.661785	0.661785	0.661785	0.661785	0.661785	0.000000	1	0.246254	0.249999	0.249861	0.253887	0.713728	0.707881	0.781714	0.169241	0.306231	0.912196	0.095996	0.296261	
4651000	-462.258100	1	2337	0.602093	0.010935	0.602093	0.602093	0.602093	0.000000	0.602093	0.000000	1	0.259604	0.276827	0.170073	0.293496	0.206157	0.062854	0.295289	0.978181	0.945150	0.723118	0.684972	0.701522	
4652000	-462.753552	1	2334	0.816410	0.019516	0.816410	0.816410	0.816410	0.019516	0.816410	0.019516	1	0.253864	0.256839	0.230100	0.259197	0.549754	0.495557	0.958294	0.448064	0.640494	0.792609	0.698784	0.232084	
4653000	-461.123027	1	310	0.639159	0.065903	0.639159	0.639159	0.639159	0.639159	0.639159	0.000000	1	0.245364	0.250012	0.249803	0.254822	0.369756	0.109970	0.282209	0.698786	0.486343	0.649260	0.274957	0.033134	
4654000	-460.532803	1	2430	0.645122	0.019704	0.645122	0.645122	0.645122	0.645122	0.645122	0.019704	1	0.241455	0.250017	0.249865	0.258663	0.851743	0.870061	0.821618	0.964533	0.589286	0.361806	0.391547	0.878350	
4655000	-461.464058	1	3938	0.643009	0.017355	0.643009	0.643009	0.643009	0.000000	0.643009	0.000000	1	0.257703	0.272717	0.182602	0.286978	0.948362	0.750392	0.457763	0.185555	0.918643	0.198433	0.935684	0.811836	
4656000	-460.884463	1	1608	0.581700	0.021014	0.581700	0.581700	0.581700	0.581700	0.581700	0.021014	1	0.235843	0.250124	0.249422	0.264611	0.933098	0.091571	0.878343	0.481403	0.676190	0.297006	0.597670	0.445159	
4657000	-460.901971	1	2590	0.676436	0.025759	0.676436	0.676436	0.676436	0.676436	0.676436	0.000000	1	0.246481	0.249946	0.250142	0.253432	0.566187	0.772139	0.621896	0.459430	0.513370	0.811400	0.605160	0.421691	
4658000	-461.103256	1	1958	0.686190	0.007339	0.686190	0.686190	0.686190	0.007339	0.686190	0.007339	1	0.258146	0.266474	0.201198	0.274181	0.537351	0.400158	0.576326	0.578956	0.265569	0.419119	0.265891	0.159927	
4659000	-462.427234	1	2838	0.727691	0.013210	0.727691	0.727691	0.727691	0.727691	0.727691	0.000000	1	0.247675	0.249918	0.250244	0.252163	0.148870	0.067798	0.623596	0.574551	0.798025	0.183511	0.772594	0.862354	
4660000	-460.657576	1	1102	0.666582	0.033725	0.666582	0.666582	0.666582	0.666582	0.666582	0.000000	1	0.246230	0.249967	0.250055	0.253748	0.057720	0.362271	0.761289	0.060024	0.073374	0.020426	0.089171	0.940354	
4661000	-460.750525	1	3849	0.639556	0.052364	0.639556	0.639556	0.639556	0.639556	0.639556	0.000000	1	0.245318	0.250004	0.249876	0.254802	0.565337	0.069941	0.386708	0.735934	0.379223	0.292400	0.556473	0.110693	
4662000	-461.107291	1	2139	0.587915	0.000000	0.587915	0.587915	0.587915	0.587915	0.587915	0.025207	1	0.230877	0.250015	0.249775	0.269334	0.121755	0.884889	0.325723	0.162535	0.174551	0.726898	0.023018	0.101496	
4663000	-460.681263	1	2068	0.661072	0.012104	0.661072	0.661072	0.012104	0.661072	0.661072	0.012104	1	0.249300	0.256267	0.231687	0.262747	0.253075	0.384387	0.096197	0.690155	0.962713	0.509242	0.951255	0.469195	
4664000	-461.489451	1	2716	0.568404	0.000000	0.568404	0.568404	0.568404	0.568404	0.568404	0.037234	1	0.229096	0.250221	0.249367	0.271316	0.877636	0.212041	0.922754	0.827961	0.296489	0.431593	0.427446	0.999181	
4665000	-460.761648	1	3478	0.626484	0.010821	0.626484	0.626484	0.000000	0.626484	0.626484	0.010821	1	0.249276	0.258883	0.223986	0.267855	0.203291	0.777686	0.999660	0.238623	0.308413	0.189783	0.203487	0.867003	
4666000	-461.137180	1	3686	0.601697	0.015118	0.601697	0.601697	0.000000	0.601697	0.601697	0.015118	1	0.250037	0.261244	0.217485	0.271234	0.219251	0.026392	0.918932	0.973893	0.627234	0.836086	0.699315	0.695272	
4667000	-462.111161	1	3988	0.802522	0.012552	0.802522	0.802522	0.802522	0.000000	0.802522	0.012552	1	0.255017	0.258248	0.225742	0.260994	0.435109	0.125044	0.601651	0.309420	0.612312	0.604640	0.699304	0.271471	
4668000	-460.871517	1	949	0.630702	0.010709	0.630702	0.630702	0.630702	0.010709	0.630702	0.010709	1	0.258774	0.272510	0.183805	0.284911	0.331312	0.109651	0.157399	0.399867	0.770267	0.430036	0.718961	0.812455	
4669000	-461.839081	1	1875	0.560457	0.016145	0.560457	0.560457	0.000000	0.560457	0.560457	0.016145	1	0.248844	0.264651	0.207914	0.278591	0.132987	0.165638	0.680576	0.404404	0.474613	0.724488	0.566699	0.110945	
4670000	-462.152298	1	1838	0.723046	0.000000	0.723046	0.723046	0.000000	0.723046	0.723046	0.030978	1	0.253617	0.255706	0.233446	0.257231	0.974586	0.096851	0.144390	0.066954	0.507236	0.962555	0.710930	0.051793	
4671000	-461.436874	1	3790	0.627914	0.016213	0.627914	0.627914	0.627914	0.627914	0.627914	0.000000	1	0.244279	0.249789	0.250662	0.255270	0.297573	0.079284	0.042436	0.218794	0.951367	0.082024	0.995329	0.517454	
4672000	-461.290145	1	801	0.589952	0.000000	0.589952	0.589952	0.589952	0.589952	0.589952	0.039258	1	0.232366	0.250173	0.249603	0.267858	0.034356	0.384027	0.726646	0.194454	0.862835	0.411321	0.107049	0.925470	
4673000	-461.365582	1	1486	0.717956	0.000000	0.717956	0.717956	0.717956	0.717956	0.717956	0.033005	1	0.243312	0.250021	0.250018	0.256649	0.651756	0.457938	0.206714	0.309926	0.034730	0.426200	0.946521	0.545343	
4674000	-461.384513	1	3512	0.685814	0.031467	0.685814	0.685814	0.685814	0.031467	0.685814	0.000000	1	0.252864	0.266733	0.200720	0.279682	0.156453	0.883326	0.181059	0.191458	0.920987	0.838282	0.891922	0.904651	
4675000	-461.023581	1	3934	0.600109	0.008560	0.600109	0.600109	0.000000	0.600109	0.600109	0.008560	1	0.247731	0.260186	0.219999	0.272083	0.583564	0.319651	0.499675	0.201205	0.605233	0.092242	0.670271	0.251926	
4676000	-461.277569	1	1607	0.562443	0.023409	0.562443	0.562443	0.562443	0.562443	0.562443	0.023409	1	0.233806	0.250224	0.249088	0.266882	0.205337	0.101402	0.170798	0.313760	0.804380	0.983289	0.743576	0.144250	
4677000	-462.359949	1	1780	0.699896	0.023720	0.699896	0.699896	0.023720	0.023720	0.699896	0.000000	1	0.295774	0.334203	0.002605	0.367419	0.105435	0.327121	0.941143	0.016786	0.439283	0.386338	0.924561	0.345256	
4678000	-460.640039	1	736	0.662776	0.044171	0.662776	0.662776	0.662776	0.662776	0.662776	0.000000	1	0.246176	0.249985	0.249971	0.253868	0.605274	0.201765	0.536818	0.935479	0.847774	0.504021	0.210191	0.999470	
4679000	-460.763411	1	1397	0.690680	0.043596	0.690680	0.690680	0.690680	0.690680	0.690680	0.000000	1	0.247036	0.249982	0.249993	0.252988	0.034329	0.511395	0.489202	0.818914	0.182387	0.038348	0.290377	0.015921	
4680000	-460.928157	1	3545	0.637243	0.027414	0.637243	0.637243	0.637243	0.637243	0.637243	0.027414	1	0.241427	0.250053	0.249770	0.258749	0.446411	0.764665	0.722315	0.692351	0.227909	0.741594	0.182052	0.150531	
4681000	-460.760640	1	3835	0.602569	0.043258	0.602569	0.602569	0.602569	0.602569	0.602569	0.000000	1	0.243327	0.250025	0.249836	0.256812	0.095323	0.032778	0.013476	0.788978	0.430271	0.172107	0.641098	0.866749	
4682000	-461.022455	1	289	0.584924	0.026759	0.584924	0.584924	0.584924	0.584924	0.584924	0.000000	1	0.241869	0.249930	0.250227	0.257974	0.571152	0.480650	0.681716	0.797371	0.549499	0.402941	0.137490	0.574143	
4683000	-461.137180	1	3686	0.601697	0.015118	0.601697	0.601697	0.000000	0.601697	0.601697	0.015118	1	0.250037	0.261244	0.217485	0.271234	0.503324	0.448394	0.849317	0.030666	0.688115	0.297672	0.706916	0.299609	
4684000	-461.411883	1	3395	0.655570	0.029499	0.655570	0.655570	0.655570	0.000000	0.655570	0.000000	1	0.254737	0.273269	0.181366	0.290628	0.771937	0.050673	0.792957	0.306315	0.966652	0.719802	0.168816	0.343732	
4685000	-460.574949	1	2681	0.609432	0.018531	0.609432	0.609432	0.609432	0.609432	0.609432	0.018531	1	0.238452	0.250043	0.249720	0.261785	0.129766	0.840747	0.492537	0.494305	0.402924	0.191202	0.747527	0.039103	
4686000	-461.664352	1	3256	0.700170	0.014992	0.700170	0.700170	0.700170	0.000000	0.700170	0.000000	1	0.257268	0.265902	0.202788	0.274041	0.471556	0.525665	0.881157	0.167275	0.332651	0.669673	0.145464	0.193758	
4687000	-461.132786	1	161	0.636202	0.007955	0.636202	0.636202	0.636202	0.636202	0.636202	0.007955	1	0.239820	0.249879	0.250223	0.260079	0.639004	0.555862	0.886571	0.196249	0.484771	0.063723	0.479075	0.462150	
4688000	-461.388841	1	1494	0.583463	0.015998	0.583463	0.583463	0.015998	0.583463	0.583463	0.015998	1	0.248326	0.261244	0.217625	0.272804	0.783266	0.372135	0.103891	0.671496	0.497193	0.906421	0.061701	0.329900	
4689000	-461.815343	1	2249	0.680373	0.084124	0.680373	0.680373	0.680373	0.680373	0.680373	0.000000	1	0.246881	0.249991	0.249870	0.253258	0.451949	0.523518	0.158704	0.155860	0.341453	0.676916	0.435881	0.788852	
4690000	-461.724553	1	1259	0.582604	0.006298	0.582604	0.582604	0.582604	0.582604	0.582604	0.006298	1	0.233936	0.249685	0.250604	0.265775	0.685701	0.487943	0.015141	0.703662	0.859355	0.214091	0.104086	0.651512	
4691000	-460.952039	1	2998	0.653926	0.060734	0.653926	0.653926	0.653926	0.653926	0.653926	0.000000	1	0.245940	0.250001	0.249871	0.254189	0.082759	0.048701	0.445773	0.847265	0.581068	0.263764	0.732115	0.462425	
4692000	-461.161259	1	3607	0.591811	0.000000	0.591811	0.591811	0.591811	0.591811	0.591811	0.035307	1	0.232287	0.250131	0.249652	0.267930	0.048826	0.364653	0.245141	0.402353	0.000681	0.295726	0.812240	0.906839	
4693000	-460.782374	1	43	0.640414	0.026046	0.640414	0.640414	0.640414	0.640414	0.640414	0.000000	1	0.245107	0.249929	0.250195	0.254768	0.129105	0.892983	0.150045	0.855452	0.836911	0.926751	0.495308	0.076755	
4694000	-460.754790	1	3832	0.603163	0.031981	0.603163	0.603163	0.603163	0.603163	0.603163	0.000000	1	0.243219	0.249970	0.250060	0.256751	0.150522	0.635853	0.141105	0.487352	0.163691	0.740947	0.298453	0.031694	
4695000	-460.854991	1	383	0.660433	0.010223	0.660433	0.660433	0.660433	0.660433	0.660433	0.010223	1	0.241843	0.249943	0.250080	0.258133	0.743717	0.905475	0.801263	0.982396	0.573660	0.831413	0.979096	0.489291	
4696000	-462.651375	1	955	0.781152	0.000000	0.781152	0.781152	0.781152	0.781152	0.781152	0.017846	1	0.245723	0.249992	0.250043	0.254243	0.258667	0.383417	0.452819	0.408129	0.423619	0.861331	0.695465	0.739377	
4697000	-461.583979	1	1251	0.611721	0.015282	0.611721	0.611721	0.611721	0.611721	0.611721	0.000000	1	0.243314	0.249720	0.250891	0.256076	0.998557	0.422129	0.334343	0.544421	0.118736	0.579265	0.791556	0.002197	
4698000	-462.047749	1	2737	0.552047	0.000000	0.552047	0.552047	0.552047	0.552047	0.552047	0.044585	1	0.227260	0.250395	0.249014	0.273330	0.755143	0.396645	0.075922	0.522073	0.546530	0.924301	0.203933	0.117927	
4699000	-461.280605	1	1379	0.702819	0.000000	0.702819	0.702819	0.702819	0.702819	0.702819	0.037484	1	0.242597	0.250035	0.250005	0.257363	0.024166	0.675286	0.270654	0.394412	0.283255	0.454777	0.846546	0.195700	
4700000	-461.920025	1	1556	0.758931	0.006352	0.758931	0.758931	0.758931	0.000000	0.758931	0.006352	1	0.256283	0.260717	0.218177	0.264823	0.452774	0.265937	0.516111	0.484107	0.354666	0.745470	0.939892	0.527822	
4701000	-461.030077	1	1592	0.563745	0.013220	0.563745	0.563745	0.563745	0.563745	0.563745	0.013220	1	0.232576	0.250041	0.249515	0.267868	0.231615	0.600562	0.181526	0.312042	0.711348	0.640289	0.495941	0.880001	
4702000	-462.559679	1	1970	0.560243	0.000000	0.560243	0.560243	0.020420	0.560243	0.560243	0.020420	1	0.246528	0.262135	0.214872	0.276465	0.199018	0.835078	0.726046	0.763397	0.659211	0.809808	0.095357	0.067414	
4703000	-460.877370	1	3690	0.652031	0.009770	0.652031	0.652031	0.652031	0.652031	0.652031	0.009770	1	0.241220	0.249932	0.250099	0.258748	0.165412	0.131383	0.771983	0.138633	0.469960	0.823095	0.681404	0.873545	
4704000	-462.124295	1	3143	0.696318	0.004150	0.696318	0.696318	0.004150	0.004150	0.696318	0.004150	1	0.324318	0.334269	0.000085	0.341328	0.796717	0.078865	0.577122	0.051467	0.180177	0.544074	0.950664	0.471706	
4705000	-462.880990	1	3069	0.813867	0.000000	0.813867	0.813867	0.000000	0.813867	0.813867	0.020822	1	0.249364	0.251348	0.246058	0.253229	0.477190	0.984701	0.532630	0.750760	0.568106	0.487897	0.826037	0.581743	
4706000	-460.970945	1	2691	0.668438	0.000000	0.668438	0.668438	0.668438	0.668438	0.668438	0.027359	1	0.239839	0.250010	0.250011	0.260140	0.363158	0.001340	0.017561	0.961016	0.391730	0.891957	0.751382	0.571569	
4707000	-461.678965	1	90	0.568606	0.000000	0.568606	0.568606	0.568606	0.568606	0.568606	0.015822	1	0.226834	0.249777	0.250097	0.273292	0.297820	0.779611	0.927030	0.125856	0.298452	0.820876	0.388818	0.501703	
4708000	-460.932452	1	3277	0.691689	0.054943	0.691689	0.691689	0.691689	0.691689	0.691689	0.000000	1	0.247115	0.249988	0.249953	0.252943	0.573072	0.621344	0.303132	0.044692	0.080604	0.718719	0.036427	0.594114	
4709000	-464.126642	1	1320	0.585998	0.063371	0.585998	0.585998	0.585998	0.585998	0.585998	0.000000	0	0.244843	0.250129	0.249653	0.255375	0.504497	0.787572	0.715508	0.585128	0.768255	0.276387	0.816827	0.951538	
4710000	-461.502711	1	3785	0.600079	0.016611	0.600079	0.600079	0.600079	0.600079	0.600079	0.000000	1	0.242615	0.249730	0.250867	0.256787	0.141717	0.300217	0.363954	0.688630	0.111376	0.044643	0.984761	0.200639	
4711000	-461.307029	1	3375	0.741660	0.014229	0.741660	0.741660	0.741660	0.741660	0.741660	0.014229	1	0.245994	0.249988	0.250014	0.254004	0.959803	0.154373	0.371850	0.692911	0.028263	0.057512	0.886472	0.278556	
4712000	-460.705947	1	2750	0.655700	0.029217	0.655700	0.655700	0.655700	0.655700	0.655700	0.000000	1	0.245787	0.249951	0.250116	0.254146	0.880151	0.923854	0.263041	0.260973	0.943560	0.236183	0.575865	0.456979	
4713000	-460.526495	1	1179	0.614928	0.016760	0.614928	0.614928	0.614928	0.614928	0.614928	0.016760	1	0.238795	0.250020	0.249790	0.261394	0.586276	0.339300	0.957600	0.143409	0.803465	0.273203	0.219157	0.997199	
4714000	-460.632422	1	2738	0.676091	0.019343	0.677250	0.676091	0.676091	0.676091	0.676091	0.019343	1	0.243291	0.249996	0.249944	0.256768	0.239349	0.800351	0.402433	0.896180	0.450334	0.164470	0.702243	0.101654	
4715000	-462.187093	1	253	0.722273	0.087882	0.722273	0.722273	0.722273	0.722273	0.722273	0.000000	1	0.247893	0.249986	0.249931	0.252189	0.567782	0.699881	0.635316	0.156595	0.631808	0.170096	0.592464	0.296858	
4716000	-461.440750	1	3039	0.652445	0.030267	0.652445	0.652445	0.652445	0.000000	0.652445	0.000000	1	0.254480	0.273794	0.179829	0.291897	0.808513	0.427834	0.646588	0.425831	0.039964	0.215143	0.751505	0.255059	
4717000	-464.025746	1	275	0.631773	0.071847	0.631773	0.631773	0.631773	0.631773	0.631773	0.000000	0	0.246764	0.250042	0.249835	0.253359	0.416835	0.012918	0.537381	0.341767	0.523814	0.589796	0.362066	0.319211	
4718000	-460.746339	1	3620	0.615885	0.028740	0.615885	0.615885	0.615885	0.615885	0.615885	0.000000	1	0.243917	0.249943	0.250153	0.255987	0.957895	0.054971	0.201025	0.147698	0.077722	0.580372	0.577772	0.423910	
4719000	-461.132154	1	190	0.568421	0.031041	0.568421	0.568421	0.568421	0.568421	0.568421	0.000000	1	0.240653	0.250006	0.249990	0.259351	0.952122	0.501814	0.933407	0.778054	0.323295	0.501239	0.154746	0.271296	
4720000	-460.918164	1	1437	0.682030	0.009584	0.682030	0.682030	0.682030	0.000000	0.682030	0.009584	1	0.258818	0.267676	0.197871	0.275635	0.720463	0.187452	0.747121	0.488998	0.106515	0.268801	0.112192	0.465685	
4721000	-460.977833	1	304	0.609467	0.056672	0.609467	0.609467	0.609467	0.609467	0.609467	0.000000	1	0.243840	0.250041	0.249722	0.256397	0.426178	0.087219	0.615475	0.403166	0.491548	0.425159	0.756829	0.753888	
4722000	-461.961215	1	2418	0.693703	0.015754	0.693703	0.693703	0.000000	0.015754	0.693703	0.000000	1	0.304707	0.334569	0.000352	0.360371	0.297405	0.956731	0.295848	0.730355	0.207275	0.481127	0.408325	0.407291	
4723000	-461.545189	1	1082	0.741608	0.025104	0.741608	0.741608	0.741608	0.741608	0.741608	0.000000	1	0.248048	0.249971	0.250068	0.251913	0.839027	0.827849	0.010270	0.376282	0.780849	0.440784	0.136751	0.912780	
4724000	-460.884465	1	628	0.586496	0.033125	0.586496	0.586496	0.586496	0.586496	0.586496	0.000000	1	0.242117	0.249996	0.249988	0.257899	0.539655	0.680045	0.034366	0.960017	0.008275	0.418815	0.797558	0.654551	
4725000	-460.980276	1	3680	0.616832	0.000000	0.616832	0.616832	0.616832	0.616832	0.616832	0.022726	1	0.234483	0.249972	0.249974	0.265570	0.352076	0.951931	0.162223	0.080912	0.343058	0.492381	0.336706	0.146017	
4726000	-461.015812	1	1924	0.610793	0.009064	0.610793	0.610793	0.610793	0.000000	0.610793	0.009064	1	0.259949	0.276129	0.172906	0.291016	0.757014	0.925579	0.765776	0.496313	0.268934	0.524478	0.475716	0.868707	
4727000	-460.839426	1	33	0.705831	0.010774	0.705831	0.705831	0.010774	0.705831	0.705831	0.010774	1	0.249332	0.254154	0.237808	0.258706	0.894421	0.687145	0.268851	0.560756	0.547206	0.546364	0.100960	0.053960	
4728000	-462.658259	1	1739	0.765952	0.051136	0.765952	0.765952	0.765952	0.051136	0.765952	0.000000	1	0.250558	0.260490	0.219393	0.269559	0.559139	0.084982	0.750264	0.953954	0.924190	0.054475	0.012325	0.189937	
4729000	-461.695809	1	462	0.746757	0.029107	0.746757	0.746757	0.746757	0.746757	0.746757	0.029107	1	0.246595	0.250004	0.249975	0.253426	0.554125	0.554238	0.905973	0.080481	0.326516	0.193573	0.031886	0.560498	
4730000	-461.779960	1	1799	0.633163	0.036796	0.633163	0.633163	0.633163	0.000000	0.633163	0.000000	1	0.251936	0.277481	0.169035	0.301548	0.712384	0.272853	0.768342	0.625769	0.753263	0.337749	0.105290	0.019691	
4731000	-460.803795	1	3674	0.637572	0.025556	0.637572	0.637572	0.637572	0.637572	0.637572	0.025556	1	0.241324	0.250047	0.249784	0.258845	0.958489	0.858706	0.906192	0.142676	0.425049	0.705981	0.433146	0.791887	
4732000	-462.471143	1	815	0.583323	0.043077	0.583323	0.583323	0.583323	0.043077	0.583323	0.000000	1	0.243279	0.279367	0.162980	0.314374	0.230939	0.160844	0.692275	0.614560	0.744498	0.218188	0.238772	0.811193	
4733000	-460.865061	1	1599	0.651530	0.009367	0.651530	0.651530	0.651530	0.000000	0.651530	0.009367	1	0.259554	0.271027	0.187985	0.281435	0.410825	0.837063	0.763742	0.812271	0.255268	0.262022	0.475694	0.986126	
4734000	-460.675468	1	492	0.615421	0.032820	0.615421	0.615421	0.615421	0.615421	0.615421	0.000000	1	0.243954	0.249969	0.250055	0.256022	0.662898	0.865986	0.930822	0.260491	0.636667	0.041696	0.616835	0.991646	
4735000	-461.163303	1	211	0.706302	0.060738	0.706302	0.706302	0.706302	0.706302	0.706302	0.000000	1	0.247496	0.249988	0.249953	0.252563	0.061514	0.889506	0.672280	0.110584	0.883405	0.532570	0.057009	0.064590	
4736000	-461.197995	1	2990	0.660744	0.068533	0.660744	0.660744	0.660744	0.660744	0.660744	0.000000	1	0.246216	0.249999	0.249860	0.253925	0.783727	0.856097	0.060523	0.071147	0.867947	0.051037	0.393701	0.746802	
4737000	-461.243320	1	913	0.740388	0.035862	0.740388	0.740388	0.740388	0.740388	0.740388	0.000000	1	0.248082	0.249982	0.250023	0.251913	0.260113	0.205396	0.508456	0.344668	0.008973	0.175047	0.002609	0.268297	
4738000	-465.306981	1	940	0.659504	0.021200	0.659504	0.659504	0.021200	0.000000	0.659504	0.000000	0	0.293967	0.334872	0.000438	0.370723	0.296512	0.064274	0.802619	0.023738	0.345187	0.583857	0.761568	0.668406	
4739000	-462.236204	1	791	0.571968	0.079211	0.571968	0.571968	0.571968	0.571968	0.571968	0.000000	1	0.241355	0.250157	0.249172	0.259317	0.630571	0.315099	0.980919	0.718996	0.667563	0.237980	0.292085	0.074385	
4740000	-461.794702	1	781	0.588564	0.074439	0.588564	0.588564	0.588564	0.588564	0.588564	0.000000	1	0.242593	0.250099	0.249418	0.257890	0.820296	0.457971	0.626443	0.770129	0.403535	0.708787	0.886197	0.629464	
4741000	-461.253865	1	1089	0.677327	0.000000	0.677327	0.677327	0.677327	0.677327	0.677327	0.019228	1	0.240180	0.249963	0.250088	0.259769	0.525886	0.123784	0.143122	0.556185	0.107389	0.956515	0.851187	0.425571	
4742000	-461.525272	1	2451	0.732369	0.000000	0.732369	0.732369	0.732369	0.732369	0.732369	0.032332	1	0.244025	0.250017	0.250022	0.255935	0.022661	0.836306	0.537198	0.123742	0.821103	0.539435	0.926509	0.209088	
4743000	-461.137009	1	46	0.654084	0.000000	0.654084	0.654084	0.654084	0.654084	0.654084	0.019117	1	0.238194	0.249949	0.250094	0.261763	0.233300	0.316315	0.701589	0.013032	0.505399	0.217727	0.271801	0.519274	
4744000	-461.305332	1	588	0.740773	0.051796	0.740773	0.740773	0.740773	0.740773	0.740773	0.000000	1	0.248148	0.249987	0.249988	0.251877	0.167291	0.063339	0.240064	0.787320	0.403507	0.185000	0.581149	0.310510	
4745000	-461.692567	1	2165	0.540302	0.009643	0.540302	0.540302	0.540302	0.540302	0.540302	0.009643	1	0.228344	0.249938	0.249611	0.272107	0.133449	0.866679	0.772785	0.886203	0.778352	0.192431	0.524455	0.601384	
4746000	-460.692110	1	1967	0.664582	0.011302	0.664582	0.664582	0.000000	0.664582	0.664582	0.011302	1	0.249904	0.256759	0.230203	0.263134	0.177133	0.954752	0.652071	0.618548	0.837119	0.147417	0.787552	0.586954	
4747000	-464.608096	1	2799	0.795150	0.000000	0.795150	0.795150	0.000000	0.025333	0.795150	0.025333	1	0.352584	0.335264	0.000717	0.311434	0.969759	0.649048	0.847834	0.575404	0.226245	0.672814	0.926007	0.173539	
4748000	-460.803795	1	3674	0.637572	0.025556	0.637572	0.637572	0.637572	0.637572	0.637572	0.025556	1	0.241324	0.250047	0.249784	0.258845	0.776843	0.144959	0.485474	0.395132	0.861357	0.936273	0.720549	0.576142	
4749000	-462.187744	1	3530	0.581035	0.000000	0.581035	0.581035	0.019759	0.581035	0.581035	0.019759	1	0.246999	0.260412	0.219758	0.272831	0.824843	0.987405	0.714146	0.250166	0.515484	0.036326	0.068264	0.645095	
4750000	-460.755584	1	2275	0.583425	0.017541	0.583425	0.583425	0.583425	0.583425	0.583425	0.017541	1	0.235639	0.250079	0.249533	0.264750	0.890651	0.276824	0.885824	0.770346	0.216461	0.337734	0.760631	0.025587	
4751000	-460.810371	1	514	0.678669	0.014728	0.678669	0.678669	0.014728	0.678669	0.678669	0.014728	1	0.249881	0.255628	0.233643	0.260849	0.754371	0.392184	0.309917	0.022123	0.060946	0.226215	0.951436	0.913070	
4752000	-462.061409	1	3696	0.601995	0.003971	0.601995	0.601995	0.601995	0.000000	0.601995	0.003971	1	0.260216	0.276862	0.169822	0.293100	0.667646	0.240827	0.716972	0.222318	0.974109	0.223081	0.596529	0.625245	
4753000	-462.138225	1	1883	0.671054	0.049529	0.671054	0.671054	0.671054	0.049529	0.671054	0.000000	1	0.248384	0.268669	0.195318	0.287629	0.006001	0.875367	0.005584	0.061988	0.996416	0.203828	0.038184	0.899065	
4754000	-460.698617	1	2621	0.673871	0.033002	0.673871	0.673871	0.673871	0.673871	0.673871	0.000000	1	0.246467	0.249967	0.250060	0.253506	0.518474	0.366726	0.395503	0.525990	0.263338	0.507122	0.843080	0.987512	
4755000	-461.313299	1	2006	0.672661	0.028964	0.672661	0.672661	0.672661	0.028964	0.672661	0.000000	1	0.253300	0.267992	0.196938	0.281770	0.877829	0.444152	0.409503	0.877622	0.837820	0.602361	0.731612	0.587404	
4756000	-460.735393	1	1197	0.687752	0.041794	0.687752	0.687752	0.687752	0.687752	0.687752	0.000000	1	0.246946	0.249981	0.250000	0.253073	0.628031	0.804299	0.808848	0.460352	0.221329	0.539708	0.568058	0.221494	
4757000	-461.623981	1	997	0.613687	0.032029	0.613687	0.613687	0.613687	0.032029	0.613687	0.000000	1	0.250413	0.275058	0.175943	0.298586	0.172731	0.157428	0.974514	0.763240	0.597210	0.128568	0.592244	0.851559	
4758000	-461.030077	1	1592	0.563745	0.013220	0.563745	0.563745	0.563745	0.563745	0.563745	0.013220	1	0.232576	0.250041	0.249515	0.267868	0.618334	0.348331	0.660732	0.842039	0.014427	0.790712	0.524306	0.639547	
4759000	-460.547191	1	3559	0.637938	0.013503	0.637938	0.637938	0.637938	0.637938	0.637938	0.013503	1	0.240460	0.249976	0.249955	0.259609	0.934608	0.294238	0.497491	0.155739	0.624747	0.861515	0.200268	0.887748	
4760000	-460.660745	1	379	0.625266	0.045189	0.625266	0.625266	0.625266	0.625266	0.625266	0.000000	1	0.244604	0.250004	0.249894	0.255497	0.255620	0.275159	0.439026	0.865519	0.767440	0.149159	0.734627	0.328234	
4761000	-461.701337	1	35	0.612300	0.015656	0.612300	0.612300	0.612300	0.015656	0.612300	0.000000	1	0.256715	0.274428	0.177402	0.291455	0.881091	0.431973	0.047183	0.088258	0.457008	0.441818	0.593705	0.743009	
4762000	-461.128115	1	3816	0.641408	0.066196	0.641408	0.641408	0.641408	0.641408	0.641408	0.000000	1	0.245461	0.250011	0.249810	0.254719	0.979080	0.778931	0.881505	0.460518	0.839880	0.818348	0.165197	0.369498	
4763000	-460.494522	1	346	0.627597	0.015890	0.627597	0.627597	0.627597	0.627597	0.627597	0.015890	1	0.239822	0.250003	0.249866	0.260309	0.233201	0.855048	0.552780	0.640788	0.618881	0.352822	0.247995	0.777440	
4764000	-460.742180	1	1622	0.607957	0.044857	0.607957	0.607957	0.607957	0.607957	0.607957	0.000000	1	0.243666	0.250022	0.249837	0.256475	0.588010	0.588268	0.280427	0.610322	0.190792	0.359362	0.962590	0.498909	
4765000	-461.102395	1	636	0.738758	0.010970	0.738758	0.738758	0.010970	0.738758	0.738758	0.010970	1	0.249406	0.253019	0.241135	0.256440	0.665885	0.945460	0.223137	0.685819	0.989638	0.653598	0.618089	0.759847	
4766000	-462.259431	1	2528	0.649511	0.094665	0.649511	0.649511	0.649511	0.649511	0.649511	0.000000	1	0.245846	0.250002	0.249752	0.254399	0.351584	0.372269	0.597697	0.768783	0.272947	0.037554	0.141824	0.147036	
4767000	-460.828189	1	2730	0.632292	0.055122	0.632292	0.632292	0.632292	0.632292	0.632292	0.000000	1	0.245008	0.250012	0.249836	0.255144	0.785815	0.267245	0.392594	0.211114	0.514640	0.916034	0.404070	0.456380	
4768000	-462.386360	1	3184	0.617385	0.094059	0.617385	0.617385	0.617385	0.617385	0.617385	0.000000	1	0.244369	0.250036	0.249574	0.256021	0.485231	0.927978	0.742742	0.764003	0.794308	0.708564	0.939485	0.924235	
4769000	-464.903548	1	3618	0.755000	0.013251	0.755000	0.755000	0.000000	0.755000	0.755000	0.013251	0	0.250539	0.253241	0.240520	0.255699	0.536767	0.086475	0.595200	0.391477	0.330233	0.594876	0.444421	0.982141	
4770000	-461.618142	1	3735	0.634331	0.014612	0.634331	0.634331	0.634331	0.634331	0.634331	0.000000	1	0.244554	0.249765	0.250734	0.254947	0.826439	0.411676	0.959309	0.565101	0.065840	0.548466	0.500195	0.521502	
4771000	-460.662707	1	1532	0.640033	0.047605	0.640033	0.640033	0.640033	0.640033	0.640033	0.000000	1	0.245309	0.249998	0.249911	0.254782	0.817452	0.580594	0.505924	0.131307	0.069986	0.584114	0.959086	0.400003	
4772000	-462.617822	1	727	0.827301	0.018966	0.827301	0.827301	0.827301	0.827301	0.827301	0.018966	1	0.248124	0.249998	0.250002	0.251876	0.241129	0.523699	0.840067	0.353949	0.629448	0.262665	0.055755	0.146121	
4773000	-461.569066	1	3251	0.706188	0.032728	0.706188	0.706188	0.706188	0.000000	0.706188	0.000000	1	0.254530	0.267903	0.197342	0.280225	0.303147	0.046284	0.190000	0.069209	0.664072	0.301538	0.472001	0.455657	
4774000	-461.351487	1	2764	0.668661	0.027434	0.668661	0.668661	0.668661	0.000000	0.668661	0.000000	1	0.255383	0.271324	0.187074	0.286219	0.826487	0.734287	0.206166	0.276505	0.747077	0.816601	0.288140	0.895113	
4775000	-461.426378	1	1247	0.697790	0.018955	0.697790	0.697790	0.697790	0.018955	0.697790	0.000000	1	0.255495	0.265008	0.205540	0.273957	0.107192	0.525210	0.649275	0.686647	0.301683	0.814813	0.962700	0.300968	
4776000	-460.927012	1	3040	0.667259	0.059096	0.667259	0.667259	0.667259	0.667259	0.667259	0.000000	1	0.246405	0.249995	0.249906	0.253694	0.476716	0.807243	0.863433	0.607636	0.707533	0.357870	0.073564	0.020215	
4777000	-460.882424	1	1935	0.698553	0.022818	0.698553	0.698553	0.698553	0.698553	0.698553	0.022818	1	0.244644	0.250005	0.249950	0.255400	0.538612	0.532830	0.417517	0.533519	0.326056	0.352988	0.955883	0.072844	
4778000	-462.416101	1	1285	0.606811	0.023485	0.606811	0.606811	0.606811	0.000000	0.606811	0.023485	1	0.259049	0.277710	0.170802	0.292439	0.877847	0.748638	0.682463	0.461574	0.340997	0.210913	0.571873	0.096447	
4779000	-462.012424	1	37	0.686841	0.009311	0.686841	0.686841	0.009311	0.009311	0.686841	0.009311	1	0.323088	0.335380	0.000422	0.341109	0.410279	0.439489	0.423113	0.905871	0.780065	0.527871	0.411785	0.058406	
4780000	-460.935752	1	322	0.643769	0.027602	0.643769	0.643769	0.643769	0.643769	0.643769	0.027602	1	0.241887	0.250046	0.249797	0.258269	0.304421	0.483769	0.059501	0.112634	0.082794	0.572143	0.126090	0.018682	
4781000	-460.837024	1	896	0.591529	0.041343	0.591529	0.591529	0.591529	0.591529	0.591529	0.000000	1	0.242590	0.250036	0.249814	0.257560	0.090993	0.708864	0.907665	0.869097	0.107016	0.340422	0.490404	0.564738	
4782000	-462.359949	1	1780	0.699896	0.023720	0.699896	0.699896	0.023720	0.023720	0.699896	0.000000	1	0.295774	0.334203	0.002605	0.367419	0.415955	0.782954	0.567294	0.453735	0.676167	0.292924	0.252995	0.440832	
4783000	-461.673480	1	3968	0.709782	0.022063	0.709782	0.709782	0.000000	0.709782	0.709782	0.022063	1	0.251847	0.255787	0.233391	0.258975	0.240625	0.559342	0.185184	0.495780	0.993372	0.678905	0.218434	0.109897	
4784000	-462.125010	1	3540	0.665062	0.049147	0.665062	0.665062	0.665062	0.049147	0.665062	0.000000	1	0.248174	0.269305	0.193426	0.289095	0.079863	0.469569	0.181445	0.876279	0.680242	0.224027	0.744611	0.567755	
4785000	-461.231396	1	1068	0.605918	0.000000	0.605918	0.605918	0.605918	0.605918	0.605918	0.041419	1	0.234525	0.250150	0.249721	0.265604	0.521590	0.938768	0.461933	0.478635	0.806374	0.445126	0.796472	0.668285	
4786000	-464.123135	1	3582	0.609296	0.071825	0.609296	0.609296	0.609296	0.609296	0.609296	0.000000	0	0.245917	0.250079	0.249734	0.254269	0.601322	0.958092	0.661888	0.436839	0.579421	0.713558	0.724458	0.835899	
4787000	-461.131925	1	693	0.679229	0.006917	0.679229	0.679229	0.679229	0.006917	0.679229	0.006917	1	0.258372	0.267180	0.199068	0.275380	0.914766	0.590783	0.840760	0.508792	0.665296	0.182177	0.636469	0.462526	
4788000	-460.722688	1	417	0.685055	0.042522	0.685055	0.685055	0.685055	0.685055	0.685055	0.000000	1	0.246873	0.249981	0.249996	0.253149	0.700962	0.775035	0.344843	0.299035	0.587250	0.725255	0.390341	0.864831	
4789000	-461.607935	1	2171	0.740596	0.026218	0.740596	0.740596	0.740596	0.026218	0.740596	0.000000	1	0.253709	0.261695	0.215495	0.269102	0.663014	0.525219	0.067827	0.291572	0.484534	0.466516	0.394957	0.967841	
4790000	-461.567600	1	3826	0.755479	0.008663	0.755479	0.755479	0.755479	0.000000	0.755479	0.008663	1	0.256463	0.261136	0.217064	0.265336	0.373629	0.228355	0.175175	0.329938	0.424387	0.165633	0.144225	0.351823	
4791000	-460.884465	1	628	0.586496	0.033125	0.586496	0.586496	0.586496	0.586496	0.586496	0.000000	1	0.242117	0.249996	0.249988	0.257899	0.895257	0.689128	0.435770	0.230067	0.747940	0.826014	0.347298	0.278449	
4792000	-461.434856	1	3002	0.629252	0.029317	0.629252	0.629252	0.629252	0.029317	0.629252	0.000000	1	0.252140	0.272987	0.182089	0.292784	0.515262	0.631406	0.660245	0.320150	0.593474	0.799969	0.535268	0.035509	
4793000	-460.628930	1	3894	0.666964	0.038383	0.666964	0.666964	0.666964	0.666964	0.666964	0.000000	1	0.246280	0.249977	0.250014	0.253729	0.287880	0.146814	0.332981	0.264722	0.013627	0.284906	0.907529	0.296664	
4794000	-462.166142	1	1906	0.661152	0.008721	0.661152	0.661152	0.008721	0.008721	0.661152	0.000000	1	0.311192	0.334030	0.000369	0.354409	0.290504	0.279796	0.381584	0.551947	0.702475	0.500446	0.839135	0.451282	
4795000	-461.369845	1	376	0.565528	0.052419	0.565528	0.565528	0.565528	0.565528	0.565528	0.000000	1	0.240712	0.250151	0.249390	0.259747	0.388861	0.176860	0.667607	0.596542	0.598636	0.957238	0.134853	0.737508	
4796000	-462.852740	1	1007	0.567733	0.000000	0.567733	0.567733	0.010402	0.567733	0.567733	0.010402	1	0.240246	0.259585	0.221431	0.278739	0.709100	0.776674	0.846099	0.719177	0.443762	0.469088	0.203465	0.275161	
4797000	-461.258095	1	3664	0.742117	0.046384	0.742117	0.742117	0.742117	0.742117	0.742117	0.000000	1	0.248153	0.249986	0.249997	0.251864	0.559750	0.322279	0.804727	0.593738	0.327973	0.110557	0.840599	0.271793	
4798000	-460.742752	1	3948	0.583394	0.015797	0.583394	0.583394	0.583394	0.583394	0.583394	0.015797	1	0.235427	0.250053	0.249594	0.264926	0.023951	0.001112	0.899323	0.146762	0.497577	0.782839	0.614533	0.316687	
4799000	-461.935673	1	2768	0.627518	0.015506	0.627518	0.627518	0.000000	0.015506	0.627518	0.000000	1	0.295304	0.334434	0.000356	0.369905	0.631419	0.202658	0.998665	0.856754	0.126384	0.329365	0.804929	0.922717	
4800000	-460.742409	1	3085	0.687316	0.035901	0.687316	0.687316	0.687316	0.687316	0.687316	0.000000	1	0.246896	0.249974	0.250034	0.253096	0.674552	0.911473	0.066654	0.580993	0.434814	0.117682	0.217202	0.580554	
4801000	-462.602934	1	563	0.550258	0.031468	0.550258	0.550258	0.550258	0.031468	0.550258	0.000000	1	0.244527	0.283938	0.148848	0.322687	0.648068	0.732160	0.959142	0.157537	0.843925	0.811271	0.061805	0.754082	
4802000	-460.807904	1	2076	0.696325	0.035591	0.696325	0.696325	0.696325	0.696325	0.696325	0.000000	1	0.247139	0.249975	0.250035	0.252852	0.965780	0.497972	0.154603	0.286297	0.815684	0.605490	0.679268	0.916026	
4803000	-463.123643	1	952	0.825723	0.078048	0.825723	0.825723	0.825723	0.825723	0.825723	0.000000	1	0.249172	0.249992	0.249988	0.250849	0.684249	0.661181	0.917232	0.280929	0.508901	0.251153	0.487680	0.857253	
4804000	-463.500553	1	1795	0.791124	0.000000	0.791124	0.791124	0.791124	0.791124	0.791124	0.069086	1	0.246832	0.250035	0.250019	0.253114	0.600737	0.355093	0.526091	0.376643	0.790044	0.476198	0.372356	0.919448	
4805000	-462.528761	1	2314	0.782004	0.000000	0.782004	0.782004	0.782004	0.782004	0.782004	0.048658	1	0.246270	0.250026	0.250017	0.253687	0.093680	0.405207	0.844256	0.728897	0.699881	0.740511	0.466957	0.466159	
4806000	-461.693746	1	2147	0.617949	0.014215	0.617949	0.617949	0.617949	0.617949	0.617949	0.000000	1	0.243642	0.249703	0.250939	0.255717	0.913299	0.255379	0.477018	0.853505	0.450596	0.132941	0.626864	0.592067	
4807000	-461.718396	1	610	0.677855	0.000000	0.677855	0.677855	0.000000	0.677855	0.677855	0.017252	1	0.249080	0.255516	0.233819	0.261585	0.703239	0.598057	0.802710	0.284735	0.121403	0.061822	0.787417	0.796018	
4808000	-460.761648	1	3478	0.626484	0.010821	0.626484	0.626484	0.000000	0.626484	0.626484	0.010821	1	0.249276	0.258883	0.223986	0.267855	0.723252	0.941874	0.427697	0.607180	0.185900	0.504280	0.129671	0.109308	
4809000	-460.815858	1	150	0.623384	0.012698	0.623384	0.623384	0.000000	0.623384	0.623384	0.012698	1	0.249786	0.259393	0.222630	0.268191	0.892900	0.537412	0.588274	0.339384	0.945314	0.937444	0.788978	0.238531	
4810000	-464.650998	1	3124	0.586774	0.011902	0.586774	0.586774	0.586774	0.000000	0.586774	0.011902	0	0.260011	0.279267	0.164276	0.296446	0.944700	0.233336	0.211564	0.668240	0.718423	0.146094	0.298119	0.738814	
4811000	-461.305764	1	2726	0.558884	0.043688	0.558884	0.558884	0.558884	0.558884	0.558884	0.000000	1	0.240033	0.250143	0.249488	0.260337	0.187496	0.032221	0.186164	0.852883	0.666058	0.929645	0.459313	0.278887	
4812000	-461.243320	1	913	0.740388	0.035862	0.740388	0.740388	0.740388	0.740388	0.740388	0.000000	1	0.248082	0.249982	0.250023	0.251913	0.944005	0.015683	0.110925	0.487042	0.940016	0.212769	0.760975	0.255424	
4813000	-460.969846	1	3436	0.627545	0.059839	0.627545	0.627545	0.627545	0.627545	0.627545	0.000000	1	0.244808	0.250020	0.249788	0.255384	0.487307	0.342071	0.041532	0.054566	0.770241	0.564396	0.492602	0.818896	
4814000	-461.933943	1	2833	0.620879	0.012509	0.620879	0.620879	0.620879	0.620879	0.620879	0.000000	1	0.243726	0.249645	0.251116	0.255513	0.176973	0.920332	0.781455	0.309192	0.489639	0.536079	0.432937	0.951634	
4815000	-461.415111	1	1764	0.567894	0.026596	0.567894	0.567894	0.567894	0.567894	0.567894	0.026596	1	0.234876	0.250229	0.249124	0.265770	0.607537	0.253626	0.021909	0.645801	0.518032	0.881637	0.313622	0.217577	
4816000	-461.161259	1	3607	0.591811	0.000000	0.591811	0.591811	0.591811	0.591811	0.591811	0.035307	1	0.232287	0.250131	0.249652	0.267930	0.111405	0.778926	0.178352	0.839155	0.685916	0.248534	0.290770	0.337562	
4817000	-460.928157	1	3545	0.637243	0.027414	0.637243	0.637243	0.637243	0.637243	0.637243	0.027414	1	0.241427	0.250053	0.249770	0.258749	0.543799	0.001040	0.956826	0.853337	0.603576	0.636564	0.601537	0.516022	
4818000	-460.677140	1	1468	0.617038	0.022335	0.617038	0.617038	0.617038	0.617038	0.617038	0.022335	1	0.239472	0.250059	0.249707	0.260762	0.301501	0.575865	0.079618	0.334436	0.435370	0.529980	0.290258	0.289849	
4819000	-460.718951	1	1308	0.665659	0.029989	0.665659	0.665659	0.665659	0.665659	0.665659	0.000000	1	0.246162	0.249957	0.250097	0.253784	0.239614	0.223724	0.747333	0.276378	0.139270	0.662408	0.829895	0.685831	
4820000	-462.000587	1	2913	0.767121	0.000000	0.767121	0.767121	0.767121	0.767121	0.767121	0.031401	1	0.245471	0.250012	0.250023	0.254494	0.551928	0.398430	0.517430	0.606776	0.510352	0.530706	0.988666	0.464701	
4821000	-462.667523	1	3976	0.732746	0.097603	0.732746	0.732746	0.732746	0.732746	0.732746	0.000000	1	0.248100	0.249984	0.249934	0.251981	0.524546	0.006531	0.383086	0.005961	0.975544	0.067441	0.612198	0.072351	
4822000	-464.995075	1	1911	0.705899	0.000000	0.705899	0.705899	0.705899	0.705899	0.705899	0.036731	0	0.242293	0.250011	0.250069	0.257626	0.786373	0.975323	0.902711	0.784009	0.128910	0.176069	0.775213	0.925629	
4823000	-460.588052	1	3950	0.642659	0.040068	0.642659	0.642659	0.642659	0.642659	0.642659	0.000000	1	0.245364	0.249984	0.249981	0.254671	0.268341	0.517304	0.207259	0.864142	0.639367	0.901759	0.340512	0.104745	
4824000	-462.505131	1	3222	0.635886	0.098898	0.635886	0.635886	0.635886	0.635886	0.635886	0.000000	1	0.245276	0.250012	0.249676	0.255036	0.720543	0.148231	0.124127	0.314091	0.687626	0.459568	0.893299	0.673117	
4825000	-460.650301	1	2029	0.670235	0.036101	0.670235	0.670235	0.670235	0.670235	0.670235	0.000000	1	0.246373	0.249973	0.250033	0.253621	0.116265	0.252197	0.705534	0.092585	0.071469	0.831650	0.570086	0.734488	
4826000	-461.769756	1	1860	0.777031	0.015979	0.777031	0.777031	0.777031	0.777031	0.777031	0.015979	1	0.247065	0.249994	0.250007	0.252934	0.039325	0.389654	0.944978	0.081631	0.287389	0.393701	0.967874	0.053737	
4827000	-462.736417	1	1610	0.635813	0.103627	0.635813	0.635813	0.635813	0.635813	0.635813	0.000000	1	0.245272	0.250010	0.249664	0.255054	0.170470	0.587858	0.517283	0.951092	0.938758	0.594718	0.979977	0.021454	
4828000	-461.709537	1	2410	0.776201	0.046390	0.776201	0.776201	0.776201	0.776201	0.776201	0.000000	1	0.248640	0.249989	0.250000	0.251371	0.223707	0.966878	0.549938	0.639097	0.892881	0.589122	0.862947	0.871855	
4829000	-461.196621	1	3937	0.747901	0.011578	0.747901	0.747901	0.000000	0.747901	0.747901	0.011578	1	0.249958	0.253270	0.240406	0.256367	0.668405	0.574234	0.290144	0.680883	0.559127	0.358265	0.038070	0.757831	
4830000	-461.542121	1	2222	0.544566	0.040258	0.544566	0.544566	0.544566	0.544566	0.544566	0.000000	1	0.238586	0.250189	0.249397	0.261828	0.626425	0.303231	0.977088	0.555085	0.618998	0.708768	0.648676	0.341320	
4831000	-463.235082	1	1058	0.706387	0.033255	0.706387	0.706387	0.033255	0.033255	0.706387	0.000000	1	0.285974	0.333765	0.004979	0.375282	0.622529	0.734800	0.934121	0.071615	0.316950	0.873940	0.467717	0.889525	
4832000	-460.562075	1	2785	0.649249	0.013562	0.649249	0.649249	0.649249	0.649249	0.649249	0.013562	1	0.241311	0.249976	0.249975	0.258738	0.148874	0.277046	0.526468	0.708471	0.887987	0.102771	0.554800	0.142988	
4833000	-461.271535	1	3970	0.658677	0.023949	0.658677	0.658677	0.658677	0.023949	0.658677	0.000000	1	0.254466	0.269292	0.192959	0.283283	0.362700	0.136451	0.880477	0.752425	0.075799	0.000480	0.737105	0.334929	
4834000	-460.978094	1	2569	0.610187	0.000000	0.610187	0.610187	0.610187	0.610187	0.610187	0.032515	1	0.234391	0.250075	0.249808	0.265726	0.682507	0.364633	0.262894	0.504244	0.764586	0.307709	0.447939	0.778429	
4835000	-460.976027	1	1824	0.564480	0.015637	0.564480	0.564480	0.564480	0.564480	0.564480	0.015637	1	0.233030	0.250098	0.249378	0.267493	0.314177	0.673136	0.132332	0.846535	0.549597	0.027050	0.788789	0.322481	
4836000	-464.913394	1	383	0.660433	0.010223	0.660433	0.660433	0.660433	0.660433	0.660433	0.010223	0	0.242426	0.249868	0.250319	0.257387	0.259441	0.063173	0.955597	0.522168	0.095345	0.570128	0.138578	0.419989	
4837000	-465.489035	1	1387	0.577483	0.000000	0.577483	0.577483	0.577483	0.577483	0.577483	0.060638	0	0.231488	0.250314	0.249565	0.268633	0.803719	0.089578	0.913483	0.003440	0.981375	0.761198	0.893942	0.124916	
4838000	-460.729444	1	1452	0.679742	0.046581	0.679742	0.679742	0.679742	0.679742	0.679742	0.000000	1	0.246740	0.249985	0.249973	0.253301	0.597243	0.308184	0.694877	0.249604	0.605824	0.323400	0.475852	0.447726	
4839000	-460.982357	1	1017	0.586601	0.027552	0.586601	0.586601	0.586601	0.586601	0.586601	0.000000	1	0.242012	0.249940	0.250191	0.257857	0.699346	0.513867	0.658032	0.446513	0.392291	0.510671	0.995330	0.047050	
4840000	-462.025719	1	1118	0.783366	0.016424	0.783366	0.783366	0.783366	0.016424	0.783366	0.016424	1	0.254797	0.258673	0.224667	0.261863	0.790750	0.512491	0.867658	0.621411	0.753528	0.884383	0.143813	0.916155	
4841000	-460.823226	1	2572	0.618956	0.052747	0.618956	0.618956	0.618956	0.618956	0.618956	0.000000	1	0.244337	0.250023	0.249802	0.255838	0.609806	0.641228	0.410452	0.719439	0.620038	0.541035	0.893445	0.612581	
4842000	-460.544565	1	1195	0.611595	0.017317	0.611595	0.611595	0.611595	0.611595	0.611595	0.017317	1	0.238540	0.250029	0.249759	0.261672	0.868435	0.445301	0.998555	0.228158	0.985130	0.154707	0.475458	0.437922	
4843000	-461.232319	1	1961	0.738715	0.015191	0.738715	0.738715	0.738715	0.738715	0.738715	0.015191	1	0.245926	0.249990	0.250008	0.254076	0.320263	0.681440	0.167702	0.740746	0.650187	0.929615	0.991435	0.648731	
4844000	-461.107888	1	1081	0.590859	0.000000	0.590859	0.590859	0.590859	0.590859	0.590859	0.032168	1	0.231896	0.250101	0.249678	0.268325	0.511032	0.542669	0.569074	0.653294	0.355224	0.231925	0.441443	0.027177	
4845000	-460.717268	1	627	0.687072	0.020398	0.687072	0.687072	0.687072	0.687072	0.687072	0.020398	1	0.243993	0.250003	0.249948	0.256057	0.247204	0.607389	0.578249	0.420245	0.161726	0.383796	0.543472	0.686825	
4846000	-462.031397	1	1844	0.594252	0.005559	0.594252	0.594252	0.000000	0.005559	0.594252	0.005559	1	0.312951	0.334854	0.000043	0.352151	0.722186	0.138902	0.096126	0.983822	0.437501	0.303004	0.219488	0.191128	
4847000	-460.850904	1	3776	0.638548	0.011056	0.638548	0.638548	0.638548	0.011056	0.638548	0.011056	1	0.258667	0.271550	0.186669	0.283115	0.151566	0.142644	0.804547	0.521408	0.494829	0.413104	0.499254	0.227926	
4848000	-460.750525	1	3849	0.639556	0.052364	0.639556	0.639556	0.639556	0.639556	0.639556	0.000000	1	0.245318	0.250004	0.249876	0.254802	0.081200	0.338161	0.013722	0.439260	0.646173	0.165337	0.328710	0.548336	
4849000	-461.163974	1	1655	0.713470	0.011270	0.713470	0.713470	0.713470	0.713470	0.713470	0.011270	1	0.244801	0.249973	0.250044	0.255183	0.708595	0.380812	0.748490	0.834473	0.203580	0.403613	0.822383	0.720343	
4850000	-461.359931	1	1849	0.611933	0.000000	0.611933	0.611933	0.611933	0.611933	0.611933	0.045781	1	0.235513	0.250164	0.249744	0.264578	0.278591	0.743394	0.284201	0.112960	0.621127	0.646832	0.961914	0.011002	
4851000	-461.119769	1	2102	0.730349	0.036515	0.730349	0.730349	0.730349	0.730349	0.730349	0.000000	1	0.247903	0.249981	0.250023	0.252093	0.729640	0.626320	0.067671	0.846667	0.431711	0.307562	0.216803	0.068006	
4852000	-461.322283	1	1574	0.672930	0.029438	0.672930	0.672930	0.672930	0.029438	0.672930	0.000000	1	0.253187	0.267982	0.196978	0.281853	0.280573	0.079753	0.894178	0.062598	0.570881	0.449099	0.909623	0.380742	
4853000	-461.423293	1	2585	0.732706	0.018928	0.732706	0.732706	0.018928	0.732706	0.732706	0.018928	1	0.250388	0.253751	0.239163	0.256698	0.319075	0.512963	0.534822	0.714223	0.124383	0.252756	0.272597	0.049719	
4854000	-461.409807	1	2651	0.746150	0.009368	0.746150	0.746150	0.746150	0.009368	0.746150	0.009368	1	0.256209	0.261272	0.216709	0.265810	0.183823	0.694078	0.812815	0.586767	0.524397	0.110382	0.464191	0.223203	
4855000	-461.702700	1	3731	0.743936	0.068035	0.743936	0.743936	0.743936	0.743936	0.743936	0.000000	1	0.248242	0.249988	0.249968	0.251802	0.279741	0.694231	0.595511	0.029104	0.454839	0.945311	0.451169	0.431928	
4856000	-460.616825	1	3959	0.660934	0.036237	0.660934	0.660934	0.660934	0.660934	0.660934	0.000000	1	0.246051	0.249973	0.250031	0.253945	0.966001	0.741702	0.970924	0.297410	0.275274	0.795068	0.192028	0.776347	
4857000	-460.940562	1	1912	0.674748	0.026723	0.674748	0.674748	0.674748	0.674748	0.674748	0.026723	1	0.243674	0.250021	0.249896	0.256410	0.008918	0.089265	0.255044	0.627398	0.752110	0.145753	0.458615	0.671227	
4858000	-461.545457	1	907	0.615309	0.025987	0.615309	0.615309	0.615309	0.000000	0.615309	0.000000	1	0.254570	0.278010	0.167101	0.300319	0.531393	0.950784	0.344923	0.394614	0.284245	0.924561	0.626224	0.610996	
4859000	-460.717792	1	2050	0.604585	0.039813	0.604585	0.604585	0.604585	0.604585	0.604585	0.000000	1	0.243413	0.250010	0.249899	0.256678	0.155208	0.888442	0.794456	0.800668	0.039423	0.891264	0.675712	0.533777	
4860000	-461.329580	1	624	0.664144	0.019552	0.664144	0.664144	0.664144	0.019552	0.664144	0.000000	1	0.255679	0.268459	0.195312	0.280549	0.771083	0.487949	0.428483	0.271093	0.673620	0.265689	0.662622	0.644350	
4861000	-461.097956	1	1530	0.686174	0.000000	0.686174	0.686174	0.686174	0.686174	0.686174	0.034060	1	0.241424	0.250032	0.249999	0.258545	0.133737	0.307463	0.181254	0.388187	0.196190	0.826580	0.490426	0.483922	
4862000	-460.550976	1	1109	0.610463	0.015258	0.610463	0.610463	0.610463	0.610463	0.610463	0.015258	1	0.238235	0.250008	0.249807	0.261949	0.683743	0.697089	0.242192	0.562555	0.696501	0.547530	0.948326	0.320505	
4863000	-461.544825	1	1460	0.653886	0.015152	0.653886	0.653886	0.653886	0.015152	0.653886	0.000000	1	0.256969	0.269320	0.192622	0.281088	0.587610	0.781052	0.363568	0.673369	0.229936	0.683436	0.505568	0.145081	
4864000	-461.355299	1	3926	0.662272	0.027461	0.662272	0.662272	0.662272	0.000000	0.662272	0.000000	1	0.255320	0.272099	0.184776	0.287805	0.022754	0.856257	0.684057	0.015617	0.499944	0.059376	0.610435	0.142006	
4865000	-460.956380	1	3371	0.662687	0.060549	0.662687	0.662687	0.662687	0.662687	0.662687	0.000000	1	0.246256	0.249997	0.249892	0.253856	0.098264	0.812497	0.509150	0.064583	0.250595	0.191526	0.376501	0.422747	
4866000	-461.880366	1	1690	0.651844	0.013199	0.651844	0.651844	0.000000	0.000000	0.651844	0.000000	1	0.302442	0.334508	0.000000	0.363051	0.189538	0.252314	0.641474	0.910155	0.530091	0.704957	0.472481	0.994049	
4867000	-460.905605	1	2223	0.699790	0.023144	0.699790	0.699790	0.699790	0.699790	0.699790	0.023144	1	0.244713	0.250006	0.249950	0.255331	0.303107	0.522258	0.383576	0.679637	0.333643	0.386700	0.350800	0.429837	
4868000	-462.878782	1	3956	0.818642	0.000000	0.818642	0.818642	0.818642	0.818642	0.818642	0.032471	1	0.247040	0.250009	0.250016	0.252934	0.415125	0.004138	0.362318	0.521940	0.705684	0.706120	0.787770	0.415565	
4869000	-461.666494	1	92	0.624147	0.035738	0.624147	0.624147	0.624147	0.035738	0.624147	0.000000	1	0.249720	0.273834	0.179687	0.296759	0.510605	0.343735	0.274328	0.390651	0.552075	0.225622	0.884817	0.945462	
4870000	-461.284759	1	1094	0.666562	0.027144	0.666562	0.666562	0.666562	0.027144	0.666562	0.000000	1	0.253689	0.268570	0.195181	0.282560	0.512447	0.363771	0.293727	0.846001	0.158429	0.819137	0.572031	0.084569	
4871000	-460.574949	1	2681	0.609432	0.018531	0.609432	0.609432	0.609432	0.609432	0.609432	0.018531	1	0.238452	0.250043	0.249720	0.261785	0.200247	0.150489	0.791724	0.281482	0.683365	0.832379	0.479629	0.042207	
4872000	-462.245983	1	3549	0.728853	0.017383	0.728853	0.728853	0.017383	0.000000	0.728853	0.000000	1	0.306500	0.334703	0.000317	0.358480	0.970903	0.695032	0.058860	0.597152	0.460732	0.386468	0.864070	0.187825	
4873000	-460.622572	1	1227	0.622272	0.036467	0.622272	0.622272	0.622272	0.622272	0.622272	0.000000	1	0.244368	0.249982	0.249998	0.255652	0.883736	0.381707	0.082630	0.824940	0.535680	0.660236	0.890733	0.623499	
4874000	-461.645406	1	1235	0.540963	0.042435	0.540963	0.540963	0.540963	0.540963	0.540963	0.000000	1	0.238242	0.250228	0.249263	0.262267	0.552187	0.519830	0.680026	0.726511	0.480587	0.924624	0.191552	0.114348	
4875000	-460.743405	1	1581	0.633651	0.009595	0.633651	0.633651	0.009595	0.633651	0.633651	0.009595	1	0.248308	0.257478	0.228026	0.266188	0.576511	0.759183	0.822343	0.132531	0.580599	0.115662	0.667837	0.151872	
4876000	-465.428359	1	2064	0.616608	0.000000	0.616608	0.616608	0.616608	0.616608	0.616608	0.018110	0	0.232932	0.249655	0.250784	0.266629	0.342419	0.927041	0.988991	0.673059	0.659416	0.698833	0.734949	0.573106	
4877000	-461.524593	1	1042	0.638160	0.031217	0.638160	0.638160	0.638160	0.000000	0.638160	0.000000	1	0.253809	0.275826	0.173805	0.296560	0.402374	0.068834	0.284255	0.983667	0.125185	0.459192	0.046927	0.302613	
4878000	-461.163303	1	211	0.706302	0.060738	0.706302	0.706302	0.706302	0.706302	0.706302	0.000000	1	0.247496	0.249988	0.249953	0.252563	0.224101	0.903874	0.326865	0.807739	0.441722	0.717362	0.282244	0.951355	
4879000	-462.132547	1	412	0.644921	0.044511	0.644921	0.644921	0.644921	0.000000	0.644921	0.000000	1	0.250368	0.277162	0.170217	0.302252	0.684523	0.805660	0.605554	0.884155	0.994118	0.014026	0.000595	0.815725	
4880000	-461.153349	1	2749	0.558896	0.019907	0.558896	0.558896	0.558896	0.558896	0.558896	0.019907	1	0.232873	0.250195	0.249117	0.267815	0.628395	0.762090	0.161663	0.759262	0.322251	0.919080	0.900869	0.501126	
4881000	-461.019236	1	2333	0.627304	0.021333	0.627304	0.627304	0.627304	0.627304	0.627304	0.000000	1	0.244388	0.249876	0.250380	0.255357	0.915297	0.370746	0.597720	0.043098	0.747430	0.490866	0.164921	0.791383	
4882000	-460.695735	1	2942	0.641041	0.028836	0.641041	0.641041	0.641041	0.641041	0.641041	0.000000	1	0.245175	0.249946	0.250135	0.254744	0.551524	0.562076	0.711369	0.728526	0.600359	0.265950	0.685506	0.552062	
4883000	-460.709883	1	1103	0.606244	0.034459	0.606244	0.606244	0.606244	0.606244	0.606244	0.000000	1	0.243445	0.249983	0.250006	0.256565	0.992080	0.272949	0.671680	0.311161	0.473050	0.770209	0.425650	0.708261	
4884000	-461.339899	1	3673	0.589520	0.000000	0.589520	0.589520	0.589520	0.589520	0.589520	0.040609	1	0.232421	0.250186	0.249590	0.267804	0.649483	0.155595	0.287894	0.273031	0.073423	0.272871	0.691857	0.920488	
4885000	-461.540007	1	2136	0.697507	0.035681	0.697507	0.697507	0.697507	0.035681	0.697507	0.000000	1	0.252118	0.265727	0.203777	0.278377	0.564969	0.294296	0.414689	0.895312	0.069594	0.652443	0.732468	0.706281	
4886000	-461.694664	1	1309	0.774869	0.037770	0.774869	0.774869	0.774869	0.774869	0.774869	0.000000	1	0.248598	0.249987	0.250012	0.251402	0.766106	0.361452	0.553446	0.350209	0.088396	0.352803	0.725414	0.221863	
4887000	-460.756850	1	2561	0.681455	0.031917	0.681455	0.681455	0.681455	0.681455	0.681455	0.000000	1	0.246695	0.249966	0.250066	0.253273	0.296763	0.669824	0.050885	0.545740	0.934571	0.259749	0.732120	0.901878	
4888000	-462.480082	1	1351	0.726539	0.008513	0.726539	0.726539	0.008513	0.000000	0.726539	0.000000	1	0.317460	0.334117	0.000081	0.348342	0.742880	0.237907	0.567816	0.179683	0.105125	0.749284	0.867525	0.570187	
4889000	-461.203260	1	3682	0.578277	0.023851	0.578277	0.578277	0.578277	0.578277	0.578277	0.000000	1	0.241275	0.249885	0.250391	0.258449	0.907213	0.382476	0.550360	0.270490	0.175435	0.045449	0.584331	0.987495	
4890000	-461.885562	1	1918	0.788103	0.039734	0.788103	0.788103	0.788103	0.788103	0.788103	0.000000	1	0.248760	0.249989	0.250008	0.251243	0.421594	0.111493	0.599605	0.690379	0.656433	0.294011	0.467257	0.899740	
4891000	-460.924428	1	1467	0.621844	0.057356	0.621844	0.621844	0.621844	0.621844	0.621844	0.000000	1	0.244513	0.250025	0.249779	0.255683	0.299761	0.770581	0.173610	0.575319	0.072755	0.875491	0.282062	0.758089	
4892000	-461.384733	1	585	0.583145	0.013678	0.583145	0.583145	0.583145	0.013678	0.583145	0.013678	1	0.257776	0.278697	0.166208	0.297319	0.190671	0.300564	0.841913	0.658622	0.953510	0.648260	0.231998	0.026518	
4893000	-461.489763	1	3230	0.764423	0.008948	0.764423	0.764423	0.000000	0.764423	0.764423	0.008948	1	0.249340	0.252329	0.243130	0.255202	0.736502	0.219755	0.223810	0.301945	0.030079	0.968011	0.270324	0.418137	
4894000	-460.739505	1	889	0.614737	0.029235	0.614737	0.614737	0.614737	0.614737	0.614737	0.000000	1	0.243861	0.249946	0.250140	0.256052	0.840111	0.436469	0.419058	0.035584	0.490313	0.448684	0.773330	0.989830	
4895000	-460.624216	1	2931	0.627784	0.033717	0.627784	0.627784	0.627784	0.627784	0.627784	0.000000	1	0.244615	0.249969	0.250049	0.255367	0.537630	0.486918	0.901408	0.516292	0.663424	0.894684	0.403629	0.369956	
4896000	-463.381062	1	41	0.853082	0.070043	0.853082	0.853082	0.853082	0.853082	0.853082	0.000000	1	0.249343	0.249994	0.249993	0.250670	0.097721	0.176127	0.641506	0.761379	0.206920	0.210934	0.320061	0.620569	
4897000	-460.610487	1	1020	0.658894	0.036394	0.658894	0.658894	0.658894	0.658894	0.658894	0.000000	1	0.245978	0.249973	0.250029	0.254020	0.988228	0.685302	0.927693	0.094435	0.779675	0.019693	0.138630	0.695769	
4898000	-463.536454	1	3271	0.718577	0.000000	0.718577	0.718577	0.000000	0.000000	0.718577	0.022560	1	0.352904	0.335671	0.000000	0.311425	0.873885	0.556024	0.915902	0.863169	0.231184	0.640879	0.629296	0.214233	
4899000	-460.494522	1	346	0.627597	0.015890	0.627597	0.627597	0.627597	0.627597	0.627597	0.015890	1	0.239822	0.250003	0.249866	0.260309	0.188952	0.760075	0.120765	0.687733	0.496482	0.698526	0.888488	0.621700	
4900000	-461.029372	1	3914	0.703354	0.027574	0.703354	0.703354	0.703354	0.703354	0.703354	0.000000	1	0.247261	0.249962	0.250087	0.252689	0.125939	0.836965	0.232233	0.414417	0.540506	0.906266	0.608999	0.189134	
4901000	-462.003327	1	2365	0.701567	0.012521	0.701567	0.701567	0.012521	0.012521	0.701567	0.000000	1	0.310128	0.334191	0.000752	0.354929	0.053227	0.621235	0.355320	0.112525	0.198475	0.471103	0.814693	0.935988	
4902000	-461.643497	1	3247	0.735610	0.021927	0.735610	0.735610	0.735610	0.735610	0.735610	0.000000	1	0.247918	0.249963	0.250097	0.252022	0.794772	0.112825	0.754101	0.095893	0.542850	0.574968	0.486679	0.931779	
4903000	-460.854991	1	383	0.660433	0.010223	0.660433	0.660433	0.660433	0.660433	0.660433	0.010223	1	0.241843	0.249943	0.250080	0.258133	0.909263	0.575543	0.227389	0.228131	0.866186	0.052810	0.360296	0.645877	
4904000	-461.570001	1	650	0.552653	0.000000	0.552653	0.552653	0.552653	0.552653	0.552653	0.028036	1	0.225473	0.250131	0.249283	0.275113	0.544299	0.263421	0.849715	0.520791	0.951659	0.125992	0.182245	0.557147	
4905000	-462.704102	1	3869	0.567601	0.000000	0.567601	0.567601	0.029249	0.567601	0.567601	0.029249	1	0.252174	0.262848	0.213409	0.271569	0.551189	0.168419	0.886351	0.536532	0.521701	0.473885	0.336331	0.274943	
4906000	-461.013389	1	1480	0.616974	0.000000	0.616974	0.616974	0.616974	0.616974	0.616974	0.035988	1	0.235415	0.250093	0.249818	0.264675	0.502226	0.533231	0.972030	0.042216	0.833409	0.938563	0.012753	0.510172	
4907000	-462.042371	1	1673	0.609597	0.009039	0.609597	0.609597	0.000000	0.009039	0.609597	0.009039	1	0.315030	0.335786	0.000113	0.349071	0.941899	0.818421	0.369643	0.580804	0.120050	0.838667	0.458949	0.579923	
4908000	-463.297578	1	2487	0.608017	0.062278	0.608017	0.608017	0.608017	0.062278	0.608017	0.000000	1	0.239513	0.276021	0.173267	0.311199	0.275527	0.571376	0.648143	0.391988	0.525591	0.311615	0.651923	0.296237	
4909000	-460.892053	1	172	0.588486	0.030895	0.588486	0.588486	0.588486	0.588486	0.588486	0.000000	1	0.242219	0.249974	0.250065	0.257742	0.524267	0.471340	0.708123	0.087745	0.854039	0.854482	0.148153	0.995308	
4910000	-461.831735	1	1600	0.681014	0.000000	0.681014	0.681014	0.000000	0.681014	0.681014	0.014532	1	0.247827	0.254742	0.236034	0.261397	0.926849	0.020420	0.441121	0.969760	0.185372	0.677399	0.117234	0.941298	
4911000	-461.574051	1	3326	0.613873	0.026869	0.613873	0.613873	0.613873	0.000000	0.613873	0.000000	1	0.254200	0.278380	0.166022	0.301397	0.583978	0.031139	0.762075	0.410833	0.148918	0.009151	0.839870	0.456393	
4912000	-462.430587	1	113	0.626293	0.000000	0.626293	0.626293	0.000000	0.626293	0.626293	0.034681	1	0.259029	0.262507	0.214143	0.264322	0.406703	0.835261	0.317811	0.871701	0.508287	0.132137	0.832922	0.588364	
4913000	-463.155802	1	173	0.830944	0.042564	0.830944	0.830944	0.830944	0.000000	0.830944	0.000000	1	0.252667	0.258764	0.224349	0.264221	0.620403	0.045430	0.178943	0.662394	0.083937	0.026043	0.414667	0.395647	
4914000	-460.837235	1	2603	0.703703	0.012147	0.703703	0.703703	0.000000	0.703703	0.703703	0.012147	1	0.250196	0.255015	0.235320	0.259469	0.952706	0.084841	0.471799	0.255544	0.816069	0.471226	0.063371	0.249258	
4915000	-461.287066	1	3134	0.561025	0.028697	0.561025	0.561025	0.561025	0.561025	0.561025	0.000000	1	0.239939	0.249990	0.250071	0.260000	0.659278	0.552167	0.835348	0.905804	0.310342	0.014574	0.713425	0.318512	
4916000	-460.810720	1	2344	0.660453	0.054911	0.660453	0.660453	0.660453	0.660453	0.660453	0.000000	1	0.246153	0.249995	0.249910	0.253942	0.317736	0.518969	0.606413	0.505591	0.649434	0.113541	0.118782	0.206734	
4917000	-461.305764	1	2726	0.558884	0.043688	0.558884	0.558884	0.558884	0.558884	0.558884	0.000000	1	0.240033	0.250143	0.249488	0.260337	0.381214	0.388896	0.575198	0.991950	0.468123	0.437268	0.351670	0.398556	
4918000	-461.100247	1	2802	0.713610	0.055449	0.713610	0.713610	0.713610	0.713610	0.713610	0.000000	1	0.247642	0.249987	0.249969	0.252402	0.278674	0.241406	0.372084	0.110404	0.984064	0.404820	0.911607	0.698318	
4919000	-461.241130	1	2515	0.564884	0.045981	0.564884	0.564884	0.564884	0.564884	0.564884	0.000000	1	0.240594	0.250130	0.249505	0.259772	0.592909	0.383235	0.894337	0.850381	0.602183	0.925386	0.677070	0.796538	
4920000	-461.082059	1	473	0.587176	0.010230	0.587176	0.587176	0.010230	0.587176	0.587176	0.010230	1	0.246942	0.260509	0.219210	0.273339	0.299886	0.997302	0.290347	0.704373	0.219454	0.194919	0.500864	0.580464	
4921000	-460.974838	1	1914	0.639486	0.000000	0.639486	0.639486	0.639486	0.639486	0.639486	0.036343	1	0.237758	0.250069	0.249907	0.262266	0.821086	0.789401	0.788150	0.002844	0.316482	0.134839	0.752805	0.396320	
4922000	-461.423293	1	2585	0.732706	0.018928	0.732706	0.732706	0.018928	0.732706	0.732706	0.018928	1	0.250388	0.253751	0.239163	0.256698	0.723018	0.169348	0.188609	0.510033	0.916229	0.744049	0.014608	0.637783	
4923000	-461.201250	1	3112	0.679260	0.008593	0.679260	0.679260	0.679260	0.679260	0.679260	0.008593	1	0.242917	0.249933	0.250130	0.257020	0.873916	0.508186	0.413243	0.102721	0.648795	0.782402	0.423103	0.186318	
4924000	-460.764959	1	3382	0.698570	0.017058	0.698570	0.698570	0.698570	0.698570	0.698570	0.017058	1	0.244390	0.249993	0.249982	0.255635	0.936700	0.245344	0.704423	0.428245	0.442892	0.857669	0.198542	0.680886	
4925000	-463.530669	1	21	0.630872	0.000000	0.630872	0.630872	0.026190	0.026190	0.630872	0.026190	1	0.354759	0.335210	0.003149	0.306882	0.641506	0.947430	0.420876	0.162190	0.249818	0.174688	0.244343	0.097862	
4926000	-461.010809	1	2725	0.678988	0.023678	0.678988	0.678988	0.678988	0.678988	0.678988	0.000000	1	0.246539	0.249938	0.250169	0.253354	0.446656	0.600230	0.803760	0.103748	0.212743	0.974389	0.860243	0.489989	
4927000	-460.728680	1	3702	0.659696	0.050987	0.659696	0.659696	0.659696	0.659696	0.659696	0.000000	1	0.246106	0.249993	0.249928	0.253973	0.720593	0.972954	0.863325	0.216201	0.605496	0.657823	0.338391	0.325369	
4928000	-461.295861	1	1869	0.662308	0.021030	0.662308	0.662308	0.662308	0.021030	0.662308	0.000000	1	0.255283	0.268742	0.194514	0.281461	0.960112	0.436346	0.452614	0.438431	0.717040	0.546226	0.781484	0.569521	
4929000	-461.748657	1	3182	0.698258	0.000000	0.698258	0.698258	0.000000	0.698258	0.698258	0.021213	1	0.250644	0.255296	0.234529	0.259531	0.422391	0.649727	0.505842	0.072790	0.544458	0.696596	0.484051	0.088113	
4930000	-463.443687	1	980	0.697711	0.034422	0.697711	0.697711	0.034422	0.000000	0.697711	0.000000	1	0.281654	0.335186	0.001070	0.382091	0.491048	0.961506	0.935052	0.138105	0.271231	0.450814	0.042510	0.954756	
4931000	-463.239818	1	939	0.639919	0.000000	0.639919	0.639919	0.000000	0.639919	0.639919	0.046389	1	0.264725	0.263772	0.210761	0.260742	0.715128	0.209081	0.180783	0.164577	0.902966	0.620186	0.138341	0.610199	
4932000	-462.062556	1	461	0.554825	0.067627	0.554825	0.554825	0.554825	0.554825	0.554825	0.000000	1	0.239836	0.250234	0.249002	0.260928	0.298509	0.261843	0.779842	0.462946	0.156492	0.133968	0.192399	0.184602	
4933000	-461.990301	1	2872	0.687676	0.017688	0.687676	0.687676	0.000000	0.017688	0.687676	0.000000	1	0.301327	0.334650	0.000449	0.363574	0.151882	0.570213	0.005353	0.503017	0.082296	0.926450	0.632208	0.503471	
4934000	-460.764959	1	3382	0.698570	0.017058	0.698570	0.698570	0.698570	0.698570	0.698570	0.017058	1	0.244390	0.249993	0.249982	0.255635	0.170025	0.311139	0.086363	0.768500	0.534696	0.344268	0.102069	0.009189	
4935000	-461.687647	1	544	0.739757	0.020369	0.739757	0.739757	0.739757	0.000000	0.739757	0.000000	1	0.255672	0.263052	0.211374	0.269902	0.608628	0.188201	0.364804	0.649152	0.014919	0.468775	0.877183	0.389480	
4936000	-462.597608	1	437	0.505756	0.029755	0.505756	0.505756	0.505756	0.505756	0.505756	0.000000	1	0.233506	0.250321	0.249265	0.266908	0.281737	0.760581	0.632342	0.891634	0.931768	0.413129	0.737071	0.614226	
4937000	-460.997779	1	6	0.689088	0.025402	0.689088	0.689088	0.689088	0.689088	0.689088	0.000000	1	0.246861	0.249950	0.250127	0.253061	0.975417	0.062185	0.475571	0.741058	0.676189	0.256171	0.998023	0.191535	
4938000	-461.271506	1	3410	0.738328	0.032347	0.738328	0.738328	0.738328	0.738328	0.738328	0.000000	1	0.248030	0.249979	0.250036	0.251956	0.202145	0.171894	0.127512	0.694733	0.624666	0.247016	0.972524	0.131769	
4939000	-461.965103	1	927	0.687555	0.016879	0.687555	0.687555	0.016879	0.000000	0.687555	0.000000	1	0.302307	0.334660	0.000292	0.362741	0.290183	0.620663	0.327508	0.194854	0.163656	0.205277	0.820307	0.968007	
4940000	-461.508790	1	1539	0.676157	0.076518	0.676157	0.676157	0.676157	0.676157	0.676157	0.000000	1	0.246741	0.249993	0.249876	0.253390	0.857272	0.222379	0.737280	0.835355	0.054765	0.526493	0.469042	0.129800	
4941000	-461.820765	1	48	0.732509	0.022143	0.732509	0.732509	0.000000	0.732509	0.732509	0.022143	1	0.251623	0.254848	0.236066	0.257462	0.595891	0.518275	0.974562	0.889917	0.749876	0.990435	0.404922	0.782883	
4942000	-461.221683	1	3450	0.661785	0.069206	0.661785	0.661785	0.661785	0.661785	0.661785	0.000000	1	0.246254	0.249999	0.249861	0.253887	0.071459	0.414752	0.962080	0.471188	0.006266	0.599909	0.308373	0.917273	
4943000	-461.973768	1	395	0.544240	0.008495	0.544240	0.544240	0.544240	0.000000	0.544240	0.008495	1	0.257768	0.285885	0.143875	0.312472	0.598649	0.888810	0.503418	0.172795	0.981145	0.390536	0.300317	0.738840	
4944000	-461.372969	1	1522	0.662635	0.031559	0.662635	0.662635	0.662635	0.031559	0.662635	0.000000	1	0.252473	0.269168	0.193510	0.284849	0.919910	0.898030	0.698741	0.016573	0.789197	0.857138	0.671984	0.202970	
4945000	-461.183561	1	1720	0.565230	0.030760	0.565230	0.565230	0.565230	0.565230	0.565230	0.000000	1	0.240370	0.250010	0.249986	0.259634	0.043516	0.652643	0.170316	0.499381	0.970766	0.545382	0.856930	0.358057	
4946000	-464.025652	1	1872	0.592506	0.021423	0.592506	0.592506	0.592506	0.592506	0.592506	0.021423	0	0.237996	0.250042	0.249741	0.262222	0.602067	0.764609	0.997678	0.366453	0.352063	0.245550	0.505339	0.935994	
4947000	-462.039438	1	2356	0.672650	0.010003	0.672650	0.672650	0.010003	0.000000	0.672650	0.000000	1	0.310394	0.334237	0.000107	0.355262	0.485394	0.792989	0.497042	0.965333	0.427941	0.248958	0.585475	0.394317	
4948000	-461.839081	1	1875	0.560457	0.016145	0.560457	0.560457	0.000000	0.560457	0.560457	0.016145	1	0.248844	0.264651	0.207914	0.278591	0.939428	0.844505	0.307017	0.401213	0.695802	0.850805	0.648875	0.352724	
4949000	-464.465528	1	2110	0.651728	0.029542	0.651728	0.651728	0.651728	0.029542	0.651728	0.000000	0	0.253875	0.269078	0.193861	0.283186	0.377443	0.726064	0.614361	0.157981	0.554168	0.795133	0.017041	0.966653	
4950000	-461.042535	1	3265	0.726189	0.018375	0.726189	0.726189	0.726189	0.726189	0.726189	0.018375	1	0.245592	0.249995	0.249990	0.254423	0.252525	0.645418	0.602177	0.056815	0.240768	0.266867	0.457679	0.635234	
4951000	-460.667477	1	3310	0.627716	0.030677	0.627716	0.627716	0.627716	0.627716	0.627716	0.000000	1	0.244572	0.249954	0.250105	0.255368	0.252453	0.407007	0.529039	0.420611	0.140662	0.411406	0.643499	0.903028	
4952000	-460.642957	1	2744	0.616869	0.038499	0.616869	0.616869	0.616869	0.616869	0.616869	0.000000	1	0.244104	0.249993	0.249956	0.255947	0.102308	0.731318	0.490857	0.331741	0.877898	0.685792	0.486870	0.330478	
4953000	-460.612888	1	1472	0.607204	0.013417	0.607204	0.607204	0.607204	0.607204	0.607204	0.013417	1	0.237729	0.249986	0.249856	0.262429	0.540082	0.956882	0.364165	0.532799	0.139549	0.988900	0.720116	0.742567	
4954000	-461.457234	1	123	0.597475	0.000000	0.597475	0.597475	0.597475	0.597475	0.597475	0.015275	1	0.231329	0.249812	0.250219	0.268640	0.394507	0.572759	0.477834	0.737180	0.189779	0.457015	0.117444	0.091786	
4955000	-460.729444	1	1452	0.679742	0.046581	0.679742	0.679742	0.679742	0.679742	0.679742	0.000000	1	0.246740	0.249985	0.249973	0.253301	0.537633	0.902296	0.023125	0.113187	0.732612	0.255750	0.274987	0.607970	
4956000	-462.033569	1	3177	0.777173	0.022440	0.777173	0.777173	0.777173	0.000000	0.777173	0.000000	1	0.254645	0.260394	0.219272	0.265689	0.656322	0.263600	0.377626	0.750148	0.468936	0.989680	0.116662	0.121710	
4957000	-461.313158	1	3001	0.591067	0.062306	0.591067	0.591067	0.591067	0.591067	0.591067	0.000000	1	0.242724	0.250085	0.249540	0.257651	0.296517	0.770074	0.982500	0.635767	0.761381	0.943339	0.824903	0.330306	
4958000	-462.015330	1	1358	0.523922	0.035319	0.523922	0.523922	0.523922	0.523922	0.523922	0.000000	1	0.236133	0.250271	0.249255	0.264340	0.259147	0.650803	0.025953	0.462944	0.533079	0.811895	0.222458	0.212199	
4959000	-461.805387	1	2810	0.535542	0.027803	0.535542	0.535542	0.535542	0.535542	0.535542	0.000000	1	0.237293	0.250054	0.249953	0.262700	0.547617	0.608574	0.349073	0.145923	0.832364	0.823542	0.715887	0.902529	
4960000	-460.587802	1	1182	0.640717	0.036828	0.640717	0.640717	0.640717	0.640717	0.640717	0.000000	1	0.245251	0.249977	0.250014	0.254758	0.049700	0.864781	0.620727	0.409312	0.917080	0.670268	0.696839	0.089579	
4961000	-460.531505	1	2413	0.617617	0.018121	0.617617	0.617617	0.617617	0.617617	0.617617	0.018121	1	0.239159	0.250030	0.249776	0.261036	0.624250	0.268553	0.821578	0.432011	0.401743	0.412622	0.968581	0.804147	
4962000	-460.924428	1	1467	0.621844	0.057356	0.621844	0.621844	0.621844	0.621844	0.621844	0.000000	1	0.244513	0.250025	0.249779	0.255683	0.600219	0.381448	0.543941	0.504037	0.858729	0.695391	0.349926	0.583876	
4963000	-460.701701	1	3638	0.657653	0.029597	0.657653	0.657653	0.657653	0.657653	0.657653	0.000000	1	0.245866	0.249953	0.250109	0.254072	0.778951	0.993185	0.138520	0.743369	0.631134	0.736146	0.872424	0.081722	
4964000	-460.794124	1	2807	0.682884	0.030494	0.682884	0.682884	0.682884	0.682884	0.682884	0.000000	1	0.246726	0.249963	0.250079	0.253232	0.738817	0.089427	0.651260	0.705331	0.773590	0.411759	0.612455	0.867279	
4965000	-460.988524	1	3612	0.693674	0.007612	0.693674	0.693674	0.000000	0.693674	0.693674	0.007612	1	0.248982	0.254608	0.236377	0.260032	0.965092	0.701599	0.833718	0.220650	0.915890	0.440553	0.093228	0.601469	
4966000	-460.554321	1	3972	0.610927	0.017828	0.610927	0.610927	0.610927	0.610927	0.610927	0.017828	1	0.238525	0.250035	0.249744	0.261696	0.445642	0.572439	0.372549	0.271251	0.304598	0.167997	0.043281	0.309994	
4967000	-461.581800	1	1097	0.685999	0.007038	0.685999	0.685999	0.685999	0.685999	0.685999	0.007038	1	0.243201	0.249914	0.250192	0.256693	0.771462	0.874651	0.524754	0.260535	0.369558	0.291905	0.670597	0.363961	
4968000	-461.028862	1	2984	0.615971	0.059934	0.615971	0.615971	0.615971	0.615971	0.615971	0.000000	1	0.244219	0.250035	0.249733	0.256014	0.619887	0.324562	0.248238	0.200362	0.492163	0.166280	0.531482	0.655866	
4969000	-460.918201	1	191	0.703799	0.022644	0.703799	0.703799	0.703799	0.703799	0.703799	0.022644	1	0.244866	0.250004	0.249957	0.255173	0.428417	0.625774	0.947346	0.550589	0.229527	0.803606	0.351024	0.016081	
4970000	-461.704774	1	802	0.648599	0.000000	0.648599	0.648599	0.000000	0.648599	0.648599	0.018539	1	0.249686	0.257432	0.228258	0.264623	0.042057	0.840578	0.397789	0.955546	0.900801	0.805361	0.973290	0.764623	
4971000	-460.761269	1	3631	0.598525	0.035064	0.598525	0.598525	0.598525	0.598525	0.598525	0.000000	1	0.242972	0.249994	0.249974	0.257060	0.823042	0.442979	0.801792	0.267047	0.600421	0.772222	0.721802	0.950639	
4972000	-461.201250	1	3112	0.679260	0.008593	0.679260	0.679260	0.679260	0.679260	0.679260	0.008593	1	0.242917	0.249933	0.250130	0.257020	0.087693	0.767288	0.956113	0.731214	0.327043	0.565897	0.214733	0.622993	
4973000	-461.436874	1	3790	0.627914	0.016213	0.627914	0.627914	0.627914	0.627914	0.627914	0.000000	1	0.244279	0.249789	0.250662	0.255270	0.144035	0.645249	0.385025	0.716079	0.280431	0.864367	0.666208	0.296864	
4974000	-460.698746	1	3496	0.661192	0.049079	0.661192	0.661192	0.661192	0.661192	0.661192	0.000000	1	0.246149	0.249991	0.249940	0.253920	0.694209	0.623080	0.067990	0.124906	0.550015	0.947085	0.613707	0.454117	
4975000	-461.098458	1	13	0.599263	0.011005	0.599263	0.599263	0.599263	0.000000	0.599263	0.011005	1	0.259736	0.277866	0.168142	0.294257	0.819941	0.580315	0.761882	0.983211	0.143543	0.083528	0.823035	0.336954	
4976000	-460.720942	1	226	0.650683	0.028260	0.650683	0.650683	0.650683	0.650683	0.650683	0.000000	1	0.245577	0.249946	0.250136	0.254341	0.251857	0.301438	0.587054	0.813245	0.593244	0.229619	0.251199	0.106412	
4977000	-460.761573	1	1697	0.691830	0.037743	0.691830	0.691830	0.691830	0.691830	0.691830	0.000000	1	0.247033	0.249977	0.250023	0.252967	0.097090	0.118276	0.042054	0.053259	0.385616	0.222382	0.503357	0.145139	
4978000	-460.945985	1	3711	0.590439	0.027535	0.590439	0.590439	0.590439	0.590439	0.590439	0.000000	1	0.242288	0.249937	0.250194	0.257580	0.695281	0.599987	0.564612	0.179450	0.142877	0.173672	0.118090	0.882291	
4979000	-460.931889	1	2381	0.669513	0.013529	0.669513	0.669513	0.669513	0.013529	0.669513	0.013529	1	0.257912	0.267985	0.197375	0.276728	0.407733	0.178566	0.200126	0.649418	0.887053	0.673286	0.654400	0.054857	
4980000	-463.123808	1	3611	0.691461	0.000000	0.691461	0.691461	0.000000	0.020712	0.691461	0.020712	1	0.349677	0.335403	0.000495	0.314424	0.975828	0.775081	0.296829	0.933674	0.770991	0.068580	0.254722	0.854931	
4981000	-461.425229	1	1341	0.756431	0.044661	0.756431	0.756431	0.756431	0.756431	0.756431	0.000000	1	0.248371	0.249987	0.250002	0.251641	0.515305	0.686617	0.761489	0.486206	0.312624	0.153035	0.695405	0.364603	
4982000	-460.616323	1	205	0.625942	0.035315	0.625942	0.625942	0.625942	0.625942	0.625942	0.000000	1	0.244542	0.249976	0.250021	0.255461	0.002982	0.128296	0.376552	0.152031	0.109745	0.729174	0.668860	0.399279	
4983000	-461.546354	1	1365	0.758392	0.017599	0.758392	0.758392	0.017599	0.758392	0.758392	0.017599	1	0.250176	0.252921	0.241528	0.255374	0.197830	0.528122	0.934462	0.039616	0.612719	0.668061	0.767478	0.094231	
4984000	-461.415111	1	1764	0.567894	0.026596	0.567894	0.567894	0.567894	0.567894	0.567894	0.026596	1	0.234876	0.250229	0.249124	0.265770	0.540688	0.940066	0.718243	0.974773	0.606326	0.460887	0.871191	0.497022	
4985000	-460.558978	1	3312	0.657263	0.014279	0.657263	0.657263	0.657263	0.657263	0.657263	0.014279	1	0.241916	0.249981	0.249972	0.258131	0.401760	0.543041	0.137662	0.381369	0.216151	0.025886	0.024715	0.474731	
4986000	-461.038424	1	2431	0.644506	0.000000	0.644506	0.644506	0.644506	0.644506	0.644506	0.020634	1	0.237362	0.249958	0.250063	0.262617	0.765476	0.004412	0.625158	0.343306	0.869095	0.278334	0.764045	0.061200	
4987000	-461.004631	1	3955	0.665177	0.000000	0.665177	0.665177	0.665177	0.665177	0.665177	0.035358	1	0.239937	0.250046	0.249970	0.260047	0.459748	0.994057	0.174680	0.485316	0.268646	0.725935	0.661615	0.502862	
4988000	-461.158441	1	792	0.585042	0.000000	0.585042	0.585042	0.585042	0.585042	0.585042	0.031817	1	0.231055	0.250108	0.249630	0.269207	0.052012	0.683962	0.173138	0.502597	0.423649	0.973167	0.334087	0.972598	
4989000	-461.215573	1	3669	0.697577	0.000000	0.697577	0.697577	0.697577	0.697577	0.697577	0.024636	1	0.241839	0.249998	0.250040	0.258123	0.001287	0.366823	0.771123	0.315167	0.354308	0.196187	0.872433	0.057281	
4990000	-461.029021	1	911	0.674713	0.000000	0.674713	0.674713	0.674713	0.674713	0.674713	0.034103	1	0.240613	0.250037	0.249987	0.259363	0.389505	0.825230	0.897875	0.466896	0.222614	0.915782	0.926779	0.317806	
4991000	-461.652329	1	978	0.674241	0.000000	0.674241	0.674241	0.017345	0.674241	0.674241	0.017345	1	0.247671	0.254507	0.236800	0.261022	0.623254	0.216816	0.902736	0.475045	0.840009	0.886885	0.590329	0.962761	
4992000	-460.677807	1	1573	0.660450	0.010667	0.660450	0.660450	0.010667	0.660450	0.660450	0.010667	1	0.249002	0.256159	0.231939	0.262900	0.417052	0.619982	0.474065	0.691873	0.492216	0.832411	0.755511	0.411241	
4993000	-461.062528	1	3204	0.703185	0.016565	0.703185	0.703185	0.000000	0.703185	0.703185	0.016565	1	0.251041	0.255570	0.233845	0.259544	0.349780	0.145192	0.226727	0.600092	0.493436	0.543499	0.632226	0.289181	
4994000	-461.370632	1	3522	0.705905	0.024234	0.705905	0.705905	0.705905	0.024234	0.705905	0.000000	1	0.254371	0.264524	0.207095	0.274009	0.080440	0.202281	0.569711	0.290560	0.347869	0.557411	0.074547	0.810312	
4995000	-461.602945	1	1876	0.665284	0.000000	0.665284	0.665284	0.020986	0.665284	0.665284	0.020986	1	0.248934	0.255417	0.234222	0.261426	0.454940	0.465101	0.514141	0.930939	0.313209	0.134734	0.746138	0.424776	
4996000	-462.192436	1	2391	0.595290	0.013052	0.595290	0.595290	0.000000	0.013052	0.595290	0.000000	1	0.293423	0.334230	0.000256	0.372092	0.313188	0.192922	0.997127	0.405067	0.810468	0.587173	0.321257	0.509733	
4997000	-460.799118	1	3140	0.598755	0.031118	0.598755	0.598755	0.598755	0.598755	0.598755	0.000000	1	0.242924	0.249967	0.250077	0.257032	0.842090	0.745464	0.541556	0.763614	0.722089	0.153313	0.497309	0.001275	
4998000	-461.538620	1	1183	0.602773	0.016098	0.602773	0.602773	0.602773	0.602773	0.602773	0.000000	1	0.242774	0.249721	0.250895	0.256610	0.090643	0.384815	0.034781	0.077029	0.237197	0.392330	0.878077	0.725454	
4999000	-460.957442	1	2654	0.679065	0.024809	0.679065	0.679065	0.679065	0.679065	0.679065	0.000000	1	0.246554	0.249943	0.250151	0.253352	0.237852	0.059207	0.145675	0.073089	0.767423	0.008364	0.041241	0.252565	
5000000	-460.936567	1	1171	0.685259	0.012672	0.685259	0.685259	0.685259	0.012672	0.685259	0.012672	1	0.257666	0.266420	0.201857	0.274058	0.893611	0.474385	0.140002	0.633903	0.146649	0.599534	0.368098	0.154972	
