Iteration	Lh	Tree No	No Off Parmeters	No Off Zero	Model string	Dep / InDep	q12	q13	q21	q24	q31	q34	q42	q43	Root - P(0,0)	Root - P(0,1)	Root - P(1,0)	Root - P(1,1)	RJRates - Mean	
1000000	-462.540680	1	2	2	'1 0 1 1 Z 0 1 Z 	D	0.515622	0.018905	0.515622	0.515622	0.000000	0.018905	0.515622	0.000000	0.262184	0.333449	0.000597	0.403770	0.249347	
1001000	-460.156814	1	2	1	'1 Z 1 1 1 1 1 0 	D	0.560169	0.000000	0.560169	0.560169	0.560169	0.560169	0.560169	0.024928	0.227449	0.250057	0.249528	0.272966	0.442429	
1002000	-459.441169	1	2	1	'1 0 1 1 1 1 1 Z 	D	0.617904	0.047661	0.617904	0.617904	0.617904	0.617904	0.617904	0.000000	0.245077	0.250033	0.249861	0.255028	0.572545	
1003000	-461.122584	1	2	1	'0 1 0 0 0 0 0 Z 	D	0.510290	0.028824	0.510290	0.510290	0.510290	0.510290	0.510290	0.000000	0.236038	0.250322	0.249515	0.264125	0.315060	
1004000	-459.706243	1	2	1	'0 1 0 0 0 Z 0 1 	D	0.629872	0.007735	0.629872	0.629872	0.629872	0.000000	0.629872	0.007735	0.260428	0.273104	0.181677	0.284790	0.253798	
1005000	-460.191656	1	2	2	'0 1 0 0 0 Z 0 Z 	D	0.710548	0.020666	0.710548	0.710548	0.710548	0.000000	0.710548	0.000000	0.256451	0.265384	0.204500	0.273665	0.415581	
1006000	-459.722924	1	2	1	'0 1 0 0 0 0 0 Z 	D	0.689088	0.025402	0.689088	0.689088	0.689088	0.689088	0.689088	0.000000	0.247386	0.249956	0.250133	0.252525	0.234506	
1007000	-463.519259	1	2	1	'0 Z 0 0 0 0 0 1 	D	0.462506	0.000000	0.462506	0.462506	0.462506	0.462506	0.462506	0.039597	0.208739	0.251757	0.244542	0.294963	0.587815	
1008000	-460.076997	1	2	2	'0 1 0 0 0 Z 0 Z 	D	0.648760	0.026977	0.648760	0.648760	0.648760	0.000000	0.648760	0.000000	0.255717	0.273261	0.181367	0.289656	0.377281	
1009000	-463.217751	1	2	3	'0 Z 0 0 Z Z 0 1 	D	0.660632	0.000000	0.660632	0.660632	0.000000	0.000000	0.660632	0.002967	0.323736	0.333707	0.000000	0.342557	0.885978	
1010000	-459.954546	1	2	0	'0 1 0 0 0 1 0 1 	D	0.611204	0.006478	0.611204	0.611204	0.611204	0.006478	0.611204	0.006478	0.260045	0.274662	0.176869	0.288425	0.309654	
1011000	-462.131793	1	2	1	'0 Z 0 0 1 0 0 1 	D	0.525326	0.000000	0.525326	0.525326	0.021122	0.525326	0.525326	0.021122	0.247244	0.266073	0.203826	0.282857	0.835940	
1012000	-461.618214	1	2	1	'0 1 0 0 0 1 0 Z 	D	0.560896	0.044025	0.560896	0.560896	0.560896	0.044025	0.560896	0.000000	0.240808	0.282075	0.154749	0.322369	0.168072	
1013000	-459.783408	1	2	1	'0 1 0 0 0 Z 0 1 	D	0.599263	0.011005	0.599263	0.599263	0.599263	0.000000	0.599263	0.011005	0.260416	0.277397	0.169591	0.292596	0.642575	
1014000	-461.085000	1	2	2	'0 1 0 0 0 Z 0 Z 	D	0.625147	0.046435	0.625147	0.625147	0.625147	0.000000	0.625147	0.000000	0.248975	0.279850	0.162292	0.308884	0.299566	
1015000	-461.968334	1	2	1	'0 1 0 0 Z 1 0 1 	D	0.701100	0.014868	0.701100	0.701100	0.000000	0.014868	0.701100	0.014868	0.324368	0.336690	0.000290	0.338652	0.474370	
1016000	-460.136741	1	2	1	'0 1 0 0 0 1 0 Z 	D	0.620739	0.021021	0.620739	0.620739	0.620739	0.021021	0.620739	0.000000	0.255435	0.273194	0.181332	0.290039	0.373050	
1017000	-463.507839	1	2	1	'0 1 0 0 0 Z 0 1 	D	0.566072	0.033188	0.566072	0.566072	0.566072	0.000000	0.566072	0.033188	0.257931	0.284312	0.154521	0.303237	0.704164	
1018000	-461.384368	1	2	2	'0 Z 0 0 1 Z 0 1 	D	0.614075	0.000000	0.614075	0.614075	0.011323	0.000000	0.614075	0.011323	0.333222	0.334962	0.000152	0.331664	0.403422	
1019000	-461.517432	1	2	3	'0 1 0 0 Z Z 0 Z 	D	0.577584	0.023542	0.577584	0.577584	0.000000	0.000000	0.577584	0.000000	0.270218	0.334477	0.000000	0.395305	0.463163	
1020000	-461.151488	1	2	1	'0 1 0 0 1 1 0 Z 	D	0.622995	0.025586	0.622995	0.622995	0.025586	0.025586	0.622995	0.000000	0.280640	0.333864	0.003007	0.382489	0.319592	
1021000	-462.221490	1	2	1	'0 Z 0 0 1 1 0 1 	D	0.630872	0.000000	0.630872	0.630872	0.026190	0.026190	0.630872	0.026190	0.355771	0.335182	0.003149	0.305898	0.233164	
1022000	-460.877518	1	2	1	'0 Z 0 0 1 0 0 1 	D	0.655990	0.000000	0.655990	0.655990	0.010429	0.655990	0.655990	0.010429	0.245643	0.254649	0.236209	0.263499	0.636431	
1023000	-461.671094	1	2	2	'0 1 0 0 Z 1 0 Z 	D	0.742213	0.025788	0.742213	0.742213	0.000000	0.025788	0.742213	0.000000	0.298851	0.334991	0.000950	0.365208	0.634262	
1024000	-462.246870	1	2	1	'0 1 0 0 0 0 0 Z 	D	0.751702	0.111751	0.751702	0.751702	0.751702	0.751702	0.751702	0.000000	0.248633	0.249987	0.249948	0.251432	0.510176	
1025000	-461.483711	1	2	1	'0 1 0 0 Z 1 0 1 	D	0.631429	0.002488	0.631429	0.631429	0.000000	0.002488	0.631429	0.002488	0.319548	0.333964	0.000008	0.346480	0.544500	
1026000	-460.869707	1	2	1	'0 Z 0 0 1 0 0 1 	D	0.738312	0.000000	0.738312	0.738312	0.014996	0.738312	0.738312	0.014996	0.248028	0.252150	0.243680	0.256142	0.184177	
1027000	-463.246542	1	2	0	'0 1 0 0 1 0 0 1 	D	0.770860	0.039027	0.770860	0.770860	0.039027	0.770860	0.770860	0.039027	0.251700	0.253267	0.240871	0.254162	0.481790	
1028000	-463.029362	1	2	2	'0 Z 0 0 Z 0 0 1 	D	0.863852	0.000000	0.863852	0.863852	0.000000	0.863852	0.863852	0.011524	0.247627	0.249418	0.251745	0.251211	0.958200	
1029000	-460.451794	1	2	2	'0 Z 0 0 Z 0 0 1 	D	0.690424	0.000000	0.690424	0.690424	0.000000	0.690424	0.690424	0.020391	0.251396	0.255992	0.232475	0.260136	0.229436	
1030000	-461.127614	1	2	1	'0 1 0 0 1 1 0 Z 	D	0.577010	0.017622	0.577010	0.577010	0.017622	0.017622	0.577010	0.000000	0.283071	0.333921	0.001460	0.381547	0.643509	
1031000	-459.993860	1	2	1	'0 1 0 0 0 1 0 Z 	D	0.653566	0.022058	0.653566	0.653566	0.653566	0.022058	0.653566	0.000000	0.255393	0.269336	0.192824	0.282447	0.223362	
1032000	-461.092707	1	2	0	'0 1 0 0 0 0 0 1 	D	0.811890	0.019434	0.811890	0.811890	0.811890	0.811890	0.811890	0.019434	0.248046	0.249998	0.250002	0.251955	0.401998	
1033000	-459.570039	1	2	0	'0 1 0 0 1 0 0 1 	D	0.705831	0.010774	0.705831	0.705831	0.010774	0.705831	0.705831	0.010774	0.250207	0.254584	0.236551	0.258659	0.267471	
1034000	-461.229484	1	2	1	'0 Z 0 0 1 0 0 1 	D	0.604103	0.000000	0.604103	0.604103	0.036116	0.604103	0.604103	0.036116	0.256996	0.261344	0.217731	0.263928	0.955974	
1035000	-460.388312	1	2	1	'0 1 0 0 0 1 0 Z 	D	0.612300	0.015656	0.612300	0.612300	0.612300	0.015656	0.612300	0.000000	0.257391	0.273930	0.178973	0.289706	0.397610	
1036000	-460.188410	1	2	1	'0 1 0 0 0 1 0 Z 	D	0.657453	0.034777	0.657453	0.657453	0.657453	0.034777	0.657453	0.000000	0.251920	0.269438	0.192825	0.285816	0.368096	
1037000	-460.724435	1	2	0	'0 1 0 0 1 1 0 1 	D	0.686841	0.009311	0.686841	0.686841	0.009311	0.009311	0.686841	0.009311	0.323827	0.335388	0.000422	0.340363	0.512918	
1038000	-462.220256	1	2	3	'0 1 0 0 Z Z 0 Z 	D	0.543384	0.007614	0.543384	0.543384	0.000000	0.000000	0.543384	0.000000	0.294775	0.333957	0.000000	0.371268	0.378179	
1039000	-459.840033	1	2	1	'0 1 0 0 0 0 0 Z 	D	0.569664	0.044805	0.569664	0.569664	0.569664	0.569664	0.569664	0.000000	0.242187	0.250140	0.249609	0.258065	0.735920	
1040000	-460.256388	1	2	1	'0 1 0 0 0 0 0 Z 	D	0.730909	0.023063	0.730909	0.730909	0.730909	0.730909	0.730909	0.000000	0.248212	0.249966	0.250097	0.251724	0.420606	
1041000	-462.183292	1	2	1	'0 1 0 0 0 0 0 Z 	D	0.853082	0.070043	0.853082	0.853082	0.853082	0.853082	0.853082	0.000000	0.249450	0.249995	0.249994	0.250561	0.542226	
1042000	-459.842459	1	2	1	'0 1 0 0 0 0 0 Z 	D	0.662152	0.065488	0.662152	0.662152	0.662152	0.662152	0.662152	0.000000	0.246801	0.250009	0.249884	0.253306	0.944466	
1043000	-459.489700	1	2	1	'0 1 0 0 0 0 0 Z 	D	0.640414	0.026046	0.640414	0.640414	0.640414	0.640414	0.640414	0.000000	0.245877	0.249940	0.250207	0.253977	0.215568	
1044000	-459.346210	1	2	1	'0 1 0 0 0 0 0 Z 	D	0.622585	0.041747	0.622585	0.622585	0.622585	0.622585	0.622585	0.000000	0.245263	0.250014	0.249940	0.254782	0.382795	
1045000	-460.767013	1	2	3	'0 1 0 0 Z Z 0 Z 	D	0.705587	0.012574	0.705587	0.705587	0.000000	0.000000	0.705587	0.000000	0.310614	0.334515	0.000000	0.354871	0.954598	
1046000	-459.873574	1	2	1	'0 Z 0 0 0 0 0 1 	D	0.654084	0.000000	0.654084	0.654084	0.654084	0.654084	0.654084	0.019117	0.238739	0.249950	0.250104	0.261207	0.293789	
1047000	-460.226552	1	2	1	'0 Z 0 0 0 0 0 1 	D	0.662592	0.000000	0.662592	0.662592	0.662592	0.662592	0.662592	0.014932	0.239257	0.249910	0.250197	0.260636	0.539869	
1048000	-460.561484	1	2	1	'0 1 0 0 Z 0 0 1 	D	0.732509	0.022143	0.732509	0.732509	0.000000	0.732509	0.732509	0.022143	0.252291	0.255195	0.235066	0.257447	0.815865	
1049000	-460.674057	1	2	1	'0 1 0 0 0 0 0 Z 	D	0.784508	0.053008	0.784508	0.784508	0.784508	0.784508	0.784508	0.000000	0.248963	0.249992	0.249996	0.251049	0.431022	
1050000	-460.407836	1	2	2	'0 1 0 0 0 Z 0 Z 	D	0.743363	0.025925	0.743363	0.743363	0.743363	0.000000	0.743363	0.000000	0.255168	0.263134	0.211264	0.270433	0.430962	
1051000	-461.068681	1	2	0	'0 1 0 0 0 1 0 1 	D	0.715295	0.003729	0.715295	0.715295	0.715295	0.003729	0.715295	0.003729	0.257488	0.263287	0.210376	0.268849	0.588516	
1052000	-460.043545	1	2	2	'0 1 0 0 0 Z 0 Z 	D	0.659803	0.026097	0.659803	0.659803	0.659803	0.000000	0.659803	0.000000	0.256020	0.271743	0.185838	0.286399	0.147889	
1053000	-460.548881	1	2	1	'0 1 0 0 0 0 0 Z 	D	0.770701	0.057470	0.770701	0.770701	0.770701	0.770701	0.770701	0.000000	0.248831	0.249992	0.249991	0.251187	0.784540	
1054000	-462.051769	1	2	0	'0 1 0 0 0 0 0 1 	D	0.824872	0.035708	0.824872	0.824872	0.824872	0.824872	0.824872	0.035708	0.248462	0.250001	0.249994	0.251543	0.640359	
1055000	-460.436184	1	2	1	'0 1 0 0 0 1 0 Z 	D	0.748246	0.029132	0.748246	0.748246	0.748246	0.029132	0.748246	0.000000	0.253358	0.260931	0.217812	0.267900	0.401206	
1056000	-460.563595	1	2	2	'0 1 0 0 0 Z 0 Z 	D	0.598912	0.031729	0.598912	0.598912	0.598912	0.000000	0.598912	0.000000	0.252295	0.281000	0.158413	0.308293	0.854526	
1057000	-459.894645	1	2	1	'0 Z 0 0 0 0 0 1 	D	0.670702	0.000000	0.670702	0.670702	0.670702	0.670702	0.670702	0.041586	0.241087	0.250063	0.249966	0.258884	0.295672	
1058000	-460.995389	1	2	1	'0 1 0 0 1 Z 0 1 	D	0.725312	0.009067	0.725312	0.725312	0.009067	0.000000	0.725312	0.009067	0.326268	0.335336	0.000097	0.338299	0.679847	
1059000	-461.082498	1	2	1	'0 1 0 0 1 1 0 Z 	D	0.638190	0.025360	0.638190	0.638190	0.025360	0.025360	0.638190	0.000000	0.284076	0.333971	0.002958	0.378996	0.919472	
1060000	-463.277673	1	2	1	'0 1 0 0 0 0 0 Z 	D	0.458345	0.026596	0.458345	0.458345	0.458345	0.458345	0.458345	0.000000	0.227619	0.251212	0.247694	0.273476	0.537791	
1061000	-459.974828	1	2	0	'0 1 0 0 0 0 0 1 	D	0.733416	0.013489	0.733416	0.733416	0.733416	0.733416	0.733416	0.013489	0.246031	0.249987	0.250021	0.253961	0.279601	
1062000	-461.741528	1	2	0	'0 1 0 0 1 1 0 1 	D	0.631349	0.002175	0.631349	0.631349	0.002175	0.002175	0.631349	0.002175	0.319556	0.333871	0.000023	0.346550	0.229844	
1063000	-460.962731	1	2	1	'0 1 0 0 1 1 0 Z 	D	0.659445	0.008114	0.659445	0.659445	0.008114	0.008114	0.659445	0.000000	0.312882	0.334021	0.000320	0.352776	0.155261	
1064000	-460.088528	1	2	1	'0 1 0 0 0 1 0 Z 	D	0.639567	0.029572	0.639567	0.639567	0.639567	0.029572	0.639567	0.000000	0.252950	0.271303	0.187180	0.288567	0.344575	
1065000	-461.259387	1	2	1	'0 Z 0 0 0 0 0 1 	D	0.790539	0.000000	0.790539	0.790539	0.790539	0.790539	0.790539	0.043181	0.246623	0.250019	0.250017	0.253342	0.886558	
1066000	-460.774668	1	2	1	'0 1 0 0 0 0 0 Z 	D	0.793045	0.035360	0.793045	0.793045	0.793045	0.793045	0.793045	0.000000	0.249012	0.249990	0.250015	0.250983	0.214354	
1067000	-459.856698	1	2	0	'0 1 0 0 0 1 0 1 	D	0.720944	0.012039	0.720944	0.720944	0.720944	0.012039	0.720944	0.012039	0.256910	0.262900	0.212111	0.268079	0.410747	
1068000	-460.305162	1	2	0	'0 1 0 0 0 0 0 1 	D	0.546989	0.009157	0.546989	0.546989	0.546989	0.546989	0.546989	0.009157	0.230813	0.249923	0.249840	0.269424	0.683293	
1069000	-459.915094	1	2	1	'0 1 0 0 0 Z 0 1 	D	0.725961	0.010141	0.725961	0.725961	0.725961	0.000000	0.725961	0.010141	0.257562	0.263251	0.210942	0.268246	0.213257	
1070000	-460.620083	1	2	1	'0 Z 0 0 0 0 0 1 	D	0.732182	0.000000	0.732182	0.732182	0.732182	0.732182	0.732182	0.018336	0.243956	0.249982	0.250070	0.255992	0.396682	
1071000	-463.114764	1	2	1	'0 1 0 0 1 1 0 Z 	D	0.522919	0.031177	0.522919	0.522919	0.031177	0.031177	0.522919	0.000000	0.242999	0.331567	0.004361	0.421073	0.476536	
1072000	-460.476866	1	2	1	'0 1 0 0 0 1 0 Z 	D	0.754081	0.023610	0.754081	0.754081	0.754081	0.023610	0.754081	0.000000	0.253975	0.260288	0.219616	0.266121	0.816141	
1073000	-460.812721	1	2	3	'0 1 0 0 Z Z 0 Z 	D	0.612805	0.017920	0.612805	0.612805	0.000000	0.000000	0.612805	0.000000	0.288805	0.334691	0.000000	0.376503	0.093143	
1074000	-459.792818	1	2	0	'0 1 0 0 1 0 0 1 	D	0.732494	0.013116	0.732494	0.732494	0.013116	0.732494	0.732494	0.013116	0.250447	0.253788	0.238929	0.256835	0.554567	
1075000	-463.810203	1	2	1	'0 Z 0 0 1 0 0 1 	D	0.568400	0.000000	0.568400	0.568400	0.060957	0.568400	0.568400	0.060957	0.270070	0.266333	0.204800	0.258797	0.408207	
1076000	-459.770208	1	2	1	'0 1 0 0 0 0 0 Z 	D	0.665196	0.062955	0.665196	0.665196	0.665196	0.665196	0.665196	0.000000	0.246890	0.250007	0.249899	0.253205	0.248814	
1077000	-461.872097	1	2	2	'0 1 0 0 0 Z 0 Z 	D	0.595190	0.053086	0.595190	0.595190	0.595190	0.000000	0.595190	0.000000	0.243236	0.285519	0.145202	0.326043	0.275025	
1078000	-461.297996	1	2	1	'0 1 0 0 1 1 0 Z 	D	0.665615	0.028014	0.665615	0.665615	0.028014	0.028014	0.665615	0.000000	0.285718	0.333963	0.003583	0.376737	0.091701	
1079000	-460.773651	1	2	1	'0 1 0 0 Z 1 0 1 	D	0.687983	0.009444	0.687983	0.687983	0.000000	0.009444	0.687983	0.009444	0.323996	0.335556	0.000118	0.340330	0.245683	
1080000	-460.966805	1	2	2	'0 1 0 0 0 Z 0 Z 	D	0.639621	0.009383	0.639621	0.639621	0.639621	0.000000	0.639621	0.000000	0.260235	0.271096	0.187186	0.281483	0.433923	
1081000	-461.601009	1	2	1	'0 1 0 0 Z 0 0 1 	D	0.513219	0.014896	0.513219	0.513219	0.000000	0.513219	0.513219	0.014896	0.247410	0.269684	0.193710	0.289196	0.120811	
1082000	-462.158176	1	2	2	'0 Z 0 0 Z 0 0 1 	D	0.528762	0.000000	0.528762	0.528762	0.000000	0.528762	0.528762	0.021041	0.250964	0.268496	0.196774	0.283766	0.514962	
1083000	-460.776308	1	2	1	'0 1 0 0 0 0 0 Z 	D	0.787903	0.056165	0.787903	0.787903	0.787903	0.787903	0.787903	0.000000	0.248998	0.249993	0.249994	0.251015	0.231114	
1084000	-459.308266	1	2	1	'0 1 0 0 0 0 0 Z 	D	0.633281	0.039392	0.633281	0.633281	0.633281	0.633281	0.633281	0.000000	0.245707	0.249999	0.249988	0.254305	0.717705	
1085000	-460.506273	1	2	1	'0 1 0 0 0 0 0 Z 	D	0.532587	0.041574	0.532587	0.532587	0.532587	0.532587	0.532587	0.000000	0.238874	0.250333	0.249176	0.261617	0.121100	
1086000	-459.575757	1	2	1	'0 1 0 0 0 0 0 Z 	D	0.655162	0.056554	0.655162	0.655162	0.655162	0.655162	0.655162	0.000000	0.246568	0.250009	0.249903	0.253520	0.336804	
1087000	-462.766015	1	2	3	'0 1 0 0 Z Z 0 Z 	D	0.626260	0.039185	0.626260	0.626260	0.000000	0.000000	0.626260	0.000000	0.257557	0.334970	0.000000	0.407473	0.183703	
1088000	-461.241473	1	2	1	'0 1 0 0 1 Z 0 1 	D	0.603116	0.011890	0.603116	0.603116	0.011890	0.000000	0.603116	0.011890	0.315171	0.336651	0.000155	0.348023	0.123231	
1089000	-461.205941	1	2	1	'0 1 0 0 0 Z 0 1 	D	0.802900	0.018139	0.802900	0.802900	0.802900	0.000000	0.802900	0.018139	0.255016	0.258182	0.226152	0.260650	0.880827	
1090000	-460.399384	1	2	1	'0 Z 0 0 0 0 0 1 	D	0.568606	0.000000	0.568606	0.568606	0.568606	0.568606	0.568606	0.015822	0.227799	0.249785	0.250141	0.272275	0.697439	
1091000	-460.357114	1	2	1	'0 1 0 0 0 0 0 Z 	D	0.717265	0.019226	0.717265	0.717265	0.717265	0.717265	0.717265	0.000000	0.247946	0.249947	0.250162	0.251945	0.358927	
1092000	-460.366226	1	2	1	'0 1 0 0 0 1 0 Z 	D	0.624147	0.035738	0.624147	0.624147	0.624147	0.035738	0.624147	0.000000	0.250352	0.273391	0.181092	0.295164	0.501344	
1093000	-462.139387	1	2	0	'0 1 0 0 0 1 0 1 	D	0.559393	0.002589	0.559393	0.559393	0.559393	0.002589	0.559393	0.002589	0.260054	0.281970	0.154226	0.303750	0.653990	
1094000	-459.648378	1	2	1	'0 1 0 0 0 0 0 Z 	D	0.705375	0.047368	0.705375	0.705375	0.705375	0.705375	0.705375	0.000000	0.247842	0.249990	0.249991	0.252176	0.228715	
1095000	-460.688502	1	2	2	'0 1 0 0 0 Z 0 Z 	D	0.712866	0.041374	0.712866	0.712866	0.712866	0.000000	0.712866	0.000000	0.253455	0.268015	0.197249	0.281281	0.642220	
1096000	-460.597708	1	2	1	'0 1 0 0 0 1 0 Z 	D	0.610766	0.013123	0.610766	0.610766	0.610766	0.013123	0.610766	0.000000	0.258406	0.273937	0.178863	0.288794	0.316682	
1097000	-460.856271	1	2	1	'0 1 0 0 0 1 0 Z 	D	0.565330	0.018805	0.565330	0.565330	0.565330	0.018805	0.565330	0.000000	0.254339	0.280663	0.158920	0.306078	0.202702	
1098000	-459.992300	1	2	0	'0 1 0 0 0 0 0 1 	D	0.693331	0.030119	0.693331	0.693331	0.693331	0.693331	0.693331	0.030119	0.245148	0.250020	0.249923	0.254910	0.525375	
1099000	-459.843991	1	2	0	'0 1 0 0 1 0 0 1 	D	0.681201	0.006417	0.681201	0.681201	0.006417	0.681201	0.681201	0.006417	0.249159	0.254967	0.235292	0.260583	0.583522	
1100000	-465.036618	1	2	1	'0 Z 0 0 0 0 0 1 	D	0.469717	0.000000	0.469717	0.469717	0.469717	0.469717	0.469717	0.069603	0.216948	0.252422	0.244887	0.285742	0.403706	
1101000	-460.241673	1	2	1	'0 Z 0 0 0 0 0 1 	D	0.559240	0.000000	0.559240	0.559240	0.559240	0.559240	0.559240	0.021287	0.226869	0.249968	0.249677	0.273486	0.273183	
1102000	-460.505468	1	2	2	'0 1 0 0 0 Z 0 Z 	D	0.591433	0.018360	0.591433	0.591433	0.591433	0.000000	0.591433	0.000000	0.257313	0.279402	0.162768	0.300517	0.822974	
1103000	-461.887459	1	2	1	'0 Z 0 0 0 0 0 1 	D	0.510724	0.000000	0.510724	0.510724	0.510724	0.510724	0.510724	0.046786	0.221223	0.250871	0.247723	0.280184	0.788918	
1104000	-460.122955	1	2	2	'0 1 0 0 0 Z 0 Z 	D	0.629034	0.024361	0.629034	0.629034	0.629034	0.000000	0.629034	0.000000	0.256142	0.275352	0.175068	0.293439	0.181594	
1105000	-460.658604	1	2	2	'0 Z 0 0 Z 0 0 1 	D	0.704814	0.000000	0.704814	0.704814	0.000000	0.704814	0.704814	0.027752	0.253950	0.256535	0.231000	0.258514	0.924183	
1106000	-459.669757	1	2	0	'0 1 0 0 0 0 0 1 	D	0.581251	0.010666	0.581251	0.581251	0.581251	0.581251	0.581251	0.010666	0.235643	0.249954	0.249914	0.264488	0.808513	
1107000	-460.401782	1	2	1	'0 Z 0 0 1 0 0 1 	D	0.673033	0.000000	0.673033	0.673033	0.025601	0.673033	0.673033	0.025601	0.251557	0.256032	0.232510	0.259901	0.772862	
1108000	-459.527489	1	2	1	'0 1 0 0 Z 0 0 1 	D	0.655912	0.014628	0.655912	0.655912	0.000000	0.655912	0.655912	0.014628	0.251844	0.258237	0.226082	0.263837	0.668462	
1109000	-462.198751	1	2	1	'0 1 0 0 Z 0 0 1 	D	0.671173	0.034051	0.671173	0.671173	0.000000	0.671173	0.671173	0.034051	0.254979	0.259172	0.224382	0.261467	0.748231	
1110000	-460.588255	1	2	1	'0 1 0 0 1 1 0 Z 	D	0.655609	0.016626	0.655609	0.655609	0.016626	0.016626	0.655609	0.000000	0.299511	0.334252	0.001307	0.364930	0.672465	
1111000	-462.021698	1	2	2	'1 0 1 1 Z Z 1 0 	D	0.530759	0.009721	0.530759	0.530759	0.000000	0.000000	0.530759	0.009721	0.302014	0.336592	0.000000	0.361394	0.888119	
1112000	-460.375859	1	2	1	'1 Z 1 1 1 1 1 0 	D	0.578844	0.000000	0.578844	0.578844	0.578844	0.578844	0.578844	0.046182	0.232325	0.250276	0.249449	0.267949	0.501199	
1113000	-461.132581	1	2	2	'1 Z 1 1 Z 1 1 0 	D	0.626293	0.000000	0.626293	0.626293	0.000000	0.626293	0.626293	0.034681	0.260513	0.263075	0.212481	0.263931	0.711450	
1114000	-460.634887	1	2	1	'1 Z 1 1 1 1 1 0 	D	0.758038	0.000000	0.758038	0.758038	0.758038	0.758038	0.758038	0.035795	0.245457	0.250018	0.250020	0.254505	0.583115	
1115000	-462.612973	1	2	1	'1 Z 1 1 0 1 1 0 	D	0.524671	0.000000	0.524671	0.524671	0.009845	0.524671	0.524671	0.009845	0.237754	0.263685	0.209175	0.289386	0.911762	
1116000	-460.310204	1	2	2	'1 0 1 1 1 Z 1 Z 	D	0.611725	0.017943	0.611725	0.611725	0.611725	0.000000	0.611725	0.000000	0.257933	0.276450	0.171568	0.294048	0.271869	
1117000	-461.441904	1	2	1	'1 0 1 1 1 0 1 Z 	D	0.569605	0.010321	0.569605	0.569605	0.569605	0.010321	0.569605	0.000000	0.259254	0.279397	0.162457	0.298892	0.614345	
1118000	-464.807376	1	2	1	'1 0 1 1 0 0 1 Z 	D	0.517747	0.047147	0.517747	0.517747	0.047147	0.047147	0.517747	0.000000	0.217665	0.328066	0.009523	0.444746	0.183400	
1119000	-460.227257	1	2	1	'1 0 1 1 1 1 1 Z 	D	0.568705	0.019758	0.568705	0.568705	0.568705	0.568705	0.568705	0.000000	0.241657	0.249804	0.250796	0.257742	0.709012	
1120000	-460.613162	1	2	1	'1 0 1 1 1 0 1 Z 	D	0.696297	0.044217	0.696297	0.696297	0.696297	0.044217	0.696297	0.000000	0.250712	0.265700	0.204040	0.279548	0.543717	
1121000	-459.451853	1	2	1	'1 0 1 1 1 1 1 Z 	D	0.682540	0.043833	0.682540	0.682540	0.682540	0.682540	0.682540	0.000000	0.247318	0.249990	0.249995	0.252697	0.259549	
1122000	-460.444576	1	2	1	'1 Z 1 1 1 1 1 0 	D	0.736047	0.000000	0.736047	0.736047	0.736047	0.736047	0.736047	0.041604	0.244708	0.250030	0.250014	0.255247	0.463428	
1123000	-460.185078	1	2	1	'1 Z 1 1 1 1 1 0 	D	0.597475	0.000000	0.597475	0.597475	0.597475	0.597475	0.597475	0.015275	0.232131	0.249816	0.250250	0.267802	0.426673	
1124000	-459.351708	1	2	0	'1 0 1 1 1 1 1 0 	D	0.614117	0.012138	0.614117	0.614117	0.614117	0.614117	0.614117	0.012138	0.239167	0.249972	0.249955	0.260905	0.820116	
1125000	-459.833342	1	2	1	'1 0 1 1 1 1 1 Z 	D	0.651845	0.065514	0.651845	0.651845	0.651845	0.651845	0.651845	0.000000	0.246471	0.250015	0.249858	0.253656	0.784648	
1126000	-461.245896	1	2	2	'1 0 1 1 Z 0 1 Z 	D	0.616518	0.025608	0.616518	0.616518	0.000000	0.025608	0.616518	0.000000	0.278191	0.334519	0.001022	0.386268	0.516215	
1127000	-461.767969	1	2	1	'1 0 1 1 0 Z 1 0 	D	0.611453	0.002244	0.611453	0.611453	0.002244	0.000000	0.611453	0.002244	0.317134	0.333908	0.000006	0.348952	0.416239	
1128000	-461.014793	1	2	1	'1 0 1 1 0 Z 1 0 	D	0.585563	0.009659	0.585563	0.585563	0.009659	0.000000	0.585563	0.009659	0.312758	0.336131	0.000101	0.351010	0.822869	
1129000	-459.836526	1	2	0	'1 0 1 1 1 0 1 0 	D	0.702085	0.014646	0.702085	0.702085	0.702085	0.014646	0.702085	0.014646	0.257246	0.264436	0.207825	0.270493	0.451215	
1130000	-459.764545	1	2	1	'1 0 1 1 1 1 1 Z 	D	0.642519	0.020613	0.642519	0.642519	0.642519	0.642519	0.642519	0.000000	0.245882	0.249894	0.250360	0.253864	0.848309	
1131000	-460.610593	1	2	1	'1 0 1 1 1 Z 1 0 	D	0.786456	0.011530	0.786456	0.786456	0.786456	0.000000	0.786456	0.011530	0.255512	0.258939	0.223678	0.261871	0.744276	
1132000	-460.065074	1	2	1	'1 Z 1 1 1 1 1 0 	D	0.577889	0.000000	0.577889	0.577889	0.577889	0.577889	0.577889	0.019592	0.229715	0.249915	0.249929	0.270441	0.405806	
1133000	-461.661486	1	2	1	'1 0 1 1 1 1 1 Z 	D	0.649450	0.107966	0.649450	0.649450	0.649450	0.649450	0.649450	0.000000	0.246349	0.250012	0.249737	0.253901	0.866899	
1134000	-461.323977	1	2	2	'1 0 1 1 Z 0 1 Z 	D	0.574170	0.020658	0.574170	0.574170	0.000000	0.020658	0.574170	0.000000	0.276221	0.334205	0.000676	0.388898	0.611129	
1135000	-460.239713	1	2	1	'0 1 0 0 0 1 0 Z 	D	0.725167	0.028694	0.725167	0.725167	0.725167	0.028694	0.725167	0.000000	0.253638	0.262700	0.212593	0.271069	0.797080	
1136000	-460.697671	1	2	2	'0 1 0 0 0 Z 0 Z 	D	0.735934	0.014305	0.735934	0.735934	0.735934	0.000000	0.735934	0.000000	0.256427	0.262185	0.213824	0.267565	0.720291	
1137000	-463.501616	1	2	1	'0 1 0 0 Z 1 0 1 	D	0.535594	0.017098	0.535594	0.535594	0.000000	0.017098	0.535594	0.017098	0.302956	0.338863	0.000420	0.357761	0.338167	
1138000	-459.615228	1	2	0	'0 1 0 0 0 1 0 1 	D	0.677222	0.009248	0.677222	0.677222	0.677222	0.009248	0.677222	0.009248	0.258455	0.266965	0.199954	0.274626	0.698302	
1139000	-460.151961	1	2	1	'0 1 0 0 0 Z 0 1 	D	0.747031	0.009517	0.747031	0.747031	0.747031	0.000000	0.747031	0.009517	0.256822	0.261537	0.215941	0.265700	0.642820	
1140000	-461.887007	1	2	2	'0 1 0 0 0 Z 0 Z 	D	0.773559	0.054759	0.773559	0.773559	0.773559	0.000000	0.773559	0.000000	0.252176	0.263764	0.209947	0.274113	0.388060	
1141000	-459.633658	1	2	1	'0 1 0 0 0 Z 0 1 	D	0.663632	0.013178	0.663632	0.663632	0.663632	0.000000	0.663632	0.013178	0.259468	0.269473	0.193021	0.278038	0.697697	
1142000	-460.823704	1	2	1	'0 1 0 0 1 1 0 Z 	D	0.667383	0.009208	0.667383	0.667383	0.009208	0.009208	0.667383	0.000000	0.312035	0.334078	0.000411	0.353476	0.696586	
1143000	-462.336291	1	2	3	'0 1 0 0 Z Z 0 Z 	D	0.668268	0.035751	0.668268	0.668268	0.000000	0.000000	0.668268	0.000000	0.272661	0.335503	0.000000	0.391837	0.612979	
1144000	-459.998510	1	2	0	'0 1 0 0 0 0 0 1 	D	0.611651	0.030928	0.611651	0.611651	0.611651	0.611651	0.611651	0.030928	0.240521	0.250118	0.249601	0.259761	0.917507	
1145000	-459.384991	1	2	1	'0 1 0 0 0 0 0 Z 	D	0.617735	0.031567	0.617735	0.617735	0.617735	0.617735	0.617735	0.000000	0.244957	0.249976	0.250100	0.254966	0.990703	
1146000	-459.657717	1	2	1	'0 1 0 0 0 Z 0 1 	D	0.656850	0.007996	0.656850	0.656850	0.656850	0.000000	0.656850	0.007996	0.259833	0.269916	0.191121	0.279130	0.323541	
1147000	-461.164466	1	2	1	'0 1 0 0 0 0 0 Z 	D	0.507481	0.035690	0.507481	0.507481	0.507481	0.507481	0.507481	0.000000	0.235850	0.250516	0.248866	0.264769	0.443812	
1148000	-459.316480	1	2	0	'0 1 0 0 0 0 0 1 	D	0.641381	0.012429	0.641381	0.641381	0.641381	0.641381	0.641381	0.012429	0.241370	0.249971	0.250003	0.258656	0.513582	
1149000	-459.472870	1	2	1	'0 1 0 0 0 0 0 Z 	D	0.597716	0.040159	0.597716	0.597716	0.597716	0.597716	0.597716	0.000000	0.243987	0.250042	0.249886	0.256085	0.835047	
1150000	-459.516976	1	2	1	'0 1 0 0 Z 0 0 1 	D	0.623384	0.012698	0.623384	0.623384	0.000000	0.623384	0.623384	0.012698	0.251244	0.260003	0.220879	0.267874	0.321450	
1151000	-459.909663	1	2	1	'0 Z 0 0 0 0 0 1 	D	0.698193	0.000000	0.698193	0.698193	0.698193	0.698193	0.698193	0.032743	0.242544	0.250024	0.250013	0.257419	0.703648	
1152000	-460.673644	1	2	2	'0 1 0 0 Z Z 0 1 	D	0.597906	0.005708	0.597906	0.597906	0.000000	0.000000	0.597906	0.005708	0.314994	0.334956	0.000000	0.350050	0.965981	
1153000	-461.248419	1	2	1	'0 Z 0 0 1 0 0 1 	D	0.566619	0.000000	0.566619	0.566619	0.025348	0.566619	0.566619	0.025348	0.251781	0.263043	0.212601	0.272575	0.587055	
1154000	-460.676247	1	2	1	'0 1 0 0 Z 0 0 1 	D	0.566703	0.018607	0.566703	0.566703	0.000000	0.566703	0.566703	0.018607	0.252019	0.265266	0.206489	0.276226	0.275593	
1155000	-459.487834	1	2	0	'0 1 0 0 1 0 0 1 	D	0.620366	0.011950	0.620366	0.620366	0.011950	0.620366	0.620366	0.011950	0.250042	0.259113	0.223430	0.267414	0.137372	
1156000	-462.883225	1	2	3	'0 Z 0 0 Z Z 0 1 	D	0.813734	0.000000	0.813734	0.813734	0.000000	0.000000	0.813734	0.017257	0.345796	0.334925	0.000000	0.319278	0.617025	
1157000	-461.913120	1	2	1	'0 1 0 0 0 1 0 Z 	D	0.598418	0.006557	0.598418	0.598418	0.598418	0.006557	0.598418	0.000000	0.261254	0.274934	0.175631	0.288182	0.416554	
1158000	-460.657139	1	2	0	'0 1 0 0 1 1 0 1 	D	0.652107	0.004283	0.652107	0.652107	0.004283	0.004283	0.652107	0.004283	0.321498	0.334381	0.000091	0.344030	0.419933	
1159000	-464.206633	1	2	2	'0 Z 0 0 Z 1 0 1 	D	0.853932	0.000000	0.853932	0.853932	0.000000	0.024750	0.853932	0.024750	0.350409	0.335075	0.000689	0.313827	0.207257	
1160000	-459.216506	1	2	0	'0 1 0 0 0 0 0 1 	D	0.624259	0.014939	0.624259	0.624259	0.624259	0.624259	0.624259	0.014939	0.240273	0.250004	0.249888	0.259834	0.372596	
1161000	-459.842981	1	2	0	'0 1 0 0 0 0 0 1 	D	0.636202	0.007955	0.636202	0.636202	0.636202	0.636202	0.636202	0.007955	0.240603	0.249886	0.250237	0.259274	0.371213	
1162000	-461.188174	1	2	1	'0 Z 0 0 0 0 0 1 	D	0.793683	0.000000	0.793683	0.793683	0.793683	0.793683	0.793683	0.031553	0.246541	0.250010	0.250020	0.253430	0.240405	
1163000	-462.992853	1	2	2	'0 1 0 0 Z 1 0 Z 	D	0.501284	0.018286	0.501284	0.501284	0.000000	0.018286	0.501284	0.000000	0.258451	0.333219	0.000565	0.407764	0.948906	
1164000	-459.937879	1	2	1	'0 Z 0 0 0 0 0 1 	D	0.675899	0.000000	0.675899	0.675899	0.675899	0.675899	0.675899	0.042232	0.241470	0.250061	0.249972	0.258496	0.568429	
1165000	-462.556957	1	2	2	'0 1 0 0 Z 1 0 Z 	D	0.542426	0.029386	0.542426	0.542426	0.000000	0.029386	0.542426	0.000000	0.251142	0.333134	0.001476	0.414248	0.754044	
1166000	-461.411880	1	2	2	'0 1 0 0 Z Z 0 1 	D	0.773957	0.005559	0.773957	0.773957	0.000000	0.000000	0.773957	0.005559	0.328701	0.334501	0.000000	0.336798	0.808740	
1167000	-460.468724	1	2	1	'0 Z 0 0 0 0 0 1 	D	0.568491	0.000000	0.568491	0.568491	0.568491	0.568491	0.568491	0.045013	0.230802	0.250314	0.249315	0.269568	0.455155	
1168000	-459.939856	1	2	1	'0 Z 0 0 0 0 0 1 	D	0.673966	0.000000	0.673966	0.673966	0.673966	0.673966	0.673966	0.042617	0.241354	0.250063	0.249969	0.258613	0.207361	
1169000	-460.643545	1	2	1	'0 Z 0 0 0 0 0 1 	D	0.594559	0.000000	0.594559	0.594559	0.594559	0.594559	0.594559	0.055351	0.234986	0.250275	0.249587	0.265152	0.486267	
1170000	-460.611137	1	2	1	'0 Z 0 0 1 0 0 1 	D	0.668967	0.000000	0.668967	0.668967	0.031443	0.668967	0.668967	0.031443	0.253463	0.256791	0.230430	0.259317	0.405194	
1171000	-460.202821	1	2	1	'0 1 0 0 0 1 0 Z 	D	0.717420	0.029655	0.717420	0.717420	0.717420	0.029655	0.717420	0.000000	0.253531	0.263384	0.210595	0.272490	0.687605	
1172000	-459.582305	1	2	1	'0 1 0 0 0 0 0 Z 	D	0.588486	0.030895	0.588486	0.588486	0.588486	0.588486	0.588486	0.000000	0.243334	0.249997	0.250087	0.256582	0.368009	
1173000	-461.916359	1	2	2	'0 1 0 0 0 Z 0 Z 	D	0.830944	0.042564	0.830944	0.830944	0.830944	0.000000	0.830944	0.000000	0.252694	0.258555	0.224965	0.263786	0.513951	
1174000	-459.915105	1	2	0	'0 1 0 0 0 0 0 1 	D	0.723274	0.024535	0.723274	0.723274	0.723274	0.723274	0.723274	0.024535	0.246050	0.250005	0.249970	0.253975	0.854418	
1175000	-460.018096	1	2	1	'0 1 0 0 Z 0 0 1 	D	0.692754	0.005908	0.692754	0.692754	0.000000	0.692754	0.692754	0.005908	0.249333	0.254631	0.236267	0.259769	0.288741	
1176000	-460.498410	1	2	1	'0 Z 0 0 0 0 0 1 	D	0.563353	0.000000	0.563353	0.563353	0.563353	0.563353	0.563353	0.043814	0.229941	0.250329	0.249243	0.270487	0.654318	
1177000	-460.382530	1	2	1	'0 Z 0 0 1 0 0 1 	D	0.640594	0.000000	0.640594	0.640594	0.018415	0.640594	0.640594	0.018415	0.249030	0.256907	0.229819	0.264243	0.493163	
1178000	-459.895042	1	2	0	'0 1 0 0 0 1 0 1 	D	0.726252	0.011429	0.726252	0.726252	0.726252	0.011429	0.726252	0.011429	0.256791	0.262484	0.213288	0.267438	0.954880	
1179000	-459.632277	1	2	1	'0 1 0 0 0 0 0 Z 	D	0.706671	0.044701	0.706671	0.706671	0.706671	0.706671	0.706671	0.000000	0.247861	0.249989	0.250000	0.252150	0.872502	
1180000	-459.346452	1	2	1	'0 1 0 0 0 0 0 Z 	D	0.646785	0.044890	0.646785	0.646785	0.646785	0.646785	0.646785	0.000000	0.246248	0.250003	0.249956	0.253793	0.814829	
1181000	-460.796523	1	2	2	'0 1 0 0 Z Z 0 1 	D	0.706020	0.008586	0.706020	0.706020	0.000000	0.000000	0.706020	0.008586	0.325254	0.335361	0.000000	0.339385	0.197012	
1182000	-460.732481	1	2	1	'0 Z 0 0 0 0 0 1 	D	0.539127	0.000000	0.539127	0.539127	0.539127	0.539127	0.539127	0.037659	0.225314	0.250397	0.248814	0.275475	0.476282	
1183000	-460.237094	1	2	1	'0 Z 0 0 0 0 0 1 	D	0.666730	0.000000	0.666730	0.666730	0.666730	0.666730	0.666730	0.015066	0.239612	0.249917	0.250187	0.260285	0.312786	
1184000	-460.393150	1	2	1	'0 1 0 0 0 0 0 Z 	D	0.538867	0.027983	0.538867	0.538867	0.538867	0.538867	0.538867	0.000000	0.239273	0.250092	0.250007	0.260629	0.913493	
1185000	-460.535980	1	2	1	'0 1 0 0 0 1 0 Z 	D	0.606740	0.036214	0.606740	0.606740	0.606740	0.036214	0.606740	0.000000	0.249123	0.275632	0.174390	0.300855	0.665899	
1186000	-461.105719	1	2	1	'0 1 0 0 0 1 0 Z 	D	0.693972	0.053625	0.693972	0.693972	0.693972	0.053625	0.693972	0.000000	0.248861	0.266065	0.203108	0.281966	0.432026	
1187000	-460.597197	1	2	2	'0 1 0 0 Z 1 0 Z 	D	0.638425	0.015018	0.638425	0.638425	0.000000	0.015018	0.638425	0.000000	0.299014	0.334493	0.000329	0.366164	0.945565	
1188000	-459.598414	1	2	1	'0 1 0 0 0 0 0 Z 	D	0.703075	0.035561	0.703075	0.703075	0.703075	0.703075	0.703075	0.000000	0.247757	0.249981	0.250039	0.252224	0.261939	
1189000	-460.899792	1	2	0	'0 1 0 0 0 0 0 1 	D	0.511636	0.019577	0.511636	0.511636	0.511636	0.511636	0.511636	0.019577	0.226953	0.250611	0.247816	0.274619	0.307686	
1190000	-459.814261	1	2	1	'0 1 0 0 0 0 0 Z 	D	0.568421	0.031041	0.568421	0.568421	0.568421	0.568421	0.568421	0.000000	0.241939	0.250038	0.250017	0.258006	0.502303	
1191000	-459.645787	1	2	0	'0 1 0 0 0 0 0 1 	D	0.703799	0.022644	0.703799	0.703799	0.703799	0.703799	0.703799	0.022644	0.245281	0.250006	0.249959	0.254754	0.380665	
1192000	-461.681996	1	2	1	'0 Z 0 0 0 0 0 1 	D	0.551550	0.000000	0.551550	0.551550	0.551550	0.551550	0.551550	0.061954	0.230102	0.250591	0.248933	0.270374	0.291187	
1193000	-459.755769	1	2	1	'0 1 0 0 0 Z 0 1 	D	0.684533	0.014281	0.684533	0.684533	0.684533	0.000000	0.684533	0.014281	0.258847	0.267298	0.199460	0.274395	0.286464	
1194000	-464.153110	1	2	2	'0 Z 0 0 Z 0 0 1 	D	0.548923	0.000000	0.548923	0.548923	0.000000	0.548923	0.548923	0.054014	0.282257	0.276053	0.177369	0.264321	0.440537	
1195000	-462.297882	1	2	0	'0 1 0 0 0 0 0 1 	D	0.798673	0.005831	0.798673	0.798673	0.798673	0.798673	0.798673	0.005831	0.247548	0.249976	0.250065	0.252412	0.220146	
1196000	-459.634791	1	2	1	'0 1 0 0 0 0 0 Z 	D	0.588189	0.046266	0.588189	0.588189	0.588189	0.588189	0.588189	0.000000	0.243458	0.250086	0.249731	0.256724	0.793593	
1197000	-461.773818	1	2	0	'0 1 0 0 0 1 0 1 	D	0.513028	0.015708	0.513028	0.513028	0.513028	0.015708	0.513028	0.015708	0.253519	0.289095	0.136710	0.320676	0.378980	
1198000	-463.196997	1	2	2	'0 Z 0 0 Z 0 0 1 	D	0.511316	0.000000	0.511316	0.511316	0.000000	0.511316	0.511316	0.009011	0.236552	0.265804	0.202706	0.294937	0.127955	
1199000	-462.050871	1	2	2	'0 Z 0 0 Z 0 0 1 	D	0.586247	0.000000	0.586247	0.586247	0.000000	0.586247	0.586247	0.006693	0.241375	0.258560	0.224276	0.275789	0.280832	
1200000	-459.685550	1	2	0	'0 1 0 0 0 0 0 1 	D	0.701825	0.023982	0.701825	0.701825	0.701825	0.701825	0.701825	0.023982	0.245253	0.250009	0.249952	0.254786	0.438935	
1201000	-461.205829	1	2	2	'0 1 0 0 Z 1 0 Z 	D	0.755864	0.015687	0.755864	0.755864	0.000000	0.015687	0.755864	0.000000	0.311527	0.334578	0.000338	0.353557	0.771819	
1202000	-461.534411	1	2	2	'0 1 0 0 1 Z 0 Z 	D	0.586269	0.025752	0.586269	0.586269	0.025752	0.000000	0.586269	0.000000	0.270076	0.334362	0.000565	0.394997	0.160426	
1203000	-462.374870	1	2	2	'0 1 0 0 1 Z 0 Z 	D	0.700631	0.035948	0.700631	0.700631	0.035948	0.000000	0.700631	0.000000	0.280998	0.335244	0.001160	0.382597	0.566389	
1204000	-460.213529	1	2	1	'0 1 0 0 0 Z 0 1 	D	0.713306	0.006150	0.713306	0.713306	0.713306	0.000000	0.713306	0.006150	0.257997	0.264077	0.208210	0.269716	0.524183	
1205000	-459.324478	1	2	1	'0 1 0 0 0 0 0 Z 	D	0.625942	0.035315	0.625942	0.625942	0.625942	0.625942	0.625942	0.000000	0.245368	0.249990	0.250035	0.254606	0.341305	
1206000	-461.533230	1	2	3	'1 0 1 1 Z Z 1 Z 	D	0.643782	0.028803	0.643782	0.643782	0.000000	0.000000	0.643782	0.000000	0.277383	0.335187	0.000000	0.387431	0.926999	
1207000	-461.790957	1	2	1	'1 0 1 1 1 1 1 Z 	D	0.612554	0.106407	0.612554	0.612554	0.612554	0.612554	0.612554	0.000000	0.244770	0.250060	0.249513	0.255657	0.311715	
1208000	-460.982829	1	2	1	'1 0 1 1 1 1 1 Z 	D	0.599101	0.087580	0.599101	0.599101	0.599101	0.599101	0.599101	0.000000	0.244113	0.250097	0.249469	0.256321	0.623204	
1209000	-464.791207	1	2	1	'1 0 1 1 1 0 1 Z 	D	0.638749	0.105220	0.638749	0.638749	0.638749	0.105220	0.638749	0.000000	0.234320	0.270775	0.189200	0.305705	0.762199	
1210000	-459.984517	1	2	1	'1 Z 1 1 1 1 1 0 	D	0.621026	0.000000	0.621026	0.621026	0.621026	0.621026	0.621026	0.016706	0.235226	0.249887	0.250176	0.264711	0.642301	
1211000	-459.916741	1	2	1	'1 0 1 1 1 1 1 Z 	D	0.706302	0.060738	0.706302	0.706302	0.706302	0.706302	0.706302	0.000000	0.247886	0.249994	0.249959	0.252160	0.546549	
1212000	-459.811363	1	2	0	'1 0 1 1 1 1 1 0 	D	0.593152	0.008736	0.593152	0.593152	0.593152	0.593152	0.593152	0.008736	0.236715	0.249877	0.250168	0.263240	0.607736	
1213000	-459.366266	1	2	1	'1 0 1 1 1 1 1 Z 	D	0.629274	0.030922	0.629274	0.629274	0.629274	0.629274	0.629274	0.000000	0.245474	0.249969	0.250114	0.254444	0.412663	
1214000	-461.751584	1	2	1	'1 0 1 1 1 1 1 Z 	D	0.496188	0.048603	0.496188	0.496188	0.496188	0.496188	0.496188	0.000000	0.234449	0.250861	0.247735	0.266955	0.491816	
1215000	-461.430409	1	2	1	'1 0 1 1 1 1 1 Z 	D	0.538427	0.074797	0.538427	0.538427	0.538427	0.538427	0.538427	0.000000	0.239494	0.250406	0.248585	0.261515	0.508561	
1216000	-459.719344	1	2	1	'1 Z 1 1 1 1 1 0 	D	0.649333	0.000000	0.649333	0.649333	0.649333	0.649333	0.649333	0.037251	0.239247	0.250065	0.249935	0.260753	0.861293	
1217000	-460.438587	1	2	2	'1 Z 1 1 Z 1 1 0 	D	0.660802	0.000000	0.660802	0.660802	0.000000	0.660802	0.660802	0.022917	0.253025	0.258159	0.226240	0.262576	0.266940	
1218000	-463.355454	1	2	1	'1 0 1 1 1 0 1 Z 	D	0.584952	0.076957	0.584952	0.584952	0.584952	0.076957	0.584952	0.000000	0.232139	0.278144	0.166519	0.323198	0.730256	
1219000	-460.894854	1	2	1	'1 0 1 1 1 1 1 Z 	D	0.742167	0.016771	0.742167	0.742167	0.742167	0.742167	0.742167	0.000000	0.248350	0.249953	0.250143	0.251554	0.771146	
1220000	-459.973363	1	2	1	'1 0 1 1 1 1 1 Z 	D	0.649137	0.069622	0.649137	0.649137	0.649137	0.649137	0.649137	0.000000	0.246381	0.250019	0.249835	0.253765	0.571344	
1221000	-460.285925	1	2	2	'1 0 1 1 1 Z 1 Z 	D	0.724545	0.028254	0.724545	0.724545	0.724545	0.000000	0.724545	0.000000	0.255224	0.265112	0.205485	0.274178	0.624568	
1222000	-459.955746	1	2	1	'1 0 1 1 1 Z 1 0 	D	0.653578	0.017057	0.653578	0.653578	0.653578	0.000000	0.653578	0.017057	0.259545	0.270828	0.189549	0.280078	0.326187	
1223000	-460.576768	1	2	2	'1 0 1 1 0 Z 1 Z 	D	0.657069	0.014802	0.657069	0.657069	0.014802	0.000000	0.657069	0.000000	0.302010	0.334550	0.000224	0.363217	0.635042	
1224000	-460.802464	1	2	1	'1 0 1 1 0 0 1 Z 	D	0.649380	0.009364	0.649380	0.649380	0.009364	0.009364	0.649380	0.000000	0.309768	0.334082	0.000425	0.355725	0.861174	
1225000	-461.410731	1	2	1	'1 0 1 1 1 1 1 Z 	D	0.765310	0.015249	0.765310	0.765310	0.765310	0.765310	0.765310	0.000000	0.248655	0.249961	0.250118	0.251267	0.977123	
1226000	-459.433707	1	2	1	'1 0 1 1 1 1 1 Z 	D	0.650683	0.028260	0.650683	0.650683	0.650683	0.650683	0.650683	0.000000	0.246280	0.249955	0.250147	0.253618	0.375342	
1227000	-460.888536	1	2	1	'1 0 1 1 Z 1 1 0 	D	0.529300	0.010776	0.529300	0.529300	0.000000	0.529300	0.529300	0.010776	0.246730	0.267195	0.199996	0.286080	0.273600	
1228000	-461.585493	1	2	1	'1 Z 1 1 1 1 1 0 	D	0.813400	0.000000	0.813400	0.813400	0.813400	0.813400	0.813400	0.027814	0.247011	0.250006	0.250019	0.252965	0.477206	
1229000	-460.226648	1	2	0	'1 0 1 1 1 1 1 0 	D	0.609970	0.033344	0.609970	0.609970	0.609970	0.609970	0.609970	0.033344	0.240570	0.250130	0.249572	0.259727	0.339170	
1230000	-462.501287	1	2	1	'1 0 1 1 1 1 1 Z 	D	0.850964	0.020201	0.850964	0.850964	0.850964	0.850964	0.850964	0.000000	0.249384	0.249991	0.250022	0.250603	0.594666	
1231000	-459.890427	1	2	1	'1 0 1 1 1 1 1 Z 	D	0.573263	0.049973	0.573263	0.573263	0.573263	0.573263	0.573263	0.000000	0.242477	0.250146	0.249547	0.257830	0.643425	
1232000	-459.316057	1	2	1	'1 0 1 1 1 1 1 Z 	D	0.627176	0.037859	0.627176	0.627176	0.627176	0.627176	0.627176	0.000000	0.245441	0.249999	0.249999	0.254561	0.313320	
1233000	-459.991429	1	2	1	'1 0 1 1 1 0 1 Z 	D	0.652145	0.025590	0.652145	0.652145	0.652145	0.025590	0.652145	0.000000	0.254370	0.269674	0.191916	0.284041	0.295742	
1234000	-460.869926	1	2	1	'1 0 1 1 Z 1 1 0 	D	0.588375	0.022532	0.588375	0.588375	0.000000	0.588375	0.588375	0.022532	0.253651	0.263993	0.210403	0.271953	0.642687	
1235000	-461.346448	1	2	1	'1 0 1 1 Z 0 1 0 	D	0.712331	0.011787	0.712331	0.712331	0.000000	0.011787	0.712331	0.011787	0.325329	0.335967	0.000182	0.338522	0.498181	
1236000	-459.793537	1	2	1	'1 Z 1 1 1 1 1 0 	D	0.677062	0.000000	0.677062	0.677062	0.677062	0.677062	0.677062	0.024652	0.240852	0.249997	0.250040	0.259112	0.516339	
1237000	-460.557201	1	2	1	'1 0 1 1 Z 1 1 0 	D	0.595714	0.021010	0.595714	0.595714	0.000000	0.595714	0.595714	0.021010	0.253287	0.263187	0.212500	0.271026	0.203549	
1238000	-460.721496	1	2	2	'1 Z 1 1 Z 1 1 0 	D	0.652614	0.000000	0.652614	0.652614	0.000000	0.652614	0.652614	0.012070	0.247451	0.256134	0.231865	0.264550	0.794235	
1239000	-461.331160	1	2	1	'1 0 1 1 Z 1 1 0 	D	0.513978	0.010148	0.513978	0.513978	0.000000	0.513978	0.513978	0.010148	0.244977	0.268522	0.196082	0.290419	0.441971	
1240000	-460.024702	1	2	1	'1 Z 1 1 1 1 1 0 	D	0.666341	0.000000	0.666341	0.666341	0.666341	0.666341	0.666341	0.046114	0.240965	0.250080	0.249951	0.259004	0.399529	
1241000	-460.770851	1	2	1	'1 Z 1 1 0 1 1 0 	D	0.708933	0.000000	0.708933	0.708933	0.032912	0.708933	0.708933	0.032912	0.252866	0.255014	0.235520	0.256600	0.925694	
1242000	-459.628597	1	2	1	'1 Z 1 1 1 1 1 0 	D	0.625228	0.000000	0.625228	0.625228	0.625228	0.625228	0.625228	0.025965	0.236328	0.250009	0.249956	0.263707	0.117532	
1243000	-460.228551	1	2	1	'1 0 1 1 1 1 1 Z 	D	0.579893	0.064276	0.579893	0.579893	0.579893	0.579893	0.579893	0.000000	0.242964	0.250150	0.249434	0.257452	0.683033	
1244000	-460.110665	1	2	1	'1 0 1 1 Z 1 1 0 	D	0.707530	0.005941	0.707530	0.707530	0.000000	0.707530	0.707530	0.005941	0.249305	0.253963	0.238247	0.258484	0.872234	
1245000	-461.661790	1	2	2	'1 0 1 1 0 Z 1 Z 	D	0.550194	0.018740	0.550194	0.550194	0.018740	0.000000	0.550194	0.000000	0.272985	0.334067	0.000306	0.392642	0.872017	
1246000	-461.656239	1	2	1	'1 0 1 1 1 1 1 Z 	D	0.508959	0.059745	0.508959	0.508959	0.508959	0.508959	0.508959	0.000000	0.236191	0.250717	0.247908	0.265183	0.564928	
1247000	-459.349824	1	2	1	'1 0 1 1 1 1 1 Z 	D	0.645902	0.031800	0.645902	0.645902	0.645902	0.645902	0.645902	0.000000	0.246140	0.249970	0.250094	0.253796	0.642114	
1248000	-461.449946	1	2	1	'1 0 1 1 1 1 1 Z 	D	0.700781	0.010007	0.700781	0.700781	0.700781	0.700781	0.700781	0.000000	0.247460	0.249832	0.250528	0.252180	0.190107	
1249000	-459.787300	1	2	0	'1 0 1 1 1 1 1 0 	D	0.706670	0.011664	0.706670	0.706670	0.706670	0.706670	0.706670	0.011664	0.244957	0.249975	0.250043	0.255025	0.620375	
1250000	-460.379374	1	2	1	'1 0 1 1 1 0 1 Z 	D	0.621121	0.035504	0.621121	0.621121	0.621121	0.035504	0.621121	0.000000	0.250270	0.273763	0.179977	0.295990	0.219848	
1251000	-459.312378	1	2	1	'1 0 1 1 1 1 1 Z 	D	0.640309	0.041321	0.640309	0.640309	0.640309	0.640309	0.640309	0.000000	0.245994	0.250000	0.249977	0.254029	0.568373	
1252000	-460.294379	1	2	1	'1 0 1 1 1 1 1 Z 	D	0.607334	0.073595	0.607334	0.607334	0.607334	0.607334	0.607334	0.000000	0.244592	0.250077	0.249611	0.255720	0.962665	
1253000	-460.961592	1	2	1	'1 0 1 1 1 1 1 Z 	D	0.722273	0.087882	0.722273	0.722273	0.722273	0.722273	0.722273	0.000000	0.248197	0.249992	0.249937	0.251874	0.855899	
1254000	-459.853351	1	2	1	'1 0 1 1 1 1 1 Z 	D	0.680562	0.021665	0.680562	0.680562	0.680562	0.680562	0.680562	0.000000	0.247135	0.249934	0.250208	0.252722	0.847260	
1255000	-460.077518	1	2	1	'1 0 1 1 1 1 1 Z 	D	0.551119	0.038655	0.551119	0.551119	0.551119	0.551119	0.551119	0.000000	0.240626	0.250183	0.249577	0.259614	0.538573	
1256000	-460.587883	1	2	1	'1 0 1 1 1 1 1 Z 	D	0.769545	0.027560	0.769545	0.769545	0.769545	0.769545	0.769545	0.000000	0.248758	0.249983	0.250040	0.251219	0.710790	
1257000	-459.592839	1	2	1	'1 0 1 1 1 1 1 Z 	D	0.645448	0.057383	0.645448	0.645448	0.645448	0.645448	0.645448	0.000000	0.246238	0.250017	0.249876	0.253870	0.778971	
1258000	-462.118615	1	2	1	'1 0 1 1 1 0 1 Z 	D	0.615463	0.065163	0.615463	0.615463	0.615463	0.065163	0.615463	0.000000	0.240325	0.274657	0.177539	0.307480	0.654917	
1259000	-461.331331	1	2	1	'1 0 1 1 1 Z 1 0 	D	0.817116	0.017205	0.817116	0.817116	0.817116	0.000000	0.817116	0.017205	0.254613	0.257392	0.228414	0.259581	0.626921	
1260000	-460.767348	1	2	1	'1 0 1 1 1 1 1 Z 	D	0.528156	0.049327	0.528156	0.528156	0.528156	0.528156	0.528156	0.000000	0.238459	0.250431	0.248816	0.262295	0.945745	
1261000	-460.431551	1	2	1	'1 0 1 1 1 1 1 Z 	D	0.632731	0.080520	0.632731	0.632731	0.632731	0.632731	0.632731	0.000000	0.245761	0.250036	0.249732	0.254472	0.575565	
1262000	-463.305771	1	2	1	'1 0 1 1 1 1 1 Z 	D	0.632290	0.136879	0.632290	0.632290	0.632290	0.632290	0.632290	0.000000	0.245574	0.250012	0.249584	0.254829	0.408853	
1263000	-460.543686	1	2	2	'1 0 1 1 1 Z 1 Z 	D	0.725807	0.036631	0.725807	0.725807	0.725807	0.000000	0.725807	0.000000	0.254144	0.266080	0.202824	0.276951	0.372922	
1264000	-460.001102	1	2	0	'1 0 1 1 1 1 1 0 	D	0.552175	0.021077	0.552175	0.552175	0.552175	0.552175	0.552175	0.021077	0.233421	0.250276	0.248975	0.267328	0.198340	
1265000	-460.056076	1	2	1	'1 Z 1 1 1 1 1 0 	D	0.632225	0.000000	0.632225	0.632225	0.632225	0.632225	0.632225	0.015759	0.236399	0.249884	0.250210	0.263507	0.120178	
1266000	-461.697419	1	2	0	'1 0 1 1 1 1 1 0 	D	0.575896	0.003525	0.575896	0.575896	0.575896	0.575896	0.575896	0.003525	0.233424	0.249118	0.252330	0.265127	0.254820	
1267000	-461.551818	1	2	1	'1 Z 1 1 1 1 1 0 	D	0.687014	0.000000	0.687014	0.687014	0.687014	0.687014	0.687014	0.075369	0.243313	0.250112	0.249974	0.256601	0.697624	
1268000	-463.199089	1	2	2	'1 Z 1 1 Z 1 1 0 	D	0.498346	0.000000	0.498346	0.498346	0.000000	0.498346	0.498346	0.021087	0.249039	0.271859	0.187516	0.291587	0.305945	
1269000	-460.160256	1	2	1	'1 0 1 1 1 1 1 Z 	D	0.747704	0.052596	0.747704	0.747704	0.747704	0.747704	0.747704	0.000000	0.248549	0.249991	0.249992	0.251468	0.819749	
1270000	-460.541379	1	2	1	'1 Z 1 1 1 1 1 0 	D	0.681835	0.000000	0.681835	0.681835	0.681835	0.681835	0.681835	0.056943	0.242394	0.250089	0.249968	0.257549	0.292255	
1271000	-460.007993	1	2	1	'1 Z 1 1 1 1 1 0 	D	0.576476	0.000000	0.576476	0.576476	0.576476	0.576476	0.576476	0.034447	0.230945	0.250168	0.249520	0.269367	0.191302	
1272000	-461.362797	1	2	2	'1 Z 1 1 Z 1 1 0 	D	0.591753	0.000000	0.591753	0.591753	0.000000	0.591753	0.591753	0.032366	0.260668	0.265574	0.205452	0.268307	0.252592	
1273000	-460.867072	1	2	1	'1 Z 1 1 0 1 1 0 	D	0.585454	0.000000	0.585454	0.585454	0.016558	0.585454	0.585454	0.016558	0.247029	0.260203	0.220169	0.272600	0.313829	
1274000	-461.128192	1	2	1	'1 0 1 1 Z 1 1 0 	D	0.649680	0.027484	0.649680	0.649680	0.000000	0.649680	0.649680	0.027484	0.254412	0.259988	0.221811	0.263789	0.263258	
1275000	-460.088028	1	2	1	'1 0 1 1 1 1 1 Z 	D	0.631773	0.071847	0.631773	0.631773	0.631773	0.631773	0.631773	0.000000	0.245726	0.250036	0.249761	0.254476	0.419870	
1276000	-462.292729	1	2	1	'1 0 1 1 1 1 1 Z 	D	0.504435	0.071501	0.504435	0.504435	0.504435	0.504435	0.504435	0.000000	0.235518	0.250821	0.247439	0.266222	0.299851	
1277000	-461.801807	1	2	1	'1 Z 1 1 0 0 1 0 	D	0.705184	0.000000	0.705184	0.705184	0.020723	0.020723	0.705184	0.020723	0.348801	0.334747	0.002008	0.314445	0.127392	
1278000	-461.602882	1	2	2	'1 Z 1 1 Z 0 1 0 	D	0.710380	0.000000	0.710380	0.710380	0.000000	0.016252	0.710380	0.016252	0.344727	0.334993	0.000314	0.319967	0.257417	
1279000	-460.578869	1	2	1	'1 0 1 1 1 0 1 Z 	D	0.628362	0.041272	0.628362	0.628362	0.628362	0.041272	0.628362	0.000000	0.248785	0.273007	0.182333	0.295875	0.292975	
1280000	-460.764241	1	2	0	'1 0 1 1 0 0 1 0 	D	0.594786	0.004992	0.594786	0.594786	0.004992	0.004992	0.594786	0.004992	0.314557	0.334678	0.000123	0.350643	0.097701	
1281000	-463.167273	1	2	3	'1 0 1 1 Z Z 1 Z 	D	0.820010	0.005044	0.820010	0.820010	0.000000	0.000000	0.820010	0.000000	0.326399	0.333800	0.000000	0.339801	0.320622	
1282000	-460.111589	1	2	0	'1 0 1 1 1 1 1 0 	D	0.677839	0.032735	0.677839	0.677839	0.677839	0.677839	0.677839	0.032735	0.244592	0.250032	0.249887	0.255490	0.131475	
1283000	-461.406355	1	2	1	'1 0 1 1 1 1 1 Z 	D	0.805616	0.071510	0.805616	0.805616	0.805616	0.805616	0.805616	0.000000	0.249160	0.249993	0.249989	0.250859	0.771424	
1284000	-459.482287	1	2	0	'1 0 1 1 0 1 1 0 	D	0.628846	0.009228	0.628846	0.628846	0.009228	0.628846	0.628846	0.009228	0.249543	0.258322	0.225557	0.266579	0.403758	
1285000	-459.541213	1	2	1	'1 0 1 1 Z 1 1 0 	D	0.647254	0.014690	0.647254	0.647254	0.000000	0.647254	0.647254	0.014690	0.251869	0.258761	0.224578	0.264792	0.788640	
1286000	-459.789381	1	2	1	'1 Z 1 1 1 1 1 0 	D	0.641400	0.000000	0.641400	0.641400	0.641400	0.641400	0.641400	0.040262	0.238718	0.250086	0.249902	0.261293	0.406813	
1287000	-460.571419	1	2	1	'0 1 0 0 0 1 0 Z 	D	0.579231	0.023317	0.579231	0.579231	0.579231	0.023317	0.579231	0.000000	0.252858	0.278903	0.164316	0.303923	0.639575	
1288000	-460.083470	1	2	2	'0 1 0 0 0 Z 0 Z 	D	0.645474	0.026812	0.645474	0.645474	0.645474	0.000000	0.645474	0.000000	0.255717	0.273649	0.180209	0.290425	0.569507	
1289000	-459.708261	1	2	1	'0 1 0 0 0 0 0 Z 	D	0.584924	0.026759	0.584924	0.584924	0.584924	0.584924	0.584924	0.000000	0.243033	0.249954	0.250249	0.256764	0.414171	
1290000	-459.796971	1	2	0	'0 1 0 0 1 0 0 1 	D	0.639892	0.017962	0.639892	0.639892	0.017962	0.639892	0.639892	0.017962	0.251321	0.258290	0.226156	0.264233	0.243884	
1291000	-459.356697	1	2	0	'0 1 0 0 0 0 0 1 	D	0.628423	0.011718	0.628423	0.628423	0.628423	0.628423	0.628423	0.011718	0.240334	0.249962	0.250008	0.259695	0.558748	
1292000	-460.344281	1	2	1	'0 Z 0 0 1 0 0 1 	D	0.666622	0.000000	0.666622	0.666622	0.018893	0.666622	0.666622	0.018893	0.249305	0.255579	0.233695	0.261422	0.359940	
1293000	-459.431219	1	2	0	'0 1 0 0 0 0 0 1 	D	0.584842	0.014602	0.584842	0.584842	0.584842	0.584842	0.584842	0.014602	0.236540	0.250048	0.249678	0.263735	0.233656	
1294000	-459.771537	1	2	1	'0 1 0 0 0 0 0 Z 	D	0.718223	0.048022	0.718223	0.718223	0.718223	0.718223	0.718223	0.000000	0.248086	0.249990	0.249994	0.251930	0.429617	
1295000	-459.641448	1	2	1	'0 Z 0 0 0 0 0 1 	D	0.615770	0.000000	0.615770	0.615770	0.615770	0.615770	0.615770	0.029638	0.235540	0.250048	0.249875	0.264537	0.811168	
1296000	-461.222426	1	2	2	'0 1 0 0 0 Z 0 Z 	D	0.553821	0.015897	0.553821	0.553821	0.553821	0.000000	0.553821	0.000000	0.256654	0.284547	0.147229	0.311569	0.527924	
1297000	-461.205917	1	2	1	'0 1 0 0 0 1 0 Z 	D	0.752478	0.049611	0.752478	0.752478	0.752478	0.049611	0.752478	0.000000	0.250743	0.261147	0.217470	0.270640	0.966566	
1298000	-459.616701	1	2	1	'0 1 0 0 0 0 0 Z 	D	0.649357	0.058284	0.649357	0.649357	0.649357	0.649357	0.649357	0.000000	0.246377	0.250014	0.249881	0.253728	0.816547	
1299000	-459.418895	1	2	0	'0 1 0 0 0 0 0 1 	D	0.587294	0.018136	0.587294	0.587294	0.587294	0.587294	0.587294	0.018136	0.237192	0.250094	0.249571	0.263143	0.322755	
1300000	-459.481447	1	2	0	'1 0 1 1 1 1 1 0 	D	0.592527	0.011837	0.592527	0.592527	0.592527	0.592527	0.592527	0.011837	0.237041	0.249979	0.249884	0.263096	0.427514	
1301000	-461.193913	1	2	2	'1 0 1 1 1 Z 1 Z 	D	0.563151	0.033346	0.563151	0.563151	0.563151	0.000000	0.563151	0.000000	0.248133	0.286810	0.140788	0.324268	0.536449	
1302000	-459.651625	1	2	1	'1 0 1 1 1 1 1 Z 	D	0.581012	0.041861	0.581012	0.581012	0.581012	0.581012	0.581012	0.000000	0.242966	0.250088	0.249763	0.257183	0.649833	
1303000	-459.363727	1	2	1	'1 0 1 1 1 1 1 Z 	D	0.616821	0.033690	0.616821	0.616821	0.616821	0.616821	0.616821	0.000000	0.244935	0.249989	0.250055	0.255022	0.281897	
1304000	-459.694307	1	2	1	'1 0 1 1 1 1 1 Z 	D	0.609467	0.056672	0.609467	0.609467	0.609467	0.609467	0.609467	0.000000	0.244694	0.250061	0.249740	0.255505	0.375235	
1305000	-459.687328	1	2	1	'1 0 1 1 1 Z 1 0 	D	0.638409	0.007727	0.638409	0.638409	0.638409	0.000000	0.638409	0.007727	0.260274	0.272055	0.184775	0.282896	0.576730	
1306000	-459.365346	1	2	1	'1 0 1 1 1 1 1 Z 	D	0.620391	0.042976	0.620391	0.620391	0.620391	0.620391	0.620391	0.000000	0.245170	0.250020	0.249920	0.254890	0.204907	
1307000	-461.613581	1	2	1	'1 0 1 1 0 0 1 Z 	D	0.790214	0.015216	0.790214	0.790214	0.015216	0.015216	0.790214	0.000000	0.314693	0.334228	0.001102	0.349978	0.746822	
1308000	-460.110433	1	2	1	'1 0 1 1 Z 1 1 0 	D	0.762393	0.012624	0.762393	0.762393	0.000000	0.762393	0.762393	0.012624	0.250679	0.253280	0.240390	0.255650	0.240792	
1309000	-460.200067	1	2	2	'1 0 1 1 1 Z 1 Z 	D	0.616466	0.022243	0.616466	0.616466	0.616466	0.000000	0.616466	0.000000	0.256556	0.276650	0.171128	0.295666	0.608609	
1310000	-459.856533	1	2	1	'1 0 1 1 1 1 1 Z 	D	0.639159	0.065903	0.639159	0.639159	0.639159	0.639159	0.639159	0.000000	0.246017	0.250027	0.249816	0.254141	0.747640	
1311000	-459.636093	1	2	1	'1 0 1 1 1 1 1 Z 	D	0.659232	0.058651	0.659232	0.659232	0.659232	0.659232	0.659232	0.000000	0.246702	0.250008	0.249902	0.253388	0.592659	
1312000	-460.681046	1	2	1	'1 0 1 1 1 0 1 Z 	D	0.573825	0.026146	0.573825	0.573825	0.573825	0.026146	0.573825	0.000000	0.251074	0.279811	0.161634	0.307481	0.408084	
1313000	-459.680761	1	2	1	'1 0 1 1 1 1 1 Z 	D	0.691531	0.026991	0.691531	0.691531	0.691531	0.691531	0.691531	0.000000	0.247456	0.249962	0.250112	0.252471	0.287775	
1314000	-459.464892	1	2	1	'1 0 1 1 1 1 1 Z 	D	0.634332	0.051538	0.634332	0.634332	0.634332	0.634332	0.634332	0.000000	0.245803	0.250021	0.249880	0.254296	0.235435	
1315000	-460.441698	1	2	1	'1 0 1 1 1 1 1 Z 	D	0.566175	0.064527	0.566175	0.566175	0.566175	0.566175	0.566175	0.000000	0.241974	0.250209	0.249258	0.258558	0.634465	
1316000	-461.542787	1	2	1	'1 Z 1 1 0 1 1 0 	D	0.804941	0.000000	0.804941	0.804941	0.028942	0.804941	0.804941	0.028942	0.250405	0.251780	0.244826	0.252990	0.349082	
1317000	-460.740273	1	2	1	'1 0 1 1 1 0 1 Z 	D	0.655092	0.010552	0.655092	0.655092	0.655092	0.010552	0.655092	0.000000	0.258642	0.268356	0.195385	0.277616	0.597669	
1318000	-462.810726	1	2	2	'1 0 1 1 Z 0 1 Z 	D	0.504797	0.015138	0.504797	0.504797	0.000000	0.015138	0.504797	0.000000	0.266769	0.333520	0.000378	0.399333	0.510630	
1319000	-460.616374	1	2	1	'1 0 1 1 1 1 1 Z 	D	0.590442	0.077346	0.590442	0.590442	0.590442	0.590442	0.590442	0.000000	0.243627	0.250122	0.249442	0.256809	0.100050	
1320000	-461.592262	1	2	1	'1 Z 1 1 1 1 1 0 	D	0.503282	0.000000	0.503282	0.503282	0.503282	0.503282	0.503282	0.019753	0.215049	0.250077	0.248528	0.286346	0.463384	
1321000	-460.612043	1	2	2	'1 Z 1 1 Z 1 1 0 	D	0.685921	0.000000	0.685921	0.685921	0.000000	0.685921	0.685921	0.014085	0.248673	0.254892	0.235583	0.260852	0.619834	
1322000	-459.642530	1	2	0	'1 0 1 1 1 1 1 0 	D	0.643769	0.027602	0.643769	0.643769	0.643769	0.643769	0.643769	0.027602	0.242528	0.250052	0.249803	0.257617	0.471826	
1323000	-459.751120	1	2	1	'1 Z 1 1 1 1 1 0 	D	0.666149	0.000000	0.666149	0.666149	0.666149	0.666149	0.666149	0.036418	0.240542	0.250049	0.249971	0.259438	0.929036	
1324000	-459.919323	1	2	1	'1 Z 1 1 1 1 1 0 	D	0.667851	0.000000	0.667851	0.667851	0.667851	0.667851	0.667851	0.019504	0.239922	0.249961	0.250095	0.260022	0.851355	
1325000	-462.970455	1	2	1	'1 Z 1 1 1 1 1 0 	D	0.472300	0.000000	0.472300	0.472300	0.472300	0.472300	0.472300	0.037799	0.210885	0.251395	0.245499	0.292221	0.207027	
1326000	-460.525942	1	2	1	'1 Z 1 1 1 1 1 0 	D	0.650765	0.000000	0.650765	0.650765	0.650765	0.650765	0.650765	0.058173	0.240360	0.250135	0.249901	0.259605	0.491945	
1327000	-460.055652	1	2	0	'1 0 1 1 0 1 1 0 	D	0.694335	0.005793	0.694335	0.694335	0.005793	0.694335	0.694335	0.005793	0.248935	0.254166	0.237643	0.259256	0.381229	
1328000	-462.736751	1	2	1	'1 0 1 1 0 0 1 Z 	D	0.561137	0.036187	0.561137	0.561137	0.036187	0.036187	0.561137	0.000000	0.248640	0.331839	0.005808	0.413713	0.508155	
1329000	-461.394490	1	2	3	'1 0 1 1 Z Z 1 Z 	D	0.735211	0.022618	0.735211	0.735211	0.000000	0.000000	0.735211	0.000000	0.300678	0.335213	0.000000	0.364110	0.669260	
1330000	-459.803046	1	2	1	'1 0 1 1 Z 1 1 0 	D	0.595375	0.008041	0.595375	0.595375	0.000000	0.595375	0.595375	0.008041	0.249126	0.261111	0.217290	0.272473	0.544189	
1331000	-460.031965	1	2	1	'1 Z 1 1 1 1 1 0 	D	0.652899	0.000000	0.652899	0.652899	0.652899	0.652899	0.652899	0.016630	0.238495	0.249921	0.250162	0.261422	0.323603	
1332000	-459.319801	1	2	0	'1 0 1 1 1 1 1 0 	D	0.635539	0.012266	0.635539	0.635539	0.635539	0.635539	0.635539	0.012266	0.240930	0.249970	0.249999	0.259101	0.337423	
1333000	-461.198823	1	2	1	'1 0 1 1 Z 0 1 0 	D	0.559121	0.005388	0.559121	0.559121	0.000000	0.005388	0.559121	0.005388	0.308444	0.334925	0.000042	0.356589	0.674336	
1334000	-461.971825	1	2	1	'1 0 1 1 1 Z 1 0 	D	0.796831	0.025193	0.796831	0.796831	0.796831	0.000000	0.796831	0.025193	0.255146	0.258681	0.224988	0.261185	0.673639	
1335000	-459.303425	1	2	0	'1 0 1 1 1 1 1 0 	D	0.672265	0.016450	0.672265	0.672265	0.672265	0.672265	0.672265	0.016450	0.243545	0.249996	0.249966	0.256493	0.551312	
1336000	-459.643862	1	2	1	'1 0 1 1 1 1 1 Z 	D	0.646016	0.059262	0.646016	0.646016	0.646016	0.646016	0.646016	0.000000	0.246261	0.250017	0.249868	0.253853	0.431755	
1337000	-459.923965	1	2	1	'1 0 1 1 1 1 1 Z 	D	0.638570	0.067841	0.638570	0.638570	0.638570	0.638570	0.638570	0.000000	0.245995	0.250028	0.249806	0.254171	0.630157	
1338000	-460.049965	1	2	2	'1 0 1 1 1 Z 1 Z 	D	0.660841	0.020257	0.660841	0.660841	0.660841	0.000000	0.660841	0.000000	0.257339	0.270623	0.188974	0.283064	0.540382	
1339000	-462.441462	1	2	1	'1 0 1 1 1 1 1 Z 	D	0.474665	0.029604	0.474665	0.474665	0.474665	0.474665	0.474665	0.000000	0.230747	0.250922	0.248163	0.270169	0.824607	
1340000	-462.023795	1	2	1	'1 Z 1 1 1 1 1 0 	D	0.515401	0.000000	0.515401	0.515401	0.515401	0.515401	0.515401	0.010711	0.216020	0.249188	0.250900	0.283893	0.725329	
1341000	-459.813739	1	2	1	'1 Z 1 1 1 1 1 0 	D	0.587394	0.000000	0.587394	0.587394	0.587394	0.587394	0.587394	0.027470	0.231847	0.250055	0.249740	0.268358	0.697137	
1342000	-460.894486	1	2	0	'1 0 1 1 0 1 1 0 	D	0.812665	0.009397	0.812665	0.812665	0.009397	0.812665	0.812665	0.009397	0.249507	0.251278	0.246231	0.252984	0.576587	
1343000	-461.414426	1	2	3	'1 Z 1 1 Z Z 1 0 	D	0.624229	0.000000	0.624229	0.624229	0.000000	0.000000	0.624229	0.010110	0.332368	0.334826	0.000000	0.332806	0.890799	
1344000	-459.563913	1	2	0	'1 0 1 1 1 1 1 0 	D	0.676290	0.011194	0.676290	0.676290	0.676290	0.676290	0.676290	0.011194	0.243472	0.249964	0.250057	0.256507	0.892144	
1345000	-459.530829	1	2	1	'1 0 1 1 1 1 1 Z 	D	0.660971	0.054256	0.660971	0.660971	0.660971	0.660971	0.660971	0.000000	0.246747	0.250005	0.249924	0.253324	0.983364	
1346000	-459.199455	1	2	0	'1 0 1 1 1 1 1 0 	D	0.627597	0.015890	0.627597	0.627597	0.627597	0.627597	0.627597	0.015890	0.240613	0.250011	0.249876	0.259500	0.917615	
1347000	-460.943813	1	2	1	'1 0 1 1 1 1 1 Z 	D	0.691038	0.012133	0.691038	0.691038	0.691038	0.691038	0.691038	0.000000	0.247269	0.249853	0.250467	0.252411	0.403714	
1348000	-461.438176	1	2	2	'1 Z 1 1 0 Z 1 0 	D	0.709285	0.000000	0.709285	0.709285	0.011503	0.000000	0.709285	0.011503	0.338722	0.334596	0.000163	0.326520	0.218040	
1349000	-461.557343	1	2	2	'1 Z 1 1 Z 0 1 0 	D	0.652805	0.000000	0.652805	0.652805	0.000000	0.018394	0.652805	0.018394	0.346852	0.335435	0.000399	0.317314	0.595147	
1350000	-463.730644	1	2	2	'1 Z 1 1 0 Z 1 0 	D	0.540318	0.000000	0.540318	0.540318	0.028298	0.000000	0.540318	0.028298	0.360336	0.337339	0.001029	0.301297	0.643427	
1351000	-459.441928	1	2	1	'1 0 1 1 1 1 1 Z 	D	0.647565	0.050870	0.647565	0.647565	0.647565	0.647565	0.647565	0.000000	0.246297	0.250010	0.249917	0.253777	0.616852	
1352000	-459.817783	1	2	1	'1 Z 1 1 1 1 1 0 	D	0.680283	0.000000	0.680283	0.680283	0.680283	0.680283	0.680283	0.024549	0.241079	0.249996	0.250042	0.258883	0.719264	
1353000	-460.934709	1	2	2	'1 Z 1 1 Z 1 1 0 	D	0.587586	0.000000	0.587586	0.587586	0.000000	0.587586	0.587586	0.015703	0.248545	0.261527	0.216219	0.273708	0.127408	
1354000	-459.834875	1	2	1	'1 0 1 1 1 1 1 Z 	D	0.724562	0.048033	0.724562	0.724562	0.724562	0.724562	0.724562	0.000000	0.248195	0.249990	0.249995	0.251820	0.457224	
1355000	-460.950301	1	2	1	'1 0 1 1 1 0 1 Z 	D	0.791356	0.031471	0.791356	0.791356	0.791356	0.031471	0.791356	0.000000	0.252625	0.258209	0.225850	0.263317	0.201442	
1356000	-461.116688	1	2	1	'1 0 1 1 1 Z 1 0 	D	0.816976	0.009725	0.816976	0.816976	0.816976	0.000000	0.816976	0.009725	0.254550	0.257137	0.228910	0.259403	0.731502	
1357000	-460.541334	1	2	2	'1 0 1 1 1 Z 1 Z 	D	0.701559	0.039312	0.701559	0.701559	0.701559	0.000000	0.701559	0.000000	0.253695	0.268951	0.194446	0.282908	0.355255	
1358000	-461.228092	1	2	1	'1 0 1 1 1 Z 1 0 	D	0.781301	0.020987	0.781301	0.781301	0.781301	0.000000	0.781301	0.020987	0.255641	0.259548	0.222323	0.262488	0.353086	
1359000	-459.470241	1	2	1	'1 0 1 1 1 1 1 Z 	D	0.686959	0.036057	0.686959	0.686959	0.686959	0.686959	0.686959	0.000000	0.247396	0.249980	0.250040	0.252584	0.251537	
1360000	-462.348998	1	2	2	'1 0 1 1 1 Z 1 Z 	D	0.835397	0.050170	0.835397	0.835397	0.835397	0.000000	0.835397	0.000000	0.252294	0.258876	0.224116	0.264714	0.467306	
1361000	-460.683946	1	2	1	'1 0 1 1 1 1 1 Z 	D	0.697872	0.084991	0.697872	0.697872	0.697872	0.697872	0.697872	0.000000	0.247728	0.249996	0.249909	0.252367	0.530119	
1362000	-460.877661	1	2	2	'1 0 1 1 0 Z 1 Z 	D	0.691876	0.020419	0.691876	0.691876	0.020419	0.000000	0.691876	0.000000	0.298800	0.334853	0.000418	0.365929	0.485746	
1363000	-460.725323	1	2	2	'0 Z 0 0 Z 0 0 1 	D	0.683189	0.000000	0.683189	0.683189	0.000000	0.683189	0.683189	0.012488	0.247904	0.254627	0.236330	0.261139	0.857322	
1364000	-460.518968	1	2	1	'0 1 0 0 0 0 0 Z 	D	0.543875	0.054052	0.543875	0.543875	0.543875	0.543875	0.543875	0.000000	0.240066	0.250320	0.249047	0.260567	0.626645	
1365000	-461.181199	1	2	0	'0 1 0 0 1 1 0 1 	D	0.574086	0.009978	0.574086	0.574086	0.009978	0.009978	0.574086	0.009978	0.310790	0.336108	0.000483	0.352619	0.137999	
1366000	-460.840468	1	2	2	'0 1 0 0 1 Z 0 Z 	D	0.701962	0.018713	0.701962	0.701962	0.018713	0.000000	0.701962	0.000000	0.302347	0.334784	0.000359	0.362511	0.621624	
1367000	-460.264899	1	2	1	'0 1 0 0 0 1 0 Z 	D	0.662984	0.014882	0.662984	0.662984	0.662984	0.014882	0.662984	0.000000	0.257301	0.267852	0.197022	0.277825	0.503789	
1368000	-459.818456	1	2	0	'0 1 0 0 0 1 0 1 	D	0.716256	0.010228	0.716256	0.716256	0.716256	0.010228	0.716256	0.010228	0.257191	0.263330	0.210723	0.268757	0.193283	
1369000	-461.966543	1	2	1	'0 1 0 0 1 1 0 Z 	D	0.643941	0.035243	0.643941	0.643941	0.035243	0.035243	0.643941	0.000000	0.272442	0.333280	0.005550	0.388728	0.367883	
1370000	-460.916800	1	2	1	'0 1 0 0 0 1 0 Z 	D	0.759665	0.041930	0.759665	0.759665	0.759665	0.041930	0.759665	0.000000	0.251709	0.260492	0.219286	0.268512	0.694322	
1371000	-460.904811	1	2	2	'0 1 0 0 1 Z 0 Z 	D	0.592302	0.014920	0.592302	0.592302	0.014920	0.000000	0.592302	0.000000	0.290699	0.334382	0.000214	0.374705	0.892447	
1372000	-461.667066	1	2	2	'0 Z 0 0 Z 1 0 1 	D	0.632444	0.000000	0.632444	0.632444	0.000000	0.019212	0.632444	0.019212	0.347603	0.335633	0.000434	0.316330	0.238318	
1373000	-459.409319	1	2	0	'0 1 0 0 0 0 0 1 	D	0.636679	0.011113	0.636679	0.636679	0.636679	0.636679	0.636679	0.011113	0.240922	0.249954	0.250045	0.259080	0.905016	
1374000	-459.665049	1	2	1	'0 1 0 0 0 0 0 Z 	D	0.600046	0.024462	0.600046	0.600046	0.600046	0.600046	0.600046	0.000000	0.243923	0.249916	0.250341	0.255820	0.951086	
1375000	-462.895168	1	2	1	'0 1 0 0 0 0 0 Z 	D	0.748018	0.126164	0.748018	0.748018	0.748018	0.748018	0.748018	0.000000	0.248579	0.249985	0.249938	0.251499	0.675281	
1376000	-460.066176	1	2	1	'0 1 0 0 0 0 0 Z 	D	0.565528	0.052419	0.565528	0.565528	0.565528	0.565528	0.565528	0.000000	0.241911	0.250186	0.249419	0.258483	0.649601	
1377000	-460.562969	1	2	0	'0 1 0 0 0 0 0 1 	D	0.520003	0.016076	0.520003	0.520003	0.520003	0.520003	0.520003	0.016076	0.227758	0.250409	0.248370	0.273463	0.203405	
1378000	-459.488677	1	2	1	'0 1 0 0 0 0 0 Z 	D	0.604032	0.029430	0.604032	0.604032	0.604032	0.604032	0.604032	0.000000	0.244229	0.249969	0.250151	0.255651	0.345623	
1379000	-459.375403	1	2	1	'0 1 0 0 0 0 0 Z 	D	0.625266	0.045189	0.625266	0.625266	0.625266	0.625266	0.625266	0.000000	0.245400	0.250020	0.249909	0.254671	0.583910	
1380000	-459.767999	1	2	1	'0 Z 0 0 0 0 0 1 	D	0.624785	0.000000	0.624785	0.624785	0.624785	0.624785	0.624785	0.020425	0.235914	0.249948	0.250059	0.264078	0.640341	
1381000	-460.191328	1	2	1	'0 Z 0 0 0 0 0 1 	D	0.639578	0.000000	0.639578	0.639578	0.639578	0.639578	0.639578	0.051035	0.239122	0.250132	0.249871	0.260875	0.661248	
1382000	-460.444159	1	2	1	'0 Z 0 0 1 0 0 1 	D	0.624734	0.000000	0.624734	0.624734	0.020489	0.624734	0.624734	0.020489	0.249835	0.258143	0.226309	0.265713	0.526075	
1383000	-459.572183	1	2	0	'0 1 0 0 0 0 0 1 	D	0.660433	0.010223	0.660433	0.660433	0.660433	0.660433	0.660433	0.010223	0.242485	0.249948	0.250088	0.257479	0.176775	
1384000	-460.662161	1	2	1	'0 Z 0 0 1 0 0 1 	D	0.735419	0.000000	0.735419	0.735419	0.022534	0.735419	0.735419	0.022534	0.249990	0.253145	0.240828	0.256038	0.986416	
1385000	-459.917899	1	2	1	'0 1 0 0 0 Z 0 1 	D	0.618657	0.015509	0.618657	0.618657	0.618657	0.000000	0.618657	0.015509	0.260110	0.275097	0.177032	0.287762	0.600516	
1386000	-459.212986	1	2	0	'0 1 0 0 0 0 0 1 	D	0.625385	0.018115	0.625385	0.625385	0.625385	0.625385	0.625385	0.018115	0.240615	0.250031	0.249823	0.259531	0.492565	
1387000	-461.000156	1	2	2	'0 Z 0 0 Z 0 0 1 	D	0.708044	0.000000	0.708044	0.708044	0.000000	0.708044	0.708044	0.034630	0.256330	0.257436	0.228485	0.257749	0.257230	
1388000	-461.850979	1	2	0	'0 1 0 0 0 0 0 1 	D	0.524793	0.035399	0.524793	0.524793	0.524793	0.524793	0.524793	0.035399	0.231625	0.250704	0.247904	0.269768	0.178409	
1389000	-463.612738	1	2	2	'0 1 0 0 Z 1 0 Z 	D	0.680688	0.047434	0.680688	0.680688	0.000000	0.047434	0.680688	0.000000	0.264879	0.334407	0.003569	0.397145	0.895957	
1390000	-460.899121	1	2	1	'0 1 0 0 1 1 0 Z 	D	0.715316	0.018672	0.715316	0.715316	0.018672	0.018672	0.715316	0.000000	0.304405	0.334304	0.001640	0.359651	0.362435	
1391000	-460.220429	1	2	1	'0 1 0 0 Z 0 0 1 	D	0.681895	0.021385	0.681895	0.681895	0.000000	0.681895	0.681895	0.021385	0.252923	0.257510	0.228464	0.261103	0.742901	
1392000	-461.822672	1	2	1	'0 Z 0 0 1 0 0 1 	D	0.566868	0.000000	0.566868	0.566868	0.036283	0.566868	0.566868	0.036283	0.258092	0.264412	0.209329	0.268167	0.562304	
1393000	-460.380790	1	2	1	'0 1 0 0 0 0 0 Z 	D	0.754952	0.059411	0.754952	0.754952	0.754952	0.754952	0.754952	0.000000	0.248652	0.249992	0.249985	0.251371	0.952503	
1394000	-461.289751	1	2	1	'0 1 0 0 0 1 0 Z 	D	0.580575	0.010221	0.580575	0.580575	0.580575	0.010221	0.580575	0.000000	0.259520	0.277804	0.167215	0.295460	0.695449	
1395000	-460.643523	1	2	1	'0 1 0 0 0 Z 0 1 	D	0.544240	0.008495	0.544240	0.544240	0.544240	0.000000	0.544240	0.008495	0.258984	0.285375	0.145559	0.310082	0.405175	
1396000	-460.180634	1	2	1	'0 Z 0 0 0 0 0 1 	D	0.723225	0.000000	0.723225	0.723225	0.723225	0.723225	0.723225	0.035139	0.243964	0.250024	0.250017	0.255995	0.651992	
1397000	-459.976240	1	2	1	'0 Z 0 0 0 0 0 1 	D	0.625668	0.000000	0.625668	0.625668	0.625668	0.625668	0.625668	0.045152	0.237545	0.250133	0.249826	0.262496	0.733476	
1398000	-459.700520	1	2	1	'0 1 0 0 0 0 0 Z 	D	0.696395	0.054582	0.696395	0.696395	0.696395	0.696395	0.696395	0.000000	0.247670	0.249994	0.249965	0.252370	0.764572	
1399000	-461.319015	1	2	2	'0 1 0 0 0 Z 0 Z 	D	0.598785	0.008873	0.598785	0.598785	0.598785	0.000000	0.598785	0.000000	0.261115	0.276297	0.171662	0.290926	0.429017	
1400000	-462.716860	1	2	1	'0 1 0 0 0 1 0 Z 	D	0.531413	0.007950	0.531413	0.531413	0.531413	0.007950	0.531413	0.000000	0.259176	0.285020	0.145532	0.310272	0.086424	
1401000	-460.397647	1	2	1	'0 1 0 0 0 1 0 Z 	D	0.622125	0.014526	0.622125	0.622125	0.622125	0.014526	0.622125	0.000000	0.257857	0.272594	0.182914	0.286636	0.370757	
1402000	-461.909865	1	2	0	'0 1 0 0 1 1 0 1 	D	0.658381	0.001984	0.658381	0.658381	0.001984	0.001984	0.658381	0.001984	0.322296	0.333807	0.000020	0.343877	0.719139	
1403000	-459.413574	1	2	0	'0 1 0 0 1 0 0 1 	D	0.654863	0.012848	0.654863	0.654863	0.012848	0.654863	0.654863	0.012848	0.250555	0.257168	0.229111	0.263167	0.392301	
1404000	-459.649098	1	2	1	'0 Z 0 0 0 0 0 1 	D	0.654829	0.000000	0.654829	0.654829	0.654829	0.654829	0.654829	0.031947	0.239448	0.250037	0.249970	0.260545	0.379258	
1405000	-460.776667	1	2	1	'1 0 1 1 1 0 1 Z 	D	0.734991	0.013302	0.734991	0.734991	0.734991	0.013302	0.734991	0.000000	0.255711	0.261077	0.217093	0.266119	0.405025	
1406000	-461.949806	1	2	2	'1 0 1 1 Z 0 1 Z 	D	0.560710	0.007162	0.560710	0.560710	0.000000	0.007162	0.560710	0.000000	0.299787	0.333949	0.000076	0.366189	0.388088	
1407000	-462.160956	1	2	2	'1 0 1 1 1 Z 1 Z 	D	0.620135	0.060800	0.620135	0.620135	0.620135	0.000000	0.620135	0.000000	0.243625	0.283023	0.153054	0.320298	0.645316	
1408000	-459.417487	1	2	1	'1 0 1 1 1 1 1 Z 	D	0.655238	0.049118	0.655238	0.655238	0.655238	0.655238	0.655238	0.000000	0.246551	0.250003	0.249941	0.253504	0.479738	
1409000	-460.060026	1	2	1	'1 0 1 1 1 1 1 Z 	D	0.624529	0.070326	0.624529	0.624529	0.624529	0.624529	0.624529	0.000000	0.245419	0.250046	0.249733	0.254803	0.478223	
1410000	-461.588637	1	2	1	'1 Z 1 1 0 1 1 0 	D	0.609025	0.000000	0.609025	0.609025	0.042246	0.609025	0.609025	0.042246	0.259373	0.261528	0.217363	0.261736	0.646297	
1411000	-459.552009	1	2	1	'1 0 1 1 1 1 1 Z 	D	0.681684	0.028879	0.681684	0.681684	0.681684	0.681684	0.681684	0.000000	0.247224	0.249964	0.250103	0.252709	0.396292	
1412000	-460.841883	1	2	2	'1 0 1 1 1 Z 1 Z 	D	0.644921	0.044511	0.644921	0.644921	0.644921	0.000000	0.644921	0.000000	0.250895	0.276739	0.171548	0.300817	0.881696	
1413000	-461.666081	1	2	1	'1 0 1 1 1 1 1 Z 	D	0.492987	0.035067	0.492987	0.492987	0.492987	0.492987	0.492987	0.000000	0.233826	0.250720	0.248408	0.267046	0.332693	
1414000	-459.672609	1	2	1	'1 0 1 1 1 Z 1 0 	D	0.624962	0.008332	0.624962	0.624962	0.624962	0.000000	0.624962	0.008332	0.260469	0.273768	0.179807	0.285956	0.344242	
1415000	-461.903175	1	2	1	'1 Z 1 1 1 1 1 0 	D	0.676037	0.000000	0.676037	0.676037	0.676037	0.676037	0.676037	0.081639	0.242938	0.250137	0.249957	0.256968	0.234282	
1416000	-460.957327	1	2	1	'1 0 1 1 1 1 1 Z 	D	0.754760	0.017939	0.754760	0.754760	0.754760	0.754760	0.754760	0.000000	0.248536	0.249964	0.250108	0.251392	0.618426	
1417000	-459.457474	1	2	1	'1 0 1 1 1 1 1 Z 	D	0.685055	0.042522	0.685055	0.685055	0.685055	0.685055	0.685055	0.000000	0.247376	0.249988	0.250003	0.252633	0.574321	
1418000	-459.656618	1	2	1	'1 0 1 1 1 1 1 Z 	D	0.616044	0.056727	0.616044	0.616044	0.616044	0.616044	0.616044	0.000000	0.245017	0.250050	0.249774	0.255159	0.825921	
1419000	-459.382431	1	2	1	'1 0 1 1 1 1 1 Z 	D	0.672266	0.036598	0.672266	0.672266	0.672266	0.672266	0.672266	0.000000	0.247015	0.249981	0.250037	0.252966	0.478063	
1420000	-460.755286	1	2	2	'1 0 1 1 1 Z 1 Z 	D	0.612935	0.039072	0.612935	0.612935	0.612935	0.000000	0.612935	0.000000	0.250542	0.280318	0.160679	0.308461	0.232765	
1421000	-462.907723	1	2	1	'1 0 1 1 1 1 1 Z 	D	0.632141	0.129816	0.632141	0.632141	0.632141	0.632141	0.632141	0.000000	0.245597	0.250017	0.249598	0.254788	0.462257	
1422000	-461.244019	1	2	1	'1 Z 1 1 0 1 1 0 	D	0.761840	0.000000	0.761840	0.761840	0.013332	0.761840	0.761840	0.013332	0.247567	0.251211	0.246441	0.254781	0.358702	
1423000	-460.057824	1	2	2	'1 0 1 1 1 Z 1 Z 	D	0.651829	0.020291	0.651829	0.651829	0.651829	0.000000	0.651829	0.000000	0.257394	0.271706	0.185763	0.285138	0.674497	
1424000	-459.723564	1	2	1	'1 0 1 1 1 1 1 Z 	D	0.712829	0.032818	0.712829	0.712829	0.712829	0.712829	0.712829	0.000000	0.247940	0.249978	0.250049	0.252032	0.730511	
1425000	-462.638953	1	2	1	'1 0 1 1 0 0 1 Z 	D	0.511711	0.018818	0.511711	0.511711	0.018818	0.018818	0.511711	0.000000	0.261862	0.333042	0.001652	0.403444	0.366195	
1426000	-461.359935	1	2	2	'1 0 1 1 0 Z 1 Z 	D	0.596461	0.007533	0.596461	0.596461	0.007533	0.000000	0.596461	0.000000	0.305474	0.334041	0.000059	0.360426	0.251242	
1427000	-462.176685	1	2	2	'1 0 1 1 0 Z 1 Z 	D	0.641510	0.004069	0.641510	0.641510	0.004069	0.000000	0.641510	0.000000	0.317643	0.333773	0.000018	0.348566	0.806170	
1428000	-459.517921	1	2	1	'1 0 1 1 1 1 1 Z 	D	0.691195	0.034123	0.691195	0.691195	0.691195	0.691195	0.691195	0.000000	0.247488	0.249978	0.250051	0.252483	0.294286	
1429000	-464.009612	1	2	1	'1 0 1 1 0 0 1 Z 	D	0.520010	0.039912	0.520010	0.520010	0.039912	0.039912	0.520010	0.000000	0.228369	0.329790	0.006964	0.434877	0.245759	
1430000	-459.994239	1	2	1	'1 0 1 1 1 1 1 Z 	D	0.726571	0.056383	0.726571	0.726571	0.726571	0.726571	0.726571	0.000000	0.248244	0.249992	0.249979	0.251785	0.730940	
1431000	-459.616290	1	2	0	'1 0 1 1 1 1 1 0 	D	0.678736	0.010835	0.678736	0.678736	0.678736	0.678736	0.678736	0.010835	0.243584	0.249962	0.250065	0.256389	0.967572	
1432000	-460.292769	1	2	1	'1 0 1 1 1 1 1 Z 	D	0.741000	0.062644	0.741000	0.741000	0.741000	0.741000	0.741000	0.000000	0.248471	0.249992	0.249977	0.251560	0.638411	
1433000	-460.617991	1	2	2	'1 0 1 1 1 Z 1 Z 	D	0.628402	0.038884	0.628402	0.628402	0.628402	0.000000	0.628402	0.000000	0.251626	0.278066	0.167426	0.302882	0.406889	
1434000	-460.373953	1	2	1	'0 1 0 0 0 0 0 Z 	D	0.606600	0.075406	0.606600	0.606600	0.606600	0.606600	0.606600	0.000000	0.244551	0.250079	0.249596	0.255774	0.382812	
1435000	-460.550778	1	2	1	'0 1 0 0 0 1 0 Z 	D	0.618763	0.013013	0.618763	0.618763	0.618763	0.013013	0.618763	0.000000	0.258436	0.272900	0.181948	0.286716	0.504540	
1436000	-460.829857	1	2	1	'0 1 0 0 0 0 0 Z 	D	0.520322	0.028877	0.520322	0.520322	0.520322	0.520322	0.520322	0.000000	0.237276	0.250231	0.249701	0.262792	0.158498	
1437000	-461.251043	1	2	1	'0 1 0 0 0 0 0 Z 	D	0.505756	0.029755	0.505756	0.505756	0.505756	0.505756	0.505756	0.000000	0.235474	0.250399	0.249314	0.264813	0.612450	
1438000	-459.401428	1	2	1	'0 1 0 0 0 0 0 Z 	D	0.646568	0.048685	0.646568	0.646568	0.646568	0.646568	0.646568	0.000000	0.246255	0.250008	0.249929	0.253809	0.602339	
1439000	-459.900785	1	2	0	'0 1 0 0 1 0 0 1 	D	0.657950	0.019315	0.657950	0.657950	0.019315	0.657950	0.657950	0.019315	0.251526	0.257344	0.228909	0.262221	0.869052	
1440000	-460.794913	1	2	2	'0 1 0 0 Z Z 0 1 	D	0.634223	0.010075	0.634223	0.634223	0.000000	0.000000	0.634223	0.010075	0.319208	0.336062	0.000000	0.344730	0.522159	
1441000	-460.662196	1	2	1	'0 Z 0 0 1 0 0 1 	D	0.598982	0.000000	0.598982	0.598982	0.019735	0.598982	0.598982	0.019735	0.249163	0.259743	0.221671	0.269424	0.393857	
1442000	-461.906280	1	2	1	'0 1 0 0 0 0 0 Z 	D	0.819948	0.080564	0.819948	0.819948	0.819948	0.819948	0.819948	0.000000	0.249267	0.249993	0.249988	0.250752	0.338937	
1443000	-460.162818	1	2	1	'0 1 0 0 0 Z 0 1 	D	0.747814	0.009474	0.747814	0.747814	0.747814	0.000000	0.747814	0.009474	0.256795	0.261476	0.216119	0.265610	0.660497	
1444000	-459.724938	1	2	1	'0 1 0 0 0 0 0 Z 	D	0.582768	0.026938	0.582768	0.582768	0.582768	0.582768	0.582768	0.000000	0.242893	0.249959	0.250240	0.256909	0.263761	
1445000	-461.376587	1	2	0	'0 1 0 0 0 0 0 1 	D	0.803716	0.010469	0.803716	0.803716	0.803716	0.803716	0.803716	0.010469	0.247746	0.249990	0.250023	0.252241	0.744256	
1446000	-461.604943	1	2	0	'0 1 0 0 1 0 0 1 	D	0.620546	0.002474	0.620546	0.620546	0.002474	0.620546	0.620546	0.002474	0.246048	0.256440	0.230715	0.266797	0.314655	
1447000	-459.580628	1	2	1	'0 1 0 0 0 0 0 Z 	D	0.601309	0.026557	0.601309	0.601309	0.601309	0.601309	0.601309	0.000000	0.244034	0.249942	0.250250	0.255774	0.263719	
1448000	-459.833835	1	2	1	'0 1 0 0 0 0 0 Z 	D	0.634249	0.019549	0.634249	0.634249	0.634249	0.634249	0.634249	0.000000	0.245525	0.249871	0.250441	0.254162	0.419486	
1449000	-460.032286	1	2	1	'0 Z 0 0 0 0 0 1 	D	0.589119	0.000000	0.589119	0.589119	0.589119	0.589119	0.589119	0.018194	0.231241	0.249885	0.250057	0.268817	0.382478	
1450000	-459.687446	1	2	1	'0 1 0 0 Z 0 0 1 	D	0.706851	0.014773	0.706851	0.706851	0.000000	0.706851	0.706851	0.014773	0.251551	0.255632	0.233606	0.259211	0.284777	
1451000	-462.664812	1	2	3	'0 Z 0 0 Z Z 0 1 	D	0.683820	0.000000	0.683820	0.683820	0.000000	0.000000	0.683820	0.003945	0.327224	0.333829	0.000000	0.338946	0.296346	
1452000	-459.449176	1	2	1	'0 1 0 0 0 0 0 Z 	D	0.678425	0.032936	0.678425	0.678425	0.678425	0.678425	0.678425	0.000000	0.247164	0.249974	0.250066	0.252796	0.754169	
1453000	-459.408275	1	2	1	'0 1 0 0 Z 0 0 1 	D	0.651587	0.011785	0.651587	0.651587	0.000000	0.651587	0.651587	0.011785	0.251160	0.258095	0.226345	0.264399	0.570153	
1454000	-459.492639	1	2	1	'0 1 0 0 Z 0 0 1 	D	0.655023	0.014052	0.655023	0.655023	0.000000	0.655023	0.655023	0.014052	0.251714	0.258214	0.226118	0.263954	0.881442	
1455000	-460.305710	1	2	1	'0 Z 0 0 0 0 0 1 	D	0.675106	0.000000	0.675106	0.675106	0.675106	0.675106	0.675106	0.014929	0.240277	0.249924	0.250177	0.259622	0.552888	
1456000	-461.824103	1	2	2	'0 Z 0 0 Z 0 0 1 	D	0.775360	0.000000	0.775360	0.775360	0.000000	0.775360	0.775360	0.040450	0.255044	0.254956	0.235647	0.254353	0.907983	
1457000	-461.510799	1	2	2	'0 Z 0 0 Z 1 0 1 	D	0.681189	0.000000	0.681189	0.681189	0.000000	0.017179	0.681189	0.017179	0.345622	0.335188	0.000349	0.318840	0.401894	
1458000	-460.017378	1	2	1	'0 1 0 0 0 1 0 Z 	D	0.647788	0.021067	0.647788	0.647788	0.647788	0.021067	0.647788	0.000000	0.255674	0.269937	0.191013	0.283376	0.694225	
1459000	-459.774757	1	2	1	'0 1 0 0 0 0 0 Z 	D	0.583926	0.050849	0.583926	0.583926	0.583926	0.583926	0.583926	0.000000	0.243208	0.250112	0.249631	0.257049	0.852103	
1460000	-459.924738	1	2	1	'0 Z 0 0 0 0 0 1 	D	0.689407	0.000000	0.689407	0.689407	0.689407	0.689407	0.689407	0.023131	0.241652	0.249991	0.250053	0.258304	0.356099	
1461000	-460.765255	1	2	1	'0 1 0 0 0 0 0 Z 	D	0.554825	0.067627	0.554825	0.554825	0.554825	0.554825	0.554825	0.000000	0.241047	0.250277	0.249036	0.259641	0.872806	
1462000	-460.435247	1	2	0	'0 1 0 0 0 0 0 1 	D	0.746757	0.029107	0.746757	0.746757	0.746757	0.746757	0.746757	0.029107	0.246872	0.250005	0.249976	0.253147	0.469579	
1463000	-459.777064	1	2	1	'0 1 0 0 0 0 0 Z 	D	0.625139	0.062217	0.625139	0.625139	0.625139	0.625139	0.625139	0.000000	0.245441	0.250041	0.249779	0.254739	0.487251	
1464000	-459.201979	1	2	0	'0 1 0 0 0 0 0 1 	D	0.632111	0.015380	0.632111	0.632111	0.632111	0.632111	0.632111	0.015380	0.240917	0.250004	0.249903	0.259177	0.946009	
1465000	-460.916995	1	2	1	'0 1 0 0 Z 1 0 1 	D	0.721412	0.004719	0.721412	0.721412	0.000000	0.004719	0.721412	0.004719	0.326486	0.334391	0.000029	0.339093	0.332497	
1466000	-461.913228	1	2	2	'0 Z 0 0 1 Z 0 1 	D	0.585385	0.000000	0.585385	0.585385	0.018497	0.000000	0.585385	0.018497	0.343943	0.335982	0.000419	0.319657	0.943328	
1467000	-461.370602	1	2	2	'0 1 0 0 0 Z 0 Z 	D	0.598500	0.008637	0.598500	0.598500	0.598500	0.000000	0.598500	0.000000	0.261202	0.276282	0.171696	0.290819	0.559896	
1468000	-459.627190	1	2	0	'0 1 0 0 1 0 0 1 	D	0.673081	0.007542	0.673081	0.673081	0.007542	0.673081	0.673081	0.007542	0.249488	0.255615	0.233419	0.261478	0.525382	
1469000	-463.899581	1	2	0	'0 1 0 0 1 0 0 1 	D	0.600421	0.041814	0.600421	0.600421	0.041814	0.600421	0.600421	0.041814	0.254364	0.261374	0.219270	0.264992	0.203693	
1470000	-461.710619	1	2	2	'0 1 0 0 0 Z 0 Z 	D	0.533788	0.028928	0.533788	0.533788	0.533788	0.000000	0.533788	0.000000	0.246540	0.290606	0.128960	0.333895	0.224820	
1471000	-460.652563	1	2	2	'0 1 0 0 0 Z 0 Z 	D	0.594419	0.014547	0.594419	0.594419	0.594419	0.000000	0.594419	0.000000	0.258927	0.278163	0.166328	0.296582	0.389649	
1472000	-460.258794	1	2	1	'0 Z 0 0 0 0 0 1 	D	0.726311	0.000000	0.726311	0.726311	0.726311	0.726311	0.726311	0.038108	0.244188	0.250028	0.250014	0.255769	0.644128	
1473000	-459.769778	1	2	0	'0 1 0 0 1 0 0 1 	D	0.587176	0.010230	0.587176	0.587176	0.010230	0.587176	0.587176	0.010230	0.248773	0.261214	0.217209	0.272803	0.341915	
1474000	-459.334680	1	2	0	'0 1 0 0 0 0 0 1 	D	0.633568	0.012026	0.633568	0.633568	0.633568	0.633568	0.633568	0.012026	0.240761	0.249967	0.250005	0.259267	0.846768	
1475000	-460.573352	1	2	2	'0 Z 0 0 Z 0 0 1 	D	0.712125	0.000000	0.712125	0.712125	0.000000	0.712125	0.712125	0.018458	0.250353	0.254592	0.236533	0.258522	0.429576	
1476000	-460.529447	1	2	1	'0 Z 0 0 0 0 0 1 	D	0.683536	0.000000	0.683536	0.683536	0.683536	0.683536	0.683536	0.013499	0.240847	0.249917	0.250199	0.259038	0.835864	
1477000	-460.625725	1	2	1	'0 1 0 0 0 0 0 Z 	D	0.774037	0.058963	0.774037	0.774037	0.774037	0.774037	0.774037	0.000000	0.248867	0.249992	0.249990	0.251150	0.909358	
1478000	-462.442490	1	2	0	'0 1 0 0 0 0 0 1 	D	0.720590	0.003135	0.720590	0.720590	0.720590	0.720590	0.720590	0.003135	0.245074	0.249842	0.250443	0.254641	0.601445	
1479000	-460.729345	1	2	0	'0 1 0 0 1 0 0 1 	D	0.535345	0.011828	0.535345	0.535345	0.011828	0.535345	0.535345	0.011828	0.246449	0.265534	0.204969	0.283048	0.880740	
1480000	-459.455265	1	2	1	'0 1 0 0 0 0 0 Z 	D	0.665849	0.029313	0.665849	0.665849	0.665849	0.665849	0.665849	0.000000	0.246783	0.249962	0.250114	0.253140	0.285233	
1481000	-460.325051	1	2	1	'0 1 0 0 0 1 0 Z 	D	0.620266	0.015762	0.620266	0.620266	0.620266	0.015762	0.620266	0.000000	0.257394	0.272918	0.181990	0.287699	0.183113	
1482000	-461.109764	1	2	2	'0 1 0 0 1 Z 0 Z 	D	0.576935	0.015855	0.576935	0.576935	0.015855	0.000000	0.576935	0.000000	0.285561	0.334318	0.000235	0.379886	0.257869	
1483000	-460.655403	1	2	1	'0 1 0 0 Z 0 0 1 	D	0.566661	0.018431	0.566661	0.566661	0.000000	0.566661	0.566661	0.018431	0.251957	0.265242	0.206537	0.276264	0.301701	
1484000	-459.938358	1	2	0	'0 1 0 0 0 0 0 1 	D	0.608602	0.029993	0.608602	0.608602	0.608602	0.608602	0.608602	0.029993	0.240209	0.250122	0.249583	0.260086	0.428070	
1485000	-462.585816	1	2	1	'0 Z 0 0 1 0 0 1 	D	0.666210	0.000000	0.666210	0.666210	0.004371	0.666210	0.666210	0.004371	0.241618	0.251340	0.245899	0.261143	0.526853	
1486000	-459.514112	1	2	1	'0 1 0 0 Z 0 0 1 	D	0.691445	0.010047	0.691445	0.691445	0.000000	0.691445	0.691445	0.010047	0.250672	0.255699	0.233255	0.260374	0.182497	
1487000	-459.425414	1	2	1	'0 1 0 0 0 0 0 Z 	D	0.603426	0.039219	0.603426	0.603426	0.603426	0.603426	0.603426	0.000000	0.244298	0.250029	0.249924	0.255749	0.263085	
1488000	-463.046974	1	2	3	'0 Z 0 0 Z Z 0 1 	D	0.521874	0.000000	0.521874	0.521874	0.000000	0.000000	0.521874	0.013604	0.326031	0.336250	0.000000	0.337719	0.751538	
1489000	-461.510935	1	2	0	'0 1 0 0 0 1 0 1 	D	0.797489	0.022147	0.797489	0.797489	0.797489	0.022147	0.797489	0.022147	0.254204	0.257544	0.228162	0.260091	0.303480	
1490000	-461.804433	1	2	1	'0 Z 0 0 1 0 0 1 	D	0.616323	0.000000	0.616323	0.616323	0.046197	0.616323	0.616323	0.046197	0.260513	0.261295	0.218077	0.260115	0.161987	
1491000	-459.546844	1	2	1	'0 1 0 0 Z 0 0 1 	D	0.624239	0.013442	0.624239	0.624239	0.000000	0.624239	0.624239	0.013442	0.251461	0.260058	0.220772	0.267709	0.236954	
1492000	-459.377810	1	2	1	'0 1 0 0 0 0 0 Z 	D	0.615421	0.032820	0.615421	0.615421	0.615421	0.615421	0.615421	0.000000	0.244859	0.249985	0.250071	0.255085	0.744465	
1493000	-460.639835	1	2	1	'0 1 0 0 0 Z 0 1 	D	0.598592	0.020040	0.598592	0.598592	0.598592	0.000000	0.598592	0.020040	0.259778	0.278195	0.168911	0.293116	0.603281	
1494000	-459.666372	1	2	1	'0 1 0 0 0 Z 0 1 	D	0.618752	0.011913	0.618752	0.618752	0.618752	0.000000	0.618752	0.011913	0.260325	0.274833	0.177234	0.287607	0.686174	
1495000	-460.642463	1	2	1	'0 1 0 0 1 1 0 Z 	D	0.641141	0.011645	0.641141	0.641141	0.011645	0.011645	0.641141	0.000000	0.305063	0.334161	0.000652	0.360124	0.690724	
1496000	-461.251861	1	2	1	'0 1 0 0 1 1 0 Z 	D	0.716458	0.007750	0.716458	0.716458	0.007750	0.007750	0.716458	0.000000	0.318385	0.333984	0.000293	0.347338	0.698914	
1497000	-461.513214	1	2	3	'0 1 0 0 Z Z 0 Z 	D	0.626539	0.005888	0.626539	0.626539	0.000000	0.000000	0.626539	0.000000	0.312698	0.333953	0.000000	0.353349	0.333269	
1498000	-462.837304	1	2	3	'0 Z 0 0 Z Z 0 1 	D	0.592923	0.000000	0.592923	0.592923	0.000000	0.000000	0.592923	0.026656	0.361525	0.336870	0.000000	0.301605	0.502308	
1499000	-460.707620	1	2	1	'0 Z 0 0 1 0 0 1 	D	0.602215	0.000000	0.602215	0.602215	0.024856	0.602215	0.602215	0.024856	0.251801	0.260221	0.220523	0.267455	0.323102	
1500000	-463.309900	1	2	1	'0 1 0 0 0 Z 0 1 	D	0.928480	0.008894	0.928480	0.928480	0.928480	0.000000	0.928480	0.008894	0.252007	0.252988	0.241146	0.253859	0.672371	
1501000	-459.485230	1	2	1	'0 1 0 0 Z 0 0 1 	D	0.629730	0.012667	0.629730	0.629730	0.000000	0.629730	0.629730	0.012667	0.251292	0.259580	0.222098	0.267030	0.307715	
1502000	-460.169518	1	2	1	'0 Z 0 0 0 0 0 1 	D	0.724217	0.000000	0.724217	0.724217	0.724217	0.724217	0.724217	0.032166	0.243934	0.250018	0.250022	0.256027	0.705727	
1503000	-460.791438	1	2	1	'0 1 0 0 0 1 0 Z 	D	0.583653	0.014245	0.583653	0.583653	0.583653	0.014245	0.583653	0.000000	0.257547	0.277704	0.167659	0.297089	0.210417	
1504000	-460.343852	1	2	1	'0 Z 0 0 0 0 0 1 	D	0.632465	0.000000	0.632465	0.632465	0.632465	0.632465	0.632465	0.054040	0.238672	0.250156	0.249839	0.261332	0.366423	
1505000	-464.323728	1	2	1	'0 1 0 0 0 0 0 Z 	D	0.741260	0.155040	0.741260	0.741260	0.741260	0.741260	0.741260	0.000000	0.248463	0.249978	0.249917	0.251642	0.459509	
1506000	-460.108670	1	2	1	'0 Z 0 0 0 0 0 1 	D	0.718183	0.000000	0.718183	0.718183	0.718183	0.718183	0.718183	0.028484	0.243528	0.250010	0.250029	0.256432	0.505612	
1507000	-459.908278	1	2	1	'0 1 0 0 0 0 0 Z 	D	0.589942	0.058255	0.589942	0.589942	0.589942	0.589942	0.589942	0.000000	0.243606	0.250109	0.249592	0.256692	0.464292	
1508000	-460.736242	1	2	1	'0 Z 0 0 0 0 0 1 	D	0.634485	0.000000	0.634485	0.634485	0.634485	0.634485	0.634485	0.010453	0.236236	0.249752	0.250538	0.263473	0.508497	
1509000	-459.207760	1	2	0	'0 1 0 0 0 0 0 1 	D	0.648400	0.016800	0.648400	0.648400	0.648400	0.648400	0.648400	0.016800	0.242154	0.250006	0.249920	0.257921	0.969082	
1510000	-459.440370	1	2	1	'0 1 0 0 0 0 0 Z 	D	0.650850	0.050683	0.650850	0.650850	0.650850	0.650850	0.650850	0.000000	0.246410	0.250007	0.249924	0.253658	0.271843	
1511000	-461.578831	1	2	2	'0 Z 0 0 Z 0 0 1 	D	0.804283	0.000000	0.804283	0.804283	0.000000	0.804283	0.804283	0.017579	0.249206	0.251408	0.245866	0.253519	0.646541	
1512000	-460.987650	1	2	0	'0 1 0 0 1 0 0 1 	D	0.611009	0.025805	0.611009	0.611009	0.025805	0.611009	0.611009	0.025805	0.252365	0.260368	0.220837	0.266431	0.844415	
1513000	-461.758954	1	2	1	'0 1 0 0 0 Z 0 1 	D	0.779469	0.025157	0.779469	0.779469	0.779469	0.000000	0.779469	0.025157	0.255654	0.259757	0.221911	0.262677	0.496944	
1514000	-459.531991	1	2	0	'0 1 0 0 1 0 0 1 	D	0.678669	0.014728	0.678669	0.678669	0.014728	0.678669	0.678669	0.014728	0.250879	0.256090	0.232305	0.260726	0.334604	
1515000	-463.198786	1	2	2	'0 Z 0 0 Z 1 0 1 	D	0.686697	0.000000	0.686697	0.686697	0.000000	0.032257	0.686697	0.032257	0.364894	0.335968	0.001093	0.298044	0.637788	
1516000	-460.984064	1	2	1	'0 1 0 0 0 0 0 Z 	D	0.517076	0.045271	0.517076	0.517076	0.517076	0.517076	0.517076	0.000000	0.237171	0.250521	0.248652	0.263656	0.367843	
1517000	-460.616834	1	2	1	'0 1 0 0 0 0 0 Z 	D	0.747863	0.020885	0.747863	0.747863	0.747863	0.747863	0.747863	0.000000	0.248458	0.249968	0.250092	0.251481	0.835272	
1518000	-461.267756	1	2	2	'0 Z 0 0 1 Z 0 1 	D	0.637183	0.000000	0.637183	0.637183	0.013097	0.000000	0.637183	0.013097	0.337954	0.335042	0.000208	0.326797	0.206744	
1519000	-462.857339	1	2	2	'0 1 0 0 0 Z 0 Z 	D	0.518250	0.042080	0.518250	0.518250	0.518250	0.000000	0.518250	0.000000	0.234419	0.295661	0.112660	0.357260	0.230150	
1520000	-459.343837	1	2	1	'0 1 0 0 0 0 0 Z 	D	0.655245	0.033556	0.655245	0.655245	0.655245	0.655245	0.655245	0.000000	0.246478	0.249975	0.250068	0.253479	0.300006	
1521000	-463.567648	1	2	2	'0 1 0 0 0 Z 0 Z 	D	0.582296	0.071561	0.582296	0.582296	0.582296	0.000000	0.582296	0.000000	0.232916	0.290641	0.129361	0.347081	0.148925	
1522000	-460.088013	1	2	0	'0 1 0 0 0 0 0 1 	D	0.645197	0.033194	0.645197	0.645197	0.645197	0.645197	0.645197	0.033194	0.242935	0.250064	0.249783	0.257218	0.713542	
1523000	-460.539956	1	2	1	'0 1 0 0 0 1 0 Z 	D	0.606477	0.036245	0.606477	0.606477	0.606477	0.036245	0.606477	0.000000	0.249093	0.275667	0.174284	0.300956	0.307349	
1524000	-460.151816	1	2	1	'0 1 0 0 0 1 0 Z 	D	0.655818	0.033599	0.655818	0.655818	0.655818	0.033599	0.655818	0.000000	0.252196	0.269582	0.192376	0.285847	0.383454	
1525000	-459.856568	1	2	1	'0 Z 0 0 0 0 0 1 	D	0.582947	0.000000	0.582947	0.582947	0.582947	0.582947	0.582947	0.027216	0.231202	0.250058	0.249709	0.269031	0.676065	
1526000	-460.105043	1	2	2	'0 1 0 0 0 Z 0 Z 	D	0.640851	0.027101	0.640851	0.640851	0.640851	0.000000	0.640851	0.000000	0.255567	0.274295	0.178298	0.291839	0.976175	
1527000	-461.211083	1	2	1	'0 1 0 0 Z 0 0 1 	D	0.687679	0.028218	0.687679	0.687679	0.000000	0.687679	0.687679	0.028218	0.253832	0.257767	0.228013	0.260388	0.535742	
1528000	-460.830957	1	2	1	'0 Z 0 0 1 0 0 1 	D	0.594534	0.000000	0.594534	0.594534	0.014564	0.594534	0.594534	0.014564	0.246187	0.259203	0.222958	0.271652	0.222818	
1529000	-462.049099	1	2	1	'0 1 0 0 1 1 0 Z 	D	0.768650	0.027436	0.768650	0.768650	0.027436	0.027436	0.768650	0.000000	0.300638	0.334157	0.003450	0.361755	0.542438	
1530000	-461.436764	1	2	1	'0 1 0 0 0 0 0 Z 	D	0.810676	0.069669	0.810676	0.810676	0.810676	0.810676	0.810676	0.000000	0.249196	0.249993	0.249990	0.250821	0.360819	
1531000	-461.729993	1	2	1	'0 1 0 0 1 Z 0 1 	D	0.542052	0.004217	0.542052	0.542052	0.004217	0.000000	0.542052	0.004217	0.304888	0.334572	0.000019	0.360522	0.552593	
1532000	-460.957871	1	2	1	'0 1 0 0 0 1 0 Z 	D	0.686307	0.051242	0.686307	0.686307	0.686307	0.051242	0.686307	0.000000	0.249039	0.266776	0.200979	0.283206	0.442961	
1533000	-460.378245	1	2	2	'0 1 0 0 0 Z 0 Z 	D	0.633744	0.034567	0.633744	0.633744	0.633744	0.000000	0.633744	0.000000	0.253215	0.276564	0.171781	0.298440	0.373059	
1534000	-459.516678	1	2	1	'0 1 0 0 0 0 0 Z 	D	0.591156	0.036592	0.591156	0.591156	0.591156	0.591156	0.591156	0.000000	0.243568	0.250036	0.249933	0.256462	0.288586	
1535000	-461.247154	1	2	2	'0 1 0 0 0 Z 0 Z 	D	0.802534	0.035081	0.802534	0.802534	0.802534	0.000000	0.802534	0.000000	0.253453	0.259684	0.221564	0.265298	0.372652	
1536000	-461.613426	1	2	1	'0 1 0 0 1 1 0 Z 	D	0.583052	0.007079	0.583052	0.583052	0.007079	0.007079	0.583052	0.000000	0.304269	0.333921	0.000244	0.361567	0.265760	
1537000	-461.315976	1	2	1	'0 Z 0 0 1 0 0 1 	D	0.564374	0.000000	0.564374	0.564374	0.026017	0.564374	0.564374	0.026017	0.252152	0.263328	0.211843	0.272676	0.706793	
1538000	-461.013032	1	2	1	'0 Z 0 0 0 0 0 1 	D	0.750411	0.000000	0.750411	0.750411	0.750411	0.750411	0.750411	0.053940	0.245538	0.250039	0.250014	0.254410	0.676417	
1539000	-461.366280	1	2	2	'0 1 0 0 0 Z 0 Z 	D	0.568442	0.011047	0.568442	0.568442	0.568442	0.000000	0.568442	0.000000	0.259887	0.281186	0.157148	0.301779	0.647156	
1540000	-459.547667	1	2	1	'0 1 0 0 0 0 0 Z 	D	0.693862	0.046274	0.693862	0.693862	0.693862	0.693862	0.693862	0.000000	0.247595	0.249991	0.249990	0.252424	0.405707	
1541000	-459.621394	1	2	1	'0 1 0 0 0 0 0 Z 	D	0.671489	0.056825	0.671489	0.671489	0.671489	0.671489	0.671489	0.000000	0.247060	0.250002	0.249931	0.253008	0.645980	
1542000	-461.880703	1	2	1	'1 0 1 1 Z 1 1 0 	D	0.805778	0.004289	0.805778	0.805778	0.000000	0.805778	0.805778	0.004289	0.247889	0.249928	0.250215	0.251968	0.627821	
1543000	-459.816082	1	2	1	'1 0 1 1 1 1 1 Z 	D	0.580495	0.024929	0.580495	0.580495	0.580495	0.580495	0.580495	0.000000	0.242693	0.249929	0.250347	0.257030	0.513206	
1544000	-460.419338	1	2	2	'1 0 1 1 1 Z 1 Z 	D	0.739757	0.020369	0.739757	0.739757	0.739757	0.000000	0.739757	0.000000	0.255786	0.262723	0.212361	0.269129	0.750161	
1545000	-459.559370	1	2	1	'1 0 1 1 1 1 1 Z 	D	0.588979	0.041225	0.588979	0.588979	0.588979	0.588979	0.588979	0.000000	0.243475	0.250065	0.249824	0.256636	0.535921	
1546000	-461.616486	1	2	1	'1 0 1 1 1 1 1 Z 	D	0.638022	0.106285	0.638022	0.638022	0.638022	0.638022	0.638022	0.000000	0.245923	0.250023	0.249685	0.254368	0.423141	
1547000	-460.301288	1	2	1	'1 0 1 1 1 1 1 Z 	D	0.743295	0.025320	0.743295	0.743295	0.743295	0.743295	0.743295	0.000000	0.248414	0.249975	0.250068	0.251543	0.633963	
1548000	-459.305876	1	2	0	'1 0 1 1 1 1 1 0 	D	0.624403	0.021265	0.624403	0.624403	0.624403	0.624403	0.624403	0.021265	0.240779	0.250051	0.249771	0.259398	0.220740	
1549000	-461.924036	1	2	1	'1 0 1 1 1 1 1 Z 	D	0.511423	0.068508	0.511423	0.511423	0.511423	0.511423	0.511423	0.000000	0.236464	0.250707	0.247805	0.265025	0.275028	
1550000	-462.157539	1	2	2	'1 0 1 1 Z 0 1 Z 	D	0.825997	0.013355	0.825997	0.825997	0.000000	0.013355	0.825997	0.000000	0.318469	0.334381	0.000238	0.346912	0.409780	
1551000	-459.301287	1	2	1	'1 0 1 1 1 1 1 Z 	D	0.639900	0.037835	0.639900	0.639900	0.639900	0.639900	0.639900	0.000000	0.245959	0.249992	0.250014	0.254036	0.830614	
1552000	-459.659468	1	2	1	'1 0 1 1 1 1 1 Z 	D	0.684633	0.055974	0.684633	0.684633	0.684633	0.684633	0.684633	0.000000	0.247401	0.249997	0.249950	0.252651	0.551987	
1553000	-459.378021	1	2	1	'1 0 1 1 1 1 1 Z 	D	0.651997	0.046918	0.651997	0.651997	0.651997	0.651997	0.651997	0.000000	0.246437	0.250003	0.249949	0.253611	0.599209	
1554000	-460.759192	1	2	1	'1 0 1 1 0 Z 1 0 	D	0.708926	0.008210	0.708926	0.708926	0.008210	0.000000	0.708926	0.008210	0.325438	0.335205	0.000079	0.339278	0.388605	
1555000	-462.105537	1	2	3	'1 Z 1 1 Z Z 1 0 	D	0.740990	0.000000	0.740990	0.740990	0.000000	0.000000	0.740990	0.019106	0.348811	0.335289	0.000000	0.315899	0.385974	
1556000	-461.933623	1	2	1	'1 0 1 1 1 1 1 Z 	D	0.621968	0.006964	0.621968	0.621968	0.621968	0.621968	0.621968	0.000000	0.244214	0.249180	0.252582	0.254024	0.838726	
1557000	-462.157156	1	2	1	'1 0 1 1 1 1 1 Z 	D	0.725216	0.008299	0.725216	0.725216	0.725216	0.725216	0.725216	0.000000	0.247944	0.249848	0.250471	0.251736	0.975381	
1558000	-462.894876	1	2	1	'1 0 1 1 Z 1 1 0 	D	0.820458	0.002982	0.820458	0.820458	0.000000	0.820458	0.820458	0.002982	0.246447	0.248275	0.255151	0.250127	0.433773	
1559000	-459.972435	1	2	0	'1 0 1 1 1 0 1 0 	D	0.590279	0.007610	0.590279	0.590279	0.590279	0.007610	0.590279	0.007610	0.259792	0.277440	0.168835	0.293934	0.420117	
1560000	-460.083779	1	2	0	'1 0 1 1 1 1 1 0 	D	0.558549	0.024374	0.558549	0.558549	0.558549	0.558549	0.558549	0.024374	0.234654	0.250280	0.249016	0.266050	0.274325	
1561000	-459.724463	1	2	1	'1 0 1 1 1 1 1 Z 	D	0.716347	0.045210	0.716347	0.716347	0.716347	0.716347	0.716347	0.000000	0.248046	0.249989	0.250001	0.251965	0.593265	
1562000	-462.453120	1	2	1	'1 Z 1 1 1 1 1 0 	D	0.478474	0.000000	0.478474	0.478474	0.478474	0.478474	0.478474	0.021794	0.209053	0.250465	0.246988	0.293494	0.985393	
1563000	-461.275928	1	2	1	'1 0 1 1 1 0 1 Z 	D	0.550258	0.031468	0.550258	0.550258	0.550258	0.031468	0.550258	0.000000	0.245803	0.283459	0.150557	0.320181	0.935510	
1564000	-460.575535	1	2	1	'1 0 1 1 1 1 1 Z 	D	0.696813	0.015007	0.696813	0.696813	0.696813	0.696813	0.696813	0.000000	0.247464	0.249900	0.250317	0.252319	0.747665	
1565000	-459.688152	1	2	1	'1 Z 1 1 1 1 1 0 	D	0.613590	0.000000	0.613590	0.613590	0.613590	0.613590	0.613590	0.023882	0.234889	0.249990	0.249955	0.265166	0.881769	
1566000	-461.544912	1	2	1	'1 0 1 1 1 1 1 Z 	D	0.613948	0.101870	0.613948	0.613948	0.613948	0.613948	0.613948	0.000000	0.244859	0.250059	0.249540	0.255542	0.495740	
1567000	-460.245424	1	2	1	'1 0 1 1 1 Z 1 0 	D	0.564140	0.008901	0.564140	0.564140	0.564140	0.000000	0.564140	0.008901	0.259907	0.282324	0.154681	0.303088	0.665330	
1568000	-461.489860	1	2	1	'1 Z 1 1 0 1 1 0 	D	0.549462	0.000000	0.549462	0.549462	0.017558	0.549462	0.549462	0.017558	0.246031	0.263223	0.211531	0.279215	0.625990	
1569000	-461.038590	1	2	0	'1 0 1 1 0 0 1 0 	D	0.609169	0.011226	0.609169	0.609169	0.011226	0.011226	0.609169	0.011226	0.315987	0.336198	0.000610	0.347206	0.748464	
1570000	-461.896203	1	2	3	'1 0 1 1 Z Z 1 Z 	D	0.653089	0.032200	0.653089	0.653089	0.000000	0.000000	0.653089	0.000000	0.274359	0.335320	0.000000	0.390321	0.522488	
1571000	-461.075340	1	2	1	'0 1 0 0 0 0 0 Z 	D	0.763788	0.079684	0.763788	0.763788	0.763788	0.763788	0.763788	0.000000	0.248774	0.249991	0.249973	0.251262	0.764111	
1572000	-461.684012	1	2	1	'0 1 0 0 0 0 0 Z 	D	0.750141	0.099328	0.750141	0.750141	0.750141	0.750141	0.750141	0.000000	0.248614	0.249989	0.249953	0.251444	0.384585	
1573000	-460.068329	1	2	0	'0 1 0 0 0 0 0 1 	D	0.542208	0.017749	0.542208	0.542208	0.542208	0.542208	0.542208	0.017749	0.231564	0.250278	0.248891	0.269268	0.481718	
1574000	-460.270410	1	2	1	'0 Z 0 0 0 0 0 1 	D	0.598034	0.000000	0.598034	0.598034	0.598034	0.598034	0.598034	0.048404	0.234862	0.250220	0.249638	0.265280	0.237899	
1575000	-460.506019	1	2	1	'0 1 0 0 0 Z 0 1 	D	0.619931	0.020416	0.619931	0.619931	0.619931	0.000000	0.619931	0.020416	0.259821	0.275250	0.177349	0.287580	0.545809	
1576000	-459.791276	1	2	1	'0 1 0 0 0 0 0 Z 	D	0.688174	0.023758	0.688174	0.688174	0.688174	0.688174	0.688174	0.000000	0.247350	0.249949	0.250157	0.252544	0.259534	
1577000	-460.921772	1	2	1	'0 1 0 0 0 0 0 Z 	D	0.804487	0.041016	0.804487	0.804487	0.804487	0.804487	0.804487	0.000000	0.249117	0.249992	0.250006	0.250884	0.339126	
1578000	-460.480857	1	2	1	'0 1 0 0 0 0 0 Z 	D	0.567399	0.016845	0.567399	0.567399	0.567399	0.567399	0.567399	0.000000	0.241410	0.249682	0.251189	0.257719	0.409402	
1579000	-460.817251	1	2	1	'0 1 0 0 0 0 0 Z 	D	0.565646	0.073717	0.565646	0.565646	0.565646	0.565646	0.565646	0.000000	0.241915	0.250221	0.249153	0.258711	0.463782	
1580000	-463.254355	1	2	0	'0 1 0 0 0 1 0 1 	D	0.466547	0.009397	0.466547	0.466547	0.466547	0.009397	0.466547	0.009397	0.247551	0.297113	0.110867	0.344469	0.725461	
1581000	-460.356917	1	2	1	'0 1 0 0 0 0 0 Z 	D	0.684938	0.016026	0.684938	0.684938	0.684938	0.684938	0.684938	0.000000	0.247181	0.249895	0.250335	0.252588	0.656635	
1582000	-461.426265	1	2	1	'0 1 0 0 0 Z 0 1 	D	0.634712	0.002672	0.634712	0.634712	0.634712	0.000000	0.634712	0.002672	0.260443	0.271960	0.184353	0.283243	0.939804	
1583000	-461.344509	1	2	0	'0 1 0 0 0 1 0 1 	D	0.743441	0.003768	0.743441	0.743441	0.743441	0.003768	0.743441	0.003768	0.256414	0.260962	0.217308	0.265316	0.554048	
1584000	-460.934472	1	2	2	'0 1 0 0 0 Z 0 Z 	D	0.563537	0.025862	0.563537	0.563537	0.563537	0.000000	0.563537	0.000000	0.252081	0.285206	0.145519	0.317193	0.363853	
1585000	-460.061110	1	2	0	'0 1 0 0 0 1 0 1 	D	0.583145	0.013678	0.583145	0.583145	0.583145	0.013678	0.583145	0.013678	0.258572	0.278222	0.167687	0.295519	0.181871	
1586000	-460.025534	1	2	0	'0 1 0 0 0 1 0 1 	D	0.593780	0.014837	0.593780	0.593780	0.593780	0.014837	0.593780	0.014837	0.258575	0.276686	0.172349	0.292389	0.793552	
1587000	-459.479099	1	2	0	'0 1 0 0 0 0 0 1 	D	0.580903	0.017973	0.580903	0.580903	0.580903	0.580903	0.580903	0.017973	0.236493	0.250109	0.249511	0.263887	0.530865	
1588000	-460.064738	1	2	1	'0 1 0 0 0 0 0 Z 	D	0.740773	0.051796	0.740773	0.740773	0.740773	0.740773	0.740773	0.000000	0.248453	0.249991	0.249992	0.251565	0.506152	
1589000	-462.357589	1	2	1	'0 Z 0 0 0 0 0 1 	D	0.750601	0.000000	0.750601	0.750601	0.750601	0.750601	0.750601	0.081242	0.246070	0.250058	0.250016	0.253856	0.632849	
1590000	-461.158570	1	2	0	'0 1 0 0 1 0 0 1 	D	0.573526	0.023648	0.573526	0.573526	0.023648	0.573526	0.573526	0.023648	0.251514	0.263062	0.213286	0.272138	0.935330	
1591000	-459.522797	1	2	1	'0 1 0 0 Z 0 0 1 	D	0.635370	0.013899	0.635370	0.635370	0.000000	0.635370	0.635370	0.013899	0.251652	0.259395	0.222708	0.266245	0.643789	
1592000	-459.513057	1	2	0	'0 1 0 0 0 0 0 1 	D	0.605404	0.010550	0.605404	0.605404	0.605404	0.605404	0.605404	0.010550	0.238195	0.249941	0.250023	0.261842	0.747456	
1593000	-461.118596	1	2	1	'0 Z 0 0 1 0 0 1 	D	0.729343	0.000000	0.729343	0.729343	0.037590	0.729343	0.729343	0.037590	0.253328	0.254512	0.236996	0.255164	0.622463	
1594000	-460.107158	1	2	0	'0 1 0 0 0 1 0 1 	D	0.664684	0.018910	0.664684	0.664684	0.664684	0.018910	0.664684	0.018910	0.257692	0.267891	0.198234	0.276182	0.392476	
1595000	-460.209173	1	2	1	'0 Z 0 0 0 0 0 1 	D	0.706785	0.000000	0.706785	0.706785	0.706785	0.706785	0.706785	0.044161	0.243384	0.250046	0.250001	0.256570	0.165800	
1596000	-459.469162	1	2	0	'0 1 0 0 0 0 0 1 	D	0.616619	0.010609	0.616619	0.616619	0.616619	0.616619	0.616619	0.010609	0.239239	0.249942	0.250044	0.260776	0.944609	
1597000	-463.416002	1	2	2	'0 1 0 0 Z Z 0 1 	D	0.495897	0.003241	0.495897	0.495897	0.000000	0.000000	0.495897	0.003241	0.292631	0.334224	0.000000	0.373144	0.515857	
1598000	-460.470322	1	2	1	'0 Z 0 0 0 0 0 1 	D	0.689592	0.000000	0.689592	0.689592	0.689592	0.689592	0.689592	0.014474	0.241323	0.249933	0.250164	0.258580	0.497427	
1599000	-461.786466	1	2	2	'0 1 0 0 0 Z 0 Z 	D	0.568563	0.008556	0.568563	0.568563	0.568563	0.000000	0.568563	0.000000	0.261099	0.280579	0.158860	0.299462	0.533043	
1600000	-460.789842	1	2	2	'0 1 0 0 Z 1 0 Z 	D	0.611036	0.017684	0.611036	0.611036	0.000000	0.017684	0.611036	0.000000	0.289793	0.334480	0.000472	0.375255	0.314214	
1601000	-460.096924	1	2	1	'0 1 0 0 0 0 0 Z 	D	0.550531	0.031806	0.550531	0.550531	0.550531	0.550531	0.550531	0.000000	0.240470	0.250108	0.249865	0.259557	0.624098	
1602000	-460.527299	1	2	1	'0 Z 0 0 0 0 0 1 	D	0.704182	0.000000	0.704182	0.704182	0.704182	0.704182	0.704182	0.053513	0.243525	0.250063	0.249994	0.256418	0.421081	
1603000	-462.753867	1	2	1	'0 Z 0 0 1 0 0 1 	D	0.757561	0.000000	0.757561	0.757561	0.059214	0.757561	0.757561	0.059214	0.255764	0.254480	0.237205	0.252551	0.918494	
1604000	-460.125787	1	2	0	'0 1 0 0 1 0 0 1 	D	0.594367	0.017929	0.594367	0.594367	0.017929	0.594367	0.594367	0.017929	0.250806	0.261231	0.217841	0.270123	0.332312	
1605000	-460.864279	1	2	1	'0 1 0 0 1 1 0 Z 	D	0.717859	0.017244	0.717859	0.717859	0.017244	0.017244	0.717859	0.000000	0.306414	0.334298	0.001405	0.357882	0.155773	
1606000	-464.890349	1	2	2	'0 1 0 0 Z 1 0 Z 	D	0.687522	0.057150	0.687522	0.687522	0.000000	0.057150	0.687522	0.000000	0.256774	0.333888	0.005271	0.404067	0.678564	
1607000	-459.666987	1	2	1	'0 Z 0 0 0 0 0 1 	D	0.644373	0.000000	0.644373	0.644373	0.644373	0.644373	0.644373	0.034923	0.238701	0.250058	0.249932	0.261308	0.814744	
1608000	-460.725985	1	2	1	'0 Z 0 0 0 0 0 1 	D	0.715511	0.000000	0.715511	0.715511	0.715511	0.715511	0.715511	0.055984	0.244150	0.250059	0.250001	0.255790	0.273513	
1609000	-460.439505	1	2	0	'0 1 0 0 0 1 0 1 	D	0.773720	0.010428	0.773720	0.773720	0.773720	0.010428	0.773720	0.010428	0.255370	0.259121	0.223102	0.262408	0.539338	
1610000	-460.452220	1	2	2	'0 Z 0 0 Z 0 0 1 	D	0.677855	0.000000	0.677855	0.677855	0.000000	0.677855	0.677855	0.017252	0.250155	0.256013	0.232358	0.261474	0.343201	
1611000	-460.971306	1	2	1	'0 1 0 0 0 1 0 Z 	D	0.633465	0.049323	0.633465	0.633465	0.633465	0.049323	0.633465	0.000000	0.246683	0.272511	0.183930	0.296877	0.446139	
1612000	-461.472578	1	2	1	'0 1 0 0 0 1 0 Z 	D	0.821814	0.036258	0.821814	0.821814	0.821814	0.036258	0.821814	0.000000	0.251948	0.256738	0.230217	0.261096	0.734025	
1613000	-461.633597	1	2	0	'0 1 0 0 0 1 0 1 	D	0.848489	0.014108	0.848489	0.848489	0.848489	0.014108	0.848489	0.014108	0.253306	0.255340	0.234316	0.257037	0.319046	
1614000	-460.028982	1	2	1	'0 Z 0 0 0 0 0 1 	D	0.568771	0.000000	0.568771	0.568771	0.568771	0.568771	0.568771	0.029212	0.229292	0.250118	0.249517	0.271073	0.515073	
1615000	-460.425513	1	2	0	'0 1 0 0 0 0 0 1 	D	0.767600	0.023111	0.767600	0.767600	0.767600	0.767600	0.767600	0.023111	0.247246	0.250000	0.249992	0.252762	0.704309	
1616000	-459.656954	1	2	1	'0 1 0 0 Z 0 0 1 	D	0.643160	0.016076	0.643160	0.643160	0.000000	0.643160	0.643160	0.016076	0.252194	0.259190	0.223425	0.265191	0.467321	
1617000	-459.682929	1	2	1	'0 1 0 0 Z 0 0 1 	D	0.653292	0.006936	0.653292	0.653292	0.000000	0.653292	0.653292	0.006936	0.249687	0.257042	0.229180	0.264091	0.276552	
1618000	-461.007956	1	2	3	'0 1 0 0 Z Z 0 Z 	D	0.692228	0.008352	0.692228	0.692228	0.000000	0.000000	0.692228	0.000000	0.315429	0.334168	0.000000	0.350403	0.714058	
1619000	-459.539528	1	2	1	'0 1 0 0 Z 0 0 1 	D	0.619660	0.009151	0.619660	0.619660	0.000000	0.619660	0.619660	0.009151	0.250100	0.259641	0.221680	0.268578	0.441163	
1620000	-462.760510	1	2	3	'0 1 0 0 Z Z 0 Z 	D	0.754637	0.033830	0.754637	0.754637	0.000000	0.000000	0.754637	0.000000	0.290112	0.335831	0.000000	0.374056	0.485342	
1621000	-461.423029	1	2	0	'0 1 0 0 0 0 0 1 	D	0.512670	0.007211	0.512670	0.512670	0.512670	0.512670	0.512670	0.007211	0.224329	0.249790	0.249940	0.275942	0.478221	
1622000	-461.416181	1	2	2	'0 1 0 0 0 Z 0 Z 	D	0.675611	0.054571	0.675611	0.675611	0.675611	0.000000	0.675611	0.000000	0.250024	0.274241	0.179232	0.296503	0.810718	
1623000	-460.345739	1	2	1	'0 1 0 0 0 0 0 Z 	D	0.732622	0.021918	0.732622	0.732622	0.732622	0.732622	0.732622	0.000000	0.248234	0.249964	0.250104	0.251697	0.612607	
1624000	-460.036221	1	2	1	'0 1 0 0 0 1 0 Z 	D	0.664144	0.019552	0.664144	0.664144	0.664144	0.019552	0.664144	0.000000	0.256048	0.268033	0.196620	0.279299	0.311534	
1625000	-460.082275	1	2	0	'0 1 0 0 0 1 0 1 	D	0.672563	0.005618	0.672563	0.672563	0.672563	0.005618	0.672563	0.005618	0.258932	0.267490	0.198038	0.275540	0.437047	
1626000	-460.235967	1	2	1	'0 1 0 0 0 Z 0 1 	D	0.563495	0.009868	0.563495	0.563495	0.563495	0.000000	0.563495	0.009868	0.259786	0.282523	0.154322	0.303369	0.304989	
1627000	-459.440136	1	2	0	'0 1 0 0 0 0 0 1 	D	0.687072	0.020398	0.687072	0.687072	0.687072	0.687072	0.687072	0.020398	0.244475	0.250006	0.249951	0.255568	0.348894	
1628000	-459.575513	1	2	1	'0 1 0 0 0 0 0 Z 	D	0.586496	0.033125	0.586496	0.586496	0.586496	0.586496	0.586496	0.000000	0.243237	0.250020	0.250010	0.256733	0.646686	
1629000	-462.221018	1	2	1	'0 1 0 0 Z 0 0 1 	D	0.892604	0.014216	0.892604	0.892604	0.000000	0.892604	0.892604	0.014216	0.249981	0.250801	0.247654	0.251565	0.733330	
1630000	-464.802588	1	2	1	'0 1 0 0 1 1 0 Z 	D	0.630923	0.060834	0.630923	0.630923	0.060834	0.060834	0.630923	0.000000	0.242377	0.329397	0.015508	0.412719	0.343507	
1631000	-460.383902	1	2	1	'0 1 0 0 0 1 0 Z 	D	0.735260	0.019457	0.735260	0.735260	0.735260	0.019457	0.735260	0.000000	0.254884	0.261469	0.216053	0.267594	0.264507	
1632000	-460.489787	1	2	0	'0 1 0 0 0 1 0 1 	D	0.711576	0.020764	0.711576	0.711576	0.711576	0.020764	0.711576	0.020764	0.256468	0.263384	0.211320	0.268828	0.454228	
1633000	-461.047229	1	2	0	'0 1 0 0 0 0 0 1 	D	0.795957	0.012228	0.795957	0.795957	0.795957	0.795957	0.795957	0.012228	0.247629	0.249992	0.250018	0.252361	0.184021	
1634000	-460.341476	1	2	1	'0 1 0 0 Z 0 0 1 	D	0.571470	0.016379	0.571470	0.571470	0.000000	0.571470	0.571470	0.016379	0.251389	0.264494	0.208404	0.275713	0.482671	
1635000	-465.939149	1	2	1	'0 1 0 0 0 1 0 Z 	D	0.755101	0.122004	0.755101	0.755101	0.755101	0.122004	0.755101	0.000000	0.243555	0.260611	0.219584	0.276250	0.915446	
1636000	-459.843894	1	2	0	'0 1 0 0 1 0 0 1 	D	0.738758	0.010970	0.738758	0.738758	0.010970	0.738758	0.738758	0.010970	0.250109	0.253385	0.240062	0.256444	0.782294	
1637000	-459.966896	1	2	1	'0 Z 0 0 0 0 0 1 	D	0.692605	0.000000	0.692605	0.692605	0.692605	0.692605	0.692605	0.039350	0.242431	0.250043	0.249996	0.257531	0.922838	
1638000	-463.763023	1	2	0	'0 1 0 0 0 0 0 1 	D	0.511979	0.047616	0.511979	0.511979	0.511979	0.511979	0.511979	0.047616	0.231525	0.251029	0.247238	0.270207	0.624771	
1639000	-459.626108	1	2	1	'1 Z 1 1 1 1 1 0 	D	0.633265	0.000000	0.633265	0.633265	0.633265	0.633265	0.633265	0.025671	0.237140	0.250004	0.249980	0.262876	0.316426	
1640000	-460.138455	1	2	2	'1 0 1 1 1 Z 1 Z 	D	0.628052	0.020471	0.628052	0.628052	0.628052	0.000000	0.628052	0.000000	0.257303	0.274750	0.176723	0.291224	0.576918	
1641000	-461.414223	1	2	1	'1 0 1 1 1 1 1 Z 	D	0.568913	0.087908	0.568913	0.568913	0.568913	0.568913	0.568913	0.000000	0.242105	0.250206	0.249088	0.258600	0.781346	
1642000	-461.681647	1	2	1	'1 0 1 1 1 1 1 Z 	D	0.838104	0.059512	0.838104	0.838104	0.838104	0.838104	0.838104	0.000000	0.249364	0.249995	0.249996	0.250645	0.332200	
1643000	-460.063499	1	2	2	'1 0 1 1 1 Z 1 Z 	D	0.678369	0.020421	0.678369	0.678369	0.678369	0.000000	0.678369	0.000000	0.257094	0.268658	0.194804	0.279444	0.841235	
1644000	-460.002573	1	2	1	'1 0 1 1 1 1 1 Z 	D	0.634995	0.069808	0.634995	0.634995	0.634995	0.634995	0.634995	0.000000	0.245857	0.250032	0.249783	0.254328	0.753766	
1645000	-460.935842	1	2	1	'1 0 1 1 1 1 1 Z 	D	0.563050	0.075406	0.563050	0.563050	0.563050	0.563050	0.563050	0.000000	0.241705	0.250235	0.249095	0.258965	0.532244	
1646000	-461.216855	1	2	0	'1 0 1 1 0 0 1 0 	D	0.732670	0.010247	0.732670	0.732670	0.010247	0.010247	0.732670	0.010247	0.326436	0.335383	0.000510	0.337671	0.597109	
1647000	-460.345047	1	2	1	'1 0 1 1 1 0 1 Z 	D	0.740879	0.024285	0.740879	0.740879	0.740879	0.024285	0.740879	0.000000	0.254106	0.261280	0.216699	0.267914	0.288277	
1648000	-460.698788	1	2	1	'1 0 1 1 1 1 1 Z 	D	0.523801	0.038512	0.523801	0.523801	0.523801	0.523801	0.523801	0.000000	0.237882	0.250378	0.249124	0.262617	0.578483	
1649000	-462.675593	1	2	1	'1 0 1 1 1 0 1 Z 	D	0.895454	0.036072	0.895454	0.895454	0.895454	0.036072	0.895454	0.000000	0.251327	0.253905	0.238525	0.256243	0.788267	
1650000	-460.272687	1	2	1	'1 Z 1 1 1 1 1 0 	D	0.552653	0.000000	0.552653	0.552653	0.552653	0.552653	0.552653	0.028036	0.226527	0.250145	0.249312	0.274016	0.438787	
1651000	-459.644294	1	2	0	'1 0 1 1 0 1 1 0 	D	0.658903	0.016661	0.658903	0.658903	0.016661	0.658903	0.658903	0.016661	0.251167	0.257180	0.229254	0.262399	0.281071	
1652000	-461.666762	1	2	1	'1 0 1 1 1 1 1 Z 	D	0.834544	0.029490	0.834544	0.834544	0.834544	0.834544	0.834544	0.000000	0.249307	0.249993	0.250014	0.250687	0.420150	
1653000	-459.455267	1	2	1	'1 0 1 1 1 1 1 Z 	D	0.619250	0.027927	0.619250	0.619250	0.619250	0.619250	0.619250	0.000000	0.244987	0.249951	0.250189	0.254873	0.303906	
1654000	-459.812601	1	2	1	'1 Z 1 1 1 1 1 0 	D	0.588063	0.000000	0.588063	0.588063	0.588063	0.588063	0.588063	0.029409	0.232107	0.250080	0.249710	0.268104	0.384643	
1655000	-459.975711	1	2	1	'1 Z 1 1 1 1 1 0 	D	0.624257	0.000000	0.624257	0.624257	0.624257	0.624257	0.624257	0.045022	0.237402	0.250135	0.249820	0.262644	0.469542	
1656000	-460.436055	1	2	1	'1 0 1 1 1 1 1 Z 	D	0.582226	0.070556	0.582226	0.582226	0.582226	0.582226	0.582226	0.000000	0.243115	0.250147	0.249403	0.257335	0.928665	
1657000	-462.861365	1	2	1	'1 0 1 1 1 1 1 Z 	D	0.659455	0.131230	0.659455	0.659455	0.659455	0.659455	0.659455	0.000000	0.246633	0.249995	0.249741	0.253631	0.374787	
1658000	-461.111834	1	2	1	'0 1 0 0 0 1 0 Z 	D	0.727494	0.051267	0.727494	0.727494	0.727494	0.051267	0.727494	0.000000	0.250163	0.263084	0.211824	0.274929	0.548582	
1659000	-459.613962	1	2	0	'0 1 0 0 1 0 0 1 	D	0.711946	0.012585	0.711946	0.711946	0.012585	0.711946	0.711946	0.012585	0.250473	0.254504	0.236831	0.258191	0.236436	
1660000	-461.494416	1	2	1	'0 1 0 0 1 Z 0 1 	D	0.666561	0.002467	0.666561	0.666561	0.002467	0.000000	0.666561	0.002467	0.322968	0.333932	0.000007	0.343093	0.755855	
1661000	-463.320446	1	2	1	'0 1 0 0 1 1 0 Z 	D	0.571334	0.003228	0.571334	0.571334	0.003228	0.003228	0.571334	0.000000	0.310264	0.333678	0.000051	0.356006	0.596891	
1662000	-460.703018	1	2	1	'0 1 0 0 Z 1 0 1 	D	0.693329	0.004749	0.693329	0.693329	0.000000	0.004749	0.693329	0.004749	0.324790	0.334449	0.000030	0.340730	0.954542	
1663000	-461.585363	1	2	1	'0 Z 0 0 0 0 0 1 	D	0.548070	0.000000	0.548070	0.548070	0.548070	0.548070	0.548070	0.059173	0.229294	0.250597	0.248862	0.271247	0.493071	
1664000	-461.165121	1	2	1	'0 Z 0 0 1 0 0 1 	D	0.591260	0.000000	0.591260	0.591260	0.010928	0.591260	0.591260	0.010928	0.243850	0.258695	0.224212	0.273243	0.263540	
1665000	-461.978980	1	2	3	'0 1 0 0 Z Z 0 Z 	D	0.751378	0.005895	0.751378	0.751378	0.000000	0.000000	0.751378	0.000000	0.322750	0.333915	0.000000	0.343335	0.581355	
1666000	-459.791415	1	2	1	'0 1 0 0 0 0 0 Z 	D	0.684514	0.023230	0.684514	0.684514	0.684514	0.684514	0.684514	0.000000	0.247254	0.249945	0.250172	0.252629	0.550798	
1667000	-459.846620	1	2	0	'0 1 0 0 0 0 0 1 	D	0.702474	0.026914	0.702474	0.702474	0.702474	0.702474	0.702474	0.026914	0.245388	0.250013	0.249944	0.254655	0.643128	
1668000	-461.476915	1	2	2	'0 1 0 0 Z Z 0 1 	D	0.607580	0.012913	0.607580	0.607580	0.000000	0.000000	0.607580	0.012913	0.315766	0.337049	0.000000	0.347185	0.578163	
1669000	-461.257832	1	2	2	'0 1 0 0 Z Z 0 1 	D	0.739320	0.003989	0.739320	0.739320	0.000000	0.000000	0.739320	0.003989	0.327448	0.334217	0.000000	0.338336	0.791346	
1670000	-461.755328	1	2	1	'0 Z 0 0 0 0 0 1 	D	0.565730	0.000000	0.565730	0.565730	0.565730	0.565730	0.565730	0.067415	0.232556	0.250515	0.249195	0.267735	0.319880	
1671000	-463.362190	1	2	0	'0 1 0 0 1 0 0 1 	D	0.474034	0.017446	0.474034	0.474034	0.017446	0.474034	0.474034	0.017446	0.242263	0.272395	0.187205	0.298137	0.417534	
1672000	-461.612189	1	2	1	'0 Z 0 0 1 1 0 1 	D	0.686671	0.000000	0.686671	0.686671	0.007521	0.007521	0.686671	0.007521	0.332255	0.334166	0.000276	0.333304	0.211546	
1673000	-459.553884	1	2	1	'0 1 0 0 Z 0 0 1 	D	0.699856	0.012615	0.699856	0.699856	0.000000	0.699856	0.699856	0.012615	0.251201	0.255689	0.233371	0.259738	0.695131	
1674000	-460.491725	1	2	1	'0 Z 0 0 0 0 0 1 	D	0.660067	0.000000	0.660067	0.660067	0.660067	0.660067	0.660067	0.057331	0.240996	0.250117	0.249927	0.258960	0.165713	
1675000	-459.813445	1	2	0	'0 1 0 0 0 0 0 1 	D	0.728914	0.016928	0.728914	0.728914	0.728914	0.728914	0.728914	0.016928	0.245994	0.249994	0.249999	0.254012	0.685979	
1676000	-461.923471	1	2	1	'0 1 0 0 0 1 0 Z 	D	0.520210	0.024603	0.520210	0.520210	0.520210	0.024603	0.520210	0.000000	0.245826	0.287856	0.137019	0.329299	0.282083	
1677000	-460.575515	1	2	2	'0 1 0 0 1 Z 0 Z 	D	0.659056	0.014241	0.659056	0.659056	0.014241	0.000000	0.659056	0.000000	0.303142	0.334522	0.000209	0.362128	0.353608	
1678000	-460.138240	1	2	0	'0 1 0 0 0 1 0 1 	D	0.579437	0.007247	0.579437	0.579437	0.579437	0.007247	0.579437	0.007247	0.259686	0.278975	0.164215	0.297124	0.361952	
1679000	-459.926033	1	2	1	'0 1 0 0 0 0 0 Z 	D	0.709618	0.060083	0.709618	0.709618	0.709618	0.709618	0.709618	0.000000	0.247950	0.249994	0.249963	0.252093	0.435741	
1680000	-462.328081	1	2	1	'0 1 0 0 0 0 0 Z 	D	0.705309	0.120160	0.705309	0.705309	0.705309	0.705309	0.705309	0.000000	0.247863	0.249987	0.249885	0.252266	0.535018	
1681000	-461.080911	1	2	1	'0 1 0 0 0 Z 0 1 	D	0.526085	0.008559	0.526085	0.526085	0.526085	0.000000	0.526085	0.008559	0.257614	0.288317	0.136851	0.317218	0.547775	
1682000	-460.934551	1	2	1	'0 1 0 0 1 1 0 Z 	D	0.632220	0.008626	0.632220	0.632220	0.008626	0.008626	0.632220	0.000000	0.308836	0.334041	0.000361	0.356762	0.500742	
1683000	-460.695457	1	2	0	'0 1 0 0 0 0 0 1 	D	0.560507	0.006195	0.560507	0.560507	0.560507	0.560507	0.560507	0.006195	0.232156	0.249635	0.250736	0.267474	0.484432	
1684000	-461.325172	1	2	0	'0 1 0 0 0 0 0 1 	D	0.821172	0.023231	0.821172	0.821172	0.821172	0.821172	0.821172	0.023231	0.248247	0.249999	0.249999	0.251755	0.966893	
1685000	-460.536117	1	2	0	'0 1 0 0 0 0 0 1 	D	0.757439	0.028515	0.757439	0.757439	0.757439	0.757439	0.757439	0.028515	0.247127	0.250003	0.249982	0.252888	0.714017	
1686000	-460.684397	1	2	1	'0 1 0 0 Z 1 0 1 	D	0.695814	0.004966	0.695814	0.695814	0.000000	0.004966	0.695814	0.004966	0.324937	0.334495	0.000033	0.340535	0.419437	
1687000	-460.186490	1	2	2	'0 1 0 0 0 Z 0 Z 	D	0.689845	0.017550	0.689845	0.689845	0.689845	0.000000	0.689845	0.000000	0.257371	0.266967	0.199730	0.275932	0.481884	
1688000	-460.298811	1	2	0	'0 1 0 0 1 0 0 1 	D	0.688811	0.022445	0.688811	0.688811	0.022445	0.688811	0.688811	0.022445	0.251721	0.255939	0.233015	0.259325	0.299449	
1689000	-460.008777	1	2	1	'0 Z 0 0 0 0 0 1 	D	0.707808	0.000000	0.707808	0.707808	0.707808	0.707808	0.707808	0.027384	0.242931	0.250008	0.250032	0.257029	0.560333	
1690000	-459.985922	1	2	1	'0 1 0 0 0 Z 0 1 	D	0.645965	0.017234	0.645965	0.645965	0.645965	0.000000	0.645965	0.017234	0.259686	0.271743	0.186938	0.281633	0.280211	
1691000	-463.312378	1	2	0	'0 1 0 0 1 1 0 1 	D	0.671322	0.020690	0.671322	0.671322	0.020690	0.020690	0.671322	0.020690	0.321286	0.337499	0.002021	0.339194	0.209754	
1692000	-461.503903	1	2	3	'0 1 0 0 Z Z 0 Z 	D	0.584449	0.007504	0.584449	0.584449	0.000000	0.000000	0.584449	0.000000	0.303361	0.334050	0.000000	0.362589	0.341261	
1693000	-459.847857	1	2	0	'0 1 0 0 0 1 0 1 	D	0.679229	0.006917	0.679229	0.679229	0.679229	0.006917	0.679229	0.006917	0.258619	0.266804	0.200201	0.274375	0.195245	
1694000	-460.569542	1	2	0	'0 1 0 0 1 1 0 1 	D	0.686848	0.005463	0.686848	0.686848	0.005463	0.005463	0.686848	0.005463	0.324239	0.334582	0.000147	0.341032	0.507839	
1695000	-461.228371	1	2	1	'0 1 0 0 1 1 0 Z 	D	0.658964	0.027314	0.658964	0.658964	0.027314	0.027314	0.658964	0.000000	0.285404	0.333971	0.003413	0.377212	0.533995	
1696000	-459.860084	1	2	1	'0 1 0 0 0 Z 0 1 	D	0.591561	0.011001	0.591561	0.591561	0.591561	0.000000	0.591561	0.011001	0.260355	0.278481	0.166419	0.294745	0.341500	
1697000	-459.844007	1	2	1	'0 1 0 0 Z 0 0 1 	D	0.596781	0.007519	0.596781	0.596781	0.000000	0.596781	0.596781	0.007519	0.248958	0.260888	0.217898	0.272256	0.336443	
1698000	-459.810715	1	2	1	'0 1 0 0 Z 0 0 1 	D	0.663115	0.017977	0.663115	0.663115	0.000000	0.663115	0.663115	0.017977	0.252512	0.258214	0.226313	0.262961	0.747001	
1699000	-460.347958	1	2	0	'0 1 0 0 1 0 0 1 	D	0.762815	0.007738	0.762815	0.762815	0.007738	0.762815	0.762815	0.007738	0.249364	0.252166	0.243598	0.254872	0.419152	
1700000	-461.013155	1	2	1	'0 Z 0 0 1 0 0 1 	D	0.573466	0.000000	0.573466	0.573466	0.018857	0.573466	0.573466	0.018857	0.247996	0.261494	0.216593	0.273917	0.606873	
1701000	-462.739004	1	2	1	'0 Z 0 0 1 1 0 1 	D	0.546700	0.000000	0.546700	0.546700	0.006827	0.006827	0.546700	0.006827	0.314138	0.334467	0.000227	0.351167	0.292218	
1702000	-460.743338	1	2	1	'0 1 0 0 1 1 0 Z 	D	0.695402	0.018008	0.695402	0.695402	0.018008	0.018008	0.695402	0.000000	0.302927	0.334296	0.001528	0.361249	0.518114	
1703000	-461.360918	1	2	1	'0 Z 0 0 0 0 0 1 	D	0.591878	0.000000	0.591878	0.591878	0.591878	0.591878	0.591878	0.067227	0.235585	0.250350	0.249543	0.264522	0.668596	
1704000	-460.979717	1	2	1	'0 Z 0 0 0 0 0 1 	D	0.575566	0.000000	0.575566	0.575566	0.575566	0.575566	0.575566	0.057271	0.232876	0.250378	0.249365	0.267381	0.195312	
1705000	-459.221637	1	2	0	'0 1 0 0 0 0 0 1 	D	0.653787	0.016856	0.653787	0.653787	0.653787	0.653787	0.653787	0.016856	0.242500	0.250004	0.249931	0.257566	0.339290	
1706000	-461.913024	1	2	2	'0 1 0 0 Z 1 0 Z 	D	0.610351	0.032387	0.610351	0.610351	0.000000	0.032387	0.610351	0.000000	0.266575	0.334237	0.001691	0.397497	0.355030	
1707000	-459.643107	1	2	0	'0 1 0 0 0 1 0 1 	D	0.656394	0.013908	0.656394	0.656394	0.656394	0.013908	0.656394	0.013908	0.258426	0.268996	0.194508	0.278071	0.714437	
1708000	-460.690339	1	2	1	'0 1 0 0 0 0 0 Z 	D	0.532262	0.050429	0.532262	0.532262	0.532262	0.532262	0.532262	0.000000	0.238901	0.250399	0.248884	0.261816	0.346579	
1709000	-460.919258	1	2	1	'0 1 0 0 1 1 0 Z 	D	0.630411	0.008796	0.630411	0.630411	0.008796	0.008796	0.630411	0.000000	0.308309	0.334047	0.000375	0.357268	0.466606	
1710000	-461.886995	1	2	1	'0 Z 0 0 1 0 0 1 	D	0.783384	0.000000	0.783384	0.783384	0.042869	0.783384	0.783384	0.042869	0.252698	0.253031	0.241262	0.253010	0.840839	
1711000	-460.593086	1	2	3	'0 1 0 0 Z Z 0 Z 	D	0.648359	0.013283	0.648359	0.648359	0.000000	0.000000	0.648359	0.000000	0.302785	0.334543	0.000000	0.362672	0.760541	
1712000	-460.251526	1	2	0	'0 1 0 0 0 1 0 1 	D	0.713495	0.005979	0.713495	0.713495	0.713495	0.005979	0.713495	0.005979	0.257547	0.263582	0.209665	0.269206	0.686801	
1713000	-461.061559	1	2	1	'0 1 0 0 0 Z 0 1 	D	0.807743	0.015460	0.807743	0.807743	0.807743	0.000000	0.807743	0.015460	0.254879	0.257843	0.227039	0.260239	0.810013	
1714000	-461.170479	1	2	2	'0 1 0 0 0 Z 0 Z 	D	0.556278	0.029151	0.556278	0.556278	0.556278	0.000000	0.556278	0.000000	0.249540	0.287040	0.139994	0.323425	0.332498	
1715000	-462.783075	1	2	1	'0 1 0 0 0 Z 0 1 	D	0.763295	0.032593	0.763295	0.763295	0.763295	0.000000	0.763295	0.032593	0.256041	0.261011	0.218716	0.264232	0.580307	
1716000	-462.015963	1	2	1	'0 1 0 0 Z 0 0 1 	D	0.514430	0.018839	0.514430	0.514430	0.000000	0.514430	0.514430	0.018839	0.249463	0.270405	0.192435	0.287696	0.820109	
1717000	-460.404123	1	2	1	'0 Z 0 0 0 0 0 1 	D	0.685469	0.000000	0.685469	0.685469	0.685469	0.685469	0.685469	0.053503	0.242490	0.250079	0.249974	0.257457	0.747593	
1718000	-460.433604	1	2	1	'0 1 0 0 0 1 0 Z 	D	0.634259	0.038896	0.634259	0.634259	0.634259	0.038896	0.634259	0.000000	0.249856	0.272237	0.184591	0.293316	0.778851	
1719000	-461.176502	1	2	2	'0 1 0 0 Z 1 0 Z 	D	0.754631	0.013570	0.754631	0.754631	0.000000	0.013570	0.754631	0.000000	0.313862	0.334454	0.000251	0.351432	0.734641	
1720000	-461.176777	1	2	2	'0 1 0 0 1 Z 0 Z 	D	0.750932	0.016626	0.750932	0.750932	0.016626	0.000000	0.750932	0.000000	0.309984	0.334665	0.000296	0.355055	0.896541	
1721000	-460.707407	1	2	2	'0 Z 0 0 Z 0 0 1 	D	0.708246	0.000000	0.708246	0.708246	0.000000	0.708246	0.708246	0.014332	0.248748	0.253922	0.238443	0.258887	0.241207	
1722000	-460.264491	1	2	1	'0 1 0 0 Z 0 0 1 	D	0.671418	0.021833	0.671418	0.671418	0.000000	0.671418	0.671418	0.021833	0.253132	0.258130	0.226729	0.262009	0.694430	
1723000	-459.553405	1	2	1	'0 1 0 0 0 Z 0 1 	D	0.646871	0.010064	0.646871	0.646871	0.646871	0.000000	0.646871	0.010064	0.259995	0.271208	0.187577	0.281220	0.483150	
1724000	-460.597363	1	2	1	'0 1 0 0 0 0 0 Z 	D	0.588718	0.076428	0.588718	0.588718	0.588718	0.588718	0.588718	0.000000	0.243522	0.250127	0.249430	0.256921	0.266367	
1725000	-461.980957	1	2	1	'0 Z 0 0 1 0 0 1 	D	0.529966	0.000000	0.529966	0.529966	0.017582	0.529966	0.529966	0.017582	0.244751	0.264954	0.206585	0.283710	0.333338	
1726000	-461.055077	1	2	2	'0 1 0 0 Z Z 0 1 	D	0.705471	0.010371	0.705471	0.705471	0.000000	0.000000	0.705471	0.010371	0.325056	0.335789	0.000000	0.339154	0.284165	
1727000	-461.382618	1	2	0	'0 1 0 0 0 0 0 1 	D	0.827301	0.018966	0.827301	0.827301	0.827301	0.827301	0.827301	0.018966	0.248277	0.249998	0.250002	0.251722	0.911182	
1728000	-460.420321	1	2	1	'0 1 0 0 0 0 0 Z 	D	0.760328	0.028383	0.760328	0.760328	0.760328	0.760328	0.760328	0.000000	0.248653	0.249982	0.250042	0.251323	0.282437	
1729000	-463.836375	1	2	1	'0 1 0 0 0 1 0 Z 	D	0.633261	0.091619	0.633261	0.633261	0.633261	0.091619	0.633261	0.000000	0.236130	0.271902	0.185858	0.306110	0.325985	
1730000	-460.906706	1	2	2	'1 0 1 1 Z 0 1 Z 	D	0.727600	0.014285	0.727600	0.727600	0.000000	0.014285	0.727600	0.000000	0.310779	0.334511	0.000283	0.354428	0.360217	
1731000	-464.783632	1	2	1	'1 Z 1 1 0 1 1 0 	D	0.956249	0.000000	0.956249	0.956249	0.046201	0.956249	0.956249	0.046201	0.250377	0.250505	0.248539	0.250579	0.713897	
1732000	-462.258773	1	2	0	'1 0 1 1 1 1 1 0 	D	0.474634	0.019473	0.474634	0.474634	0.474634	0.474634	0.474634	0.019473	0.219524	0.251304	0.245607	0.283565	0.797608	
1733000	-461.698660	1	2	1	'1 0 1 1 1 0 1 Z 	D	0.609614	0.057900	0.609614	0.609614	0.609614	0.057900	0.609614	0.000000	0.241840	0.275462	0.175081	0.307617	0.896472	
1734000	-463.928606	1	2	0	'1 0 1 1 1 1 1 0 	D	0.830118	0.055881	0.830118	0.830118	0.830118	0.830118	0.830118	0.055881	0.248747	0.250003	0.249992	0.251259	0.212418	
1735000	-459.859379	1	2	1	'1 0 1 1 1 1 1 Z 	D	0.621111	0.064198	0.621111	0.621111	0.621111	0.621111	0.621111	0.000000	0.245264	0.250048	0.249749	0.254940	0.350911	
1736000	-459.367905	1	2	1	'1 0 1 1 1 1 1 Z 	D	0.662776	0.044171	0.662776	0.662776	0.662776	0.662776	0.662776	0.000000	0.246772	0.249995	0.249980	0.253253	0.453056	
1737000	-463.873051	1	2	1	'1 0 1 1 1 1 1 Z 	D	0.911937	0.089499	0.911937	0.911937	0.911937	0.911937	0.911937	0.000000	0.249680	0.249996	0.249996	0.250328	0.806310	
1738000	-462.801659	1	2	0	'1 0 1 1 1 1 1 0 	D	0.543676	0.047316	0.543676	0.543676	0.543676	0.543676	0.543676	0.047316	0.235558	0.250577	0.248413	0.265452	0.835560	
1739000	-461.350406	1	2	1	'1 0 1 1 1 1 1 Z 	D	0.757230	0.089281	0.757230	0.757230	0.757230	0.757230	0.757230	0.000000	0.248701	0.249990	0.249964	0.251345	0.737712	
1740000	-459.555064	1	2	1	'1 0 1 1 1 Z 1 0 	D	0.653557	0.011251	0.653557	0.653557	0.653557	0.000000	0.653557	0.011251	0.259792	0.270503	0.189789	0.279915	0.964271	
1741000	-461.142914	1	2	1	'1 0 1 1 1 1 1 Z 	D	0.662007	0.010092	0.662007	0.662007	0.662007	0.662007	0.662007	0.000000	0.246321	0.249718	0.250899	0.253062	0.293562	
1742000	-460.034591	1	2	1	'1 0 1 1 1 1 1 Z 	D	0.585861	0.019746	0.585861	0.585861	0.585861	0.585861	0.585861	0.000000	0.242912	0.249818	0.250698	0.256572	0.785594	
1743000	-460.508014	1	2	1	'0 1 0 0 0 Z 0 1 	D	0.676280	0.021392	0.676280	0.676280	0.676280	0.000000	0.676280	0.021392	0.258846	0.268481	0.196754	0.275919	0.181218	
1744000	-461.126731	1	2	1	'0 1 0 0 0 0 0 Z 	D	0.544193	0.070960	0.544193	0.544193	0.544193	0.544193	0.544193	0.000000	0.240076	0.250355	0.248776	0.260793	0.809024	
1745000	-460.608737	1	2	0	'0 1 0 0 0 0 0 1 	D	0.520608	0.012302	0.520608	0.520608	0.520608	0.520608	0.520608	0.012302	0.227116	0.250240	0.248789	0.273855	0.750829	
1746000	-460.853746	1	2	2	'0 1 0 0 Z Z 0 1 	D	0.702408	0.004293	0.702408	0.702408	0.000000	0.000000	0.702408	0.004293	0.325423	0.334344	0.000000	0.340233	0.355524	
1747000	-460.356271	1	2	0	'0 1 0 0 0 1 0 1 	D	0.560493	0.012847	0.560493	0.560493	0.560493	0.012847	0.560493	0.012847	0.257953	0.281576	0.157760	0.302711	0.454840	
1748000	-462.201483	1	2	1	'0 1 0 0 0 0 0 Z 	D	0.522919	0.082229	0.522919	0.522919	0.522919	0.522919	0.522919	0.000000	0.237752	0.250569	0.248012	0.263667	0.608946	
1749000	-460.152178	1	2	0	'0 1 0 0 0 0 0 1 	D	0.537600	0.017141	0.537600	0.537600	0.537600	0.537600	0.537600	0.017141	0.230785	0.250295	0.248813	0.270107	0.230925	
1750000	-462.127363	1	2	1	'0 1 0 0 0 0 0 Z 	D	0.497765	0.016568	0.497765	0.497765	0.497765	0.497765	0.497765	0.000000	0.233500	0.249664	0.251797	0.265038	0.229689	
1751000	-460.336972	1	2	2	'0 1 0 0 0 Z 0 Z 	D	0.692707	0.015112	0.692707	0.692707	0.692707	0.000000	0.692707	0.000000	0.257673	0.266274	0.201715	0.274339	0.543846	
1752000	-459.618105	1	2	1	'0 1 0 0 0 Z 0 1 	D	0.683134	0.010466	0.683134	0.683134	0.683134	0.000000	0.683134	0.010466	0.258998	0.267246	0.199243	0.274514	0.310718	
1753000	-461.112804	1	2	1	'0 1 0 0 0 Z 0 1 	D	0.762529	0.021777	0.762529	0.762529	0.762529	0.000000	0.762529	0.021777	0.256213	0.260833	0.218666	0.264288	0.350645	
1754000	-461.711726	1	2	2	'0 1 0 0 1 Z 0 Z 	D	0.543902	0.015633	0.543902	0.543902	0.015633	0.000000	0.543902	0.000000	0.277559	0.334048	0.000219	0.388174	0.655854	
1755000	-460.063431	1	2	1	'0 1 0 0 0 Z 0 1 	D	0.574731	0.010568	0.574731	0.574731	0.574731	0.000000	0.574731	0.010568	0.260080	0.280895	0.159259	0.299765	0.804033	
1756000	-459.353515	1	2	1	'0 1 0 0 0 0 0 Z 	D	0.664415	0.035765	0.664415	0.664415	0.664415	0.664415	0.664415	0.000000	0.246782	0.249980	0.250044	0.253193	0.817626	
1757000	-460.909488	1	2	1	'0 1 0 0 0 1 0 Z 	D	0.719965	0.048210	0.719965	0.719965	0.719965	0.048210	0.719965	0.000000	0.250490	0.263661	0.210093	0.275757	0.183444	
1758000	-460.884518	1	2	1	'1 0 1 1 Z 0 1 0 	D	0.723979	0.005095	0.723979	0.723979	0.000000	0.005095	0.723979	0.005095	0.326588	0.334470	0.000034	0.338908	0.417321	
1759000	-459.596606	1	2	1	'1 0 1 1 1 Z 1 0 	D	0.632748	0.011678	0.632748	0.632748	0.632748	0.000000	0.632748	0.011678	0.260179	0.273027	0.182470	0.284324	0.738748	
1760000	-460.901351	1	2	2	'1 0 1 1 0 Z 1 Z 	D	0.603028	0.010876	0.603028	0.603028	0.010876	0.000000	0.603028	0.000000	0.300227	0.334253	0.000120	0.365400	0.785649	
1761000	-461.286243	1	2	0	'1 0 1 1 1 0 1 0 	D	0.560292	0.003902	0.560292	0.560292	0.560292	0.003902	0.560292	0.003902	0.259817	0.281839	0.154933	0.303411	0.387341	
1762000	-462.094981	1	2	1	'1 Z 1 1 0 0 1 0 	D	0.776224	0.000000	0.776224	0.776224	0.013511	0.013511	0.776224	0.013511	0.341378	0.334335	0.000873	0.323414	0.670100	
1763000	-461.002437	1	2	1	'1 0 1 1 0 0 1 Z 	D	0.731845	0.011373	0.731845	0.731845	0.011373	0.011373	0.731845	0.000000	0.314887	0.334155	0.000623	0.350335	0.315008	
1764000	-460.420592	1	2	1	'1 0 1 1 Z 1 1 0 	D	0.778720	0.015565	0.778720	0.778720	0.000000	0.778720	0.778720	0.015565	0.250936	0.253088	0.240997	0.254979	0.186666	
1765000	-459.598893	1	2	1	'1 0 1 1 1 1 1 Z 	D	0.600931	0.050368	0.600931	0.600931	0.600931	0.600931	0.600931	0.000000	0.244224	0.250068	0.249754	0.255954	0.734273	
1766000	-459.351259	1	2	1	'1 0 1 1 1 1 1 Z 	D	0.617240	0.039389	0.617240	0.617240	0.617240	0.617240	0.617240	0.000000	0.245001	0.250012	0.249959	0.255027	0.253869	
1767000	-460.380543	1	2	1	'1 0 1 1 1 1 1 Z 	D	0.743760	0.064819	0.743760	0.743760	0.743760	0.743760	0.743760	0.000000	0.248512	0.249992	0.249976	0.251520	0.523047	
1768000	-459.459465	1	2	1	'1 0 1 1 Z 1 1 0 	D	0.668281	0.009340	0.668281	0.668281	0.000000	0.668281	0.668281	0.009340	0.250525	0.256747	0.230159	0.262569	0.932294	
1769000	-460.303054	1	2	1	'1 Z 1 1 1 1 1 0 	D	0.605851	0.000000	0.605851	0.605851	0.605851	0.605851	0.605851	0.050469	0.235875	0.250208	0.249693	0.264224	0.866177	
1770000	-459.919289	1	2	1	'1 Z 1 1 1 1 1 0 	D	0.597087	0.000000	0.597087	0.597087	0.597087	0.597087	0.597087	0.019276	0.232449	0.249915	0.250034	0.267603	0.546699	
1771000	-460.930035	1	2	3	'1 0 1 1 Z Z 1 Z 	D	0.628584	0.008753	0.628584	0.628584	0.000000	0.000000	0.628584	0.000000	0.307796	0.334194	0.000000	0.358009	0.740943	
1772000	-460.639099	1	2	2	'1 0 1 1 Z 0 1 Z 	D	0.640449	0.011840	0.640449	0.640449	0.000000	0.011840	0.640449	0.000000	0.304451	0.334344	0.000201	0.361003	0.436927	
1773000	-460.735006	1	2	2	'1 0 1 1 Z 0 1 Z 	D	0.703607	0.015201	0.703607	0.703607	0.000000	0.015201	0.703607	0.000000	0.307241	0.334565	0.000325	0.357869	0.928187	
1774000	-461.095208	1	2	3	'1 0 1 1 Z Z 1 Z 	D	0.719966	0.020382	0.719966	0.719966	0.000000	0.000000	0.719966	0.000000	0.301697	0.335067	0.000000	0.363236	0.327427	
1775000	-460.751472	1	2	3	'1 0 1 1 Z Z 1 Z 	D	0.688221	0.010751	0.688221	0.688221	0.000000	0.000000	0.688221	0.000000	0.311515	0.334372	0.000000	0.354114	0.230228	
1776000	-461.202546	1	2	1	'1 Z 1 1 0 1 1 0 	D	0.562806	0.000000	0.562806	0.562806	0.019160	0.562806	0.562806	0.019160	0.247783	0.262394	0.214036	0.275786	0.431903	
1777000	-462.147574	1	2	1	'1 Z 1 1 0 1 1 0 	D	0.571577	0.000000	0.571577	0.571577	0.042129	0.571577	0.571577	0.042129	0.261028	0.264599	0.209011	0.265362	0.314882	
1778000	-460.900824	1	2	2	'1 Z 1 1 Z 1 1 0 	D	0.605989	0.000000	0.605989	0.605989	0.000000	0.605989	0.605989	0.027389	0.256768	0.263101	0.212242	0.267890	0.152276	
1779000	-461.877432	1	2	1	'1 Z 1 1 1 1 1 0 	D	0.501154	0.000000	0.501154	0.501154	0.501154	0.501154	0.501154	0.015722	0.213685	0.249785	0.249092	0.287438	0.970396	
1780000	-462.380198	1	2	2	'1 Z 1 1 Z 1 1 0 	D	0.579512	0.000000	0.579512	0.579512	0.000000	0.579512	0.579512	0.042891	0.269319	0.269448	0.195001	0.266231	0.708366	
1781000	-460.515254	1	2	1	'1 0 1 1 1 1 1 Z 	D	0.588564	0.074439	0.588564	0.588564	0.588564	0.588564	0.588564	0.000000	0.243517	0.250127	0.249442	0.256914	0.323689	
1782000	-459.924031	1	2	1	'1 Z 1 1 1 1 1 0 	D	0.691214	0.000000	0.691214	0.691214	0.691214	0.691214	0.691214	0.023686	0.241793	0.249993	0.250049	0.258165	0.489160	
1783000	-461.852473	1	2	2	'1 Z 1 1 Z 1 1 0 	D	0.610065	0.000000	0.610065	0.610065	0.000000	0.610065	0.610065	0.006573	0.242513	0.256800	0.229585	0.271102	0.549383	
1784000	-460.126698	1	2	1	'1 0 1 1 1 1 1 Z 	D	0.586528	0.063741	0.586528	0.586528	0.586528	0.586528	0.586528	0.000000	0.243398	0.250126	0.249508	0.256967	0.524140	
1785000	-460.943489	1	2	1	'1 Z 1 1 1 1 1 0 	D	0.530909	0.000000	0.530909	0.530909	0.530909	0.530909	0.530909	0.038190	0.223884	0.250471	0.248581	0.277064	0.253076	
1786000	-461.587698	1	2	1	'1 Z 1 1 1 1 1 0 	D	0.510517	0.000000	0.510517	0.510517	0.510517	0.510517	0.510517	0.015730	0.216000	0.249760	0.249374	0.284865	0.730075	
1787000	-461.943533	1	2	2	'1 0 1 1 0 Z 1 Z 	D	0.598600	0.031560	0.598600	0.598600	0.031560	0.000000	0.598600	0.000000	0.264027	0.334376	0.000815	0.400781	0.482840	
1788000	-461.190173	1	2	2	'1 0 1 1 Z Z 1 0 	D	0.752137	0.005032	0.752137	0.752137	0.000000	0.000000	0.752137	0.005032	0.327916	0.334427	0.000000	0.337657	0.664509	
1789000	-459.925451	1	2	1	'1 Z 1 1 1 1 1 0 	D	0.683219	0.000000	0.683219	0.683219	0.683219	0.683219	0.683219	0.021663	0.241171	0.249982	0.250066	0.258782	0.796479	
1790000	-461.171332	1	2	1	'1 Z 1 1 1 1 1 0 	D	0.513773	0.000000	0.513773	0.513773	0.513773	0.513773	0.513773	0.027378	0.218825	0.250346	0.248333	0.282497	0.382830	
1791000	-460.953632	1	2	1	'1 0 1 1 1 1 1 Z 	D	0.571968	0.079211	0.571968	0.571968	0.571968	0.571968	0.571968	0.000000	0.242375	0.250192	0.249201	0.258232	0.331965	
1792000	-459.865743	1	2	1	'1 Z 1 1 1 1 1 0 	D	0.585042	0.000000	0.585042	0.585042	0.585042	0.585042	0.585042	0.031817	0.231905	0.250115	0.249646	0.268335	0.412162	
1793000	-461.405001	1	2	1	'1 Z 1 1 1 1 1 0 	D	0.547944	0.000000	0.547944	0.547944	0.547944	0.547944	0.547944	0.056078	0.228931	0.250568	0.248871	0.271631	0.289234	
1794000	-461.895540	1	2	2	'1 0 1 1 1 Z 1 Z 	D	0.622218	0.006082	0.622218	0.622218	0.622218	0.000000	0.622218	0.000000	0.261536	0.272498	0.182874	0.283092	0.271436	
1795000	-459.922253	1	2	1	'1 0 1 1 1 1 1 Z 	D	0.559532	0.037510	0.559532	0.559532	0.559532	0.559532	0.559532	0.000000	0.241329	0.250134	0.249707	0.258830	0.751823	
1796000	-459.544486	1	2	1	'1 0 1 1 1 1 1 Z 	D	0.588353	0.037667	0.588353	0.588353	0.588353	0.588353	0.588353	0.000000	0.243405	0.250048	0.249896	0.256650	0.487517	
1797000	-459.925882	1	2	1	'1 0 1 1 1 1 1 Z 	D	0.634628	0.018382	0.634628	0.634628	0.634628	0.634628	0.634628	0.000000	0.245517	0.249854	0.250496	0.254133	0.588817	
1798000	-462.559594	1	2	1	'1 0 1 1 1 Z 1 0 	D	0.494658	0.016388	0.494658	0.494658	0.494658	0.000000	0.494658	0.016388	0.252663	0.294822	0.120476	0.332038	0.220901	
1799000	-460.050120	1	2	1	'1 Z 1 1 1 1 1 0 	D	0.700983	0.000000	0.700983	0.700983	0.700983	0.700983	0.700983	0.040085	0.242943	0.250041	0.250001	0.257016	0.427893	
1800000	-460.359461	1	2	1	'1 Z 1 1 1 1 1 0 	D	0.671203	0.000000	0.671203	0.671203	0.671203	0.671203	0.671203	0.014162	0.239931	0.249910	0.250205	0.259954	0.770495	
1801000	-459.990897	1	2	1	'1 Z 1 1 1 1 1 0 	D	0.589952	0.000000	0.589952	0.589952	0.589952	0.589952	0.589952	0.039258	0.233178	0.250177	0.249613	0.267032	0.640797	
1802000	-460.429545	1	2	2	'1 Z 1 1 Z 1 1 0 	D	0.648599	0.000000	0.648599	0.648599	0.000000	0.648599	0.648599	0.018539	0.250949	0.257976	0.226664	0.264410	0.364444	
1803000	-459.680379	1	2	0	'1 0 1 1 1 1 1 0 	D	0.693657	0.025163	0.693657	0.693657	0.693657	0.693657	0.693657	0.025163	0.244966	0.250013	0.249938	0.255083	0.752821	
1804000	-460.637775	1	2	2	'1 0 1 1 Z 0 1 Z 	D	0.656403	0.017598	0.656403	0.656403	0.000000	0.017598	0.656403	0.000000	0.297811	0.334627	0.000452	0.367110	0.942108	
1805000	-459.667070	1	2	1	'1 Z 1 1 1 1 1 0 	D	0.630044	0.000000	0.630044	0.630044	0.630044	0.630044	0.630044	0.034799	0.237361	0.250071	0.249889	0.262679	0.342659	
1806000	-459.476220	1	2	1	'1 0 1 1 1 1 1 Z 	D	0.606585	0.029317	0.606585	0.606585	0.606585	0.606585	0.606585	0.000000	0.244366	0.249966	0.250155	0.255513	0.373175	
1807000	-459.371537	1	2	1	'1 0 1 1 1 1 1 Z 	D	0.638867	0.046712	0.638867	0.638867	0.638867	0.638867	0.638867	0.000000	0.245964	0.250011	0.249928	0.254098	0.864757	
1808000	-460.322676	1	2	1	'1 0 1 1 Z 1 1 0 	D	0.610924	0.020449	0.610924	0.610924	0.000000	0.610924	0.610924	0.020449	0.253221	0.261940	0.215933	0.268906	0.723108	
1809000	-460.392526	1	2	1	'1 0 1 1 1 1 1 Z 	D	0.765357	0.032164	0.765357	0.765357	0.765357	0.765357	0.765357	0.000000	0.248724	0.249986	0.250028	0.251262	0.402732	
1810000	-461.888597	1	2	2	'1 0 1 1 Z Z 1 0 	D	0.566055	0.012736	0.566055	0.566055	0.000000	0.000000	0.566055	0.012736	0.309265	0.337345	0.000000	0.353389	0.100730	
1811000	-463.267905	1	2	3	'1 Z 1 1 Z Z 1 0 	D	0.550690	0.000000	0.550690	0.550690	0.000000	0.000000	0.550690	0.024720	0.356221	0.337332	0.000000	0.306447	0.113500	
1812000	-461.299147	1	2	3	'1 Z 1 1 Z Z 1 0 	D	0.650066	0.000000	0.650066	0.650066	0.000000	0.000000	0.650066	0.012578	0.338360	0.335023	0.000000	0.326616	0.322314	
1813000	-461.176218	1	2	1	'1 0 1 1 1 1 1 Z 	D	0.698693	0.096490	0.698693	0.698693	0.698693	0.698693	0.698693	0.000000	0.247743	0.249994	0.249896	0.252368	0.622984	
1814000	-461.741897	1	2	1	'1 0 1 1 1 0 1 Z 	D	0.539183	0.012988	0.539183	0.539183	0.539183	0.012988	0.539183	0.000000	0.256129	0.284231	0.148039	0.311601	0.491976	
1815000	-461.161424	1	2	1	'1 0 1 1 1 0 1 Z 	D	0.583323	0.043077	0.583323	0.583323	0.583323	0.043077	0.583323	0.000000	0.244226	0.278917	0.164504	0.312354	0.859193	
1816000	-460.905508	1	2	2	'1 0 1 1 1 Z 1 Z 	D	0.700749	0.010365	0.700749	0.700749	0.700749	0.000000	0.700749	0.000000	0.258019	0.264647	0.206411	0.270924	0.440693	
1817000	-460.687965	1	2	2	'1 0 1 1 1 Z 1 Z 	D	0.575179	0.022275	0.575179	0.575179	0.575179	0.000000	0.575179	0.000000	0.254794	0.282648	0.153157	0.309401	0.535485	
1818000	-461.548670	1	2	2	'1 0 1 1 1 Z 1 Z 	D	0.553669	0.036479	0.553669	0.553669	0.553669	0.000000	0.553669	0.000000	0.245113	0.288944	0.134237	0.331707	0.336805	
1819000	-460.458735	1	2	1	'1 0 1 1 1 0 1 Z 	D	0.697752	0.013783	0.697752	0.697752	0.697752	0.013783	0.697752	0.000000	0.256732	0.264282	0.207588	0.271397	0.453621	
1820000	-461.305698	1	2	0	'1 0 1 1 1 1 1 0 	D	0.729624	0.005422	0.729624	0.729624	0.729624	0.729624	0.729624	0.005422	0.245586	0.249930	0.250183	0.254301	0.591606	
1821000	-460.930771	1	2	3	'1 0 1 1 Z Z 1 Z 	D	0.612105	0.009603	0.612105	0.612105	0.000000	0.000000	0.612105	0.000000	0.303834	0.334241	0.000000	0.361925	0.545808	
1822000	-461.259849	1	2	1	'1 0 1 1 0 0 1 Z 	D	0.723418	0.008028	0.723418	0.723418	0.008028	0.008028	0.723418	0.000000	0.318507	0.333997	0.000314	0.347183	0.661437	
1823000	-460.425484	1	2	1	'1 0 1 1 1 1 1 Z 	D	0.763915	0.029944	0.763915	0.763915	0.763915	0.763915	0.763915	0.000000	0.248701	0.249984	0.250035	0.251280	0.781326	
1824000	-461.574399	1	2	1	'1 0 1 1 1 1 1 Z 	D	0.502454	0.022354	0.502454	0.502454	0.502454	0.502454	0.502454	0.000000	0.234690	0.250126	0.250272	0.264911	0.725819	
1825000	-460.264082	1	2	1	'1 0 1 1 1 1 1 Z 	D	0.638599	0.076896	0.638599	0.638599	0.638599	0.638599	0.638599	0.000000	0.245996	0.250029	0.249771	0.254203	0.295944	
1826000	-460.716963	1	2	1	'1 0 1 1 1 0 1 Z 	D	0.573556	0.018715	0.573556	0.573556	0.573556	0.018715	0.573556	0.000000	0.254865	0.279456	0.162545	0.303134	0.375864	
1827000	-460.906273	1	2	2	'1 0 1 1 0 Z 1 Z 	D	0.677821	0.021775	0.677821	0.677821	0.021775	0.000000	0.677821	0.000000	0.294953	0.334884	0.000465	0.369698	0.251473	
1828000	-461.217406	1	2	2	'1 0 1 1 0 Z 1 Z 	D	0.614496	0.024945	0.614496	0.614496	0.024945	0.000000	0.614496	0.000000	0.278381	0.334656	0.000555	0.386407	0.426076	
1829000	-462.009028	1	2	2	'1 Z 1 1 Z 1 1 0 	D	0.612276	0.000000	0.612276	0.612276	0.000000	0.612276	0.612276	0.044270	0.267405	0.266418	0.203314	0.262863	0.539979	
1830000	-460.571321	1	2	1	'1 Z 1 1 1 1 1 0 	D	0.712038	0.000000	0.712038	0.712038	0.712038	0.712038	0.712038	0.015780	0.242803	0.249960	0.250111	0.257125	0.584420	
1831000	-461.598205	1	2	1	'1 0 1 1 1 Z 1 0 	D	0.623688	0.002504	0.623688	0.623688	0.623688	0.000000	0.623688	0.002504	0.260671	0.273312	0.180275	0.285742	0.921758	
1832000	-462.556884	1	2	2	'1 0 1 1 1 Z 1 Z 	D	0.597578	0.062392	0.597578	0.597578	0.597578	0.000000	0.597578	0.000000	0.239778	0.286750	0.141580	0.331891	0.847940	
1833000	-461.040990	1	2	2	'1 Z 1 1 Z 1 1 0 	D	0.729645	0.000000	0.729645	0.729645	0.000000	0.729645	0.729645	0.033316	0.254972	0.256119	0.232254	0.256654	0.380273	
1834000	-461.528473	1	2	2	'1 Z 1 1 Z 1 1 0 	D	0.683461	0.000000	0.683461	0.683461	0.000000	0.683461	0.683461	0.007418	0.245052	0.252901	0.241335	0.260711	0.804853	
1835000	-462.139259	1	2	1	'1 0 1 1 1 1 1 Z 	D	0.708872	0.116015	0.708872	0.708872	0.708872	0.708872	0.708872	0.000000	0.247939	0.249988	0.249894	0.252179	0.216549	
1836000	-459.353029	1	2	1	'1 0 1 1 1 1 1 Z 	D	0.662582	0.034906	0.662582	0.662582	0.662582	0.662582	0.662582	0.000000	0.246721	0.249978	0.250053	0.253248	0.541563	
1837000	-460.606302	1	2	0	'1 0 1 1 1 1 1 0 	D	0.740129	0.032735	0.740129	0.740129	0.740129	0.740129	0.740129	0.032735	0.246787	0.250008	0.249968	0.253237	0.517212	
1838000	-460.045176	1	2	1	'1 0 1 1 1 1 1 Z 	D	0.580841	0.020326	0.580841	0.580841	0.580841	0.580841	0.580841	0.000000	0.242586	0.249829	0.250675	0.256910	0.681130	
1839000	-460.461914	1	2	1	'1 0 1 1 1 1 1 Z 	D	0.764978	0.029240	0.764978	0.764978	0.764978	0.764978	0.764978	0.000000	0.248711	0.249984	0.250037	0.251268	0.709078	
1840000	-460.317017	1	2	1	'1 0 1 1 1 0 1 Z 	D	0.732316	0.030206	0.732316	0.732316	0.732316	0.030206	0.732316	0.000000	0.253350	0.262181	0.214150	0.270319	0.351746	
1841000	-459.744847	1	2	1	'1 0 1 1 1 1 1 Z 	D	0.683256	0.059723	0.683256	0.683256	0.683256	0.683256	0.683256	0.000000	0.247374	0.249999	0.249938	0.252690	0.624793	
1842000	-460.746075	1	2	1	'1 0 1 1 1 1 1 Z 	D	0.724684	0.016068	0.724684	0.724684	0.724684	0.724684	0.724684	0.000000	0.248055	0.249937	0.250195	0.251813	0.267651	
1843000	-461.198458	1	2	2	'1 0 1 1 Z 0 1 Z 	D	0.590421	0.009045	0.590421	0.590421	0.000000	0.009045	0.590421	0.000000	0.301567	0.334113	0.000120	0.364200	0.325253	
1844000	-459.952957	1	2	1	'1 0 1 1 1 Z 1 0 	D	0.604095	0.006820	0.604095	0.604095	0.604095	0.000000	0.604095	0.006820	0.260721	0.276380	0.171838	0.291061	0.505970	
1845000	-460.913366	1	2	2	'1 Z 1 1 Z 1 1 0 	D	0.704008	0.000000	0.704008	0.704008	0.000000	0.704008	0.704008	0.033345	0.256043	0.257465	0.228390	0.258103	0.354493	
1846000	-459.857051	1	2	1	'1 Z 1 1 1 1 1 0 	D	0.624926	0.000000	0.624926	0.624926	0.624926	0.624926	0.624926	0.041731	0.237270	0.250117	0.249834	0.262779	0.530993	
1847000	-462.251757	1	2	2	'1 Z 1 1 0 Z 1 0 	D	0.581123	0.000000	0.581123	0.581123	0.006259	0.000000	0.581123	0.006259	0.319509	0.334333	0.000044	0.346114	0.299688	
1848000	-460.228466	1	2	1	'1 0 1 1 Z 1 1 0 	D	0.602524	0.005271	0.602524	0.602524	0.000000	0.602524	0.602524	0.005271	0.248108	0.259829	0.220824	0.271239	0.496341	
1849000	-461.551093	1	2	1	'1 Z 1 1 0 1 1 0 	D	0.811053	0.000000	0.811053	0.811053	0.023951	0.811053	0.811053	0.023951	0.249619	0.251319	0.246157	0.252905	0.462322	
1850000	-460.507487	1	2	1	'1 Z 1 1 1 1 1 0 	D	0.550931	0.000000	0.550931	0.550931	0.550931	0.550931	0.550931	0.038215	0.227404	0.250329	0.249073	0.273194	0.126245	
1851000	-460.210186	1	2	0	'1 0 1 1 1 1 1 0 	D	0.548575	0.023541	0.548575	0.548575	0.548575	0.548575	0.548575	0.023541	0.233275	0.250333	0.248828	0.267564	0.436448	
1852000	-460.358151	1	2	2	'1 0 1 1 1 Z 1 Z 	D	0.730894	0.029642	0.730894	0.730894	0.730894	0.000000	0.730894	0.000000	0.254970	0.264704	0.206718	0.273608	0.907560	
1853000	-460.494050	1	2	1	'1 0 1 1 1 1 1 Z 	D	0.672038	0.014182	0.672038	0.672038	0.672038	0.672038	0.672038	0.000000	0.246780	0.249851	0.250481	0.252888	0.300343	
1854000	-460.006591	1	2	1	'1 0 1 1 1 0 1 Z 	D	0.681750	0.026486	0.681750	0.681750	0.681750	0.026486	0.681750	0.000000	0.254269	0.266559	0.201158	0.278013	0.384807	
1855000	-465.556743	1	2	1	'1 0 1 1 1 1 1 Z 	D	0.477136	0.004824	0.477136	0.477136	0.477136	0.477136	0.477136	0.000000	0.222570	0.241589	0.276465	0.259377	0.214381	
1856000	-459.395868	1	2	1	'1 0 1 1 1 1 1 Z 	D	0.635597	0.048022	0.635597	0.635597	0.635597	0.635597	0.635597	0.000000	0.245841	0.250015	0.249910	0.254234	0.881247	
1857000	-459.458287	1	2	1	'1 0 1 1 1 1 1 Z 	D	0.600087	0.040685	0.600087	0.600087	0.600087	0.600087	0.600087	0.000000	0.244125	0.250040	0.249886	0.255948	0.412914	
1858000	-460.114720	1	2	1	'1 0 1 1 1 1 1 Z 	D	0.741505	0.054266	0.741505	0.741505	0.741505	0.741505	0.741505	0.000000	0.248467	0.249991	0.249988	0.251554	0.388825	
1859000	-459.558627	1	2	1	'1 0 1 1 1 1 1 Z 	D	0.592460	0.030170	0.592460	0.592460	0.592460	0.592460	0.592460	0.000000	0.243570	0.249986	0.250118	0.256326	0.563405	
1860000	-459.842968	1	2	0	'1 0 1 1 1 1 1 0 	D	0.561651	0.011386	0.561651	0.561651	0.561651	0.561651	0.561651	0.011386	0.233302	0.250010	0.249681	0.267007	0.769679	
1861000	-460.824879	1	2	1	'1 0 1 1 1 1 1 Z 	D	0.615962	0.087371	0.615962	0.615962	0.615962	0.615962	0.615962	0.000000	0.245002	0.250060	0.249608	0.255330	0.283002	
1862000	-461.228269	1	2	1	'1 Z 1 1 1 1 1 0 	D	0.787191	0.000000	0.787191	0.787191	0.787191	0.787191	0.787191	0.044186	0.246544	0.250020	0.250017	0.253419	0.905840	
1863000	-460.457981	1	2	1	'1 0 1 1 1 Z 1 0 	D	0.764430	0.008190	0.764430	0.764430	0.764430	0.000000	0.764430	0.008190	0.256197	0.260199	0.219813	0.263791	0.581339	
1864000	-459.649693	1	2	1	'1 Z 1 1 1 1 1 0 	D	0.654264	0.000000	0.654264	0.654264	0.654264	0.654264	0.654264	0.026608	0.239139	0.250008	0.250006	0.260847	0.436834	
1865000	-461.155324	1	2	1	'1 0 1 1 1 1 1 Z 	D	0.668686	0.097895	0.668686	0.668686	0.668686	0.668686	0.668686	0.000000	0.246987	0.250003	0.249826	0.253184	0.664309	
1866000	-460.798168	1	2	1	'1 0 1 1 1 1 1 Z 	D	0.724667	0.083206	0.724667	0.724667	0.724667	0.724667	0.724667	0.000000	0.248236	0.249992	0.249944	0.251828	0.390355	
1867000	-461.948975	1	2	1	'1 0 1 1 1 1 1 Z 	D	0.851242	0.060795	0.851242	0.851242	0.851242	0.851242	0.851242	0.000000	0.249435	0.249995	0.249996	0.250574	0.924541	
1868000	-462.023389	1	2	1	'1 Z 1 1 1 1 1 0 	D	0.721868	0.000000	0.721868	0.721868	0.721868	0.721868	0.721868	0.079951	0.245029	0.250079	0.250006	0.254886	0.311655	
1869000	-459.761873	1	2	1	'1 0 1 1 1 Z 1 0 	D	0.627274	0.007307	0.627274	0.627274	0.627274	0.000000	0.627274	0.007307	0.260490	0.273396	0.180753	0.285361	0.904173	
1870000	-459.986557	1	2	1	'1 Z 1 1 1 1 1 0 	D	0.614667	0.000000	0.614667	0.614667	0.614667	0.614667	0.614667	0.044268	0.236391	0.250151	0.249771	0.263688	0.508731	
1871000	-460.860160	1	2	1	'1 Z 1 1 1 1 1 0 	D	0.603053	0.000000	0.603053	0.603053	0.603053	0.603053	0.603053	0.060740	0.236291	0.250269	0.249652	0.263787	0.386478	
1872000	-463.424956	1	2	2	'1 Z 1 1 Z 0 1 0 	D	0.675148	0.000000	0.675148	0.675148	0.000000	0.034154	0.675148	0.034154	0.367877	0.336085	0.001206	0.294833	0.437484	
1873000	-462.597710	1	2	3	'1 0 1 1 Z Z 1 Z 	D	0.615244	0.037434	0.615244	0.615244	0.000000	0.000000	0.615244	0.000000	0.257133	0.334814	0.000000	0.408053	0.841373	
1874000	-460.620431	1	2	1	'0 1 0 0 0 0 0 Z 	D	0.549296	0.060780	0.549296	0.549296	0.549296	0.549296	0.549296	0.000000	0.240571	0.250301	0.249030	0.260099	0.789716	
1875000	-460.871421	1	2	1	'0 Z 0 0 0 0 0 1 	D	0.640535	0.000000	0.640535	0.640535	0.640535	0.640535	0.640535	0.009812	0.236826	0.249748	0.250567	0.262860	0.369665	
1876000	-460.998461	1	2	1	'0 1 0 0 0 0 0 Z 	D	0.730709	0.087042	0.730709	0.730709	0.730709	0.730709	0.730709	0.000000	0.248335	0.249991	0.249946	0.251728	0.542719	
1877000	-459.906390	1	2	0	'0 1 0 0 0 0 0 1 	D	0.642225	0.031044	0.642225	0.642225	0.642225	0.642225	0.642225	0.031044	0.242636	0.250063	0.249779	0.257522	0.591677	
1878000	-463.726764	1	2	2	'0 1 0 0 0 Z 0 Z 	D	0.760825	0.081712	0.760825	0.760825	0.760825	0.000000	0.760825	0.000000	0.249146	0.267725	0.198902	0.284228	0.326504	
1879000	-461.141388	1	2	3	'0 1 0 0 Z Z 0 Z 	D	0.665467	0.024597	0.665467	0.665467	0.000000	0.000000	0.665467	0.000000	0.287915	0.335185	0.000000	0.376899	0.541866	
1880000	-461.920115	1	2	3	'0 1 0 0 Z Z 0 Z 	D	0.774140	0.023623	0.774140	0.774140	0.000000	0.000000	0.774140	0.000000	0.303693	0.335275	0.000000	0.361032	0.178887	
1881000	-461.124321	1	2	1	'0 1 0 0 1 1 0 Z 	D	0.575022	0.013494	0.575022	0.575022	0.013494	0.013494	0.575022	0.000000	0.290217	0.334009	0.000868	0.374906	0.675345	
1882000	-460.445756	1	2	2	'0 1 0 0 0 Z 0 Z 	D	0.721345	0.034811	0.721345	0.721345	0.721345	0.000000	0.721345	0.000000	0.254404	0.266283	0.202189	0.277125	0.835075	
1883000	-461.234384	1	2	0	'0 1 0 0 1 0 0 1 	D	0.557162	0.022033	0.557162	0.557162	0.022033	0.557162	0.557162	0.022033	0.250674	0.264344	0.209622	0.275361	0.786583	
1884000	-461.522141	1	2	2	'0 Z 0 0 1 Z 0 1 	D	0.615811	0.000000	0.615811	0.615811	0.016996	0.000000	0.615811	0.016996	0.343185	0.335566	0.000355	0.320894	0.906441	
1885000	-460.507041	1	2	1	'0 1 0 0 0 1 0 Z 	D	0.744037	0.018371	0.744037	0.744037	0.744037	0.018371	0.744037	0.000000	0.254831	0.260742	0.218182	0.266245	0.443076	
1886000	-460.188672	1	2	0	'0 1 0 0 0 1 0 1 	D	0.748069	0.008968	0.748069	0.748069	0.748069	0.008968	0.748069	0.008968	0.256239	0.260854	0.217925	0.264982	0.342633	
1887000	-460.687902	1	2	0	'0 1 0 0 0 0 0 1 	D	0.547038	0.029251	0.547038	0.547038	0.547038	0.547038	0.547038	0.029251	0.233818	0.250409	0.248675	0.267097	0.379542	
1888000	-459.579058	1	2	1	'0 1 0 0 0 0 0 Z 	D	0.700286	0.044608	0.700286	0.700286	0.700286	0.700286	0.700286	0.000000	0.247730	0.249989	0.249999	0.252282	0.280418	
1889000	-459.439061	1	2	1	'0 1 0 0 0 0 0 Z 	D	0.614737	0.029235	0.614737	0.614737	0.614737	0.614737	0.614737	0.000000	0.244785	0.249962	0.250156	0.255097	0.786870	
1890000	-461.035718	1	2	3	'0 1 0 0 Z Z 0 Z 	D	0.585482	0.011978	0.585482	0.585482	0.000000	0.000000	0.585482	0.000000	0.294500	0.334319	0.000000	0.371181	0.114279	
1891000	-460.854366	1	2	1	'0 1 0 0 0 1 0 Z 	D	0.608285	0.043364	0.608285	0.608285	0.608285	0.043364	0.608285	0.000000	0.246617	0.275578	0.174645	0.303161	0.534421	
1892000	-463.982323	1	2	2	'0 1 0 0 0 Z 0 Z 	D	0.960370	0.021535	0.960370	0.960370	0.960370	0.000000	0.960370	0.000000	0.251343	0.252404	0.242878	0.253375	0.811008	
1893000	-460.956561	1	2	2	'0 1 0 0 0 Z 0 Z 	D	0.782311	0.018337	0.782311	0.782311	0.782311	0.000000	0.782311	0.000000	0.254788	0.259295	0.222463	0.263454	0.547262	
1894000	-460.963456	1	2	2	'0 1 0 0 Z 1 0 Z 	D	0.602419	0.010113	0.602419	0.602419	0.000000	0.010113	0.602419	0.000000	0.301612	0.334193	0.000149	0.364046	0.453901	
1895000	-460.668622	1	2	2	'0 Z 0 0 Z 0 0 1 	D	0.606957	0.000000	0.606957	0.606957	0.000000	0.606957	0.606957	0.018636	0.250964	0.260848	0.218347	0.269841	0.449639	
1896000	-459.535947	1	2	1	'0 1 0 0 0 0 0 Z 	D	0.591529	0.041343	0.591529	0.591529	0.591529	0.591529	0.591529	0.000000	0.243632	0.250060	0.249835	0.256473	0.719894	
1897000	-459.289156	1	2	0	'0 1 0 0 0 0 0 1 	D	0.667110	0.015406	0.667110	0.667110	0.667110	0.667110	0.667110	0.015406	0.243204	0.249992	0.249973	0.256831	0.911695	
1898000	-460.146222	1	2	0	'0 1 0 0 0 0 0 1 	D	0.537333	0.016337	0.537333	0.537333	0.537333	0.537333	0.537333	0.016337	0.230615	0.250276	0.248855	0.270255	0.376417	
1899000	-459.973939	1	2	0	'0 1 0 0 0 0 0 1 	D	0.611710	0.007403	0.611710	0.611710	0.611710	0.611710	0.611710	0.007403	0.238425	0.249834	0.250340	0.261401	0.282964	
1900000	-460.250164	1	2	0	'0 1 0 0 0 0 0 1 	D	0.737980	0.027786	0.737980	0.737980	0.737980	0.737980	0.737980	0.027786	0.246598	0.250005	0.249973	0.253424	0.419576	
1901000	-460.068154	1	2	1	'0 1 0 0 0 Z 0 1 	D	0.621426	0.005684	0.621426	0.621426	0.621426	0.000000	0.621426	0.005684	0.260653	0.273998	0.178721	0.286629	0.648439	
1902000	-460.955501	1	2	0	'0 1 0 0 0 0 0 1 	D	0.516984	0.023325	0.516984	0.516984	0.516984	0.516984	0.516984	0.023325	0.228540	0.250631	0.247867	0.272962	0.590621	
1903000	-459.873824	1	2	1	'0 Z 0 0 0 0 0 1 	D	0.639004	0.000000	0.639004	0.639004	0.639004	0.639004	0.639004	0.018395	0.237273	0.249931	0.250121	0.262675	0.993694	
1904000	-459.982177	1	2	1	'0 Z 0 0 0 0 0 1 	D	0.585710	0.000000	0.585710	0.585710	0.585710	0.585710	0.585710	0.037548	0.232487	0.250174	0.249586	0.267753	0.565330	
1905000	-459.506233	1	2	1	'0 1 0 0 0 0 0 Z 	D	0.651549	0.053797	0.651549	0.651549	0.651549	0.651549	0.651549	0.000000	0.246442	0.250010	0.249909	0.253640	0.679577	
1906000	-460.824278	1	2	1	'0 1 0 0 0 1 0 Z 	D	0.590699	0.012850	0.590699	0.590699	0.590699	0.012850	0.590699	0.000000	0.258370	0.276610	0.170879	0.294141	0.182325	
1907000	-460.238186	1	2	2	'0 1 0 0 0 Z 0 Z 	D	0.615309	0.025987	0.615309	0.615309	0.615309	0.000000	0.615309	0.000000	0.255254	0.277532	0.168623	0.298591	0.344523	
1908000	-461.909942	1	2	1	'0 1 0 0 0 0 0 Z 	D	0.495946	0.020262	0.495946	0.495946	0.495946	0.495946	0.495946	0.000000	0.233602	0.250043	0.250632	0.265723	0.889315	
1909000	-459.361318	1	2	1	'0 1 0 0 0 0 0 Z 	D	0.660033	0.044288	0.660033	0.660033	0.660033	0.660033	0.660033	0.000000	0.246688	0.249996	0.249977	0.253340	0.181524	
1910000	-462.653496	1	2	0	'0 1 0 0 1 0 0 1 	D	0.781010	0.034655	0.781010	0.781010	0.034655	0.781010	0.781010	0.034655	0.251438	0.252975	0.241618	0.253970	0.215256	
1911000	-459.756134	1	2	1	'0 Z 0 0 0 0 0 1 	D	0.674713	0.000000	0.674713	0.674713	0.674713	0.674713	0.674713	0.034103	0.241068	0.250036	0.249990	0.258906	0.365053	
1912000	-464.528786	1	2	1	'0 1 0 0 0 0 0 Z 	D	0.974180	0.056513	0.974180	0.974180	0.974180	0.974180	0.974180	0.000000	0.249804	0.249998	0.249999	0.250198	0.606912	
1913000	-459.993053	1	2	1	'0 1 0 0 0 0 0 Z 	D	0.740388	0.035862	0.740388	0.740388	0.740388	0.740388	0.740388	0.000000	0.248410	0.249985	0.250026	0.251578	0.624531	
1914000	-459.339299	1	2	1	'0 1 0 0 0 0 0 Z 	D	0.642821	0.032315	0.642821	0.642821	0.642821	0.642821	0.642821	0.000000	0.246030	0.249973	0.250087	0.253911	0.495772	
1915000	-459.896985	1	2	1	'0 1 0 0 0 0 0 Z 	D	0.592537	0.058768	0.592537	0.592537	0.592537	0.592537	0.592537	0.000000	0.243764	0.250102	0.249608	0.256525	0.346245	
1916000	-461.553826	1	2	0	'0 1 0 0 1 0 0 1 	D	0.741922	0.029605	0.741922	0.741922	0.029605	0.741922	0.741922	0.029605	0.251684	0.254038	0.238560	0.255719	0.831785	
1917000	-461.297251	1	2	0	'0 1 0 0 1 1 0 1 	D	0.765435	0.007763	0.765435	0.765435	0.007763	0.007763	0.765435	0.007763	0.328120	0.334841	0.000295	0.336744	0.210838	
1918000	-459.562933	1	2	0	'0 1 0 0 0 1 0 1 	D	0.665367	0.009687	0.665367	0.665367	0.665367	0.009687	0.665367	0.009687	0.258722	0.268180	0.196428	0.276670	0.107056	
1919000	-461.680238	1	2	1	'0 Z 0 0 0 0 0 1 	D	0.818735	0.000000	0.818735	0.818735	0.818735	0.818735	0.818735	0.039145	0.247272	0.250013	0.250015	0.252700	0.788719	
1920000	-460.046813	1	2	1	'0 Z 0 0 0 0 0 1 	D	0.592964	0.000000	0.592964	0.592964	0.592964	0.592964	0.592964	0.017479	0.231717	0.249871	0.250107	0.268305	0.671382	
1921000	-460.618289	1	2	0	'0 1 0 0 1 0 0 1 	D	0.759855	0.020958	0.759855	0.759855	0.020958	0.759855	0.759855	0.020958	0.250989	0.253303	0.240478	0.255230	0.676083	
1922000	-460.118248	1	2	0	'0 1 0 0 0 0 0 1 	D	0.552531	0.009906	0.552531	0.552531	0.552531	0.552531	0.552531	0.009906	0.231781	0.249960	0.249770	0.268489	0.980869	
1923000	-460.635807	1	2	1	'0 Z 0 0 0 0 0 1 	D	0.692431	0.000000	0.692431	0.692431	0.692431	0.692431	0.692431	0.057759	0.243031	0.250080	0.249981	0.256908	0.755327	
1924000	-459.636450	1	2	1	'0 Z 0 0 0 0 0 1 	D	0.652598	0.000000	0.652598	0.652598	0.652598	0.652598	0.652598	0.031027	0.239216	0.250033	0.249972	0.260779	0.301648	
1925000	-462.465022	1	2	0	'0 1 0 0 1 0 0 1 	D	0.803421	0.003181	0.803421	0.803421	0.003181	0.803421	0.803421	0.003181	0.246685	0.248796	0.253593	0.250927	0.507527	
1926000	-463.452008	1	2	2	'0 1 0 0 1 Z 0 Z 	D	0.666083	0.046265	0.666083	0.666083	0.046265	0.000000	0.666083	0.000000	0.261906	0.334892	0.001704	0.401498	0.693602	
1927000	-460.690609	1	2	2	'0 1 0 0 1 Z 0 Z 	D	0.687555	0.016879	0.687555	0.687555	0.016879	0.000000	0.687555	0.000000	0.303027	0.334684	0.000293	0.361996	0.618712	
1928000	-461.487685	1	2	1	'0 1 0 0 1 1 0 Z 	D	0.675215	0.029858	0.675215	0.675215	0.029858	0.029858	0.675215	0.000000	0.285157	0.333897	0.004049	0.376896	0.485995	
1929000	-461.730767	1	2	0	'0 1 0 0 1 0 0 1 	D	0.633027	0.031562	0.633027	0.633027	0.031562	0.633027	0.633027	0.031562	0.253037	0.259068	0.224745	0.263150	0.164193	
1930000	-460.084503	1	2	0	'0 1 0 0 1 0 0 1 	D	0.594887	0.017592	0.594887	0.594887	0.017592	0.594887	0.594887	0.017592	0.250748	0.261177	0.217965	0.270111	0.430992	
1931000	-460.593407	1	2	0	'0 1 0 0 0 1 0 1 	D	0.695914	0.022199	0.695914	0.695914	0.695914	0.022199	0.695914	0.022199	0.256716	0.264692	0.207688	0.270904	0.313690	
1932000	-460.150994	1	2	0	'0 1 0 0 0 1 0 1 	D	0.621912	0.018340	0.621912	0.621912	0.621912	0.018340	0.621912	0.018340	0.258218	0.272832	0.183999	0.284951	0.203357	
1933000	-460.535788	1	2	1	'0 1 0 0 0 1 0 Z 	D	0.586998	0.029018	0.586998	0.586998	0.586998	0.029018	0.586998	0.000000	0.250696	0.278066	0.166947	0.304291	0.214057	
1934000	-461.698698	1	2	1	'0 Z 0 0 1 1 0 1 	D	0.701115	0.000000	0.701115	0.701115	0.019776	0.019776	0.701115	0.019776	0.347772	0.334753	0.001834	0.315641	0.598245	
1935000	-462.764550	1	2	1	'0 Z 0 0 1 1 0 1 	D	0.535250	0.000000	0.535250	0.535250	0.008474	0.008474	0.535250	0.008474	0.315377	0.334834	0.000348	0.349441	0.484249	
1936000	-462.310446	1	2	2	'0 Z 0 0 Z 1 0 1 	D	0.643567	0.000000	0.643567	0.643567	0.000000	0.025745	0.643567	0.025745	0.357687	0.335974	0.000734	0.305605	0.721188	
1937000	-461.888098	1	2	2	'0 1 0 0 Z Z 0 1 	D	0.525542	0.006340	0.525542	0.525542	0.000000	0.000000	0.525542	0.006340	0.300886	0.335384	0.000000	0.363730	0.447542	
1938000	-459.819270	1	2	0	'0 1 0 0 1 0 0 1 	D	0.691964	0.017925	0.691964	0.691964	0.017925	0.691964	0.691964	0.017925	0.251236	0.255643	0.233703	0.259418	0.886607	
1939000	-461.934592	1	2	2	'0 Z 0 0 Z 0 0 1 	D	0.639919	0.000000	0.639919	0.639919	0.000000	0.639919	0.639919	0.046389	0.266140	0.264311	0.209182	0.260367	0.665119	
1940000	-460.829621	1	2	2	'0 1 0 0 1 Z 0 Z 	D	0.659504	0.021200	0.659504	0.659504	0.021200	0.000000	0.659504	0.000000	0.292859	0.334821	0.000436	0.371884	0.956721	
1941000	-461.171717	1	2	1	'0 1 0 0 0 1 0 Z 	D	0.717129	0.053378	0.717129	0.717129	0.717129	0.053378	0.717129	0.000000	0.249611	0.263977	0.209238	0.277174	0.273319	
1942000	-463.710354	1	2	0	'0 1 0 0 0 0 0 1 	D	0.537497	0.052940	0.537497	0.537497	0.537497	0.537497	0.537497	0.052940	0.235479	0.250681	0.248201	0.265639	0.798959	
1943000	-460.058063	1	2	1	'0 1 0 0 0 0 0 Z 	D	0.610871	0.068138	0.610871	0.610871	0.610871	0.610871	0.610871	0.000000	0.244776	0.250068	0.249667	0.255489	0.527466	
1944000	-461.750087	1	2	2	'0 1 0 0 0 Z 0 Z 	D	0.602646	0.052774	0.602646	0.602646	0.602646	0.000000	0.602646	0.000000	0.244365	0.284315	0.148901	0.322419	0.208849	
1945000	-459.524865	1	2	1	'0 1 0 0 0 0 0 Z 	D	0.632104	0.053991	0.632104	0.632104	0.632104	0.632104	0.632104	0.000000	0.245720	0.250026	0.249857	0.254397	0.371079	
1946000	-461.343152	1	2	1	'0 1 0 0 0 0 0 Z 	D	0.824633	0.034924	0.824633	0.824633	0.824633	0.824633	0.824633	0.000000	0.249253	0.249993	0.250010	0.250745	0.581782	
1947000	-461.064497	1	2	1	'0 1 0 0 1 1 0 Z 	D	0.581128	0.012475	0.581128	0.581128	0.012475	0.012475	0.581128	0.000000	0.293440	0.334040	0.000745	0.371775	0.903141	
1948000	-461.614731	1	2	2	'0 Z 0 0 Z 1 0 1 	D	0.614844	0.000000	0.614844	0.614844	0.000000	0.017318	0.614844	0.017318	0.343763	0.335603	0.000361	0.320273	0.444328	
1949000	-459.567270	1	2	0	'0 1 0 0 0 1 0 1 	D	0.630702	0.010709	0.630702	0.630702	0.630702	0.010709	0.630702	0.010709	0.259246	0.272082	0.185107	0.283565	0.320203	
1950000	-465.163817	1	2	1	'0 Z 0 0 1 0 0 1 	D	1.000550	0.000000	1.000550	1.000550	0.030829	1.000550	1.000550	0.030829	0.249577	0.249950	0.250154	0.250318	0.730900	
1951000	-460.367692	1	2	2	'0 1 0 0 0 Z 0 Z 	D	0.602416	0.026406	0.602416	0.602416	0.602416	0.000000	0.602416	0.000000	0.254571	0.279447	0.162910	0.303072	0.869109	
1952000	-461.922666	1	2	1	'0 1 0 0 0 0 0 Z 	D	0.825723	0.078048	0.825723	0.825723	0.825723	0.825723	0.825723	0.000000	0.249303	0.249994	0.249990	0.250714	0.233325	
1953000	-460.095263	1	2	1	'0 1 0 0 0 1 0 Z 	D	0.653717	0.031562	0.653717	0.653717	0.653717	0.031562	0.653717	0.000000	0.252706	0.269746	0.191846	0.285703	0.958577	
1954000	-461.277508	1	2	0	'0 1 0 0 0 0 0 1 	D	0.645074	0.044954	0.645074	0.645074	0.645074	0.645074	0.645074	0.044954	0.243552	0.250083	0.249750	0.256615	0.500198	
1955000	-461.415853	1	2	1	'0 Z 0 0 0 0 0 1 	D	0.781152	0.000000	0.781152	0.781152	0.781152	0.781152	0.781152	0.017846	0.245937	0.249992	0.250044	0.254028	0.882398	
1956000	-461.388422	1	2	1	'0 1 0 0 0 0 0 Z 	D	0.523505	0.064452	0.523505	0.523505	0.523505	0.523505	0.523505	0.000000	0.237944	0.250541	0.248321	0.263194	0.478557	
1957000	-460.522571	1	2	2	'0 1 0 0 0 Z 0 Z 	D	0.722780	0.015098	0.722780	0.722780	0.722780	0.000000	0.722780	0.000000	0.256777	0.263428	0.210155	0.269640	0.594550	
1958000	-459.923118	1	2	1	'0 1 0 0 0 0 0 Z 	D	0.567806	0.047823	0.567806	0.567806	0.567806	0.567806	0.567806	0.000000	0.242065	0.250160	0.249529	0.258246	0.275835	
1959000	-459.437706	1	2	0	'0 1 0 0 0 0 0 1 	D	0.631595	0.024244	0.631595	0.631595	0.631595	0.631595	0.631595	0.024244	0.241514	0.250056	0.249774	0.258655	0.800722	
1960000	-459.304559	1	2	0	'0 1 0 0 0 0 0 1 	D	0.631834	0.021555	0.631834	0.631834	0.631834	0.631834	0.631834	0.021555	0.241346	0.250044	0.249802	0.258808	0.264889	
1961000	-460.772463	1	2	1	'0 1 0 0 0 1 0 Z 	D	0.666071	0.047887	0.666071	0.666071	0.666071	0.047887	0.666071	0.000000	0.248942	0.268802	0.194946	0.287310	0.110786	
1962000	-460.795919	1	2	1	'0 1 0 0 1 Z 0 1 	D	0.611820	0.009690	0.611820	0.611820	0.009690	0.000000	0.611820	0.009690	0.316535	0.335991	0.000104	0.347370	0.131578	
1963000	-462.300893	1	2	2	'0 1 0 0 Z 1 0 Z 	D	0.531889	0.008957	0.531889	0.531889	0.000000	0.008957	0.531889	0.000000	0.289131	0.333910	0.000123	0.376835	0.333332	
1964000	-460.624238	1	2	1	'0 Z 0 0 0 0 0 1 	D	0.535141	0.000000	0.535141	0.535141	0.535141	0.535141	0.535141	0.025010	0.222912	0.250137	0.249080	0.277871	0.504232	
1965000	-462.644119	1	2	2	'0 Z 0 0 Z 0 0 1 	D	0.741139	0.000000	0.741139	0.741139	0.000000	0.741139	0.741139	0.005339	0.243891	0.249206	0.252354	0.254548	0.585651	
1966000	-459.888628	1	2	1	'0 1 0 0 0 0 0 Z 	D	0.693506	0.062930	0.693506	0.693506	0.693506	0.693506	0.693506	0.000000	0.247620	0.249997	0.249942	0.252441	0.255141	
1967000	-460.046289	1	2	1	'0 1 0 0 Z 0 0 1 	D	0.568723	0.010267	0.568723	0.568723	0.000000	0.568723	0.568723	0.010267	0.248996	0.263635	0.210169	0.277200	0.507986	
1968000	-461.202942	1	2	1	'0 Z 0 0 1 0 0 1 	D	0.585103	0.000000	0.585103	0.585103	0.011261	0.585103	0.585103	0.011261	0.243752	0.259204	0.222726	0.274318	0.935734	
1969000	-460.376082	1	2	1	'0 Z 0 0 0 0 0 1 	D	0.739968	0.000000	0.739968	0.739968	0.739968	0.739968	0.739968	0.028492	0.244572	0.250009	0.250029	0.255390	0.678426	
1970000	-460.903227	1	2	3	'0 1 0 0 Z Z 0 Z 	D	0.723373	0.015657	0.723373	0.723373	0.000000	0.000000	0.723373	0.000000	0.308205	0.334745	0.000000	0.357051	0.276674	
1971000	-461.121692	1	2	2	'0 1 0 0 1 Z 0 Z 	D	0.593661	0.021191	0.593661	0.593661	0.021191	0.000000	0.593661	0.000000	0.279764	0.334483	0.000405	0.385348	0.180754	
1972000	-460.250731	1	2	1	'0 1 0 0 0 1 0 Z 	D	0.648739	0.035937	0.648739	0.648739	0.648739	0.035937	0.648739	0.000000	0.251340	0.270456	0.189832	0.288372	0.215201	
1973000	-459.835806	1	2	1	'0 1 0 0 0 0 0 Z 	D	0.717210	0.052895	0.717210	0.717210	0.717210	0.717210	0.717210	0.000000	0.248079	0.249992	0.249982	0.251948	0.412272	
1974000	-461.017406	1	2	2	'0 Z 0 0 Z 0 0 1 	D	0.752989	0.000000	0.752989	0.752989	0.000000	0.752989	0.752989	0.015597	0.248997	0.252492	0.242667	0.255844	0.809444	
1975000	-460.387882	1	2	1	'0 Z 0 0 1 0 0 1 	D	0.638697	0.000000	0.638697	0.638697	0.018487	0.638697	0.638697	0.018487	0.249048	0.257026	0.229475	0.264451	0.568338	
1976000	-460.880820	1	2	1	'0 Z 0 0 1 0 0 1 	D	0.637053	0.000000	0.637053	0.637053	0.034954	0.637053	0.637053	0.034954	0.255510	0.258955	0.224369	0.261166	0.610903	
1977000	-459.818590	1	2	1	'0 1 0 0 0 Z 0 1 	D	0.694346	0.014560	0.694346	0.694346	0.694346	0.000000	0.694346	0.014560	0.258540	0.266329	0.202300	0.272831	0.481493	
1978000	-460.386391	1	2	1	'0 Z 0 0 1 0 0 1 	D	0.674241	0.000000	0.674241	0.674241	0.017345	0.674241	0.674241	0.017345	0.248749	0.254997	0.235359	0.260895	0.489764	
1979000	-460.670809	1	2	0	'0 1 0 0 0 0 0 1 	D	0.678835	0.005636	0.678835	0.678835	0.678835	0.678835	0.678835	0.005636	0.243244	0.249872	0.250325	0.256559	0.735807	
1980000	-462.184143	1	2	2	'0 1 0 0 1 Z 0 Z 	D	0.697711	0.034422	0.697711	0.697711	0.034422	0.000000	0.697711	0.000000	0.282243	0.335218	0.001073	0.381466	0.990361	
1981000	-459.363490	1	2	1	'0 1 0 0 0 0 0 Z 	D	0.662284	0.043866	0.662284	0.662284	0.662284	0.662284	0.662284	0.000000	0.246756	0.249995	0.249982	0.253268	0.914381	
1982000	-462.881198	1	2	1	'0 1 0 0 0 0 0 Z 	D	0.896288	0.032203	0.896288	0.896288	0.896288	0.896288	0.896288	0.000000	0.249597	0.249997	0.250004	0.250402	0.268782	
1983000	-460.633333	1	2	0	'0 1 0 0 1 1 0 1 	D	0.676668	0.004651	0.676668	0.676668	0.004651	0.004651	0.676668	0.004651	0.323566	0.334422	0.000107	0.341905	0.530277	
1984000	-460.793676	1	2	0	'0 1 0 0 1 1 0 1 	D	0.586462	0.007898	0.586462	0.586462	0.007898	0.007898	0.586462	0.007898	0.313023	0.335492	0.000304	0.351181	0.464455	
1985000	-460.561095	1	2	0	'0 1 0 0 1 0 0 1 	D	0.707132	0.004503	0.707132	0.707132	0.004503	0.707132	0.707132	0.004503	0.248274	0.253045	0.240938	0.257742	0.534523	
1986000	-459.933758	1	2	0	'0 1 0 0 1 0 0 1 	D	0.578484	0.008789	0.578484	0.578484	0.008789	0.578484	0.578484	0.008789	0.247996	0.261700	0.215652	0.274652	0.176216	
1987000	-460.479331	1	2	0	'0 1 0 0 1 1 0 1 	D	0.621214	0.006445	0.621214	0.621214	0.006445	0.006445	0.621214	0.006445	0.317979	0.334988	0.000204	0.346830	0.759415	
1988000	-460.925539	1	2	2	'0 1 0 0 Z Z 0 1 	D	0.617046	0.003660	0.617046	0.617046	0.000000	0.000000	0.617046	0.003660	0.317745	0.334315	0.000000	0.347940	0.484299	
1989000	-461.943634	1	2	1	'0 Z 0 0 0 0 0 1 	D	0.647247	0.000000	0.647247	0.647247	0.647247	0.647247	0.647247	0.082159	0.241210	0.250197	0.249885	0.258708	0.941289	
1990000	-460.352540	1	2	2	'0 1 0 0 0 Z 0 Z 	D	0.630256	0.033457	0.630256	0.630256	0.630256	0.000000	0.630256	0.000000	0.253406	0.276845	0.170912	0.298838	0.656188	
1991000	-459.452231	1	2	1	'0 1 0 0 0 0 0 Z 	D	0.667641	0.049307	0.667641	0.667641	0.667641	0.667641	0.667641	0.000000	0.246933	0.249998	0.249957	0.253111	0.353836	
1992000	-461.026225	1	2	0	'0 1 0 0 0 1 0 1 	D	0.529486	0.012578	0.529486	0.529486	0.529486	0.012578	0.529486	0.012578	0.255952	0.286449	0.143480	0.314119	0.502141	
1993000	-461.456438	1	2	1	'0 1 0 0 0 0 0 Z 	D	0.674602	0.104134	0.674602	0.674602	0.674602	0.674602	0.674602	0.000000	0.247146	0.249999	0.249833	0.253022	0.973226	
1994000	-461.617592	1	2	1	'1 0 1 1 1 1 1 Z 	D	0.616708	0.103736	0.616708	0.616708	0.616708	0.616708	0.616708	0.000000	0.244989	0.250054	0.249555	0.255403	0.497248	
1995000	-460.271425	1	2	0	'1 0 1 1 1 1 1 0 	D	0.642152	0.006252	0.642152	0.642152	0.642152	0.642152	0.642152	0.006252	0.240884	0.249832	0.250402	0.258882	0.274920	
1996000	-460.925011	1	2	1	'1 Z 1 1 1 1 1 0 	D	0.663237	0.000000	0.663237	0.663237	0.663237	0.663237	0.663237	0.010028	0.239022	0.249819	0.250422	0.260736	0.519424	
1997000	-460.318723	1	2	1	'1 0 1 1 1 0 1 Z 	D	0.613687	0.032029	0.613687	0.613687	0.613687	0.032029	0.613687	0.000000	0.251112	0.274598	0.177412	0.296877	0.350391	
1998000	-464.579530	1	2	1	'1 0 1 1 1 0 1 Z 	D	0.470602	0.042005	0.470602	0.470602	0.470602	0.042005	0.470602	0.000000	0.220560	0.295210	0.111349	0.372882	0.278234	
1999000	-460.950601	1	2	2	'1 0 1 1 1 Z 1 Z 	D	0.567172	0.029085	0.567172	0.567172	0.567172	0.000000	0.567172	0.000000	0.250786	0.285309	0.145288	0.318618	0.776490	
2000000	-460.530186	1	2	1	'1 Z 1 1 1 1 1 0 	D	0.655021	0.000000	0.655021	0.655021	0.655021	0.655021	0.655021	0.058222	0.240675	0.250128	0.249913	0.259284	0.935593	
2001000	-461.798739	1	2	2	'1 Z 1 1 Z 1 1 0 	D	0.813875	0.000000	0.813875	0.813875	0.000000	0.813875	0.813875	0.030739	0.251808	0.252683	0.242178	0.253332	0.891388	
2002000	-462.170381	1	2	3	'1 0 1 1 Z Z 1 Z 	D	0.549784	0.025780	0.549784	0.549784	0.000000	0.000000	0.549784	0.000000	0.257615	0.333947	0.000000	0.408438	0.794730	
2003000	-459.966916	1	2	1	'1 Z 1 1 1 1 1 0 	D	0.682522	0.000000	0.682522	0.682522	0.682522	0.682522	0.682522	0.041978	0.241896	0.250056	0.249981	0.258067	0.610409	
2004000	-460.959980	1	2	2	'1 0 1 1 1 Z 1 Z 	D	0.793189	0.026173	0.793189	0.793189	0.793189	0.000000	0.793189	0.000000	0.254123	0.259437	0.222165	0.264276	0.558818	
2005000	-460.803781	1	2	3	'1 0 1 1 Z Z 1 Z 	D	0.618186	0.010629	0.618186	0.618186	0.000000	0.000000	0.618186	0.000000	0.302893	0.334321	0.000000	0.362786	0.147844	
2006000	-459.235682	1	2	0	'1 0 1 1 1 1 1 0 	D	0.657248	0.016203	0.657248	0.657248	0.657248	0.657248	0.657248	0.016203	0.242672	0.249999	0.249947	0.257382	0.898543	
2007000	-461.564507	1	2	1	'1 Z 1 1 0 1 1 0 	D	0.567733	0.000000	0.567733	0.567733	0.010402	0.567733	0.567733	0.010402	0.242120	0.260287	0.219425	0.278167	0.431658	
2008000	-459.411438	1	2	0	'1 0 1 1 1 1 1 0 	D	0.586312	0.015005	0.586312	0.586312	0.586312	0.586312	0.586312	0.015005	0.236745	0.250052	0.249672	0.263531	0.636827	
2009000	-459.315263	1	2	0	'1 0 1 1 1 1 1 0 	D	0.672210	0.018868	0.672210	0.672210	0.672210	0.672210	0.672210	0.018868	0.243669	0.250006	0.249942	0.256384	0.301101	
2010000	-460.650364	1	2	1	'1 Z 1 1 1 1 1 0 	D	0.757081	0.000000	0.757081	0.757081	0.757081	0.757081	0.757081	0.038059	0.245466	0.250021	0.250018	0.254494	0.680871	
2011000	-461.335530	1	2	1	'1 0 1 1 1 1 1 Z 	D	0.502252	0.034375	0.502252	0.502252	0.502252	0.502252	0.502252	0.000000	0.235125	0.250560	0.248800	0.265515	0.243208	
2012000	-459.780052	1	2	0	'1 0 1 1 1 1 1 0 	D	0.583165	0.024974	0.583165	0.583165	0.583165	0.583165	0.583165	0.024974	0.237469	0.250171	0.249384	0.262976	0.574329	
2013000	-461.216426	1	2	1	'1 0 1 1 1 0 1 Z 	D	0.731278	0.009870	0.731278	0.731278	0.731278	0.009870	0.731278	0.000000	0.256219	0.261032	0.217152	0.265597	0.510269	
2014000	-461.291976	1	2	3	'1 0 1 1 Z Z 1 Z 	D	0.583319	0.008995	0.583319	0.583319	0.000000	0.000000	0.583319	0.000000	0.300102	0.334147	0.000000	0.365751	0.259687	
2015000	-462.726706	1	2	1	'1 0 1 1 Z 1 1 0 	D	0.480083	0.013215	0.480083	0.480083	0.000000	0.480083	0.480083	0.013215	0.242637	0.272896	0.184496	0.299971	0.592618	
2016000	-460.528679	1	2	1	'1 0 1 1 1 1 1 Z 	D	0.685539	0.082544	0.685539	0.685539	0.685539	0.685539	0.685539	0.000000	0.247445	0.249999	0.249892	0.252664	0.823199	
2017000	-459.669425	1	2	1	'1 0 1 1 1 1 1 Z 	D	0.586601	0.027552	0.586601	0.586601	0.586601	0.586601	0.586601	0.000000	0.243158	0.249963	0.250213	0.256665	0.414246	
2018000	-460.101098	1	2	2	'1 0 1 1 1 Z 1 Z 	D	0.633825	0.024730	0.633825	0.633825	0.633825	0.000000	0.633825	0.000000	0.256117	0.274785	0.176765	0.292332	0.247929	
2019000	-461.649919	1	2	1	'1 0 1 1 1 1 1 Z 	D	0.493639	0.031735	0.493639	0.493639	0.493639	0.493639	0.493639	0.000000	0.233837	0.250625	0.248740	0.266798	0.392860	
2020000	-459.331799	1	2	1	'1 0 1 1 1 1 1 Z 	D	0.658894	0.036394	0.658894	0.658894	0.658894	0.658894	0.658894	0.000000	0.246614	0.249982	0.250038	0.253365	0.370245	
2021000	-461.336484	1	2	1	'1 0 1 1 1 1 1 Z 	D	0.791113	0.076531	0.791113	0.791113	0.791113	0.791113	0.791113	0.000000	0.249045	0.249992	0.249983	0.250980	0.319923	
2022000	-461.729947	1	2	1	'1 Z 1 1 1 1 1 0 	D	0.625986	0.000000	0.625986	0.625986	0.625986	0.625986	0.625986	0.077567	0.239421	0.250248	0.249794	0.260537	0.899054	
2023000	-460.370942	1	2	1	'1 0 1 1 Z 1 1 0 	D	0.597986	0.019810	0.597986	0.597986	0.000000	0.597986	0.597986	0.019810	0.252975	0.262845	0.213352	0.270829	0.877857	
2024000	-460.228399	1	2	0	'1 0 1 1 1 1 1 0 	D	0.759486	0.016891	0.759486	0.759486	0.759486	0.759486	0.759486	0.016891	0.246900	0.249995	0.250004	0.253101	0.979845	
2025000	-460.860977	1	2	1	'1 Z 1 1 0 1 1 0 	D	0.617709	0.000000	0.617709	0.617709	0.032116	0.617709	0.617709	0.032116	0.254926	0.259965	0.221471	0.263638	0.327576	
2026000	-461.589821	1	2	2	'1 Z 1 1 Z 1 1 0 	D	0.578159	0.000000	0.578159	0.578159	0.000000	0.578159	0.578159	0.032517	0.261323	0.266914	0.201747	0.270017	0.143113	
2027000	-459.672422	1	2	1	'1 Z 1 1 1 1 1 0 	D	0.624727	0.000000	0.624727	0.624727	0.624727	0.624727	0.624727	0.034560	0.236814	0.250075	0.249870	0.263240	0.722768	
2028000	-461.128162	1	2	1	'1 Z 1 1 1 1 1 0 	D	0.551733	0.000000	0.551733	0.551733	0.551733	0.551733	0.551733	0.052531	0.229114	0.250499	0.248970	0.271417	0.663958	
2029000	-462.724930	1	2	2	'1 0 1 1 0 Z 1 Z 	D	0.618838	0.003319	0.618838	0.618838	0.003319	0.000000	0.618838	0.000000	0.316580	0.333705	0.000012	0.349703	0.793085	
2030000	-459.313285	1	2	0	'1 0 1 1 1 1 1 0 	D	0.662434	0.013809	0.662434	0.662434	0.662434	0.662434	0.662434	0.013809	0.242838	0.249983	0.249994	0.257185	0.259180	
2031000	-460.589159	1	2	0	'1 0 1 1 1 1 1 0 	D	0.518939	0.015751	0.518939	0.518939	0.518939	0.518939	0.518939	0.015751	0.227512	0.250408	0.248360	0.273720	0.295162	
2032000	-460.094458	1	2	1	'1 Z 1 1 1 1 1 0 	D	0.712580	0.000000	0.712580	0.712580	0.712580	0.712580	0.712580	0.037015	0.243479	0.250030	0.250011	0.256479	0.271649	
2033000	-461.668543	1	2	1	'1 0 1 1 1 1 1 Z 	D	0.708712	0.009420	0.708712	0.708712	0.708712	0.708712	0.708712	0.000000	0.247629	0.249837	0.250510	0.252024	0.873251	
2034000	-462.742157	1	2	1	'1 0 1 1 1 1 1 Z 	D	0.468454	0.039687	0.468454	0.468454	0.468454	0.468454	0.468454	0.000000	0.229915	0.251386	0.246676	0.272024	0.253992	
2035000	-459.390705	1	2	1	'1 0 1 1 1 1 1 Z 	D	0.634836	0.047644	0.634836	0.634836	0.634836	0.634836	0.634836	0.000000	0.245810	0.250015	0.249911	0.254264	0.346889	
2036000	-460.039527	1	2	1	'1 0 1 1 1 1 1 Z 	D	0.598575	0.064852	0.598575	0.598575	0.598575	0.598575	0.598575	0.000000	0.244120	0.250093	0.249603	0.256184	0.903915	
2037000	-460.199572	1	2	1	'1 0 1 1 1 0 1 Z 	D	0.677050	0.035252	0.677050	0.677050	0.677050	0.035252	0.677050	0.000000	0.252221	0.267364	0.198971	0.281445	0.743533	
2038000	-460.529730	1	2	2	'1 0 1 1 1 Z 1 Z 	D	0.593733	0.016884	0.593733	0.593733	0.593733	0.000000	0.593733	0.000000	0.257980	0.278759	0.164637	0.298624	0.898091	
2039000	-459.506328	1	2	1	'1 0 1 1 1 1 1 Z 	D	0.691760	0.035737	0.691760	0.691760	0.691760	0.691760	0.691760	0.000000	0.247509	0.249980	0.250041	0.252470	0.426715	
2040000	-460.554243	1	2	1	'1 0 1 1 1 0 1 Z 	D	0.672899	0.012027	0.672899	0.672899	0.672899	0.012027	0.672899	0.000000	0.257788	0.266577	0.200723	0.274912	0.631638	
2041000	-460.338040	1	2	2	'1 0 1 1 1 Z 1 Z 	D	0.601371	0.022208	0.601371	0.601371	0.601371	0.000000	0.601371	0.000000	0.256129	0.278761	0.164822	0.300287	0.299180	
2042000	-460.226916	1	2	2	'1 0 1 1 1 Z 1 Z 	D	0.638160	0.031217	0.638160	0.638160	0.638160	0.000000	0.638160	0.000000	0.254350	0.275378	0.175210	0.295062	0.931273	
2043000	-459.977273	1	2	1	'1 0 1 1 1 1 1 Z 	D	0.711651	0.061437	0.711651	0.711651	0.711651	0.711651	0.711651	0.000000	0.247990	0.249994	0.249962	0.252054	0.476349	
2044000	-460.152515	1	2	1	'1 0 1 1 1 1 1 Z 	D	0.554043	0.025920	0.554043	0.554043	0.554043	0.554043	0.554043	0.000000	0.240644	0.249990	0.250254	0.259111	0.479937	
2045000	-460.575283	1	2	2	'1 Z 1 1 Z 1 1 0 	D	0.623095	0.000000	0.623095	0.623095	0.000000	0.623095	0.623095	0.016337	0.249635	0.259104	0.223305	0.267955	0.579677	
2046000	-461.070122	1	2	1	'1 0 1 1 0 0 1 Z 	D	0.699166	0.008189	0.699166	0.699166	0.008189	0.008189	0.699166	0.000000	0.316473	0.334017	0.000326	0.349183	0.657530	
2047000	-461.324716	1	2	2	'1 0 1 1 0 Z 1 Z 	D	0.597158	0.024583	0.597158	0.597158	0.024583	0.000000	0.597158	0.000000	0.274844	0.334502	0.000529	0.390125	0.304616	
2048000	-459.573494	1	2	1	'1 0 1 1 1 Z 1 0 	D	0.670111	0.010937	0.670111	0.670111	0.670111	0.000000	0.670111	0.010937	0.259372	0.268639	0.195210	0.276779	0.505903	
2049000	-461.068423	1	2	1	'1 Z 1 1 1 1 1 0 	D	0.600875	0.000000	0.600875	0.600875	0.600875	0.600875	0.600875	0.063981	0.236293	0.250293	0.249630	0.263784	0.392990	
2050000	-459.648859	1	2	1	'1 0 1 1 1 1 1 Z 	D	0.634635	0.058931	0.634635	0.634635	0.634635	0.634635	0.634635	0.000000	0.245832	0.250028	0.249835	0.254305	0.909494	
2051000	-459.770702	1	2	1	'1 Z 1 1 1 1 1 0 	D	0.631850	0.000000	0.631850	0.631850	0.631850	0.631850	0.631850	0.039376	0.237799	0.250094	0.249873	0.262234	0.287012	
2052000	-460.590818	1	2	0	'1 0 1 1 1 1 1 0 	D	0.727266	0.034283	0.727266	0.727266	0.727266	0.727266	0.727266	0.034283	0.246465	0.250012	0.249956	0.253567	0.851712	
2053000	-460.447551	1	2	0	'1 0 1 1 1 1 1 0 	D	0.756533	0.011538	0.756533	0.756533	0.756533	0.756533	0.756533	0.011538	0.246678	0.249985	0.250031	0.253307	0.918615	
2054000	-461.963574	1	2	1	'1 0 1 1 1 0 1 Z 	D	0.855827	0.034892	0.855827	0.855827	0.855827	0.034892	0.855827	0.000000	0.251721	0.255231	0.234627	0.258421	0.243923	
2055000	-460.216548	1	2	2	'1 0 1 1 1 Z 1 Z 	D	0.678797	0.016242	0.678797	0.678797	0.678797	0.000000	0.678797	0.000000	0.257846	0.267915	0.196881	0.277359	0.207488	
2056000	-460.313368	1	2	1	'1 Z 1 1 1 1 1 0 	D	0.632734	0.000000	0.632734	0.632734	0.632734	0.632734	0.632734	0.053418	0.238662	0.250154	0.249841	0.261344	0.490851	
2057000	-461.701777	1	2	1	'1 0 1 1 Z 1 1 0 	D	0.798444	0.004428	0.798444	0.798444	0.000000	0.798444	0.798444	0.004428	0.248018	0.250186	0.249447	0.252349	0.749605	
2058000	-461.977810	1	2	1	'1 0 1 1 0 0 1 Z 	D	0.706387	0.033255	0.706387	0.706387	0.033255	0.033255	0.706387	0.000000	0.286528	0.333793	0.004979	0.374701	0.305372	
2059000	-460.616801	1	2	1	'1 0 1 1 1 0 1 Z 	D	0.579699	0.027851	0.579699	0.579699	0.579699	0.027851	0.579699	0.000000	0.250696	0.279044	0.163977	0.306282	0.584305	
2060000	-461.610018	1	2	2	'1 0 1 1 1 Z 1 Z 	D	0.828207	0.035360	0.828207	0.828207	0.828207	0.000000	0.828207	0.000000	0.253051	0.258137	0.226104	0.262708	0.537660	
2061000	-459.435715	1	2	1	'1 0 1 1 1 1 1 Z 	D	0.664721	0.048877	0.664721	0.664721	0.664721	0.664721	0.664721	0.000000	0.246846	0.249999	0.249956	0.253199	0.200822	
2062000	-460.768085	1	2	1	'1 0 1 1 1 1 1 Z 	D	0.552506	0.066528	0.552506	0.552506	0.552506	0.552506	0.552506	0.000000	0.240848	0.250290	0.249007	0.259855	0.558972	
2063000	-461.122297	1	2	2	'1 0 1 1 Z Z 1 0 	D	0.689433	0.003252	0.689433	0.689433	0.000000	0.000000	0.689433	0.003252	0.324659	0.334111	0.000000	0.341231	0.260348	
2064000	-459.668813	1	2	1	'1 0 1 1 Z 1 1 0 	D	0.620143	0.014959	0.620143	0.620143	0.000000	0.620143	0.620143	0.014959	0.251841	0.260553	0.219456	0.268151	0.574002	
2065000	-460.835582	1	2	0	'1 0 1 1 1 1 1 0 	D	0.795377	0.021974	0.795377	0.795377	0.795377	0.795377	0.795377	0.021974	0.247800	0.249999	0.249998	0.252204	0.405118	
2066000	-462.670138	1	2	1	'1 Z 1 1 0 1 1 0 	D	0.825444	0.000000	0.825444	0.825444	0.047487	0.825444	0.825444	0.047487	0.252214	0.252205	0.243641	0.251940	0.160379	
2067000	-460.609803	1	2	1	'1 Z 1 1 0 1 1 0 	D	0.661762	0.000000	0.661762	0.661762	0.031298	0.661762	0.661762	0.031298	0.253590	0.257166	0.229361	0.259883	0.743847	
2068000	-459.934209	1	2	1	'1 Z 1 1 1 1 1 0 	D	0.605918	0.000000	0.605918	0.605918	0.605918	0.605918	0.605918	0.041419	0.235251	0.250153	0.249728	0.264869	0.788558	
2069000	-460.655348	1	2	1	'1 Z 1 1 1 1 1 0 	D	0.637996	0.000000	0.637996	0.637996	0.637996	0.637996	0.637996	0.010947	0.236654	0.249780	0.250475	0.263090	0.169791	
2070000	-460.130270	1	2	1	'1 0 1 1 1 1 1 Z 	D	0.617868	0.071266	0.617868	0.617868	0.617868	0.617868	0.617868	0.000000	0.245115	0.250056	0.249692	0.255136	0.735101	
2071000	-460.029459	1	2	0	'1 0 1 1 1 1 1 0 	D	0.615507	0.031540	0.615507	0.615507	0.615507	0.615507	0.615507	0.031540	0.240860	0.250111	0.249626	0.259404	0.343401	
2072000	-460.119928	1	2	1	'1 0 1 1 1 1 1 Z 	D	0.551398	0.029098	0.551398	0.551398	0.551398	0.551398	0.551398	0.000000	0.240491	0.250061	0.250025	0.259423	0.513290	
2073000	-462.860769	1	2	2	'1 0 1 1 1 Z 1 Z 	D	0.496076	0.017643	0.496076	0.496076	0.496076	0.000000	0.496076	0.000000	0.248499	0.294363	0.117271	0.339867	0.401408	
2074000	-460.742146	1	2	1	'1 0 1 1 1 1 1 Z 	D	0.559108	0.069094	0.559108	0.559108	0.559108	0.559108	0.559108	0.000000	0.241404	0.250252	0.249094	0.259249	0.216518	
2075000	-461.951959	1	2	1	'1 Z 1 1 1 1 1 0 	D	0.696039	0.000000	0.696039	0.696039	0.696039	0.696039	0.696039	0.081388	0.243950	0.250108	0.249986	0.255957	0.550289	
2076000	-459.645461	1	2	1	'1 Z 1 1 1 1 1 0 	D	0.614967	0.000000	0.614967	0.614967	0.614967	0.614967	0.614967	0.029875	0.235467	0.250050	0.249869	0.264614	0.236152	
2077000	-459.314317	1	2	1	'1 0 1 1 1 1 1 Z 	D	0.628431	0.036671	0.628431	0.628431	0.628431	0.628431	0.628431	0.000000	0.245487	0.249994	0.250017	0.254502	0.665216	
2078000	-460.687702	1	2	2	'1 0 1 1 1 Z 1 Z 	D	0.599659	0.013392	0.599659	0.599659	0.599659	0.000000	0.599659	0.000000	0.259438	0.277176	0.169229	0.294157	0.186684	
2079000	-459.629464	1	2	1	'1 0 1 1 1 1 1 Z 	D	0.707873	0.037199	0.707873	0.707873	0.707873	0.707873	0.707873	0.000000	0.247861	0.249983	0.250029	0.252127	0.616366	
2080000	-460.926281	1	2	0	'1 0 1 1 1 1 1 0 	D	0.507641	0.016502	0.507641	0.507641	0.507641	0.507641	0.507641	0.016502	0.225625	0.250563	0.247858	0.275954	0.326472	
2081000	-459.816336	1	2	1	'1 Z 1 1 1 1 1 0 	D	0.590859	0.000000	0.590859	0.590859	0.590859	0.590859	0.590859	0.032168	0.232713	0.250107	0.249692	0.267488	0.214878	
2082000	-460.288751	1	2	1	'1 0 1 1 1 1 1 Z 	D	0.741608	0.025104	0.741608	0.741608	0.741608	0.741608	0.741608	0.000000	0.248389	0.249974	0.250071	0.251566	0.727161	
2083000	-461.047606	1	2	1	'1 Z 1 1 1 1 1 0 	D	0.570818	0.000000	0.570818	0.570818	0.570818	0.570818	0.570818	0.010332	0.227400	0.249464	0.250965	0.272171	0.316488	
2084000	-459.692933	1	2	1	'1 Z 1 1 1 1 1 0 	D	0.609120	0.000000	0.609120	0.609120	0.609120	0.609120	0.609120	0.032263	0.234968	0.250078	0.249815	0.265139	0.412749	
2085000	-459.795343	1	2	1	'1 Z 1 1 1 1 1 0 	D	0.684440	0.000000	0.684440	0.684440	0.684440	0.684440	0.684440	0.028489	0.241521	0.250013	0.250020	0.258446	0.215415	
2086000	-460.553063	1	2	1	'1 Z 1 1 1 1 1 0 	D	0.564975	0.000000	0.564975	0.564975	0.564975	0.564975	0.564975	0.014591	0.227021	0.249723	0.250256	0.272999	0.544196	
2087000	-459.921892	1	2	1	'1 0 1 1 1 1 1 Z 	D	0.637567	0.067720	0.637567	0.637567	0.637567	0.637567	0.637567	0.000000	0.245957	0.250029	0.249802	0.254212	0.335667	
2088000	-461.218803	1	2	0	'1 0 1 1 1 1 1 0 	D	0.814667	0.015084	0.814667	0.814667	0.814667	0.814667	0.814667	0.015084	0.248022	0.249996	0.250008	0.251974	0.370188	
2089000	-459.995353	1	2	1	'1 Z 1 1 1 1 1 0 	D	0.677327	0.000000	0.677327	0.677327	0.677327	0.677327	0.677327	0.019228	0.240642	0.249964	0.250095	0.259299	0.842419	
2090000	-462.289417	1	2	2	'1 0 1 1 1 Z 1 Z 	D	0.854719	0.043008	0.854719	0.854719	0.854719	0.000000	0.854719	0.000000	0.252402	0.257283	0.228687	0.261628	0.313553	
2091000	-460.547485	1	2	1	'1 Z 1 1 1 1 1 0 	D	0.710672	0.000000	0.710672	0.710672	0.710672	0.710672	0.710672	0.052730	0.243829	0.250058	0.249999	0.256115	0.487572	
2092000	-460.707433	1	2	1	'1 Z 1 1 0 1 1 0 	D	0.605443	0.000000	0.605443	0.605443	0.014800	0.605443	0.605443	0.014800	0.246677	0.258504	0.225017	0.269802	0.221324	
2093000	-461.010053	1	2	2	'1 0 1 1 Z 0 1 Z 	D	0.657983	0.007809	0.657983	0.657983	0.000000	0.007809	0.657983	0.000000	0.313122	0.334086	0.000085	0.352707	0.288021	
2094000	-459.994792	1	2	1	'1 0 1 1 1 0 1 Z 	D	0.666562	0.027144	0.666562	0.666562	0.666562	0.027144	0.666562	0.000000	0.254067	0.268160	0.196439	0.281334	0.241163	
2095000	-461.901304	1	2	2	'1 Z 1 1 Z 1 1 0 	D	0.567757	0.000000	0.567757	0.567757	0.000000	0.567757	0.567757	0.008490	0.241734	0.260722	0.217954	0.279590	0.101686	
2096000	-462.569098	1	2	1	'1 Z 1 1 0 1 1 0 	D	0.799764	0.000000	0.799764	0.799764	0.007975	0.799764	0.799764	0.007975	0.245809	0.249017	0.252937	0.252236	0.197726	
2097000	-460.307797	1	2	0	'1 0 1 1 1 1 1 0 	D	0.685999	0.007038	0.685999	0.685999	0.685999	0.685999	0.685999	0.007038	0.243739	0.249917	0.250199	0.256145	0.141308	
2098000	-459.577894	1	2	0	'1 0 1 1 1 1 1 0 	D	0.570918	0.016817	0.570918	0.570918	0.570918	0.570918	0.570918	0.016817	0.235220	0.250123	0.249435	0.265223	0.828461	
2099000	-462.172898	1	2	1	'1 0 1 1 1 1 1 Z 	D	0.580258	0.106180	0.580258	0.580258	0.580258	0.580258	0.580258	0.000000	0.242825	0.250149	0.249154	0.257873	0.814263	
2100000	-459.707757	1	2	1	'1 0 1 1 1 1 1 Z 	D	0.631434	0.060670	0.631434	0.631434	0.631434	0.631434	0.631434	0.000000	0.245706	0.250032	0.249814	0.254449	0.891712	
2101000	-459.623976	1	2	1	'1 0 1 1 1 Z 1 0 	D	0.663244	0.008545	0.663244	0.663244	0.663244	0.000000	0.663244	0.008545	0.259642	0.269240	0.193179	0.277939	0.972172	
2102000	-459.379953	1	2	1	'1 0 1 1 1 1 1 Z 	D	0.666582	0.033725	0.666582	0.666582	0.666582	0.666582	0.666582	0.000000	0.246835	0.249975	0.250063	0.253126	0.667714	
2103000	-459.409773	1	2	1	'1 0 1 1 1 1 1 Z 	D	0.606244	0.034459	0.606244	0.606244	0.606244	0.606244	0.606244	0.000000	0.244408	0.250002	0.250024	0.255566	0.901981	
2104000	-459.458589	1	2	1	'1 0 1 1 1 1 1 Z 	D	0.615032	0.028361	0.615032	0.615032	0.615032	0.615032	0.615032	0.000000	0.244788	0.249955	0.250180	0.255077	0.715812	
2105000	-462.013132	1	2	0	'1 0 1 1 1 1 1 0 	D	0.528893	0.037830	0.528893	0.528893	0.528893	0.528893	0.528893	0.037830	0.232537	0.250675	0.248023	0.268765	0.421947	
2106000	-459.621653	1	2	1	'1 Z 1 1 1 1 1 0 	D	0.648164	0.000000	0.648164	0.648164	0.648164	0.648164	0.648164	0.029982	0.238780	0.250030	0.249970	0.261220	0.835203	
2107000	-461.795966	1	2	1	'1 Z 1 1 1 1 1 0 	D	0.675830	0.000000	0.675830	0.675830	0.675830	0.675830	0.675830	0.079932	0.242866	0.250135	0.249957	0.257042	0.473909	
2108000	-461.319518	1	2	0	'1 0 1 1 1 1 1 0 	D	0.496524	0.017604	0.496524	0.496524	0.496524	0.496524	0.496524	0.017604	0.223717	0.250767	0.247225	0.278291	0.211659	
2109000	-459.250426	1	2	0	'1 0 1 1 1 1 1 0 	D	0.610463	0.015258	0.610463	0.610463	0.610463	0.610463	0.610463	0.015258	0.239137	0.250020	0.249821	0.261022	0.324014	
2110000	-460.550552	1	2	1	'1 Z 1 1 1 1 1 0 	D	0.692510	0.000000	0.692510	0.692510	0.692510	0.692510	0.692510	0.055896	0.242974	0.250077	0.249982	0.256967	0.276261	
2111000	-460.905024	1	2	1	'1 0 1 1 1 1 1 Z 	D	0.639039	0.010894	0.639039	0.639039	0.639039	0.639039	0.639039	0.000000	0.245451	0.249659	0.251102	0.253788	0.545494	
2112000	-460.705415	1	2	1	'1 Z 1 1 1 1 1 0 	D	0.740296	0.000000	0.740296	0.740296	0.740296	0.740296	0.740296	0.048857	0.245048	0.250038	0.250012	0.254902	0.787829	
2113000	-464.190082	1	2	2	'1 Z 1 1 Z 1 1 0 	D	0.479743	0.000000	0.479743	0.479743	0.000000	0.479743	0.479743	0.010870	0.233966	0.269771	0.191331	0.304933	0.534270	
2114000	-461.132146	1	2	0	'1 0 1 1 1 1 1 0 	D	0.803209	0.026610	0.803209	0.803209	0.803209	0.803209	0.803209	0.026610	0.248015	0.250000	0.249995	0.251990	0.653964	
2115000	-460.450286	1	2	1	'1 0 1 1 1 Z 1 0 	D	0.756675	0.016176	0.756675	0.756675	0.756675	0.000000	0.756675	0.016176	0.256465	0.261095	0.217611	0.264829	0.149503	
2116000	-461.020706	1	2	2	'1 0 1 1 1 Z 1 Z 	D	0.620432	0.044799	0.620432	0.620432	0.620432	0.000000	0.620432	0.000000	0.249136	0.280249	0.161045	0.309570	0.289005	
2117000	-460.274280	1	2	2	'1 0 1 1 1 Z 1 Z 	D	0.681014	0.034320	0.681014	0.681014	0.681014	0.000000	0.681014	0.000000	0.254413	0.270544	0.189624	0.285420	0.235833	
2118000	-460.759970	1	2	0	'1 0 1 1 1 0 1 0 	D	0.783366	0.016424	0.783366	0.783366	0.783366	0.016424	0.783366	0.016424	0.254827	0.258454	0.225311	0.261409	0.634645	
2119000	-459.869846	1	2	1	'1 0 1 1 1 1 1 Z 	D	0.696484	0.023531	0.696484	0.696484	0.696484	0.696484	0.696484	0.000000	0.247546	0.249952	0.250145	0.252357	0.690185	
2120000	-460.513370	1	2	2	'1 Z 1 1 Z 1 1 0 	D	0.685822	0.000000	0.685822	0.685822	0.000000	0.685822	0.685822	0.025245	0.253507	0.257133	0.229242	0.260117	0.481557	
2121000	-460.177954	1	2	1	'1 0 1 1 1 1 1 Z 	D	0.710567	0.068698	0.710567	0.710567	0.710567	0.710567	0.710567	0.000000	0.247978	0.249994	0.249949	0.252079	0.379850	
2122000	-460.204292	1	2	1	'1 0 1 1 1 0 1 Z 	D	0.649480	0.034721	0.649480	0.649480	0.649480	0.034721	0.649480	0.000000	0.251708	0.270334	0.190170	0.287788	0.827322	
2123000	-462.347263	1	2	1	'1 Z 1 1 1 1 1 0 	D	0.571390	0.000000	0.571390	0.571390	0.571390	0.571390	0.571390	0.077633	0.234166	0.250533	0.249277	0.266024	0.506156	
2124000	-459.765967	1	2	1	'1 Z 1 1 1 1 1 0 	D	0.593170	0.000000	0.593170	0.593170	0.593170	0.593170	0.593170	0.027063	0.232593	0.250042	0.249790	0.267575	0.529528	
2125000	-461.211163	1	2	1	'1 0 1 1 1 1 1 Z 	D	0.506569	0.030868	0.506569	0.506569	0.506569	0.506569	0.506569	0.000000	0.235616	0.250420	0.249227	0.264737	0.967820	
2126000	-459.768400	1	2	1	'1 0 1 1 1 1 1 Z 	D	0.575467	0.045334	0.575467	0.575467	0.575467	0.575467	0.575467	0.000000	0.242610	0.250121	0.249651	0.257619	0.672704	
2127000	-459.475750	1	2	0	'1 0 1 1 1 1 1 0 	D	0.599888	0.011272	0.599888	0.599888	0.599888	0.599888	0.599888	0.011272	0.237733	0.249960	0.249955	0.262352	0.762943	
2128000	-461.205772	1	2	1	'1 0 1 1 1 1 1 Z 	D	0.658210	0.098970	0.658210	0.658210	0.658210	0.658210	0.658210	0.000000	0.246664	0.250009	0.249790	0.253538	0.584770	
2129000	-464.048109	1	2	0	'1 0 1 1 1 1 1 0 	D	0.501945	0.047064	0.501945	0.501945	0.501945	0.501945	0.501945	0.047064	0.229955	0.251226	0.246723	0.272096	0.297095	
2130000	-465.287496	1	2	0	'1 0 1 1 1 1 1 0 	D	0.756672	0.075435	0.756672	0.756672	0.756672	0.756672	0.756672	0.075435	0.248005	0.250014	0.249962	0.252018	0.424692	
2131000	-459.656953	1	2	1	'1 Z 1 1 1 1 1 0 	D	0.626907	0.000000	0.626907	0.626907	0.626907	0.626907	0.626907	0.033915	0.236996	0.250069	0.249883	0.263052	0.559568	
2132000	-459.772284	1	2	1	'1 0 1 1 1 1 1 Z 	D	0.662666	0.063202	0.662666	0.662666	0.662666	0.662666	0.662666	0.000000	0.246814	0.250008	0.249892	0.253285	0.830415	
2133000	-459.895330	1	2	1	'1 0 1 1 1 Z 1 0 	D	0.685697	0.006835	0.685697	0.685697	0.685697	0.000000	0.685697	0.006835	0.258980	0.266752	0.200346	0.273922	0.849054	
2134000	-460.925174	1	2	3	'1 0 1 1 Z Z 1 Z 	D	0.636258	0.008568	0.636258	0.636258	0.000000	0.000000	0.636258	0.000000	0.309136	0.334184	0.000000	0.356679	0.932430	
2135000	-460.083159	1	2	2	'1 0 1 1 1 Z 1 Z 	D	0.693894	0.022627	0.693894	0.693894	0.693894	0.000000	0.693894	0.000000	0.256475	0.267345	0.198753	0.277427	0.311408	
2136000	-460.979096	1	2	1	'1 0 1 1 Z 1 1 0 	D	0.630273	0.025954	0.630273	0.630273	0.000000	0.630273	0.630273	0.025954	0.254389	0.261166	0.218464	0.265981	0.202085	
2137000	-460.949027	1	2	1	'1 0 1 1 0 Z 1 0 	D	0.572298	0.005864	0.572298	0.572298	0.005864	0.000000	0.572298	0.005864	0.310830	0.335045	0.000037	0.354088	0.469187	
2138000	-460.909761	1	2	2	'1 0 1 1 0 Z 1 Z 	D	0.727883	0.014276	0.727883	0.727883	0.014276	0.000000	0.727883	0.000000	0.310765	0.334535	0.000219	0.354481	0.805185	
2139000	-462.285986	1	2	1	'1 Z 1 1 0 0 1 0 	D	0.785338	0.000000	0.785338	0.785338	0.015784	0.015784	0.785338	0.015784	0.343434	0.334389	0.001184	0.320994	0.790826	
2140000	-459.396953	1	2	0	'1 0 1 1 0 1 1 0 	D	0.649686	0.012116	0.649686	0.649686	0.012116	0.649686	0.649686	0.012116	0.250394	0.257393	0.228422	0.263791	0.582803	
2141000	-460.493751	1	2	1	'1 0 1 1 Z 1 1 0 	D	0.790051	0.013871	0.790051	0.790051	0.000000	0.790051	0.790051	0.013871	0.250615	0.252619	0.242338	0.254428	0.499917	
2142000	-459.498969	1	2	1	'1 0 1 1 Z 1 1 0 	D	0.686740	0.012910	0.686740	0.686740	0.000000	0.686740	0.686740	0.012910	0.251345	0.256355	0.231448	0.260853	0.847594	
2143000	-460.156610	1	2	1	'1 Z 1 1 1 1 1 0 	D	0.722265	0.000000	0.722265	0.722265	0.722265	0.722265	0.722265	0.028319	0.243733	0.250010	0.250030	0.256227	0.984720	
2144000	-459.910890	1	2	1	'1 Z 1 1 1 1 1 0 	D	0.646153	0.000000	0.646153	0.646153	0.646153	0.646153	0.646153	0.044036	0.239317	0.250096	0.249906	0.260681	0.174143	
2145000	-462.302838	1	2	2	'1 Z 1 1 Z 1 1 0 	D	0.856041	0.000000	0.856041	0.856041	0.000000	0.856041	0.856041	0.023343	0.249914	0.251074	0.246859	0.252153	0.541195	
2146000	-461.134602	1	2	1	'1 Z 1 1 1 1 1 0 	D	0.687877	0.000000	0.687877	0.687877	0.687877	0.687877	0.687877	0.067994	0.243117	0.250101	0.249975	0.256808	0.456269	
2147000	-459.652073	1	2	0	'1 0 1 1 1 1 1 0 	D	0.605345	0.025972	0.605345	0.605345	0.605345	0.605345	0.605345	0.025972	0.239620	0.250111	0.249593	0.260676	0.212009	
2148000	-459.720158	1	2	1	'1 Z 1 1 1 1 1 0 	D	0.632742	0.000000	0.632742	0.632742	0.632742	0.632742	0.632742	0.037473	0.237775	0.250083	0.249884	0.262257	0.769255	
2149000	-459.656729	1	2	1	'1 0 1 1 1 1 1 Z 	D	0.579367	0.040353	0.579367	0.579367	0.579367	0.579367	0.579367	0.000000	0.242843	0.250085	0.249785	0.257287	0.823987	
2150000	-460.902337	1	2	1	'1 0 1 1 1 1 1 Z 	D	0.597141	0.085411	0.597141	0.597141	0.597141	0.597141	0.597141	0.000000	0.244006	0.250103	0.249461	0.256430	0.653755	
2151000	-463.597683	1	2	1	'1 Z 1 1 1 1 1 0 	D	0.532028	0.000000	0.532028	0.532028	0.532028	0.532028	0.532028	0.082503	0.229698	0.251007	0.248387	0.270908	0.658134	
2152000	-460.662393	1	2	2	'1 0 1 1 1 Z 1 Z 	D	0.646766	0.041552	0.646766	0.646766	0.646766	0.000000	0.646766	0.000000	0.251803	0.275997	0.173674	0.298526	0.239730	
2153000	-461.542871	1	2	2	'1 0 1 1 Z 0 1 Z 	D	0.552746	0.017017	0.552746	0.552746	0.000000	0.017017	0.552746	0.000000	0.277445	0.334057	0.000459	0.388038	0.712516	
2154000	-462.126306	1	2	1	'1 Z 1 1 0 1 1 0 	D	0.844003	0.000000	0.844003	0.844003	0.029117	0.844003	0.844003	0.029117	0.250041	0.251089	0.246836	0.252035	0.587611	
2155000	-461.350730	1	2	2	'1 Z 1 1 Z 0 1 0 	D	0.643982	0.000000	0.643982	0.643982	0.000000	0.009902	0.643982	0.009902	0.333291	0.334648	0.000125	0.331936	0.265613	
2156000	-461.958747	1	2	1	'1 0 1 1 1 Z 1 0 	D	0.783074	0.026245	0.783074	0.783074	0.783074	0.000000	0.783074	0.026245	0.255536	0.259546	0.222561	0.262357	0.541362	
2157000	-460.174199	1	2	2	'1 0 1 1 1 Z 1 Z 	D	0.704918	0.028420	0.704918	0.704918	0.704918	0.000000	0.704918	0.000000	0.255431	0.267061	0.199745	0.277764	0.480916	
2158000	-460.336428	1	2	1	'1 0 1 1 1 Z 1 0 	D	0.638716	0.019899	0.638716	0.638716	0.638716	0.000000	0.638716	0.019899	0.259676	0.272783	0.184306	0.283235	0.371028	
2159000	-459.715456	1	2	0	'1 0 1 1 1 1 1 0 	D	0.720857	0.017698	0.720857	0.720857	0.720857	0.720857	0.720857	0.017698	0.245741	0.249996	0.249993	0.254270	0.372153	
2160000	-461.320173	1	2	0	'1 0 1 1 1 1 1 0 	D	0.720360	0.043050	0.720360	0.720360	0.720360	0.720360	0.720360	0.043050	0.246505	0.250018	0.249941	0.253536	0.159032	
2161000	-461.351344	1	2	3	'1 Z 1 1 Z Z 1 0 	D	0.661795	0.000000	0.661795	0.661795	0.000000	0.000000	0.661795	0.009853	0.334675	0.334643	0.000000	0.330681	0.403608	
2162000	-460.351224	1	2	1	'1 Z 1 1 0 1 1 0 	D	0.677741	0.000000	0.677741	0.677741	0.019702	0.677741	0.677741	0.019702	0.249577	0.255143	0.234979	0.260302	0.366804	
2163000	-461.603921	1	2	2	'1 0 1 1 0 Z 1 Z 	D	0.785182	0.016882	0.785182	0.785182	0.016882	0.000000	0.785182	0.000000	0.312425	0.334654	0.000310	0.352611	0.380493	
2164000	-462.944804	1	2	1	'1 0 1 1 1 1 1 Z 	D	0.570621	0.117078	0.570621	0.570621	0.570621	0.570621	0.570621	0.000000	0.242025	0.250179	0.248943	0.258853	0.372750	
2165000	-461.803170	1	2	0	'1 0 1 1 1 1 1 0 	D	0.741434	0.046025	0.741434	0.741434	0.741434	0.741434	0.741434	0.046025	0.247139	0.250013	0.249959	0.252889	0.434020	
2166000	-459.611018	1	2	0	'1 0 1 1 1 1 1 0 	D	0.691408	0.024111	0.691408	0.691408	0.691408	0.691408	0.691408	0.024111	0.244828	0.250012	0.249939	0.255221	0.686719	
2167000	-461.158737	1	2	1	'1 0 1 1 0 0 1 Z 	D	0.752527	0.016046	0.752527	0.752527	0.016046	0.016046	0.752527	0.000000	0.311041	0.334272	0.001222	0.353466	0.224505	
2168000	-460.800339	1	2	1	'1 0 1 1 0 0 1 Z 	D	0.602930	0.013164	0.602930	0.602930	0.013164	0.013164	0.602930	0.000000	0.296425	0.334118	0.000828	0.368629	0.549416	
2169000	-459.633233	1	2	0	'1 0 1 1 1 0 1 0 	D	0.624755	0.012452	0.624755	0.624755	0.624755	0.012452	0.624755	0.012452	0.259052	0.272742	0.183423	0.284784	0.501861	
2170000	-462.060255	1	2	1	'1 0 1 1 1 0 1 Z 	D	0.516009	0.024865	0.516009	0.516009	0.516009	0.024865	0.516009	0.000000	0.244955	0.288525	0.134933	0.331586	0.632327	
2171000	-459.646662	1	2	0	'1 0 1 1 1 0 1 0 	D	0.685259	0.012672	0.685259	0.685259	0.685259	0.012672	0.685259	0.012672	0.257891	0.266068	0.202905	0.273136	0.318025	
2172000	-460.111435	1	2	1	'1 0 1 1 1 1 1 Z 	D	0.703136	0.020541	0.703136	0.703136	0.703136	0.703136	0.703136	0.000000	0.247670	0.249944	0.250173	0.252213	0.429729	
2173000	-459.303745	1	2	1	'1 0 1 1 1 1 1 Z 	D	0.638864	0.039412	0.638864	0.638864	0.638864	0.638864	0.638864	0.000000	0.245928	0.249996	0.249995	0.254080	0.373530	
2174000	-459.395232	1	2	1	'1 0 1 1 1 1 1 Z 	D	0.667030	0.045420	0.667030	0.667030	0.667030	0.667030	0.667030	0.000000	0.246903	0.249995	0.249977	0.253125	0.504317	
2175000	-461.325493	1	2	2	'1 0 1 1 1 Z 1 Z 	D	0.643007	0.051821	0.643007	0.643007	0.643007	0.000000	0.643007	0.000000	0.248710	0.278206	0.167367	0.305717	0.222642	
2176000	-460.694494	1	2	3	'1 0 1 1 Z Z 1 Z 	D	0.666393	0.018092	0.666393	0.666393	0.000000	0.000000	0.666393	0.000000	0.297799	0.334871	0.000000	0.367331	0.237083	
2177000	-461.971861	1	2	2	'1 0 1 1 Z 0 1 Z 	D	0.793344	0.021624	0.793344	0.793344	0.000000	0.021624	0.793344	0.000000	0.308279	0.334842	0.000644	0.356234	0.578591	
2178000	-460.369202	1	2	1	'1 0 1 1 1 1 1 Z 	D	0.545876	0.024074	0.545876	0.545876	0.545876	0.545876	0.545876	0.000000	0.239835	0.249964	0.250388	0.259813	0.293393	
2179000	-459.226942	1	2	0	'1 0 1 1 1 1 1 0 	D	0.614928	0.016760	0.614928	0.614928	0.614928	0.614928	0.614928	0.016760	0.239658	0.250031	0.249803	0.260508	0.256295	
2180000	-460.059570	1	2	1	'1 0 1 1 1 1 1 Z 	D	0.623191	0.070145	0.623191	0.623191	0.623191	0.623191	0.623191	0.000000	0.245359	0.250048	0.249727	0.254866	0.468034	
2181000	-461.470278	1	2	0	'1 0 1 1 1 1 1 0 	D	0.648237	0.046722	0.648237	0.648237	0.648237	0.648237	0.648237	0.046722	0.243805	0.250081	0.249761	0.256353	0.224132	
2182000	-459.302619	1	2	1	'1 0 1 1 1 1 1 Z 	D	0.640717	0.036828	0.640717	0.640717	0.640717	0.640717	0.640717	0.000000	0.245983	0.249988	0.250026	0.254002	0.374774	
2183000	-460.223970	1	2	1	'1 0 1 1 1 1 1 Z 	D	0.602773	0.016098	0.602773	0.602773	0.602773	0.602773	0.602773	0.000000	0.243842	0.249737	0.250914	0.255507	0.979742	
2184000	-465.105722	1	2	1	'1 0 1 1 1 1 1 Z 	D	0.435313	0.058045	0.435313	0.435313	0.435313	0.435313	0.435313	0.000000	0.223066	0.253048	0.241939	0.281947	0.405526	
2185000	-460.192578	1	2	0	'1 0 1 1 1 1 1 0 	D	0.629119	0.034009	0.629119	0.629119	0.629119	0.629119	0.629119	0.034009	0.241984	0.250090	0.249700	0.258225	0.694455	
2186000	-460.023081	1	2	1	'1 0 1 1 Z 1 1 0 	D	0.638544	0.019467	0.638544	0.638544	0.000000	0.638544	0.638544	0.019467	0.252965	0.259890	0.221632	0.265513	0.738964	
2187000	-459.824095	1	2	1	'1 0 1 1 1 Z 1 0 	D	0.621956	0.014691	0.621956	0.621956	0.621956	0.000000	0.621956	0.014691	0.260136	0.274607	0.178322	0.286936	0.483999	
2188000	-460.145680	1	2	1	'1 0 1 1 1 1 1 Z 	D	0.552221	0.045608	0.552221	0.552221	0.552221	0.552221	0.552221	0.000000	0.240786	0.250227	0.249383	0.259605	0.475805	
2189000	-459.871090	1	2	0	'1 0 1 1 1 1 1 0 	D	0.672167	0.008609	0.672167	0.672167	0.672167	0.672167	0.672167	0.008609	0.243081	0.249932	0.250145	0.256843	0.843797	
2190000	-463.251556	1	2	1	'1 0 1 1 1 1 1 Z 	D	0.713126	0.137522	0.713126	0.713126	0.713126	0.713126	0.713126	0.000000	0.247999	0.249981	0.249885	0.252134	0.906890	
2191000	-460.972847	1	2	0	'1 0 1 1 1 1 1 0 	D	0.796479	0.025559	0.796479	0.796479	0.796479	0.796479	0.796479	0.025559	0.247882	0.250000	0.249995	0.252124	0.698570	
2192000	-460.021176	1	2	1	'1 Z 1 1 1 1 1 0 	D	0.608369	0.000000	0.608369	0.608369	0.608369	0.608369	0.608369	0.016652	0.233693	0.249869	0.250175	0.266262	0.464073	
2193000	-459.717070	1	2	0	'1 0 1 1 1 1 1 0 	D	0.566331	0.012364	0.566331	0.566331	0.566331	0.566331	0.566331	0.012364	0.234061	0.250034	0.249641	0.266265	0.754782	
2194000	-460.490533	1	2	1	'1 Z 1 1 0 1 1 0 	D	0.712391	0.000000	0.712391	0.712391	0.021402	0.712391	0.712391	0.021402	0.249902	0.253857	0.238744	0.257497	0.449649	
2195000	-459.243710	1	2	0	'1 0 1 1 1 1 1 0 	D	0.611595	0.017317	0.611595	0.611595	0.611595	0.611595	0.611595	0.017317	0.239421	0.250040	0.249772	0.260767	0.782379	
2196000	-459.798666	1	2	1	'1 0 1 1 1 1 1 Z 	D	0.577119	0.026559	0.577119	0.577119	0.577119	0.577119	0.577119	0.000000	0.242493	0.249959	0.250256	0.257291	0.396306	
2197000	-459.470668	1	2	1	'1 0 1 1 1 1 1 Z 	D	0.687752	0.041794	0.687752	0.687752	0.687752	0.687752	0.687752	0.000000	0.247439	0.249987	0.250007	0.252566	0.280446	
2198000	-460.958021	1	2	1	'1 0 1 1 1 1 1 Z 	D	0.543197	0.016063	0.543197	0.543197	0.543197	0.543197	0.543197	0.000000	0.239135	0.249584	0.251616	0.259665	0.798763	
2199000	-459.672666	1	2	1	'1 0 1 1 1 1 1 Z 	D	0.636547	0.059895	0.636547	0.636547	0.636547	0.636547	0.636547	0.000000	0.245909	0.250026	0.249836	0.254228	0.454950	
2200000	-460.323200	1	2	1	'1 Z 1 1 1 1 1 0 	D	0.736754	0.000000	0.736754	0.736754	0.736754	0.736754	0.736754	0.030062	0.244467	0.250012	0.250026	0.255494	0.421543	
2201000	-459.592041	1	2	1	'1 0 1 1 1 1 1 Z 	D	0.591277	0.045551	0.591277	0.591277	0.591277	0.591277	0.591277	0.000000	0.243644	0.250076	0.249762	0.256518	0.770729	
2202000	-459.559898	1	2	1	'1 0 1 1 1 1 1 Z 	D	0.663556	0.055256	0.663556	0.663556	0.663556	0.663556	0.663556	0.000000	0.246828	0.250004	0.249924	0.253244	0.243277	
2203000	-460.497249	1	3	1	'2 0 1 1 1 1 1 Z 	D	0.597260	0.050131	0.713852	0.713852	0.713852	0.713852	0.713852	0.000000	0.238192	0.250077	0.250061	0.261669	0.634718	
2204000	-459.862778	1	2	1	'1 0 1 1 1 1 1 Z 	D	0.683322	0.063923	0.683322	0.683322	0.683322	0.683322	0.683322	0.000000	0.247381	0.249999	0.249927	0.252693	0.435851	
2205000	-459.985180	1	2	1	'1 Z 1 1 1 1 1 0 	D	0.574149	0.000000	0.574149	0.574149	0.574149	0.574149	0.574149	0.023651	0.229558	0.250008	0.249729	0.270705	0.257330	
2206000	-461.728274	1	3	1	'1 0 1 1 1 2 1 Z 	D	0.839649	0.035281	0.839649	0.839649	0.839649	0.027356	0.839649	0.000000	0.252061	0.256234	0.231688	0.260017	0.733556	
2207000	-459.886785	1	2	1	'1 0 1 1 1 1 1 Z 	D	0.657901	0.067028	0.657901	0.657901	0.657901	0.657901	0.657901	0.000000	0.246670	0.250012	0.249868	0.253449	0.441622	
2208000	-459.341146	1	2	1	'1 0 1 1 1 1 1 Z 	D	0.630840	0.043491	0.630840	0.630840	0.630840	0.630840	0.630840	0.000000	0.245629	0.250011	0.249939	0.254420	0.533432	
2209000	-460.451459	1	2	1	'1 0 1 1 1 0 1 Z 	D	0.710259	0.039318	0.710259	0.710259	0.710259	0.039318	0.710259	0.000000	0.251838	0.264311	0.208043	0.275809	0.360761	
2210000	-459.554560	1	2	1	'1 0 1 1 1 1 1 Z 	D	0.611315	0.025718	0.611315	0.611315	0.611315	0.611315	0.611315	0.000000	0.244561	0.249932	0.250269	0.255239	0.266208	
2211000	-462.006526	1	2	2	'1 0 1 1 1 Z 1 Z 	D	0.576936	0.007124	0.576936	0.576936	0.576936	0.000000	0.576936	0.000000	0.261849	0.278991	0.163543	0.295618	0.612036	
2212000	-462.304449	1	2	1	'1 0 1 1 1 1 1 Z 	D	0.868086	0.030962	0.868086	0.868086	0.868086	0.868086	0.868086	0.000000	0.249484	0.249995	0.250007	0.250513	0.474848	
2213000	-459.647123	1	2	1	'1 Z 1 1 1 1 1 0 	D	0.657154	0.000000	0.657154	0.657154	0.657154	0.657154	0.657154	0.030374	0.239564	0.250028	0.249983	0.260424	0.396029	
2214000	-462.773180	1	2	1	'1 0 1 1 1 Z 1 0 	D	0.592943	0.031803	0.592943	0.592943	0.592943	0.000000	0.592943	0.031803	0.258948	0.279895	0.166278	0.294879	0.789873	
2215000	-463.650036	1	2	2	'1 0 1 1 0 Z 1 Z 	D	0.748549	0.002635	0.748549	0.748549	0.002635	0.000000	0.748549	0.000000	0.326739	0.333600	0.000008	0.339653	0.272431	
2216000	-461.696388	1	2	1	'1 Z 1 1 0 1 1 0 	D	0.563223	0.000000	0.563223	0.563223	0.033137	0.563223	0.563223	0.033137	0.256377	0.264369	0.209324	0.269930	0.262259	
2217000	-459.952562	1	2	1	'1 Z 1 1 1 1 1 0 	D	0.633236	0.000000	0.633236	0.633236	0.633236	0.633236	0.633236	0.044994	0.238243	0.250119	0.249859	0.261779	0.610387	
2218000	-462.455998	1	2	0	'1 0 1 1 1 1 1 0 	D	0.471626	0.020640	0.471626	0.471626	0.471626	0.471626	0.471626	0.020640	0.219133	0.251436	0.245267	0.284164	0.639169	
2219000	-459.565722	1	2	1	'1 0 1 1 1 1 1 Z 	D	0.620156	0.024614	0.620156	0.620156	0.620156	0.620156	0.620156	0.000000	0.244982	0.249922	0.250290	0.254806	0.295982	
2220000	-460.109003	1	2	1	'1 0 1 1 1 1 1 Z 	D	0.745618	0.050887	0.745618	0.745618	0.745618	0.745618	0.745618	0.000000	0.248518	0.249991	0.249994	0.251497	0.667348	
2221000	-460.094732	1	2	1	'1 0 1 1 1 Z 1 0 	D	0.637733	0.017982	0.637733	0.637733	0.637733	0.000000	0.637733	0.017982	0.259784	0.272796	0.184011	0.283409	0.277812	
2222000	-461.100640	1	2	1	'1 0 1 1 1 0 1 Z 	D	0.599879	0.046172	0.599879	0.599879	0.599879	0.046172	0.599879	0.000000	0.244808	0.276712	0.171238	0.307243	0.305062	
2223000	-462.559499	1	2	1	'1 0 1 1 Z 0 1 0 	D	0.621225	0.017652	0.621225	0.621225	0.000000	0.017652	0.621225	0.017652	0.317147	0.337982	0.000421	0.344449	0.707013	
2224000	-459.755383	1	2	1	'1 0 1 1 Z 1 1 0 	D	0.686562	0.016980	0.686562	0.686562	0.000000	0.686562	0.686562	0.016980	0.252128	0.256838	0.230207	0.260827	0.921984	
2225000	-461.013079	1	2	3	'1 0 1 1 Z Z 1 Z 	D	0.698407	0.008540	0.698407	0.698407	0.000000	0.000000	0.698407	0.000000	0.315685	0.334182	0.000000	0.350133	0.841455	
2226000	-459.327830	1	2	1	'1 0 1 1 1 1 1 Z 	D	0.654749	0.041718	0.654749	0.654749	0.654749	0.654749	0.654749	0.000000	0.246507	0.249994	0.249990	0.253509	0.637061	
2227000	-459.330110	1	2	1	'1 0 1 1 1 1 1 Z 	D	0.622272	0.036467	0.622272	0.622272	0.622272	0.622272	0.622272	0.000000	0.245213	0.249997	0.250012	0.254777	0.427164	
2228000	-460.057949	1	2	2	'1 0 1 1 1 Z 1 Z 	D	0.680222	0.026374	0.680222	0.680222	0.680222	0.000000	0.680222	0.000000	0.255953	0.269405	0.192765	0.281876	0.360368	
2229000	-463.069329	1	2	1	'1 Z 1 1 0 1 1 0 	D	0.821545	0.000000	0.821545	0.821545	0.054559	0.821545	0.821545	0.054559	0.252976	0.252517	0.242765	0.251742	0.770917	
2230000	-459.459734	1	2	0	'1 0 1 1 0 1 1 0 	D	0.649746	0.008899	0.649746	0.649746	0.008899	0.649746	0.649746	0.008899	0.249708	0.257060	0.229231	0.264001	0.641469	
2231000	-460.963872	1	2	2	'1 Z 1 1 Z 1 1 0 	D	0.750663	0.000000	0.750663	0.750663	0.000000	0.750663	0.750663	0.027547	0.252578	0.254409	0.237150	0.255863	0.840218	
2232000	-462.988363	1	2	0	'1 0 1 1 1 1 1 0 	D	0.751374	0.056298	0.751374	0.751374	0.751374	0.751374	0.751374	0.056298	0.247574	0.250013	0.249962	0.252451	0.365210	
2233000	-460.533269	1	2	2	'1 0 1 1 1 Z 1 Z 	D	0.660166	0.039893	0.660166	0.660166	0.660166	0.000000	0.660166	0.000000	0.252763	0.273965	0.179661	0.293612	0.546609	
2234000	-460.105922	1	2	1	'1 0 1 1 1 1 1 Z 	D	0.730500	0.059603	0.730500	0.730500	0.730500	0.730500	0.730500	0.000000	0.248311	0.249992	0.249976	0.251720	0.343817	
2235000	-460.324256	1	2	1	'1 0 1 1 1 1 1 Z 	D	0.540963	0.042435	0.540963	0.540963	0.540963	0.540963	0.540963	0.000000	0.239725	0.250277	0.249300	0.260699	0.598718	
2236000	-460.998360	1	2	1	'1 Z 1 1 0 1 1 0 	D	0.720694	0.000000	0.720694	0.720694	0.036312	0.720694	0.720694	0.036312	0.253314	0.254768	0.236253	0.255665	0.170455	
2237000	-460.507269	1	2	1	'1 0 1 1 0 Z 1 0 	D	0.671787	0.005493	0.671787	0.671787	0.005493	0.000000	0.671787	0.005493	0.323118	0.334676	0.000035	0.342171	0.405236	
2238000	-461.255678	1	2	0	'1 0 1 1 0 1 1 0 	D	0.758773	0.026416	0.758773	0.758773	0.026416	0.758773	0.758773	0.026416	0.251330	0.253467	0.240107	0.255097	0.710133	
2239000	-459.901772	1	2	0	'1 0 1 1 1 1 1 0 	D	0.580058	0.026195	0.580058	0.580058	0.580058	0.580058	0.580058	0.026195	0.237274	0.250192	0.249327	0.263207	0.476587	
2240000	-460.790788	1	2	1	'1 0 1 1 1 1 1 Z 	D	0.523115	0.027173	0.523115	0.523115	0.523115	0.523115	0.523115	0.000000	0.237547	0.250163	0.249905	0.262385	0.464307	
2241000	-459.491362	1	2	1	'1 0 1 1 1 1 1 Z 	D	0.680667	0.031219	0.680667	0.680667	0.680667	0.680667	0.680667	0.000000	0.247213	0.249970	0.250080	0.252737	0.990480	
2242000	-460.426326	1	2	0	'1 0 1 1 1 0 1 0 	D	0.767967	0.009067	0.767967	0.767967	0.767967	0.009067	0.767967	0.009067	0.255597	0.259489	0.221955	0.262959	0.484368	
2243000	-459.554800	1	2	0	'1 0 1 1 1 0 1 0 	D	0.644888	0.011884	0.644888	0.644888	0.644888	0.011884	0.644888	0.011884	0.258885	0.270364	0.190283	0.280468	0.212159	
2244000	-460.214543	1	2	1	'1 Z 1 1 1 1 1 0 	D	0.718336	0.000000	0.718336	0.718336	0.718336	0.718336	0.718336	0.023122	0.243382	0.249995	0.250049	0.256574	0.231018	
2245000	-460.273188	1	2	1	'1 0 1 1 1 Z 1 0 	D	0.684123	0.019486	0.684123	0.684123	0.684123	0.000000	0.684123	0.019486	0.258697	0.267571	0.199170	0.274562	0.598093	
2246000	-460.961755	1	2	1	'1 Z 1 1 1 1 1 0 	D	0.742282	0.000000	0.742282	0.742282	0.742282	0.742282	0.742282	0.055101	0.245260	0.250043	0.250012	0.254684	0.264553	
2247000	-460.144144	1	2	1	'1 0 1 1 1 0 1 Z 	D	0.697790	0.018955	0.697790	0.697790	0.697790	0.018955	0.697790	0.000000	0.255726	0.264628	0.206694	0.272953	0.201963	
2248000	-460.059736	1	2	1	'1 0 1 1 1 0 1 Z 	D	0.698193	0.026334	0.698193	0.698193	0.698193	0.026334	0.698193	0.000000	0.254248	0.264964	0.205869	0.274919	0.813633	
2249000	-461.521988	1	2	1	'1 Z 1 1 1 1 1 0 	D	0.540315	0.000000	0.540315	0.540315	0.540315	0.540315	0.540315	0.055132	0.227638	0.250630	0.248686	0.273046	0.300674	
2250000	-459.749730	1	2	1	'1 0 1 1 1 1 1 Z 	D	0.647222	0.020959	0.647222	0.647222	0.647222	0.647222	0.647222	0.000000	0.246067	0.249902	0.250330	0.253701	0.577100	
2251000	-460.272374	1	2	1	'0 1 0 0 0 0 0 Z 	D	0.611721	0.015282	0.611721	0.611721	0.611721	0.611721	0.611721	0.000000	0.244316	0.249734	0.250908	0.255042	0.582298	
2252000	-460.831971	1	2	3	'0 1 0 0 Z Z 0 Z 	D	0.709182	0.011380	0.709182	0.709182	0.000000	0.000000	0.709182	0.000000	0.312609	0.334418	0.000000	0.352973	0.871612	
2253000	-461.721721	1	2	2	'0 1 0 0 1 Z 0 Z 	D	0.797379	0.014493	0.797379	0.797379	0.014493	0.000000	0.797379	0.000000	0.315727	0.334497	0.000233	0.349544	0.521018	
2254000	-461.248965	1	2	1	'0 Z 0 0 1 0 0 1 	D	0.785670	0.000000	0.785670	0.785670	0.018832	0.785670	0.785670	0.018832	0.248862	0.251384	0.245953	0.253801	0.534375	
2255000	-461.286533	1	2	0	'0 1 0 0 1 0 0 1 	D	0.572346	0.024371	0.572346	0.572346	0.024371	0.572346	0.572346	0.024371	0.251634	0.263185	0.213020	0.272160	0.466688	
2256000	-461.134208	1	2	1	'0 1 0 0 0 1 0 Z 	D	0.549528	0.021353	0.549528	0.549528	0.549528	0.021353	0.549528	0.000000	0.251623	0.283174	0.151379	0.313824	0.331892	
2257000	-459.606683	1	2	1	'0 Z 0 0 0 0 0 1 	D	0.634447	0.000000	0.634447	0.634447	0.634447	0.634447	0.634447	0.028946	0.237450	0.250029	0.249947	0.262573	0.231186	
2258000	-460.739039	1	2	1	'0 1 0 0 0 0 0 Z 	D	0.531293	0.051351	0.531293	0.531293	0.531293	0.531293	0.531293	0.000000	0.238802	0.250412	0.248836	0.261949	0.357082	
2259000	-460.417851	1	2	0	'0 1 0 0 0 0 0 1 	D	0.582604	0.006298	0.582604	0.582604	0.582604	0.582604	0.582604	0.006298	0.235104	0.249701	0.250640	0.264555	0.259991	
2260000	-460.132798	1	2	2	'0 1 0 0 0 Z 0 Z 	D	0.695576	0.019823	0.695576	0.695576	0.695576	0.000000	0.695576	0.000000	0.256889	0.266739	0.200469	0.275903	0.163081	
2261000	-461.131381	1	2	1	'0 Z 0 0 0 0 0 1 	D	0.755002	0.000000	0.755002	0.755002	0.755002	0.755002	0.755002	0.055484	0.245729	0.250038	0.250014	0.254218	0.695063	
2262000	-460.488606	1	2	1	'0 Z 0 0 0 0 0 1 	D	0.739402	0.000000	0.739402	0.739402	0.739402	0.739402	0.739402	0.041746	0.244853	0.250030	0.250015	0.255103	0.560296	
2263000	-461.724874	1	2	3	'0 1 0 0 Z Z 0 Z 	D	0.658151	0.030614	0.658151	0.658151	0.000000	0.000000	0.658151	0.000000	0.277733	0.335331	0.000000	0.386937	0.436949	
2264000	-464.426845	1	2	2	'0 1 0 0 1 Z 0 Z 	D	0.472454	0.023181	0.472454	0.472454	0.023181	0.000000	0.472454	0.000000	0.235244	0.331890	0.000377	0.432490	0.392556	
2265000	-460.163237	1	2	1	'0 1 0 0 0 0 0 Z 	D	0.567274	0.021065	0.567274	0.567274	0.567274	0.567274	0.567274	0.000000	0.241595	0.249846	0.250667	0.257892	0.597211	
2266000	-461.285675	1	2	1	'0 1 0 0 0 1 0 Z 	D	0.640527	0.055317	0.640527	0.640527	0.640527	0.055317	0.640527	0.000000	0.245543	0.271716	0.186374	0.296367	0.912529	
2267000	-462.066686	1	2	2	'0 1 0 0 0 Z 0 Z 	D	0.635152	0.005497	0.635152	0.635152	0.635152	0.000000	0.635152	0.000000	0.261225	0.270708	0.188189	0.279878	0.860124	
2268000	-460.232997	1	3	1	'0 1 0 0 2 1 2 Z 	D	0.762061	0.029652	0.762061	0.762061	0.727221	0.029652	0.727221	0.000000	0.254430	0.260837	0.218011	0.266722	0.652588	
2269000	-460.740226	1	2	2	'0 1 0 0 Z 1 0 Z 	D	0.696306	0.017161	0.696306	0.696306	0.000000	0.017161	0.696306	0.000000	0.303812	0.334659	0.000419	0.361110	0.450533	
2270000	-460.874610	1	2	1	'0 1 0 0 0 1 0 Z 	D	0.592732	0.040092	0.592732	0.592732	0.592732	0.040092	0.592732	0.000000	0.246450	0.277588	0.168534	0.307429	0.606987	
2271000	-461.519294	1	2	0	'0 1 0 0 0 0 0 1 	D	0.492075	0.018728	0.492075	0.492075	0.492075	0.492075	0.492075	0.018728	0.223070	0.250888	0.246884	0.279158	0.431004	
2272000	-464.558970	1	2	1	'0 1 0 0 0 0 0 Z 	D	0.449615	0.065899	0.449615	0.449615	0.449615	0.449615	0.449615	0.000000	0.226121	0.252370	0.243410	0.278100	0.117156	
2273000	-461.601051	1	2	3	'0 1 0 0 Z Z 0 Z 	D	0.760128	0.021836	0.760128	0.760128	0.000000	0.000000	0.760128	0.000000	0.304307	0.335163	0.000000	0.360529	0.485370	
2274000	-462.285125	1	2	1	'0 1 0 0 0 0 0 Z 	D	0.477689	0.032426	0.477689	0.477689	0.477689	0.477689	0.477689	0.000000	0.231355	0.250954	0.247961	0.269730	0.283748	
2275000	-461.458057	1	2	2	'0 Z 0 0 Z 0 0 1 	D	0.653940	0.000000	0.653940	0.653940	0.000000	0.653940	0.653940	0.007452	0.244587	0.254467	0.236652	0.264294	0.234335	
2276000	-460.462709	1	2	2	'0 1 0 0 0 Z 0 Z 	D	0.749434	0.023667	0.749434	0.749434	0.749434	0.000000	0.749434	0.000000	0.255254	0.262350	0.213530	0.268865	0.839016	
2277000	-459.892478	1	2	1	'0 1 0 0 0 0 0 Z 	D	0.731478	0.046496	0.731478	0.731478	0.731478	0.731478	0.731478	0.000000	0.248304	0.249989	0.250000	0.251707	0.833339	
2278000	-459.576914	1	2	1	'0 1 0 0 0 0 0 Z 	D	0.603248	0.050174	0.603248	0.603248	0.603248	0.603248	0.603248	0.000000	0.244350	0.250062	0.249769	0.255818	0.498017	
2279000	-459.464717	1	2	1	'0 1 0 0 0 0 0 Z 	D	0.684096	0.034502	0.684096	0.684096	0.684096	0.684096	0.684096	0.000000	0.247318	0.249978	0.250051	0.252653	0.383756	
2280000	-459.619760	1	2	1	'0 1 0 0 0 0 0 Z 	D	0.676578	0.025855	0.676578	0.676578	0.676578	0.676578	0.676578	0.000000	0.247065	0.249952	0.250147	0.252835	0.239212	
2281000	-461.148254	1	2	2	'1 0 1 1 1 Z 1 Z 	D	0.562216	0.014357	0.562216	0.562216	0.562216	0.000000	0.562216	0.000000	0.257974	0.282894	0.152153	0.306979	0.218731	
2282000	-459.591754	1	2	1	'1 0 1 1 1 1 1 Z 	D	0.701829	0.044662	0.701829	0.701829	0.701829	0.701829	0.701829	0.000000	0.247763	0.249989	0.249999	0.252249	0.314904	
2283000	-461.068745	1	2	1	'1 0 1 1 1 0 1 Z 	D	0.560956	0.032133	0.560956	0.560956	0.560956	0.032133	0.560956	0.000000	0.246760	0.281894	0.155361	0.315985	0.376040	
2284000	-461.958139	1	2	2	'1 0 1 1 1 Z 1 Z 	D	0.700484	0.061992	0.700484	0.700484	0.700484	0.000000	0.700484	0.000000	0.249706	0.272174	0.185508	0.292613	0.467258	
2285000	-461.086173	1	2	1	'1 0 1 1 1 Z 1 0 	D	0.606811	0.023485	0.606811	0.606811	0.606811	0.000000	0.606811	0.023485	0.259629	0.277266	0.172134	0.290970	0.462011	
2286000	-460.127541	1	2	2	'1 0 1 1 1 Z 1 Z 	D	0.699606	0.020944	0.699606	0.699606	0.699606	0.000000	0.699606	0.000000	0.256638	0.266502	0.201199	0.275660	0.376872	
2287000	-461.136299	1	2	1	'1 0 1 1 1 0 1 Z 	D	0.573769	0.039479	0.573769	0.573769	0.573769	0.039479	0.573769	0.000000	0.244678	0.280205	0.160553	0.314565	0.681188	
2288000	-460.066595	1	2	0	'1 0 1 1 1 0 1 0 	D	0.582399	0.013618	0.582399	0.582399	0.582399	0.013618	0.582399	0.013618	0.258565	0.278331	0.167360	0.295744	0.191324	
2289000	-459.362221	1	2	1	'1 0 1 1 1 1 1 Z 	D	0.668179	0.040470	0.668179	0.668179	0.668179	0.668179	0.668179	0.000000	0.246917	0.249988	0.250008	0.253086	0.556035	
2290000	-459.991582	1	2	1	'1 Z 1 1 1 1 1 0 	D	0.707143	0.000000	0.707143	0.707143	0.707143	0.707143	0.707143	0.032768	0.243060	0.250022	0.250016	0.256901	0.259958	
2291000	-459.874647	1	2	1	'1 Z 1 1 1 1 1 0 	D	0.586000	0.000000	0.586000	0.586000	0.586000	0.586000	0.586000	0.023034	0.231253	0.249987	0.249843	0.268918	0.480825	
2292000	-460.397475	1	2	1	'1 0 1 1 Z 1 1 0 	D	0.781431	0.014391	0.781431	0.781431	0.000000	0.781431	0.781431	0.014391	0.250761	0.252903	0.241517	0.254819	0.810892	
2293000	-460.622108	1	2	3	'1 0 1 1 Z Z 1 Z 	D	0.666686	0.012167	0.666686	0.666686	0.000000	0.000000	0.666686	0.000000	0.306982	0.334479	0.000000	0.358539	0.228946	
2294000	-461.433712	1	2	1	'1 Z 1 1 0 0 1 0 	D	0.709514	0.000000	0.709514	0.709514	0.011292	0.011292	0.709514	0.011292	0.338046	0.334396	0.000614	0.326944	0.304790	
2295000	-461.465422	1	2	3	'1 Z 1 1 Z Z 1 0 	D	0.619228	0.000000	0.619228	0.619228	0.000000	0.000000	0.619228	0.009669	0.331119	0.334786	0.000000	0.334095	0.586045	
2296000	-461.969876	1	2	2	'1 0 1 1 Z Z 1 0 	D	0.724844	0.002311	0.724844	0.724844	0.000000	0.000000	0.724844	0.002311	0.326889	0.333852	0.000000	0.339259	0.183686	
2297000	-460.984340	1	2	1	'1 0 1 1 0 Z 1 0 	D	0.650424	0.011394	0.650424	0.650424	0.011394	0.000000	0.650424	0.011394	0.320683	0.336216	0.000147	0.342954	0.828154	
2298000	-459.689088	1	2	1	'1 0 1 1 1 1 1 Z 	D	0.594692	0.051967	0.594692	0.594692	0.594692	0.594692	0.594692	0.000000	0.243875	0.250085	0.249697	0.256342	0.697867	
2299000	-459.329914	1	2	1	'1 0 1 1 1 1 1 Z 	D	0.655132	0.041921	0.655132	0.655132	0.655132	0.655132	0.655132	0.000000	0.246521	0.249994	0.249989	0.253496	0.895126	
2300000	-461.816672	1	2	2	'1 0 1 1 1 Z 1 Z 	D	0.588324	0.050934	0.588324	0.588324	0.588324	0.000000	0.588324	0.000000	0.243167	0.286203	0.143038	0.327592	0.604289	
2301000	-460.145824	1	2	2	'1 0 1 1 1 Z 1 Z 	D	0.687338	0.030001	0.687338	0.687338	0.687338	0.000000	0.687338	0.000000	0.255258	0.269170	0.193563	0.282009	0.408159	
2302000	-460.616302	1	2	1	'1 0 1 1 1 1 1 Z 	D	0.633673	0.084893	0.633673	0.633673	0.633673	0.633673	0.633673	0.000000	0.245794	0.250034	0.249721	0.254450	0.729973	
2303000	-459.436504	1	2	1	'1 0 1 1 1 1 1 Z 	D	0.645235	0.027828	0.645235	0.645235	0.645235	0.645235	0.645235	0.000000	0.246079	0.249952	0.250161	0.253807	0.388207	
2304000	-460.178077	1	2	1	'1 Z 1 1 1 1 1 0 	D	0.667763	0.000000	0.667763	0.667763	0.667763	0.667763	0.667763	0.015766	0.239733	0.249926	0.250167	0.260174	0.893389	
2305000	-462.320800	1	2	2	'1 Z 1 1 Z 0 1 0 	D	0.549563	0.000000	0.549563	0.549563	0.000000	0.011053	0.549563	0.011053	0.324468	0.335346	0.000162	0.340023	0.332791	
2306000	-459.902537	1	2	1	'1 Z 1 1 1 1 1 0 	D	0.617744	0.000000	0.617744	0.617744	0.617744	0.617744	0.617744	0.042331	0.236585	0.250133	0.249796	0.263486	0.828712	
2307000	-460.890702	1	2	2	'1 Z 1 1 Z 1 1 0 	D	0.749576	0.000000	0.749576	0.749576	0.000000	0.749576	0.749576	0.017998	0.249792	0.253035	0.241089	0.256084	0.500719	
2308000	-459.438501	1	2	1	'1 0 1 1 1 1 1 Z 	D	0.665659	0.029989	0.665659	0.665659	0.665659	0.665659	0.665659	0.000000	0.246783	0.249965	0.250105	0.253147	0.461752	
2309000	-460.456819	1	2	1	'1 0 1 1 1 1 1 Z 	D	0.774869	0.037770	0.774869	0.774869	0.774869	0.774869	0.774869	0.000000	0.248842	0.249989	0.250014	0.251155	0.766119	
2310000	-461.787130	1	2	2	'1 Z 1 1 Z 1 1 0 	D	0.650303	0.000000	0.650303	0.650303	0.000000	0.650303	0.650303	0.045384	0.264686	0.263231	0.212189	0.259894	0.593063	
2311000	-460.176780	1	2	2	'1 0 1 1 1 Z 1 Z 	D	0.682155	0.031474	0.682155	0.682155	0.682155	0.000000	0.682155	0.000000	0.254975	0.269978	0.191218	0.283830	0.787550	
2312000	-459.671716	1	2	1	'1 Z 1 1 1 1 1 0 	D	0.645295	0.000000	0.645295	0.645295	0.645295	0.645295	0.645295	0.035138	0.238794	0.250059	0.249934	0.261214	0.192777	
2313000	-460.701629	1	2	3	'1 0 1 1 Z Z 1 Z 	D	0.630850	0.017512	0.630850	0.630850	0.000000	0.000000	0.630850	0.000000	0.292931	0.334749	0.000000	0.372320	0.549657	
2314000	-462.070320	1	2	2	'1 Z 1 1 Z 0 1 0 	D	0.567429	0.000000	0.567429	0.567429	0.000000	0.009188	0.567429	0.009188	0.323394	0.334901	0.000113	0.341592	0.198273	
2315000	-460.406071	1	2	0	'1 0 1 1 1 1 1 0 	D	0.549531	0.026515	0.549531	0.549531	0.549531	0.549531	0.549531	0.026515	0.233789	0.250362	0.248783	0.267066	0.672051	
2316000	-459.909264	1	2	0	'1 0 1 1 0 1 1 0 	D	0.699903	0.018518	0.699903	0.699903	0.018518	0.699903	0.699903	0.018518	0.251254	0.255326	0.234629	0.258790	0.169508	
2317000	-460.059548	1	2	1	'1 0 1 1 Z 1 1 0 	D	0.757802	0.012765	0.757802	0.757802	0.000000	0.757802	0.757802	0.012765	0.250743	0.253444	0.239916	0.255898	0.382366	
2318000	-460.015089	1	2	1	'1 Z 1 1 1 1 1 0 	D	0.605356	0.000000	0.605356	0.605356	0.605356	0.605356	0.605356	0.043582	0.235340	0.250168	0.249714	0.264778	0.303976	
2319000	-460.445547	1	2	2	'1 Z 1 1 Z 1 1 0 	D	0.643489	0.000000	0.643489	0.643489	0.000000	0.643489	0.643489	0.020959	0.252281	0.258844	0.224216	0.264659	0.630468	
2320000	-460.119987	1	2	1	'1 0 1 1 1 1 1 Z 	D	0.585998	0.063371	0.585998	0.585998	0.585998	0.585998	0.585998	0.000000	0.243365	0.250128	0.249506	0.257001	0.696814	
2321000	-459.669624	1	2	1	'1 0 1 1 1 1 1 Z 	D	0.634559	0.059648	0.634559	0.634559	0.634559	0.634559	0.634559	0.000000	0.245830	0.250028	0.249831	0.254311	0.884405	
2322000	-460.927069	1	2	1	'1 0 1 1 1 1 1 Z 	D	0.690708	0.012215	0.690708	0.690708	0.690708	0.690708	0.690708	0.000000	0.247262	0.249854	0.250464	0.252419	0.508894	
2323000	-460.368817	1	2	1	'1 0 1 1 1 1 1 Z 	D	0.769614	0.044401	0.769614	0.769614	0.769614	0.769614	0.769614	0.000000	0.248799	0.249991	0.250005	0.251206	0.167608	
2324000	-459.726065	1	2	1	'1 Z 1 1 1 1 1 0 	D	0.635440	0.000000	0.635440	0.635440	0.635440	0.635440	0.635440	0.037819	0.238048	0.250082	0.249892	0.261978	0.294975	
2325000	-461.684875	1	2	1	'1 Z 1 1 1 1 1 0 	D	0.785060	0.000000	0.785060	0.785060	0.785060	0.785060	0.785060	0.015559	0.246025	0.249987	0.250050	0.253937	0.592681	
2326000	-460.229018	1	2	0	'1 0 1 1 1 1 1 0 	D	0.590249	0.031535	0.590249	0.590249	0.590249	0.590249	0.590249	0.031535	0.238767	0.250184	0.249394	0.261655	0.294545	
2327000	-459.642658	1	2	1	'1 Z 1 1 1 1 1 0 	D	0.614736	0.000000	0.614736	0.614736	0.614736	0.614736	0.614736	0.028818	0.235368	0.250041	0.249881	0.264710	0.247032	
2328000	-462.749618	1	2	1	'1 Z 1 1 0 1 1 0 	D	0.637404	0.000000	0.637404	0.637404	0.060096	0.637404	0.637404	0.060096	0.263520	0.260630	0.220087	0.255763	0.185871	
2329000	-459.683828	1	2	1	'1 Z 1 1 1 1 1 0 	D	0.646642	0.000000	0.646642	0.646642	0.646642	0.646642	0.646642	0.035711	0.238940	0.250060	0.249935	0.261065	0.390779	
2330000	-462.862123	1	2	2	'1 Z 1 1 Z 1 1 0 	D	0.664072	0.000000	0.664072	0.664072	0.000000	0.664072	0.664072	0.058162	0.269556	0.264346	0.209183	0.256915	0.866123	
2331000	-459.483963	1	2	0	'1 0 1 1 0 1 1 0 	D	0.620798	0.010175	0.620798	0.620798	0.010175	0.620798	0.620798	0.010175	0.249642	0.258926	0.223855	0.267577	0.179174	
2332000	-461.035908	1	2	3	'1 0 1 1 Z Z 1 Z 	D	0.585764	0.017031	0.585764	0.585764	0.000000	0.000000	0.585764	0.000000	0.284656	0.334506	0.000000	0.380838	0.183516	
2333000	-460.819893	1	2	1	'1 0 1 1 0 0 1 Z 	D	0.683817	0.020749	0.683817	0.683817	0.020749	0.020749	0.683817	0.000000	0.297880	0.334267	0.002011	0.365843	0.180140	
2334000	-460.100369	1	2	1	'1 0 1 1 1 0 1 Z 	D	0.674165	0.032147	0.674165	0.674165	0.674165	0.032147	0.674165	0.000000	0.252905	0.267558	0.198334	0.281204	0.693413	
2335000	-459.614050	1	2	1	'1 0 1 1 Z 1 1 0 	D	0.609154	0.012753	0.609154	0.609154	0.000000	0.609154	0.609154	0.012753	0.251077	0.260992	0.218032	0.269899	0.719027	
2336000	-461.238804	1	2	2	'1 0 1 1 Z 0 1 Z 	D	0.567851	0.015453	0.567851	0.567851	0.000000	0.015453	0.567851	0.000000	0.284395	0.334201	0.000370	0.381035	0.346166	
2337000	-461.078901	1	2	1	'1 0 1 1 0 0 1 Z 	D	0.577369	0.014549	0.577369	0.577369	0.014549	0.014549	0.577369	0.000000	0.288756	0.334007	0.001006	0.376231	0.332274	
2338000	-459.444812	1	2	1	'1 0 1 1 1 1 1 Z 	D	0.600106	0.035664	0.600106	0.600106	0.600106	0.600106	0.600106	0.000000	0.244084	0.250016	0.249984	0.255916	0.460882	
2339000	-461.860791	1	2	1	'1 0 1 1 1 0 1 Z 	D	0.566071	0.008385	0.566071	0.566071	0.566071	0.008385	0.566071	0.000000	0.260268	0.279732	0.161380	0.298619	0.517055	
2340000	-461.096260	1	2	1	'1 0 1 1 1 0 1 Z 	D	0.756400	0.046672	0.756400	0.756400	0.756400	0.046672	0.756400	0.000000	0.251132	0.260817	0.218397	0.269654	0.340131	
2341000	-460.185495	1	2	1	'1 0 1 1 1 1 1 Z 	D	0.756431	0.044661	0.756431	0.756431	0.756431	0.756431	0.756431	0.000000	0.248647	0.249990	0.250005	0.251359	0.444141	
2342000	-460.204208	1	2	1	'1 0 1 1 1 1 1 Z 	D	0.576015	0.062080	0.576015	0.576015	0.576015	0.576015	0.576015	0.000000	0.242697	0.250162	0.249414	0.257727	0.106902	
2343000	-460.241005	1	2	1	'1 0 1 1 Z 1 1 0 	D	0.766080	0.015097	0.766080	0.766080	0.000000	0.766080	0.766080	0.015097	0.251004	0.253424	0.240012	0.255560	0.646975	
2344000	-460.428142	1	2	1	'1 Z 1 1 1 1 1 0 	D	0.662701	0.000000	0.662701	0.662701	0.662701	0.662701	0.662701	0.055917	0.241120	0.250110	0.249934	0.258836	0.248273	
2345000	-461.256566	1	2	1	'1 0 1 1 1 1 1 Z 	D	0.526380	0.063125	0.526380	0.526380	0.526380	0.526380	0.526380	0.000000	0.238272	0.250506	0.248436	0.262786	0.536205	
2346000	-462.306542	1	2	3	'1 0 1 1 Z Z 1 Z 	D	0.635488	0.003855	0.635488	0.635488	0.000000	0.000000	0.635488	0.000000	0.317371	0.333762	0.000000	0.348867	0.362915	
2347000	-461.492470	1	2	2	'1 0 1 1 0 Z 1 Z 	D	0.559627	0.019069	0.559627	0.559627	0.019069	0.000000	0.559627	0.000000	0.274983	0.334170	0.000320	0.390527	0.962318	
2348000	-461.575362	1	2	2	'1 0 1 1 0 Z 1 Z 	D	0.681811	0.029436	0.681811	0.681811	0.029436	0.000000	0.681811	0.000000	0.285506	0.335089	0.000802	0.378602	0.456208	
2349000	-460.612301	1	2	1	'1 0 1 1 Z 0 1 0 	D	0.613646	0.008211	0.613646	0.613646	0.000000	0.008211	0.613646	0.008211	0.316958	0.335567	0.000093	0.347383	0.635373	
2350000	-462.584231	1	2	1	'0 1 0 0 Z 1 0 1 	D	0.646520	0.017914	0.646520	0.646520	0.000000	0.017914	0.646520	0.017914	0.319819	0.337798	0.000428	0.341954	0.485547	
2351000	-461.212638	1	2	2	'1 0 1 1 0 Z 1 Z 	D	0.726539	0.008513	0.726539	0.726539	0.008513	0.000000	0.726539	0.000000	0.318012	0.334127	0.000081	0.347780	0.289453	
2352000	-460.002968	1	2	1	'1 0 1 1 1 1 1 Z 	D	0.624159	0.017585	0.624159	0.624159	0.624159	0.624159	0.624159	0.000000	0.245026	0.249823	0.250608	0.254543	0.327788	
2353000	-460.763920	1	2	1	'1 0 1 1 1 1 1 Z 	D	0.660445	0.089354	0.660445	0.660445	0.660445	0.660445	0.660445	0.000000	0.246747	0.250010	0.249817	0.253426	0.190130	
2354000	-461.376803	1	2	1	'1 Z 1 1 1 1 1 0 	D	0.506879	0.000000	0.506879	0.506879	0.506879	0.506879	0.506879	0.025831	0.217014	0.250349	0.248148	0.284489	0.956386	
2355000	-459.878550	1	2	0	'1 0 1 1 1 1 1 0 	D	0.569392	0.009892	0.569392	0.569392	0.569392	0.569392	0.569392	0.009892	0.234081	0.249934	0.249924	0.266062	0.296838	
2356000	-459.743105	1	2	0	'1 0 1 1 1 1 1 0 	D	0.580576	0.010013	0.580576	0.580576	0.580576	0.580576	0.580576	0.010013	0.235473	0.249931	0.249977	0.264619	0.630690	
2357000	-460.769476	1	2	1	'1 0 1 1 1 1 1 Z 	D	0.787126	0.056450	0.787126	0.787126	0.787126	0.787126	0.787126	0.000000	0.248991	0.249993	0.249994	0.251022	0.252619	
2358000	-460.681383	1	2	1	'1 0 1 1 1 1 1 Z 	D	0.523922	0.035319	0.523922	0.523922	0.523922	0.523922	0.523922	0.000000	0.237845	0.250332	0.249298	0.262526	0.253166	
2359000	-460.575535	1	2	1	'1 Z 1 1 1 1 1 0 	D	0.705061	0.000000	0.705061	0.705061	0.705061	0.705061	0.705061	0.054493	0.243599	0.250064	0.249994	0.256343	0.847877	
2360000	-460.206805	1	2	1	'1 0 1 1 1 1 1 Z 	D	0.685047	0.074134	0.685047	0.685047	0.685047	0.685047	0.685047	0.000000	0.247432	0.250000	0.249907	0.252662	0.919940	
2361000	-460.289851	1	2	1	'1 0 1 1 Z 1 1 0 	D	0.750284	0.007114	0.750284	0.750284	0.000000	0.750284	0.750284	0.007114	0.249538	0.252694	0.242026	0.255742	0.309756	
2362000	-460.056261	1	2	1	'1 0 1 1 1 0 1 Z 	D	0.651931	0.029843	0.651931	0.651931	0.651931	0.029843	0.651931	0.000000	0.253152	0.269882	0.191404	0.285563	0.781083	
2363000	-460.504914	1	2	1	'0 1 0 0 0 0 0 Z 	D	0.530850	0.035927	0.530850	0.530850	0.530850	0.530850	0.530850	0.000000	0.238616	0.250283	0.249396	0.261705	0.465810	
2364000	-461.114144	1	2	1	'0 1 0 0 0 0 0 Z 	D	0.514593	0.024331	0.514593	0.514593	0.514593	0.514593	0.514593	0.000000	0.236406	0.250124	0.250127	0.263343	0.197694	
2365000	-460.295118	1	2	0	'0 1 0 0 1 0 0 1 	D	0.758392	0.017599	0.758392	0.758392	0.017599	0.758392	0.758392	0.017599	0.250746	0.253222	0.240653	0.255379	0.395497	
2366000	-459.316906	1	2	1	'0 1 0 0 0 0 0 Z 	D	0.650666	0.035577	0.650666	0.650666	0.650666	0.650666	0.650666	0.000000	0.246336	0.249982	0.250045	0.253637	0.846294	
2367000	-459.900059	1	2	1	'0 1 0 0 0 0 0 Z 	D	0.734646	0.040461	0.734646	0.734646	0.734646	0.734646	0.734646	0.000000	0.248338	0.249987	0.250014	0.251661	0.735986	
2368000	-460.917569	1	2	1	'0 Z 0 0 1 0 0 1 	D	0.582219	0.000000	0.582219	0.582219	0.023016	0.582219	0.582219	0.023016	0.250666	0.261455	0.216946	0.270933	0.379718	
2369000	-460.454826	1	2	1	'0 1 0 0 Z 1 0 1 	D	0.657631	0.005848	0.657631	0.657631	0.000000	0.005848	0.657631	0.005848	0.321898	0.334797	0.000046	0.343260	0.700806	
2370000	-460.854899	1	2	2	'0 1 0 0 0 Z 0 Z 	D	0.669746	0.045860	0.669746	0.669746	0.669746	0.000000	0.669746	0.000000	0.251708	0.273680	0.180667	0.293945	0.294667	
2371000	-459.491811	1	2	1	'0 1 0 0 Z 0 0 1 	D	0.624381	0.012111	0.624381	0.624381	0.000000	0.624381	0.624381	0.012111	0.251087	0.259845	0.221293	0.267775	0.243444	
2372000	-462.858728	1	2	1	'0 1 0 0 0 1 0 Z 	D	0.609850	0.074913	0.609850	0.609850	0.609850	0.074913	0.609850	0.000000	0.236819	0.275135	0.176019	0.312027	0.551724	
2373000	-459.659081	1	2	0	'0 1 0 0 0 1 0 1 	D	0.660607	0.014127	0.660607	0.660607	0.660607	0.014127	0.660607	0.014127	0.258317	0.268530	0.195884	0.277269	0.758582	
2374000	-460.927258	1	2	2	'0 Z 0 0 Z 0 0 1 	D	0.626844	0.000000	0.626844	0.626844	0.000000	0.626844	0.626844	0.031473	0.258603	0.262338	0.214496	0.264563	0.689563	
2375000	-460.496417	1	2	0	'0 1 0 0 0 0 0 1 	D	0.736431	0.031798	0.736431	0.736431	0.736431	0.736431	0.736431	0.031798	0.246661	0.250008	0.249967	0.253364	0.570731	
2376000	-459.489562	1	2	1	'0 1 0 0 0 0 0 Z 	D	0.678715	0.048734	0.678715	0.678715	0.678715	0.678715	0.678715	0.000000	0.247235	0.249995	0.249971	0.252799	0.899148	
2377000	-459.464362	1	2	1	'0 1 0 0 0 0 0 Z 	D	0.670680	0.049373	0.670680	0.670680	0.670680	0.670680	0.670680	0.000000	0.247020	0.249997	0.249960	0.253022	0.439194	
2378000	-460.250966	1	2	1	'0 1 0 0 0 1 0 Z 	D	0.608932	0.027542	0.608932	0.608932	0.608932	0.027542	0.608932	0.000000	0.252585	0.275041	0.175993	0.296381	0.420120	
2379000	-460.011305	1	2	1	'0 Z 0 0 0 0 0 1 	D	0.702819	0.000000	0.702819	0.702819	0.702819	0.702819	0.702819	0.037484	0.242964	0.250035	0.250006	0.256995	0.929538	
2380000	-460.257491	1	2	1	'0 1 0 0 0 1 0 Z 	D	0.658650	0.036713	0.658650	0.658650	0.658650	0.036713	0.658650	0.000000	0.251442	0.269365	0.193082	0.286111	0.298981	
2381000	-463.942150	1	2	0	'0 1 0 0 0 0 0 1 	D	0.706701	0.066815	0.706701	0.706701	0.706701	0.706701	0.706701	0.066815	0.246750	0.250034	0.249909	0.253307	0.450151	
2382000	-464.541157	1	2	1	'0 Z 0 0 1 1 0 1 	D	0.480717	0.000000	0.480717	0.480717	0.009378	0.009378	0.480717	0.009378	0.302973	0.335455	0.000423	0.361149	0.583531	
2383000	-461.497910	1	2	2	'0 Z 0 0 Z 1 0 1 	D	0.611406	0.000000	0.611406	0.611406	0.000000	0.009914	0.611406	0.009914	0.330488	0.334787	0.000127	0.334598	0.499754	
2384000	-460.592722	1	2	0	'0 1 0 0 1 0 0 1 	D	0.572601	0.019342	0.572601	0.572601	0.019342	0.572601	0.572601	0.019342	0.250558	0.262940	0.213195	0.273307	0.431913	
2385000	-459.758748	1	2	0	'0 1 0 0 1 0 0 1 	D	0.613149	0.015969	0.613149	0.613149	0.015969	0.613149	0.613149	0.015969	0.250748	0.259842	0.221618	0.267792	0.469297	
2386000	-462.850269	1	2	1	'0 1 0 0 0 0 0 Z 	D	0.565402	0.113669	0.565402	0.565402	0.565402	0.565402	0.565402	0.000000	0.241636	0.250207	0.248864	0.259292	0.193144	
2387000	-461.146460	1	2	1	'0 Z 0 0 0 0 0 1 	D	0.577483	0.000000	0.577483	0.577483	0.577483	0.577483	0.577483	0.060638	0.233407	0.250390	0.249383	0.266819	0.521743	
2388000	-460.781365	1	2	2	'0 1 0 0 1 Z 0 Z 	D	0.607781	0.016407	0.607781	0.607781	0.016407	0.000000	0.607781	0.000000	0.291155	0.334494	0.000259	0.374092	0.492562	
2389000	-460.514851	1	2	1	'0 1 0 0 0 1 0 Z 	D	0.632428	0.040459	0.632428	0.632428	0.632428	0.040459	0.632428	0.000000	0.249276	0.272495	0.183850	0.294379	0.716546	
2390000	-461.295129	1	2	2	'0 1 0 0 0 Z 0 Z 	D	0.565435	0.036362	0.565435	0.565435	0.565435	0.000000	0.565435	0.000000	0.246865	0.287051	0.140108	0.325977	0.262215	
2391000	-460.258476	1	2	0	'0 1 0 0 0 0 0 1 	D	0.645388	0.006327	0.645388	0.645388	0.645388	0.645388	0.645388	0.006327	0.241135	0.249841	0.250379	0.258644	0.991537	
2392000	-460.236570	1	2	1	'0 1 0 0 Z 0 0 1 	D	0.597997	0.018730	0.597997	0.597997	0.000000	0.597997	0.597997	0.018730	0.252671	0.262695	0.213679	0.270954	0.226524	
2393000	-462.042933	1	2	0	'0 1 0 0 0 0 0 1 	D	0.516726	0.034991	0.516726	0.516726	0.516726	0.516726	0.516726	0.034991	0.230373	0.250813	0.247586	0.271228	0.756075	
2394000	-460.834650	1	2	1	'0 Z 0 0 0 0 0 1 	D	0.770062	0.000000	0.770062	0.770062	0.770062	0.770062	0.770062	0.027267	0.245727	0.250006	0.250027	0.254240	0.663000	
2395000	-461.615896	1	2	1	'0 1 0 0 0 0 0 Z 	D	0.494832	0.038311	0.494832	0.494832	0.494832	0.494832	0.494832	0.000000	0.234157	0.250753	0.248237	0.266854	0.774936	
2396000	-460.873000	1	2	1	'0 1 0 0 0 0 0 Z 	D	0.579809	0.080048	0.579809	0.579809	0.579809	0.579809	0.579809	0.000000	0.242929	0.250159	0.249301	0.257610	0.557361	
2397000	-459.500867	1	2	1	'0 1 0 0 0 0 0 Z 	D	0.690680	0.043596	0.690680	0.690680	0.690680	0.690680	0.690680	0.000000	0.247514	0.249989	0.250000	0.252497	0.828084	
2398000	-460.000588	1	2	1	'0 1 0 0 0 0 0 Z 	D	0.622309	0.017648	0.622309	0.622309	0.622309	0.622309	0.622309	0.000000	0.244939	0.249821	0.250617	0.254623	0.214928	
2399000	-462.814104	1	2	1	'0 1 0 0 0 0 0 Z 	D	0.488062	0.069189	0.488062	0.488062	0.488062	0.488062	0.488062	0.000000	0.233147	0.251134	0.246614	0.269105	0.210936	
2400000	-460.132767	1	2	1	'0 1 0 0 0 0 0 Z 	D	0.547945	0.033614	0.547945	0.547945	0.547945	0.547945	0.547945	0.000000	0.240268	0.250145	0.249749	0.259838	0.935843	
2401000	-459.500131	1	2	1	'0 1 0 0 0 0 0 Z 	D	0.689949	0.044130	0.689949	0.689949	0.689949	0.689949	0.689949	0.000000	0.247499	0.249989	0.249997	0.252515	0.973140	
2402000	-462.383347	1	2	1	'0 1 0 0 0 1 0 Z 	D	0.547689	0.007697	0.547689	0.547689	0.547689	0.007697	0.547689	0.000000	0.260159	0.282441	0.153249	0.304151	0.213502	
2403000	-460.853494	1	2	1	'0 Z 0 0 0 0 0 1 	D	0.773629	0.000000	0.773629	0.773629	0.773629	0.773629	0.773629	0.033114	0.245952	0.250013	0.250021	0.254014	0.101364	
2404000	-463.208809	1	2	2	'0 Z 0 0 Z 0 0 1 	D	0.754076	0.000000	0.754076	0.754076	0.000000	0.754076	0.754076	0.060862	0.261480	0.258221	0.226446	0.253852	0.585671	
2405000	-459.526337	1	2	0	'0 1 0 0 0 0 0 1 	D	0.574998	0.016686	0.574998	0.574998	0.574998	0.574998	0.574998	0.016686	0.235681	0.250107	0.249490	0.264721	0.335476	
2406000	-460.150769	1	2	1	'0 Z 0 0 0 0 0 1 	D	0.596281	0.000000	0.596281	0.596281	0.596281	0.596281	0.596281	0.015758	0.232014	0.249828	0.250217	0.267942	0.421945	
2407000	-460.844417	1	2	1	'0 1 0 0 0 Z 0 1 	D	0.768260	0.018964	0.768260	0.768260	0.768260	0.000000	0.768260	0.018964	0.256065	0.260361	0.219884	0.263691	0.319096	
2408000	-460.018710	1	2	1	'0 1 0 0 0 Z 0 1 	D	0.726055	0.014343	0.726055	0.726055	0.726055	0.000000	0.726055	0.014343	0.257509	0.263431	0.210709	0.268352	0.983636	
2409000	-460.323483	1	2	2	'0 1 0 0 0 Z 0 Z 	D	0.603084	0.021375	0.603084	0.603084	0.603084	0.000000	0.603084	0.000000	0.256503	0.278349	0.166026	0.299122	0.913104	
2410000	-460.015185	1	2	1	'0 Z 0 0 0 0 0 1 	D	0.661971	0.000000	0.661971	0.661971	0.661971	0.661971	0.661971	0.017409	0.239334	0.249938	0.250135	0.260592	0.590884	
2411000	-463.579178	1	2	2	'0 1 0 0 0 Z 0 Z 	D	0.865109	0.063892	0.865109	0.865109	0.865109	0.000000	0.865109	0.000000	0.251533	0.258118	0.226457	0.263892	0.413805	
2412000	-461.773906	1	2	0	'0 1 0 0 0 0 0 1 	D	0.593471	0.046197	0.593471	0.593471	0.593471	0.593471	0.593471	0.046197	0.240242	0.250226	0.249351	0.260180	0.283235	
2413000	-462.547999	1	2	2	'0 1 0 0 0 Z 0 Z 	D	0.510946	0.032155	0.510946	0.510946	0.510946	0.000000	0.510946	0.000000	0.239913	0.294959	0.115131	0.349996	0.188626	
2414000	-461.304591	1	2	2	'0 1 0 0 1 Z 0 Z 	D	0.694544	0.006785	0.694544	0.694544	0.006785	0.000000	0.694544	0.000000	0.318017	0.334001	0.000052	0.347931	0.532944	
2415000	-460.689421	1	2	1	'0 1 0 0 1 1 0 Z 	D	0.689045	0.017367	0.689045	0.689045	0.017367	0.017367	0.689045	0.000000	0.302984	0.334291	0.001424	0.361301	0.478094	
2416000	-460.036697	1	2	1	'0 1 0 0 Z 0 0 1 	D	0.640347	0.019638	0.640347	0.640347	0.000000	0.640347	0.640347	0.019638	0.252994	0.259792	0.221919	0.265295	0.894039	
2417000	-462.233821	1	2	2	'0 Z 0 0 1 Z 0 1 	D	0.640016	0.000000	0.640016	0.640016	0.025759	0.000000	0.640016	0.025759	0.357561	0.335957	0.000862	0.305620	0.954401	
2418000	-461.409004	1	2	1	'0 Z 0 0 1 1 0 1 	D	0.634933	0.000000	0.634933	0.634933	0.017185	0.017185	0.634933	0.017185	0.343286	0.335037	0.001395	0.320282	0.885769	
2419000	-461.055352	1	2	2	'0 1 0 0 Z Z 0 1 	D	0.574443	0.008724	0.574443	0.574443	0.000000	0.000000	0.574443	0.008724	0.311039	0.335985	0.000000	0.352976	0.364891	
2420000	-461.589987	1	2	2	'0 Z 0 0 Z 0 0 1 	D	0.719904	0.000000	0.719904	0.719904	0.000000	0.719904	0.719904	0.042948	0.258570	0.257965	0.227046	0.256418	0.553988	
2421000	-463.810800	1	2	0	'0 1 0 0 0 0 0 1 	D	0.485252	0.040164	0.485252	0.485252	0.485252	0.485252	0.485252	0.040164	0.226012	0.251545	0.245723	0.276721	0.717388	
2422000	-460.393363	1	2	1	'0 Z 0 0 1 0 0 1 	D	0.682206	0.000000	0.682206	0.682206	0.024579	0.682206	0.682206	0.024579	0.251120	0.255481	0.234078	0.259320	0.312469	
2423000	-460.546570	1	2	1	'0 Z 0 0 1 0 0 1 	D	0.720752	0.000000	0.720752	0.720752	0.021200	0.720752	0.720752	0.021200	0.249783	0.253521	0.239719	0.256976	0.542948	
2424000	-460.253653	1	2	1	'0 1 0 0 0 0 0 Z 	D	0.748252	0.057317	0.748252	0.748252	0.748252	0.748252	0.748252	0.000000	0.248564	0.249992	0.249986	0.251459	0.888724	
2425000	-459.271458	1	2	0	'0 1 0 0 0 0 0 1 	D	0.642876	0.013312	0.642876	0.642876	0.642876	0.642876	0.642876	0.013312	0.241541	0.249981	0.249979	0.258499	0.595873	
2426000	-460.250578	1	2	2	'0 1 0 0 0 Z 0 Z 	D	0.647741	0.015460	0.647741	0.647741	0.647741	0.000000	0.647741	0.000000	0.258602	0.271321	0.186743	0.283335	0.350242	
2427000	-460.973776	1	2	1	'0 1 0 0 1 1 0 Z 	D	0.605913	0.009670	0.605913	0.605913	0.009670	0.009670	0.605913	0.000000	0.303175	0.334056	0.000452	0.362317	0.709849	
2428000	-464.405918	1	2	1	'0 1 0 0 1 1 0 Z 	D	0.470846	0.022511	0.470846	0.470846	0.022511	0.022511	0.470846	0.000000	0.238197	0.331437	0.002322	0.428044	0.281779	
2429000	-461.199706	1	2	1	'0 1 0 0 1 1 0 Z 	D	0.576011	0.019236	0.576011	0.576011	0.019236	0.019236	0.576011	0.000000	0.279968	0.333843	0.001731	0.384459	0.895557	
2430000	-462.106447	1	2	2	'0 1 0 0 0 Z 0 Z 	D	0.860035	0.035477	0.860035	0.860035	0.860035	0.000000	0.860035	0.000000	0.252574	0.256498	0.230913	0.260015	0.324568	
2431000	-463.079273	1	2	3	'0 1 0 0 Z Z 0 Z 	D	0.875408	0.011121	0.875408	0.875408	0.000000	0.000000	0.875408	0.000000	0.322395	0.334267	0.000000	0.343338	0.719307	
2432000	-462.026326	1	2	1	'0 1 0 0 0 1 0 Z 	D	0.810118	0.053710	0.810118	0.810118	0.810118	0.053710	0.810118	0.000000	0.250697	0.257655	0.227701	0.263947	0.435365	
2433000	-461.308951	1	2	1	'0 Z 0 0 0 0 0 1 	D	0.688418	0.000000	0.688418	0.688418	0.688418	0.688418	0.688418	0.071076	0.243247	0.250105	0.249975	0.256674	0.337367	
2434000	-461.668493	1	2	1	'0 1 0 0 Z 0 0 1 	D	0.863923	0.013206	0.863923	0.863923	0.000000	0.863923	0.863923	0.013206	0.250018	0.251087	0.246812	0.252083	0.849237	
2435000	-459.921803	1	2	1	'0 Z 0 0 0 0 0 1 	D	0.597600	0.000000	0.597600	0.597600	0.597600	0.597600	0.597600	0.039183	0.234118	0.250156	0.249680	0.266046	0.263467	
2436000	-459.423568	1	2	0	'0 1 0 0 0 0 0 1 	D	0.649580	0.011257	0.649580	0.649580	0.649580	0.649580	0.649580	0.011257	0.241852	0.249958	0.250049	0.258140	0.977938	
2437000	-459.631159	1	2	1	'0 1 0 0 0 Z 0 1 	D	0.682030	0.009584	0.682030	0.682030	0.682030	0.000000	0.682030	0.009584	0.259054	0.267308	0.198975	0.274664	0.962066	
2438000	-459.648698	1	2	1	'0 1 0 0 0 0 0 Z 	D	0.622492	0.022715	0.622492	0.622492	0.622492	0.622492	0.622492	0.000000	0.245060	0.249902	0.250354	0.254684	0.445385	
2439000	-462.619134	1	2	2	'0 1 0 0 0 Z 0 Z 	D	0.501856	0.018558	0.501856	0.501856	0.501856	0.000000	0.501856	0.000000	0.248765	0.293605	0.119614	0.338016	0.247737	
2440000	-460.082526	1	2	1	'0 1 0 0 0 Z 0 1 	D	0.574919	0.011455	0.574919	0.574919	0.574919	0.000000	0.574919	0.011455	0.260006	0.280951	0.159286	0.299757	0.884335	
2441000	-459.942003	1	2	0	'0 1 0 0 0 0 0 1 	D	0.735902	0.014981	0.735902	0.735902	0.735902	0.735902	0.735902	0.014981	0.246161	0.249990	0.250011	0.253837	0.238664	
2442000	-461.723514	1	2	2	'0 Z 0 0 Z 0 0 1 	D	0.655670	0.000000	0.655670	0.655670	0.000000	0.655670	0.655670	0.044918	0.263997	0.262705	0.213658	0.259640	0.500609	
2443000	-460.068166	1	2	1	'0 Z 0 0 0 0 0 1 	D	0.570999	0.000000	0.570999	0.570999	0.570999	0.570999	0.570999	0.033985	0.230104	0.250180	0.249460	0.270257	0.431794	
2444000	-462.671894	1	2	0	'0 1 0 0 0 0 0 1 	D	0.852313	0.037483	0.852313	0.852313	0.852313	0.852313	0.852313	0.037483	0.248797	0.250001	0.249996	0.251206	0.543047	
2445000	-460.552094	1	2	1	'0 Z 0 0 1 0 0 1 	D	0.611232	0.000000	0.611232	0.611232	0.018333	0.611232	0.611232	0.018333	0.248656	0.258700	0.224617	0.268028	0.141215	
2446000	-459.943182	1	2	1	'0 Z 0 0 0 0 0 1 	D	0.651057	0.000000	0.651057	0.651057	0.651057	0.651057	0.651057	0.044833	0.239756	0.250093	0.249918	0.260233	0.310771	
2447000	-460.410645	1	2	1	'0 1 0 0 0 0 0 Z 	D	0.577505	0.016301	0.577505	0.577505	0.577505	0.577505	0.577505	0.000000	0.242170	0.249680	0.251160	0.256990	0.326740	
2448000	-460.812458	1	2	0	'0 1 0 0 0 1 0 1 	D	0.615377	0.022915	0.615377	0.615377	0.615377	0.022915	0.615377	0.022915	0.257563	0.273427	0.182963	0.286047	0.381705	
2449000	-459.733949	1	2	1	'0 Z 0 0 0 0 0 1 	D	0.660584	0.000000	0.660584	0.660584	0.660584	0.660584	0.660584	0.036613	0.240127	0.250054	0.249961	0.259859	0.469632	
2450000	-459.926780	1	2	1	'0 Z 0 0 0 0 0 1 	D	0.663782	0.000000	0.663782	0.663782	0.663782	0.663782	0.663782	0.043504	0.240670	0.250075	0.249950	0.259305	0.406846	
2451000	-461.402657	1	2	2	'0 Z 0 0 Z 0 0 1 	D	0.777132	0.000000	0.777132	0.777132	0.000000	0.777132	0.777132	0.032188	0.253042	0.253983	0.238410	0.254564	0.529125	
2452000	-459.464946	1	2	1	'0 1 0 0 0 0 0 Z 	D	0.679742	0.046581	0.679742	0.679742	0.679742	0.679742	0.679742	0.000000	0.247256	0.249993	0.249981	0.252770	0.774517	
2453000	-460.452188	1	2	1	'0 1 0 0 0 Z 0 1 	D	0.596313	0.018493	0.596313	0.596313	0.596313	0.000000	0.596313	0.018493	0.259857	0.278406	0.168030	0.293706	0.290737	
2454000	-465.046067	1	2	2	'0 Z 0 0 1 Z 0 1 	D	0.565619	0.000000	0.565619	0.565619	0.041564	0.000000	0.565619	0.041564	0.384798	0.336803	0.002423	0.275975	0.692727	
2455000	-460.308724	1	2	2	'0 1 0 0 0 Z 0 Z 	D	0.725155	0.029244	0.725155	0.725155	0.725155	0.000000	0.725155	0.000000	0.255093	0.265186	0.205291	0.274430	0.723671	
2456000	-460.123315	1	2	1	'0 1 0 0 0 1 0 Z 	D	0.626302	0.027930	0.626302	0.626302	0.626302	0.027930	0.626302	0.000000	0.253105	0.272843	0.182561	0.291492	0.821892	
2457000	-459.583398	1	2	1	'0 1 0 0 0 0 0 Z 	D	0.589157	0.030432	0.589157	0.589157	0.589157	0.589157	0.589157	0.000000	0.243369	0.249992	0.250104	0.256535	0.584542	
2458000	-460.202559	1	2	1	'0 1 0 0 0 0 0 Z 	D	0.607209	0.016086	0.607209	0.607209	0.607209	0.607209	0.607209	0.000000	0.244098	0.249748	0.250871	0.255283	0.675177	
2459000	-460.218724	1	2	0	'0 1 0 0 0 1 0 1 	D	0.592700	0.016712	0.592700	0.592700	0.592700	0.016712	0.592700	0.016712	0.258246	0.276752	0.172491	0.292512	0.760122	
2460000	-460.246393	1	2	1	'0 1 0 0 0 1 0 Z 	D	0.653886	0.015152	0.653886	0.653886	0.653886	0.015152	0.653886	0.000000	0.257376	0.268871	0.194004	0.279749	0.287303	
2461000	-461.581262	1	2	2	'0 1 0 0 1 Z 0 Z 	D	0.704784	0.028212	0.704784	0.704784	0.028212	0.000000	0.704784	0.000000	0.290800	0.335132	0.000760	0.373308	0.913604	
2462000	-459.645959	1	2	0	'0 1 0 0 0 0 0 1 	D	0.653353	0.027550	0.653353	0.653353	0.653353	0.653353	0.653353	0.027550	0.243095	0.250042	0.249838	0.257025	0.698197	
2463000	-460.878694	1	2	0	'0 1 0 0 0 0 0 1 	D	0.790961	0.025479	0.790961	0.790961	0.790961	0.790961	0.790961	0.025479	0.247779	0.250000	0.249994	0.252226	0.873510	
2464000	-462.364771	1	2	1	'0 Z 0 0 1 1 0 1 	D	0.625167	0.000000	0.625167	0.625167	0.004612	0.004612	0.625167	0.004612	0.322493	0.333942	0.000105	0.343460	0.568096	
2465000	-461.636541	1	2	2	'0 1 0 0 0 Z 0 Z 	D	0.785870	0.048381	0.785870	0.785870	0.785870	0.000000	0.785870	0.000000	0.252713	0.262129	0.214612	0.270546	0.374543	
2466000	-461.608705	1	2	1	'0 1 0 0 Z 1 0 1 	D	0.739812	0.011795	0.739812	0.739812	0.000000	0.011795	0.739812	0.011795	0.326745	0.335843	0.000181	0.337232	0.427112	
2467000	-459.646000	1	2	1	'0 1 0 0 0 0 0 Z 	D	0.621844	0.057356	0.621844	0.621844	0.621844	0.621844	0.621844	0.000000	0.245287	0.250042	0.249795	0.254875	0.759754	
2468000	-459.376490	1	2	0	'0 1 0 0 0 0 0 1 	D	0.617038	0.022335	0.617038	0.617038	0.617038	0.617038	0.617038	0.022335	0.240288	0.250068	0.249717	0.259926	0.797840	
2469000	-460.587016	1	2	1	'0 1 0 0 0 0 0 Z 	D	0.783504	0.038390	0.783504	0.783504	0.783504	0.783504	0.783504	0.000000	0.248930	0.249990	0.250012	0.251068	0.440159	
2470000	-460.335065	1	2	0	'0 1 0 0 0 1 0 1 	D	0.563446	0.007582	0.563446	0.563446	0.563446	0.007582	0.563446	0.007582	0.259156	0.281298	0.157394	0.302152	0.331396	
2471000	-459.847724	1	2	1	'0 1 0 0 0 0 0 Z 	D	0.722551	0.050505	0.722551	0.722551	0.722551	0.722551	0.722551	0.000000	0.248167	0.249991	0.249989	0.251853	0.436040	
2472000	-459.311869	1	2	0	'0 1 0 0 0 0 0 1 	D	0.607204	0.013417	0.607204	0.607204	0.607204	0.607204	0.607204	0.013417	0.238665	0.249997	0.249872	0.261466	0.716582	
2473000	-459.992656	1	2	1	'0 1 0 0 0 0 0 Z 	D	0.671868	0.069369	0.671868	0.671868	0.671868	0.671868	0.671868	0.000000	0.247086	0.250005	0.249893	0.253016	0.288670	
2474000	-459.512104	1	2	0	'0 1 0 0 0 0 0 1 	D	0.688831	0.013218	0.688831	0.688831	0.688831	0.688831	0.688831	0.013218	0.244223	0.249980	0.250020	0.255777	0.646056	
2475000	-460.480748	1	2	1	'0 Z 0 0 0 0 0 1 	D	0.552365	0.000000	0.552365	0.552365	0.552365	0.552365	0.552365	0.038221	0.227640	0.250320	0.249101	0.272938	0.505321	
2476000	-459.762599	1	2	0	'0 1 0 0 1 0 0 1 	D	0.659198	0.017971	0.659198	0.659198	0.017971	0.659198	0.659198	0.017971	0.251348	0.257224	0.229188	0.262240	0.711910	
2477000	-460.770551	1	2	2	'0 1 0 0 Z 1 0 Z 	D	0.606255	0.013644	0.606255	0.606255	0.000000	0.013644	0.606255	0.000000	0.295875	0.334357	0.000276	0.369492	0.560969	
2478000	-459.477594	1	2	1	'0 1 0 0 0 0 0 Z 	D	0.674782	0.049146	0.674782	0.674782	0.674782	0.674782	0.674782	0.000000	0.247132	0.249996	0.249965	0.252906	0.236759	
2479000	-460.824661	1	2	2	'0 1 0 0 1 Z 0 Z 	D	0.633862	0.009492	0.633862	0.633862	0.009492	0.000000	0.633862	0.000000	0.307412	0.334210	0.000095	0.358284	0.587204	
2480000	-459.724598	1	2	1	'0 Z 0 0 0 0 0 1 	D	0.616974	0.000000	0.616974	0.616974	0.616974	0.616974	0.616974	0.035988	0.236095	0.250095	0.249825	0.263985	0.575893	
2481000	-459.668105	1	2	1	'0 1 0 0 0 0 0 Z 	D	0.587879	0.047906	0.587879	0.587879	0.587879	0.587879	0.587879	0.000000	0.243447	0.250092	0.249704	0.256757	0.382052	
2482000	-462.204851	1	2	1	'0 1 0 0 Z 0 0 1 	D	0.813399	0.028207	0.813399	0.813399	0.000000	0.813399	0.813399	0.028207	0.251612	0.252915	0.241664	0.253809	0.991859	
2483000	-460.606219	1	2	2	'0 1 0 0 Z 1 0 Z 	D	0.652849	0.016616	0.652849	0.652849	0.000000	0.016616	0.652849	0.000000	0.298744	0.334584	0.000402	0.366269	0.585043	
2484000	-460.807777	1	2	1	'0 1 0 0 0 0 0 Z 	D	0.767226	0.069908	0.767226	0.767226	0.767226	0.767226	0.767226	0.000000	0.248806	0.249992	0.249980	0.251222	0.395855	
2485000	-460.963976	1	2	0	'0 1 0 0 0 0 0 1 	D	0.783216	0.029522	0.783216	0.783216	0.783216	0.783216	0.783216	0.029522	0.247705	0.250002	0.249989	0.252304	0.243394	
2486000	-460.103722	1	2	1	'0 Z 0 0 0 0 0 1 	D	0.717956	0.000000	0.717956	0.717956	0.717956	0.717956	0.717956	0.033005	0.243644	0.250021	0.250019	0.256317	0.391599	
2487000	-461.107067	1	2	2	'0 1 0 0 1 Z 0 Z 	D	0.678626	0.024415	0.678626	0.678626	0.024415	0.000000	0.678626	0.000000	0.291512	0.334969	0.000573	0.372947	0.301144	
2488000	-461.914696	1	2	2	'0 1 0 0 1 Z 0 Z 	D	0.781492	0.023015	0.781492	0.781492	0.023015	0.000000	0.781492	0.000000	0.305778	0.334976	0.000553	0.358694	0.387095	
2489000	-460.436359	1	2	1	'0 1 0 0 0 1 0 Z 	D	0.600942	0.031737	0.600942	0.600942	0.600942	0.031737	0.600942	0.000000	0.250482	0.276263	0.172419	0.300836	0.229902	
2490000	-461.605218	1	2	1	'0 Z 0 0 1 0 0 1 	D	0.757422	0.000000	0.757422	0.757422	0.042402	0.757422	0.757422	0.042402	0.253351	0.253787	0.239096	0.253766	0.518077	
2491000	-460.020656	1	2	1	'0 1 0 0 0 0 0 Z 	D	0.696536	0.066767	0.696536	0.696536	0.696536	0.696536	0.696536	0.000000	0.247691	0.249996	0.249937	0.252375	0.282358	
2492000	-463.010312	1	2	1	'0 1 0 0 0 Z 0 1 	D	0.905793	0.018901	0.905793	0.905793	0.905793	0.000000	0.905793	0.018901	0.252585	0.253897	0.238616	0.254902	0.736509	
2493000	-460.567630	1	2	1	'0 Z 0 0 1 0 0 1 	D	0.717076	0.000000	0.717076	0.717076	0.017900	0.717076	0.717076	0.017900	0.248894	0.253272	0.240413	0.257421	0.191347	
2494000	-460.074668	1	2	0	'0 1 0 0 1 0 0 1 	D	0.583463	0.015998	0.583463	0.583463	0.015998	0.583463	0.583463	0.015998	0.250114	0.261922	0.215721	0.272243	0.564323	
2495000	-461.342998	1	2	1	'0 Z 0 0 1 0 0 1 	D	0.725833	0.000000	0.725833	0.725833	0.041860	0.725833	0.725833	0.041860	0.254273	0.254901	0.235916	0.254910	0.528177	
2496000	-461.672852	1	2	1	'0 Z 0 0 1 0 0 1 	D	0.541417	0.000000	0.541417	0.541417	0.018417	0.541417	0.541417	0.018417	0.246178	0.264081	0.209161	0.280580	0.495688	
2497000	-460.091889	1	2	0	'0 1 0 0 0 0 0 1 	D	0.670430	0.007442	0.670430	0.670430	0.670430	0.670430	0.670430	0.007442	0.242897	0.249909	0.250209	0.256985	0.509514	
2498000	-459.749752	1	2	0	'0 1 0 0 0 1 0 1 	D	0.677593	0.014973	0.677593	0.677593	0.677593	0.014973	0.677593	0.014973	0.257848	0.266737	0.201174	0.274241	0.576972	
2499000	-461.663602	1	2	0	'0 1 0 0 0 1 0 1 	D	0.626468	0.028704	0.626468	0.626468	0.626468	0.028704	0.626468	0.028704	0.256853	0.271722	0.188541	0.282883	0.184143	
2500000	-459.898059	1	2	1	'0 1 0 0 0 Z 0 1 	D	0.597935	0.013260	0.597935	0.597935	0.597935	0.000000	0.597935	0.013260	0.260244	0.277765	0.168926	0.293064	0.426371	
2501000	-460.214782	1	2	1	'0 1 0 0 0 Z 0 1 	D	0.738005	0.007572	0.738005	0.738005	0.738005	0.000000	0.738005	0.007572	0.257123	0.262114	0.214120	0.266643	0.418950	
2502000	-459.706754	1	2	1	'0 1 0 0 0 Z 0 1 	D	0.684144	0.013528	0.684144	0.684144	0.684144	0.000000	0.684144	0.013528	0.258881	0.267302	0.199377	0.274441	0.493916	
2503000	-462.347684	1	2	3	'0 Z 0 0 Z Z 0 1 	D	0.773735	0.000000	0.773735	0.773735	0.000000	0.000000	0.773735	0.017571	0.346667	0.335055	0.000000	0.318278	0.738818	
2504000	-460.441162	1	2	0	'0 1 0 0 1 1 0 1 	D	0.632629	0.006807	0.632629	0.632629	0.006807	0.006807	0.632629	0.006807	0.319260	0.335039	0.000227	0.345473	0.356659	
2505000	-461.089900	1	2	2	'0 1 0 0 Z 1 0 Z 	D	0.726695	0.019992	0.726695	0.726695	0.000000	0.019992	0.726695	0.000000	0.303723	0.334793	0.000565	0.360919	0.467897	
2506000	-460.597598	1	2	1	'0 1 0 0 1 1 0 Z 	D	0.660677	0.012368	0.660677	0.660677	0.012368	0.012368	0.660677	0.000000	0.306498	0.334196	0.000734	0.358572	0.363404	
2507000	-459.783927	1	2	0	'0 1 0 0 0 1 0 1 	D	0.605187	0.008230	0.605187	0.605187	0.605187	0.008230	0.605187	0.008230	0.259774	0.275402	0.174968	0.289857	0.402933	
2508000	-460.837999	1	2	1	'0 1 0 0 0 Z 0 1 	D	0.800187	0.013197	0.800187	0.800187	0.800187	0.000000	0.800187	0.013197	0.255096	0.258193	0.225934	0.260777	0.395057	
2509000	-459.823378	1	2	0	'0 1 0 0 0 1 0 1 	D	0.692332	0.015201	0.692332	0.692332	0.692332	0.015201	0.692332	0.015201	0.257457	0.265306	0.205345	0.271892	0.363305	
2510000	-463.350615	1	2	1	'0 1 0 0 0 0 0 Z 	D	0.680523	0.004331	0.680523	0.680523	0.680523	0.680523	0.680523	0.000000	0.246450	0.249336	0.252041	0.252173	0.646525	
2511000	-460.630827	1	2	2	'0 1 0 0 0 Z 0 Z 	D	0.765812	0.025881	0.765812	0.765812	0.765812	0.000000	0.765812	0.000000	0.254718	0.261332	0.216577	0.267374	0.772092	
2512000	-460.676770	1	2	1	'0 1 0 0 0 1 0 Z 	D	0.575312	0.019170	0.575312	0.575312	0.575312	0.019170	0.575312	0.000000	0.254721	0.279231	0.163233	0.302816	0.358134	
2513000	-460.765356	1	2	1	'0 1 0 0 0 0 0 Z 	D	0.521469	0.038874	0.521469	0.521469	0.521469	0.521469	0.521469	0.000000	0.237620	0.250405	0.249052	0.262923	0.387193	
2514000	-460.267994	1	2	1	'0 1 0 0 0 0 0 Z 	D	0.556189	0.053931	0.556189	0.556189	0.556189	0.556189	0.556189	0.000000	0.241163	0.250239	0.249264	0.259334	0.113909	
2515000	-459.637925	1	2	1	'0 Z 0 0 0 0 0 1 	D	0.616090	0.000000	0.616090	0.616090	0.616090	0.616090	0.616090	0.028017	0.235466	0.250033	0.249897	0.264605	0.925532	
2516000	-459.528922	1	2	0	'0 1 0 0 0 0 0 1 	D	0.623542	0.009958	0.623542	0.623542	0.623542	0.623542	0.623542	0.009958	0.239772	0.249929	0.250093	0.260206	0.571511	
2517000	-459.918006	1	2	0	'0 1 0 0 0 0 0 1 	D	0.604346	0.029393	0.604346	0.604346	0.604346	0.604346	0.604346	0.029393	0.239814	0.250130	0.249553	0.260503	0.400526	
2518000	-460.021770	1	2	1	'0 Z 0 0 0 0 0 1 	D	0.577505	0.000000	0.577505	0.577505	0.577505	0.577505	0.577505	0.035575	0.231194	0.250178	0.249518	0.269109	0.545969	
2519000	-460.636663	1	2	1	'0 1 0 0 Z 0 0 1 	D	0.560630	0.017316	0.560630	0.560630	0.000000	0.560630	0.560630	0.017316	0.251359	0.265591	0.205439	0.277611	0.699139	
2520000	-459.882801	1	2	1	'0 Z 0 0 0 0 0 1 	D	0.694359	0.000000	0.694359	0.694359	0.694359	0.694359	0.694359	0.027378	0.242127	0.250008	0.250029	0.257835	0.309841	
2521000	-460.033630	1	2	1	'0 Z 0 0 0 0 0 1 	D	0.703681	0.000000	0.703681	0.703681	0.703681	0.703681	0.703681	0.023888	0.242580	0.249996	0.250048	0.257377	0.766980	
2522000	-460.083277	1	2	1	'0 1 0 0 0 1 0 Z 	D	0.662635	0.031559	0.662635	0.662635	0.662635	0.031559	0.662635	0.000000	0.252880	0.268760	0.194765	0.283595	0.625053	
2523000	-461.563745	1	2	1	'0 1 0 0 0 0 0 Z 	D	0.605330	0.100687	0.605330	0.605330	0.605330	0.605330	0.605330	0.000000	0.244412	0.250078	0.249471	0.256040	0.706322	
2524000	-462.473134	1	2	0	'0 1 0 0 1 0 0 1 	D	0.673403	0.036828	0.673403	0.673403	0.036828	0.673403	0.673403	0.036828	0.253017	0.256891	0.230900	0.259192	0.481846	
2525000	-460.163208	1	2	1	'0 1 0 0 Z 0 0 1 	D	0.767183	0.012127	0.767183	0.767183	0.000000	0.767183	0.767183	0.012127	0.250557	0.253072	0.240990	0.255380	0.457735	
2526000	-459.836625	1	2	0	'0 1 0 0 1 0 0 1 	D	0.675684	0.018603	0.675684	0.675684	0.018603	0.675684	0.675684	0.018603	0.251389	0.256421	0.231506	0.260685	0.384042	
2527000	-461.059701	1	2	0	'0 1 0 0 1 0 0 1 	D	0.700734	0.027789	0.700734	0.700734	0.027789	0.700734	0.700734	0.027789	0.252050	0.255539	0.234312	0.258099	0.406379	
2528000	-459.440976	1	2	0	'0 1 0 0 0 0 0 1 	D	0.659286	0.011484	0.659286	0.659286	0.659286	0.659286	0.659286	0.011484	0.242499	0.249963	0.250047	0.257492	0.837766	
2529000	-459.906335	1	2	1	'0 Z 0 0 0 0 0 1 	D	0.698529	0.000000	0.698529	0.698529	0.698529	0.698529	0.698529	0.031603	0.242527	0.250021	0.250016	0.257436	0.808389	
2530000	-459.827804	1	2	1	'0 Z 0 0 0 0 0 1 	D	0.686174	0.000000	0.686174	0.686174	0.686174	0.686174	0.686174	0.034060	0.241843	0.250032	0.250001	0.258124	0.260980	
2531000	-460.675377	1	2	1	'0 1 0 0 0 0 0 Z 	D	0.589525	0.078456	0.589525	0.589525	0.589525	0.589525	0.589525	0.000000	0.243568	0.250125	0.249425	0.256882	0.535360	
2532000	-459.384512	1	2	1	'0 1 0 0 0 0 0 Z 	D	0.640033	0.047605	0.640033	0.640033	0.640033	0.640033	0.640033	0.000000	0.246011	0.250011	0.249923	0.254054	0.678432	
2533000	-459.857101	1	2	1	'0 1 0 0 0 0 0 Z 	D	0.624471	0.064589	0.624471	0.624471	0.624471	0.624471	0.624471	0.000000	0.245414	0.250044	0.249762	0.254780	0.259965	
2534000	-459.957359	1	2	1	'0 1 0 0 0 0 0 Z 	D	0.587077	0.058825	0.587077	0.587077	0.587077	0.587077	0.587077	0.000000	0.243429	0.250118	0.249562	0.256891	0.860724	
2535000	-460.692888	1	2	0	'0 1 0 0 0 0 0 1 	D	0.646129	0.039520	0.646129	0.646129	0.646129	0.646129	0.646129	0.039520	0.243330	0.250074	0.249767	0.256829	0.508574	
2536000	-460.168627	1	2	1	'0 Z 0 0 0 0 0 1 	D	0.564905	0.000000	0.564905	0.564905	0.564905	0.564905	0.564905	0.020999	0.227794	0.249955	0.249753	0.272498	0.558074	
2537000	-460.818253	1	2	2	'0 1 0 0 0 Z 0 Z 	D	0.762493	0.035978	0.762493	0.762493	0.762493	0.000000	0.762493	0.000000	0.253928	0.262719	0.212680	0.270674	0.399910	
2538000	-461.384132	1	2	0	'0 1 0 0 0 0 0 1 	D	0.552592	0.037245	0.552592	0.552592	0.552592	0.552592	0.552592	0.037245	0.235454	0.250429	0.248713	0.265404	0.246199	
2539000	-460.261779	1	2	1	'0 1 0 0 0 0 0 Z 	D	0.676157	0.076518	0.676157	0.676157	0.676157	0.676157	0.676157	0.000000	0.247206	0.250003	0.249885	0.252906	0.676015	
2540000	-463.822290	1	2	0	'0 1 0 0 1 1 0 1 	D	0.853173	0.014381	0.853173	0.853173	0.014381	0.014381	0.853173	0.014381	0.329722	0.335539	0.000995	0.333744	0.575291	
2541000	-460.793417	1	2	0	'0 1 0 0 1 0 0 1 	D	0.615249	0.024756	0.615249	0.615249	0.024756	0.615249	0.615249	0.024756	0.252229	0.260055	0.221627	0.266089	0.208022	
2542000	-463.718213	1	2	1	'0 Z 0 0 1 0 0 1 	D	0.854069	0.000000	0.854069	0.854069	0.057724	0.854069	0.854069	0.057724	0.252424	0.251954	0.244381	0.251241	0.279372	
2543000	-459.914201	1	2	1	'0 1 0 0 0 Z 0 1 	D	0.603906	0.014224	0.603906	0.603906	0.603906	0.000000	0.603906	0.014224	0.260209	0.277006	0.171301	0.291485	0.201238	
2544000	-460.393272	1	2	1	'0 1 0 0 0 0 0 Z 	D	0.553425	0.020799	0.553425	0.553425	0.553425	0.553425	0.553425	0.000000	0.240407	0.249843	0.250742	0.259009	0.478704	
2545000	-462.025115	1	2	1	'0 1 0 0 0 0 0 Z 	D	0.678890	0.115563	0.678890	0.678890	0.678890	0.678890	0.678890	0.000000	0.247246	0.249994	0.249829	0.252931	0.284300	
2546000	-460.078385	1	2	2	'0 1 0 0 0 Z 0 Z 	D	0.687576	0.020995	0.687576	0.687576	0.687576	0.000000	0.687576	0.000000	0.256847	0.267756	0.197493	0.277905	0.559338	
2547000	-461.019630	1	2	2	'1 0 1 1 Z 0 1 Z 	D	0.673510	0.007865	0.673510	0.673510	0.000000	0.007865	0.673510	0.000000	0.314601	0.334089	0.000086	0.351224	0.659235	
2548000	-460.743975	1	2	1	'1 Z 1 1 1 1 1 0 	D	0.545779	0.000000	0.545779	0.545779	0.545779	0.545779	0.545779	0.041888	0.226971	0.250415	0.248918	0.273696	0.866012	
2549000	-459.319003	1	2	1	'1 0 1 1 1 1 1 Z 	D	0.654271	0.036629	0.654271	0.654271	0.654271	0.654271	0.654271	0.000000	0.246465	0.249984	0.250035	0.253516	0.840022	
2550000	-459.452028	1	2	1	'1 0 1 1 1 1 1 Z 	D	0.598913	0.036998	0.598913	0.598913	0.598913	0.598913	0.598913	0.000000	0.244029	0.250025	0.249952	0.255994	0.451586	
2551000	-463.648678	1	2	3	'1 0 1 1 Z Z 1 Z 	D	0.484018	0.012921	0.484018	0.484018	0.000000	0.000000	0.484018	0.000000	0.263764	0.333428	0.000000	0.402808	0.550633	
2552000	-461.369659	1	2	1	'1 0 1 1 0 0 1 Z 	D	0.634018	0.028737	0.634018	0.634018	0.028737	0.028737	0.634018	0.000000	0.278604	0.333738	0.003759	0.383899	0.470283	
2553000	-460.281425	1	2	2	'1 0 1 1 1 Z 1 Z 	D	0.686294	0.034271	0.686294	0.686294	0.686294	0.000000	0.686294	0.000000	0.254466	0.269929	0.191437	0.284168	0.486842	
2554000	-459.305172	1	2	1	'1 0 1 1 1 1 1 Z 	D	0.641517	0.039950	0.641517	0.641517	0.641517	0.641517	0.641517	0.000000	0.246032	0.249996	0.249992	0.253979	0.244504	
2555000	-460.487914	1	2	2	'1 0 1 1 1 Z 1 Z 	D	0.664430	0.012560	0.664430	0.664430	0.664430	0.000000	0.664430	0.000000	0.258885	0.268834	0.194030	0.278250	0.494348	
2556000	-460.660325	1	2	1	'1 0 1 1 1 Z 1 0 	D	0.758931	0.006352	0.758931	0.758931	0.758931	0.000000	0.758931	0.006352	0.256328	0.260439	0.219006	0.264227	0.930073	
2557000	-460.646641	1	2	2	'1 0 1 1 1 Z 1 Z 	D	0.667893	0.042222	0.667893	0.667893	0.667893	0.000000	0.667893	0.000000	0.252468	0.273351	0.181542	0.292639	0.266396	
2558000	-459.619043	1	2	1	'1 Z 1 1 1 1 1 0 	D	0.626832	0.000000	0.626832	0.626832	0.626832	0.626832	0.626832	0.030625	0.236788	0.250046	0.249909	0.263258	0.409626	
2559000	-459.540005	1	2	1	'1 0 1 1 1 1 1 Z 	D	0.623842	0.053579	0.623842	0.623842	0.623842	0.623842	0.623842	0.000000	0.245368	0.250035	0.249831	0.254766	0.744759	
2560000	-462.530981	1	2	2	'1 Z 1 1 Z 0 1 0 	D	0.554444	0.000000	0.554444	0.554444	0.000000	0.018932	0.554444	0.018932	0.342221	0.336400	0.000435	0.320944	0.119983	
2561000	-459.417264	1	2	1	'1 0 1 1 Z 1 1 0 	D	0.669525	0.010939	0.669525	0.669525	0.000000	0.669525	0.669525	0.010939	0.250952	0.256957	0.229616	0.262475	0.210267	
2562000	-460.653409	1	2	1	'1 0 1 1 Z 1 1 0 	D	0.674201	0.003865	0.674201	0.674201	0.000000	0.674201	0.674201	0.003865	0.248127	0.254539	0.236473	0.260860	0.292252	
2563000	-459.550076	1	2	1	'1 0 1 1 1 1 1 Z 	D	0.600227	0.027858	0.600227	0.600227	0.600227	0.600227	0.600227	0.000000	0.243993	0.249957	0.250203	0.255847	0.707576	
2564000	-460.308201	1	2	1	'1 0 1 1 1 1 1 Z 	D	0.746518	0.026162	0.746518	0.746518	0.746518	0.746518	0.746518	0.000000	0.248464	0.249977	0.250061	0.251498	0.385559	
2565000	-460.412991	1	2	2	'1 0 1 1 1 Z 1 Z 	D	0.675400	0.013475	0.675400	0.675400	0.675400	0.000000	0.675400	0.000000	0.258417	0.267796	0.197145	0.276641	0.253412	
2566000	-464.239657	1	2	1	'1 Z 1 1 0 1 1 0 	D	0.927305	0.000000	0.927305	0.927305	0.046231	0.927305	0.927305	0.046231	0.250606	0.250729	0.247891	0.250775	0.435638	
2567000	-461.710531	1	2	1	'1 Z 1 1 0 1 1 0 	D	0.627699	0.000000	0.627699	0.627699	0.006645	0.627699	0.627699	0.006645	0.242603	0.255055	0.234825	0.267517	0.716709	
2568000	-459.830776	1	2	0	'1 0 1 1 1 1 1 0 	D	0.719693	0.023465	0.719693	0.719693	0.719693	0.719693	0.719693	0.023465	0.245895	0.250004	0.249970	0.254130	0.888630	
2569000	-460.437730	1	2	1	'1 0 1 1 1 0 1 Z 	D	0.750843	0.026572	0.750843	0.750843	0.750843	0.026572	0.750843	0.000000	0.253657	0.260644	0.218614	0.267085	0.368366	
2570000	-461.936038	1	2	0	'0 1 0 0 1 1 0 1 	D	0.549160	0.011963	0.549160	0.549160	0.011963	0.011963	0.549160	0.011963	0.305885	0.336825	0.000689	0.356601	0.190535	
2571000	-461.698137	1	2	2	'0 Z 0 0 1 Z 0 1 	D	0.582425	0.000000	0.582425	0.582425	0.011364	0.000000	0.582425	0.011364	0.329911	0.335160	0.000150	0.334780	0.756788	
2572000	-461.051902	1	2	0	'0 1 0 0 1 0 0 1 	D	0.777461	0.023165	0.777461	0.777461	0.023165	0.777461	0.777461	0.023165	0.250973	0.252886	0.241705	0.254436	0.578395	
2573000	-459.392743	1	2	0	'0 1 0 0 1 0 0 1 	D	0.660450	0.010667	0.660450	0.660450	0.010667	0.660450	0.660450	0.010667	0.250170	0.256685	0.230410	0.262734	0.985862	
2574000	-460.035140	1	2	1	'0 1 0 0 0 1 0 Z 	D	0.672930	0.029438	0.672930	0.672930	0.672930	0.029438	0.672930	0.000000	0.253542	0.267584	0.198196	0.280678	0.577287	
2575000	-459.650304	1	2	0	'0 1 0 0 0 1 0 1 	D	0.689378	0.009747	0.689378	0.689378	0.689378	0.009747	0.689378	0.009747	0.258058	0.265758	0.203550	0.272634	0.382287	
2576000	-460.495483	1	2	2	'0 1 0 0 0 Z 0 Z 	D	0.704273	0.013879	0.704273	0.704273	0.704273	0.000000	0.704273	0.000000	0.257494	0.264932	0.205661	0.271913	0.760620	
2577000	-461.979093	1	2	0	'0 1 0 0 1 1 0 1 	D	0.686625	0.015544	0.686625	0.686625	0.015544	0.015544	0.686625	0.015544	0.323083	0.336542	0.001157	0.339218	0.330186	
2578000	-460.934245	1	2	1	'0 1 0 0 0 Z 0 1 	D	0.805275	0.013760	0.805275	0.805275	0.805275	0.000000	0.805275	0.013760	0.254947	0.257927	0.226733	0.260393	0.167182	
2579000	-460.365977	1	2	1	'0 1 0 0 0 0 0 Z 	D	0.741742	0.065111	0.741742	0.741742	0.741742	0.741742	0.741742	0.000000	0.248485	0.249992	0.249974	0.251549	0.620135	
2580000	-459.412769	1	2	1	'0 1 0 0 0 0 0 Z 	D	0.674295	0.044245	0.674295	0.674295	0.674295	0.674295	0.674295	0.000000	0.247104	0.249992	0.249989	0.252916	0.617010	
2581000	-459.448674	1	2	0	'0 1 0 0 1 0 0 1 	D	0.633651	0.009595	0.633651	0.633651	0.009595	0.633651	0.633651	0.009595	0.249703	0.258074	0.226303	0.265920	0.282138	
2582000	-463.420925	1	2	2	'0 Z 0 0 1 Z 0 1 	D	0.694064	0.000000	0.694064	0.694064	0.034280	0.000000	0.694064	0.034280	0.366529	0.335854	0.001586	0.296031	0.922903	
2583000	-462.836565	1	2	3	'0 Z 0 0 Z Z 0 1 	D	0.810693	0.000000	0.810693	0.810693	0.000000	0.000000	0.810693	0.008135	0.337016	0.334133	0.000000	0.328850	0.752924	
2584000	-463.126636	1	2	2	'0 1 0 0 1 Z 0 Z 	D	0.501413	0.021100	0.501413	0.501413	0.021100	0.000000	0.501413	0.000000	0.251787	0.333053	0.000344	0.414816	0.171262	
2585000	-460.738110	1	2	2	'0 1 0 0 Z 1 0 Z 	D	0.649774	0.019778	0.649774	0.649774	0.000000	0.019778	0.649774	0.000000	0.293516	0.334674	0.000579	0.371231	0.268864	
2586000	-460.648168	1	2	1	'0 1 0 0 Z 0 0 1 	D	0.629893	0.003813	0.629893	0.629893	0.000000	0.629893	0.629893	0.003813	0.247803	0.257234	0.228436	0.266527	0.245699	
2587000	-463.574377	1	2	1	'0 Z 0 0 1 0 0 1 	D	0.517396	0.000000	0.517396	0.517396	0.006317	0.517396	0.517396	0.006317	0.233527	0.263284	0.209666	0.293522	0.160065	
2588000	-459.634436	1	2	1	'0 Z 0 0 0 0 0 1 	D	0.650656	0.000000	0.650656	0.650656	0.650656	0.650656	0.650656	0.027112	0.238852	0.250012	0.249997	0.261139	0.774934	
2589000	-460.230155	1	2	1	'0 1 0 0 0 0 0 Z 	D	0.545564	0.042707	0.545564	0.545564	0.545564	0.545564	0.545564	0.000000	0.240164	0.250248	0.249366	0.260223	0.225070	
2590000	-460.139314	1	2	2	'0 1 0 0 0 Z 0 Z 	D	0.702559	0.026983	0.702559	0.702559	0.702559	0.000000	0.702559	0.000000	0.255674	0.267096	0.199603	0.277626	0.503974	
2591000	-462.566454	1	2	1	'0 1 0 0 0 0 0 Z 	D	0.474138	0.024937	0.474138	0.474138	0.474138	0.474138	0.474138	0.000000	0.230427	0.250697	0.248934	0.269942	0.235731	
2592000	-459.714224	1	2	0	'0 1 0 0 0 0 0 1 	D	0.563745	0.013220	0.563745	0.563745	0.563745	0.563745	0.563745	0.013220	0.233852	0.250066	0.249543	0.266539	0.279840	
2593000	-460.603332	1	2	2	'0 Z 0 0 Z 0 0 1 	D	0.651527	0.000000	0.651527	0.651527	0.000000	0.651527	0.651527	0.013535	0.248260	0.256593	0.230559	0.264588	0.349473	
2594000	-459.905059	1	2	1	'0 Z 0 0 0 0 0 1 	D	0.585575	0.000000	0.585575	0.585575	0.585575	0.585575	0.585575	0.021971	0.231093	0.249967	0.249876	0.269065	0.368789	
2595000	-463.885357	1	2	3	'0 Z 0 0 Z Z 0 1 	D	0.635043	0.000000	0.635043	0.635043	0.000000	0.000000	0.635043	0.036015	0.376386	0.336955	0.000000	0.286659	0.314427	
2596000	-461.663714	1	2	1	'0 1 0 0 Z 0 0 1 	D	0.799946	0.025438	0.799946	0.799946	0.000000	0.799946	0.799946	0.025438	0.251609	0.253137	0.240995	0.254259	0.975305	
2597000	-461.512019	1	2	2	'0 Z 0 0 Z 0 0 1 	D	0.685750	0.000000	0.685750	0.685750	0.000000	0.685750	0.685750	0.042977	0.260816	0.260125	0.220912	0.258148	0.680806	
2598000	-459.599758	1	2	0	'0 1 0 0 1 0 0 1 	D	0.605134	0.009786	0.605134	0.605134	0.009786	0.605134	0.605134	0.009786	0.249203	0.259910	0.220961	0.269926	0.177537	
2599000	-459.568943	1	2	1	'0 1 0 0 0 Z 0 1 	D	0.651530	0.009367	0.651530	0.651530	0.651530	0.000000	0.651530	0.009367	0.259917	0.270618	0.189221	0.280243	0.463826	
2600000	-460.568872	1	2	2	'0 Z 0 0 Z 0 0 1 	D	0.681014	0.000000	0.681014	0.681014	0.000000	0.681014	0.681014	0.014532	0.248883	0.255241	0.234564	0.261312	0.739475	
2601000	-460.569432	1	2	2	'1 Z 1 1 Z 1 1 0 	D	0.690374	0.000000	0.690374	0.690374	0.000000	0.690374	0.690374	0.026671	0.253967	0.257131	0.229269	0.259633	0.476613	
2602000	-460.997957	1	2	2	'1 0 1 1 Z 0 1 Z 	D	0.630050	0.023222	0.630050	0.630050	0.000000	0.023222	0.630050	0.000000	0.284719	0.334632	0.000822	0.379826	0.713946	
2603000	-460.248026	1	2	2	'1 0 1 1 1 Z 1 Z 	D	0.722926	0.026227	0.722926	0.722926	0.722926	0.000000	0.722926	0.000000	0.255501	0.264993	0.205790	0.273716	0.600100	
2604000	-459.708545	1	2	1	'1 0 1 1 1 Z 1 0 	D	0.651861	0.014379	0.651861	0.651861	0.651861	0.000000	0.651861	0.014379	0.259697	0.270883	0.189066	0.280354	0.081831	
2605000	-459.366070	1	2	1	'1 0 1 1 1 1 1 Z 	D	0.624292	0.044229	0.624292	0.624292	0.624292	0.624292	0.624292	0.000000	0.245352	0.250019	0.249916	0.254712	0.882309	
2606000	-459.675603	1	2	1	'1 Z 1 1 1 1 1 0 	D	0.624627	0.000000	0.624627	0.624627	0.624627	0.624627	0.624627	0.034722	0.236814	0.250077	0.249869	0.263241	0.454111	
2607000	-459.957251	1	2	0	'1 0 1 1 1 1 1 0 	D	0.562443	0.023409	0.562443	0.562443	0.562443	0.562443	0.562443	0.023409	0.235009	0.250248	0.249108	0.265635	0.538297	
2608000	-459.572010	1	2	0	'1 0 1 1 1 1 1 0 	D	0.581700	0.021014	0.581700	0.581700	0.581700	0.581700	0.581700	0.021014	0.236910	0.250142	0.249439	0.263509	0.582267	
2609000	-460.275262	1	2	1	'1 0 1 1 1 1 1 Z 	D	0.590318	0.016428	0.590318	0.590318	0.590318	0.590318	0.590318	0.000000	0.243078	0.249718	0.251004	0.256200	0.583911	
2610000	-461.492471	1	2	1	'1 0 1 1 1 1 1 Z 	D	0.635813	0.103627	0.635813	0.635813	0.635813	0.635813	0.635813	0.000000	0.245842	0.250027	0.249680	0.254452	0.523871	
2611000	-460.912819	1	2	2	'1 0 1 1 1 Z 1 Z 	D	0.570283	0.029663	0.570283	0.570283	0.570283	0.000000	0.570283	0.000000	0.250811	0.284942	0.146420	0.317827	0.990444	
2612000	-460.147504	1	2	2	'1 0 1 1 1 Z 1 Z 	D	0.643206	0.029300	0.643206	0.643206	0.643206	0.000000	0.643206	0.000000	0.255011	0.274378	0.178124	0.292487	0.246740	
2613000	-465.160674	1	2	2	'1 0 1 1 Z 0 1 Z 	D	0.714059	0.057668	0.714059	0.714059	0.000000	0.057668	0.714059	0.000000	0.262284	0.334215	0.005253	0.398249	0.767426	
2614000	-462.002578	1	2	3	'1 0 1 1 Z Z 1 Z 	D	0.773785	0.024601	0.773785	0.773785	0.000000	0.000000	0.773785	0.000000	0.302584	0.335337	0.000000	0.362079	0.884071	
2615000	-460.042841	1	2	0	'1 0 1 1 1 1 1 0 	D	0.707138	0.029381	0.707138	0.707138	0.707138	0.707138	0.707138	0.029381	0.245651	0.250014	0.249943	0.254392	0.860829	
2616000	-461.983594	1	2	1	'1 Z 1 1 1 1 1 0 	D	0.492585	0.000000	0.492585	0.492585	0.492585	0.492585	0.492585	0.033626	0.215060	0.250815	0.247073	0.287053	0.738472	
2617000	-460.037890	1	2	1	'1 0 1 1 1 1 1 Z 	D	0.716043	0.062335	0.716043	0.716043	0.716043	0.716043	0.716043	0.000000	0.248072	0.249993	0.249963	0.251971	0.698801	
2618000	-460.649946	1	2	0	'1 0 1 1 1 1 1 0 	D	0.681159	0.038592	0.681159	0.681159	0.681159	0.681159	0.681159	0.038592	0.244977	0.250036	0.249882	0.255105	0.428510	
2619000	-461.455805	1	2	2	'1 Z 1 1 Z 1 1 0 	D	0.788504	0.000000	0.788504	0.788504	0.000000	0.788504	0.788504	0.030263	0.252296	0.253384	0.240140	0.254180	0.729992	
2620000	-459.439574	1	2	1	'1 0 1 1 1 1 1 Z 	D	0.636040	0.027537	0.636040	0.636040	0.636040	0.636040	0.636040	0.000000	0.245720	0.249949	0.250179	0.254152	0.280092	
2621000	-459.361908	1	2	1	'1 0 1 1 1 1 1 Z 	D	0.616245	0.034202	0.616245	0.616245	0.616245	0.616245	0.616245	0.000000	0.244912	0.249992	0.250044	0.255052	0.747785	
2622000	-459.449994	1	2	1	'1 0 1 1 1 1 1 Z 	D	0.607957	0.044857	0.607957	0.607957	0.607957	0.607957	0.607957	0.000000	0.244574	0.250041	0.249855	0.255529	0.424864	
2623000	-460.827171	1	2	1	'1 0 1 1 1 1 1 Z 	D	0.545615	0.016925	0.545615	0.545615	0.545615	0.545615	0.545615	0.000000	0.239446	0.249649	0.251399	0.259506	0.649538	
2624000	-460.744033	1	2	2	'1 0 1 1 Z 0 1 Z 	D	0.625260	0.010902	0.625260	0.625260	0.000000	0.010902	0.625260	0.000000	0.303829	0.334273	0.000172	0.361727	0.557341	
2625000	-462.057439	1	2	2	'1 0 1 1 0 Z 1 Z 	D	0.639321	0.004320	0.639321	0.639321	0.004320	0.000000	0.639321	0.000000	0.316986	0.333796	0.000021	0.349197	0.226826	
2626000	-459.579137	1	2	1	'1 0 1 1 1 Z 1 0 	D	0.669098	0.009845	0.669098	0.669098	0.669098	0.000000	0.669098	0.009845	0.259436	0.268684	0.194960	0.276920	0.477697	
2627000	-459.435289	1	2	0	'1 0 1 1 0 1 1 0 	D	0.629249	0.011140	0.629249	0.629249	0.011140	0.629249	0.629249	0.011140	0.249998	0.258494	0.225172	0.266336	0.987351	
2628000	-462.280053	1	2	2	'1 0 1 1 1 Z 1 Z 	D	0.512809	0.016929	0.512809	0.512809	0.512809	0.000000	0.512809	0.000000	0.251773	0.291419	0.126366	0.330442	0.288553	
2629000	-461.430056	1	2	1	'1 0 1 1 1 0 1 Z 	D	0.588559	0.049254	0.588559	0.588559	0.588559	0.049254	0.588559	0.000000	0.242363	0.278238	0.166588	0.312811	0.464683	
2630000	-460.111752	1	2	1	'1 0 1 1 1 Z 1 0 	D	0.635231	0.005355	0.635231	0.635231	0.635231	0.000000	0.635231	0.005355	0.260431	0.272243	0.183889	0.283437	0.381643	
2631000	-460.855722	1	2	1	'1 Z 1 1 1 1 1 0 	D	0.753709	0.000000	0.753709	0.753709	0.753709	0.753709	0.753709	0.019484	0.244952	0.249990	0.250051	0.255007	0.293012	
2632000	-459.386495	1	2	1	'1 0 1 1 1 1 1 Z 	D	0.659977	0.031527	0.659977	0.659977	0.659977	0.659977	0.659977	0.000000	0.246618	0.249969	0.250091	0.253323	0.175161	
2633000	-461.305605	1	2	0	'1 0 1 1 1 1 1 0 	D	0.664082	0.045334	0.664082	0.664082	0.664082	0.664082	0.664082	0.045334	0.244509	0.250058	0.249824	0.255609	0.333015	
2634000	-462.258231	1	2	1	'1 0 1 1 1 1 1 Z 	D	0.485137	0.051302	0.485137	0.485137	0.485137	0.485137	0.485137	0.000000	0.232794	0.251111	0.247042	0.269054	0.257793	
2635000	-459.541618	1	2	1	'1 0 1 1 1 1 1 Z 	D	0.594526	0.044186	0.594526	0.594526	0.594526	0.594526	0.594526	0.000000	0.243830	0.250064	0.249802	0.256304	0.785864	
2636000	-460.453842	1	2	2	'1 0 1 1 1 Z 1 Z 	D	0.700377	0.037497	0.700377	0.700377	0.700377	0.000000	0.700377	0.000000	0.253988	0.268826	0.194769	0.282416	0.475742	
2637000	-460.045425	1	2	1	'1 0 1 1 1 1 1 Z 	D	0.680479	0.070056	0.680479	0.680479	0.680479	0.680479	0.680479	0.000000	0.247316	0.250001	0.249907	0.252776	0.962604	
2638000	-462.306891	1	2	1	'1 Z 1 1 1 1 1 0 	D	0.809934	0.000000	0.809934	0.809934	0.809934	0.809934	0.809934	0.064476	0.247373	0.250026	0.250017	0.252584	0.470134	
2639000	-460.363656	1	2	0	'1 0 1 1 1 1 1 0 	D	0.675362	0.006513	0.675362	0.675362	0.675362	0.675362	0.675362	0.006513	0.243115	0.249893	0.250260	0.256731	0.515373	
2640000	-461.474319	1	2	1	'1 0 1 1 0 Z 1 0 	D	0.592161	0.012557	0.592161	0.592161	0.012557	0.000000	0.592161	0.012557	0.313529	0.336921	0.000172	0.349378	0.606178	
2641000	-459.548280	1	2	1	'0 1 0 0 0 0 0 Z 	D	0.650534	0.024930	0.650534	0.650534	0.650534	0.650534	0.650534	0.000000	0.246240	0.249936	0.250212	0.253611	0.559920	
2642000	-463.740172	1	2	1	'0 1 0 0 0 Z 0 1 	D	0.462108	0.013988	0.462108	0.462108	0.462108	0.000000	0.462108	0.013988	0.246760	0.300273	0.103721	0.349246	0.145885	
2643000	-463.564856	1	2	1	'0 1 0 0 0 0 0 Z 	D	0.458855	0.053647	0.458855	0.458855	0.458855	0.458855	0.458855	0.000000	0.228167	0.251909	0.244953	0.274971	0.475110	
2644000	-460.283866	1	2	1	'0 Z 0 0 0 0 0 1 	D	0.554230	0.000000	0.554230	0.554230	0.554230	0.554230	0.554230	0.031703	0.227217	0.250208	0.249246	0.273328	0.334542	
2645000	-461.301007	1	2	3	'0 1 0 0 Z Z 0 Z 	D	0.591109	0.022874	0.591109	0.591109	0.000000	0.000000	0.591109	0.000000	0.274999	0.334637	0.000000	0.390365	0.367029	
2646000	-461.709866	1	2	2	'0 1 0 0 0 Z 0 Z 	D	0.715539	0.057940	0.715539	0.715539	0.715539	0.000000	0.715539	0.000000	0.250939	0.269881	0.192148	0.287033	0.778519	
2647000	-459.749130	1	2	1	'0 1 0 0 0 0 0 Z 	D	0.666861	0.022078	0.666861	0.666861	0.666861	0.666861	0.666861	0.000000	0.246746	0.249927	0.250236	0.253090	0.199058	
2648000	-460.734192	1	2	0	'0 1 0 0 0 0 0 1 	D	0.552554	0.030953	0.552554	0.552554	0.552554	0.552554	0.552554	0.030953	0.234717	0.250382	0.248780	0.266120	0.295835	
2649000	-462.846117	1	2	1	'0 Z 0 0 0 0 0 1 	D	0.656333	0.000000	0.656333	0.656333	0.656333	0.656333	0.656333	0.095796	0.242364	0.250197	0.249915	0.257524	0.474998	
2650000	-461.162662	1	2	1	'0 1 0 0 0 0 0 Z 	D	0.509624	0.042534	0.509624	0.509624	0.509624	0.509624	0.509624	0.000000	0.236226	0.250587	0.248539	0.264648	0.481950	
2651000	-461.338378	1	2	2	'0 1 0 0 0 Z 0 Z 	D	0.809229	0.035174	0.809229	0.809229	0.809229	0.000000	0.809229	0.000000	0.253347	0.259261	0.222807	0.264585	0.483498	
2652000	-460.767772	1	2	1	'0 Z 0 0 0 0 0 1 	D	0.751721	0.000000	0.751721	0.751721	0.751721	0.751721	0.751721	0.020532	0.244893	0.249993	0.250048	0.255066	0.394321	
2653000	-462.804598	1	2	1	'0 Z 0 0 0 0 0 1 	D	0.471924	0.000000	0.471924	0.471924	0.471924	0.471924	0.471924	0.032242	0.209593	0.251171	0.245682	0.293554	0.590388	
2654000	-459.511936	1	2	0	'0 1 0 0 0 0 0 1 	D	0.671943	0.024410	0.671943	0.671943	0.671943	0.671943	0.671943	0.024410	0.243932	0.250021	0.249904	0.256143	0.309995	
2655000	-459.897287	1	2	0	'0 1 0 0 0 0 0 1 	D	0.713470	0.011270	0.713470	0.713470	0.713470	0.713470	0.713470	0.011270	0.245220	0.249975	0.250047	0.254758	0.586839	
2656000	-459.879520	1	2	1	'0 1 0 0 0 Z 0 1 	D	0.652429	0.016316	0.652429	0.652429	0.652429	0.000000	0.652429	0.016316	0.259601	0.270923	0.189186	0.280290	0.193809	
2657000	-461.325384	1	2	1	'0 Z 0 0 1 0 0 1 	D	0.557639	0.000000	0.557639	0.557639	0.016932	0.557639	0.557639	0.016932	0.246047	0.262424	0.213771	0.277758	0.506876	
2658000	-462.372692	1	2	1	'0 Z 0 0 1 0 0 1 	D	0.746751	0.000000	0.746751	0.746751	0.055103	0.746751	0.746751	0.055103	0.255676	0.254720	0.236508	0.253096	0.809721	
2659000	-461.710967	1	2	1	'0 Z 0 0 0 0 0 1 	D	0.557620	0.000000	0.557620	0.557620	0.557620	0.557620	0.557620	0.064368	0.231197	0.250558	0.249053	0.269192	0.180236	
2660000	-460.376132	1	2	1	'0 Z 0 0 1 0 0 1 	D	0.688600	0.000000	0.688600	0.688600	0.020702	0.688600	0.688600	0.020702	0.249859	0.254766	0.236092	0.259284	0.852343	
2661000	-460.589651	1	2	1	'0 Z 0 0 0 0 0 1 	D	0.536540	0.000000	0.536540	0.536540	0.536540	0.536540	0.536540	0.027547	0.223530	0.250201	0.249004	0.277265	0.467112	
2662000	-461.667161	1	2	2	'0 Z 0 0 1 Z 0 1 	D	0.608062	0.000000	0.608062	0.608062	0.007929	0.000000	0.608062	0.007929	0.326483	0.334525	0.000072	0.338920	0.353688	
2663000	-460.445003	1	2	1	'0 1 0 0 Z 1 0 1 	D	0.635640	0.006418	0.635640	0.635640	0.000000	0.006418	0.635640	0.006418	0.319682	0.335005	0.000056	0.345257	0.584292	
2664000	-460.495105	1	2	2	'0 1 0 0 0 Z 0 Z 	D	0.703381	0.013825	0.703381	0.703381	0.703381	0.000000	0.703381	0.000000	0.257529	0.265009	0.205433	0.272030	0.251543	
2665000	-462.657584	1	2	3	'0 Z 0 0 Z Z 0 1 	D	0.760524	0.000000	0.760524	0.760524	0.000000	0.000000	0.760524	0.022530	0.352328	0.335497	0.000000	0.312175	0.237562	
2666000	-460.813376	1	2	1	'0 1 0 0 0 1 0 Z 	D	0.677837	0.010290	0.677837	0.677837	0.677837	0.010290	0.677837	0.000000	0.258029	0.265907	0.202662	0.273401	0.612386	
2667000	-460.899288	1	2	2	'0 1 0 0 Z 1 0 Z 	D	0.630235	0.021803	0.630235	0.630235	0.000000	0.021803	0.630235	0.000000	0.286924	0.334627	0.000720	0.377729	0.499784	
2668000	-460.211996	1	2	0	'0 1 0 0 0 1 0 1 	D	0.563839	0.010325	0.563839	0.563839	0.563839	0.010325	0.563839	0.010325	0.258606	0.281159	0.158418	0.301817	0.271763	
2669000	-461.176353	1	2	1	'0 1 0 0 0 Z 0 1 	D	0.711253	0.025104	0.711253	0.711253	0.711253	0.000000	0.711253	0.025104	0.257753	0.265110	0.206672	0.270465	0.608332	
2670000	-460.499268	1	2	1	'0 1 0 0 Z 1 0 1 	D	0.637989	0.005308	0.637989	0.637989	0.000000	0.005308	0.637989	0.005308	0.320025	0.334708	0.000038	0.345229	0.332642	
2671000	-460.720073	1	2	1	'0 1 0 0 0 Z 0 1 	D	0.592488	0.020113	0.592488	0.592488	0.592488	0.000000	0.592488	0.020113	0.259692	0.279089	0.166384	0.294836	0.367958	
2672000	-459.903747	1	2	0	'0 1 0 0 0 0 0 1 	D	0.623578	0.030505	0.623578	0.623578	0.623578	0.623578	0.623578	0.030505	0.241376	0.250091	0.249685	0.258848	0.190040	
2673000	-460.727064	1	2	1	'0 1 0 0 Z 1 0 1 	D	0.609597	0.009039	0.609597	0.609597	0.000000	0.009039	0.609597	0.009039	0.316369	0.335812	0.000113	0.347706	0.406321	
2674000	-462.041370	1	2	1	'0 Z 0 0 1 0 0 1 	D	0.769302	0.000000	0.769302	0.769302	0.047703	0.769302	0.769302	0.047703	0.253762	0.253653	0.239502	0.253083	0.757159	
2675000	-461.234427	1	2	1	'0 1 0 0 Z 0 0 1 	D	0.636320	0.027755	0.636320	0.636320	0.000000	0.636320	0.636320	0.027755	0.254666	0.260923	0.219245	0.265166	0.607872	
2676000	-462.070854	1	2	1	'0 1 0 0 Z 1 0 1 	D	0.579048	0.014500	0.579048	0.579048	0.000000	0.014500	0.579048	0.014500	0.311485	0.337562	0.000293	0.350660	0.521890	
2677000	-461.114835	1	2	3	'0 1 0 0 Z Z 0 Z 	D	0.604633	0.008552	0.604633	0.604633	0.000000	0.000000	0.604633	0.000000	0.304648	0.334155	0.000000	0.361197	0.281212	
2678000	-459.778907	1	2	1	'0 1 0 0 0 0 0 Z 	D	0.608049	0.021288	0.608049	0.608049	0.608049	0.608049	0.608049	0.000000	0.244302	0.249871	0.250477	0.255351	0.592481	
2679000	-460.998918	1	2	2	'0 Z 0 0 Z 0 0 1 	D	0.588598	0.000000	0.588598	0.588598	0.000000	0.588598	0.588598	0.024590	0.255103	0.263870	0.209971	0.271056	0.560539	
2680000	-459.761501	1	2	1	'0 Z 0 0 0 0 0 1 	D	0.652805	0.000000	0.652805	0.652805	0.652805	0.652805	0.652805	0.038775	0.239608	0.250068	0.249938	0.260385	0.497527	
2681000	-459.940559	1	2	1	'0 1 0 0 0 0 0 Z 	D	0.560197	0.041385	0.560197	0.560197	0.560197	0.560197	0.560197	0.000000	0.241424	0.250160	0.249595	0.258821	0.589306	
2682000	-460.380121	1	2	2	'0 1 0 0 0 Z 0 Z 	D	0.715440	0.033930	0.715440	0.715440	0.715440	0.000000	0.715440	0.000000	0.254551	0.266754	0.200782	0.277913	0.388063	
2683000	-461.213507	1	2	2	'1 0 1 1 1 Z 1 Z 	D	0.553830	0.028846	0.553830	0.553830	0.553830	0.000000	0.553830	0.000000	0.249413	0.287366	0.138987	0.324234	0.747066	
2684000	-460.369093	1	2	2	'1 0 1 1 1 Z 1 Z 	D	0.598732	0.023326	0.598732	0.598732	0.598732	0.000000	0.598732	0.000000	0.255594	0.279366	0.163049	0.301990	0.348149	
2685000	-460.934759	1	2	1	'1 0 1 1 1 1 1 Z 	D	0.743141	0.016523	0.743141	0.743141	0.743141	0.743141	0.743141	0.000000	0.248363	0.249953	0.250144	0.251541	0.700165	
2686000	-460.276884	1	2	2	'1 0 1 1 1 Z 1 Z 	D	0.629456	0.031311	0.629456	0.629456	0.629456	0.000000	0.629456	0.000000	0.254033	0.276569	0.171669	0.297730	0.351633	
2687000	-459.497585	1	2	1	'1 0 1 1 1 1 1 Z 	D	0.662845	0.027372	0.662845	0.662845	0.662845	0.662845	0.662845	0.000000	0.246675	0.249954	0.250145	0.253226	0.661507	
2688000	-460.108030	1	2	1	'1 0 1 1 1 0 1 Z 	D	0.697672	0.030020	0.697672	0.697672	0.697672	0.030020	0.697672	0.000000	0.253514	0.265162	0.205360	0.275963	0.681293	
2689000	-462.289366	1	2	2	'1 0 1 1 1 Z 1 Z 	D	0.742999	0.064239	0.742999	0.742999	0.742999	0.000000	0.742999	0.000000	0.250758	0.267671	0.198736	0.282834	0.644041	
2690000	-460.591319	1	2	3	'1 0 1 1 Z Z 1 Z 	D	0.651844	0.013199	0.651844	0.651844	0.000000	0.000000	0.651844	0.000000	0.303409	0.334542	0.000000	0.362050	0.696430	
2691000	-460.973878	1	2	2	'1 Z 1 1 Z 1 1 0 	D	0.736894	0.000000	0.736894	0.736894	0.000000	0.736894	0.736894	0.013733	0.248422	0.252663	0.242149	0.256766	0.690604	
2692000	-463.604925	1	2	1	'1 Z 1 1 0 1 1 0 	D	0.825697	0.000000	0.825697	0.825697	0.005916	0.825697	0.825697	0.005916	0.244754	0.247541	0.257344	0.250361	0.517409	
2693000	-460.816268	1	2	2	'1 Z 1 1 Z 1 1 0 	D	0.652198	0.000000	0.652198	0.652198	0.000000	0.652198	0.652198	0.031888	0.257720	0.260508	0.219684	0.262088	0.648461	
2694000	-460.770477	1	2	1	'1 Z 1 1 0 1 1 0 	D	0.641212	0.000000	0.641212	0.641212	0.033334	0.641212	0.641212	0.033334	0.254807	0.258548	0.225484	0.261162	0.208073	
2695000	-460.437281	1	2	1	'1 0 1 1 1 1 1 Z 	D	0.539295	0.046760	0.539295	0.539295	0.539295	0.539295	0.539295	0.000000	0.239595	0.250319	0.249136	0.260950	0.523140	
2696000	-459.863623	1	2	1	'1 0 1 1 1 1 1 Z 	D	0.684942	0.063688	0.684942	0.684942	0.684942	0.684942	0.684942	0.000000	0.247421	0.249999	0.249929	0.252651	0.483187	
2697000	-459.495702	1	2	1	'1 0 1 1 1 1 1 Z 	D	0.691830	0.037743	0.691830	0.691830	0.691830	0.691830	0.691830	0.000000	0.247519	0.249983	0.250029	0.252469	0.202735	
2698000	-459.392688	1	2	1	'1 0 1 1 1 1 1 Z 	D	0.647898	0.029688	0.647898	0.647898	0.647898	0.647898	0.647898	0.000000	0.246194	0.249961	0.250125	0.253719	0.673714	
2699000	-460.918487	1	2	1	'1 Z 1 1 1 1 1 0 	D	0.606413	0.000000	0.606413	0.606413	0.606413	0.606413	0.606413	0.062252	0.236735	0.250264	0.249677	0.263325	0.939336	
2700000	-459.856172	1	2	1	'1 0 1 1 1 1 1 Z 	D	0.696057	0.061176	0.696057	0.696057	0.696057	0.696057	0.696057	0.000000	0.247674	0.249996	0.249949	0.252381	0.879915	
2701000	-460.097141	1	2	0	'1 0 1 1 1 1 1 0 	D	0.660838	0.007175	0.660838	0.660838	0.660838	0.660838	0.660838	0.007175	0.242282	0.249892	0.250249	0.257577	0.421330	
2702000	-462.270440	1	2	1	'1 0 1 1 0 0 1 Z 	D	0.815557	0.008696	0.815557	0.815557	0.008696	0.008696	0.815557	0.000000	0.322614	0.333971	0.000367	0.343047	0.266877	
2703000	-460.486407	1	2	2	'1 Z 1 1 Z 1 1 0 	D	0.670101	0.000000	0.670101	0.670101	0.000000	0.670101	0.670101	0.024992	0.253798	0.258000	0.226738	0.261464	0.286905	
2704000	-466.672776	1	2	1	'1 Z 1 1 1 1 1 0 	D	0.481181	0.000000	0.481181	0.481181	0.481181	0.481181	0.481181	0.096682	0.224324	0.252470	0.245803	0.277403	0.342519	
2705000	-460.475400	1	2	0	'1 0 1 1 1 1 1 0 	D	0.709298	0.034806	0.709298	0.709298	0.709298	0.709298	0.709298	0.034806	0.245908	0.250018	0.249937	0.254138	0.427783	
2706000	-460.972080	1	2	0	'1 0 1 1 1 1 1 0 	D	0.733878	0.038032	0.733878	0.733878	0.733878	0.733878	0.733878	0.038032	0.246753	0.250012	0.249958	0.253277	0.361462	
2707000	-461.142691	1	2	1	'1 Z 1 1 1 1 1 0 	D	0.526952	0.000000	0.526952	0.526952	0.526952	0.526952	0.526952	0.015850	0.219795	0.249751	0.249716	0.280737	0.764191	
2708000	-460.113931	1	2	1	'1 Z 1 1 1 1 1 0 	D	0.628457	0.000000	0.628457	0.628457	0.628457	0.628457	0.628457	0.015101	0.235943	0.249866	0.250243	0.263948	0.860983	
2709000	-459.897849	1	2	1	'1 Z 1 1 1 1 1 0 	D	0.627690	0.000000	0.627690	0.627690	0.627690	0.627690	0.627690	0.043156	0.237622	0.250120	0.249842	0.262417	0.389295	
2710000	-461.846155	1	2	1	'1 Z 1 1 1 1 1 0 	D	0.628293	0.000000	0.628293	0.628293	0.628293	0.628293	0.628293	0.079536	0.239709	0.250246	0.249806	0.260239	0.610056	
2711000	-462.438474	1	2	2	'1 Z 1 1 Z 1 1 0 	D	0.521963	0.000000	0.521963	0.521963	0.000000	0.521963	0.521963	0.013104	0.242245	0.266384	0.201793	0.289578	0.530315	
2712000	-460.607129	1	2	2	'1 0 1 1 1 Z 1 Z 	D	0.753287	0.032127	0.753287	0.753287	0.753287	0.000000	0.753287	0.000000	0.254400	0.263044	0.211651	0.270904	0.775362	
2713000	-465.008324	1	2	0	'1 0 1 1 0 1 1 0 	D	0.933885	0.035553	0.933885	0.933885	0.035553	0.933885	0.933885	0.035553	0.250325	0.250721	0.247949	0.251005	0.787155	
2714000	-460.134141	1	2	1	'1 0 1 1 1 1 1 Z 	D	0.747920	0.050664	0.747920	0.747920	0.747920	0.747920	0.747920	0.000000	0.248549	0.249991	0.249995	0.251466	0.472117	
2715000	-460.072436	1	2	2	'1 0 1 1 1 Z 1 Z 	D	0.678093	0.019962	0.678093	0.678093	0.678093	0.000000	0.678093	0.000000	0.257184	0.268613	0.194924	0.279280	0.807571	
2716000	-460.869991	1	2	1	'1 0 1 1 1 1 1 Z 	D	0.521968	0.046536	0.521968	0.521968	0.521968	0.521968	0.521968	0.000000	0.237753	0.250476	0.248744	0.263027	0.310833	
2717000	-460.947000	1	2	1	'1 Z 1 1 0 1 1 0 	D	0.577619	0.000000	0.577619	0.577619	0.020087	0.577619	0.577619	0.020087	0.248871	0.261370	0.217026	0.272733	0.162244	
2718000	-462.806970	1	2	1	'1 0 1 1 1 1 1 Z 	D	0.706395	0.129498	0.706395	0.706395	0.706395	0.706395	0.706395	0.000000	0.247874	0.249984	0.249879	0.252263	0.273026	
2719000	-460.524130	1	2	0	'1 0 1 1 1 1 1 0 	D	0.584645	0.033975	0.584645	0.584645	0.584645	0.584645	0.584645	0.033975	0.238467	0.250218	0.249306	0.262009	0.631447	
2720000	-459.864127	1	2	1	'1 0 1 1 1 1 1 Z 	D	0.565230	0.030760	0.565230	0.565230	0.565230	0.565230	0.565230	0.000000	0.241687	0.250043	0.250015	0.258256	0.243528	
2721000	-460.584358	1	2	1	'1 0 1 1 1 1 1 Z 	D	0.704155	0.081545	0.704155	0.704155	0.704155	0.704155	0.704155	0.000000	0.247859	0.249995	0.249923	0.252223	0.733636	
2722000	-460.851210	1	2	1	'1 Z 1 1 1 1 1 0 	D	0.744714	0.000000	0.744714	0.744714	0.744714	0.744714	0.744714	0.017553	0.244522	0.249983	0.250066	0.255429	0.466479	
2723000	-460.693733	1	2	1	'1 0 1 1 1 Z 1 0 	D	0.542374	0.011713	0.542374	0.542374	0.542374	0.000000	0.542374	0.011713	0.258488	0.286049	0.144443	0.311020	0.661190	
2724000	-461.576879	1	2	2	'1 0 1 1 1 Z 1 Z 	D	0.804049	0.013729	0.804049	0.804049	0.804049	0.000000	0.804049	0.000000	0.254302	0.257394	0.228030	0.260275	0.401319	
2725000	-460.032685	1	2	1	'1 0 1 1 1 1 1 Z 	D	0.602209	0.065573	0.602209	0.602209	0.602209	0.602209	0.602209	0.000000	0.244322	0.250085	0.249625	0.255968	0.319096	
2726000	-459.360169	1	2	0	'1 0 1 1 1 1 1 0 	D	0.681029	0.018283	0.681029	0.681029	0.681029	0.681029	0.681029	0.018283	0.244089	0.250001	0.249959	0.255951	0.641067	
2727000	-461.235135	1	2	0	'1 0 1 1 1 1 1 0 	D	0.695546	0.043812	0.695546	0.695546	0.695546	0.695546	0.695546	0.043812	0.245724	0.250030	0.249904	0.254341	0.650805	
2728000	-460.704237	1	2	1	'1 0 1 1 0 0 1 Z 	D	0.701316	0.014881	0.701316	0.701316	0.014881	0.014881	0.701316	0.000000	0.307652	0.334267	0.001054	0.357026	0.648203	
2729000	-460.533304	1	2	2	'1 0 1 1 1 Z 1 Z 	D	0.649541	0.039342	0.649541	0.649541	0.649541	0.000000	0.649541	0.000000	0.252516	0.275259	0.175805	0.296419	0.210220	
2730000	-459.839187	1	2	1	'1 Z 1 1 1 1 1 0 	D	0.591372	0.000000	0.591372	0.591372	0.591372	0.591372	0.591372	0.033801	0.232915	0.250123	0.249676	0.267286	0.287301	
2731000	-460.751027	1	2	1	'1 Z 1 1 0 1 1 0 	D	0.744877	0.000000	0.744877	0.744877	0.023350	0.744877	0.744877	0.023350	0.250084	0.252915	0.241502	0.255499	0.588015	
2732000	-460.665735	1	2	1	'1 Z 1 1 1 1 1 0 	D	0.743267	0.000000	0.743267	0.743267	0.743267	0.743267	0.743267	0.046514	0.245114	0.250034	0.250013	0.254838	0.574664	
2733000	-460.337754	1	2	1	'1 0 1 1 1 1 1 Z 	D	0.567191	0.062096	0.567191	0.567191	0.567191	0.567191	0.567191	0.000000	0.242053	0.250201	0.249302	0.258445	0.776050	
2734000	-461.008418	1	2	1	'1 0 1 1 1 0 1 Z 	D	0.660186	0.009046	0.660186	0.660186	0.660186	0.009046	0.660186	0.000000	0.258884	0.267638	0.197473	0.276005	0.155398	
2735000	-459.452939	1	2	0	'1 0 1 1 1 1 1 0 	D	0.692685	0.015917	0.692685	0.692685	0.692685	0.692685	0.692685	0.015917	0.244531	0.249992	0.249991	0.255486	0.135243	
2736000	-459.840708	1	2	1	'1 Z 1 1 1 1 1 0 	D	0.602376	0.000000	0.602376	0.602376	0.602376	0.602376	0.602376	0.037580	0.234567	0.250133	0.249727	0.265574	0.226685	
2737000	-461.199715	1	2	2	'1 0 1 1 1 Z 1 Z 	D	0.605059	0.045172	0.605059	0.605059	0.605059	0.000000	0.605059	0.000000	0.247587	0.282596	0.153960	0.315857	0.620761	
2738000	-460.402919	1	2	1	'1 0 1 1 1 1 1 Z 	D	0.590138	0.072150	0.590138	0.590138	0.590138	0.590138	0.590138	0.000000	0.243618	0.250121	0.249474	0.256786	0.640845	
2739000	-461.404148	1	2	1	'1 0 1 1 1 0 1 Z 	D	0.765952	0.051136	0.765952	0.765952	0.765952	0.051136	0.765952	0.000000	0.250689	0.260237	0.220146	0.268927	0.686339	
2740000	-462.359652	1	2	1	'1 0 1 1 1 1 1 Z 	D	0.482421	0.050884	0.482421	0.482421	0.482421	0.482421	0.482421	0.000000	0.232361	0.251171	0.246899	0.269570	0.313642	
2741000	-460.313060	1	2	1	'1 0 1 1 1 1 1 Z 	D	0.553268	0.053579	0.553268	0.553268	0.553268	0.553268	0.553268	0.000000	0.240913	0.250255	0.249224	0.259608	0.717706	
2742000	-460.022962	1	2	1	'1 0 1 1 Z 1 1 0 	D	0.572794	0.008878	0.572794	0.572794	0.000000	0.572794	0.572794	0.008878	0.248610	0.263022	0.211790	0.276578	0.708963	
2743000	-459.853401	1	2	1	'1 0 1 1 Z 1 1 0 	D	0.721072	0.015853	0.721072	0.721072	0.000000	0.721072	0.721072	0.015853	0.251589	0.255131	0.235085	0.258195	0.967064	
2744000	-461.535198	1	2	2	'1 Z 1 1 Z 0 1 0 	D	0.602365	0.000000	0.602365	0.602365	0.000000	0.013640	0.602365	0.013640	0.336390	0.335310	0.000233	0.328066	0.500103	
2745000	-461.690212	1	2	2	'1 Z 1 1 Z 0 1 0 	D	0.593566	0.000000	0.593566	0.593566	0.000000	0.015397	0.593566	0.015397	0.338880	0.335580	0.000293	0.325247	0.222556	
2746000	-462.387300	1	2	1	'1 Z 1 1 0 1 1 0 	D	0.595417	0.000000	0.595417	0.595417	0.005342	0.595417	0.595417	0.005342	0.240054	0.256610	0.230013	0.273324	0.314115	
2747000	-461.637918	1	2	1	'1 Z 1 1 1 1 1 0 	D	0.503140	0.000000	0.503140	0.503140	0.503140	0.503140	0.503140	0.034660	0.217673	0.250691	0.247600	0.284037	0.366428	
2748000	-459.674396	1	2	1	'1 0 1 1 1 1 1 Z 	D	0.629354	0.022041	0.629354	0.629354	0.629354	0.629354	0.629354	0.000000	0.245360	0.249899	0.250357	0.254384	0.238430	
2749000	-460.065638	1	2	1	'1 0 1 1 1 1 1 Z 	D	0.745951	0.046828	0.745951	0.745951	0.745951	0.745951	0.745951	0.000000	0.248515	0.249990	0.250001	0.251494	0.257664	
2750000	-462.682796	1	2	0	'1 0 1 1 1 0 1 0 	D	0.523802	0.024373	0.523802	0.523802	0.523802	0.024373	0.523802	0.024373	0.252891	0.286996	0.145174	0.314939	0.456712	
2751000	-461.991972	1	2	3	'1 0 1 1 Z Z 1 Z 	D	0.539513	0.020187	0.539513	0.539513	0.000000	0.000000	0.539513	0.000000	0.265762	0.333991	0.000000	0.400247	0.162658	
2752000	-460.385801	1	2	1	'1 0 1 1 Z 1 1 0 	D	0.618449	0.021390	0.618449	0.618449	0.000000	0.618449	0.618449	0.021390	0.253458	0.261502	0.217225	0.267815	0.470742	
2753000	-460.493645	1	2	2	'1 0 1 1 Z Z 1 0 	D	0.645296	0.007780	0.645296	0.645296	0.000000	0.000000	0.645296	0.007780	0.320557	0.335384	0.000000	0.344059	0.385272	
2754000	-460.961809	1	2	2	'1 Z 1 1 Z 1 1 0 	D	0.600678	0.000000	0.600678	0.600678	0.000000	0.600678	0.600678	0.027397	0.256899	0.263549	0.210977	0.268574	0.268603	
2755000	-462.003877	1	2	1	'1 Z 1 1 1 1 1 0 	D	0.489883	0.000000	0.489883	0.489883	0.489883	0.489883	0.489883	0.029997	0.213723	0.250724	0.247066	0.288487	0.523474	
2756000	-461.390363	1	2	1	'1 0 1 1 1 1 1 Z 	D	0.502000	0.028781	0.502000	0.502000	0.502000	0.502000	0.502000	0.000000	0.234932	0.250415	0.249320	0.265333	0.574509	
2757000	-460.601962	1	2	1	'1 Z 1 1 1 1 1 0 	D	0.627609	0.000000	0.627609	0.627609	0.627609	0.627609	0.627609	0.058818	0.238512	0.250185	0.249811	0.261492	0.394017	
2758000	-459.685951	1	2	1	'1 Z 1 1 1 1 1 0 	D	0.660068	0.000000	0.660068	0.660068	0.660068	0.660068	0.660068	0.033814	0.239959	0.250043	0.249971	0.260027	0.839065	
2759000	-461.625835	1	2	1	'1 Z 1 1 1 1 1 0 	D	0.516403	0.000000	0.516403	0.516403	0.516403	0.516403	0.516403	0.045061	0.222081	0.250757	0.247982	0.279181	0.153207	
2760000	-460.027495	1	2	2	'1 0 1 1 1 Z 1 Z 	D	0.665309	0.021934	0.665309	0.665309	0.665309	0.000000	0.665309	0.000000	0.256938	0.270387	0.189726	0.282948	0.305012	
2761000	-460.637357	1	2	1	'1 Z 1 1 1 1 1 0 	D	0.637700	0.000000	0.637700	0.637700	0.637700	0.637700	0.637700	0.011050	0.236631	0.249783	0.250468	0.263118	0.266728	
2762000	-459.416907	1	2	1	'1 0 1 1 1 1 1 Z 	D	0.664950	0.030878	0.664950	0.664950	0.664950	0.664950	0.664950	0.000000	0.246768	0.249967	0.250095	0.253170	0.586932	
2763000	-461.279519	1	2	1	'1 0 1 1 1 1 1 Z 	D	0.506097	0.042696	0.506097	0.506097	0.506097	0.506097	0.506097	0.000000	0.235770	0.250638	0.248411	0.265181	0.459192	
2764000	-460.095586	1	2	0	'1 0 1 1 1 1 1 0 	D	0.567894	0.026596	0.567894	0.567894	0.567894	0.567894	0.567894	0.026596	0.236009	0.250250	0.249142	0.264599	0.714141	
2765000	-462.484308	1	2	1	'1 Z 1 1 1 1 1 0 	D	0.656344	0.000000	0.656344	0.656344	0.656344	0.656344	0.656344	0.090540	0.242149	0.250190	0.249914	0.257747	0.917494	
2766000	-460.096487	1	2	1	'1 0 1 1 1 1 1 Z 	D	0.636583	0.016548	0.636583	0.636583	0.636583	0.636583	0.636583	0.000000	0.245556	0.249825	0.250588	0.254032	0.646778	
2767000	-459.890844	1	2	1	'1 0 1 1 1 1 1 Z 	D	0.733354	0.043233	0.733354	0.733354	0.733354	0.733354	0.733354	0.000000	0.248325	0.249988	0.250007	0.251679	0.222062	
2768000	-461.275740	1	2	2	'1 Z 1 1 Z 1 1 0 	D	0.593310	0.000000	0.593310	0.593310	0.000000	0.593310	0.593310	0.010176	0.244611	0.259396	0.222090	0.273903	0.328701	
2769000	-460.858964	1	2	3	'1 0 1 1 Z Z 1 Z 	D	0.671289	0.020799	0.671289	0.671289	0.000000	0.000000	0.671289	0.000000	0.294486	0.335029	0.000000	0.370486	0.342315	
2770000	-462.016586	1	2	1	'1 0 1 1 0 0 1 Z 	D	0.536642	0.020657	0.536642	0.536642	0.020657	0.020657	0.536642	0.000000	0.266420	0.333279	0.001982	0.398319	0.672006	
2771000	-460.720978	1	2	2	'1 0 1 1 1 Z 1 Z 	D	0.579941	0.016677	0.579941	0.579941	0.579941	0.000000	0.579941	0.000000	0.257630	0.280730	0.158729	0.302910	0.804011	
2772000	-459.528380	1	2	1	'1 0 1 1 1 1 1 Z 	D	0.696515	0.038690	0.696515	0.696515	0.696515	0.696515	0.696515	0.000000	0.247629	0.249984	0.250024	0.252364	0.854584	
2773000	-463.639730	1	2	2	'1 Z 1 1 Z 1 1 0 	D	0.556105	0.000000	0.556105	0.556105	0.000000	0.556105	0.556105	0.003966	0.236197	0.259389	0.221322	0.283092	0.271364	
2774000	-461.852667	1	2	3	'1 Z 1 1 Z Z 1 0 	D	0.652132	0.000000	0.652132	0.652132	0.000000	0.000000	0.652132	0.021121	0.352122	0.335894	0.000000	0.311984	0.825840	
2775000	-463.196654	1	2	2	'0 Z 0 0 Z 1 0 1 	D	0.533431	0.000000	0.533431	0.533431	0.000000	0.020957	0.533431	0.020957	0.344276	0.336958	0.000527	0.318239	0.479482	
2776000	-459.408866	1	2	0	'0 1 0 0 1 0 0 1 	D	0.642162	0.012161	0.642162	0.642162	0.012161	0.642162	0.642162	0.012161	0.250349	0.257819	0.227190	0.264642	0.267480	
2777000	-460.635742	1	2	1	'0 1 0 0 0 0 0 Z 	D	0.764573	0.024673	0.764573	0.764573	0.764573	0.764573	0.764573	0.000000	0.248691	0.249979	0.250054	0.251276	0.403932	
2778000	-460.737127	1	2	1	'0 Z 0 0 0 0 0 1 	D	0.703363	0.000000	0.703363	0.703363	0.703363	0.703363	0.703363	0.058389	0.243627	0.250071	0.249992	0.256310	0.810909	
2779000	-460.320647	1	2	1	'0 1 0 0 0 0 0 Z 	D	0.764337	0.048169	0.764337	0.764337	0.764337	0.764337	0.764337	0.000000	0.248747	0.249991	0.250000	0.251262	0.224352	
2780000	-461.094343	1	2	1	'0 1 0 0 1 1 0 Z 	D	0.699896	0.023720	0.699896	0.699896	0.023720	0.023720	0.699896	0.000000	0.296397	0.334228	0.002605	0.366770	0.183222	
2781000	-460.890943	1	2	1	'0 1 0 0 0 1 0 Z 	D	0.781648	0.034209	0.781648	0.781648	0.781648	0.034209	0.781648	0.000000	0.252462	0.258866	0.223953	0.264718	0.170821	
2782000	-460.126773	1	2	1	'0 Z 0 0 0 0 0 1 	D	0.573656	0.000000	0.573656	0.573656	0.573656	0.573656	0.573656	0.019256	0.229019	0.249905	0.249920	0.271156	0.290849	
2783000	-462.689422	1	2	1	'0 1 0 0 0 0 0 Z 	D	0.699149	0.127704	0.699149	0.699149	0.699149	0.699149	0.699149	0.000000	0.247722	0.249985	0.249866	0.252427	0.396053	
2784000	-462.339303	1	2	1	'0 1 0 0 0 0 0 Z 	D	0.678548	0.121711	0.678548	0.678548	0.678548	0.678548	0.678548	0.000000	0.247226	0.249992	0.249821	0.252961	0.336105	
2785000	-459.340295	1	2	1	'0 1 0 0 0 0 0 Z 	D	0.648003	0.044271	0.648003	0.648003	0.648003	0.648003	0.648003	0.000000	0.246289	0.250001	0.249962	0.253748	0.203758	
2786000	-460.774752	1	2	1	'0 Z 0 0 0 0 0 1 	D	0.569218	0.000000	0.569218	0.569218	0.569218	0.569218	0.569218	0.012189	0.227415	0.249599	0.250599	0.272386	0.930945	
2787000	-461.231317	1	2	2	'0 1 0 0 0 Z 0 Z 	D	0.551502	0.027731	0.551502	0.551502	0.551502	0.000000	0.551502	0.000000	0.249758	0.287504	0.138543	0.324196	0.402669	
2788000	-461.624558	1	2	2	'0 1 0 0 0 Z 0 Z 	D	0.825415	0.037084	0.825415	0.825415	0.825415	0.000000	0.825415	0.000000	0.253016	0.258440	0.225239	0.263306	0.615128	
2789000	-463.125044	1	2	1	'0 1 0 0 0 Z 0 1 	D	0.921116	0.016312	0.921116	0.921116	0.921116	0.000000	0.921116	0.016312	0.252299	0.253422	0.239963	0.254316	0.897890	
2790000	-462.315926	1	2	1	'0 1 0 0 0 1 0 Z 	D	0.673690	0.072838	0.673690	0.673690	0.673690	0.072838	0.673690	0.000000	0.244109	0.268061	0.197424	0.290406	0.356864	
2791000	-462.285608	1	2	1	'0 1 0 0 0 1 0 Z 	D	0.879197	0.029571	0.879197	0.879197	0.879197	0.029571	0.879197	0.000000	0.251710	0.254257	0.237451	0.256582	0.413408	
2792000	-463.695592	1	2	3	'0 1 0 0 Z Z 0 Z 	D	0.909218	0.011787	0.909218	0.909218	0.000000	0.000000	0.909218	0.000000	0.322918	0.334287	0.000000	0.342795	0.621362	
2793000	-460.442484	1	2	1	'0 1 0 0 1 Z 0 1 	D	0.662217	0.006721	0.662217	0.662217	0.006721	0.000000	0.662217	0.006721	0.322202	0.335006	0.000052	0.342741	0.660443	
2794000	-462.450530	1	2	1	'0 Z 0 0 1 0 0 1 	D	0.672387	0.000000	0.672387	0.672387	0.058540	0.672387	0.672387	0.058540	0.260492	0.258345	0.226372	0.254791	0.366040	
2795000	-462.227437	1	2	1	'0 Z 0 0 0 0 0 1 	D	0.791124	0.000000	0.791124	0.791124	0.791124	0.791124	0.791124	0.069086	0.247001	0.250033	0.250018	0.252948	0.294005	
2796000	-460.819721	1	2	2	'0 1 0 0 Z 1 0 Z 	D	0.697664	0.010393	0.697664	0.697664	0.000000	0.010393	0.697664	0.000000	0.313180	0.334271	0.000149	0.352400	0.373973	
2797000	-461.167953	1	2	2	'0 1 0 0 1 Z 0 Z 	D	0.722455	0.021717	0.722455	0.722455	0.021717	0.000000	0.722455	0.000000	0.301050	0.334930	0.000479	0.363541	0.364222	
2798000	-460.279674	1	2	2	'0 1 0 0 0 Z 0 Z 	D	0.671863	0.034632	0.671863	0.671863	0.671863	0.000000	0.671863	0.000000	0.254237	0.271674	0.186292	0.287796	0.186530	
2799000	-460.482874	1	2	2	'0 1 0 0 0 Z 0 Z 	D	0.633163	0.036796	0.633163	0.633163	0.633163	0.000000	0.633163	0.000000	0.252520	0.277036	0.170440	0.300003	0.950783	
2800000	-461.649561	1	2	3	'0 1 0 0 Z Z 0 Z 	D	0.552813	0.010594	0.552813	0.552813	0.000000	0.000000	0.552813	0.000000	0.290254	0.334118	0.000000	0.375628	0.215888	
2801000	-464.112012	1	2	1	'0 1 0 0 1 Z 0 1 	D	0.923989	0.004974	0.923989	0.923989	0.004974	0.000000	0.923989	0.004974	0.331755	0.334160	0.000030	0.334055	0.319249	
2802000	-461.310558	1	2	2	'0 1 0 0 Z 1 0 Z 	D	0.754110	0.019013	0.754110	0.754110	0.000000	0.019013	0.754110	0.000000	0.307621	0.334748	0.000503	0.357128	0.599254	
2803000	-460.784357	1	2	1	'0 1 0 0 0 1 0 Z 	D	0.637158	0.046343	0.637158	0.637158	0.637158	0.046343	0.637158	0.000000	0.247798	0.272035	0.185312	0.294854	0.646926	
2804000	-461.041516	1	2	1	'0 1 0 0 1 1 0 Z 	D	0.680256	0.024315	0.680256	0.680256	0.024315	0.024315	0.680256	0.000000	0.292805	0.334174	0.002731	0.370290	0.900464	
2805000	-460.893475	1	2	1	'0 1 0 0 1 1 0 Z 	D	0.600617	0.011317	0.600617	0.600617	0.011317	0.011317	0.600617	0.000000	0.299300	0.334089	0.000616	0.365996	0.304401	
2806000	-461.031680	1	2	1	'0 1 0 0 0 Z 0 1 	D	0.705951	0.024330	0.705951	0.705951	0.705951	0.000000	0.705951	0.024330	0.257930	0.265583	0.205269	0.271219	0.634303	
2807000	-460.846129	1	2	1	'0 1 0 0 1 Z 0 1 	D	0.685638	0.003932	0.685638	0.685638	0.003932	0.000000	0.685638	0.003932	0.324320	0.334270	0.000018	0.341392	0.615541	
2808000	-460.508855	1	2	1	'0 1 0 0 Z 0 0 1 	D	0.593832	0.020485	0.593832	0.593832	0.000000	0.593832	0.593832	0.020485	0.253124	0.263266	0.212234	0.271376	0.484236	
2809000	-459.888848	1	2	1	'0 Z 0 0 0 0 0 1 	D	0.611891	0.000000	0.611891	0.611891	0.611891	0.611891	0.611891	0.041100	0.235887	0.250138	0.249768	0.264207	0.929384	
2810000	-460.248427	1	2	1	'0 1 0 0 Z 0 0 1 	D	0.635179	0.021144	0.635179	0.635179	0.000000	0.635179	0.635179	0.021144	0.253344	0.260304	0.220568	0.265784	0.113399	
2811000	-463.910889	1	2	2	'0 Z 0 0 1 Z 0 1 	D	0.507791	0.000000	0.507791	0.507791	0.021523	0.000000	0.507791	0.021523	0.341741	0.337585	0.000552	0.320121	0.693248	
2812000	-460.890691	1	2	2	'0 1 0 0 Z 1 0 Z 	D	0.602216	0.011146	0.602216	0.602216	0.000000	0.011146	0.602216	0.000000	0.299668	0.334244	0.000182	0.365906	0.913703	
2813000	-462.610433	1	2	1	'0 Z 0 0 0 0 0 1 	D	0.505032	0.000000	0.505032	0.505032	0.505032	0.505032	0.505032	0.056171	0.221573	0.251143	0.247374	0.279909	0.784664	
2814000	-464.458945	1	2	1	'0 Z 0 0 1 0 0 1 	D	0.493443	0.000000	0.493443	0.493443	0.006148	0.493443	0.493443	0.006148	0.229560	0.265436	0.202904	0.302100	0.496294	
2815000	-462.435567	1	2	0	'1 0 1 1 1 0 1 0 	D	0.499227	0.017305	0.499227	0.499227	0.499227	0.017305	0.499227	0.017305	0.251304	0.291421	0.130529	0.326747	0.376014	
2816000	-460.653204	1	2	1	'1 0 1 1 1 1 1 Z 	D	0.553227	0.063893	0.553227	0.553227	0.553227	0.553227	0.553227	0.000000	0.240915	0.250281	0.249056	0.259747	0.488529	
2817000	-461.086289	1	2	0	'1 0 1 1 1 1 1 0 	D	0.796039	0.011810	0.796039	0.796039	0.796039	0.796039	0.796039	0.011810	0.247623	0.249991	0.250019	0.252367	0.310079	
2818000	-461.262558	1	2	1	'1 Z 1 1 1 1 1 0 	D	0.740947	0.000000	0.740947	0.740947	0.740947	0.740947	0.740947	0.062307	0.245363	0.250050	0.250012	0.254575	0.206923	
2819000	-463.488464	1	2	0	'1 0 1 1 1 1 1 0 	D	0.754812	0.060458	0.754812	0.754812	0.754812	0.754812	0.754812	0.060458	0.247719	0.250013	0.249964	0.252304	0.827381	
2820000	-460.861945	1	2	2	'1 Z 1 1 Z 1 1 0 	D	0.673769	0.000000	0.673769	0.673769	0.000000	0.673769	0.673769	0.033348	0.257417	0.259302	0.223137	0.260144	0.298474	
2821000	-459.755200	1	2	0	'1 0 1 1 0 1 1 0 	D	0.597597	0.014000	0.597597	0.597597	0.014000	0.597597	0.597597	0.014000	0.250036	0.260776	0.218802	0.270385	0.234649	
2822000	-461.492611	1	2	1	'1 Z 1 1 1 1 1 0 	D	0.505779	0.000000	0.505779	0.505779	0.505779	0.505779	0.505779	0.032449	0.217889	0.250591	0.247794	0.283726	0.388035	
2823000	-461.019236	1	2	1	'1 0 1 1 1 1 1 Z 	D	0.673809	0.094793	0.673809	0.673809	0.673809	0.673809	0.673809	0.000000	0.247135	0.250002	0.249845	0.253018	0.512247	
2824000	-459.659483	1	2	0	'1 0 1 1 1 1 1 0 	D	0.564480	0.015637	0.564480	0.564480	0.564480	0.564480	0.564480	0.015637	0.234280	0.250123	0.249404	0.266194	0.790296	
2825000	-460.923509	1	2	1	'1 0 1 1 1 Z 1 0 	D	0.701243	0.023751	0.701243	0.701243	0.701243	0.000000	0.701243	0.023751	0.258083	0.266015	0.203993	0.271909	0.670570	
2826000	-459.328866	1	2	1	'1 0 1 1 1 1 1 Z 	D	0.652577	0.042431	0.652577	0.652577	0.652577	0.652577	0.652577	0.000000	0.246438	0.249996	0.249982	0.253584	0.483258	
2827000	-459.611824	1	2	1	'1 0 1 1 1 1 1 Z 	D	0.638647	0.023178	0.638647	0.638647	0.638647	0.638647	0.638647	0.000000	0.245769	0.249917	0.250288	0.254026	0.254962	
2828000	-461.435322	1	2	1	'1 Z 1 1 0 0 1 0 	D	0.629822	0.000000	0.629822	0.629822	0.008799	0.008799	0.629822	0.008799	0.329989	0.334451	0.000376	0.335184	0.859683	
2829000	-460.993308	1	2	1	'1 Z 1 1 1 1 1 0 	D	0.576086	0.000000	0.576086	0.576086	0.576086	0.576086	0.576086	0.057644	0.232974	0.250378	0.249371	0.267277	0.235629	
2830000	-459.307856	1	2	1	'1 0 1 1 1 1 1 Z 	D	0.638846	0.040443	0.638846	0.638846	0.638846	0.638846	0.638846	0.000000	0.245933	0.249999	0.249984	0.254084	0.409513	
2831000	-461.593796	1	2	2	'1 0 1 1 0 Z 1 Z 	D	0.608767	0.006023	0.608767	0.608767	0.006023	0.000000	0.608767	0.000000	0.310218	0.333939	0.000039	0.355804	0.750071	
2832000	-462.510592	1	2	2	'1 0 1 1 Z 0 1 Z 	D	0.641769	0.003491	0.641769	0.641769	0.000000	0.003491	0.641769	0.000000	0.318678	0.333716	0.000017	0.347589	0.439274	
2833000	-462.401607	1	2	3	'1 0 1 1 Z Z 1 Z 	D	0.808386	0.007186	0.808386	0.808386	0.000000	0.000000	0.808386	0.000000	0.323768	0.333996	0.000000	0.342237	0.478763	
2834000	-462.309808	1	2	1	'1 Z 1 1 0 1 1 0 	D	0.687401	0.000000	0.687401	0.687401	0.056997	0.687401	0.687401	0.056997	0.259167	0.257447	0.228858	0.254528	0.701175	
2835000	-460.863634	1	2	2	'1 Z 1 1 Z 1 1 0 	D	0.684810	0.000000	0.684810	0.684810	0.000000	0.684810	0.684810	0.011214	0.247272	0.254199	0.237569	0.260960	0.787439	
2836000	-463.142855	1	2	2	'1 0 1 1 1 Z 1 Z 	D	0.808998	0.006204	0.808998	0.808998	0.808998	0.000000	0.808998	0.000000	0.253695	0.255654	0.233114	0.257536	0.545504	
2837000	-462.361325	1	2	2	'1 Z 1 1 Z 1 1 0 	D	0.707264	0.000000	0.707264	0.707264	0.000000	0.707264	0.707264	0.053190	0.263053	0.260198	0.220793	0.255956	0.761418	
2838000	-460.886404	1	2	2	'1 Z 1 1 Z 1 1 0 	D	0.723046	0.000000	0.723046	0.723046	0.000000	0.723046	0.723046	0.030978	0.254467	0.256109	0.232263	0.257161	0.359628	
2839000	-459.844292	1	2	1	'1 0 1 1 1 1 1 Z 	D	0.598133	0.058794	0.598133	0.598133	0.598133	0.598133	0.598133	0.000000	0.244090	0.250088	0.249651	0.256172	0.333839	
2840000	-459.876520	1	2	0	'1 0 1 1 0 1 1 0 	D	0.742059	0.011026	0.742059	0.742059	0.011026	0.742059	0.742059	0.011026	0.250102	0.253283	0.240364	0.256252	0.858362	
2841000	-461.322749	1	2	2	'1 0 1 1 Z 0 1 Z 	D	0.614537	0.006934	0.614537	0.614537	0.000000	0.006934	0.614537	0.000000	0.309346	0.334007	0.000068	0.356580	0.312785	
2842000	-462.818795	1	2	1	'1 0 1 1 1 0 1 Z 	D	0.543230	0.056826	0.543230	0.543230	0.543230	0.056826	0.543230	0.000000	0.231478	0.284397	0.146985	0.337141	0.276878	
2843000	-461.931169	1	2	1	'1 0 1 1 1 1 1 Z 	D	0.550960	0.091197	0.550960	0.550960	0.550960	0.550960	0.550960	0.000000	0.240580	0.250310	0.248716	0.260393	0.367242	
2844000	-460.713724	1	2	1	'1 0 1 1 Z 0 1 0 	D	0.594252	0.005559	0.594252	0.594252	0.000000	0.005559	0.594252	0.005559	0.314476	0.334888	0.000043	0.350593	0.682759	
2845000	-460.868542	1	2	0	'1 0 1 1 0 0 1 0 	D	0.594231	0.004440	0.594231	0.594231	0.004440	0.004440	0.594231	0.004440	0.314521	0.334527	0.000097	0.350855	0.355292	
2846000	-460.218682	1	2	1	'1 Z 1 1 1 1 1 0 	D	0.580804	0.000000	0.580804	0.580804	0.580804	0.580804	0.580804	0.016437	0.229826	0.249826	0.250138	0.270210	0.292870	
2847000	-461.885518	1	2	2	'1 Z 1 1 0 Z 1 0 	D	0.725631	0.000000	0.725631	0.725631	0.019323	0.000000	0.725631	0.019323	0.348337	0.335138	0.000476	0.316049	0.753671	
2848000	-460.172251	1	2	1	'1 Z 1 1 1 1 1 0 	D	0.560794	0.000000	0.560794	0.560794	0.560794	0.560794	0.560794	0.023173	0.227354	0.250015	0.249605	0.273025	0.366935	
2849000	-460.059931	1	2	1	'1 Z 1 1 1 1 1 0 	D	0.611933	0.000000	0.611933	0.611933	0.611933	0.611933	0.611933	0.045781	0.236204	0.250165	0.249749	0.263882	0.603085	
2850000	-459.317023	1	2	1	'1 0 1 1 1 1 1 Z 	D	0.651201	0.040911	0.651201	0.651201	0.651201	0.651201	0.651201	0.000000	0.246384	0.249994	0.249993	0.253628	0.380600	
2851000	-459.720552	1	2	1	'1 Z 1 1 1 1 1 0 	D	0.671728	0.000000	0.671728	0.671728	0.671728	0.671728	0.671728	0.032203	0.240775	0.250031	0.249994	0.259200	0.352667	
2852000	-461.197563	1	2	2	'1 0 1 1 1 Z 1 Z 	D	0.621678	0.047720	0.621678	0.621678	0.621678	0.000000	0.621678	0.000000	0.248254	0.280577	0.160136	0.311032	0.895801	
2853000	-461.412396	1	2	1	'1 0 1 1 Z 0 1 0 	D	0.693812	0.002758	0.693812	0.693812	0.000000	0.002758	0.693812	0.002758	0.325003	0.333978	0.000010	0.341009	0.756664	
2854000	-462.512624	1	2	1	'1 Z 1 1 0 0 1 0 	D	0.776915	0.000000	0.776915	0.776915	0.020780	0.020780	0.776915	0.020780	0.347873	0.334490	0.002020	0.315617	0.697780	
2855000	-460.482557	1	2	1	'1 0 1 1 1 1 1 Z 	D	0.579717	0.015404	0.579717	0.579717	0.579717	0.579717	0.579717	0.000000	0.242284	0.249642	0.251271	0.256803	0.796436	
2856000	-460.341492	1	2	1	'1 Z 1 1 1 1 1 0 	D	0.622792	0.000000	0.622792	0.622792	0.622792	0.622792	0.622792	0.053310	0.237756	0.250176	0.249794	0.262275	0.528759	
2857000	-463.404521	1	2	1	'1 0 1 1 1 0 1 Z 	D	0.907646	0.051045	0.907646	0.907646	0.907646	0.051045	0.907646	0.000000	0.250754	0.253795	0.238920	0.256531	0.784749	
2858000	-462.399263	1	2	1	'1 0 1 1 1 1 1 Z 	D	0.856355	0.075964	0.856355	0.856355	0.856355	0.856355	0.856355	0.000000	0.249469	0.249995	0.249994	0.250542	0.471420	
2859000	-459.494582	1	2	1	'1 0 1 1 1 1 1 Z 	D	0.611948	0.027499	0.611948	0.611948	0.611948	0.611948	0.611948	0.000000	0.244621	0.249949	0.250208	0.255222	0.939773	
2860000	-460.520915	1	2	0	'1 0 1 1 1 1 1 0 	D	0.777031	0.015979	0.777031	0.777031	0.777031	0.777031	0.777031	0.015979	0.247305	0.249994	0.250008	0.252693	0.697217	
2861000	-460.977786	1	2	1	'1 0 1 1 1 1 1 Z 	D	0.700967	0.091672	0.700967	0.700967	0.700967	0.700967	0.700967	0.000000	0.247793	0.249994	0.249906	0.252307	0.429172	
2862000	-460.445512	1	2	1	'1 0 1 1 1 1 1 Z 	D	0.751096	0.064059	0.751096	0.751096	0.751096	0.751096	0.751096	0.000000	0.248609	0.249992	0.249979	0.251420	0.674450	
2863000	-459.661851	1	2	1	'1 Z 1 1 1 1 1 0 	D	0.611279	0.000000	0.611279	0.611279	0.611279	0.611279	0.611279	0.030139	0.235066	0.250056	0.249849	0.265028	0.758958	
2864000	-460.064921	1	2	1	'1 Z 1 1 1 1 1 0 	D	0.710976	0.000000	0.710976	0.710976	0.710976	0.710976	0.710976	0.025819	0.243061	0.250003	0.250038	0.256898	0.848225	
2865000	-462.056852	1	2	1	'1 0 1 1 1 Z 1 0 	D	0.544676	0.023197	0.544676	0.544676	0.544676	0.000000	0.544676	0.023197	0.257446	0.286948	0.144899	0.310707	0.129866	
2866000	-460.068378	1	2	1	'1 Z 1 1 1 1 1 0 	D	0.630481	0.000000	0.630481	0.630481	0.630481	0.630481	0.630481	0.047799	0.238149	0.250136	0.249841	0.261874	0.503339	
2867000	-459.902466	1	2	1	'1 0 1 1 Z 1 1 0 	D	0.653946	0.018777	0.653946	0.653946	0.000000	0.653946	0.653946	0.018777	0.252736	0.258843	0.224562	0.263860	0.224744	
2868000	-459.255002	1	2	0	'1 0 1 1 1 1 1 0 	D	0.657477	0.019040	0.657477	0.657477	0.657477	0.657477	0.657477	0.019040	0.242855	0.250012	0.249912	0.257221	0.178067	
2869000	-460.002386	1	2	1	'1 0 1 1 1 0 1 Z 	D	0.662308	0.021030	0.662308	0.662308	0.662308	0.021030	0.662308	0.000000	0.255666	0.268316	0.195822	0.280197	0.187823	
2870000	-459.809600	1	2	0	'1 0 1 1 1 0 1 0 	D	0.594267	0.010888	0.594267	0.594267	0.594267	0.010888	0.594267	0.010888	0.259256	0.276780	0.171377	0.292587	0.830529	
2871000	-460.971991	1	2	3	'1 0 1 1 Z Z 1 Z 	D	0.677363	0.022140	0.677363	0.677363	0.000000	0.000000	0.677363	0.000000	0.293475	0.335112	0.000000	0.371413	0.814389	
2872000	-459.485261	1	2	0	'1 0 1 1 1 1 1 0 	D	0.592506	0.021423	0.592506	0.592506	0.592506	0.592506	0.592506	0.021423	0.238047	0.250113	0.249545	0.262295	0.283341	
2873000	-459.466634	1	2	1	'1 0 1 1 1 1 1 Z 	D	0.620250	0.027418	0.620250	0.620250	0.620250	0.620250	0.620250	0.000000	0.245028	0.249947	0.250202	0.254823	0.653033	
2874000	-461.246873	1	2	1	'1 Z 1 1 1 1 1 0 	D	0.581938	0.000000	0.581938	0.581938	0.581938	0.581938	0.581938	0.063350	0.234168	0.250382	0.249436	0.266015	0.191851	
2875000	-460.514741	1	2	1	'1 0 1 1 Z 1 1 0 	D	0.560457	0.016145	0.560457	0.560457	0.000000	0.560457	0.560457	0.016145	0.250919	0.265406	0.205817	0.277858	0.263391	
2876000	-460.331523	1	2	1	'1 Z 1 1 0 1 1 0 	D	0.665284	0.000000	0.665284	0.665284	0.020986	0.665284	0.665284	0.020986	0.250064	0.255911	0.232774	0.261251	0.612299	
2877000	-460.241445	1	2	1	'1 Z 1 1 1 1 1 0 	D	0.692207	0.000000	0.692207	0.692207	0.692207	0.692207	0.692207	0.048459	0.242713	0.250063	0.249985	0.257239	0.637113	
2878000	-461.177780	1	2	1	'1 0 1 1 1 0 1 Z 	D	0.566771	0.012826	0.566771	0.566771	0.566771	0.012826	0.566771	0.000000	0.257759	0.280028	0.160659	0.301555	0.445527	
2879000	-459.409449	1	2	1	'1 0 1 1 1 1 1 Z 	D	0.678343	0.040288	0.678343	0.678343	0.678343	0.678343	0.678343	0.000000	0.247197	0.249987	0.250013	0.252803	0.359705	
2880000	-460.225524	1	2	1	'1 0 1 1 1 Z 1 0 	D	0.752305	0.013408	0.752305	0.752305	0.752305	0.000000	0.752305	0.013408	0.256634	0.261319	0.216806	0.265241	0.702592	
2881000	-461.203016	1	2	1	'1 0 1 1 1 0 1 Z 	D	0.721536	0.053546	0.721536	0.721536	0.721536	0.053546	0.721536	0.000000	0.249693	0.263606	0.210326	0.276374	0.630038	
2882000	-459.698659	1	2	1	'0 1 0 0 0 0 0 Z 	D	0.628311	0.021639	0.628311	0.628311	0.628311	0.628311	0.628311	0.000000	0.245307	0.249893	0.250377	0.254423	0.617892	
2883000	-460.857422	1	2	1	'0 1 0 0 0 1 0 Z 	D	0.671054	0.049529	0.671054	0.671054	0.671054	0.049529	0.671054	0.000000	0.248785	0.268299	0.196459	0.286457	0.140069	
2884000	-460.189774	1	2	1	'1 0 1 1 1 1 1 Z 	D	0.638478	0.015689	0.638478	0.638478	0.638478	0.638478	0.638478	0.000000	0.245612	0.249811	0.250630	0.253947	0.613558	
2885000	-460.320951	1	2	1	'1 Z 1 1 1 1 1 0 	D	0.734319	0.000000	0.734319	0.734319	0.734319	0.734319	0.734319	0.036003	0.244501	0.250023	0.250018	0.255458	0.630832	
2886000	-459.326654	1	2	1	'1 0 1 1 1 1 1 Z 	D	0.639216	0.043064	0.639216	0.639216	0.639216	0.639216	0.639216	0.000000	0.245961	0.250004	0.249959	0.254076	0.262134	
2887000	-459.970050	1	2	0	'1 0 1 1 0 1 1 0 	D	0.751534	0.012065	0.751534	0.751534	0.012065	0.751534	0.751534	0.012065	0.250204	0.253084	0.240964	0.255749	0.793614	
2888000	-461.154910	1	2	2	'1 0 1 1 1 Z 1 Z 	D	0.583638	0.039651	0.583638	0.583638	0.583638	0.000000	0.583638	0.000000	0.247544	0.284843	0.146970	0.320643	0.413020	
2889000	-460.522995	1	2	1	'1 0 1 1 1 Z 1 0 	D	0.604815	0.019661	0.604815	0.604815	0.604815	0.000000	0.604815	0.019661	0.259854	0.277280	0.171449	0.291417	0.962610	
2890000	-460.057943	1	2	1	'1 0 1 1 1 1 1 Z 	D	0.557981	0.026861	0.557981	0.557981	0.557981	0.557981	0.557981	0.000000	0.241011	0.249999	0.250201	0.258789	0.787298	
2891000	-459.921173	1	2	1	'1 0 1 1 1 1 1 Z 	D	0.732893	0.034231	0.732893	0.732893	0.732893	0.732893	0.732893	0.000000	0.248292	0.249983	0.250034	0.251691	0.489622	
2892000	-462.685429	1	2	1	'1 0 1 1 1 1 1 Z 	D	0.867896	0.022602	0.867896	0.867896	0.867896	0.867896	0.867896	0.000000	0.249472	0.249994	0.250014	0.250520	0.686969	
2893000	-460.361985	1	2	1	'1 Z 1 1 1 1 1 0 	D	0.582198	0.000000	0.582198	0.582198	0.582198	0.582198	0.582198	0.046806	0.232815	0.250267	0.249486	0.267431	0.250236	
2894000	-461.094002	1	2	1	'1 Z 1 1 1 1 1 0 	D	0.560751	0.000000	0.560751	0.560751	0.560751	0.560751	0.560751	0.055036	0.230690	0.250455	0.249137	0.269718	0.426714	
2895000	-462.044188	1	2	1	'1 0 1 1 1 1 1 Z 	D	0.511046	0.070982	0.511046	0.511046	0.511046	0.511046	0.511046	0.000000	0.236397	0.250717	0.247740	0.265146	0.376044	
2896000	-460.520044	1	2	2	'1 0 1 1 1 Z 1 Z 	D	0.646322	0.038851	0.646322	0.646322	0.646322	0.000000	0.646322	0.000000	0.252517	0.275605	0.174763	0.297115	0.564854	
2897000	-460.330010	1	2	1	'1 0 1 1 1 1 1 Z 	D	0.717196	0.071795	0.717196	0.717196	0.717196	0.717196	0.717196	0.000000	0.248102	0.249993	0.249950	0.251954	0.337988	
2898000	-460.313578	1	2	1	'1 Z 1 1 1 1 1 0 	D	0.573341	0.000000	0.573341	0.573341	0.573341	0.573341	0.573341	0.042935	0.231288	0.250271	0.249398	0.269043	0.104586	
2899000	-459.660268	1	2	1	'1 Z 1 1 1 1 1 0 	D	0.610507	0.000000	0.610507	0.610507	0.610507	0.610507	0.610507	0.027505	0.234789	0.250032	0.249880	0.265299	0.814699	
2900000	-461.138485	1	2	1	'1 Z 1 1 1 1 1 0 	D	0.542387	0.000000	0.542387	0.542387	0.542387	0.542387	0.542387	0.012555	0.222457	0.249525	0.250494	0.277524	0.655466	
2901000	-460.167068	1	2	1	'1 0 1 1 1 1 1 Z 	D	0.582330	0.018434	0.582330	0.582330	0.582330	0.582330	0.582330	0.000000	0.242620	0.249774	0.250849	0.256758	0.752495	
2902000	-460.951053	1	2	1	'1 0 1 1 Z 1 1 0 	D	0.818157	0.015101	0.818157	0.818157	0.000000	0.818157	0.818157	0.015101	0.250522	0.252061	0.243977	0.253439	0.532941	
2903000	-462.014292	1	2	1	'1 Z 1 1 0 1 1 0 	D	0.570024	0.000000	0.570024	0.570024	0.007626	0.570024	0.570024	0.007626	0.240227	0.259367	0.221888	0.278518	0.199405	
2904000	-459.733592	1	2	1	'1 Z 1 1 1 1 1 0 	D	0.642644	0.000000	0.642644	0.642644	0.642644	0.642644	0.642644	0.038159	0.238717	0.250076	0.249914	0.261293	0.417281	
2905000	-460.375584	1	2	0	'1 0 1 1 1 0 1 0 	D	0.685098	0.020816	0.685098	0.685098	0.685098	0.020816	0.685098	0.020816	0.257085	0.265759	0.204524	0.272632	0.876040	
2906000	-460.876567	1	2	1	'1 0 1 1 0 0 1 Z 	D	0.661152	0.008721	0.661152	0.661152	0.008721	0.008721	0.661152	0.000000	0.312118	0.334054	0.000369	0.353459	0.822427	
2907000	-462.943520	1	2	2	'1 0 1 1 0 Z 1 Z 	D	0.543349	0.033322	0.543349	0.543349	0.033322	0.000000	0.543349	0.000000	0.243681	0.333067	0.000807	0.422445	0.790931	
2908000	-463.666017	1	2	3	'1 0 1 1 Z Z 1 Z 	D	0.507791	0.005821	0.507791	0.507791	0.000000	0.000000	0.507791	0.000000	0.290018	0.333759	0.000000	0.376223	0.536986	
2909000	-459.446546	1	2	1	'1 0 1 1 1 1 1 Z 	D	0.618690	0.028324	0.618690	0.618690	0.618690	0.618690	0.618690	0.000000	0.244965	0.249954	0.250178	0.254902	0.366993	
2910000	-459.263245	1	2	0	'1 0 1 1 1 1 1 0 	D	0.609075	0.017934	0.609075	0.609075	0.609075	0.609075	0.609075	0.017934	0.239256	0.250049	0.249743	0.260952	0.672387	
2911000	-460.025928	1	2	1	'1 Z 1 1 1 1 1 0 	D	0.705899	0.000000	0.705899	0.705899	0.705899	0.705899	0.705899	0.036731	0.243112	0.250032	0.250009	0.256847	0.771365	
2912000	-459.657830	1	2	0	'1 0 1 1 1 1 1 0 	D	0.674748	0.026723	0.674748	0.674748	0.674748	0.674748	0.674748	0.026723	0.244180	0.250024	0.249899	0.255896	0.240636	
2913000	-461.008729	1	2	1	'1 Z 1 1 1 1 1 0 	D	0.521039	0.000000	0.521039	0.521039	0.521039	0.521039	0.521039	0.022023	0.219547	0.250095	0.248902	0.281456	0.588334	
2914000	-459.691330	1	2	1	'1 Z 1 1 1 1 1 0 	D	0.639486	0.000000	0.639486	0.639486	0.639486	0.639486	0.639486	0.036343	0.238339	0.250070	0.249912	0.261679	0.772282	
2915000	-459.621108	1	2	1	'1 0 1 1 1 Z 1 0 	D	0.622088	0.010833	0.622088	0.622088	0.622088	0.000000	0.622088	0.010833	0.260360	0.274321	0.178562	0.286756	0.418211	
2916000	-460.467729	1	2	1	'1 0 1 1 Z 1 1 0 	D	0.742298	0.020652	0.742298	0.742298	0.000000	0.742298	0.742298	0.020652	0.251974	0.254702	0.236440	0.256884	0.938787	
2917000	-459.247770	1	2	0	'1 0 1 1 1 1 1 0 	D	0.658836	0.015656	0.658836	0.658836	0.658836	0.658836	0.658836	0.015656	0.242735	0.249995	0.249958	0.257312	0.465377	
2918000	-460.653018	1	2	1	'1 0 1 1 1 1 1 Z 	D	0.788103	0.039734	0.788103	0.788103	0.788103	0.788103	0.788103	0.000000	0.248975	0.249991	0.250010	0.251024	0.763178	
2919000	-460.451006	1	2	1	'1 Z 1 1 0 1 1 0 	D	0.630228	0.000000	0.630228	0.630228	0.017085	0.630228	0.630228	0.017085	0.248339	0.257318	0.228582	0.265762	0.677247	
2920000	-463.011800	1	2	0	'1 0 1 1 1 1 1 0 	D	0.461165	0.021526	0.461165	0.461165	0.461165	0.461165	0.461165	0.021526	0.216927	0.251802	0.244215	0.287056	0.199770	
2921000	-461.306244	1	2	2	'1 0 1 1 Z 0 1 Z 	D	0.745878	0.020505	0.745878	0.745878	0.000000	0.020505	0.745878	0.000000	0.305148	0.334815	0.000590	0.359447	0.874766	
2922000	-459.553191	1	2	1	'1 0 1 1 Z 1 1 0 	D	0.624209	0.013558	0.624209	0.624209	0.000000	0.624209	0.624209	0.013558	0.251492	0.260077	0.220726	0.267705	0.626657	
2923000	-460.498954	1	2	1	'1 0 1 1 1 0 1 Z 	D	0.755245	0.022747	0.755245	0.755245	0.755245	0.022747	0.755245	0.000000	0.254058	0.260167	0.219960	0.265815	0.466135	
2924000	-459.707211	1	2	1	'1 0 1 1 1 Z 1 0 	D	0.610793	0.009064	0.610793	0.610793	0.610793	0.000000	0.610793	0.009064	0.260552	0.275670	0.174322	0.289456	0.330216	
2925000	-461.039689	1	2	1	'1 Z 1 1 1 1 1 0 	D	0.675254	0.000000	0.675254	0.675254	0.675254	0.675254	0.675254	0.009861	0.240021	0.249843	0.250377	0.259760	0.914316	
2926000	-460.758931	1	2	2	'1 0 1 1 0 Z 1 Z 	D	0.707228	0.013177	0.707228	0.707228	0.013177	0.000000	0.707228	0.000000	0.310244	0.334472	0.000186	0.355098	0.711343	
2927000	-462.743563	1	2	1	'1 Z 1 1 1 1 1 0 	D	0.527842	0.000000	0.527842	0.527842	0.527842	0.527842	0.527842	0.069147	0.227403	0.250941	0.248267	0.273388	0.375307	
2928000	-460.889967	1	2	1	'1 0 1 1 1 1 1 Z 	D	0.757232	0.076527	0.757232	0.757232	0.757232	0.757232	0.757232	0.000000	0.248696	0.249992	0.249972	0.251341	0.348317	
2929000	-460.594729	1	2	1	'1 Z 1 1 1 1 1 0 	D	0.615306	0.000000	0.615306	0.615306	0.615306	0.615306	0.615306	0.057545	0.237303	0.250214	0.249744	0.262739	0.238159	
2930000	-459.651751	1	2	1	'1 0 1 1 1 1 1 Z 	D	0.581160	0.042031	0.581160	0.581160	0.581160	0.581160	0.581160	0.000000	0.242977	0.250088	0.249761	0.257174	0.622314	
2931000	-459.672252	1	2	1	'1 0 1 1 1 1 1 Z 	D	0.709588	0.034189	0.709588	0.709588	0.709588	0.709588	0.709588	0.000000	0.247883	0.249980	0.250044	0.252094	0.667167	
2932000	-461.459505	1	2	1	'1 Z 1 1 1 1 1 0 	D	0.693474	0.000000	0.693474	0.693474	0.693474	0.693474	0.693474	0.008699	0.241323	0.249854	0.250365	0.258458	0.332838	
2933000	-461.482849	1	2	1	'1 0 1 1 Z 0 1 0 	D	0.745779	0.003525	0.745779	0.745779	0.000000	0.003525	0.745779	0.003525	0.327780	0.334094	0.000016	0.338110	0.424340	
2934000	-460.534086	1	2	1	'1 Z 1 1 0 1 1 0 	D	0.616423	0.000000	0.616423	0.616423	0.023222	0.616423	0.616423	0.023222	0.251047	0.259037	0.223835	0.266081	0.389615	
2935000	-459.608317	1	2	0	'1 0 1 1 1 1 1 0 	D	0.698553	0.022818	0.698553	0.698553	0.698553	0.698553	0.698553	0.022818	0.245076	0.250008	0.249953	0.254963	0.265009	
2936000	-464.187077	1	2	0	'1 0 1 1 1 1 1 0 	D	0.626911	0.067405	0.626911	0.626911	0.626911	0.626911	0.626911	0.067405	0.243714	0.250150	0.249615	0.256521	0.911517	
2937000	-460.470913	1	2	1	'1 Z 1 1 1 1 1 0 	D	0.542870	0.000000	0.542870	0.542870	0.542870	0.542870	0.542870	0.024032	0.224265	0.250080	0.249289	0.276366	0.071487	
2938000	-460.164148	1	2	1	'1 0 1 1 1 Z 1 0 	D	0.750853	0.011935	0.750853	0.750853	0.750853	0.000000	0.750853	0.011935	0.256691	0.261367	0.216582	0.265361	0.309892	
2939000	-461.462624	1	2	0	'1 0 1 1 0 1 1 0 	D	0.514745	0.014420	0.514745	0.514745	0.014420	0.514745	0.514745	0.014420	0.245667	0.267696	0.199310	0.287327	0.995792	
2940000	-459.550533	1	2	1	'1 0 1 1 1 1 1 Z 	D	0.619335	0.053240	0.619335	0.619335	0.619335	0.619335	0.619335	0.000000	0.245163	0.250041	0.249816	0.254980	0.402311	
2941000	-459.421073	1	2	1	'1 0 1 1 1 1 1 Z 	D	0.627182	0.028505	0.627182	0.627182	0.627182	0.627182	0.627182	0.000000	0.245357	0.249955	0.250167	0.254521	0.817142	
2942000	-463.345007	1	2	0	'1 0 1 1 1 1 1 0 	D	0.532105	0.049149	0.532105	0.532105	0.532105	0.532105	0.532105	0.049149	0.234398	0.250725	0.248044	0.266833	0.127775	
2943000	-462.844836	1	2	1	'1 0 1 1 Z 0 1 0 	D	0.755902	0.001774	0.755902	0.755902	0.000000	0.001774	0.755902	0.001774	0.328366	0.333709	0.000004	0.337921	0.209962	
2944000	-460.819547	1	2	1	'1 0 1 1 0 0 1 Z 	D	0.599112	0.014570	0.599112	0.599112	0.014570	0.014570	0.599112	0.000000	0.293238	0.334106	0.001009	0.371647	0.644504	
2945000	-460.403522	1	2	1	'1 0 1 1 1 1 1 Z 	D	0.575440	0.067331	0.575440	0.575440	0.575440	0.575440	0.575440	0.000000	0.242655	0.250171	0.249352	0.257823	0.514014	
2946000	-461.253775	1	2	1	'1 0 1 1 1 1 1 Z 	D	0.557978	0.011855	0.557978	0.557978	0.557978	0.557978	0.557978	0.000000	0.240153	0.249244	0.252584	0.258019	0.164155	
2947000	-461.463202	1	2	1	'1 0 1 1 1 1 1 Z 	D	0.820485	0.064110	0.820485	0.820485	0.820485	0.820485	0.820485	0.000000	0.249259	0.249994	0.249993	0.250753	0.867120	
2948000	-460.594808	1	2	2	'1 0 1 1 1 Z 1 Z 	D	0.639592	0.011833	0.639592	0.639592	0.639592	0.000000	0.639592	0.000000	0.259637	0.271609	0.185754	0.283001	0.257682	
2949000	-460.594899	1	2	1	'1 0 1 1 1 1 1 Z 	D	0.568759	0.069602	0.568759	0.568759	0.568759	0.568759	0.568759	0.000000	0.242164	0.250202	0.249240	0.258394	0.325654	
2950000	-460.662006	1	2	1	'1 0 1 1 1 1 1 Z 	D	0.529672	0.025814	0.529672	0.529672	0.529672	0.529672	0.529672	0.000000	0.238238	0.250081	0.250118	0.261563	0.508193	
2951000	-459.485935	1	2	0	'1 0 1 1 1 1 1 0 	D	0.697903	0.017192	0.697903	0.697903	0.697903	0.697903	0.697903	0.017192	0.244819	0.249996	0.249983	0.255202	0.472869	
2952000	-463.425043	1	2	1	'1 Z 1 1 1 1 1 0 	D	0.468173	0.000000	0.468173	0.468173	0.468173	0.468173	0.468173	0.043558	0.211076	0.251728	0.244988	0.292208	0.595359	
2953000	-459.783351	1	2	1	'1 0 1 1 1 1 1 Z 	D	0.723421	0.037365	0.723421	0.723421	0.723421	0.723421	0.723421	0.000000	0.248148	0.249984	0.250026	0.251842	0.589503	
2954000	-460.260704	1	2	1	'1 Z 1 1 1 1 1 0 	D	0.568843	0.000000	0.568843	0.568843	0.568843	0.568843	0.568843	0.039777	0.230349	0.250258	0.249362	0.270032	0.626932	
2955000	-459.317231	1	2	1	'1 0 1 1 1 1 1 Z 	D	0.628211	0.035847	0.628211	0.628211	0.628211	0.628211	0.628211	0.000000	0.245471	0.249991	0.250029	0.254509	0.451716	
2956000	-461.426245	1	2	0	'1 0 1 1 1 1 1 0 	D	0.560721	0.039027	0.560721	0.560721	0.560721	0.560721	0.560721	0.039027	0.236556	0.250379	0.248875	0.264190	0.616743	
2957000	-460.473616	1	2	2	'1 Z 1 1 Z 1 1 0 	D	0.658127	0.000000	0.658127	0.658127	0.000000	0.658127	0.658127	0.015957	0.249582	0.256811	0.229991	0.263616	0.568196	
2958000	-459.820741	1	2	0	'1 0 1 1 1 0 1 0 	D	0.686190	0.007339	0.686190	0.686190	0.686190	0.007339	0.686190	0.007339	0.258369	0.266109	0.202296	0.273225	0.261820	
2959000	-460.034594	1	2	2	'1 0 1 1 1 Z 1 Z 	D	0.666824	0.021290	0.666824	0.666824	0.666824	0.000000	0.666824	0.000000	0.257062	0.270103	0.190549	0.282286	0.308045	
2960000	-460.960327	1	2	1	'1 Z 1 1 0 1 1 0 	D	0.755073	0.000000	0.755073	0.755073	0.029049	0.755073	0.755073	0.029049	0.251111	0.253062	0.241110	0.254717	0.396299	
2961000	-459.972347	1	2	0	'0 1 0 0 0 0 0 1 	D	0.738715	0.015191	0.738715	0.738715	0.738715	0.738715	0.738715	0.015191	0.246257	0.249991	0.250010	0.253742	0.590505	
2962000	-459.812465	1	2	1	'0 1 0 0 0 0 0 Z 	D	0.572558	0.045614	0.572558	0.572558	0.572558	0.572558	0.572558	0.000000	0.242404	0.250132	0.249619	0.257844	0.203568	
2963000	-459.520249	1	2	0	'0 1 0 0 0 0 0 1 	D	0.584881	0.020589	0.584881	0.584881	0.584881	0.584881	0.584881	0.020589	0.237198	0.250127	0.249484	0.263190	0.353240	
2964000	-460.016647	1	2	0	'0 1 0 0 0 1 0 1 	D	0.738791	0.010942	0.738791	0.738791	0.738791	0.010942	0.738791	0.010942	0.256430	0.261519	0.216084	0.265967	0.835624	
2965000	-460.704984	1	2	0	'0 1 0 0 0 1 0 1 	D	0.737458	0.020964	0.737458	0.737458	0.737458	0.020964	0.737458	0.020964	0.255788	0.261337	0.217207	0.265668	0.542798	
2966000	-461.623105	1	2	0	'0 1 0 0 0 1 0 1 	D	0.691252	0.029186	0.691252	0.691252	0.691252	0.029186	0.691252	0.029186	0.256184	0.264794	0.207957	0.271065	0.751286	
2967000	-459.408288	1	2	1	'0 1 0 0 Z 0 0 1 	D	0.664582	0.011302	0.664582	0.664582	0.000000	0.664582	0.664582	0.011302	0.251047	0.257282	0.228684	0.262986	0.849525	
2968000	-461.144710	1	2	0	'0 1 0 0 1 0 0 1 	D	0.550894	0.004600	0.550894	0.550894	0.004600	0.550894	0.550894	0.004600	0.244715	0.263169	0.210809	0.281308	0.465829	
2969000	-460.864465	1	2	1	'0 Z 0 0 1 0 0 1 	D	0.637013	0.000000	0.637013	0.637013	0.034662	0.637013	0.637013	0.034662	0.255406	0.258931	0.224430	0.261233	0.447335	
2970000	-461.258309	1	2	1	'0 Z 0 0 1 0 0 1 	D	0.560243	0.000000	0.560243	0.560243	0.020420	0.560243	0.560243	0.020420	0.248506	0.262816	0.212927	0.275751	0.625247	
2971000	-459.609277	1	2	0	'0 1 0 0 0 0 0 1 	D	0.687606	0.024601	0.687606	0.687606	0.687606	0.687606	0.687606	0.024601	0.244682	0.250014	0.249931	0.255372	0.633863	
2972000	-459.963937	1	2	1	'0 1 0 0 0 0 0 Z 	D	0.681867	0.020144	0.681867	0.681867	0.681867	0.681867	0.681867	0.000000	0.247154	0.249926	0.250236	0.252684	0.725898	
2973000	-459.995847	1	2	1	'0 1 0 0 Z 0 0 1 	D	0.606967	0.017411	0.606967	0.606967	0.000000	0.606967	0.606967	0.017411	0.252394	0.261833	0.216000	0.269773	0.374741	
2974000	-459.784144	1	2	0	'0 1 0 0 1 0 0 1 	D	0.681082	0.006727	0.681082	0.681082	0.006727	0.681082	0.681082	0.006727	0.249263	0.255049	0.235058	0.260630	0.995316	
2975000	-459.812926	1	2	0	'0 1 0 0 0 0 0 1 	D	0.576822	0.024337	0.576822	0.576822	0.576822	0.576822	0.576822	0.024337	0.236743	0.250190	0.249313	0.263754	0.693588	
2976000	-459.513265	1	2	0	'0 1 0 0 0 0 0 1 	D	0.590614	0.021664	0.590614	0.590614	0.590614	0.590614	0.590614	0.021664	0.237886	0.250121	0.249522	0.262472	0.183409	
2977000	-460.682523	1	2	1	'0 1 0 0 0 1 0 Z 	D	0.741975	0.039960	0.741975	0.741975	0.741975	0.039960	0.741975	0.000000	0.251928	0.261726	0.215643	0.270703	0.926473	
2978000	-460.615132	1	2	1	'0 1 0 0 0 Z 0 1 	D	0.758211	0.006534	0.758211	0.758211	0.758211	0.000000	0.758211	0.006534	0.256363	0.260508	0.218813	0.264317	0.253567	
2979000	-459.976346	1	2	1	'0 1 0 0 0 1 0 Z 	D	0.666619	0.024291	0.666619	0.666619	0.666619	0.024291	0.666619	0.000000	0.254800	0.268022	0.196777	0.280401	0.327075	
2980000	-460.449967	1	2	1	'0 Z 0 0 0 0 0 1 	D	0.577794	0.000000	0.577794	0.577794	0.577794	0.577794	0.577794	0.014133	0.229090	0.249732	0.250337	0.270841	0.834483	
2981000	-459.414876	1	2	0	'0 1 0 0 1 0 0 1 	D	0.671363	0.012251	0.671363	0.671363	0.012251	0.671363	0.671363	0.012251	0.250495	0.256272	0.231680	0.261552	0.961717	
2982000	-460.819217	1	2	2	'0 Z 0 0 Z 0 0 1 	D	0.744886	0.000000	0.744886	0.744886	0.000000	0.744886	0.744886	0.019286	0.250247	0.253416	0.239982	0.256355	0.579578	
2983000	-460.238497	1	2	2	'0 1 0 0 0 Z 0 Z 	D	0.626438	0.029515	0.626438	0.626438	0.626438	0.000000	0.626438	0.000000	0.254483	0.276654	0.171357	0.297506	0.451481	
2984000	-460.872654	1	2	1	'0 1 0 0 1 1 0 Z 	D	0.594561	0.013693	0.594561	0.594561	0.013693	0.013693	0.594561	0.000000	0.293901	0.334092	0.000894	0.371114	0.326230	
2985000	-461.392465	1	2	2	'0 1 0 0 0 Z 0 Z 	D	0.695704	0.054091	0.695704	0.695704	0.695704	0.000000	0.695704	0.000000	0.250967	0.271675	0.186789	0.290568	0.496798	
2986000	-460.734996	1	2	0	'0 1 0 0 1 1 0 1 	D	0.670278	0.009886	0.670278	0.670278	0.009886	0.009886	0.670278	0.009886	0.322507	0.335575	0.000475	0.341443	0.232930	
2987000	-460.479514	1	2	1	'0 Z 0 0 1 0 0 1 	D	0.710369	0.000000	0.710369	0.710369	0.020818	0.710369	0.710369	0.020818	0.249755	0.253871	0.238695	0.257678	0.457957	
2988000	-460.897076	1	2	0	'0 1 0 0 0 1 0 1 	D	0.804694	0.013446	0.804694	0.804694	0.804694	0.013446	0.804694	0.013446	0.254381	0.257331	0.228472	0.259816	0.342250	
2989000	-461.023630	1	2	1	'0 1 0 0 0 0 0 Z 	D	0.797041	0.028003	0.797041	0.797041	0.797041	0.797041	0.797041	0.000000	0.249030	0.249988	0.250026	0.250955	0.462613	
2990000	-459.903467	1	2	1	'0 1 0 0 0 0 0 Z 	D	0.572238	0.049913	0.572238	0.572238	0.572238	0.572238	0.572238	0.000000	0.242403	0.250150	0.249538	0.257910	0.627161	
2991000	-459.768675	1	2	1	'0 Z 0 0 0 0 0 1 	D	0.612791	0.000000	0.612791	0.612791	0.612791	0.612791	0.612791	0.021073	0.234588	0.249953	0.250018	0.265441	0.419761	
2992000	-461.390347	1	2	0	'0 1 0 0 0 0 0 1 	D	0.607581	0.044184	0.607581	0.607581	0.607581	0.607581	0.607581	0.044184	0.241167	0.250169	0.249504	0.259161	0.764273	
2993000	-459.921069	1	2	0	'0 1 0 0 1 0 0 1 	D	0.675614	0.019427	0.675614	0.675614	0.019427	0.675614	0.675614	0.019427	0.251485	0.256455	0.231439	0.260621	0.662983	
2994000	-461.076067	1	2	2	'0 Z 0 0 Z 0 0 1 	D	0.687176	0.000000	0.687176	0.687176	0.000000	0.687176	0.687176	0.009738	0.246506	0.253630	0.239221	0.260642	0.187081	
2995000	-461.488510	1	2	1	'0 Z 0 0 1 0 0 1 	D	0.800315	0.000000	0.800315	0.800315	0.017630	0.800315	0.800315	0.017630	0.248581	0.250949	0.247226	0.253244	0.857739	
2996000	-460.340570	1	2	1	'0 1 0 0 0 0 0 Z 	D	0.629499	0.078026	0.629499	0.629499	0.629499	0.629499	0.629499	0.000000	0.245629	0.250040	0.249725	0.254606	0.430954	
2997000	-461.232259	1	2	1	'0 1 0 0 0 0 0 Z 	D	0.536539	0.014817	0.536539	0.536539	0.536539	0.536539	0.536539	0.000000	0.238311	0.249459	0.252046	0.260183	0.164512	
2998000	-460.757169	1	2	0	'0 1 0 0 1 1 0 1 	D	0.718270	0.007251	0.718270	0.718270	0.007251	0.007251	0.718270	0.007251	0.326022	0.334873	0.000258	0.338848	0.453431	
2999000	-463.840594	1	2	1	'0 Z 0 0 1 1 0 1 	D	0.528937	0.000000	0.528937	0.528937	0.027670	0.027670	0.528937	0.027670	0.354739	0.336573	0.003483	0.305205	0.396313	
3000000	-462.119449	1	2	2	'0 Z 0 0 Z 1 0 1 	D	0.650982	0.000000	0.650982	0.650982	0.000000	0.024184	0.650982	0.024184	0.355339	0.335837	0.000656	0.308168	0.721443	
3001000	-459.708616	1	2	1	'0 1 0 0 0 0 0 Z 	D	0.714814	0.045061	0.714814	0.714814	0.714814	0.714814	0.714814	0.000000	0.248018	0.249989	0.250001	0.251993	0.359604	
3002000	-460.472227	1	2	2	'0 Z 0 0 Z 0 0 1 	D	0.687402	0.000000	0.687402	0.687402	0.000000	0.687402	0.687402	0.017532	0.250214	0.255579	0.233632	0.260575	0.534327	
3003000	-459.933530	1	2	1	'0 Z 0 0 0 0 0 1 	D	0.654914	0.000000	0.654914	0.654914	0.654914	0.654914	0.654914	0.044386	0.240039	0.250087	0.249929	0.259945	0.201536	
3004000	-459.462891	1	2	0	'0 1 0 0 0 0 0 1 	D	0.662161	0.024202	0.662161	0.662161	0.662161	0.662161	0.662161	0.024202	0.243407	0.250027	0.249882	0.256683	0.328059	
3005000	-462.988523	1	2	1	'0 1 0 0 0 1 0 Z 	D	0.494565	0.031004	0.494565	0.494565	0.494565	0.031004	0.494565	0.000000	0.236004	0.291975	0.123687	0.348334	0.799252	
3006000	-460.025913	1	2	1	'0 1 0 0 0 1 0 Z 	D	0.672661	0.028964	0.672661	0.672661	0.672661	0.028964	0.672661	0.000000	0.253655	0.267593	0.198159	0.280593	0.606014	
3007000	-459.606194	1	2	1	'0 1 0 0 0 Z 0 1 	D	0.677827	0.009864	0.677827	0.677827	0.677827	0.000000	0.677827	0.009864	0.259177	0.267758	0.197679	0.275386	0.908709	
3008000	-462.121349	1	2	1	'0 Z 0 0 0 0 0 1 	D	0.512694	0.000000	0.512694	0.512694	0.512694	0.512694	0.512694	0.052273	0.222439	0.250941	0.247758	0.278862	0.677608	
3009000	-462.021645	1	2	2	'0 1 0 0 Z Z 0 1 	D	0.708989	0.014611	0.708989	0.708989	0.000000	0.000000	0.708989	0.014611	0.324877	0.336783	0.000000	0.338341	0.635610	
3010000	-461.745432	1	2	2	'0 Z 0 0 Z 1 0 1 	D	0.624467	0.000000	0.624467	0.624467	0.000000	0.019710	0.624467	0.019710	0.348165	0.335733	0.000455	0.315647	0.911300	
3011000	-459.980244	1	2	0	'0 1 0 0 0 1 0 1 	D	0.580985	0.011606	0.580985	0.580985	0.580985	0.011606	0.580985	0.011606	0.258897	0.278610	0.166155	0.296337	0.565318	
3012000	-460.816006	1	2	2	'0 1 0 0 1 Z 0 Z 	D	0.709694	0.016884	0.709694	0.709694	0.016884	0.000000	0.709694	0.000000	0.305624	0.334692	0.000297	0.359387	0.746119	
3013000	-462.372190	1	2	2	'0 1 0 0 1 Z 0 Z 	D	0.839218	0.014397	0.839218	0.839218	0.014397	0.000000	0.839218	0.000000	0.318123	0.334449	0.000233	0.347195	0.618517	
3014000	-459.697556	1	2	1	'0 1 0 0 Z 0 0 1 	D	0.701372	0.015426	0.701372	0.701372	0.000000	0.701372	0.701372	0.015426	0.251716	0.255953	0.232698	0.259633	0.361077	
3015000	-461.207271	1	2	1	'0 1 0 0 Z 0 0 1 	D	0.519033	0.011775	0.519033	0.519033	0.000000	0.519033	0.519033	0.011775	0.246338	0.268403	0.196728	0.288531	0.360222	
3016000	-462.979323	1	2	1	'0 1 0 0 Z 1 0 1 	D	0.676768	0.001262	0.676768	0.676768	0.000000	0.001262	0.676768	0.001262	0.323905	0.333624	0.000002	0.342468	0.565132	
3017000	-461.749920	1	2	0	'0 1 0 0 0 0 0 1 	D	0.815069	0.033791	0.815069	0.815069	0.815069	0.815069	0.815069	0.033791	0.248304	0.250001	0.249993	0.251702	0.773726	
3018000	-461.929776	1	2	2	'0 Z 0 0 Z 0 0 1 	D	0.641742	0.000000	0.641742	0.641742	0.000000	0.641742	0.641742	0.046478	0.266021	0.264169	0.209579	0.260231	0.688476	
3019000	-460.021129	1	2	1	'0 Z 0 0 0 0 0 1 	D	0.708718	0.000000	0.708718	0.708718	0.708718	0.708718	0.708718	0.034425	0.243197	0.250026	0.250014	0.256763	0.439268	
3020000	-461.745283	1	2	2	'0 Z 0 0 1 Z 0 1 	D	0.656720	0.000000	0.656720	0.656720	0.006437	0.000000	0.656720	0.006437	0.328776	0.334183	0.000049	0.336993	0.984794	
3021000	-460.147334	1	2	0	'0 1 0 0 1 0 0 1 	D	0.646371	0.004965	0.646371	0.646371	0.004965	0.646371	0.646371	0.004965	0.248360	0.256394	0.231000	0.264246	0.364163	
3022000	-460.077503	1	2	1	'0 1 0 0 0 1 0 Z 	D	0.690813	0.029721	0.690813	0.690813	0.690813	0.029721	0.690813	0.000000	0.253567	0.265802	0.203466	0.277165	0.650141	
3023000	-464.692400	1	2	3	'0 Z 0 0 Z Z 0 1 	D	0.488468	0.000000	0.488468	0.488468	0.000000	0.000000	0.488468	0.020438	0.337667	0.338263	0.000000	0.324071	0.727315	
3024000	-465.011060	1	2	2	'0 Z 0 0 1 Z 0 1 	D	0.471124	0.000000	0.471124	0.471124	0.016517	0.000000	0.471124	0.016517	0.320553	0.337734	0.000297	0.341416	0.439292	
3025000	-459.695116	1	2	0	'0 1 0 0 0 0 0 1 	D	0.660581	0.028053	0.660581	0.660581	0.660581	0.660581	0.660581	0.028053	0.243522	0.250037	0.249858	0.256583	0.567978	
3026000	-461.845204	1	2	2	'0 1 0 0 Z Z 0 1 	D	0.603766	0.014332	0.603766	0.603766	0.000000	0.000000	0.603766	0.014332	0.315136	0.337503	0.000000	0.347362	0.759946	
3027000	-460.514036	1	2	0	'0 1 0 0 0 1 0 1 	D	0.568089	0.005909	0.568089	0.568089	0.568089	0.005909	0.568089	0.005909	0.259661	0.280652	0.158945	0.300742	0.653382	
3028000	-459.633576	1	2	1	'0 Z 0 0 0 0 0 1 	D	0.648024	0.000000	0.648024	0.648024	0.648024	0.648024	0.648024	0.026494	0.238587	0.250008	0.249999	0.261407	0.374264	
3029000	-459.375586	1	2	1	'0 1 0 0 0 0 0 Z 	D	0.670235	0.036101	0.670235	0.670235	0.670235	0.670235	0.670235	0.000000	0.246955	0.249981	0.250041	0.253023	0.753745	
3030000	-461.188116	1	2	3	'0 1 0 0 Z Z 0 Z 	D	0.706935	0.022964	0.706935	0.706935	0.000000	0.000000	0.706935	0.000000	0.296660	0.335210	0.000000	0.368130	0.265649	
3031000	-460.659015	1	2	1	'0 1 0 0 1 Z 0 1 	D	0.602165	0.007912	0.602165	0.602165	0.007912	0.000000	0.602165	0.007912	0.315390	0.335543	0.000069	0.348998	0.587438	
3032000	-460.916411	1	2	0	'0 1 0 0 0 0 0 1 	D	0.621212	0.040831	0.621212	0.621212	0.621212	0.621212	0.621212	0.040831	0.241891	0.250123	0.249624	0.258362	0.243833	
3033000	-461.323778	1	2	0	'0 1 0 0 0 1 0 1 	D	0.832932	0.011976	0.832932	0.832932	0.832932	0.011976	0.832932	0.011976	0.253705	0.255990	0.232357	0.257948	0.579716	
3034000	-460.910047	1	3	1	'0 1 0 0 1 2 0 Z 	D	0.652450	0.008495	0.652450	0.652450	0.008495	0.031352	0.652450	0.000000	0.311587	0.333459	0.001987	0.352966	0.786580	
3035000	-461.020063	1	2	1	'0 1 0 0 0 0 0 Z 	D	0.700645	0.092698	0.700645	0.700645	0.700645	0.700645	0.700645	0.000000	0.247786	0.249994	0.249904	0.252316	0.267913	
3036000	-462.793596	1	2	1	'0 1 0 0 0 Z 0 1 	D	0.865349	0.023749	0.865349	0.865349	0.865349	0.000000	0.865349	0.023749	0.253407	0.255344	0.234520	0.256729	0.569045	
3037000	-462.353206	1	2	1	'0 Z 0 0 0 0 0 1 	D	0.823343	0.000000	0.823343	0.823343	0.823343	0.823343	0.823343	0.016241	0.247108	0.249995	0.250030	0.252867	0.748807	
3038000	-460.638204	1	2	1	'0 1 0 0 0 Z 0 1 	D	0.577007	0.004951	0.577007	0.577007	0.577007	0.000000	0.577007	0.004951	0.260639	0.279999	0.160702	0.298660	0.525699	
3039000	-459.924058	1	2	1	'0 1 0 0 0 0 0 Z 	D	0.732917	0.048000	0.732917	0.732917	0.732917	0.732917	0.732917	0.000000	0.248329	0.249990	0.249997	0.251684	0.676517	
3040000	-460.643244	1	2	1	'0 1 0 0 0 0 0 Z 	D	0.540774	0.020635	0.540774	0.540774	0.540774	0.540774	0.540774	0.000000	0.239185	0.249851	0.250789	0.260175	0.155786	
3041000	-461.324110	1	2	1	'0 1 0 0 Z 0 0 1 	D	0.528509	0.005759	0.528509	0.528509	0.000000	0.528509	0.528509	0.005759	0.243989	0.266025	0.202518	0.287469	0.293536	
3042000	-459.576808	1	2	1	'0 1 0 0 Z 0 0 1 	D	0.689317	0.008720	0.689317	0.689317	0.000000	0.689317	0.689317	0.008720	0.250325	0.255554	0.233637	0.260485	0.400045	
3043000	-461.558190	1	2	0	'0 1 0 0 1 0 0 1 	D	0.679577	0.031334	0.679577	0.679577	0.031334	0.679577	0.679577	0.031334	0.252553	0.256539	0.231657	0.259251	0.259198	
3044000	-460.183818	1	2	0	'1 0 1 1 1 1 1 0 	D	0.591383	0.031165	0.591383	0.591383	0.591383	0.591383	0.591383	0.031165	0.238837	0.250179	0.249410	0.261575	0.284985	
3045000	-461.230378	1	2	1	'1 0 1 1 1 1 1 Z 	D	0.565141	0.082706	0.565141	0.565141	0.565141	0.565141	0.565141	0.000000	0.241839	0.250226	0.249065	0.258869	0.216388	
3046000	-460.338425	1	2	1	'1 0 1 1 1 1 1 Z 	D	0.754025	0.057982	0.754025	0.754025	0.754025	0.754025	0.754025	0.000000	0.248639	0.249992	0.249987	0.251383	0.336512	
3047000	-459.875466	1	2	1	'1 0 1 1 1 Z 1 0 	D	0.599043	0.013079	0.599043	0.599043	0.599043	0.000000	0.599043	0.013079	0.260265	0.277595	0.169388	0.292752	0.720339	
3048000	-459.635002	1	2	0	'1 0 1 1 0 1 1 0 	D	0.678473	0.016258	0.678473	0.678473	0.016258	0.678473	0.678473	0.016258	0.251087	0.256183	0.232097	0.260634	0.216424	
3049000	-459.525371	1	2	1	'1 0 1 1 1 1 1 Z 	D	0.604394	0.027795	0.604394	0.604394	0.604394	0.604394	0.604394	0.000000	0.244225	0.249954	0.250203	0.255617	0.438555	
3050000	-459.420787	1	2	1	'1 0 1 1 1 1 1 Z 	D	0.604585	0.039813	0.604585	0.604585	0.604585	0.604585	0.604585	0.000000	0.244365	0.250030	0.249917	0.255688	0.322705	
3051000	-460.408939	1	2	2	'1 Z 1 1 Z 1 1 0 	D	0.665268	0.000000	0.665268	0.665268	0.000000	0.665268	0.665268	0.020823	0.251945	0.257462	0.228213	0.262380	0.424538	
3052000	-461.794417	1	2	2	'1 0 1 1 Z Z 1 0 	D	0.794524	0.004768	0.794524	0.794524	0.000000	0.000000	0.794524	0.004768	0.329432	0.334303	0.000000	0.336265	0.525852	
3053000	-460.611397	1	2	2	'1 Z 1 1 Z 1 1 0 	D	0.669255	0.000000	0.669255	0.669255	0.000000	0.669255	0.669255	0.028408	0.255383	0.258697	0.224794	0.261126	0.177576	
3054000	-460.396318	1	2	1	'1 Z 1 1 1 1 1 0 	D	0.593907	0.000000	0.593907	0.593907	0.593907	0.593907	0.593907	0.050309	0.234529	0.250247	0.249594	0.265630	0.491455	
3055000	-459.503396	1	2	1	'1 0 1 1 Z 1 1 0 	D	0.652374	0.014204	0.652374	0.652374	0.000000	0.652374	0.652374	0.014204	0.251753	0.258390	0.225619	0.264238	0.696243	
3056000	-459.547344	1	2	1	'1 0 1 1 1 1 1 Z 	D	0.588132	0.037922	0.588132	0.588132	0.588132	0.588132	0.588132	0.000000	0.243394	0.250050	0.249890	0.256667	0.898589	
3057000	-460.558601	1	2	1	'1 Z 1 1 1 1 1 0 	D	0.637319	0.000000	0.637319	0.637319	0.637319	0.637319	0.637319	0.011532	0.236630	0.249796	0.250432	0.263142	0.980610	
3058000	-461.743233	1	2	0	'1 0 1 1 0 1 1 0 	D	0.538558	0.022566	0.538558	0.538558	0.022566	0.538558	0.538558	0.022566	0.250016	0.266030	0.205122	0.278832	0.999023	
3059000	-460.538881	1	2	0	'1 0 1 1 0 0 1 0 	D	0.610527	0.006299	0.610527	0.610527	0.006299	0.006299	0.610527	0.006299	0.316646	0.334984	0.000195	0.348176	0.477204	
3060000	-460.633194	1	2	2	'1 0 1 1 Z Z 1 0 	D	0.684651	0.004909	0.684651	0.684651	0.000000	0.000000	0.684651	0.004909	0.324169	0.334527	0.000000	0.341304	0.887794	
3061000	-460.203418	1	2	1	'1 0 1 1 1 1 1 Z 	D	0.591498	0.067408	0.591498	0.591498	0.591498	0.591498	0.591498	0.000000	0.243706	0.250114	0.249523	0.256657	0.224080	
3062000	-461.205235	1	2	0	'1 0 1 1 0 1 1 0 	D	0.810122	0.006724	0.810122	0.810122	0.006724	0.810122	0.810122	0.006724	0.248903	0.250795	0.247646	0.252656	0.852715	
3063000	-460.472003	1	2	1	'1 Z 1 1 0 1 1 0 	D	0.646091	0.000000	0.646091	0.646091	0.015103	0.646091	0.646091	0.015103	0.247652	0.256095	0.232089	0.264164	0.228033	
3064000	-459.898861	1	2	1	'1 Z 1 1 1 1 1 0 	D	0.616608	0.000000	0.616608	0.616608	0.616608	0.616608	0.616608	0.018110	0.234817	0.249908	0.250119	0.265156	0.590336	
3065000	-460.274209	1	2	1	'1 0 1 1 1 Z 1 0 	D	0.709990	0.005764	0.709990	0.709990	0.709990	0.000000	0.709990	0.005764	0.258110	0.264339	0.207403	0.270148	0.315240	
3066000	-459.415770	1	2	1	'1 0 1 1 1 1 1 Z 	D	0.617365	0.029869	0.617365	0.617365	0.617365	0.617365	0.617365	0.000000	0.244921	0.249966	0.250139	0.254974	0.368779	
3067000	-460.498573	1	2	1	'1 0 1 1 1 1 1 Z 	D	0.730873	0.073223	0.730873	0.730873	0.730873	0.730873	0.730873	0.000000	0.248331	0.249992	0.249959	0.251717	0.861246	
3068000	-459.396490	1	2	0	'1 0 1 1 0 1 1 0 	D	0.661072	0.012104	0.661072	0.661072	0.012104	0.661072	0.661072	0.012104	0.250446	0.256782	0.230194	0.262578	0.448815	
3069000	-460.670566	1	2	2	'1 0 1 1 1 Z 1 Z 	D	0.755277	0.033659	0.755277	0.755277	0.755277	0.000000	0.755277	0.000000	0.254228	0.263055	0.211651	0.271067	0.298091	
3070000	-460.571321	1	2	1	'1 0 1 1 1 0 1 Z 	D	0.613182	0.038512	0.613182	0.613182	0.613182	0.038512	0.613182	0.000000	0.248727	0.274853	0.176765	0.299655	0.619811	
3071000	-461.834205	1	2	2	'1 0 1 1 Z 0 1 Z 	D	0.686155	0.031938	0.686155	0.686155	0.000000	0.031938	0.686155	0.000000	0.283513	0.334918	0.001540	0.380030	0.568964	
3072000	-459.409198	1	2	1	'1 0 1 1 Z 1 1 0 	D	0.654380	0.010293	0.654380	0.654380	0.000000	0.654380	0.654380	0.010293	0.250768	0.257692	0.227442	0.264098	0.441368	
3073000	-459.322061	1	2	0	'1 0 1 1 1 1 1 0 	D	0.600290	0.014215	0.600290	0.600290	0.600290	0.600290	0.600290	0.014215	0.238089	0.250017	0.249804	0.262091	0.197883	
3074000	-464.938542	1	2	2	'1 Z 1 1 Z 1 1 0 	D	0.494944	0.000000	0.494944	0.494944	0.000000	0.494944	0.494944	0.043111	0.276017	0.280310	0.166761	0.276911	0.601799	
3075000	-460.871658	1	2	1	'1 Z 1 1 1 1 1 0 	D	0.530705	0.000000	0.530705	0.530705	0.530705	0.530705	0.530705	0.018940	0.221116	0.249923	0.249406	0.279555	0.265063	
3076000	-459.542251	1	2	1	'1 0 1 1 1 1 1 Z 	D	0.696325	0.035591	0.696325	0.696325	0.696325	0.696325	0.696325	0.000000	0.247612	0.249980	0.250040	0.252367	0.622937	
3077000	-460.452235	1	2	1	'1 0 1 1 1 0 1 Z 	D	0.615729	0.014362	0.615729	0.615729	0.615729	0.014362	0.615729	0.000000	0.257919	0.273392	0.180529	0.288159	0.639612	
3078000	-460.332173	1	2	1	'1 0 1 1 1 0 1 Z 	D	0.679808	0.038681	0.679808	0.679808	0.679808	0.038681	0.679808	0.000000	0.251497	0.267182	0.199575	0.281746	0.690880	
3079000	-460.150652	1	2	1	'1 0 1 1 1 0 1 Z 	D	0.616518	0.024272	0.616518	0.616518	0.616518	0.024272	0.616518	0.000000	0.254122	0.273905	0.179302	0.292670	0.488514	
3080000	-459.323287	1	2	1	'1 0 1 1 1 1 1 Z 	D	0.649933	0.042192	0.649933	0.649933	0.649933	0.649933	0.649933	0.000000	0.246347	0.249997	0.249981	0.253675	0.728191	
3081000	-461.340443	1	2	2	'1 Z 1 1 Z 1 1 0 	D	0.633749	0.000000	0.633749	0.633749	0.000000	0.633749	0.633749	0.038427	0.262219	0.263243	0.212070	0.262468	0.714930	
3082000	-462.554795	1	2	0	'1 0 1 1 0 0 1 0 	D	0.836682	0.009395	0.836682	0.836682	0.009395	0.009395	0.836682	0.009395	0.329968	0.334921	0.000430	0.334681	0.463419	
3083000	-462.567917	1	2	2	'1 0 1 1 0 Z 1 Z 	D	0.513763	0.017731	0.513763	0.513763	0.017731	0.000000	0.513763	0.000000	0.263657	0.333574	0.000260	0.402508	0.813407	
3084000	-459.951048	1	2	1	'1 0 1 1 1 1 1 Z 	D	0.671238	0.068183	0.671238	0.671238	0.671238	0.671238	0.671238	0.000000	0.247068	0.250005	0.249895	0.253032	0.912035	
3085000	-460.199563	1	2	1	'1 0 1 1 1 1 1 Z 	D	0.567140	0.020500	0.567140	0.567140	0.567140	0.567140	0.567140	0.000000	0.241563	0.249829	0.250725	0.257884	0.485523	
3086000	-459.725560	1	2	0	'1 0 1 1 1 1 1 0 	D	0.680024	0.027380	0.680024	0.680024	0.680024	0.680024	0.680024	0.027380	0.244459	0.250023	0.249908	0.255611	0.214533	
3087000	-460.884113	1	2	1	'1 0 1 1 1 1 1 Z 	D	0.688755	0.090793	0.688755	0.688755	0.688755	0.688755	0.688755	0.000000	0.247520	0.249997	0.249885	0.252597	0.963220	
3088000	-460.105241	1	2	0	'1 0 1 1 1 1 1 0 	D	0.671533	0.032948	0.671533	0.671533	0.671533	0.671533	0.671533	0.032948	0.244310	0.250036	0.249871	0.255782	0.829970	
3089000	-460.505264	1	2	0	'1 0 1 1 1 1 1 0 	D	0.772916	0.023109	0.772916	0.772916	0.772916	0.772916	0.772916	0.023109	0.247366	0.250000	0.249993	0.252641	0.249327	
3090000	-460.576007	1	2	1	'1 0 1 1 1 1 1 Z 	D	0.572102	0.070447	0.572102	0.572102	0.572102	0.572102	0.572102	0.000000	0.242410	0.250187	0.249279	0.258124	0.158858	
3091000	-459.466320	1	2	1	'1 0 1 1 1 1 1 Z 	D	0.686706	0.042268	0.686706	0.686706	0.686706	0.686706	0.686706	0.000000	0.247415	0.249988	0.250005	0.252592	0.470126	
3092000	-460.241831	1	2	1	'1 0 1 1 1 0 1 Z 	D	0.644549	0.015429	0.644549	0.644549	0.644549	0.015429	0.644549	0.000000	0.257411	0.269953	0.190796	0.281839	0.458413	
3093000	-462.346214	1	2	1	'1 0 1 1 1 1 1 Z 	D	0.611331	0.116576	0.611331	0.611331	0.611331	0.611331	0.611331	0.000000	0.244661	0.250056	0.249471	0.255812	0.934046	
3094000	-459.398103	1	2	1	'1 0 1 1 1 1 1 Z 	D	0.673100	0.034882	0.673100	0.673100	0.673100	0.673100	0.673100	0.000000	0.247030	0.249978	0.250051	0.252941	0.557193	
3095000	-460.334992	1	2	1	'1 0 1 1 1 1 1 Z 	D	0.550388	0.052332	0.550388	0.550388	0.550388	0.550388	0.550388	0.000000	0.240657	0.250269	0.249201	0.259873	0.444269	
3096000	-460.730396	1	2	1	'1 0 1 1 1 1 1 Z 	D	0.590291	0.079913	0.590291	0.590291	0.590291	0.590291	0.590291	0.000000	0.243611	0.250123	0.249424	0.256842	0.499404	
3097000	-461.033902	1	2	2	'1 Z 1 1 Z 1 1 0 	D	0.718062	0.000000	0.718062	0.718062	0.000000	0.718062	0.718062	0.011412	0.247487	0.252800	0.241715	0.257998	0.892682	
3098000	-459.774434	1	2	0	'1 0 1 1 1 0 1 0 	D	0.615819	0.007580	0.615819	0.615819	0.615819	0.007580	0.615819	0.007580	0.259846	0.274038	0.178891	0.287224	0.261110	
3099000	-460.588309	1	2	2	'1 Z 1 1 Z 1 1 0 	D	0.665548	0.000000	0.665548	0.665548	0.000000	0.665548	0.665548	0.027815	0.255233	0.258821	0.224429	0.261518	0.583950	
3100000	-461.974408	1	2	1	'1 Z 1 1 1 1 1 0 	D	0.776358	0.000000	0.776358	0.776358	0.776358	0.776358	0.776358	0.068144	0.246605	0.250038	0.250017	0.253339	0.563915	
3101000	-461.194514	1	2	1	'1 Z 1 1 1 1 1 0 	D	0.774914	0.000000	0.774914	0.774914	0.774914	0.774914	0.774914	0.049683	0.246271	0.250027	0.250016	0.253686	0.776034	
3102000	-459.866511	1	2	1	'1 0 1 1 1 1 1 Z 	D	0.730349	0.036515	0.730349	0.730349	0.730349	0.730349	0.730349	0.000000	0.248259	0.249984	0.250027	0.251729	0.660079	
3103000	-461.872323	1	2	1	'1 0 1 1 1 1 1 Z 	D	0.605120	0.106590	0.605120	0.605120	0.605120	0.605120	0.605120	0.000000	0.244374	0.250075	0.249447	0.256104	0.405260	
3104000	-460.615517	1	2	0	'1 0 1 1 1 1 1 0 	D	0.601888	0.005323	0.601888	0.601888	0.601888	0.601888	0.601888	0.005323	0.237106	0.249658	0.250828	0.262408	0.743254	
3105000	-461.458502	1	2	1	'1 0 1 1 1 0 1 Z 	D	0.785067	0.048222	0.785067	0.785067	0.785067	0.048222	0.785067	0.000000	0.251091	0.258977	0.223793	0.266139	0.843910	
3106000	-460.321243	1	2	2	'1 0 1 1 1 Z 1 Z 	D	0.722673	0.018900	0.722673	0.722673	0.722673	0.000000	0.722673	0.000000	0.256376	0.264001	0.208548	0.271075	0.992688	
3107000	-460.268506	1	2	0	'1 0 1 1 1 1 1 0 	D	0.762728	0.018831	0.762728	0.762728	0.762728	0.762728	0.762728	0.018831	0.247030	0.249997	0.249999	0.252974	0.976685	
3108000	-459.520815	1	2	1	'1 0 1 1 1 1 1 Z 	D	0.694970	0.037289	0.694970	0.694970	0.694970	0.694970	0.694970	0.000000	0.247589	0.249982	0.250031	0.252398	0.421327	
3109000	-459.361757	1	2	1	'1 0 1 1 1 1 1 Z 	D	0.667456	0.041081	0.667456	0.667456	0.667456	0.667456	0.667456	0.000000	0.246899	0.249989	0.250004	0.253108	0.394764	
3110000	-460.050111	1	2	1	'1 0 1 1 1 0 1 Z 	D	0.651728	0.029542	0.651728	0.651728	0.651728	0.029542	0.651728	0.000000	0.253233	0.269893	0.191364	0.285510	0.236010	
3111000	-460.590929	1	2	2	'1 0 1 1 1 Z 1 Z 	D	0.581499	0.021556	0.581499	0.581499	0.581499	0.000000	0.581499	0.000000	0.255505	0.281541	0.156465	0.306489	0.201334	
3112000	-462.659818	1	2	1	'1 0 1 1 Z 0 1 0 	D	0.525110	0.012580	0.525110	0.525110	0.000000	0.012580	0.525110	0.012580	0.300619	0.337500	0.000231	0.361650	0.805198	
3113000	-461.892593	1	2	1	'1 0 1 1 1 1 1 Z 	D	0.759434	0.101981	0.759434	0.759434	0.759434	0.759434	0.759434	0.000000	0.248730	0.249989	0.249958	0.251323	0.597255	
3114000	-459.762118	1	2	1	'1 0 1 1 1 1 1 Z 	D	0.608701	0.058841	0.608701	0.608701	0.608701	0.608701	0.608701	0.000000	0.244659	0.250065	0.249718	0.255558	0.611246	
3115000	-460.082503	1	2	2	'1 0 1 1 1 Z 1 Z 	D	0.670791	0.019085	0.670791	0.670791	0.670791	0.000000	0.670791	0.000000	0.257465	0.269278	0.192925	0.280332	0.698860	
3116000	-460.700735	1	2	2	'1 0 1 1 Z 0 1 Z 	D	0.698819	0.014566	0.698819	0.698819	0.000000	0.014566	0.698819	0.000000	0.307574	0.334530	0.000298	0.357598	0.371417	
3117000	-464.221817	1	2	1	'1 0 1 1 1 0 1 Z 	D	0.622360	0.095516	0.622360	0.622360	0.622360	0.095516	0.622360	0.000000	0.233722	0.272946	0.182579	0.310753	0.751465	
3118000	-459.681018	1	2	1	'1 0 1 1 1 1 1 Z 	D	0.665865	0.023233	0.665865	0.665865	0.665865	0.665865	0.665865	0.000000	0.246729	0.249934	0.250214	0.253123	0.760123	
3119000	-460.060207	1	2	2	'1 0 1 1 1 Z 1 Z 	D	0.644882	0.021173	0.644882	0.644882	0.644882	0.000000	0.644882	0.000000	0.257187	0.272720	0.182782	0.287311	0.899577	
3120000	-459.785725	1	2	1	'1 0 1 1 1 Z 1 0 	D	0.666608	0.015272	0.666608	0.666608	0.666608	0.000000	0.666608	0.015272	0.259313	0.269253	0.193892	0.277542	0.467804	
3121000	-461.127722	1	2	2	'1 0 1 1 0 Z 1 Z 	D	0.660178	0.025187	0.660178	0.660178	0.025187	0.000000	0.660178	0.000000	0.287309	0.334927	0.000595	0.377169	0.444486	
3122000	-460.856643	1	2	3	'1 0 1 1 Z Z 1 Z 	D	0.615441	0.019204	0.615441	0.615441	0.000000	0.000000	0.615441	0.000000	0.287078	0.334751	0.000000	0.378171	0.126698	
3123000	-463.032256	1	2	3	'1 0 1 1 Z Z 1 Z 	D	0.515079	0.025653	0.515079	0.515079	0.000000	0.000000	0.515079	0.000000	0.245649	0.333076	0.000000	0.421275	0.359094	
3124000	-460.885710	1	2	2	'1 Z 1 1 Z 1 1 0 	D	0.588445	0.000000	0.588445	0.588445	0.000000	0.588445	0.588445	0.017645	0.250007	0.262010	0.214940	0.273044	0.671986	
3125000	-460.681293	1	2	2	'1 0 1 1 0 Z 1 Z 	D	0.634365	0.011341	0.634365	0.634365	0.011341	0.000000	0.634365	0.000000	0.304346	0.334329	0.000133	0.361192	0.523408	
3126000	-460.410199	1	2	1	'1 0 1 1 1 Z 1 0 	D	0.633498	0.020282	0.633498	0.633498	0.633498	0.000000	0.633498	0.020282	0.259723	0.273465	0.182414	0.284398	0.767547	
3127000	-460.215979	1	2	1	'1 0 1 1 1 0 1 Z 	D	0.708428	0.018576	0.708428	0.708428	0.708428	0.018576	0.708428	0.000000	0.255592	0.263641	0.209606	0.271161	0.500189	
3128000	-459.803563	1	2	0	'1 0 1 1 1 1 1 0 	D	0.588040	0.026063	0.588040	0.588040	0.588040	0.588040	0.588040	0.026063	0.238058	0.250161	0.249426	0.262355	0.548572	
3129000	-461.188029	1	2	1	'1 Z 1 1 1 1 1 0 	D	0.646337	0.000000	0.646337	0.646337	0.646337	0.646337	0.646337	0.070076	0.240588	0.250174	0.249882	0.259356	0.283862	
3130000	-460.617951	1	2	0	'1 0 1 1 1 1 1 0 	D	0.534030	0.008747	0.534030	0.534030	0.534030	0.534030	0.534030	0.008747	0.228652	0.249920	0.249761	0.271667	0.582137	
3131000	-460.425589	1	2	0	'1 0 1 1 0 1 1 0 	D	0.679077	0.023609	0.679077	0.679077	0.023609	0.679077	0.679077	0.023609	0.251905	0.256419	0.231703	0.259973	0.489594	
3132000	-460.919630	1	2	1	'1 Z 1 1 1 1 1 0 	D	0.540888	0.000000	0.540888	0.540888	0.540888	0.540888	0.540888	0.014878	0.222556	0.249695	0.250058	0.277691	0.223513	
3133000	-460.218554	1	2	1	'1 0 1 1 1 0 1 Z 	D	0.655270	0.015548	0.655270	0.655270	0.655270	0.015548	0.655270	0.000000	0.257244	0.268745	0.194391	0.279621	0.410702	
3134000	-460.138908	1	2	1	'1 0 1 1 1 1 1 Z 	D	0.751898	0.046579	0.751898	0.751898	0.751898	0.751898	0.751898	0.000000	0.248594	0.249990	0.250001	0.251415	0.347972	
3135000	-459.885898	1	2	0	'1 0 1 1 1 1 1 0 	D	0.585444	0.008631	0.585444	0.585444	0.585444	0.585444	0.585444	0.008631	0.235838	0.249869	0.250167	0.264126	0.286532	
3136000	-460.262477	1	2	1	'1 0 1 1 1 0 1 Z 	D	0.697507	0.035681	0.697507	0.697507	0.697507	0.035681	0.697507	0.000000	0.252392	0.265370	0.204859	0.277379	0.894425	
3137000	-460.226823	1	2	1	'1 Z 1 1 1 1 1 0 	D	0.662828	0.000000	0.662828	0.662828	0.662828	0.662828	0.662828	0.051472	0.240941	0.250099	0.249937	0.259023	0.383494	
3138000	-459.659661	1	2	1	'1 0 1 1 Z 1 1 0 	D	0.601016	0.009471	0.601016	0.601016	0.000000	0.601016	0.601016	0.009471	0.249825	0.261000	0.217742	0.271433	0.287171	
3139000	-459.822352	1	2	1	'1 Z 1 1 1 1 1 0 	D	0.587915	0.000000	0.587915	0.587915	0.587915	0.587915	0.587915	0.025207	0.231719	0.250021	0.249795	0.268464	0.659187	
3140000	-460.082830	1	2	1	'1 Z 1 1 1 1 1 0 	D	0.608060	0.000000	0.608060	0.608060	0.608060	0.608060	0.608060	0.045773	0.235790	0.250175	0.249724	0.264312	0.712974	
3141000	-460.698735	1	2	2	'1 Z 1 1 Z 1 1 0 	D	0.695698	0.000000	0.695698	0.695698	0.000000	0.695698	0.695698	0.029567	0.254942	0.257325	0.228748	0.258985	0.690743	
3142000	-461.847774	1	2	2	'1 Z 1 1 Z 0 1 0 	D	0.747442	0.000000	0.747442	0.747442	0.000000	0.010135	0.747442	0.010135	0.337993	0.334374	0.000127	0.327506	0.194081	
3143000	-460.448800	1	2	1	'1 Z 1 1 1 1 1 0 	D	0.606141	0.000000	0.606141	0.606141	0.606141	0.606141	0.606141	0.053525	0.236116	0.250223	0.249688	0.263973	0.354830	
3144000	-459.971211	1	2	1	'1 Z 1 1 1 1 1 0 	D	0.673935	0.000000	0.673935	0.673935	0.673935	0.673935	0.673935	0.019243	0.240386	0.249962	0.250096	0.259555	0.748220	
3145000	-461.228152	1	2	1	'1 Z 1 1 1 1 1 0 	D	0.770950	0.000000	0.770950	0.770950	0.770950	0.770950	0.770950	0.052363	0.246194	0.250030	0.250016	0.253760	0.892609	
3146000	-459.999728	1	2	1	'1 Z 1 1 1 1 1 0 	D	0.636998	0.000000	0.636998	0.636998	0.636998	0.636998	0.636998	0.016506	0.236950	0.249902	0.250178	0.262970	0.728574	
3147000	-460.383886	1	2	1	'1 0 1 1 1 1 1 Z 	D	0.617949	0.014215	0.617949	0.617949	0.617949	0.617949	0.617949	0.000000	0.244603	0.249716	0.250955	0.254727	0.910598	
3148000	-461.239922	1	2	2	'1 0 1 1 1 Z 1 Z 	D	0.644235	0.008050	0.644235	0.644235	0.644235	0.000000	0.644235	0.000000	0.260397	0.270245	0.189669	0.279689	0.368919	
3149000	-461.265958	1	2	1	'1 0 1 1 1 0 1 Z 	D	0.636114	0.054580	0.636114	0.636114	0.636114	0.054580	0.636114	0.000000	0.245396	0.272230	0.184828	0.297546	0.553691	
3150000	-461.452333	1	2	1	'1 0 1 1 Z 1 1 0 	D	0.837071	0.018385	0.837071	0.837071	0.000000	0.837071	0.837071	0.018385	0.250669	0.251907	0.244455	0.252969	0.405133	
3151000	-460.295402	1	2	1	'1 Z 1 1 1 1 1 0 	D	0.697671	0.000000	0.697671	0.697671	0.697671	0.697671	0.697671	0.017255	0.241975	0.249961	0.250107	0.257956	0.546872	
3152000	-460.168438	1	2	1	'1 Z 1 1 1 1 1 0 	D	0.571285	0.000000	0.571285	0.571285	0.571285	0.571285	0.571285	0.018964	0.228608	0.249896	0.249920	0.271575	0.203163	
3153000	-460.077435	1	2	0	'1 0 1 1 1 0 1 0 	D	0.575912	0.012296	0.575912	0.575912	0.575912	0.012296	0.575912	0.012296	0.258636	0.279314	0.164238	0.297812	0.612976	
3154000	-460.920045	1	2	1	'1 0 1 1 1 1 1 Z 	D	0.802138	0.050236	0.802138	0.802138	0.802138	0.802138	0.802138	0.000000	0.249112	0.249993	0.249999	0.250896	0.400986	
3155000	-464.098830	1	2	1	'1 0 1 1 1 1 1 Z 	D	0.706330	0.153684	0.706330	0.706330	0.706330	0.706330	0.706330	0.000000	0.247839	0.249976	0.249861	0.252324	0.845336	
3156000	-460.635516	1	2	2	'1 0 1 1 1 Z 1 Z 	D	0.579782	0.019660	0.579782	0.579782	0.579782	0.000000	0.579782	0.000000	0.256272	0.281396	0.156836	0.305496	0.562626	
3157000	-460.950890	1	2	1	'1 0 1 1 1 Z 1 0 	D	0.739003	0.004515	0.739003	0.739003	0.739003	0.000000	0.739003	0.004515	0.256939	0.261718	0.215102	0.266241	0.669500	
3158000	-459.830890	1	2	1	'1 0 1 1 1 Z 1 0 	D	0.711677	0.012923	0.711677	0.711677	0.711677	0.000000	0.711677	0.012923	0.258015	0.264626	0.207120	0.270239	0.827502	
3159000	-460.321845	1	2	2	'1 0 1 1 1 Z 1 Z 	D	0.607880	0.026894	0.607880	0.607880	0.607880	0.000000	0.607880	0.000000	0.254641	0.278757	0.164993	0.301610	0.666232	
3160000	-460.391341	1	2	0	'1 0 1 1 1 1 1 0 	D	0.619055	0.005819	0.619055	0.619055	0.619055	0.619055	0.619055	0.005819	0.238893	0.249756	0.250585	0.260767	0.665367	
3161000	-461.283038	1	2	1	'1 0 1 1 1 1 1 Z 	D	0.788146	0.076186	0.788146	0.788146	0.788146	0.788146	0.788146	0.000000	0.249018	0.249992	0.249983	0.251007	0.624886	
3162000	-460.912215	1	2	1	'1 Z 1 1 1 1 1 0 	D	0.564342	0.000000	0.564342	0.564342	0.564342	0.564342	0.564342	0.052837	0.230976	0.250411	0.249208	0.269405	0.378593	
3163000	-460.259916	1	2	1	'1 0 1 1 1 1 1 Z 	D	0.552758	0.023633	0.552758	0.552758	0.552758	0.552758	0.552758	0.000000	0.240458	0.249935	0.250443	0.259164	0.634131	
3164000	-459.311219	1	2	1	'1 0 1 1 1 1 1 Z 	D	0.644845	0.041025	0.644845	0.644845	0.644845	0.644845	0.644845	0.000000	0.246161	0.249997	0.249986	0.253856	0.581595	
3165000	-460.369757	1	2	0	'1 0 1 1 1 1 1 0 	D	0.540302	0.009643	0.540302	0.540302	0.540302	0.540302	0.540302	0.009643	0.229872	0.249974	0.249657	0.270497	0.431019	
3166000	-461.141790	1	2	1	'1 0 1 1 1 Z 1 0 	D	0.590643	0.003418	0.590643	0.590643	0.590643	0.000000	0.590643	0.003418	0.260914	0.277878	0.166739	0.294469	0.768026	
3167000	-462.812909	1	2	3	'1 0 1 1 Z Z 1 Z 	D	0.862627	0.011994	0.862627	0.862627	0.000000	0.000000	0.862627	0.000000	0.321150	0.334348	0.000000	0.344502	0.880093	
3168000	-460.535346	1	2	2	'1 0 1 1 1 Z 1 Z 	D	0.592203	0.017193	0.592203	0.592203	0.592203	0.000000	0.592203	0.000000	0.257815	0.279044	0.163795	0.299346	0.622509	
3169000	-460.094602	1	2	1	'1 0 1 1 1 1 1 Z 	D	0.645356	0.072859	0.645356	0.645356	0.645356	0.645356	0.645356	0.000000	0.246249	0.250022	0.249811	0.253918	0.294500	
3170000	-460.789030	1	2	2	'1 0 1 1 1 Z 1 Z 	D	0.777723	0.022099	0.777723	0.777723	0.777723	0.000000	0.777723	0.000000	0.254705	0.260040	0.220321	0.264934	0.450594	
3171000	-460.341212	1	2	1	'1 0 1 1 1 0 1 Z 	D	0.740596	0.026218	0.740596	0.740596	0.740596	0.026218	0.740596	0.000000	0.253842	0.261385	0.216424	0.268348	0.158506	
3172000	-461.855130	1	2	1	'1 0 1 1 1 1 1 Z 	D	0.525552	0.076615	0.525552	0.525552	0.525552	0.525552	0.525552	0.000000	0.238105	0.250536	0.248182	0.263177	0.320340	
3173000	-459.419365	1	2	1	'1 0 1 1 1 1 1 Z 	D	0.668660	0.031614	0.668660	0.668660	0.668660	0.668660	0.668660	0.000000	0.246883	0.249970	0.250084	0.253062	0.150860	
3174000	-460.830078	1	2	1	'1 0 1 1 1 1 1 Z 	D	0.798807	0.045698	0.798807	0.798807	0.798807	0.798807	0.798807	0.000000	0.249079	0.249993	0.250003	0.250926	0.927677	
3175000	-460.329716	1	2	1	'1 0 1 1 1 0 1 Z 	D	0.631167	0.035967	0.631167	0.631167	0.631167	0.035967	0.631167	0.000000	0.250625	0.272533	0.183656	0.293186	0.222827	
3176000	-462.158703	1	2	1	'1 0 1 1 1 Z 1 0 	D	0.869482	0.016619	0.869482	0.869482	0.869482	0.000000	0.869482	0.016619	0.253301	0.255061	0.235184	0.256454	0.195902	
3177000	-460.424255	1	2	1	'1 Z 1 1 1 1 1 0 	D	0.561827	0.000000	0.561827	0.561827	0.561827	0.561827	0.561827	0.016697	0.226752	0.249813	0.250021	0.273414	0.240185	
3178000	-461.436098	1	2	1	'1 0 1 1 1 1 1 Z 	D	0.751122	0.093105	0.751122	0.751122	0.751122	0.751122	0.751122	0.000000	0.248626	0.249990	0.249958	0.251427	0.175006	
3179000	-461.808539	1	2	0	'1 0 1 1 1 1 1 0 	D	0.487765	0.021221	0.487765	0.487765	0.487765	0.487765	0.487765	0.021221	0.222739	0.251060	0.246449	0.279752	0.133048	
3180000	-460.537476	1	2	1	'1 Z 1 1 1 1 1 0 	D	0.735715	0.000000	0.735715	0.735715	0.735715	0.735715	0.735715	0.045252	0.244779	0.250035	0.250012	0.255174	0.616170	
3181000	-459.794155	1	2	1	'1 0 1 1 1 1 1 Z 	D	0.615260	0.061233	0.615260	0.615260	0.615260	0.615260	0.615260	0.000000	0.244987	0.250056	0.249737	0.255220	0.559079	
3182000	-459.844594	1	2	1	'1 0 1 1 1 1 1 Z 	D	0.724699	0.033056	0.724699	0.724699	0.724699	0.724699	0.724699	0.000000	0.248154	0.249980	0.250042	0.251823	0.769851	
3183000	-460.080390	1	2	0	'1 0 1 1 1 1 1 0 	D	0.576482	0.027930	0.576482	0.576482	0.576482	0.576482	0.576482	0.027930	0.237080	0.250219	0.249254	0.263446	0.562573	
3184000	-461.050362	1	2	1	'1 0 1 1 1 1 1 Z 	D	0.625445	0.010173	0.625445	0.625445	0.625445	0.625445	0.625445	0.000000	0.244761	0.249549	0.251455	0.254235	0.302308	
3185000	-462.388135	1	2	1	'1 0 1 1 Z 1 1 0 	D	0.839773	0.026822	0.839773	0.839773	0.000000	0.839773	0.839773	0.026822	0.251203	0.252259	0.243515	0.253023	0.298156	
3186000	-460.584476	1	2	1	'1 Z 1 1 1 1 1 0 	D	0.538991	0.000000	0.538991	0.538991	0.538991	0.538991	0.538991	0.022089	0.223258	0.250030	0.249322	0.277389	0.763696	
3187000	-460.541502	1	2	2	'1 0 1 1 1 Z 1 Z 	D	0.757580	0.024461	0.757580	0.757580	0.757580	0.000000	0.757580	0.000000	0.255006	0.261798	0.215174	0.268021	0.755485	
3188000	-460.211023	1	2	1	'1 0 1 1 1 1 1 Z 	D	0.663830	0.075898	0.663830	0.663830	0.663830	0.663830	0.663830	0.000000	0.246857	0.250009	0.249858	0.253276	0.847863	
3189000	-459.734962	1	2	1	'1 Z 1 1 1 1 1 0 	D	0.639680	0.000000	0.639680	0.639680	0.639680	0.639680	0.639680	0.021335	0.237518	0.249965	0.250057	0.262460	0.439017	
3190000	-460.493709	1	2	2	'1 Z 1 1 Z 1 1 0 	D	0.637111	0.000000	0.637111	0.637111	0.000000	0.637111	0.637111	0.022479	0.253192	0.259609	0.222052	0.265147	0.509034	
3191000	-460.315098	1	2	2	'1 0 1 1 1 Z 1 Z 	D	0.617428	0.029873	0.617428	0.617428	0.617428	0.000000	0.617428	0.000000	0.254013	0.277971	0.167437	0.300579	0.253396	
3192000	-460.297518	1	2	0	'1 0 1 1 1 1 1 0 	D	0.688648	0.007174	0.688648	0.688648	0.688648	0.688648	0.688648	0.007174	0.243885	0.249922	0.250186	0.256007	0.788617	
3193000	-461.197582	1	2	2	'1 0 1 1 Z 0 1 Z 	D	0.613160	0.024754	0.613160	0.613160	0.000000	0.024754	0.613160	0.000000	0.278756	0.334503	0.000954	0.385787	0.313540	
3194000	-460.239623	1	2	2	'1 0 1 1 1 Z 1 Z 	D	0.638096	0.031581	0.638096	0.638096	0.638096	0.000000	0.638096	0.000000	0.254244	0.275451	0.175005	0.295300	0.612002	
3195000	-459.689859	1	2	1	'1 0 1 1 1 Z 1 0 	D	0.688323	0.008945	0.688323	0.688323	0.688323	0.000000	0.688323	0.008945	0.258866	0.266634	0.200895	0.273606	0.421233	
3196000	-463.765066	1	2	1	'1 Z 1 1 1 1 1 0 	D	0.618424	0.000000	0.618424	0.618424	0.618424	0.618424	0.618424	0.105456	0.240395	0.250343	0.249752	0.259510	0.281338	
3197000	-460.369551	1	2	1	'1 0 1 1 1 1 1 Z 	D	0.555240	0.020681	0.555240	0.555240	0.555240	0.555240	0.555240	0.000000	0.240565	0.249837	0.250750	0.258848	0.757003	
3198000	-460.952042	1	2	1	'1 0 1 1 1 1 1 Z 	D	0.552956	0.071284	0.552956	0.552956	0.552956	0.552956	0.552956	0.000000	0.240874	0.250292	0.248956	0.259877	0.548559	
3199000	-460.522281	1	2	0	'1 0 1 1 1 1 1 0 	D	0.537110	0.008960	0.537110	0.537110	0.537110	0.537110	0.537110	0.008960	0.229211	0.249930	0.249755	0.271104	0.944616	
3200000	-459.650532	1	2	1	'1 0 1 1 1 1 1 Z 	D	0.708163	0.034905	0.708163	0.708163	0.708163	0.708163	0.708163	0.000000	0.247858	0.249980	0.250040	0.252121	0.198468	
3201000	-461.166437	1	2	1	'1 0 1 1 1 0 1 Z 	D	0.598562	0.047053	0.598562	0.598562	0.598562	0.047053	0.598562	0.000000	0.244345	0.276893	0.170692	0.308070	0.328788	
3202000	-459.736246	1	2	1	'1 Z 1 1 1 1 1 0 	D	0.626710	0.000000	0.626710	0.626710	0.626710	0.626710	0.626710	0.021187	0.236175	0.249959	0.250044	0.263822	0.910958	
3203000	-461.199205	1	2	1	'1 0 1 1 1 1 1 Z 	D	0.528922	0.016792	0.528922	0.528922	0.528922	0.528922	0.528922	0.000000	0.237643	0.249627	0.251583	0.261148	0.693004	
3204000	-461.070866	1	2	1	'0 1 0 0 0 0 0 Z 	D	0.806055	0.031660	0.806055	0.806055	0.806055	0.806055	0.806055	0.000000	0.249113	0.249991	0.250017	0.250880	0.228752	
3205000	-459.286996	1	2	0	'0 1 0 0 0 0 0 1 	D	0.621291	0.020559	0.621291	0.621291	0.621291	0.621291	0.621291	0.020559	0.240486	0.250051	0.249765	0.259698	0.291580	
3206000	-459.960870	1	2	1	'0 1 0 0 0 0 0 Z 	D	0.639301	0.068931	0.639301	0.639301	0.639301	0.639301	0.639301	0.000000	0.246024	0.250027	0.249804	0.254145	0.997382	
3207000	-460.390568	1	2	1	'0 1 0 0 0 0 0 Z 	D	0.750350	0.062240	0.750350	0.750350	0.750350	0.750350	0.750350	0.000000	0.248597	0.249992	0.249981	0.251430	0.381399	
3208000	-460.931141	1	2	2	'0 Z 0 0 Z 0 0 1 	D	0.613914	0.000000	0.613914	0.613914	0.000000	0.613914	0.613914	0.011489	0.246324	0.258376	0.225209	0.270091	0.938637	
3209000	-459.824245	1	2	0	'0 1 0 0 0 0 0 1 	D	0.683284	0.028599	0.683284	0.683284	0.683284	0.683284	0.683284	0.028599	0.244660	0.250023	0.249910	0.255408	0.709153	
3210000	-461.301471	1	2	3	'0 Z 0 0 Z Z 0 1 	D	0.656929	0.000000	0.656929	0.656929	0.000000	0.000000	0.656929	0.012945	0.339288	0.335034	0.000000	0.325678	0.652999	
3211000	-462.092056	1	2	1	'0 Z 0 0 0 0 0 1 	D	0.536438	0.000000	0.536438	0.536438	0.536438	0.536438	0.536438	0.008000	0.220124	0.248836	0.252259	0.278781	0.221046	
3212000	-460.615749	1	2	1	'0 1 0 0 0 Z 0 1 	D	0.701240	0.004459	0.701240	0.701240	0.701240	0.000000	0.701240	0.004459	0.258381	0.264999	0.205334	0.271286	0.422395	
3213000	-461.677365	1	2	1	'0 1 0 0 0 1 0 Z 	D	0.706915	0.062593	0.706915	0.706915	0.706915	0.062593	0.706915	0.000000	0.247799	0.264940	0.206529	0.280732	0.911412	
3214000	-459.823396	1	2	1	'0 1 0 0 0 0 0 Z 	D	0.643566	0.065097	0.643566	0.643566	0.643566	0.643566	0.643566	0.000000	0.246180	0.250022	0.249835	0.253963	0.350410	
3215000	-460.784040	1	2	1	'1 0 1 1 1 1 1 Z 	D	0.761036	0.021234	0.761036	0.761036	0.761036	0.761036	0.761036	0.000000	0.248634	0.249974	0.250075	0.251318	0.397811	
3216000	-461.878630	1	2	1	'1 Z 1 1 1 1 1 0 	D	0.714616	0.000000	0.714616	0.714616	0.714616	0.714616	0.714616	0.078379	0.244696	0.250084	0.250001	0.255219	0.288410	
3217000	-460.456237	1	2	0	'1 0 1 1 0 1 1 0 	D	0.553883	0.014534	0.553883	0.553883	0.014534	0.553883	0.553883	0.014534	0.248528	0.264165	0.209226	0.278080	0.200975	
3218000	-460.625515	1	2	1	'1 0 1 1 1 0 1 Z 	D	0.649559	0.044360	0.649559	0.649559	0.649559	0.044360	0.649559	0.000000	0.249052	0.270563	0.189666	0.290719	0.485787	
3219000	-463.979562	1	2	1	'1 0 1 1 1 1 1 Z 	D	0.488123	0.092301	0.488123	0.488123	0.488123	0.488123	0.488123	0.000000	0.232784	0.251146	0.246129	0.269941	0.347548	
3220000	-459.627330	1	2	1	'1 Z 1 1 1 1 1 0 	D	0.648739	0.000000	0.648739	0.648739	0.648739	0.648739	0.648739	0.027433	0.238700	0.250014	0.249991	0.261295	0.460136	
3221000	-460.735479	1	2	0	'1 0 1 1 1 1 1 0 	D	0.769277	0.029130	0.769277	0.769277	0.769277	0.769277	0.769277	0.029130	0.247412	0.250003	0.249986	0.252600	0.917073	
3222000	-460.220917	1	2	1	'1 0 1 1 1 1 1 Z 	D	0.544566	0.040258	0.544566	0.544566	0.544566	0.544566	0.544566	0.000000	0.240047	0.250235	0.249432	0.260287	0.408494	
3223000	-459.631808	1	2	0	'1 0 1 1 1 1 1 0 	D	0.699790	0.023144	0.699790	0.699790	0.699790	0.699790	0.699790	0.023144	0.245140	0.250008	0.249953	0.254899	0.428879	
3224000	-460.211194	1	2	1	'1 0 1 1 1 0 1 Z 	D	0.701282	0.033597	0.701282	0.701282	0.701282	0.033597	0.701282	0.000000	0.252823	0.264954	0.206046	0.276176	0.810352	
3225000	-460.747206	1	2	1	'1 0 1 1 1 1 1 Z 	D	0.755121	0.072879	0.755121	0.755121	0.755121	0.755121	0.755121	0.000000	0.248667	0.249992	0.249973	0.251367	0.434867	
3226000	-460.313533	1	2	1	'1 0 1 1 1 1 1 Z 	D	0.722894	0.069757	0.722894	0.722894	0.722894	0.722894	0.722894	0.000000	0.248199	0.249993	0.249958	0.251850	0.336552	
3227000	-464.795163	1	2	1	'1 0 1 1 0 0 1 Z 	D	0.719050	0.057487	0.719050	0.719050	0.057487	0.057487	0.719050	0.000000	0.266325	0.331214	0.014015	0.388446	0.305840	
3228000	-460.047405	1	2	1	'1 0 1 1 1 1 1 Z 	D	0.667123	0.017995	0.667123	0.667123	0.667123	0.667123	0.667123	0.000000	0.246699	0.249893	0.250348	0.253059	0.696844	
3229000	-461.393459	1	2	1	'1 0 1 1 1 0 1 Z 	D	0.548050	0.033327	0.548050	0.548050	0.548050	0.033327	0.548050	0.000000	0.244462	0.283832	0.149395	0.322312	0.253375	
3230000	-460.261155	1	2	1	'1 0 1 1 1 1 1 Z 	D	0.629553	0.015056	0.629553	0.629553	0.629553	0.629553	0.629553	0.000000	0.245201	0.249775	0.250753	0.254271	0.162453	
3231000	-462.007380	1	2	2	'1 Z 1 1 Z 1 1 0 	D	0.565845	0.000000	0.565845	0.565845	0.000000	0.565845	0.565845	0.008115	0.241259	0.260726	0.217894	0.280121	0.836824	
3232000	-459.962509	1	2	1	'1 0 1 1 Z 1 1 0 	D	0.711526	0.017959	0.711526	0.711526	0.000000	0.711526	0.711526	0.017959	0.252019	0.255745	0.233378	0.258858	0.749553	
3233000	-460.402873	1	2	1	'1 Z 1 1 1 1 1 0 	D	0.734822	0.000000	0.734822	0.734822	0.734822	0.734822	0.734822	0.040405	0.244628	0.250029	0.250014	0.255329	0.320299	
3234000	-461.892151	1	2	1	'1 0 1 1 1 1 1 Z 	D	0.595690	0.104947	0.595690	0.595690	0.595690	0.595690	0.595690	0.000000	0.243838	0.250099	0.249356	0.256706	0.260654	
3235000	-462.282568	1	2	1	'1 0 1 1 1 1 1 Z 	D	0.555791	0.099867	0.555791	0.555791	0.555791	0.555791	0.555791	0.000000	0.240942	0.250274	0.248755	0.260030	0.372770	
3236000	-460.333403	1	2	1	'1 0 1 1 1 1 1 Z 	D	0.665096	0.079006	0.665096	0.665096	0.665096	0.665096	0.665096	0.000000	0.246895	0.250008	0.249854	0.253244	0.757269	
3237000	-460.423234	1	2	0	'1 0 1 1 1 0 1 0 	D	0.688015	0.021119	0.688015	0.688015	0.688015	0.021119	0.688015	0.021119	0.256992	0.265469	0.205379	0.272159	0.823725	
3238000	-462.010038	1	2	2	'1 0 1 1 Z 0 1 Z 	D	0.816755	0.014338	0.816755	0.816755	0.000000	0.014338	0.816755	0.000000	0.317036	0.334450	0.000275	0.348238	0.616017	
3239000	-462.707049	1	2	2	'1 0 1 1 Z 0 1 Z 	D	0.855733	0.016757	0.855733	0.855733	0.000000	0.016757	0.855733	0.000000	0.316848	0.334548	0.000374	0.348230	0.991188	
3240000	-461.158664	1	2	1	'1 0 1 1 1 0 1 Z 	D	0.666327	0.008379	0.666327	0.666327	0.666327	0.008379	0.666327	0.000000	0.258835	0.266895	0.199663	0.274608	0.539340	
3241000	-460.181815	1	2	1	'1 Z 1 1 1 1 1 0 	D	0.724909	0.000000	0.724909	0.724909	0.724909	0.724909	0.724909	0.029065	0.243885	0.250011	0.250028	0.256075	0.581738	
3242000	-459.543813	1	2	1	'1 0 1 1 1 1 1 Z 	D	0.642512	0.055410	0.642512	0.642512	0.642512	0.642512	0.642512	0.000000	0.246127	0.250018	0.249878	0.253977	0.971140	
3243000	-461.928341	1	2	2	'1 0 1 1 1 Z 1 Z 	D	0.762513	0.056937	0.762513	0.762513	0.762513	0.000000	0.762513	0.000000	0.251898	0.264968	0.206477	0.276656	0.223462	
3244000	-462.079859	1	2	2	'1 Z 1 1 Z 0 1 0 	D	0.616983	0.000000	0.616983	0.616983	0.000000	0.022705	0.616983	0.022705	0.352887	0.336012	0.000589	0.310512	0.919568	
3245000	-461.126960	1	2	2	'1 0 1 1 Z 0 1 Z 	D	0.615276	0.024009	0.615276	0.615276	0.000000	0.024009	0.615276	0.000000	0.280394	0.334529	0.000893	0.384184	0.753809	
3246000	-459.961324	1	2	0	'1 0 1 1 1 0 1 0 	D	0.586485	0.012748	0.586485	0.586485	0.586485	0.012748	0.586485	0.012748	0.258809	0.277788	0.168774	0.294629	0.251157	
3247000	-461.079113	1	2	3	'1 0 1 1 Z Z 1 Z 	D	0.620989	0.023049	0.620989	0.620989	0.000000	0.000000	0.620989	0.000000	0.281659	0.334896	0.000000	0.383445	0.929015	
3248000	-461.249856	1	2	0	'1 0 1 1 1 1 1 0 	D	0.580761	0.004209	0.580761	0.580761	0.580761	0.580761	0.580761	0.004209	0.234343	0.249368	0.251611	0.264678	0.621048	
3249000	-460.574338	1	2	1	'1 0 1 1 1 1 1 Z 	D	0.680373	0.084124	0.680373	0.680373	0.680373	0.680373	0.680373	0.000000	0.247316	0.250001	0.249879	0.252804	0.727973	
3250000	-459.379748	1	2	1	'1 0 1 1 1 1 1 Z 	D	0.624514	0.045338	0.624514	0.624514	0.624514	0.624514	0.624514	0.000000	0.245368	0.250021	0.249905	0.254706	0.575230	
3251000	-460.462777	1	2	1	'1 Z 1 1 1 1 1 0 	D	0.627146	0.000000	0.627146	0.627146	0.627146	0.627146	0.627146	0.056105	0.238317	0.250176	0.249812	0.261695	0.604076	
3252000	-459.733614	1	2	1	'1 Z 1 1 1 1 1 0 	D	0.674764	0.000000	0.674764	0.674764	0.674764	0.674764	0.674764	0.031659	0.240972	0.250027	0.249999	0.259001	0.276259	
3253000	-463.189033	1	2	1	'1 0 1 1 1 1 1 Z 	D	0.917588	0.049562	0.917588	0.917588	0.917588	0.917588	0.917588	0.000000	0.249677	0.249997	0.250000	0.250326	0.459137	
3254000	-459.415254	1	2	0	'1 0 1 1 1 1 1 0 	D	0.653730	0.023712	0.653730	0.653730	0.653730	0.653730	0.653730	0.023712	0.242902	0.250031	0.249862	0.257204	0.371109	
3255000	-459.689508	1	2	1	'1 0 1 1 1 1 1 Z 	D	0.613478	0.057390	0.613478	0.613478	0.613478	0.613478	0.613478	0.000000	0.244895	0.250055	0.249756	0.255294	0.129444	
3256000	-460.574151	1	2	1	'1 0 1 1 1 0 1 Z 	D	0.759302	0.021065	0.759302	0.759302	0.759302	0.021065	0.759302	0.000000	0.254175	0.259805	0.221001	0.265019	0.585828	
3257000	-460.063527	1	2	1	'1 0 1 1 1 1 1 Z 	D	0.588744	0.062650	0.588744	0.588744	0.588744	0.588744	0.588744	0.000000	0.243537	0.250118	0.249539	0.256806	0.357730	
3258000	-460.678515	1	2	0	'1 0 1 1 1 1 1 0 	D	0.778035	0.025570	0.778035	0.778035	0.778035	0.778035	0.778035	0.025570	0.247526	0.250001	0.249991	0.252482	0.414563	
3259000	-460.345117	1	2	1	'1 0 1 1 1 0 1 Z 	D	0.656400	0.038774	0.656400	0.656400	0.656400	0.038774	0.656400	0.000000	0.250828	0.269671	0.192216	0.287285	0.695969	
3260000	-460.766794	1	2	2	'1 0 1 1 Z 0 1 Z 	D	0.606447	0.015101	0.606447	0.606447	0.000000	0.015101	0.606447	0.000000	0.293341	0.334403	0.000341	0.371914	0.770511	
3261000	-461.035236	1	2	3	'1 0 1 1 Z Z 1 Z 	D	0.728124	0.018143	0.728124	0.728124	0.000000	0.000000	0.728124	0.000000	0.305483	0.334921	0.000000	0.359596	0.622709	
3262000	-459.356030	1	2	1	'1 0 1 1 1 1 1 Z 	D	0.626104	0.031934	0.626104	0.626104	0.626104	0.626104	0.626104	0.000000	0.245346	0.249975	0.250094	0.254585	0.311529	
3263000	-459.716925	1	2	1	'1 0 1 1 1 Z 1 0 	D	0.606368	0.010002	0.606368	0.606368	0.606368	0.000000	0.606368	0.010002	0.260501	0.276340	0.172512	0.290647	0.589611	
3264000	-460.260432	1	2	0	'1 0 1 1 0 1 1 0 	D	0.645475	0.022148	0.645475	0.645475	0.022148	0.645475	0.645475	0.022148	0.251905	0.258124	0.226845	0.263125	0.391681	
3265000	-461.840764	1	2	1	'1 Z 1 1 0 1 1 0 	D	0.627931	0.000000	0.627931	0.627931	0.048063	0.627931	0.627931	0.048063	0.260492	0.260593	0.220039	0.258877	0.443014	
3266000	-460.474180	1	2	1	'1 Z 1 1 1 1 1 0 	D	0.602473	0.000000	0.602473	0.602473	0.602473	0.602473	0.602473	0.053460	0.235721	0.250235	0.249660	0.264384	0.670166	
3267000	-460.633550	1	2	1	'1 Z 1 1 0 1 1 0 	D	0.634937	0.000000	0.634937	0.634937	0.029896	0.634937	0.634937	0.029896	0.253681	0.258606	0.225246	0.262467	0.264161	
3268000	-461.852614	1	2	1	'1 Z 1 1 1 1 1 0 	D	0.702876	0.000000	0.702876	0.702876	0.702876	0.702876	0.702876	0.079178	0.244204	0.250097	0.249992	0.255707	0.919530	
3269000	-459.979677	1	2	1	'1 0 1 1 1 1 1 Z 	D	0.734029	0.051249	0.734029	0.734029	0.734029	0.734029	0.734029	0.000000	0.248353	0.249991	0.249991	0.251666	0.194611	
3270000	-461.460967	1	2	0	'1 0 1 1 0 1 1 0 	D	0.819419	0.021862	0.819419	0.819419	0.021862	0.819419	0.819419	0.021862	0.250572	0.251928	0.244434	0.253065	0.155849	
3271000	-461.633959	1	2	0	'1 0 1 1 1 1 1 0 	D	0.490657	0.020074	0.490657	0.490657	0.490657	0.490657	0.490657	0.020074	0.223077	0.250963	0.246704	0.279256	0.276862	
3272000	-461.504474	1	2	1	'1 0 1 1 1 1 1 Z 	D	0.802258	0.076611	0.802258	0.802258	0.802258	0.802258	0.802258	0.000000	0.249137	0.249993	0.249986	0.250884	0.263089	
3273000	-459.570295	1	2	1	'1 0 1 1 1 1 1 Z 	D	0.611258	0.052278	0.611258	0.611258	0.611258	0.611258	0.611258	0.000000	0.244773	0.250052	0.249788	0.255387	0.294215	
3274000	-460.560099	1	2	1	'1 Z 1 1 0 1 1 0 	D	0.701096	0.000000	0.701096	0.701096	0.015489	0.701096	0.701096	0.015489	0.248152	0.253550	0.239567	0.258731	0.482790	
3275000	-459.445005	1	2	0	'1 0 1 1 1 1 1 0 	D	0.583425	0.017541	0.583425	0.583425	0.583425	0.583425	0.583425	0.017541	0.236718	0.250096	0.249551	0.263634	0.540998	
3276000	-459.671597	1	2	1	'1 0 1 1 1 1 1 Z 	D	0.713022	0.038749	0.713022	0.713022	0.713022	0.713022	0.713022	0.000000	0.247966	0.249985	0.250022	0.252027	0.675992	
3277000	-460.587292	1	2	2	'1 0 1 1 1 Z 1 Z 	D	0.755030	0.030674	0.755030	0.755030	0.755030	0.000000	0.755030	0.000000	0.254511	0.262732	0.212543	0.270214	0.899390	
3278000	-460.219962	1	2	1	'1 0 1 1 1 1 1 Z 	D	0.556525	0.023085	0.556525	0.556525	0.556525	0.556525	0.556525	0.000000	0.240772	0.249913	0.250496	0.258819	0.281626	
3279000	-460.303585	1	2	1	'1 Z 1 1 1 1 1 0 	D	0.615057	0.000000	0.615057	0.615057	0.615057	0.615057	0.615057	0.013435	0.234249	0.249798	0.250364	0.265589	0.767521	
3280000	-460.698174	1	2	1	'1 0 1 1 Z 1 1 0 	D	0.703587	0.024481	0.703587	0.703587	0.000000	0.703587	0.703587	0.024481	0.253046	0.256660	0.230982	0.259312	0.326045	
3281000	-460.750185	1	2	2	'1 Z 1 1 Z 1 1 0 	D	0.672309	0.000000	0.672309	0.672309	0.000000	0.672309	0.672309	0.031316	0.256579	0.259034	0.223873	0.260513	0.684361	
3282000	-460.545642	1	2	1	'1 Z 1 1 1 1 1 0 	D	0.753123	0.000000	0.753123	0.753123	0.753123	0.753123	0.753123	0.030323	0.245160	0.250011	0.250025	0.254804	0.588324	
3283000	-459.452152	1	2	1	'1 0 1 1 1 1 1 Z 	D	0.619125	0.028057	0.619125	0.619125	0.619125	0.619125	0.619125	0.000000	0.244983	0.249952	0.250185	0.254880	0.234799	
3284000	-461.020245	1	2	0	'1 0 1 1 1 0 1 0 	D	0.652663	0.025474	0.652663	0.652663	0.652663	0.025474	0.652663	0.025474	0.257128	0.268862	0.196171	0.277840	0.313117	
3285000	-460.116863	1	2	1	'1 0 1 1 1 1 1 Z 	D	0.553417	0.045261	0.553417	0.553417	0.553417	0.553417	0.553417	0.000000	0.240887	0.250218	0.249409	0.259487	0.490283	
3286000	-460.753889	1	2	1	'1 0 1 1 0 0 1 Z 	D	0.690094	0.018910	0.690094	0.690094	0.018910	0.018910	0.690094	0.000000	0.301099	0.334291	0.001680	0.362930	0.488582	
3287000	-460.763367	1	2	1	'1 0 1 1 1 Z 1 0 	D	0.596336	0.020715	0.596336	0.596336	0.596336	0.000000	0.596336	0.020715	0.259706	0.278572	0.167961	0.293761	0.267123	
3288000	-460.013493	1	2	0	'1 0 1 1 1 1 1 0 	D	0.614118	0.031268	0.614118	0.614118	0.614118	0.614118	0.614118	0.031268	0.240735	0.250113	0.249617	0.259535	0.304256	
3289000	-461.177527	1	2	2	'1 Z 1 1 Z 1 1 0 	D	0.772727	0.000000	0.772727	0.772727	0.000000	0.772727	0.772727	0.017066	0.249306	0.252144	0.243702	0.254849	0.502944	
3290000	-460.470145	1	2	1	'1 0 1 1 1 1 1 Z 	D	0.631844	0.081350	0.631844	0.631844	0.631844	0.631844	0.631844	0.000000	0.245723	0.250037	0.249724	0.254515	0.354331	
3291000	-460.290730	1	2	2	'1 0 1 1 1 Z 1 Z 	D	0.699977	0.016381	0.699977	0.699977	0.699977	0.000000	0.699977	0.000000	0.257291	0.265756	0.203285	0.273667	0.232910	
3292000	-461.591889	1	2	2	'1 0 1 1 1 Z 1 Z 	D	0.537666	0.028493	0.537666	0.537666	0.537666	0.000000	0.537666	0.000000	0.247420	0.289887	0.131193	0.331500	0.548515	
3293000	-460.182020	1	2	1	'1 0 1 1 1 1 1 Z 	D	0.738750	0.059086	0.738750	0.738750	0.738750	0.738750	0.738750	0.000000	0.248435	0.249992	0.249980	0.251593	0.246804	
3294000	-461.493572	1	2	1	'1 Z 1 1 1 1 1 0 	D	0.557564	0.000000	0.557564	0.557564	0.557564	0.557564	0.557564	0.060863	0.230834	0.250530	0.249059	0.269577	0.740046	
3295000	-462.142458	1	2	1	'1 Z 1 1 0 0 1 0 	D	0.701881	0.000000	0.701881	0.701881	0.024509	0.024509	0.701881	0.024509	0.352889	0.334762	0.002776	0.309573	0.550910	
3296000	-460.444122	1	2	1	'1 0 1 1 1 0 1 Z 	D	0.588558	0.024641	0.588558	0.588558	0.588558	0.024641	0.588558	0.000000	0.252784	0.277658	0.168087	0.301471	0.695386	
3297000	-459.534996	1	2	1	'1 0 1 1 1 1 1 Z 	D	0.632775	0.024861	0.632775	0.632775	0.632775	0.632775	0.632775	0.000000	0.245552	0.249928	0.250253	0.254267	0.414929	
3298000	-461.698746	1	2	1	'1 Z 1 1 1 1 1 0 	D	0.821698	0.000000	0.821698	0.821698	0.821698	0.821698	0.821698	0.032266	0.247260	0.250008	0.250016	0.252716	0.418307	
3299000	-461.229942	1	2	0	'1 0 1 1 0 1 1 0 	D	0.530099	0.016804	0.530099	0.530099	0.016804	0.530099	0.530099	0.016804	0.247775	0.266436	0.203196	0.282593	0.317426	
3300000	-459.414551	1	2	1	'1 0 1 1 1 1 1 Z 	D	0.656071	0.029542	0.656071	0.656071	0.656071	0.656071	0.656071	0.000000	0.246475	0.249962	0.250120	0.253443	0.483180	
3301000	-459.642251	1	2	0	'1 0 1 1 1 1 1 0 	D	0.633920	0.009107	0.633920	0.633920	0.633920	0.633920	0.633920	0.009107	0.240535	0.249914	0.250151	0.259399	0.819358	
3302000	-461.420239	1	2	1	'1 Z 1 1 1 1 1 0 	D	0.755473	0.000000	0.755473	0.755473	0.755473	0.755473	0.755473	0.062083	0.245870	0.250043	0.250015	0.254072	0.432528	
3303000	-460.334709	1	2	0	'1 0 1 1 1 1 1 0 	D	0.687959	0.034801	0.687959	0.687959	0.687959	0.687959	0.687959	0.034801	0.245110	0.250028	0.249903	0.254959	0.633299	
3304000	-460.433438	1	2	1	'1 0 1 1 1 Z 1 0 	D	0.720681	0.019277	0.720681	0.720681	0.720681	0.000000	0.720681	0.019277	0.257592	0.264071	0.209206	0.269131	0.204610	
3305000	-460.195651	1	2	1	'1 0 1 1 1 1 1 Z 	D	0.642803	0.015686	0.642803	0.642803	0.642803	0.642803	0.642803	0.000000	0.245789	0.249820	0.250597	0.253793	0.902289	
3306000	-461.865583	1	2	0	'1 0 1 1 1 1 1 0 	D	0.502871	0.028931	0.502871	0.502871	0.502871	0.502871	0.502871	0.028931	0.227113	0.250952	0.247041	0.274893	0.793942	
3307000	-460.736859	1	2	1	'1 0 1 1 0 Z 1 0 	D	0.646549	0.009985	0.646549	0.646549	0.009985	0.000000	0.646549	0.009985	0.320443	0.335885	0.000113	0.343559	0.260212	
3308000	-460.573708	1	2	2	'1 Z 1 1 Z 1 1 0 	D	0.667699	0.000000	0.667699	0.667699	0.000000	0.667699	0.667699	0.027490	0.255013	0.258623	0.224991	0.261373	0.276517	
3309000	-460.408504	1	2	2	'1 Z 1 1 Z 1 1 0 	D	0.659465	0.000000	0.659465	0.659465	0.000000	0.659465	0.659465	0.019434	0.251334	0.257513	0.228033	0.263119	0.186964	
3310000	-461.418645	1	2	2	'1 Z 1 1 Z 1 1 0 	D	0.638467	0.000000	0.638467	0.638467	0.000000	0.638467	0.638467	0.007694	0.244394	0.255478	0.233634	0.266494	0.651280	
3311000	-459.949277	1	2	1	'1 Z 1 1 1 1 1 0 	D	0.586402	0.000000	0.586402	0.586402	0.586402	0.586402	0.586402	0.036598	0.232498	0.250163	0.249602	0.267737	0.291193	
3312000	-459.314525	1	2	0	'1 0 1 1 1 1 1 0 	D	0.661898	0.020749	0.661898	0.661898	0.661898	0.661898	0.661898	0.020749	0.243207	0.250017	0.249906	0.256870	0.205182	
3313000	-461.597613	1	2	1	'1 0 1 1 0 0 1 Z 	D	0.580772	0.007307	0.580772	0.580772	0.007307	0.007307	0.580772	0.000000	0.303413	0.333927	0.000260	0.362400	0.795992	
3314000	-461.269089	1	2	1	'1 Z 1 1 1 1 1 0 	D	0.782004	0.000000	0.782004	0.782004	0.782004	0.782004	0.782004	0.048658	0.246464	0.250025	0.250016	0.253495	0.428992	
3315000	-462.418805	1	2	2	'1 Z 1 1 Z 1 1 0 	D	0.826810	0.000000	0.826810	0.826810	0.000000	0.826810	0.826810	0.040237	0.253166	0.253169	0.240800	0.252865	0.682861	
3316000	-461.542579	1	2	2	'1 Z 1 1 Z 1 1 0 	D	0.806739	0.000000	0.806739	0.806739	0.000000	0.806739	0.806739	0.023904	0.250583	0.252156	0.243693	0.253568	0.881824	
3317000	-461.816360	1	2	1	'1 0 1 1 Z 0 1 0 	D	0.528578	0.007308	0.528578	0.528578	0.000000	0.007308	0.528578	0.007308	0.301636	0.335664	0.000079	0.362622	0.913590	
3318000	-460.030977	1	2	1	'1 0 1 1 1 1 1 Z 	D	0.709301	0.022765	0.709301	0.709301	0.709301	0.709301	0.709301	0.000000	0.247816	0.249956	0.250132	0.252096	0.284820	
3319000	-460.028322	1	2	1	'1 0 1 1 1 1 1 Z 	D	0.704875	0.022066	0.704875	0.704875	0.704875	0.704875	0.704875	0.000000	0.247719	0.249951	0.250148	0.252181	0.330340	
3320000	-460.086751	1	2	1	'1 Z 1 1 1 1 1 0 	D	0.598244	0.000000	0.598244	0.598244	0.598244	0.598244	0.598244	0.044068	0.234563	0.250191	0.249657	0.265589	0.520182	
3321000	-461.370428	1	2	2	'1 0 1 1 1 Z 1 Z 	D	0.586799	0.044023	0.586799	0.586799	0.586799	0.000000	0.586799	0.000000	0.245982	0.285177	0.146047	0.322793	0.700147	
3322000	-461.827474	1	2	2	'1 0 1 1 1 Z 1 Z 	D	0.804067	0.048054	0.804067	0.804067	0.804067	0.000000	0.804067	0.000000	0.252639	0.260748	0.218634	0.267979	0.399408	
3323000	-460.895705	1	2	1	'1 0 1 1 0 0 1 Z 	D	0.707600	0.019760	0.707600	0.707600	0.019760	0.019760	0.707600	0.000000	0.302192	0.334299	0.001830	0.361679	0.295047	
3324000	-460.193812	1	2	1	'1 0 1 1 1 1 1 Z 	D	0.754711	0.048480	0.754711	0.754711	0.754711	0.754711	0.754711	0.000000	0.248633	0.249991	0.249999	0.251378	0.943094	
3325000	-460.850739	1	2	1	'1 0 1 1 1 1 1 Z 	D	0.534309	0.057558	0.534309	0.534309	0.534309	0.534309	0.534309	0.000000	0.239127	0.250411	0.248764	0.261698	0.353984	
3326000	-461.130521	1	2	0	'1 0 1 1 1 0 1 0 	D	0.690788	0.026074	0.690788	0.690788	0.690788	0.026074	0.690788	0.026074	0.256472	0.264985	0.207168	0.271375	0.440050	
3327000	-465.188214	1	2	2	'1 Z 1 1 Z 1 1 0 	D	0.827690	0.000000	0.827690	0.827690	0.000000	0.827690	0.827690	0.076453	0.259234	0.255945	0.232994	0.251826	0.169071	
3328000	-460.475854	1	2	2	'1 Z 1 1 Z 1 1 0 	D	0.692164	0.000000	0.692164	0.692164	0.000000	0.692164	0.692164	0.022712	0.252320	0.256333	0.231520	0.259827	0.306843	
3329000	-459.478556	1	2	1	'1 0 1 1 1 1 1 Z 	D	0.604557	0.045295	0.604557	0.604557	0.604557	0.604557	0.604557	0.000000	0.244398	0.250048	0.249835	0.255718	0.457170	
3330000	-460.790531	1	2	1	'1 0 1 1 1 1 1 Z 	D	0.583068	0.079211	0.583068	0.583068	0.583068	0.583068	0.583068	0.000000	0.243151	0.250147	0.249347	0.257354	0.251748	
3331000	-459.932682	1	2	1	'1 0 1 1 1 1 1 Z 	D	0.559928	0.040162	0.559928	0.559928	0.559928	0.559928	0.559928	0.000000	0.241391	0.250153	0.249627	0.258829	0.911958	
3332000	-460.448472	1	2	1	'1 0 1 1 1 0 1 Z 	D	0.663787	0.041374	0.663787	0.663787	0.663787	0.041374	0.663787	0.000000	0.250420	0.268925	0.194474	0.286181	0.645121	
3333000	-459.718172	1	2	1	'1 0 1 1 1 1 1 Z 	D	0.627304	0.021333	0.627304	0.627304	0.627304	0.627304	0.627304	0.000000	0.245256	0.249888	0.250393	0.254462	0.297426	
3334000	-461.493186	1	2	0	'1 0 1 1 1 0 1 0 	D	0.816410	0.019516	0.816410	0.816410	0.816410	0.019516	0.816410	0.019516	0.253870	0.256660	0.230623	0.258847	0.423435	
3335000	-460.456643	1	2	2	'1 0 1 1 1 Z 1 Z 	D	0.649017	0.037778	0.649017	0.649017	0.649017	0.000000	0.649017	0.000000	0.252909	0.275067	0.176329	0.295694	0.325046	
3336000	-460.766981	1	2	1	'1 0 1 1 1 0 1 Z 	D	0.636384	0.045939	0.636384	0.636384	0.636384	0.045939	0.636384	0.000000	0.247867	0.272121	0.185049	0.294963	0.323662	
3337000	-460.939332	1	2	2	'1 0 1 1 1 Z 1 Z 	D	0.602093	0.010935	0.602093	0.602093	0.602093	0.000000	0.602093	0.000000	0.260353	0.276305	0.171728	0.291615	0.331422	
3338000	-461.819718	1	2	1	'1 Z 1 1 1 1 1 0 	D	0.787868	0.000000	0.787868	0.787868	0.787868	0.787868	0.787868	0.014763	0.246102	0.249986	0.250052	0.253859	0.916619	
3339000	-464.897156	1	2	1	'1 Z 1 1 1 1 1 0 	D	0.542205	0.000000	0.542205	0.542205	0.542205	0.542205	0.542205	0.102556	0.233285	0.250993	0.248673	0.267048	0.613538	
3340000	-461.464069	1	2	1	'1 Z 1 1 1 1 1 0 	D	0.504353	0.000000	0.504353	0.504353	0.504353	0.504353	0.504353	0.027665	0.216750	0.250445	0.247935	0.284870	0.355147	
3341000	-459.526701	1	2	1	'1 0 1 1 1 1 1 Z 	D	0.668817	0.027286	0.668817	0.668817	0.668817	0.668817	0.668817	0.000000	0.246856	0.249955	0.250138	0.253050	0.809793	
3342000	-460.173244	1	2	1	'1 0 1 1 1 1 1 Z 	D	0.755590	0.044479	0.755590	0.755590	0.755590	0.755590	0.755590	0.000000	0.248636	0.249990	0.250005	0.251369	0.844860	
3343000	-460.854619	1	2	1	'1 0 1 1 1 1 1 Z 	D	0.649341	0.091184	0.649341	0.649341	0.649341	0.649341	0.649341	0.000000	0.246377	0.250017	0.249773	0.253832	0.675109	
3344000	-459.544725	1	2	1	'1 0 1 1 1 1 1 Z 	D	0.660453	0.054911	0.660453	0.660453	0.660453	0.660453	0.660453	0.000000	0.246733	0.250005	0.249920	0.253342	0.408271	
3345000	-459.426424	1	2	1	'1 0 1 1 1 1 1 Z 	D	0.680522	0.041682	0.680522	0.680522	0.680522	0.680522	0.680522	0.000000	0.247259	0.249988	0.250006	0.252747	0.628945	
3346000	-461.232479	1	2	1	'1 0 1 1 1 1 1 Z 	D	0.821773	0.046704	0.821773	0.821773	0.821773	0.821773	0.821773	0.000000	0.249250	0.249994	0.250001	0.250754	0.748776	
3347000	-460.184556	1	2	1	'1 0 1 1 1 1 1 Z 	D	0.562357	0.021943	0.562357	0.562357	0.562357	0.562357	0.562357	0.000000	0.241227	0.249874	0.250597	0.258302	0.403654	
3348000	-459.381146	1	2	1	'1 0 1 1 1 1 1 Z 	D	0.612144	0.034031	0.612144	0.612144	0.612144	0.612144	0.612144	0.000000	0.244708	0.249994	0.250042	0.255255	0.376104	
3349000	-461.050092	1	2	0	'1 0 1 1 1 1 1 0 	D	0.509353	0.021171	0.509353	0.509353	0.509353	0.509353	0.509353	0.021171	0.226846	0.250684	0.247633	0.274837	0.809999	
3350000	-460.153881	1	2	1	'1 Z 1 1 1 1 1 0 	D	0.620989	0.000000	0.620989	0.620989	0.620989	0.620989	0.620989	0.049076	0.237329	0.250161	0.249792	0.262717	0.310194	
3351000	-460.952565	1	2	1	'1 0 1 1 1 1 1 Z 	D	0.566321	0.077091	0.566321	0.566321	0.566321	0.566321	0.566321	0.000000	0.241956	0.250219	0.249133	0.258693	0.345377	
3352000	-460.072202	1	2	1	'1 0 1 1 1 1 1 Z 	D	0.580089	0.059773	0.580089	0.580089	0.580089	0.580089	0.580089	0.000000	0.242975	0.250143	0.249484	0.257397	0.332666	
3353000	-461.490096	1	2	0	'1 0 1 1 1 0 1 0 	D	0.539007	0.019332	0.539007	0.539007	0.539007	0.019332	0.539007	0.019332	0.255306	0.284689	0.150343	0.309662	0.267753	
3354000	-460.165619	1	2	1	'1 0 1 1 1 1 1 Z 	D	0.677589	0.073790	0.677589	0.677589	0.677589	0.677589	0.677589	0.000000	0.247243	0.250002	0.249894	0.252861	0.223942	
3355000	-460.206434	1	2	2	'1 0 1 1 1 Z 1 Z 	D	0.701464	0.018352	0.701464	0.701464	0.701464	0.000000	0.701464	0.000000	0.256977	0.265920	0.202855	0.274249	0.905151	
3356000	-460.754846	1	2	2	'1 0 1 1 0 Z 1 Z 	D	0.672650	0.010003	0.672650	0.672650	0.010003	0.000000	0.672650	0.000000	0.311236	0.334259	0.000108	0.354398	0.320409	
3357000	-459.533614	1	2	0	'0 1 0 0 0 0 0 1 	D	0.600705	0.010577	0.600705	0.600705	0.600705	0.600705	0.600705	0.010577	0.237735	0.249942	0.250007	0.262316	0.506580	
3358000	-461.647609	1	2	0	'0 1 0 0 0 0 0 1 	D	0.497251	0.008584	0.497251	0.497251	0.497251	0.497251	0.497251	0.008584	0.221596	0.250103	0.248895	0.279406	0.324809	
3359000	-461.699473	1	2	2	'0 1 0 0 0 Z 0 Z 	D	0.536544	0.030662	0.536544	0.536544	0.536544	0.000000	0.536544	0.000000	0.245872	0.290519	0.129245	0.334364	0.246789	
3360000	-463.240907	1	2	1	'0 Z 0 0 0 0 0 1 	D	0.462704	0.000000	0.462704	0.462704	0.462704	0.462704	0.462704	0.032075	0.207059	0.251404	0.244857	0.296679	0.122954	
3361000	-460.173173	1	2	1	'0 1 0 0 0 0 0 Z 	D	0.546659	0.039747	0.546659	0.546659	0.546659	0.546659	0.546659	0.000000	0.240236	0.250218	0.249480	0.260067	0.602809	
3362000	-462.727753	1	2	1	'0 1 0 0 0 1 0 Z 	D	0.569484	0.064210	0.569484	0.569484	0.569484	0.064210	0.569484	0.000000	0.233646	0.280593	0.159028	0.326734	0.876145	
3363000	-460.009993	1	2	1	'0 1 0 0 0 1 0 Z 	D	0.679764	0.021869	0.679764	0.679764	0.679764	0.021869	0.679764	0.000000	0.255342	0.266536	0.201117	0.277005	0.911995	
3364000	-459.573782	1	2	1	'0 1 0 0 0 0 0 Z 	D	0.651389	0.056613	0.651389	0.651389	0.651389	0.651389	0.651389	0.000000	0.246443	0.250012	0.249894	0.253651	0.597610	
3365000	-460.730422	1	2	1	'0 1 0 0 1 1 0 Z 	D	0.701567	0.012521	0.701567	0.701567	0.012521	0.012521	0.701567	0.000000	0.310788	0.334208	0.000752	0.354252	0.597119	
3366000	-463.007553	1	2	2	'0 1 0 0 Z 1 0 Z 	D	0.842004	0.006846	0.842004	0.842004	0.000000	0.006846	0.842004	0.000000	0.325318	0.333915	0.000061	0.340706	0.264427	
3367000	-462.372356	1	2	1	'0 1 0 0 1 1 0 Z 	D	0.774429	0.030141	0.774429	0.774429	0.030141	0.030141	0.774429	0.000000	0.298665	0.334052	0.004132	0.363151	0.657857	
3368000	-463.515640	1	2	2	'0 1 0 0 1 Z 0 Z 	D	0.643393	0.047009	0.643393	0.643393	0.047009	0.000000	0.643393	0.000000	0.255254	0.334548	0.001690	0.408508	0.352067	
3369000	-463.475995	1	2	1	'0 Z 0 0 1 0 0 1 	D	0.503402	0.000000	0.503402	0.503402	0.008708	0.503402	0.503402	0.008708	0.233859	0.265308	0.204025	0.296809	0.485176	
3370000	-460.696920	1	2	1	'0 1 0 0 Z 0 0 1 	D	0.541838	0.013631	0.541838	0.541838	0.000000	0.541838	0.541838	0.013631	0.248965	0.266623	0.202066	0.282347	0.617169	
3371000	-462.120237	1	2	0	'0 1 0 0 0 1 0 1 	D	0.796602	0.026933	0.796602	0.796602	0.796602	0.026933	0.796602	0.026933	0.254007	0.257465	0.228557	0.259971	0.430692	
3372000	-460.886844	1	2	2	'0 1 0 0 1 Z 0 Z 	D	0.624902	0.021135	0.624902	0.624902	0.021135	0.000000	0.624902	0.000000	0.286662	0.334687	0.000418	0.378233	0.204383	
3373000	-460.652202	1	2	2	'0 1 0 0 Z 1 0 Z 	D	0.647836	0.017902	0.647836	0.647836	0.000000	0.017902	0.647836	0.000000	0.296014	0.334617	0.000471	0.368898	0.459265	
3374000	-462.836306	1	2	2	'0 1 0 0 Z 1 0 Z 	D	0.633695	0.041650	0.633695	0.633695	0.000000	0.041650	0.633695	0.000000	0.260179	0.334080	0.002824	0.402917	0.694431	
3375000	-461.692257	1	2	1	'0 Z 0 0 1 1 0 1 	D	0.741709	0.000000	0.741709	0.741709	0.012928	0.012928	0.741709	0.012928	0.340550	0.334395	0.000801	0.324253	0.515703	
3376000	-460.285048	1	2	0	'0 1 0 0 0 1 0 1 	D	0.559655	0.010390	0.559655	0.559655	0.559655	0.010390	0.559655	0.010390	0.258415	0.281785	0.156593	0.303207	0.239574	
3377000	-461.716858	1	2	1	'0 1 0 0 0 1 0 Z 	D	0.583035	0.007889	0.583035	0.583035	0.583035	0.007889	0.583035	0.000000	0.260725	0.277224	0.168853	0.293198	0.540253	
3378000	-461.071027	1	2	2	'0 1 0 0 Z 1 0 Z 	D	0.740179	0.011680	0.740179	0.740179	0.000000	0.011680	0.740179	0.000000	0.315029	0.334341	0.000186	0.350444	0.402061	
3379000	-462.946823	1	2	0	'0 1 0 0 0 0 0 1 	D	0.469014	0.025668	0.469014	0.469014	0.469014	0.469014	0.469014	0.025668	0.219755	0.251697	0.244749	0.283799	0.615938	
3380000	-462.336830	1	2	1	'0 1 0 0 0 1 0 Z 	D	0.568402	0.058151	0.568402	0.568402	0.568402	0.058151	0.568402	0.000000	0.235827	0.280890	0.158231	0.325053	0.396483	
3381000	-459.636020	1	2	0	'0 1 0 0 0 1 0 1 	D	0.669513	0.013529	0.669513	0.669513	0.669513	0.013529	0.669513	0.013529	0.258193	0.267614	0.198483	0.275709	0.339796	
3382000	-459.722446	1	2	1	'0 1 0 0 0 0 0 Z 	D	0.690357	0.025648	0.690357	0.690357	0.690357	0.690357	0.690357	0.000000	0.247418	0.249957	0.250128	0.252496	0.403630	
3383000	-461.473329	1	2	1	'0 1 0 0 Z 1 0 1 	D	0.708597	0.012533	0.708597	0.708597	0.000000	0.012533	0.708597	0.012533	0.325042	0.336146	0.000206	0.338607	0.884020	
3384000	-459.427019	1	2	0	'0 1 0 0 0 0 0 1 	D	0.588074	0.018771	0.588074	0.588074	0.588074	0.588074	0.588074	0.018771	0.237339	0.250099	0.249561	0.263001	0.535040	
3385000	-461.074421	1	2	1	'0 1 0 0 Z 0 0 1 	D	0.585576	0.023618	0.585576	0.585576	0.000000	0.585576	0.585576	0.023618	0.253935	0.264377	0.209445	0.272243	0.217157	
3386000	-460.873456	1	2	1	'0 1 0 0 Z 0 0 1 	D	0.816869	0.011338	0.816869	0.816869	0.000000	0.816869	0.816869	0.011338	0.250056	0.251712	0.244967	0.253265	0.581571	
3387000	-459.327871	1	2	1	'0 1 0 0 0 0 0 Z 	D	0.625440	0.040315	0.625440	0.625440	0.625440	0.625440	0.625440	0.000000	0.245381	0.250008	0.249964	0.254647	0.518913	
3388000	-459.840868	1	2	1	'0 1 0 0 0 0 0 Z 	D	0.727877	0.036215	0.727877	0.727877	0.727877	0.727877	0.727877	0.000000	0.248218	0.249984	0.250029	0.251769	0.611599	
3389000	-463.805816	1	2	1	'0 1 0 0 0 0 0 Z 	D	0.855882	0.011006	0.855882	0.855882	0.855882	0.855882	0.855882	0.000000	0.249388	0.249984	0.250047	0.250582	0.342504	
3390000	-461.672344	1	2	2	'0 Z 0 0 Z 0 0 1 	D	0.638310	0.000000	0.638310	0.638310	0.000000	0.638310	0.638310	0.043110	0.264486	0.263804	0.210561	0.261148	0.407054	
3391000	-460.883299	1	2	2	'0 1 0 0 Z 1 0 Z 	D	0.595290	0.013052	0.595290	0.595290	0.000000	0.013052	0.595290	0.000000	0.294886	0.334300	0.000254	0.370560	0.626698	
3392000	-462.211794	1	2	0	'0 1 0 0 1 1 0 1 	D	0.749400	0.002327	0.749400	0.749400	0.002327	0.002327	0.749400	0.002327	0.328039	0.333823	0.000027	0.338111	0.517309	
3393000	-460.680346	1	2	3	'0 1 0 0 Z Z 0 Z 	D	0.690875	0.012850	0.690875	0.690875	0.000000	0.000000	0.690875	0.000000	0.308717	0.334537	0.000000	0.356746	0.814375	
3394000	-460.032149	1	2	1	'0 Z 0 0 0 0 0 1 	D	0.571961	0.000000	0.571961	0.571961	0.571961	0.571961	0.571961	0.032800	0.230131	0.250161	0.249490	0.270218	0.195366	
3395000	-460.402922	1	2	0	'0 1 0 0 0 0 0 1 	D	0.527051	0.013471	0.527051	0.527051	0.527051	0.527051	0.527051	0.013471	0.228463	0.250250	0.248827	0.272461	0.500364	
3396000	-459.463106	1	2	0	'0 1 0 0 0 0 0 1 	D	0.590290	0.012411	0.590290	0.590290	0.590290	0.590290	0.590290	0.012411	0.236872	0.249995	0.249835	0.263299	0.243864	
3397000	-459.971014	1	2	1	'0 1 0 0 0 0 0 Z 	D	0.711986	0.061090	0.711986	0.711986	0.711986	0.711986	0.711986	0.000000	0.247996	0.249993	0.249963	0.252048	0.454252	
3398000	-461.444787	1	3	0	'0 1 0 2 0 1 0 1 	D	0.779667	0.009926	0.779667	1.039541	0.779667	0.009926	0.779667	0.009926	0.254567	0.251279	0.245416	0.248738	0.647037	
3399000	-459.846171	1	2	1	'0 1 0 0 0 0 0 Z 	D	0.718628	0.052732	0.718628	0.718628	0.718628	0.718628	0.718628	0.000000	0.248103	0.249991	0.249983	0.251922	0.549836	
3400000	-459.417384	1	2	1	'0 1 0 0 0 0 0 Z 	D	0.670544	0.032267	0.670544	0.670544	0.670544	0.670544	0.670544	0.000000	0.246942	0.249972	0.250076	0.253010	0.314958	
3401000	-461.057812	1	2	1	'0 1 0 0 0 1 0 Z 	D	0.760612	0.013168	0.760612	0.760612	0.760612	0.013168	0.760612	0.000000	0.254950	0.259210	0.222632	0.263208	0.426066	
3402000	-461.268558	1	2	1	'0 1 0 0 0 1 0 Z 	D	0.613487	0.051656	0.613487	0.613487	0.613487	0.051656	0.613487	0.000000	0.244265	0.274985	0.176509	0.304241	0.423209	
3403000	-459.647740	1	2	1	'0 1 0 0 0 0 0 Z 	D	0.709328	0.043632	0.709328	0.709328	0.709328	0.709328	0.709328	0.000000	0.247910	0.249988	0.250004	0.252097	0.520370	
3404000	-461.100400	1	2	1	'0 Z 0 0 1 0 0 1 	D	0.645277	0.000000	0.645277	0.645277	0.039234	0.645277	0.645277	0.039234	0.256691	0.258797	0.224887	0.259625	0.543427	
3405000	-460.621806	1	2	0	'0 1 0 0 0 0 0 1 	D	0.520019	0.018634	0.520019	0.520019	0.520019	0.520019	0.520019	0.018634	0.228230	0.250487	0.248197	0.273086	0.384464	
3406000	-461.673326	1	2	2	'0 1 0 0 0 Z 0 Z 	D	0.791896	0.047834	0.791896	0.791896	0.791896	0.000000	0.791896	0.000000	0.252727	0.261616	0.216101	0.269557	0.340124	
3407000	-459.376924	1	2	1	'0 1 0 0 0 0 0 Z 	D	0.630084	0.030281	0.630084	0.630084	0.630084	0.630084	0.630084	0.000000	0.245502	0.249965	0.250126	0.254407	0.472261	
3408000	-460.673349	1	2	1	'0 1 0 0 0 Z 0 1 	D	0.739168	0.020060	0.739168	0.739168	0.739168	0.000000	0.739168	0.020060	0.256982	0.262548	0.213639	0.266830	0.764466	
3409000	-459.596866	1	2	0	'0 1 0 0 0 1 0 1 	D	0.631489	0.009080	0.631489	0.631489	0.631489	0.009080	0.631489	0.009080	0.259467	0.272043	0.184996	0.283494	0.574670	
3410000	-460.477078	1	2	1	'0 1 0 0 0 0 0 Z 	D	0.776201	0.046390	0.776201	0.776201	0.776201	0.776201	0.776201	0.000000	0.248872	0.249991	0.250002	0.251135	0.262093	
3411000	-460.281374	1	2	0	'0 1 0 0 0 1 0 1 	D	0.642139	0.020126	0.642139	0.642139	0.642139	0.020126	0.642139	0.020126	0.257867	0.270317	0.191428	0.280388	0.823571	
3412000	-459.300875	1	2	0	'0 1 0 0 0 0 0 1 	D	0.665052	0.019832	0.665052	0.665052	0.665052	0.665052	0.665052	0.019832	0.243333	0.250012	0.249920	0.256734	0.897582	
3413000	-459.232410	1	2	0	'0 1 0 0 0 0 0 1 	D	0.617617	0.018121	0.617617	0.617617	0.617617	0.617617	0.617617	0.018121	0.239997	0.250039	0.249787	0.260177	0.785328	
3414000	-460.124828	1	2	1	'0 1 0 0 0 0 0 Z 	D	0.666212	0.073489	0.666212	0.666212	0.666212	0.666212	0.666212	0.000000	0.246927	0.250008	0.249870	0.253195	0.274429	
3415000	-462.893962	1	2	2	'0 Z 0 0 Z 0 0 1 	D	0.529998	0.000000	0.529998	0.529998	0.000000	0.529998	0.529998	0.034683	0.264927	0.272800	0.185892	0.276381	0.723274	
3416000	-462.644232	1	2	1	'0 1 0 0 1 1 0 Z 	D	0.594793	0.003785	0.594793	0.594793	0.003785	0.003785	0.594793	0.000000	0.312670	0.333726	0.000071	0.353534	0.352160	
3417000	-461.235038	1	2	2	'0 1 0 0 1 Z 0 Z 	D	0.671231	0.026193	0.671231	0.671231	0.026193	0.000000	0.671231	0.000000	0.287891	0.334990	0.000645	0.376474	0.417561	
3418000	-460.688274	1	2	2	'0 1 0 0 Z 1 0 Z 	D	0.693703	0.015754	0.693703	0.693703	0.000000	0.015754	0.693703	0.000000	0.305395	0.334591	0.000352	0.359662	0.922228	
3419000	-461.331337	1	2	2	'0 Z 0 0 Z 0 0 1 	D	0.622381	0.000000	0.622381	0.622381	0.000000	0.622381	0.622381	0.037060	0.262155	0.263919	0.210158	0.263768	0.381873	
3420000	-461.257098	1	2	0	'0 1 0 0 1 0 0 1 	D	0.516340	0.009149	0.516340	0.516340	0.009149	0.516340	0.516340	0.009149	0.243659	0.266974	0.200381	0.288986	0.208339	
3421000	-462.326192	1	2	3	'0 Z 0 0 Z Z 0 1 	D	0.731065	0.000000	0.731065	0.731065	0.000000	0.000000	0.731065	0.005652	0.332276	0.333986	0.000000	0.333738	0.668826	
3422000	-459.812434	1	2	1	'0 1 0 0 0 Z 0 1 	D	0.714985	0.011121	0.714985	0.714985	0.714985	0.000000	0.714985	0.011121	0.257933	0.264247	0.208091	0.269730	0.325650	
3423000	-460.957928	1	2	2	'0 1 0 0 0 Z 0 Z 	D	0.648060	0.046621	0.648060	0.648060	0.648060	0.000000	0.648060	0.000000	0.250493	0.276658	0.171848	0.301001	0.492663	
3424000	-460.082522	1	2	0	'0 1 0 0 0 1 0 1 	D	0.601852	0.006139	0.601852	0.601852	0.601852	0.006139	0.601852	0.006139	0.260119	0.275903	0.173127	0.290851	0.241447	
3425000	-460.581167	1	2	1	'0 1 0 0 1 Z 0 1 	D	0.672954	0.004893	0.672954	0.672954	0.004893	0.000000	0.672954	0.004893	0.323268	0.334527	0.000028	0.342178	0.821487	
3426000	-460.890854	1	2	1	'0 1 0 0 0 0 0 Z 	D	0.801656	0.047884	0.801656	0.801656	0.801656	0.801656	0.801656	0.000000	0.249105	0.249993	0.250001	0.250902	0.439510	
3427000	-459.714744	1	2	1	'0 1 0 0 Z 0 0 1 	D	0.593357	0.010881	0.593357	0.593357	0.000000	0.593357	0.593357	0.010881	0.250122	0.261826	0.215466	0.272585	0.736482	
3428000	-460.556220	1	2	1	'0 1 0 0 0 1 0 Z 	D	0.588842	0.017037	0.588842	0.588842	0.588842	0.017037	0.588842	0.000000	0.256341	0.277178	0.169322	0.297158	0.855215	
3429000	-460.325739	1	2	1	'0 1 0 0 0 0 0 Z 	D	0.713290	0.072607	0.713290	0.713290	0.713290	0.713290	0.713290	0.000000	0.248032	0.249994	0.249946	0.252028	0.513049	
3430000	-459.242337	1	2	0	'0 1 0 0 0 0 0 1 	D	0.645122	0.019704	0.645122	0.645122	0.645122	0.645122	0.645122	0.019704	0.242128	0.250023	0.249872	0.257977	0.260529	
3431000	-459.771409	1	2	1	'0 Z 0 0 0 0 0 1 	D	0.644506	0.000000	0.644506	0.644506	0.644506	0.644506	0.644506	0.020634	0.237942	0.249960	0.250074	0.262024	0.584219	
3432000	-465.215574	1	2	1	'0 1 0 0 Z 1 0 1 	D	0.718081	0.025347	0.718081	0.718081	0.000000	0.025347	0.718081	0.025347	0.324369	0.338666	0.000828	0.336137	0.194874	
3433000	-460.019365	1	2	1	'0 1 0 0 0 1 0 Z 	D	0.686093	0.022524	0.686093	0.686093	0.686093	0.022524	0.686093	0.000000	0.255138	0.265940	0.202895	0.276027	0.402820	
3434000	-461.030099	1	2	1	'0 1 0 0 0 0 0 Z 	D	0.755068	0.081326	0.755068	0.755068	0.755068	0.755068	0.755068	0.000000	0.248672	0.249991	0.249967	0.251370	0.310847	
3435000	-462.722395	1	2	1	'0 1 0 0 Z 1 0 1 	D	0.784065	0.014258	0.784065	0.784065	0.000000	0.014258	0.784065	0.014258	0.328227	0.336123	0.000261	0.335389	0.657085	
3436000	-460.795025	1	2	2	'0 1 0 0 0 Z 0 Z 	D	0.588082	0.033910	0.588082	0.588082	0.588082	0.000000	0.588082	0.000000	0.250532	0.283051	0.152280	0.314137	0.837174	
3437000	-461.972498	1	2	1	'0 Z 0 0 0 0 0 1 	D	0.601331	0.000000	0.601331	0.601331	0.601331	0.601331	0.601331	0.005999	0.231416	0.249167	0.252028	0.267388	0.189290	
3438000	-462.555879	1	2	1	'0 Z 0 0 1 0 0 1 	D	0.524007	0.000000	0.524007	0.524007	0.030622	0.524007	0.524007	0.030622	0.254515	0.267810	0.199915	0.277760	0.456287	
3439000	-460.561236	1	2	1	'0 Z 0 0 0 0 0 1 	D	0.600067	0.000000	0.600067	0.600067	0.600067	0.600067	0.600067	0.011876	0.232137	0.249696	0.250556	0.267611	0.369152	
3440000	-459.555997	1	2	0	'0 1 0 0 1 0 0 1 	D	0.627390	0.014407	0.627390	0.627390	0.014407	0.627390	0.627390	0.014407	0.250634	0.258849	0.224351	0.266167	0.150981	
3441000	-460.650081	1	2	1	'0 1 0 0 1 Z 0 1 	D	0.598317	0.007247	0.598317	0.598317	0.007247	0.000000	0.598317	0.007247	0.314899	0.335369	0.000058	0.349674	0.711953	
3442000	-461.507130	1	2	2	'0 1 0 0 1 Z 0 Z 	D	0.763408	0.020507	0.763408	0.763408	0.020507	0.000000	0.763408	0.000000	0.306756	0.334867	0.000441	0.357935	0.638493	
3443000	-460.957401	1	2	1	'0 Z 0 0 0 0 0 1 	D	0.729539	0.000000	0.729539	0.729539	0.729539	0.729539	0.729539	0.058242	0.244824	0.250053	0.250008	0.255115	0.420693	
3444000	-460.150846	1	2	1	'0 1 0 0 0 0 0 Z 	D	0.754285	0.039279	0.754285	0.754285	0.754285	0.754285	0.754285	0.000000	0.248608	0.249988	0.250015	0.251389	0.675434	
3445000	-461.386138	1	2	1	'0 1 0 0 0 0 0 Z 	D	0.563642	0.085401	0.563642	0.563642	0.563642	0.563642	0.563642	0.000000	0.241706	0.250234	0.249018	0.259043	0.454308	
3446000	-459.583567	1	2	1	'0 1 0 0 Z 0 0 1 	D	0.653698	0.015400	0.653698	0.653698	0.000000	0.653698	0.653698	0.015400	0.252022	0.258464	0.225468	0.264046	0.391108	
3447000	-460.325779	1	2	0	'0 1 0 0 1 0 0 1 	D	0.621663	0.004615	0.621663	0.621663	0.004615	0.621663	0.621663	0.004615	0.247811	0.257820	0.226741	0.267627	0.631820	
3448000	-461.776492	1	2	1	'0 1 0 0 0 1 0 Z 	D	0.823881	0.014820	0.823881	0.823881	0.823881	0.014820	0.823881	0.000000	0.253179	0.255770	0.232861	0.258189	0.426695	
3449000	-461.690199	1	2	2	'0 1 0 0 0 Z 0 Z 	D	0.841189	0.030200	0.841189	0.841189	0.841189	0.000000	0.841189	0.000000	0.253031	0.257025	0.229313	0.260631	0.495542	
3450000	-460.075114	1	2	1	'0 Z 0 0 0 0 0 1 	D	0.607578	0.000000	0.607578	0.607578	0.607578	0.607578	0.607578	0.045505	0.235719	0.250175	0.249721	0.264385	0.276007	
3451000	-460.267274	1	2	1	'0 Z 0 0 0 0 0 1 	D	0.732369	0.000000	0.732369	0.732369	0.732369	0.732369	0.732369	0.032332	0.244324	0.250017	0.250022	0.255637	0.478733	
3452000	-459.625136	1	2	0	'0 1 0 0 1 0 0 1 	D	0.633397	0.015771	0.633397	0.633397	0.015771	0.633397	0.633397	0.015771	0.250933	0.258565	0.225248	0.265254	0.492624	
3453000	-460.419486	1	2	0	'0 1 0 0 0 0 0 1 	D	0.765850	0.013929	0.765850	0.765850	0.765850	0.765850	0.765850	0.013929	0.246989	0.249991	0.250015	0.253005	0.842397	
3454000	-459.632834	1	2	1	'0 1 0 0 0 0 0 Z 	D	0.618742	0.056358	0.618742	0.618742	0.618742	0.618742	0.618742	0.000000	0.245144	0.250045	0.249789	0.255022	0.122476	
3455000	-459.706267	1	2	1	'0 1 0 0 0 Z 0 1 	D	0.633034	0.013820	0.633034	0.633034	0.633034	0.000000	0.633034	0.013820	0.260062	0.273131	0.182471	0.284336	0.359294	
3456000	-460.513375	1	2	0	'0 1 0 0 0 1 0 1 	D	0.575750	0.005444	0.575750	0.575750	0.575750	0.005444	0.575750	0.005444	0.259957	0.279547	0.162143	0.298354	0.673555	
3457000	-462.178602	1	2	2	'0 1 0 0 1 Z 0 Z 	D	0.529521	0.019448	0.529521	0.529521	0.019448	0.000000	0.529521	0.000000	0.265227	0.333749	0.000315	0.400708	0.181434	
3458000	-460.644496	1	2	2	'0 1 0 0 1 Z 0 Z 	D	0.632219	0.012406	0.632219	0.632219	0.012406	0.000000	0.632219	0.000000	0.302242	0.334388	0.000158	0.363213	0.680847	
3459000	-460.556721	1	2	1	'0 1 0 0 0 0 0 Z 	D	0.554211	0.061768	0.554211	0.554211	0.554211	0.554211	0.554211	0.000000	0.241002	0.250271	0.249104	0.259622	0.877484	
3460000	-461.299352	1	2	2	'0 1 0 0 0 Z 0 Z 	D	0.691084	0.052804	0.691084	0.691084	0.691084	0.000000	0.691084	0.000000	0.251047	0.272052	0.185648	0.291252	0.920192	
3461000	-465.334927	1	2	0	'0 1 0 0 0 0 0 1 	D	0.747325	0.001222	0.747325	0.747325	0.747325	0.747325	0.747325	0.001222	0.245807	0.249673	0.250959	0.253561	0.759531	
3462000	-460.234253	1	2	1	'0 1 0 0 0 0 0 Z 	D	0.666776	0.076387	0.666776	0.666776	0.666776	0.666776	0.666776	0.000000	0.246944	0.250007	0.249864	0.253184	0.414108	
3463000	-459.594383	1	2	1	'0 1 0 0 0 0 0 Z 	D	0.704674	0.039387	0.704674	0.704674	0.704674	0.704674	0.704674	0.000000	0.247804	0.249985	0.250020	0.252191	0.157873	
3464000	-461.474587	1	2	2	'0 1 0 0 0 Z 0 Z 	D	0.777338	0.047049	0.777338	0.777338	0.777338	0.000000	0.777338	0.000000	0.252854	0.262675	0.212998	0.271473	0.505661	
3465000	-461.027936	1	2	2	'0 Z 0 0 Z 0 0 1 	D	0.763333	0.000000	0.763333	0.763333	0.000000	0.763333	0.763333	0.025169	0.251635	0.253618	0.239432	0.255315	0.226113	
3466000	-460.114371	1	2	1	'0 1 0 0 0 0 0 Z 	D	0.702336	0.068565	0.702336	0.702336	0.702336	0.702336	0.702336	0.000000	0.247815	0.249995	0.249941	0.252249	0.642294	
3467000	-459.918222	1	2	0	'0 1 0 0 0 0 0 1 	D	0.573336	0.025229	0.573336	0.573336	0.573336	0.573336	0.573336	0.025229	0.236462	0.250212	0.249248	0.264077	0.314867	
3468000	-460.068213	1	2	1	'0 1 0 0 0 Z 0 1 	D	0.646029	0.005483	0.646029	0.646029	0.646029	0.000000	0.646029	0.005483	0.260183	0.270961	0.187714	0.281142	0.368011	
3469000	-460.545021	1	2	1	'0 1 0 0 1 Z 0 1 	D	0.623155	0.008034	0.623155	0.623155	0.008034	0.000000	0.623155	0.008034	0.318092	0.335487	0.000072	0.346349	0.903731	
3470000	-461.193059	1	2	0	'0 1 0 0 1 0 0 1 	D	0.710707	0.028429	0.710707	0.710707	0.028429	0.710707	0.710707	0.028429	0.251982	0.255143	0.235438	0.257438	0.255217	
3471000	-462.778469	1	2	0	'0 1 0 0 0 1 0 1 	D	0.625526	0.034881	0.625526	0.625526	0.625526	0.034881	0.625526	0.034881	0.256108	0.271473	0.190025	0.282394	0.497311	
3472000	-460.387367	1	2	1	'0 1 0 0 0 1 0 Z 	D	0.694829	0.039244	0.694829	0.694829	0.694829	0.039244	0.694829	0.000000	0.251655	0.265723	0.203885	0.278737	0.517106	
3473000	-459.382994	1	2	0	'1 0 1 1 1 1 1 0 	D	0.604424	0.012249	0.604424	0.604424	0.604424	0.604424	0.604424	0.012249	0.238284	0.249979	0.249915	0.261822	0.726977	
3474000	-463.951195	1	2	1	'1 0 1 1 1 1 1 Z 	D	0.535387	0.120282	0.535387	0.535387	0.535387	0.535387	0.535387	0.000000	0.238688	0.250405	0.248055	0.262852	0.204174	
3475000	-459.813036	1	2	1	'1 Z 1 1 1 1 1 0 	D	0.663330	0.000000	0.663330	0.663330	0.663330	0.663330	0.663330	0.021300	0.239640	0.249973	0.250070	0.260317	0.574882	
3476000	-459.956065	1	2	1	'1 Z 1 1 1 1 1 0 	D	0.577653	0.000000	0.577653	0.577653	0.577653	0.577653	0.577653	0.032484	0.230931	0.250141	0.249561	0.269367	0.275029	
3477000	-461.035287	1	2	2	'1 Z 1 1 Z 1 1 0 	D	0.703517	0.000000	0.703517	0.703517	0.000000	0.703517	0.703517	0.035511	0.256863	0.257827	0.227374	0.257936	0.361662	
3478000	-460.386584	1	2	1	'1 0 1 1 1 1 1 Z 	D	0.691622	0.078191	0.691622	0.691622	0.691622	0.691622	0.691622	0.000000	0.247588	0.249998	0.249910	0.252504	0.301308	
3479000	-460.519014	1	2	2	'1 0 1 1 1 Z 1 Z 	D	0.666124	0.012297	0.666124	0.666124	0.666124	0.000000	0.666124	0.000000	0.258889	0.268595	0.194732	0.277784	0.514524	
3480000	-459.312123	1	2	1	'1 0 1 1 1 1 1 Z 	D	0.630173	0.039089	0.630173	0.630173	0.630173	0.630173	0.630173	0.000000	0.245577	0.250001	0.249987	0.254435	0.332239	
3481000	-460.391285	1	2	1	'1 0 1 1 1 1 1 Z 	D	0.579882	0.068626	0.579882	0.579882	0.579882	0.579882	0.579882	0.000000	0.242960	0.250154	0.249393	0.257492	0.558626	
3482000	-459.312333	1	2	1	'1 0 1 1 1 1 1 Z 	D	0.651431	0.039613	0.651431	0.651431	0.651431	0.651431	0.651431	0.000000	0.246386	0.249991	0.250005	0.253618	0.306329	
3483000	-461.441338	1	2	2	'1 Z 1 1 0 Z 1 0 	D	0.622302	0.000000	0.622302	0.622302	0.009170	0.000000	0.622302	0.009170	0.330219	0.334645	0.000099	0.335037	0.723107	
3484000	-463.830598	1	2	2	'1 Z 1 1 0 Z 1 0 	D	0.642589	0.000000	0.642589	0.642589	0.037839	0.000000	0.642589	0.037839	0.374235	0.336153	0.001969	0.287643	0.270685	
3485000	-460.061802	1	2	1	'1 0 1 1 1 0 1 Z 	D	0.632053	0.021821	0.632053	0.632053	0.632053	0.021821	0.632053	0.000000	0.255322	0.271838	0.185390	0.287450	0.400469	
3486000	-462.867916	1	2	2	'1 0 1 1 1 Z 1 Z 	D	0.499416	0.014594	0.499416	0.499416	0.499416	0.000000	0.499416	0.000000	0.251631	0.293111	0.121171	0.334087	0.860223	
3487000	-462.004407	1	2	1	'1 0 1 1 1 0 1 Z 	D	0.608017	0.062278	0.608017	0.608017	0.608017	0.062278	0.608017	0.000000	0.240271	0.275621	0.174595	0.309513	0.341821	
3488000	-460.227314	1	2	0	'1 0 1 1 0 1 1 0 	D	0.564588	0.014191	0.564588	0.564588	0.014191	0.564588	0.564588	0.014191	0.248956	0.263263	0.211738	0.276043	0.860185	
3489000	-459.521210	1	2	0	'1 0 1 1 0 1 1 0 	D	0.641653	0.008229	0.641653	0.641653	0.008229	0.641653	0.641653	0.008229	0.249455	0.257426	0.228122	0.264997	0.219763	
3490000	-463.015942	1	2	1	'1 Z 1 1 0 1 1 0 	D	0.637246	0.000000	0.637246	0.637246	0.003645	0.637246	0.637246	0.003645	0.239973	0.252355	0.242777	0.264895	0.450641	
3491000	-460.600316	1	2	1	'1 Z 1 1 0 1 1 0 	D	0.713172	0.000000	0.713172	0.713172	0.027886	0.713172	0.713172	0.027886	0.251567	0.254442	0.237116	0.256875	0.599515	
3492000	-459.630748	1	2	1	'1 0 1 1 1 1 1 Z 	D	0.666354	0.057842	0.666354	0.666354	0.666354	0.666354	0.666354	0.000000	0.246916	0.250004	0.249919	0.253161	0.719392	
3493000	-460.595273	1	2	1	'1 0 1 1 0 0 1 Z 	D	0.634472	0.014698	0.634472	0.634472	0.014698	0.014698	0.634472	0.000000	0.299226	0.334206	0.001028	0.365540	0.974856	
3494000	-459.716713	1	2	0	'1 0 1 1 1 0 1 0 	D	0.702462	0.011901	0.702462	0.702462	0.702462	0.011901	0.702462	0.011901	0.257478	0.264489	0.207452	0.270581	0.693824	
3495000	-460.094081	1	2	1	'1 Z 1 1 1 1 1 0 	D	0.619244	0.000000	0.619244	0.619244	0.619244	0.619244	0.619244	0.047504	0.237061	0.250157	0.249787	0.262994	0.436323	
3496000	-461.783672	1	2	1	'1 0 1 1 1 1 1 Z 	D	0.604768	0.104831	0.604768	0.604768	0.604768	0.604768	0.604768	0.000000	0.244363	0.250077	0.249450	0.256111	0.628325	
3497000	-459.479835	1	2	1	'1 0 1 1 1 1 1 Z 	D	0.606001	0.046015	0.606001	0.606001	0.606001	0.606001	0.606001	0.000000	0.244478	0.250048	0.249832	0.255642	0.428109	
3498000	-460.302823	1	2	2	'1 0 1 1 1 Z 1 Z 	D	0.610131	0.027003	0.610131	0.610131	0.610131	0.000000	0.610131	0.000000	0.254699	0.278457	0.165893	0.300951	0.882530	
3499000	-459.204955	1	2	0	'1 0 1 1 1 1 1 0 	D	0.622941	0.016817	0.622941	0.622941	0.622941	0.622941	0.622941	0.016817	0.240321	0.250023	0.249838	0.259818	0.653431	
3500000	-460.025655	1	2	1	'1 0 1 1 1 1 1 Z 	D	0.673598	0.018663	0.673598	0.673598	0.673598	0.673598	0.673598	0.000000	0.246904	0.249907	0.250301	0.252888	0.404044	
3501000	-459.336347	1	2	1	'1 0 1 1 1 1 1 Z 	D	0.661428	0.039797	0.661428	0.661428	0.661428	0.661428	0.661428	0.000000	0.246712	0.249989	0.250010	0.253290	0.940426	
3502000	-463.948695	1	2	2	'1 Z 1 1 Z 0 1 0 	D	0.553462	0.000000	0.553462	0.553462	0.000000	0.031223	0.553462	0.031223	0.367149	0.337243	0.001033	0.294576	0.349765	
3503000	-461.698112	1	2	1	'1 Z 1 1 0 0 1 0 	D	0.741813	0.000000	0.741813	0.741813	0.011771	0.011771	0.741813	0.011771	0.339320	0.334337	0.000667	0.325677	0.284269	
3504000	-459.864305	1	2	1	'1 0 1 1 Z 1 1 0 	D	0.737469	0.010096	0.737469	0.737469	0.000000	0.737469	0.737469	0.010096	0.250409	0.253774	0.238900	0.256918	0.687234	
3505000	-461.718288	1	2	0	'1 0 1 1 1 1 1 0 	D	0.792953	0.038073	0.792953	0.792953	0.792953	0.792953	0.792953	0.038073	0.248025	0.250003	0.249987	0.251985	0.245416	
3506000	-459.618480	1	2	1	'1 Z 1 1 1 1 1 0 	D	0.647029	0.000000	0.647029	0.647029	0.647029	0.647029	0.647029	0.029517	0.238656	0.250027	0.249971	0.261346	0.600339	
3507000	-459.677850	1	2	1	'1 Z 1 1 1 1 1 0 	D	0.606939	0.000000	0.606939	0.606939	0.606939	0.606939	0.606939	0.029215	0.234492	0.250052	0.249838	0.265617	0.890765	
3508000	-461.335211	1	2	2	'1 Z 1 1 0 Z 1 0 	D	0.669644	0.000000	0.669644	0.669644	0.015595	0.000000	0.669644	0.015595	0.343138	0.335111	0.000302	0.321449	0.457563	
3509000	-459.729811	1	2	1	'1 Z 1 1 1 1 1 0 	D	0.599701	0.000000	0.599701	0.599701	0.599701	0.599701	0.599701	0.030622	0.233718	0.250075	0.249777	0.266430	0.348373	
3510000	-462.650099	1	2	0	'1 0 1 1 0 1 1 0 	D	0.510800	0.023068	0.510800	0.510800	0.023068	0.510800	0.510800	0.023068	0.248449	0.268806	0.197811	0.284934	0.870577	
3511000	-460.567869	1	2	1	'1 Z 1 1 1 1 1 0 	D	0.739447	0.000000	0.739447	0.739447	0.739447	0.739447	0.739447	0.020997	0.244369	0.249992	0.250051	0.255588	0.589687	
3512000	-461.048083	1	2	0	'1 0 1 1 1 1 1 0 	D	0.556581	0.005301	0.556581	0.556581	0.556581	0.556581	0.556581	0.005301	0.231327	0.249474	0.251183	0.268016	0.405349	
3513000	-460.165893	1	2	1	'1 0 1 1 1 0 1 Z 	D	0.637439	0.032171	0.637439	0.637439	0.637439	0.032171	0.637439	0.000000	0.252077	0.271654	0.186195	0.290074	0.425883	
3514000	-460.385426	1	2	1	'1 0 1 1 1 1 1 Z 	D	0.770135	0.037746	0.770135	0.770135	0.770135	0.770135	0.770135	0.000000	0.248791	0.249989	0.250015	0.251205	0.199667	
3515000	-459.932604	1	2	1	'1 0 1 1 1 1 1 Z 	D	0.564884	0.045981	0.564884	0.564884	0.564884	0.564884	0.564884	0.000000	0.241831	0.250165	0.249534	0.258470	0.294310	
3516000	-461.241897	1	2	2	'1 Z 1 1 Z 1 1 0 	D	0.784124	0.000000	0.784124	0.784124	0.000000	0.784124	0.784124	0.023515	0.250840	0.252730	0.242012	0.254418	0.459638	
3517000	-460.759084	1	2	1	'1 0 1 1 1 1 1 Z 	D	0.565442	0.014521	0.565442	0.565442	0.565442	0.565442	0.565442	0.000000	0.241091	0.249538	0.251647	0.257724	0.274657	
3518000	-459.421664	1	2	1	'1 0 1 1 1 1 1 Z 	D	0.644657	0.028331	0.644657	0.644657	0.644657	0.644657	0.644657	0.000000	0.246063	0.249954	0.250152	0.253830	0.759606	
3519000	-460.972458	1	2	1	'1 Z 1 1 1 1 1 0 	D	0.772960	0.000000	0.772960	0.772960	0.772960	0.772960	0.772960	0.042735	0.246095	0.250022	0.250017	0.253866	0.230050	
3520000	-460.410300	1	2	1	'1 0 1 1 1 1 1 Z 	D	0.591835	0.072805	0.591835	0.591835	0.591835	0.591835	0.591835	0.000000	0.243721	0.250116	0.249486	0.256677	0.571513	
3521000	-459.480673	1	2	0	'1 0 1 1 1 1 1 0 	D	0.587104	0.020144	0.587104	0.587104	0.587104	0.587104	0.587104	0.020144	0.237381	0.250116	0.249518	0.262984	0.417952	
3522000	-460.223649	1	2	2	'1 0 1 1 1 Z 1 Z 	D	0.632939	0.016786	0.632939	0.632939	0.632939	0.000000	0.632939	0.000000	0.258391	0.273412	0.180573	0.287624	0.818676	
3523000	-460.117322	1	2	1	'1 Z 1 1 1 1 1 0 	D	0.563668	0.000000	0.563668	0.563668	0.563668	0.563668	0.563668	0.030780	0.228655	0.250158	0.249416	0.271771	0.177776	
3524000	-459.766236	1	2	1	'1 Z 1 1 1 1 1 0 	D	0.624627	0.000000	0.624627	0.624627	0.624627	0.624627	0.624627	0.020471	0.235900	0.249949	0.250058	0.264093	0.351763	
3525000	-460.152790	1	2	2	'1 0 1 1 1 Z 1 Z 	D	0.623811	0.024112	0.623811	0.623811	0.623811	0.000000	0.623811	0.000000	0.256112	0.276007	0.173109	0.294772	0.311219	
3526000	-460.455409	1	2	2	'1 0 1 1 1 Z 1 Z 	D	0.675534	0.038579	0.675534	0.675534	0.675534	0.000000	0.675534	0.000000	0.253465	0.271844	0.185898	0.288793	0.907710	
3527000	-459.411765	1	2	1	'1 0 1 1 1 1 1 Z 	D	0.624375	0.047409	0.624375	0.624375	0.624375	0.624375	0.624375	0.000000	0.245370	0.250025	0.249885	0.254720	0.236841	
3528000	-461.014599	1	2	1	'1 0 1 1 1 1 1 Z 	D	0.649511	0.094665	0.649511	0.649511	0.649511	0.649511	0.649511	0.000000	0.246378	0.250016	0.249766	0.253840	0.774828	
3529000	-460.872579	1	2	2	'1 0 1 1 Z 0 1 Z 	D	0.720943	0.015955	0.720943	0.720943	0.000000	0.015955	0.720943	0.000000	0.308063	0.334605	0.000356	0.356977	0.344833	
3530000	-461.354287	1	2	3	'1 0 1 1 Z Z 1 Z 	D	0.731647	0.022538	0.731647	0.731647	0.000000	0.000000	0.731647	0.000000	0.300357	0.335206	0.000000	0.364437	0.440587	
3531000	-459.875145	1	2	1	'1 0 1 1 1 Z 1 0 	D	0.667207	0.006510	0.667207	0.667207	0.667207	0.000000	0.667207	0.006510	0.259577	0.268658	0.194669	0.277096	0.353284	
3532000	-460.944711	1	2	1	'1 0 1 1 1 0 1 Z 	D	0.620746	0.047207	0.620746	0.620746	0.620746	0.047207	0.620746	0.000000	0.246353	0.274042	0.179312	0.300293	0.734108	
3533000	-462.438029	1	2	1	'1 0 1 1 1 1 1 Z 	D	0.628949	0.005677	0.628949	0.628949	0.628949	0.628949	0.628949	0.000000	0.244358	0.249012	0.253076	0.253554	0.341727	
3534000	-460.317819	1	2	1	'1 0 1 1 Z 1 1 0 	D	0.653202	0.022128	0.653202	0.653202	0.000000	0.653202	0.653202	0.022128	0.253396	0.259242	0.223608	0.263754	0.295122	
3535000	-459.792898	1	2	1	'1 0 1 1 1 1 1 Z 	D	0.712079	0.029284	0.712079	0.712079	0.712079	0.712079	0.712079	0.000000	0.247909	0.249973	0.250071	0.252047	0.236320	
3536000	-459.494261	1	2	1	'1 0 1 1 1 1 1 Z 	D	0.686503	0.045809	0.686503	0.686503	0.686503	0.686503	0.686503	0.000000	0.247422	0.249991	0.249989	0.252598	0.783267	
3537000	-459.715074	1	2	1	'1 0 1 1 1 1 1 Z 	D	0.592325	0.024636	0.592325	0.592325	0.592325	0.592325	0.592325	0.000000	0.243464	0.249919	0.250348	0.256269	0.553632	
3538000	-461.920692	1	2	2	'1 Z 1 1 Z 0 1 0 	D	0.573945	0.000000	0.573945	0.573945	0.000000	0.014791	0.573945	0.014791	0.335803	0.335684	0.000275	0.328238	0.415369	
3539000	-460.674918	1	2	1	'1 Z 1 1 0 1 1 0 	D	0.666438	0.000000	0.666438	0.666438	0.012225	0.666438	0.666438	0.012225	0.246653	0.254519	0.236646	0.262182	0.987759	
3540000	-459.949732	1	2	1	'1 0 1 1 1 1 1 Z 	D	0.559943	0.041811	0.559943	0.559943	0.559943	0.559943	0.559943	0.000000	0.241407	0.250164	0.249581	0.258848	0.906904	
3541000	-460.084960	1	2	1	'1 0 1 1 1 0 1 Z 	D	0.691146	0.019926	0.691146	0.691146	0.691146	0.019926	0.691146	0.000000	0.255637	0.265311	0.204696	0.274356	0.250596	
3542000	-465.579171	1	2	1	'1 0 1 1 1 1 1 Z 	D	0.730524	0.178932	0.730524	0.730524	0.730524	0.730524	0.730524	0.000000	0.248266	0.249970	0.249891	0.251872	0.419019	
3543000	-463.509321	1	2	2	'0 Z 0 0 Z 0 0 1 	D	0.505924	0.000000	0.505924	0.505924	0.000000	0.505924	0.505924	0.031943	0.262213	0.274892	0.180328	0.282566	0.375500	
3544000	-461.397058	1	2	1	'0 1 0 0 0 0 0 Z 	D	0.601627	0.009000	0.601627	0.601627	0.601627	0.601627	0.601627	0.000000	0.243256	0.249265	0.252369	0.255110	0.324778	
3545000	-460.805508	1	2	0	'0 1 0 0 0 0 0 1 	D	0.599718	0.038290	0.599718	0.599718	0.599718	0.599718	0.599718	0.038290	0.240136	0.250178	0.249452	0.260233	0.154803	
3546000	-461.311135	1	2	1	'1 Z 1 1 0 0 1 0 	D	0.622416	0.000000	0.622416	0.622416	0.013020	0.013020	0.622416	0.013020	0.336187	0.334870	0.000811	0.328132	0.142092	
3547000	-459.424609	1	2	1	'1 0 1 1 1 1 1 Z 	D	0.679524	0.042364	0.679524	0.679524	0.679524	0.679524	0.679524	0.000000	0.247236	0.249989	0.250002	0.252774	0.225406	
3548000	-459.842898	1	2	1	'1 0 1 1 1 1 1 Z 	D	0.721994	0.031536	0.721994	0.721994	0.721994	0.721994	0.721994	0.000000	0.248102	0.249978	0.250051	0.251869	0.859466	
3549000	-459.840787	1	2	1	'1 Z 1 1 1 1 1 0 	D	0.681923	0.000000	0.681923	0.681923	0.681923	0.681923	0.681923	0.036795	0.241665	0.250042	0.249990	0.258303	0.517998	
3550000	-460.073050	1	2	0	'1 0 1 1 1 1 1 0 	D	0.541837	0.013599	0.541837	0.541837	0.541837	0.541837	0.541837	0.013599	0.230843	0.250164	0.249163	0.269830	0.565435	
3551000	-463.937620	1	2	1	'1 0 1 1 0 0 1 Z 	D	0.690300	0.052040	0.690300	0.690300	0.052040	0.052040	0.690300	0.000000	0.265031	0.331745	0.011611	0.391612	0.831257	
3552000	-460.463277	1	2	0	'1 0 1 1 0 0 1 0 	D	0.625514	0.006348	0.625514	0.625514	0.006348	0.006348	0.625514	0.006348	0.318498	0.334950	0.000198	0.346354	0.695467	
3553000	-460.197023	1	2	1	'1 0 1 1 1 Z 1 0 	D	0.592894	0.005979	0.592894	0.592894	0.592894	0.000000	0.592894	0.005979	0.260755	0.277841	0.167345	0.294059	0.877654	
3554000	-459.745951	1	2	0	'1 0 1 1 0 1 1 0 	D	0.599680	0.008118	0.599680	0.599680	0.008118	0.599680	0.599680	0.008118	0.248574	0.260084	0.220318	0.271025	0.107906	
3555000	-460.702645	1	2	0	'1 0 1 1 0 1 1 0 	D	0.611405	0.023891	0.611405	0.611405	0.023891	0.611405	0.611405	0.023891	0.252081	0.260285	0.220931	0.266702	0.148567	
3556000	-460.568694	1	2	1	'1 0 1 1 1 0 1 Z 	D	0.585021	0.017992	0.585021	0.585021	0.585021	0.017992	0.585021	0.000000	0.255750	0.277776	0.167563	0.298911	0.616694	
3557000	-459.954722	1	2	1	'1 Z 1 1 1 1 1 0 	D	0.700449	0.000000	0.700449	0.700449	0.700449	0.700449	0.700449	0.035222	0.242757	0.250030	0.250008	0.257204	0.636909	
3558000	-459.891855	1	2	0	'0 1 0 0 0 1 0 1 	D	0.703035	0.015352	0.703035	0.703035	0.703035	0.015352	0.703035	0.015352	0.257157	0.264327	0.208198	0.270319	0.260271	
3559000	-461.452962	1	2	2	'0 Z 0 0 Z 0 0 1 	D	0.738447	0.000000	0.738447	0.738447	0.000000	0.738447	0.738447	0.009709	0.246748	0.251547	0.245415	0.256290	0.921548	
3560000	-464.421467	1	2	0	'1 0 1 1 0 0 1 0 	D	0.893803	0.002488	0.893803	0.893803	0.002488	0.002488	0.893803	0.002488	0.331610	0.333758	0.000031	0.334602	0.803746	
3561000	-459.483480	1	2	1	'1 0 1 1 1 1 1 Z 	D	0.681455	0.031917	0.681455	0.681455	0.681455	0.681455	0.681455	0.000000	0.247237	0.249972	0.250073	0.252717	0.284609	
3562000	-460.818298	1	2	1	'1 0 1 1 1 1 1 Z 	D	0.797676	0.046937	0.797676	0.797676	0.797676	0.797676	0.797676	0.000000	0.249071	0.249993	0.250002	0.250935	0.759539	
3563000	-460.732076	1	2	1	'1 0 1 1 1 1 1 Z 	D	0.756724	0.071775	0.756724	0.756724	0.756724	0.756724	0.756724	0.000000	0.248686	0.249992	0.249975	0.251347	0.323585	
3564000	-460.493369	1	2	1	'1 0 1 1 1 1 1 Z 	D	0.749978	0.066339	0.749978	0.749978	0.749978	0.749978	0.749978	0.000000	0.248597	0.249992	0.249977	0.251434	0.820991	
3565000	-460.809513	1	2	1	'1 Z 1 1 1 1 1 0 	D	0.615723	0.000000	0.615723	0.615723	0.615723	0.615723	0.615723	0.061516	0.237590	0.250229	0.249742	0.262439	0.590286	
3566000	-460.567623	1	2	0	'1 0 1 1 0 1 1 0 	D	0.797459	0.013058	0.797459	0.797459	0.013058	0.797459	0.797459	0.013058	0.250069	0.251970	0.244229	0.253731	0.696121	
3567000	-460.457386	1	2	1	'1 0 1 1 Z 1 1 0 	D	0.788346	0.010829	0.788346	0.788346	0.000000	0.788346	0.788346	0.010829	0.250171	0.252309	0.243210	0.254310	0.611132	
3568000	-459.756657	1	2	1	'1 0 1 1 1 1 1 Z 	D	0.636195	0.062646	0.636195	0.636195	0.636195	0.636195	0.636195	0.000000	0.245899	0.250028	0.249821	0.254252	0.370903	
3569000	-459.691114	1	2	1	'1 Z 1 1 1 1 1 0 	D	0.610187	0.000000	0.610187	0.610187	0.610187	0.610187	0.610187	0.032515	0.235108	0.250078	0.249818	0.264995	0.920920	
3570000	-460.485337	1	2	1	'1 0 1 1 1 1 1 Z 	D	0.531662	0.036057	0.531662	0.531662	0.531662	0.531662	0.531662	0.000000	0.238704	0.250278	0.249404	0.261614	0.446514	
3571000	-460.907390	1	2	0	'1 0 1 1 1 1 1 0 	D	0.766547	0.032353	0.766547	0.766547	0.766547	0.766547	0.766547	0.032353	0.247419	0.250004	0.249982	0.252595	0.455881	
3572000	-459.540623	1	2	1	'1 0 1 1 1 1 1 Z 	D	0.618956	0.052747	0.618956	0.618956	0.618956	0.618956	0.618956	0.000000	0.245144	0.250041	0.249818	0.254997	0.204965	
3573000	-460.980152	1	2	1	'1 0 1 1 1 1 1 Z 	D	0.634634	0.010499	0.634634	0.634634	0.634634	0.634634	0.634634	0.000000	0.245230	0.249618	0.251232	0.253921	0.572151	
3574000	-459.928993	1	2	1	'1 Z 1 1 1 1 1 0 	D	0.629593	0.000000	0.629593	0.629593	0.629593	0.629593	0.629593	0.044158	0.237860	0.250121	0.249847	0.262172	0.382601	
3575000	-460.429229	1	2	1	'1 Z 1 1 0 1 1 0 	D	0.649599	0.000000	0.649599	0.649599	0.015914	0.649599	0.649599	0.015914	0.248043	0.256035	0.232290	0.263633	0.308454	
3576000	-459.685343	1	2	1	'1 0 1 1 1 1 1 Z 	D	0.707408	0.048910	0.707408	0.707408	0.707408	0.707408	0.707408	0.000000	0.247886	0.249991	0.249988	0.252135	0.385110	
3577000	-460.009728	1	2	1	'1 0 1 1 1 1 1 Z 	D	0.576630	0.056271	0.576630	0.576630	0.576630	0.576630	0.576630	0.000000	0.242734	0.250150	0.249490	0.257627	0.414094	
3578000	-461.890198	1	2	1	'1 0 1 1 1 0 1 Z 	D	0.547320	0.043425	0.547320	0.547320	0.547320	0.043425	0.547320	0.000000	0.238897	0.284033	0.148614	0.328457	0.689642	
3579000	-460.460129	1	2	0	'1 0 1 1 1 0 1 0 	D	0.768115	0.008647	0.768115	0.768115	0.768115	0.008647	0.768115	0.008647	0.255605	0.259477	0.221970	0.262948	0.895001	
3580000	-459.940378	1	2	1	'1 0 1 1 Z 1 1 0 	D	0.745038	0.010154	0.745038	0.745038	0.000000	0.745038	0.745038	0.010154	0.250366	0.253514	0.239664	0.256456	0.690513	
3581000	-460.331991	1	2	1	'1 Z 1 1 0 1 1 0 	D	0.660774	0.000000	0.660774	0.660774	0.020234	0.660774	0.660774	0.020234	0.249803	0.256050	0.232356	0.261792	0.237622	
3582000	-460.891405	1	2	1	'1 0 1 1 1 1 1 Z 	D	0.741235	0.016684	0.741235	0.741235	0.741235	0.741235	0.741235	0.000000	0.248335	0.249952	0.250146	0.251567	0.614317	
3583000	-461.558578	1	2	1	'1 0 1 1 1 1 1 Z 	D	0.719155	0.102402	0.719155	0.719155	0.719155	0.719155	0.719155	0.000000	0.248141	0.249990	0.249921	0.251949	0.458815	
3584000	-460.304316	1	2	1	'1 Z 1 1 1 1 1 0 	D	0.678456	0.000000	0.678456	0.678456	0.678456	0.678456	0.678456	0.015194	0.240546	0.249930	0.250165	0.259358	0.467157	
3585000	-460.163845	1	2	0	'1 0 1 1 0 1 1 0 	D	0.732706	0.018928	0.732706	0.732706	0.018928	0.732706	0.732706	0.018928	0.251057	0.254091	0.238180	0.256672	0.379407	
3586000	-459.809753	1	2	1	'1 0 1 1 1 1 1 Z 	D	0.717939	0.050947	0.717939	0.717939	0.717939	0.717939	0.717939	0.000000	0.248088	0.249991	0.249987	0.251935	0.692627	
3587000	-460.536462	1	2	2	'1 0 1 1 1 Z 1 Z 	D	0.755046	0.021927	0.755046	0.755046	0.755046	0.000000	0.755046	0.000000	0.255271	0.261689	0.215449	0.267591	0.390815	
3588000	-462.239547	1	2	0	'1 0 1 1 1 1 1 0 	D	0.507558	0.004974	0.507558	0.507558	0.507558	0.507558	0.507558	0.004974	0.222343	0.249194	0.251605	0.276858	0.481443	
3589000	-462.435542	1	2	0	'1 0 1 1 1 1 1 0 	D	0.804586	0.044396	0.804586	0.804586	0.804586	0.804586	0.804586	0.044396	0.248297	0.250003	0.249988	0.251711	0.502156	
3590000	-459.622699	1	2	1	'1 0 1 1 1 1 1 Z 	D	0.676436	0.025759	0.676436	0.676436	0.676436	0.676436	0.676436	0.000000	0.247061	0.249952	0.250149	0.252839	0.334728	
3591000	-459.681427	1	2	1	'1 0 1 1 1 Z 1 0 	D	0.624641	0.012880	0.624641	0.624641	0.624641	0.000000	0.624641	0.012880	0.260216	0.274136	0.179415	0.286234	0.239524	
3592000	-460.777205	1	2	2	'1 Z 1 1 Z 1 1 0 	D	0.603547	0.000000	0.603547	0.603547	0.000000	0.603547	0.603547	0.023561	0.254255	0.262361	0.214210	0.269174	0.371063	
3593000	-459.388515	1	2	0	'1 0 1 1 0 1 1 0 	D	0.655194	0.011720	0.655194	0.655194	0.011720	0.655194	0.655194	0.011720	0.250350	0.257061	0.229366	0.263222	0.935634	
3594000	-460.151284	1	2	1	'1 0 1 1 1 0 1 Z 	D	0.713222	0.027878	0.713222	0.713222	0.713222	0.027878	0.713222	0.000000	0.253864	0.263676	0.209700	0.272760	0.415139	
3595000	-460.921521	1	2	1	'1 0 1 1 1 0 1 Z 	D	0.617584	0.046296	0.617584	0.617584	0.617584	0.046296	0.617584	0.000000	0.246391	0.274428	0.178141	0.301039	0.349840	
3596000	-460.014042	1	2	0	'1 0 1 1 1 1 1 0 	D	0.579216	0.027535	0.579216	0.579216	0.579216	0.579216	0.579216	0.027535	0.237323	0.250205	0.249297	0.263175	0.673244	
3597000	-461.295069	1	2	2	'1 0 1 1 1 Z 1 Z 	D	0.571741	0.011173	0.571741	0.571741	0.571741	0.000000	0.571741	0.000000	0.259917	0.280720	0.158547	0.300816	0.473719	
3598000	-460.272224	1	2	1	'1 0 1 1 1 1 1 Z 	D	0.577186	0.064469	0.577186	0.577186	0.577186	0.577186	0.577186	0.000000	0.242779	0.250160	0.249402	0.257659	0.568166	
3599000	-460.242491	1	2	1	'1 0 1 1 Z 1 1 0 	D	0.653685	0.021570	0.653685	0.653685	0.000000	0.653685	0.653685	0.021570	0.253285	0.259155	0.223824	0.263736	0.287737	
3600000	-462.206099	1	2	2	'1 Z 1 1 0 Z 1 0 	D	0.659759	0.000000	0.659759	0.659759	0.025655	0.000000	0.659759	0.025655	0.357145	0.335812	0.000857	0.306186	0.847440	
3601000	-459.681634	1	2	1	'1 Z 1 1 1 1 1 0 	D	0.638222	0.000000	0.638222	0.638222	0.638222	0.638222	0.638222	0.035869	0.238198	0.250069	0.249910	0.261823	0.158217	
3602000	-460.822437	1	2	1	'1 Z 1 1 1 1 1 0 	D	0.599726	0.000000	0.599726	0.599726	0.599726	0.599726	0.599726	0.059543	0.235858	0.250277	0.249626	0.264239	0.298783	
3603000	-459.567070	1	2	1	'1 0 1 1 Z 1 1 0 	D	0.703703	0.012147	0.703703	0.703703	0.000000	0.703703	0.703703	0.012147	0.251080	0.255451	0.234048	0.259421	0.174312	
3604000	-459.555911	1	2	1	'1 0 1 1 1 1 1 Z 	D	0.611880	0.051814	0.611880	0.611880	0.611880	0.611880	0.611880	0.000000	0.244802	0.250050	0.249796	0.255352	0.213603	
3605000	-464.231618	1	2	1	'1 0 1 1 1 1 1 Z 	D	0.676015	0.156329	0.676015	0.676015	0.676015	0.676015	0.676015	0.000000	0.247079	0.249977	0.249774	0.253170	0.276847	
3606000	-460.103052	1	2	1	'1 0 1 1 1 1 1 Z 	D	0.749327	0.036394	0.749327	0.749327	0.749327	0.749327	0.749327	0.000000	0.248536	0.249986	0.250022	0.251455	0.421321	
3607000	-460.584613	1	2	1	'1 0 1 1 1 1 1 Z 	D	0.546290	0.057856	0.546290	0.546290	0.546290	0.546290	0.546290	0.000000	0.240296	0.250315	0.249021	0.260368	0.569974	
3608000	-463.785204	1	2	2	'1 0 1 1 Z 0 1 Z 	D	0.596637	0.048086	0.596637	0.596637	0.000000	0.048086	0.596637	0.000000	0.241490	0.332695	0.003989	0.421826	0.481808	
3609000	-461.415313	1	2	1	'1 0 1 1 0 0 1 Z 	D	0.605669	0.027560	0.605669	0.605669	0.027560	0.027560	0.605669	0.000000	0.273835	0.333581	0.003466	0.389119	0.987161	
3610000	-461.283910	1	2	1	'1 0 1 1 1 1 1 Z 	D	0.786611	0.020043	0.786611	0.786611	0.786611	0.786611	0.786611	0.000000	0.248911	0.249979	0.250057	0.251053	0.637291	
3611000	-460.526689	1	2	1	'1 Z 1 1 1 1 1 0 	D	0.682794	0.000000	0.682794	0.682794	0.682794	0.682794	0.682794	0.056532	0.242437	0.250087	0.249970	0.257506	0.593086	
3612000	-460.608710	1	2	1	'1 Z 1 1 1 1 1 0 	D	0.595535	0.000000	0.595535	0.595535	0.595535	0.595535	0.595535	0.054872	0.235060	0.250268	0.249597	0.265075	0.362890	
3613000	-459.429978	1	2	1	'1 0 1 1 1 1 1 Z 	D	0.648190	0.050235	0.648190	0.648190	0.648190	0.648190	0.648190	0.000000	0.246317	0.250009	0.249922	0.253753	0.640691	
3614000	-459.342812	1	2	1	'1 0 1 1 1 1 1 Z 	D	0.658024	0.034397	0.658024	0.658024	0.658024	0.658024	0.658024	0.000000	0.246574	0.249978	0.250058	0.253390	0.446514	
3615000	-462.725577	1	2	2	'1 0 1 1 Z 0 1 Z 	D	0.724461	0.037538	0.724461	0.724461	0.000000	0.037538	0.724461	0.000000	0.283733	0.335043	0.002105	0.379119	0.409330	
3616000	-459.684350	1	2	1	'1 0 1 1 1 1 1 Z 	D	0.639963	0.021856	0.639963	0.639963	0.639963	0.639963	0.639963	0.000000	0.245802	0.249905	0.250326	0.253967	0.823287	
3617000	-460.704283	1	2	1	'1 Z 1 1 1 1 1 0 	D	0.610029	0.000000	0.610029	0.610029	0.610029	0.610029	0.610029	0.010726	0.233348	0.249678	0.250649	0.266325	0.428957	
3618000	-461.738736	1	2	1	'1 0 1 1 1 0 1 Z 	D	0.611653	0.058857	0.611653	0.611653	0.611653	0.058857	0.611653	0.000000	0.241773	0.275199	0.175884	0.307144	0.569777	
3619000	-460.276024	1	2	2	'1 0 1 1 1 Z 1 Z 	D	0.613456	0.027142	0.613456	0.613456	0.613456	0.000000	0.613456	0.000000	0.254786	0.278013	0.167224	0.299977	0.409338	
3620000	-460.587248	1	2	0	'1 0 1 1 1 1 1 0 	D	0.681313	0.037927	0.681313	0.681313	0.681313	0.681313	0.681313	0.037927	0.244957	0.250035	0.249884	0.255124	0.856801	
3621000	-459.423192	1	2	1	'1 0 1 1 1 1 1 Z 	D	0.673871	0.033002	0.673871	0.673871	0.673871	0.673871	0.673871	0.000000	0.247040	0.249974	0.250068	0.252918	0.219232	
3622000	-460.616453	1	2	2	'1 0 1 1 Z 0 1 Z 	D	0.680084	0.014664	0.680084	0.680084	0.000000	0.014664	0.680084	0.000000	0.305298	0.334529	0.000305	0.359868	0.254506	
3623000	-460.351856	1	2	1	'1 Z 1 1 1 1 1 0 	D	0.563285	0.000000	0.563285	0.563285	0.563285	0.563285	0.563285	0.017497	0.227105	0.249845	0.249964	0.273086	0.149630	
3624000	-460.046035	1	2	1	'1 0 1 1 1 1 1 Z 	D	0.700914	0.066676	0.700914	0.700914	0.700914	0.700914	0.700914	0.000000	0.247784	0.249996	0.249943	0.252278	0.768880	
3625000	-462.239931	1	2	1	'1 Z 1 1 1 1 1 0 	D	0.541393	0.000000	0.541393	0.541393	0.541393	0.541393	0.541393	0.007136	0.220920	0.248677	0.252790	0.277612	0.233638	
3626000	-462.943613	1	2	1	'1 Z 1 1 1 1 1 0 	D	0.466865	0.000000	0.466865	0.466865	0.466865	0.466865	0.466865	0.026322	0.206875	0.250977	0.245629	0.296520	0.578629	
3627000	-461.863241	1	2	2	'1 Z 1 1 Z 1 1 0 	D	0.589873	0.000000	0.589873	0.589873	0.000000	0.589873	0.589873	0.038837	0.265465	0.267358	0.200657	0.266521	0.285261	
3628000	-462.119385	1	2	2	'1 Z 1 1 Z 1 1 0 	D	0.574793	0.000000	0.574793	0.574793	0.000000	0.574793	0.574793	0.038770	0.266429	0.268897	0.196448	0.268226	0.272406	
3629000	-459.874761	1	2	1	'1 0 1 1 1 1 1 Z 	D	0.630075	0.065746	0.630075	0.630075	0.630075	0.630075	0.630075	0.000000	0.245655	0.250037	0.249781	0.254527	0.768089	
3630000	-460.384461	1	2	2	'1 0 1 1 1 Z 1 Z 	D	0.597478	0.021274	0.597478	0.597478	0.597478	0.000000	0.597478	0.000000	0.256351	0.279131	0.163683	0.300836	0.467972	
3631000	-460.219322	1	2	1	'1 0 1 1 1 1 1 Z 	D	0.642985	0.015480	0.642985	0.642985	0.642985	0.642985	0.642985	0.000000	0.245791	0.249816	0.250609	0.253783	0.588556	
3632000	-460.120200	1	2	1	'1 0 1 1 1 1 1 Z 	D	0.590720	0.064898	0.590720	0.590720	0.590720	0.590720	0.590720	0.000000	0.243659	0.250115	0.249537	0.256690	0.452967	
3633000	-461.060218	1	2	1	'1 0 1 1 1 1 1 Z 	D	0.762935	0.079546	0.762935	0.762935	0.762935	0.762935	0.762935	0.000000	0.248764	0.249991	0.249972	0.251272	0.190870	
3634000	-459.815381	1	2	1	'1 0 1 1 1 1 1 Z 	D	0.575527	0.026632	0.575527	0.575527	0.575527	0.575527	0.575527	0.000000	0.242381	0.249963	0.250251	0.257406	0.464082	
3635000	-460.143780	1	2	1	'1 0 1 1 1 Z 1 0 	D	0.702723	0.017695	0.702723	0.702723	0.702723	0.000000	0.702723	0.017695	0.258197	0.265652	0.204530	0.271622	0.573862	
3636000	-460.745308	1	2	2	'1 0 1 1 Z 0 1 Z 	D	0.610625	0.015927	0.610625	0.610625	0.000000	0.015927	0.610625	0.000000	0.292703	0.334441	0.000380	0.372476	0.600456	
3637000	-459.461401	1	2	1	'1 0 1 1 1 1 1 Z 	D	0.655226	0.051490	0.655226	0.655226	0.655226	0.655226	0.655226	0.000000	0.246558	0.250006	0.249928	0.253509	0.402081	
3638000	-459.636795	1	2	1	'1 0 1 1 1 1 1 Z 	D	0.611438	0.023690	0.611438	0.611438	0.611438	0.611438	0.611438	0.000000	0.244532	0.249908	0.250348	0.255212	0.492837	
3639000	-460.120223	1	2	1	'1 0 1 1 Z 1 1 0 	D	0.589849	0.016826	0.589849	0.589849	0.000000	0.589849	0.589849	0.016826	0.251986	0.263059	0.212488	0.272467	0.276108	
3640000	-461.210881	1	2	1	'1 0 1 1 1 1 1 Z 	D	0.803781	0.026308	0.803781	0.803781	0.803781	0.803781	0.803781	0.000000	0.249083	0.249988	0.250027	0.250902	0.663592	
3641000	-460.169323	1	2	0	'1 0 1 1 1 1 1 0 	D	0.625578	0.033618	0.625578	0.625578	0.625578	0.625578	0.625578	0.033618	0.241722	0.250096	0.249681	0.258501	0.698178	
3642000	-460.206253	1	2	1	'1 0 1 1 Z 1 1 0 	D	0.596152	0.018297	0.596152	0.596152	0.000000	0.596152	0.596152	0.018297	0.252525	0.262778	0.213409	0.271287	0.731225	
3643000	-464.780125	1	2	3	'1 Z 1 1 Z Z 1 0 	D	0.481138	0.000000	0.481138	0.481138	0.000000	0.000000	0.481138	0.007507	0.298696	0.335065	0.000000	0.366239	0.256418	
3644000	-461.167080	1	2	1	'1 Z 1 1 1 1 1 0 	D	0.706919	0.000000	0.706919	0.706919	0.706919	0.706919	0.706919	0.010770	0.242311	0.249912	0.250223	0.257554	0.482687	
3645000	-459.829253	1	2	1	'1 0 1 1 1 Z 1 0 	D	0.602839	0.012895	0.602839	0.602839	0.602839	0.000000	0.602839	0.012895	0.260297	0.277051	0.170936	0.291716	0.763402	
3646000	-461.376047	1	2	1	'1 0 1 1 1 0 1 Z 	D	0.580211	0.046089	0.580211	0.580211	0.580211	0.046089	0.580211	0.000000	0.242585	0.279368	0.163121	0.314927	0.934747	
3647000	-460.178921	1	2	1	'1 0 1 1 1 1 1 Z 	D	0.748816	0.052904	0.748816	0.748816	0.748816	0.748816	0.748816	0.000000	0.248565	0.249991	0.249992	0.251453	0.434162	
3648000	-461.130809	1	2	2	'1 0 1 1 1 Z 1 Z 	D	0.711632	0.049337	0.711632	0.711632	0.711632	0.000000	0.711632	0.000000	0.252206	0.269201	0.193947	0.284646	0.359261	
3649000	-460.331232	1	2	1	'1 Z 1 1 1 1 1 0 	D	0.737498	0.000000	0.737498	0.737498	0.737498	0.737498	0.737498	0.030554	0.244512	0.250013	0.250025	0.255450	0.528879	
3650000	-460.929982	1	2	1	'1 Z 1 1 1 1 1 0 	D	0.570968	0.000000	0.570968	0.570968	0.570968	0.570968	0.570968	0.055143	0.232091	0.250389	0.249305	0.268214	0.265091	
3651000	-460.142481	1	2	0	'1 0 1 1 1 0 1 0 	D	0.746150	0.009368	0.746150	0.746150	0.746150	0.009368	0.746150	0.009368	0.256282	0.260992	0.217542	0.265184	0.533973	
3652000	-461.542395	1	2	1	'1 Z 1 1 1 1 1 0 	D	0.788343	0.000000	0.788343	0.788343	0.788343	0.788343	0.788343	0.017863	0.246170	0.249993	0.250040	0.253797	0.622451	
3653000	-461.031783	1	2	1	'1 0 1 1 1 1 1 Z 	D	0.742924	0.084919	0.742924	0.742924	0.742924	0.742924	0.742924	0.000000	0.248514	0.249991	0.249957	0.251537	0.850927	
3654000	-459.678512	1	2	1	'1 0 1 1 1 1 1 Z 	D	0.679065	0.024809	0.679065	0.679065	0.679065	0.679065	0.679065	0.000000	0.247124	0.249949	0.250158	0.252768	0.763133	
3655000	-461.718393	1	2	1	'1 0 1 1 1 0 1 Z 	D	0.833794	0.038649	0.833794	0.833794	0.833794	0.038649	0.833794	0.000000	0.251696	0.256238	0.231704	0.260362	0.629823	
3656000	-459.816427	1	2	1	'1 Z 1 1 1 1 1 0 	D	0.587224	0.000000	0.587224	0.587224	0.587224	0.587224	0.587224	0.028568	0.231920	0.250070	0.249718	0.268292	0.761891	
3657000	-459.967742	1	2	1	'1 Z 1 1 1 1 1 0 	D	0.703360	0.000000	0.703360	0.703360	0.703360	0.703360	0.703360	0.034139	0.242890	0.250027	0.250012	0.257071	0.527852	
3658000	-461.258712	1	2	1	'1 Z 1 1 1 1 1 0 	D	0.757057	0.000000	0.757057	0.757057	0.757057	0.757057	0.757057	0.057952	0.245846	0.250039	0.250015	0.254100	0.627530	
3659000	-460.372963	1	2	0	'1 0 1 1 1 1 1 0 	D	0.769097	0.019840	0.769097	0.769097	0.769097	0.769097	0.769097	0.019840	0.247208	0.249998	0.249998	0.252797	0.486462	
3660000	-463.294716	1	2	3	'1 Z 1 1 Z Z 1 0 	D	0.668967	0.000000	0.668967	0.668967	0.000000	0.000000	0.668967	0.032269	0.368518	0.336567	0.000000	0.294915	0.235487	
3661000	-460.470569	1	2	1	'1 Z 1 1 0 1 1 0 	D	0.620578	0.000000	0.620578	0.620578	0.020082	0.620578	0.620578	0.020082	0.249618	0.258349	0.225700	0.266333	0.498452	
3662000	-464.266544	1	2	2	'1 Z 1 1 Z 1 1 0 	D	0.573136	0.000000	0.573136	0.573136	0.000000	0.573136	0.573136	0.060773	0.284386	0.274643	0.181011	0.259961	0.265227	
3663000	-459.980778	1	2	1	'1 Z 1 1 1 1 1 0 	D	0.663385	0.000000	0.663385	0.663385	0.663385	0.663385	0.663385	0.018028	0.239485	0.249946	0.250122	0.260448	0.358576	
3664000	-461.020110	1	2	2	'1 0 1 1 1 Z 1 Z 	D	0.560481	0.017520	0.560481	0.560481	0.560481	0.000000	0.560481	0.000000	0.256215	0.283874	0.149310	0.310601	0.169497	
3665000	-460.733466	1	2	1	'1 0 1 1 1 1 1 Z 	D	0.625289	0.086651	0.625289	0.625289	0.625289	0.625289	0.625289	0.000000	0.245436	0.250045	0.249670	0.254849	0.216638	
3666000	-461.471398	1	2	2	'1 0 1 1 Z 0 1 Z 	D	0.607045	0.006543	0.607045	0.607045	0.000000	0.006543	0.607045	0.000000	0.309017	0.333973	0.000061	0.356949	0.150808	
3667000	-461.059534	1	2	1	'1 0 1 1 1 1 1 Z 	D	0.514084	0.044553	0.514084	0.514084	0.514084	0.514084	0.514084	0.000000	0.236803	0.250550	0.248591	0.264056	0.708256	
3668000	-462.122136	1	2	3	'1 0 1 1 Z Z 1 Z 	D	0.528652	0.016769	0.528652	0.528652	0.000000	0.000000	0.528652	0.000000	0.269812	0.333930	0.000000	0.396258	0.109283	
3669000	-462.561915	1	2	2	'1 0 1 1 0 Z 1 Z 	D	0.766617	0.031855	0.766617	0.766617	0.031855	0.000000	0.766617	0.000000	0.295261	0.335303	0.000992	0.368444	0.272369	
3670000	-460.868809	1	2	2	'1 0 1 1 1 Z 1 Z 	D	0.763950	0.036951	0.763950	0.763950	0.763950	0.000000	0.763950	0.000000	0.253825	0.262706	0.212733	0.270736	0.617609	
3671000	-460.484208	1	2	1	'1 0 1 1 1 1 1 Z 	D	0.600506	0.076751	0.600506	0.600506	0.600506	0.600506	0.600506	0.000000	0.244219	0.250094	0.249539	0.256148	0.715746	
3672000	-459.550615	1	2	1	'1 0 1 1 1 Z 1 0 	D	0.654586	0.010247	0.654586	0.654586	0.654586	0.000000	0.654586	0.010247	0.259808	0.270323	0.190195	0.279673	0.469892	
3673000	-460.148936	1	2	1	'1 0 1 1 Z 1 1 0 	D	0.648362	0.020751	0.648362	0.648362	0.000000	0.648362	0.648362	0.020751	0.253173	0.259402	0.223084	0.264341	0.306325	
3674000	-459.858777	1	2	1	'1 0 1 1 1 1 1 Z 	D	0.657312	0.066196	0.657312	0.657312	0.657312	0.657312	0.657312	0.000000	0.246651	0.250012	0.249870	0.253467	0.227852	
3675000	-459.884594	1	2	1	'1 Z 1 1 1 1 1 0 	D	0.592639	0.000000	0.592639	0.592639	0.592639	0.592639	0.592639	0.036363	0.233285	0.250144	0.249661	0.266910	0.418963	
3676000	-463.301806	1	2	1	'1 0 1 1 0 0 1 Z 	D	0.737974	0.042991	0.737974	0.737974	0.042991	0.042991	0.737974	0.000000	0.281982	0.333093	0.008113	0.376811	0.389352	
3677000	-462.908305	1	2	2	'1 0 1 1 Z 0 1 Z 	D	0.718368	0.039555	0.718368	0.718368	0.000000	0.039555	0.718368	0.000000	0.280606	0.334987	0.002360	0.382047	0.301010	
3678000	-460.578703	1	2	1	'1 0 1 1 1 0 1 Z 	D	0.700049	0.012724	0.700049	0.700049	0.700049	0.012724	0.700049	0.000000	0.256861	0.263984	0.208447	0.270708	0.389080	
3679000	-460.014100	1	2	1	'1 0 1 1 1 1 1 Z 	D	0.604282	0.065536	0.604282	0.604282	0.604282	0.604282	0.604282	0.000000	0.244434	0.250080	0.249640	0.255846	0.281747	
3680000	-460.798701	1	2	1	'1 0 1 1 1 1 1 Z 	D	0.797257	0.044109	0.797257	0.797257	0.797257	0.797257	0.797257	0.000000	0.249063	0.249992	0.250004	0.250940	0.575476	
3681000	-459.272961	1	2	0	'1 0 1 1 1 1 1 0 	D	0.609432	0.018531	0.609432	0.609432	0.609432	0.609432	0.609432	0.018531	0.239340	0.250054	0.249733	0.260874	0.250783	
3682000	-460.404415	1	2	1	'1 Z 1 1 1 1 1 0 	D	0.546285	0.000000	0.546285	0.546285	0.546285	0.546285	0.546285	0.024042	0.224902	0.250070	0.249351	0.275677	0.661715	
3683000	-460.050309	1	2	1	'1 0 1 1 1 1 1 Z 	D	0.605249	0.017766	0.605249	0.605249	0.605249	0.605249	0.605249	0.000000	0.244048	0.249793	0.250734	0.255426	0.844548	
3684000	-459.857437	1	2	1	'1 0 1 1 1 1 1 Z 	D	0.597720	0.020987	0.597720	0.597720	0.597720	0.597720	0.597720	0.000000	0.243705	0.249857	0.250542	0.255896	0.836917	
3685000	-462.534491	1	2	0	'1 0 1 1 1 1 1 0 	D	0.482392	0.006770	0.482392	0.482392	0.482392	0.482392	0.482392	0.006770	0.217532	0.249882	0.249306	0.283279	0.447385	
3686000	-459.773908	1	2	1	'1 Z 1 1 1 1 1 0 	D	0.680161	0.000000	0.680161	0.680161	0.680161	0.680161	0.680161	0.032712	0.241392	0.250029	0.250000	0.258579	0.663730	
3687000	-460.600180	1	2	1	'1 Z 1 1 0 1 1 0 	D	0.660668	0.000000	0.660668	0.660668	0.031055	0.660668	0.660668	0.031055	0.253538	0.257204	0.229248	0.260010	0.205819	
3688000	-459.636892	1	2	1	'1 Z 1 1 1 1 1 0 	D	0.622315	0.000000	0.622315	0.622315	0.622315	0.622315	0.622315	0.025667	0.235995	0.250007	0.249952	0.264046	0.666486	
3689000	-459.887803	1	2	1	'1 Z 1 1 1 1 1 0 	D	0.662506	0.000000	0.662506	0.662506	0.662506	0.662506	0.662506	0.019554	0.239487	0.249959	0.250095	0.260459	0.671178	
3690000	-460.561665	1	2	1	'1 Z 1 1 1 1 1 0 	D	0.655343	0.000000	0.655343	0.655343	0.655343	0.655343	0.655343	0.058840	0.240726	0.250129	0.249914	0.259232	0.301458	
3691000	-459.702879	1	2	1	'1 Z 1 1 1 1 1 0 	D	0.668438	0.000000	0.668438	0.668438	0.668438	0.668438	0.668438	0.027359	0.240323	0.250010	0.250016	0.259652	0.454772	
3692000	-459.426996	1	2	1	'1 0 1 1 1 1 1 Z 	D	0.604204	0.033768	0.604204	0.604204	0.604204	0.604204	0.604204	0.000000	0.244291	0.250000	0.250036	0.255673	0.787530	
3693000	-460.828011	1	2	1	'1 0 1 1 1 0 1 Z 	D	0.623852	0.045527	0.623852	0.623852	0.623852	0.045527	0.623852	0.000000	0.247130	0.273636	0.180512	0.298722	0.264545	
3694000	-460.429136	1	2	1	'1 Z 1 1 1 1 1 0 	D	0.551771	0.000000	0.551771	0.551771	0.551771	0.551771	0.551771	0.036167	0.227311	0.250293	0.249119	0.273276	0.690868	
3695000	-461.430662	1	2	1	'1 0 1 1 1 1 1 Z 	D	0.831826	0.049104	0.831826	0.831826	0.831826	0.831826	0.831826	0.000000	0.249317	0.249994	0.250000	0.250689	0.235638	
3696000	-462.581359	1	2	2	'1 0 1 1 1 Z 1 Z 	D	0.507523	0.030093	0.507523	0.507523	0.507523	0.000000	0.507523	0.000000	0.240723	0.295104	0.114700	0.349472	0.293690	
3697000	-460.298762	1	2	1	'1 0 1 1 1 1 1 Z 	D	0.765003	0.039871	0.765003	0.765003	0.765003	0.765003	0.765003	0.000000	0.248739	0.249989	0.250012	0.251260	0.879436	
3698000	-460.325658	1	2	1	'1 0 1 1 1 1 1 Z 	D	0.575416	0.065248	0.575416	0.575416	0.575416	0.575416	0.575416	0.000000	0.242655	0.250168	0.249373	0.257804	0.257476	
3699000	-461.268781	1	2	2	'1 Z 1 1 Z 1 1 0 	D	0.627167	0.000000	0.627167	0.627167	0.000000	0.627167	0.627167	0.036754	0.261679	0.263445	0.211478	0.263398	0.658754	
3700000	-460.482185	1	2	2	'1 Z 1 1 Z 1 1 0 	D	0.685027	0.000000	0.685027	0.685027	0.000000	0.685027	0.685027	0.016854	0.249932	0.255557	0.233684	0.260827	0.777412	
3701000	-459.471233	1	2	1	'1 0 1 1 1 1 1 Z 	D	0.599169	0.032648	0.599169	0.599169	0.599169	0.599169	0.599169	0.000000	0.243999	0.249998	0.250054	0.255949	0.641457	
3702000	-461.005124	1	2	1	'1 Z 1 1 0 1 1 0 	D	0.728670	0.000000	0.728670	0.728670	0.035482	0.728670	0.728670	0.035482	0.252924	0.254403	0.237291	0.255382	0.852227	
3703000	-461.147389	1	2	2	'1 0 1 1 Z Z 1 0 	D	0.569200	0.004611	0.569200	0.569200	0.000000	0.000000	0.569200	0.004611	0.310388	0.334681	0.000000	0.354930	0.788216	
3704000	-461.082261	1	2	1	'1 0 1 1 1 0 1 Z 	D	0.716442	0.051817	0.716442	0.716442	0.716442	0.051817	0.716442	0.000000	0.249843	0.264015	0.209104	0.277038	0.248869	
3705000	-462.892732	1	2	3	'1 0 1 1 Z Z 1 Z 	D	0.716682	0.037994	0.716682	0.716682	0.000000	0.000000	0.716682	0.000000	0.279314	0.335875	0.000000	0.384811	0.603337	
3706000	-461.084750	1	2	3	'1 0 1 1 Z Z 1 Z 	D	0.745138	0.014143	0.745138	0.745138	0.000000	0.000000	0.745138	0.000000	0.312097	0.334621	0.000000	0.353282	0.851426	
3707000	-460.054939	1	2	2	'1 0 1 1 1 Z 1 Z 	D	0.686318	0.024252	0.686318	0.686318	0.686318	0.000000	0.686318	0.000000	0.256298	0.268401	0.195676	0.279626	0.235236	
3708000	-461.619691	1	2	1	'1 Z 1 1 1 1 1 0 	D	0.507697	0.000000	0.507697	0.507697	0.507697	0.507697	0.507697	0.016463	0.215469	0.249827	0.249160	0.285544	0.216320	
3709000	-460.456724	1	2	1	'1 0 1 1 1 1 1 Z 	D	0.717483	0.075470	0.717483	0.717483	0.717483	0.717483	0.717483	0.000000	0.248110	0.249993	0.249946	0.251951	0.294847	
3710000	-459.869077	1	2	1	'1 0 1 1 1 1 1 Z 	D	0.579066	0.052302	0.579066	0.579066	0.579066	0.579066	0.579066	0.000000	0.242891	0.250132	0.249568	0.257410	0.191828	
3711000	-459.632810	1	2	1	'1 0 1 1 1 1 1 Z 	D	0.624206	0.022955	0.624206	0.624206	0.624206	0.624206	0.624206	0.000000	0.245144	0.249905	0.250339	0.254611	0.466175	
3712000	-460.828650	1	2	1	'1 0 1 1 1 1 1 Z 	D	0.791339	0.031150	0.791339	0.791339	0.791339	0.791339	0.791339	0.000000	0.248987	0.249989	0.250022	0.251002	0.539285	
3713000	-459.431385	1	2	1	'1 0 1 1 1 1 1 Z 	D	0.680544	0.042558	0.680544	0.680544	0.680544	0.680544	0.680544	0.000000	0.247263	0.249989	0.250001	0.252747	0.393446	
3714000	-462.465061	1	2	0	'1 0 1 1 1 1 1 0 	D	0.499887	0.005000	0.499887	0.499887	0.499887	0.499887	0.499887	0.005000	0.220686	0.249192	0.251523	0.278599	0.702076	
3715000	-461.515375	1	2	0	'1 0 1 1 1 1 1 0 	D	0.501751	0.008483	0.501751	0.501751	0.501751	0.501751	0.501751	0.008483	0.222517	0.250051	0.249094	0.278339	0.375880	
3716000	-460.186402	1	2	1	'1 Z 1 1 1 1 1 0 	D	0.568404	0.000000	0.568404	0.568404	0.568404	0.568404	0.568404	0.037234	0.230036	0.250230	0.249382	0.270352	0.544714	
3717000	-460.506976	1	2	1	'1 0 1 1 0 Z 1 0 	D	0.631534	0.005328	0.631534	0.631534	0.005328	0.000000	0.631534	0.005328	0.319301	0.334732	0.000032	0.345935	0.373714	
3718000	-459.799354	1	2	1	'1 Z 1 1 1 1 1 0 	D	0.670838	0.000000	0.670838	0.670838	0.670838	0.670838	0.670838	0.037776	0.240941	0.250051	0.249974	0.259034	0.717428	
3719000	-460.010841	1	2	1	'1 Z 1 1 1 1 1 0 	D	0.572370	0.000000	0.572370	0.572370	0.572370	0.572370	0.572370	0.023408	0.229257	0.250005	0.249721	0.271016	0.829091	
3720000	-460.669331	1	2	1	'1 Z 1 1 0 1 1 0 	D	0.639842	0.000000	0.639842	0.639842	0.031203	0.639842	0.639842	0.031203	0.254070	0.258431	0.225769	0.261730	0.268626	
3721000	-462.818521	1	2	0	'1 0 1 1 1 1 1 0 	D	0.550470	0.048674	0.550470	0.550470	0.550470	0.550470	0.550470	0.048674	0.236461	0.250516	0.248586	0.264437	0.840823	
3722000	-459.553666	1	2	0	'1 0 1 1 1 1 1 0 	D	0.690271	0.012712	0.690271	0.690271	0.690271	0.690271	0.690271	0.012712	0.244267	0.249978	0.250028	0.255727	0.284059	
3723000	-461.152891	1	2	1	'1 Z 1 1 1 1 1 0 	D	0.540876	0.000000	0.540876	0.540876	0.540876	0.540876	0.540876	0.048545	0.226944	0.250544	0.248739	0.273773	0.366581	
3724000	-461.624565	1	2	1	'1 Z 1 1 0 1 1 0 	D	0.588966	0.000000	0.588966	0.588966	0.039039	0.588966	0.588966	0.039039	0.258830	0.262814	0.213766	0.264590	0.327538	
3725000	-459.731099	1	2	1	'1 0 1 1 1 1 1 Z 	D	0.678988	0.023678	0.678988	0.678988	0.678988	0.678988	0.678988	0.000000	0.247112	0.249944	0.250176	0.252768	0.443008	
3726000	-459.993109	1	2	1	'1 0 1 1 1 1 1 Z 	D	0.558884	0.043688	0.558884	0.558884	0.558884	0.558884	0.558884	0.000000	0.241336	0.250180	0.249519	0.258964	0.896475	
3727000	-459.501372	1	2	0	'1 0 1 1 1 1 1 0 	D	0.599452	0.022855	0.599452	0.599452	0.599452	0.599452	0.599452	0.022855	0.238833	0.250107	0.249583	0.261477	0.812302	
3728000	-459.672129	1	2	1	'1 0 1 1 1 1 1 Z 	D	0.683415	0.056789	0.683415	0.683415	0.683415	0.683415	0.683415	0.000000	0.247373	0.249998	0.249947	0.252683	0.237988	
3729000	-460.416918	1	2	1	'1 Z 1 1 1 1 1 0 	D	0.657903	0.000000	0.657903	0.657903	0.657903	0.657903	0.657903	0.055855	0.240778	0.250117	0.249922	0.259182	0.539694	
3730000	-459.552137	1	2	1	'1 0 1 1 1 1 1 Z 	D	0.632292	0.055122	0.632292	0.632292	0.632292	0.632292	0.632292	0.000000	0.245730	0.250027	0.249850	0.254393	0.847983	
3731000	-464.263243	1	2	1	'1 0 1 1 1 1 1 Z 	D	0.600600	0.147589	0.600600	0.600600	0.600600	0.600600	0.600600	0.000000	0.243865	0.250050	0.249269	0.256816	0.151190	
3732000	-461.391853	1	2	1	'1 0 1 1 1 0 1 Z 	D	0.605931	0.052369	0.605931	0.605931	0.605931	0.052369	0.605931	0.000000	0.243248	0.275950	0.173583	0.307219	0.271135	
3733000	-461.507373	1	2	1	'1 0 1 1 0 0 1 Z 	D	0.607636	0.028830	0.607636	0.607636	0.028830	0.028830	0.607636	0.000000	0.272470	0.333498	0.003778	0.390254	0.510312	
3734000	-461.135763	1	2	3	'1 0 1 1 Z Z 1 Z 	D	0.620327	0.023720	0.620327	0.620327	0.000000	0.000000	0.620327	0.000000	0.280390	0.334907	0.000000	0.384703	0.679981	
3735000	-459.315213	1	2	1	'1 0 1 1 1 1 1 Z 	D	0.644000	0.041717	0.644000	0.644000	0.644000	0.644000	0.644000	0.000000	0.246134	0.249999	0.249978	0.253889	0.881623	
3736000	-459.516007	1	2	0	'1 0 1 1 1 1 1 0 	D	0.683601	0.023185	0.683601	0.683601	0.683601	0.683601	0.683601	0.023185	0.244439	0.250013	0.249931	0.255617	0.572358	
3737000	-460.731787	1	2	1	'1 Z 1 1 1 1 1 0 	D	0.552047	0.000000	0.552047	0.552047	0.552047	0.552047	0.552047	0.044585	0.228295	0.250407	0.249028	0.272271	0.449181	
3738000	-459.351712	1	3	0	'2 0 1 2 2 2 2 0 	D	0.676091	0.019343	0.677250	0.676091	0.676091	0.676091	0.676091	0.019343	0.243822	0.250000	0.249948	0.256230	0.937125	
3739000	-460.494702	1	2	2	'1 0 1 1 1 Z 1 Z 	D	0.743600	0.019031	0.743600	0.743600	0.743600	0.000000	0.743600	0.000000	0.255806	0.262228	0.213797	0.268169	0.368126	
3740000	-461.041782	1	2	1	'1 0 1 1 1 0 1 Z 	D	0.582014	0.040337	0.582014	0.582014	0.582014	0.040337	0.582014	0.000000	0.245243	0.279063	0.164049	0.311645	0.899662	
3741000	-460.982952	1	2	2	'1 0 1 1 Z 0 1 Z 	D	0.734142	0.012604	0.734142	0.734142	0.000000	0.012604	0.734142	0.000000	0.313423	0.334405	0.000218	0.351955	0.322089	
3742000	-459.694121	1	2	0	'1 0 1 1 1 0 1 0 	D	0.626329	0.013713	0.626329	0.626329	0.626329	0.013713	0.626329	0.013713	0.258858	0.272495	0.184318	0.284328	0.368872	
3743000	-460.400187	1	2	1	'1 0 1 1 1 1 1 Z 	D	0.563853	0.062300	0.563853	0.563853	0.563853	0.563853	0.563853	0.000000	0.241795	0.250217	0.249252	0.258736	0.795996	
3744000	-459.349816	1	2	1	'1 0 1 1 1 1 1 Z 	D	0.616869	0.038499	0.616869	0.616869	0.616869	0.616869	0.616869	0.000000	0.244977	0.250010	0.249972	0.255042	0.680898	
3745000	-463.132803	1	2	1	'1 0 1 1 Z 1 1 0 	D	0.903521	0.024151	0.903521	0.903521	0.000000	0.903521	0.903521	0.024151	0.250514	0.251147	0.246684	0.251654	0.458831	
3746000	-460.279504	1	2	1	'1 0 1 1 1 Z 1 0 	D	0.610704	0.018222	0.610704	0.610704	0.610704	0.000000	0.610704	0.018222	0.259964	0.276358	0.173840	0.289838	0.400037	
3747000	-460.346451	1	2	1	'1 Z 1 1 0 1 1 0 	D	0.674686	0.000000	0.674686	0.674686	0.022271	0.674686	0.674686	0.022271	0.250455	0.255593	0.233717	0.260234	0.413467	
3748000	-460.959542	1	2	1	'1 0 1 1 Z 1 1 0 	D	0.665029	0.026650	0.665029	0.665029	0.000000	0.665029	0.665029	0.026650	0.254019	0.258942	0.224672	0.262367	0.468162	
3749000	-459.833100	1	2	0	'1 0 1 1 1 1 1 0 	D	0.558896	0.019907	0.558896	0.558896	0.558896	0.558896	0.558896	0.019907	0.234135	0.250221	0.249140	0.266503	0.551269	
3750000	-459.421256	1	2	1	'1 0 1 1 1 1 1 Z 	D	0.655700	0.029217	0.655700	0.655700	0.655700	0.655700	0.655700	0.000000	0.246460	0.249960	0.250125	0.253454	0.600840	
3751000	-460.389098	1	2	1	'1 0 1 1 1 0 1 Z 	D	0.605168	0.031678	0.605168	0.605168	0.605168	0.031678	0.605168	0.000000	0.250768	0.275699	0.174111	0.299423	0.955821	
3752000	-460.669483	1	2	1	'1 0 1 1 1 1 1 Z 	D	0.704850	0.083621	0.704850	0.704850	0.704850	0.704850	0.704850	0.000000	0.247874	0.249994	0.249921	0.252211	0.617152	
3753000	-459.830682	1	2	1	'1 0 1 1 1 1 1 Z 	D	0.703954	0.057984	0.703954	0.703954	0.703954	0.703954	0.703954	0.000000	0.247835	0.249994	0.249963	0.252208	0.712515	
3754000	-459.904320	1	2	1	'1 Z 1 1 1 1 1 0 	D	0.669975	0.000000	0.669975	0.669975	0.669975	0.669975	0.669975	0.042027	0.241054	0.250065	0.249964	0.258918	0.652024	
3755000	-460.483903	1	2	2	'1 Z 1 1 Z 1 1 0 	D	0.668788	0.000000	0.668788	0.668788	0.000000	0.668788	0.668788	0.024910	0.253793	0.258064	0.226552	0.261590	0.803339	
3756000	-461.317434	1	2	1	'1 Z 1 1 0 1 1 0 	D	0.580779	0.000000	0.580779	0.580779	0.032161	0.580779	0.580779	0.032161	0.255629	0.262752	0.213718	0.267900	0.437482	
3757000	-460.648462	1	2	2	'1 0 1 1 Z 0 1 Z 	D	0.624067	0.014434	0.624067	0.624067	0.000000	0.014434	0.624067	0.000000	0.297638	0.334437	0.000306	0.367618	0.454239	
3758000	-460.286981	1	2	1	'1 0 1 1 1 0 1 Z 	D	0.692059	0.036871	0.692059	0.692059	0.692059	0.036871	0.692059	0.000000	0.252093	0.265923	0.203254	0.278731	0.263072	
3759000	-460.489143	1	2	2	'1 Z 1 1 Z 1 1 0 	D	0.674614	0.000000	0.674614	0.674614	0.000000	0.674614	0.674614	0.015874	0.249525	0.255881	0.232714	0.261879	0.354140	
3760000	-459.863518	1	2	1	'1 Z 1 1 1 1 1 0 	D	0.600493	0.000000	0.600493	0.600493	0.600493	0.600493	0.600493	0.020058	0.232969	0.249932	0.250014	0.267085	0.540812	
3761000	-460.529232	1	2	1	'1 0 1 1 1 1 1 Z 	D	0.529839	0.035456	0.529839	0.529839	0.529839	0.529839	0.529839	0.000000	0.238500	0.250284	0.249403	0.261813	0.426836	
3762000	-460.039150	1	2	1	'1 0 1 1 1 0 1 Z 	D	0.640814	0.027143	0.640814	0.640814	0.640814	0.027143	0.640814	0.000000	0.253735	0.271053	0.187863	0.287348	0.104210	
3763000	-460.578267	1	2	1	'1 0 1 1 1 0 1 Z 	D	0.674865	0.044204	0.674865	0.674865	0.674865	0.044204	0.674865	0.000000	0.250128	0.267815	0.197804	0.284253	0.382831	
3764000	-460.062229	1	2	2	'1 0 1 1 1 Z 1 Z 	D	0.668661	0.027434	0.668661	0.668661	0.668661	0.000000	0.668661	0.000000	0.255751	0.270906	0.188358	0.284985	0.503277	
3765000	-462.805678	1	2	1	'1 0 1 1 Z 1 1 0 	D	0.481101	0.014689	0.481101	0.481101	0.000000	0.481101	0.481101	0.014689	0.243706	0.273170	0.184115	0.299009	0.413107	
3766000	-459.721947	1	2	0	'1 0 1 1 0 1 1 0 	D	0.711990	0.008658	0.711990	0.711990	0.008658	0.711990	0.711990	0.008658	0.249772	0.254063	0.238022	0.258143	0.995464	
3767000	-461.786668	1	2	2	'1 0 1 1 Z Z 1 0 	D	0.796818	0.005060	0.796818	0.796818	0.000000	0.000000	0.796818	0.005060	0.329473	0.334359	0.000000	0.336168	0.369037	
3768000	-460.640304	1	2	2	'1 0 1 1 Z 0 1 Z 	D	0.627518	0.015506	0.627518	0.627518	0.000000	0.015506	0.627518	0.000000	0.296443	0.334485	0.000355	0.368717	0.178540	
3769000	-460.692369	1	2	2	'1 0 1 1 Z Z 1 0 	D	0.703214	0.005333	0.703214	0.703214	0.000000	0.000000	0.703214	0.005333	0.325379	0.334592	0.000000	0.340030	0.282410	
3770000	-460.851605	1	2	2	'1 0 1 1 0 Z 1 Z 	D	0.691042	0.009631	0.691042	0.691042	0.009631	0.000000	0.691042	0.000000	0.313615	0.334229	0.000101	0.352055	0.341942	
3771000	-459.993805	1	2	1	'1 0 1 1 Z 1 1 0 	D	0.724582	0.017316	0.724582	0.724582	0.000000	0.724582	0.724582	0.017316	0.251769	0.255126	0.235139	0.257966	0.848849	
3772000	-462.638734	1	2	1	'1 0 1 1 1 1 1 Z 	D	0.621312	0.123524	0.621312	0.621312	0.621312	0.621312	0.621312	0.000000	0.245130	0.250035	0.249535	0.255301	0.267810	
3773000	-460.237564	1	2	1	'1 0 1 1 Z 1 1 0 	D	0.596420	0.005427	0.596420	0.596420	0.000000	0.596420	0.596420	0.005427	0.247997	0.260329	0.219355	0.272318	0.172280	
3774000	-460.088527	1	2	1	'1 Z 1 1 1 1 1 0 	D	0.564643	0.000000	0.564643	0.564643	0.564643	0.564643	0.564643	0.029405	0.228666	0.250132	0.249459	0.271743	0.711813	
3775000	-461.086686	1	2	1	'1 Z 1 1 1 1 1 0 	D	0.518344	0.000000	0.518344	0.518344	0.518344	0.518344	0.518344	0.021765	0.218914	0.250097	0.248843	0.282146	0.543149	
3776000	-460.424419	1	2	1	'1 Z 1 1 0 1 1 0 	D	0.669784	0.000000	0.669784	0.669784	0.016029	0.669784	0.669784	0.016029	0.248241	0.255019	0.235268	0.261473	0.166888	
3777000	-459.467298	1	2	0	'1 0 1 1 1 1 1 0 	D	0.681328	0.012976	0.681328	0.681328	0.681328	0.681328	0.681328	0.012976	0.243837	0.249978	0.250022	0.256163	0.259998	
3778000	-461.836525	1	2	1	'1 Z 1 1 1 1 1 0 	D	0.520756	0.000000	0.520756	0.520756	0.520756	0.520756	0.520756	0.011001	0.217379	0.249259	0.250823	0.282539	0.493292	
3779000	-461.371678	1	2	2	'1 Z 1 1 Z 1 1 0 	D	0.704649	0.000000	0.704649	0.704649	0.000000	0.704649	0.704649	0.040639	0.258684	0.258537	0.225397	0.257382	0.511676	
3780000	-460.695301	1	2	2	'1 Z 1 1 Z 1 1 0 	D	0.730866	0.000000	0.730866	0.730866	0.000000	0.730866	0.730866	0.019317	0.250434	0.253957	0.238400	0.257209	0.848814	
3781000	-464.868503	1	2	2	'1 0 1 1 1 Z 1 Z 	D	0.618788	0.092216	0.618788	0.618788	0.618788	0.000000	0.618788	0.000000	0.232439	0.288093	0.137992	0.341476	0.971042	
3782000	-459.898475	1	2	1	'1 0 1 1 1 1 1 Z 	D	0.642407	0.067294	0.642407	0.642407	0.642407	0.642407	0.642407	0.000000	0.246140	0.250024	0.249822	0.254015	0.283602	
3783000	-460.761059	1	2	1	'1 0 1 1 1 1 1 Z 	D	0.686487	0.088108	0.686487	0.686487	0.686487	0.686487	0.686487	0.000000	0.247467	0.249998	0.249885	0.252650	0.335123	
3784000	-459.526304	1	2	0	'1 0 1 1 1 1 1 0 	D	0.650787	0.025769	0.650787	0.650787	0.650787	0.650787	0.650787	0.025769	0.242846	0.250040	0.249840	0.257275	0.778308	
3785000	-459.274751	1	2	0	'1 0 1 1 1 1 1 0 	D	0.649249	0.013562	0.649249	0.649249	0.649249	0.649249	0.649249	0.013562	0.241993	0.249982	0.249983	0.258042	0.401887	
3786000	-460.476764	1	2	2	'1 0 1 1 Z Z 1 0 	D	0.661337	0.005651	0.661337	0.661337	0.000000	0.000000	0.661337	0.005651	0.322242	0.334769	0.000000	0.342989	0.997901	
3787000	-460.339663	1	2	1	'1 Z 1 1 0 1 1 0 	D	0.652229	0.000000	0.652229	0.652229	0.020321	0.652229	0.652229	0.020321	0.249842	0.256515	0.231009	0.262634	0.578475	
3788000	-461.274433	1	2	1	'1 Z 1 1 1 1 1 0 	D	0.792886	0.000000	0.792886	0.792886	0.792886	0.792886	0.792886	0.042064	0.246671	0.250018	0.250017	0.253295	0.696105	
3789000	-460.543935	1	2	1	'1 Z 1 1 0 1 1 0 	D	0.647383	0.000000	0.647383	0.647383	0.029036	0.647383	0.647383	0.029036	0.253128	0.257766	0.227611	0.261495	0.387223	
3790000	-462.644669	1	2	2	'1 Z 1 1 0 Z 1 0 	D	0.814500	0.000000	0.814500	0.814500	0.012474	0.000000	0.814500	0.012474	0.340915	0.334427	0.000195	0.324462	0.761187	
3791000	-463.282558	1	2	2	'1 Z 1 1 Z 1 1 0 	D	0.636163	0.000000	0.636163	0.636163	0.000000	0.636163	0.636163	0.060552	0.274414	0.267411	0.200688	0.257488	0.515380	
3792000	-460.505767	1	2	1	'1 0 1 1 1 1 1 Z 	D	0.770849	0.055018	0.770849	0.770849	0.770849	0.770849	0.770849	0.000000	0.248829	0.249992	0.249993	0.251186	0.298497	
3793000	-459.668842	1	2	1	'1 0 1 1 1 1 1 Z 	D	0.706920	0.032700	0.706920	0.706920	0.706920	0.706920	0.706920	0.000000	0.247824	0.249977	0.250053	0.252146	0.334644	
3794000	-460.652785	1	2	1	'1 0 1 1 1 1 1 Z 	D	0.672841	0.086477	0.672841	0.672841	0.672841	0.672841	0.672841	0.000000	0.247114	0.250004	0.249858	0.253025	0.268722	
3795000	-459.839919	1	2	1	'1 0 1 1 1 1 1 Z 	D	0.582268	0.023877	0.582268	0.582268	0.582268	0.582268	0.582268	0.000000	0.242790	0.249910	0.250408	0.256893	0.473311	
3796000	-460.424143	1	2	1	'1 0 1 1 1 1 1 Z 	D	0.684561	0.015413	0.684561	0.684561	0.684561	0.684561	0.684561	0.000000	0.247162	0.249888	0.250358	0.252592	0.610799	
3797000	-462.916164	1	2	3	'1 0 1 1 Z Z 1 Z 	D	0.598793	0.039128	0.598793	0.598793	0.000000	0.000000	0.598793	0.000000	0.249679	0.334416	0.000000	0.415905	0.670199	
3798000	-460.222378	1	2	2	'1 0 1 1 1 Z 1 Z 	D	0.673145	0.033122	0.673145	0.673145	0.673145	0.000000	0.673145	0.000000	0.254575	0.271284	0.187404	0.286737	0.392750	
3799000	-463.345278	1	2	2	'1 Z 1 1 Z 0 1 0 	D	0.795150	0.000000	0.795150	0.795150	0.000000	0.025333	0.795150	0.025333	0.352869	0.335259	0.000716	0.311157	0.803696	
3800000	-459.789151	1	2	1	'1 0 1 1 Z 1 1 0 	D	0.608292	0.015362	0.608292	0.608292	0.000000	0.608292	0.608292	0.015362	0.251834	0.261448	0.216932	0.269786	0.603053	
3801000	-459.776809	1	2	0	'1 0 1 1 1 1 1 0 	D	0.669987	0.009100	0.669987	0.669987	0.669987	0.669987	0.669987	0.009100	0.242987	0.249938	0.250126	0.256949	0.564592	
3802000	-459.852910	1	2	1	'1 0 1 1 1 1 1 Z 	D	0.713610	0.055449	0.713610	0.713610	0.713610	0.713610	0.713610	0.000000	0.248018	0.249992	0.249975	0.252015	0.271894	
3803000	-459.724871	1	2	1	'1 0 1 1 1 1 1 Z 	D	0.598456	0.054716	0.598456	0.598456	0.598456	0.598456	0.598456	0.000000	0.244100	0.250081	0.249692	0.256127	0.743882	
3804000	-460.536790	1	2	2	'1 0 1 1 Z Z 1 0 	D	0.616163	0.005859	0.616163	0.616163	0.000000	0.000000	0.616163	0.005859	0.317454	0.334948	0.000000	0.347598	0.454215	
3805000	-459.607006	1	2	0	'1 0 1 1 1 1 1 0 	D	0.575349	0.012363	0.575349	0.575349	0.575349	0.575349	0.575349	0.012363	0.235177	0.250015	0.249728	0.265080	0.990577	
3806000	-460.290890	1	2	1	'1 Z 1 1 1 1 1 0 	D	0.554418	0.000000	0.554418	0.554418	0.554418	0.554418	0.554418	0.032299	0.227316	0.250218	0.249237	0.273229	0.319568	
3807000	-459.520343	1	2	1	'1 0 1 1 1 1 1 Z 	D	0.682884	0.030494	0.682884	0.682884	0.682884	0.682884	0.682884	0.000000	0.247265	0.249969	0.250085	0.252680	0.883514	
3808000	-460.248981	1	2	2	'1 0 1 1 1 Z 1 Z 	D	0.633873	0.016199	0.633873	0.633873	0.633873	0.000000	0.633873	0.000000	0.258551	0.273180	0.181242	0.287027	0.402239	
3809000	-461.456600	1	2	2	'1 0 1 1 1 Z 1 Z 	D	0.655842	0.054523	0.655842	0.655842	0.655842	0.000000	0.655842	0.000000	0.248882	0.276858	0.171462	0.302798	0.603550	
3810000	-460.470962	1	2	1	'1 0 1 1 1 1 1 Z 	D	0.535542	0.027803	0.535542	0.535542	0.535542	0.535542	0.535542	0.000000	0.238928	0.250104	0.249990	0.260977	0.467323	
3811000	-460.113534	1	2	1	'1 Z 1 1 1 1 1 0 	D	0.672735	0.000000	0.672735	0.672735	0.672735	0.672735	0.672735	0.047864	0.241477	0.250078	0.249960	0.258484	0.344262	
3812000	-462.675110	1	2	1	'1 Z 1 1 1 1 1 0 	D	0.472666	0.000000	0.472666	0.472666	0.472666	0.472666	0.472666	0.024379	0.208043	0.250735	0.246285	0.294937	0.708990	
3813000	-463.300200	1	2	1	'1 Z 1 1 1 1 1 0 	D	0.487091	0.000000	0.487091	0.487091	0.487091	0.487091	0.487091	0.056199	0.217956	0.251546	0.246327	0.284172	0.595653	
3814000	-460.843661	1	2	1	'1 Z 1 1 1 1 1 0 	D	0.651881	0.000000	0.651881	0.651881	0.651881	0.651881	0.651881	0.064169	0.240716	0.250148	0.249901	0.259235	0.504278	
3815000	-459.896687	1	2	1	'1 0 1 1 1 1 1 Z 	D	0.733085	0.044804	0.733085	0.733085	0.733085	0.733085	0.733085	0.000000	0.248325	0.249989	0.250004	0.251683	0.264913	
3816000	-460.307033	1	2	1	'1 0 1 1 1 1 1 Z 	D	0.746854	0.060491	0.746854	0.746854	0.746854	0.746854	0.746854	0.000000	0.248549	0.249992	0.249982	0.251477	0.278961	
3817000	-460.194279	1	2	1	'1 Z 1 1 1 1 1 0 	D	0.721205	0.000000	0.721205	0.721205	0.721205	0.721205	0.721205	0.025088	0.243589	0.250001	0.250040	0.256369	0.283790	
3818000	-461.273069	1	2	1	'1 0 1 1 1 Z 1 0 	D	0.524995	0.013771	0.524995	0.524995	0.524995	0.000000	0.524995	0.013771	0.256829	0.289173	0.135923	0.318075	0.778474	
3819000	-460.443570	1	2	2	'1 Z 1 1 Z 1 1 0 	D	0.686259	0.000000	0.686259	0.686259	0.000000	0.686259	0.686259	0.019121	0.250913	0.255959	0.232549	0.260579	0.327215	
3820000	-459.611076	1	2	0	'1 0 1 1 0 1 1 0 	D	0.631806	0.015501	0.631806	0.631806	0.015501	0.631806	0.631806	0.015501	0.250874	0.258645	0.225002	0.265479	0.302803	
3821000	-460.590087	1	2	1	'1 0 1 1 0 0 1 Z 	D	0.648469	0.012696	0.648469	0.648469	0.012696	0.012696	0.648469	0.000000	0.304409	0.334196	0.000772	0.360623	0.563320	
3822000	-460.526707	1	2	1	'1 0 1 1 1 0 1 Z 	D	0.751664	0.032323	0.751664	0.751664	0.751664	0.032323	0.751664	0.000000	0.252915	0.260794	0.218264	0.268027	0.484550	
3823000	-461.294823	1	2	2	'1 0 1 1 Z 0 1 Z 	D	0.568143	0.011719	0.568143	0.568143	0.000000	0.011719	0.568143	0.000000	0.291857	0.334150	0.000208	0.373785	0.135084	
3824000	-460.087130	1	2	1	'1 0 1 1 1 1 1 Z 	D	0.564510	0.052591	0.564510	0.564510	0.564510	0.564510	0.564510	0.000000	0.241832	0.250192	0.249404	0.258572	0.238399	
3825000	-460.044000	1	2	1	'1 0 1 1 1 1 1 Z 	D	0.706705	0.065240	0.706705	0.706705	0.706705	0.706705	0.706705	0.000000	0.247900	0.249995	0.249951	0.252155	0.899404	
3826000	-459.494166	1	2	0	'1 0 1 1 1 1 1 0 	D	0.626774	0.025033	0.626774	0.626774	0.626774	0.626774	0.626774	0.025033	0.241226	0.250066	0.249743	0.258964	0.665102	
3827000	-459.225677	1	2	0	'1 0 1 1 1 1 1 0 	D	0.615581	0.015867	0.615581	0.615581	0.615581	0.615581	0.615581	0.015867	0.239636	0.250021	0.249828	0.260514	0.414444	
3828000	-459.911469	1	2	1	'1 0 1 1 Z 1 1 0 	D	0.697147	0.018211	0.697147	0.697147	0.000000	0.697147	0.697147	0.018211	0.252226	0.256436	0.231402	0.259935	0.337553	
3829000	-465.533917	1	2	1	'1 0 1 1 1 1 1 Z 	D	1.014018	0.039408	1.014018	1.014018	1.014018	1.014018	1.014018	0.000000	0.249855	0.249999	0.250000	0.250146	0.899300	
3830000	-462.238421	1	2	1	'1 Z 1 1 0 1 1 0 	D	0.761754	0.000000	0.761754	0.761754	0.007215	0.761754	0.761754	0.007215	0.245144	0.249496	0.251505	0.253855	0.514518	
3831000	-460.141379	1	2	0	'1 0 1 1 0 1 1 0 	D	0.747953	0.007952	0.747953	0.747953	0.007952	0.747953	0.747953	0.007952	0.249480	0.252656	0.242154	0.255710	0.252349	
3832000	-459.478033	1	2	1	'1 0 1 1 1 1 1 Z 	D	0.663125	0.051497	0.663125	0.663125	0.663125	0.663125	0.663125	0.000000	0.246806	0.250002	0.249940	0.253252	0.152515	
3833000	-460.624035	1	2	1	'1 0 1 1 1 1 1 Z 	D	0.620879	0.012509	0.620879	0.620879	0.620879	0.620879	0.620879	0.000000	0.244673	0.249657	0.251132	0.254538	0.725783	
3834000	-460.015186	1	2	1	'1 Z 1 1 1 1 1 0 	D	0.623871	0.000000	0.623871	0.623871	0.623871	0.623871	0.623871	0.046008	0.237423	0.250140	0.249815	0.262621	0.455640	
3835000	-460.686675	1	2	1	'1 Z 1 1 1 1 1 0 	D	0.549923	0.000000	0.549923	0.549923	0.549923	0.549923	0.549923	0.015671	0.224447	0.249753	0.250036	0.275765	0.202391	
3836000	-461.107675	1	2	1	'1 0 1 1 1 1 1 Z 	D	0.604782	0.091396	0.604782	0.604782	0.604782	0.604782	0.604782	0.000000	0.244417	0.250082	0.249503	0.255998	0.789006	
3837000	-459.973335	1	2	1	'1 Z 1 1 1 1 1 0 	D	0.705827	0.000000	0.705827	0.705827	0.705827	0.705827	0.705827	0.031629	0.242951	0.250020	0.250019	0.257010	0.122951	
3838000	-461.158442	1	2	1	'1 0 1 1 1 1 1 Z 	D	0.727691	0.013210	0.727691	0.727691	0.727691	0.727691	0.727691	0.000000	0.248078	0.249921	0.250248	0.251754	0.636180	
3839000	-460.847719	1	2	0	'1 0 1 1 0 0 1 0 	D	0.666079	0.010672	0.666079	0.666079	0.010672	0.010672	0.666079	0.010672	0.322074	0.335755	0.000552	0.341618	0.679223	
3840000	-460.667013	1	2	2	'1 0 1 1 Z 0 1 Z 	D	0.692155	0.014768	0.692155	0.692155	0.000000	0.014768	0.692155	0.000000	0.306564	0.334539	0.000308	0.358588	0.362738	
3841000	-462.252691	1	2	2	'1 0 1 1 0 Z 1 Z 	D	0.522627	0.015053	0.522627	0.522627	0.015053	0.000000	0.522627	0.000000	0.272510	0.333822	0.000197	0.393471	0.960417	
3842000	-461.043052	1	2	1	'1 Z 1 1 1 1 1 0 	D	0.543537	0.000000	0.543537	0.543537	0.543537	0.543537	0.543537	0.013165	0.222799	0.249579	0.250374	0.277248	0.727085	
3843000	-459.723379	1	2	1	'1 0 1 1 1 1 1 Z 	D	0.633251	0.021175	0.633251	0.633251	0.633251	0.633251	0.633251	0.000000	0.245514	0.249892	0.250376	0.254218	0.505264	
3844000	-461.085377	1	2	2	'1 0 1 1 1 Z 1 Z 	D	0.792591	0.018492	0.792591	0.792591	0.792591	0.000000	0.792591	0.000000	0.254504	0.258653	0.224364	0.262479	0.672786	
3845000	-460.127087	1	2	2	'1 0 1 1 1 Z 1 Z 	D	0.675222	0.030087	0.675222	0.675222	0.675222	0.000000	0.675222	0.000000	0.255220	0.270562	0.189453	0.284765	0.351344	
3846000	-460.128388	1	2	1	'1 0 1 1 1 0 1 Z 	D	0.640478	0.031319	0.640478	0.640478	0.640478	0.031319	0.640478	0.000000	0.252437	0.271262	0.187340	0.288961	0.270765	
3847000	-459.195971	1	2	0	'1 0 1 1 1 1 1 0 	D	0.637471	0.017389	0.637471	0.637471	0.637471	0.637471	0.637471	0.017389	0.241454	0.250015	0.249880	0.258650	0.495538	
3848000	-460.905985	1	2	2	'1 0 1 1 1 Z 1 Z 	D	0.564093	0.019277	0.564093	0.564093	0.564093	0.000000	0.564093	0.000000	0.255538	0.283703	0.149881	0.310877	0.558861	
3849000	-460.706882	1	2	0	'1 0 1 1 1 0 1 0 	D	0.793247	0.010693	0.793247	0.793247	0.793247	0.010693	0.793247	0.010693	0.254785	0.257963	0.226517	0.260736	0.574072	
3850000	-460.907225	1	2	1	'1 0 1 1 Z 1 1 0 	D	0.717949	0.025476	0.717949	0.717949	0.000000	0.717949	0.717949	0.025476	0.252922	0.256059	0.232711	0.258309	0.640075	
3851000	-459.979354	1	2	1	'0 1 0 0 Z 0 0 1 	D	0.740975	0.015187	0.740975	0.740975	0.000000	0.740975	0.740975	0.015187	0.251277	0.254285	0.237515	0.256922	0.951723	
3852000	-460.539857	1	2	2	'0 1 0 0 0 Z 0 Z 	D	0.757392	0.025312	0.757392	0.757392	0.757392	0.000000	0.757392	0.000000	0.254940	0.261914	0.214848	0.268297	0.255432	
3853000	-459.547806	1	2	0	'0 1 0 0 0 1 0 1 	D	0.655410	0.009718	0.655410	0.655410	0.655410	0.009718	0.655410	0.009718	0.258952	0.269256	0.193270	0.278522	0.297150	
3854000	-461.818726	1	2	1	'0 Z 0 0 1 0 0 1 	D	0.536053	0.000000	0.536053	0.536053	0.017332	0.536053	0.536053	0.017332	0.245001	0.264352	0.208276	0.282371	0.603714	
3855000	-460.832869	1	2	0	'0 1 0 0 1 0 0 1 	D	0.601778	0.024120	0.601778	0.601778	0.024120	0.601778	0.601778	0.024120	0.252045	0.260955	0.219100	0.267900	0.428551	
3856000	-462.513731	1	2	1	'0 Z 0 0 1 1 0 1 	D	0.543549	0.000000	0.543549	0.543549	0.008982	0.008982	0.543549	0.008982	0.318246	0.334878	0.000390	0.346485	0.545609	
3857000	-460.700175	1	2	1	'0 1 0 0 1 1 0 Z 	D	0.685069	0.018156	0.685069	0.685069	0.018156	0.018156	0.685069	0.000000	0.301439	0.334289	0.001552	0.362719	0.518912	
3858000	-462.151846	1	2	2	'0 Z 0 0 1 Z 0 1 	D	0.578830	0.000000	0.578830	0.578830	0.020341	0.000000	0.578830	0.020341	0.346963	0.336220	0.000512	0.316305	0.493031	
3859000	-460.544053	1	2	1	'0 Z 0 0 1 0 0 1 	D	0.629102	0.000000	0.629102	0.629102	0.026802	0.629102	0.629102	0.026802	0.252541	0.258644	0.225062	0.263753	0.708284	
3860000	-460.073972	1	2	1	'0 1 0 0 0 0 0 Z 	D	0.747639	0.045200	0.747639	0.747639	0.747639	0.747639	0.747639	0.000000	0.248535	0.249990	0.250004	0.251472	0.643233	
3861000	-461.053847	1	2	1	'0 Z 0 0 0 0 0 1 	D	0.517938	0.000000	0.517938	0.517938	0.517938	0.517938	0.517938	0.024800	0.219320	0.250223	0.248618	0.281839	0.262045	
3862000	-461.881382	1	2	2	'0 1 0 0 0 Z 0 Z 	D	0.817041	0.045908	0.817041	0.817041	0.817041	0.000000	0.817041	0.000000	0.252667	0.259685	0.221707	0.265941	0.620591	
3863000	-462.357443	1	2	1	'0 1 0 0 1 Z 0 1 	D	0.547312	0.013576	0.547312	0.547312	0.013576	0.000000	0.547312	0.013576	0.305399	0.337635	0.000192	0.356774	0.421837	
3864000	-460.521344	1	2	1	'0 1 0 0 0 Z 0 1 	D	0.560664	0.014546	0.560664	0.560664	0.560664	0.000000	0.560664	0.014546	0.259208	0.283438	0.152752	0.304602	0.524285	
3865000	-461.417103	1	2	2	'0 1 0 0 0 Z 0 Z 	D	0.649281	0.053583	0.649281	0.649281	0.649281	0.000000	0.649281	0.000000	0.248676	0.277614	0.169184	0.304526	0.494110	
3866000	-462.647996	1	2	3	'0 Z 0 0 Z Z 0 1 	D	0.536807	0.000000	0.536807	0.536807	0.000000	0.000000	0.536807	0.013842	0.329344	0.336098	0.000000	0.334559	0.685415	
3867000	-460.476874	1	2	1	'0 1 0 0 0 0 0 Z 	D	0.746905	0.067020	0.746905	0.746905	0.746905	0.746905	0.746905	0.000000	0.248557	0.249992	0.249975	0.251476	0.847015	
3868000	-459.856203	1	2	1	'0 1 0 0 0 0 0 Z 	D	0.674420	0.064909	0.674420	0.674420	0.674420	0.674420	0.674420	0.000000	0.247152	0.250003	0.249910	0.252935	0.625218	
3869000	-461.644850	1	2	2	'0 1 0 0 Z 1 0 Z 	D	0.546437	0.014431	0.546437	0.546437	0.000000	0.014431	0.546437	0.000000	0.281001	0.334034	0.000327	0.384638	0.744678	
3870000	-460.715634	1	2	2	'0 1 0 0 1 Z 0 Z 	D	0.690033	0.011488	0.690033	0.690033	0.011488	0.000000	0.690033	0.000000	0.310862	0.334362	0.000142	0.354634	0.362631	
3871000	-460.561800	1	2	1	'0 Z 0 0 0 0 0 1 	D	0.754194	0.000000	0.754194	0.754194	0.754194	0.754194	0.754194	0.033399	0.245265	0.250016	0.250022	0.254698	0.374948	
3872000	-460.716860	1	2	2	'0 1 0 0 Z 1 0 Z 	D	0.687676	0.017688	0.687676	0.687676	0.000000	0.017688	0.687676	0.000000	0.302039	0.334676	0.000448	0.362837	0.707392	
3873000	-460.772024	1	2	1	'0 Z 0 0 1 0 0 1 	D	0.633259	0.000000	0.633259	0.633259	0.032567	0.633259	0.633259	0.032567	0.254735	0.258976	0.224261	0.262028	0.649007	
3874000	-459.333607	1	2	1	'0 1 0 0 0 0 0 Z 	D	0.650367	0.033526	0.650367	0.650367	0.650367	0.650367	0.650367	0.000000	0.246312	0.249976	0.250069	0.253643	0.578314	
3875000	-460.191197	1	2	1	'0 1 0 0 0 1 0 Z 	D	0.719111	0.022203	0.719111	0.719111	0.719111	0.022203	0.719111	0.000000	0.254769	0.262918	0.211825	0.270488	0.857284	
3876000	-459.814631	1	2	0	'0 1 0 0 0 1 0 1 	D	0.596063	0.009035	0.596063	0.596063	0.596063	0.009035	0.596063	0.009035	0.259596	0.276600	0.171573	0.292231	0.753188	
3877000	-461.942356	1	2	1	'0 1 0 0 0 1 0 Z 	D	0.721792	0.065907	0.721792	0.721792	0.721792	0.065907	0.721792	0.000000	0.247870	0.263675	0.210276	0.278179	0.567014	
3878000	-460.102621	1	2	0	'0 1 0 0 0 0 0 1 	D	0.575070	0.007949	0.575070	0.575070	0.575070	0.575070	0.575070	0.007949	0.234480	0.249824	0.250256	0.265440	0.994786	
3879000	-461.787663	1	2	1	'0 1 0 0 0 1 0 Z 	D	0.601820	0.057872	0.601820	0.601820	0.601820	0.057872	0.601820	0.000000	0.240913	0.276456	0.172042	0.310588	0.927469	
3880000	-460.035930	1	2	1	'0 1 0 0 0 1 0 Z 	D	0.668466	0.029606	0.668466	0.668466	0.668466	0.029606	0.668466	0.000000	0.253459	0.268060	0.196793	0.281688	0.373321	
3881000	-461.885334	1	2	1	'0 Z 0 0 1 0 0 1 	D	0.574499	0.000000	0.574499	0.574499	0.007888	0.574499	0.574499	0.007888	0.240753	0.259111	0.222692	0.277444	0.371756	
3882000	-462.168185	1	2	1	'0 Z 0 0 1 0 0 1 	D	0.812269	0.000000	0.812269	0.812269	0.041720	0.812269	0.812269	0.041720	0.251893	0.252268	0.243446	0.252393	0.805473	
3883000	-462.303883	1	2	2	'0 1 0 0 0 Z 0 Z 	D	0.520691	0.033846	0.520691	0.520691	0.520691	0.000000	0.520691	0.000000	0.240796	0.293723	0.119100	0.346381	0.634650	
3884000	-460.259624	1	2	1	'0 1 0 0 0 1 0 Z 	D	0.617345	0.031066	0.617345	0.617345	0.617345	0.031066	0.617345	0.000000	0.251645	0.274095	0.178898	0.295362	0.141397	
3885000	-463.674775	1	2	1	'0 1 0 0 0 0 0 Z 	D	0.629323	0.142898	0.629323	0.629323	0.629323	0.629323	0.629323	0.000000	0.245414	0.250011	0.249551	0.255023	0.452979	
3886000	-461.564524	1	2	1	'0 1 0 0 0 1 0 Z 	D	0.591567	0.052197	0.591567	0.591567	0.591567	0.052197	0.591567	0.000000	0.241623	0.277832	0.167830	0.312715	0.342331	
3887000	-460.814416	1	2	1	'0 1 0 0 Z 0 0 1 	D	0.542753	0.015328	0.542753	0.542753	0.000000	0.542753	0.542753	0.015328	0.249749	0.266865	0.201625	0.281760	0.282119	
3888000	-459.793903	1	2	1	'0 1 0 0 0 0 0 Z 	D	0.632396	0.063520	0.632396	0.632396	0.632396	0.632396	0.632396	0.000000	0.245748	0.250033	0.249802	0.254417	0.907680	
3889000	-460.651105	1	2	2	'0 1 0 0 1 Z 0 Z 	D	0.627298	0.015889	0.627298	0.627298	0.015889	0.000000	0.627298	0.000000	0.295636	0.334543	0.000249	0.369572	0.159135	
3890000	-460.365223	1	2	1	'0 1 0 0 0 0 0 Z 	D	0.758422	0.056528	0.758422	0.758422	0.758422	0.758422	0.758422	0.000000	0.248691	0.249992	0.249989	0.251329	0.519511	
3891000	-459.660972	1	2	1	'0 1 0 0 0 0 0 Z 	D	0.686246	0.026442	0.686246	0.686246	0.686246	0.686246	0.686246	0.000000	0.247323	0.249958	0.250125	0.252593	0.389352	
3892000	-460.950264	1	2	2	'0 1 0 0 Z Z 0 1 	D	0.637584	0.010984	0.637584	0.637584	0.000000	0.000000	0.637584	0.010984	0.319488	0.336294	0.000000	0.344218	0.316412	
3893000	-462.813460	1	2	2	'0 1 0 0 1 Z 0 Z 	D	0.812717	0.028009	0.812717	0.812717	0.028009	0.000000	0.812717	0.000000	0.303789	0.335160	0.000807	0.360244	0.113789	
3894000	-461.016181	1	2	1	'0 1 0 0 0 0 0 Z 	D	0.517532	0.047397	0.517532	0.517532	0.517532	0.517532	0.517532	0.000000	0.237240	0.250533	0.248586	0.263641	0.153803	
3895000	-459.370450	1	2	1	'0 1 0 0 0 0 0 Z 	D	0.661554	0.044764	0.661554	0.661554	0.661554	0.661554	0.661554	0.000000	0.246737	0.249996	0.249975	0.253292	0.495658	
3896000	-463.314851	1	2	0	'0 1 0 0 0 0 0 1 	D	0.456655	0.008779	0.456655	0.456655	0.456655	0.456655	0.456655	0.008779	0.211823	0.250811	0.246309	0.291058	0.816555	
3897000	-461.137748	1	2	2	'0 1 0 0 1 Z 0 Z 	D	0.748630	0.016126	0.748630	0.748630	0.016126	0.000000	0.748630	0.000000	0.310364	0.334637	0.000279	0.354719	0.716301	
3898000	-460.678723	1	2	2	'0 1 0 0 Z 1 0 Z 	D	0.694009	0.015034	0.694009	0.694009	0.000000	0.015034	0.694009	0.000000	0.306410	0.334554	0.000319	0.358717	0.290627	
3899000	-461.333423	1	2	2	'0 1 0 0 Z Z 0 1 	D	0.699260	0.012016	0.699260	0.699260	0.000000	0.000000	0.699260	0.012016	0.324516	0.336215	0.000000	0.339268	0.183185	
3900000	-461.001030	1	2	2	'0 1 0 0 0 Z 0 Z 	D	0.631828	0.045890	0.631828	0.631828	0.631828	0.000000	0.631828	0.000000	0.249658	0.278797	0.165437	0.306108	0.726367	
3901000	-462.568290	1	2	1	'0 1 0 0 0 1 0 Z 	D	0.504913	0.015843	0.504913	0.504913	0.504913	0.015843	0.504913	0.000000	0.250221	0.289909	0.130820	0.329049	0.816492	
3902000	-461.197733	1	2	3	'0 1 0 0 Z Z 0 Z 	D	0.601703	0.008166	0.601703	0.601703	0.000000	0.000000	0.601703	0.000000	0.304926	0.334123	0.000000	0.360951	0.718816	
3903000	-461.746224	1	2	0	'0 1 0 0 0 1 0 1 	D	0.523522	0.018150	0.523522	0.523522	0.523522	0.018150	0.523522	0.018150	0.254139	0.287269	0.142672	0.315920	0.607890	
3904000	-461.296153	1	2	0	'0 1 0 0 1 1 0 1 	D	0.747190	0.004148	0.747190	0.747190	0.004148	0.004148	0.747190	0.004148	0.327763	0.334197	0.000085	0.337954	0.306446	
3905000	-462.110817	1	2	2	'0 1 0 0 Z 1 0 Z 	D	0.551635	0.026418	0.551635	0.551635	0.000000	0.026418	0.551635	0.000000	0.259407	0.333598	0.001164	0.405830	0.339562	
3906000	-460.652754	1	2	2	'0 1 0 0 1 Z 0 Z 	D	0.641957	0.011487	0.641957	0.641957	0.011487	0.000000	0.641957	0.000000	0.305170	0.334345	0.000137	0.360347	0.548486	
3907000	-460.651706	1	2	1	'0 1 0 0 1 1 0 Z 	D	0.681041	0.012031	0.681041	0.681041	0.012031	0.012031	0.681041	0.000000	0.309355	0.334193	0.000695	0.355756	0.435337	
3908000	-461.110474	1	2	1	'0 1 0 0 1 1 0 Z 	D	0.748759	0.015647	0.748759	0.748759	0.015647	0.015647	0.748759	0.000000	0.311180	0.334267	0.001163	0.353390	0.655431	
3909000	-459.868800	1	2	1	'0 1 0 0 Z 0 0 1 	D	0.622421	0.017339	0.622421	0.622421	0.000000	0.622421	0.622421	0.017339	0.252474	0.260716	0.219156	0.267654	0.806755	
3910000	-460.917153	1	2	0	'0 1 0 0 0 1 0 1 	D	0.530535	0.009798	0.530535	0.530535	0.530535	0.009798	0.530535	0.009798	0.256692	0.286344	0.143012	0.313951	0.276854	
3911000	-461.768179	1	2	3	'0 1 0 0 Z Z 0 Z 	D	0.773850	0.021810	0.773850	0.773850	0.000000	0.000000	0.773850	0.000000	0.305666	0.335156	0.000000	0.359178	0.284632	
3912000	-459.668103	1	2	0	'0 1 0 0 0 1 0 1 	D	0.614435	0.009173	0.614435	0.614435	0.614435	0.009173	0.614435	0.009173	0.259606	0.274166	0.178764	0.287465	0.164178	
3913000	-460.751167	1	2	1	'0 Z 0 0 0 0 0 1 	D	0.767121	0.000000	0.767121	0.767121	0.767121	0.767121	0.767121	0.031401	0.245700	0.250012	0.250023	0.254265	0.437457	
3914000	-461.417354	1	2	2	'0 Z 0 0 Z 0 0 1 	D	0.619341	0.000000	0.619341	0.619341	0.000000	0.619341	0.619341	0.037848	0.262828	0.264355	0.208952	0.263865	0.625704	
3915000	-460.006337	1	2	1	'0 1 0 0 0 1 0 Z 	D	0.663889	0.020825	0.663889	0.663889	0.663889	0.020825	0.663889	0.000000	0.255713	0.268134	0.196356	0.279797	0.970059	
3916000	-460.239274	1	2	1	'0 1 0 0 0 0 0 Z 	D	0.746068	0.057876	0.746068	0.746068	0.746068	0.746068	0.746068	0.000000	0.248535	0.249992	0.249984	0.251489	0.203295	
3917000	-460.929282	1	2	2	'0 1 0 0 Z 1 0 Z 	D	0.597589	0.011250	0.597589	0.597589	0.000000	0.011250	0.597589	0.000000	0.298654	0.334237	0.000187	0.366922	0.507650	
3918000	-459.539198	1	2	1	'0 1 0 0 0 0 0 Z 	D	0.681306	0.029271	0.681306	0.681306	0.681306	0.681306	0.681306	0.000000	0.247217	0.249965	0.250099	0.252719	0.404613	
3919000	-459.955251	1	2	1	'0 1 0 0 0 0 0 Z 	D	0.705739	0.062350	0.705739	0.705739	0.705739	0.705739	0.705739	0.000000	0.247877	0.249994	0.249955	0.252173	0.527126	
3920000	-460.353869	1	2	1	'0 1 0 0 0 0 0 Z 	D	0.705167	0.075131	0.705167	0.705167	0.705167	0.705167	0.705167	0.000000	0.247877	0.249995	0.249933	0.252194	0.890037	
3921000	-460.260728	1	2	2	'0 1 0 0 0 Z 0 Z 	D	0.632732	0.016071	0.632732	0.632732	0.632732	0.000000	0.632732	0.000000	0.258594	0.273300	0.180879	0.287227	0.540291	
3922000	-461.147533	1	2	1	'0 1 0 0 0 0 0 Z 	D	0.529285	0.062317	0.529285	0.529285	0.529285	0.529285	0.529285	0.000000	0.238592	0.250473	0.248536	0.262399	0.174472	
3923000	-461.625087	1	2	1	'0 1 0 0 0 0 0 Z 	D	0.840938	0.051863	0.840938	0.840938	0.840938	0.840938	0.840938	0.000000	0.249373	0.249995	0.249999	0.250634	0.868896	
3924000	-459.708397	1	2	1	'0 1 0 0 0 Z 0 1 	D	0.632375	0.007645	0.632375	0.632375	0.632375	0.000000	0.632375	0.007645	0.260391	0.272786	0.182603	0.284220	0.389285	
3925000	-461.513385	1	2	0	'0 1 0 0 1 1 0 1 	D	0.782858	0.007469	0.782858	0.782858	0.007469	0.007469	0.782858	0.007469	0.328760	0.334746	0.000273	0.336221	0.153231	
3926000	-461.428062	1	2	1	'0 Z 0 0 1 0 0 1 	D	0.652009	0.000000	0.652009	0.652009	0.007495	0.652009	0.652009	0.007495	0.243915	0.253983	0.238090	0.264013	0.358787	
3927000	-460.314018	1	2	1	'0 1 0 0 0 1 0 Z 	D	0.736850	0.027143	0.736850	0.736850	0.736850	0.027143	0.736850	0.000000	0.253758	0.261709	0.215485	0.269047	0.397515	
3928000	-460.154399	1	2	1	'0 1 0 0 0 0 0 Z 	D	0.697802	0.070694	0.697802	0.697802	0.697802	0.697802	0.697802	0.000000	0.247722	0.249996	0.249932	0.252350	0.479216	
3929000	-460.783189	1	2	2	'0 1 0 0 0 Z 0 Z 	D	0.585949	0.032930	0.585949	0.585949	0.585949	0.000000	0.585949	0.000000	0.250768	0.283183	0.151851	0.314197	0.941148	
3930000	-460.141564	1	2	0	'0 1 0 0 0 1 0 1 	D	0.734655	0.015468	0.734655	0.734655	0.734655	0.015468	0.734655	0.015468	0.256253	0.261724	0.215759	0.266263	0.479420	
3931000	-459.331977	1	2	1	'0 1 0 0 0 0 0 Z 	D	0.627784	0.033717	0.627784	0.627784	0.627784	0.627784	0.627784	0.000000	0.245435	0.249983	0.250063	0.254519	0.221616	
3932000	-463.017520	1	2	1	'0 1 0 0 Z 1 0 1 	D	0.624501	0.019296	0.624501	0.624501	0.000000	0.019296	0.624501	0.019296	0.317396	0.338355	0.000502	0.343747	0.764057	
3933000	-460.624414	1	2	1	'0 1 0 0 1 Z 0 1 	D	0.621993	0.008778	0.621993	0.621993	0.008778	0.000000	0.621993	0.008778	0.317886	0.335692	0.000086	0.346336	0.357705	
3934000	-459.864982	1	2	1	'0 1 0 0 Z 0 0 1 	D	0.586052	0.008539	0.586052	0.586052	0.000000	0.586052	0.586052	0.008539	0.249012	0.261917	0.214980	0.274092	0.736984	
3935000	-459.697607	1	2	0	'0 1 0 0 1 0 0 1 	D	0.609493	0.014800	0.609493	0.609493	0.014800	0.609493	0.609493	0.014800	0.250457	0.260016	0.221037	0.268489	0.811267	
3936000	-460.268160	1	2	0	'0 1 0 0 1 0 0 1 	D	0.643944	0.004626	0.643944	0.643944	0.004626	0.643944	0.643944	0.004626	0.248160	0.256406	0.230947	0.264487	0.652182	
3937000	-460.044976	1	2	1	'0 Z 0 0 0 0 0 1 	D	0.570832	0.000000	0.570832	0.570832	0.570832	0.570832	0.570832	0.032681	0.229952	0.250163	0.249477	0.270408	0.685654	
3938000	-461.460818	1	2	1	'0 Z 0 0 1 0 0 1 	D	0.613963	0.000000	0.613963	0.613963	0.041195	0.613963	0.613963	0.041195	0.258729	0.261074	0.218594	0.261604	0.402820	
3939000	-460.096913	1	2	1	'0 1 0 0 0 1 0 Z 	D	0.646267	0.018188	0.646267	0.646267	0.646267	0.018188	0.646267	0.000000	0.256549	0.269941	0.190920	0.282590	0.419155	
3940000	-460.777321	1	2	1	'0 Z 0 0 0 0 0 1 	D	0.614178	0.000000	0.614178	0.614178	0.614178	0.614178	0.614178	0.060766	0.237397	0.250231	0.249733	0.262639	0.676825	
3941000	-459.815884	1	2	0	'0 1 0 0 0 0 0 1 	D	0.600300	0.027722	0.600300	0.600300	0.600300	0.600300	0.600300	0.027722	0.239333	0.250133	0.249532	0.261003	0.419525	
3942000	-459.405223	1	2	1	'0 1 0 0 0 0 0 Z 	D	0.641041	0.028836	0.641041	0.641041	0.641041	0.641041	0.641041	0.000000	0.245931	0.249957	0.250147	0.253965	0.941231	
3943000	-459.456517	1	2	0	'0 1 0 0 0 0 0 1 	D	0.690427	0.020072	0.690427	0.690427	0.690427	0.690427	0.690427	0.020072	0.244613	0.250004	0.249957	0.255425	0.336102	
3944000	-459.780184	1	2	1	'0 1 0 0 0 0 0 Z 	D	0.577275	0.047300	0.577275	0.577275	0.577275	0.577275	0.577275	0.000000	0.242747	0.250122	0.249630	0.257500	0.140676	
3945000	-459.621728	1	2	1	'0 Z 0 0 0 0 0 1 	D	0.622076	0.000000	0.622076	0.622076	0.622076	0.622076	0.622076	0.027924	0.236117	0.250028	0.249920	0.263934	0.808317	
3946000	-461.544378	1	2	1	'0 1 0 0 Z 0 0 1 	D	0.823397	0.021682	0.823397	0.823397	0.000000	0.823397	0.823397	0.021682	0.251052	0.252374	0.243137	0.253437	0.902393	
3947000	-459.951419	1	2	1	'0 Z 0 0 0 0 0 1 	D	0.696256	0.000000	0.696256	0.696256	0.696256	0.696256	0.696256	0.037227	0.242577	0.250037	0.250002	0.257384	0.872331	
3948000	-463.567016	1	2	1	'0 1 0 0 Z 0 0 1 	D	0.467947	0.016073	0.467947	0.467947	0.000000	0.467947	0.467947	0.016073	0.242709	0.275141	0.179190	0.302960	0.445892	
3949000	-461.359490	1	2	0	'0 1 0 0 1 0 0 1 	D	0.670759	0.030071	0.670759	0.670759	0.030071	0.670759	0.670759	0.030071	0.252554	0.256951	0.230470	0.260024	0.299894	
3950000	-461.260150	1	2	1	'0 1 0 0 0 Z 0 1 	D	0.827186	0.013264	0.827186	0.827186	0.827186	0.000000	0.827186	0.013264	0.254320	0.256775	0.230086	0.258819	0.615199	
3951000	-460.312573	1	2	2	'0 1 0 0 0 Z 0 Z 	D	0.605125	0.020418	0.605125	0.605125	0.605125	0.000000	0.605125	0.000000	0.256918	0.277867	0.167432	0.297783	0.716179	
3952000	-460.195095	1	2	1	'0 1 0 0 0 1 0 Z 	D	0.613107	0.026311	0.613107	0.613107	0.613107	0.026311	0.613107	0.000000	0.253234	0.274443	0.177752	0.294572	0.667120	
3953000	-459.590230	1	2	1	'0 1 0 0 0 0 0 Z 	D	0.597665	0.048667	0.597665	0.597665	0.597665	0.597665	0.597665	0.000000	0.244034	0.250071	0.249756	0.256139	0.761528	
3954000	-459.769308	1	2	1	'0 1 0 0 Z 0 0 1 	D	0.594257	0.013054	0.594257	0.594257	0.000000	0.594257	0.594257	0.013054	0.250882	0.262132	0.214784	0.272203	0.251543	
3955000	-462.677033	1	2	1	'0 Z 0 0 1 1 0 1 	D	0.747312	0.000000	0.747312	0.747312	0.025962	0.025962	0.747312	0.025962	0.353084	0.334553	0.003103	0.309259	0.403245	
3956000	-459.197940	1	2	0	'0 1 0 0 0 0 0 1 	D	0.634061	0.015679	0.634061	0.634061	0.634061	0.634061	0.634061	0.015679	0.241084	0.250005	0.249902	0.259009	0.476373	
3957000	-461.206603	1	2	2	'0 1 0 0 1 Z 0 Z 	D	0.593096	0.022416	0.593096	0.593096	0.022416	0.000000	0.593096	0.000000	0.277511	0.334477	0.000447	0.387565	0.699104	
3958000	-460.995829	1	2	1	'0 1 0 0 1 1 0 Z 	D	0.721304	0.010132	0.721304	0.721304	0.010132	0.010132	0.721304	0.000000	0.315634	0.334107	0.000496	0.349762	0.521386	
3959000	-462.585354	1	2	0	'0 1 0 0 1 1 0 1 	D	0.502959	0.005678	0.502959	0.502959	0.005678	0.005678	0.502959	0.005678	0.294693	0.335095	0.000158	0.370054	0.819138	
3960000	-461.091264	1	2	1	'0 1 0 0 0 1 0 Z 	D	0.667789	0.053580	0.667789	0.667789	0.667789	0.053580	0.667789	0.000000	0.247719	0.268686	0.195372	0.288224	0.280153	
3961000	-460.701152	1	2	1	'0 1 0 0 0 0 0 Z 	D	0.599422	0.012553	0.599422	0.599422	0.599422	0.599422	0.599422	0.000000	0.243450	0.249562	0.251465	0.255523	0.749556	
3962000	-461.914001	1	2	3	'0 1 0 0 Z Z 0 Z 	D	0.535581	0.015083	0.535581	0.535581	0.000000	0.000000	0.535581	0.000000	0.275693	0.334046	0.000000	0.390261	0.496530	
3963000	-462.789772	1	2	3	'0 1 0 0 Z Z 0 Z 	D	0.836594	0.007475	0.836594	0.836594	0.000000	0.000000	0.836594	0.000000	0.324474	0.334001	0.000000	0.341525	0.933929	
3964000	-464.074593	1	2	1	'0 1 0 0 1 1 0 Z 	D	0.473305	0.015398	0.473305	0.473305	0.015398	0.015398	0.473305	0.000000	0.255022	0.332710	0.001114	0.411154	0.853130	
3965000	-460.941501	1	2	0	'0 1 0 0 1 1 0 1 	D	0.710024	0.009779	0.710024	0.710024	0.009779	0.009779	0.710024	0.009779	0.325274	0.335386	0.000465	0.338875	0.445742	
3966000	-460.018090	1	2	1	'0 1 0 0 0 1 0 Z 	D	0.671536	0.020542	0.671536	0.671536	0.671536	0.020542	0.671536	0.000000	0.255732	0.267307	0.198798	0.278163	0.255210	
3967000	-462.418611	1	2	1	'0 Z 0 0 0 0 0 1 	D	0.666420	0.000000	0.666420	0.666420	0.666420	0.666420	0.666420	0.005210	0.238874	0.249587	0.251079	0.260461	0.880574	
3968000	-459.590065	1	2	1	'0 1 0 0 0 0 0 Z 	D	0.702689	0.036178	0.702689	0.702689	0.702689	0.702689	0.702689	0.000000	0.247752	0.249981	0.250036	0.252232	0.870109	
3969000	-460.634673	1	2	1	'0 1 0 0 0 1 0 Z 	D	0.631495	0.042823	0.631495	0.631495	0.631495	0.042823	0.631495	0.000000	0.248493	0.272656	0.183406	0.295445	0.781379	
3970000	-459.284592	1	2	0	'0 1 0 0 0 0 0 1 	D	0.668585	0.017873	0.668585	0.668585	0.668585	0.668585	0.668585	0.017873	0.243422	0.250003	0.249945	0.256630	0.995646	
3971000	-460.032175	1	2	0	'0 1 0 0 1 0 0 1 	D	0.752709	0.009884	0.752709	0.752709	0.009884	0.752709	0.752709	0.009884	0.249861	0.252815	0.241715	0.255608	0.708476	
3972000	-461.888816	1	2	2	'0 1 0 0 0 Z 0 Z 	D	0.531593	0.013782	0.531593	0.531593	0.531593	0.000000	0.531593	0.000000	0.256182	0.287603	0.137940	0.318275	0.283774	
3973000	-459.924661	1	2	1	'0 1 0 0 0 0 0 Z 	D	0.651989	0.068242	0.651989	0.651989	0.651989	0.651989	0.651989	0.000000	0.246478	0.250016	0.249848	0.253658	0.125584	
3974000	-461.648224	1	2	1	'0 1 0 0 0 0 0 Z 	D	0.758849	0.096297	0.758849	0.758849	0.758849	0.758849	0.758849	0.000000	0.248722	0.249990	0.249961	0.251327	0.592179	
3975000	-460.196707	1	2	1	'0 1 0 0 0 1 0 Z 	D	0.613079	0.026418	0.613079	0.613079	0.613079	0.026418	0.613079	0.000000	0.253192	0.274451	0.177729	0.294628	0.949301	
3976000	-462.536419	1	2	3	'0 1 0 0 Z Z 0 Z 	D	0.533586	0.025806	0.533586	0.533586	0.000000	0.000000	0.533586	0.000000	0.252095	0.333573	0.000000	0.414332	0.894568	
3977000	-463.109652	1	2	3	'0 Z 0 0 Z Z 0 1 	D	0.664397	0.000000	0.664397	0.664397	0.000000	0.000000	0.664397	0.031043	0.366981	0.336526	0.000000	0.296492	0.919524	
3978000	-460.526313	1	2	1	'0 1 0 0 0 1 0 Z 	D	0.693795	0.042515	0.693795	0.693795	0.693795	0.042515	0.693795	0.000000	0.250989	0.265901	0.203420	0.279690	0.343627	
3979000	-459.616376	1	2	1	'0 1 0 0 0 Z 0 1 	D	0.674364	0.009209	0.674364	0.674364	0.674364	0.000000	0.674364	0.009209	0.259300	0.268082	0.196660	0.275958	0.262502	
3980000	-459.704892	1	2	1	'0 Z 0 0 0 0 0 1 	D	0.669758	0.000000	0.669758	0.669758	0.669758	0.669758	0.669758	0.031376	0.240595	0.250028	0.249995	0.259382	0.313345	
3981000	-461.044409	1	2	1	'0 Z 0 0 0 0 0 1 	D	0.585884	0.000000	0.585884	0.585884	0.585884	0.585884	0.585884	0.009599	0.229754	0.249488	0.251021	0.269737	0.212239	
3982000	-460.001139	1	2	1	'0 1 0 0 0 0 0 Z 	D	0.706741	0.063737	0.706741	0.706741	0.706741	0.706741	0.706741	0.000000	0.247899	0.249994	0.249954	0.252153	0.727483	
3983000	-459.371204	1	2	1	'0 1 0 0 0 0 0 Z 	D	0.656988	0.045789	0.656988	0.656988	0.656988	0.656988	0.656988	0.000000	0.246597	0.249999	0.249964	0.253441	0.322565	
3984000	-459.749973	1	2	1	'0 1 0 0 0 0 0 Z 	D	0.615971	0.059934	0.615971	0.615971	0.615971	0.615971	0.615971	0.000000	0.245020	0.250053	0.249750	0.255177	0.570294	
3985000	-460.344315	1	2	1	'0 1 0 0 0 0 0 Z 	D	0.745366	0.062731	0.745366	0.745366	0.745366	0.745366	0.745366	0.000000	0.248532	0.249992	0.249979	0.251498	0.259521	
3986000	-460.553472	1	2	1	'0 1 0 0 0 0 0 Z 	D	0.528864	0.035297	0.528864	0.528864	0.528864	0.528864	0.528864	0.000000	0.238392	0.250290	0.249394	0.261924	0.911240	
3987000	-461.894939	1	2	1	'0 1 0 0 0 0 0 Z 	D	0.662151	0.007308	0.662151	0.662151	0.662151	0.662151	0.662151	0.000000	0.246153	0.249560	0.251379	0.252908	0.478542	
3988000	-462.669122	1	2	1	'0 1 0 0 Z 0 0 1 	D	0.582862	0.032526	0.582862	0.582862	0.000000	0.582862	0.582862	0.032526	0.256318	0.265791	0.206444	0.271447	0.479014	
3989000	-459.796050	1	2	1	'0 1 0 0 0 Z 0 1 	D	0.708907	0.009444	0.708907	0.708907	0.708907	0.000000	0.708907	0.009444	0.258162	0.264703	0.206619	0.270515	0.295720	
3990000	-459.940781	1	2	1	'0 1 0 0 0 0 0 Z 	D	0.660744	0.068533	0.660744	0.660744	0.660744	0.660744	0.660744	0.000000	0.246760	0.250010	0.249871	0.253359	0.457331	
3991000	-459.526573	1	2	1	'0 1 0 0 0 0 0 Z 	D	0.693577	0.044318	0.693577	0.693577	0.693577	0.693577	0.693577	0.000000	0.247583	0.249989	0.249998	0.252430	0.356226	
3992000	-459.722666	1	2	1	'0 1 0 0 0 0 0 Z 	D	0.588502	0.025300	0.588502	0.588502	0.588502	0.588502	0.588502	0.000000	0.243236	0.249931	0.250319	0.256514	0.234949	
3993000	-459.870379	1	2	1	'0 1 0 0 0 Z 0 1 	D	0.692618	0.015345	0.692618	0.692618	0.692618	0.000000	0.692618	0.015345	0.258572	0.266534	0.201777	0.273118	0.522408	
3994000	-460.042288	1	2	1	'0 Z 0 0 0 0 0 1 	D	0.570965	0.000000	0.570965	0.570965	0.570965	0.570965	0.570965	0.032630	0.229966	0.250162	0.249480	0.270392	0.554402	
3995000	-460.387285	1	2	0	'0 1 0 0 0 0 0 1 	D	0.528943	0.018513	0.528943	0.528943	0.528943	0.528943	0.528943	0.018513	0.229669	0.250397	0.248498	0.271435	0.235166	
3996000	-459.790152	1	2	1	'0 1 0 0 Z 0 0 1 	D	0.619461	0.006740	0.619461	0.619461	0.000000	0.619461	0.619461	0.006740	0.249199	0.259104	0.223087	0.268611	0.570669	
3997000	-460.213433	1	2	1	'0 Z 0 0 0 0 0 1 	D	0.717789	0.000000	0.717789	0.717789	0.717789	0.717789	0.717789	0.040384	0.243839	0.250035	0.250009	0.256117	0.701569	
3998000	-459.687472	1	2	1	'0 1 0 0 0 0 0 Z 	D	0.653926	0.060734	0.653926	0.653926	0.653926	0.653926	0.653926	0.000000	0.246535	0.250012	0.249882	0.253571	0.489962	
3999000	-460.024836	1	2	1	'0 1 0 0 0 1 0 Z 	D	0.679916	0.028299	0.679916	0.679916	0.679916	0.028299	0.679916	0.000000	0.253852	0.266821	0.200425	0.278902	0.832158	
4000000	-460.150151	1	2	1	'0 1 0 0 0 Z 0 1 	D	0.731464	0.015544	0.731464	0.731464	0.731464	0.000000	0.731464	0.015544	0.257309	0.263025	0.211970	0.267696	0.191777	
4001000	-460.026454	1	2	1	'0 1 0 0 0 0 0 Z 	D	0.591067	0.062306	0.591067	0.591067	0.591067	0.591067	0.591067	0.000000	0.243679	0.250111	0.249563	0.256647	0.876579	
4002000	-460.133528	1	2	1	'0 1 0 0 0 1 0 Z 	D	0.629252	0.029317	0.629252	0.629252	0.629252	0.029317	0.629252	0.000000	0.252728	0.272536	0.183505	0.291230	0.434066	
4003000	-459.791051	1	2	1	'0 1 0 0 Z 0 0 1 	D	0.695966	0.016969	0.695966	0.695966	0.000000	0.695966	0.695966	0.016969	0.252034	0.256371	0.231547	0.260048	0.580628	
4004000	-461.414705	1	2	1	'0 1 0 0 0 0 0 Z 	D	0.583232	0.009481	0.583232	0.583232	0.583232	0.583232	0.583232	0.000000	0.241997	0.249151	0.252768	0.256085	0.301445	
4005000	-460.087846	1	2	0	'0 1 0 0 1 0 0 1 	D	0.581434	0.006918	0.581434	0.581434	0.006918	0.581434	0.581434	0.006918	0.247494	0.261220	0.216869	0.274417	0.150371	
4006000	-460.046625	1	2	0	'0 1 0 0 0 1 0 1 	D	0.603239	0.016088	0.603239	0.603239	0.603239	0.016088	0.603239	0.016088	0.258486	0.275349	0.176422	0.289743	0.132607	
4007000	-459.879423	1	2	0	'0 1 0 0 0 0 0 1 	D	0.734234	0.019001	0.734234	0.734234	0.734234	0.734234	0.734234	0.019001	0.246233	0.249997	0.249992	0.253778	0.597776	
4008000	-459.566772	1	2	0	'0 1 0 0 0 0 0 1 	D	0.687561	0.023738	0.687561	0.687561	0.687561	0.687561	0.687561	0.023738	0.244643	0.250013	0.249935	0.255409	0.304043	
4009000	-460.430645	1	2	0	'0 1 0 0 1 0 0 1 	D	0.562836	0.006506	0.562836	0.562836	0.006506	0.562836	0.562836	0.006506	0.246373	0.262589	0.212784	0.278254	0.993841	
4010000	-461.974277	1	2	1	'0 1 0 0 0 1 0 Z 	D	0.526561	0.014232	0.526561	0.526561	0.526561	0.014232	0.526561	0.000000	0.254151	0.286314	0.141768	0.317767	0.396219	
4011000	-461.645143	1	2	1	'0 Z 0 0 0 0 0 1 	D	0.803464	0.000000	0.803464	0.803464	0.803464	0.803464	0.803464	0.049659	0.247045	0.250020	0.250016	0.252919	0.896136	
4012000	-460.413229	1	2	0	'0 1 0 0 1 0 0 1 	D	0.756917	0.019175	0.756917	0.756917	0.019175	0.756917	0.756917	0.019175	0.250884	0.253329	0.240374	0.255413	0.896882	
4013000	-459.768142	1	2	1	'0 1 0 0 0 0 0 Z 	D	0.572640	0.042741	0.572640	0.572640	0.572640	0.572640	0.572640	0.000000	0.242390	0.250119	0.249681	0.257811	0.380058	
4014000	-460.867395	1	2	2	'0 1 0 0 Z Z 0 1 	D	0.648855	0.003596	0.648855	0.648855	0.000000	0.000000	0.648855	0.003596	0.321271	0.334252	0.000000	0.344476	0.539128	
4015000	-461.715498	1	2	1	'0 Z 0 0 1 0 0 1 	D	0.541914	0.000000	0.541914	0.541914	0.015415	0.541914	0.541914	0.015415	0.243955	0.263456	0.210642	0.281947	0.781508	
4016000	-460.496692	1	2	1	'0 1 0 0 0 0 0 Z 	D	0.775043	0.050284	0.775043	0.775043	0.775043	0.775043	0.775043	0.000000	0.248866	0.249992	0.249998	0.251144	0.147332	
4017000	-463.905945	1	2	3	'0 1 0 0 Z Z 0 Z 	D	0.478535	0.012376	0.478535	0.478535	0.000000	0.000000	0.478535	0.000000	0.263103	0.333379	0.000000	0.403518	0.656136	
4018000	-460.722161	1	2	1	'0 1 0 0 1 Z 0 1 	D	0.617658	0.009395	0.617658	0.617658	0.009395	0.000000	0.617658	0.009395	0.317302	0.335880	0.000098	0.346720	0.311007	
4019000	-459.855140	1	2	1	'0 Z 0 0 0 0 0 1 	D	0.650270	0.000000	0.650270	0.650270	0.650270	0.650270	0.650270	0.042235	0.239568	0.250084	0.249922	0.260426	0.557993	
4020000	-466.198459	1	2	1	'0 1 0 0 Z 0 0 1 	D	0.671435	0.054268	0.671435	0.671435	0.000000	0.671435	0.671435	0.054268	0.257278	0.260534	0.221675	0.260513	0.572424	
4021000	-460.444428	1	2	1	'0 Z 0 0 1 0 0 1 	D	0.673252	0.000000	0.673252	0.673252	0.015705	0.673252	0.673252	0.015705	0.248136	0.254803	0.235894	0.261168	0.662966	
4022000	-463.639453	1	2	2	'0 Z 0 0 1 Z 0 1 	D	0.556446	0.000000	0.556446	0.556446	0.030311	0.000000	0.556446	0.030311	0.364943	0.337092	0.001204	0.296761	0.239765	
4023000	-460.601718	1	2	1	'0 1 0 0 1 Z 0 1 	D	0.698533	0.006817	0.698533	0.698533	0.006817	0.000000	0.698533	0.006817	0.324927	0.334921	0.000054	0.340097	0.414195	
4024000	-461.343117	1	2	1	'0 Z 0 0 1 0 0 1 	D	0.734053	0.000000	0.734053	0.734053	0.041015	0.734053	0.734053	0.041015	0.253839	0.254534	0.236954	0.254672	0.842153	
4025000	-460.536288	1	2	0	'0 1 0 0 1 1 0 1 	D	0.610931	0.006301	0.610931	0.610931	0.006301	0.006301	0.610931	0.006301	0.316698	0.334983	0.000195	0.348123	0.626332	
4026000	-459.369634	1	2	0	'0 1 0 0 0 0 0 1 	D	0.678855	0.019720	0.678855	0.678855	0.678855	0.678855	0.678855	0.019720	0.244051	0.250006	0.249945	0.255998	0.433963	
4027000	-459.996284	1	2	1	'0 1 0 0 0 0 0 Z 	D	0.557459	0.042144	0.557459	0.557459	0.557459	0.557459	0.557459	0.000000	0.241206	0.250178	0.249543	0.259073	0.707073	
4028000	-460.840166	1	2	1	'0 1 0 0 0 0 0 Z 	D	0.555584	0.069852	0.555584	0.555584	0.555584	0.555584	0.555584	0.000000	0.241106	0.250274	0.249023	0.259597	0.600334	
4029000	-460.241956	1	2	1	'0 Z 0 0 0 0 0 1 	D	0.614307	0.000000	0.614307	0.614307	0.614307	0.614307	0.614307	0.013996	0.234206	0.249813	0.250326	0.265656	0.375363	
4030000	-459.890950	1	2	0	'0 1 0 0 0 1 0 1 	D	0.656260	0.016921	0.656260	0.656260	0.656260	0.016921	0.656260	0.016921	0.258069	0.268882	0.195172	0.277878	0.469148	
4031000	-463.920367	1	2	1	'0 1 0 0 0 0 0 Z 	D	0.595361	0.140655	0.595361	0.595361	0.595361	0.595361	0.595361	0.000000	0.243588	0.250070	0.249225	0.257118	0.828347	
4032000	-463.112783	1	2	1	'0 Z 0 0 1 0 0 1 	D	0.599032	0.000000	0.599032	0.599032	0.059381	0.599032	0.599032	0.059381	0.266582	0.263507	0.212276	0.257634	0.326983	
4033000	-461.914100	1	2	0	'0 1 0 0 1 0 0 1 	D	0.853806	0.020982	0.853806	0.853806	0.020982	0.853806	0.853806	0.020982	0.250320	0.251340	0.246121	0.252220	0.208303	
4034000	-462.536765	1	2	0	'0 1 0 0 1 0 0 1 	D	0.780315	0.033932	0.780315	0.780315	0.033932	0.780315	0.780315	0.033932	0.251421	0.252986	0.241577	0.254016	0.649521	
4035000	-461.388803	1	2	1	'0 1 0 0 0 0 0 Z 	D	0.512251	0.055048	0.512251	0.512251	0.512251	0.512251	0.512251	0.000000	0.236616	0.250649	0.248164	0.264571	0.422705	
4036000	-461.991133	1	2	2	'0 1 0 0 Z 1 0 Z 	D	0.540225	0.021204	0.540225	0.540225	0.000000	0.021204	0.540225	0.000000	0.265544	0.333731	0.000740	0.399985	0.476728	
4037000	-461.932830	1	2	1	'0 1 0 0 0 Z 0 1 	D	0.498616	0.010693	0.498616	0.498616	0.498616	0.000000	0.498616	0.010693	0.254134	0.293251	0.122953	0.329662	0.514008	
4038000	-461.924169	1	2	1	'1 0 1 1 Z 1 1 0 	D	0.852413	0.020964	0.852413	0.852413	0.000000	0.852413	0.852413	0.020964	0.250726	0.251765	0.244886	0.252623	0.486810	
4039000	-460.147267	1	2	2	'1 0 1 1 1 Z 1 Z 	D	0.652445	0.030267	0.652445	0.652445	0.652445	0.000000	0.652445	0.000000	0.254937	0.273359	0.181176	0.290528	0.703920	
4040000	-459.666098	1	2	1	'1 0 1 1 1 1 1 Z 	D	0.667259	0.059096	0.667259	0.667259	0.667259	0.667259	0.667259	0.000000	0.246944	0.250004	0.249916	0.253136	0.599465	
4041000	-460.686262	1	2	1	'1 0 1 1 1 0 1 Z 	D	0.577538	0.029380	0.577538	0.577538	0.577538	0.029380	0.577538	0.000000	0.249792	0.279410	0.162895	0.307903	0.100110	
4042000	-460.071211	1	2	2	'1 0 1 1 1 Z 1 Z 	D	0.682375	0.026994	0.682375	0.682375	0.682375	0.000000	0.682375	0.000000	0.255826	0.269261	0.193209	0.281704	0.226988	
4043000	-460.723269	1	2	2	'1 0 1 1 1 Z 1 Z 	D	0.744329	0.037739	0.744329	0.744329	0.744329	0.000000	0.744329	0.000000	0.253917	0.264479	0.207549	0.274055	0.747002	
4044000	-459.497860	1	2	1	'1 0 1 1 1 1 1 Z 	D	0.595634	0.032674	0.595634	0.595634	0.595634	0.595634	0.595634	0.000000	0.243794	0.250003	0.250047	0.256156	0.713773	
4045000	-460.582688	1	2	1	'1 0 1 1 1 0 1 Z 	D	0.721431	0.041049	0.721431	0.721431	0.721431	0.041049	0.721431	0.000000	0.251653	0.263391	0.210773	0.274183	0.772519	
4046000	-460.685997	1	2	1	'1 0 1 1 0 0 1 Z 	D	0.650887	0.010658	0.650887	0.650887	0.010658	0.010658	0.650887	0.000000	0.307904	0.334136	0.000548	0.357413	0.908478	
4047000	-461.385183	1	2	1	'1 Z 1 1 1 1 1 0 	D	0.585138	0.000000	0.585138	0.585138	0.585138	0.585138	0.585138	0.066285	0.234773	0.250380	0.249470	0.265376	0.389201	
4048000	-460.108039	1	2	1	'1 Z 1 1 1 1 1 0 	D	0.643646	0.000000	0.643646	0.643646	0.643646	0.643646	0.643646	0.049174	0.239366	0.250119	0.249888	0.260627	0.349942	
4049000	-460.450678	1	2	1	'1 0 1 1 Z 0 1 0 	D	0.633061	0.006633	0.633061	0.633061	0.000000	0.006633	0.633061	0.006633	0.319384	0.335070	0.000060	0.345486	0.796803	
4050000	-461.866992	1	2	2	'1 Z 1 1 Z 0 1 0 	D	0.611938	0.000000	0.611938	0.611938	0.000000	0.020191	0.611938	0.020191	0.348538	0.335874	0.000477	0.315111	0.268722	
4051000	-461.490161	1	2	2	'1 Z 1 1 Z 0 1 0 	D	0.693362	0.000000	0.693362	0.693362	0.000000	0.016021	0.693362	0.016021	0.344248	0.335042	0.000306	0.320404	0.674828	
4052000	-459.612673	1	2	1	'1 Z 1 1 1 1 1 0 	D	0.635346	0.000000	0.635346	0.635346	0.635346	0.635346	0.635346	0.030738	0.237641	0.250041	0.249934	0.262384	0.636901	
4053000	-460.995072	1	2	1	'1 0 1 1 1 1 1 Z 	D	0.524027	0.053591	0.524027	0.524027	0.524027	0.524027	0.524027	0.000000	0.238015	0.250497	0.248585	0.262903	0.265721	
4054000	-461.127820	1	2	1	'1 Z 1 1 1 1 1 0 	D	0.777406	0.000000	0.777406	0.777406	0.777406	0.777406	0.777406	0.021579	0.245877	0.249998	0.250035	0.254090	0.434475	
4055000	-460.805260	1	2	1	'1 Z 1 1 1 1 1 0 	D	0.553315	0.000000	0.553315	0.553315	0.553315	0.553315	0.553315	0.046745	0.228729	0.250423	0.249037	0.271811	0.266289	
4056000	-459.493511	1	2	0	'1 0 1 1 1 1 1 0 	D	0.587370	0.012292	0.587370	0.587370	0.587370	0.587370	0.587370	0.012292	0.236542	0.249995	0.249824	0.263639	0.168127	
4057000	-460.090139	1	2	1	'1 Z 1 1 1 1 1 0 	D	0.579577	0.000000	0.579577	0.579577	0.579577	0.579577	0.579577	0.038885	0.231780	0.250207	0.249508	0.268505	0.288479	
4058000	-459.479332	1	2	1	'1 0 1 1 1 1 1 Z 	D	0.597123	0.040401	0.597123	0.597123	0.597123	0.597123	0.597123	0.000000	0.243955	0.250044	0.249879	0.256122	0.257477	
4059000	-461.956168	1	2	1	'1 0 1 1 1 1 1 Z 	D	0.489234	0.024557	0.489234	0.489234	0.489234	0.489234	0.489234	0.000000	0.232878	0.250407	0.249566	0.267149	0.442219	
4060000	-460.432382	1	2	0	'1 0 1 1 0 1 1 0 	D	0.778248	0.016233	0.778248	0.778248	0.016233	0.778248	0.778248	0.016233	0.250488	0.252619	0.242377	0.254515	0.999282	
4061000	-461.066281	1	2	1	'1 Z 1 1 0 1 1 0 	D	0.620515	0.000000	0.620515	0.620515	0.036142	0.620515	0.620515	0.036142	0.256484	0.260162	0.221017	0.262337	0.709729	
4062000	-459.696094	1	2	0	'1 0 1 1 1 1 1 0 	D	0.706906	0.012942	0.706906	0.706906	0.706906	0.706906	0.706906	0.012942	0.245021	0.249981	0.250026	0.254971	0.165143	
4063000	-460.221384	1	2	1	'1 0 1 1 Z 1 1 0 	D	0.566955	0.007549	0.566955	0.566955	0.000000	0.566955	0.566955	0.007549	0.247743	0.263191	0.211138	0.277928	0.918034	
4064000	-460.038440	1	2	1	'1 0 1 1 Z 1 1 0 	D	0.729040	0.017433	0.729040	0.729040	0.000000	0.729040	0.729040	0.017433	0.251733	0.254955	0.235633	0.257678	0.981472	
4065000	-459.482510	1	2	1	'1 0 1 1 1 1 1 Z 	D	0.612033	0.048315	0.612033	0.612033	0.612033	0.612033	0.612033	0.000000	0.244797	0.250043	0.249832	0.255328	0.209725	
4066000	-460.221639	1	2	1	'1 0 1 1 1 1 1 Z 	D	0.669344	0.075923	0.669344	0.669344	0.669344	0.669344	0.669344	0.000000	0.247018	0.250006	0.249871	0.253104	0.847371	
4067000	-459.632975	1	2	1	'1 Z 1 1 1 1 1 0 	D	0.634877	0.000000	0.634877	0.634877	0.634877	0.634877	0.634877	0.032856	0.237716	0.250055	0.249917	0.262312	0.431112	
4068000	-461.600561	1	2	2	'1 Z 1 1 Z 1 1 0 	D	0.578245	0.000000	0.578245	0.578245	0.000000	0.578245	0.578245	0.032698	0.261461	0.266953	0.201643	0.269943	0.899464	
4069000	-461.646102	1	2	2	'1 Z 1 1 Z 1 1 0 	D	0.813867	0.000000	0.813867	0.813867	0.000000	0.813867	0.813867	0.020822	0.249853	0.251623	0.245244	0.253280	0.795674	
4070000	-461.187317	1	2	1	'1 Z 1 1 0 1 1 0 	D	0.651846	0.000000	0.651846	0.651846	0.040973	0.651846	0.651846	0.040973	0.256973	0.258527	0.225669	0.258831	0.355099	
4071000	-460.215830	1	2	1	'1 Z 1 1 1 1 1 0 	D	0.727139	0.000000	0.727139	0.727139	0.727139	0.727139	0.727139	0.034192	0.244127	0.250021	0.250019	0.255833	0.954946	
4072000	-460.435527	1	2	1	'1 0 1 1 1 1 1 Z 	D	0.609700	0.077483	0.609700	0.609700	0.609700	0.609700	0.609700	0.000000	0.244709	0.250073	0.249608	0.255610	0.615790	
4073000	-459.343323	1	2	1	'1 0 1 1 1 1 1 Z 	D	0.618430	0.036360	0.618430	0.618430	0.618430	0.618430	0.618430	0.000000	0.245035	0.250000	0.250009	0.254957	0.580096	
4074000	-462.837058	1	2	1	'1 0 1 1 1 1 1 Z 	D	0.542059	0.104154	0.542059	0.542059	0.542059	0.542059	0.542059	0.000000	0.239601	0.250368	0.248384	0.261647	0.958877	
4075000	-462.660795	1	2	2	'1 0 1 1 1 Z 1 Z 	D	0.607976	0.065371	0.607976	0.607976	0.607976	0.000000	0.607976	0.000000	0.240271	0.285634	0.145125	0.328970	0.367929	
4076000	-460.709661	1	2	2	'1 0 1 1 1 Z 1 Z 	D	0.729218	0.039935	0.729218	0.729218	0.729218	0.000000	0.729218	0.000000	0.253709	0.266165	0.202647	0.277478	0.458851	
4077000	-459.722278	1	2	1	'1 0 1 1 1 1 1 Z 	D	0.630345	0.061044	0.630345	0.630345	0.630345	0.630345	0.630345	0.000000	0.245661	0.250034	0.249807	0.254498	0.160169	
4078000	-460.858491	1	2	0	'1 0 1 1 1 1 1 0 	D	0.595562	0.038400	0.595562	0.595562	0.595562	0.595562	0.595562	0.038400	0.239805	0.250193	0.249408	0.260594	0.736614	
4079000	-459.337742	1	2	0	'1 0 1 1 1 1 1 0 	D	0.678321	0.017537	0.678321	0.678321	0.678321	0.678321	0.678321	0.017537	0.243917	0.249999	0.249962	0.256121	0.480262	
4080000	-459.972291	1	2	1	'1 0 1 1 Z 1 1 0 	D	0.670050	0.019448	0.670050	0.670050	0.000000	0.670050	0.670050	0.019448	0.252729	0.257974	0.227065	0.262232	0.353092	
4081000	-462.909975	1	2	1	'1 0 1 1 1 1 1 Z 	D	0.811088	0.110812	0.811088	0.811088	0.811088	0.811088	0.811088	0.000000	0.249216	0.249991	0.249978	0.250815	0.708934	
4082000	-460.776991	1	2	1	'1 0 1 1 1 Z 1 0 	D	0.661796	0.023271	0.661796	0.661796	0.661796	0.000000	0.661796	0.023271	0.259120	0.270180	0.192122	0.278578	0.597872	
4083000	-459.846418	1	2	1	'1 0 1 1 1 1 1 Z 	D	0.604826	0.060662	0.604826	0.604826	0.604826	0.604826	0.604826	0.000000	0.244459	0.250075	0.249680	0.255786	0.707052	
4084000	-459.562792	1	2	1	'1 0 1 1 1 1 1 Z 	D	0.587668	0.040046	0.587668	0.587668	0.587668	0.587668	0.587668	0.000000	0.243383	0.250062	0.249841	0.256714	0.356158	
4085000	-459.473744	1	2	1	'1 0 1 1 1 1 1 Z 	D	0.687316	0.035901	0.687316	0.687316	0.687316	0.687316	0.687316	0.000000	0.247404	0.249980	0.250041	0.252575	0.734458	
4086000	-460.268794	1	2	2	'1 0 1 1 1 Z 1 Z 	D	0.721754	0.020531	0.721754	0.721754	0.721754	0.000000	0.721754	0.000000	0.256212	0.264317	0.207653	0.271818	0.448612	
4087000	-461.710477	1	2	1	'1 0 1 1 1 0 1 Z 	D	0.756990	0.058254	0.756990	0.756990	0.756990	0.058254	0.756990	0.000000	0.249777	0.260940	0.218178	0.271106	0.479054	
4088000	-463.289297	1	2	1	'1 0 1 1 1 1 1 Z 	D	0.521771	0.102017	0.521771	0.521771	0.521771	0.521771	0.521771	0.000000	0.237372	0.250573	0.247732	0.264324	0.308445	
4089000	-461.347930	1	2	1	'1 0 1 1 1 0 1 Z 	D	0.589709	0.048140	0.589709	0.589709	0.589709	0.048140	0.589709	0.000000	0.242935	0.278080	0.167070	0.311914	0.215439	
4090000	-460.526770	1	2	1	'1 0 1 1 0 Z 1 0 	D	0.637016	0.008271	0.637016	0.637016	0.008271	0.000000	0.637016	0.008271	0.319629	0.335491	0.000077	0.344803	0.426815	
4091000	-460.230853	1	2	2	'1 0 1 1 1 Z 1 Z 	D	0.653196	0.015651	0.653196	0.653196	0.653196	0.000000	0.653196	0.000000	0.258473	0.270704	0.188582	0.282241	0.214980	
4092000	-459.797361	1	2	0	'1 0 1 1 1 1 1 0 	D	0.694449	0.027104	0.694449	0.694449	0.694449	0.694449	0.694449	0.027104	0.245076	0.250016	0.249933	0.254976	0.419455	
4093000	-459.420375	1	2	0	'1 0 1 1 1 1 1 0 	D	0.589027	0.013605	0.589027	0.589027	0.589027	0.589027	0.589027	0.013605	0.236876	0.250022	0.249759	0.263343	0.682866	
4094000	-460.278156	1	2	1	'1 Z 1 1 1 1 1 0 	D	0.623251	0.000000	0.623251	0.623251	0.623251	0.623251	0.623251	0.013549	0.235235	0.249820	0.250337	0.264608	0.284712	
4095000	-459.612330	1	2	1	'1 0 1 1 1 1 1 Z 	D	0.603380	0.051803	0.603380	0.603380	0.603380	0.603380	0.603380	0.000000	0.244363	0.250065	0.249752	0.255820	0.425714	
4096000	-460.024253	1	2	0	'1 0 1 1 1 1 1 0 	D	0.626131	0.032026	0.626131	0.626131	0.626131	0.626131	0.626131	0.032026	0.241655	0.250091	0.249692	0.258562	0.589482	
4097000	-460.851212	1	2	1	'1 0 1 1 1 0 1 Z 	D	0.689210	0.010316	0.689210	0.689210	0.689210	0.010316	0.689210	0.000000	0.257648	0.264782	0.206011	0.271559	0.748647	
4098000	-461.091909	1	2	3	'1 0 1 1 Z Z 1 Z 	D	0.688971	0.023071	0.688971	0.688971	0.000000	0.000000	0.688971	0.000000	0.293938	0.335185	0.000000	0.370877	0.336713	
4099000	-461.202599	1	2	1	'1 0 1 1 1 0 1 Z 	D	0.554741	0.032245	0.554741	0.554741	0.554741	0.032245	0.554741	0.000000	0.245949	0.282812	0.152544	0.318694	0.293677	
4100000	-460.608631	1	2	0	'1 0 1 1 1 1 1 0 	D	0.724082	0.007501	0.724082	0.724082	0.724082	0.724082	0.724082	0.007501	0.245474	0.249953	0.250114	0.254459	0.476067	
4101000	-459.797755	1	2	1	'1 Z 1 1 1 1 1 0 	D	0.608873	0.000000	0.608873	0.608873	0.608873	0.608873	0.608873	0.020682	0.234083	0.249946	0.250019	0.265952	0.374184	
4102000	-461.165364	1	2	2	'1 0 1 1 0 Z 1 Z 	D	0.639044	0.025526	0.639044	0.639044	0.025526	0.000000	0.639044	0.000000	0.282775	0.334829	0.000596	0.381800	0.507356	
4103000	-460.415840	1	2	1	'1 0 1 1 1 Z 1 0 	D	0.646968	0.020656	0.646968	0.646968	0.646968	0.000000	0.646968	0.020656	0.259514	0.271807	0.187188	0.281492	0.154748	
4104000	-459.367561	1	2	0	'1 0 1 1 1 1 1 0 	D	0.640345	0.011671	0.640345	0.640345	0.640345	0.640345	0.640345	0.011671	0.241237	0.249962	0.250027	0.258774	0.406808	
4105000	-460.500705	1	2	1	'0 1 0 0 Z 0 0 1 	D	0.673086	0.023574	0.673086	0.673086	0.000000	0.673086	0.673086	0.023574	0.253398	0.258195	0.226621	0.261785	0.724575	
4106000	-462.551476	1	2	2	'0 Z 0 0 Z 0 0 1 	D	0.521741	0.000000	0.521741	0.521741	0.000000	0.521741	0.521741	0.011633	0.240669	0.265856	0.203093	0.290382	0.270480	
4107000	-459.835161	1	2	1	'0 1 0 0 0 Z 0 1 	D	0.664185	0.015856	0.664185	0.664185	0.664185	0.000000	0.664185	0.015856	0.259351	0.269552	0.193092	0.278005	0.213978	
4108000	-460.355442	1	2	1	'0 1 0 0 0 0 0 Z 	D	0.551541	0.053890	0.551541	0.551541	0.551541	0.551541	0.551541	0.000000	0.240763	0.250267	0.249190	0.259780	0.300374	
4109000	-460.967486	1	2	1	'0 1 0 0 1 1 0 Z 	D	0.589241	0.012315	0.589241	0.589241	0.012315	0.012315	0.589241	0.000000	0.295366	0.334069	0.000726	0.369839	0.249697	
4110000	-462.086132	1	2	2	'0 1 0 0 Z 1 0 Z 	D	0.636941	0.035071	0.636941	0.636941	0.000000	0.035071	0.636941	0.000000	0.269416	0.334460	0.001953	0.394171	0.142076	
4111000	-461.547145	1	2	2	'0 1 0 0 0 Z 0 Z 	D	0.651727	0.055565	0.651727	0.651727	0.651727	0.000000	0.651727	0.000000	0.248317	0.277588	0.169312	0.304782	0.395172	
4112000	-459.924762	1	2	0	'0 1 0 0 0 0 0 1 	D	0.679260	0.008593	0.679260	0.679260	0.679260	0.679260	0.679260	0.008593	0.243478	0.249937	0.250137	0.256449	0.257039	
4113000	-459.911762	1	2	0	'0 1 0 0 0 1 0 1 	D	0.700702	0.015782	0.700702	0.700702	0.700702	0.015782	0.700702	0.015782	0.257182	0.264519	0.207673	0.270626	0.191261	
4114000	-459.619216	1	2	0	'0 1 0 0 0 0 0 1 	D	0.589874	0.023518	0.589874	0.589874	0.589874	0.589874	0.589874	0.023518	0.237993	0.250138	0.249482	0.262387	0.352981	
4115000	-460.155468	1	2	1	'0 1 0 0 0 0 0 Z 	D	0.735630	0.059415	0.735630	0.735630	0.735630	0.735630	0.735630	0.000000	0.248390	0.249992	0.249979	0.251640	0.543384	
4116000	-460.525594	1	2	0	'0 1 0 0 0 1 0 1 	D	0.757511	0.017375	0.757511	0.757511	0.757511	0.017375	0.757511	0.017375	0.255481	0.260042	0.220746	0.263731	0.893608	
4117000	-459.662622	1	2	1	'0 1 0 0 Z 0 0 1 	D	0.605788	0.013186	0.605788	0.605788	0.000000	0.605788	0.605788	0.013186	0.251154	0.261301	0.217178	0.270367	0.506939	
4118000	-463.189966	1	2	1	'0 1 0 0 0 0 0 Z 	D	0.715479	0.136152	0.715479	0.715479	0.715479	0.715479	0.715479	0.000000	0.248046	0.249982	0.249890	0.252082	0.295793	
4119000	-461.193294	1	2	1	'0 Z 0 0 0 0 0 1 	D	0.733203	0.000000	0.733203	0.733203	0.733203	0.733203	0.733203	0.062563	0.245072	0.250055	0.250009	0.254864	0.214708	
4120000	-461.844556	1	2	2	'0 Z 0 0 Z 0 0 1 	D	0.755925	0.000000	0.755925	0.755925	0.000000	0.755925	0.755925	0.043413	0.256687	0.256138	0.232270	0.254904	0.560960	
4121000	-459.726321	1	2	1	'0 1 0 0 Z 0 0 1 	D	0.725758	0.011605	0.725758	0.725758	0.000000	0.725758	0.725758	0.011605	0.250809	0.254446	0.236966	0.257780	0.300935	
4122000	-460.035955	1	2	1	'0 1 0 0 0 0 0 Z 	D	0.553326	0.038575	0.553326	0.553326	0.553326	0.553326	0.553326	0.000000	0.240818	0.250171	0.249606	0.259405	0.311482	
4123000	-462.341003	1	2	2	'0 1 0 0 0 Z 0 Z 	D	0.601434	0.060348	0.601434	0.601434	0.601434	0.000000	0.601434	0.000000	0.241210	0.285807	0.144474	0.328509	0.540508	
4124000	-459.943806	1	2	1	'0 1 0 0 0 Z 0 1 	D	0.586774	0.011902	0.586774	0.586774	0.586774	0.000000	0.586774	0.011902	0.260219	0.279247	0.164356	0.296178	0.430116	
4125000	-462.109524	1	2	1	'1 0 1 1 Z 0 1 0 	D	0.585016	0.014941	0.585016	0.585016	0.000000	0.014941	0.585016	0.014941	0.312414	0.337628	0.000310	0.349648	0.996712	
4126000	-459.866770	1	2	1	'1 Z 1 1 1 1 1 0 	D	0.673515	0.000000	0.673515	0.673515	0.673515	0.673515	0.673515	0.040084	0.241223	0.250056	0.249973	0.258748	0.213233	
4127000	-459.959955	1	2	1	'1 0 1 1 1 1 1 Z 	D	0.657502	0.069194	0.657502	0.657502	0.657502	0.657502	0.657502	0.000000	0.246659	0.250012	0.249860	0.253468	0.350227	
4128000	-460.061901	1	2	2	'1 0 1 1 1 Z 1 Z 	D	0.650318	0.026308	0.650318	0.650318	0.650318	0.000000	0.650318	0.000000	0.255904	0.272948	0.182272	0.288875	0.918797	
4129000	-460.261231	1	2	1	'1 0 1 1 1 1 1 Z 	D	0.686524	0.017054	0.686524	0.686524	0.686524	0.686524	0.686524	0.000000	0.247238	0.249907	0.250297	0.252558	0.532359	
4130000	-462.159421	1	2	3	'1 0 1 1 Z Z 1 Z 	D	0.715861	0.032017	0.715861	0.715861	0.000000	0.000000	0.715861	0.000000	0.286423	0.335662	0.000000	0.377915	0.835047	
4131000	-461.210088	1	2	0	'1 0 1 1 0 0 1 0 	D	0.554891	0.006374	0.554891	0.554891	0.006374	0.006374	0.554891	0.006374	0.307478	0.335182	0.000199	0.357141	0.634722	
4132000	-461.499514	1	2	1	'1 0 1 1 1 Z 1 0 	D	0.723979	0.026700	0.723979	0.723979	0.723979	0.000000	0.723979	0.026700	0.257332	0.264010	0.209907	0.268751	0.482124	
4133000	-460.271613	1	2	0	'1 0 1 1 1 0 1 0 	D	0.560849	0.009419	0.560849	0.560849	0.560849	0.009419	0.560849	0.009419	0.258668	0.281635	0.156814	0.302883	0.698099	
4134000	-459.964340	1	2	1	'1 0 1 1 1 1 1 Z 	D	0.561025	0.028697	0.561025	0.561025	0.561025	0.561025	0.561025	0.000000	0.241308	0.250024	0.250100	0.258568	0.689347	
4135000	-459.394519	1	2	0	'1 0 1 1 1 1 1 0 	D	0.650648	0.023413	0.650648	0.650648	0.650648	0.650648	0.650648	0.023413	0.242701	0.250033	0.249855	0.257411	0.256717	
4136000	-459.902653	1	2	1	'1 0 1 1 1 1 1 Z 	D	0.727663	0.050686	0.727663	0.727663	0.727663	0.727663	0.727663	0.000000	0.248252	0.249991	0.249990	0.251767	0.877476	
4137000	-460.978625	1	2	1	'1 Z 1 1 0 1 1 0 	D	0.711372	0.000000	0.711372	0.711372	0.011252	0.711372	0.711372	0.011252	0.246670	0.252378	0.242966	0.257985	0.808519	
4138000	-461.865288	1	2	1	'1 0 1 1 Z 1 1 0 	D	0.499185	0.011641	0.499185	0.499185	0.000000	0.499185	0.499185	0.011641	0.244173	0.270388	0.191094	0.294344	0.252818	
4139000	-459.736500	1	2	1	'1 Z 1 1 1 1 1 0 	D	0.611486	0.000000	0.611486	0.611486	0.611486	0.611486	0.611486	0.035445	0.235459	0.250100	0.249800	0.264642	0.596726	
4140000	-459.493666	1	2	1	'1 0 1 1 1 1 1 Z 	D	0.598755	0.031118	0.598755	0.598755	0.598755	0.598755	0.598755	0.000000	0.243956	0.249987	0.250096	0.255960	0.457552	
4141000	-463.949012	1	2	2	'1 Z 1 1 0 Z 1 0 	D	0.862668	0.000000	0.862668	0.862668	0.021263	0.000000	0.862668	0.021263	0.347492	0.334858	0.000581	0.317069	0.942847	
4142000	-462.078825	1	2	2	'1 Z 1 1 0 Z 1 0 	D	0.747948	0.000000	0.747948	0.747948	0.019077	0.000000	0.747948	0.019077	0.347837	0.335043	0.000464	0.316656	0.203356	
4143000	-460.844204	1	2	0	'1 0 1 1 0 0 1 0 	D	0.696318	0.004150	0.696318	0.696318	0.004150	0.004150	0.696318	0.004150	0.325022	0.334275	0.000085	0.340618	0.376042	
4144000	-462.398000	1	2	2	'1 0 1 1 Z 0 1 Z 	D	0.752273	0.032047	0.752273	0.752273	0.000000	0.032047	0.752273	0.000000	0.293468	0.335113	0.001485	0.369933	0.775406	
4145000	-460.480923	1	2	2	'1 0 1 1 1 Z 1 Z 	D	0.747614	0.028834	0.747614	0.747614	0.747614	0.000000	0.747614	0.000000	0.254805	0.263132	0.211331	0.270732	0.551251	
4146000	-461.147628	1	2	1	'1 Z 1 1 1 1 1 0 	D	0.645780	0.000000	0.645780	0.645780	0.645780	0.645780	0.645780	0.069379	0.240515	0.250173	0.249881	0.259431	0.901800	
4147000	-459.838769	1	2	1	'1 0 1 1 1 1 1 Z 	D	0.723740	0.032770	0.723740	0.723740	0.723740	0.723740	0.723740	0.000000	0.248137	0.249980	0.250044	0.251839	0.490823	
4148000	-459.614183	1	2	1	'1 Z 1 1 1 1 1 0 	D	0.638706	0.000000	0.638706	0.638706	0.638706	0.638706	0.638706	0.030889	0.237969	0.250040	0.249942	0.262049	0.487352	
4149000	-460.394750	1	2	1	'1 0 1 1 1 1 1 Z 	D	0.535463	0.034694	0.535463	0.535463	0.535463	0.535463	0.535463	0.000000	0.239077	0.250232	0.249536	0.261155	0.287979	
4150000	-459.329927	1	2	1	'1 0 1 1 1 1 1 Z 	D	0.659694	0.037879	0.659694	0.659694	0.659694	0.659694	0.659694	0.000000	0.246648	0.249985	0.250025	0.253342	0.257763	
4151000	-459.824071	1	2	1	'1 0 1 1 1 1 1 Z 	D	0.640793	0.019731	0.640793	0.640793	0.640793	0.640793	0.640793	0.000000	0.245798	0.249882	0.250402	0.253918	0.605241	
4152000	-460.204860	1	2	1	'1 0 1 1 1 1 1 Z 	D	0.758341	0.043069	0.758341	0.758341	0.758341	0.758341	0.758341	0.000000	0.248667	0.249990	0.250007	0.251336	0.933392	
4153000	-459.907831	1	2	1	'1 Z 1 1 1 1 1 0 	D	0.688182	0.000000	0.688182	0.688182	0.688182	0.688182	0.688182	0.038100	0.242116	0.250042	0.249994	0.257848	0.623575	
4154000	-460.495105	1	2	2	'1 Z 1 1 Z 1 1 0 	D	0.700507	0.000000	0.700507	0.700507	0.000000	0.700507	0.700507	0.021371	0.251632	0.255667	0.233435	0.259266	0.863381	
4155000	-459.699238	1	2	0	'1 0 1 1 1 1 1 0 	D	0.677249	0.027189	0.677249	0.677249	0.677249	0.677249	0.677249	0.027189	0.244321	0.250024	0.249903	0.255752	0.730257	
4156000	-460.917432	1	2	1	'1 0 1 1 1 1 1 Z 	D	0.648125	0.010924	0.648125	0.648125	0.648125	0.648125	0.648125	0.000000	0.245835	0.249698	0.250972	0.253495	0.272483	
4157000	-460.370443	1	2	1	'1 0 1 1 1 1 1 Z 	D	0.556169	0.020418	0.556169	0.556169	0.556169	0.556169	0.556169	0.000000	0.240636	0.249827	0.250779	0.258759	0.520585	
4158000	-459.463053	1	2	1	'1 0 1 1 1 1 1 Z 	D	0.687202	0.037918	0.687202	0.687202	0.687202	0.687202	0.687202	0.000000	0.247411	0.249983	0.250028	0.252578	0.630973	
4159000	-464.994116	1	2	1	'1 Z 1 1 1 1 1 0 	D	0.890422	0.000000	0.890422	0.890422	0.890422	0.890422	0.890422	0.090847	0.248794	0.250015	0.250013	0.251178	0.294250	
4160000	-459.937547	1	2	1	'1 Z 1 1 1 1 1 0 	D	0.592250	0.000000	0.592250	0.592250	0.592250	0.592250	0.592250	0.038194	0.233382	0.250162	0.249642	0.266814	0.447279	
4161000	-459.621904	1	2	0	'1 0 1 1 1 1 1 0 	D	0.567285	0.015321	0.567285	0.567285	0.567285	0.567285	0.567285	0.015321	0.234588	0.250106	0.249457	0.265848	0.199337	
4162000	-460.841789	1	2	1	'1 0 1 1 1 1 1 Z 	D	0.797100	0.035455	0.797100	0.797100	0.797100	0.797100	0.797100	0.000000	0.249047	0.249991	0.250014	0.250949	0.400781	
4163000	-459.719453	1	2	1	'1 0 1 1 1 1 1 Z 	D	0.690268	0.025705	0.690268	0.690268	0.690268	0.690268	0.690268	0.000000	0.247417	0.249957	0.250128	0.252498	0.906209	
4164000	-460.213019	1	2	1	'1 0 1 1 1 1 1 Z 	D	0.618674	0.073519	0.618674	0.618674	0.618674	0.618674	0.618674	0.000000	0.245152	0.250056	0.249686	0.255107	0.268432	
4165000	-460.932677	1	2	1	'1 0 1 1 1 1 1 Z 	D	0.601260	0.011145	0.601260	0.601260	0.601260	0.601260	0.601260	0.000000	0.243458	0.249475	0.251730	0.255337	0.121427	
4166000	-459.958644	1	2	1	'1 0 1 1 1 1 1 Z 	D	0.583332	0.021315	0.583332	0.583332	0.583332	0.583332	0.583332	0.000000	0.242791	0.249856	0.250582	0.256771	0.730708	
4167000	-459.483675	1	2	1	'1 0 1 1 1 1 1 Z 	D	0.608012	0.028645	0.608012	0.608012	0.608012	0.608012	0.608012	0.000000	0.244433	0.249960	0.250175	0.255432	0.754750	
4168000	-461.079676	1	2	1	'1 Z 1 1 1 1 1 0 	D	0.517017	0.000000	0.517017	0.517017	0.517017	0.517017	0.517017	0.024762	0.219113	0.250228	0.248590	0.282070	0.716655	
4169000	-460.740441	1	2	2	'1 0 1 1 1 Z 1 Z 	D	0.767491	0.031807	0.767491	0.767491	0.767491	0.000000	0.767491	0.000000	0.254218	0.261864	0.215116	0.268802	0.805863	
4170000	-460.631508	1	2	2	'1 0 1 1 Z Z 1 0 	D	0.603229	0.005679	0.603229	0.603229	0.000000	0.000000	0.603229	0.005679	0.315754	0.334932	0.000000	0.349314	0.285101	
4171000	-460.707714	1	2	2	'1 Z 1 1 Z 1 1 0 	D	0.627647	0.000000	0.627647	0.627647	0.000000	0.627647	0.627647	0.027334	0.256156	0.261368	0.217150	0.265327	0.356062	
4172000	-459.534143	1	2	0	'1 0 1 1 1 1 1 0 	D	0.580472	0.019742	0.580472	0.580472	0.580472	0.580472	0.580472	0.019742	0.236642	0.250132	0.249456	0.263771	0.297459	
4173000	-460.229185	1	2	1	'1 0 1 1 1 0 1 Z 	D	0.726797	0.026320	0.726797	0.726797	0.726797	0.026320	0.726797	0.000000	0.253998	0.262471	0.213223	0.270307	0.267816	
4174000	-460.586052	1	2	3	'1 0 1 1 Z Z 1 Z 	D	0.658354	0.014447	0.658354	0.658354	0.000000	0.000000	0.658354	0.000000	0.302306	0.334633	0.000000	0.363061	0.239110	
4175000	-460.977818	1	2	2	'1 0 1 1 0 Z 1 Z 	D	0.605521	0.009665	0.605521	0.605521	0.009665	0.000000	0.605521	0.000000	0.302893	0.334189	0.000096	0.362822	0.177315	
4176000	-461.387680	1	2	3	'1 Z 1 1 Z Z 1 0 	D	0.691066	0.000000	0.691066	0.691066	0.000000	0.000000	0.691066	0.013097	0.340756	0.334908	0.000000	0.324336	0.359211	
4177000	-460.777192	1	2	2	'1 0 1 1 1 Z 1 Z 	D	0.777173	0.022440	0.777173	0.777173	0.777173	0.000000	0.777173	0.000000	0.254698	0.260117	0.220100	0.265085	0.950702	
4178000	-460.250621	1	2	1	'1 Z 1 1 1 1 1 0 	D	0.686180	0.000000	0.686180	0.686180	0.686180	0.686180	0.686180	0.049685	0.242399	0.250071	0.249978	0.257553	0.359966	
4179000	-459.922001	1	2	0	'1 0 1 1 1 1 1 0 	D	0.686611	0.029720	0.686611	0.686611	0.686611	0.686611	0.686611	0.029720	0.244852	0.250023	0.249912	0.255213	0.555685	
4180000	-460.995472	1	2	1	'1 Z 1 1 1 1 1 0 	D	0.539005	0.000000	0.539005	0.539005	0.539005	0.539005	0.539005	0.014460	0.222103	0.249664	0.250105	0.278128	0.251689	
4181000	-459.484792	1	2	0	'1 0 1 1 1 1 1 0 	D	0.674176	0.011965	0.674176	0.674176	0.674176	0.674176	0.674176	0.011965	0.243401	0.249970	0.250039	0.256590	0.716775	
4182000	-460.484308	1	2	2	'1 Z 1 1 Z 1 1 0 	D	0.698258	0.000000	0.698258	0.698258	0.000000	0.698258	0.698258	0.021213	0.251608	0.255750	0.233193	0.259450	0.796848	
4183000	-460.027413	1	2	1	'1 Z 1 1 1 1 1 0 	D	0.711359	0.000000	0.711359	0.711359	0.711359	0.711359	0.711359	0.031358	0.243249	0.250018	0.250021	0.256712	0.664875	
4184000	-461.130167	1	2	1	'1 0 1 1 1 1 1 Z 	D	0.617385	0.094059	0.617385	0.617385	0.617385	0.617385	0.617385	0.000000	0.245053	0.250056	0.249593	0.255298	0.901633	
4185000	-461.859690	1	2	3	'1 0 1 1 Z Z 1 Z 	D	0.544661	0.010164	0.544661	0.544661	0.000000	0.000000	0.544661	0.000000	0.289236	0.334062	0.000000	0.376702	0.269123	
4186000	-460.268823	1	2	1	'1 0 1 1 1 0 1 Z 	D	0.626624	0.033522	0.626624	0.626624	0.626624	0.033522	0.626624	0.000000	0.251216	0.273015	0.182172	0.293597	0.450476	
4187000	-460.115430	1	2	1	'1 0 1 1 1 1 1 Z 	D	0.720981	0.023500	0.720981	0.720981	0.720981	0.720981	0.720981	0.000000	0.248044	0.249963	0.250106	0.251886	0.160605	
4188000	-461.721023	1	2	1	'1 0 1 1 1 1 1 Z 	D	0.579007	0.097270	0.579007	0.579007	0.579007	0.579007	0.579007	0.000000	0.242793	0.250159	0.249183	0.257866	0.994267	
4189000	-460.061978	1	2	1	'1 Z 1 1 1 1 1 0 	D	0.583148	0.000000	0.583148	0.583148	0.583148	0.583148	0.583148	0.039287	0.232296	0.250199	0.249545	0.267960	0.188106	
4190000	-460.189200	1	2	1	'1 0 1 1 1 1 1 Z 	D	0.672536	0.074851	0.672536	0.672536	0.672536	0.672536	0.672536	0.000000	0.247107	0.250005	0.249881	0.253007	0.323247	
4191000	-459.987181	1	2	1	'1 0 1 1 1 1 1 Z 	D	0.644123	0.069889	0.644123	0.644123	0.644123	0.644123	0.644123	0.000000	0.246204	0.250023	0.249817	0.253956	0.881671	
4192000	-459.907911	1	2	1	'1 0 1 1 1 Z 1 0 	D	0.718902	0.008864	0.718902	0.718902	0.718902	0.000000	0.718902	0.008864	0.257816	0.263782	0.209287	0.269115	0.887786	
4193000	-460.762599	1	2	0	'1 0 1 1 1 0 1 0 	D	0.578544	0.019665	0.578544	0.578544	0.578544	0.019665	0.578544	0.019665	0.257400	0.278617	0.167698	0.296286	0.902116	
4194000	-461.877503	1	2	2	'1 0 1 1 0 Z 1 Z 	D	0.547446	0.021768	0.547446	0.547446	0.021768	0.000000	0.547446	0.000000	0.266200	0.333935	0.000396	0.399468	0.254404	
4195000	-461.066047	1	2	2	'1 0 1 1 1 Z 1 Z 	D	0.673119	0.049302	0.673119	0.673119	0.673119	0.000000	0.673119	0.000000	0.251073	0.273774	0.180478	0.294675	0.533117	
4196000	-459.964379	1	2	1	'1 0 1 1 1 1 1 Z 	D	0.575025	0.022922	0.575025	0.575025	0.575025	0.575025	0.575025	0.000000	0.242250	0.249893	0.250487	0.257371	0.736510	
4197000	-461.132907	1	2	2	'1 0 1 1 1 Z 1 Z 	D	0.634975	0.048260	0.634975	0.634975	0.634975	0.000000	0.634975	0.000000	0.249161	0.278752	0.165638	0.306449	0.354402	
4198000	-461.485674	1	2	2	'1 0 1 1 0 Z 1 Z 	D	0.724442	0.025524	0.724442	0.724442	0.025524	0.000000	0.724442	0.000000	0.296776	0.335080	0.000644	0.367499	0.833643	
4199000	-460.715430	1	2	1	'1 0 1 1 1 0 1 Z 	D	0.580387	0.031907	0.580387	0.580387	0.580387	0.031907	0.580387	0.000000	0.248849	0.279094	0.163886	0.308171	0.985283	
4200000	-462.317364	1	2	2	'1 0 1 1 0 Z 1 Z 	D	0.520512	0.015535	0.520512	0.520512	0.015535	0.000000	0.520512	0.000000	0.270766	0.333779	0.000208	0.395247	0.649264	
4201000	-459.350326	1	2	1	'1 0 1 1 1 1 1 Z 	D	0.621566	0.041829	0.621566	0.621566	0.621566	0.621566	0.621566	0.000000	0.245217	0.250016	0.249937	0.254830	0.491701	
4202000	-460.120138	1	2	0	'1 0 1 1 1 1 1 0 	D	0.698953	0.031325	0.698953	0.698953	0.698953	0.698953	0.698953	0.031325	0.245414	0.250019	0.249929	0.254639	0.817732	
4203000	-461.048646	1	2	0	'1 0 1 1 0 1 1 0 	D	0.533850	0.016002	0.533850	0.533850	0.016002	0.533850	0.533850	0.016002	0.247771	0.266028	0.204206	0.281994	0.485843	
4204000	-459.792602	1	2	1	'1 0 1 1 Z 1 1 0 	D	0.703185	0.016565	0.703185	0.703185	0.000000	0.703185	0.703185	0.016565	0.251892	0.255989	0.232633	0.259487	0.681106	
4205000	-461.648553	1	2	2	'1 Z 1 1 0 Z 1 0 	D	0.589036	0.000000	0.589036	0.589036	0.010351	0.000000	0.589036	0.010351	0.328751	0.334971	0.000124	0.336154	0.588908	
4206000	-460.836095	1	2	1	'1 Z 1 1 0 1 1 0 	D	0.672943	0.000000	0.672943	0.672943	0.035882	0.672943	0.672943	0.035882	0.254664	0.256946	0.230050	0.258339	0.781147	
4207000	-461.665641	1	2	0	'1 0 1 1 1 1 1 0 	D	0.558685	0.040768	0.558685	0.558685	0.558685	0.558685	0.558685	0.040768	0.236519	0.250404	0.248821	0.264257	0.608818	
4208000	-461.737789	1	2	1	'1 Z 1 1 1 1 1 0 	D	0.504629	0.000000	0.504629	0.504629	0.504629	0.504629	0.504629	0.039042	0.218729	0.250789	0.247562	0.282920	0.962391	
4209000	-459.387097	1	2	0	'1 0 1 1 1 1 1 0 	D	0.619129	0.011467	0.619129	0.619129	0.619129	0.619129	0.619129	0.011467	0.239541	0.249959	0.250001	0.260498	0.771744	
4210000	-459.981946	1	2	1	'1 0 1 1 1 0 1 Z 	D	0.657809	0.022945	0.657809	0.657809	0.657809	0.022945	0.657809	0.000000	0.255150	0.268911	0.194110	0.281830	0.207549	
4211000	-460.982936	1	2	2	'1 Z 1 1 Z 1 1 0 	D	0.756761	0.000000	0.756761	0.756761	0.000000	0.756761	0.756761	0.026155	0.252043	0.253988	0.238363	0.255606	0.493672	
4212000	-461.487193	1	2	1	'1 Z 1 1 0 1 1 0 	D	0.787099	0.000000	0.787099	0.787099	0.034044	0.787099	0.787099	0.034044	0.251394	0.252491	0.242783	0.253333	0.260134	
4213000	-460.980186	1	2	0	'1 0 1 1 1 1 1 0 	D	0.683747	0.041833	0.683747	0.683747	0.683747	0.683747	0.683747	0.041833	0.245208	0.250037	0.249883	0.254872	0.493431	
4214000	-460.349239	1	2	1	'1 Z 1 1 1 1 1 0 	D	0.551447	0.000000	0.551447	0.551447	0.551447	0.551447	0.551447	0.021989	0.225581	0.249999	0.249538	0.274882	0.713441	
4215000	-460.412698	1	2	1	'1 0 1 1 1 Z 1 0 	D	0.565879	0.014368	0.565879	0.565879	0.565879	0.000000	0.565879	0.014368	0.259444	0.282607	0.155116	0.302834	0.281827	
4216000	-459.748592	1	2	1	'1 0 1 1 1 1 1 Z 	D	0.578417	0.027823	0.578417	0.578417	0.578417	0.578417	0.578417	0.000000	0.242611	0.249976	0.250194	0.257219	0.739250	
4217000	-460.731290	1	2	2	'1 0 1 1 1 Z 1 Z 	D	0.687273	0.043661	0.687273	0.687273	0.687273	0.000000	0.687273	0.000000	0.252695	0.271200	0.187932	0.288173	0.156981	
4218000	-460.942891	1	2	2	'1 0 1 1 1 Z 1 Z 	D	0.715122	0.045914	0.715122	0.715122	0.715122	0.000000	0.715122	0.000000	0.252790	0.268373	0.196300	0.282536	0.417392	
4219000	-461.589336	1	2	1	'1 0 1 1 1 1 1 Z 	D	0.822295	0.068134	0.822295	0.822295	0.822295	0.822295	0.822295	0.000000	0.249275	0.249994	0.249992	0.250739	0.470074	
4220000	-461.263918	1	2	1	'1 0 1 1 0 0 1 Z 	D	0.584048	0.022510	0.584048	0.584048	0.022510	0.022510	0.584048	0.000000	0.276384	0.333729	0.002346	0.387541	0.938947	
4221000	-460.623732	1	2	3	'1 0 1 1 Z Z 1 Z 	D	0.678685	0.014482	0.678685	0.678685	0.000000	0.000000	0.678685	0.000000	0.304910	0.334653	0.000000	0.360438	0.867302	
4222000	-461.258313	1	2	1	'1 0 1 1 1 1 1 Z 	D	0.635886	0.098898	0.635886	0.635886	0.635886	0.635886	0.635886	0.000000	0.245857	0.250028	0.249692	0.254423	0.480334	
4223000	-463.107061	1	2	1	'1 0 1 1 1 0 1 Z 	D	0.916072	0.038177	0.916072	0.916072	0.916072	0.038177	0.916072	0.000000	0.251110	0.253372	0.240099	0.255420	0.731189	
4224000	-459.767287	1	2	1	'1 0 1 1 1 1 1 Z 	D	0.707105	0.053924	0.707105	0.707105	0.707105	0.707105	0.707105	0.000000	0.247891	0.249993	0.249974	0.252142	0.553389	
4225000	-459.984053	1	2	1	'1 0 1 1 1 1 1 Z 	D	0.641310	0.017767	0.641310	0.641310	0.641310	0.641310	0.641310	0.000000	0.245780	0.249855	0.250489	0.253877	0.774247	
4226000	-460.525231	1	2	2	'1 0 1 1 1 Z 1 Z 	D	0.731303	0.035199	0.731303	0.731303	0.731303	0.000000	0.731303	0.000000	0.254297	0.265371	0.204876	0.275455	0.261850	
4227000	-459.584011	1	2	0	'1 0 1 1 1 0 1 0 	D	0.642234	0.008900	0.642234	0.642234	0.642234	0.008900	0.642234	0.008900	0.259321	0.270774	0.188706	0.281199	0.750799	
4228000	-463.296519	1	2	0	'1 0 1 1 0 1 1 0 	D	0.876028	0.030098	0.876028	0.876028	0.030098	0.876028	0.876028	0.030098	0.250501	0.251222	0.246509	0.251768	0.828376	
4229000	-459.795519	1	2	1	'1 Z 1 1 1 1 1 0 	D	0.626738	0.000000	0.626738	0.626738	0.626738	0.626738	0.626738	0.039903	0.237338	0.250104	0.249850	0.262708	0.786093	
4230000	-460.239016	1	2	1	'1 0 1 1 Z 1 1 0 	D	0.764423	0.008948	0.764423	0.764423	0.000000	0.764423	0.764423	0.008948	0.249959	0.252671	0.242123	0.255248	0.412410	
4231000	-462.618067	1	2	2	'1 Z 1 1 0 Z 1 0 	D	0.591828	0.000000	0.591828	0.591828	0.026361	0.000000	0.591828	0.026361	0.358426	0.336446	0.000897	0.304231	0.614319	
4232000	-461.065954	1	2	1	'1 0 1 1 Z 0 1 0 	D	0.658658	0.011737	0.658658	0.658658	0.000000	0.011737	0.658658	0.011737	0.321475	0.336238	0.000184	0.342104	0.382444	
4233000	-462.847294	1	2	1	'1 0 1 1 Z 1 1 0 	D	0.853985	0.004058	0.853985	0.853985	0.000000	0.853985	0.853985	0.004058	0.247616	0.248967	0.253082	0.250336	0.382058	
4234000	-460.156982	1	2	1	'1 0 1 1 1 1 1 Z 	D	0.566884	0.056406	0.566884	0.566884	0.566884	0.566884	0.566884	0.000000	0.242025	0.250191	0.249374	0.258410	0.566925	
4235000	-462.168557	1	2	1	'1 Z 1 1 0 1 1 0 	D	0.551782	0.000000	0.551782	0.551782	0.036522	0.551782	0.551782	0.036522	0.258532	0.265831	0.205515	0.270121	0.570916	
4236000	-460.642288	1	2	2	'1 Z 1 1 Z 1 1 0 	D	0.711514	0.000000	0.711514	0.711514	0.000000	0.711514	0.711514	0.015972	0.249399	0.254133	0.237846	0.258622	0.441261	
4237000	-461.476563	1	2	3	'1 Z 1 1 Z Z 1 0 	D	0.653543	0.000000	0.653543	0.653543	0.000000	0.000000	0.653543	0.016815	0.345310	0.335474	0.000000	0.319216	0.655221	
4238000	-460.980608	1	2	1	'1 0 1 1 1 0 1 Z 	D	0.796913	0.028145	0.796913	0.796913	0.796913	0.028145	0.796913	0.000000	0.252843	0.257785	0.227057	0.262315	0.702867	
4239000	-459.692037	1	2	1	'1 0 1 1 1 1 1 Z 	D	0.589837	0.025829	0.589837	0.589837	0.589837	0.589837	0.589837	0.000000	0.243332	0.249938	0.250292	0.256438	0.321668	
4240000	-461.339905	1	2	1	'1 0 1 1 Z 0 1 0 	D	0.651340	0.013062	0.651340	0.651340	0.000000	0.013062	0.651340	0.013062	0.320693	0.336602	0.000229	0.342476	0.575376	
4241000	-460.559853	1	2	0	'1 0 1 1 0 1 1 0 	D	0.552000	0.015336	0.552000	0.552000	0.015336	0.552000	0.552000	0.015336	0.248664	0.264383	0.208715	0.278238	0.548583	
4242000	-460.006780	1	2	1	'1 0 1 1 1 Z 1 0 	D	0.685461	0.017123	0.685461	0.685461	0.685461	0.000000	0.685461	0.017123	0.258733	0.267332	0.199632	0.274303	0.406879	
4243000	-459.751599	1	2	1	'1 Z 1 1 1 1 1 0 	D	0.648098	0.000000	0.648098	0.648098	0.648098	0.648098	0.648098	0.038690	0.239214	0.250072	0.249927	0.260787	0.501457	
4244000	-460.410335	1	2	1	'1 Z 1 1 1 1 1 0 	D	0.622046	0.000000	0.622046	0.622046	0.622046	0.622046	0.622046	0.012501	0.235006	0.249786	0.250415	0.264792	0.379501	
4245000	-461.937588	1	2	1	'1 Z 1 1 1 1 1 0 	D	0.736663	0.000000	0.736663	0.736663	0.736663	0.736663	0.736663	0.076242	0.245502	0.250064	0.250012	0.254422	0.761982	
4246000	-460.809888	1	2	1	'1 Z 1 1 1 1 1 0 	D	0.745940	0.000000	0.745940	0.745940	0.745940	0.745940	0.745940	0.049919	0.245290	0.250037	0.250013	0.254660	0.755858	
4247000	-460.383013	1	2	1	'1 0 1 1 1 1 1 Z 	D	0.735610	0.021927	0.735610	0.735610	0.735610	0.735610	0.735610	0.000000	0.248282	0.249966	0.250100	0.251653	0.379622	
4248000	-460.108553	1	2	1	'1 Z 1 1 1 1 1 0 	D	0.689933	0.000000	0.689933	0.689933	0.689933	0.689933	0.689933	0.045085	0.242465	0.250058	0.249986	0.257491	0.587678	
4249000	-459.986917	1	2	1	'1 Z 1 1 1 1 1 0 	D	0.695724	0.000000	0.695724	0.695724	0.695724	0.695724	0.695724	0.039184	0.242611	0.250041	0.249998	0.257349	0.463756	
4250000	-460.390747	1	2	0	'1 0 1 1 1 1 1 0 	D	0.686058	0.035551	0.686058	0.686058	0.686058	0.686058	0.686058	0.035551	0.245061	0.250029	0.249898	0.255012	0.273360	
4251000	-460.293004	1	2	2	'1 0 1 1 1 Z 1 Z 	D	0.706188	0.032728	0.706188	0.706188	0.706188	0.000000	0.706188	0.000000	0.254763	0.267537	0.198447	0.279252	0.744621	
4252000	-460.094595	1	2	0	'1 0 1 1 1 0 1 0 	D	0.704554	0.006379	0.704554	0.704554	0.704554	0.006379	0.704554	0.006379	0.257837	0.264382	0.207324	0.270457	0.576521	
4253000	-461.769365	1	2	1	'1 Z 1 1 1 1 1 0 	D	0.776199	0.000000	0.776199	0.776199	0.776199	0.776199	0.776199	0.063813	0.246534	0.250036	0.250017	0.253413	0.983583	
4254000	-459.652637	1	2	1	'1 Z 1 1 1 1 1 0 	D	0.658843	0.000000	0.658843	0.658843	0.658843	0.658843	0.658843	0.030249	0.239696	0.250027	0.249987	0.260290	0.367071	
4255000	-460.456139	1	2	1	'1 0 1 1 1 1 1 Z 	D	0.624775	0.080265	0.624775	0.624775	0.624775	0.624775	0.624775	0.000000	0.245423	0.250047	0.249691	0.254839	0.649920	
4256000	-460.381881	1	2	2	'1 0 1 1 1 Z 1 Z 	D	0.700170	0.014992	0.700170	0.700170	0.700170	0.000000	0.700170	0.000000	0.257476	0.265512	0.203970	0.273042	0.321886	
4257000	-459.895105	1	2	0	'1 0 1 1 1 1 1 0 	D	0.641236	0.030897	0.641236	0.641236	0.641236	0.641236	0.641236	0.030897	0.242567	0.250064	0.249776	0.257594	0.596284	
4258000	-460.758007	1	2	1	'1 Z 1 1 1 1 1 0 	D	0.590007	0.000000	0.590007	0.590007	0.590007	0.590007	0.590007	0.010994	0.230582	0.249610	0.250723	0.269085	0.240468	
4259000	-460.496618	1	2	1	'1 Z 1 1 0 1 1 0 	D	0.656623	0.000000	0.656623	0.656623	0.014441	0.656623	0.656623	0.014441	0.247491	0.255423	0.234043	0.263043	0.214913	
4260000	-461.245476	1	2	2	'1 Z 1 1 0 Z 1 0 	D	0.645256	0.000000	0.645256	0.645256	0.012355	0.000000	0.645256	0.012355	0.337253	0.334922	0.000185	0.327640	0.300076	
4261000	-462.180319	1	2	2	'1 Z 1 1 0 Z 1 0 	D	0.758477	0.000000	0.758477	0.758477	0.018895	0.000000	0.758477	0.018895	0.347515	0.334998	0.000455	0.317032	0.656075	
4262000	-460.523601	1	2	2	'1 Z 1 1 Z 1 1 0 	D	0.669065	0.000000	0.669065	0.669065	0.000000	0.669065	0.669065	0.026159	0.254360	0.258286	0.225936	0.261418	0.420656	
4263000	-463.028058	1	2	2	'1 Z 1 1 Z 1 1 0 	D	0.675274	0.000000	0.675274	0.675274	0.000000	0.675274	0.675274	0.060361	0.269223	0.263745	0.210879	0.256153	0.558266	
4264000	-460.693778	1	2	1	'1 0 1 1 1 1 1 Z 	D	0.523726	0.032597	0.523726	0.523726	0.523726	0.523726	0.523726	0.000000	0.237768	0.250287	0.249466	0.262479	0.715707	
4265000	-459.778058	1	2	0	'1 0 1 1 1 1 1 0 	D	0.726189	0.018375	0.726189	0.726189	0.726189	0.726189	0.726189	0.018375	0.245950	0.249997	0.249992	0.254062	0.400579	
4266000	-461.259333	1	2	1	'1 Z 1 1 1 1 1 0 	D	0.534841	0.000000	0.534841	0.534841	0.534841	0.534841	0.534841	0.012803	0.220933	0.249523	0.250391	0.279153	0.688639	
4267000	-460.181007	1	2	1	'1 0 1 1 1 1 1 Z 	D	0.750957	0.051296	0.750957	0.750957	0.750957	0.750957	0.750957	0.000000	0.248590	0.249991	0.249994	0.251425	0.432128	
4268000	-464.543980	1	2	1	'1 0 1 1 1 1 1 Z 	D	0.569962	0.143677	0.569962	0.569962	0.569962	0.569962	0.569962	0.000000	0.241714	0.250148	0.248807	0.259330	0.523001	
4269000	-459.689470	1	2	1	'1 0 1 1 1 1 1 Z 	D	0.637992	0.060556	0.637992	0.637992	0.637992	0.637992	0.637992	0.000000	0.245966	0.250025	0.249837	0.254171	0.612846	
4270000	-459.604523	1	2	1	'1 0 1 1 1 1 1 Z 	D	0.704359	0.043598	0.704359	0.704359	0.704359	0.704359	0.704359	0.000000	0.247812	0.249988	0.250004	0.252197	0.491844	
4271000	-462.256270	1	2	3	'1 Z 1 1 Z Z 1 0 	D	0.718577	0.000000	0.718577	0.718577	0.000000	0.000000	0.718577	0.022560	0.353431	0.335659	0.000000	0.310910	0.509258	
4272000	-460.920135	1	2	1	'1 Z 1 1 0 1 1 0 	D	0.753506	0.000000	0.753506	0.753506	0.017088	0.753506	0.753506	0.017088	0.248574	0.251990	0.244167	0.255270	0.501600	
4273000	-462.227393	1	2	1	'1 Z 1 1 0 1 1 0 	D	0.521846	0.000000	0.521846	0.521846	0.016894	0.521846	0.521846	0.016894	0.243524	0.265571	0.204740	0.286165	0.250896	
4274000	-461.816036	1	2	2	'1 0 1 1 0 Z 1 Z 	D	0.723464	0.029130	0.723464	0.723464	0.029130	0.000000	0.723464	0.000000	0.292480	0.335190	0.000818	0.371513	0.318565	
4275000	-460.635625	1	2	0	'1 0 1 1 1 1 1 0 	D	0.658653	0.038986	0.658653	0.658653	0.658653	0.658653	0.658653	0.038986	0.243962	0.250057	0.249818	0.256164	0.383022	
4276000	-462.403965	1	2	1	'1 0 1 1 1 0 1 Z 	D	0.505865	0.020025	0.505865	0.505865	0.505865	0.020025	0.505865	0.000000	0.246956	0.289962	0.130582	0.332501	0.993919	
4277000	-459.677393	1	2	1	'1 0 1 1 1 1 1 Z 	D	0.691689	0.054943	0.691689	0.691689	0.691689	0.691689	0.691689	0.000000	0.247566	0.249995	0.249960	0.252478	0.348421	
4278000	-459.483964	1	2	0	'1 0 1 1 1 1 1 0 	D	0.695338	0.019543	0.695338	0.695338	0.695338	0.695338	0.695338	0.019543	0.244807	0.250002	0.249966	0.255225	0.312461	
4279000	-459.984978	1	2	1	'1 0 1 1 1 1 1 Z 	D	0.714564	0.060790	0.714564	0.714564	0.714564	0.714564	0.714564	0.000000	0.248044	0.249993	0.249965	0.251998	0.763814	
4280000	-460.360378	1	2	1	'1 0 1 1 1 1 1 Z 	D	0.761591	0.031131	0.761591	0.761591	0.761591	0.761591	0.761591	0.000000	0.248677	0.249985	0.250033	0.251306	0.192133	
4281000	-461.242317	1	2	2	'1 0 1 1 Z 0 1 Z 	D	0.716470	0.023464	0.716470	0.716470	0.000000	0.023464	0.716470	0.000000	0.298346	0.334906	0.000792	0.365956	0.430408	
4282000	-459.823070	1	2	0	'1 0 1 1 1 0 1 0 	D	0.695893	0.014954	0.695893	0.695893	0.695893	0.014954	0.695893	0.014954	0.257386	0.264985	0.206254	0.271374	0.335241	
4283000	-459.994540	1	2	1	'1 Z 1 1 1 1 1 0 	D	0.666229	0.000000	0.666229	0.666229	0.666229	0.666229	0.666229	0.045274	0.240922	0.250078	0.249952	0.259048	0.727947	
4284000	-460.013660	1	2	1	'1 0 1 1 Z 1 1 0 	D	0.752508	0.010398	0.752508	0.752508	0.000000	0.752508	0.752508	0.010398	0.250361	0.253299	0.240299	0.256042	0.531128	
4285000	-459.802570	1	2	1	'1 Z 1 1 1 1 1 0 	D	0.673623	0.000000	0.673623	0.673623	0.673623	0.673623	0.673623	0.023368	0.240543	0.249989	0.250049	0.259418	0.703874	
4286000	-461.399876	1	2	3	'1 Z 1 1 Z Z 1 0 	D	0.619531	0.000000	0.619531	0.619531	0.000000	0.000000	0.619531	0.012359	0.336014	0.335156	0.000000	0.328830	0.693295	
4287000	-461.105389	1	2	1	'1 Z 1 1 1 1 1 0 	D	0.526760	0.000000	0.526760	0.526760	0.526760	0.526760	0.526760	0.016432	0.219856	0.249790	0.249626	0.280727	0.683419	
4288000	-459.774455	1	2	1	'1 0 1 1 Z 1 1 0 	D	0.590297	0.012127	0.590297	0.590297	0.000000	0.590297	0.590297	0.012127	0.250471	0.262277	0.214282	0.272970	0.484835	
4289000	-460.382099	1	2	2	'1 0 1 1 1 Z 1 Z 	D	0.611581	0.016256	0.611581	0.611581	0.611581	0.000000	0.611581	0.000000	0.258511	0.276128	0.172465	0.292895	0.188626	
4290000	-460.382373	1	2	0	'1 0 1 1 1 0 1 0 	D	0.760457	0.008410	0.760457	0.760457	0.760457	0.008410	0.760457	0.008410	0.255858	0.259984	0.220461	0.263696	0.340340	
4291000	-459.929101	1	2	1	'1 Z 1 1 1 1 1 0 	D	0.669534	0.000000	0.669534	0.669534	0.669534	0.669534	0.669534	0.042908	0.241059	0.250068	0.249961	0.258912	0.542923	
4292000	-462.074889	1	2	3	'1 0 1 1 Z Z 1 Z 	D	0.725097	0.030571	0.725097	0.725097	0.000000	0.000000	0.725097	0.000000	0.289627	0.335625	0.000000	0.374749	0.383611	
4293000	-460.839730	1	2	0	'1 0 1 1 1 1 1 0 	D	0.511887	0.012512	0.511887	0.511887	0.511887	0.511887	0.511887	0.012512	0.225571	0.250327	0.248475	0.275627	0.786480	
4294000	-461.640144	1	3	3	'2 0 1 1 Z Z 2 Z 	D	0.646545	0.005853	0.625077	0.625077	0.000000	0.000000	0.646545	0.000000	0.314920	0.333976	0.000000	0.351104	0.341977	
4295000	-460.604818	1	2	0	'1 0 1 1 1 1 1 0 	D	0.664653	0.038603	0.664653	0.664653	0.664653	0.664653	0.664653	0.038603	0.244238	0.250050	0.249838	0.255874	0.810024	
4296000	-460.322875	1	2	2	'1 0 1 1 1 Z 1 Z 	D	0.649295	0.034866	0.649295	0.649295	0.649295	0.000000	0.649295	0.000000	0.253684	0.274542	0.177805	0.293969	0.185799	
4297000	-460.436220	1	2	0	'1 0 1 1 0 0 1 0 	D	0.637428	0.007037	0.637428	0.637428	0.007037	0.007037	0.637428	0.007037	0.319756	0.335078	0.000243	0.344924	0.990942	
4298000	-461.282651	1	2	2	'1 Z 1 1 0 Z 1 0 	D	0.644724	0.000000	0.644724	0.644724	0.010513	0.000000	0.644724	0.010513	0.334298	0.334721	0.000132	0.330849	0.333939	
4299000	-459.650953	1	2	0	'1 0 1 1 1 0 1 0 	D	0.629640	0.008284	0.629640	0.629640	0.629640	0.008284	0.629640	0.008284	0.259604	0.272292	0.184151	0.283953	0.481716	
4300000	-461.997417	1	2	1	'1 Z 1 1 1 1 1 0 	D	0.530507	0.000000	0.530507	0.530507	0.530507	0.530507	0.530507	0.008913	0.219072	0.248973	0.251777	0.280178	0.543884	
4301000	-462.553351	1	2	1	'1 0 1 1 1 0 1 Z 	D	0.537363	0.007993	0.537363	0.537363	0.537363	0.007993	0.537363	0.000000	0.259486	0.284082	0.148347	0.308085	0.713180	
4302000	-464.179991	1	2	2	'1 0 1 1 Z 0 1 Z 	D	0.931021	0.017574	0.931021	0.931021	0.000000	0.017574	0.931021	0.000000	0.319403	0.334505	0.000405	0.345687	0.353382	
4303000	-460.659195	1	2	1	'1 0 1 1 1 1 1 Z 	D	0.594376	0.079357	0.594376	0.594376	0.594376	0.594376	0.594376	0.000000	0.243861	0.250111	0.249468	0.256561	0.754070	
4304000	-462.300046	1	2	2	'1 Z 1 1 Z 1 1 0 	D	0.553307	0.000000	0.553307	0.553307	0.000000	0.553307	0.553307	0.035222	0.264604	0.270260	0.192687	0.272449	0.551935	
4305000	-459.990539	1	2	1	'1 Z 1 1 1 1 1 0 	D	0.668332	0.000000	0.668332	0.668332	0.668332	0.668332	0.668332	0.044938	0.241057	0.250075	0.249956	0.258912	0.284968	
4306000	-461.544425	1	2	1	'1 Z 1 1 0 0 1 0 	D	0.596940	0.000000	0.596940	0.596940	0.010574	0.010574	0.596940	0.010574	0.329653	0.334788	0.000539	0.335020	0.592624	
4307000	-460.600388	1	2	1	'1 0 1 1 Z 0 1 0 	D	0.690373	0.005415	0.690373	0.690373	0.000000	0.005415	0.690373	0.005415	0.324528	0.334612	0.000039	0.340821	0.203850	
4308000	-460.391646	1	2	1	'1 0 1 1 1 1 1 Z 	D	0.625611	0.014050	0.625611	0.625611	0.625611	0.625611	0.625611	0.000000	0.244979	0.249734	0.250887	0.254401	0.314748	
4309000	-460.660987	1	2	2	'1 0 1 1 0 Z 1 Z 	D	0.686685	0.012596	0.686685	0.686685	0.012596	0.000000	0.686685	0.000000	0.308933	0.334436	0.000169	0.356462	0.365126	
4310000	-459.373108	1	2	1	'1 0 1 1 1 1 1 Z 	D	0.627716	0.030677	0.627716	0.627716	0.627716	0.627716	0.627716	0.000000	0.245404	0.249968	0.250119	0.254509	0.426930	
4311000	-459.390617	1	2	1	'1 0 1 1 1 1 1 Z 	D	0.613515	0.032408	0.613515	0.613515	0.613515	0.613515	0.613515	0.000000	0.244760	0.249984	0.250079	0.255177	0.216885	
4312000	-459.274011	1	2	0	'1 0 1 1 1 1 1 0 	D	0.657263	0.014279	0.657263	0.657263	0.657263	0.657263	0.657263	0.014279	0.242554	0.249987	0.249979	0.257481	0.771341	
4313000	-459.841114	1	2	0	'1 0 1 1 0 1 1 0 	D	0.595678	0.007567	0.595678	0.595678	0.007567	0.595678	0.595678	0.007567	0.248271	0.260285	0.219679	0.271766	0.824737	
4314000	-460.972488	1	2	1	'0 1 0 0 0 0 0 Z 	D	0.685864	0.093063	0.685864	0.685864	0.685864	0.685864	0.685864	0.000000	0.247450	0.249997	0.249876	0.252677	0.440655	
4315000	-461.406731	1	2	1	'0 1 0 0 0 0 0 Z 	D	0.698641	0.101597	0.698641	0.698641	0.698641	0.698641	0.698641	0.000000	0.247738	0.249992	0.249890	0.252379	0.587514	
4316000	-460.831138	1	2	1	'0 Z 0 0 0 0 0 1 	D	0.677310	0.000000	0.677310	0.677310	0.677310	0.677310	0.677310	0.063137	0.242346	0.250106	0.249959	0.257589	0.673123	
4317000	-461.153647	1	2	2	'0 Z 0 0 Z 0 0 1 	D	0.745290	0.000000	0.745290	0.745290	0.000000	0.745290	0.745290	0.033313	0.254379	0.255391	0.234349	0.255880	0.883986	
4318000	-460.507911	1	2	2	'0 Z 0 0 Z 0 0 1 	D	0.701328	0.000000	0.701328	0.701328	0.000000	0.701328	0.701328	0.022395	0.252015	0.255809	0.233035	0.259140	0.942092	
4319000	-459.343217	1	2	1	'0 1 0 0 0 0 0 Z 	D	0.640963	0.044685	0.640963	0.640963	0.640963	0.640963	0.640963	0.000000	0.246035	0.250006	0.249948	0.254011	0.358559	
4320000	-460.632167	1	2	1	'0 Z 0 0 0 0 0 1 	D	0.618735	0.000000	0.618735	0.618735	0.618735	0.618735	0.618735	0.058613	0.237695	0.250208	0.249764	0.262334	0.872830	
4321000	-461.718021	1	2	1	'0 1 0 0 0 0 0 Z 	D	0.722922	0.009903	0.722922	0.722922	0.722922	0.722922	0.722922	0.000000	0.247937	0.249875	0.250389	0.251798	0.663578	
4322000	-460.286041	1	2	1	'0 Z 0 0 0 0 0 1 	D	0.731489	0.000000	0.731489	0.731489	0.731489	0.731489	0.731489	0.035948	0.244373	0.250023	0.250018	0.255586	0.234523	
4323000	-460.508782	1	2	0	'0 1 0 0 1 1 0 1 	D	0.676158	0.005618	0.676158	0.676158	0.005618	0.005618	0.676158	0.005618	0.323428	0.334641	0.000155	0.341775	0.488671	
4324000	-460.312970	1	2	1	'0 Z 0 0 0 0 0 1 	D	0.690016	0.000000	0.690016	0.690016	0.690016	0.690016	0.690016	0.050682	0.242660	0.250069	0.249981	0.257289	0.215715	
4325000	-461.081146	1	2	1	'0 1 0 0 1 Z 0 1 	D	0.683985	0.003277	0.683985	0.683985	0.003277	0.000000	0.683985	0.003277	0.324261	0.334114	0.000012	0.341612	0.618808	
4326000	-460.266685	1	2	2	'0 1 0 0 0 Z 0 Z 	D	0.613873	0.026869	0.613873	0.613873	0.613873	0.000000	0.613873	0.000000	0.254897	0.277902	0.167546	0.299654	0.227586	
4327000	-460.114479	1	2	1	'0 1 0 0 0 Z 0 1 	D	0.628382	0.017820	0.628382	0.628382	0.628382	0.000000	0.628382	0.017820	0.259905	0.273974	0.180610	0.285512	0.637732	
4328000	-460.183052	1	2	1	'0 1 0 0 0 0 0 Z 	D	0.675681	0.017072	0.675681	0.675681	0.675681	0.675681	0.675681	0.000000	0.246941	0.249894	0.250342	0.252823	0.360461	
4329000	-460.505177	1	2	1	'0 1 0 0 0 0 0 Z 	D	0.531035	0.037326	0.531035	0.531035	0.531035	0.531035	0.531035	0.000000	0.238658	0.250300	0.249329	0.261714	0.690823	
4330000	-460.568863	1	2	1	'0 Z 0 0 1 0 0 1 	D	0.687887	0.000000	0.687887	0.687887	0.029946	0.687887	0.687887	0.029946	0.252594	0.255717	0.233477	0.258213	0.742478	
4331000	-463.331790	1	2	2	'0 Z 0 0 1 Z 0 1 	D	0.656287	0.000000	0.656287	0.656287	0.034400	0.000000	0.656287	0.034400	0.368908	0.336061	0.001602	0.293429	0.255074	
4332000	-459.936929	1	2	0	'0 1 0 0 0 1 0 1 	D	0.583007	0.010890	0.583007	0.583007	0.583007	0.010890	0.583007	0.010890	0.259074	0.278349	0.166780	0.295797	0.956789	
4333000	-461.014151	1	2	2	'0 1 0 0 0 Z 0 Z 	D	0.775171	0.037715	0.775171	0.775171	0.775171	0.000000	0.775171	0.000000	0.253638	0.261896	0.215121	0.269345	0.543372	
4334000	-459.671128	1	2	0	'0 1 0 0 0 1 0 1 	D	0.617321	0.012424	0.617321	0.617321	0.617321	0.012424	0.617321	0.012424	0.259094	0.273675	0.180700	0.286532	0.755584	
4335000	-459.307157	1	2	1	'0 1 0 0 0 0 0 Z 	D	0.632453	0.037018	0.632453	0.632453	0.632453	0.632453	0.632453	0.000000	0.245658	0.249993	0.250017	0.254333	0.226573	
4336000	-461.905797	1	2	2	'0 1 0 0 Z Z 0 1 	D	0.540796	0.003732	0.540796	0.540796	0.000000	0.000000	0.540796	0.003732	0.304654	0.334421	0.000000	0.360924	0.682867	
4337000	-461.606910	1	2	1	'0 1 0 0 0 1 0 Z 	D	0.758029	0.009283	0.758029	0.758029	0.758029	0.009283	0.758029	0.000000	0.255298	0.258976	0.223260	0.262466	0.908332	
4338000	-459.421080	1	2	1	'0 1 0 0 0 0 0 Z 	D	0.617720	0.046397	0.617720	0.617720	0.617720	0.617720	0.617720	0.000000	0.245063	0.250031	0.249874	0.255032	0.623842	
4339000	-461.229422	1	2	1	'0 1 0 0 0 0 0 Z 	D	0.814217	0.031227	0.814217	0.814217	0.814217	0.814217	0.814217	0.000000	0.249174	0.249991	0.250016	0.250819	0.625811	
4340000	-463.835164	1	2	1	'0 1 0 0 Z 1 0 1 	D	0.788567	0.001387	0.788567	0.788567	0.000000	0.001387	0.788567	0.001387	0.329554	0.333613	0.000002	0.336830	0.479654	
4341000	-459.297852	1	2	0	'0 1 0 0 0 0 0 1 	D	0.659536	0.020479	0.659536	0.659536	0.659536	0.659536	0.659536	0.020479	0.243058	0.250017	0.249903	0.257023	0.575515	
4342000	-462.252855	1	2	2	'0 1 0 0 Z Z 0 1 	D	0.570561	0.014539	0.570561	0.570561	0.000000	0.000000	0.570561	0.014539	0.309950	0.337890	0.000000	0.352160	0.410546	
4343000	-461.417253	1	2	2	'0 1 0 0 1 Z 0 Z 	D	0.689535	0.027428	0.689535	0.689535	0.027428	0.000000	0.689535	0.000000	0.289362	0.335075	0.000713	0.374850	0.974105	
4344000	-460.603438	1	2	2	'0 1 0 0 1 Z 0 Z 	D	0.638651	0.015373	0.638651	0.638651	0.015373	0.000000	0.638651	0.000000	0.298361	0.334548	0.000237	0.366854	0.800434	
4345000	-460.490442	1	2	2	'0 1 0 0 0 Z 0 Z 	D	0.637523	0.037454	0.637523	0.637523	0.637523	0.000000	0.637523	0.000000	0.252528	0.276553	0.171900	0.299019	0.251782	
4346000	-459.593217	1	2	0	'0 1 0 0 0 0 0 1 	D	0.708835	0.016581	0.708835	0.708835	0.708835	0.708835	0.708835	0.016581	0.245247	0.249993	0.249994	0.254765	0.218479	
4347000	-461.319164	1	2	0	'0 1 0 0 0 1 0 1 	D	0.783636	0.005134	0.783636	0.783636	0.783636	0.005134	0.783636	0.005134	0.255088	0.258354	0.225140	0.261418	0.301900	
4348000	-463.966446	1	2	1	'0 1 0 0 0 1 0 Z 	D	0.473126	0.014523	0.473126	0.473126	0.473126	0.014523	0.473126	0.000000	0.245757	0.295090	0.114901	0.344252	0.192579	
4349000	-460.260500	1	2	1	'0 1 0 0 0 1 0 Z 	D	0.720056	0.019496	0.720056	0.720056	0.720056	0.019496	0.720056	0.000000	0.255197	0.262695	0.212427	0.269681	0.470093	
4350000	-459.947630	1	2	1	'0 1 0 0 0 0 0 Z 	D	0.563611	0.045690	0.563611	0.563611	0.563611	0.563611	0.563611	0.000000	0.241730	0.250169	0.249526	0.258575	0.273189	
4351000	-463.744286	1	2	1	'0 1 0 0 0 0 0 Z 	D	0.933425	0.066655	0.933425	0.933425	0.933425	0.933425	0.933425	0.000000	0.249727	0.249998	0.249998	0.250278	0.702693	
4352000	-459.874652	1	2	1	'0 Z 0 0 0 0 0 1 	D	0.695078	0.000000	0.695078	0.695078	0.695078	0.695078	0.695078	0.030846	0.242292	0.250020	0.250017	0.257672	0.306047	
4353000	-461.360930	1	2	1	'0 Z 0 0 0 0 0 1 	D	0.706174	0.000000	0.706174	0.706174	0.706174	0.706174	0.706174	0.070255	0.244105	0.250084	0.249994	0.255817	0.423011	
4354000	-460.809056	1	2	2	'0 Z 0 0 Z 0 0 1 	D	0.709796	0.000000	0.709796	0.709796	0.000000	0.709796	0.709796	0.030817	0.254894	0.256759	0.230391	0.257956	0.650956	
4355000	-460.031790	1	2	1	'0 1 0 0 0 0 0 Z 	D	0.619341	0.068857	0.619341	0.619341	0.619341	0.619341	0.619341	0.000000	0.245184	0.250053	0.249713	0.255049	0.615590	
4356000	-460.211365	1	2	1	'0 1 0 0 0 Z 0 1 	D	0.709580	0.006018	0.709580	0.709580	0.709580	0.000000	0.709580	0.006018	0.258131	0.264400	0.207242	0.270227	0.494007	
4357000	-461.905047	1	2	1	'0 1 0 0 0 0 0 Z 	D	0.653835	0.112960	0.653835	0.653835	0.653835	0.653835	0.653835	0.000000	0.246491	0.250007	0.249747	0.253756	0.673871	
4358000	-460.373767	1	2	2	'0 1 0 0 0 Z 0 Z 	D	0.706021	0.035023	0.706021	0.706021	0.706021	0.000000	0.706021	0.000000	0.254407	0.267874	0.197511	0.280208	0.570447	
4359000	-460.340629	1	3	1	'2 1 2 2 0 0 2 Z 	D	0.630267	0.068206	0.630267	0.630267	0.522022	0.522022	0.630267	0.000000	0.243562	0.250506	0.248294	0.257639	0.287461	
4360000	-460.064542	1	2	1	'1 0 1 1 1 1 1 Z 	D	0.572634	0.021559	0.572634	0.572634	0.572634	0.572634	0.572634	0.000000	0.242029	0.249860	0.250603	0.257509	0.812985	
4361000	-461.382132	1	2	1	'1 0 1 1 1 1 1 Z 	D	0.502318	0.041094	0.502318	0.502318	0.502318	0.502318	0.502318	0.000000	0.235247	0.250674	0.248358	0.265721	0.646148	
4362000	-459.753921	1	2	0	'1 0 1 1 1 1 1 0 	D	0.580404	0.024091	0.580404	0.580404	0.580404	0.580404	0.580404	0.024091	0.237095	0.250174	0.249364	0.263367	0.499142	
4363000	-459.903875	1	2	1	'1 0 1 1 1 1 1 Z 	D	0.641695	0.018710	0.641695	0.641695	0.641695	0.641695	0.641695	0.000000	0.245815	0.249869	0.250442	0.253874	0.858213	
4364000	-466.373117	1	2	2	'1 0 1 1 0 Z 1 Z 	D	0.433082	0.012948	0.433082	0.433082	0.012948	0.000000	0.433082	0.000000	0.242495	0.332435	0.000124	0.424946	0.070791	
4365000	-461.151989	1	2	3	'1 0 1 1 Z Z 1 Z 	D	0.749176	0.015778	0.749176	0.749176	0.000000	0.000000	0.749176	0.000000	0.310436	0.334744	0.000000	0.354820	0.755779	
4366000	-459.988932	1	2	0	'1 0 1 1 1 1 1 0 	D	0.723119	0.011502	0.723119	0.723119	0.723119	0.723119	0.723119	0.011502	0.245600	0.249978	0.250041	0.254381	0.601336	
4367000	-459.839957	1	2	1	'1 0 1 1 Z 1 1 0 	D	0.583888	0.011681	0.583888	0.583888	0.000000	0.583888	0.583888	0.011681	0.250125	0.262692	0.213043	0.274140	0.757935	
4368000	-463.199826	1	2	1	'1 0 1 1 1 1 1 Z 	D	0.590848	0.127313	0.590848	0.590848	0.590848	0.590848	0.590848	0.000000	0.243394	0.250095	0.249211	0.257299	0.963075	
4369000	-460.444805	1	2	1	'1 0 1 1 Z 1 1 0 	D	0.547961	0.011208	0.547961	0.547961	0.000000	0.547961	0.547961	0.011208	0.248279	0.265586	0.204669	0.281466	0.324073	
4370000	-461.009761	1	2	1	'1 0 1 1 1 Z 1 0 	D	0.779151	0.019301	0.779151	0.779151	0.779151	0.000000	0.779151	0.019301	0.255722	0.259645	0.221967	0.262666	0.417123	
4371000	-459.694787	1	2	1	'1 0 1 1 1 1 1 Z 	D	0.662687	0.060549	0.662687	0.662687	0.662687	0.662687	0.662687	0.000000	0.246811	0.250007	0.249902	0.253280	0.224131	
4372000	-459.883050	1	2	1	'1 0 1 1 1 1 1 Z 	D	0.615452	0.063999	0.615452	0.615452	0.615452	0.615452	0.615452	0.000000	0.244999	0.250057	0.249720	0.255223	0.939834	
4373000	-460.943431	1	2	1	'1 0 1 1 1 1 1 Z 	D	0.727585	0.086327	0.727585	0.727585	0.727585	0.727585	0.727585	0.000000	0.248285	0.249991	0.249944	0.251780	0.366839	
4374000	-459.458484	1	2	1	'1 0 1 1 1 1 1 Z 	D	0.622967	0.027452	0.622967	0.622967	0.622967	0.622967	0.622967	0.000000	0.245155	0.249947	0.250198	0.254700	0.260748	
4375000	-460.048150	1	2	0	'1 0 1 1 1 1 1 0 	D	0.741660	0.014229	0.741660	0.741660	0.741660	0.741660	0.741660	0.014229	0.246319	0.249989	0.250015	0.253676	0.637407	
4376000	-460.562381	1	2	1	'1 0 1 1 Z 0 1 0 	D	0.685931	0.007518	0.685931	0.685931	0.000000	0.007518	0.685931	0.007518	0.324025	0.335117	0.000075	0.340782	0.593220	
4377000	-460.382055	1	2	1	'1 Z 1 1 0 1 1 0 	D	0.689582	0.000000	0.689582	0.689582	0.022116	0.689582	0.689582	0.022116	0.250291	0.254882	0.235775	0.259052	0.553284	
4378000	-459.205433	1	2	0	'1 0 1 1 1 1 1 0 	D	0.624604	0.017402	0.624604	0.624604	0.624604	0.624604	0.624604	0.017402	0.240499	0.250026	0.249833	0.259642	0.581579	
4379000	-459.918391	1	2	1	'1 0 1 1 1 1 1 Z 	D	0.733469	0.034981	0.733469	0.733469	0.733469	0.733469	0.733469	0.000000	0.248304	0.249983	0.250031	0.251682	0.593638	
4380000	-461.998287	1	2	3	'1 Z 1 1 Z Z 1 0 	D	0.605356	0.000000	0.605356	0.605356	0.000000	0.000000	0.605356	0.020485	0.350126	0.336209	0.000000	0.313665	0.224081	
4381000	-459.214890	1	2	0	'1 0 1 1 1 1 1 0 	D	0.644557	0.015183	0.644557	0.644557	0.644557	0.644557	0.644557	0.015183	0.241790	0.249996	0.249939	0.258274	0.797700	
4382000	-459.492281	1	2	0	'1 0 1 1 1 1 1 0 	D	0.698570	0.017058	0.698570	0.698570	0.698570	0.698570	0.698570	0.017058	0.244842	0.249995	0.249985	0.255178	0.616983	
4383000	-461.240019	1	2	2	'1 0 1 1 Z 0 1 Z 	D	0.649282	0.026680	0.649282	0.649282	0.000000	0.026680	0.649282	0.000000	0.283485	0.334743	0.001084	0.380687	0.557350	
4384000	-462.721183	1	2	1	'1 0 1 1 1 0 1 Z 	D	0.900324	0.033865	0.900324	0.900324	0.900324	0.033865	0.900324	0.000000	0.251359	0.253715	0.239071	0.255856	0.745440	
4385000	-460.476188	1	2	1	'1 0 1 1 1 0 1 Z 	D	0.709888	0.039973	0.709888	0.709888	0.709888	0.039973	0.709888	0.000000	0.251719	0.264360	0.207908	0.276013	0.399812	
4386000	-459.496594	1	2	1	'1 0 1 1 Z 1 1 0 	D	0.658413	0.008545	0.658413	0.658413	0.000000	0.658413	0.658413	0.008545	0.250267	0.257132	0.228994	0.263607	0.689818	
4387000	-459.773051	1	2	0	'1 0 1 1 1 0 1 0 	D	0.699959	0.008616	0.699959	0.699959	0.699959	0.008616	0.699959	0.008616	0.257831	0.264790	0.206300	0.271078	0.098407	
4388000	-460.594172	1	2	1	'1 0 1 1 1 0 1 Z 	D	0.738600	0.015851	0.738600	0.738600	0.738600	0.015851	0.738600	0.000000	0.255289	0.260991	0.217399	0.266322	0.560956	
4389000	-462.348061	1	2	1	'1 Z 1 1 0 1 1 0 	D	0.570690	0.000000	0.570690	0.570690	0.044503	0.570690	0.570690	0.044503	0.262264	0.264902	0.208264	0.264570	0.731985	
4390000	-460.524095	1	2	1	'1 0 1 1 1 1 1 Z 	D	0.540141	0.051247	0.540141	0.540141	0.540141	0.540141	0.540141	0.000000	0.239700	0.250336	0.249035	0.260928	0.396891	
4391000	-460.391665	1	2	2	'1 0 1 1 1 Z 1 Z 	D	0.703767	0.035720	0.703767	0.703767	0.703767	0.000000	0.703767	0.000000	0.254294	0.268211	0.196538	0.280958	0.563795	
4392000	-460.416995	1	2	1	'1 0 1 1 1 1 1 Z 	D	0.731393	0.070525	0.731393	0.731393	0.731393	0.731393	0.731393	0.000000	0.248337	0.249992	0.249963	0.251708	0.237849	
4393000	-460.747428	1	2	1	'1 0 1 1 1 1 1 Z 	D	0.587416	0.079508	0.587416	0.587416	0.587416	0.587416	0.587416	0.000000	0.243432	0.250132	0.249395	0.257040	0.842266	
4394000	-459.705494	1	2	1	'1 0 1 1 1 1 1 Z 	D	0.590642	0.050996	0.590642	0.590642	0.590642	0.590642	0.590642	0.000000	0.243630	0.250093	0.249681	0.256596	0.335582	
4395000	-460.119127	1	2	2	'1 0 1 1 1 Z 1 Z 	D	0.655570	0.029499	0.655570	0.655570	0.655570	0.000000	0.655570	0.000000	0.255176	0.272837	0.182702	0.289286	0.488128	
4396000	-460.739061	1	2	1	'1 Z 1 1 1 1 1 0 	D	0.653100	0.000000	0.653100	0.653100	0.653100	0.653100	0.653100	0.062251	0.240717	0.250141	0.249906	0.259236	0.171200	
4397000	-460.514277	1	2	0	'1 0 1 1 0 1 1 0 	D	0.793899	0.012882	0.793899	0.793899	0.012882	0.793899	0.793899	0.012882	0.250069	0.252036	0.244037	0.253859	0.482774	
4398000	-461.115940	1	2	2	'1 0 1 1 1 Z 1 Z 	D	0.574789	0.036233	0.574789	0.574789	0.574789	0.000000	0.574789	0.000000	0.248099	0.285556	0.144703	0.321642	0.326338	
4399000	-459.534642	1	2	1	'1 0 1 1 1 1 1 Z 	D	0.589538	0.038229	0.589538	0.589538	0.589538	0.589538	0.589538	0.000000	0.243484	0.250049	0.249889	0.256578	0.851084	
4400000	-459.496500	1	2	1	'1 0 1 1 1 1 1 Z 	D	0.692040	0.037971	0.692040	0.692040	0.692040	0.692040	0.692040	0.000000	0.247525	0.249983	0.250028	0.252464	0.433632	
4401000	-459.556480	1	2	1	'1 0 1 1 1 1 1 Z 	D	0.629665	0.024410	0.629665	0.629665	0.629665	0.629665	0.629665	0.000000	0.245412	0.249923	0.250274	0.254391	0.794847	
4402000	-459.760303	1	2	1	'1 Z 1 1 1 1 1 0 	D	0.630917	0.000000	0.630917	0.630917	0.630917	0.630917	0.630917	0.038947	0.237686	0.250093	0.249871	0.262350	0.293063	
4403000	-460.287808	1	2	1	'1 0 1 1 Z 1 1 0 	D	0.767948	0.008901	0.767948	0.767948	0.000000	0.767948	0.767948	0.008901	0.249924	0.252556	0.242460	0.255061	0.719323	
4404000	-462.024650	1	2	2	'1 0 1 1 1 Z 1 Z 	D	0.832607	0.044453	0.832607	0.832607	0.832607	0.000000	0.832607	0.000000	0.252589	0.258605	0.224842	0.263965	0.240107	
4405000	-462.731202	1	2	1	'1 0 1 1 1 0 1 Z 	D	0.611942	0.073451	0.611942	0.611942	0.611942	0.073451	0.611942	0.000000	0.237520	0.274920	0.176695	0.310865	0.785410	
4406000	-460.797361	1	2	2	'1 0 1 1 1 Z 1 Z 	D	0.780148	0.024100	0.780148	0.780148	0.780148	0.000000	0.780148	0.000000	0.254527	0.260095	0.220192	0.265186	0.281870	
4407000	-461.791516	1	2	0	'1 0 1 1 1 1 1 0 	D	0.748032	0.045241	0.748032	0.748032	0.748032	0.748032	0.748032	0.045241	0.247277	0.250011	0.249964	0.252748	0.654889	
4408000	-459.741413	1	2	0	'1 0 1 1 0 1 1 0 	D	0.691480	0.007305	0.691480	0.691480	0.007305	0.691480	0.691480	0.007305	0.249451	0.254690	0.236137	0.259721	0.142881	
4409000	-459.456736	1	2	0	'1 0 1 1 0 1 1 0 	D	0.663674	0.013837	0.663674	0.663674	0.013837	0.663674	0.663674	0.013837	0.250746	0.256774	0.230295	0.262185	0.946654	
4410000	-460.018401	1	2	1	'1 0 1 1 1 1 1 Z 	D	0.738328	0.032347	0.738328	0.738328	0.738328	0.738328	0.738328	0.000000	0.248369	0.249982	0.250039	0.251610	0.779501	
4411000	-459.389014	1	2	1	'1 0 1 1 1 1 1 Z 	D	0.635174	0.047571	0.635174	0.635174	0.635174	0.635174	0.635174	0.000000	0.245823	0.250015	0.249912	0.254250	0.500528	
4412000	-459.997326	1	2	0	'1 0 1 1 1 1 1 0 	D	0.669883	0.031704	0.669883	0.669883	0.669883	0.669883	0.669883	0.031704	0.244175	0.250036	0.249870	0.255919	0.192642	
4413000	-459.383945	1	2	1	'1 0 1 1 1 1 1 Z 	D	0.673688	0.038986	0.673688	0.673688	0.673688	0.673688	0.673688	0.000000	0.247066	0.249985	0.250020	0.252928	0.973734	
4414000	-461.745261	1	2	3	'1 0 1 1 Z Z 1 Z 	D	0.796511	0.015717	0.796511	0.796511	0.000000	0.000000	0.796511	0.000000	0.314089	0.334703	0.000000	0.351208	0.354585	
4415000	-460.830937	1	2	1	'1 0 1 1 1 1 1 Z 	D	0.798200	0.047524	0.798200	0.798200	0.798200	0.798200	0.798200	0.000000	0.249076	0.249993	0.250001	0.250930	0.829123	
4416000	-459.606695	1	2	1	'1 0 1 1 1 1 1 Z 	D	0.592273	0.046974	0.592273	0.592273	0.592273	0.592273	0.592273	0.000000	0.243711	0.250078	0.249747	0.256463	0.112222	
4417000	-459.919524	1	2	1	'1 Z 1 1 1 1 1 0 	D	0.694390	0.000000	0.694390	0.694390	0.694390	0.694390	0.694390	0.036237	0.242433	0.250035	0.250002	0.257530	0.748720	
4418000	-459.943975	1	2	1	'1 0 1 1 1 1 1 Z 	D	0.690568	0.021395	0.690568	0.690568	0.690568	0.690568	0.690568	0.000000	0.247388	0.249940	0.250189	0.252483	0.665230	
4419000	-466.504879	1	2	1	'1 0 1 1 1 1 1 Z 	D	0.490223	0.135142	0.490223	0.490223	0.490223	0.490223	0.490223	0.000000	0.232081	0.250999	0.245669	0.271251	0.609951	
4420000	-460.089864	1	2	1	'1 0 1 1 1 1 1 Z 	D	0.724161	0.061503	0.724161	0.724161	0.724161	0.724161	0.724161	0.000000	0.248212	0.249992	0.249970	0.251826	0.627106	
4421000	-462.225426	1	2	1	'1 0 1 1 1 Z 1 0 	D	0.762380	0.029334	0.762380	0.762380	0.762380	0.000000	0.762380	0.029334	0.256114	0.261013	0.218543	0.264329	0.588802	
4422000	-459.469625	1	2	1	'1 0 1 1 1 1 1 Z 	D	0.643732	0.026708	0.643732	0.643732	0.643732	0.643732	0.643732	0.000000	0.246011	0.249945	0.250186	0.253857	0.177956	
4423000	-460.252737	1	2	1	'1 0 1 1 1 1 1 Z 	D	0.541955	0.034031	0.541955	0.541955	0.541955	0.541955	0.541955	0.000000	0.239711	0.250182	0.249660	0.260446	0.697291	
4424000	-460.692412	1	2	2	'0 1 0 0 Z 1 0 Z 	D	0.617866	0.013271	0.617866	0.617866	0.000000	0.013271	0.617866	0.000000	0.298571	0.334375	0.000259	0.366795	0.376135	
4425000	-460.617108	1	2	1	'0 1 0 0 0 Z 0 1 	D	0.723467	0.004986	0.723467	0.723467	0.723467	0.000000	0.723467	0.004986	0.257571	0.263067	0.211123	0.268240	0.139820	
4426000	-460.657528	1	2	1	'0 1 0 0 0 Z 0 1 	D	0.586954	0.019181	0.586954	0.586954	0.586954	0.000000	0.586954	0.019181	0.259659	0.279833	0.164089	0.296419	0.224458	
4427000	-459.936397	1	2	1	'0 1 0 0 0 0 0 Z 	D	0.657453	0.068511	0.657453	0.657453	0.657453	0.657453	0.657453	0.000000	0.246657	0.250012	0.249862	0.253468	0.682348	
4428000	-460.660693	1	2	1	'0 Z 0 0 1 0 0 1 	D	0.728844	0.000000	0.728844	0.728844	0.026268	0.728844	0.728844	0.026268	0.250935	0.253711	0.239212	0.256141	0.827776	
4429000	-462.618016	1	2	2	'0 1 0 0 Z 1 0 Z 	D	0.531605	0.007102	0.531605	0.531605	0.000000	0.007102	0.531605	0.000000	0.293363	0.333861	0.000077	0.372699	0.235048	
4430000	-461.274485	1	2	0	'0 1 0 0 1 1 0 1 	D	0.643029	0.012997	0.643029	0.643029	0.012997	0.012997	0.643029	0.012997	0.319698	0.336362	0.000814	0.343126	0.260107	
4431000	-460.234963	1	2	2	'0 1 0 0 0 Z 0 Z 	D	0.620525	0.027833	0.620525	0.620525	0.620525	0.000000	0.620525	0.000000	0.254817	0.277157	0.169804	0.298222	0.554358	
4432000	-459.583972	1	2	1	'0 1 0 0 0 0 0 Z 	D	0.670249	0.055435	0.670249	0.670249	0.670249	0.670249	0.670249	0.000000	0.247023	0.250001	0.249934	0.253042	0.484215	
4433000	-460.052669	1	2	1	'0 1 0 0 Z 0 0 1 	D	0.583123	0.015174	0.583123	0.583123	0.000000	0.583123	0.583123	0.015174	0.251308	0.263340	0.211539	0.273814	0.583414	
4434000	-461.876484	1	2	1	'0 1 0 0 0 0 0 Z 	D	0.855935	0.043513	0.855935	0.855935	0.855935	0.855935	0.855935	0.000000	0.249442	0.249995	0.250002	0.250561	0.826193	
4435000	-460.304740	1	2	2	'0 1 0 0 0 Z 0 Z 	D	0.713350	0.017659	0.713350	0.713350	0.713350	0.000000	0.713350	0.000000	0.256766	0.264672	0.206530	0.272032	0.293271	
4436000	-459.695174	1	2	1	'0 1 0 0 0 0 0 Z 	D	0.627545	0.059839	0.627545	0.627545	0.627545	0.627545	0.627545	0.000000	0.245542	0.250036	0.249803	0.254619	0.247406	
4437000	-462.271441	1	2	1	'0 Z 0 0 1 0 0 1 	D	0.848407	0.000000	0.848407	0.848407	0.017144	0.848407	0.848407	0.017144	0.248448	0.250154	0.249566	0.251832	0.610223	
4438000	-461.524163	1	2	1	'0 1 0 0 0 0 0 Z 	D	0.787859	0.017578	0.787859	0.787859	0.787859	0.787859	0.787859	0.000000	0.248913	0.249976	0.250069	0.251042	0.634598	
4439000	-459.729994	1	2	0	'0 1 0 0 0 1 0 1 	D	0.632743	0.007389	0.632743	0.632743	0.632743	0.007389	0.632743	0.007389	0.259684	0.271941	0.185064	0.283311	0.627720	
4440000	-459.372553	1	2	1	'0 1 0 0 0 0 0 Z 	D	0.669173	0.035819	0.669173	0.669173	0.669173	0.669173	0.669173	0.000000	0.246923	0.249980	0.250044	0.253053	0.300518	
4441000	-464.180789	1	2	1	'0 1 0 0 0 0 0 Z 	D	0.690073	0.155574	0.690073	0.690073	0.690073	0.690073	0.690073	0.000000	0.247460	0.249976	0.249819	0.252745	0.567137	
4442000	-460.057585	1	2	1	'0 1 0 0 0 Z 0 1 	D	0.738899	0.012715	0.738899	0.738899	0.738899	0.000000	0.738899	0.012715	0.257094	0.262316	0.213852	0.266738	0.602733	
4443000	-460.431986	1	2	0	'0 1 0 0 0 0 0 1 	D	0.711274	0.007591	0.711274	0.711274	0.711274	0.711274	0.711274	0.007591	0.244964	0.249946	0.250129	0.254961	0.513422	
4444000	-460.856256	1	2	1	'0 1 0 0 0 Z 0 1 	D	0.562355	0.017788	0.562355	0.562355	0.562355	0.000000	0.562355	0.017788	0.258981	0.283493	0.153350	0.304176	0.390684	
4445000	-460.770393	1	2	0	'0 1 0 0 0 1 0 1 	D	0.536399	0.009993	0.536399	0.536399	0.536399	0.009993	0.536399	0.009993	0.257115	0.285402	0.145846	0.311637	0.783061	
4446000	-460.811476	1	2	1	'0 1 0 0 0 1 0 Z 	D	0.571957	0.016832	0.571957	0.571957	0.571957	0.016832	0.571957	0.000000	0.255780	0.279565	0.162167	0.302488	0.836440	
4447000	-460.597926	1	2	1	'0 1 0 0 0 0 0 Z 	D	0.547869	0.059261	0.547869	0.547869	0.547869	0.547869	0.547869	0.000000	0.240442	0.250307	0.249027	0.260224	0.572552	
4448000	-461.265549	1	2	1	'0 Z 0 0 0 0 0 1 	D	0.773973	0.000000	0.773973	0.773973	0.773973	0.773973	0.773973	0.018208	0.245698	0.249991	0.250046	0.254265	0.964440	
4449000	-459.758352	1	2	1	'0 1 0 0 0 Z 0 1 	D	0.706996	0.011601	0.706996	0.706996	0.706996	0.000000	0.706996	0.011601	0.258196	0.264991	0.205949	0.270864	0.252067	
4450000	-459.965253	1	2	1	'0 1 0 0 0 0 0 Z 	D	0.661785	0.069206	0.661785	0.661785	0.661785	0.661785	0.661785	0.000000	0.246793	0.250010	0.249871	0.253326	0.776217	
4451000	-463.623295	1	2	2	'0 1 0 0 1 Z 0 Z 	D	0.584951	0.045358	0.584951	0.584951	0.045358	0.000000	0.584951	0.000000	0.239732	0.333316	0.001437	0.425516	0.305605	
4452000	-460.180182	1	2	1	'0 1 0 0 0 Z 0 1 	D	0.633526	0.018548	0.633526	0.633526	0.633526	0.000000	0.633526	0.018548	0.259811	0.273359	0.182475	0.284356	0.477314	
4453000	-460.230689	1	2	2	'0 1 0 0 0 Z 0 Z 	D	0.618520	0.018866	0.618520	0.618520	0.618520	0.000000	0.618520	0.000000	0.257708	0.275710	0.173808	0.292773	0.693746	
4454000	-460.166492	1	2	2	'0 1 0 0 0 Z 0 Z 	D	0.708260	0.026916	0.708260	0.708260	0.708260	0.000000	0.708260	0.000000	0.255618	0.266508	0.201337	0.276536	0.523830	
4455000	-462.434978	1	2	1	'0 1 0 0 Z 0 0 1 	D	0.636465	0.034561	0.636465	0.636465	0.000000	0.636465	0.636465	0.034561	0.255882	0.261565	0.217905	0.264648	0.560572	
4456000	-462.169586	1	2	1	'0 1 0 0 Z 0 0 1 	D	0.532023	0.003327	0.532023	0.532023	0.000000	0.532023	0.532023	0.003327	0.242738	0.264815	0.205676	0.286771	0.927615	
4457000	-461.827644	1	2	1	'0 1 0 0 0 0 0 Z 	D	0.825513	0.022404	0.825513	0.825513	0.825513	0.825513	0.825513	0.000000	0.249235	0.249989	0.250027	0.250749	0.670283	
4458000	-460.299239	1	2	0	'0 1 0 0 1 0 0 1 	D	0.731025	0.006024	0.731025	0.731025	0.006024	0.731025	0.731025	0.006024	0.248950	0.252742	0.241870	0.256438	0.714225	
4459000	-460.066432	1	2	1	'0 1 0 0 Z 0 0 1 	D	0.717263	0.006498	0.717263	0.717263	0.000000	0.717263	0.717263	0.006498	0.249496	0.253740	0.238922	0.257843	0.453163	
4460000	-461.605348	1	2	2	'0 1 0 0 Z 1 0 Z 	D	0.765909	0.021580	0.765909	0.765909	0.000000	0.021580	0.765909	0.000000	0.305919	0.334855	0.000649	0.358577	0.336165	
4461000	-460.603836	1	2	2	'0 1 0 0 Z 1 0 Z 	D	0.676211	0.013936	0.676211	0.676211	0.000000	0.013936	0.676211	0.000000	0.305874	0.334488	0.000276	0.359362	0.808562	
4462000	-461.686252	1	2	1	'0 1 0 0 1 1 0 Z 	D	0.763307	0.023810	0.763307	0.763307	0.023810	0.023810	0.763307	0.000000	0.303711	0.334254	0.002626	0.359409	0.800474	
4463000	-461.732738	1	2	2	'0 1 0 0 1 Z 0 Z 	D	0.616015	0.005401	0.616015	0.616015	0.005401	0.000000	0.616015	0.000000	0.312355	0.333891	0.000032	0.353722	0.805558	
4464000	-461.336805	1	2	1	'0 1 0 0 1 1 0 Z 	D	0.573897	0.009833	0.573897	0.573897	0.009833	0.009833	0.573897	0.000000	0.297077	0.333989	0.000467	0.368467	0.744849	
4465000	-461.259419	1	2	0	'0 1 0 0 0 1 0 1 	D	0.536599	0.017077	0.536599	0.536599	0.536599	0.017077	0.536599	0.017077	0.255573	0.285161	0.148417	0.310849	0.382547	
4466000	-460.586557	1	2	1	'0 Z 0 0 0 0 0 1 	D	0.713838	0.000000	0.713838	0.713838	0.713838	0.713838	0.713838	0.015842	0.242909	0.249962	0.250108	0.257021	0.827818	
4467000	-460.977284	1	2	3	'0 1 0 0 Z Z 0 Z 	D	0.696657	0.021015	0.696657	0.696657	0.000000	0.000000	0.696657	0.000000	0.297885	0.335086	0.000000	0.367029	0.459797	
4468000	-460.792593	1	2	2	'0 1 0 0 Z 1 0 Z 	D	0.603145	0.014277	0.603145	0.603145	0.000000	0.014277	0.603145	0.000000	0.294170	0.334367	0.000304	0.371159	0.491557	
4469000	-461.314422	1	2	1	'0 1 0 0 0 1 0 Z 	D	0.800785	0.040291	0.800785	0.800785	0.800785	0.040291	0.800785	0.000000	0.251783	0.257916	0.226809	0.263492	0.676361	
4470000	-462.376613	1	2	1	'0 1 0 0 0 Z 0 1 	D	0.767260	0.029974	0.767260	0.767260	0.767260	0.000000	0.767260	0.029974	0.255959	0.260679	0.219521	0.263841	0.570491	
4471000	-459.781023	1	2	1	'0 1 0 0 0 0 0 Z 	D	0.614351	0.060643	0.614351	0.614351	0.614351	0.614351	0.614351	0.000000	0.244943	0.250057	0.249736	0.255264	0.869483	
4472000	-460.838859	1	2	0	'0 1 0 0 0 1 0 1 	D	0.596137	0.021843	0.596137	0.596137	0.596137	0.021843	0.596137	0.021843	0.257491	0.276030	0.175432	0.291047	0.134066	
4473000	-460.231312	1	2	1	'0 1 0 0 0 Z 0 1 	D	0.717882	0.006255	0.717882	0.717882	0.717882	0.000000	0.717882	0.006255	0.257831	0.263683	0.209386	0.269099	0.186010	
4474000	-460.083046	1	2	1	'0 1 0 0 0 1 0 Z 	D	0.701403	0.022374	0.701403	0.701403	0.701403	0.022374	0.701403	0.000000	0.254998	0.264481	0.207207	0.273314	0.291727	
4475000	-460.821095	1	2	2	'0 1 0 0 0 Z 0 Z 	D	0.620738	0.041516	0.620738	0.620738	0.620738	0.000000	0.620738	0.000000	0.250269	0.279624	0.162833	0.307273	0.976584	
4476000	-460.272519	1	2	0	'0 1 0 0 0 0 0 1 	D	0.570295	0.029199	0.570295	0.570295	0.570295	0.570295	0.570295	0.029199	0.236556	0.250258	0.249144	0.264042	0.337383	
4477000	-459.777756	1	2	1	'0 1 0 0 0 0 0 Z 	D	0.619618	0.061454	0.619618	0.619618	0.619618	0.619618	0.619618	0.000000	0.245193	0.250049	0.249758	0.255001	0.228718	
4478000	-459.463973	1	2	1	'0 1 0 0 Z 0 0 1 	D	0.626484	0.010821	0.626484	0.626484	0.000000	0.626484	0.626484	0.010821	0.250729	0.259496	0.222219	0.267556	0.920768	
4479000	-459.664389	1	2	1	'0 1 0 0 0 0 0 Z 	D	0.710244	0.035465	0.710244	0.710244	0.710244	0.710244	0.710244	0.000000	0.247901	0.249981	0.250037	0.252081	0.231421	
4480000	-460.915821	1	2	1	'0 Z 0 0 1 0 0 1 	D	0.588399	0.000000	0.588399	0.588399	0.026008	0.588399	0.588399	0.026008	0.252356	0.261390	0.217268	0.268986	0.835025	
4481000	-461.098802	1	2	0	'0 1 0 0 1 0 0 1 	D	0.521216	0.011285	0.521216	0.521216	0.011285	0.521216	0.521216	0.011285	0.245040	0.266765	0.201373	0.286822	0.327109	
4482000	-461.245101	1	2	2	'0 Z 0 0 Z 0 0 1 	D	0.753833	0.000000	0.753833	0.753833	0.000000	0.753833	0.753833	0.012591	0.247956	0.251839	0.244573	0.255632	0.379525	
4483000	-460.092485	1	2	0	'0 1 0 0 0 0 0 1 	D	0.750599	0.017724	0.750599	0.750599	0.750599	0.750599	0.750599	0.017724	0.246682	0.249995	0.250001	0.253322	0.266097	
4484000	-460.685678	1	2	0	'0 1 0 0 0 0 0 1 	D	0.517347	0.018342	0.517347	0.517347	0.517347	0.517347	0.517347	0.018342	0.227721	0.250508	0.248117	0.273654	0.254097	
4485000	-459.270039	1	2	0	'0 1 0 0 0 0 0 1 	D	0.626730	0.020443	0.626730	0.626730	0.626730	0.626730	0.626730	0.020443	0.240893	0.250044	0.249793	0.259270	0.413778	
4486000	-459.668116	1	2	1	'0 Z 0 0 0 0 0 1 	D	0.655672	0.000000	0.655672	0.655672	0.655672	0.655672	0.655672	0.033520	0.239592	0.250044	0.249964	0.260400	0.773748	
4487000	-460.047688	1	2	1	'0 1 0 0 0 0 0 Z 	D	0.745335	0.045573	0.745335	0.745335	0.745335	0.745335	0.745335	0.000000	0.248504	0.249990	0.250003	0.251503	0.620099	
4488000	-459.677161	1	2	1	'0 1 0 0 0 0 0 Z 	D	0.695795	0.053638	0.695795	0.695795	0.695795	0.695795	0.695795	0.000000	0.247655	0.249994	0.249968	0.252383	0.277883	
4489000	-459.351236	1	2	1	'1 0 1 1 1 1 1 Z 	D	0.666075	0.039184	0.666075	0.666075	0.666075	0.666075	0.666075	0.000000	0.246850	0.249987	0.250016	0.253147	0.846324	
4490000	-459.478387	1	2	1	'1 0 1 1 1 1 1 Z 	D	0.687635	0.043256	0.687635	0.687635	0.687635	0.687635	0.687635	0.000000	0.247441	0.249989	0.250000	0.252570	0.542558	
4491000	-462.286006	1	2	1	'1 0 1 1 1 1 1 Z 	D	0.481446	0.046556	0.481446	0.481446	0.481446	0.481446	0.481446	0.000000	0.232192	0.251149	0.247057	0.269602	0.572367	
4492000	-459.614344	1	2	1	'1 Z 1 1 1 1 1 0 	D	0.644479	0.000000	0.644479	0.644479	0.644479	0.644479	0.644479	0.029614	0.238432	0.250029	0.249965	0.261574	0.384810	
4493000	-461.805493	1	2	1	'1 Z 1 1 1 1 1 0 	D	0.619557	0.000000	0.619557	0.619557	0.619557	0.619557	0.619557	0.078097	0.238926	0.250272	0.249758	0.261044	0.586893	
4494000	-460.305785	1	2	1	'1 0 1 1 1 1 1 Z 	D	0.733907	0.065948	0.733907	0.733907	0.733907	0.733907	0.733907	0.000000	0.248371	0.249992	0.249970	0.251667	0.605419	
4495000	-463.884292	1	2	1	'1 0 1 1 1 1 1 Z 	D	0.451417	0.020425	0.451417	0.451417	0.451417	0.451417	0.451417	0.000000	0.225729	0.250887	0.248989	0.274394	0.273806	
4496000	-459.429241	1	2	1	'0 1 0 0 0 0 0 Z 	D	0.661192	0.049079	0.661192	0.661192	0.661192	0.661192	0.661192	0.000000	0.246740	0.250001	0.249950	0.253309	0.388233	
4497000	-460.314664	1	2	1	'0 1 0 0 0 0 0 Z 	D	0.705029	0.018217	0.705029	0.705029	0.705029	0.705029	0.705029	0.000000	0.247689	0.249933	0.250209	0.252169	0.506919	
4498000	-461.950535	1	2	1	'0 1 0 0 0 0 0 Z 	D	0.749184	0.010452	0.749184	0.749184	0.749184	0.749184	0.749184	0.000000	0.248394	0.249920	0.250248	0.251439	0.571405	
4499000	-460.280712	1	2	1	'0 1 0 0 0 0 0 Z 	D	0.609112	0.073601	0.609112	0.609112	0.609112	0.609112	0.609112	0.000000	0.244684	0.250073	0.249624	0.255619	0.554317	
4500000	-460.210445	1	2	0	'0 1 0 0 0 0 0 1 	D	0.756467	0.015584	0.756467	0.756467	0.756467	0.756467	0.756467	0.015584	0.246786	0.249993	0.250009	0.253212	0.351213	
4501000	-461.988377	1	2	1	'0 1 0 0 0 0 0 Z 	D	0.506310	0.015171	0.506310	0.506310	0.506310	0.506310	0.506310	0.000000	0.234564	0.249459	0.252323	0.263654	0.344396	
4502000	-459.438087	1	2	1	'0 1 0 0 0 0 0 Z 	D	0.601721	0.034551	0.601721	0.601721	0.601721	0.601721	0.601721	0.000000	0.244163	0.250008	0.250013	0.255817	0.358760	
4503000	-459.917139	1	2	1	'0 Z 0 0 0 0 0 1 	D	0.679597	0.000000	0.679597	0.679597	0.679597	0.679597	0.679597	0.021194	0.240893	0.249978	0.250071	0.259058	0.347573	
4504000	-460.463817	1	2	1	'0 Z 0 0 1 0 0 1 	D	0.691391	0.000000	0.691391	0.691391	0.016599	0.691391	0.691391	0.016599	0.248513	0.254117	0.237922	0.259449	0.233571	
4505000	-463.958292	1	2	2	'0 Z 0 0 Z 0 0 1 	D	0.481525	0.000000	0.481525	0.481525	0.000000	0.481525	0.481525	0.012839	0.236797	0.270435	0.189952	0.302816	0.543641	
4506000	-460.886515	1	2	1	'0 1 0 0 0 0 0 Z 	D	0.728051	0.015224	0.728051	0.728051	0.728051	0.728051	0.728051	0.000000	0.248107	0.249935	0.250201	0.251757	0.336899	
4507000	-461.290653	1	2	1	'0 1 0 0 0 0 0 Z 	D	0.578045	0.010274	0.578045	0.578045	0.578045	0.578045	0.578045	0.000000	0.241698	0.249210	0.252605	0.256488	0.562032	
4508000	-460.478460	1	2	0	'0 1 0 0 0 0 0 1 	D	0.578621	0.032723	0.578621	0.578621	0.578621	0.578621	0.578621	0.032723	0.237772	0.250239	0.249234	0.262755	0.611147	
4509000	-460.815353	1	2	0	'0 1 0 0 0 0 0 1 	D	0.597062	0.004885	0.597062	0.597062	0.597062	0.597062	0.597062	0.004885	0.236487	0.249584	0.251031	0.262898	0.430323	
4510000	-460.567156	1	2	2	'0 1 0 0 0 Z 0 Z 	D	0.696636	0.040167	0.696636	0.696636	0.696636	0.000000	0.696636	0.000000	0.253498	0.269618	0.192504	0.284380	0.486470	
4511000	-459.376378	1	2	1	'0 1 0 0 0 0 0 Z 	D	0.666941	0.034195	0.666941	0.666941	0.666941	0.666941	0.666941	0.000000	0.246849	0.249977	0.250059	0.253116	0.563716	
4512000	-460.102097	1	2	1	'0 1 0 0 0 1 0 Z 	D	0.685814	0.031467	0.685814	0.685814	0.685814	0.031467	0.685814	0.000000	0.253171	0.266355	0.201871	0.278603	0.856657	
4513000	-459.419329	1	2	1	'0 1 0 0 0 0 0 Z 	D	0.608532	0.042649	0.608532	0.608532	0.608532	0.608532	0.608532	0.000000	0.244591	0.250034	0.249887	0.255487	0.358472	
4514000	-459.355178	1	2	1	'0 1 0 0 0 0 0 Z 	D	0.666824	0.037565	0.666824	0.666824	0.666824	0.666824	0.666824	0.000000	0.246864	0.249984	0.250029	0.253123	0.523020	
4515000	-460.225236	1	2	0	'0 1 0 0 0 0 0 1 	D	0.748721	0.012841	0.748721	0.748721	0.748721	0.748721	0.748721	0.012841	0.246491	0.249987	0.250023	0.253499	0.989618	
4516000	-459.589519	1	2	1	'0 1 0 0 0 0 0 Z 	D	0.605402	0.025570	0.605402	0.605402	0.605402	0.605402	0.605402	0.000000	0.244244	0.249930	0.250284	0.255542	0.294724	
4517000	-460.721799	1	2	2	'0 1 0 0 0 Z 0 Z 	D	0.618234	0.039351	0.618234	0.618234	0.618234	0.000000	0.618234	0.000000	0.250827	0.279599	0.162849	0.306726	0.238710	
4518000	-462.008815	1	2	2	'0 1 0 0 Z 1 0 Z 	D	0.725876	0.030934	0.725876	0.725876	0.000000	0.030934	0.725876	0.000000	0.291041	0.335055	0.001402	0.372502	0.778893	
4519000	-461.566904	1	2	2	'0 1 0 0 0 Z 0 Z 	D	0.534680	0.019342	0.534680	0.534680	0.534680	0.000000	0.534680	0.000000	0.252866	0.288383	0.135688	0.323062	0.351824	
4520000	-460.247149	1	2	1	'0 Z 0 0 0 0 0 1 	D	0.721411	0.000000	0.721411	0.721411	0.721411	0.721411	0.721411	0.023233	0.243548	0.249996	0.250048	0.256409	0.521197	
4521000	-465.466223	1	2	1	'0 1 0 0 0 0 0 Z 	D	0.657492	0.176330	0.657492	0.657492	0.657492	0.657492	0.657492	0.000000	0.246420	0.249970	0.249671	0.253939	0.868312	
4522000	-460.092490	1	2	1	'0 1 0 0 0 1 0 Z 	D	0.705905	0.024234	0.705905	0.705905	0.705905	0.024234	0.705905	0.000000	0.254590	0.264164	0.208186	0.273060	0.525768	
4523000	-460.282384	1	2	1	'0 1 0 0 0 1 0 Z 	D	0.665394	0.037544	0.665394	0.665394	0.665394	0.037544	0.665394	0.000000	0.251419	0.268654	0.195202	0.284725	0.327184	
4524000	-460.292388	1	2	1	'0 1 0 0 0 Z 0 1 	D	0.742891	0.015995	0.742891	0.742891	0.742891	0.000000	0.742891	0.015995	0.256922	0.262126	0.214610	0.266343	0.427515	
4525000	-460.619752	1	2	2	'0 1 0 0 0 Z 0 Z 	D	0.762263	0.021542	0.762263	0.762263	0.762263	0.000000	0.762263	0.000000	0.255123	0.261090	0.217211	0.266576	0.513137	
4526000	-460.116654	1	2	1	'0 1 0 0 0 1 0 Z 	D	0.653878	0.032332	0.653878	0.653878	0.653878	0.032332	0.653878	0.000000	0.252496	0.269755	0.191834	0.285915	0.277345	
4527000	-460.135008	1	2	1	'0 1 0 0 0 1 0 Z 	D	0.662661	0.016979	0.662661	0.662661	0.662661	0.016979	0.662661	0.000000	0.256748	0.268032	0.196549	0.278671	0.318117	
4528000	-461.317237	1	2	2	'0 1 0 0 0 Z 0 Z 	D	0.548487	0.028299	0.548487	0.548487	0.548487	0.000000	0.548487	0.000000	0.249051	0.288105	0.136704	0.326140	0.252657	
4529000	-461.078837	1	2	1	'0 Z 0 0 1 0 0 1 	D	0.591071	0.000000	0.591071	0.591071	0.030589	0.591071	0.591071	0.030589	0.254694	0.261749	0.216442	0.267115	0.680287	
4530000	-460.893656	1	2	1	'0 Z 0 0 1 0 0 1 	D	0.581035	0.000000	0.581035	0.581035	0.019759	0.581035	0.581035	0.019759	0.248772	0.261057	0.217902	0.272269	0.944518	
4531000	-459.781043	1	2	1	'0 Z 0 0 0 0 0 1 	D	0.663581	0.000000	0.663581	0.663581	0.663581	0.663581	0.663581	0.022218	0.239705	0.249980	0.250058	0.260257	0.462014	
4532000	-460.409796	1	2	1	'0 1 0 0 0 0 0 Z 	D	0.713144	0.018089	0.713144	0.713144	0.713144	0.713144	0.713144	0.000000	0.247856	0.249939	0.250189	0.252016	0.655706	
4533000	-462.261420	1	2	1	'0 Z 0 0 0 0 0 1 	D	0.512018	0.000000	0.512018	0.512018	0.512018	0.512018	0.512018	0.009891	0.214947	0.249020	0.251272	0.284761	0.894535	
4534000	-459.823626	1	2	0	'0 1 0 0 0 0 0 1 	D	0.728272	0.020128	0.728272	0.728272	0.728272	0.728272	0.728272	0.020128	0.246076	0.249999	0.249986	0.253939	0.525479	
4535000	-461.524268	1	2	0	'0 1 0 0 0 0 0 1 	D	0.548734	0.037775	0.548734	0.548734	0.548734	0.548734	0.548734	0.037775	0.235062	0.250466	0.248615	0.265857	0.719220	
4536000	-460.877305	1	2	0	'0 1 0 0 1 0 0 1 	D	0.610020	0.025004	0.610020	0.610020	0.025004	0.610020	0.610020	0.025004	0.252242	0.260412	0.220659	0.266687	0.633299	
4537000	-459.279143	1	2	0	'0 1 0 0 0 0 0 1 	D	0.666272	0.018410	0.666272	0.666272	0.666272	0.666272	0.666272	0.018410	0.243324	0.250006	0.249936	0.256734	0.290393	
4538000	-462.119176	1	2	0	'0 1 0 0 0 1 0 1 	D	0.590741	0.029256	0.590741	0.590741	0.590741	0.029256	0.590741	0.029256	0.256266	0.276369	0.175727	0.291638	0.756635	
4539000	-462.772558	1	2	1	'0 1 0 0 0 0 0 Z 	D	0.469450	0.044192	0.469450	0.469450	0.469450	0.469450	0.469450	0.000000	0.230140	0.251438	0.246407	0.272016	0.193317	
4540000	-460.842360	1	2	1	'0 1 0 0 0 1 0 Z 	D	0.665062	0.049147	0.665062	0.665062	0.665062	0.049147	0.665062	0.000000	0.248601	0.268927	0.194594	0.287879	0.795135	
4541000	-460.797641	1	2	2	'0 1 0 0 1 Z 0 Z 	D	0.605514	0.012686	0.605514	0.605514	0.012686	0.000000	0.605514	0.000000	0.297347	0.334347	0.000160	0.368145	0.672605	
4542000	-461.561185	1	2	2	'0 1 0 0 1 Z 0 Z 	D	0.777645	0.010498	0.777645	0.777645	0.010498	0.000000	0.777645	0.000000	0.318831	0.334243	0.000124	0.346802	0.261994	
4543000	-462.513915	1	2	2	'0 1 0 0 1 Z 0 Z 	D	0.603703	0.037302	0.603703	0.603703	0.037302	0.000000	0.603703	0.000000	0.256905	0.334245	0.001086	0.407763	0.157159	
4544000	-459.356618	1	2	1	'0 1 0 0 0 0 0 Z 	D	0.639260	0.031107	0.639260	0.639260	0.639260	0.639260	0.639260	0.000000	0.245884	0.249968	0.250107	0.254041	0.578882	
4545000	-459.632790	1	2	0	'0 1 0 0 0 0 0 1 	D	0.637243	0.027414	0.637243	0.637243	0.637243	0.637243	0.637243	0.027414	0.242103	0.250060	0.249777	0.258061	0.417394	
4546000	-460.028287	1	2	0	'0 1 0 0 0 0 0 1 	D	0.659084	0.032408	0.659084	0.659084	0.659084	0.659084	0.659084	0.032408	0.243664	0.250046	0.249837	0.256453	0.515912	
4547000	-461.039603	1	2	1	'0 Z 0 0 0 0 0 1 	D	0.588441	0.000000	0.588441	0.588441	0.588441	0.588441	0.588441	0.061255	0.234748	0.250335	0.249514	0.265402	0.475547	
4548000	-462.553734	1	2	1	'0 Z 0 0 1 1 0 1 	D	0.735940	0.000000	0.735940	0.735940	0.005025	0.005025	0.735940	0.005025	0.331563	0.333856	0.000124	0.334457	0.431539	
4549000	-460.984963	1	2	2	'0 1 0 0 1 Z 0 Z 	D	0.728853	0.017383	0.728853	0.728853	0.017383	0.000000	0.728853	0.000000	0.307017	0.334718	0.000318	0.357947	0.362454	
4550000	-461.334690	1	2	1	'0 1 0 0 1 1 0 Z 	D	0.564085	0.017766	0.564085	0.564085	0.017766	0.017766	0.564085	0.000000	0.279621	0.333811	0.001483	0.385085	0.498823	
4551000	-460.698597	1	2	2	'0 1 0 0 Z Z 0 1 	D	0.704931	0.005397	0.704931	0.704931	0.000000	0.000000	0.704931	0.005397	0.325479	0.334603	0.000000	0.339918	0.565482	
4552000	-461.336871	1	2	1	'0 1 0 0 Z 0 0 1 	D	0.765066	0.025933	0.765066	0.765066	0.000000	0.765066	0.765066	0.025933	0.252166	0.254225	0.237910	0.255699	0.756197	
4553000	-464.286175	1	2	2	'0 1 0 0 0 Z 0 Z 	D	0.940298	0.012028	0.940298	0.940298	0.940298	0.000000	0.940298	0.000000	0.251336	0.252138	0.243632	0.252893	0.867518	
4554000	-460.357827	1	2	2	'0 1 0 0 0 Z 0 Z 	D	0.600526	0.024409	0.600526	0.600526	0.600526	0.000000	0.600526	0.000000	0.255251	0.279324	0.163213	0.302213	0.183641	
4555000	-460.694980	1	2	2	'0 1 0 0 0 Z 0 Z 	D	0.584196	0.029946	0.584196	0.584196	0.584196	0.000000	0.584196	0.000000	0.251937	0.282857	0.152755	0.312450	0.265335	
4556000	-461.273016	1	2	0	'0 1 0 0 1 1 0 1 	D	0.739693	0.010139	0.739693	0.739693	0.010139	0.010139	0.739693	0.010139	0.326782	0.335338	0.000500	0.337380	0.476184	
4557000	-461.867911	1	2	2	'0 1 0 0 Z 1 0 Z 	D	0.686066	0.004818	0.686066	0.686066	0.000000	0.004818	0.686066	0.000000	0.320279	0.333828	0.000031	0.345862	0.834740	
4558000	-460.367932	1	2	0	'0 1 0 0 0 1 0 1 	D	0.687979	0.020683	0.687979	0.687979	0.687979	0.020683	0.687979	0.020683	0.257035	0.265492	0.205278	0.272196	0.691930	
4559000	-459.256240	1	2	0	'1 0 1 1 1 1 1 0 	D	0.637938	0.013503	0.637938	0.637938	0.637938	0.637938	0.637938	0.013503	0.241203	0.249983	0.249965	0.258848	0.325610	
4560000	-459.280078	1	2	0	'1 0 1 1 1 1 1 0 	D	0.631030	0.012930	0.631030	0.631030	0.631030	0.631030	0.631030	0.012930	0.240641	0.249979	0.249968	0.259413	0.338357	
4561000	-463.538301	1	2	1	'1 0 1 1 1 1 1 Z 	D	0.475595	0.073054	0.475595	0.475595	0.475595	0.475595	0.475595	0.000000	0.231029	0.251458	0.245650	0.271864	0.528718	
4562000	-460.201304	1	2	1	'1 0 1 1 1 1 1 Z 	D	0.581239	0.064007	0.581239	0.581239	0.581239	0.581239	0.581239	0.000000	0.243054	0.250145	0.249452	0.257349	0.151217	
4563000	-461.446191	1	2	0	'1 0 1 1 1 0 1 0 	D	0.749523	0.025778	0.749523	0.749523	0.749523	0.025778	0.749523	0.025778	0.255164	0.260311	0.220403	0.264122	0.647561	
4564000	-459.398270	1	2	1	'1 0 1 1 1 1 1 Z 	D	0.610473	0.041617	0.610473	0.610473	0.610473	0.610473	0.610473	0.000000	0.244684	0.250028	0.249909	0.255379	0.763946	
4565000	-459.770627	1	2	1	'1 0 1 1 1 1 1 Z 	D	0.586264	0.051789	0.586264	0.586264	0.586264	0.586264	0.586264	0.000000	0.243361	0.250107	0.249637	0.256894	0.267267	
4566000	-461.626926	1	2	1	'1 0 1 1 1 1 1 Z 	D	0.597928	0.100369	0.597928	0.597928	0.597928	0.597928	0.597928	0.000000	0.243994	0.250096	0.249399	0.256511	0.518111	
4567000	-459.760276	1	2	1	'1 0 1 1 1 Z 1 0 	D	0.636307	0.014667	0.636307	0.636307	0.636307	0.000000	0.636307	0.014667	0.259970	0.272775	0.183619	0.283635	0.716286	
4568000	-461.982692	1	2	2	'1 0 1 1 1 Z 1 Z 	D	0.722242	0.061441	0.722242	0.722242	0.722242	0.000000	0.722242	0.000000	0.250596	0.269569	0.193135	0.286699	0.560313	
4569000	-459.312294	1	3	1	'1 0 1 1 2 2 2 Z 	D	0.641032	0.028299	0.641032	0.641032	0.625970	0.625970	0.625970	0.000000	0.247027	0.249961	0.250172	0.252840	0.448391	
4570000	-460.452683	1	2	1	'1 0 1 1 Z 1 1 0 	D	0.610389	0.021381	0.610389	0.610389	0.000000	0.610389	0.610389	0.021381	0.253455	0.262097	0.215563	0.268885	0.430078	
4571000	-459.824725	1	2	1	'1 0 1 1 1 Z 1 0 	D	0.635423	0.006706	0.635423	0.635423	0.635423	0.000000	0.635423	0.006706	0.260377	0.272337	0.183798	0.283488	0.837394	
4572000	-465.232612	1	2	2	'1 Z 1 1 Z 0 1 0 	D	0.468167	0.000000	0.468167	0.468167	0.000000	0.016201	0.468167	0.016201	0.319095	0.337717	0.000352	0.342836	0.471139	
4573000	-461.264566	1	2	2	'1 Z 1 1 0 Z 1 0 	D	0.651620	0.000000	0.651620	0.651620	0.014103	0.000000	0.651620	0.014103	0.340293	0.335067	0.000244	0.324396	0.336340	
4574000	-460.755763	1	2	1	'1 Z 1 1 0 1 1 0 	D	0.592416	0.000000	0.592416	0.592416	0.021858	0.592416	0.592416	0.021858	0.250185	0.260523	0.219537	0.269755	0.337699	
4575000	-459.627796	1	2	1	'1 0 1 1 Z 1 1 0 	D	0.615048	0.013864	0.615048	0.615048	0.000000	0.615048	0.615048	0.013864	0.251486	0.260748	0.218819	0.268947	0.445641	
4576000	-460.681993	1	2	1	'1 0 1 1 Z 1 1 0 	D	0.548385	0.006671	0.548385	0.548385	0.000000	0.548385	0.548385	0.006671	0.246163	0.264521	0.207112	0.282204	0.818618	
4577000	-460.977760	1	2	1	'1 0 1 1 1 1 1 Z 	D	0.534683	0.017789	0.534683	0.534683	0.534683	0.534683	0.534683	0.000000	0.238370	0.249701	0.251308	0.260622	0.835073	
4578000	-461.848105	1	2	2	'1 0 1 1 1 Z 1 Z 	D	0.836244	0.016565	0.836244	0.836244	0.836244	0.000000	0.836244	0.000000	0.253431	0.256059	0.232023	0.258487	0.270253	
4579000	-460.655203	1	2	1	'1 0 1 1 0 0 1 Z 	D	0.686350	0.016580	0.686350	0.686350	0.016580	0.016580	0.686350	0.000000	0.303699	0.334285	0.001301	0.360715	0.802756	
4580000	-460.544102	1	2	1	'1 Z 1 1 0 1 1 0 	D	0.689840	0.000000	0.689840	0.689840	0.014782	0.689840	0.689840	0.014782	0.247871	0.253907	0.238506	0.259715	0.946398	
4581000	-459.639478	1	2	1	'1 0 1 1 Z 1 1 0 	D	0.637301	0.015653	0.637301	0.637301	0.000000	0.637301	0.637301	0.015653	0.252094	0.259507	0.222493	0.265906	0.720258	
4582000	-460.209116	1	2	1	'1 0 1 1 1 1 1 Z 	D	0.609296	0.071825	0.609296	0.609296	0.609296	0.609296	0.609296	0.000000	0.244695	0.250073	0.249635	0.255598	0.534682	
4583000	-459.840482	1	2	1	'1 0 1 1 1 1 1 Z 	D	0.656875	0.065646	0.656875	0.656875	0.656875	0.656875	0.656875	0.000000	0.246636	0.250012	0.249871	0.253481	0.404355	
4584000	-459.809684	1	2	0	'1 0 1 1 1 1 1 0 	D	0.601574	0.027770	0.601574	0.601574	0.601574	0.601574	0.601574	0.027770	0.239447	0.250130	0.249543	0.260881	0.437549	
4585000	-459.319185	1	2	1	'1 0 1 1 1 1 1 Z 	D	0.637183	0.042049	0.637183	0.637183	0.637183	0.637183	0.637183	0.000000	0.245877	0.250003	0.249965	0.254154	0.360333	
4586000	-460.583977	1	2	1	'1 0 1 1 Z 1 1 0 	D	0.707163	0.023532	0.707163	0.707163	0.000000	0.707163	0.707163	0.023532	0.252862	0.256415	0.231644	0.259080	0.742347	
4587000	-463.146453	1	2	1	'1 Z 1 1 1 1 1 0 	D	0.634605	0.000000	0.634605	0.634605	0.634605	0.634605	0.634605	0.098786	0.241150	0.250266	0.249837	0.258746	0.458775	
4588000	-461.519270	1	2	3	'1 Z 1 1 Z Z 1 0 	D	0.644332	0.000000	0.644332	0.644332	0.000000	0.000000	0.644332	0.008001	0.330442	0.334458	0.000000	0.335101	0.185617	
4589000	-460.993049	1	2	1	'1 Z 1 1 1 1 1 0 	D	0.749058	0.000000	0.749058	0.749058	0.749058	0.749058	0.749058	0.016591	0.244690	0.249981	0.250069	0.255261	0.835376	
4590000	-462.688304	1	2	2	'1 0 1 1 1 Z 1 Z 	D	0.866454	0.013044	0.866454	0.866454	0.866454	0.000000	0.866454	0.000000	0.252689	0.254390	0.236942	0.255979	0.757161	
4591000	-460.279074	1	2	1	'1 0 1 1 1 1 1 Z 	D	0.663005	0.077690	0.663005	0.663005	0.663005	0.663005	0.663005	0.000000	0.246832	0.250009	0.249851	0.253307	0.839743	
4592000	-460.535560	1	2	0	'1 0 1 1 1 1 1 0 	D	0.525021	0.019800	0.525021	0.525021	0.525021	0.525021	0.525021	0.019800	0.229258	0.250464	0.248309	0.271969	0.511364	
4593000	-460.170061	1	2	1	'1 0 1 1 1 1 1 Z 	D	0.707888	0.020371	0.707888	0.707888	0.707888	0.707888	0.707888	0.000000	0.247769	0.249946	0.250166	0.252119	0.246982	
4594000	-460.575775	1	2	2	'1 0 1 1 1 Z 1 Z 	D	0.626600	0.012447	0.626600	0.626600	0.626600	0.000000	0.626600	0.000000	0.259683	0.273363	0.180554	0.286400	0.076836	
4595000	-460.425813	1	2	1	'1 0 1 1 1 0 1 Z 	D	0.648440	0.040128	0.648440	0.648440	0.648440	0.040128	0.648440	0.000000	0.250156	0.270603	0.189477	0.289765	0.534720	
4596000	-459.421382	1	2	1	'1 0 1 1 Z 1 1 0 	D	0.638637	0.011019	0.638637	0.638637	0.000000	0.638637	0.638637	0.011019	0.250896	0.258755	0.224385	0.265963	0.406887	
4597000	-460.453317	1	2	1	'1 Z 1 1 1 1 1 0 	D	0.617962	0.000000	0.617962	0.617962	0.617962	0.617962	0.617962	0.012223	0.234494	0.249766	0.250452	0.265287	0.291153	
4598000	-459.496678	1	2	1	'1 0 1 1 1 1 1 Z 	D	0.692138	0.040698	0.692138	0.692138	0.692138	0.692138	0.692138	0.000000	0.247538	0.249986	0.250014	0.252463	0.511680	
4599000	-461.369388	1	2	0	'1 0 1 1 1 1 1 0 	D	0.684992	0.045517	0.684992	0.684992	0.684992	0.684992	0.684992	0.045517	0.245393	0.250039	0.249881	0.254687	0.699648	
4600000	-459.785340	1	2	1	'1 Z 1 1 1 1 1 0 	D	0.618206	0.000000	0.618206	0.618206	0.618206	0.618206	0.618206	0.038619	0.236395	0.250110	0.249816	0.263678	0.830201	
4601000	-461.325474	1	2	1	'1 Z 1 1 1 1 1 0 	D	0.791299	0.000000	0.791299	0.791299	0.791299	0.791299	0.791299	0.022607	0.246336	0.250000	0.250029	0.253635	0.454524	
4602000	-463.878040	1	2	1	'1 0 1 1 1 1 1 Z 	D	0.947461	0.042983	0.947461	0.947461	0.947461	0.947461	0.947461	0.000000	0.249747	0.249998	0.250000	0.250255	0.682485	
4603000	-463.433274	1	2	1	'1 0 1 1 1 1 1 Z 	D	0.698934	0.141787	0.698934	0.698934	0.698934	0.698934	0.698934	0.000000	0.247696	0.249981	0.249853	0.252470	0.950864	
4604000	-460.817351	1	2	2	'1 0 1 1 Z Z 1 0 	D	0.582872	0.005924	0.582872	0.582872	0.000000	0.000000	0.582872	0.005924	0.312658	0.335065	0.000000	0.352277	0.962637	
4605000	-460.539919	1	2	1	'1 0 1 1 1 0 1 Z 	D	0.669886	0.012096	0.669886	0.669886	0.669886	0.012096	0.669886	0.000000	0.257852	0.266897	0.199774	0.275476	0.691149	
4606000	-459.836949	1	2	1	'1 0 1 1 1 1 1 Z 	D	0.693073	0.023616	0.693073	0.693073	0.693073	0.693073	0.693073	0.000000	0.247468	0.249951	0.250150	0.252431	0.527549	
4607000	-459.866657	1	2	1	'1 Z 1 1 1 1 1 0 	D	0.591811	0.000000	0.591811	0.591811	0.591811	0.591811	0.591811	0.035307	0.233094	0.250137	0.249664	0.267105	0.350699	
4608000	-461.830813	1	2	2	'1 Z 1 1 0 Z 1 0 	D	0.752097	0.000000	0.752097	0.752097	0.011106	0.000000	0.752097	0.011106	0.339154	0.334449	0.000153	0.326244	0.492361	
4609000	-461.924152	1	2	2	'1 Z 1 1 Z 0 1 0 	D	0.648094	0.000000	0.648094	0.648094	0.000000	0.022349	0.648094	0.022349	0.352662	0.335747	0.000569	0.311022	0.465764	
4610000	-460.056120	1	2	1	'1 0 1 1 Z 1 1 0 	D	0.568078	0.010623	0.568078	0.568078	0.000000	0.568078	0.568078	0.010623	0.249110	0.263758	0.209856	0.277276	0.981124	
4611000	-461.839671	1	2	2	'1 Z 1 1 Z 0 1 0 	D	0.691461	0.000000	0.691461	0.691461	0.000000	0.020712	0.691461	0.020712	0.350333	0.335391	0.000493	0.313782	0.302690	
4612000	-459.714596	1	2	1	'1 0 1 1 Z 1 1 0 	D	0.693674	0.007612	0.693674	0.693674	0.000000	0.693674	0.693674	0.007612	0.249976	0.255097	0.234944	0.259984	0.496489	
4613000	-459.539924	1	2	0	'1 0 1 1 0 1 1 0 	D	0.659720	0.008025	0.659720	0.659720	0.008025	0.659720	0.659720	0.008025	0.249558	0.256389	0.231160	0.262893	0.539672	
4614000	-459.920858	1	2	1	'1 0 1 1 1 1 1 Z 	D	0.698666	0.022932	0.698666	0.698666	0.698666	0.698666	0.698666	0.000000	0.247591	0.249951	0.250149	0.252309	0.342972	
4615000	-460.450945	1	2	1	'1 0 1 1 0 Z 1 0 	D	0.631065	0.006631	0.631065	0.631065	0.006631	0.000000	0.631065	0.006631	0.319131	0.335082	0.000049	0.345738	0.138082	
4616000	-459.254296	1	2	0	'1 0 1 1 1 1 1 0 	D	0.625395	0.013580	0.625395	0.625395	0.625395	0.625395	0.625395	0.013580	0.240251	0.249988	0.249932	0.259828	0.917013	
4617000	-461.029526	1	2	1	'1 0 1 1 1 1 1 Z 	D	0.531861	0.060937	0.531861	0.531861	0.531861	0.531861	0.531861	0.000000	0.238870	0.250444	0.248633	0.262053	0.520975	
4618000	-460.039213	1	2	1	'1 0 1 1 Z 1 1 0 	D	0.755000	0.013251	0.755000	0.755000	0.000000	0.755000	0.755000	0.013251	0.250845	0.253591	0.239494	0.256069	0.904757	
4619000	-459.412468	1	2	0	'1 0 1 1 1 1 1 0 	D	0.686146	0.015310	0.686146	0.686146	0.686146	0.686146	0.686146	0.015310	0.244195	0.249990	0.249992	0.255823	0.581880	
4620000	-459.445999	1	2	1	'1 0 1 1 1 1 1 Z 	D	0.615885	0.028740	0.615885	0.615885	0.615885	0.615885	0.615885	0.000000	0.244835	0.249958	0.250169	0.255038	0.855827	
4621000	-459.819788	1	2	1	'1 0 1 1 Z 1 1 0 	D	0.619946	0.006556	0.619946	0.619946	0.000000	0.619946	0.619946	0.006556	0.249131	0.259020	0.223319	0.268530	0.233873	
4622000	-460.410939	1	2	2	'1 Z 1 1 Z 1 1 0 	D	0.656739	0.000000	0.656739	0.656739	0.000000	0.656739	0.656739	0.020185	0.251737	0.257839	0.227106	0.263318	0.509015	
4623000	-460.012544	1	2	1	'1 Z 1 1 1 1 1 0 	D	0.573853	0.000000	0.573853	0.573853	0.573853	0.573853	0.573853	0.033061	0.230435	0.250159	0.249509	0.269897	0.187801	
4624000	-461.598485	1	2	1	'1 0 1 1 1 0 1 Z 	D	0.614907	0.057198	0.614907	0.614907	0.614907	0.057198	0.614907	0.000000	0.242650	0.274802	0.177089	0.305459	0.675749	
4625000	-460.405090	1	2	1	'1 0 1 1 1 1 1 Z 	D	0.728788	0.020348	0.728788	0.728788	0.728788	0.728788	0.728788	0.000000	0.248161	0.249958	0.250126	0.251756	0.464878	
4626000	-461.565203	1	2	1	'1 Z 1 1 1 1 1 0 	D	0.513179	0.000000	0.513179	0.513179	0.513179	0.513179	0.513179	0.041555	0.220915	0.250729	0.247899	0.280457	0.524103	
4627000	-459.913100	1	2	1	'1 0 1 1 1 1 1 Z 	D	0.647654	0.067872	0.647654	0.647654	0.647654	0.647654	0.647654	0.000000	0.246329	0.250019	0.249837	0.253815	0.265393	
4628000	-460.816424	1	2	2	'1 0 1 1 1 Z 1 Z 	D	0.729566	0.042091	0.729566	0.729566	0.729566	0.000000	0.729566	0.000000	0.253431	0.266400	0.202004	0.278165	0.236644	
4629000	-461.799427	1	2	2	'1 0 1 1 Z 0 1 Z 	D	0.715676	0.029734	0.715676	0.715676	0.000000	0.029734	0.715676	0.000000	0.290899	0.335020	0.001299	0.372782	0.440112	
4630000	-460.983176	1	2	2	'1 0 1 1 1 Z 1 Z 	D	0.571203	0.014448	0.571203	0.571203	0.571203	0.000000	0.571203	0.000000	0.258330	0.281546	0.156202	0.303923	0.326412	
4631000	-459.458530	1	2	1	'1 0 1 1 1 1 1 Z 	D	0.598525	0.035064	0.598525	0.598525	0.598525	0.598525	0.598525	0.000000	0.243988	0.250015	0.249993	0.256004	0.609892	
4632000	-459.613983	1	2	1	'1 0 1 1 1 1 1 Z 	D	0.634867	0.023118	0.634867	0.634867	0.634867	0.634867	0.634867	0.000000	0.245614	0.249914	0.250301	0.254171	0.583001	
4633000	-461.325007	1	2	1	'1 0 1 1 Z 1 1 0 	D	0.816103	0.020561	0.816103	0.816103	0.000000	0.816103	0.816103	0.020561	0.251043	0.252477	0.242829	0.253652	0.373155	
4634000	-459.685789	1	2	1	'1 0 1 1 1 1 1 Z 	D	0.666482	0.059902	0.666482	0.666482	0.666482	0.666482	0.666482	0.000000	0.246923	0.250005	0.249911	0.253161	0.669714	
4635000	-460.175024	1	2	0	'1 0 1 1 1 1 1 0 	D	0.551909	0.023973	0.551909	0.551909	0.551909	0.551909	0.551909	0.023973	0.233768	0.250316	0.248891	0.267025	0.314699	
4636000	-460.128117	1	2	2	'1 0 1 1 1 Z 1 Z 	D	0.638629	0.027775	0.638629	0.638629	0.638629	0.000000	0.638629	0.000000	0.255337	0.274705	0.177102	0.292856	0.448934	
4637000	-460.778084	1	2	0	'1 0 1 1 1 0 1 0 	D	0.536482	0.010884	0.536482	0.536482	0.536482	0.010884	0.536482	0.010884	0.256917	0.285367	0.146188	0.311528	0.464872	
4638000	-459.417999	1	2	1	'1 0 1 1 1 1 1 Z 	D	0.657653	0.029597	0.657653	0.657653	0.657653	0.657653	0.657653	0.000000	0.246528	0.249962	0.250118	0.253392	0.715271	
4639000	-460.039382	1	2	2	'1 0 1 1 1 Z 1 Z 	D	0.649556	0.022419	0.649556	0.649556	0.649556	0.000000	0.649556	0.000000	0.256875	0.272362	0.183886	0.286876	0.317313	
4640000	-459.572402	1	2	1	'1 0 1 1 1 1 1 Z 	D	0.590462	0.043671	0.590462	0.590462	0.590462	0.590462	0.590462	0.000000	0.243583	0.250071	0.249788	0.256557	0.326107	
4641000	-459.391675	1	2	1	'1 0 1 1 1 1 1 Z 	D	0.612721	0.042206	0.612721	0.612721	0.612721	0.612721	0.612721	0.000000	0.244800	0.250027	0.249908	0.255265	0.772931	
4642000	-459.465775	1	2	1	'1 0 1 1 1 1 1 Z 	D	0.679695	0.032333	0.679695	0.679695	0.679695	0.679695	0.679695	0.000000	0.247194	0.249973	0.250071	0.252763	0.597117	
4643000	-460.201474	1	2	1	'1 0 1 1 1 1 1 Z 	D	0.684205	0.074086	0.684205	0.684205	0.684205	0.684205	0.684205	0.000000	0.247411	0.250000	0.249905	0.252684	0.995857	
4644000	-460.684409	1	2	3	'1 0 1 1 Z Z 1 Z 	D	0.636944	0.017567	0.636944	0.636944	0.000000	0.000000	0.636944	0.000000	0.293911	0.334771	0.000000	0.371318	0.878687	
4645000	-462.932727	1	2	3	'1 0 1 1 Z Z 1 Z 	D	0.868200	0.016217	0.868200	0.868200	0.000000	0.000000	0.868200	0.000000	0.317610	0.334664	0.000000	0.347725	0.518898	
4646000	-460.208802	1	2	1	'1 0 1 1 1 0 1 Z 	D	0.705774	0.018362	0.705774	0.705774	0.705774	0.018362	0.705774	0.000000	0.255685	0.263864	0.208940	0.271511	0.851152	
4647000	-459.589146	1	2	0	'1 0 1 1 1 1 1 0 	D	0.586804	0.022449	0.586804	0.586804	0.586804	0.586804	0.586804	0.022449	0.237584	0.250139	0.249468	0.262809	0.148407	
4648000	-460.367986	1	2	1	'1 0 1 1 1 0 1 Z 	D	0.601906	0.018028	0.601906	0.601906	0.601906	0.018028	0.601906	0.000000	0.256247	0.275461	0.174483	0.293809	0.454406	
4649000	-460.522515	1	2	1	'1 0 1 1 1 1 1 Z 	D	0.715058	0.077860	0.715058	0.715058	0.715058	0.715058	0.715058	0.000000	0.248067	0.249993	0.249941	0.251999	0.715760	
4650000	-460.756606	1	2	2	'1 0 1 1 0 Z 1 Z 	D	0.633834	0.019454	0.633834	0.633834	0.019454	0.000000	0.633834	0.000000	0.291035	0.334686	0.000364	0.373915	0.543023	
4651000	-461.469067	1	2	1	'1 0 1 1 1 1 1 Z 	D	0.706651	0.102099	0.706651	0.706651	0.706651	0.706651	0.706651	0.000000	0.247905	0.249991	0.249903	0.252201	0.527265	
4652000	-462.050409	1	2	3	'1 0 1 1 Z Z 1 Z 	D	0.680730	0.032971	0.680730	0.680730	0.000000	0.000000	0.680730	0.000000	0.278974	0.335536	0.000000	0.385490	0.347113	
4653000	-460.334893	1	2	0	'1 0 1 1 1 1 1 0 	D	0.613326	0.034714	0.613326	0.613326	0.613326	0.613326	0.613326	0.034714	0.240924	0.250126	0.249591	0.259358	0.731572	
4654000	-459.526926	1	2	1	'1 0 1 1 1 1 1 Z 	D	0.590804	0.034187	0.590804	0.590804	0.590804	0.590804	0.590804	0.000000	0.243521	0.250021	0.249993	0.256465	0.490589	
4655000	-460.031571	1	2	1	'1 0 1 1 1 1 1 Z 	D	0.672302	0.070469	0.672302	0.672302	0.672302	0.672302	0.672302	0.000000	0.247099	0.250004	0.249891	0.253005	0.754026	
4656000	-460.115908	1	2	1	'1 0 1 1 1 Z 1 0 	D	0.572307	0.011302	0.572307	0.572307	0.572307	0.000000	0.572307	0.011302	0.259946	0.281328	0.158150	0.300576	0.607163	
4657000	-460.554174	1	2	0	'1 0 1 1 1 1 1 0 	D	0.643926	0.005424	0.643926	0.643926	0.643926	0.643926	0.643926	0.005424	0.240922	0.249793	0.250519	0.258766	0.825873	
4658000	-460.008081	1	2	1	'1 0 1 1 1 1 1 Z 	D	0.595887	0.018981	0.595887	0.595887	0.595887	0.595887	0.595887	0.000000	0.243534	0.249809	0.250700	0.255957	0.919005	
4659000	-460.006827	1	2	1	'1 0 1 1 1 1 1 Z 	D	0.710844	0.062790	0.710844	0.710844	0.710844	0.710844	0.710844	0.000000	0.247977	0.249994	0.249959	0.252070	0.447629	
4660000	-462.110390	1	2	2	'1 0 1 1 0 Z 1 Z 	D	0.734646	0.005011	0.734646	0.734646	0.005011	0.000000	0.734646	0.000000	0.323060	0.333827	0.000029	0.343085	0.958559	
4661000	-461.141124	1	2	2	'1 Z 1 1 Z 1 1 0 	D	0.624215	0.000000	0.624215	0.624215	0.000000	0.624215	0.624215	0.034556	0.260550	0.263221	0.212069	0.264159	0.661439	
4662000	-460.719051	1	2	0	'1 0 1 1 0 0 1 0 	D	0.702236	0.004975	0.702236	0.702236	0.004975	0.004975	0.702236	0.004975	0.325319	0.334444	0.000122	0.340115	0.574013	
4663000	-460.195081	1	2	1	'1 0 1 1 1 0 1 Z 	D	0.611281	0.024600	0.611281	0.611281	0.611281	0.024600	0.611281	0.000000	0.253828	0.274598	0.177245	0.294329	0.318383	
4664000	-460.014728	1	2	1	'1 0 1 1 1 1 1 Z 	D	0.742117	0.046384	0.742117	0.742117	0.742117	0.742117	0.742117	0.000000	0.248461	0.249990	0.250001	0.251548	0.857024	
4665000	-460.196303	1	2	2	'1 0 1 1 1 Z 1 Z 	D	0.635477	0.017160	0.635477	0.635477	0.635477	0.000000	0.635477	0.000000	0.258277	0.273160	0.181335	0.287228	0.951712	
4666000	-460.337244	1	2	0	'1 0 1 1 1 1 1 0 	D	0.753437	0.025810	0.753437	0.753437	0.753437	0.753437	0.753437	0.025810	0.246964	0.250002	0.249984	0.253050	0.411725	
4667000	-460.707364	1	2	2	'1 0 1 1 1 Z 1 Z 	D	0.754882	0.034896	0.754882	0.754882	0.754882	0.000000	0.754882	0.000000	0.254115	0.263229	0.211162	0.271494	0.379209	
4668000	-460.310829	1	2	1	'1 0 1 1 1 1 1 Z 	D	0.632451	0.077581	0.632451	0.632451	0.632451	0.632451	0.632451	0.000000	0.245752	0.250036	0.249741	0.254471	0.520055	
4669000	-459.956521	1	2	1	'1 Z 1 1 1 1 1 0 	D	0.697577	0.000000	0.697577	0.697577	0.697577	0.697577	0.697577	0.024636	0.242233	0.249998	0.250044	0.257725	0.441415	
4670000	-460.301607	1	2	1	'1 0 1 1 1 1 1 Z 	D	0.753721	0.029136	0.753721	0.753721	0.753721	0.753721	0.753721	0.000000	0.248572	0.249982	0.250043	0.251403	0.657501	
4671000	-462.593052	1	2	2	'1 0 1 1 1 Z 1 Z 	D	0.553526	0.006531	0.553526	0.553526	0.553526	0.000000	0.553526	0.000000	0.261806	0.282364	0.153434	0.302396	0.642550	
4672000	-459.760366	1	2	0	'1 0 1 1 1 1 1 0 	D	0.656527	0.029081	0.656527	0.656527	0.656527	0.656527	0.656527	0.029081	0.243355	0.250043	0.249841	0.256761	0.400930	
4673000	-460.039115	1	2	1	'1 Z 1 1 1 1 1 0 	D	0.589520	0.000000	0.589520	0.589520	0.589520	0.589520	0.589520	0.040609	0.233233	0.250190	0.249599	0.266978	0.196106	
4674000	-459.509091	1	2	0	'1 0 1 1 1 1 1 0 	D	0.637572	0.025556	0.637572	0.637572	0.637572	0.637572	0.637572	0.025556	0.242007	0.250053	0.249791	0.258149	0.631393	
4675000	-460.549929	1	2	1	'1 Z 1 1 1 1 1 0 	D	0.602845	0.000000	0.602845	0.602845	0.602845	0.602845	0.602845	0.055004	0.235869	0.250242	0.249660	0.264229	0.973305	
4676000	-460.646995	1	2	0	'1 0 1 1 1 1 1 0 	D	0.519548	0.018969	0.519548	0.519548	0.519548	0.519548	0.519548	0.018969	0.228210	0.250501	0.248161	0.273128	0.703345	
4677000	-460.930667	1	2	1	'1 0 1 1 1 1 1 Z 	D	0.787010	0.026052	0.787010	0.787010	0.787010	0.787010	0.787010	0.000000	0.248934	0.249985	0.250035	0.251045	0.207254	
4678000	-460.119551	1	2	0	'1 0 1 1 1 0 1 0 	D	0.667339	0.018999	0.667339	0.667339	0.667339	0.018999	0.667339	0.018999	0.257633	0.267610	0.199050	0.275706	0.395111	
4679000	-459.349393	1	2	1	'1 0 1 1 1 1 1 Z 	D	0.641075	0.031575	0.641075	0.641075	0.641075	0.641075	0.641075	0.000000	0.245958	0.249970	0.250099	0.253974	0.315569	
4680000	-459.704884	1	2	1	'1 Z 1 1 1 1 1 0 	D	0.616832	0.000000	0.616832	0.616832	0.616832	0.616832	0.616832	0.022726	0.235181	0.249976	0.249989	0.264854	0.652058	
4681000	-460.796792	1	2	2	'1 Z 1 1 Z 1 1 0 	D	0.706069	0.000000	0.706069	0.706069	0.000000	0.706069	0.706069	0.030900	0.255063	0.256970	0.229784	0.258183	0.762555	
4682000	-459.884196	1	2	1	'1 0 1 1 1 1 1 Z 	D	0.578277	0.023851	0.578277	0.578277	0.578277	0.578277	0.578277	0.000000	0.242511	0.249911	0.250416	0.257163	0.509296	
4683000	-460.382666	1	2	1	'1 0 1 1 1 0 1 Z 	D	0.742803	0.028829	0.742803	0.742803	0.742803	0.028829	0.742803	0.000000	0.253456	0.261322	0.216656	0.268567	0.954885	
4684000	-459.535882	1	2	1	'1 0 1 1 1 1 1 Z 	D	0.597486	0.045527	0.597486	0.597486	0.597486	0.597486	0.597486	0.000000	0.244009	0.250062	0.249798	0.256131	0.742926	
4685000	-460.170499	1	2	2	'1 0 1 1 1 Z 1 Z 	D	0.665957	0.016706	0.665957	0.665957	0.665957	0.000000	0.665957	0.000000	0.258024	0.269414	0.192447	0.280115	0.845555	
4686000	-459.829837	1	2	1	'1 0 1 1 Z 1 1 0 	D	0.601697	0.015118	0.601697	0.601697	0.000000	0.601697	0.601697	0.015118	0.251671	0.261896	0.215635	0.270798	0.557672	
4687000	-461.482596	1	2	1	'1 Z 1 1 1 1 1 0 	D	0.808834	0.000000	0.808834	0.808834	0.808834	0.808834	0.808834	0.037740	0.247024	0.250013	0.250016	0.252947	0.542375	
4688000	-460.295383	1	2	1	'1 Z 1 1 1 1 1 0 	D	0.631844	0.000000	0.631844	0.631844	0.631844	0.631844	0.631844	0.052991	0.238560	0.250154	0.249838	0.261448	0.737725	
4689000	-461.079119	1	2	1	'1 Z 1 1 1 1 1 0 	D	0.786609	0.000000	0.786609	0.786609	0.786609	0.786609	0.786609	0.035828	0.246401	0.250014	0.250018	0.253567	0.929488	
4690000	-459.592041	1	2	0	'1 0 1 1 1 1 1 0 	D	0.652031	0.009770	0.652031	0.652031	0.652031	0.652031	0.652031	0.009770	0.241907	0.249938	0.250109	0.258047	0.784773	
4691000	-461.452723	1	2	1	'1 0 1 1 1 1 1 Z 	D	0.581492	0.009389	0.581492	0.581492	0.581492	0.581492	0.581492	0.000000	0.241845	0.249119	0.252870	0.256166	0.626878	
4692000	-461.513553	1	2	2	'1 Z 1 1 Z 1 1 0 	D	0.805105	0.000000	0.805105	0.805105	0.000000	0.805105	0.805105	0.021817	0.250161	0.251951	0.244286	0.253602	0.899876	
4693000	-465.234483	1	2	0	'1 0 1 1 0 1 1 0 	D	0.548895	0.043493	0.548895	0.548895	0.043493	0.548895	0.548895	0.043493	0.254686	0.265750	0.208314	0.271250	0.480461	
4694000	-461.089513	1	2	1	'1 0 1 1 0 0 1 Z 	D	0.613147	0.008279	0.613147	0.613147	0.008279	0.008279	0.613147	0.000000	0.306800	0.334010	0.000333	0.358857	0.215047	
4695000	-463.163875	1	2	3	'1 0 1 1 Z Z 1 Z 	D	0.522353	0.029461	0.522353	0.522353	0.000000	0.000000	0.522353	0.000000	0.240564	0.332919	0.000000	0.426517	0.457354	
4696000	-460.757061	1	2	1	'1 0 1 1 1 Z 1 0 	D	0.601995	0.003971	0.601995	0.601995	0.601995	0.000000	0.601995	0.003971	0.260898	0.276381	0.171327	0.291393	0.543395	
4697000	-464.583727	1	2	0	'1 0 1 1 0 0 1 0 	D	0.466928	0.003360	0.466928	0.466928	0.003360	0.003360	0.466928	0.003360	0.282592	0.334195	0.000055	0.383158	0.084696	
4698000	-460.250573	1	2	1	'1 Z 1 1 1 1 1 0 	D	0.603723	0.000000	0.603723	0.603723	0.603723	0.603723	0.603723	0.048984	0.235541	0.250206	0.249682	0.264572	0.354771	
4699000	-461.799799	1	2	1	'1 0 1 1 Z 1 1 0 	D	0.518204	0.018114	0.518204	0.518204	0.000000	0.518204	0.518204	0.018114	0.249401	0.269852	0.193812	0.286935	0.838229	
4700000	-460.536860	1	2	1	'1 0 1 1 1 0 1 Z 	D	0.614084	0.037917	0.614084	0.614084	0.614084	0.037917	0.614084	0.000000	0.249001	0.274722	0.177146	0.299131	0.247169	
4701000	-459.718058	1	2	1	'1 0 1 1 1 Z 1 0 	D	0.608644	0.011495	0.608644	0.608644	0.608644	0.000000	0.608644	0.011495	0.260398	0.276148	0.173327	0.290127	0.628203	
4702000	-459.459876	1	2	1	'1 0 1 1 1 1 1 Z 	D	0.659696	0.050987	0.659696	0.659696	0.659696	0.659696	0.659696	0.000000	0.246699	0.250003	0.249938	0.253360	0.805398	
4703000	-459.396032	1	2	1	'1 0 1 1 1 1 1 Z 	D	0.649914	0.048238	0.649914	0.649914	0.649914	0.649914	0.649914	0.000000	0.246370	0.250005	0.249938	0.253687	0.436767	
4704000	-459.881922	1	2	1	'1 0 1 1 1 1 1 Z 	D	0.644274	0.066876	0.644274	0.644274	0.644274	0.644274	0.644274	0.000000	0.246208	0.250022	0.249830	0.253941	0.367844	
4705000	-462.491230	1	2	1	'1 Z 1 1 0 1 1 0 	D	0.663991	0.000000	0.663991	0.663991	0.058752	0.663991	0.663991	0.058752	0.261132	0.258849	0.224977	0.255041	0.645974	
4706000	-461.727657	1	2	2	'1 Z 1 1 Z 0 1 0 	D	0.587532	0.000000	0.587532	0.587532	0.000000	0.009987	0.587532	0.009987	0.327896	0.334918	0.000131	0.337055	0.920245	
4707000	-460.599098	1	2	1	'1 0 1 1 0 0 1 Z 	D	0.670807	0.016319	0.670807	0.670807	0.016319	0.016319	0.670807	0.000000	0.302072	0.334271	0.001261	0.362396	0.495106	
4708000	-459.872952	1	2	1	'1 Z 1 1 1 1 1 0 	D	0.587825	0.000000	0.587825	0.587825	0.587825	0.587825	0.587825	0.033869	0.232455	0.250131	0.249645	0.267769	0.944317	
4709000	-459.389909	1	2	1	'1 0 1 1 1 1 1 Z 	D	0.660719	0.046554	0.660719	0.660719	0.660719	0.660719	0.660719	0.000000	0.246717	0.249998	0.249963	0.253321	0.492981	
4710000	-460.765425	1	2	1	'1 Z 1 1 1 1 1 0 	D	0.561672	0.000000	0.561672	0.561672	0.561672	0.561672	0.561672	0.013022	0.226218	0.249626	0.250463	0.273693	0.707476	
4711000	-459.634605	1	2	1	'1 0 1 1 1 1 1 Z 	D	0.590439	0.027535	0.590439	0.590439	0.590439	0.590439	0.590439	0.000000	0.243403	0.249959	0.250215	0.256423	0.594085	
4712000	-459.763178	1	2	0	'1 0 1 1 1 1 1 0 	D	0.629458	0.028989	0.629458	0.629458	0.629458	0.629458	0.629458	0.028989	0.241684	0.250076	0.249728	0.258512	0.228104	
4713000	-459.502479	1	2	1	'1 0 1 1 1 1 1 Z 	D	0.692447	0.041779	0.692447	0.692447	0.692447	0.692447	0.692447	0.000000	0.247549	0.249987	0.250009	0.252456	0.909419	
4714000	-460.380207	1	2	0	'1 0 1 1 1 1 1 0 	D	0.599108	0.034060	0.599108	0.599108	0.599108	0.599108	0.599108	0.034060	0.239753	0.250165	0.249470	0.260612	0.537079	
4715000	-460.534525	1	2	1	'1 0 1 1 1 1 1 Z 	D	0.777361	0.050590	0.777361	0.777361	0.777361	0.777361	0.777361	0.000000	0.248890	0.249992	0.249998	0.251120	0.666467	
4716000	-461.433669	1	2	1	'1 Z 1 1 1 1 1 0 	D	0.650977	0.000000	0.650977	0.650977	0.650977	0.650977	0.650977	0.074244	0.241106	0.250173	0.249897	0.258825	0.321317	
4717000	-461.979895	1	2	1	'1 Z 1 1 0 1 1 0 	D	0.583994	0.000000	0.583994	0.583994	0.006965	0.583994	0.583994	0.006965	0.240690	0.258115	0.225609	0.275586	0.214265	
4718000	-461.585383	1	2	1	'1 Z 1 1 1 1 1 0 	D	0.744972	0.000000	0.744972	0.744972	0.744972	0.744972	0.744972	0.068037	0.245627	0.250053	0.250013	0.254307	0.425273	
4719000	-460.488928	1	2	2	'1 Z 1 1 Z 1 1 0 	D	0.631376	0.000000	0.631376	0.631376	0.000000	0.631376	0.631376	0.019269	0.251417	0.259264	0.222951	0.266368	0.421253	
4720000	-460.768364	1	2	0	'1 0 1 1 1 1 1 0 	D	0.606875	0.038531	0.606875	0.606875	0.606875	0.606875	0.606875	0.038531	0.240714	0.250155	0.249519	0.259611	0.329625	
4721000	-459.713262	1	2	1	'1 0 1 1 Z 1 1 0 	D	0.616190	0.015190	0.616190	0.616190	0.000000	0.616190	0.616190	0.015190	0.251870	0.260860	0.218595	0.268675	0.655139	
4722000	-461.853784	1	2	2	'1 0 1 1 0 Z 1 Z 	D	0.559223	0.007816	0.559223	0.559223	0.007816	0.000000	0.559223	0.000000	0.298013	0.333988	0.000061	0.367938	0.383940	
4723000	-460.187434	1	2	1	'1 0 1 1 1 1 1 Z 	D	0.575642	0.061436	0.575642	0.575642	0.575642	0.575642	0.575642	0.000000	0.242671	0.250163	0.249416	0.257750	0.517522	
4724000	-459.901863	1	2	0	'1 0 1 1 1 0 1 0 	D	0.627110	0.016295	0.627110	0.627110	0.627110	0.016295	0.627110	0.016295	0.258488	0.272285	0.185284	0.283942	0.911323	
4725000	-460.966367	1	2	2	'1 Z 1 1 Z 1 1 0 	D	0.752934	0.000000	0.752934	0.752934	0.000000	0.752934	0.752934	0.026920	0.252345	0.254236	0.237648	0.255771	0.907568	
4726000	-460.734551	1	2	1	'1 0 1 1 1 1 1 Z 	D	0.579699	0.076886	0.579699	0.579699	0.579699	0.579699	0.579699	0.000000	0.242931	0.250159	0.249323	0.257586	0.305444	
4727000	-462.725705	1	2	2	'1 0 1 1 1 Z 1 Z 	D	0.547390	0.052131	0.547390	0.547390	0.547390	0.000000	0.547390	0.000000	0.235000	0.292867	0.121859	0.350274	0.937255	
4728000	-459.634904	1	2	1	'1 0 1 1 Z 1 1 0 	D	0.648346	0.015952	0.648346	0.648346	0.000000	0.648346	0.648346	0.015952	0.252158	0.258854	0.224379	0.264609	0.725137	
4729000	-460.306845	1	2	1	'1 Z 1 1 1 1 1 0 	D	0.562097	0.000000	0.562097	0.562097	0.562097	0.562097	0.562097	0.018604	0.227037	0.249884	0.249871	0.273208	0.818815	
4730000	-461.658624	1	2	1	'1 0 1 1 Z 1 1 0 	D	0.615816	0.002440	0.615816	0.615816	0.000000	0.615816	0.615816	0.002440	0.246166	0.257006	0.229020	0.267808	0.264892	
4731000	-460.472566	1	2	1	'1 0 1 1 1 1 1 Z 	D	0.743936	0.068035	0.743936	0.743936	0.743936	0.743936	0.743936	0.000000	0.248518	0.249992	0.249972	0.251518	0.813280	
4732000	-459.984502	1	2	1	'1 Z 1 1 1 1 1 0 	D	0.686334	0.000000	0.686334	0.686334	0.686334	0.686334	0.686334	0.020827	0.241355	0.249978	0.250073	0.258594	0.495597	
4733000	-460.198332	1	2	1	'1 0 1 1 1 1 1 Z 	D	0.558210	0.052736	0.558210	0.558210	0.558210	0.558210	0.558210	0.000000	0.241328	0.250224	0.249315	0.259132	0.144784	
4734000	-461.298563	1	2	2	'1 0 1 1 Z Z 1 0 	D	0.583442	0.003429	0.583442	0.583442	0.000000	0.000000	0.583442	0.003429	0.312931	0.334287	0.000000	0.352782	0.674474	
4735000	-460.315104	1	2	1	'1 0 1 1 1 1 1 Z 	D	0.634331	0.014612	0.634331	0.634331	0.634331	0.634331	0.634331	0.000000	0.245401	0.249775	0.250746	0.254077	0.428686	
4736000	-460.659200	1	2	1	'1 0 1 1 1 1 1 Z 	D	0.788838	0.041877	0.788838	0.788838	0.788838	0.788838	0.788838	0.000000	0.248986	0.249991	0.250007	0.251016	0.643018	
4737000	-460.018825	1	2	1	'1 0 1 1 1 1 1 Z 	D	0.723795	0.058732	0.723795	0.723795	0.723795	0.723795	0.723795	0.000000	0.248202	0.249992	0.249974	0.251832	0.829190	
4738000	-459.517092	1	2	1	'1 0 1 1 1 1 1 Z 	D	0.680353	0.029924	0.680353	0.680353	0.680353	0.680353	0.680353	0.000000	0.247196	0.249967	0.250093	0.252743	0.783890	
4739000	-460.190328	1	2	2	'1 0 1 1 1 Z 1 Z 	D	0.700140	0.030089	0.700140	0.700140	0.700140	0.000000	0.700140	0.000000	0.255204	0.267797	0.197616	0.279383	0.452470	
4740000	-459.825633	1	2	0	'1 0 1 1 1 1 1 0 	D	0.597067	0.008497	0.597067	0.597067	0.597067	0.597067	0.597067	0.008497	0.237101	0.249869	0.250203	0.262827	0.938498	
4741000	-460.165698	1	2	1	'1 0 1 1 1 1 1 Z 	D	0.555223	0.024936	0.555223	0.555223	0.555223	0.555223	0.555223	0.000000	0.240719	0.249964	0.250334	0.258983	0.242946	
4742000	-460.126566	1	2	1	'1 0 1 1 1 1 1 Z 	D	0.740762	0.055362	0.740762	0.740762	0.740762	0.740762	0.740762	0.000000	0.248458	0.249991	0.249986	0.251564	0.595941	
4743000	-460.051873	1	2	1	'1 0 1 1 1 1 1 Z 	D	0.580094	0.059141	0.580094	0.580094	0.580094	0.580094	0.580094	0.000000	0.242975	0.250142	0.249491	0.257392	0.886301	
4744000	-460.209404	1	2	1	'1 0 1 1 1 1 1 Z 	D	0.616909	0.073159	0.616909	0.616909	0.616909	0.616909	0.616909	0.000000	0.245069	0.250059	0.249677	0.255195	0.498735	
4745000	-459.571101	1	2	1	'1 0 1 1 1 1 1 Z 	D	0.650981	0.056517	0.650981	0.650981	0.650981	0.650981	0.650981	0.000000	0.246429	0.250012	0.249894	0.253665	0.812112	
4746000	-463.312450	1	2	2	'1 Z 1 1 Z 1 1 0 	D	0.845650	0.000000	0.845650	0.845650	0.000000	0.845650	0.845650	0.050347	0.254141	0.253399	0.240167	0.252293	0.489537	
4747000	-460.987620	1	2	1	'1 0 1 1 Z 0 1 0 	D	0.675304	0.011095	0.675304	0.675304	0.000000	0.011095	0.675304	0.011095	0.322911	0.335996	0.000164	0.340929	0.456672	
4748000	-461.741126	1	2	1	'1 0 1 1 0 0 1 Z 	D	0.628649	0.032622	0.628649	0.628649	0.032622	0.032622	0.628649	0.000000	0.272273	0.333380	0.004788	0.389560	0.346974	
4749000	-459.767957	1	2	0	'1 0 1 1 1 1 1 0 	D	0.716739	0.013559	0.716739	0.716739	0.716739	0.716739	0.716739	0.013559	0.245439	0.249985	0.250020	0.254556	0.771243	
4750000	-461.843475	1	2	1	'1 0 1 1 1 1 1 Z 	D	0.526380	0.076870	0.526380	0.526380	0.526380	0.526380	0.526380	0.000000	0.238197	0.250527	0.248205	0.263071	0.415655	
4751000	-461.708222	1	2	2	'1 0 1 1 1 Z 1 Z 	D	0.546338	0.011819	0.546338	0.546338	0.546338	0.000000	0.546338	0.000000	0.258512	0.284778	0.146402	0.310308	0.387882	
4752000	-460.111383	1	2	1	'1 Z 1 1 1 1 1 0 	D	0.641670	0.000000	0.641670	0.641670	0.641670	0.641670	0.641670	0.049232	0.239205	0.250122	0.249882	0.260792	0.358015	
4753000	-459.757660	1	2	1	'1 Z 1 1 1 1 1 0 	D	0.673291	0.000000	0.673291	0.673291	0.673291	0.673291	0.673291	0.025264	0.240599	0.249999	0.250034	0.259368	0.527849	
4754000	-461.754134	1	2	0	'1 0 1 1 0 1 1 0 	D	0.648290	0.032189	0.648290	0.648290	0.032189	0.648290	0.648290	0.032189	0.252969	0.258177	0.227202	0.261652	0.326048	
4755000	-459.976052	1	2	1	'1 0 1 1 1 1 1 Z 	D	0.591969	0.061075	0.591969	0.591969	0.591969	0.591969	0.591969	0.000000	0.243733	0.250107	0.249582	0.256579	0.419180	
4756000	-459.929098	1	2	0	'1 0 1 1 1 1 1 0 	D	0.728995	0.013296	0.728995	0.728995	0.728995	0.728995	0.728995	0.013296	0.245875	0.249986	0.250022	0.254117	0.456926	
4757000	-460.020668	1	2	1	'1 0 1 1 1 Z 1 0 	D	0.611715	0.016054	0.611715	0.611715	0.611715	0.000000	0.611715	0.016054	0.260099	0.276067	0.174320	0.289514	0.692100	
4758000	-461.812234	1	2	2	'1 0 1 1 1 Z 1 Z 	D	0.577349	0.007839	0.577349	0.577349	0.577349	0.000000	0.577349	0.000000	0.261537	0.279105	0.163232	0.296125	0.553300	
4759000	-460.473620	1	2	2	'1 0 1 1 Z Z 1 0 	D	0.627446	0.006579	0.627446	0.627446	0.000000	0.000000	0.627446	0.006579	0.318751	0.335118	0.000000	0.346131	0.461048	
4760000	-461.281748	1	2	1	'1 Z 1 1 1 1 1 0 	D	0.668347	0.000000	0.668347	0.668347	0.668347	0.668347	0.668347	0.008564	0.239363	0.249789	0.250512	0.260336	0.895251	
4761000	-460.289439	1	2	2	'1 0 1 1 1 Z 1 Z 	D	0.606664	0.021213	0.606664	0.606664	0.606664	0.000000	0.606664	0.000000	0.256669	0.277810	0.167630	0.297891	0.139430	
4762000	-460.892533	1	2	1	'1 0 1 1 1 1 1 Z 	D	0.785721	0.063379	0.785721	0.785721	0.785721	0.785721	0.785721	0.000000	0.248986	0.249993	0.249989	0.251032	0.547477	
4763000	-460.880156	1	2	1	'1 0 1 1 1 1 1 Z 	D	0.788274	0.061157	0.788274	0.788274	0.788274	0.788274	0.788274	0.000000	0.249007	0.249993	0.249991	0.251010	0.994958	
4764000	-459.947020	1	2	1	'1 0 1 1 1 1 1 Z 	D	0.559736	0.030919	0.559736	0.559736	0.559736	0.559736	0.559736	0.000000	0.241247	0.250061	0.249977	0.258716	0.122580	
4765000	-460.557143	1	2	2	'1 0 1 1 1 Z 1 Z 	D	0.739153	0.034452	0.739153	0.739153	0.739153	0.000000	0.739153	0.000000	0.254323	0.264552	0.207267	0.273857	0.493246	
4766000	-461.011003	1	2	2	'1 0 1 1 0 Z 1 Z 	D	0.684248	0.008116	0.684248	0.684248	0.008116	0.000000	0.684248	0.000000	0.315200	0.334114	0.000073	0.350614	0.523099	
4767000	-459.966913	1	2	0	'0 1 0 0 1 0 0 1 	D	0.578018	0.013475	0.578018	0.578018	0.013475	0.578018	0.578018	0.013475	0.249314	0.262165	0.214786	0.273735	0.709601	
4768000	-459.368887	1	2	1	'0 1 0 0 0 0 0 Z 	D	0.617257	0.032982	0.617257	0.617257	0.617257	0.617257	0.617257	0.000000	0.244949	0.249985	0.250069	0.254997	0.105249	
4769000	-460.405322	1	2	0	'0 1 0 0 0 0 0 1 	D	0.574196	0.031308	0.574196	0.574196	0.574196	0.574196	0.574196	0.031308	0.237186	0.250252	0.249182	0.263380	0.434915	
4770000	-460.191731	1	2	1	'0 1 0 0 0 1 0 Z 	D	0.612234	0.021759	0.612234	0.612234	0.612234	0.021759	0.612234	0.000000	0.254969	0.274324	0.177984	0.292722	0.508549	
4771000	-461.304367	1	2	1	'0 1 0 0 0 Z 0 1 	D	0.556081	0.020105	0.556081	0.556081	0.556081	0.000000	0.556081	0.020105	0.258457	0.284731	0.150372	0.306440	0.907686	
4772000	-460.207008	1	2	1	'0 1 0 0 0 0 0 Z 	D	0.544676	0.038937	0.544676	0.544676	0.544676	0.544676	0.544676	0.000000	0.240042	0.250222	0.249482	0.260254	0.914836	
4773000	-462.937783	1	2	2	'0 1 0 0 0 Z 0 Z 	D	0.611954	0.069305	0.611954	0.611954	0.611954	0.000000	0.611954	0.000000	0.239430	0.285660	0.145133	0.329778	0.424366	
4774000	-461.326710	1	2	2	'0 1 0 0 Z Z 0 1 	D	0.584111	0.011207	0.584111	0.584111	0.000000	0.000000	0.584111	0.011207	0.312470	0.336709	0.000000	0.350821	0.341021	
4775000	-463.147928	1	2	0	'0 1 0 0 0 1 0 1 	D	0.611500	0.036161	0.611500	0.611500	0.611500	0.036161	0.611500	0.036161	0.255800	0.273155	0.185605	0.285441	0.923897	
4776000	-459.548670	1	2	0	'0 1 0 0 0 1 0 1 	D	0.638548	0.011056	0.638548	0.638548	0.638548	0.011056	0.638548	0.011056	0.259095	0.271132	0.187934	0.281840	0.478818	
4777000	-461.009300	1	2	1	'0 Z 0 0 1 0 0 1 	D	0.666147	0.000000	0.666147	0.666147	0.009612	0.666147	0.666147	0.009612	0.245415	0.253925	0.238336	0.262324	0.997698	
4778000	-460.551297	1	2	1	'0 1 0 0 Z 0 0 1 	D	0.547317	0.013329	0.547317	0.547317	0.000000	0.547317	0.547317	0.013329	0.249161	0.266064	0.203603	0.281172	0.368509	
4779000	-459.604848	1	2	1	'0 1 0 0 0 Z 0 1 	D	0.625800	0.010884	0.625800	0.625800	0.625800	0.000000	0.625800	0.010884	0.260316	0.273849	0.179953	0.285882	0.540385	
4780000	-460.696191	1	2	1	'0 Z 0 0 1 0 0 1 	D	0.717481	0.000000	0.717481	0.717481	0.014945	0.717481	0.717481	0.014945	0.247999	0.252842	0.241643	0.257517	0.853733	
4781000	-460.292466	1	2	1	'0 1 0 0 0 0 0 Z 	D	0.711162	0.019210	0.711162	0.711162	0.711162	0.711162	0.711162	0.000000	0.247826	0.249943	0.250176	0.252055	0.517132	
4782000	-461.434049	1	2	1	'0 1 0 0 0 Z 0 1 	D	0.824237	0.017122	0.824237	0.824237	0.824237	0.000000	0.824237	0.017122	0.254418	0.257029	0.229466	0.259088	0.784909	
4783000	-461.685765	1	2	2	'0 1 0 0 Z 1 0 Z 	D	0.636343	0.005244	0.636343	0.636343	0.000000	0.005244	0.636343	0.000000	0.315071	0.333876	0.000038	0.351014	0.595892	
4784000	-463.481257	1	2	1	'0 Z 0 0 1 1 0 1 	D	0.823520	0.000000	0.823520	0.823520	0.023910	0.023910	0.823520	0.023910	0.349159	0.334352	0.002650	0.313839	0.219055	
4785000	-460.187333	1	2	1	'0 1 0 0 0 0 0 Z 	D	0.600079	0.016611	0.600079	0.600079	0.600079	0.600079	0.600079	0.000000	0.243703	0.249748	0.250886	0.255663	0.241684	
4786000	-460.874469	1	2	1	'0 1 0 0 0 0 0 Z 	D	0.801623	0.040504	0.801623	0.801623	0.801623	0.801623	0.801623	0.000000	0.249093	0.249992	0.250007	0.250907	0.372378	
4787000	-460.717109	1	2	1	'0 1 0 0 0 0 0 Z 	D	0.548014	0.017653	0.548014	0.548014	0.548014	0.548014	0.548014	0.000000	0.239731	0.249696	0.251237	0.259336	0.337420	
4788000	-460.378929	1	2	2	'0 1 0 0 0 Z 0 Z 	D	0.692742	0.014555	0.692742	0.692742	0.692742	0.000000	0.692742	0.000000	0.257753	0.266177	0.201987	0.274084	0.413147	
4789000	-460.100080	1	2	2	'0 1 0 0 0 Z 0 Z 	D	0.689689	0.020223	0.689689	0.689689	0.689689	0.000000	0.689689	0.000000	0.256940	0.267411	0.198492	0.277158	0.370935	
4790000	-460.132428	1	2	1	'0 1 0 0 0 0 0 Z 	D	0.627914	0.016213	0.627914	0.627914	0.627914	0.627914	0.627914	0.000000	0.245162	0.249800	0.250676	0.254361	0.611270	
4791000	-459.742749	1	2	1	'0 Z 0 0 0 0 0 1 	D	0.672292	0.000000	0.672292	0.672292	0.672292	0.672292	0.672292	0.034075	0.240894	0.250037	0.249987	0.259082	0.946480	
4792000	-460.543177	1	2	2	'0 1 0 0 0 Z 0 Z 	D	0.754490	0.028686	0.754490	0.754490	0.754490	0.000000	0.754490	0.000000	0.254702	0.262544	0.213057	0.269697	0.836696	
4793000	-460.990064	1	2	2	'0 1 0 0 1 Z 0 Z 	D	0.727982	0.011041	0.727982	0.727982	0.011041	0.000000	0.727982	0.000000	0.314860	0.334317	0.000134	0.350689	0.581449	
4794000	-459.842000	1	2	0	'0 1 0 0 0 0 0 1 	D	0.675241	0.029412	0.675241	0.675241	0.675241	0.675241	0.675241	0.029412	0.244327	0.250029	0.249891	0.255754	0.445973	
4795000	-463.208127	1	2	3	'0 1 0 0 Z Z 0 Z 	D	0.494303	0.014843	0.494303	0.494303	0.000000	0.000000	0.494303	0.000000	0.262708	0.333476	0.000000	0.403816	0.317143	
4796000	-460.996597	1	2	1	'0 1 0 0 1 1 0 Z 	D	0.689036	0.008352	0.689036	0.689036	0.008352	0.008352	0.689036	0.000000	0.315385	0.334030	0.000339	0.350245	0.494400	
4797000	-461.377427	1	2	1	'0 1 0 0 1 1 0 Z 	D	0.743477	0.022610	0.743477	0.743477	0.022610	0.022610	0.743477	0.000000	0.302941	0.334277	0.002376	0.360405	0.501407	
4798000	-459.987975	1	2	1	'0 1 0 0 0 1 0 Z 	D	0.659266	0.022108	0.659266	0.659266	0.659266	0.022108	0.659266	0.000000	0.255381	0.268706	0.194693	0.281219	0.368176	
4799000	-460.660189	1	2	1	'0 1 0 0 0 0 0 Z 	D	0.589826	0.078190	0.589826	0.589826	0.589826	0.589826	0.589826	0.000000	0.243587	0.250124	0.249430	0.256859	0.512438	
4800000	-459.537936	1	2	1	'0 1 0 0 Z 0 0 1 	D	0.699826	0.011451	0.699826	0.699826	0.000000	0.699826	0.699826	0.011451	0.250958	0.255529	0.233799	0.259714	0.439233	
4801000	-462.840794	1	2	0	'0 1 0 0 0 0 0 1 	D	0.459504	0.014807	0.459504	0.459504	0.459504	0.459504	0.459504	0.014807	0.214652	0.251471	0.244773	0.289103	0.836745	
4802000	-460.072258	1	2	1	'0 Z 0 0 0 0 0 1 	D	0.675369	0.000000	0.675369	0.675369	0.675369	0.675369	0.675369	0.017757	0.240429	0.249951	0.250119	0.259501	0.308095	
4803000	-460.175525	1	2	0	'0 1 0 0 0 0 0 1 	D	0.692587	0.032576	0.692587	0.692587	0.692587	0.692587	0.692587	0.032576	0.245212	0.250023	0.249916	0.254850	0.324030	
4804000	-462.045609	1	2	1	'0 1 0 0 Z 0 0 1 	D	0.803464	0.027969	0.803464	0.803464	0.000000	0.803464	0.803464	0.027969	0.251736	0.253162	0.240960	0.254142	0.560553	
4805000	-459.550305	1	2	1	'0 1 0 0 Z 0 0 1 	D	0.617036	0.009235	0.617036	0.617036	0.000000	0.617036	0.617036	0.009235	0.250084	0.259834	0.221123	0.268959	0.567004	
4806000	-459.729777	1	2	0	'0 1 0 0 1 0 0 1 	D	0.675944	0.017467	0.675944	0.675944	0.017467	0.675944	0.675944	0.017467	0.251249	0.256360	0.231634	0.260757	0.476479	
4807000	-460.975005	1	2	1	'0 Z 0 0 0 0 0 1 	D	0.652937	0.000000	0.652937	0.652937	0.652937	0.652937	0.652937	0.066520	0.240897	0.250151	0.249904	0.259048	0.387841	
4808000	-459.606548	1	2	1	'0 1 0 0 0 0 0 Z 	D	0.669541	0.056487	0.669541	0.669541	0.669541	0.669541	0.669541	0.000000	0.247005	0.250002	0.249929	0.253064	0.167496	
4809000	-459.751207	1	2	0	'0 1 0 0 0 0 0 1 	D	0.637549	0.029033	0.637549	0.637549	0.637549	0.637549	0.637549	0.029033	0.242223	0.250064	0.249768	0.257945	0.561385	
4810000	-460.261950	1	2	1	'0 1 0 0 0 0 0 Z 	D	0.690538	0.074955	0.690538	0.690538	0.690538	0.690538	0.690538	0.000000	0.247562	0.249998	0.249914	0.252526	0.264782	
4811000	-460.889867	1	2	1	'0 1 0 0 0 1 0 Z 	D	0.575087	0.034376	0.575087	0.575087	0.575087	0.034376	0.575087	0.000000	0.247191	0.279915	0.161418	0.311477	0.387846	
4812000	-460.136749	1	2	2	'0 1 0 0 0 Z 0 Z 	D	0.689869	0.018870	0.689869	0.689869	0.689869	0.000000	0.689869	0.000000	0.257158	0.267177	0.199146	0.276520	0.372663	
4813000	-460.554958	1	2	0	'0 1 0 0 1 1 0 1 	D	0.688818	0.007387	0.688818	0.688818	0.007387	0.007387	0.688818	0.007387	0.324176	0.334988	0.000267	0.340569	0.885718	
4814000	-460.684296	1	2	0	'0 1 0 0 1 0 0 1 	D	0.764705	0.021099	0.764705	0.764705	0.021099	0.764705	0.764705	0.021099	0.250957	0.253170	0.240862	0.255011	0.494594	
4815000	-460.001361	1	2	1	'0 Z 0 0 0 0 0 1 	D	0.642976	0.000000	0.642976	0.642976	0.642976	0.642976	0.642976	0.046521	0.239176	0.250110	0.249891	0.260823	0.280505	
4816000	-459.862613	1	2	1	'0 1 0 0 0 0 0 Z 	D	0.641408	0.066196	0.641408	0.641408	0.641408	0.641408	0.641408	0.000000	0.246102	0.250024	0.249823	0.254051	0.413934	
4817000	-459.576369	1	2	1	'0 1 0 0 0 Z 0 1 	D	0.646934	0.011961	0.646934	0.646934	0.646934	0.000000	0.646934	0.011961	0.259909	0.271320	0.187491	0.281280	0.780951	
4818000	-459.628483	1	2	0	'0 1 0 0 0 1 0 1 	D	0.627936	0.012655	0.627936	0.627936	0.627936	0.012655	0.627936	0.012655	0.258997	0.272342	0.184615	0.284045	0.119533	
4819000	-460.913233	1	2	1	'0 1 0 0 0 1 0 Z 	D	0.575151	0.034995	0.575151	0.575151	0.575151	0.034995	0.575151	0.000000	0.246907	0.279921	0.161402	0.311769	0.744390	
4820000	-460.157229	1	2	1	'0 1 0 0 0 1 0 Z 	D	0.617809	0.026305	0.617809	0.617809	0.617809	0.026305	0.617809	0.000000	0.253405	0.273838	0.179554	0.293202	0.842176	
4821000	-462.124385	1	2	2	'0 Z 0 0 Z 0 0 1 	D	0.684897	0.000000	0.684897	0.684897	0.000000	0.684897	0.684897	0.050563	0.264016	0.261401	0.217378	0.257205	0.604785	
4822000	-459.758166	1	2	1	'0 1 0 0 Z 0 0 1 	D	0.612613	0.015415	0.612613	0.612613	0.000000	0.612613	0.612613	0.015415	0.251897	0.261145	0.217800	0.269158	0.290175	
4823000	-461.425241	1	2	1	'0 1 0 0 1 1 0 Z 	D	0.775525	0.015685	0.775525	0.775525	0.015685	0.015685	0.775525	0.000000	0.313204	0.334249	0.001169	0.351378	0.199472	
4824000	-462.234895	1	2	0	'0 1 0 0 1 0 0 1 	D	0.524395	0.003553	0.524395	0.524395	0.003553	0.524395	0.524395	0.003553	0.241742	0.265201	0.204539	0.288518	0.452145	
4825000	-461.519161	1	2	1	'0 Z 0 0 0 0 0 1 	D	0.641158	0.000000	0.641158	0.641158	0.641158	0.641158	0.641158	0.075294	0.240461	0.250198	0.249863	0.259478	0.701542	
4826000	-460.303762	1	2	1	'0 1 0 0 0 Z 0 1 	D	0.755479	0.008663	0.755479	0.755479	0.755479	0.000000	0.755479	0.008663	0.256518	0.260862	0.217880	0.264740	0.346285	
4827000	-460.122540	1	2	1	'1 0 1 1 1 1 1 Z 	D	0.549524	0.031198	0.549524	0.549524	0.549524	0.549524	0.549524	0.000000	0.240367	0.250103	0.249888	0.259641	0.332068	
4828000	-461.095555	1	2	1	'1 0 1 1 0 0 1 Z 	D	0.747277	0.015691	0.747277	0.747277	0.015691	0.015691	0.747277	0.000000	0.311006	0.334269	0.001169	0.353556	0.398483	
4829000	-461.041909	1	2	2	'1 0 1 1 Z 0 1 Z 	D	0.586577	0.018189	0.586577	0.586577	0.000000	0.018189	0.586577	0.000000	0.283695	0.334340	0.000511	0.381454	0.221033	
4830000	-461.367848	1	2	1	'1 0 1 1 0 0 1 Z 	D	0.635404	0.028757	0.635404	0.635404	0.028757	0.028757	0.635404	0.000000	0.278871	0.333746	0.003764	0.383618	0.816142	
4831000	-460.505880	1	2	2	'1 Z 1 1 Z 1 1 0 	D	0.682868	0.000000	0.682868	0.682868	0.000000	0.682868	0.682868	0.025199	0.253564	0.257291	0.228786	0.260359	0.307018	
4832000	-459.451710	1	2	1	'1 0 1 1 1 1 1 Z 	D	0.603163	0.031981	0.603163	0.603163	0.603163	0.603163	0.603163	0.000000	0.244214	0.249989	0.250078	0.255718	0.371419	
4833000	-460.784634	1	2	1	'1 0 1 1 0 0 1 Z 	D	0.711130	0.012781	0.711130	0.711130	0.012781	0.012781	0.711130	0.000000	0.311355	0.334214	0.000783	0.353649	0.612159	
4834000	-462.577935	1	2	1	'0 1 0 0 1 1 0 Z 	D	0.849128	0.011623	0.849128	0.849128	0.011623	0.011623	0.849128	0.000000	0.321171	0.334070	0.000650	0.344108	0.349494	
4835000	-459.465252	1	2	1	'0 1 0 0 0 0 0 Z 	D	0.602569	0.043258	0.602569	0.602569	0.602569	0.602569	0.602569	0.000000	0.244279	0.250045	0.249855	0.255820	0.267822	
4836000	-461.318931	1	2	1	'0 Z 0 0 0 0 0 1 	D	0.542064	0.000000	0.542064	0.542064	0.542064	0.542064	0.542064	0.052230	0.227574	0.250579	0.248746	0.273100	0.234621	
4837000	-459.817398	1	2	1	'0 Z 0 0 0 0 0 1 	D	0.595469	0.000000	0.595469	0.595469	0.595469	0.595469	0.595469	0.022308	0.232496	0.249971	0.249920	0.267614	0.531591	
4838000	-461.116226	1	2	2	'0 Z 0 0 Z 0 0 1 	D	0.573098	0.000000	0.573098	0.573098	0.000000	0.573098	0.573098	0.019340	0.250975	0.263764	0.210006	0.275256	0.594806	
4839000	-459.400065	1	2	1	'0 1 0 0 0 0 0 Z 	D	0.606589	0.037160	0.606589	0.606589	0.606589	0.606589	0.606589	0.000000	0.244451	0.250016	0.249970	0.255563	0.297959	
4840000	-459.900398	1	2	0	'0 1 0 0 1 0 0 1 	D	0.744297	0.011001	0.744297	0.744297	0.011001	0.744297	0.744297	0.011001	0.250087	0.253208	0.240583	0.256123	0.263732	
4841000	-460.508120	1	2	1	'0 1 0 0 Z 0 0 1 	D	0.549638	0.013446	0.549638	0.549638	0.000000	0.549638	0.549638	0.013446	0.249341	0.265878	0.204146	0.280635	0.277236	
4842000	-459.814260	1	2	0	'0 1 0 0 0 0 0 1 	D	0.567228	0.010801	0.567228	0.567228	0.567228	0.567228	0.567228	0.010801	0.233944	0.249976	0.249799	0.266281	0.594025	
4843000	-462.206079	1	2	1	'0 1 0 0 Z 0 0 1 	D	0.891561	0.014440	0.891561	0.891561	0.000000	0.891561	0.891561	0.014440	0.250004	0.250828	0.247573	0.251594	0.433643	
4844000	-460.264782	1	2	0	'0 1 0 0 0 0 0 1 	D	0.629354	0.034789	0.629354	0.629354	0.629354	0.629354	0.629354	0.034789	0.242049	0.250092	0.249698	0.258161	0.243829	
4845000	-459.358349	1	2	1	'0 1 0 0 0 0 0 Z 	D	0.623562	0.043355	0.623562	0.623562	0.623562	0.623562	0.623562	0.000000	0.245316	0.250017	0.249924	0.254743	0.411027	
4846000	-459.560273	1	2	1	'0 1 0 0 0 0 0 Z 	D	0.646704	0.024469	0.646704	0.646704	0.646704	0.646704	0.646704	0.000000	0.246096	0.249932	0.250232	0.253740	0.401379	
4847000	-462.656959	1	2	2	'0 1 0 0 Z Z 0 1 	D	0.698409	0.017206	0.698409	0.698409	0.000000	0.000000	0.698409	0.017206	0.323982	0.337481	0.000000	0.338537	0.686070	
4848000	-462.219250	1	2	1	'0 1 0 0 0 0 0 Z 	D	0.612788	0.114498	0.612788	0.612788	0.612788	0.612788	0.612788	0.000000	0.244746	0.250055	0.249490	0.255709	0.347157	
4849000	-459.475315	1	2	1	'0 1 0 0 0 0 0 Z 	D	0.639556	0.052364	0.639556	0.639556	0.639556	0.639556	0.639556	0.000000	0.246009	0.250017	0.249889	0.254085	0.382252	
4850000	-459.899514	1	2	0	'0 1 0 0 0 1 0 1 	D	0.647483	0.016923	0.647483	0.647483	0.647483	0.016923	0.647483	0.016923	0.258204	0.269857	0.192363	0.279576	0.330309	
4851000	-461.412932	1	2	2	'0 1 0 0 0 Z 0 Z 	D	0.551928	0.032896	0.551928	0.551928	0.551928	0.000000	0.551928	0.000000	0.246875	0.288504	0.135550	0.329071	0.457008	
4852000	-463.752065	1	2	2	'0 1 0 0 Z 1 0 Z 	D	0.577394	0.002584	0.577394	0.577394	0.000000	0.002584	0.577394	0.000000	0.312584	0.333636	0.000009	0.353770	0.338249	
4853000	-460.089736	1	2	1	'0 1 0 0 0 0 0 Z 	D	0.731603	0.058405	0.731603	0.731603	0.731603	0.731603	0.731603	0.000000	0.248327	0.249992	0.249978	0.251703	0.548030	
4854000	-459.686271	1	2	1	'0 1 0 0 Z 0 0 1 	D	0.676547	0.016496	0.676547	0.676547	0.000000	0.676547	0.676547	0.016496	0.252125	0.257307	0.228841	0.261727	0.981919	
4855000	-460.092706	1	2	0	'0 1 0 0 1 0 0 1 	D	0.572267	0.007897	0.572267	0.572267	0.007897	0.572267	0.572267	0.007897	0.247408	0.262060	0.214504	0.276028	0.993499	
4856000	-459.521949	1	2	0	'0 1 0 0 0 0 0 1 	D	0.700762	0.016048	0.700762	0.700762	0.700762	0.700762	0.700762	0.016048	0.244893	0.249992	0.249994	0.255120	0.534388	
4857000	-460.482256	1	2	1	'0 Z 0 0 0 0 0 1 	D	0.596824	0.000000	0.596824	0.596824	0.596824	0.596824	0.596824	0.052638	0.235039	0.250250	0.249614	0.265097	0.557328	
4858000	-461.569910	1	2	1	'0 1 0 0 0 0 0 Z 	D	0.568335	0.090846	0.568335	0.568335	0.568335	0.568335	0.568335	0.000000	0.242044	0.250209	0.249058	0.258690	0.822115	
4859000	-463.513089	1	2	2	'0 1 0 0 1 Z 0 Z 	D	0.643177	0.002286	0.643177	0.643177	0.002286	0.000000	0.643177	0.000000	0.320900	0.333598	0.000006	0.345496	0.154002	
4860000	-461.468872	1	2	0	'0 1 0 0 0 1 0 1 	D	0.807539	0.020541	0.807539	0.807539	0.807539	0.020541	0.807539	0.020541	0.254036	0.257068	0.229476	0.259420	0.886418	
4861000	-460.223718	1	2	1	'0 1 0 0 0 0 0 Z 	D	0.651552	0.076371	0.651552	0.651552	0.651552	0.651552	0.651552	0.000000	0.246465	0.250017	0.249821	0.253697	0.659555	
4862000	-461.023339	1	2	1	'0 1 0 0 Z 0 0 1 	D	0.705205	0.026685	0.705205	0.705205	0.000000	0.705205	0.705205	0.026685	0.253299	0.256746	0.230815	0.259141	0.466397	
4863000	-460.606454	1	2	1	'0 1 0 0 1 1 0 Z 	D	0.635912	0.013087	0.635912	0.635912	0.013087	0.013087	0.635912	0.000000	0.302008	0.334189	0.000819	0.362984	0.105586	
4864000	-461.582784	1	2	0	'0 1 0 0 0 1 0 1 	D	0.517598	0.015246	0.517598	0.517598	0.517598	0.015246	0.517598	0.015246	0.254153	0.288339	0.138754	0.318754	0.342098	
4865000	-460.359151	1	2	1	'0 1 0 0 0 0 0 Z 	D	0.753438	0.059286	0.753438	0.753438	0.753438	0.753438	0.753438	0.000000	0.248633	0.249992	0.249985	0.251390	0.365193	
4866000	-459.312848	1	2	1	'0 1 0 0 0 0 0 Z 	D	0.643494	0.034889	0.643494	0.643494	0.643494	0.643494	0.643494	0.000000	0.246075	0.249982	0.250051	0.253893	0.241688	
4867000	-460.604721	1	2	1	'0 Z 0 0 0 0 0 1 	D	0.716192	0.000000	0.716192	0.716192	0.716192	0.716192	0.716192	0.015948	0.243046	0.249964	0.250105	0.256885	0.551882	
4868000	-460.725016	1	2	1	'0 Z 0 0 0 0 0 1 	D	0.748608	0.000000	0.748608	0.748608	0.748608	0.748608	0.748608	0.020465	0.244760	0.249992	0.250049	0.255198	0.678782	
4869000	-461.395740	1	2	1	'0 Z 0 0 1 0 0 1 	D	0.567601	0.000000	0.567601	0.567601	0.029249	0.567601	0.567601	0.029249	0.254103	0.263495	0.211546	0.270855	0.320335	
4870000	-460.589209	1	2	1	'0 Z 0 0 1 0 0 1 	D	0.619008	0.000000	0.619008	0.619008	0.015043	0.619008	0.619008	0.015043	0.247155	0.257673	0.227463	0.267709	0.238038	
4871000	-460.936697	1	2	2	'0 Z 0 0 Z 0 0 1 	D	0.654058	0.000000	0.654058	0.654058	0.000000	0.654058	0.654058	0.010216	0.246390	0.255496	0.233689	0.264424	0.181489	
4872000	-460.113740	1	2	1	'0 Z 0 0 0 0 0 1 	D	0.590990	0.000000	0.590990	0.590990	0.590990	0.590990	0.590990	0.016699	0.231362	0.249847	0.250148	0.268643	0.846419	
4873000	-460.405689	1	2	1	'0 Z 0 0 1 0 0 1 	D	0.674989	0.000000	0.674989	0.674989	0.016771	0.674989	0.674989	0.016771	0.248541	0.254880	0.235690	0.260889	0.254372	
4874000	-462.502287	1	2	2	'0 1 0 0 Z 1 0 Z 	D	0.816875	0.023940	0.816875	0.816875	0.000000	0.023940	0.816875	0.000000	0.307950	0.334916	0.000787	0.356347	0.635815	
4875000	-462.855316	1	2	3	'0 1 0 0 Z Z 0 Z 	D	0.799885	0.029429	0.799885	0.799885	0.000000	0.000000	0.799885	0.000000	0.300178	0.335622	0.000000	0.364201	0.214876	
4876000	-460.689821	1	2	2	'0 1 0 0 1 Z 0 Z 	D	0.644472	0.010759	0.644472	0.644472	0.010759	0.000000	0.644472	0.000000	0.306703	0.334301	0.000122	0.358874	0.360273	
4877000	-460.094625	1	2	2	'0 1 0 0 0 Z 0 Z 	D	0.674765	0.028814	0.674765	0.674765	0.674765	0.000000	0.674765	0.000000	0.255478	0.270413	0.189855	0.284254	0.503843	
4878000	-460.413137	1	2	0	'0 1 0 0 0 0 0 1 	D	0.640790	0.036641	0.640790	0.640790	0.640790	0.640790	0.640790	0.036641	0.242869	0.250077	0.249751	0.257303	0.502483	
4879000	-461.217679	1	2	1	'0 Z 0 0 1 0 0 1 	D	0.681569	0.000000	0.681569	0.681569	0.008689	0.681569	0.681569	0.008689	0.245182	0.252922	0.241300	0.260596	0.231095	
4880000	-459.817023	1	2	1	'0 1 0 0 0 Z 0 1 	D	0.707100	0.008805	0.707100	0.707100	0.707100	0.000000	0.707100	0.008805	0.258231	0.264831	0.206192	0.270746	0.693925	
4881000	-463.436390	1	2	1	'0 Z 0 0 0 0 0 1 	D	0.842492	0.000000	0.842492	0.842492	0.842492	0.842492	0.842492	0.077071	0.248097	0.250022	0.250016	0.251865	0.441114	
4882000	-461.427159	1	2	1	'1 Z 1 1 1 1 1 0 	D	0.666926	0.000000	0.666926	0.666926	0.666926	0.666926	0.666926	0.074136	0.242132	0.250141	0.249939	0.257788	0.193750	
4883000	-462.432739	1	2	2	'1 0 1 1 1 Z 1 Z 	D	0.506262	0.021335	0.506262	0.506262	0.506262	0.000000	0.506262	0.000000	0.247314	0.293487	0.119955	0.339245	0.546925	
4884000	-460.505147	1	2	1	'1 0 1 1 1 1 1 Z 	D	0.538465	0.024495	0.538465	0.538465	0.538465	0.538465	0.538465	0.000000	0.239119	0.250001	0.250316	0.260564	0.886694	
4885000	-462.437125	1	2	0	'1 0 1 1 0 1 1 0 	D	0.791744	0.002962	0.791744	0.791744	0.002962	0.791744	0.791744	0.002962	0.246405	0.248746	0.253741	0.251107	0.827233	
4886000	-460.793688	1	2	1	'1 Z 1 1 0 1 1 0 	D	0.600185	0.000000	0.600185	0.600185	0.026758	0.600185	0.600185	0.026758	0.252735	0.260606	0.219505	0.267153	0.268487	
4887000	-460.959170	1	2	1	'1 Z 1 1 1 1 1 0 	D	0.779281	0.000000	0.779281	0.779281	0.779281	0.779281	0.779281	0.035817	0.246179	0.250015	0.250019	0.253787	0.287099	
4888000	-460.544209	1	2	1	'1 Z 1 1 1 1 1 0 	D	0.751405	0.000000	0.751405	0.751405	0.751405	0.751405	0.751405	0.036057	0.245212	0.250019	0.250019	0.254749	0.988358	
4889000	-459.854522	1	2	1	'1 Z 1 1 1 1 1 0 	D	0.626096	0.000000	0.626096	0.626096	0.626096	0.626096	0.626096	0.041753	0.237385	0.250115	0.249839	0.262660	0.637434	
4890000	-460.145332	1	2	1	'1 0 1 1 1 1 1 Z 	D	0.562792	0.053696	0.562792	0.562792	0.562792	0.562792	0.562792	0.000000	0.241701	0.250203	0.249363	0.258733	0.469067	
4891000	-459.586821	1	2	0	'1 0 1 1 1 1 1 0 	D	0.603555	0.024804	0.603555	0.603555	0.603555	0.603555	0.603555	0.024804	0.239368	0.250109	0.249592	0.260931	0.436620	
4892000	-459.224667	1	2	0	'1 0 1 1 1 1 1 0 	D	0.649792	0.018502	0.649792	0.649792	0.649792	0.649792	0.649792	0.018502	0.242352	0.250014	0.249900	0.257735	0.335955	
4893000	-464.571588	1	2	1	'1 0 1 1 1 1 1 Z 	D	0.781324	0.004493	0.781324	0.781324	0.781324	0.781324	0.781324	0.000000	0.248700	0.249863	0.250418	0.251019	0.318596	
4894000	-459.354523	1	2	1	'1 0 1 1 1 1 1 Z 	D	0.666964	0.038383	0.666964	0.666964	0.666964	0.666964	0.666964	0.000000	0.246872	0.249985	0.250023	0.253120	0.432806	
4895000	-460.420787	1	2	1	'1 0 1 1 1 0 1 Z 	D	0.648723	0.013148	0.648723	0.648723	0.648723	0.013148	0.648723	0.000000	0.258044	0.269301	0.192661	0.279993	0.422198	
4896000	-459.278106	1	2	0	'1 0 1 1 1 1 1 0 	D	0.619689	0.020166	0.619689	0.619689	0.619689	0.619689	0.619689	0.020166	0.240329	0.250051	0.249762	0.259857	0.368441	
4897000	-460.921142	1	2	2	'1 0 1 1 1 Z 1 Z 	D	0.615228	0.042387	0.615228	0.615228	0.615228	0.000000	0.615228	0.000000	0.249544	0.280582	0.159976	0.309897	0.666972	
4898000	-459.335917	1	2	1	'1 0 1 1 1 1 1 Z 	D	0.656577	0.034725	0.656577	0.656577	0.656577	0.656577	0.656577	0.000000	0.246530	0.249979	0.250055	0.253437	0.748239	
4899000	-460.308962	1	2	1	'1 Z 1 1 1 1 1 0 	D	0.722046	0.000000	0.722046	0.722046	0.722046	0.722046	0.722046	0.021745	0.243538	0.249991	0.250055	0.256416	0.619585	
4900000	-461.430908	1	2	1	'1 Z 1 1 1 1 1 0 	D	0.775894	0.000000	0.775894	0.775894	0.775894	0.775894	0.775894	0.055903	0.246401	0.250031	0.250016	0.253552	0.846165	
4901000	-459.594844	1	2	1	'1 0 1 1 1 1 1 Z 	D	0.589925	0.029424	0.589925	0.589925	0.589925	0.589925	0.589925	0.000000	0.243402	0.249981	0.250141	0.256476	0.583091	
4902000	-461.056098	1	2	1	'1 0 1 1 1 1 1 Z 	D	0.806222	0.055415	0.806222	0.806222	0.806222	0.806222	0.806222	0.000000	0.249150	0.249993	0.249996	0.250861	0.936356	
4903000	-459.852812	1	2	1	'1 0 1 1 1 1 1 Z 	D	0.638358	0.065747	0.638358	0.638358	0.638358	0.638358	0.638358	0.000000	0.245986	0.250027	0.249814	0.254173	0.454394	
4904000	-459.853100	1	2	1	'1 0 1 1 Z 1 1 0 	D	0.731726	0.014414	0.731726	0.731726	0.000000	0.731726	0.731726	0.014414	0.251253	0.254554	0.236718	0.257475	0.850748	
4905000	-461.075628	1	2	1	'1 0 1 1 1 1 1 Z 	D	0.625741	0.010055	0.625741	0.625741	0.625741	0.625741	0.625741	0.000000	0.244767	0.249543	0.251474	0.254216	0.446790	
4906000	-460.222308	1	2	1	'1 0 1 1 1 1 1 Z 	D	0.716822	0.068511	0.716822	0.716822	0.716822	0.716822	0.716822	0.000000	0.248093	0.249993	0.249955	0.251959	0.429787	
4907000	-460.032984	1	2	2	'1 0 1 1 1 Z 1 Z 	D	0.676392	0.024249	0.676392	0.676392	0.676392	0.000000	0.676392	0.000000	0.256385	0.269499	0.192428	0.281688	0.959842	
4908000	-461.621986	1	2	1	'1 Z 1 1 1 1 1 0 	D	0.564563	0.000000	0.564563	0.564563	0.564563	0.564563	0.564563	0.065014	0.232179	0.250507	0.249179	0.268135	0.260382	
4909000	-459.207650	1	2	0	'1 0 1 1 1 1 1 0 	D	0.630792	0.015063	0.630792	0.630792	0.630792	0.630792	0.630792	0.015063	0.240793	0.250002	0.249906	0.259300	0.325470	
4910000	-461.582166	1	2	2	'1 0 1 1 Z Z 1 0 	D	0.566883	0.011339	0.566883	0.566883	0.000000	0.000000	0.566883	0.011339	0.309512	0.336880	0.000000	0.353608	0.227868	
4911000	-463.825476	1	2	1	'1 0 1 1 1 0 1 Z 	D	0.779710	0.088760	0.779710	0.779710	0.779710	0.088760	0.779710	0.000000	0.247341	0.259517	0.222582	0.270560	0.997010	
4912000	-460.014625	1	2	1	'1 0 1 1 1 0 1 Z 	D	0.663658	0.028471	0.663658	0.663658	0.663658	0.028471	0.663658	0.000000	0.253699	0.268528	0.195380	0.282393	0.854758	
4913000	-460.136731	1	2	1	'1 Z 1 1 1 1 1 0 	D	0.561073	0.000000	0.561073	0.561073	0.561073	0.561073	0.561073	0.025725	0.227689	0.250072	0.249512	0.272726	0.179748	
4914000	-459.761084	1	2	1	'1 0 1 1 1 1 1 Z 	D	0.703354	0.027574	0.703354	0.703354	0.703354	0.703354	0.703354	0.000000	0.247724	0.249967	0.250092	0.252217	0.167485	
4915000	-461.017377	1	2	1	'1 Z 1 1 1 1 1 0 	D	0.772982	0.000000	0.772982	0.772982	0.772982	0.772982	0.772982	0.022416	0.245741	0.249999	0.250035	0.254226	0.638812	
4916000	-459.581360	1	2	1	'1 0 1 1 1 1 1 Z 	D	0.599932	0.049157	0.599932	0.599932	0.599932	0.599932	0.599932	0.000000	0.244164	0.250067	0.249763	0.256006	0.207473	
4917000	-459.817947	1	2	1	'1 0 1 1 1 1 1 Z 	D	0.702662	0.025857	0.702662	0.702662	0.702662	0.702662	0.702662	0.000000	0.247699	0.249963	0.250109	0.252230	0.497116	
4918000	-459.309249	1	2	1	'1 0 1 1 1 1 1 Z 	D	0.648447	0.039944	0.648447	0.648447	0.648447	0.648447	0.648447	0.000000	0.246284	0.249993	0.249999	0.253724	0.554489	
4919000	-460.959717	1	2	1	'1 0 1 1 1 1 1 Z 	D	0.601590	0.010993	0.601590	0.601590	0.601590	0.601590	0.601590	0.000000	0.243466	0.249465	0.251759	0.255310	0.891571	
4920000	-463.497627	1	2	0	'1 0 1 1 1 1 1 0 	D	0.530356	0.002249	0.530356	0.530356	0.530356	0.530356	0.530356	0.002249	0.224433	0.247090	0.258073	0.270405	0.186620	
4921000	-461.376204	1	2	1	'1 Z 1 1 0 1 1 0 	D	0.669385	0.000000	0.669385	0.669385	0.044394	0.669385	0.669385	0.044394	0.257163	0.257742	0.227911	0.257183	0.474795	
4922000	-459.912558	1	2	1	'1 Z 1 1 1 1 1 0 	D	0.637984	0.000000	0.637984	0.637984	0.637984	0.637984	0.637984	0.017748	0.237130	0.249922	0.250139	0.262809	0.593867	
4923000	-463.077352	1	2	2	'1 Z 1 1 Z 1 1 0 	D	0.658021	0.000000	0.658021	0.658021	0.000000	0.658021	0.658021	0.060097	0.271238	0.265225	0.206747	0.256789	0.225779	
4924000	-460.057872	1	2	1	'1 0 1 1 1 1 1 Z 	D	0.562337	0.049993	0.562337	0.562337	0.562337	0.562337	0.562337	0.000000	0.241652	0.250193	0.249423	0.258732	0.421609	
4925000	-463.342993	1	2	1	'1 0 1 1 1 1 1 Z 	D	0.750853	0.134757	0.750853	0.750853	0.750853	0.750853	0.750853	0.000000	0.248613	0.249983	0.249937	0.251468	0.297614	
4926000	-460.063999	1	2	2	'1 0 1 1 1 Z 1 Z 	D	0.662272	0.027461	0.662272	0.662272	0.662272	0.000000	0.662272	0.000000	0.255720	0.271673	0.186088	0.286519	0.913016	
4927000	-460.488254	1	2	1	'1 0 1 1 0 Z 1 0 	D	0.620915	0.006350	0.620915	0.620915	0.006350	0.000000	0.620915	0.006350	0.317975	0.335038	0.000045	0.346942	0.798789	
4928000	-460.703851	1	2	1	'1 0 1 1 1 0 1 Z 	D	0.576457	0.017700	0.576457	0.576457	0.576457	0.017700	0.576457	0.000000	0.255536	0.278973	0.163967	0.301524	0.268215	
4929000	-463.612119	1	2	3	'1 Z 1 1 Z Z 1 0 	D	0.863180	0.000000	0.863180	0.863180	0.000000	0.000000	0.863180	0.009100	0.338203	0.334153	0.000000	0.327644	0.235275	
4930000	-462.587701	1	2	1	'1 Z 1 1 0 0 1 0 	D	0.810663	0.000000	0.810663	0.810663	0.013980	0.013980	0.810663	0.013980	0.341764	0.334278	0.000934	0.323024	0.460137	
4931000	-459.979328	1	2	0	'1 0 1 1 0 1 1 0 	D	0.736454	0.016253	0.736454	0.736454	0.016253	0.736454	0.736454	0.016253	0.250780	0.253846	0.238827	0.256547	0.217869	
4932000	-461.229387	1	2	1	'1 0 1 1 1 Z 1 0 	D	0.674466	0.026109	0.674466	0.674466	0.674466	0.000000	0.674466	0.026109	0.258732	0.268874	0.196116	0.276278	0.815734	
4933000	-461.625502	1	2	2	'1 Z 1 1 Z 1 1 0 	D	0.689248	0.000000	0.689248	0.689248	0.000000	0.689248	0.689248	0.044444	0.261163	0.260119	0.220942	0.257777	0.853267	
4934000	-459.716085	1	2	1	'1 0 1 1 Z 1 1 0 	D	0.600109	0.008560	0.600109	0.600109	0.000000	0.600109	0.600109	0.008560	0.249465	0.260880	0.218013	0.271642	0.275836	
4935000	-461.541701	1	2	3	'1 Z 1 1 Z Z 1 0 	D	0.600938	0.000000	0.600938	0.600938	0.000000	0.000000	0.600938	0.011943	0.333610	0.335212	0.000000	0.331178	0.121509	
4936000	-460.454935	1	2	1	'1 0 1 1 0 Z 1 0 	D	0.667701	0.006679	0.667701	0.667701	0.006679	0.000000	0.667701	0.006679	0.322672	0.334979	0.000051	0.342298	0.217472	
4937000	-459.941010	1	2	1	'1 0 1 1 Z 1 1 0 	D	0.747901	0.011578	0.747901	0.747901	0.000000	0.747901	0.747901	0.011578	0.250624	0.253625	0.239364	0.256386	0.367434	
4938000	-460.162746	1	2	2	'1 0 1 1 1 Z 1 Z 	D	0.643009	0.017355	0.643009	0.643009	0.643009	0.000000	0.643009	0.000000	0.258180	0.272253	0.184038	0.285529	0.889224	
4939000	-461.422269	1	2	1	'1 Z 1 1 1 1 1 0 	D	0.541138	0.000000	0.541138	0.541138	0.541138	0.541138	0.541138	0.053716	0.227601	0.250605	0.248715	0.273079	0.251659	
4940000	-461.564483	1	2	3	'1 0 1 1 Z Z 1 Z 	D	0.738298	0.007045	0.738298	0.738298	0.000000	0.000000	0.738298	0.000000	0.320573	0.334028	0.000000	0.345399	0.218185	
4941000	-459.658583	1	2	1	'1 0 1 1 Z 1 1 0 	D	0.624531	0.007481	0.624531	0.624531	0.000000	0.624531	0.624531	0.007481	0.249583	0.258957	0.223571	0.267889	0.338657	
4942000	-460.578808	1	2	1	'1 0 1 1 1 1 1 Z 	D	0.627648	0.083443	0.627648	0.627648	0.627648	0.627648	0.627648	0.000000	0.245544	0.250042	0.249695	0.254719	0.280269	
4943000	-459.870417	1	2	1	'1 0 1 1 1 1 1 Z 	D	0.570289	0.047025	0.570289	0.570289	0.570289	0.570289	0.570289	0.000000	0.242246	0.250147	0.249570	0.258037	0.759138	
4944000	-459.903090	1	2	1	'1 0 1 1 Z 1 1 0 	D	0.581550	0.008829	0.581550	0.581550	0.000000	0.581550	0.581550	0.008829	0.248959	0.262323	0.213821	0.274896	0.516607	
4945000	-460.401845	1	2	1	'0 Z 0 0 0 0 0 1 	D	0.727858	0.000000	0.727858	0.727858	0.727858	0.727858	0.727858	0.043616	0.244398	0.250036	0.250011	0.255555	0.514977	
4946000	-461.209387	1	2	0	'0 1 0 0 1 0 0 1 	D	0.517184	0.010559	0.517184	0.517184	0.010559	0.517184	0.517184	0.010559	0.244350	0.267063	0.200392	0.288196	0.287487	
4947000	-462.152226	1	2	2	'0 1 0 0 0 Z 0 Z 	D	0.677456	0.064649	0.677456	0.677456	0.677456	0.000000	0.677456	0.000000	0.247905	0.275465	0.175856	0.300773	0.342595	
4948000	-459.432801	1	2	0	'0 1 0 0 0 0 0 1 	D	0.583394	0.015797	0.583394	0.583394	0.583394	0.583394	0.583394	0.015797	0.236520	0.250071	0.249613	0.263796	0.278568	
4949000	-459.798094	1	2	1	'0 1 0 0 0 0 0 Z 	D	0.649157	0.064421	0.649157	0.649157	0.649157	0.649157	0.649157	0.000000	0.246378	0.250017	0.249854	0.253750	0.624198	
4950000	-459.305786	1	2	1	'0 1 0 0 0 0 0 Z 	D	0.642659	0.040068	0.642659	0.642659	0.642659	0.642659	0.642659	0.000000	0.246076	0.249996	0.249992	0.253936	0.359085	
4951000	-461.179307	1	2	1	'0 1 0 0 1 Z 0 1 	D	0.557196	0.007006	0.557196	0.557196	0.007006	0.000000	0.557196	0.007006	0.307905	0.335457	0.000052	0.356586	0.303305	
4952000	-460.766710	1	2	2	'0 1 0 0 Z 1 0 Z 	D	0.669140	0.020014	0.669140	0.669140	0.000000	0.020014	0.669140	0.000000	0.296250	0.334731	0.000586	0.368433	0.457896	
4953000	-459.275773	1	2	0	'0 1 0 0 0 0 0 1 	D	0.604807	0.017232	0.604807	0.604807	0.604807	0.604807	0.604807	0.017232	0.238809	0.250049	0.249734	0.261408	0.415331	
4954000	-460.564518	1	2	1	'0 1 0 0 0 0 0 Z 	D	0.532487	0.045063	0.532487	0.532487	0.532487	0.532487	0.532487	0.000000	0.238894	0.250363	0.249050	0.261693	0.432703	
4955000	-459.728310	1	2	1	'0 Z 0 0 0 0 0 1 	D	0.665177	0.000000	0.665177	0.665177	0.665177	0.665177	0.665177	0.035358	0.240423	0.250046	0.249973	0.259558	0.639768	
4956000	-461.639915	1	2	1	'0 Z 0 0 0 0 0 1 	D	0.818642	0.000000	0.818642	0.818642	0.818642	0.818642	0.818642	0.032471	0.247192	0.250009	0.250016	0.252783	0.353001	
4957000	-461.756893	1	2	0	'0 1 0 0 1 1 0 1 	D	0.649412	0.002132	0.649412	0.649412	0.002132	0.002132	0.649412	0.002132	0.321444	0.333849	0.000023	0.344684	0.865884	
4958000	-462.167045	1	2	2	'0 1 0 0 Z Z 0 1 	D	0.812787	0.004303	0.812787	0.812787	0.000000	0.000000	0.812787	0.004303	0.329972	0.334184	0.000000	0.335844	0.485245	
4959000	-459.338787	1	2	1	'0 1 0 0 0 0 0 Z 	D	0.660934	0.036237	0.660934	0.660934	0.660934	0.660934	0.660934	0.000000	0.246678	0.249982	0.250040	0.253300	0.568816	
4960000	-460.289652	1	2	1	'0 Z 0 0 0 0 0 1 	D	0.648021	0.000000	0.648021	0.648021	0.648021	0.648021	0.648021	0.013741	0.237865	0.249871	0.250269	0.261995	0.614548	
4961000	-460.823670	1	2	2	'0 1 0 0 Z 1 0 Z 	D	0.635898	0.020881	0.635898	0.635898	0.000000	0.020881	0.635898	0.000000	0.289412	0.334644	0.000655	0.375289	0.707533	
4962000	-461.517750	1	2	3	'0 Z 0 0 Z Z 0 1 	D	0.661788	0.000000	0.661788	0.661788	0.000000	0.000000	0.661788	0.017372	0.346376	0.335483	0.000000	0.318141	0.888999	
4963000	-462.344388	1	2	2	'0 1 0 0 Z Z 0 1 	D	0.698467	0.001743	0.698467	0.698467	0.000000	0.000000	0.698467	0.001743	0.325403	0.333736	0.000000	0.340861	0.307479	
4964000	-459.234852	1	2	0	'0 1 0 0 0 0 0 1 	D	0.657053	0.017660	0.657053	0.657053	0.657053	0.657053	0.657053	0.017660	0.242748	0.250006	0.249927	0.257319	0.724793	
4965000	-459.470678	1	2	1	'0 1 0 0 0 0 0 Z 	D	0.598191	0.040386	0.598191	0.598191	0.598191	0.598191	0.598191	0.000000	0.244016	0.250042	0.249884	0.256058	0.215280	
4966000	-459.779178	1	2	1	'0 1 0 0 0 0 0 Z 	D	0.653175	0.063801	0.653175	0.653175	0.653175	0.653175	0.653175	0.000000	0.246514	0.250014	0.249868	0.253604	0.356053	
4967000	-460.259634	1	2	1	'0 Z 0 0 0 0 0 1 	D	0.556368	0.000000	0.556368	0.556368	0.556368	0.556368	0.556368	0.032429	0.227654	0.250212	0.249268	0.272866	0.477569	
4968000	-460.406390	1	2	1	'0 1 0 0 Z 0 0 1 	D	0.709782	0.022063	0.709782	0.709782	0.000000	0.709782	0.709782	0.022063	0.252626	0.256176	0.232273	0.258925	0.695799	
4969000	-460.224282	1	2	1	'0 1 0 0 0 1 0 Z 	D	0.647380	0.035105	0.647380	0.647380	0.647380	0.035105	0.647380	0.000000	0.251532	0.270587	0.189428	0.288454	0.329028	
4970000	-459.977865	1	2	1	'0 1 0 0 0 1 0 Z 	D	0.658677	0.023949	0.658677	0.658677	0.658677	0.023949	0.658677	0.000000	0.254875	0.268866	0.194268	0.281991	0.522867	
4971000	-461.397748	1	2	1	'0 1 0 0 0 1 0 Z 	D	0.614217	0.053895	0.614217	0.614217	0.614217	0.053895	0.614217	0.000000	0.243616	0.274896	0.176790	0.304697	0.722836	
4972000	-459.253072	1	2	0	'0 1 0 0 0 0 0 1 	D	0.610927	0.017828	0.610927	0.610927	0.610927	0.610927	0.610927	0.017828	0.239408	0.250046	0.249757	0.260790	0.426042	
4973000	-459.572534	1	2	1	'0 1 0 0 0 0 0 Z 	D	0.702110	0.039514	0.702110	0.702110	0.702110	0.702110	0.702110	0.000000	0.247752	0.249985	0.250020	0.252244	0.491167	
4974000	-461.402482	1	2	1	'0 Z 0 0 0 0 0 1 	D	0.585349	0.000000	0.585349	0.585349	0.585349	0.585349	0.585349	0.066606	0.234822	0.250381	0.249472	0.265324	0.759702	
4975000	-460.023423	1	2	0	'0 1 0 0 0 0 0 1 	D	0.703701	0.029502	0.703701	0.703701	0.703701	0.703701	0.703701	0.029502	0.245528	0.250015	0.249939	0.254518	0.722213	
4976000	-461.450642	1	2	1	'0 1 0 0 0 0 0 Z 	D	0.732746	0.097603	0.732746	0.732746	0.732746	0.732746	0.732746	0.000000	0.248367	0.249990	0.249940	0.251704	0.995293	
4977000	-461.480032	1	2	0	'0 1 0 0 0 1 0 1 	D	0.662150	0.028437	0.662150	0.662150	0.662150	0.028437	0.662150	0.028437	0.256701	0.267688	0.199779	0.275832	0.442339	
4978000	-460.874172	1	2	1	'0 1 0 0 1 1 0 Z 	D	0.707363	0.010403	0.707363	0.707363	0.010403	0.010403	0.707363	0.000000	0.314141	0.334126	0.000523	0.351210	0.439012	
4979000	-459.587341	1	2	0	'0 1 0 0 0 1 0 1 	D	0.627843	0.009695	0.627843	0.627843	0.627843	0.009695	0.627843	0.009695	0.259424	0.272466	0.183838	0.284272	0.561937	
4980000	-460.125488	1	2	1	'0 1 0 0 0 0 0 Z 	D	0.639404	0.016290	0.639404	0.639404	0.639404	0.639404	0.639404	0.000000	0.245667	0.249825	0.250584	0.253924	0.328479	
4981000	-460.735627	1	2	1	'0 1 0 0 0 0 0 Z 	D	0.665355	0.088656	0.665355	0.665355	0.665355	0.665355	0.665355	0.000000	0.246898	0.250007	0.249833	0.253262	0.628659	
4982000	-460.549599	1	2	0	'0 1 0 0 1 0 0 1 	D	0.680188	0.024528	0.680188	0.680188	0.024528	0.680188	0.680188	0.024528	0.251983	0.256389	0.231822	0.259807	0.641575	
4983000	-462.138210	1	2	1	'0 Z 0 0 1 0 0 1 	D	0.793705	0.000000	0.793705	0.793705	0.009625	0.793705	0.793705	0.009625	0.246477	0.249685	0.250951	0.252887	0.785594	
4984000	-460.222310	1	2	0	'0 1 0 0 0 0 0 1 	D	0.719327	0.030411	0.719327	0.719327	0.719327	0.719327	0.719327	0.030411	0.246104	0.250011	0.249954	0.253930	0.954347	
4985000	-462.247796	1	2	3	'0 1 0 0 Z Z 0 Z 	D	0.572909	0.030754	0.572909	0.572909	0.000000	0.000000	0.572909	0.000000	0.255650	0.334204	0.000000	0.410146	0.268589	
4986000	-460.828667	1	2	1	'0 1 0 0 0 1 0 Z 	D	0.695826	0.048519	0.695826	0.695826	0.695826	0.048519	0.695826	0.000000	0.249880	0.265822	0.203748	0.280549	0.405384	
4987000	-466.728119	1	2	1	'0 1 0 0 0 0 0 Z 	D	1.059139	0.069358	1.059139	1.059139	1.059139	1.059139	1.059139	0.000000	0.249907	0.249999	0.249999	0.250094	0.933954	
4988000	-460.855479	1	2	1	'0 1 0 0 0 Z 0 1 	D	0.802522	0.012552	0.802522	0.802522	0.802522	0.000000	0.802522	0.012552	0.255022	0.258037	0.226364	0.260577	0.957604	
4989000	-459.845097	1	2	1	'0 Z 0 0 0 0 0 1 	D	0.691466	0.000000	0.691466	0.691466	0.691466	0.691466	0.691466	0.030834	0.242066	0.250020	0.250015	0.257899	0.232238	
4990000	-460.275749	1	2	0	'0 1 0 0 0 0 0 1 	D	0.746715	0.011819	0.746715	0.746715	0.746715	0.746715	0.746715	0.011819	0.246400	0.249984	0.250031	0.253584	0.349716	
4991000	-460.421717	1	2	1	'0 1 0 0 0 1 0 Z 	D	0.647669	0.039979	0.647669	0.647669	0.647669	0.039979	0.647669	0.000000	0.250164	0.270687	0.189222	0.289926	0.239540	
4992000	-461.516766	1	2	2	'0 1 0 0 0 Z 0 Z 	D	0.537522	0.018180	0.537522	0.537522	0.537522	0.000000	0.537522	0.000000	0.253916	0.287661	0.137865	0.320558	0.655077	
4993000	-461.466363	1	2	2	'0 1 0 0 0 Z 0 Z 	D	0.583957	0.008997	0.583957	0.583957	0.583957	0.000000	0.583957	0.000000	0.261078	0.278421	0.165327	0.295174	0.803253	
4994000	-459.664372	1	2	1	'0 1 0 0 0 0 0 Z 	D	0.591340	0.049455	0.591340	0.591340	0.591340	0.591340	0.591340	0.000000	0.243667	0.250087	0.249706	0.256540	0.344912	
4995000	-461.280332	1	2	1	'0 1 0 0 0 0 0 Z 	D	0.505665	0.028189	0.505665	0.505665	0.505665	0.505665	0.505665	0.000000	0.235409	0.250352	0.249479	0.264760	0.478629	
4996000	-461.905595	1	2	1	'0 1 0 0 0 0 0 Z 	D	0.841256	0.067498	0.841256	0.841256	0.841256	0.841256	0.841256	0.000000	0.249387	0.249995	0.249994	0.250624	0.682678	
4997000	-459.377566	1	2	1	'0 1 0 0 0 0 0 Z 	D	0.655376	0.031245	0.655376	0.655376	0.655376	0.655376	0.655376	0.000000	0.246466	0.249968	0.250097	0.253469	0.453144	
4998000	-460.001696	1	2	1	'0 1 0 0 0 1 0 Z 	D	0.681520	0.025903	0.681520	0.681520	0.681520	0.025903	0.681520	0.000000	0.254403	0.266556	0.201153	0.277888	0.505574	
4999000	-460.647906	1	2	1	'0 1 0 0 0 0 0 Z 	D	0.689060	0.085138	0.689060	0.689060	0.689060	0.689060	0.689060	0.000000	0.247529	0.249998	0.249894	0.252579	0.295036	
5000000	-459.856102	1	2	1	'0 1 0 0 0 0 0 Z 	D	0.593776	0.021492	0.593776	0.593776	0.593776	0.593776	0.593776	0.000000	0.243478	0.249865	0.250526	0.256132	0.355984	
