Default schedule
Rate	44.44
Est Data	55.56
Rate Tried	% Accepted	Est Data Tried	% Accepted	Rates - Dev	Rates - Tried	Rates - Accepted	Sample Ave Acceptance	Total Ave Acceptance	
463	0.382289	537	0.530726	9.280260	0	0.000000	0.462000	0.447209	
427	0.266979	573	0.589878	9.280260	0	0.000000	0.452000	0.447218	
466	0.459227	534	0.567416	9.280260	0	0.000000	0.517000	0.447357	
431	0.324826	569	0.546573	9.280260	0	0.000000	0.451000	0.447364	
428	0.415888	572	0.573427	9.280260	0	0.000000	0.506000	0.447480	
441	0.281179	559	0.527728	9.280260	0	0.000000	0.419000	0.447424	
429	0.221445	571	0.528897	9.280260	0	0.000000	0.397000	0.447325	
403	0.255583	597	0.495812	9.280260	0	0.000000	0.399000	0.447229	
466	0.278970	534	0.546816	9.280260	0	0.000000	0.422000	0.447180	
469	0.486141	531	0.517891	9.280260	0	0.000000	0.503000	0.447289	
462	0.235931	538	0.540892	9.280260	0	0.000000	0.400000	0.447197	
457	0.253829	543	0.523020	9.280260	0	0.000000	0.400000	0.447105	
430	0.290698	570	0.484211	9.280260	0	0.000000	0.401000	0.447015	
455	0.378022	545	0.555963	9.280260	0	0.000000	0.475000	0.447069	
452	0.336283	548	0.572993	9.280260	0	0.000000	0.466000	0.447106	
407	0.154791	593	0.543002	9.280260	0	0.000000	0.385000	0.446986	
444	0.490991	556	0.516187	9.280260	0	0.000000	0.505000	0.447098	
468	0.279915	532	0.481203	9.280260	0	0.000000	0.387000	0.446982	
479	0.169102	521	0.472169	9.280260	0	0.000000	0.327000	0.446751	
418	0.291866	582	0.508591	9.280260	0	0.000000	0.418000	0.446695	
453	0.041943	547	0.574040	9.280260	0	0.000000	0.333000	0.446477	
435	0.464368	565	0.520354	9.280260	0	0.000000	0.496000	0.446572	
456	0.458333	544	0.562500	9.280260	0	0.000000	0.515000	0.446703	
489	0.437628	511	0.604697	9.280260	0	0.000000	0.523000	0.446848	
450	0.251111	550	0.590909	9.280260	0	0.000000	0.438000	0.446832	
441	0.195011	559	0.540250	9.280260	0	0.000000	0.388000	0.446720	
441	0.399093	559	0.499106	9.280260	0	0.000000	0.455000	0.446735	
453	0.362031	547	0.493601	9.280260	0	0.000000	0.434000	0.446711	
465	0.277419	535	0.540187	9.280260	0	0.000000	0.418000	0.446657	
436	0.185780	564	0.512411	9.280260	0	0.000000	0.370000	0.446512	
445	0.265169	555	0.488288	9.280260	0	0.000000	0.389000	0.446404	
491	0.315682	509	0.516699	9.280260	0	0.000000	0.418000	0.446351	
430	0.123256	570	0.536842	9.280260	0	0.000000	0.359000	0.446187	
466	0.465665	534	0.567416	9.280260	0	0.000000	0.520000	0.446325	
427	0.428571	573	0.504363	9.280260	0	0.000000	0.472000	0.446373	
420	0.214286	580	0.508621	9.280260	0	0.000000	0.385000	0.446258	
463	0.235421	537	0.513966	9.280260	0	0.000000	0.385000	0.446144	
481	0.434511	519	0.574181	9.280260	0	0.000000	0.507000	0.446258	
472	0.495763	528	0.535985	9.280260	0	0.000000	0.517000	0.446389	
427	0.299766	573	0.560209	9.280260	0	0.000000	0.449000	0.446394	
430	0.193023	570	0.507018	9.280260	0	0.000000	0.372000	0.446256	
445	0.384270	555	0.517117	9.280260	0	0.000000	0.458000	0.446278	
457	0.457330	543	0.565378	9.280260	0	0.000000	0.516000	0.446406	
428	0.411215	572	0.515734	9.280260	0	0.000000	0.471000	0.446451	
460	0.082609	540	0.570370	9.280260	0	0.000000	0.346000	0.446267	
459	0.400871	541	0.534196	9.280260	0	0.000000	0.473000	0.446316	
440	0.406818	560	0.550000	9.280260	0	0.000000	0.487000	0.446390	
417	0.390887	583	0.542024	9.280260	0	0.000000	0.479000	0.446450	
437	0.453089	563	0.557726	9.280260	0	0.000000	0.512000	0.446569	
450	0.355556	550	0.540000	9.280260	0	0.000000	0.457000	0.446588	
450	0.371111	550	0.561818	9.280260	0	0.000000	0.476000	0.446642	
435	0.354023	565	0.502655	9.280260	0	0.000000	0.438000	0.446626	
447	0.400447	553	0.515371	9.280260	0	0.000000	0.464000	0.446657	
449	0.293987	551	0.542650	9.280260	0	0.000000	0.431000	0.446629	
416	0.322115	584	0.544521	9.280260	0	0.000000	0.452000	0.446639	
431	0.366589	569	0.576450	9.280260	0	0.000000	0.486000	0.446710	
405	0.471605	595	0.542857	9.280260	0	0.000000	0.514000	0.446830	
409	0.136919	591	0.558376	9.280260	0	0.000000	0.386000	0.446721	
456	0.311404	544	0.558824	9.280260	0	0.000000	0.446000	0.446720	
485	0.400000	515	0.495146	9.280260	0	0.000000	0.449000	0.446724	
425	0.348235	575	0.554783	9.280260	0	0.000000	0.467000	0.446760	
440	0.431818	560	0.525000	9.280260	0	0.000000	0.484000	0.446827	
467	0.423983	533	0.534709	9.280260	0	0.000000	0.483000	0.446891	
442	0.246606	558	0.544803	9.280260	0	0.000000	0.413000	0.446831	
375	0.408000	625	0.542400	9.280260	0	0.000000	0.492000	0.446911	
414	0.442029	586	0.530717	9.280260	0	0.000000	0.494000	0.446994	
453	0.339956	547	0.586837	9.280260	0	0.000000	0.475000	0.447043	
435	0.273563	565	0.576991	9.280260	0	0.000000	0.445000	0.447040	
427	0.414520	573	0.556719	9.280260	0	0.000000	0.496000	0.447126	
414	0.471014	586	0.510239	9.280260	0	0.000000	0.494000	0.447208	
448	0.450893	552	0.521739	9.280260	0	0.000000	0.490000	0.447283	
452	0.477876	548	0.540146	9.280260	0	0.000000	0.512000	0.447396	
422	0.393365	578	0.543253	9.280260	0	0.000000	0.480000	0.447453	
458	0.329694	542	0.538745	9.280260	0	0.000000	0.443000	0.447445	
441	0.421769	559	0.533095	9.280260	0	0.000000	0.484000	0.447509	
427	0.180328	573	0.551483	9.280260	0	0.000000	0.393000	0.447414	
426	0.258216	574	0.580139	9.280260	0	0.000000	0.443000	0.447407	
443	0.331828	557	0.545781	9.280260	0	0.000000	0.451000	0.447413	
451	0.412417	549	0.493625	9.280260	0	0.000000	0.457000	0.447429	
464	0.385776	536	0.572761	9.280260	0	0.000000	0.486000	0.447496	
461	0.290672	539	0.549165	9.280260	0	0.000000	0.430000	0.447466	
431	0.415313	569	0.564148	9.280260	0	0.000000	0.500000	0.447556	
456	0.337719	544	0.560662	9.280260	0	0.000000	0.459000	0.447576	
426	0.276995	574	0.480836	9.280260	0	0.000000	0.394000	0.447484	
444	0.382883	556	0.485612	9.280260	0	0.000000	0.440000	0.447471	
454	0.409692	546	0.551282	9.280260	0	0.000000	0.487000	0.447538	
475	0.511579	525	0.560000	9.280260	0	0.000000	0.537000	0.447691	
446	0.464126	554	0.537906	9.280260	0	0.000000	0.505000	0.447788	
440	0.450000	560	0.512500	9.280260	0	0.000000	0.485000	0.447852	
436	0.444954	564	0.581560	9.280260	0	0.000000	0.522000	0.447977	
445	0.307865	555	0.572973	9.280260	0	0.000000	0.455000	0.447989	
479	0.450939	521	0.533589	9.280260	0	0.000000	0.494000	0.448067	
451	0.314856	549	0.522769	9.280260	0	0.000000	0.429000	0.448035	
467	0.394004	533	0.485929	9.280260	0	0.000000	0.443000	0.448026	
427	0.428571	573	0.532286	9.280260	0	0.000000	0.488000	0.448093	
396	0.318182	604	0.557947	9.280260	0	0.000000	0.463000	0.448118	
419	0.264916	581	0.571429	9.280260	0	0.000000	0.443000	0.448110	
451	0.352550	549	0.544627	9.280260	0	0.000000	0.458000	0.448126	
436	0.350917	564	0.558511	9.280260	0	0.000000	0.468000	0.448160	
431	0.313225	569	0.520211	9.280260	0	0.000000	0.431000	0.448131	
439	0.451025	561	0.559715	9.280260	0	0.000000	0.512000	0.448237	
474	0.405063	526	0.532319	9.280260	0	0.000000	0.472000	0.448277	
451	0.343681	549	0.551913	9.280260	0	0.000000	0.458000	0.448293	
469	0.281450	531	0.512241	9.280260	0	0.000000	0.404000	0.448219	
433	0.256351	567	0.523810	9.280260	0	0.000000	0.408000	0.448153	
435	0.397701	565	0.516814	9.280260	0	0.000000	0.465000	0.448181	
399	0.431078	601	0.492512	9.280260	0	0.000000	0.468000	0.448213	
428	0.380841	572	0.541958	9.280260	0	0.000000	0.473000	0.448254	
414	0.045894	586	0.552901	9.280260	0	0.000000	0.343000	0.448081	
468	0.170940	532	0.535714	9.280260	0	0.000000	0.365000	0.447945	
489	0.364008	511	0.551859	9.280260	0	0.000000	0.460000	0.447965	
493	0.468560	507	0.506903	9.280260	0	0.000000	0.488000	0.448030	
480	0.418750	520	0.505769	9.280260	0	0.000000	0.464000	0.448056	
434	0.343318	566	0.531802	9.280260	0	0.000000	0.450000	0.448060	
429	0.335664	571	0.525394	9.280260	0	0.000000	0.444000	0.448053	
439	0.255125	561	0.556150	9.280260	0	0.000000	0.424000	0.448014	
450	0.457778	550	0.498182	9.280260	0	0.000000	0.480000	0.448066	
464	0.420259	536	0.509328	9.280260	0	0.000000	0.468000	0.448098	
449	0.258352	551	0.560799	9.280260	0	0.000000	0.425000	0.448061	
433	0.473441	567	0.488536	9.280260	0	0.000000	0.482000	0.448115	
409	0.518337	591	0.465313	9.280260	0	0.000000	0.487000	0.448178	
423	0.430260	577	0.507799	9.280260	0	0.000000	0.475000	0.448221	
454	0.394273	546	0.531136	9.280260	0	0.000000	0.469000	0.448254	
426	0.255869	574	0.569686	9.280260	0	0.000000	0.436000	0.448235	
451	0.419069	549	0.551913	9.280260	0	0.000000	0.492000	0.448305	
454	0.323789	546	0.531136	9.280260	0	0.000000	0.437000	0.448287	
451	0.186253	549	0.566485	9.280260	0	0.000000	0.395000	0.448202	
474	0.367089	526	0.526616	9.280260	0	0.000000	0.451000	0.448206	
472	0.271186	528	0.511364	9.280260	0	0.000000	0.398000	0.448126	
481	0.291060	519	0.531792	9.280260	0	0.000000	0.416000	0.448075	
445	0.373034	555	0.578378	9.280260	0	0.000000	0.487000	0.448137	
427	0.236534	573	0.558464	9.280260	0	0.000000	0.421000	0.448094	
412	0.082524	588	0.551020	9.280260	0	0.000000	0.358000	0.447952	
427	0.269321	573	0.521815	9.280260	0	0.000000	0.414000	0.447898	
451	0.443459	549	0.522769	9.280260	0	0.000000	0.487000	0.447960	
470	0.087234	530	0.533962	9.280260	0	0.000000	0.324000	0.447765	
453	0.108168	547	0.559415	9.280260	0	0.000000	0.355000	0.447619	
458	0.318777	542	0.535055	9.280260	0	0.000000	0.436000	0.447601	
459	0.278867	541	0.554529	9.280260	0	0.000000	0.428000	0.447571	
464	0.215517	536	0.542910	9.280260	0	0.000000	0.391000	0.447482	
449	0.314031	551	0.540835	9.280260	0	0.000000	0.439000	0.447469	
482	0.352697	518	0.517375	9.280260	0	0.000000	0.438000	0.447454	
454	0.301762	546	0.551282	9.280260	0	0.000000	0.438000	0.447439	
460	0.334783	540	0.566667	9.280260	0	0.000000	0.460000	0.447459	
432	0.502315	568	0.538732	9.280260	0	0.000000	0.523000	0.447576	
445	0.307865	555	0.527928	9.280260	0	0.000000	0.430000	0.447549	
430	0.190698	570	0.587719	9.280260	0	0.000000	0.417000	0.447502	
421	0.277910	579	0.542314	9.280260	0	0.000000	0.431000	0.447476	
450	0.211111	550	0.476364	9.280260	0	0.000000	0.357000	0.447337	
433	0.327945	567	0.543210	9.280260	0	0.000000	0.450000	0.447341	
439	0.428246	561	0.570410	9.280260	0	0.000000	0.508000	0.447434	
437	0.400458	563	0.564831	9.280260	0	0.000000	0.493000	0.447504	
434	0.479263	566	0.560071	9.280260	0	0.000000	0.525000	0.447623	
417	0.388489	583	0.552316	9.280260	0	0.000000	0.484000	0.447678	
467	0.325482	533	0.549719	9.280260	0	0.000000	0.445000	0.447674	
437	0.503432	563	0.531083	9.280260	0	0.000000	0.519000	0.447783	
425	0.404706	575	0.530435	9.280260	0	0.000000	0.477000	0.447827	
466	0.238197	534	0.526217	9.280260	0	0.000000	0.392000	0.447742	
449	0.412027	551	0.546279	9.280260	0	0.000000	0.486000	0.447801	
437	0.210526	563	0.586146	9.280260	0	0.000000	0.422000	0.447761	
428	0.301402	572	0.513986	9.280260	0	0.000000	0.423000	0.447724	
419	0.002387	581	0.581756	9.280260	0	0.000000	0.339000	0.447560	
444	0.195946	556	0.530576	9.280260	0	0.000000	0.382000	0.447461	
454	0.378855	546	0.507326	9.280260	0	0.000000	0.449000	0.447463	
446	0.363229	554	0.523466	9.280260	0	0.000000	0.452000	0.447470	
462	0.106061	538	0.552045	9.280260	0	0.000000	0.346000	0.447318	
449	0.178174	551	0.546279	9.280260	0	0.000000	0.381000	0.447218	
443	0.462754	557	0.567325	9.280260	0	0.000000	0.521000	0.447329	
472	0.415254	528	0.532197	9.280260	0	0.000000	0.477000	0.447373	
455	0.331868	545	0.552294	9.280260	0	0.000000	0.452000	0.447380	
444	0.457207	556	0.546763	9.280260	0	0.000000	0.507000	0.447469	
450	0.502222	550	0.529091	9.280260	0	0.000000	0.517000	0.447572	
469	0.422175	531	0.532957	9.280260	0	0.000000	0.481000	0.447622	
445	0.143820	555	0.533333	9.280260	0	0.000000	0.360000	0.447492	
447	0.422819	553	0.509946	9.280260	0	0.000000	0.471000	0.447527	
466	0.334764	534	0.511236	9.280260	0	0.000000	0.429000	0.447499	
411	0.116788	589	0.543294	9.280260	0	0.000000	0.368000	0.447382	
458	0.104803	542	0.512915	9.280260	0	0.000000	0.326000	0.447203	
441	0.326531	559	0.572451	9.280260	0	0.000000	0.464000	0.447228	
434	0.359447	566	0.542403	9.280260	0	0.000000	0.463000	0.447251	
404	0.477723	596	0.541946	9.280260	0	0.000000	0.516000	0.447352	
462	0.400433	538	0.570632	9.280260	0	0.000000	0.492000	0.447417	
408	0.401961	592	0.562500	9.280260	0	0.000000	0.497000	0.447490	
421	0.491686	579	0.550950	9.280260	0	0.000000	0.526000	0.447605	
432	0.506944	568	0.547535	9.280260	0	0.000000	0.530000	0.447725	
453	0.441501	547	0.542962	9.280260	0	0.000000	0.497000	0.447797	
455	0.406593	545	0.515596	9.280260	0	0.000000	0.466000	0.447823	
445	0.424719	555	0.509910	9.280260	0	0.000000	0.472000	0.447858	
437	0.400458	563	0.543517	9.280260	0	0.000000	0.481000	0.447906	
457	0.332604	543	0.511971	9.280260	0	0.000000	0.430000	0.447881	
468	0.420940	532	0.528195	9.280260	0	0.000000	0.478000	0.447924	
440	0.515909	560	0.512500	9.280260	0	0.000000	0.514000	0.448020	
459	0.315904	541	0.517560	9.280260	0	0.000000	0.425000	0.447986	
453	0.494481	547	0.612431	9.280260	0	0.000000	0.559000	0.448146	
407	0.321867	593	0.534570	9.280260	0	0.000000	0.448000	0.448146	
408	0.313725	592	0.535473	9.280260	0	0.000000	0.445000	0.448142	
439	0.343964	561	0.547237	9.280260	0	0.000000	0.458000	0.448156	
443	0.426637	557	0.518851	9.280260	0	0.000000	0.478000	0.448198	
449	0.423163	551	0.517241	9.280260	0	0.000000	0.475000	0.448237	
434	0.288018	566	0.531802	9.280260	0	0.000000	0.426000	0.448205	
463	0.233261	537	0.545624	9.280260	0	0.000000	0.401000	0.448138	
450	0.386667	550	0.512727	9.280260	0	0.000000	0.456000	0.448149	
437	0.356979	563	0.518650	9.280260	0	0.000000	0.448000	0.448149	
457	0.422319	543	0.535912	9.280260	0	0.000000	0.484000	0.448200	
451	0.365854	549	0.586521	9.280260	0	0.000000	0.487000	0.448255	
444	0.331081	556	0.523381	9.280260	0	0.000000	0.438000	0.448240	
437	0.242563	563	0.474245	9.280260	0	0.000000	0.373000	0.448134	
449	0.158129	551	0.544465	9.280260	0	0.000000	0.371000	0.448025	
439	0.261959	561	0.532977	9.280260	0	0.000000	0.414000	0.447977	
424	0.238208	576	0.592014	9.280260	0	0.000000	0.442000	0.447968	
445	0.393258	555	0.596396	9.280260	0	0.000000	0.506000	0.448050	
419	0.417661	581	0.500861	9.280260	0	0.000000	0.466000	0.448075	
415	0.200000	585	0.500855	9.280260	0	0.000000	0.376000	0.447974	
451	0.359202	549	0.495446	9.280260	0	0.000000	0.434000	0.447955	
438	0.374429	562	0.524911	9.280260	0	0.000000	0.459000	0.447970	
445	0.397753	555	0.524324	9.280260	0	0.000000	0.468000	0.447998	
453	0.211921	547	0.557587	9.280260	0	0.000000	0.401000	0.447932	
409	0.239609	591	0.566836	9.280260	0	0.000000	0.433000	0.447912	
456	0.442982	544	0.525735	9.280260	0	0.000000	0.488000	0.447967	
431	0.468677	569	0.551845	9.280260	0	0.000000	0.516000	0.448062	
442	0.298643	558	0.494624	9.280260	0	0.000000	0.408000	0.448006	
455	0.270330	545	0.587156	9.280260	0	0.000000	0.443000	0.447999	
439	0.150342	561	0.550802	9.280260	0	0.000000	0.375000	0.447898	
427	0.393443	573	0.549738	9.280260	0	0.000000	0.483000	0.447947	
444	0.430180	556	0.539568	9.280260	0	0.000000	0.491000	0.448006	
446	0.450673	554	0.518051	9.280260	0	0.000000	0.488000	0.448061	
433	0.496536	567	0.502646	9.280260	0	0.000000	0.500000	0.448133	
455	0.391209	545	0.517431	9.280260	0	0.000000	0.460000	0.448149	
453	0.428256	547	0.524680	9.280260	0	0.000000	0.481000	0.448194	
416	0.396635	584	0.601027	9.280260	0	0.000000	0.516000	0.448287	
436	0.330275	564	0.540780	9.280260	0	0.000000	0.449000	0.448288	
439	0.250569	561	0.529412	9.280260	0	0.000000	0.407000	0.448232	
437	0.144165	563	0.541741	9.280260	0	0.000000	0.368000	0.448122	
415	0.378313	585	0.509402	9.280260	0	0.000000	0.455000	0.448132	
443	0.440181	557	0.509874	9.280260	0	0.000000	0.479000	0.448174	
434	0.221198	566	0.556537	9.280260	0	0.000000	0.411000	0.448123	
430	0.246512	570	0.580702	9.280260	0	0.000000	0.437000	0.448108	
470	0.270213	530	0.539623	9.280260	0	0.000000	0.413000	0.448060	
434	0.341014	566	0.530035	9.280260	0	0.000000	0.448000	0.448060	
406	0.142857	594	0.548822	9.280260	0	0.000000	0.384000	0.447974	
413	0.246973	587	0.584327	9.280260	0	0.000000	0.445000	0.447970	
443	0.277652	557	0.596050	9.280260	0	0.000000	0.455000	0.447979	
440	0.229545	560	0.544643	9.280260	0	0.000000	0.406000	0.447923	
437	0.354691	563	0.531083	9.280260	0	0.000000	0.454000	0.447931	
444	0.337838	556	0.562950	9.280260	0	0.000000	0.463000	0.447951	
429	0.447552	571	0.551664	9.280260	0	0.000000	0.507000	0.448030	
435	0.413793	565	0.559292	9.280260	0	0.000000	0.496000	0.448094	
426	0.284038	574	0.595819	9.280260	0	0.000000	0.463000	0.448114	
460	0.413043	540	0.564815	9.280260	0	0.000000	0.495000	0.448177	
443	0.442438	557	0.552962	9.280260	0	0.000000	0.504000	0.448251	
458	0.109170	542	0.584871	9.280260	0	0.000000	0.367000	0.448143	
448	0.368304	552	0.572464	9.280260	0	0.000000	0.481000	0.448187	
435	0.351724	565	0.552212	9.280260	0	0.000000	0.465000	0.448209	
444	0.317568	556	0.537770	9.280260	0	0.000000	0.440000	0.448198	
459	0.185185	541	0.561922	9.280260	0	0.000000	0.389000	0.448120	
447	0.404922	553	0.533454	9.280260	0	0.000000	0.476000	0.448157	
434	0.370968	566	0.514134	9.280260	0	0.000000	0.452000	0.448162	
411	0.260341	589	0.521222	9.280260	0	0.000000	0.414000	0.448117	
422	0.232227	578	0.548443	9.280260	0	0.000000	0.415000	0.448073	
459	0.407407	541	0.537893	9.280260	0	0.000000	0.478000	0.448113	
447	0.407159	553	0.511754	9.280260	0	0.000000	0.465000	0.448135	
430	0.174419	570	0.510526	9.280260	0	0.000000	0.366000	0.448027	
431	0.060325	569	0.530756	9.280260	0	0.000000	0.328000	0.447870	
414	0.432367	586	0.535836	9.280260	0	0.000000	0.493000	0.447929	
429	0.200466	571	0.553415	9.280260	0	0.000000	0.402000	0.447869	
424	0.110849	576	0.557292	9.280260	0	0.000000	0.368000	0.447764	
435	0.170115	565	0.566372	9.280260	0	0.000000	0.394000	0.447694	
449	0.329621	551	0.509982	9.280260	0	0.000000	0.429000	0.447670	
467	0.331906	533	0.553471	9.280260	0	0.000000	0.450000	0.447673	
464	0.200431	536	0.563433	9.280260	0	0.000000	0.395000	0.447605	
444	0.301802	556	0.510791	9.280260	0	0.000000	0.418000	0.447566	
406	0.394089	594	0.483165	9.280260	0	0.000000	0.447000	0.447565	
431	0.373550	569	0.528998	9.280260	0	0.000000	0.462000	0.447584	
450	0.317778	550	0.525455	9.280260	0	0.000000	0.432000	0.447564	
423	0.359338	577	0.538995	9.280260	0	0.000000	0.463000	0.447584	
431	0.136891	569	0.565905	9.280260	0	0.000000	0.381000	0.447498	
459	0.398693	541	0.567468	9.280260	0	0.000000	0.490000	0.447553	
422	0.428910	578	0.579585	9.280260	0	0.000000	0.516000	0.447641	
425	0.251765	575	0.563478	9.280260	0	0.000000	0.431000	0.447619	
440	0.245455	560	0.539286	9.280260	0	0.000000	0.410000	0.447571	
452	0.272124	548	0.492701	9.280260	0	0.000000	0.393000	0.447501	
464	0.351293	536	0.501866	9.280260	0	0.000000	0.432000	0.447482	
431	0.290023	569	0.565905	9.280260	0	0.000000	0.447000	0.447481	
451	0.514412	549	0.515483	9.280260	0	0.000000	0.515000	0.447567	
448	0.332589	552	0.536232	9.280260	0	0.000000	0.445000	0.447564	
435	0.349425	565	0.553982	9.280260	0	0.000000	0.465000	0.447586	
447	0.340045	553	0.555154	9.280260	0	0.000000	0.459000	0.447600	
453	0.311258	547	0.566728	9.280260	0	0.000000	0.451000	0.447605	
434	0.343318	566	0.517668	9.280260	0	0.000000	0.442000	0.447598	
443	0.408578	557	0.535009	9.280260	0	0.000000	0.479000	0.447637	
453	0.470199	547	0.541133	9.280260	0	0.000000	0.509000	0.447715	
452	0.444690	548	0.498175	9.280260	0	0.000000	0.474000	0.447748	
447	0.389262	553	0.537071	9.280260	0	0.000000	0.471000	0.447777	
439	0.300683	561	0.516934	9.280260	0	0.000000	0.422000	0.447745	
429	0.400932	571	0.555166	9.280260	0	0.000000	0.489000	0.447797	
431	0.352668	569	0.525483	9.280260	0	0.000000	0.451000	0.447801	
432	0.347222	568	0.521127	9.280260	0	0.000000	0.446000	0.447799	
416	0.341346	584	0.559932	9.280260	0	0.000000	0.469000	0.447825	
428	0.259346	572	0.538462	9.280260	0	0.000000	0.419000	0.447789	
473	0.369979	527	0.512334	9.280260	0	0.000000	0.445000	0.447786	
454	0.295154	546	0.521978	9.280260	0	0.000000	0.419000	0.447750	
444	0.331081	556	0.528777	9.280260	0	0.000000	0.441000	0.447741	
434	0.253456	566	0.570671	9.280260	0	0.000000	0.433000	0.447723	
436	0.339450	564	0.547872	9.280260	0	0.000000	0.457000	0.447735	
443	0.284424	557	0.518851	9.280260	0	0.000000	0.415000	0.447694	
456	0.289474	544	0.566176	9.280260	0	0.000000	0.440000	0.447684	
447	0.317673	553	0.504521	9.280260	0	0.000000	0.421000	0.447651	
417	0.376499	583	0.514580	9.280260	0	0.000000	0.457000	0.447663	
444	0.315315	556	0.503597	9.280260	0	0.000000	0.420000	0.447629	
450	0.466667	550	0.534545	9.280260	0	0.000000	0.504000	0.447698	
452	0.258850	548	0.560219	9.280260	0	0.000000	0.424000	0.447669	
446	0.352018	554	0.543321	9.280260	0	0.000000	0.458000	0.447682	
425	0.416471	575	0.591304	9.280260	0	0.000000	0.517000	0.447767	
419	0.391408	581	0.535284	9.280260	0	0.000000	0.475000	0.447800	
417	0.179856	583	0.547170	9.280260	0	0.000000	0.394000	0.447734	
426	0.373239	574	0.552265	9.280260	0	0.000000	0.476000	0.447769	
414	0.219807	586	0.564846	9.280260	0	0.000000	0.422000	0.447738	
407	0.422604	593	0.537943	9.280260	0	0.000000	0.491000	0.447790	
459	0.381264	541	0.515712	9.280260	0	0.000000	0.454000	0.447798	
450	0.295556	550	0.525455	9.280260	0	0.000000	0.422000	0.447767	
455	0.285714	545	0.592661	9.280260	0	0.000000	0.453000	0.447773	
461	0.329718	539	0.562152	9.280260	0	0.000000	0.455000	0.447782	
461	0.321041	539	0.519481	9.280260	0	0.000000	0.428000	0.447758	
451	0.441242	549	0.557377	9.280260	0	0.000000	0.505000	0.447827	
441	0.403628	559	0.502683	9.280260	0	0.000000	0.459000	0.447841	
429	0.118881	571	0.492119	9.280260	0	0.000000	0.332000	0.447700	
430	0.206977	570	0.542105	9.280260	0	0.000000	0.398000	0.447640	
440	0.290909	560	0.544643	9.280260	0	0.000000	0.433000	0.447623	
459	0.296296	541	0.504621	9.280260	0	0.000000	0.409000	0.447576	
458	0.183406	542	0.553506	9.280260	0	0.000000	0.384000	0.447499	
432	0.097222	568	0.575704	9.280260	0	0.000000	0.369000	0.447405	
445	0.368539	555	0.558559	9.280260	0	0.000000	0.474000	0.447437	
436	0.463303	564	0.505319	9.280260	0	0.000000	0.487000	0.447484	
428	0.158879	572	0.527972	9.280260	0	0.000000	0.370000	0.447392	
443	0.155756	557	0.569120	9.280260	0	0.000000	0.386000	0.447318	
433	0.452656	567	0.550265	9.280260	0	0.000000	0.508000	0.447391	
401	0.526185	599	0.525876	9.280260	0	0.000000	0.526000	0.447485	
470	0.410638	530	0.539623	9.280260	0	0.000000	0.479000	0.447522	
432	0.335648	568	0.559859	9.280260	0	0.000000	0.463000	0.447541	
420	0.130952	580	0.531034	9.280260	0	0.000000	0.363000	0.447440	
448	0.426339	552	0.548913	9.280260	0	0.000000	0.494000	0.447495	
482	0.323651	518	0.573359	9.280260	0	0.000000	0.453000	0.447502	
443	0.295711	557	0.531418	9.280260	0	0.000000	0.427000	0.447478	
469	0.471215	531	0.506591	9.280260	0	0.000000	0.490000	0.447528	
462	0.339827	538	0.496283	9.280260	0	0.000000	0.424000	0.447500	
481	0.239085	519	0.527938	9.280260	0	0.000000	0.389000	0.447431	
443	0.194131	557	0.518851	9.280260	0	0.000000	0.375000	0.447345	
428	0.380841	572	0.590909	9.280260	0	0.000000	0.501000	0.447409	
471	0.337580	529	0.568998	9.280260	0	0.000000	0.460000	0.447424	
442	0.255656	558	0.553763	9.280260	0	0.000000	0.422000	0.447394	
446	0.376682	554	0.510830	9.280260	0	0.000000	0.451000	0.447398	
423	0.430260	577	0.563258	9.280260	0	0.000000	0.507000	0.447468	
474	0.356540	526	0.541825	9.280260	0	0.000000	0.454000	0.447475	
458	0.338428	542	0.547970	9.280260	0	0.000000	0.452000	0.447481	
468	0.241453	532	0.516917	9.280260	0	0.000000	0.388000	0.447411	
452	0.396018	548	0.496350	9.280260	0	0.000000	0.451000	0.447415	
460	0.410870	540	0.498148	9.280260	0	0.000000	0.458000	0.447428	
435	0.395402	565	0.479646	9.280260	0	0.000000	0.443000	0.447423	
447	0.425056	553	0.571429	9.280260	0	0.000000	0.506000	0.447491	
419	0.164678	581	0.537005	9.280260	0	0.000000	0.381000	0.447413	
455	0.468132	545	0.506422	9.280260	0	0.000000	0.489000	0.447462	
412	0.417476	588	0.549320	9.280260	0	0.000000	0.495000	0.447517	
449	0.363029	551	0.544465	9.280260	0	0.000000	0.463000	0.447535	
424	0.301887	576	0.581597	9.280260	0	0.000000	0.463000	0.447553	
400	0.432500	600	0.525000	9.280260	0	0.000000	0.488000	0.447599	
484	0.427686	516	0.589147	9.280260	0	0.000000	0.511000	0.447673	
430	0.455814	570	0.494737	9.280260	0	0.000000	0.478000	0.447708	
445	0.438202	555	0.542342	9.280260	0	0.000000	0.496000	0.447763	
452	0.371681	548	0.552920	9.280260	0	0.000000	0.471000	0.447790	
416	0.295673	584	0.513699	9.280260	0	0.000000	0.423000	0.447762	
471	0.095541	529	0.538752	9.280260	0	0.000000	0.330000	0.447626	
410	0.221951	590	0.562712	9.280260	0	0.000000	0.423000	0.447598	
437	0.361556	563	0.506217	9.280260	0	0.000000	0.443000	0.447593	
425	0.183529	575	0.528696	9.280260	0	0.000000	0.382000	0.447518	
473	0.331924	527	0.546490	9.280260	0	0.000000	0.445000	0.447515	
468	0.286325	532	0.558271	9.280260	0	0.000000	0.431000	0.447496	
461	0.268980	539	0.515770	9.280260	0	0.000000	0.402000	0.447444	
440	0.240909	560	0.542857	9.280260	0	0.000000	0.410000	0.447402	
435	0.340230	565	0.545133	9.280260	0	0.000000	0.456000	0.447411	
459	0.333333	541	0.515712	9.280260	0	0.000000	0.432000	0.447394	
461	0.409978	539	0.573284	9.280260	0	0.000000	0.498000	0.447451	
422	0.419431	578	0.500000	9.280260	0	0.000000	0.466000	0.447472	
445	0.334831	555	0.526126	9.280260	0	0.000000	0.441000	0.447465	
460	0.167391	540	0.516667	9.280260	0	0.000000	0.356000	0.447361	
435	0.285057	565	0.530973	9.280260	0	0.000000	0.424000	0.447335	
439	0.355353	561	0.513369	9.280260	0	0.000000	0.444000	0.447331	
468	0.091880	532	0.565789	9.280260	0	0.000000	0.344000	0.447215	
444	0.500000	556	0.553957	9.280260	0	0.000000	0.530000	0.447308	
472	0.417373	528	0.579545	9.280260	0	0.000000	0.503000	0.447371	
467	0.475375	533	0.564728	9.280260	0	0.000000	0.523000	0.447456	
461	0.138829	539	0.552876	9.280260	0	0.000000	0.362000	0.447360	
398	0.399497	602	0.504983	9.280260	0	0.000000	0.463000	0.447377	
420	0.440476	580	0.515517	9.280260	0	0.000000	0.484000	0.447418	
417	0.455635	583	0.538593	9.280260	0	0.000000	0.504000	0.447482	
440	0.129545	560	0.580357	9.280260	0	0.000000	0.382000	0.447408	
456	0.416667	544	0.525735	9.280260	0	0.000000	0.476000	0.447440	
466	0.504292	534	0.533708	9.280260	0	0.000000	0.520000	0.447521	
433	0.387991	567	0.557319	9.280260	0	0.000000	0.484000	0.447562	
454	0.471366	546	0.573260	9.280260	0	0.000000	0.527000	0.447650	
450	0.288889	550	0.534545	9.280260	0	0.000000	0.424000	0.447624	
394	0.307107	606	0.506601	9.280260	0	0.000000	0.428000	0.447602	
445	0.258427	555	0.524324	9.280260	0	0.000000	0.406000	0.447556	
433	0.260970	567	0.525573	9.280260	0	0.000000	0.411000	0.447516	
437	0.475973	563	0.534636	9.280260	0	0.000000	0.509000	0.447584	
429	0.251748	571	0.516637	9.280260	0	0.000000	0.403000	0.447534	
424	0.113208	576	0.493056	9.280260	0	0.000000	0.332000	0.447407	
462	0.281385	538	0.540892	9.280260	0	0.000000	0.421000	0.447378	
443	0.164786	557	0.547576	9.280260	0	0.000000	0.378000	0.447301	
450	0.268889	550	0.536364	9.280260	0	0.000000	0.416000	0.447267	
486	0.125514	514	0.533074	9.280260	0	0.000000	0.335000	0.447143	
476	0.170168	524	0.534351	9.280260	0	0.000000	0.361000	0.447049	
445	0.089888	555	0.495495	9.280260	0	0.000000	0.315000	0.446904	
441	0.353741	559	0.567084	9.280260	0	0.000000	0.473000	0.446933	
407	0.275184	593	0.546374	9.280260	0	0.000000	0.436000	0.446921	
447	0.319911	553	0.560579	9.280260	0	0.000000	0.453000	0.446927	
459	0.328976	541	0.495379	9.280260	0	0.000000	0.419000	0.446897	
445	0.379775	555	0.569369	9.280260	0	0.000000	0.485000	0.446938	
465	0.419355	535	0.557009	9.280260	0	0.000000	0.493000	0.446989	
445	0.483146	555	0.466667	9.280260	0	0.000000	0.474000	0.447018	
452	0.258850	548	0.510949	9.280260	0	0.000000	0.397000	0.446964	
447	0.485459	553	0.537071	9.280260	0	0.000000	0.514000	0.447036	
460	0.347826	540	0.561111	9.280260	0	0.000000	0.463000	0.447054	
450	0.420000	550	0.565455	9.280260	0	0.000000	0.500000	0.447111	
470	0.474468	530	0.584906	9.280260	0	0.000000	0.533000	0.447204	
435	0.429885	565	0.538053	9.280260	0	0.000000	0.491000	0.447251	
440	0.313636	560	0.516071	9.280260	0	0.000000	0.427000	0.447230	
421	0.318290	579	0.587219	9.280260	0	0.000000	0.474000	0.447258	
438	0.123288	562	0.540925	9.280260	0	0.000000	0.358000	0.447162	
441	0.392290	559	0.525939	9.280260	0	0.000000	0.467000	0.447184	
471	0.405520	529	0.506616	9.280260	0	0.000000	0.459000	0.447196	
464	0.329741	536	0.466418	9.280260	0	0.000000	0.403000	0.447149	
450	0.251111	550	0.541818	9.280260	0	0.000000	0.411000	0.447110	
442	0.190045	558	0.571685	9.280260	0	0.000000	0.403000	0.447063	
447	0.355705	553	0.509946	9.280260	0	0.000000	0.441000	0.447056	
438	0.308219	562	0.523132	9.280260	0	0.000000	0.429000	0.447037	
403	0.488834	597	0.536013	9.280260	0	0.000000	0.517000	0.447112	
459	0.376906	541	0.526802	9.280260	0	0.000000	0.458000	0.447123	
425	0.305882	575	0.542609	9.280260	0	0.000000	0.442000	0.447118	
480	0.460417	520	0.517308	9.280260	0	0.000000	0.490000	0.447164	
439	0.184510	561	0.520499	9.280260	0	0.000000	0.373000	0.447085	
469	0.379531	531	0.576271	9.280260	0	0.000000	0.484000	0.447124	
468	0.106838	532	0.535714	9.280260	0	0.000000	0.335000	0.447005	
437	0.471396	563	0.550622	9.280260	0	0.000000	0.516000	0.447078	
446	0.383408	554	0.512635	9.280260	0	0.000000	0.455000	0.447086	
458	0.475983	542	0.542435	9.280260	0	0.000000	0.512000	0.447155	
462	0.437229	538	0.498141	9.280260	0	0.000000	0.470000	0.447179	
443	0.329571	557	0.578097	9.280260	0	0.000000	0.468000	0.447201	
436	0.321101	564	0.540780	9.280260	0	0.000000	0.445000	0.447199	
431	0.515081	569	0.528998	9.280260	0	0.000000	0.523000	0.447279	
422	0.462085	578	0.567474	9.280260	0	0.000000	0.523000	0.447358	
483	0.407867	517	0.493230	9.280260	0	0.000000	0.452000	0.447363	
422	0.324645	578	0.538062	9.280260	0	0.000000	0.448000	0.447364	
456	0.344298	544	0.586397	9.280260	0	0.000000	0.476000	0.447394	
474	0.308017	526	0.555133	9.280260	0	0.000000	0.438000	0.447384	
431	0.424594	569	0.555360	9.280260	0	0.000000	0.499000	0.447438	
465	0.320430	535	0.523364	9.280260	0	0.000000	0.429000	0.447419	
425	0.407059	575	0.547826	9.280260	0	0.000000	0.488000	0.447461	
407	0.265356	593	0.485666	9.280260	0	0.000000	0.396000	0.447408	
470	0.461702	530	0.524528	9.280260	0	0.000000	0.495000	0.447457	
447	0.449664	553	0.517179	9.280260	0	0.000000	0.487000	0.447498	
420	0.390476	580	0.567241	9.280260	0	0.000000	0.493000	0.447546	
456	0.300439	544	0.490809	9.280260	0	0.000000	0.404000	0.447501	
467	0.460385	533	0.542214	9.280260	0	0.000000	0.504000	0.447559	
442	0.459276	558	0.528674	9.280260	0	0.000000	0.498000	0.447612	
439	0.464692	561	0.541889	9.280260	0	0.000000	0.508000	0.447674	
439	0.501139	561	0.518717	9.280260	0	0.000000	0.511000	0.447740	
422	0.327014	578	0.532872	9.280260	0	0.000000	0.446000	0.447738	
395	0.263291	605	0.500826	9.280260	0	0.000000	0.407000	0.447696	
419	0.431981	581	0.480207	9.280260	0	0.000000	0.460000	0.447709	
440	0.272727	560	0.512500	9.280260	0	0.000000	0.407000	0.447667	
498	0.461847	502	0.597610	9.280260	0	0.000000	0.530000	0.447751	
451	0.465632	549	0.522769	9.280260	0	0.000000	0.497000	0.447802	
483	0.320911	517	0.493230	9.280260	0	0.000000	0.410000	0.447763	
434	0.394009	566	0.519435	9.280260	0	0.000000	0.465000	0.447781	
461	0.260304	539	0.554731	9.280260	0	0.000000	0.419000	0.447751	
398	0.472362	602	0.553156	9.280260	0	0.000000	0.521000	0.447826	
448	0.444196	552	0.534420	9.280260	0	0.000000	0.494000	0.447874	
487	0.351129	513	0.575049	9.280260	0	0.000000	0.466000	0.447892	
433	0.392610	567	0.539683	9.280260	0	0.000000	0.476000	0.447921	
427	0.405152	573	0.591623	9.280260	0	0.000000	0.512000	0.447986	
450	0.424444	550	0.500000	9.280260	0	0.000000	0.466000	0.448005	
469	0.477612	531	0.568738	9.280260	0	0.000000	0.526000	0.448084	
439	0.384966	561	0.531194	9.280260	0	0.000000	0.467000	0.448103	
500	0.298000	500	0.524000	9.280260	0	0.000000	0.411000	0.448066	
428	0.327103	572	0.576923	9.280260	0	0.000000	0.470000	0.448088	
439	0.416856	561	0.497326	9.280260	0	0.000000	0.462000	0.448102	
458	0.325328	542	0.533210	9.280260	0	0.000000	0.438000	0.448092	
424	0.240566	576	0.529514	9.280260	0	0.000000	0.407000	0.448050	
431	0.241299	569	0.513181	9.280260	0	0.000000	0.396000	0.447998	
413	0.380145	587	0.529813	9.280260	0	0.000000	0.468000	0.448018	
482	0.417012	518	0.523166	9.280260	0	0.000000	0.472000	0.448042	
439	0.314351	561	0.561497	9.280260	0	0.000000	0.453000	0.448047	
449	0.434298	551	0.553539	9.280260	0	0.000000	0.500000	0.448099	
436	0.415138	564	0.528369	9.280260	0	0.000000	0.479000	0.448130	
439	0.382688	561	0.522282	9.280260	0	0.000000	0.461000	0.448143	
429	0.445221	571	0.555166	9.280260	0	0.000000	0.508000	0.448203	
439	0.355353	561	0.549020	9.280260	0	0.000000	0.464000	0.448219	
396	0.330808	604	0.491722	9.280260	0	0.000000	0.428000	0.448199	
451	0.323725	549	0.539162	9.280260	0	0.000000	0.442000	0.448193	
408	0.357843	592	0.542230	9.280260	0	0.000000	0.467000	0.448212	
477	0.379455	523	0.527725	9.280260	0	0.000000	0.457000	0.448220	
471	0.469214	529	0.536862	9.280260	0	0.000000	0.505000	0.448277	
444	0.459459	556	0.573741	9.280260	0	0.000000	0.523000	0.448351	
451	0.452328	549	0.546448	9.280260	0	0.000000	0.504000	0.448407	
432	0.212963	568	0.591549	9.280260	0	0.000000	0.428000	0.448387	
419	0.350835	581	0.523236	9.280260	0	0.000000	0.451000	0.448389	
425	0.397647	575	0.526957	9.280260	0	0.000000	0.472000	0.448413	
453	0.362031	547	0.552102	9.280260	0	0.000000	0.466000	0.448430	
461	0.184382	539	0.534323	9.280260	0	0.000000	0.373000	0.448355	
477	0.337526	523	0.546845	9.280260	0	0.000000	0.447000	0.448354	
480	0.408333	520	0.486538	9.280260	0	0.000000	0.449000	0.448355	
420	0.376190	580	0.539655	9.280260	0	0.000000	0.471000	0.448377	
454	0.488987	546	0.500000	9.280260	0	0.000000	0.495000	0.448423	
465	0.352688	535	0.512150	9.280260	0	0.000000	0.438000	0.448413	
462	0.430736	538	0.524164	9.280260	0	0.000000	0.481000	0.448445	
456	0.331140	544	0.534926	9.280260	0	0.000000	0.442000	0.448439	
423	0.002364	577	0.509532	9.280260	0	0.000000	0.295000	0.448288	
459	0.311547	541	0.536044	9.280260	0	0.000000	0.433000	0.448273	
411	0.182482	589	0.575552	9.280260	0	0.000000	0.414000	0.448239	
465	0.139785	535	0.525234	9.280260	0	0.000000	0.346000	0.448139	
468	0.271368	532	0.505639	9.280260	0	0.000000	0.396000	0.448088	
479	0.405010	521	0.462572	9.280260	0	0.000000	0.435000	0.448075	
452	0.205752	548	0.531022	9.280260	0	0.000000	0.384000	0.448012	
493	0.432049	507	0.579882	9.280260	0	0.000000	0.507000	0.448070	
431	0.468677	569	0.548330	9.280260	0	0.000000	0.514000	0.448134	
438	0.269406	562	0.562278	9.280260	0	0.000000	0.434000	0.448120	
429	0.414918	571	0.555166	9.280260	0	0.000000	0.495000	0.448166	
465	0.146237	535	0.575701	9.280260	0	0.000000	0.376000	0.448096	
440	0.384091	560	0.514286	9.280260	0	0.000000	0.457000	0.448105	
442	0.328054	558	0.501792	9.280260	0	0.000000	0.425000	0.448082	
460	0.426087	540	0.514815	9.280260	0	0.000000	0.474000	0.448107	
431	0.424594	569	0.534271	9.280260	0	0.000000	0.487000	0.448145	
416	0.290865	584	0.537671	9.280260	0	0.000000	0.435000	0.448132	
464	0.405172	536	0.546642	9.280260	0	0.000000	0.481000	0.448164	
462	0.322511	538	0.529740	9.280260	0	0.000000	0.434000	0.448150	
449	0.238307	551	0.560799	9.280260	0	0.000000	0.416000	0.448119	
417	0.340528	583	0.507719	9.280260	0	0.000000	0.438000	0.448110	
456	0.177632	544	0.549632	9.280260	0	0.000000	0.380000	0.448044	
424	0.297170	576	0.604167	9.280260	0	0.000000	0.474000	0.448069	
435	0.395402	565	0.536283	9.280260	0	0.000000	0.475000	0.448095	
427	0.112412	573	0.534031	9.280260	0	0.000000	0.354000	0.448004	
436	0.373853	564	0.542553	9.280260	0	0.000000	0.469000	0.448025	
448	0.392857	552	0.528986	9.280260	0	0.000000	0.468000	0.448044	
439	0.403189	561	0.477718	9.280260	0	0.000000	0.445000	0.448041	
449	0.351893	551	0.515426	9.280260	0	0.000000	0.442000	0.448035	
453	0.355408	547	0.526508	9.280260	0	0.000000	0.449000	0.448036	
455	0.419780	545	0.566972	9.280260	0	0.000000	0.500000	0.448086	
452	0.292035	548	0.500000	9.280260	0	0.000000	0.406000	0.448045	
446	0.372197	554	0.516245	9.280260	0	0.000000	0.452000	0.448049	
432	0.400463	568	0.517606	9.280260	0	0.000000	0.467000	0.448067	
426	0.462441	574	0.550523	9.280260	0	0.000000	0.513000	0.448129	
443	0.451467	557	0.513465	9.280260	0	0.000000	0.486000	0.448165	
436	0.321101	564	0.611702	9.280260	0	0.000000	0.485000	0.448200	
434	0.444700	566	0.489399	9.280260	0	0.000000	0.470000	0.448221	
427	0.386417	573	0.506108	9.280260	0	0.000000	0.455000	0.448227	
418	0.370813	582	0.542955	9.280260	0	0.000000	0.471000	0.448249	
449	0.260579	551	0.553539	9.280260	0	0.000000	0.422000	0.448224	
416	0.382212	584	0.537671	9.280260	0	0.000000	0.473000	0.448247	
396	0.409091	604	0.548013	9.280260	0	0.000000	0.493000	0.448289	
458	0.408297	542	0.485240	9.280260	0	0.000000	0.450000	0.448291	
442	0.418552	558	0.498208	9.280260	0	0.000000	0.463000	0.448305	
439	0.239180	561	0.545455	9.280260	0	0.000000	0.411000	0.448270	
465	0.430108	535	0.506542	9.280260	0	0.000000	0.471000	0.448291	
433	0.330254	567	0.560847	9.280260	0	0.000000	0.461000	0.448303	
455	0.241758	545	0.524771	9.280260	0	0.000000	0.396000	0.448254	
430	0.004651	570	0.563158	9.280260	0	0.000000	0.323000	0.448137	
444	0.013514	556	0.544964	9.280260	0	0.000000	0.309000	0.448006	
469	0.317697	531	0.523540	9.280260	0	0.000000	0.427000	0.447986	
459	0.503268	541	0.493530	9.280260	0	0.000000	0.498000	0.448033	
445	0.469663	555	0.513514	9.280260	0	0.000000	0.494000	0.448076	
509	0.357564	491	0.572301	9.280260	0	0.000000	0.463000	0.448090	
436	0.380734	564	0.524823	9.280260	0	0.000000	0.462000	0.448103	
462	0.277056	538	0.531599	9.280260	0	0.000000	0.414000	0.448071	
420	0.169048	580	0.565517	9.280260	0	0.000000	0.399000	0.448026	
425	0.327059	575	0.526957	9.280260	0	0.000000	0.442000	0.448020	
458	0.307860	542	0.498155	9.280260	0	0.000000	0.411000	0.447986	
458	0.080786	542	0.538745	9.280260	0	0.000000	0.329000	0.447875	
455	0.465934	545	0.526606	9.280260	0	0.000000	0.499000	0.447923	
439	0.494305	561	0.477718	9.280260	0	0.000000	0.485000	0.447957	
448	0.419643	552	0.476449	9.280260	0	0.000000	0.451000	0.447960	
462	0.296537	538	0.529740	9.280260	0	0.000000	0.422000	0.447936	
420	0.495238	580	0.565517	9.280260	0	0.000000	0.536000	0.448017	
445	0.289888	555	0.563964	9.280260	0	0.000000	0.442000	0.448012	
472	0.165254	528	0.534091	9.280260	0	0.000000	0.360000	0.447930	
443	0.395034	557	0.515260	9.280260	0	0.000000	0.462000	0.447943	
487	0.455852	513	0.522417	9.280260	0	0.000000	0.490000	0.447982	
430	0.111628	570	0.578947	9.280260	0	0.000000	0.378000	0.447918	
436	0.282110	564	0.546099	9.280260	0	0.000000	0.431000	0.447902	
434	0.172811	566	0.538869	9.280260	0	0.000000	0.380000	0.447840	
445	0.503371	555	0.518919	9.280260	0	0.000000	0.512000	0.447899	
427	0.362998	573	0.537522	9.280260	0	0.000000	0.463000	0.447913	
387	0.273902	613	0.535073	9.280260	0	0.000000	0.434000	0.447900	
450	0.268889	550	0.554545	9.280260	0	0.000000	0.426000	0.447880	
435	0.234483	565	0.534513	9.280260	0	0.000000	0.404000	0.447840	
490	0.485714	510	0.543137	9.280260	0	0.000000	0.515000	0.447901	
428	0.250000	572	0.547203	9.280260	0	0.000000	0.420000	0.447876	
466	0.259657	534	0.548689	9.280260	0	0.000000	0.414000	0.447845	
455	0.342857	545	0.568807	9.280260	0	0.000000	0.466000	0.447861	
443	0.383747	557	0.513465	9.280260	0	0.000000	0.456000	0.447869	
462	0.402597	538	0.574349	9.280260	0	0.000000	0.495000	0.447911	
419	0.398568	581	0.550775	9.280260	0	0.000000	0.487000	0.447947	
445	0.278652	555	0.545946	9.280260	0	0.000000	0.427000	0.447928	
463	0.282937	537	0.553073	9.280260	0	0.000000	0.428000	0.447910	
488	0.336066	512	0.523438	9.280260	0	0.000000	0.432000	0.447895	
435	0.266667	565	0.587611	9.280260	0	0.000000	0.448000	0.447896	
459	0.424837	541	0.558226	9.280260	0	0.000000	0.497000	0.447940	
453	0.311258	547	0.570384	9.280260	0	0.000000	0.453000	0.447944	
457	0.249453	543	0.519337	9.280260	0	0.000000	0.396000	0.447898	
429	0.454545	571	0.570928	9.280260	0	0.000000	0.521000	0.447964	
487	0.285421	513	0.547758	9.280260	0	0.000000	0.420000	0.447938	
444	0.432432	556	0.534173	9.280260	0	0.000000	0.489000	0.447975	
448	0.450893	552	0.512681	9.280260	0	0.000000	0.485000	0.448009	
445	0.222472	555	0.562162	9.280260	0	0.000000	0.411000	0.447975	
450	0.408889	550	0.558182	9.280260	0	0.000000	0.491000	0.448014	
453	0.284768	547	0.544790	9.280260	0	0.000000	0.427000	0.447995	
438	0.102740	562	0.558719	9.280260	0	0.000000	0.359000	0.447915	
459	0.433551	541	0.547135	9.280260	0	0.000000	0.495000	0.447958	
446	0.204036	554	0.541516	9.280260	0	0.000000	0.391000	0.447907	
442	0.239819	558	0.600358	9.280260	0	0.000000	0.441000	0.447900	
455	0.327473	545	0.570642	9.280260	0	0.000000	0.460000	0.447911	
438	0.454338	562	0.535587	9.280260	0	0.000000	0.500000	0.447958	
427	0.344262	573	0.537522	9.280260	0	0.000000	0.455000	0.447964	
430	0.309302	570	0.524561	9.280260	0	0.000000	0.432000	0.447950	
431	0.285383	569	0.525483	9.280260	0	0.000000	0.422000	0.447927	
442	0.199095	558	0.564516	9.280260	0	0.000000	0.403000	0.447887	
445	0.298876	555	0.558559	9.280260	0	0.000000	0.443000	0.447882	
467	0.404711	533	0.536585	9.280260	0	0.000000	0.475000	0.447906	
464	0.342672	536	0.509328	9.280260	0	0.000000	0.432000	0.447892	
436	0.403670	564	0.528369	9.280260	0	0.000000	0.474000	0.447915	
444	0.213964	556	0.564748	9.280260	0	0.000000	0.409000	0.447881	
424	0.252358	576	0.522569	9.280260	0	0.000000	0.408000	0.447846	
450	0.026667	550	0.530909	9.280260	0	0.000000	0.304000	0.447719	
459	0.172113	541	0.524954	9.280260	0	0.000000	0.363000	0.447644	
444	0.184685	556	0.500000	9.280260	0	0.000000	0.360000	0.447567	
457	0.304158	543	0.550645	9.280260	0	0.000000	0.438000	0.447558	
473	0.247357	527	0.512334	9.280260	0	0.000000	0.387000	0.447505	
427	0.362998	573	0.537522	9.280260	0	0.000000	0.463000	0.447519	
435	0.377011	565	0.515044	9.280260	0	0.000000	0.455000	0.447525	
452	0.398230	548	0.554745	9.280260	0	0.000000	0.484000	0.447557	
463	0.419006	537	0.538175	9.280260	0	0.000000	0.483000	0.447588	
458	0.146288	542	0.516605	9.280260	0	0.000000	0.347000	0.447500	
470	0.319149	530	0.516981	9.280260	0	0.000000	0.424000	0.447479	
461	0.318872	539	0.536178	9.280260	0	0.000000	0.436000	0.447469	
489	0.200409	511	0.547945	9.280260	0	0.000000	0.378000	0.447409	
441	0.333333	559	0.565295	9.280260	0	0.000000	0.463000	0.447422	
443	0.361174	557	0.552962	9.280260	0	0.000000	0.468000	0.447440	
449	0.403118	551	0.535390	9.280260	0	0.000000	0.476000	0.447465	
490	0.289796	510	0.550980	9.280260	0	0.000000	0.423000	0.447444	
464	0.454741	536	0.513060	9.280260	0	0.000000	0.486000	0.447477	
453	0.536424	547	0.535649	9.280260	0	0.000000	0.536000	0.447554	
454	0.480176	546	0.523810	9.280260	0	0.000000	0.504000	0.447603	
473	0.372093	527	0.565465	9.280260	0	0.000000	0.474000	0.447626	
439	0.405467	561	0.552585	9.280260	0	0.000000	0.488000	0.447661	
448	0.450893	552	0.536232	9.280260	0	0.000000	0.498000	0.447705	
432	0.486111	568	0.507042	9.280260	0	0.000000	0.498000	0.447749	
478	0.414226	522	0.524904	9.280260	0	0.000000	0.472000	0.447770	
446	0.302691	554	0.494585	9.280260	0	0.000000	0.409000	0.447736	
430	0.437209	570	0.552632	9.280260	0	0.000000	0.503000	0.447784	
441	0.263039	559	0.547406	9.280260	0	0.000000	0.422000	0.447761	
419	0.214797	581	0.518072	9.280260	0	0.000000	0.391000	0.447713	
409	0.462103	591	0.475465	9.280260	0	0.000000	0.470000	0.447732	
397	0.433249	603	0.547264	9.280260	0	0.000000	0.502000	0.447778	
443	0.390519	557	0.563734	9.280260	0	0.000000	0.487000	0.447812	
443	0.422122	557	0.529623	9.280260	0	0.000000	0.482000	0.447842	
474	0.426160	526	0.541825	9.280260	0	0.000000	0.487000	0.447875	
460	0.200000	540	0.594444	9.280260	0	0.000000	0.413000	0.447845	
478	0.332636	522	0.526820	9.280260	0	0.000000	0.434000	0.447833	
456	0.271930	544	0.514706	9.280260	0	0.000000	0.404000	0.447796	
479	0.181628	521	0.575816	9.280260	0	0.000000	0.387000	0.447744	
426	0.422535	574	0.505226	9.280260	0	0.000000	0.470000	0.447763	
429	0.386946	571	0.514886	9.280260	0	0.000000	0.460000	0.447773	
444	0.351351	556	0.523381	9.280260	0	0.000000	0.447000	0.447773	
448	0.397321	552	0.456522	9.280260	0	0.000000	0.430000	0.447758	
442	0.384615	558	0.473118	9.280260	0	0.000000	0.434000	0.447746	
422	0.438389	578	0.517301	9.280260	0	0.000000	0.484000	0.447777	
445	0.400000	555	0.572973	9.280260	0	0.000000	0.496000	0.447818	
451	0.323725	549	0.570128	9.280260	0	0.000000	0.459000	0.447827	
420	0.171429	580	0.529310	9.280260	0	0.000000	0.379000	0.447769	
398	0.329146	602	0.526578	9.280260	0	0.000000	0.448000	0.447769	
447	0.436242	553	0.528029	9.280260	0	0.000000	0.487000	0.447802	
461	0.253796	539	0.547310	9.280260	0	0.000000	0.412000	0.447772	
452	0.097345	548	0.589416	9.280260	0	0.000000	0.367000	0.447704	
412	0.449029	588	0.503401	9.280260	0	0.000000	0.481000	0.447732	
436	0.360092	564	0.528369	9.280260	0	0.000000	0.455000	0.447738	
447	0.393736	553	0.555154	9.280260	0	0.000000	0.483000	0.447768	
470	0.382979	530	0.535849	9.280260	0	0.000000	0.464000	0.447781	
456	0.377193	544	0.536765	9.280260	0	0.000000	0.464000	0.447795	
462	0.393939	538	0.529740	9.280260	0	0.000000	0.467000	0.447811	
447	0.429530	553	0.524412	9.280260	0	0.000000	0.482000	0.447840	
444	0.387387	556	0.552158	9.280260	0	0.000000	0.479000	0.447866	
436	0.424312	564	0.549645	9.280260	0	0.000000	0.495000	0.447906	
439	0.485194	561	0.520499	9.280260	0	0.000000	0.505000	0.447953	
426	0.368545	574	0.583624	9.280260	0	0.000000	0.492000	0.447990	
479	0.423800	521	0.554702	9.280260	0	0.000000	0.492000	0.448027	
441	0.396825	559	0.542039	9.280260	0	0.000000	0.478000	0.448052	
434	0.407834	566	0.522968	9.280260	0	0.000000	0.473000	0.448073	
454	0.447137	546	0.510989	9.280260	0	0.000000	0.482000	0.448102	
467	0.310493	533	0.585366	9.280260	0	0.000000	0.457000	0.448109	
447	0.478747	553	0.538879	9.280260	0	0.000000	0.512000	0.448162	
469	0.168443	531	0.476460	9.280260	0	0.000000	0.332000	0.448065	
434	0.433180	566	0.537102	9.280260	0	0.000000	0.492000	0.448102	
408	0.284314	592	0.518581	9.280260	0	0.000000	0.423000	0.448081	
453	0.339956	547	0.581353	9.280260	0	0.000000	0.472000	0.448101	
420	0.307143	580	0.510345	9.280260	0	0.000000	0.425000	0.448082	
455	0.338462	545	0.524771	9.280260	0	0.000000	0.440000	0.448075	
467	0.327623	533	0.529081	9.280260	0	0.000000	0.435000	0.448064	
462	0.489177	538	0.550186	9.280260	0	0.000000	0.522000	0.448126	
435	0.374713	565	0.538053	9.280260	0	0.000000	0.467000	0.448141	
427	0.173302	573	0.518325	9.280260	0	0.000000	0.371000	0.448077	
395	0.372152	605	0.560331	9.280260	0	0.000000	0.486000	0.448109	
429	0.368298	571	0.507881	9.280260	0	0.000000	0.448000	0.448109	
453	0.370861	547	0.502742	9.280260	0	0.000000	0.443000	0.448104	
462	0.378788	538	0.529740	9.280260	0	0.000000	0.460000	0.448114	
434	0.290323	566	0.526502	9.280260	0	0.000000	0.424000	0.448094	
439	0.337130	561	0.552585	9.280260	0	0.000000	0.458000	0.448103	
412	0.509709	588	0.464286	9.280260	0	0.000000	0.483000	0.448131	
432	0.442130	568	0.508803	9.280260	0	0.000000	0.480000	0.448157	
480	0.385417	520	0.548077	9.280260	0	0.000000	0.470000	0.448175	
458	0.150655	542	0.614391	9.280260	0	0.000000	0.402000	0.448137	
468	0.241453	532	0.592105	9.280260	0	0.000000	0.428000	0.448121	
467	0.488223	533	0.523452	9.280260	0	0.000000	0.507000	0.448169	
443	0.358916	557	0.536804	9.280260	0	0.000000	0.458000	0.448177	
466	0.371245	534	0.522472	9.280260	0	0.000000	0.452000	0.448180	
452	0.329646	548	0.489051	9.280260	0	0.000000	0.417000	0.448155	
453	0.350993	547	0.533821	9.280260	0	0.000000	0.451000	0.448157	
451	0.368071	549	0.564663	9.280260	0	0.000000	0.476000	0.448180	
414	0.468599	586	0.491468	9.280260	0	0.000000	0.482000	0.448207	
439	0.421412	561	0.508021	9.280260	0	0.000000	0.470000	0.448225	
422	0.327014	578	0.572664	9.280260	0	0.000000	0.469000	0.448242	
473	0.382664	527	0.550285	9.280260	0	0.000000	0.471000	0.448261	
457	0.428884	543	0.532228	9.280260	0	0.000000	0.485000	0.448290	
434	0.334101	566	0.579505	9.280260	0	0.000000	0.473000	0.448311	
418	0.382775	582	0.475945	9.280260	0	0.000000	0.437000	0.448301	
450	0.348889	550	0.536364	9.280260	0	0.000000	0.452000	0.448304	
412	0.099515	588	0.569728	9.280260	0	0.000000	0.376000	0.448246	
459	0.172113	541	0.543438	9.280260	0	0.000000	0.373000	0.448185	
453	0.269316	547	0.546618	9.280260	0	0.000000	0.421000	0.448163	
462	0.127706	538	0.526022	9.280260	0	0.000000	0.342000	0.448077	
452	0.201327	548	0.578467	9.280260	0	0.000000	0.408000	0.448045	
458	0.312227	542	0.536900	9.280260	0	0.000000	0.434000	0.448034	
461	0.427332	539	0.575139	9.280260	0	0.000000	0.507000	0.448081	
469	0.262260	531	0.600753	9.280260	0	0.000000	0.442000	0.448076	
457	0.299781	543	0.524862	9.280260	0	0.000000	0.422000	0.448055	
475	0.463158	525	0.609524	9.280260	0	0.000000	0.540000	0.448129	
435	0.480460	565	0.557522	9.280260	0	0.000000	0.524000	0.448190	
447	0.266219	553	0.567812	9.280260	0	0.000000	0.433000	0.448178	
398	0.434673	602	0.481728	9.280260	0	0.000000	0.463000	0.448190	
484	0.413223	516	0.554264	9.280260	0	0.000000	0.486000	0.448220	
430	0.316279	570	0.566667	9.280260	0	0.000000	0.459000	0.448229	
452	0.334071	548	0.547445	9.280260	0	0.000000	0.451000	0.448231	
447	0.402685	553	0.578662	9.280260	0	0.000000	0.500000	0.448272	
454	0.299559	546	0.575092	9.280260	0	0.000000	0.450000	0.448274	
406	0.490148	594	0.545455	9.280260	0	0.000000	0.523000	0.448333	
427	0.398126	573	0.490401	9.280260	0	0.000000	0.451000	0.448335	
435	0.310345	565	0.530973	9.280260	0	0.000000	0.435000	0.448325	
484	0.487603	516	0.544574	9.280260	0	0.000000	0.517000	0.448379	
463	0.453564	537	0.534451	9.280260	0	0.000000	0.497000	0.448418	
435	0.174713	565	0.623009	9.280260	0	0.000000	0.428000	0.448402	
437	0.338673	563	0.502664	9.280260	0	0.000000	0.431000	0.448388	
442	0.472851	558	0.575269	9.280260	0	0.000000	0.530000	0.448453	
453	0.448124	547	0.491773	9.280260	0	0.000000	0.472000	0.448471	
439	0.410023	561	0.570410	9.280260	0	0.000000	0.500000	0.448512	
456	0.385965	544	0.533088	9.280260	0	0.000000	0.466000	0.448526	
406	0.433498	594	0.501684	9.280260	0	0.000000	0.474000	0.448546	
437	0.432494	563	0.536412	9.280260	0	0.000000	0.491000	0.448580	
461	0.507592	539	0.519481	9.280260	0	0.000000	0.514000	0.448632	
483	0.356108	517	0.522244	9.280260	0	0.000000	0.442000	0.448626	
458	0.069869	542	0.560886	9.280260	0	0.000000	0.336000	0.448538	
467	0.310493	533	0.514071	9.280260	0	0.000000	0.419000	0.448514	
411	0.469586	589	0.548387	9.280260	0	0.000000	0.516000	0.448567	
466	0.394850	534	0.578652	9.280260	0	0.000000	0.493000	0.448602	
447	0.411633	553	0.555154	9.280260	0	0.000000	0.491000	0.448636	
441	0.460317	559	0.522361	9.280260	0	0.000000	0.495000	0.448672	
412	0.211165	588	0.511905	9.280260	0	0.000000	0.388000	0.448624	
486	0.419753	514	0.535019	9.280260	0	0.000000	0.479000	0.448648	
476	0.436975	524	0.526718	9.280260	0	0.000000	0.484000	0.448676	
448	0.473214	552	0.543478	9.280260	0	0.000000	0.512000	0.448726	
414	0.140097	586	0.575085	9.280260	0	0.000000	0.395000	0.448684	
489	0.308793	511	0.530333	9.280260	0	0.000000	0.422000	0.448663	
466	0.345494	534	0.460674	9.280260	0	0.000000	0.407000	0.448630	
436	0.357798	564	0.524823	9.280260	0	0.000000	0.452000	0.448633	
437	0.533181	563	0.538188	9.280260	0	0.000000	0.536000	0.448701	
431	0.329466	569	0.557118	9.280260	0	0.000000	0.459000	0.448709	
459	0.237473	541	0.528651	9.280260	0	0.000000	0.395000	0.448667	
417	0.424460	583	0.531732	9.280260	0	0.000000	0.487000	0.448697	
438	0.324201	562	0.533808	9.280260	0	0.000000	0.442000	0.448692	
460	0.419565	540	0.557407	9.280260	0	0.000000	0.494000	0.448727	
442	0.300905	558	0.568100	9.280260	0	0.000000	0.450000	0.448728	
435	0.298851	565	0.527434	9.280260	0	0.000000	0.428000	0.448712	
463	0.155508	537	0.554935	9.280260	0	0.000000	0.370000	0.448651	
444	0.268018	556	0.553957	9.280260	0	0.000000	0.427000	0.448634	
439	0.410023	561	0.550802	9.280260	0	0.000000	0.489000	0.448665	
457	0.385120	543	0.574586	9.280260	0	0.000000	0.488000	0.448696	
402	0.420398	598	0.571906	9.280260	0	0.000000	0.511000	0.448744	
427	0.067916	573	0.558464	9.280260	0	0.000000	0.349000	0.448667	
442	0.411765	558	0.498208	9.280260	0	0.000000	0.460000	0.448676	
444	0.256757	556	0.570144	9.280260	0	0.000000	0.431000	0.448662	
446	0.484305	554	0.599278	9.280260	0	0.000000	0.548000	0.448738	
444	0.506757	556	0.487410	9.280260	0	0.000000	0.496000	0.448775	
463	0.151188	537	0.525140	9.280260	0	0.000000	0.352000	0.448700	
461	0.197397	539	0.573284	9.280260	0	0.000000	0.400000	0.448663	
442	0.081448	558	0.562724	9.280260	0	0.000000	0.350000	0.448587	
439	0.460137	561	0.497326	9.280260	0	0.000000	0.481000	0.448612	
463	0.434125	537	0.484171	9.280260	0	0.000000	0.461000	0.448622	
454	0.420705	546	0.538462	9.280260	0	0.000000	0.485000	0.448649	
417	0.258993	583	0.538593	9.280260	0	0.000000	0.422000	0.448629	
465	0.410753	535	0.497196	9.280260	0	0.000000	0.457000	0.448635	
422	0.007109	578	0.515571	9.280260	0	0.000000	0.301000	0.448523	
458	0.002183	542	0.570111	9.280260	0	0.000000	0.310000	0.448417	
395	0.164557	605	0.576860	9.280260	0	0.000000	0.414000	0.448390	
426	0.500000	574	0.519164	9.280260	0	0.000000	0.511000	0.448438	
490	0.410204	510	0.513725	9.280260	0	0.000000	0.463000	0.448449	
413	0.130751	587	0.526405	9.280260	0	0.000000	0.363000	0.448384	
449	0.055679	551	0.560799	9.280260	0	0.000000	0.334000	0.448297	
495	0.482828	505	0.506931	9.280260	0	0.000000	0.495000	0.448333	
397	0.403023	603	0.545605	9.280260	0	0.000000	0.489000	0.448364	
463	0.442765	537	0.536313	9.280260	0	0.000000	0.493000	0.448398	
484	0.359504	516	0.554264	9.280260	0	0.000000	0.460000	0.448406	
416	0.370192	584	0.508562	9.280260	0	0.000000	0.451000	0.448408	
432	0.298611	568	0.510563	9.280260	0	0.000000	0.419000	0.448386	
429	0.240093	571	0.493870	9.280260	0	0.000000	0.385000	0.448338	
458	0.406114	542	0.562731	9.280260	0	0.000000	0.491000	0.448370	
467	0.400428	533	0.583490	9.280260	0	0.000000	0.498000	0.448408	
437	0.448513	563	0.589698	9.280260	0	0.000000	0.528000	0.448468	
452	0.212389	548	0.520073	9.280260	0	0.000000	0.381000	0.448417	
443	0.227991	557	0.533214	9.280260	0	0.000000	0.398000	0.448379	
467	0.306210	533	0.559099	9.280260	0	0.000000	0.441000	0.448373	
465	0.481720	535	0.549533	9.280260	0	0.000000	0.518000	0.448426	
462	0.300866	538	0.516729	9.280260	0	0.000000	0.417000	0.448402	
428	0.315421	572	0.545455	9.280260	0	0.000000	0.447000	0.448401	
478	0.370293	522	0.549808	9.280260	0	0.000000	0.464000	0.448413	
407	0.452088	593	0.522766	9.280260	0	0.000000	0.494000	0.448447	
429	0.412587	571	0.553415	9.280260	0	0.000000	0.493000	0.448481	
436	0.144495	564	0.496454	9.280260	0	0.000000	0.343000	0.448401	
437	0.377574	563	0.563055	9.280260	0	0.000000	0.482000	0.448427	
455	0.389011	545	0.557798	9.280260	0	0.000000	0.481000	0.448451	
414	0.388889	586	0.520478	9.280260	0	0.000000	0.466000	0.448464	
466	0.452790	534	0.548689	9.280260	0	0.000000	0.504000	0.448506	
413	0.225182	587	0.565588	9.280260	0	0.000000	0.425000	0.448488	
455	0.437363	545	0.521101	9.280260	0	0.000000	0.483000	0.448514	
485	0.369072	515	0.479612	9.280260	0	0.000000	0.426000	0.448497	
443	0.408578	557	0.536804	9.280260	0	0.000000	0.480000	0.448521	
420	0.292857	580	0.570690	9.280260	0	0.000000	0.454000	0.448525	
443	0.316027	557	0.515260	9.280260	0	0.000000	0.427000	0.448509	
449	0.398664	551	0.557169	9.280260	0	0.000000	0.486000	0.448536	
456	0.418860	544	0.514706	9.280260	0	0.000000	0.471000	0.448553	
461	0.271150	539	0.499072	9.280260	0	0.000000	0.394000	0.448513	
434	0.368664	566	0.553004	9.280260	0	0.000000	0.473000	0.448531	
444	0.380631	556	0.559353	9.280260	0	0.000000	0.480000	0.448554	
443	0.340858	557	0.554758	9.280260	0	0.000000	0.460000	0.448563	
430	0.372093	570	0.526316	9.280260	0	0.000000	0.460000	0.448571	
422	0.109005	578	0.558824	9.280260	0	0.000000	0.369000	0.448512	
466	0.392704	534	0.591760	9.280260	0	0.000000	0.499000	0.448550	
450	0.162222	550	0.561818	9.280260	0	0.000000	0.382000	0.448500	
435	0.271264	565	0.543363	9.280260	0	0.000000	0.425000	0.448483	
442	0.463801	558	0.500000	9.280260	0	0.000000	0.484000	0.448509	
473	0.224101	527	0.504744	9.280260	0	0.000000	0.372000	0.448453	
435	0.151724	565	0.530973	9.280260	0	0.000000	0.366000	0.448392	
425	0.176471	575	0.535652	9.280260	0	0.000000	0.383000	0.448344	
441	0.331066	559	0.527728	9.280260	0	0.000000	0.441000	0.448339	
450	0.351111	550	0.514545	9.280260	0	0.000000	0.441000	0.448333	
428	0.478972	572	0.536713	9.280260	0	0.000000	0.512000	0.448380	
409	0.462103	591	0.544839	9.280260	0	0.000000	0.511000	0.448426	
424	0.448113	576	0.569444	9.280260	0	0.000000	0.518000	0.448477	
468	0.444444	532	0.567669	9.280260	0	0.000000	0.510000	0.448522	
443	0.135440	557	0.610413	9.280260	0	0.000000	0.400000	0.448486	
414	0.036232	586	0.556314	9.280260	0	0.000000	0.341000	0.448408	
437	0.407323	563	0.513321	9.280260	0	0.000000	0.467000	0.448421	
406	0.408867	594	0.542088	9.280260	0	0.000000	0.488000	0.448450	
437	0.411899	563	0.506217	9.280260	0	0.000000	0.465000	0.448462	
433	0.143187	567	0.553792	9.280260	0	0.000000	0.376000	0.448410	
458	0.334061	542	0.514760	9.280260	0	0.000000	0.432000	0.448398	
399	0.383459	601	0.520799	9.280260	0	0.000000	0.466000	0.448410	
438	0.296804	562	0.549822	9.280260	0	0.000000	0.439000	0.448404	
461	0.449024	539	0.565863	9.280260	0	0.000000	0.512000	0.448450	
450	0.113333	550	0.523636	9.280260	0	0.000000	0.339000	0.448370	
453	0.410596	547	0.478976	9.280260	0	0.000000	0.448000	0.448370	
460	0.391304	540	0.516667	9.280260	0	0.000000	0.459000	0.448378	
433	0.110855	567	0.576720	9.280260	0	0.000000	0.375000	0.448325	
479	0.480167	521	0.504798	9.280260	0	0.000000	0.493000	0.448357	
440	0.136364	560	0.514286	9.280260	0	0.000000	0.348000	0.448284	
394	0.385787	606	0.508251	9.280260	0	0.000000	0.460000	0.448293	
463	0.336933	537	0.513966	9.280260	0	0.000000	0.432000	0.448281	
428	0.434579	572	0.463287	9.280260	0	0.000000	0.451000	0.448283	
458	0.421397	542	0.533210	9.280260	0	0.000000	0.482000	0.448307	
430	0.223256	570	0.540351	9.280260	0	0.000000	0.404000	0.448275	
456	0.317982	544	0.612132	9.280260	0	0.000000	0.478000	0.448297	
461	0.227766	539	0.554731	9.280260	0	0.000000	0.404000	0.448265	
487	0.164271	513	0.547758	9.280260	0	0.000000	0.361000	0.448202	
458	0.491266	542	0.536900	9.280260	0	0.000000	0.516000	0.448251	
473	0.458774	527	0.527514	9.280260	0	0.000000	0.495000	0.448284	
432	0.335648	568	0.519366	9.280260	0	0.000000	0.440000	0.448278	
400	0.137500	600	0.608333	9.280260	0	0.000000	0.420000	0.448258	
453	0.434879	547	0.522852	9.280260	0	0.000000	0.483000	0.448283	
446	0.221973	554	0.583032	9.280260	0	0.000000	0.422000	0.448264	
453	0.083885	547	0.553931	9.280260	0	0.000000	0.341000	0.448187	
458	0.373362	542	0.494465	9.280260	0	0.000000	0.439000	0.448181	
461	0.357918	539	0.517625	9.280260	0	0.000000	0.444000	0.448178	
466	0.287554	534	0.561798	9.280260	0	0.000000	0.434000	0.448168	
426	0.009390	574	0.560976	9.280260	0	0.000000	0.326000	0.448080	
417	0.088729	583	0.581475	9.280260	0	0.000000	0.376000	0.448029	
472	0.311441	528	0.532197	9.280260	0	0.000000	0.428000	0.448015	
440	0.354545	560	0.519643	9.280260	0	0.000000	0.447000	0.448014	
423	0.257683	577	0.537262	9.280260	0	0.000000	0.419000	0.447993	
438	0.207763	562	0.564057	9.280260	0	0.000000	0.408000	0.447965	
432	0.354167	568	0.519366	9.280260	0	0.000000	0.448000	0.447965	
423	0.338061	577	0.563258	9.280260	0	0.000000	0.468000	0.447979	
464	0.454741	536	0.567164	9.280260	0	0.000000	0.515000	0.448027	
415	0.431325	585	0.567521	9.280260	0	0.000000	0.511000	0.448071	
453	0.390728	547	0.530165	9.280260	0	0.000000	0.467000	0.448085	
429	0.300699	571	0.560420	9.280260	0	0.000000	0.449000	0.448085	
443	0.442438	557	0.547576	9.280260	0	0.000000	0.501000	0.448123	
489	0.429448	511	0.555773	9.280260	0	0.000000	0.494000	0.448155	
448	0.196429	552	0.534420	9.280260	0	0.000000	0.383000	0.448109	
442	0.332579	558	0.512545	9.280260	0	0.000000	0.433000	0.448099	
459	0.058824	541	0.578558	9.280260	0	0.000000	0.340000	0.448022	
479	0.162839	521	0.587332	9.280260	0	0.000000	0.384000	0.447977	
468	0.215812	532	0.535714	9.280260	0	0.000000	0.386000	0.447933	
402	0.238806	598	0.538462	9.280260	0	0.000000	0.418000	0.447912	
435	0.137931	565	0.520354	9.280260	0	0.000000	0.354000	0.447846	
485	0.437113	515	0.561165	9.280260	0	0.000000	0.501000	0.447884	
483	0.229814	517	0.533849	9.280260	0	0.000000	0.387000	0.447841	
447	0.355705	553	0.513562	9.280260	0	0.000000	0.443000	0.447837	
440	0.470455	560	0.510714	9.280260	0	0.000000	0.493000	0.447869	
417	0.402878	583	0.538593	9.280260	0	0.000000	0.482000	0.447893	
494	0.352227	506	0.551383	9.280260	0	0.000000	0.453000	0.447897	
435	0.321839	565	0.506195	9.280260	0	0.000000	0.426000	0.447881	
413	0.104116	587	0.591141	9.280260	0	0.000000	0.390000	0.447841	
448	0.339286	552	0.518116	9.280260	0	0.000000	0.438000	0.447834	
459	0.039216	541	0.556377	9.280260	0	0.000000	0.319000	0.447744	
421	0.263658	579	0.507772	9.280260	0	0.000000	0.405000	0.447714	
467	0.402570	533	0.529081	9.280260	0	0.000000	0.470000	0.447729	
446	0.385650	554	0.593863	9.280260	0	0.000000	0.501000	0.447767	
444	0.457207	556	0.526978	9.280260	0	0.000000	0.496000	0.447800	
464	0.433190	536	0.527985	9.280260	0	0.000000	0.484000	0.447825	
406	0.352217	594	0.563973	9.280260	0	0.000000	0.478000	0.447846	
425	0.430588	575	0.518261	9.280260	0	0.000000	0.481000	0.447870	
431	0.403712	569	0.553603	9.280260	0	0.000000	0.489000	0.447898	
456	0.489035	544	0.531250	9.280260	0	0.000000	0.512000	0.447943	
447	0.436242	553	0.542495	9.280260	0	0.000000	0.495000	0.447975	
486	0.374486	514	0.511673	9.280260	0	0.000000	0.445000	0.447973	
450	0.375556	550	0.496364	9.280260	0	0.000000	0.442000	0.447969	
429	0.419580	571	0.565674	9.280260	0	0.000000	0.503000	0.448007	
455	0.345055	545	0.548624	9.280260	0	0.000000	0.456000	0.448013	
436	0.371560	564	0.542553	9.280260	0	0.000000	0.468000	0.448027	
445	0.305618	555	0.531532	9.280260	0	0.000000	0.431000	0.448015	
440	0.259091	560	0.560714	9.280260	0	0.000000	0.428000	0.448001	
448	0.274554	552	0.523551	9.280260	0	0.000000	0.412000	0.447976	
451	0.221729	549	0.531876	9.280260	0	0.000000	0.392000	0.447938	
461	0.223427	539	0.541744	9.280260	0	0.000000	0.395000	0.447901	
441	0.444444	559	0.534884	9.280260	0	0.000000	0.495000	0.447934	
439	0.419134	561	0.552585	9.280260	0	0.000000	0.494000	0.447965	
424	0.386792	576	0.562500	9.280260	0	0.000000	0.488000	0.447993	
443	0.151242	557	0.545781	9.280260	0	0.000000	0.371000	0.447940	
409	0.273839	591	0.548223	9.280260	0	0.000000	0.436000	0.447932	
425	0.127059	575	0.554783	9.280260	0	0.000000	0.373000	0.447880	
439	0.480638	561	0.516934	9.280260	0	0.000000	0.501000	0.447917	
438	0.328767	562	0.482206	9.280260	0	0.000000	0.415000	0.447894	
452	0.367257	548	0.510949	9.280260	0	0.000000	0.446000	0.447893	
443	0.469526	557	0.549372	9.280260	0	0.000000	0.514000	0.447938	
439	0.498861	561	0.527629	9.280260	0	0.000000	0.515000	0.447984	
445	0.388764	555	0.563964	9.280260	0	0.000000	0.486000	0.448010	
460	0.334783	540	0.511111	9.280260	0	0.000000	0.430000	0.447998	
458	0.379913	542	0.514760	9.280260	0	0.000000	0.453000	0.448001	
443	0.246050	557	0.500898	9.280260	0	0.000000	0.388000	0.447960	
444	0.261261	556	0.562950	9.280260	0	0.000000	0.429000	0.447947	
432	0.141204	568	0.524648	9.280260	0	0.000000	0.359000	0.447887	
453	0.311258	547	0.528336	9.280260	0	0.000000	0.430000	0.447874	
413	0.181598	587	0.577513	9.280260	0	0.000000	0.414000	0.447851	
475	0.383158	525	0.529524	9.280260	0	0.000000	0.460000	0.447860	
457	0.387309	543	0.504604	9.280260	0	0.000000	0.451000	0.447862	
467	0.361884	533	0.519700	9.280260	0	0.000000	0.446000	0.447860	
463	0.241901	537	0.530726	9.280260	0	0.000000	0.397000	0.447826	
444	0.261261	556	0.544964	9.280260	0	0.000000	0.419000	0.447806	
444	0.396396	556	0.589928	9.280260	0	0.000000	0.504000	0.447844	
419	0.343675	581	0.550775	9.280260	0	0.000000	0.464000	0.447855	
449	0.440980	551	0.528131	9.280260	0	0.000000	0.489000	0.447883	
437	0.260870	563	0.555950	9.280260	0	0.000000	0.427000	0.447869	
435	0.411494	565	0.545133	9.280260	0	0.000000	0.487000	0.447896	
463	0.365011	537	0.558659	9.280260	0	0.000000	0.469000	0.447910	
464	0.338362	536	0.518657	9.280260	0	0.000000	0.435000	0.447901	
443	0.119639	557	0.515260	9.280260	0	0.000000	0.340000	0.447828	
456	0.087719	544	0.538603	9.280260	0	0.000000	0.333000	0.447751	
450	0.162222	550	0.532727	9.280260	0	0.000000	0.366000	0.447696	
456	0.394737	544	0.533088	9.280260	0	0.000000	0.470000	0.447711	
443	0.417607	557	0.583483	9.280260	0	0.000000	0.510000	0.447753	
461	0.288503	539	0.519481	9.280260	0	0.000000	0.413000	0.447729	
476	0.365546	524	0.532443	9.280260	0	0.000000	0.453000	0.447733	
470	0.259574	530	0.524528	9.280260	0	0.000000	0.400000	0.447701	
458	0.301310	542	0.453875	9.280260	0	0.000000	0.384000	0.447658	
414	0.260870	586	0.537543	9.280260	0	0.000000	0.423000	0.447642	
415	0.397590	585	0.505983	9.280260	0	0.000000	0.461000	0.447651	
429	0.351981	571	0.520140	9.280260	0	0.000000	0.448000	0.447651	
459	0.152505	541	0.550832	9.280260	0	0.000000	0.368000	0.447597	
460	0.436957	540	0.561111	9.280260	0	0.000000	0.504000	0.447635	
450	0.366667	550	0.516364	9.280260	0	0.000000	0.449000	0.447636	
420	0.285714	580	0.563793	9.280260	0	0.000000	0.447000	0.447636	
419	0.288783	581	0.500861	9.280260	0	0.000000	0.412000	0.447612	
479	0.304802	521	0.529750	9.280260	0	0.000000	0.422000	0.447595	
455	0.283516	545	0.544954	9.280260	0	0.000000	0.426000	0.447580	
377	0.429708	623	0.550562	9.280260	0	0.000000	0.505000	0.447619	
449	0.200445	551	0.535390	9.280260	0	0.000000	0.385000	0.447577	
466	0.427039	534	0.500000	9.280260	0	0.000000	0.466000	0.447589	
442	0.479638	558	0.559140	9.280260	0	0.000000	0.524000	0.447640	
435	0.487356	565	0.509735	9.280260	0	0.000000	0.500000	0.447675	
443	0.386005	557	0.517056	9.280260	0	0.000000	0.459000	0.447682	
395	0.506329	605	0.561983	9.280260	0	0.000000	0.540000	0.447744	
461	0.481562	539	0.487941	9.280260	0	0.000000	0.485000	0.447768	
436	0.293578	564	0.563830	9.280260	0	0.000000	0.446000	0.447767	
452	0.316372	548	0.558394	9.280260	0	0.000000	0.449000	0.447768	
493	0.529412	507	0.554241	9.280260	0	0.000000	0.542000	0.447830	
475	0.370526	525	0.529524	9.280260	0	0.000000	0.454000	0.447834	
460	0.326087	540	0.535185	9.280260	0	0.000000	0.439000	0.447829	
452	0.426991	548	0.505474	9.280260	0	0.000000	0.470000	0.447843	
449	0.360802	551	0.540835	9.280260	0	0.000000	0.460000	0.447851	
425	0.435294	575	0.526957	9.280260	0	0.000000	0.488000	0.447878	
435	0.342529	565	0.566372	9.280260	0	0.000000	0.469000	0.447892	
450	0.402222	550	0.530909	9.280260	0	0.000000	0.473000	0.447908	
454	0.220264	546	0.531136	9.280260	0	0.000000	0.390000	0.447870	
438	0.324201	562	0.556940	9.280260	0	0.000000	0.455000	0.447875	
454	0.240088	546	0.589744	9.280260	0	0.000000	0.431000	0.447864	
475	0.082105	525	0.533333	9.280260	0	0.000000	0.319000	0.447779	
447	0.293065	553	0.575045	9.280260	0	0.000000	0.449000	0.447780	
436	0.497706	564	0.508865	9.280260	0	0.000000	0.504000	0.447817	
435	0.264368	565	0.504425	9.280260	0	0.000000	0.400000	0.447785	
469	0.430704	531	0.580038	9.280260	0	0.000000	0.510000	0.447826	
435	0.117241	565	0.550442	9.280260	0	0.000000	0.362000	0.447770	
449	0.193764	551	0.539020	9.280260	0	0.000000	0.384000	0.447728	
414	0.260870	586	0.535836	9.280260	0	0.000000	0.422000	0.447711	
438	0.305936	562	0.537367	9.280260	0	0.000000	0.436000	0.447704	
458	0.493450	542	0.544280	9.280260	0	0.000000	0.521000	0.447752	
436	0.096330	564	0.572695	9.280260	0	0.000000	0.365000	0.447697	
459	0.244009	541	0.510166	9.280260	0	0.000000	0.388000	0.447659	
492	0.418699	508	0.578740	9.280260	0	0.000000	0.500000	0.447693	
411	0.335766	589	0.578947	9.280260	0	0.000000	0.479000	0.447713	
438	0.436073	562	0.587189	9.280260	0	0.000000	0.521000	0.447761	
455	0.294505	545	0.572477	9.280260	0	0.000000	0.446000	0.447760	
449	0.198218	551	0.568058	9.280260	0	0.000000	0.402000	0.447730	
412	0.359223	588	0.554422	9.280260	0	0.000000	0.474000	0.447747	
443	0.381490	557	0.533214	9.280260	0	0.000000	0.466000	0.447759	
419	0.501193	581	0.514630	9.280260	0	0.000000	0.509000	0.447799	
428	0.359813	572	0.557692	9.280260	0	0.000000	0.473000	0.447815	
434	0.336406	566	0.574205	9.280260	0	0.000000	0.471000	0.447830	
441	0.242630	559	0.550984	9.280260	0	0.000000	0.415000	0.447809	
445	0.348315	555	0.549550	9.280260	0	0.000000	0.460000	0.447817	
443	0.291196	557	0.538600	9.280260	0	0.000000	0.429000	0.447804	
449	0.418708	551	0.548094	9.280260	0	0.000000	0.490000	0.447832	
421	0.206651	579	0.506045	9.280260	0	0.000000	0.380000	0.447788	
455	0.415385	545	0.552294	9.280260	0	0.000000	0.490000	0.447815	
446	0.446188	554	0.521661	9.280260	0	0.000000	0.488000	0.447841	
475	0.258947	525	0.544762	9.280260	0	0.000000	0.409000	0.447816	
462	0.363636	538	0.559480	9.280260	0	0.000000	0.469000	0.447830	
474	0.324895	526	0.517110	9.280260	0	0.000000	0.426000	0.447816	
442	0.233032	558	0.505376	9.280260	0	0.000000	0.385000	0.447775	
422	0.343602	578	0.555363	9.280260	0	0.000000	0.466000	0.447787	
426	0.366197	574	0.545296	9.280260	0	0.000000	0.469000	0.447800	
435	0.411494	565	0.562832	9.280260	0	0.000000	0.497000	0.447832	
436	0.286697	564	0.593972	9.280260	0	0.000000	0.460000	0.447840	
461	0.225597	539	0.541744	9.280260	0	0.000000	0.396000	0.447807	
464	0.409483	536	0.541045	9.280260	0	0.000000	0.480000	0.447827	
470	0.491489	530	0.583019	9.280260	0	0.000000	0.540000	0.447886	
443	0.419865	557	0.552962	9.280260	0	0.000000	0.494000	0.447916	
443	0.167043	557	0.556553	9.280260	0	0.000000	0.384000	0.447875	
474	0.392405	526	0.549430	9.280260	0	0.000000	0.475000	0.447892	
447	0.427293	553	0.542495	9.280260	0	0.000000	0.491000	0.447920	
456	0.486842	544	0.505515	9.280260	0	0.000000	0.497000	0.447951	
449	0.327394	551	0.539020	9.280260	0	0.000000	0.444000	0.447949	
465	0.468817	535	0.510280	9.280260	0	0.000000	0.491000	0.447976	
427	0.170960	573	0.535777	9.280260	0	0.000000	0.380000	0.447933	
414	0.217391	586	0.535836	9.280260	0	0.000000	0.404000	0.447905	
455	0.400000	545	0.543119	9.280260	0	0.000000	0.478000	0.447924	
469	0.287846	531	0.563089	9.280260	0	0.000000	0.434000	0.447915	
471	0.363057	529	0.538752	9.280260	0	0.000000	0.456000	0.447920	
440	0.354545	560	0.553571	9.280260	0	0.000000	0.466000	0.447932	
421	0.448931	579	0.550950	9.280260	0	0.000000	0.508000	0.447970	
443	0.232506	557	0.567325	9.280260	0	0.000000	0.419000	0.447951	
439	0.380410	561	0.586453	9.280260	0	0.000000	0.496000	0.447982	
485	0.505155	515	0.514563	9.280260	0	0.000000	0.510000	0.448021	
395	0.253165	605	0.528926	9.280260	0	0.000000	0.420000	0.448004	
465	0.430108	535	0.540187	9.280260	0	0.000000	0.489000	0.448029	
455	0.395604	545	0.524771	9.280260	0	0.000000	0.466000	0.448041	
411	0.367397	589	0.516129	9.280260	0	0.000000	0.455000	0.448045	
467	0.400428	533	0.551595	9.280260	0	0.000000	0.481000	0.448066	
464	0.381466	536	0.533582	9.280260	0	0.000000	0.463000	0.448075	
463	0.406048	537	0.566108	9.280260	0	0.000000	0.492000	0.448103	
428	0.432243	572	0.538462	9.280260	0	0.000000	0.493000	0.448131	
473	0.308668	527	0.561670	9.280260	0	0.000000	0.442000	0.448128	
449	0.458797	551	0.580762	9.280260	0	0.000000	0.526000	0.448177	
443	0.221219	557	0.527828	9.280260	0	0.000000	0.392000	0.448141	
400	0.202500	600	0.558333	9.280260	0	0.000000	0.416000	0.448121	
455	0.437363	545	0.539450	9.280260	0	0.000000	0.493000	0.448149	
468	0.405983	532	0.543233	9.280260	0	0.000000	0.479000	0.448169	
446	0.197309	554	0.545126	9.280260	0	0.000000	0.390000	0.448132	
450	0.148889	550	0.545455	9.280260	0	0.000000	0.367000	0.448081	
489	0.341513	511	0.547945	9.280260	0	0.000000	0.447000	0.448081	
471	0.346072	529	0.548204	9.280260	0	0.000000	0.453000	0.448084	
464	0.366379	536	0.529851	9.280260	0	0.000000	0.454000	0.448087	
464	0.280172	536	0.582090	9.280260	0	0.000000	0.442000	0.448084	
440	0.175000	560	0.503571	9.280260	0	0.000000	0.359000	0.448028	
438	0.310502	562	0.540925	9.280260	0	0.000000	0.440000	0.448023	
418	0.344498	582	0.553265	9.280260	0	0.000000	0.466000	0.448034	
437	0.475973	563	0.555950	9.280260	0	0.000000	0.521000	0.448080	
444	0.020270	556	0.598921	9.280260	0	0.000000	0.342000	0.448013	
458	0.131004	542	0.547970	9.280260	0	0.000000	0.357000	0.447957	
475	0.423158	525	0.499048	9.280260	0	0.000000	0.463000	0.447966	
453	0.496689	547	0.462523	9.280260	0	0.000000	0.478000	0.447985	
422	0.502370	578	0.576125	9.280260	0	0.000000	0.545000	0.448045	
471	0.263270	529	0.527410	9.280260	0	0.000000	0.403000	0.448017	
440	0.113636	560	0.548214	9.280260	0	0.000000	0.357000	0.447961	
470	0.217021	530	0.533962	9.280260	0	0.000000	0.385000	0.447921	
471	0.471338	529	0.478261	9.280260	0	0.000000	0.475000	0.447938	
459	0.442266	541	0.515712	9.280260	0	0.000000	0.482000	0.447959	
439	0.328018	561	0.527629	9.280260	0	0.000000	0.440000	0.447954	
410	0.426829	590	0.544068	9.280260	0	0.000000	0.496000	0.447984	
411	0.000000	589	0.556876	9.280260	0	0.000000	0.328000	0.447910	
479	0.359081	521	0.596929	9.280260	0	0.000000	0.483000	0.447932	
454	0.433921	546	0.507326	9.280260	0	0.000000	0.474000	0.447948	
440	0.384091	560	0.537500	9.280260	0	0.000000	0.470000	0.447961	
446	0.352018	554	0.554152	9.280260	0	0.000000	0.464000	0.447971	
454	0.466960	546	0.569597	9.280260	0	0.000000	0.523000	0.448018	
453	0.328918	547	0.552102	9.280260	0	0.000000	0.451000	0.448019	
393	0.346056	607	0.627677	9.280260	0	0.000000	0.517000	0.448062	
434	0.500000	566	0.549470	9.280260	0	0.000000	0.528000	0.448111	
427	0.168618	573	0.575916	9.280260	0	0.000000	0.402000	0.448083	
470	0.327660	530	0.526415	9.280260	0	0.000000	0.433000	0.448074	
455	0.320879	545	0.532110	9.280260	0	0.000000	0.436000	0.448066	
428	0.362150	572	0.543706	9.280260	0	0.000000	0.466000	0.448077	
467	0.436831	533	0.527205	9.280260	0	0.000000	0.485000	0.448100	
429	0.424242	571	0.523643	9.280260	0	0.000000	0.481000	0.448120	
449	0.314031	551	0.470054	9.280260	0	0.000000	0.400000	0.448091	
440	0.452273	560	0.505357	9.280260	0	0.000000	0.482000	0.448111	
446	0.170404	554	0.601083	9.280260	0	0.000000	0.409000	0.448087	
478	0.058577	522	0.595785	9.280260	0	0.000000	0.339000	0.448021	
462	0.313853	538	0.524164	9.280260	0	0.000000	0.427000	0.448008	
484	0.386364	516	0.538760	9.280260	0	0.000000	0.465000	0.448018	
457	0.496718	543	0.558011	9.280260	0	0.000000	0.530000	0.448068	
449	0.389755	551	0.500907	9.280260	0	0.000000	0.451000	0.448070	
459	0.413943	541	0.560074	9.280260	0	0.000000	0.493000	0.448097	
440	0.384091	560	0.514286	9.280260	0	0.000000	0.457000	0.448103	
448	0.419643	552	0.523551	9.280260	0	0.000000	0.477000	0.448120	
440	0.277273	560	0.555357	9.280260	0	0.000000	0.433000	0.448111	
436	0.415138	564	0.551418	9.280260	0	0.000000	0.492000	0.448138	
439	0.446469	561	0.479501	9.280260	0	0.000000	0.465000	0.448148	
408	0.335784	592	0.525338	9.280260	0	0.000000	0.448000	0.448148	
429	0.240093	571	0.544658	9.280260	0	0.000000	0.414000	0.448127	
436	0.419725	564	0.537234	9.280260	0	0.000000	0.486000	0.448150	
471	0.414013	529	0.529301	9.280260	0	0.000000	0.475000	0.448167	
424	0.372642	576	0.560764	9.280260	0	0.000000	0.481000	0.448187	
465	0.402151	535	0.547664	9.280260	0	0.000000	0.480000	0.448206	
439	0.384966	561	0.529412	9.280260	0	0.000000	0.466000	0.448217	
460	0.371739	540	0.538889	9.280260	0	0.000000	0.462000	0.448225	
448	0.408482	552	0.534420	9.280260	0	0.000000	0.478000	0.448243	
455	0.041758	545	0.526606	9.280260	0	0.000000	0.306000	0.448157	
458	0.469432	542	0.557196	9.280260	0	0.000000	0.517000	0.448199	
464	0.515086	536	0.591418	9.280260	0	0.000000	0.556000	0.448264	
468	0.305556	532	0.548872	9.280260	0	0.000000	0.435000	0.448256	
439	0.207289	561	0.545455	9.280260	0	0.000000	0.397000	0.448225	
459	0.387800	541	0.582255	9.280260	0	0.000000	0.493000	0.448252	
458	0.318777	542	0.525830	9.280260	0	0.000000	0.431000	0.448241	
475	0.345263	525	0.540952	9.280260	0	0.000000	0.448000	0.448241	
470	0.274468	530	0.522642	9.280260	0	0.000000	0.406000	0.448216	
420	0.369048	580	0.543103	9.280260	0	0.000000	0.470000	0.448229	
438	0.273973	562	0.533808	9.280260	0	0.000000	0.420000	0.448212	
432	0.074074	568	0.561620	9.280260	0	0.000000	0.351000	0.448154	
444	0.299550	556	0.559353	9.280260	0	0.000000	0.444000	0.448151	
454	0.372247	546	0.536630	9.280260	0	0.000000	0.462000	0.448159	
443	0.408578	557	0.572711	9.280260	0	0.000000	0.500000	0.448190	
425	0.444706	575	0.568696	9.280260	0	0.000000	0.516000	0.448231	
409	0.418093	591	0.544839	9.280260	0	0.000000	0.493000	0.448258	
431	0.141531	569	0.528998	9.280260	0	0.000000	0.362000	0.448206	
420	0.364286	580	0.536207	9.280260	0	0.000000	0.464000	0.448216	
436	0.435780	564	0.524823	9.280260	0	0.000000	0.486000	0.448238	
445	0.471910	555	0.549550	9.280260	0	0.000000	0.515000	0.448278	
457	0.361050	543	0.517495	9.280260	0	0.000000	0.446000	0.448277	
425	0.369412	575	0.502609	9.280260	0	0.000000	0.446000	0.448276	
459	0.437908	541	0.552680	9.280260	0	0.000000	0.500000	0.448306	
448	0.444196	552	0.541667	9.280260	0	0.000000	0.498000	0.448336	
418	0.155502	582	0.565292	9.280260	0	0.000000	0.394000	0.448304	
429	0.296037	571	0.555166	9.280260	0	0.000000	0.444000	0.448301	
443	0.300226	557	0.545781	9.280260	0	0.000000	0.437000	0.448294	
414	0.458937	586	0.505119	9.280260	0	0.000000	0.486000	0.448317	
438	0.317352	562	0.485765	9.280260	0	0.000000	0.412000	0.448295	
450	0.331111	550	0.520000	9.280260	0	0.000000	0.435000	0.448287	
435	0.466667	565	0.507965	9.280260	0	0.000000	0.490000	0.448312	
423	0.366430	577	0.518198	9.280260	0	0.000000	0.454000	0.448315	
449	0.282851	551	0.537205	9.280260	0	0.000000	0.423000	0.448300	
454	0.240088	546	0.538462	9.280260	0	0.000000	0.403000	0.448274	
420	0.273810	580	0.506897	9.280260	0	0.000000	0.409000	0.448250	
444	0.328829	556	0.559353	9.280260	0	0.000000	0.457000	0.448256	
427	0.023419	573	0.554974	9.280260	0	0.000000	0.328000	0.448184	
449	0.144766	551	0.553539	9.280260	0	0.000000	0.370000	0.448138	
435	0.172414	565	0.550442	9.280260	0	0.000000	0.386000	0.448101	
461	0.299349	539	0.554731	9.280260	0	0.000000	0.437000	0.448095	
443	0.329571	557	0.583483	9.280260	0	0.000000	0.471000	0.448108	
464	0.340517	536	0.505597	9.280260	0	0.000000	0.429000	0.448097	
433	0.145497	567	0.566138	9.280260	0	0.000000	0.384000	0.448059	
465	0.258065	535	0.542056	9.280260	0	0.000000	0.410000	0.448037	
463	0.233261	537	0.553073	9.280260	0	0.000000	0.405000	0.448012	
449	0.240535	551	0.522686	9.280260	0	0.000000	0.396000	0.447981	
449	0.380846	551	0.522686	9.280260	0	0.000000	0.459000	0.447987	
464	0.422414	536	0.511194	9.280260	0	0.000000	0.470000	0.448000	
450	0.335556	550	0.525455	9.280260	0	0.000000	0.440000	0.447996	
473	0.353066	527	0.559772	9.280260	0	0.000000	0.462000	0.448004	
444	0.409910	556	0.546763	9.280260	0	0.000000	0.486000	0.448026	
446	0.282511	554	0.548736	9.280260	0	0.000000	0.430000	0.448016	
438	0.328767	562	0.508897	9.280260	0	0.000000	0.430000	0.448005	
461	0.340564	539	0.480519	9.280260	0	0.000000	0.416000	0.447986	
423	0.397163	577	0.561525	9.280260	0	0.000000	0.492000	0.448012	
457	0.172867	543	0.465930	9.280260	0	0.000000	0.332000	0.447944	
456	0.300439	544	0.555147	9.280260	0	0.000000	0.439000	0.447939	
463	0.414687	537	0.545624	9.280260	0	0.000000	0.485000	0.447961	
466	0.178112	534	0.526217	9.280260	0	0.000000	0.364000	0.447912	
408	0.340686	592	0.528716	9.280260	0	0.000000	0.452000	0.447914	
449	0.403118	551	0.502722	9.280260	0	0.000000	0.458000	0.447920	
467	0.475375	533	0.555347	9.280260	0	0.000000	0.518000	0.447961	
416	0.497596	584	0.529110	9.280260	0	0.000000	0.516000	0.448000	
462	0.348485	538	0.503717	9.280260	0	0.000000	0.432000	0.447991	
427	0.309133	573	0.513089	9.280260	0	0.000000	0.426000	0.447978	
392	0.252551	608	0.521382	9.280260	0	0.000000	0.416000	0.447960	
407	0.319410	593	0.534570	9.280260	0	0.000000	0.447000	0.447959	
457	0.420131	543	0.504604	9.280260	0	0.000000	0.466000	0.447970	
449	0.498886	551	0.524501	9.280260	0	0.000000	0.513000	0.448007	
460	0.447826	540	0.550000	9.280260	0	0.000000	0.503000	0.448039	
476	0.399160	524	0.520992	9.280260	0	0.000000	0.463000	0.448048	
450	0.455556	550	0.510909	9.280260	0	0.000000	0.486000	0.448070	
496	0.485887	504	0.579365	9.280260	0	0.000000	0.533000	0.448119	
445	0.179775	555	0.578378	9.280260	0	0.000000	0.401000	0.448092	
407	0.285012	593	0.551433	9.280260	0	0.000000	0.443000	0.448089	
457	0.354486	543	0.552486	9.280260	0	0.000000	0.462000	0.448097	
463	0.440605	537	0.525140	9.280260	0	0.000000	0.486000	0.448119	
453	0.505519	547	0.499086	9.280260	0	0.000000	0.502000	0.448150	
459	0.418301	541	0.497227	9.280260	0	0.000000	0.461000	0.448157	
439	0.441913	561	0.491979	9.280260	0	0.000000	0.470000	0.448170	
419	0.417661	581	0.530120	9.280260	0	0.000000	0.483000	0.448190	
418	0.382775	582	0.567010	9.280260	0	0.000000	0.490000	0.448214	
454	0.334802	546	0.514652	9.280260	0	0.000000	0.433000	0.448205	
446	0.408072	554	0.546931	9.280260	0	0.000000	0.485000	0.448227	
445	0.069663	555	0.562162	9.280260	0	0.000000	0.343000	0.448166	
416	0.110577	584	0.515411	9.280260	0	0.000000	0.347000	0.448108	
458	0.050218	542	0.516605	9.280260	0	0.000000	0.303000	0.448024	
427	0.379391	573	0.506108	9.280260	0	0.000000	0.452000	0.448027	
444	0.304054	556	0.532374	9.280260	0	0.000000	0.431000	0.448017	
450	0.113333	550	0.569091	9.280260	0	0.000000	0.364000	0.447969	
471	0.286624	529	0.512287	9.280260	0	0.000000	0.406000	0.447945	
439	0.362187	561	0.463458	9.280260	0	0.000000	0.419000	0.447928	
428	0.439252	572	0.543706	9.280260	0	0.000000	0.499000	0.447957	
472	0.476695	528	0.543561	9.280260	0	0.000000	0.512000	0.447994	
451	0.425721	549	0.557377	9.280260	0	0.000000	0.498000	0.448023	
432	0.391204	568	0.496479	9.280260	0	0.000000	0.451000	0.448024	
414	0.294686	586	0.534130	9.280260	0	0.000000	0.435000	0.448017	
439	0.375854	561	0.540107	9.280260	0	0.000000	0.468000	0.448028	
421	0.287411	579	0.533679	9.280260	0	0.000000	0.430000	0.448018	
453	0.306843	547	0.535649	9.280260	0	0.000000	0.432000	0.448009	
456	0.260965	544	0.560662	9.280260	0	0.000000	0.424000	0.447995	
446	0.282511	554	0.541516	9.280260	0	0.000000	0.426000	0.447983	
453	0.333333	547	0.513711	9.280260	0	0.000000	0.432000	0.447974	
417	0.119904	583	0.504288	9.280260	0	0.000000	0.344000	0.447914	
431	0.396752	569	0.525483	9.280260	0	0.000000	0.470000	0.447927	
415	0.231325	585	0.533333	9.280260	0	0.000000	0.408000	0.447904	
440	0.243182	560	0.496429	9.280260	0	0.000000	0.385000	0.447868	
457	0.280088	543	0.506446	9.280260	0	0.000000	0.403000	0.447843	
418	0.306220	582	0.560137	9.280260	0	0.000000	0.454000	0.447847	
418	0.050239	582	0.542955	9.280260	0	0.000000	0.337000	0.447784	
447	0.093960	553	0.537071	9.280260	0	0.000000	0.339000	0.447722	
479	0.313152	521	0.552783	9.280260	0	0.000000	0.438000	0.447716	
473	0.241015	527	0.521822	9.280260	0	0.000000	0.389000	0.447683	
430	0.441860	570	0.575439	9.280260	0	0.000000	0.518000	0.447723	
446	0.374439	554	0.586643	9.280260	0	0.000000	0.492000	0.447748	
436	0.442661	564	0.563830	9.280260	0	0.000000	0.511000	0.447784	
450	0.500000	550	0.523636	9.280260	0	0.000000	0.513000	0.447821	
421	0.437055	579	0.504318	9.280260	0	0.000000	0.476000	0.447837	
428	0.362150	572	0.547203	9.280260	0	0.000000	0.468000	0.447848	
423	0.297872	577	0.545927	9.280260	0	0.000000	0.441000	0.447844	
443	0.065463	557	0.551167	9.280260	0	0.000000	0.336000	0.447781	
444	0.139640	556	0.553957	9.280260	0	0.000000	0.370000	0.447737	
455	0.356044	545	0.480734	9.280260	0	0.000000	0.424000	0.447724	
433	0.314088	567	0.523810	9.280260	0	0.000000	0.433000	0.447716	
451	0.332594	549	0.524590	9.280260	0	0.000000	0.438000	0.447710	
434	0.366359	566	0.558304	9.280260	0	0.000000	0.475000	0.447725	
476	0.294118	524	0.559160	9.280260	0	0.000000	0.433000	0.447717	
455	0.432967	545	0.519266	9.280260	0	0.000000	0.480000	0.447735	
430	0.332558	570	0.550877	9.280260	0	0.000000	0.457000	0.447740	
431	0.470998	569	0.527241	9.280260	0	0.000000	0.503000	0.447771	
444	0.427928	556	0.508993	9.280260	0	0.000000	0.473000	0.447786	
443	0.302483	557	0.509874	9.280260	0	0.000000	0.418000	0.447769	
440	0.331818	560	0.510714	9.280260	0	0.000000	0.432000	0.447760	
439	0.252847	561	0.527629	9.280260	0	0.000000	0.407000	0.447737	
437	0.347826	563	0.529307	9.280260	0	0.000000	0.450000	0.447739	
463	0.380130	537	0.541899	9.280260	0	0.000000	0.467000	0.447749	
440	0.334091	560	0.566071	9.280260	0	0.000000	0.464000	0.447758	
432	0.206019	568	0.535211	9.280260	0	0.000000	0.393000	0.447728	
426	0.410798	574	0.522648	9.280260	0	0.000000	0.475000	0.447743	
433	0.392610	567	0.509700	9.280260	0	0.000000	0.459000	0.447749	
452	0.451327	548	0.565693	9.280260	0	0.000000	0.514000	0.447786	
419	0.214797	581	0.549053	9.280260	0	0.000000	0.409000	0.447765	
426	0.223005	574	0.513937	9.280260	0	0.000000	0.390000	0.447732	
417	0.155875	583	0.512864	9.280260	0	0.000000	0.364000	0.447686	
434	0.186636	566	0.538869	9.280260	0	0.000000	0.386000	0.447652	
468	0.378205	532	0.500000	9.280260	0	0.000000	0.443000	0.447649	
446	0.307175	554	0.512635	9.280260	0	0.000000	0.421000	0.447634	
452	0.099558	548	0.567518	9.280260	0	0.000000	0.356000	0.447583	
422	0.421801	578	0.506920	9.280260	0	0.000000	0.471000	0.447596	
410	0.402439	590	0.511864	9.280260	0	0.000000	0.467000	0.447607	
448	0.250000	552	0.514493	9.280260	0	0.000000	0.396000	0.447578	
425	0.105882	575	0.507826	9.280260	0	0.000000	0.337000	0.447517	
434	0.156682	566	0.567138	9.280260	0	0.000000	0.389000	0.447485	
418	0.112440	582	0.567010	9.280260	0	0.000000	0.377000	0.447446	
452	0.378319	548	0.514599	9.280260	0	0.000000	0.453000	0.447449	
428	0.247664	572	0.531469	9.280260	0	0.000000	0.410000	0.447428	
413	0.251816	587	0.565588	9.280260	0	0.000000	0.436000	0.447422	
436	0.403670	564	0.595745	9.280260	0	0.000000	0.512000	0.447458	
451	0.201774	549	0.570128	9.280260	0	0.000000	0.404000	0.447434	
461	0.488069	539	0.526902	9.280260	0	0.000000	0.509000	0.447467	
457	0.435449	543	0.506446	9.280260	0	0.000000	0.474000	0.447482	
491	0.409369	509	0.524558	9.280260	0	0.000000	0.468000	0.447493	
442	0.461538	558	0.555556	9.280260	0	0.000000	0.514000	0.447530	
432	0.400463	568	0.517606	9.280260	0	0.000000	0.467000	0.447541	
470	0.331915	530	0.479245	9.280260	0	0.000000	0.410000	0.447520	
501	0.253493	499	0.501002	9.280260	0	0.000000	0.377000	0.447481	
444	0.432432	556	0.535971	9.280260	0	0.000000	0.490000	0.447505	
455	0.331868	545	0.528440	9.280260	0	0.000000	0.439000	0.447500	
438	0.452055	562	0.544484	9.280260	0	0.000000	0.504000	0.447531	
416	0.420673	584	0.511986	9.280260	0	0.000000	0.474000	0.447546	
453	0.410596	547	0.504570	9.280260	0	0.000000	0.462000	0.447553	
444	0.207207	556	0.535971	9.280260	0	0.000000	0.390000	0.447522	
420	0.145238	580	0.551724	9.280260	0	0.000000	0.381000	0.447486	
427	0.285714	573	0.563700	9.280260	0	0.000000	0.445000	0.447484	
482	0.321577	518	0.567568	9.280260	0	0.000000	0.449000	0.447485	
452	0.329646	548	0.529197	9.280260	0	0.000000	0.439000	0.447480	
451	0.339246	549	0.535519	9.280260	0	0.000000	0.447000	0.447480	
432	0.372685	568	0.457746	9.280260	0	0.000000	0.421000	0.447466	
472	0.411017	528	0.549242	9.280260	0	0.000000	0.484000	0.447486	
414	0.386473	586	0.556314	9.280260	0	0.000000	0.486000	0.447507	
424	0.250000	576	0.635417	9.280260	0	0.000000	0.472000	0.447520	
427	0.421546	573	0.556719	9.280260	0	0.000000	0.499000	0.447548	
470	0.444681	530	0.605660	9.280260	0	0.000000	0.530000	0.447593	
439	0.236902	561	0.538324	9.280260	0	0.000000	0.406000	0.447570	
474	0.227848	526	0.581749	9.280260	0	0.000000	0.414000	0.447552	
427	0.391101	573	0.497382	9.280260	0	0.000000	0.452000	0.447554	
417	0.424460	583	0.545455	9.280260	0	0.000000	0.495000	0.447580	
437	0.398169	563	0.543517	9.280260	0	0.000000	0.480000	0.447598	
446	0.457399	554	0.534296	9.280260	0	0.000000	0.500000	0.447626	
463	0.406048	537	0.517691	9.280260	0	0.000000	0.466000	0.447636	
444	0.441441	556	0.523381	9.280260	0	0.000000	0.487000	0.447658	
437	0.288330	563	0.573712	9.280260	0	0.000000	0.449000	0.447658	
446	0.464126	554	0.583032	9.280260	0	0.000000	0.530000	0.447703	
429	0.410256	571	0.525394	9.280260	0	0.000000	0.476000	0.447718	
466	0.512876	534	0.513109	9.280260	0	0.000000	0.513000	0.447754	
439	0.378132	561	0.527629	9.280260	0	0.000000	0.462000	0.447761	
388	0.288660	612	0.516340	9.280260	0	0.000000	0.428000	0.447751	
448	0.430804	552	0.525362	9.280260	0	0.000000	0.483000	0.447770	
461	0.373102	539	0.536178	9.280260	0	0.000000	0.461000	0.447777	
463	0.222462	537	0.595903	9.280260	0	0.000000	0.423000	0.447763	
418	0.423445	582	0.517182	9.280260	0	0.000000	0.478000	0.447780	
402	0.238806	598	0.551839	9.280260	0	0.000000	0.426000	0.447768	
425	0.378824	575	0.539130	9.280260	0	0.000000	0.471000	0.447780	
437	0.425629	563	0.573712	9.280260	0	0.000000	0.509000	0.447813	
440	0.445455	560	0.530357	9.280260	0	0.000000	0.493000	0.447838	
419	0.467780	581	0.547332	9.280260	0	0.000000	0.514000	0.447873	
415	0.412048	585	0.593162	9.280260	0	0.000000	0.518000	0.447911	
457	0.457330	543	0.565378	9.280260	0	0.000000	0.516000	0.447948	
432	0.344907	568	0.570423	9.280260	0	0.000000	0.473000	0.447961	
428	0.364486	572	0.538462	9.280260	0	0.000000	0.464000	0.447970	
450	0.340000	550	0.501818	9.280260	0	0.000000	0.429000	0.447960	
455	0.426374	545	0.552294	9.280260	0	0.000000	0.495000	0.447985	
455	0.487912	545	0.524771	9.280260	0	0.000000	0.508000	0.448017	
461	0.388286	539	0.536178	9.280260	0	0.000000	0.468000	0.448028	
465	0.217204	535	0.514019	9.280260	0	0.000000	0.376000	0.447989	
403	0.464020	597	0.559464	9.280260	0	0.000000	0.521000	0.448028	
468	0.314103	532	0.567669	9.280260	0	0.000000	0.449000	0.448029	
457	0.391685	543	0.510129	9.280260	0	0.000000	0.456000	0.448033	
451	0.237251	549	0.562842	9.280260	0	0.000000	0.416000	0.448016	
503	0.216700	497	0.541247	9.280260	0	0.000000	0.378000	0.447978	
460	0.386957	540	0.557407	9.280260	0	0.000000	0.479000	0.447995	
438	0.324201	562	0.583630	9.280260	0	0.000000	0.470000	0.448007	
469	0.255864	531	0.564972	9.280260	0	0.000000	0.420000	0.447992	
458	0.205240	542	0.579336	9.280260	0	0.000000	0.408000	0.447970	
473	0.257928	527	0.571157	9.280260	0	0.000000	0.423000	0.447957	
406	0.376847	594	0.510101	9.280260	0	0.000000	0.456000	0.447961	
453	0.311258	547	0.574040	9.280260	0	0.000000	0.455000	0.447965	
443	0.487585	557	0.499102	9.280260	0	0.000000	0.494000	0.447990	
433	0.244804	567	0.504409	9.280260	0	0.000000	0.392000	0.447960	
466	0.291845	534	0.561798	9.280260	0	0.000000	0.436000	0.447954	
460	0.154348	540	0.544444	9.280260	0	0.000000	0.365000	0.447910	
470	0.423404	530	0.541509	9.280260	0	0.000000	0.486000	0.447930	
444	0.362613	556	0.544964	9.280260	0	0.000000	0.464000	0.447938	
456	0.407895	544	0.514706	9.280260	0	0.000000	0.466000	0.447948	
448	0.372768	552	0.536232	9.280260	0	0.000000	0.463000	0.447956	
457	0.389497	543	0.539595	9.280260	0	0.000000	0.471000	0.447968	
466	0.429185	534	0.496255	9.280260	0	0.000000	0.465000	0.447977	
449	0.438753	551	0.537205	9.280260	0	0.000000	0.493000	0.448001	
496	0.391129	504	0.503968	9.280260	0	0.000000	0.448000	0.448001	
458	0.408297	542	0.518450	9.280260	0	0.000000	0.468000	0.448011	
467	0.327623	533	0.532833	9.280260	0	0.000000	0.437000	0.448006	
423	0.425532	577	0.492201	9.280260	0	0.000000	0.464000	0.448014	
438	0.447489	562	0.516014	9.280260	0	0.000000	0.486000	0.448034	
458	0.183406	542	0.536900	9.280260	0	0.000000	0.375000	0.447996	
434	0.052995	566	0.545936	9.280260	0	0.000000	0.332000	0.447934	
425	0.517647	575	0.553043	9.280260	0	0.000000	0.538000	0.447982	
421	0.448931	579	0.559585	9.280260	0	0.000000	0.513000	0.448016	
451	0.232816	549	0.553734	9.280260	0	0.000000	0.409000	0.447996	
429	0.386946	571	0.511384	9.280260	0	0.000000	0.458000	0.448001	
430	0.320930	570	0.566667	9.280260	0	0.000000	0.461000	0.448008	
412	0.463592	588	0.532313	9.280260	0	0.000000	0.504000	0.448037	
440	0.431818	560	0.517857	9.280260	0	0.000000	0.480000	0.448054	
435	0.211494	565	0.564602	9.280260	0	0.000000	0.411000	0.448034	
424	0.068396	576	0.546875	9.280260	0	0.000000	0.344000	0.447980	
437	0.272311	563	0.520426	9.280260	0	0.000000	0.412000	0.447961	
443	0.451467	557	0.515260	9.280260	0	0.000000	0.487000	0.447981	
420	0.180952	580	0.525862	9.280260	0	0.000000	0.381000	0.447946	
485	0.272165	515	0.518447	9.280260	0	0.000000	0.399000	0.447921	
455	0.169231	545	0.559633	9.280260	0	0.000000	0.382000	0.447886	
445	0.325843	555	0.533333	9.280260	0	0.000000	0.441000	0.447883	
436	0.493119	564	0.551418	9.280260	0	0.000000	0.526000	0.447923	
460	0.163043	540	0.538889	9.280260	0	0.000000	0.366000	0.447881	
417	0.369305	583	0.526587	9.280260	0	0.000000	0.461000	0.447888	
448	0.520089	552	0.538043	9.280260	0	0.000000	0.530000	0.447930	
465	0.387097	535	0.506542	9.280260	0	0.000000	0.451000	0.447932	
446	0.399103	554	0.530686	9.280260	0	0.000000	0.472000	0.447945	
456	0.401316	544	0.579044	9.280260	0	0.000000	0.498000	0.447971	
440	0.284091	560	0.573214	9.280260	0	0.000000	0.446000	0.447970	
425	0.235294	575	0.511304	9.280260	0	0.000000	0.394000	0.447941	
473	0.365751	527	0.531309	9.280260	0	0.000000	0.453000	0.447944	
438	0.205479	562	0.569395	9.280260	0	0.000000	0.410000	0.447924	
422	0.227488	578	0.496540	9.280260	0	0.000000	0.383000	0.447891	
446	0.446188	554	0.525271	9.280260	0	0.000000	0.490000	0.447913	
422	0.281991	578	0.525952	9.280260	0	0.000000	0.423000	0.447900	
446	0.174888	554	0.559567	9.280260	0	0.000000	0.388000	0.447869	
462	0.190476	538	0.563197	9.280260	0	0.000000	0.391000	0.447839	
457	0.260394	543	0.556169	9.280260	0	0.000000	0.421000	0.447825	
486	0.203704	514	0.527237	9.280260	0	0.000000	0.370000	0.447785	
460	0.156522	540	0.542593	9.280260	0	0.000000	0.365000	0.447742	
411	0.362530	589	0.531409	9.280260	0	0.000000	0.462000	0.447749	
425	0.496471	575	0.521739	9.280260	0	0.000000	0.511000	0.447782	
435	0.459770	565	0.504425	9.280260	0	0.000000	0.485000	0.447801	
486	0.432099	514	0.490272	9.280260	0	0.000000	0.462000	0.447809	
443	0.261851	557	0.515260	9.280260	0	0.000000	0.403000	0.447786	
446	0.289238	554	0.602888	9.280260	0	0.000000	0.463000	0.447793	
443	0.205418	557	0.536804	9.280260	0	0.000000	0.390000	0.447764	
426	0.220657	574	0.529617	9.280260	0	0.000000	0.398000	0.447738	
475	0.305263	525	0.542857	9.280260	0	0.000000	0.430000	0.447729	
439	0.125285	561	0.529412	9.280260	0	0.000000	0.352000	0.447679	
445	0.480899	555	0.482883	9.280260	0	0.000000	0.482000	0.447697	
435	0.411494	565	0.483186	9.280260	0	0.000000	0.452000	0.447699	
430	0.409302	570	0.540351	9.280260	0	0.000000	0.484000	0.447718	
441	0.453515	559	0.533095	9.280260	0	0.000000	0.498000	0.447744	
434	0.354839	566	0.547703	9.280260	0	0.000000	0.464000	0.447752	
439	0.225513	561	0.579323	9.280260	0	0.000000	0.424000	0.447740	
464	0.004310	536	0.546642	9.280260	0	0.000000	0.295000	0.447662	
445	0.166292	555	0.540541	9.280260	0	0.000000	0.374000	0.447624	
451	0.104213	549	0.570128	9.280260	0	0.000000	0.360000	0.447579	
459	0.248366	541	0.521257	9.280260	0	0.000000	0.396000	0.447553	
438	0.417808	562	0.475089	9.280260	0	0.000000	0.450000	0.447554	
434	0.370968	566	0.514134	9.280260	0	0.000000	0.452000	0.447556	
458	0.334061	542	0.570111	9.280260	0	0.000000	0.462000	0.447563	
452	0.380531	548	0.578467	9.280260	0	0.000000	0.489000	0.447585	
463	0.213823	537	0.590317	9.280260	0	0.000000	0.416000	0.447568	
461	0.392625	539	0.576994	9.280260	0	0.000000	0.492000	0.447591	
457	0.387309	543	0.502762	9.280260	0	0.000000	0.450000	0.447592	
433	0.353349	567	0.513228	9.280260	0	0.000000	0.444000	0.447591	
443	0.431151	557	0.511670	9.280260	0	0.000000	0.476000	0.447605	
464	0.295259	536	0.552239	9.280260	0	0.000000	0.433000	0.447598	
469	0.285714	531	0.516008	9.280260	0	0.000000	0.408000	0.447577	
462	0.103896	538	0.514870	9.280260	0	0.000000	0.325000	0.447515	
461	0.297180	539	0.525046	9.280260	0	0.000000	0.420000	0.447501	
465	0.329032	535	0.549533	9.280260	0	0.000000	0.447000	0.447501	
462	0.406926	538	0.548327	9.280260	0	0.000000	0.483000	0.447519	
468	0.322650	532	0.556391	9.280260	0	0.000000	0.447000	0.447519	
448	0.316964	552	0.505435	9.280260	0	0.000000	0.421000	0.447505	
441	0.242630	559	0.531306	9.280260	0	0.000000	0.404000	0.447483	
457	0.352298	543	0.565378	9.280260	0	0.000000	0.468000	0.447493	
455	0.252747	545	0.517431	9.280260	0	0.000000	0.397000	0.447468	
427	0.379391	573	0.493892	9.280260	0	0.000000	0.445000	0.447467	
445	0.325843	555	0.518919	9.280260	0	0.000000	0.433000	0.447459	
461	0.249458	539	0.573284	9.280260	0	0.000000	0.424000	0.447447	
429	0.270396	571	0.542907	9.280260	0	0.000000	0.426000	0.447437	
485	0.476289	515	0.502913	9.280260	0	0.000000	0.490000	0.447458	
460	0.369565	540	0.533333	9.280260	0	0.000000	0.458000	0.447463	
460	0.395652	540	0.531481	9.280260	0	0.000000	0.469000	0.447474	
466	0.412017	534	0.531835	9.280260	0	0.000000	0.476000	0.447489	
432	0.488426	568	0.522887	9.280260	0	0.000000	0.508000	0.447519	
436	0.497706	564	0.547872	9.280260	0	0.000000	0.526000	0.447559	
455	0.307692	545	0.532110	9.280260	0	0.000000	0.430000	0.447550	
443	0.196388	557	0.576302	9.280260	0	0.000000	0.408000	0.447530	
449	0.140312	551	0.546279	9.280260	0	0.000000	0.364000	0.447488	
448	0.203125	552	0.556159	9.280260	0	0.000000	0.398000	0.447463	
455	0.156044	545	0.543119	9.280260	0	0.000000	0.367000	0.447423	
435	0.045977	565	0.571681	9.280260	0	0.000000	0.343000	0.447370	
456	0.307018	544	0.511029	9.280260	0	0.000000	0.418000	0.447355	
484	0.386364	516	0.517442	9.280260	0	0.000000	0.454000	0.447359	
447	0.476510	553	0.549729	9.280260	0	0.000000	0.517000	0.447394	
425	0.284706	575	0.561739	9.280260	0	0.000000	0.444000	0.447392	
418	0.136364	582	0.549828	9.280260	0	0.000000	0.377000	0.447357	
411	0.318735	589	0.528014	9.280260	0	0.000000	0.442000	0.447354	
450	0.260000	550	0.525455	9.280260	0	0.000000	0.406000	0.447333	
443	0.214447	557	0.522442	9.280260	0	0.000000	0.386000	0.447302	
437	0.439359	563	0.536412	9.280260	0	0.000000	0.494000	0.447326	
449	0.291759	551	0.577132	9.280260	0	0.000000	0.449000	0.447327	
432	0.421296	568	0.536972	9.280260	0	0.000000	0.487000	0.447346	
428	0.483645	572	0.524476	9.280260	0	0.000000	0.507000	0.447376	
453	0.302428	547	0.528336	9.280260	0	0.000000	0.426000	0.447366	
457	0.479212	543	0.526703	9.280260	0	0.000000	0.505000	0.447394	
464	0.471983	536	0.492537	9.280260	0	0.000000	0.483000	0.447412	
461	0.375271	539	0.532468	9.280260	0	0.000000	0.460000	0.447418	
470	0.319149	530	0.547170	9.280260	0	0.000000	0.440000	0.447415	
458	0.421397	542	0.533210	9.280260	0	0.000000	0.482000	0.447432	
484	0.417355	516	0.540698	9.280260	0	0.000000	0.481000	0.447449	
450	0.302222	550	0.552727	9.280260	0	0.000000	0.440000	0.447445	
468	0.324786	532	0.569549	9.280260	0	0.000000	0.455000	0.447449	
479	0.338205	521	0.518234	9.280260	0	0.000000	0.432000	0.447441	
450	0.302222	550	0.492727	9.280260	0	0.000000	0.407000	0.447421	
433	0.484988	567	0.504409	9.280260	0	0.000000	0.496000	0.447445	
441	0.274376	559	0.550984	9.280260	0	0.000000	0.429000	0.447436	
463	0.352052	537	0.582868	9.280260	0	0.000000	0.476000	0.447450	
453	0.331126	547	0.506399	9.280260	0	0.000000	0.427000	0.447440	
465	0.376344	535	0.568224	9.280260	0	0.000000	0.479000	0.447456	
457	0.374179	543	0.548803	9.280260	0	0.000000	0.469000	0.447466	
417	0.191847	583	0.583190	9.280260	0	0.000000	0.420000	0.447453	
431	0.320186	569	0.523726	9.280260	0	0.000000	0.436000	0.447447	
451	0.348115	549	0.520947	9.280260	0	0.000000	0.443000	0.447445	
412	0.451456	588	0.530612	9.280260	0	0.000000	0.498000	0.447470	
457	0.474836	543	0.554328	9.280260	0	0.000000	0.518000	0.447505	
441	0.115646	559	0.540250	9.280260	0	0.000000	0.353000	0.447458	
450	0.073333	550	0.523636	9.280260	0	0.000000	0.321000	0.447396	
454	0.218062	546	0.510989	9.280260	0	0.000000	0.378000	0.447361	
431	0.422274	569	0.530756	9.280260	0	0.000000	0.484000	0.447379	
416	0.411058	584	0.570205	9.280260	0	0.000000	0.504000	0.447407	
428	0.364486	572	0.564685	9.280260	0	0.000000	0.479000	0.447423	
459	0.141612	541	0.582255	9.280260	0	0.000000	0.380000	0.447390	
471	0.295117	529	0.536862	9.280260	0	0.000000	0.423000	0.447378	
476	0.315126	524	0.484733	9.280260	0	0.000000	0.404000	0.447356	
466	0.409871	534	0.501873	9.280260	0	0.000000	0.459000	0.447362	
456	0.241228	544	0.564338	9.280260	0	0.000000	0.417000	0.447347	
417	0.218225	583	0.554031	9.280260	0	0.000000	0.414000	0.447331	
437	0.272311	563	0.545293	9.280260	0	0.000000	0.426000	0.447320	
459	0.047930	541	0.513863	9.280260	0	0.000000	0.300000	0.447248	
455	0.272527	545	0.513761	9.280260	0	0.000000	0.404000	0.447227	
433	0.408776	567	0.552028	9.280260	0	0.000000	0.490000	0.447248	
446	0.325112	554	0.568592	9.280260	0	0.000000	0.460000	0.447254	
441	0.224490	559	0.606440	9.280260	0	0.000000	0.438000	0.447249	
421	0.175772	579	0.530225	9.280260	0	0.000000	0.381000	0.447217	
422	0.374408	578	0.506920	9.280260	0	0.000000	0.451000	0.447219	
425	0.338824	575	0.518261	9.280260	0	0.000000	0.442000	0.447216	
419	0.474940	581	0.506024	9.280260	0	0.000000	0.493000	0.447239	
437	0.297483	563	0.523979	9.280260	0	0.000000	0.425000	0.447228	
424	0.306604	576	0.539931	9.280260	0	0.000000	0.441000	0.447225	
440	0.275000	560	0.541071	9.280260	0	0.000000	0.424000	0.447213	
461	0.331887	539	0.582560	9.280260	0	0.000000	0.467000	0.447223	
423	0.295508	577	0.542461	9.280260	0	0.000000	0.438000	0.447218	
431	0.317865	569	0.536028	9.280260	0	0.000000	0.442000	0.447216	
416	0.478365	584	0.541096	9.280260	0	0.000000	0.515000	0.447249	
428	0.448598	572	0.536713	9.280260	0	0.000000	0.499000	0.447274	
477	0.473795	523	0.552581	9.280260	0	0.000000	0.515000	0.447307	
466	0.240343	534	0.563670	9.280260	0	0.000000	0.413000	0.447290	
467	0.256959	533	0.534709	9.280260	0	0.000000	0.405000	0.447270	
463	0.330454	537	0.541899	9.280260	0	0.000000	0.444000	0.447268	
452	0.236726	548	0.516423	9.280260	0	0.000000	0.390000	0.447240	
426	0.394366	574	0.527875	9.280260	0	0.000000	0.471000	0.447252	
417	0.374101	583	0.562607	9.280260	0	0.000000	0.484000	0.447270	
457	0.374179	543	0.506446	9.280260	0	0.000000	0.446000	0.447269	
456	0.440789	544	0.514706	9.280260	0	0.000000	0.481000	0.447286	
454	0.400881	546	0.531136	9.280260	0	0.000000	0.472000	0.447298	
437	0.318078	563	0.561279	9.280260	0	0.000000	0.455000	0.447301	
453	0.463576	547	0.555759	9.280260	0	0.000000	0.514000	0.447334	
447	0.425056	553	0.500904	9.280260	0	0.000000	0.467000	0.447343	
453	0.492274	547	0.522852	9.280260	0	0.000000	0.509000	0.447373	
451	0.407982	549	0.537341	9.280260	0	0.000000	0.479000	0.447388	
446	0.345291	554	0.527076	9.280260	0	0.000000	0.446000	0.447388	
446	0.271300	554	0.559567	9.280260	0	0.000000	0.431000	0.447380	
447	0.297539	553	0.562387	9.280260	0	0.000000	0.444000	0.447378	
428	0.341121	572	0.529720	9.280260	0	0.000000	0.449000	0.447379	
437	0.322654	563	0.520426	9.280260	0	0.000000	0.434000	0.447372	
460	0.284783	540	0.524074	9.280260	0	0.000000	0.414000	0.447356	
456	0.370614	544	0.514706	9.280260	0	0.000000	0.449000	0.447357	
453	0.479029	547	0.515539	9.280260	0	0.000000	0.499000	0.447382	
461	0.357918	539	0.547310	9.280260	0	0.000000	0.460000	0.447388	
476	0.447479	524	0.549618	9.280260	0	0.000000	0.501000	0.447414	
477	0.301887	523	0.585086	9.280260	0	0.000000	0.450000	0.447415	
441	0.269841	559	0.559928	9.280260	0	0.000000	0.432000	0.447408	
435	0.377011	565	0.550442	9.280260	0	0.000000	0.475000	0.447421	
451	0.210643	549	0.581056	9.280260	0	0.000000	0.414000	0.447405	
440	0.434091	560	0.546429	9.280260	0	0.000000	0.497000	0.447429	
398	0.472362	602	0.533223	9.280260	0	0.000000	0.509000	0.447458	
421	0.460808	579	0.538860	9.280260	0	0.000000	0.506000	0.447486	
447	0.425056	553	0.524412	9.280260	0	0.000000	0.480000	0.447502	
432	0.381944	568	0.529930	9.280260	0	0.000000	0.466000	0.447511	
429	0.247086	571	0.567426	9.280260	0	0.000000	0.430000	0.447502	
450	0.420000	550	0.561818	9.280260	0	0.000000	0.498000	0.447527	
447	0.351230	553	0.540687	9.280260	0	0.000000	0.456000	0.447531	
462	0.352814	538	0.498141	9.280260	0	0.000000	0.431000	0.447523	
435	0.305747	565	0.502655	9.280260	0	0.000000	0.417000	0.447508	
454	0.000000	546	0.487179	9.280260	0	0.000000	0.266000	0.447421	
461	0.238612	539	0.523191	9.280260	0	0.000000	0.392000	0.447395	
441	0.328798	559	0.511628	9.280260	0	0.000000	0.431000	0.447387	
454	0.477974	546	0.498168	9.280260	0	0.000000	0.489000	0.447407	
446	0.378924	554	0.528881	9.280260	0	0.000000	0.462000	0.447414	
433	0.408776	567	0.555556	9.280260	0	0.000000	0.492000	0.447435	
403	0.124069	597	0.529313	9.280260	0	0.000000	0.366000	0.447396	
450	0.240000	550	0.527273	9.280260	0	0.000000	0.398000	0.447373	
431	0.225058	569	0.557118	9.280260	0	0.000000	0.414000	0.447357	
449	0.109131	551	0.513612	9.280260	0	0.000000	0.332000	0.447302	
442	0.099548	558	0.534050	9.280260	0	0.000000	0.342000	0.447252	
460	0.419565	540	0.511111	9.280260	0	0.000000	0.469000	0.447262	
441	0.403628	559	0.540250	9.280260	0	0.000000	0.480000	0.447278	
464	0.359914	536	0.559701	9.280260	0	0.000000	0.467000	0.447287	
457	0.275711	543	0.546961	9.280260	0	0.000000	0.423000	0.447276	
445	0.422472	555	0.517117	9.280260	0	0.000000	0.475000	0.447289	
445	0.483146	555	0.554955	9.280260	0	0.000000	0.523000	0.447325	
437	0.453089	563	0.518650	9.280260	0	0.000000	0.490000	0.447345	
454	0.420705	546	0.573260	9.280260	0	0.000000	0.504000	0.447372	
464	0.379310	536	0.507463	9.280260	0	0.000000	0.448000	0.447372	
475	0.164211	525	0.520000	9.280260	0	0.000000	0.351000	0.447326	
472	0.264831	528	0.539773	9.280260	0	0.000000	0.410000	0.447309	
464	0.308190	536	0.494403	9.280260	0	0.000000	0.408000	0.447290	
431	0.359629	569	0.544815	9.280260	0	0.000000	0.465000	0.447299	
452	0.152655	548	0.578467	9.280260	0	0.000000	0.386000	0.447270	
437	0.288330	563	0.547069	9.280260	0	0.000000	0.434000	0.447263	
446	0.278027	554	0.525271	9.280260	0	0.000000	0.415000	0.447248	
456	0.313596	544	0.545956	9.280260	0	0.000000	0.440000	0.447245	
430	0.439535	570	0.501754	9.280260	0	0.000000	0.475000	0.447258	
446	0.385650	554	0.525271	9.280260	0	0.000000	0.463000	0.447265	
433	0.304850	567	0.562610	9.280260	0	0.000000	0.451000	0.447267	
474	0.339662	526	0.520913	9.280260	0	0.000000	0.435000	0.447261	
479	0.352818	521	0.560461	9.280260	0	0.000000	0.461000	0.447268	
444	0.409910	556	0.508993	9.280260	0	0.000000	0.465000	0.447276	
451	0.263858	549	0.546448	9.280260	0	0.000000	0.419000	0.447263	
422	0.469194	578	0.544983	9.280260	0	0.000000	0.513000	0.447294	
445	0.480899	555	0.515315	9.280260	0	0.000000	0.500000	0.447318	
475	0.421053	525	0.518095	9.280260	0	0.000000	0.472000	0.447330	
452	0.338496	548	0.538321	9.280260	0	0.000000	0.448000	0.447330	
459	0.337691	541	0.532348	9.280260	0	0.000000	0.443000	0.447328	
458	0.334061	542	0.518450	9.280260	0	0.000000	0.434000	0.447322	
449	0.247216	551	0.515426	9.280260	0	0.000000	0.395000	0.447297	
472	0.317797	528	0.579545	9.280260	0	0.000000	0.456000	0.447302	
458	0.209607	542	0.562731	9.280260	0	0.000000	0.401000	0.447280	
465	0.369892	535	0.573832	9.280260	0	0.000000	0.479000	0.447295	
471	0.331210	529	0.572779	9.280260	0	0.000000	0.459000	0.447300	
465	0.234409	535	0.568224	9.280260	0	0.000000	0.413000	0.447284	
448	0.392857	552	0.530797	9.280260	0	0.000000	0.469000	0.447294	
450	0.317778	550	0.560000	9.280260	0	0.000000	0.451000	0.447296	
442	0.217195	558	0.553763	9.280260	0	0.000000	0.405000	0.447276	
461	0.334056	539	0.521336	9.280260	0	0.000000	0.435000	0.447271	
415	0.173494	585	0.511111	9.280260	0	0.000000	0.371000	0.447235	
451	0.257206	549	0.531876	9.280260	0	0.000000	0.408000	0.447217	
427	0.351288	573	0.518325	9.280260	0	0.000000	0.447000	0.447217	
426	0.387324	574	0.531359	9.280260	0	0.000000	0.470000	0.447227	
427	0.435597	573	0.507853	9.280260	0	0.000000	0.477000	0.447241	
437	0.471396	563	0.552398	9.280260	0	0.000000	0.517000	0.447274	
447	0.440716	553	0.558770	9.280260	0	0.000000	0.506000	0.447301	
432	0.423611	568	0.526408	9.280260	0	0.000000	0.482000	0.447317	
454	0.312775	546	0.545788	9.280260	0	0.000000	0.440000	0.447314	
465	0.430108	535	0.538318	9.280260	0	0.000000	0.488000	0.447333	
459	0.106754	541	0.536044	9.280260	0	0.000000	0.339000	0.447282	
456	0.438596	544	0.503676	9.280260	0	0.000000	0.474000	0.447295	
425	0.402353	575	0.462609	9.280260	0	0.000000	0.437000	0.447290	
426	0.380282	574	0.512195	9.280260	0	0.000000	0.456000	0.447294	
443	0.435666	557	0.526032	9.280260	0	0.000000	0.486000	0.447312	
439	0.421412	561	0.516934	9.280260	0	0.000000	0.475000	0.447325	
443	0.476298	557	0.526032	9.280260	0	0.000000	0.504000	0.447351	
429	0.317016	571	0.488616	9.280260	0	0.000000	0.415000	0.447336	
438	0.454338	562	0.524911	9.280260	0	0.000000	0.494000	0.447357	
429	0.473193	571	0.516637	9.280260	0	0.000000	0.498000	0.447381	
446	0.426009	554	0.557762	9.280260	0	0.000000	0.499000	0.447405	
415	0.334940	585	0.533333	9.280260	0	0.000000	0.451000	0.447406	
441	0.133787	559	0.550984	9.280260	0	0.000000	0.367000	0.447369	
451	0.305987	549	0.544627	9.280260	0	0.000000	0.437000	0.447365	
455	0.386813	545	0.530275	9.280260	0	0.000000	0.465000	0.447373	
464	0.439655	536	0.526119	9.280260	0	0.000000	0.486000	0.447390	
471	0.411890	529	0.574669	9.280260	0	0.000000	0.498000	0.447414	
453	0.461369	547	0.524680	9.280260	0	0.000000	0.496000	0.447436	
437	0.384439	563	0.564831	9.280260	0	0.000000	0.486000	0.447454	
444	0.317568	556	0.541367	9.280260	0	0.000000	0.442000	0.447451	
446	0.284753	554	0.581227	9.280260	0	0.000000	0.449000	0.447452	
444	0.385135	556	0.570144	9.280260	0	0.000000	0.488000	0.447471	
439	0.423690	561	0.513369	9.280260	0	0.000000	0.474000	0.447483	
430	0.413953	570	0.526316	9.280260	0	0.000000	0.478000	0.447497	
434	0.218894	566	0.521201	9.280260	0	0.000000	0.390000	0.447471	
436	0.366972	564	0.537234	9.280260	0	0.000000	0.463000	0.447478	
439	0.382688	561	0.538324	9.280260	0	0.000000	0.470000	0.447488	
423	0.300236	577	0.537262	9.280260	0	0.000000	0.437000	0.447483	
432	0.270833	568	0.540493	9.280260	0	0.000000	0.424000	0.447473	
423	0.390071	577	0.564991	9.280260	0	0.000000	0.491000	0.447492	
425	0.331765	575	0.533913	9.280260	0	0.000000	0.448000	0.447493	
422	0.464455	578	0.548443	9.280260	0	0.000000	0.513000	0.447523	
461	0.264642	539	0.541744	9.280260	0	0.000000	0.414000	0.447507	
430	0.409302	570	0.531579	9.280260	0	0.000000	0.479000	0.447522	
477	0.368973	523	0.560229	9.280260	0	0.000000	0.469000	0.447532	
440	0.256818	560	0.505357	9.280260	0	0.000000	0.396000	0.447508	
445	0.276404	555	0.578378	9.280260	0	0.000000	0.444000	0.447506	
444	0.407658	556	0.494604	9.280260	0	0.000000	0.456000	0.447510	
447	0.167785	553	0.553345	9.280260	0	0.000000	0.381000	0.447480	
439	0.405467	561	0.508021	9.280260	0	0.000000	0.463000	0.447487	
438	0.136986	562	0.542705	9.280260	0	0.000000	0.365000	0.447449	
435	0.328736	565	0.564602	9.280260	0	0.000000	0.462000	0.447456	
451	0.343681	549	0.548270	9.280260	0	0.000000	0.456000	0.447460	
403	0.419355	597	0.561139	9.280260	0	0.000000	0.504000	0.447486	
441	0.399093	559	0.518784	9.280260	0	0.000000	0.466000	0.447494	
428	0.254673	572	0.578671	9.280260	0	0.000000	0.440000	0.447491	
446	0.248879	554	0.516245	9.280260	0	0.000000	0.397000	0.447468	
430	0.330233	570	0.568421	9.280260	0	0.000000	0.466000	0.447476	
420	0.359524	580	0.546552	9.280260	0	0.000000	0.468000	0.447485	
433	0.450346	567	0.523810	9.280260	0	0.000000	0.492000	0.447506	
449	0.365256	551	0.500907	9.280260	0	0.000000	0.440000	0.447502	
445	0.307865	555	0.517117	9.280260	0	0.000000	0.424000	0.447492	
444	0.337838	556	0.552158	9.280260	0	0.000000	0.457000	0.447496	
451	0.314856	549	0.542805	9.280260	0	0.000000	0.440000	0.447493	
432	0.375000	568	0.528169	9.280260	0	0.000000	0.462000	0.447499	
450	0.184444	550	0.509091	9.280260	0	0.000000	0.363000	0.447461	
454	0.306167	546	0.523810	9.280260	0	0.000000	0.425000	0.447451	
456	0.392544	544	0.516544	9.280260	0	0.000000	0.460000	0.447456	
427	0.348946	573	0.518325	9.280260	0	0.000000	0.446000	0.447456	
443	0.345372	557	0.527828	9.280260	0	0.000000	0.447000	0.447455	
444	0.270270	556	0.546763	9.280260	0	0.000000	0.424000	0.447445	
470	0.219149	530	0.564151	9.280260	0	0.000000	0.402000	0.447424	
463	0.295896	537	0.543762	9.280260	0	0.000000	0.429000	0.447416	
464	0.403017	536	0.555970	9.280260	0	0.000000	0.485000	0.447433	
444	0.259009	556	0.526978	9.280260	0	0.000000	0.408000	0.447415	
447	0.373602	553	0.520796	9.280260	0	0.000000	0.455000	0.447419	
442	0.441176	558	0.525090	9.280260	0	0.000000	0.488000	0.447437	
433	0.351039	567	0.504409	9.280260	0	0.000000	0.438000	0.447433	
439	0.476082	561	0.515152	9.280260	0	0.000000	0.498000	0.447455	
445	0.417978	555	0.542342	9.280260	0	0.000000	0.487000	0.447473	
465	0.354839	535	0.540187	9.280260	0	0.000000	0.454000	0.447476	
443	0.313770	557	0.527828	9.280260	0	0.000000	0.433000	0.447470	
462	0.428571	538	0.513011	9.280260	0	0.000000	0.474000	0.447482	
446	0.275785	554	0.559567	9.280260	0	0.000000	0.433000	0.447475	
445	0.404494	555	0.515315	9.280260	0	0.000000	0.466000	0.447483	
458	0.377729	542	0.540590	9.280260	0	0.000000	0.466000	0.447492	
442	0.459276	558	0.539427	9.280260	0	0.000000	0.504000	0.447517	
439	0.482916	561	0.543672	9.280260	0	0.000000	0.517000	0.447548	
455	0.309890	545	0.530275	9.280260	0	0.000000	0.430000	0.447540	
422	0.376777	578	0.513841	9.280260	0	0.000000	0.456000	0.447544	
436	0.142202	564	0.540780	9.280260	0	0.000000	0.367000	0.447508	
438	0.390411	562	0.535587	9.280260	0	0.000000	0.472000	0.447519	
441	0.448980	559	0.563506	9.280260	0	0.000000	0.513000	0.447548	
421	0.337292	579	0.563040	9.280260	0	0.000000	0.468000	0.447557	
448	0.357143	552	0.557971	9.280260	0	0.000000	0.468000	0.447567	
445	0.339326	555	0.551351	9.280260	0	0.000000	0.457000	0.447571	
436	0.346330	564	0.560284	9.280260	0	0.000000	0.467000	0.447580	
446	0.459641	554	0.534296	9.280260	0	0.000000	0.501000	0.447603	
423	0.432624	577	0.584055	9.280260	0	0.000000	0.520000	0.447636	
424	0.389151	576	0.565972	9.280260	0	0.000000	0.491000	0.447655	
434	0.364055	566	0.533569	9.280260	0	0.000000	0.460000	0.447661	
432	0.331019	568	0.549296	9.280260	0	0.000000	0.455000	0.447664	
435	0.045977	565	0.532743	9.280260	0	0.000000	0.321000	0.447607	
458	0.161572	542	0.540590	9.280260	0	0.000000	0.367000	0.447571	
436	0.410550	564	0.556738	9.280260	0	0.000000	0.493000	0.447592	
439	0.177677	561	0.561497	9.280260	0	0.000000	0.393000	0.447567	
445	0.417978	555	0.515315	9.280260	0	0.000000	0.472000	0.447578	
465	0.369892	535	0.512150	9.280260	0	0.000000	0.446000	0.447578	
456	0.456140	544	0.534926	9.280260	0	0.000000	0.499000	0.447600	
461	0.240781	539	0.538033	9.280260	0	0.000000	0.401000	0.447580	
463	0.455724	537	0.554935	9.280260	0	0.000000	0.509000	0.447607	
442	0.244344	558	0.569892	9.280260	0	0.000000	0.426000	0.447597	
456	0.410088	544	0.507353	9.280260	0	0.000000	0.463000	0.447604	
448	0.209821	552	0.543478	9.280260	0	0.000000	0.394000	0.447580	
457	0.345733	543	0.513812	9.280260	0	0.000000	0.437000	0.447576	
458	0.244541	542	0.562731	9.280260	0	0.000000	0.417000	0.447562	
469	0.181237	531	0.561205	9.280260	0	0.000000	0.383000	0.447534	
477	0.201258	523	0.604207	9.280260	0	0.000000	0.412000	0.447518	
451	0.310421	549	0.548270	9.280260	0	0.000000	0.441000	0.447515	
448	0.421875	552	0.518116	9.280260	0	0.000000	0.475000	0.447527	
428	0.441589	572	0.582168	9.280260	0	0.000000	0.522000	0.447560	
436	0.456422	564	0.512411	9.280260	0	0.000000	0.488000	0.447578	
448	0.399554	552	0.543478	9.280260	0	0.000000	0.479000	0.447592	
424	0.377358	576	0.538194	9.280260	0	0.000000	0.470000	0.447602	
447	0.389262	553	0.556962	9.280260	0	0.000000	0.482000	0.447617	
422	0.381517	578	0.527682	9.280260	0	0.000000	0.466000	0.447625	
442	0.395928	558	0.560932	9.280260	0	0.000000	0.488000	0.447643	
418	0.368421	582	0.520619	9.280260	0	0.000000	0.457000	0.447647	
429	0.151515	571	0.560420	9.280260	0	0.000000	0.385000	0.447619	
455	0.272527	545	0.526606	9.280260	0	0.000000	0.411000	0.447603	
422	0.296209	578	0.570934	9.280260	0	0.000000	0.455000	0.447606	
451	0.399113	549	0.539162	9.280260	0	0.000000	0.476000	0.447619	
443	0.282167	557	0.565530	9.280260	0	0.000000	0.440000	0.447616	
460	0.271739	540	0.533333	9.280260	0	0.000000	0.413000	0.447600	
447	0.483221	553	0.560579	9.280260	0	0.000000	0.526000	0.447635	
455	0.057143	545	0.563303	9.280260	0	0.000000	0.333000	0.447585	
454	0.303965	546	0.540293	9.280260	0	0.000000	0.433000	0.447578	
439	0.277904	561	0.534759	9.280260	0	0.000000	0.422000	0.447567	
472	0.088983	528	0.532197	9.280260	0	0.000000	0.323000	0.447512	
444	0.182432	556	0.525180	9.280260	0	0.000000	0.373000	0.447480	
453	0.183223	547	0.526508	9.280260	0	0.000000	0.371000	0.447446	
441	0.392290	559	0.538462	9.280260	0	0.000000	0.474000	0.447458	
456	0.328947	544	0.562500	9.280260	0	0.000000	0.456000	0.447462	
441	0.328798	559	0.592129	9.280260	0	0.000000	0.476000	0.447474	
457	0.308534	543	0.546961	9.280260	0	0.000000	0.438000	0.447470	
453	0.333333	547	0.541133	9.280260	0	0.000000	0.447000	0.447470	
458	0.329694	542	0.542435	9.280260	0	0.000000	0.445000	0.447469	
448	0.370536	552	0.556159	9.280260	0	0.000000	0.473000	0.447480	
449	0.320713	551	0.549909	9.280260	0	0.000000	0.447000	0.447480	
431	0.269142	569	0.574692	9.280260	0	0.000000	0.443000	0.447478	
429	0.363636	571	0.562172	9.280260	0	0.000000	0.477000	0.447490	
441	0.199546	559	0.584973	9.280260	0	0.000000	0.415000	0.447476	
435	0.457471	565	0.559292	9.280260	0	0.000000	0.515000	0.447506	
425	0.432941	575	0.514783	9.280260	0	0.000000	0.480000	0.447520	
468	0.438034	532	0.558271	9.280260	0	0.000000	0.502000	0.447544	
413	0.336562	587	0.540034	9.280260	0	0.000000	0.456000	0.447547	
448	0.421875	552	0.559783	9.280260	0	0.000000	0.498000	0.447569	
428	0.242991	572	0.533217	9.280260	0	0.000000	0.409000	0.447552	
456	0.493421	544	0.533088	9.280260	0	0.000000	0.515000	0.447582	
430	0.179070	570	0.557895	9.280260	0	0.000000	0.395000	0.447559	
445	0.417978	555	0.502703	9.280260	0	0.000000	0.465000	0.447566	
435	0.347126	565	0.515044	9.280260	0	0.000000	0.442000	0.447564	
439	0.369021	561	0.509804	9.280260	0	0.000000	0.448000	0.447564	
447	0.337808	553	0.556962	9.280260	0	0.000000	0.459000	0.447569	
431	0.389791	569	0.536028	9.280260	0	0.000000	0.473000	0.447580	
446	0.356502	554	0.500000	9.280260	0	0.000000	0.436000	0.447575	
431	0.273782	569	0.551845	9.280260	0	0.000000	0.432000	0.447568	
432	0.108796	568	0.577465	9.280260	0	0.000000	0.375000	0.447537	
419	0.088305	581	0.567986	9.280260	0	0.000000	0.367000	0.447502	
427	0.236534	573	0.561955	9.280260	0	0.000000	0.423000	0.447492	
417	0.340528	583	0.531732	9.280260	0	0.000000	0.452000	0.447494	
441	0.371882	559	0.558140	9.280260	0	0.000000	0.476000	0.447506	
458	0.224891	542	0.583026	9.280260	0	0.000000	0.419000	0.447494	
430	0.386047	570	0.557895	9.280260	0	0.000000	0.484000	0.447509	
498	0.409639	502	0.559761	9.280260	0	0.000000	0.485000	0.447525	
426	0.488263	574	0.545296	9.280260	0	0.000000	0.521000	0.447557	
476	0.426471	524	0.541985	9.280260	0	0.000000	0.487000	0.447574	
436	0.477064	564	0.519504	9.280260	0	0.000000	0.501000	0.447597	
442	0.355204	558	0.521505	9.280260	0	0.000000	0.448000	0.447597	
433	0.177829	567	0.582011	9.280260	0	0.000000	0.407000	0.447580	
443	0.232506	557	0.535009	9.280260	0	0.000000	0.401000	0.447560	
445	0.184270	555	0.531532	9.280260	0	0.000000	0.377000	0.447529	
451	0.319290	549	0.553734	9.280260	0	0.000000	0.448000	0.447530	
436	0.353211	564	0.547872	9.280260	0	0.000000	0.463000	0.447536	
445	0.332584	555	0.574775	9.280260	0	0.000000	0.467000	0.447545	
437	0.297483	563	0.554174	9.280260	0	0.000000	0.442000	0.447542	
456	0.335526	544	0.580882	9.280260	0	0.000000	0.469000	0.447552	
428	0.294393	572	0.540210	9.280260	0	0.000000	0.435000	0.447546	
437	0.350114	563	0.568384	9.280260	0	0.000000	0.473000	0.447557	
432	0.344907	568	0.494718	9.280260	0	0.000000	0.430000	0.447550	
431	0.447796	569	0.543058	9.280260	0	0.000000	0.502000	0.447573	
430	0.151163	570	0.543860	9.280260	0	0.000000	0.375000	0.447542	
421	0.382423	579	0.557858	9.280260	0	0.000000	0.484000	0.447557	
474	0.265823	526	0.555133	9.280260	0	0.000000	0.418000	0.447545	
439	0.266515	561	0.536542	9.280260	0	0.000000	0.418000	0.447532	
470	0.336170	530	0.554717	9.280260	0	0.000000	0.452000	0.447534	
448	0.256696	552	0.567029	9.280260	0	0.000000	0.428000	0.447526	
447	0.221477	553	0.556962	9.280260	0	0.000000	0.407000	0.447508	
446	0.217489	554	0.550542	9.280260	0	0.000000	0.402000	0.447489	
444	0.364865	556	0.543165	9.280260	0	0.000000	0.464000	0.447496	
450	0.406667	550	0.523636	9.280260	0	0.000000	0.471000	0.447506	
435	0.110345	565	0.576991	9.280260	0	0.000000	0.374000	0.447475	
436	0.254587	564	0.558511	9.280260	0	0.000000	0.426000	0.447465	
445	0.274157	555	0.531532	9.280260	0	0.000000	0.417000	0.447452	
427	0.426230	573	0.530541	9.280260	0	0.000000	0.486000	0.447469	
438	0.376712	562	0.537367	9.280260	0	0.000000	0.467000	0.447477	
443	0.334086	557	0.491921	9.280260	0	0.000000	0.422000	0.447466	
451	0.277162	549	0.531876	9.280260	0	0.000000	0.417000	0.447453	
438	0.269406	562	0.510676	9.280260	0	0.000000	0.405000	0.447435	
466	0.272532	534	0.531835	9.280260	0	0.000000	0.411000	0.447420	
448	0.276786	552	0.500000	9.280260	0	0.000000	0.400000	0.447400	
458	0.323144	542	0.498155	9.280260	0	0.000000	0.418000	0.447387	
454	0.372247	546	0.507326	9.280260	0	0.000000	0.446000	0.447387	
447	0.456376	553	0.529837	9.280260	0	0.000000	0.497000	0.447408	
441	0.321995	559	0.556351	9.280260	0	0.000000	0.453000	0.447410	
460	0.458696	540	0.544444	9.280260	0	0.000000	0.505000	0.447435	
469	0.458422	531	0.540490	9.280260	0	0.000000	0.502000	0.447458	
442	0.384615	558	0.543011	9.280260	0	0.000000	0.473000	0.447468	
431	0.450116	569	0.543058	9.280260	0	0.000000	0.503000	0.447492	
437	0.379863	563	0.538188	9.280260	0	0.000000	0.469000	0.447501	
414	0.376812	586	0.559727	9.280260	0	0.000000	0.484000	0.447517	
465	0.406452	535	0.558879	9.280260	0	0.000000	0.488000	0.447534	
464	0.323276	536	0.550373	9.280260	0	0.000000	0.445000	0.447533	
462	0.398268	538	0.568773	9.280260	0	0.000000	0.490000	0.447551	
440	0.318182	560	0.530357	9.280260	0	0.000000	0.437000	0.447546	
448	0.437500	552	0.536232	9.280260	0	0.000000	0.492000	0.447565	
435	0.337931	565	0.525664	9.280260	0	0.000000	0.444000	0.447563	
442	0.475113	558	0.491039	9.280260	0	0.000000	0.484000	0.447579	
451	0.372506	549	0.530055	9.280260	0	0.000000	0.459000	0.447584	
439	0.403189	561	0.504456	9.280260	0	0.000000	0.460000	0.447589	
462	0.326840	538	0.540892	9.280260	0	0.000000	0.442000	0.447586	
451	0.175166	549	0.539162	9.280260	0	0.000000	0.375000	0.447556	
455	0.217582	545	0.541284	9.280260	0	0.000000	0.394000	0.447533	
426	0.227700	574	0.533101	9.280260	0	0.000000	0.403000	0.447515	
440	0.386364	560	0.501786	9.280260	0	0.000000	0.451000	0.447516	
438	0.472603	562	0.526690	9.280260	0	0.000000	0.503000	0.447539	
442	0.194570	558	0.528674	9.280260	0	0.000000	0.381000	0.447511	
452	0.276549	548	0.531022	9.280260	0	0.000000	0.416000	0.447498	
458	0.133188	542	0.538745	9.280260	0	0.000000	0.353000	0.447458	
444	0.306306	556	0.519784	9.280260	0	0.000000	0.425000	0.447449	
447	0.315436	553	0.553345	9.280260	0	0.000000	0.447000	0.447449	
442	0.180995	558	0.548387	9.280260	0	0.000000	0.386000	0.447423	
438	0.287671	562	0.578292	9.280260	0	0.000000	0.451000	0.447425	
448	0.263393	552	0.547101	9.280260	0	0.000000	0.420000	0.447413	
452	0.442478	548	0.547445	9.280260	0	0.000000	0.500000	0.447435	
456	0.335526	544	0.542279	9.280260	0	0.000000	0.448000	0.447435	
473	0.412262	527	0.550285	9.280260	0	0.000000	0.485000	0.447451	
448	0.169643	552	0.565217	9.280260	0	0.000000	0.388000	0.447426	
457	0.356674	543	0.530387	9.280260	0	0.000000	0.451000	0.447428	
451	0.239468	549	0.533698	9.280260	0	0.000000	0.401000	0.447408	
477	0.375262	523	0.504780	9.280260	0	0.000000	0.443000	0.447406	
436	0.029817	564	0.588652	9.280260	0	0.000000	0.345000	0.447364	
497	0.402414	503	0.538767	9.280260	0	0.000000	0.471000	0.447374	
447	0.429530	553	0.535262	9.280260	0	0.000000	0.488000	0.447390	
483	0.283644	517	0.543520	9.280260	0	0.000000	0.418000	0.447378	
448	0.508929	552	0.547101	9.280260	0	0.000000	0.530000	0.447413	
465	0.258065	535	0.540187	9.280260	0	0.000000	0.409000	0.447397	
449	0.077951	551	0.558984	9.280260	0	0.000000	0.343000	0.447353	
449	0.175947	551	0.544465	9.280260	0	0.000000	0.379000	0.447325	
460	0.132609	540	0.551852	9.280260	0	0.000000	0.359000	0.447288	
465	0.255914	535	0.536449	9.280260	0	0.000000	0.406000	0.447271	
457	0.444201	543	0.569061	9.280260	0	0.000000	0.512000	0.447298	
465	0.333333	535	0.527103	9.280260	0	0.000000	0.437000	0.447293	
464	0.245690	536	0.561567	9.280260	0	0.000000	0.415000	0.447280	
459	0.383442	541	0.526802	9.280260	0	0.000000	0.461000	0.447286	
457	0.231947	543	0.532228	9.280260	0	0.000000	0.395000	0.447264	
438	0.301370	562	0.521352	9.280260	0	0.000000	0.425000	0.447255	
446	0.219731	554	0.516245	9.280260	0	0.000000	0.384000	0.447228	
446	0.439462	554	0.527076	9.280260	0	0.000000	0.488000	0.447245	
454	0.460352	546	0.525641	9.280260	0	0.000000	0.496000	0.447266	
463	0.438445	537	0.543762	9.280260	0	0.000000	0.495000	0.447285	
441	0.426304	559	0.525939	9.280260	0	0.000000	0.482000	0.447300	
434	0.456221	566	0.510601	9.280260	0	0.000000	0.487000	0.447316	
424	0.280660	576	0.548611	9.280260	0	0.000000	0.435000	0.447311	
436	0.231651	564	0.528369	9.280260	0	0.000000	0.399000	0.447291	
455	0.191209	545	0.557798	9.280260	0	0.000000	0.391000	0.447268	
445	0.107865	555	0.567568	9.280260	0	0.000000	0.363000	0.447233	
472	0.345339	528	0.543561	9.280260	0	0.000000	0.450000	0.447234	
457	0.339168	543	0.526703	9.280260	0	0.000000	0.441000	0.447232	
462	0.385281	538	0.527881	9.280260	0	0.000000	0.462000	0.447238	
449	0.311804	551	0.551724	9.280260	0	0.000000	0.444000	0.447236	
427	0.035129	573	0.570681	9.280260	0	0.000000	0.342000	0.447193	
451	0.317073	549	0.491803	9.280260	0	0.000000	0.413000	0.447179	
418	0.289474	582	0.525773	9.280260	0	0.000000	0.427000	0.447170	
475	0.343158	525	0.512381	9.280260	0	0.000000	0.432000	0.447164	
423	0.345154	577	0.487002	9.280260	0	0.000000	0.427000	0.447156	
456	0.346491	544	0.516544	9.280260	0	0.000000	0.439000	0.447153	
428	0.303738	572	0.517483	9.280260	0	0.000000	0.426000	0.447144	
446	0.174888	554	0.537906	9.280260	0	0.000000	0.376000	0.447115	
444	0.204955	556	0.532374	9.280260	0	0.000000	0.387000	0.447090	
437	0.336384	563	0.548845	9.280260	0	0.000000	0.456000	0.447094	
449	0.231626	551	0.553539	9.280260	0	0.000000	0.409000	0.447078	
446	0.367713	554	0.512635	9.280260	0	0.000000	0.448000	0.447078	
452	0.415929	548	0.529197	9.280260	0	0.000000	0.478000	0.447091	
442	0.366516	558	0.510753	9.280260	0	0.000000	0.447000	0.447091	
432	0.449074	568	0.514085	9.280260	0	0.000000	0.486000	0.447107	
443	0.408578	557	0.504488	9.280260	0	0.000000	0.462000	0.447113	
451	0.470067	549	0.530055	9.280260	0	0.000000	0.503000	0.447136	
466	0.259657	534	0.522472	9.280260	0	0.000000	0.400000	0.447117	
473	0.456660	527	0.555977	9.280260	0	0.000000	0.509000	0.447142	
466	0.321888	534	0.537453	9.280260	0	0.000000	0.437000	0.447138	
459	0.174292	541	0.552680	9.280260	0	0.000000	0.379000	0.447110	
441	0.353741	559	0.531306	9.280260	0	0.000000	0.453000	0.447112	
440	0.225000	560	0.562500	9.280260	0	0.000000	0.414000	0.447099	
423	0.264775	577	0.528596	9.280260	0	0.000000	0.417000	0.447086	
449	0.276169	551	0.537205	9.280260	0	0.000000	0.420000	0.447075	
429	0.277389	571	0.523643	9.280260	0	0.000000	0.418000	0.447064	
428	0.219626	572	0.568182	9.280260	0	0.000000	0.419000	0.447052	
430	0.202326	570	0.533333	9.280260	0	0.000000	0.391000	0.447029	
401	0.216958	599	0.565943	9.280260	0	0.000000	0.426000	0.447021	
441	0.197279	559	0.536673	9.280260	0	0.000000	0.387000	0.446996	
419	0.431981	581	0.535284	9.280260	0	0.000000	0.492000	0.447014	
438	0.084475	562	0.581851	9.280260	0	0.000000	0.364000	0.446981	
427	0.454333	573	0.532286	9.280260	0	0.000000	0.499000	0.447002	
441	0.376417	559	0.547406	9.280260	0	0.000000	0.472000	0.447012	
454	0.471366	546	0.500000	9.280260	0	0.000000	0.487000	0.447028	
451	0.392461	549	0.520947	9.280260	0	0.000000	0.463000	0.447035	
446	0.376682	554	0.516245	9.280260	0	0.000000	0.454000	0.447038	
441	0.385488	559	0.493739	9.280260	0	0.000000	0.446000	0.447037	
456	0.333333	544	0.518382	9.280260	0	0.000000	0.434000	0.447032	
440	0.402273	560	0.551786	9.280260	0	0.000000	0.486000	0.447048	
438	0.235160	562	0.501779	9.280260	0	0.000000	0.385000	0.447023	
449	0.391982	551	0.566243	9.280260	0	0.000000	0.488000	0.447039	
432	0.312500	568	0.526408	9.280260	0	0.000000	0.434000	0.447034	
433	0.383372	567	0.544974	9.280260	0	0.000000	0.475000	0.447045	
453	0.448124	547	0.561243	9.280260	0	0.000000	0.510000	0.447071	
416	0.413462	584	0.522260	9.280260	0	0.000000	0.477000	0.447083	
436	0.383028	564	0.526596	9.280260	0	0.000000	0.464000	0.447090	
441	0.399093	559	0.511628	9.280260	0	0.000000	0.462000	0.447096	
435	0.459770	565	0.502655	9.280260	0	0.000000	0.484000	0.447111	
420	0.214286	580	0.531034	9.280260	0	0.000000	0.398000	0.447091	
428	0.429907	572	0.500000	9.280260	0	0.000000	0.470000	0.447100	
433	0.311778	567	0.574956	9.280260	0	0.000000	0.461000	0.447106	
426	0.377934	574	0.548780	9.280260	0	0.000000	0.476000	0.447117	
433	0.475751	567	0.550265	9.280260	0	0.000000	0.518000	0.447146	
427	0.505855	573	0.539267	9.280260	0	0.000000	0.525000	0.447177	
445	0.391011	555	0.533333	9.280260	0	0.000000	0.470000	0.447187	
440	0.395455	560	0.512500	9.280260	0	0.000000	0.461000	0.447192	
465	0.451613	535	0.549533	9.280260	0	0.000000	0.504000	0.447215	
455	0.314286	545	0.500917	9.280260	0	0.000000	0.416000	0.447202	
468	0.243590	532	0.545113	9.280260	0	0.000000	0.404000	0.447185	
487	0.256674	513	0.469786	9.280260	0	0.000000	0.366000	0.447152	
469	0.402985	531	0.514124	9.280260	0	0.000000	0.462000	0.447158	
448	0.104911	552	0.525362	9.280260	0	0.000000	0.337000	0.447114	
460	0.347826	540	0.514815	9.280260	0	0.000000	0.438000	0.447110	
438	0.381279	562	0.542705	9.280260	0	0.000000	0.472000	0.447120	
421	0.342043	579	0.514680	9.280260	0	0.000000	0.442000	0.447118	
466	0.339056	534	0.494382	9.280260	0	0.000000	0.422000	0.447108	
429	0.480186	571	0.483363	9.280260	0	0.000000	0.482000	0.447122	
431	0.338747	569	0.565905	9.280260	0	0.000000	0.468000	0.447131	
446	0.340807	554	0.521661	9.280260	0	0.000000	0.441000	0.447128	
426	0.359155	574	0.517422	9.280260	0	0.000000	0.450000	0.447129	
433	0.457275	567	0.499118	9.280260	0	0.000000	0.481000	0.447143	
425	0.275294	575	0.509565	9.280260	0	0.000000	0.410000	0.447128	
462	0.218615	538	0.509294	9.280260	0	0.000000	0.375000	0.447099	
433	0.226328	567	0.509700	9.280260	0	0.000000	0.387000	0.447075	
455	0.301099	545	0.486239	9.280260	0	0.000000	0.402000	0.447057	
469	0.270789	531	0.519774	9.280260	0	0.000000	0.403000	0.447039	
419	0.245823	581	0.516351	9.280260	0	0.000000	0.403000	0.447022	
468	0.226496	532	0.556391	9.280260	0	0.000000	0.402000	0.447004	
430	0.365116	570	0.554386	9.280260	0	0.000000	0.473000	0.447014	
455	0.457143	545	0.565138	9.280260	0	0.000000	0.516000	0.447042	
429	0.384615	571	0.504378	9.280260	0	0.000000	0.453000	0.447044	
439	0.414579	561	0.547237	9.280260	0	0.000000	0.489000	0.447061	
416	0.430288	584	0.510274	9.280260	0	0.000000	0.477000	0.447073	
441	0.369615	559	0.513417	9.280260	0	0.000000	0.450000	0.447074	
432	0.398148	568	0.552817	9.280260	0	0.000000	0.486000	0.447089	
468	0.282051	532	0.515038	9.280260	0	0.000000	0.406000	0.447073	
434	0.124424	566	0.602473	9.280260	0	0.000000	0.395000	0.447052	
452	0.353982	548	0.510949	9.280260	0	0.000000	0.440000	0.447050	
453	0.452539	547	0.588665	9.280260	0	0.000000	0.527000	0.447081	
468	0.322650	532	0.528195	9.280260	0	0.000000	0.432000	0.447075	
469	0.230277	531	0.578154	9.280260	0	0.000000	0.415000	0.447063	
469	0.311301	531	0.506591	9.280260	0	0.000000	0.415000	0.447050	
460	0.376087	540	0.518519	9.280260	0	0.000000	0.453000	0.447052	
432	0.458333	568	0.538732	9.280260	0	0.000000	0.504000	0.447075	
449	0.438753	551	0.511797	9.280260	0	0.000000	0.479000	0.447088	
428	0.350467	572	0.557692	9.280260	0	0.000000	0.469000	0.447096	
466	0.339056	534	0.543071	9.280260	0	0.000000	0.448000	0.447097	
465	0.313978	535	0.543925	9.280260	0	0.000000	0.437000	0.447093	
457	0.420131	543	0.541436	9.280260	0	0.000000	0.486000	0.447108	
456	0.296053	544	0.540441	9.280260	0	0.000000	0.429000	0.447101	
413	0.404358	587	0.528109	9.280260	0	0.000000	0.477000	0.447113	
448	0.337054	552	0.559783	9.280260	0	0.000000	0.460000	0.447118	
404	0.443069	596	0.505034	9.280260	0	0.000000	0.480000	0.447131	
460	0.363043	540	0.579630	9.280260	0	0.000000	0.480000	0.447144	
431	0.000000	569	0.534271	9.280260	0	0.000000	0.304000	0.447087	
458	0.288210	542	0.590406	9.280260	0	0.000000	0.452000	0.447089	
430	0.309302	570	0.508772	9.280260	0	0.000000	0.423000	0.447080	
453	0.421634	547	0.553931	9.280260	0	0.000000	0.494000	0.447098	
430	0.297674	570	0.547368	9.280260	0	0.000000	0.440000	0.447095	
448	0.388393	552	0.545290	9.280260	0	0.000000	0.475000	0.447106	
459	0.350763	541	0.524954	9.280260	0	0.000000	0.445000	0.447106	
448	0.238839	552	0.557971	9.280260	0	0.000000	0.415000	0.447093	
460	0.336957	540	0.544444	9.280260	0	0.000000	0.449000	0.447094	
450	0.408889	550	0.585455	9.280260	0	0.000000	0.506000	0.447117	
474	0.350211	526	0.538023	9.280260	0	0.000000	0.449000	0.447118	
453	0.302428	547	0.557587	9.280260	0	0.000000	0.442000	0.447116	
440	0.340909	560	0.528571	9.280260	0	0.000000	0.446000	0.447115	
444	0.096847	556	0.553957	9.280260	0	0.000000	0.351000	0.447077	
439	0.412301	561	0.541889	9.280260	0	0.000000	0.485000	0.447092	
442	0.214932	558	0.534050	9.280260	0	0.000000	0.393000	0.447071	
482	0.435685	518	0.546332	9.280260	0	0.000000	0.493000	0.447089	
425	0.223529	575	0.544348	9.280260	0	0.000000	0.408000	0.447074	
473	0.260042	527	0.538899	9.280260	0	0.000000	0.407000	0.447058	
430	0.439535	570	0.535088	9.280260	0	0.000000	0.494000	0.447076	
432	0.384259	568	0.507042	9.280260	0	0.000000	0.454000	0.447079	
428	0.343458	572	0.520979	9.280260	0	0.000000	0.445000	0.447078	
433	0.258661	567	0.537919	9.280260	0	0.000000	0.417000	0.447066	
406	0.379310	594	0.511785	9.280260	0	0.000000	0.458000	0.447071	
455	0.107692	545	0.566972	9.280260	0	0.000000	0.358000	0.447036	
427	0.274005	573	0.537522	9.280260	0	0.000000	0.425000	0.447027	
440	0.295455	560	0.514286	9.280260	0	0.000000	0.418000	0.447016	
442	0.276018	558	0.530466	9.280260	0	0.000000	0.418000	0.447005	
452	0.369469	548	0.487226	9.280260	0	0.000000	0.434000	0.446999	
427	0.459016	573	0.547993	9.280260	0	0.000000	0.510000	0.447024	
474	0.168776	526	0.480989	9.280260	0	0.000000	0.333000	0.446980	
419	0.412888	581	0.543890	9.280260	0	0.000000	0.489000	0.446996	
448	0.261161	552	0.532609	9.280260	0	0.000000	0.411000	0.446982	
423	0.375887	577	0.523397	9.280260	0	0.000000	0.461000	0.446987	
444	0.382883	556	0.546763	9.280260	0	0.000000	0.474000	0.446998	
439	0.127563	561	0.540107	9.280260	0	0.000000	0.359000	0.446964	
459	0.442266	541	0.523105	9.280260	0	0.000000	0.486000	0.446979	
454	0.356828	546	0.532967	9.280260	0	0.000000	0.453000	0.446981	
459	0.346405	541	0.524954	9.280260	0	0.000000	0.443000	0.446980	
479	0.244259	521	0.543186	9.280260	0	0.000000	0.400000	0.446961	
438	0.394977	562	0.558719	9.280260	0	0.000000	0.487000	0.446977	
436	0.316514	564	0.574468	9.280260	0	0.000000	0.462000	0.446983	
429	0.370629	571	0.506130	9.280260	0	0.000000	0.448000	0.446983	
455	0.446154	545	0.555963	9.280260	0	0.000000	0.506000	0.447006	
438	0.442922	562	0.523132	9.280260	0	0.000000	0.488000	0.447022	
454	0.451542	546	0.547619	9.280260	0	0.000000	0.504000	0.447044	
429	0.337995	571	0.548161	9.280260	0	0.000000	0.458000	0.447048	
451	0.332594	549	0.526412	9.280260	0	0.000000	0.439000	0.447045	
466	0.336910	534	0.520599	9.280260	0	0.000000	0.435000	0.447041	
447	0.333333	553	0.567812	9.280260	0	0.000000	0.463000	0.447047	
478	0.309623	522	0.530651	9.280260	0	0.000000	0.425000	0.447038	
454	0.418502	546	0.525641	9.280260	0	0.000000	0.477000	0.447050	
438	0.452055	562	0.551601	9.280260	0	0.000000	0.508000	0.447073	
475	0.353684	525	0.558095	9.280260	0	0.000000	0.461000	0.447079	
455	0.514286	545	0.517431	9.280260	0	0.000000	0.516000	0.447106	
456	0.331140	544	0.544118	9.280260	0	0.000000	0.447000	0.447105	
453	0.269316	547	0.521024	9.280260	0	0.000000	0.407000	0.447090	
447	0.324385	553	0.549729	9.280260	0	0.000000	0.449000	0.447091	
441	0.358277	559	0.550984	9.280260	0	0.000000	0.466000	0.447098	
434	0.380184	566	0.512367	9.280260	0	0.000000	0.455000	0.447101	
436	0.477064	564	0.531915	9.280260	0	0.000000	0.508000	0.447125	
432	0.356481	568	0.554577	9.280260	0	0.000000	0.469000	0.447133	
417	0.405276	583	0.526587	9.280260	0	0.000000	0.476000	0.447144	
465	0.255914	535	0.553271	9.280260	0	0.000000	0.415000	0.447132	
434	0.394009	566	0.522968	9.280260	0	0.000000	0.467000	0.447139	
463	0.380130	537	0.513966	9.280260	0	0.000000	0.452000	0.447141	
440	0.288636	560	0.551786	9.280260	0	0.000000	0.436000	0.447137	
469	0.469083	531	0.491525	9.280260	0	0.000000	0.481000	0.447150	
459	0.320261	541	0.530499	9.280260	0	0.000000	0.434000	0.447145	
475	0.475789	525	0.539048	9.280260	0	0.000000	0.509000	0.447169	
443	0.462754	557	0.556553	9.280260	0	0.000000	0.515000	0.447195	
468	0.446581	532	0.539474	9.280260	0	0.000000	0.496000	0.447214	
412	0.325243	588	0.552721	9.280260	0	0.000000	0.459000	0.447218	
455	0.443956	545	0.499083	9.280260	0	0.000000	0.474000	0.447228	
443	0.286682	557	0.545781	9.280260	0	0.000000	0.431000	0.447222	
438	0.440639	562	0.524911	9.280260	0	0.000000	0.488000	0.447238	
460	0.189130	540	0.564815	9.280260	0	0.000000	0.392000	0.447217	
437	0.421053	563	0.539964	9.280260	0	0.000000	0.488000	0.447232	
448	0.401786	552	0.556159	9.280260	0	0.000000	0.487000	0.447248	
466	0.281116	534	0.573034	9.280260	0	0.000000	0.437000	0.447244	
423	0.316785	577	0.514731	9.280260	0	0.000000	0.431000	0.447237	
460	0.323913	540	0.555556	9.280260	0	0.000000	0.449000	0.447238	
430	0.248837	570	0.522807	9.280260	0	0.000000	0.405000	0.447222	
441	0.190476	559	0.554562	9.280260	0	0.000000	0.394000	0.447202	
433	0.385681	567	0.546737	9.280260	0	0.000000	0.477000	0.447213	
442	0.260181	558	0.530466	9.280260	0	0.000000	0.411000	0.447199	
415	0.289157	585	0.511111	9.280260	0	0.000000	0.419000	0.447188	
437	0.375286	563	0.559503	9.280260	0	0.000000	0.479000	0.447201	
409	0.149144	591	0.514382	9.280260	0	0.000000	0.365000	0.447169	
439	0.287016	561	0.525847	9.280260	0	0.000000	0.421000	0.447159	
432	0.192130	568	0.528169	9.280260	0	0.000000	0.383000	0.447135	
442	0.454751	558	0.591398	9.280260	0	0.000000	0.531000	0.447167	
439	0.410023	561	0.541889	9.280260	0	0.000000	0.484000	0.447181	
456	0.427632	544	0.573529	9.280260	0	0.000000	0.507000	0.447203	
469	0.339019	531	0.557439	9.280260	0	0.000000	0.455000	0.447206	
472	0.319915	528	0.545455	9.280260	0	0.000000	0.439000	0.447203	
470	0.272340	530	0.535849	9.280260	0	0.000000	0.412000	0.447190	
465	0.404301	535	0.525234	9.280260	0	0.000000	0.469000	0.447198	
462	0.129870	538	0.544610	9.280260	0	0.000000	0.353000	0.447162	
448	0.165179	552	0.547101	9.280260	0	0.000000	0.376000	0.447135	
458	0.176856	542	0.566421	9.280260	0	0.000000	0.388000	0.447113	
454	0.013216	546	0.578755	9.280260	0	0.000000	0.322000	0.447065	
446	0.295964	554	0.559567	9.280260	0	0.000000	0.442000	0.447063	
432	0.326389	568	0.544014	9.280260	0	0.000000	0.450000	0.447064	
435	0.340230	565	0.538053	9.280260	0	0.000000	0.452000	0.447066	
409	0.430318	591	0.510998	9.280260	0	0.000000	0.478000	0.447078	
424	0.466981	576	0.517361	9.280260	0	0.000000	0.496000	0.447097	
424	0.528302	576	0.513889	9.280260	0	0.000000	0.520000	0.447124	
423	0.160757	577	0.547660	9.280260	0	0.000000	0.384000	0.447100	
427	0.451991	573	0.556719	9.280260	0	0.000000	0.512000	0.447125	
424	0.195755	576	0.519097	9.280260	0	0.000000	0.382000	0.447100	
434	0.209677	566	0.588339	9.280260	0	0.000000	0.424000	0.447091	
413	0.249395	587	0.540034	9.280260	0	0.000000	0.420000	0.447081	
459	0.381264	541	0.558226	9.280260	0	0.000000	0.477000	0.447093	
427	0.370023	573	0.542757	9.280260	0	0.000000	0.469000	0.447101	
447	0.369128	553	0.544304	9.280260	0	0.000000	0.466000	0.447108	
459	0.339869	541	0.571165	9.280260	0	0.000000	0.465000	0.447115	
459	0.246187	541	0.589649	9.280260	0	0.000000	0.432000	0.447109	
461	0.498915	539	0.554731	9.280260	0	0.000000	0.529000	0.447140	
472	0.188559	528	0.594697	9.280260	0	0.000000	0.403000	0.447123	
449	0.383073	551	0.549909	9.280260	0	0.000000	0.475000	0.447134	
453	0.077263	547	0.553931	9.280260	0	0.000000	0.338000	0.447093	
460	0.345652	540	0.557407	9.280260	0	0.000000	0.460000	0.447098	
430	0.434884	570	0.517544	9.280260	0	0.000000	0.482000	0.447111	
470	0.436170	530	0.528302	9.280260	0	0.000000	0.485000	0.447125	
434	0.354839	566	0.517668	9.280260	0	0.000000	0.447000	0.447125	
447	0.378076	553	0.497288	9.280260	0	0.000000	0.444000	0.447124	
452	0.334071	548	0.558394	9.280260	0	0.000000	0.457000	0.447127	
430	0.351163	570	0.492982	9.280260	0	0.000000	0.432000	0.447122	
437	0.329519	563	0.541741	9.280260	0	0.000000	0.449000	0.447122	
453	0.346578	547	0.544790	9.280260	0	0.000000	0.455000	0.447125	
431	0.211137	569	0.594025	9.280260	0	0.000000	0.429000	0.447119	
456	0.063596	544	0.522059	9.280260	0	0.000000	0.313000	0.447068	
453	0.258278	547	0.517367	9.280260	0	0.000000	0.400000	0.447051	
456	0.228070	544	0.544118	9.280260	0	0.000000	0.400000	0.447033	
433	0.265589	567	0.513228	9.280260	0	0.000000	0.406000	0.447017	
450	0.266667	550	0.561818	9.280260	0	0.000000	0.429000	0.447011	
441	0.235828	559	0.533095	9.280260	0	0.000000	0.402000	0.446994	
431	0.468677	569	0.530756	9.280260	0	0.000000	0.504000	0.447015	
449	0.403118	551	0.497278	9.280260	0	0.000000	0.455000	0.447018	
443	0.444695	557	0.551167	9.280260	0	0.000000	0.504000	0.447040	
455	0.373626	545	0.544954	9.280260	0	0.000000	0.467000	0.447047	
458	0.473799	542	0.570111	9.280260	0	0.000000	0.526000	0.447077	
462	0.270563	538	0.550186	9.280260	0	0.000000	0.421000	0.447067	
464	0.407328	536	0.557836	9.280260	0	0.000000	0.488000	0.447082	
471	0.350318	529	0.546314	9.280260	0	0.000000	0.454000	0.447085	
446	0.457399	554	0.550542	9.280260	0	0.000000	0.509000	0.447108	
454	0.345815	546	0.562271	9.280260	0	0.000000	0.464000	0.447114	
439	0.382688	561	0.520499	9.280260	0	0.000000	0.460000	0.447119	
443	0.356659	557	0.543986	9.280260	0	0.000000	0.461000	0.447124	
421	0.418052	579	0.575130	9.280260	0	0.000000	0.509000	0.447147	
428	0.478972	572	0.520979	9.280260	0	0.000000	0.503000	0.447168	
429	0.312354	571	0.537653	9.280260	0	0.000000	0.441000	0.447166	
440	0.350000	560	0.530357	9.280260	0	0.000000	0.451000	0.447167	
462	0.149351	538	0.544610	9.280260	0	0.000000	0.362000	0.447136	
466	0.002146	534	0.524345	9.280260	0	0.000000	0.281000	0.447074	
441	0.244898	559	0.515206	9.280260	0	0.000000	0.396000	0.447055	
459	0.237473	541	0.508318	9.280260	0	0.000000	0.384000	0.447031	
453	0.328918	547	0.517367	9.280260	0	0.000000	0.432000	0.447026	
462	0.352814	538	0.544610	9.280260	0	0.000000	0.456000	0.447029	
443	0.137698	557	0.547576	9.280260	0	0.000000	0.366000	0.446999	
437	0.336384	563	0.529307	9.280260	0	0.000000	0.445000	0.446998	
438	0.440639	562	0.590747	9.280260	0	0.000000	0.525000	0.447027	
442	0.395928	558	0.532258	9.280260	0	0.000000	0.472000	0.447036	
429	0.314685	571	0.537653	9.280260	0	0.000000	0.442000	0.447034	
423	0.290780	577	0.530329	9.280260	0	0.000000	0.429000	0.447028	
440	0.359091	560	0.551786	9.280260	0	0.000000	0.467000	0.447035	
436	0.222477	564	0.569149	9.280260	0	0.000000	0.418000	0.447024	
449	0.240535	551	0.557169	9.280260	0	0.000000	0.415000	0.447012	
448	0.379464	552	0.550725	9.280260	0	0.000000	0.474000	0.447022	
453	0.412804	547	0.533821	9.280260	0	0.000000	0.479000	0.447034	
456	0.440789	544	0.500000	9.280260	0	0.000000	0.473000	0.447044	
453	0.344371	547	0.524680	9.280260	0	0.000000	0.443000	0.447042	
444	0.018018	556	0.534173	9.280260	0	0.000000	0.305000	0.446990	
428	0.221963	572	0.545455	9.280260	0	0.000000	0.407000	0.446975	
466	0.366953	534	0.526217	9.280260	0	0.000000	0.452000	0.446977	
422	0.383886	578	0.539792	9.280260	0	0.000000	0.474000	0.446987	
446	0.300448	554	0.532491	9.280260	0	0.000000	0.429000	0.446980	
431	0.269142	569	0.551845	9.280260	0	0.000000	0.430000	0.446974	
458	0.347162	542	0.557196	9.280260	0	0.000000	0.461000	0.446979	
442	0.361991	558	0.550179	9.280260	0	0.000000	0.467000	0.446987	
432	0.409722	568	0.538732	9.280260	0	0.000000	0.483000	0.447000	
451	0.376940	549	0.530055	9.280260	0	0.000000	0.461000	0.447005	
455	0.426374	545	0.543119	9.280260	0	0.000000	0.490000	0.447021	
437	0.462243	563	0.525755	9.280260	0	0.000000	0.498000	0.447040	
438	0.344749	562	0.505338	9.280260	0	0.000000	0.435000	0.447035	
468	0.386752	532	0.531955	9.280260	0	0.000000	0.464000	0.447041	
437	0.292906	563	0.543517	9.280260	0	0.000000	0.434000	0.447037	
417	0.422062	583	0.526587	9.280260	0	0.000000	0.483000	0.447050	
451	0.414634	549	0.488160	9.280260	0	0.000000	0.455000	0.447053	
432	0.375000	568	0.508803	9.280260	0	0.000000	0.451000	0.447054	
430	0.411628	570	0.519298	9.280260	0	0.000000	0.473000	0.447064	
451	0.155211	549	0.562842	9.280260	0	0.000000	0.379000	0.447039	
420	0.473810	580	0.494828	9.280260	0	0.000000	0.486000	0.447053	
461	0.340564	539	0.541744	9.280260	0	0.000000	0.449000	0.447054	
447	0.489933	553	0.544304	9.280260	0	0.000000	0.520000	0.447081	
453	0.384106	547	0.515539	9.280260	0	0.000000	0.456000	0.447084	
444	0.421171	556	0.489209	9.280260	0	0.000000	0.459000	0.447088	
441	0.428571	559	0.527728	9.280260	0	0.000000	0.484000	0.447102	
478	0.382845	522	0.526820	9.280260	0	0.000000	0.458000	0.447106	
428	0.401869	572	0.486014	9.280260	0	0.000000	0.450000	0.447107	
438	0.273973	562	0.542705	9.280260	0	0.000000	0.425000	0.447099	
468	0.352564	532	0.562030	9.280260	0	0.000000	0.464000	0.447105	
418	0.000000	582	0.556701	9.280260	0	0.000000	0.324000	0.447060	
436	0.410550	564	0.581560	9.280260	0	0.000000	0.507000	0.447082	
441	0.217687	559	0.520572	9.280260	0	0.000000	0.387000	0.447060	
446	0.484305	554	0.507220	9.280260	0	0.000000	0.497000	0.447078	
455	0.369231	545	0.561468	9.280260	0	0.000000	0.474000	0.447088	
447	0.387025	553	0.531646	9.280260	0	0.000000	0.467000	0.447095	
451	0.157428	549	0.513661	9.280260	0	0.000000	0.353000	0.447061	
434	0.288018	566	0.568905	9.280260	0	0.000000	0.447000	0.447061	
462	0.209957	538	0.563197	9.280260	0	0.000000	0.400000	0.447044	
455	0.373626	545	0.510092	9.280260	0	0.000000	0.448000	0.447044	
439	0.314351	561	0.572193	9.280260	0	0.000000	0.459000	0.447048	
450	0.464444	550	0.534545	9.280260	0	0.000000	0.503000	0.447069	
424	0.405660	576	0.517361	9.280260	0	0.000000	0.470000	0.447077	
444	0.511261	556	0.530576	9.280260	0	0.000000	0.522000	0.447104	
414	0.463768	586	0.539249	9.280260	0	0.000000	0.508000	0.447127	
435	0.331034	565	0.564602	9.280260	0	0.000000	0.463000	0.447132	
446	0.428251	554	0.545126	9.280260	0	0.000000	0.493000	0.447149	
433	0.244804	567	0.562610	9.280260	0	0.000000	0.425000	0.447141	
452	0.000000	548	0.567518	9.280260	0	0.000000	0.311000	0.447091	
446	0.230942	554	0.534296	9.280260	0	0.000000	0.399000	0.447074	
440	0.411364	560	0.558929	9.280260	0	0.000000	0.494000	0.447091	
434	0.423963	566	0.515901	9.280260	0	0.000000	0.476000	0.447102	
448	0.220982	552	0.500000	9.280260	0	0.000000	0.375000	0.447075	
450	0.437778	550	0.510909	9.280260	0	0.000000	0.478000	0.447087	
450	0.264444	550	0.516364	9.280260	0	0.000000	0.403000	0.447071	
449	0.322940	551	0.497278	9.280260	0	0.000000	0.419000	0.447060	
446	0.423767	554	0.525271	9.280260	0	0.000000	0.480000	0.447072	
445	0.424719	555	0.527928	9.280260	0	0.000000	0.482000	0.447085	
425	0.416471	575	0.511304	9.280260	0	0.000000	0.471000	0.447094	
439	0.398633	561	0.522282	9.280260	0	0.000000	0.468000	0.447101	
424	0.474057	576	0.546875	9.280260	0	0.000000	0.516000	0.447126	
427	0.395785	573	0.525305	9.280260	0	0.000000	0.470000	0.447134	
458	0.401747	542	0.562731	9.280260	0	0.000000	0.489000	0.447150	
427	0.440281	573	0.551483	9.280260	0	0.000000	0.504000	0.447170	
446	0.336323	554	0.539711	9.280260	0	0.000000	0.449000	0.447171	
452	0.305310	548	0.501825	9.280260	0	0.000000	0.413000	0.447158	
477	0.412998	523	0.537285	9.280260	0	0.000000	0.478000	0.447170	
455	0.206593	545	0.522936	9.280260	0	0.000000	0.379000	0.447145	
468	0.329060	532	0.530075	9.280260	0	0.000000	0.436000	0.447141	
472	0.180085	528	0.535985	9.280260	0	0.000000	0.368000	0.447112	
447	0.284116	553	0.555154	9.280260	0	0.000000	0.434000	0.447108	
455	0.162637	545	0.543119	9.280260	0	0.000000	0.370000	0.447080	
436	0.383028	564	0.556738	9.280260	0	0.000000	0.481000	0.447092	
440	0.225000	560	0.494643	9.280260	0	0.000000	0.376000	0.447067	
453	0.196468	547	0.555759	9.280260	0	0.000000	0.393000	0.447047	
452	0.391593	548	0.543796	9.280260	0	0.000000	0.475000	0.447057	
443	0.162528	557	0.549372	9.280260	0	0.000000	0.378000	0.447032	
458	0.213974	542	0.511070	9.280260	0	0.000000	0.375000	0.447006	
436	0.293578	564	0.562057	9.280260	0	0.000000	0.445000	0.447006	
445	0.440449	555	0.522523	9.280260	0	0.000000	0.486000	0.447020	
442	0.135747	558	0.494624	9.280260	0	0.000000	0.336000	0.446980	
436	0.144495	564	0.586879	9.280260	0	0.000000	0.394000	0.446961	
424	0.297170	576	0.520833	9.280260	0	0.000000	0.426000	0.446953	
431	0.204176	569	0.562390	9.280260	0	0.000000	0.408000	0.446939	
436	0.238532	564	0.570922	9.280260	0	0.000000	0.426000	0.446932	
468	0.376068	532	0.562030	9.280260	0	0.000000	0.475000	0.446942	
442	0.361991	558	0.596774	9.280260	0	0.000000	0.493000	0.446958	
444	0.457207	556	0.541367	9.280260	0	0.000000	0.504000	0.446979	
454	0.431718	546	0.549451	9.280260	0	0.000000	0.496000	0.446996	
432	0.416667	568	0.570423	9.280260	0	0.000000	0.504000	0.447017	
450	0.495556	550	0.561818	9.280260	0	0.000000	0.532000	0.447047	
417	0.357314	583	0.531732	9.280260	0	0.000000	0.459000	0.447051	
446	0.430493	554	0.559567	9.280260	0	0.000000	0.502000	0.447071	
429	0.347319	571	0.556918	9.280260	0	0.000000	0.467000	0.447078	
437	0.409611	563	0.499112	9.280260	0	0.000000	0.460000	0.447083	
468	0.367521	532	0.580827	9.280260	0	0.000000	0.481000	0.447095	
447	0.393736	553	0.567812	9.280260	0	0.000000	0.490000	0.447110	
454	0.350220	546	0.510989	9.280260	0	0.000000	0.438000	0.447107	
437	0.382151	563	0.539964	9.280260	0	0.000000	0.471000	0.447116	
443	0.492099	557	0.533214	9.280260	0	0.000000	0.515000	0.447140	
422	0.447867	578	0.538062	9.280260	0	0.000000	0.500000	0.447159	
453	0.434879	547	0.566728	9.280260	0	0.000000	0.507000	0.447180	
432	0.166667	568	0.566901	9.280260	0	0.000000	0.394000	0.447161	
450	0.377778	550	0.552727	9.280260	0	0.000000	0.474000	0.447171	
443	0.243792	557	0.545781	9.280260	0	0.000000	0.412000	0.447158	
432	0.238426	568	0.556338	9.280260	0	0.000000	0.419000	0.447148	
464	0.364224	536	0.544776	9.280260	0	0.000000	0.461000	0.447153	
430	0.211628	570	0.557895	9.280260	0	0.000000	0.409000	0.447139	
436	0.346330	564	0.535461	9.280260	0	0.000000	0.453000	0.447141	
452	0.426991	548	0.547445	9.280260	0	0.000000	0.493000	0.447158	
449	0.391982	551	0.551724	9.280260	0	0.000000	0.480000	0.447169	
452	0.446903	548	0.552920	9.280260	0	0.000000	0.505000	0.447190	
451	0.212860	549	0.519126	9.280260	0	0.000000	0.381000	0.447167	
446	0.374439	554	0.537906	9.280260	0	0.000000	0.465000	0.447173	
445	0.285393	555	0.531532	9.280260	0	0.000000	0.422000	0.447164	
461	0.260304	539	0.576994	9.280260	0	0.000000	0.431000	0.447158	
438	0.173516	562	0.519573	9.280260	0	0.000000	0.368000	0.447130	
449	0.365256	551	0.562613	9.280260	0	0.000000	0.474000	0.447140	
446	0.100897	554	0.557762	9.280260	0	0.000000	0.354000	0.447107	
440	0.315909	560	0.526786	9.280260	0	0.000000	0.434000	0.447102	
453	0.167770	547	0.585009	9.280260	0	0.000000	0.396000	0.447084	
422	0.144550	578	0.527682	9.280260	0	0.000000	0.366000	0.447055	
454	0.156388	546	0.562271	9.280260	0	0.000000	0.378000	0.447031	
451	0.130820	549	0.506375	9.280260	0	0.000000	0.337000	0.446992	
435	0.108046	565	0.548673	9.280260	0	0.000000	0.357000	0.446960	
434	0.000000	566	0.531802	9.280260	0	0.000000	0.301000	0.446908	
439	0.350797	561	0.509804	9.280260	0	0.000000	0.440000	0.446906	
433	0.196305	567	0.548501	9.280260	0	0.000000	0.396000	0.446888	
440	0.475000	560	0.532143	9.280260	0	0.000000	0.507000	0.446909	
446	0.412556	554	0.555957	9.280260	0	0.000000	0.492000	0.446925	
439	0.318907	561	0.506239	9.280260	0	0.000000	0.424000	0.446917	
465	0.453763	535	0.530841	9.280260	0	0.000000	0.495000	0.446934	
442	0.273756	558	0.557348	9.280260	0	0.000000	0.432000	0.446929	
442	0.276018	558	0.496416	9.280260	0	0.000000	0.399000	0.446912	
475	0.250526	525	0.542857	9.280260	0	0.000000	0.404000	0.446897	
428	0.285047	572	0.550699	9.280260	0	0.000000	0.437000	0.446893	
470	0.434043	530	0.471698	9.280260	0	0.000000	0.454000	0.446896	
441	0.199546	559	0.540250	9.280260	0	0.000000	0.390000	0.446876	
450	0.380000	550	0.532727	9.280260	0	0.000000	0.464000	0.446882	
454	0.325991	546	0.525641	9.280260	0	0.000000	0.435000	0.446877	
430	0.462791	570	0.529825	9.280260	0	0.000000	0.501000	0.446896	
460	0.321739	540	0.527778	9.280260	0	0.000000	0.433000	0.446892	
438	0.388128	562	0.533808	9.280260	0	0.000000	0.470000	0.446900	
457	0.431072	543	0.537753	9.280260	0	0.000000	0.489000	0.446914	
419	0.372315	581	0.526678	9.280260	0	0.000000	0.462000	0.446920	
439	0.439636	561	0.524064	9.280260	0	0.000000	0.487000	0.446934	
438	0.388128	562	0.540925	9.280260	0	0.000000	0.474000	0.446943	
453	0.233996	547	0.561243	9.280260	0	0.000000	0.413000	0.446931	
429	0.300699	571	0.527145	9.280260	0	0.000000	0.430000	0.446925	
445	0.204494	555	0.538739	9.280260	0	0.000000	0.390000	0.446905	
457	0.317287	543	0.511971	9.280260	0	0.000000	0.423000	0.446897	
453	0.344371	547	0.528336	9.280260	0	0.000000	0.445000	0.446896	
454	0.372247	546	0.538462	9.280260	0	0.000000	0.463000	0.446902	
426	0.248826	574	0.484321	9.280260	0	0.000000	0.384000	0.446880	
460	0.421739	540	0.520370	9.280260	0	0.000000	0.475000	0.446890	
450	0.351111	550	0.518182	9.280260	0	0.000000	0.443000	0.446889	
430	0.055814	570	0.521053	9.280260	0	0.000000	0.321000	0.446844	
459	0.174292	541	0.515712	9.280260	0	0.000000	0.359000	0.446814	
442	0.000000	558	0.553763	9.280260	0	0.000000	0.309000	0.446766	
449	0.385301	551	0.548094	9.280260	0	0.000000	0.475000	0.446775	
450	0.275556	550	0.532727	9.280260	0	0.000000	0.417000	0.446765	
449	0.447661	551	0.529946	9.280260	0	0.000000	0.493000	0.446781	
447	0.346756	553	0.524412	9.280260	0	0.000000	0.445000	0.446781	
458	0.358079	542	0.555351	9.280260	0	0.000000	0.465000	0.446787	
453	0.359823	547	0.563071	9.280260	0	0.000000	0.471000	0.446795	
442	0.398190	558	0.534050	9.280260	0	0.000000	0.474000	0.446805	
451	0.356984	549	0.557377	9.280260	0	0.000000	0.467000	0.446812	
454	0.339207	546	0.531136	9.280260	0	0.000000	0.444000	0.446811	
445	0.438202	555	0.526126	9.280260	0	0.000000	0.487000	0.446825	
434	0.417051	566	0.533569	9.280260	0	0.000000	0.483000	0.446838	
420	0.380952	580	0.527586	9.280260	0	0.000000	0.466000	0.446844	
469	0.285714	531	0.564972	9.280260	0	0.000000	0.434000	0.446840	
436	0.376147	564	0.546099	9.280260	0	0.000000	0.472000	0.446848	
438	0.390411	562	0.524911	9.280260	0	0.000000	0.466000	0.446855	
449	0.367483	551	0.531760	9.280260	0	0.000000	0.458000	0.446859	
460	0.369565	540	0.511111	9.280260	0	0.000000	0.446000	0.446859	
439	0.428246	561	0.531194	9.280260	0	0.000000	0.486000	0.446872	
452	0.170354	548	0.534672	9.280260	0	0.000000	0.370000	0.446846	
438	0.351598	562	0.524911	9.280260	0	0.000000	0.449000	0.446846	
437	0.439359	563	0.538188	9.280260	0	0.000000	0.495000	0.446863	
483	0.420290	517	0.533849	9.280260	0	0.000000	0.479000	0.446874	
430	0.381395	570	0.517544	9.280260	0	0.000000	0.459000	0.446878	
424	0.127358	576	0.543403	9.280260	0	0.000000	0.367000	0.446851	
467	0.447537	533	0.532833	9.280260	0	0.000000	0.493000	0.446867	
440	0.368182	560	0.519643	9.280260	0	0.000000	0.453000	0.446869	
423	0.278960	577	0.589255	9.280260	0	0.000000	0.458000	0.446873	
447	0.487696	553	0.547920	9.280260	0	0.000000	0.521000	0.446898	
461	0.340564	539	0.541744	9.280260	0	0.000000	0.449000	0.446899	
448	0.296875	552	0.545290	9.280260	0	0.000000	0.434000	0.446895	
423	0.465721	577	0.554593	9.280260	0	0.000000	0.517000	0.446919	
457	0.273523	543	0.556169	9.280260	0	0.000000	0.427000	0.446912	
443	0.354402	557	0.551167	9.280260	0	0.000000	0.464000	0.446918	
427	0.220141	573	0.528796	9.280260	0	0.000000	0.397000	0.446901	
459	0.400871	541	0.556377	9.280260	0	0.000000	0.485000	0.446914	
462	0.313853	538	0.539033	9.280260	0	0.000000	0.435000	0.446910	
452	0.418142	548	0.552920	9.280260	0	0.000000	0.492000	0.446925	
452	0.238938	548	0.556569	9.280260	0	0.000000	0.413000	0.446914	
459	0.320261	541	0.521257	9.280260	0	0.000000	0.429000	0.446907	
455	0.404396	545	0.559633	9.280260	0	0.000000	0.489000	0.446922	
440	0.493182	560	0.592857	9.280260	0	0.000000	0.549000	0.446957	
432	0.347222	568	0.526408	9.280260	0	0.000000	0.449000	0.446958	
452	0.347345	548	0.563869	9.280260	0	0.000000	0.466000	0.446964	
434	0.368664	566	0.547703	9.280260	0	0.000000	0.470000	0.446972	
430	0.320930	570	0.571930	9.280260	0	0.000000	0.464000	0.446978	
465	0.440860	535	0.568224	9.280260	0	0.000000	0.509000	0.447000	
436	0.325688	564	0.551418	9.280260	0	0.000000	0.453000	0.447002	
434	0.347926	566	0.524735	9.280260	0	0.000000	0.448000	0.447002	
452	0.336283	548	0.549270	9.280260	0	0.000000	0.453000	0.447004	
439	0.332574	561	0.547237	9.280260	0	0.000000	0.453000	0.447006	
495	0.313131	505	0.524752	9.280260	0	0.000000	0.420000	0.446997	
429	0.230769	571	0.569177	9.280260	0	0.000000	0.424000	0.446989	
449	0.307350	551	0.513612	9.280260	0	0.000000	0.421000	0.446980	
466	0.266094	534	0.520599	9.280260	0	0.000000	0.402000	0.446965	
454	0.418502	546	0.536630	9.280260	0	0.000000	0.483000	0.446977	
433	0.198614	567	0.536155	9.280260	0	0.000000	0.390000	0.446957	
436	0.135321	564	0.530142	9.280260	0	0.000000	0.358000	0.446927	
427	0.398126	573	0.547993	9.280260	0	0.000000	0.484000	0.446940	
443	0.288939	557	0.531418	9.280260	0	0.000000	0.424000	0.446932	
436	0.144495	564	0.528369	9.280260	0	0.000000	0.361000	0.446902	
420	0.311905	580	0.560345	9.280260	0	0.000000	0.456000	0.446905	
442	0.278281	558	0.494624	9.280260	0	0.000000	0.399000	0.446889	
436	0.451835	564	0.558511	9.280260	0	0.000000	0.512000	0.446911	
426	0.218310	574	0.566202	9.280260	0	0.000000	0.418000	0.446901	
421	0.363420	579	0.531952	9.280260	0	0.000000	0.461000	0.446906	
452	0.269912	548	0.514599	9.280260	0	0.000000	0.404000	0.446892	
461	0.379610	539	0.549165	9.280260	0	0.000000	0.471000	0.446900	
424	0.261792	576	0.597222	9.280260	0	0.000000	0.455000	0.446903	
433	0.196305	567	0.504409	9.280260	0	0.000000	0.371000	0.446877	
470	0.340426	530	0.560377	9.280260	0	0.000000	0.457000	0.446880	
445	0.328090	555	0.527928	9.280260	0	0.000000	0.439000	0.446877	
428	0.254673	572	0.583916	9.280260	0	0.000000	0.443000	0.446876	
449	0.211581	551	0.491833	9.280260	0	0.000000	0.366000	0.446848	
462	0.357143	538	0.546468	9.280260	0	0.000000	0.459000	0.446853	
413	0.375303	587	0.500852	9.280260	0	0.000000	0.449000	0.446853	
439	0.350797	561	0.543672	9.280260	0	0.000000	0.459000	0.446857	
472	0.305085	528	0.518939	9.280260	0	0.000000	0.418000	0.446848	
435	0.466667	565	0.492035	9.280260	0	0.000000	0.481000	0.446859	
450	0.155556	550	0.578182	9.280260	0	0.000000	0.388000	0.446839	
457	0.420131	543	0.524862	9.280260	0	0.000000	0.477000	0.446850	
451	0.312639	549	0.546448	9.280260	0	0.000000	0.441000	0.446848	
464	0.340517	536	0.550373	9.280260	0	0.000000	0.453000	0.446850	
457	0.251641	543	0.493554	9.280260	0	0.000000	0.383000	0.446828	
436	0.211009	564	0.560284	9.280260	0	0.000000	0.408000	0.446815	
459	0.413943	541	0.513863	9.280260	0	0.000000	0.468000	0.446822	
430	0.300000	570	0.503509	9.280260	0	0.000000	0.416000	0.446811	
448	0.232143	552	0.512681	9.280260	0	0.000000	0.387000	0.446791	
460	0.284783	540	0.548148	9.280260	0	0.000000	0.427000	0.446784	
430	0.246512	570	0.549123	9.280260	0	0.000000	0.419000	0.446775	
453	0.240618	547	0.541133	9.280260	0	0.000000	0.405000	0.446761	
444	0.317568	556	0.510791	9.280260	0	0.000000	0.425000	0.446753	
461	0.329718	539	0.526902	9.280260	0	0.000000	0.436000	0.446750	
419	0.307876	581	0.549053	9.280260	0	0.000000	0.448000	0.446750	
443	0.300226	557	0.526032	9.280260	0	0.000000	0.426000	0.446743	
449	0.467706	551	0.513612	9.280260	0	0.000000	0.493000	0.446759	
444	0.261261	556	0.528777	9.280260	0	0.000000	0.410000	0.446746	
442	0.339367	558	0.537634	9.280260	0	0.000000	0.450000	0.446748	
453	0.362031	547	0.528336	9.280260	0	0.000000	0.453000	0.446750	
434	0.357143	566	0.560071	9.280260	0	0.000000	0.472000	0.446758	
465	0.240860	535	0.525234	9.280260	0	0.000000	0.393000	0.446740	
444	0.396396	556	0.498201	9.280260	0	0.000000	0.453000	0.446742	
441	0.410431	559	0.577818	9.280260	0	0.000000	0.504000	0.446761	
440	0.247727	560	0.558929	9.280260	0	0.000000	0.422000	0.446753	
445	0.220225	555	0.527928	9.280260	0	0.000000	0.391000	0.446734	
434	0.264977	566	0.567138	9.280260	0	0.000000	0.436000	0.446731	
444	0.308559	556	0.559353	9.280260	0	0.000000	0.448000	0.446731	
447	0.149888	553	0.509946	9.280260	0	0.000000	0.349000	0.446698	
449	0.356347	551	0.533575	9.280260	0	0.000000	0.454000	0.446701	
420	0.109524	580	0.586207	9.280260	0	0.000000	0.386000	0.446680	
442	0.416290	558	0.508961	9.280260	0	0.000000	0.468000	0.446687	
433	0.339492	567	0.544974	9.280260	0	0.000000	0.456000	0.446691	
439	0.129841	561	0.538324	9.280260	0	0.000000	0.359000	0.446661	
433	0.360277	567	0.514991	9.280260	0	0.000000	0.448000	0.446661	
425	0.367059	575	0.549565	9.280260	0	0.000000	0.472000	0.446670	
469	0.251599	531	0.563089	9.280260	0	0.000000	0.417000	0.446660	
423	0.408983	577	0.478336	9.280260	0	0.000000	0.449000	0.446661	
453	0.390728	547	0.537477	9.280260	0	0.000000	0.471000	0.446669	
455	0.312088	545	0.521101	9.280260	0	0.000000	0.426000	0.446662	
458	0.314410	542	0.560886	9.280260	0	0.000000	0.448000	0.446662	
424	0.466981	576	0.520833	9.280260	0	0.000000	0.498000	0.446680	
451	0.370288	549	0.504554	9.280260	0	0.000000	0.444000	0.446679	
460	0.391304	540	0.557407	9.280260	0	0.000000	0.481000	0.446690	
424	0.422170	576	0.553819	9.280260	0	0.000000	0.498000	0.446708	
451	0.308204	549	0.519126	9.280260	0	0.000000	0.424000	0.446700	
444	0.148649	556	0.593525	9.280260	0	0.000000	0.396000	0.446683	
460	0.291304	540	0.550000	9.280260	0	0.000000	0.431000	0.446678	
456	0.125000	544	0.582721	9.280260	0	0.000000	0.374000	0.446653	
469	0.292111	531	0.521657	9.280260	0	0.000000	0.414000	0.446642	
428	0.357477	572	0.522727	9.280260	0	0.000000	0.452000	0.446644	
435	0.188506	565	0.541593	9.280260	0	0.000000	0.388000	0.446625	
465	0.462366	535	0.566355	9.280260	0	0.000000	0.518000	0.446648	
440	0.359091	560	0.516071	9.280260	0	0.000000	0.447000	0.446649	
428	0.275701	572	0.515734	9.280260	0	0.000000	0.413000	0.446637	
477	0.247379	523	0.535373	9.280260	0	0.000000	0.398000	0.446621	
450	0.388889	550	0.560000	9.280260	0	0.000000	0.483000	0.446633	
440	0.147727	560	0.551786	9.280260	0	0.000000	0.374000	0.446609	
471	0.271762	529	0.544423	9.280260	0	0.000000	0.416000	0.446599	
423	0.326241	577	0.554593	9.280260	0	0.000000	0.458000	0.446603	
452	0.418142	548	0.531022	9.280260	0	0.000000	0.480000	0.446614	
437	0.324943	563	0.561279	9.280260	0	0.000000	0.458000	0.446618	
432	0.398148	568	0.538732	9.280260	0	0.000000	0.478000	0.446628	
448	0.441964	552	0.500000	9.280260	0	0.000000	0.474000	0.446637	
426	0.201878	574	0.522648	9.280260	0	0.000000	0.386000	0.446617	
430	0.427907	570	0.540351	9.280260	0	0.000000	0.492000	0.446632	
448	0.412946	552	0.519928	9.280260	0	0.000000	0.472000	0.446640	
448	0.281250	552	0.547101	9.280260	0	0.000000	0.428000	0.446634	
433	0.394919	567	0.522046	9.280260	0	0.000000	0.467000	0.446641	
432	0.372685	568	0.514085	9.280260	0	0.000000	0.453000	0.446643	
441	0.410431	559	0.576029	9.280260	0	0.000000	0.503000	0.446662	
442	0.257919	558	0.544803	9.280260	0	0.000000	0.418000	0.446652	
440	0.459091	560	0.487500	9.280260	0	0.000000	0.475000	0.446662	
426	0.241784	574	0.547038	9.280260	0	0.000000	0.417000	0.446652	
453	0.110375	547	0.577697	9.280260	0	0.000000	0.366000	0.446625	
456	0.326754	544	0.545956	9.280260	0	0.000000	0.446000	0.446625	
436	0.220183	564	0.542553	9.280260	0	0.000000	0.402000	0.446610	
458	0.371179	542	0.525830	9.280260	0	0.000000	0.455000	0.446613	
446	0.278027	554	0.552347	9.280260	0	0.000000	0.430000	0.446607	
460	0.019565	540	0.531481	9.280260	0	0.000000	0.296000	0.446558	
473	0.382664	527	0.518027	9.280260	0	0.000000	0.454000	0.446560	
441	0.263039	559	0.554562	9.280260	0	0.000000	0.426000	0.446553	
479	0.402923	521	0.548944	9.280260	0	0.000000	0.479000	0.446564	
471	0.447983	529	0.531191	9.280260	0	0.000000	0.492000	0.446579	
476	0.455882	524	0.540076	9.280260	0	0.000000	0.500000	0.446597	
448	0.258929	552	0.572464	9.280260	0	0.000000	0.432000	0.446592	
475	0.307368	525	0.542857	9.280260	0	0.000000	0.431000	0.446587	
475	0.395789	525	0.523810	9.280260	0	0.000000	0.463000	0.446592	
421	0.261283	579	0.550950	9.280260	0	0.000000	0.429000	0.446586	
458	0.412664	542	0.529520	9.280260	0	0.000000	0.476000	0.446596	
451	0.379157	549	0.500911	9.280260	0	0.000000	0.446000	0.446596	
430	0.102326	570	0.528070	9.280260	0	0.000000	0.345000	0.446562	
446	0.376682	554	0.536101	9.280260	0	0.000000	0.465000	0.446568	
446	0.260090	554	0.505415	9.280260	0	0.000000	0.396000	0.446552	
432	0.097222	568	0.561620	9.280260	0	0.000000	0.361000	0.446523	
463	0.377970	537	0.521415	9.280260	0	0.000000	0.455000	0.446526	
440	0.381818	560	0.557143	9.280260	0	0.000000	0.480000	0.446537	
428	0.425234	572	0.526224	9.280260	0	0.000000	0.483000	0.446549	
450	0.420000	550	0.541818	9.280260	0	0.000000	0.487000	0.446563	
438	0.449772	562	0.569395	9.280260	0	0.000000	0.517000	0.446586	
447	0.422819	553	0.544304	9.280260	0	0.000000	0.490000	0.446600	
437	0.356979	563	0.543517	9.280260	0	0.000000	0.462000	0.446605	
440	0.320455	560	0.553571	9.280260	0	0.000000	0.451000	0.446607	
460	0.250000	540	0.581481	9.280260	0	0.000000	0.429000	0.446601	
449	0.345212	551	0.508167	9.280260	0	0.000000	0.435000	0.446597	
438	0.244292	562	0.565836	9.280260	0	0.000000	0.425000	0.446590	
461	0.316703	539	0.508349	9.280260	0	0.000000	0.420000	0.446581	
451	0.416851	549	0.546448	9.280260	0	0.000000	0.488000	0.446595	
445	0.476404	555	0.536937	9.280260	0	0.000000	0.510000	0.446616	
435	0.429885	565	0.506195	9.280260	0	0.000000	0.473000	0.446624	
447	0.351230	553	0.538879	9.280260	0	0.000000	0.455000	0.446627	
437	0.306636	563	0.531083	9.280260	0	0.000000	0.433000	0.446622	
421	0.216152	579	0.502591	9.280260	0	0.000000	0.382000	0.446601	
441	0.460317	559	0.538462	9.280260	0	0.000000	0.504000	0.446620	
457	0.328228	543	0.548803	9.280260	0	0.000000	0.448000	0.446621	
427	0.367681	573	0.542757	9.280260	0	0.000000	0.468000	0.446628	
433	0.473441	567	0.552028	9.280260	0	0.000000	0.518000	0.446651	
474	0.375527	526	0.558935	9.280260	0	0.000000	0.472000	0.446659	
433	0.344111	567	0.469136	9.280260	0	0.000000	0.415000	0.446649	
448	0.448661	552	0.577899	9.280260	0	0.000000	0.520000	0.446673	
452	0.336283	548	0.521898	9.280260	0	0.000000	0.438000	0.446670	
434	0.290323	566	0.510601	9.280260	0	0.000000	0.415000	0.446660	
444	0.263514	556	0.548561	9.280260	0	0.000000	0.422000	0.446652	
449	0.282851	551	0.546279	9.280260	0	0.000000	0.428000	0.446646	
436	0.344037	564	0.544326	9.280260	0	0.000000	0.457000	0.446649	
417	0.422062	583	0.511149	9.280260	0	0.000000	0.474000	0.446658	
440	0.481818	560	0.537500	9.280260	0	0.000000	0.513000	0.446679	
446	0.414798	554	0.530686	9.280260	0	0.000000	0.479000	0.446690	
437	0.457666	563	0.538188	9.280260	0	0.000000	0.503000	0.446708	
420	0.454762	580	0.553448	9.280260	0	0.000000	0.512000	0.446730	
436	0.481651	564	0.533688	9.280260	0	0.000000	0.511000	0.446751	
445	0.388764	555	0.522523	9.280260	0	0.000000	0.463000	0.446756	
423	0.368794	577	0.570191	9.280260	0	0.000000	0.485000	0.446768	
447	0.480984	553	0.533454	9.280260	0	0.000000	0.510000	0.446789	
435	0.402299	565	0.546903	9.280260	0	0.000000	0.484000	0.446801	
412	0.400485	588	0.539116	9.280260	0	0.000000	0.482000	0.446812	
454	0.325991	546	0.529304	9.280260	0	0.000000	0.437000	0.446809	
450	0.211111	550	0.540000	9.280260	0	0.000000	0.392000	0.446791	
400	0.435000	600	0.556667	9.280260	0	0.000000	0.508000	0.446811	
458	0.393013	542	0.509225	9.280260	0	0.000000	0.456000	0.446814	
461	0.214751	539	0.564007	9.280260	0	0.000000	0.403000	0.446800	
409	0.403423	591	0.554992	9.280260	0	0.000000	0.493000	0.446815	
458	0.272926	542	0.555351	9.280260	0	0.000000	0.426000	0.446808	
425	0.508235	575	0.530435	9.280260	0	0.000000	0.521000	0.446832	
417	0.407674	583	0.602058	9.280260	0	0.000000	0.521000	0.446856	
446	0.300448	554	0.543321	9.280260	0	0.000000	0.435000	0.446853	
409	0.437653	591	0.551607	9.280260	0	0.000000	0.505000	0.446871	
401	0.354115	599	0.564274	9.280260	0	0.000000	0.480000	0.446882	
442	0.357466	558	0.548387	9.280260	0	0.000000	0.464000	0.446888	
445	0.355056	555	0.536937	9.280260	0	0.000000	0.456000	0.446891	
412	0.184466	588	0.581633	9.280260	0	0.000000	0.418000	0.446881	
428	0.357477	572	0.517483	9.280260	0	0.000000	0.449000	0.446882	
437	0.425629	563	0.534636	9.280260	0	0.000000	0.487000	0.446895	
406	0.381773	594	0.548822	9.280260	0	0.000000	0.481000	0.446906	
429	0.377622	571	0.541156	9.280260	0	0.000000	0.471000	0.446914	
416	0.372596	584	0.522260	9.280260	0	0.000000	0.460000	0.446918	
415	0.344578	585	0.548718	9.280260	0	0.000000	0.464000	0.446924	
449	0.276169	551	0.506352	9.280260	0	0.000000	0.403000	0.446909	
435	0.229885	565	0.553982	9.280260	0	0.000000	0.413000	0.446898	
450	0.006667	550	0.567273	9.280260	0	0.000000	0.315000	0.446856	
452	0.429204	548	0.543796	9.280260	0	0.000000	0.492000	0.446870	
467	0.284797	533	0.566604	9.280260	0	0.000000	0.435000	0.446867	
461	0.338395	539	0.538033	9.280260	0	0.000000	0.446000	0.446866	
451	0.350333	549	0.519126	9.280260	0	0.000000	0.443000	0.446865	
437	0.448513	563	0.550622	9.280260	0	0.000000	0.506000	0.446884	
445	0.359551	555	0.515315	9.280260	0	0.000000	0.446000	0.446884	
446	0.208520	554	0.514440	9.280260	0	0.000000	0.378000	0.446862	
445	0.462921	555	0.571171	9.280260	0	0.000000	0.523000	0.446886	
440	0.159091	560	0.485714	9.280260	0	0.000000	0.342000	0.446852	
426	0.002347	574	0.569686	9.280260	0	0.000000	0.328000	0.446814	
472	0.319915	528	0.500000	9.280260	0	0.000000	0.415000	0.446804	
463	0.097192	537	0.519553	9.280260	0	0.000000	0.324000	0.446764	
428	0.142523	572	0.541958	9.280260	0	0.000000	0.371000	0.446740	
462	0.313853	538	0.546468	9.280260	0	0.000000	0.439000	0.446738	
463	0.291577	537	0.540037	9.280260	0	0.000000	0.425000	0.446731	
450	0.380000	550	0.538182	9.280260	0	0.000000	0.467000	0.446737	
454	0.330396	546	0.549451	9.280260	0	0.000000	0.450000	0.446738	
429	0.300699	571	0.546410	9.280260	0	0.000000	0.441000	0.446736	
465	0.350538	535	0.530841	9.280260	0	0.000000	0.447000	0.446736	
428	0.266355	572	0.594406	9.280260	0	0.000000	0.454000	0.446739	
436	0.266055	564	0.526596	9.280260	0	0.000000	0.413000	0.446728	
458	0.336245	542	0.523985	9.280260	0	0.000000	0.438000	0.446725	
455	0.371429	545	0.554128	9.280260	0	0.000000	0.471000	0.446733	
453	0.415011	547	0.517367	9.280260	0	0.000000	0.471000	0.446741	
457	0.336980	543	0.570902	9.280260	0	0.000000	0.464000	0.446746	
454	0.403084	546	0.538462	9.280260	0	0.000000	0.477000	0.446756	
464	0.221983	536	0.548507	9.280260	0	0.000000	0.397000	0.446740	
466	0.319742	534	0.531835	9.280260	0	0.000000	0.433000	0.446736	
443	0.248307	557	0.526032	9.280260	0	0.000000	0.403000	0.446722	
425	0.167059	575	0.493913	9.280260	0	0.000000	0.355000	0.446692	
451	0.436807	549	0.495446	9.280260	0	0.000000	0.469000	0.446699	
459	0.359477	541	0.517560	9.280260	0	0.000000	0.445000	0.446699	
420	0.395238	580	0.512069	9.280260	0	0.000000	0.463000	0.446704	
427	0.199063	573	0.553229	9.280260	0	0.000000	0.402000	0.446690	
443	0.327314	557	0.502693	9.280260	0	0.000000	0.425000	0.446683	
467	0.447537	533	0.519700	9.280260	0	0.000000	0.486000	0.446695	
434	0.262673	566	0.588339	9.280260	0	0.000000	0.447000	0.446696	
442	0.468326	558	0.505376	9.280260	0	0.000000	0.489000	0.446709	
461	0.251627	539	0.597403	9.280260	0	0.000000	0.438000	0.446706	
420	0.211905	580	0.574138	9.280260	0	0.000000	0.422000	0.446698	
465	0.380645	535	0.570093	9.280260	0	0.000000	0.482000	0.446710	
428	0.350467	572	0.526224	9.280260	0	0.000000	0.451000	0.446711	
439	0.355353	561	0.557932	9.280260	0	0.000000	0.469000	0.446718	
441	0.448980	559	0.515206	9.280260	0	0.000000	0.486000	0.446731	
437	0.359268	563	0.523979	9.280260	0	0.000000	0.452000	0.446732	
429	0.386946	571	0.546410	9.280260	0	0.000000	0.478000	0.446742	
448	0.459821	552	0.512681	9.280260	0	0.000000	0.489000	0.446756	
436	0.376147	564	0.540780	9.280260	0	0.000000	0.469000	0.446763	
433	0.254042	567	0.560847	9.280260	0	0.000000	0.428000	0.446757	
443	0.372460	557	0.572711	9.280260	0	0.000000	0.484000	0.446769	
443	0.325056	557	0.549372	9.280260	0	0.000000	0.450000	0.446770	
428	0.268692	572	0.554196	9.280260	0	0.000000	0.432000	0.446765	
457	0.310722	543	0.543278	9.280260	0	0.000000	0.437000	0.446762	
420	0.388095	580	0.591379	9.280260	0	0.000000	0.506000	0.446781	
468	0.228632	532	0.546992	9.280260	0	0.000000	0.398000	0.446765	
433	0.277136	567	0.529101	9.280260	0	0.000000	0.420000	0.446757	
447	0.375839	553	0.524412	9.280260	0	0.000000	0.458000	0.446760	
459	0.405229	541	0.530499	9.280260	0	0.000000	0.473000	0.446769	
447	0.404922	553	0.500904	9.280260	0	0.000000	0.458000	0.446772	
449	0.412027	551	0.504537	9.280260	0	0.000000	0.463000	0.446777	
448	0.470982	552	0.507246	9.280260	0	0.000000	0.491000	0.446791	
437	0.421053	563	0.504440	9.280260	0	0.000000	0.468000	0.446798	
447	0.400447	553	0.481013	9.280260	0	0.000000	0.445000	0.446797	
434	0.331797	566	0.515901	9.280260	0	0.000000	0.436000	0.446794	
448	0.426339	552	0.539855	9.280260	0	0.000000	0.489000	0.446807	
452	0.451327	548	0.496350	9.280260	0	0.000000	0.476000	0.446817	
459	0.176471	541	0.573013	9.280260	0	0.000000	0.391000	0.446799	
443	0.148984	557	0.542190	9.280260	0	0.000000	0.368000	0.446774	
478	0.301255	522	0.528736	9.280260	0	0.000000	0.420000	0.446766	
459	0.335512	541	0.515712	9.280260	0	0.000000	0.433000	0.446761	
430	0.153488	570	0.563158	9.280260	0	0.000000	0.387000	0.446742	
461	0.438178	539	0.554731	9.280260	0	0.000000	0.501000	0.446759	
425	0.409412	575	0.513043	9.280260	0	0.000000	0.469000	0.446766	
448	0.205357	552	0.532609	9.280260	0	0.000000	0.386000	0.446747	
452	0.493363	548	0.574818	9.280260	0	0.000000	0.538000	0.446776	
435	0.259770	565	0.529204	9.280260	0	0.000000	0.412000	0.446765	
444	0.331081	556	0.568345	9.280260	0	0.000000	0.463000	0.446770	
440	0.268182	560	0.548214	9.280260	0	0.000000	0.425000	0.446763	
435	0.354023	565	0.543363	9.280260	0	0.000000	0.461000	0.446768	
425	0.268235	575	0.572174	9.280260	0	0.000000	0.443000	0.446767	
433	0.103926	567	0.541446	9.280260	0	0.000000	0.352000	0.446737	
451	0.314856	549	0.537341	9.280260	0	0.000000	0.437000	0.446734	
446	0.266816	554	0.530686	9.280260	0	0.000000	0.413000	0.446723	
438	0.347032	562	0.556940	9.280260	0	0.000000	0.465000	0.446729	
446	0.374439	554	0.541516	9.280260	0	0.000000	0.467000	0.446735	
437	0.320366	563	0.570160	9.280260	0	0.000000	0.461000	0.446740	
418	0.464115	582	0.503436	9.280260	0	0.000000	0.487000	0.446752	
446	0.307175	554	0.528881	9.280260	0	0.000000	0.430000	0.446747	
413	0.273608	587	0.545145	9.280260	0	0.000000	0.433000	0.446743	
452	0.391593	548	0.540146	9.280260	0	0.000000	0.473000	0.446751	
458	0.270742	542	0.577491	9.280260	0	0.000000	0.437000	0.446748	
438	0.086758	562	0.544484	9.280260	0	0.000000	0.344000	0.446716	
448	0.283482	552	0.572464	9.280260	0	0.000000	0.443000	0.446715	
458	0.344978	542	0.546125	9.280260	0	0.000000	0.454000	0.446717	
460	0.463043	540	0.507407	9.280260	0	0.000000	0.487000	0.446730	
442	0.366516	558	0.544803	9.280260	0	0.000000	0.466000	0.446736	
468	0.363248	532	0.511278	9.280260	0	0.000000	0.442000	0.446734	
450	0.433333	550	0.520000	9.280260	0	0.000000	0.481000	0.446745	
455	0.305495	545	0.517431	9.280260	0	0.000000	0.421000	0.446737	
460	0.265217	540	0.542593	9.280260	0	0.000000	0.415000	0.446727	
452	0.497788	548	0.574818	9.280260	0	0.000000	0.540000	0.446756	
440	0.197727	560	0.553571	9.280260	0	0.000000	0.397000	0.446740	
489	0.321063	511	0.577299	9.280260	0	0.000000	0.452000	0.446742	
446	0.311659	554	0.564982	9.280260	0	0.000000	0.452000	0.446744	
457	0.361050	543	0.519337	9.280260	0	0.000000	0.447000	0.446744	
456	0.375000	544	0.538603	9.280260	0	0.000000	0.464000	0.446749	
435	0.335632	565	0.529204	9.280260	0	0.000000	0.445000	0.446749	
443	0.399549	557	0.518851	9.280260	0	0.000000	0.466000	0.446755	
457	0.424508	543	0.502762	9.280260	0	0.000000	0.467000	0.446761	
447	0.420582	553	0.517179	9.280260	0	0.000000	0.474000	0.446769	
443	0.257336	557	0.547576	9.280260	0	0.000000	0.419000	0.446761	
435	0.418391	565	0.515044	9.280260	0	0.000000	0.473000	0.446769	
435	0.402299	565	0.511504	9.280260	0	0.000000	0.464000	0.446774	
438	0.431507	562	0.507117	9.280260	0	0.000000	0.474000	0.446783	
427	0.372365	573	0.532286	9.280260	0	0.000000	0.464000	0.446788	
446	0.432735	554	0.516245	9.280260	0	0.000000	0.479000	0.446798	
425	0.402353	575	0.540870	9.280260	0	0.000000	0.482000	0.446809	
434	0.264977	566	0.528269	9.280260	0	0.000000	0.414000	0.446799	
461	0.279826	539	0.562152	9.280260	0	0.000000	0.432000	0.446794	
437	0.308924	563	0.541741	9.280260	0	0.000000	0.440000	0.446792	
450	0.231111	550	0.558182	9.280260	0	0.000000	0.411000	0.446781	
456	0.313596	544	0.590074	9.280260	0	0.000000	0.464000	0.446787	
456	0.326754	544	0.522059	9.280260	0	0.000000	0.433000	0.446782	
467	0.325482	533	0.515947	9.280260	0	0.000000	0.427000	0.446776	
458	0.408297	542	0.523985	9.280260	0	0.000000	0.471000	0.446784	
434	0.110599	566	0.538869	9.280260	0	0.000000	0.353000	0.446755	
444	0.290541	556	0.539568	9.280260	0	0.000000	0.429000	0.446749	
444	0.058559	556	0.562950	9.280260	0	0.000000	0.339000	0.446716	
481	0.330561	519	0.545279	9.280260	0	0.000000	0.442000	0.446714	
458	0.318777	542	0.500000	9.280260	0	0.000000	0.417000	0.446705	
464	0.441810	536	0.509328	9.280260	0	0.000000	0.478000	0.446715	
468	0.350427	532	0.537594	9.280260	0	0.000000	0.450000	0.446716	
459	0.418301	541	0.526802	9.280260	0	0.000000	0.477000	0.446725	
440	0.306818	560	0.516071	9.280260	0	0.000000	0.424000	0.446718	
452	0.371681	548	0.509124	9.280260	0	0.000000	0.447000	0.446718	
450	0.380000	550	0.536364	9.280260	0	0.000000	0.466000	0.446724	
434	0.380184	566	0.542403	9.280260	0	0.000000	0.472000	0.446732	
443	0.390519	557	0.511670	9.280260	0	0.000000	0.458000	0.446735	
434	0.373272	566	0.505300	9.280260	0	0.000000	0.448000	0.446736	
444	0.412162	556	0.521583	9.280260	0	0.000000	0.473000	0.446744	
439	0.293850	561	0.557932	9.280260	0	0.000000	0.442000	0.446742	
465	0.189247	535	0.517757	9.280260	0	0.000000	0.365000	0.446717	
442	0.128959	558	0.532258	9.280260	0	0.000000	0.354000	0.446689	
460	0.415217	540	0.535185	9.280260	0	0.000000	0.480000	0.446699	
421	0.344418	579	0.521589	9.280260	0	0.000000	0.447000	0.446699	
443	0.230248	557	0.547576	9.280260	0	0.000000	0.407000	0.446687	
430	0.332558	570	0.578947	9.280260	0	0.000000	0.473000	0.446695	
433	0.300231	567	0.552028	9.280260	0	0.000000	0.443000	0.446694	
448	0.419643	552	0.534420	9.280260	0	0.000000	0.483000	0.446705	
442	0.253394	558	0.544803	9.280260	0	0.000000	0.416000	0.446695	
433	0.369515	567	0.571429	9.280260	0	0.000000	0.484000	0.446707	
438	0.159817	562	0.567616	9.280260	0	0.000000	0.389000	0.446689	
432	0.270833	568	0.542254	9.280260	0	0.000000	0.425000	0.446682	
425	0.200000	575	0.608696	9.280260	0	0.000000	0.435000	0.446679	
432	0.393519	568	0.580986	9.280260	0	0.000000	0.500000	0.446695	
447	0.293065	553	0.546112	9.280260	0	0.000000	0.433000	0.446691	
428	0.401869	572	0.498252	9.280260	0	0.000000	0.457000	0.446694	
474	0.240506	526	0.530418	9.280260	0	0.000000	0.393000	0.446678	
436	0.194954	564	0.558511	9.280260	0	0.000000	0.400000	0.446663	
482	0.379668	518	0.567568	9.280260	0	0.000000	0.477000	0.446673	
431	0.245940	569	0.551845	9.280260	0	0.000000	0.420000	0.446664	
463	0.308855	537	0.553073	9.280260	0	0.000000	0.440000	0.446662	
449	0.403118	551	0.551724	9.280260	0	0.000000	0.485000	0.446674	
442	0.298643	558	0.566308	9.280260	0	0.000000	0.448000	0.446675	
455	0.246154	545	0.533945	9.280260	0	0.000000	0.403000	0.446661	
440	0.227273	560	0.587500	9.280260	0	0.000000	0.429000	0.446656	
445	0.444944	555	0.544144	9.280260	0	0.000000	0.500000	0.446672	
421	0.427553	579	0.506045	9.280260	0	0.000000	0.473000	0.446680	
449	0.409800	551	0.548094	9.280260	0	0.000000	0.486000	0.446692	
425	0.472941	575	0.551304	9.280260	0	0.000000	0.518000	0.446714	
439	0.307517	561	0.515152	9.280260	0	0.000000	0.424000	0.446707	
443	0.259594	557	0.533214	9.280260	0	0.000000	0.412000	0.446696	
451	0.004435	549	0.561020	9.280260	0	0.000000	0.310000	0.446655	
447	0.201342	553	0.558770	9.280260	0	0.000000	0.399000	0.446640	
455	0.430769	545	0.504587	9.280260	0	0.000000	0.471000	0.446648	
459	0.376906	541	0.528651	9.280260	0	0.000000	0.459000	0.446651	
450	0.197778	550	0.529091	9.280260	0	0.000000	0.380000	0.446631	
459	0.361656	541	0.536044	9.280260	0	0.000000	0.456000	0.446634	
446	0.190583	554	0.548736	9.280260	0	0.000000	0.389000	0.446616	
452	0.336283	548	0.551095	9.280260	0	0.000000	0.454000	0.446619	
439	0.373576	561	0.534759	9.280260	0	0.000000	0.464000	0.446624	
444	0.240991	556	0.543165	9.280260	0	0.000000	0.409000	0.446612	
436	0.360092	564	0.531915	9.280260	0	0.000000	0.457000	0.446616	
429	0.305361	571	0.546410	9.280260	0	0.000000	0.443000	0.446614	
425	0.209412	575	0.528696	9.280260	0	0.000000	0.393000	0.446598	
431	0.153132	569	0.541301	9.280260	0	0.000000	0.374000	0.446576	
441	0.219955	559	0.509839	9.280260	0	0.000000	0.382000	0.446556	
430	0.348837	570	0.529825	9.280260	0	0.000000	0.452000	0.446558	
434	0.463134	566	0.568905	9.280260	0	0.000000	0.523000	0.446581	
447	0.322148	553	0.506329	9.280260	0	0.000000	0.424000	0.446574	
417	0.376499	583	0.530017	9.280260	0	0.000000	0.466000	0.446580	
426	0.356808	574	0.503484	9.280260	0	0.000000	0.441000	0.446579	
447	0.467562	553	0.542495	9.280260	0	0.000000	0.509000	0.446598	
412	0.347087	588	0.489796	9.280260	0	0.000000	0.431000	0.446593	
461	0.381779	539	0.530612	9.280260	0	0.000000	0.462000	0.446597	
426	0.424883	574	0.520906	9.280260	0	0.000000	0.480000	0.446608	
452	0.431416	548	0.505474	9.280260	0	0.000000	0.472000	0.446615	
427	0.423888	573	0.534031	9.280260	0	0.000000	0.487000	0.446628	
432	0.384259	568	0.552817	9.280260	0	0.000000	0.480000	0.446638	
440	0.379545	560	0.539286	9.280260	0	0.000000	0.469000	0.446644	
428	0.411215	572	0.536713	9.280260	0	0.000000	0.483000	0.446656	
428	0.299065	572	0.531469	9.280260	0	0.000000	0.432000	0.446651	
445	0.426966	555	0.499099	9.280260	0	0.000000	0.467000	0.446657	
446	0.421525	554	0.525271	9.280260	0	0.000000	0.479000	0.446667	
453	0.333333	547	0.521024	9.280260	0	0.000000	0.436000	0.446664	
428	0.385514	572	0.520979	9.280260	0	0.000000	0.463000	0.446669	
459	0.396514	541	0.521257	9.280260	0	0.000000	0.464000	0.446674	
438	0.383562	562	0.505338	9.280260	0	0.000000	0.452000	0.446676	
449	0.327394	551	0.540835	9.280260	0	0.000000	0.445000	0.446675	
440	0.234091	560	0.548214	9.280260	0	0.000000	0.410000	0.446664	
417	0.326139	583	0.540309	9.280260	0	0.000000	0.451000	0.446665	
467	0.291221	533	0.515947	9.280260	0	0.000000	0.411000	0.446655	
439	0.282460	561	0.538324	9.280260	0	0.000000	0.426000	0.446648	
427	0.156909	573	0.521815	9.280260	0	0.000000	0.366000	0.446624	
448	0.357143	552	0.541667	9.280260	0	0.000000	0.459000	0.446628	
425	0.397647	575	0.526957	9.280260	0	0.000000	0.472000	0.446635	
431	0.475638	569	0.537786	9.280260	0	0.000000	0.511000	0.446655	
431	0.287703	569	0.567663	9.280260	0	0.000000	0.447000	0.446655	
458	0.486900	542	0.553506	9.280260	0	0.000000	0.523000	0.446678	
437	0.356979	563	0.561279	9.280260	0	0.000000	0.472000	0.446686	
423	0.252955	577	0.552860	9.280260	0	0.000000	0.426000	0.446679	
463	0.302376	537	0.523277	9.280260	0	0.000000	0.421000	0.446672	
432	0.298611	568	0.563380	9.280260	0	0.000000	0.449000	0.446672	
448	0.156250	552	0.505435	9.280260	0	0.000000	0.349000	0.446643	
450	0.368889	550	0.529091	9.280260	0	0.000000	0.457000	0.446646	
442	0.420814	558	0.562724	9.280260	0	0.000000	0.500000	0.446662	
438	0.413242	562	0.517794	9.280260	0	0.000000	0.472000	0.446670	
453	0.342163	547	0.544790	9.280260	0	0.000000	0.453000	0.446672	
423	0.404255	577	0.523397	9.280260	0	0.000000	0.473000	0.446679	
436	0.332569	564	0.537234	9.280260	0	0.000000	0.448000	0.446680	
442	0.414027	558	0.514337	9.280260	0	0.000000	0.470000	0.446687	
412	0.206311	588	0.574830	9.280260	0	0.000000	0.423000	0.446680	
461	0.275488	539	0.519481	9.280260	0	0.000000	0.407000	0.446668	
438	0.447489	562	0.539146	9.280260	0	0.000000	0.499000	0.446684	
450	0.351111	550	0.505455	9.280260	0	0.000000	0.436000	0.446680	
476	0.268908	524	0.524809	9.280260	0	0.000000	0.403000	0.446667	
439	0.234624	561	0.534759	9.280260	0	0.000000	0.403000	0.446654	
447	0.076063	553	0.515371	9.280260	0	0.000000	0.319000	0.446616	
464	0.448276	536	0.542910	9.280260	0	0.000000	0.499000	0.446632	
446	0.394619	554	0.545126	9.280260	0	0.000000	0.478000	0.446641	
438	0.413242	562	0.496441	9.280260	0	0.000000	0.460000	0.446645	
450	0.428889	550	0.545455	9.280260	0	0.000000	0.493000	0.446659	
429	0.505828	571	0.516637	9.280260	0	0.000000	0.512000	0.446678	
419	0.474940	581	0.561102	9.280260	0	0.000000	0.525000	0.446702	
432	0.405093	568	0.535211	9.280260	0	0.000000	0.479000	0.446712	
449	0.334076	551	0.557169	9.280260	0	0.000000	0.457000	0.446715	
429	0.372960	571	0.530648	9.280260	0	0.000000	0.463000	0.446719	
453	0.194260	547	0.504570	9.280260	0	0.000000	0.364000	0.446695	
448	0.345982	552	0.527174	9.280260	0	0.000000	0.446000	0.446695	
443	0.311512	557	0.542190	9.280260	0	0.000000	0.440000	0.446693	
438	0.415525	562	0.548043	9.280260	0	0.000000	0.490000	0.446705	
454	0.103524	546	0.562271	9.280260	0	0.000000	0.354000	0.446678	
423	0.234043	577	0.523397	9.280260	0	0.000000	0.401000	0.446664	
420	0.354762	580	0.525862	9.280260	0	0.000000	0.454000	0.446666	
439	0.246014	561	0.525847	9.280260	0	0.000000	0.403000	0.446653	
427	0.426230	573	0.520070	9.280260	0	0.000000	0.480000	0.446663	
416	0.451923	584	0.549658	9.280260	0	0.000000	0.509000	0.446682	
456	0.260965	544	0.547794	9.280260	0	0.000000	0.417000	0.446673	
448	0.345982	552	0.557971	9.280260	0	0.000000	0.463000	0.446678	
443	0.422122	557	0.531418	9.280260	0	0.000000	0.483000	0.446689	
484	0.278926	516	0.562016	9.280260	0	0.000000	0.425000	0.446682	
422	0.336493	578	0.480969	9.280260	0	0.000000	0.420000	0.446674	
447	0.436242	553	0.542495	9.280260	0	0.000000	0.495000	0.446689	
440	0.436364	560	0.512500	9.280260	0	0.000000	0.479000	0.446698	
413	0.411622	587	0.526405	9.280260	0	0.000000	0.479000	0.446708	
435	0.255172	565	0.511504	9.280260	0	0.000000	0.400000	0.446694	
440	0.509091	560	0.546429	9.280260	0	0.000000	0.530000	0.446719	
443	0.284424	557	0.522442	9.280260	0	0.000000	0.417000	0.446710	
437	0.263158	563	0.543517	9.280260	0	0.000000	0.421000	0.446702	
435	0.418391	565	0.546903	9.280260	0	0.000000	0.491000	0.446715	
444	0.367117	556	0.573741	9.280260	0	0.000000	0.482000	0.446726	
463	0.142549	537	0.564246	9.280260	0	0.000000	0.369000	0.446703	
431	0.276102	569	0.588752	9.280260	0	0.000000	0.454000	0.446705	
459	0.376906	541	0.524954	9.280260	0	0.000000	0.457000	0.446708	
445	0.141573	555	0.554955	9.280260	0	0.000000	0.371000	0.446686	
454	0.240088	546	0.560440	9.280260	0	0.000000	0.415000	0.446676	
468	0.314103	532	0.500000	9.280260	0	0.000000	0.413000	0.446666	
430	0.416279	570	0.521053	9.280260	0	0.000000	0.476000	0.446675	
459	0.104575	541	0.512015	9.280260	0	0.000000	0.325000	0.446639	
446	0.349776	554	0.536101	9.280260	0	0.000000	0.453000	0.446641	
460	0.454348	540	0.509259	9.280260	0	0.000000	0.484000	0.446652	
426	0.462441	574	0.552265	9.280260	0	0.000000	0.514000	0.446672	
443	0.449210	557	0.560144	9.280260	0	0.000000	0.511000	0.446691	
440	0.452273	560	0.535714	9.280260	0	0.000000	0.499000	0.446706	
430	0.372093	570	0.552632	9.280260	0	0.000000	0.475000	0.446715	
444	0.423423	556	0.505396	9.280260	0	0.000000	0.469000	0.446721	
462	0.352814	538	0.535316	9.280260	0	0.000000	0.451000	0.446722	
442	0.463801	558	0.528674	9.280260	0	0.000000	0.500000	0.446738	
442	0.454751	558	0.564516	9.280260	0	0.000000	0.516000	0.446759	
427	0.231850	573	0.556719	9.280260	0	0.000000	0.418000	0.446750	
449	0.289532	551	0.562613	9.280260	0	0.000000	0.440000	0.446748	
431	0.190255	569	0.564148	9.280260	0	0.000000	0.403000	0.446735	
456	0.307018	544	0.531250	9.280260	0	0.000000	0.429000	0.446730	
423	0.404255	577	0.549393	9.280260	0	0.000000	0.488000	0.446742	
437	0.382151	563	0.564831	9.280260	0	0.000000	0.485000	0.446753	
428	0.158879	572	0.548951	9.280260	0	0.000000	0.382000	0.446734	
429	0.473193	571	0.576182	9.280260	0	0.000000	0.532000	0.446760	
426	0.389671	574	0.524390	9.280260	0	0.000000	0.467000	0.446765	
445	0.465169	555	0.547748	9.280260	0	0.000000	0.511000	0.446784	
439	0.384966	561	0.543672	9.280260	0	0.000000	0.474000	0.446792	
444	0.405405	556	0.534173	9.280260	0	0.000000	0.477000	0.446801	
434	0.361751	566	0.508834	9.280260	0	0.000000	0.445000	0.446801	
450	0.328889	550	0.534545	9.280260	0	0.000000	0.442000	0.446799	
436	0.438073	564	0.535461	9.280260	0	0.000000	0.493000	0.446813	
433	0.307159	567	0.523810	9.280260	0	0.000000	0.430000	0.446808	
446	0.363229	554	0.514440	9.280260	0	0.000000	0.447000	0.446808	
412	0.242718	588	0.544218	9.280260	0	0.000000	0.420000	0.446800	
432	0.377315	568	0.489437	9.280260	0	0.000000	0.441000	0.446798	
442	0.226244	558	0.516129	9.280260	0	0.000000	0.388000	0.446781	
426	0.267606	574	0.522648	9.280260	0	0.000000	0.414000	0.446772	
446	0.345291	554	0.550542	9.280260	0	0.000000	0.459000	0.446775	
448	0.218750	552	0.557971	9.280260	0	0.000000	0.406000	0.446763	
447	0.228188	553	0.537071	9.280260	0	0.000000	0.399000	0.446749	
463	0.233261	537	0.545624	9.280260	0	0.000000	0.401000	0.446736	
460	0.432609	540	0.512963	9.280260	0	0.000000	0.476000	0.446744	
459	0.339869	541	0.521257	9.280260	0	0.000000	0.438000	0.446742	
465	0.273118	535	0.480374	9.280260	0	0.000000	0.384000	0.446723	
437	0.247140	563	0.499112	9.280260	0	0.000000	0.389000	0.446707	
444	0.394144	556	0.534173	9.280260	0	0.000000	0.472000	0.446714	
434	0.281106	566	0.521201	9.280260	0	0.000000	0.417000	0.446705	
429	0.487179	571	0.521891	9.280260	0	0.000000	0.507000	0.446723	
419	0.436754	581	0.533563	9.280260	0	0.000000	0.493000	0.446736	
440	0.295455	560	0.533929	9.280260	0	0.000000	0.429000	0.446731	
409	0.393643	591	0.509306	9.280260	0	0.000000	0.462000	0.446736	
444	0.238739	556	0.526978	9.280260	0	0.000000	0.399000	0.446722	
431	0.122970	569	0.513181	9.280260	0	0.000000	0.345000	0.446692	
456	0.480263	544	0.533088	9.280260	0	0.000000	0.509000	0.446710	
451	0.421286	549	0.540984	9.280260	0	0.000000	0.487000	0.446722	
457	0.345733	543	0.526703	9.280260	0	0.000000	0.444000	0.446721	
459	0.355120	541	0.499076	9.280260	0	0.000000	0.433000	0.446717	
456	0.432018	544	0.500000	9.280260	0	0.000000	0.469000	0.446724	
457	0.428884	543	0.526703	9.280260	0	0.000000	0.482000	0.446734	
467	0.374732	533	0.534709	9.280260	0	0.000000	0.460000	0.446738	
441	0.458050	559	0.533095	9.280260	0	0.000000	0.500000	0.446753	
461	0.377440	539	0.528757	9.280260	0	0.000000	0.459000	0.446757	
424	0.452830	576	0.531250	9.280260	0	0.000000	0.498000	0.446772	
428	0.425234	572	0.543706	9.280260	0	0.000000	0.493000	0.446785	
449	0.445434	551	0.529946	9.280260	0	0.000000	0.492000	0.446798	
438	0.474886	562	0.542705	9.280260	0	0.000000	0.513000	0.446818	
446	0.325112	554	0.546931	9.280260	0	0.000000	0.448000	0.446818	
443	0.374718	557	0.536804	9.280260	0	0.000000	0.465000	0.446823	
428	0.376168	572	0.520979	9.280260	0	0.000000	0.459000	0.446827	
415	0.339759	585	0.528205	9.280260	0	0.000000	0.450000	0.446828	
444	0.398649	556	0.505396	9.280260	0	0.000000	0.458000	0.446831	
434	0.421659	566	0.524735	9.280260	0	0.000000	0.480000	0.446841	
459	0.374728	541	0.523105	9.280260	0	0.000000	0.455000	0.446843	
451	0.403548	549	0.544627	9.280260	0	0.000000	0.481000	0.446853	
472	0.478814	528	0.558712	9.280260	0	0.000000	0.521000	0.446875	
429	0.256410	571	0.553415	9.280260	0	0.000000	0.426000	0.446868	
469	0.428571	531	0.525424	9.280260	0	0.000000	0.480000	0.446878	
429	0.170163	571	0.548161	9.280260	0	0.000000	0.386000	0.446860	
454	0.407489	546	0.527473	9.280260	0	0.000000	0.473000	0.446868	
446	0.215247	554	0.521661	9.280260	0	0.000000	0.385000	0.446850	
444	0.234234	556	0.541367	9.280260	0	0.000000	0.405000	0.446838	
448	0.348214	552	0.530797	9.280260	0	0.000000	0.449000	0.446839	
459	0.328976	541	0.530499	9.280260	0	0.000000	0.438000	0.446836	
448	0.412946	552	0.536232	9.280260	0	0.000000	0.481000	0.446846	
456	0.168860	544	0.512868	9.280260	0	0.000000	0.356000	0.446820	
459	0.263617	541	0.563771	9.280260	0	0.000000	0.426000	0.446814	
451	0.359202	549	0.539162	9.280260	0	0.000000	0.458000	0.446817	
428	0.378505	572	0.524476	9.280260	0	0.000000	0.462000	0.446821	
453	0.364238	547	0.502742	9.280260	0	0.000000	0.440000	0.446819	
418	0.332536	582	0.537801	9.280260	0	0.000000	0.452000	0.446821	
455	0.323077	545	0.537615	9.280260	0	0.000000	0.440000	0.446819	
454	0.469163	546	0.549451	9.280260	0	0.000000	0.513000	0.446838	
427	0.372365	573	0.547993	9.280260	0	0.000000	0.473000	0.446845	
443	0.349887	557	0.572711	9.280260	0	0.000000	0.474000	0.446853	
441	0.453515	559	0.554562	9.280260	0	0.000000	0.510000	0.446871	
428	0.369159	572	0.568182	9.280260	0	0.000000	0.483000	0.446882	
456	0.453947	544	0.558824	9.280260	0	0.000000	0.511000	0.446900	
443	0.444695	557	0.560144	9.280260	0	0.000000	0.509000	0.446918	
465	0.255914	535	0.553271	9.280260	0	0.000000	0.415000	0.446909	
448	0.406250	552	0.552536	9.280260	0	0.000000	0.487000	0.446921	
458	0.253275	542	0.564576	9.280260	0	0.000000	0.422000	0.446913	
462	0.415584	538	0.527881	9.280260	0	0.000000	0.476000	0.446922	
463	0.410367	537	0.543762	9.280260	0	0.000000	0.482000	0.446932	
473	0.344609	527	0.565465	9.280260	0	0.000000	0.461000	0.446936	
456	0.403509	544	0.544118	9.280260	0	0.000000	0.480000	0.446945	
454	0.500000	546	0.525641	9.280260	0	0.000000	0.514000	0.446965	
447	0.413870	553	0.555154	9.280260	0	0.000000	0.492000	0.446978	
436	0.380734	564	0.515957	9.280260	0	0.000000	0.457000	0.446981	
440	0.425000	560	0.532143	9.280260	0	0.000000	0.485000	0.446992	
448	0.314732	552	0.536232	9.280260	0	0.000000	0.437000	0.446989	
446	0.428251	554	0.519856	9.280260	0	0.000000	0.479000	0.446998	
428	0.301402	572	0.517483	9.280260	0	0.000000	0.425000	0.446992	
448	0.156250	552	0.527174	9.280260	0	0.000000	0.361000	0.446967	
449	0.436526	551	0.562613	9.280260	0	0.000000	0.506000	0.446984	
429	0.293706	571	0.542907	9.280260	0	0.000000	0.436000	0.446981	
449	0.438753	551	0.515426	9.280260	0	0.000000	0.481000	0.446990	
447	0.319911	553	0.566004	9.280260	0	0.000000	0.456000	0.446993	
443	0.306998	557	0.511670	9.280260	0	0.000000	0.421000	0.446986	
439	0.364465	561	0.531194	9.280260	0	0.000000	0.458000	0.446989	
428	0.366822	572	0.554196	9.280260	0	0.000000	0.474000	0.446996	
439	0.419134	561	0.495544	9.280260	0	0.000000	0.462000	0.447001	
434	0.396313	566	0.549470	9.280260	0	0.000000	0.483000	0.447011	
457	0.231947	543	0.552486	9.280260	0	0.000000	0.406000	0.446999	
456	0.416667	544	0.501838	9.280260	0	0.000000	0.463000	0.447004	
449	0.138085	551	0.571688	9.280260	0	0.000000	0.377000	0.446984	
461	0.028200	539	0.556586	9.280260	0	0.000000	0.313000	0.446946	
434	0.364055	566	0.537102	9.280260	0	0.000000	0.462000	0.446950	
442	0.400452	558	0.532258	9.280260	0	0.000000	0.474000	0.446958	
446	0.116592	554	0.555957	9.280260	0	0.000000	0.360000	0.446933	
