Default schedule
Rate	44.44
Est Data	55.56
Rate Tried	% Accepted	Est Data Tried	% Accepted	Rates - Dev	Rates - Tried	Rates - Accepted	Sample Ave Acceptance	Total Ave Acceptance	
427	0.508197	573	0.687609	9.035380	0	0.000000	0.611000	0.534408	
417	0.417266	583	0.703259	9.035380	0	0.000000	0.584000	0.534507	
450	0.417778	550	0.712727	9.035380	0	0.000000	0.580000	0.534597	
443	0.282167	557	0.705566	9.035380	0	0.000000	0.518000	0.534564	
439	0.328018	561	0.721925	9.035380	0	0.000000	0.549000	0.534593	
449	0.258352	551	0.700544	9.035380	0	0.000000	0.502000	0.534529	
451	0.345898	549	0.666667	9.035380	0	0.000000	0.522000	0.534504	
486	0.269547	514	0.667315	9.035380	0	0.000000	0.474000	0.534385	
444	0.146396	556	0.656475	9.035380	0	0.000000	0.430000	0.534180	
432	0.402778	568	0.730634	9.035380	0	0.000000	0.589000	0.534287	
430	0.213953	570	0.708772	9.035380	0	0.000000	0.496000	0.534212	
447	0.353468	553	0.679928	9.035380	0	0.000000	0.534000	0.534212	
446	0.443946	554	0.734657	9.035380	0	0.000000	0.605000	0.534350	
407	0.481572	593	0.686341	9.035380	0	0.000000	0.603000	0.534483	
447	0.317673	553	0.712477	9.035380	0	0.000000	0.536000	0.534486	
457	0.315098	543	0.699816	9.035380	0	0.000000	0.524000	0.534466	
428	0.149533	572	0.709790	9.035380	0	0.000000	0.470000	0.534341	
398	0.366834	602	0.599668	9.035380	0	0.000000	0.507000	0.534289	
446	0.356502	554	0.682310	9.035380	0	0.000000	0.537000	0.534294	
478	0.435146	522	0.710728	9.035380	0	0.000000	0.579000	0.534380	
425	0.404706	575	0.667826	9.035380	0	0.000000	0.556000	0.534421	
480	0.306250	520	0.682692	9.035380	0	0.000000	0.502000	0.534359	
452	0.362832	548	0.711679	9.035380	0	0.000000	0.554000	0.534397	
421	0.289786	579	0.663212	9.035380	0	0.000000	0.506000	0.534342	
451	0.299335	549	0.632058	9.035380	0	0.000000	0.482000	0.534243	
468	0.292735	532	0.703008	9.035380	0	0.000000	0.511000	0.534199	
440	0.400000	560	0.721429	9.035380	0	0.000000	0.580000	0.534286	
484	0.237603	516	0.682171	9.035380	0	0.000000	0.467000	0.534158	
461	0.154013	539	0.721707	9.035380	0	0.000000	0.460000	0.534018	
462	0.209957	538	0.758364	9.035380	0	0.000000	0.505000	0.533963	
433	0.150115	567	0.701940	9.035380	0	0.000000	0.463000	0.533830	
446	0.354260	554	0.723827	9.035380	0	0.000000	0.559000	0.533877	
444	0.351351	556	0.687050	9.035380	0	0.000000	0.538000	0.533885	
443	0.410835	557	0.675045	9.035380	0	0.000000	0.558000	0.533930	
474	0.312236	526	0.693916	9.035380	0	0.000000	0.513000	0.533891	
439	0.102506	561	0.632799	9.035380	0	0.000000	0.400000	0.533641	
416	0.500000	584	0.702055	9.035380	0	0.000000	0.618000	0.533798	
423	0.470449	577	0.707106	9.035380	0	0.000000	0.607000	0.533934	
485	0.080412	515	0.730097	9.035380	0	0.000000	0.415000	0.533713	
482	0.309129	518	0.640927	9.035380	0	0.000000	0.481000	0.533616	
459	0.381264	541	0.685767	9.035380	0	0.000000	0.546000	0.533639	
461	0.334056	539	0.656772	9.035380	0	0.000000	0.508000	0.533591	
438	0.408676	562	0.667260	9.035380	0	0.000000	0.554000	0.533629	
484	0.458678	516	0.717054	9.035380	0	0.000000	0.592000	0.533736	
416	0.093750	584	0.684932	9.035380	0	0.000000	0.439000	0.533562	
459	0.252723	541	0.674677	9.035380	0	0.000000	0.481000	0.533466	
455	0.380220	545	0.689908	9.035380	0	0.000000	0.549000	0.533494	
448	0.276786	552	0.697464	9.035380	0	0.000000	0.509000	0.533450	
492	0.270325	508	0.696850	9.035380	0	0.000000	0.487000	0.533365	
417	0.326139	583	0.679245	9.035380	0	0.000000	0.532000	0.533363	
396	0.439394	604	0.644040	9.035380	0	0.000000	0.563000	0.533416	
449	0.104677	551	0.682396	9.035380	0	0.000000	0.423000	0.533216	
453	0.421634	547	0.683729	9.035380	0	0.000000	0.565000	0.533274	
451	0.317073	549	0.714026	9.035380	0	0.000000	0.535000	0.533277	
461	0.268980	539	0.658627	9.035380	0	0.000000	0.479000	0.533179	
468	0.290598	532	0.684211	9.035380	0	0.000000	0.500000	0.533120	
465	0.391398	535	0.730841	9.035380	0	0.000000	0.573000	0.533191	
452	0.422566	548	0.673358	9.035380	0	0.000000	0.560000	0.533239	
440	0.284091	560	0.700000	9.035380	0	0.000000	0.517000	0.533210	
444	0.295045	556	0.687050	9.035380	0	0.000000	0.513000	0.533174	
449	0.469933	551	0.695100	9.035380	0	0.000000	0.594000	0.533282	
431	0.415313	569	0.688928	9.035380	0	0.000000	0.571000	0.533350	
458	0.449782	542	0.669742	9.035380	0	0.000000	0.569000	0.533413	
427	0.468384	573	0.738220	9.035380	0	0.000000	0.623000	0.533572	
450	0.368889	550	0.694545	9.035380	0	0.000000	0.548000	0.533597	
453	0.275938	547	0.731261	9.035380	0	0.000000	0.525000	0.533582	
417	0.443645	583	0.677530	9.035380	0	0.000000	0.580000	0.533664	
470	0.363830	530	0.686792	9.035380	0	0.000000	0.535000	0.533666	
449	0.407572	551	0.675136	9.035380	0	0.000000	0.555000	0.533704	
425	0.451765	575	0.657391	9.035380	0	0.000000	0.570000	0.533767	
458	0.484716	542	0.693727	9.035380	0	0.000000	0.598000	0.533880	
421	0.261283	579	0.715026	9.035380	0	0.000000	0.524000	0.533863	
467	0.179872	533	0.726079	9.035380	0	0.000000	0.471000	0.533753	
450	0.117778	550	0.705455	9.035380	0	0.000000	0.441000	0.533591	
471	0.352442	529	0.703214	9.035380	0	0.000000	0.538000	0.533599	
458	0.371179	542	0.627306	9.035380	0	0.000000	0.510000	0.533558	
439	0.259681	561	0.704100	9.035380	0	0.000000	0.509000	0.533516	
452	0.356195	548	0.677007	9.035380	0	0.000000	0.532000	0.533513	
432	0.210648	568	0.709507	9.035380	0	0.000000	0.494000	0.533445	
399	0.197995	601	0.672213	9.035380	0	0.000000	0.483000	0.533358	
456	0.493421	544	0.700368	9.035380	0	0.000000	0.606000	0.533483	
467	0.473233	533	0.690432	9.035380	0	0.000000	0.589000	0.533578	
429	0.477855	571	0.700525	9.035380	0	0.000000	0.605000	0.533701	
437	0.443936	563	0.667851	9.035380	0	0.000000	0.570000	0.533763	
472	0.487288	528	0.721591	9.035380	0	0.000000	0.611000	0.533895	
426	0.500000	574	0.710801	9.035380	0	0.000000	0.621000	0.534043	
435	0.485057	565	0.686726	9.035380	0	0.000000	0.599000	0.534154	
449	0.374165	551	0.700544	9.035380	0	0.000000	0.554000	0.534188	
466	0.309013	534	0.719101	9.035380	0	0.000000	0.528000	0.534177	
430	0.295349	570	0.670175	9.035380	0	0.000000	0.509000	0.534135	
411	0.350365	589	0.699491	9.035380	0	0.000000	0.556000	0.534172	
440	0.213636	560	0.660714	9.035380	0	0.000000	0.464000	0.534053	
416	0.331731	584	0.702055	9.035380	0	0.000000	0.548000	0.534077	
450	0.315556	550	0.656364	9.035380	0	0.000000	0.503000	0.534024	
444	0.162162	556	0.651079	9.035380	0	0.000000	0.434000	0.533856	
453	0.121413	547	0.680073	9.035380	0	0.000000	0.427000	0.533677	
448	0.354911	552	0.646739	9.035380	0	0.000000	0.516000	0.533647	
420	0.226190	580	0.701724	9.035380	0	0.000000	0.502000	0.533594	
465	0.305376	535	0.728972	9.035380	0	0.000000	0.532000	0.533592	
449	0.329621	551	0.702359	9.035380	0	0.000000	0.535000	0.533594	
404	0.225248	596	0.691275	9.035380	0	0.000000	0.503000	0.533543	
459	0.455338	541	0.728281	9.035380	0	0.000000	0.603000	0.533659	
485	0.344330	515	0.722330	9.035380	0	0.000000	0.539000	0.533667	
410	0.304878	590	0.671186	9.035380	0	0.000000	0.521000	0.533646	
419	0.467780	581	0.645439	9.035380	0	0.000000	0.571000	0.533708	
464	0.409483	536	0.695896	9.035380	0	0.000000	0.563000	0.533757	
455	0.312088	545	0.706422	9.035380	0	0.000000	0.527000	0.533745	
479	0.315240	521	0.687140	9.035380	0	0.000000	0.509000	0.533705	
460	0.330435	540	0.661111	9.035380	0	0.000000	0.509000	0.533664	
439	0.291572	561	0.696970	9.035380	0	0.000000	0.519000	0.533640	
446	0.262332	554	0.703971	9.035380	0	0.000000	0.507000	0.533597	
450	0.208889	550	0.723636	9.035380	0	0.000000	0.492000	0.533529	
428	0.128505	572	0.674825	9.035380	0	0.000000	0.441000	0.533378	
429	0.473193	571	0.690018	9.035380	0	0.000000	0.597000	0.533481	
443	0.363431	557	0.709156	9.035380	0	0.000000	0.556000	0.533518	
454	0.455947	546	0.703297	9.035380	0	0.000000	0.591000	0.533611	
450	0.197778	550	0.712727	9.035380	0	0.000000	0.481000	0.533526	
468	0.273504	532	0.672932	9.035380	0	0.000000	0.486000	0.533449	
453	0.300221	547	0.683729	9.035380	0	0.000000	0.510000	0.533411	
478	0.359833	522	0.703065	9.035380	0	0.000000	0.539000	0.533420	
463	0.192225	537	0.689013	9.035380	0	0.000000	0.459000	0.533300	
424	0.169811	576	0.708333	9.035380	0	0.000000	0.480000	0.533215	
414	0.415459	586	0.675768	9.035380	0	0.000000	0.568000	0.533270	
441	0.206349	559	0.695886	9.035380	0	0.000000	0.480000	0.533185	
438	0.271689	562	0.729537	9.035380	0	0.000000	0.529000	0.533178	
427	0.435597	573	0.692845	9.035380	0	0.000000	0.583000	0.533258	
452	0.491150	548	0.673358	9.035380	0	0.000000	0.591000	0.533350	
464	0.295259	536	0.723881	9.035380	0	0.000000	0.525000	0.533337	
450	0.333333	550	0.674545	9.035380	0	0.000000	0.521000	0.533317	
429	0.463869	571	0.674256	9.035380	0	0.000000	0.584000	0.533398	
457	0.450766	543	0.703499	9.035380	0	0.000000	0.588000	0.533484	
452	0.336283	548	0.677007	9.035380	0	0.000000	0.523000	0.533468	
440	0.463636	560	0.687500	9.035380	0	0.000000	0.589000	0.533555	
479	0.442589	521	0.675624	9.035380	0	0.000000	0.564000	0.533603	
430	0.339535	570	0.636842	9.035380	0	0.000000	0.509000	0.533565	
424	0.403302	576	0.689236	9.035380	0	0.000000	0.568000	0.533619	
431	0.415313	569	0.683656	9.035380	0	0.000000	0.568000	0.533673	
444	0.490991	556	0.645683	9.035380	0	0.000000	0.577000	0.533741	
491	0.224033	509	0.673870	9.035380	0	0.000000	0.453000	0.533614	
455	0.430769	545	0.664220	9.035380	0	0.000000	0.558000	0.533652	
458	0.283843	542	0.690037	9.035380	0	0.000000	0.504000	0.533606	
479	0.150313	521	0.687140	9.035380	0	0.000000	0.430000	0.533445	
426	0.150235	574	0.668990	9.035380	0	0.000000	0.448000	0.533312	
459	0.183007	541	0.665434	9.035380	0	0.000000	0.444000	0.533173	
454	0.350220	546	0.692308	9.035380	0	0.000000	0.537000	0.533179	
485	0.389691	515	0.695146	9.035380	0	0.000000	0.547000	0.533200	
458	0.244541	542	0.760148	9.035380	0	0.000000	0.524000	0.533186	
464	0.327586	536	0.682836	9.035380	0	0.000000	0.518000	0.533163	
461	0.251627	539	0.732839	9.035380	0	0.000000	0.511000	0.533129	
491	0.478615	509	0.658153	9.035380	0	0.000000	0.570000	0.533185	
440	0.095455	560	0.662500	9.035380	0	0.000000	0.413000	0.533001	
418	0.373206	582	0.676976	9.035380	0	0.000000	0.550000	0.533027	
444	0.481982	556	0.694245	9.035380	0	0.000000	0.600000	0.533129	
478	0.236402	522	0.737548	9.035380	0	0.000000	0.498000	0.533076	
442	0.364253	558	0.713262	9.035380	0	0.000000	0.559000	0.533115	
460	0.367391	540	0.742593	9.035380	0	0.000000	0.570000	0.533171	
431	0.366589	569	0.653779	9.035380	0	0.000000	0.530000	0.533167	
487	0.219713	513	0.754386	9.035380	0	0.000000	0.494000	0.533107	
450	0.088889	550	0.714545	9.035380	0	0.000000	0.433000	0.532955	
435	0.397701	565	0.704425	9.035380	0	0.000000	0.571000	0.533013	
468	0.401709	532	0.686090	9.035380	0	0.000000	0.553000	0.533043	
421	0.334917	579	0.735751	9.035380	0	0.000000	0.567000	0.533094	
439	0.412301	561	0.704100	9.035380	0	0.000000	0.576000	0.533159	
437	0.439359	563	0.699822	9.035380	0	0.000000	0.586000	0.533239	
475	0.452632	525	0.645714	9.035380	0	0.000000	0.554000	0.533270	
443	0.467269	557	0.692998	9.035380	0	0.000000	0.593000	0.533360	
448	0.254464	552	0.688406	9.035380	0	0.000000	0.494000	0.533301	
443	0.309255	557	0.741472	9.035380	0	0.000000	0.550000	0.533326	
437	0.270023	563	0.705151	9.035380	0	0.000000	0.515000	0.533298	
441	0.374150	559	0.731664	9.035380	0	0.000000	0.574000	0.533359	
401	0.436409	599	0.649416	9.035380	0	0.000000	0.564000	0.533405	
454	0.418502	546	0.697802	9.035380	0	0.000000	0.571000	0.533461	
445	0.103371	555	0.646847	9.035380	0	0.000000	0.405000	0.533270	
426	0.363850	574	0.649826	9.035380	0	0.000000	0.528000	0.533262	
448	0.426339	552	0.693841	9.035380	0	0.000000	0.574000	0.533322	
476	0.342437	524	0.687023	9.035380	0	0.000000	0.523000	0.533307	
396	0.383838	604	0.677152	9.035380	0	0.000000	0.561000	0.533348	
442	0.205882	558	0.711470	9.035380	0	0.000000	0.488000	0.533281	
461	0.342733	539	0.723562	9.035380	0	0.000000	0.548000	0.533303	
432	0.372685	568	0.697183	9.035380	0	0.000000	0.557000	0.533337	
420	0.407143	580	0.717241	9.035380	0	0.000000	0.587000	0.533416	
428	0.271028	572	0.636364	9.035380	0	0.000000	0.480000	0.533338	
452	0.389381	548	0.689781	9.035380	0	0.000000	0.554000	0.533368	
493	0.324544	507	0.715976	9.035380	0	0.000000	0.523000	0.533353	
443	0.489842	557	0.687612	9.035380	0	0.000000	0.600000	0.533450	
425	0.355294	575	0.673043	9.035380	0	0.000000	0.538000	0.533457	
392	0.229592	608	0.718750	9.035380	0	0.000000	0.527000	0.533448	
450	0.371111	550	0.745455	9.035380	0	0.000000	0.577000	0.533511	
408	0.365196	592	0.692568	9.035380	0	0.000000	0.559000	0.533548	
445	0.251685	555	0.722523	9.035380	0	0.000000	0.513000	0.533518	
471	0.229299	529	0.731569	9.035380	0	0.000000	0.495000	0.533462	
430	0.297674	570	0.722807	9.035380	0	0.000000	0.540000	0.533472	
404	0.428218	596	0.711409	9.035380	0	0.000000	0.597000	0.533563	
439	0.348519	561	0.702317	9.035380	0	0.000000	0.547000	0.533583	
460	0.445652	540	0.642593	9.035380	0	0.000000	0.552000	0.533609	
480	0.425000	520	0.692308	9.035380	0	0.000000	0.564000	0.533653	
448	0.352679	552	0.715580	9.035380	0	0.000000	0.553000	0.533681	
433	0.436490	567	0.707231	9.035380	0	0.000000	0.590000	0.533761	
460	0.243478	540	0.712963	9.035380	0	0.000000	0.497000	0.533709	
464	0.346983	536	0.652985	9.035380	0	0.000000	0.511000	0.533676	
387	0.289406	613	0.745514	9.035380	0	0.000000	0.569000	0.533727	
444	0.220721	556	0.669065	9.035380	0	0.000000	0.470000	0.533636	
429	0.363636	571	0.674256	9.035380	0	0.000000	0.541000	0.533646	
424	0.280660	576	0.685764	9.035380	0	0.000000	0.514000	0.533619	
426	0.441315	574	0.682927	9.035380	0	0.000000	0.580000	0.533684	
451	0.476718	549	0.683060	9.035380	0	0.000000	0.590000	0.533764	
448	0.345982	552	0.663043	9.035380	0	0.000000	0.521000	0.533746	
453	0.392936	547	0.705667	9.035380	0	0.000000	0.564000	0.533789	
457	0.059081	543	0.699816	9.035380	0	0.000000	0.407000	0.533610	
484	0.088843	516	0.684109	9.035380	0	0.000000	0.396000	0.533416	
431	0.250580	569	0.636204	9.035380	0	0.000000	0.470000	0.533327	
453	0.459161	547	0.696527	9.035380	0	0.000000	0.589000	0.533405	
421	0.396675	579	0.740933	9.035380	0	0.000000	0.596000	0.533493	
436	0.348624	564	0.684397	9.035380	0	0.000000	0.538000	0.533499	
441	0.285714	559	0.670841	9.035380	0	0.000000	0.501000	0.533454	
468	0.309829	532	0.723684	9.035380	0	0.000000	0.530000	0.533449	
431	0.225058	569	0.695958	9.035380	0	0.000000	0.493000	0.533393	
408	0.370098	592	0.704392	9.035380	0	0.000000	0.568000	0.533441	
401	0.428928	599	0.744574	9.035380	0	0.000000	0.618000	0.533558	
458	0.393013	542	0.690037	9.035380	0	0.000000	0.554000	0.533587	
419	0.539379	581	0.722892	9.035380	0	0.000000	0.646000	0.533743	
421	0.382423	579	0.696028	9.035380	0	0.000000	0.564000	0.533785	
422	0.327014	578	0.678201	9.035380	0	0.000000	0.530000	0.533779	
444	0.470721	556	0.660072	9.035380	0	0.000000	0.576000	0.533838	
466	0.171674	534	0.720974	9.035380	0	0.000000	0.465000	0.533743	
445	0.206742	555	0.661261	9.035380	0	0.000000	0.459000	0.533640	
459	0.405229	541	0.685767	9.035380	0	0.000000	0.557000	0.533672	
484	0.386364	516	0.687984	9.035380	0	0.000000	0.542000	0.533683	
497	0.388330	503	0.701789	9.035380	0	0.000000	0.546000	0.533700	
495	0.480808	505	0.683168	9.035380	0	0.000000	0.583000	0.533768	
484	0.475207	516	0.705426	9.035380	0	0.000000	0.594000	0.533850	
454	0.484581	546	0.717949	9.035380	0	0.000000	0.612000	0.533957	
457	0.442013	543	0.716390	9.035380	0	0.000000	0.591000	0.534035	
432	0.483796	568	0.686620	9.035380	0	0.000000	0.599000	0.534123	
483	0.393375	517	0.671180	9.035380	0	0.000000	0.537000	0.534127	
451	0.474501	549	0.673953	9.035380	0	0.000000	0.584000	0.534195	
420	0.307143	580	0.691379	9.035380	0	0.000000	0.530000	0.534189	
464	0.237069	536	0.727612	9.035380	0	0.000000	0.500000	0.534143	
474	0.158228	526	0.716730	9.035380	0	0.000000	0.452000	0.534032	
459	0.004357	541	0.646950	9.035380	0	0.000000	0.352000	0.533786	
391	0.184143	609	0.650246	9.035380	0	0.000000	0.468000	0.533697	
448	0.296875	552	0.686594	9.035380	0	0.000000	0.512000	0.533668	
423	0.479905	577	0.668977	9.035380	0	0.000000	0.589000	0.533742	
443	0.462754	557	0.689408	9.035380	0	0.000000	0.589000	0.533816	
445	0.137079	555	0.695495	9.035380	0	0.000000	0.447000	0.533700	
440	0.397727	560	0.689286	9.035380	0	0.000000	0.561000	0.533737	
417	0.400480	583	0.662093	9.035380	0	0.000000	0.553000	0.533762	
418	0.071770	582	0.682131	9.035380	0	0.000000	0.427000	0.533620	
428	0.366822	572	0.695804	9.035380	0	0.000000	0.555000	0.533648	
444	0.448198	556	0.665468	9.035380	0	0.000000	0.569000	0.533695	
479	0.455115	521	0.727447	9.035380	0	0.000000	0.597000	0.533780	
467	0.351178	533	0.684803	9.035380	0	0.000000	0.529000	0.533773	
463	0.185745	537	0.748603	9.035380	0	0.000000	0.488000	0.533712	
428	0.338785	572	0.683566	9.035380	0	0.000000	0.536000	0.533715	
438	0.180365	562	0.665480	9.035380	0	0.000000	0.453000	0.533609	
424	0.299528	576	0.633681	9.035380	0	0.000000	0.492000	0.533554	
440	0.475000	560	0.691071	9.035380	0	0.000000	0.596000	0.533636	
436	0.293578	564	0.652482	9.035380	0	0.000000	0.496000	0.533586	
425	0.388235	575	0.690435	9.035380	0	0.000000	0.562000	0.533624	
414	0.318841	586	0.656997	9.035380	0	0.000000	0.517000	0.533602	
448	0.310268	552	0.673913	9.035380	0	0.000000	0.511000	0.533572	
405	0.350617	595	0.685714	9.035380	0	0.000000	0.550000	0.533594	
431	0.440835	569	0.660808	9.035380	0	0.000000	0.566000	0.533636	
455	0.428571	545	0.662385	9.035380	0	0.000000	0.556000	0.533666	
417	0.553957	583	0.682676	9.035380	0	0.000000	0.629000	0.533790	
431	0.457077	569	0.713533	9.035380	0	0.000000	0.603000	0.533881	
466	0.429185	534	0.756554	9.035380	0	0.000000	0.604000	0.533972	
478	0.416318	522	0.664751	9.035380	0	0.000000	0.546000	0.533988	
474	0.329114	526	0.730038	9.035380	0	0.000000	0.540000	0.533995	
438	0.312785	562	0.676157	9.035380	0	0.000000	0.517000	0.533973	
417	0.424460	583	0.698113	9.035380	0	0.000000	0.584000	0.534038	
462	0.196970	538	0.669145	9.035380	0	0.000000	0.451000	0.533931	
452	0.336283	548	0.686131	9.035380	0	0.000000	0.528000	0.533923	
469	0.134328	531	0.672316	9.035380	0	0.000000	0.420000	0.533776	
432	0.284722	568	0.670775	9.035380	0	0.000000	0.504000	0.533737	
461	0.214751	539	0.710575	9.035380	0	0.000000	0.482000	0.533671	
423	0.122931	577	0.698440	9.035380	0	0.000000	0.455000	0.533569	
438	0.082192	562	0.683274	9.035380	0	0.000000	0.420000	0.533423	
442	0.171946	558	0.724014	9.035380	0	0.000000	0.480000	0.533355	
418	0.397129	582	0.668385	9.035380	0	0.000000	0.555000	0.533383	
437	0.258581	563	0.658970	9.035380	0	0.000000	0.484000	0.533319	
478	0.294979	522	0.655172	9.035380	0	0.000000	0.483000	0.533255	
427	0.341920	573	0.710297	9.035380	0	0.000000	0.553000	0.533280	
425	0.202353	575	0.673043	9.035380	0	0.000000	0.473000	0.533203	
450	0.173333	550	0.672727	9.035380	0	0.000000	0.448000	0.533095	
375	0.173333	625	0.697600	9.035380	0	0.000000	0.501000	0.533054	
444	0.340090	556	0.685252	9.035380	0	0.000000	0.532000	0.533053	
468	0.418803	532	0.691729	9.035380	0	0.000000	0.564000	0.533092	
429	0.235431	571	0.686515	9.035380	0	0.000000	0.493000	0.533041	
410	0.412195	590	0.703390	9.035380	0	0.000000	0.584000	0.533106	
434	0.237327	566	0.740283	9.035380	0	0.000000	0.522000	0.533092	
454	0.224670	546	0.695971	9.035380	0	0.000000	0.482000	0.533027	
414	0.330918	586	0.692833	9.035380	0	0.000000	0.543000	0.533040	
435	0.360920	565	0.727434	9.035380	0	0.000000	0.568000	0.533084	
434	0.479263	566	0.694346	9.035380	0	0.000000	0.601000	0.533169	
430	0.402326	570	0.740351	9.035380	0	0.000000	0.595000	0.533247	
471	0.348195	529	0.712665	9.035380	0	0.000000	0.541000	0.533257	
435	0.422989	565	0.661947	9.035380	0	0.000000	0.558000	0.533288	
457	0.380744	543	0.674033	9.035380	0	0.000000	0.540000	0.533296	
465	0.406452	535	0.708411	9.035380	0	0.000000	0.568000	0.533339	
451	0.082040	549	0.690346	9.035380	0	0.000000	0.416000	0.533193	
423	0.111111	577	0.731369	9.035380	0	0.000000	0.469000	0.533113	
452	0.500000	548	0.722628	9.035380	0	0.000000	0.622000	0.533223	
433	0.295612	567	0.744268	9.035380	0	0.000000	0.550000	0.533244	
432	0.351852	568	0.707746	9.035380	0	0.000000	0.554000	0.533270	
442	0.169683	558	0.689964	9.035380	0	0.000000	0.460000	0.533179	
467	0.449679	533	0.699812	9.035380	0	0.000000	0.583000	0.533241	
431	0.371230	569	0.708260	9.035380	0	0.000000	0.563000	0.533278	
487	0.250513	513	0.690058	9.035380	0	0.000000	0.476000	0.533207	
450	0.326667	550	0.703636	9.035380	0	0.000000	0.534000	0.533208	
447	0.319911	553	0.670886	9.035380	0	0.000000	0.514000	0.533184	
444	0.236486	556	0.643885	9.035380	0	0.000000	0.463000	0.533098	
448	0.337054	552	0.708333	9.035380	0	0.000000	0.542000	0.533109	
454	0.389868	546	0.694139	9.035380	0	0.000000	0.556000	0.533137	
459	0.030501	541	0.706100	9.035380	0	0.000000	0.396000	0.532969	
436	0.000000	564	0.636525	9.035380	0	0.000000	0.359000	0.532755	
458	0.432314	542	0.690037	9.035380	0	0.000000	0.572000	0.532804	
478	0.397490	522	0.714559	9.035380	0	0.000000	0.563000	0.532840	
420	0.485714	580	0.691379	9.035380	0	0.000000	0.605000	0.532929	
381	0.257218	619	0.647819	9.035380	0	0.000000	0.499000	0.532887	
414	0.094203	586	0.680887	9.035380	0	0.000000	0.438000	0.532772	
518	0.401544	482	0.668050	9.035380	0	0.000000	0.530000	0.532768	
457	0.214442	543	0.686924	9.035380	0	0.000000	0.471000	0.532693	
432	0.208333	568	0.619718	9.035380	0	0.000000	0.442000	0.532583	
422	0.075829	578	0.660900	9.035380	0	0.000000	0.414000	0.532439	
430	0.234884	570	0.726316	9.035380	0	0.000000	0.515000	0.532418	
424	0.332547	576	0.697917	9.035380	0	0.000000	0.543000	0.532431	
436	0.394495	564	0.689716	9.035380	0	0.000000	0.561000	0.532466	
460	0.436957	540	0.688889	9.035380	0	0.000000	0.573000	0.532514	
459	0.503268	541	0.715342	9.035380	0	0.000000	0.618000	0.532617	
446	0.307175	554	0.642599	9.035380	0	0.000000	0.493000	0.532570	
445	0.114607	555	0.704505	9.035380	0	0.000000	0.442000	0.532461	
457	0.411379	543	0.707182	9.035380	0	0.000000	0.572000	0.532508	
437	0.276888	563	0.712256	9.035380	0	0.000000	0.522000	0.532496	
386	0.274611	614	0.672638	9.035380	0	0.000000	0.519000	0.532480	
429	0.069930	571	0.695271	9.035380	0	0.000000	0.427000	0.532353	
453	0.041943	547	0.723949	9.035380	0	0.000000	0.415000	0.532213	
436	0.334862	564	0.728723	9.035380	0	0.000000	0.557000	0.532243	
453	0.412804	547	0.692870	9.035380	0	0.000000	0.566000	0.532283	
460	0.480435	540	0.698148	9.035380	0	0.000000	0.598000	0.532361	
410	0.426829	590	0.684746	9.035380	0	0.000000	0.579000	0.532417	
428	0.133178	572	0.650350	9.035380	0	0.000000	0.429000	0.532294	
445	0.253933	555	0.668468	9.035380	0	0.000000	0.484000	0.532237	
439	0.414579	561	0.725490	9.035380	0	0.000000	0.589000	0.532304	
451	0.232816	549	0.735883	9.035380	0	0.000000	0.509000	0.532276	
416	0.420673	584	0.760274	9.035380	0	0.000000	0.619000	0.532379	
465	0.391398	535	0.700935	9.035380	0	0.000000	0.557000	0.532408	
447	0.409396	553	0.698011	9.035380	0	0.000000	0.569000	0.532451	
442	0.447964	558	0.693548	9.035380	0	0.000000	0.585000	0.532513	
485	0.455670	515	0.695146	9.035380	0	0.000000	0.579000	0.532568	
455	0.307692	545	0.695413	9.035380	0	0.000000	0.519000	0.532552	
463	0.419006	537	0.694600	9.035380	0	0.000000	0.567000	0.532592	
445	0.408989	555	0.688288	9.035380	0	0.000000	0.564000	0.532629	
449	0.418708	551	0.720508	9.035380	0	0.000000	0.585000	0.532690	
441	0.340136	559	0.719141	9.035380	0	0.000000	0.552000	0.532713	
467	0.389722	533	0.669794	9.035380	0	0.000000	0.539000	0.532720	
459	0.411765	541	0.704251	9.035380	0	0.000000	0.570000	0.532764	
466	0.233906	534	0.709738	9.035380	0	0.000000	0.488000	0.532712	
421	0.218527	579	0.654577	9.035380	0	0.000000	0.471000	0.532640	
431	0.127610	569	0.708260	9.035380	0	0.000000	0.458000	0.532553	
445	0.170787	555	0.686486	9.035380	0	0.000000	0.457000	0.532465	
440	0.463636	560	0.721429	9.035380	0	0.000000	0.608000	0.532553	
453	0.381898	547	0.659963	9.035380	0	0.000000	0.534000	0.532554	
458	0.388646	542	0.702952	9.035380	0	0.000000	0.559000	0.532585	
437	0.217391	563	0.682060	9.035380	0	0.000000	0.479000	0.532523	
442	0.459276	558	0.718638	9.035380	0	0.000000	0.604000	0.532606	
429	0.428904	571	0.702277	9.035380	0	0.000000	0.585000	0.532666	
431	0.394432	569	0.685413	9.035380	0	0.000000	0.560000	0.532698	
440	0.236364	560	0.691071	9.035380	0	0.000000	0.491000	0.532650	
443	0.422122	557	0.700180	9.035380	0	0.000000	0.577000	0.532701	
451	0.388027	549	0.710383	9.035380	0	0.000000	0.565000	0.532738	
425	0.014118	575	0.700870	9.035380	0	0.000000	0.409000	0.532596	
415	0.122892	585	0.707692	9.035380	0	0.000000	0.465000	0.532518	
404	0.428218	596	0.679530	9.035380	0	0.000000	0.578000	0.532570	
410	0.209756	590	0.689831	9.035380	0	0.000000	0.493000	0.532525	
421	0.318290	579	0.732297	9.035380	0	0.000000	0.558000	0.532554	
447	0.255034	553	0.687161	9.035380	0	0.000000	0.494000	0.532510	
426	0.208920	574	0.665505	9.035380	0	0.000000	0.471000	0.532440	
445	0.460674	555	0.729730	9.035380	0	0.000000	0.610000	0.532528	
430	0.490698	570	0.700000	9.035380	0	0.000000	0.610000	0.532616	
422	0.464455	578	0.683391	9.035380	0	0.000000	0.591000	0.532683	
429	0.340326	571	0.697023	9.035380	0	0.000000	0.544000	0.532696	
405	0.345679	595	0.640336	9.035380	0	0.000000	0.521000	0.532682	
434	0.320276	566	0.704947	9.035380	0	0.000000	0.538000	0.532688	
464	0.465517	536	0.705224	9.035380	0	0.000000	0.594000	0.532758	
445	0.438202	555	0.699099	9.035380	0	0.000000	0.583000	0.532814	
414	0.323671	586	0.679181	9.035380	0	0.000000	0.532000	0.532813	
453	0.242826	547	0.716636	9.035380	0	0.000000	0.502000	0.532779	
493	0.202840	507	0.729783	9.035380	0	0.000000	0.470000	0.532708	
485	0.162887	515	0.671845	9.035380	0	0.000000	0.425000	0.532587	
442	0.192308	558	0.668459	9.035380	0	0.000000	0.458000	0.532503	
417	0.208633	583	0.682676	9.035380	0	0.000000	0.485000	0.532450	
436	0.288991	564	0.671986	9.035380	0	0.000000	0.505000	0.532419	
420	0.221429	580	0.710345	9.035380	0	0.000000	0.505000	0.532389	
409	0.251834	591	0.663283	9.035380	0	0.000000	0.495000	0.532347	
448	0.357143	552	0.677536	9.035380	0	0.000000	0.534000	0.532349	
448	0.270089	552	0.695652	9.035380	0	0.000000	0.505000	0.532318	
428	0.271028	572	0.652098	9.035380	0	0.000000	0.489000	0.532270	
412	0.245146	588	0.695578	9.035380	0	0.000000	0.510000	0.532245	
449	0.236080	551	0.718693	9.035380	0	0.000000	0.502000	0.532212	
452	0.212389	548	0.744526	9.035380	0	0.000000	0.504000	0.532180	
463	0.403888	537	0.711359	9.035380	0	0.000000	0.569000	0.532221	
474	0.267932	526	0.692015	9.035380	0	0.000000	0.491000	0.532175	
442	0.323529	558	0.655914	9.035380	0	0.000000	0.509000	0.532150	
426	0.361502	574	0.682927	9.035380	0	0.000000	0.546000	0.532165	
446	0.170404	554	0.700361	9.035380	0	0.000000	0.464000	0.532090	
462	0.145022	538	0.728625	9.035380	0	0.000000	0.459000	0.532009	
419	0.408115	581	0.724613	9.035380	0	0.000000	0.592000	0.532075	
406	0.342365	594	0.651515	9.035380	0	0.000000	0.526000	0.532069	
432	0.453704	568	0.693662	9.035380	0	0.000000	0.590000	0.532132	
457	0.479212	543	0.661142	9.035380	0	0.000000	0.578000	0.532183	
445	0.420225	555	0.655856	9.035380	0	0.000000	0.551000	0.532203	
455	0.331868	545	0.697248	9.035380	0	0.000000	0.531000	0.532202	
461	0.331887	539	0.686456	9.035380	0	0.000000	0.523000	0.532192	
431	0.454756	569	0.666081	9.035380	0	0.000000	0.575000	0.532239	
451	0.450111	549	0.717668	9.035380	0	0.000000	0.597000	0.532309	
438	0.180365	562	0.653025	9.035380	0	0.000000	0.446000	0.532215	
423	0.224586	577	0.705373	9.035380	0	0.000000	0.502000	0.532182	
440	0.343182	560	0.710714	9.035380	0	0.000000	0.549000	0.532201	
444	0.177928	556	0.683453	9.035380	0	0.000000	0.459000	0.532121	
421	0.332542	579	0.692573	9.035380	0	0.000000	0.541000	0.532131	
448	0.419643	552	0.722826	9.035380	0	0.000000	0.587000	0.532190	
439	0.428246	561	0.702317	9.035380	0	0.000000	0.582000	0.532244	
421	0.427553	579	0.685665	9.035380	0	0.000000	0.577000	0.532293	
446	0.228700	554	0.682310	9.035380	0	0.000000	0.480000	0.532236	
448	0.325893	552	0.673913	9.035380	0	0.000000	0.518000	0.532221	
444	0.376126	556	0.708633	9.035380	0	0.000000	0.561000	0.532252	
421	0.220903	579	0.715026	9.035380	0	0.000000	0.507000	0.532225	
416	0.177885	584	0.693493	9.035380	0	0.000000	0.479000	0.532167	
436	0.160550	564	0.739362	9.035380	0	0.000000	0.487000	0.532119	
468	0.333333	532	0.699248	9.035380	0	0.000000	0.528000	0.532114	
463	0.215983	537	0.735568	9.035380	0	0.000000	0.495000	0.532075	
443	0.286682	557	0.705566	9.035380	0	0.000000	0.520000	0.532062	
436	0.064220	564	0.757092	9.035380	0	0.000000	0.455000	0.531979	
445	0.141573	555	0.742342	9.035380	0	0.000000	0.475000	0.531918	
466	0.248927	534	0.694757	9.035380	0	0.000000	0.487000	0.531870	
462	0.359307	538	0.719331	9.035380	0	0.000000	0.553000	0.531893	
459	0.287582	541	0.713494	9.035380	0	0.000000	0.518000	0.531878	
417	0.462830	583	0.677530	9.035380	0	0.000000	0.588000	0.531938	
453	0.403974	547	0.667276	9.035380	0	0.000000	0.548000	0.531955	
446	0.482063	554	0.698556	9.035380	0	0.000000	0.602000	0.532029	
463	0.397408	537	0.675978	9.035380	0	0.000000	0.547000	0.532045	
451	0.250554	549	0.728597	9.035380	0	0.000000	0.513000	0.532025	
431	0.262181	569	0.720562	9.035380	0	0.000000	0.523000	0.532015	
427	0.386417	573	0.743455	9.035380	0	0.000000	0.591000	0.532078	
442	0.420814	558	0.688172	9.035380	0	0.000000	0.570000	0.532118	
449	0.236080	551	0.744102	9.035380	0	0.000000	0.516000	0.532101	
479	0.321503	521	0.677543	9.035380	0	0.000000	0.507000	0.532074	
453	0.388521	547	0.734918	9.035380	0	0.000000	0.578000	0.532123	
460	0.308696	540	0.683333	9.035380	0	0.000000	0.511000	0.532100	
429	0.237762	571	0.753065	9.035380	0	0.000000	0.532000	0.532100	
407	0.248157	593	0.708263	9.035380	0	0.000000	0.521000	0.532089	
426	0.342723	574	0.714286	9.035380	0	0.000000	0.556000	0.532114	
479	0.000000	521	0.696737	9.035380	0	0.000000	0.363000	0.531937	
470	0.000000	530	0.650943	9.035380	0	0.000000	0.345000	0.531741	
475	0.174737	525	0.680000	9.035380	0	0.000000	0.440000	0.531645	
439	0.243736	561	0.700535	9.035380	0	0.000000	0.500000	0.531612	
435	0.425287	565	0.711504	9.035380	0	0.000000	0.587000	0.531670	
443	0.338600	557	0.684022	9.035380	0	0.000000	0.531000	0.531669	
437	0.187643	563	0.667851	9.035380	0	0.000000	0.458000	0.531592	
432	0.111111	568	0.674296	9.035380	0	0.000000	0.431000	0.531487	
450	0.340000	550	0.716364	9.035380	0	0.000000	0.547000	0.531504	
472	0.228814	528	0.727273	9.035380	0	0.000000	0.492000	0.531463	
457	0.393873	543	0.696133	9.035380	0	0.000000	0.558000	0.531490	
464	0.394397	536	0.680970	9.035380	0	0.000000	0.548000	0.531507	
472	0.387712	528	0.666667	9.035380	0	0.000000	0.535000	0.531511	
453	0.426049	547	0.707495	9.035380	0	0.000000	0.580000	0.531561	
433	0.376443	567	0.684303	9.035380	0	0.000000	0.551000	0.531581	
452	0.404867	548	0.748175	9.035380	0	0.000000	0.593000	0.531644	
457	0.378556	543	0.727440	9.035380	0	0.000000	0.568000	0.531682	
456	0.442982	544	0.672794	9.035380	0	0.000000	0.568000	0.531719	
445	0.451685	555	0.663063	9.035380	0	0.000000	0.569000	0.531758	
437	0.249428	563	0.719361	9.035380	0	0.000000	0.514000	0.531739	
436	0.183486	564	0.687943	9.035380	0	0.000000	0.468000	0.531674	
441	0.219955	559	0.669052	9.035380	0	0.000000	0.471000	0.531612	
427	0.353630	573	0.710297	9.035380	0	0.000000	0.558000	0.531639	
423	0.406619	577	0.682842	9.035380	0	0.000000	0.566000	0.531674	
426	0.309859	574	0.738676	9.035380	0	0.000000	0.556000	0.531699	
436	0.410550	564	0.684397	9.035380	0	0.000000	0.565000	0.531733	
429	0.335664	571	0.698774	9.035380	0	0.000000	0.543000	0.531744	
412	0.429612	588	0.698980	9.035380	0	0.000000	0.588000	0.531802	
449	0.338530	551	0.642468	9.035380	0	0.000000	0.506000	0.531775	
443	0.325056	557	0.707361	9.035380	0	0.000000	0.538000	0.531782	
437	0.114416	563	0.683837	9.035380	0	0.000000	0.435000	0.531683	
464	0.351293	536	0.669776	9.035380	0	0.000000	0.522000	0.531674	
455	0.410989	545	0.671560	9.035380	0	0.000000	0.553000	0.531695	
438	0.289954	562	0.711744	9.035380	0	0.000000	0.527000	0.531690	
422	0.336493	578	0.719723	9.035380	0	0.000000	0.558000	0.531717	
447	0.313199	553	0.707052	9.035380	0	0.000000	0.531000	0.531716	
458	0.355895	542	0.682657	9.035380	0	0.000000	0.533000	0.531718	
448	0.450893	552	0.682971	9.035380	0	0.000000	0.579000	0.531765	
426	0.429577	574	0.703833	9.035380	0	0.000000	0.587000	0.531821	
408	0.475490	592	0.684122	9.035380	0	0.000000	0.599000	0.531889	
425	0.423529	575	0.660870	9.035380	0	0.000000	0.560000	0.531917	
431	0.468677	569	0.702988	9.035380	0	0.000000	0.602000	0.531987	
445	0.379775	555	0.693694	9.035380	0	0.000000	0.554000	0.532010	
467	0.032120	533	0.677298	9.035380	0	0.000000	0.376000	0.531853	
476	0.254202	524	0.711832	9.035380	0	0.000000	0.494000	0.531815	
458	0.360262	542	0.725092	9.035380	0	0.000000	0.558000	0.531841	
438	0.173516	562	0.685053	9.035380	0	0.000000	0.461000	0.531770	
438	0.324201	562	0.727758	9.035380	0	0.000000	0.551000	0.531790	
425	0.308235	575	0.678261	9.035380	0	0.000000	0.521000	0.531779	
450	0.460000	550	0.700000	9.035380	0	0.000000	0.592000	0.531839	
440	0.445455	560	0.692857	9.035380	0	0.000000	0.584000	0.531891	
433	0.290993	567	0.724868	9.035380	0	0.000000	0.537000	0.531896	
446	0.163677	554	0.689531	9.035380	0	0.000000	0.455000	0.531820	
447	0.279642	553	0.641953	9.035380	0	0.000000	0.480000	0.531768	
426	0.197183	574	0.705575	9.035380	0	0.000000	0.489000	0.531726	
430	0.237209	570	0.724561	9.035380	0	0.000000	0.515000	0.531709	
461	0.125813	539	0.679035	9.035380	0	0.000000	0.424000	0.531602	
447	0.369128	553	0.723327	9.035380	0	0.000000	0.565000	0.531635	
439	0.382688	561	0.652406	9.035380	0	0.000000	0.534000	0.531638	
417	0.359712	583	0.713551	9.035380	0	0.000000	0.566000	0.531672	
431	0.403712	569	0.760984	9.035380	0	0.000000	0.607000	0.531746	
442	0.436652	558	0.684588	9.035380	0	0.000000	0.575000	0.531789	
454	0.246696	546	0.657509	9.035380	0	0.000000	0.471000	0.531729	
464	0.269397	536	0.671642	9.035380	0	0.000000	0.485000	0.531683	
451	0.470067	549	0.717668	9.035380	0	0.000000	0.606000	0.531756	
451	0.465632	549	0.688525	9.035380	0	0.000000	0.588000	0.531811	
456	0.300439	544	0.702206	9.035380	0	0.000000	0.519000	0.531798	
437	0.372998	563	0.703375	9.035380	0	0.000000	0.559000	0.531825	
444	0.234234	556	0.712230	9.035380	0	0.000000	0.500000	0.531794	
449	0.325167	551	0.722323	9.035380	0	0.000000	0.544000	0.531806	
447	0.246085	553	0.701627	9.035380	0	0.000000	0.498000	0.531773	
435	0.243678	565	0.702655	9.035380	0	0.000000	0.503000	0.531745	
442	0.244344	558	0.677419	9.035380	0	0.000000	0.486000	0.531700	
446	0.132287	554	0.712996	9.035380	0	0.000000	0.454000	0.531625	
456	0.109649	544	0.669118	9.035380	0	0.000000	0.414000	0.531510	
460	0.373913	540	0.694444	9.035380	0	0.000000	0.547000	0.531525	
474	0.428270	526	0.747148	9.035380	0	0.000000	0.596000	0.531588	
479	0.371608	521	0.721689	9.035380	0	0.000000	0.554000	0.531610	
427	0.405152	573	0.739965	9.035380	0	0.000000	0.597000	0.531673	
430	0.439535	570	0.659649	9.035380	0	0.000000	0.565000	0.531705	
451	0.321508	549	0.730419	9.035380	0	0.000000	0.546000	0.531719	
450	0.231111	550	0.690909	9.035380	0	0.000000	0.484000	0.531673	
447	0.380313	553	0.698011	9.035380	0	0.000000	0.556000	0.531696	
437	0.313501	563	0.726465	9.035380	0	0.000000	0.546000	0.531710	
443	0.243792	557	0.669659	9.035380	0	0.000000	0.481000	0.531661	
463	0.397408	537	0.702048	9.035380	0	0.000000	0.561000	0.531690	
442	0.495475	558	0.675627	9.035380	0	0.000000	0.596000	0.531751	
453	0.419426	547	0.680073	9.035380	0	0.000000	0.562000	0.531780	
437	0.329519	563	0.690941	9.035380	0	0.000000	0.533000	0.531782	
444	0.324324	556	0.688849	9.035380	0	0.000000	0.527000	0.531777	
479	0.373695	521	0.687140	9.035380	0	0.000000	0.537000	0.531782	
482	0.307054	518	0.712355	9.035380	0	0.000000	0.517000	0.531768	
475	0.355789	525	0.672381	9.035380	0	0.000000	0.522000	0.531759	
456	0.464912	544	0.729779	9.035380	0	0.000000	0.609000	0.531832	
422	0.303318	578	0.674740	9.035380	0	0.000000	0.518000	0.531819	
447	0.404922	553	0.687161	9.035380	0	0.000000	0.561000	0.531847	
451	0.419069	549	0.701275	9.035380	0	0.000000	0.574000	0.531887	
446	0.188341	554	0.660650	9.035380	0	0.000000	0.450000	0.531809	
473	0.112051	527	0.702087	9.035380	0	0.000000	0.423000	0.531706	
468	0.440171	532	0.699248	9.035380	0	0.000000	0.578000	0.531750	
434	0.410138	566	0.673145	9.035380	0	0.000000	0.559000	0.531776	
426	0.281690	574	0.682927	9.035380	0	0.000000	0.512000	0.531757	
446	0.334081	554	0.718412	9.035380	0	0.000000	0.547000	0.531771	
471	0.326964	529	0.627599	9.035380	0	0.000000	0.486000	0.531728	
452	0.205752	548	0.671533	9.035380	0	0.000000	0.461000	0.531661	
435	0.328736	565	0.676106	9.035380	0	0.000000	0.525000	0.531655	
441	0.251701	559	0.720930	9.035380	0	0.000000	0.514000	0.531638	
445	0.238202	555	0.695495	9.035380	0	0.000000	0.492000	0.531601	
466	0.042918	534	0.662921	9.035380	0	0.000000	0.374000	0.531452	
468	0.297009	532	0.706767	9.035380	0	0.000000	0.515000	0.531437	
449	0.238307	551	0.673321	9.035380	0	0.000000	0.478000	0.531387	
439	0.403189	561	0.686275	9.035380	0	0.000000	0.562000	0.531415	
417	0.431655	583	0.715266	9.035380	0	0.000000	0.597000	0.531477	
435	0.457471	565	0.715044	9.035380	0	0.000000	0.603000	0.531544	
460	0.419565	540	0.718519	9.035380	0	0.000000	0.581000	0.531590	
435	0.354023	565	0.730973	9.035380	0	0.000000	0.567000	0.531623	
438	0.235160	562	0.711744	9.035380	0	0.000000	0.503000	0.531597	
445	0.433708	555	0.697297	9.035380	0	0.000000	0.580000	0.531642	
467	0.325482	533	0.688555	9.035380	0	0.000000	0.519000	0.531630	
460	0.354348	540	0.637037	9.035380	0	0.000000	0.507000	0.531607	
442	0.380090	558	0.716846	9.035380	0	0.000000	0.568000	0.531641	
437	0.199085	563	0.671403	9.035380	0	0.000000	0.465000	0.531579	
428	0.214953	572	0.683566	9.035380	0	0.000000	0.483000	0.531534	
428	0.357477	572	0.669580	9.035380	0	0.000000	0.536000	0.531538	
431	0.445476	569	0.694200	9.035380	0	0.000000	0.587000	0.531589	
450	0.264444	550	0.680000	9.035380	0	0.000000	0.493000	0.531554	
485	0.323711	515	0.629126	9.035380	0	0.000000	0.481000	0.531507	
461	0.357918	539	0.721707	9.035380	0	0.000000	0.554000	0.531528	
465	0.389247	535	0.669159	9.035380	0	0.000000	0.539000	0.531535	
451	0.370288	549	0.699454	9.035380	0	0.000000	0.551000	0.531553	
434	0.382488	566	0.724382	9.035380	0	0.000000	0.576000	0.531594	
433	0.247113	567	0.675485	9.035380	0	0.000000	0.490000	0.531555	
454	0.292952	546	0.749084	9.035380	0	0.000000	0.542000	0.531565	
440	0.286364	560	0.725000	9.035380	0	0.000000	0.532000	0.531565	
446	0.452915	554	0.705776	9.035380	0	0.000000	0.593000	0.531622	
439	0.407745	561	0.691622	9.035380	0	0.000000	0.567000	0.531654	
445	0.451685	555	0.659459	9.035380	0	0.000000	0.567000	0.531687	
460	0.160870	540	0.672222	9.035380	0	0.000000	0.437000	0.531600	
493	0.369168	507	0.688363	9.035380	0	0.000000	0.531000	0.531599	
477	0.243187	523	0.736138	9.035380	0	0.000000	0.501000	0.531571	
461	0.143167	539	0.703154	9.035380	0	0.000000	0.445000	0.531492	
461	0.162690	539	0.721707	9.035380	0	0.000000	0.464000	0.531431	
426	0.330986	574	0.675958	9.035380	0	0.000000	0.529000	0.531428	
442	0.438914	558	0.727599	9.035380	0	0.000000	0.600000	0.531491	
445	0.393258	555	0.711712	9.035380	0	0.000000	0.570000	0.531526	
440	0.411364	560	0.680357	9.035380	0	0.000000	0.562000	0.531554	
438	0.301370	562	0.672598	9.035380	0	0.000000	0.510000	0.531534	
439	0.355353	561	0.689840	9.035380	0	0.000000	0.543000	0.531544	
454	0.453744	546	0.655678	9.035380	0	0.000000	0.564000	0.531574	
469	0.437100	531	0.681733	9.035380	0	0.000000	0.567000	0.531606	
437	0.350114	563	0.701599	9.035380	0	0.000000	0.548000	0.531621	
431	0.343387	569	0.623902	9.035380	0	0.000000	0.503000	0.531595	
440	0.284091	560	0.707143	9.035380	0	0.000000	0.521000	0.531585	
454	0.235683	546	0.705128	9.035380	0	0.000000	0.492000	0.531550	
439	0.451025	561	0.730838	9.035380	0	0.000000	0.608000	0.531619	
415	0.493976	585	0.736752	9.035380	0	0.000000	0.636000	0.531713	
418	0.284689	582	0.676976	9.035380	0	0.000000	0.513000	0.531696	
440	0.440909	560	0.714286	9.035380	0	0.000000	0.594000	0.531752	
425	0.388235	575	0.716522	9.035380	0	0.000000	0.577000	0.531793	
415	0.409639	585	0.692308	9.035380	0	0.000000	0.575000	0.531832	
413	0.452785	587	0.666099	9.035380	0	0.000000	0.578000	0.531873	
435	0.358621	565	0.653097	9.035380	0	0.000000	0.525000	0.531867	
446	0.334081	554	0.729242	9.035380	0	0.000000	0.553000	0.531886	
416	0.286058	584	0.676370	9.035380	0	0.000000	0.514000	0.531870	
444	0.479730	556	0.687050	9.035380	0	0.000000	0.595000	0.531926	
462	0.461039	538	0.702602	9.035380	0	0.000000	0.591000	0.531979	
471	0.074310	529	0.703214	9.035380	0	0.000000	0.407000	0.531867	
470	0.046809	530	0.715094	9.035380	0	0.000000	0.401000	0.531751	
454	0.246696	546	0.697802	9.035380	0	0.000000	0.493000	0.531716	
457	0.291028	543	0.650092	9.035380	0	0.000000	0.486000	0.531675	
470	0.253191	530	0.707547	9.035380	0	0.000000	0.494000	0.531642	
448	0.412946	552	0.692029	9.035380	0	0.000000	0.567000	0.531673	
474	0.219409	526	0.657795	9.035380	0	0.000000	0.450000	0.531601	
450	0.355556	550	0.676364	9.035380	0	0.000000	0.532000	0.531601	
430	0.158140	570	0.666667	9.035380	0	0.000000	0.448000	0.531527	
422	0.137441	578	0.683391	9.035380	0	0.000000	0.453000	0.531457	
450	0.442222	550	0.700000	9.035380	0	0.000000	0.584000	0.531504	
440	0.368182	560	0.687500	9.035380	0	0.000000	0.547000	0.531518	
456	0.173246	544	0.650735	9.035380	0	0.000000	0.433000	0.531431	
444	0.421171	556	0.640288	9.035380	0	0.000000	0.543000	0.531441	
435	0.480460	565	0.679646	9.035380	0	0.000000	0.593000	0.531495	
464	0.469828	536	0.699627	9.035380	0	0.000000	0.593000	0.531549	
462	0.461039	538	0.667286	9.035380	0	0.000000	0.572000	0.531585	
452	0.378319	548	0.658759	9.035380	0	0.000000	0.532000	0.531585	
439	0.168565	561	0.659537	9.035380	0	0.000000	0.444000	0.531508	
434	0.288018	566	0.720848	9.035380	0	0.000000	0.533000	0.531510	
446	0.273543	554	0.691336	9.035380	0	0.000000	0.505000	0.531486	
448	0.029018	552	0.704710	9.035380	0	0.000000	0.402000	0.531373	
428	0.322430	572	0.685315	9.035380	0	0.000000	0.530000	0.531372	
408	0.367647	592	0.690878	9.035380	0	0.000000	0.559000	0.531396	
442	0.472851	558	0.650538	9.035380	0	0.000000	0.572000	0.531431	
420	0.440476	580	0.696552	9.035380	0	0.000000	0.589000	0.531482	
427	0.489461	573	0.689354	9.035380	0	0.000000	0.604000	0.531545	
419	0.427208	581	0.724613	9.035380	0	0.000000	0.600000	0.531605	
432	0.377315	568	0.691901	9.035380	0	0.000000	0.556000	0.531626	
451	0.283814	549	0.697632	9.035380	0	0.000000	0.511000	0.531608	
440	0.222727	560	0.726786	9.035380	0	0.000000	0.505000	0.531585	
457	0.295405	543	0.666667	9.035380	0	0.000000	0.497000	0.531555	
449	0.385301	551	0.695100	9.035380	0	0.000000	0.556000	0.531576	
425	0.338824	575	0.688696	9.035380	0	0.000000	0.540000	0.531583	
433	0.325635	567	0.677249	9.035380	0	0.000000	0.525000	0.531578	
414	0.285024	586	0.706485	9.035380	0	0.000000	0.532000	0.531578	
445	0.364045	555	0.684685	9.035380	0	0.000000	0.542000	0.531587	
440	0.284091	560	0.732143	9.035380	0	0.000000	0.535000	0.531590	
433	0.431871	567	0.696649	9.035380	0	0.000000	0.582000	0.531633	
451	0.436807	549	0.684882	9.035380	0	0.000000	0.573000	0.531669	
437	0.192220	563	0.719361	9.035380	0	0.000000	0.489000	0.531632	
441	0.333333	559	0.706619	9.035380	0	0.000000	0.542000	0.531641	
480	0.483333	520	0.655769	9.035380	0	0.000000	0.573000	0.531677	
463	0.401728	537	0.674115	9.035380	0	0.000000	0.548000	0.531691	
453	0.240618	547	0.740402	9.035380	0	0.000000	0.514000	0.531676	
453	0.110375	547	0.648995	9.035380	0	0.000000	0.405000	0.531567	
457	0.266958	543	0.710866	9.035380	0	0.000000	0.508000	0.531547	
447	0.409396	553	0.745027	9.035380	0	0.000000	0.595000	0.531601	
460	0.152174	540	0.707407	9.035380	0	0.000000	0.452000	0.531533	
434	0.304147	566	0.701413	9.035380	0	0.000000	0.529000	0.531531	
436	0.428899	564	0.680851	9.035380	0	0.000000	0.571000	0.531565	
456	0.282895	544	0.696691	9.035380	0	0.000000	0.508000	0.531544	
453	0.377483	547	0.731261	9.035380	0	0.000000	0.571000	0.531578	
423	0.186761	577	0.708839	9.035380	0	0.000000	0.488000	0.531541	
441	0.353741	559	0.697674	9.035380	0	0.000000	0.546000	0.531553	
408	0.463235	592	0.709459	9.035380	0	0.000000	0.609000	0.531619	
436	0.286697	564	0.679078	9.035380	0	0.000000	0.508000	0.531599	
459	0.206972	541	0.678373	9.035380	0	0.000000	0.462000	0.531540	
445	0.352809	555	0.699099	9.035380	0	0.000000	0.545000	0.531551	
454	0.211454	546	0.728938	9.035380	0	0.000000	0.494000	0.531519	
436	0.277523	564	0.677305	9.035380	0	0.000000	0.503000	0.531495	
454	0.237885	546	0.688645	9.035380	0	0.000000	0.484000	0.531455	
452	0.376106	548	0.671533	9.035380	0	0.000000	0.538000	0.531461	
440	0.311364	560	0.691071	9.035380	0	0.000000	0.524000	0.531454	
435	0.347126	565	0.672566	9.035380	0	0.000000	0.531000	0.531454	
425	0.225882	575	0.704348	9.035380	0	0.000000	0.501000	0.531428	
465	0.374194	535	0.706542	9.035380	0	0.000000	0.552000	0.531446	
476	0.384454	524	0.666031	9.035380	0	0.000000	0.532000	0.531446	
451	0.053215	549	0.668488	9.035380	0	0.000000	0.391000	0.531328	
449	0.331849	551	0.669691	9.035380	0	0.000000	0.518000	0.531317	
443	0.338600	557	0.669659	9.035380	0	0.000000	0.523000	0.531310	
439	0.261959	561	0.718360	9.035380	0	0.000000	0.518000	0.531298	
460	0.250000	540	0.681481	9.035380	0	0.000000	0.483000	0.531258	
454	0.403084	546	0.712454	9.035380	0	0.000000	0.572000	0.531292	
472	0.434322	528	0.715909	9.035380	0	0.000000	0.583000	0.531335	
468	0.384615	532	0.721805	9.035380	0	0.000000	0.564000	0.531363	
440	0.377273	560	0.667857	9.035380	0	0.000000	0.540000	0.531370	
456	0.421053	544	0.670956	9.035380	0	0.000000	0.557000	0.531391	
437	0.274600	563	0.658970	9.035380	0	0.000000	0.491000	0.531358	
460	0.260870	540	0.672222	9.035380	0	0.000000	0.483000	0.531317	
463	0.321814	537	0.672253	9.035380	0	0.000000	0.510000	0.531300	
456	0.324561	544	0.672794	9.035380	0	0.000000	0.514000	0.531285	
460	0.513043	540	0.668519	9.035380	0	0.000000	0.597000	0.531340	
432	0.495370	568	0.707746	9.035380	0	0.000000	0.616000	0.531410	
446	0.468610	554	0.711191	9.035380	0	0.000000	0.603000	0.531470	
434	0.361751	566	0.754417	9.035380	0	0.000000	0.584000	0.531513	
443	0.476298	557	0.714542	9.035380	0	0.000000	0.609000	0.531578	
461	0.310195	539	0.660482	9.035380	0	0.000000	0.499000	0.531551	
415	0.240964	585	0.682051	9.035380	0	0.000000	0.499000	0.531524	
421	0.470309	579	0.715026	9.035380	0	0.000000	0.612000	0.531590	
435	0.216092	565	0.692035	9.035380	0	0.000000	0.485000	0.531552	
434	0.297235	566	0.715548	9.035380	0	0.000000	0.534000	0.531554	
438	0.194064	562	0.740214	9.035380	0	0.000000	0.501000	0.531528	
440	0.413636	560	0.685714	9.035380	0	0.000000	0.566000	0.531557	
437	0.178490	563	0.683837	9.035380	0	0.000000	0.463000	0.531500	
434	0.179724	566	0.667845	9.035380	0	0.000000	0.456000	0.531438	
396	0.285354	604	0.731788	9.035380	0	0.000000	0.555000	0.531458	
446	0.226457	554	0.707581	9.035380	0	0.000000	0.493000	0.531426	
476	0.245798	524	0.681298	9.035380	0	0.000000	0.474000	0.531379	
433	0.258661	567	0.666667	9.035380	0	0.000000	0.490000	0.531345	
424	0.280660	576	0.680556	9.035380	0	0.000000	0.511000	0.531328	
471	0.403397	529	0.667297	9.035380	0	0.000000	0.543000	0.531338	
476	0.436975	524	0.732824	9.035380	0	0.000000	0.592000	0.531387	
478	0.332636	522	0.701149	9.035380	0	0.000000	0.525000	0.531382	
453	0.209713	547	0.702011	9.035380	0	0.000000	0.479000	0.531339	
418	0.444976	582	0.680412	9.035380	0	0.000000	0.582000	0.531381	
425	0.381176	575	0.725217	9.035380	0	0.000000	0.579000	0.531420	
399	0.506266	601	0.677205	9.035380	0	0.000000	0.609000	0.531483	
417	0.330935	583	0.680961	9.035380	0	0.000000	0.535000	0.531486	
468	0.329060	532	0.693609	9.035380	0	0.000000	0.523000	0.531479	
458	0.353712	542	0.653137	9.035380	0	0.000000	0.516000	0.531466	
468	0.286325	532	0.714286	9.035380	0	0.000000	0.514000	0.531452	
466	0.231760	534	0.707865	9.035380	0	0.000000	0.486000	0.531415	
440	0.265909	560	0.703571	9.035380	0	0.000000	0.511000	0.531399	
458	0.237991	542	0.714022	9.035380	0	0.000000	0.496000	0.531370	
449	0.338530	551	0.686025	9.035380	0	0.000000	0.530000	0.531369	
420	0.409524	580	0.701724	9.035380	0	0.000000	0.579000	0.531407	
433	0.237875	567	0.689594	9.035380	0	0.000000	0.494000	0.531377	
448	0.263393	552	0.733696	9.035380	0	0.000000	0.523000	0.531370	
456	0.315789	544	0.704044	9.035380	0	0.000000	0.527000	0.531367	
433	0.286374	567	0.680776	9.035380	0	0.000000	0.510000	0.531350	
478	0.192469	522	0.695402	9.035380	0	0.000000	0.455000	0.531288	
447	0.308725	553	0.694394	9.035380	0	0.000000	0.522000	0.531281	
443	0.040632	557	0.648115	9.035380	0	0.000000	0.379000	0.531158	
446	0.004484	554	0.703971	9.035380	0	0.000000	0.392000	0.531046	
447	0.281879	553	0.667269	9.035380	0	0.000000	0.495000	0.531017	
426	0.375587	574	0.677700	9.035380	0	0.000000	0.549000	0.531032	
450	0.362222	550	0.663636	9.035380	0	0.000000	0.528000	0.531029	
442	0.359729	558	0.707885	9.035380	0	0.000000	0.554000	0.531048	
465	0.372043	535	0.693458	9.035380	0	0.000000	0.544000	0.531058	
421	0.318290	579	0.737478	9.035380	0	0.000000	0.561000	0.531082	
438	0.383562	562	0.677936	9.035380	0	0.000000	0.549000	0.531096	
463	0.466523	537	0.694600	9.035380	0	0.000000	0.589000	0.531143	
409	0.452323	591	0.708968	9.035380	0	0.000000	0.604000	0.531201	
418	0.267943	582	0.685567	9.035380	0	0.000000	0.511000	0.531185	
424	0.405660	576	0.668403	9.035380	0	0.000000	0.557000	0.531205	
420	0.459524	580	0.681034	9.035380	0	0.000000	0.588000	0.531250	
420	0.469048	580	0.713793	9.035380	0	0.000000	0.611000	0.531314	
419	0.434368	581	0.707401	9.035380	0	0.000000	0.593000	0.531363	
405	0.409877	595	0.667227	9.035380	0	0.000000	0.563000	0.531388	
402	0.251244	598	0.704013	9.035380	0	0.000000	0.522000	0.531381	
443	0.399549	557	0.687612	9.035380	0	0.000000	0.560000	0.531403	
477	0.188679	523	0.697897	9.035380	0	0.000000	0.455000	0.531343	
481	0.101871	519	0.684008	9.035380	0	0.000000	0.404000	0.531242	
447	0.458613	553	0.661844	9.035380	0	0.000000	0.571000	0.531273	
461	0.355748	539	0.660482	9.035380	0	0.000000	0.520000	0.531264	
443	0.356659	557	0.701975	9.035380	0	0.000000	0.549000	0.531278	
458	0.451965	542	0.754613	9.035380	0	0.000000	0.616000	0.531345	
435	0.429885	565	0.734513	9.035380	0	0.000000	0.602000	0.531401	
439	0.362187	561	0.698752	9.035380	0	0.000000	0.551000	0.531416	
469	0.153518	531	0.706215	9.035380	0	0.000000	0.447000	0.531350	
413	0.484262	587	0.664395	9.035380	0	0.000000	0.590000	0.531396	
403	0.347395	597	0.671692	9.035380	0	0.000000	0.541000	0.531404	
428	0.418224	572	0.687063	9.035380	0	0.000000	0.572000	0.531436	
449	0.187082	551	0.722323	9.035380	0	0.000000	0.482000	0.531397	
445	0.460674	555	0.652252	9.035380	0	0.000000	0.567000	0.531425	
445	0.460674	555	0.693694	9.035380	0	0.000000	0.590000	0.531471	
494	0.410931	506	0.622530	9.035380	0	0.000000	0.518000	0.531460	
479	0.169102	521	0.679463	9.035380	0	0.000000	0.435000	0.531385	
445	0.395506	555	0.708108	9.035380	0	0.000000	0.569000	0.531414	
425	0.164706	575	0.706087	9.035380	0	0.000000	0.476000	0.531371	
455	0.452747	545	0.693578	9.035380	0	0.000000	0.584000	0.531412	
475	0.404211	525	0.670476	9.035380	0	0.000000	0.544000	0.531422	
428	0.387850	572	0.666084	9.035380	0	0.000000	0.547000	0.531434	
432	0.372685	568	0.698944	9.035380	0	0.000000	0.558000	0.531454	
452	0.092920	548	0.697080	9.035380	0	0.000000	0.424000	0.531371	
463	0.289417	537	0.703911	9.035380	0	0.000000	0.512000	0.531356	
433	0.136259	567	0.689594	9.035380	0	0.000000	0.450000	0.531293	
448	0.334821	552	0.682971	9.035380	0	0.000000	0.527000	0.531289	
446	0.343049	554	0.693141	9.035380	0	0.000000	0.537000	0.531294	
452	0.500000	548	0.653285	9.035380	0	0.000000	0.584000	0.531334	
446	0.219731	554	0.682310	9.035380	0	0.000000	0.476000	0.531292	
484	0.347107	516	0.697674	9.035380	0	0.000000	0.528000	0.531289	
489	0.122699	511	0.718200	9.035380	0	0.000000	0.427000	0.531208	
453	0.465784	547	0.738574	9.035380	0	0.000000	0.615000	0.531273	
452	0.318584	548	0.669708	9.035380	0	0.000000	0.511000	0.531258	
472	0.372881	528	0.687500	9.035380	0	0.000000	0.539000	0.531263	
427	0.274005	573	0.645724	9.035380	0	0.000000	0.487000	0.531229	
433	0.260970	567	0.723104	9.035380	0	0.000000	0.523000	0.531223	
457	0.439825	543	0.683241	9.035380	0	0.000000	0.572000	0.531254	
448	0.406250	552	0.710145	9.035380	0	0.000000	0.574000	0.531287	
448	0.107143	552	0.728261	9.035380	0	0.000000	0.450000	0.531225	
490	0.451020	510	0.682353	9.035380	0	0.000000	0.569000	0.531254	
465	0.391398	535	0.715888	9.035380	0	0.000000	0.565000	0.531280	
420	0.259524	580	0.715517	9.035380	0	0.000000	0.524000	0.531274	
457	0.312910	543	0.674033	9.035380	0	0.000000	0.509000	0.531257	
420	0.361905	580	0.701724	9.035380	0	0.000000	0.559000	0.531278	
436	0.215596	564	0.659574	9.035380	0	0.000000	0.466000	0.531228	
441	0.451247	559	0.681574	9.035380	0	0.000000	0.580000	0.531266	
446	0.392377	554	0.693141	9.035380	0	0.000000	0.559000	0.531287	
417	0.407674	583	0.662093	9.035380	0	0.000000	0.556000	0.531306	
484	0.396694	516	0.678295	9.035380	0	0.000000	0.542000	0.531314	
475	0.294737	525	0.702857	9.035380	0	0.000000	0.509000	0.531297	
462	0.264069	538	0.691450	9.035380	0	0.000000	0.494000	0.531268	
439	0.441913	561	0.668449	9.035380	0	0.000000	0.569000	0.531297	
458	0.257642	542	0.708487	9.035380	0	0.000000	0.502000	0.531275	
471	0.430998	529	0.695652	9.035380	0	0.000000	0.571000	0.531305	
430	0.423256	570	0.664912	9.035380	0	0.000000	0.561000	0.531328	
448	0.446429	552	0.664855	9.035380	0	0.000000	0.567000	0.531355	
385	0.462338	615	0.668293	9.035380	0	0.000000	0.589000	0.531398	
443	0.426637	557	0.718133	9.035380	0	0.000000	0.589000	0.531442	
486	0.088477	514	0.704280	9.035380	0	0.000000	0.405000	0.531346	
431	0.076566	569	0.660808	9.035380	0	0.000000	0.409000	0.531254	
443	0.336343	557	0.719928	9.035380	0	0.000000	0.550000	0.531268	
438	0.433790	562	0.688612	9.035380	0	0.000000	0.577000	0.531302	
428	0.348131	572	0.643357	9.035380	0	0.000000	0.517000	0.531292	
413	0.501211	587	0.705281	9.035380	0	0.000000	0.621000	0.531359	
428	0.254673	572	0.680070	9.035380	0	0.000000	0.498000	0.531334	
445	0.438202	555	0.675676	9.035380	0	0.000000	0.570000	0.531363	
438	0.134703	562	0.729537	9.035380	0	0.000000	0.469000	0.531316	
450	0.375556	550	0.723636	9.035380	0	0.000000	0.567000	0.531343	
455	0.193407	545	0.684404	9.035380	0	0.000000	0.461000	0.531290	
446	0.244395	554	0.691336	9.035380	0	0.000000	0.492000	0.531261	
456	0.315789	544	0.704044	9.035380	0	0.000000	0.527000	0.531258	
444	0.376126	556	0.717626	9.035380	0	0.000000	0.566000	0.531284	
440	0.470455	560	0.735714	9.035380	0	0.000000	0.619000	0.531349	
441	0.185941	559	0.661896	9.035380	0	0.000000	0.452000	0.531290	
451	0.281596	549	0.675774	9.035380	0	0.000000	0.498000	0.531265	
434	0.428571	566	0.690813	9.035380	0	0.000000	0.577000	0.531299	
420	0.097619	580	0.693103	9.035380	0	0.000000	0.443000	0.531233	
433	0.256351	567	0.691358	9.035380	0	0.000000	0.503000	0.531212	
478	0.407950	522	0.691571	9.035380	0	0.000000	0.556000	0.531231	
428	0.485981	572	0.678322	9.035380	0	0.000000	0.596000	0.531279	
417	0.290168	583	0.699828	9.035380	0	0.000000	0.529000	0.531277	
436	0.254587	564	0.702128	9.035380	0	0.000000	0.507000	0.531259	
435	0.296552	565	0.658407	9.035380	0	0.000000	0.501000	0.531237	
423	0.373522	577	0.688042	9.035380	0	0.000000	0.555000	0.531254	
447	0.024609	553	0.761302	9.035380	0	0.000000	0.432000	0.531181	
453	0.364238	547	0.663620	9.035380	0	0.000000	0.528000	0.531178	
425	0.425882	575	0.720000	9.035380	0	0.000000	0.595000	0.531226	
453	0.322296	547	0.696527	9.035380	0	0.000000	0.527000	0.531223	
458	0.379913	542	0.667897	9.035380	0	0.000000	0.536000	0.531226	
422	0.386256	578	0.655709	9.035380	0	0.000000	0.542000	0.531234	
439	0.289294	561	0.720143	9.035380	0	0.000000	0.531000	0.531234	
435	0.308046	565	0.690265	9.035380	0	0.000000	0.524000	0.531229	
434	0.412442	566	0.733216	9.035380	0	0.000000	0.594000	0.531275	
446	0.408072	554	0.691336	9.035380	0	0.000000	0.565000	0.531300	
438	0.429224	562	0.729537	9.035380	0	0.000000	0.598000	0.531349	
435	0.356322	565	0.693805	9.035380	0	0.000000	0.547000	0.531360	
450	0.395556	550	0.692727	9.035380	0	0.000000	0.559000	0.531381	
408	0.411765	592	0.668919	9.035380	0	0.000000	0.564000	0.531405	
440	0.475000	560	0.676786	9.035380	0	0.000000	0.588000	0.531446	
447	0.371365	553	0.708861	9.035380	0	0.000000	0.558000	0.531466	
441	0.437642	559	0.677996	9.035380	0	0.000000	0.572000	0.531496	
432	0.328704	568	0.697183	9.035380	0	0.000000	0.538000	0.531500	
446	0.298206	554	0.689531	9.035380	0	0.000000	0.515000	0.531488	
437	0.393593	563	0.735346	9.035380	0	0.000000	0.586000	0.531528	
443	0.395034	557	0.700180	9.035380	0	0.000000	0.565000	0.531553	
444	0.434685	556	0.690647	9.035380	0	0.000000	0.577000	0.531586	
471	0.403397	529	0.708885	9.035380	0	0.000000	0.565000	0.531610	
443	0.225734	557	0.691203	9.035380	0	0.000000	0.485000	0.531576	
431	0.006961	569	0.669596	9.035380	0	0.000000	0.384000	0.531469	
465	0.212903	535	0.687850	9.035380	0	0.000000	0.467000	0.531422	
465	0.481720	535	0.715888	9.035380	0	0.000000	0.607000	0.531477	
446	0.526906	554	0.651625	9.035380	0	0.000000	0.596000	0.531524	
437	0.450801	563	0.651865	9.035380	0	0.000000	0.564000	0.531547	
434	0.315668	566	0.719081	9.035380	0	0.000000	0.544000	0.531556	
432	0.365741	568	0.728873	9.035380	0	0.000000	0.572000	0.531586	
421	0.413302	579	0.692573	9.035380	0	0.000000	0.575000	0.531617	
432	0.245370	568	0.670775	9.035380	0	0.000000	0.487000	0.531585	
445	0.229213	555	0.713514	9.035380	0	0.000000	0.498000	0.531560	
470	0.359574	530	0.711321	9.035380	0	0.000000	0.546000	0.531571	
462	0.458874	538	0.702602	9.035380	0	0.000000	0.590000	0.531613	
479	0.407098	521	0.696737	9.035380	0	0.000000	0.558000	0.531632	
469	0.460554	531	0.711864	9.035380	0	0.000000	0.594000	0.531677	
467	0.370450	533	0.669794	9.035380	0	0.000000	0.530000	0.531676	
470	0.372340	530	0.709434	9.035380	0	0.000000	0.551000	0.531690	
428	0.485981	572	0.713287	9.035380	0	0.000000	0.616000	0.531751	
426	0.457746	574	0.686411	9.035380	0	0.000000	0.589000	0.531792	
454	0.129956	546	0.661172	9.035380	0	0.000000	0.420000	0.531712	
448	0.334821	552	0.653986	9.035380	0	0.000000	0.511000	0.531697	
462	0.367965	538	0.704461	9.035380	0	0.000000	0.549000	0.531709	
464	0.310345	536	0.699627	9.035380	0	0.000000	0.519000	0.531700	
469	0.341151	531	0.698682	9.035380	0	0.000000	0.531000	0.531700	
449	0.371938	551	0.691470	9.035380	0	0.000000	0.548000	0.531711	
426	0.417840	574	0.719512	9.035380	0	0.000000	0.591000	0.531754	
434	0.288018	566	0.673145	9.035380	0	0.000000	0.506000	0.531735	
425	0.404706	575	0.693913	9.035380	0	0.000000	0.571000	0.531763	
455	0.501099	545	0.640367	9.035380	0	0.000000	0.577000	0.531796	
425	0.345882	575	0.685217	9.035380	0	0.000000	0.541000	0.531802	
453	0.238411	547	0.705667	9.035380	0	0.000000	0.494000	0.531775	
446	0.242152	554	0.685921	9.035380	0	0.000000	0.488000	0.531744	
449	0.305122	551	0.705989	9.035380	0	0.000000	0.526000	0.531740	
443	0.390519	557	0.692998	9.035380	0	0.000000	0.559000	0.531759	
444	0.279279	556	0.687050	9.035380	0	0.000000	0.506000	0.531741	
448	0.395089	552	0.692029	9.035380	0	0.000000	0.559000	0.531760	
431	0.366589	569	0.695958	9.035380	0	0.000000	0.554000	0.531776	
427	0.428571	573	0.684119	9.035380	0	0.000000	0.575000	0.531807	
431	0.345708	569	0.695958	9.035380	0	0.000000	0.545000	0.531816	
446	0.358744	554	0.687726	9.035380	0	0.000000	0.541000	0.531823	
482	0.170124	518	0.708494	9.035380	0	0.000000	0.449000	0.531764	
467	0.394004	533	0.694184	9.035380	0	0.000000	0.554000	0.531780	
446	0.399103	554	0.711191	9.035380	0	0.000000	0.572000	0.531808	
454	0.352423	546	0.728938	9.035380	0	0.000000	0.558000	0.531827	
443	0.401806	557	0.701975	9.035380	0	0.000000	0.569000	0.531853	
444	0.414414	556	0.658273	9.035380	0	0.000000	0.550000	0.531866	
441	0.392290	559	0.724508	9.035380	0	0.000000	0.578000	0.531899	
459	0.416122	541	0.706100	9.035380	0	0.000000	0.573000	0.531928	
445	0.485393	555	0.641441	9.035380	0	0.000000	0.572000	0.531956	
431	0.006961	569	0.687170	9.035380	0	0.000000	0.394000	0.531859	
430	0.202326	570	0.664912	9.035380	0	0.000000	0.466000	0.531812	
451	0.110865	549	0.715847	9.035380	0	0.000000	0.443000	0.531750	
464	0.454741	536	0.675373	9.035380	0	0.000000	0.573000	0.531779	
459	0.400871	541	0.709797	9.035380	0	0.000000	0.568000	0.531804	
447	0.326622	553	0.768535	9.035380	0	0.000000	0.571000	0.531832	
466	0.122318	534	0.704120	9.035380	0	0.000000	0.433000	0.531762	
471	0.329087	529	0.621928	9.035380	0	0.000000	0.484000	0.531729	
452	0.141593	548	0.682482	9.035380	0	0.000000	0.438000	0.531663	
444	0.189189	556	0.710432	9.035380	0	0.000000	0.479000	0.531626	
451	0.157428	549	0.712204	9.035380	0	0.000000	0.462000	0.531578	
463	0.313175	537	0.692737	9.035380	0	0.000000	0.517000	0.531567	
452	0.119469	548	0.691606	9.035380	0	0.000000	0.433000	0.531499	
463	0.311015	537	0.672253	9.035380	0	0.000000	0.505000	0.531480	
471	0.331210	529	0.712665	9.035380	0	0.000000	0.533000	0.531481	
460	0.186957	540	0.703704	9.035380	0	0.000000	0.466000	0.531435	
469	0.294243	531	0.760829	9.035380	0	0.000000	0.542000	0.531443	
456	0.300439	544	0.729779	9.035380	0	0.000000	0.534000	0.531445	
455	0.287912	545	0.721101	9.035380	0	0.000000	0.524000	0.531439	
450	0.442222	550	0.692727	9.035380	0	0.000000	0.580000	0.531473	
463	0.304536	537	0.696462	9.035380	0	0.000000	0.515000	0.531462	
461	0.297180	539	0.682746	9.035380	0	0.000000	0.505000	0.531443	
458	0.377729	542	0.736162	9.035380	0	0.000000	0.572000	0.531472	
443	0.401806	557	0.725314	9.035380	0	0.000000	0.582000	0.531507	
445	0.330337	555	0.682883	9.035380	0	0.000000	0.526000	0.531503	
454	0.367841	546	0.659341	9.035380	0	0.000000	0.527000	0.531500	
427	0.182670	573	0.694590	9.035380	0	0.000000	0.476000	0.531461	
431	0.385151	569	0.713533	9.035380	0	0.000000	0.572000	0.531489	
444	0.369369	556	0.708633	9.035380	0	0.000000	0.558000	0.531508	
420	0.352381	580	0.724138	9.035380	0	0.000000	0.568000	0.531533	
426	0.363850	574	0.722997	9.035380	0	0.000000	0.570000	0.531559	
452	0.462389	548	0.706204	9.035380	0	0.000000	0.596000	0.531604	
466	0.412017	534	0.689139	9.035380	0	0.000000	0.560000	0.531623	
457	0.122538	543	0.710866	9.035380	0	0.000000	0.442000	0.531562	
465	0.389247	535	0.719626	9.035380	0	0.000000	0.566000	0.531585	
455	0.413187	545	0.669725	9.035380	0	0.000000	0.553000	0.531600	
433	0.491917	567	0.696649	9.035380	0	0.000000	0.608000	0.531653	
444	0.407658	556	0.739209	9.035380	0	0.000000	0.592000	0.531694	
435	0.319540	565	0.709735	9.035380	0	0.000000	0.540000	0.531700	
435	0.354023	565	0.711504	9.035380	0	0.000000	0.556000	0.531716	
417	0.400480	583	0.663808	9.035380	0	0.000000	0.554000	0.531732	
444	0.056306	556	0.733813	9.035380	0	0.000000	0.433000	0.531664	
464	0.301724	536	0.708955	9.035380	0	0.000000	0.520000	0.531656	
440	0.413636	560	0.742857	9.035380	0	0.000000	0.598000	0.531701	
454	0.262115	546	0.683150	9.035380	0	0.000000	0.492000	0.531674	
468	0.348291	532	0.691729	9.035380	0	0.000000	0.531000	0.531674	
462	0.452381	538	0.680297	9.035380	0	0.000000	0.575000	0.531703	
454	0.363436	546	0.650183	9.035380	0	0.000000	0.520000	0.531695	
439	0.416856	561	0.689840	9.035380	0	0.000000	0.570000	0.531722	
449	0.445434	551	0.649728	9.035380	0	0.000000	0.558000	0.531739	
439	0.441913	561	0.661319	9.035380	0	0.000000	0.565000	0.531762	
453	0.165563	547	0.718464	9.035380	0	0.000000	0.468000	0.531719	
443	0.408578	557	0.692998	9.035380	0	0.000000	0.567000	0.531743	
431	0.257541	569	0.671353	9.035380	0	0.000000	0.493000	0.531716	
467	0.434690	533	0.697936	9.035380	0	0.000000	0.575000	0.531746	
489	0.439673	511	0.716243	9.035380	0	0.000000	0.581000	0.531779	
467	0.443255	533	0.684803	9.035380	0	0.000000	0.572000	0.531806	
437	0.235698	563	0.710480	9.035380	0	0.000000	0.503000	0.531787	
438	0.267123	562	0.669039	9.035380	0	0.000000	0.493000	0.531761	
456	0.333333	544	0.680147	9.035380	0	0.000000	0.522000	0.531754	
459	0.272331	541	0.713494	9.035380	0	0.000000	0.511000	0.531740	
438	0.465753	562	0.697509	9.035380	0	0.000000	0.596000	0.531783	
452	0.502212	548	0.677007	9.035380	0	0.000000	0.598000	0.531828	
456	0.467105	544	0.696691	9.035380	0	0.000000	0.592000	0.531869	
443	0.340858	557	0.671454	9.035380	0	0.000000	0.525000	0.531864	
443	0.275395	557	0.675045	9.035380	0	0.000000	0.498000	0.531841	
456	0.346491	544	0.689338	9.035380	0	0.000000	0.533000	0.531842	
463	0.360691	537	0.694600	9.035380	0	0.000000	0.540000	0.531848	
446	0.161435	554	0.691336	9.035380	0	0.000000	0.455000	0.531796	
453	0.419426	547	0.709324	9.035380	0	0.000000	0.578000	0.531827	
460	0.465217	540	0.674074	9.035380	0	0.000000	0.578000	0.531858	
439	0.211845	561	0.705882	9.035380	0	0.000000	0.489000	0.531829	
430	0.288372	570	0.677193	9.035380	0	0.000000	0.510000	0.531815	
429	0.093240	571	0.690018	9.035380	0	0.000000	0.434000	0.531749	
446	0.363229	554	0.673285	9.035380	0	0.000000	0.535000	0.531751	
439	0.287016	561	0.655971	9.035380	0	0.000000	0.494000	0.531726	
432	0.342593	568	0.677817	9.035380	0	0.000000	0.533000	0.531727	
456	0.309211	544	0.698529	9.035380	0	0.000000	0.521000	0.531720	
453	0.236203	547	0.665448	9.035380	0	0.000000	0.471000	0.531679	
465	0.404301	535	0.730841	9.035380	0	0.000000	0.579000	0.531711	
445	0.382022	555	0.673874	9.035380	0	0.000000	0.544000	0.531719	
457	0.341357	543	0.705341	9.035380	0	0.000000	0.539000	0.531724	
437	0.437071	563	0.710480	9.035380	0	0.000000	0.591000	0.531763	
454	0.422907	546	0.686813	9.035380	0	0.000000	0.567000	0.531787	
428	0.242991	572	0.694056	9.035380	0	0.000000	0.501000	0.531766	
462	0.277056	538	0.667286	9.035380	0	0.000000	0.487000	0.531736	
459	0.376906	541	0.704251	9.035380	0	0.000000	0.554000	0.531751	
446	0.358744	554	0.604693	9.035380	0	0.000000	0.495000	0.531727	
461	0.409978	539	0.710575	9.035380	0	0.000000	0.572000	0.531753	
440	0.454545	560	0.703571	9.035380	0	0.000000	0.594000	0.531795	
413	0.476998	587	0.654174	9.035380	0	0.000000	0.581000	0.531827	
446	0.403587	554	0.682310	9.035380	0	0.000000	0.558000	0.531845	
433	0.330254	567	0.730159	9.035380	0	0.000000	0.557000	0.531861	
445	0.267416	555	0.713514	9.035380	0	0.000000	0.515000	0.531850	
418	0.203349	582	0.671821	9.035380	0	0.000000	0.476000	0.531813	
451	0.314856	549	0.697632	9.035380	0	0.000000	0.525000	0.531809	
453	0.461369	547	0.702011	9.035380	0	0.000000	0.593000	0.531849	
478	0.441423	522	0.680077	9.035380	0	0.000000	0.566000	0.531872	
437	0.139588	563	0.674956	9.035380	0	0.000000	0.441000	0.531812	
457	0.332604	543	0.692449	9.035380	0	0.000000	0.528000	0.531809	
438	0.484018	562	0.661922	9.035380	0	0.000000	0.584000	0.531844	
484	0.340909	516	0.691860	9.035380	0	0.000000	0.522000	0.531837	
463	0.198704	537	0.724395	9.035380	0	0.000000	0.481000	0.531804	
450	0.331111	550	0.654545	9.035380	0	0.000000	0.509000	0.531789	
448	0.388393	552	0.686594	9.035380	0	0.000000	0.553000	0.531803	
439	0.403189	561	0.698752	9.035380	0	0.000000	0.569000	0.531827	
442	0.337104	558	0.666667	9.035380	0	0.000000	0.521000	0.531820	
440	0.343182	560	0.651786	9.035380	0	0.000000	0.516000	0.531810	
449	0.251670	551	0.700544	9.035380	0	0.000000	0.499000	0.531788	
414	0.285024	586	0.689420	9.035380	0	0.000000	0.522000	0.531782	
478	0.322176	522	0.655172	9.035380	0	0.000000	0.496000	0.531758	
438	0.422374	562	0.658363	9.035380	0	0.000000	0.555000	0.531774	
438	0.372146	562	0.725979	9.035380	0	0.000000	0.571000	0.531799	
407	0.351351	593	0.718381	9.035380	0	0.000000	0.569000	0.531823	
457	0.347921	543	0.685083	9.035380	0	0.000000	0.531000	0.531823	
473	0.118393	527	0.677419	9.035380	0	0.000000	0.413000	0.531745	
423	0.404255	577	0.688042	9.035380	0	0.000000	0.568000	0.531769	
468	0.378205	532	0.693609	9.035380	0	0.000000	0.546000	0.531778	
473	0.291755	527	0.749526	9.035380	0	0.000000	0.533000	0.531779	
497	0.426559	503	0.699801	9.035380	0	0.000000	0.564000	0.531800	
439	0.175399	561	0.691622	9.035380	0	0.000000	0.465000	0.531757	
437	0.443936	563	0.683837	9.035380	0	0.000000	0.579000	0.531787	
467	0.364026	533	0.722326	9.035380	0	0.000000	0.555000	0.531802	
437	0.324943	563	0.749556	9.035380	0	0.000000	0.564000	0.531823	
463	0.233261	537	0.720670	9.035380	0	0.000000	0.495000	0.531799	
479	0.469729	521	0.717850	9.035380	0	0.000000	0.599000	0.531843	
459	0.448802	541	0.682070	9.035380	0	0.000000	0.575000	0.531871	
439	0.444191	561	0.670232	9.035380	0	0.000000	0.571000	0.531896	
479	0.423800	521	0.685221	9.035380	0	0.000000	0.560000	0.531914	
454	0.343612	546	0.730769	9.035380	0	0.000000	0.555000	0.531929	
437	0.478261	563	0.717584	9.035380	0	0.000000	0.613000	0.531982	
469	0.469083	531	0.685499	9.035380	0	0.000000	0.584000	0.532015	
485	0.459794	515	0.652427	9.035380	0	0.000000	0.559000	0.532033	
484	0.390496	516	0.703488	9.035380	0	0.000000	0.552000	0.532045	
427	0.295082	573	0.724258	9.035380	0	0.000000	0.541000	0.532051	
476	0.304622	524	0.715649	9.035380	0	0.000000	0.520000	0.532043	
442	0.470588	558	0.679211	9.035380	0	0.000000	0.587000	0.532079	
420	0.457143	580	0.655172	9.035380	0	0.000000	0.572000	0.532104	
446	0.363229	554	0.667870	9.035380	0	0.000000	0.532000	0.532104	
445	0.357303	555	0.733333	9.035380	0	0.000000	0.566000	0.532126	
458	0.189956	542	0.714022	9.035380	0	0.000000	0.474000	0.532089	
441	0.351474	559	0.729875	9.035380	0	0.000000	0.563000	0.532109	
442	0.457014	558	0.711470	9.035380	0	0.000000	0.599000	0.532151	
423	0.368794	577	0.726170	9.035380	0	0.000000	0.575000	0.532179	
403	0.156328	597	0.706868	9.035380	0	0.000000	0.485000	0.532149	
424	0.002358	576	0.678819	9.035380	0	0.000000	0.392000	0.532059	
465	0.447312	535	0.685981	9.035380	0	0.000000	0.575000	0.532087	
447	0.395973	553	0.640145	9.035380	0	0.000000	0.531000	0.532086	
413	0.484262	587	0.662692	9.035380	0	0.000000	0.589000	0.532122	
430	0.390698	570	0.733333	9.035380	0	0.000000	0.586000	0.532157	
463	0.397408	537	0.659218	9.035380	0	0.000000	0.538000	0.532160	
448	0.254464	552	0.690217	9.035380	0	0.000000	0.495000	0.532137	
435	0.360920	565	0.644248	9.035380	0	0.000000	0.521000	0.532130	
470	0.314894	530	0.656604	9.035380	0	0.000000	0.496000	0.532107	
481	0.266112	519	0.697495	9.035380	0	0.000000	0.490000	0.532080	
439	0.366743	561	0.700535	9.035380	0	0.000000	0.554000	0.532094	
423	0.404255	577	0.757366	9.035380	0	0.000000	0.608000	0.532142	
427	0.245902	573	0.685864	9.035380	0	0.000000	0.498000	0.532120	
458	0.419214	542	0.712177	9.035380	0	0.000000	0.578000	0.532149	
456	0.214912	544	0.691176	9.035380	0	0.000000	0.474000	0.532112	
430	0.069767	570	0.691228	9.035380	0	0.000000	0.424000	0.532044	
465	0.374194	535	0.710280	9.035380	0	0.000000	0.554000	0.532058	
418	0.287081	582	0.697595	9.035380	0	0.000000	0.526000	0.532054	
424	0.306604	576	0.734375	9.035380	0	0.000000	0.553000	0.532067	
426	0.453052	574	0.733449	9.035380	0	0.000000	0.614000	0.532119	
426	0.211268	574	0.653310	9.035380	0	0.000000	0.465000	0.532077	
435	0.225287	565	0.695575	9.035380	0	0.000000	0.491000	0.532051	
466	0.002146	534	0.664794	9.035380	0	0.000000	0.356000	0.531940	
472	0.194915	528	0.698864	9.035380	0	0.000000	0.461000	0.531895	
432	0.365741	568	0.665493	9.035380	0	0.000000	0.536000	0.531898	
450	0.231111	550	0.678182	9.035380	0	0.000000	0.477000	0.531863	
439	0.216401	561	0.689840	9.035380	0	0.000000	0.482000	0.531832	
440	0.059091	560	0.680357	9.035380	0	0.000000	0.407000	0.531753	
461	0.451193	539	0.712430	9.035380	0	0.000000	0.592000	0.531791	
478	0.466527	522	0.701149	9.035380	0	0.000000	0.589000	0.531827	
438	0.415525	562	0.697509	9.035380	0	0.000000	0.574000	0.531853	
438	0.312785	562	0.685053	9.035380	0	0.000000	0.522000	0.531847	
420	0.371429	580	0.689655	9.035380	0	0.000000	0.556000	0.531862	
471	0.290870	529	0.686200	9.035380	0	0.000000	0.500000	0.531842	
438	0.280822	562	0.683274	9.035380	0	0.000000	0.507000	0.531827	
409	0.464548	591	0.693739	9.035380	0	0.000000	0.600000	0.531870	
475	0.332632	525	0.674286	9.035380	0	0.000000	0.512000	0.531857	
427	0.351288	573	0.682373	9.035380	0	0.000000	0.541000	0.531863	
472	0.050847	528	0.657197	9.035380	0	0.000000	0.371000	0.531762	
459	0.448802	541	0.695009	9.035380	0	0.000000	0.582000	0.531794	
445	0.260674	555	0.720721	9.035380	0	0.000000	0.516000	0.531784	
467	0.252677	533	0.677298	9.035380	0	0.000000	0.479000	0.531751	
462	0.201299	538	0.667286	9.035380	0	0.000000	0.452000	0.531701	
415	0.371084	585	0.658120	9.035380	0	0.000000	0.539000	0.531706	
429	0.396270	571	0.669002	9.035380	0	0.000000	0.552000	0.531719	
452	0.097345	548	0.708029	9.035380	0	0.000000	0.432000	0.531657	
470	0.342553	530	0.633962	9.035380	0	0.000000	0.497000	0.531635	
446	0.412556	554	0.722022	9.035380	0	0.000000	0.584000	0.531668	
451	0.487805	549	0.699454	9.035380	0	0.000000	0.604000	0.531712	
424	0.323113	576	0.701389	9.035380	0	0.000000	0.541000	0.531718	
435	0.282759	565	0.692035	9.035380	0	0.000000	0.514000	0.531707	
437	0.329519	563	0.712256	9.035380	0	0.000000	0.545000	0.531715	
418	0.406699	582	0.663230	9.035380	0	0.000000	0.556000	0.531730	
454	0.299559	546	0.666667	9.035380	0	0.000000	0.500000	0.531711	
475	0.187368	525	0.697143	9.035380	0	0.000000	0.455000	0.531663	
488	0.297131	512	0.710938	9.035380	0	0.000000	0.509000	0.531649	
454	0.422907	546	0.714286	9.035380	0	0.000000	0.582000	0.531681	
460	0.454348	540	0.650000	9.035380	0	0.000000	0.560000	0.531698	
440	0.000000	560	0.716071	9.035380	0	0.000000	0.401000	0.531617	
446	0.134529	554	0.667870	9.035380	0	0.000000	0.430000	0.531555	
422	0.405213	578	0.717993	9.035380	0	0.000000	0.586000	0.531588	
467	0.389722	533	0.724203	9.035380	0	0.000000	0.568000	0.531611	
452	0.429204	548	0.740876	9.035380	0	0.000000	0.600000	0.531653	
434	0.412442	566	0.648410	9.035380	0	0.000000	0.546000	0.531662	
442	0.352941	558	0.686380	9.035380	0	0.000000	0.539000	0.531666	
421	0.361045	579	0.697755	9.035380	0	0.000000	0.556000	0.531681	
449	0.496659	551	0.705989	9.035380	0	0.000000	0.612000	0.531730	
399	0.325815	601	0.700499	9.035380	0	0.000000	0.551000	0.531742	
404	0.393564	596	0.713087	9.035380	0	0.000000	0.584000	0.531774	
420	0.502381	580	0.672414	9.035380	0	0.000000	0.601000	0.531817	
445	0.393258	555	0.704505	9.035380	0	0.000000	0.566000	0.531837	
436	0.392202	564	0.702128	9.035380	0	0.000000	0.567000	0.531859	
441	0.226757	559	0.701252	9.035380	0	0.000000	0.492000	0.531835	
449	0.138085	551	0.695100	9.035380	0	0.000000	0.445000	0.531782	
467	0.453961	533	0.720450	9.035380	0	0.000000	0.596000	0.531821	
384	0.145833	616	0.647727	9.035380	0	0.000000	0.455000	0.531774	
462	0.261905	538	0.695167	9.035380	0	0.000000	0.495000	0.531752	
406	0.177340	594	0.696970	9.035380	0	0.000000	0.486000	0.531724	
452	0.504425	548	0.718978	9.035380	0	0.000000	0.622000	0.531779	
423	0.380615	577	0.714038	9.035380	0	0.000000	0.573000	0.531804	
412	0.456311	588	0.698980	9.035380	0	0.000000	0.599000	0.531845	
441	0.408163	559	0.676208	9.035380	0	0.000000	0.558000	0.531860	
468	0.461538	532	0.719925	9.035380	0	0.000000	0.599000	0.531901	
449	0.416481	551	0.702359	9.035380	0	0.000000	0.574000	0.531927	
420	0.280952	580	0.639655	9.035380	0	0.000000	0.489000	0.531901	
443	0.431151	557	0.701975	9.035380	0	0.000000	0.582000	0.531931	
445	0.406742	555	0.753153	9.035380	0	0.000000	0.599000	0.531972	
417	0.479616	583	0.687822	9.035380	0	0.000000	0.601000	0.532014	
446	0.246637	554	0.642599	9.035380	0	0.000000	0.466000	0.531974	
482	0.336100	518	0.660232	9.035380	0	0.000000	0.504000	0.531957	
429	0.449883	571	0.670753	9.035380	0	0.000000	0.576000	0.531983	
481	0.422037	519	0.710983	9.035380	0	0.000000	0.572000	0.532008	
422	0.132701	578	0.686851	9.035380	0	0.000000	0.453000	0.531960	
433	0.346420	567	0.698413	9.035380	0	0.000000	0.546000	0.531968	
473	0.310782	527	0.690702	9.035380	0	0.000000	0.511000	0.531956	
438	0.333333	562	0.686833	9.035380	0	0.000000	0.532000	0.531956	
451	0.354767	549	0.723133	9.035380	0	0.000000	0.557000	0.531971	
451	0.390244	549	0.672131	9.035380	0	0.000000	0.545000	0.531979	
448	0.341518	552	0.711957	9.035380	0	0.000000	0.546000	0.531987	
464	0.096983	536	0.695896	9.035380	0	0.000000	0.418000	0.531919	
448	0.377232	552	0.682971	9.035380	0	0.000000	0.546000	0.531927	
458	0.475983	542	0.697417	9.035380	0	0.000000	0.596000	0.531965	
461	0.295011	539	0.667904	9.035380	0	0.000000	0.496000	0.531944	
446	0.394619	554	0.689531	9.035380	0	0.000000	0.558000	0.531959	
421	0.387173	579	0.635579	9.035380	0	0.000000	0.531000	0.531959	
405	0.237037	595	0.692437	9.035380	0	0.000000	0.508000	0.531945	
427	0.313817	573	0.708551	9.035380	0	0.000000	0.540000	0.531949	
455	0.158242	545	0.699083	9.035380	0	0.000000	0.453000	0.531902	
430	0.313953	570	0.705263	9.035380	0	0.000000	0.537000	0.531905	
458	0.465066	542	0.658672	9.035380	0	0.000000	0.570000	0.531928	
454	0.149780	546	0.712454	9.035380	0	0.000000	0.457000	0.531883	
420	0.354762	580	0.686207	9.035380	0	0.000000	0.547000	0.531892	
445	0.343820	555	0.691892	9.035380	0	0.000000	0.537000	0.531895	
456	0.410088	544	0.733456	9.035380	0	0.000000	0.586000	0.531928	
445	0.474157	555	0.718919	9.035380	0	0.000000	0.610000	0.531974	
405	0.377778	595	0.707563	9.035380	0	0.000000	0.574000	0.531999	
451	0.363636	549	0.684882	9.035380	0	0.000000	0.540000	0.532004	
423	0.342790	577	0.700173	9.035380	0	0.000000	0.549000	0.532014	
468	0.220085	532	0.744361	9.035380	0	0.000000	0.499000	0.531994	
450	0.351111	550	0.752727	9.035380	0	0.000000	0.572000	0.532018	
450	0.408889	550	0.714545	9.035380	0	0.000000	0.577000	0.532045	
419	0.377088	581	0.736661	9.035380	0	0.000000	0.586000	0.532077	
430	0.202326	570	0.670175	9.035380	0	0.000000	0.469000	0.532039	
419	0.190931	581	0.719449	9.035380	0	0.000000	0.498000	0.532019	
461	0.347072	539	0.677180	9.035380	0	0.000000	0.525000	0.532015	
444	0.310811	556	0.658273	9.035380	0	0.000000	0.504000	0.531999	
434	0.467742	566	0.703180	9.035380	0	0.000000	0.601000	0.532039	
439	0.341686	561	0.673797	9.035380	0	0.000000	0.528000	0.532037	
419	0.448687	581	0.712565	9.035380	0	0.000000	0.602000	0.532078	
438	0.369863	562	0.656584	9.035380	0	0.000000	0.531000	0.532078	
469	0.070362	531	0.662900	9.035380	0	0.000000	0.385000	0.531991	
447	0.302013	553	0.714286	9.035380	0	0.000000	0.530000	0.531990	
433	0.399538	567	0.703704	9.035380	0	0.000000	0.572000	0.532013	
419	0.093079	581	0.666093	9.035380	0	0.000000	0.426000	0.531951	
444	0.162162	556	0.694245	9.035380	0	0.000000	0.458000	0.531907	
418	0.177033	582	0.680412	9.035380	0	0.000000	0.470000	0.531871	
427	0.402810	573	0.680628	9.035380	0	0.000000	0.562000	0.531889	
448	0.379464	552	0.686594	9.035380	0	0.000000	0.549000	0.531899	
428	0.126168	572	0.688811	9.035380	0	0.000000	0.448000	0.531849	
421	0.187648	579	0.694301	9.035380	0	0.000000	0.481000	0.531819	
473	0.319239	527	0.694497	9.035380	0	0.000000	0.517000	0.531811	
400	0.362500	600	0.680000	9.035380	0	0.000000	0.553000	0.531823	
433	0.413395	567	0.693122	9.035380	0	0.000000	0.572000	0.531847	
458	0.353712	542	0.701107	9.035380	0	0.000000	0.542000	0.531853	
475	0.052632	525	0.683810	9.035380	0	0.000000	0.384000	0.531766	
445	0.078652	555	0.672072	9.035380	0	0.000000	0.408000	0.531694	
433	0.415704	567	0.663139	9.035380	0	0.000000	0.556000	0.531708	
437	0.503432	563	0.671403	9.035380	0	0.000000	0.598000	0.531747	
436	0.252294	564	0.675532	9.035380	0	0.000000	0.491000	0.531723	
459	0.106754	541	0.683919	9.035380	0	0.000000	0.419000	0.531657	
444	0.220721	556	0.688849	9.035380	0	0.000000	0.481000	0.531627	
479	0.455115	521	0.650672	9.035380	0	0.000000	0.557000	0.531642	
480	0.270833	520	0.717308	9.035380	0	0.000000	0.503000	0.531626	
452	0.402655	548	0.691606	9.035380	0	0.000000	0.561000	0.531643	
471	0.452229	529	0.705104	9.035380	0	0.000000	0.586000	0.531674	
461	0.338395	539	0.695733	9.035380	0	0.000000	0.531000	0.531674	
436	0.048165	564	0.675532	9.035380	0	0.000000	0.402000	0.531599	
425	0.482353	575	0.690435	9.035380	0	0.000000	0.602000	0.531639	
478	0.290795	522	0.683908	9.035380	0	0.000000	0.496000	0.531619	
446	0.443946	554	0.707581	9.035380	0	0.000000	0.590000	0.531653	
444	0.209459	556	0.730216	9.035380	0	0.000000	0.499000	0.531634	
430	0.448837	570	0.692982	9.035380	0	0.000000	0.588000	0.531666	
433	0.482679	567	0.700176	9.035380	0	0.000000	0.606000	0.531709	
419	0.322196	581	0.722892	9.035380	0	0.000000	0.555000	0.531723	
452	0.185841	548	0.706204	9.035380	0	0.000000	0.471000	0.531688	
476	0.109244	524	0.688931	9.035380	0	0.000000	0.413000	0.531619	
436	0.490826	564	0.663121	9.035380	0	0.000000	0.588000	0.531652	
441	0.405896	559	0.658318	9.035380	0	0.000000	0.547000	0.531661	
428	0.303738	572	0.701049	9.035380	0	0.000000	0.531000	0.531660	
448	0.316964	552	0.697464	9.035380	0	0.000000	0.527000	0.531658	
476	0.363445	524	0.700382	9.035380	0	0.000000	0.540000	0.531662	
444	0.425676	556	0.669065	9.035380	0	0.000000	0.561000	0.531679	
470	0.306383	530	0.673585	9.035380	0	0.000000	0.501000	0.531662	
436	0.240826	564	0.721631	9.035380	0	0.000000	0.512000	0.531650	
449	0.276169	551	0.676951	9.035380	0	0.000000	0.497000	0.531630	
465	0.348387	535	0.672897	9.035380	0	0.000000	0.522000	0.531625	
444	0.405405	556	0.683453	9.035380	0	0.000000	0.560000	0.531641	
448	0.200893	552	0.634058	9.035380	0	0.000000	0.440000	0.531588	
436	0.332569	564	0.716312	9.035380	0	0.000000	0.549000	0.531598	
439	0.298405	561	0.695187	9.035380	0	0.000000	0.521000	0.531592	
473	0.357294	527	0.681214	9.035380	0	0.000000	0.528000	0.531590	
470	0.393617	530	0.690566	9.035380	0	0.000000	0.551000	0.531601	
443	0.404063	557	0.685817	9.035380	0	0.000000	0.561000	0.531618	
466	0.390558	534	0.696629	9.035380	0	0.000000	0.554000	0.531631	
441	0.371882	559	0.728086	9.035380	0	0.000000	0.571000	0.531654	
434	0.253456	566	0.736749	9.035380	0	0.000000	0.527000	0.531651	
443	0.372460	557	0.682226	9.035380	0	0.000000	0.545000	0.531659	
435	0.282759	565	0.667257	9.035380	0	0.000000	0.500000	0.531640	
449	0.167038	551	0.740472	9.035380	0	0.000000	0.483000	0.531613	
427	0.213115	573	0.708551	9.035380	0	0.000000	0.497000	0.531593	
445	0.289888	555	0.722523	9.035380	0	0.000000	0.530000	0.531592	
432	0.430556	568	0.714789	9.035380	0	0.000000	0.592000	0.531626	
440	0.281818	560	0.726786	9.035380	0	0.000000	0.531000	0.531626	
407	0.484029	593	0.654300	9.035380	0	0.000000	0.585000	0.531656	
458	0.224891	542	0.677122	9.035380	0	0.000000	0.470000	0.531621	
460	0.271739	540	0.633333	9.035380	0	0.000000	0.467000	0.531585	
472	0.466102	528	0.721591	9.035380	0	0.000000	0.601000	0.531624	
430	0.186047	570	0.694737	9.035380	0	0.000000	0.476000	0.531593	
458	0.484716	542	0.723247	9.035380	0	0.000000	0.614000	0.531639	
442	0.325792	558	0.659498	9.035380	0	0.000000	0.512000	0.531628	
466	0.401288	534	0.705993	9.035380	0	0.000000	0.564000	0.531647	
459	0.372549	541	0.659889	9.035380	0	0.000000	0.528000	0.531644	
457	0.282276	543	0.677716	9.035380	0	0.000000	0.497000	0.531625	
442	0.262443	558	0.657706	9.035380	0	0.000000	0.483000	0.531597	
491	0.348269	509	0.673870	9.035380	0	0.000000	0.514000	0.531587	
440	0.425000	560	0.733929	9.035380	0	0.000000	0.598000	0.531625	
436	0.447248	564	0.707447	9.035380	0	0.000000	0.594000	0.531660	
450	0.428889	550	0.698182	9.035380	0	0.000000	0.577000	0.531686	
460	0.447826	540	0.659259	9.035380	0	0.000000	0.562000	0.531703	
480	0.435417	520	0.698077	9.035380	0	0.000000	0.572000	0.531726	
441	0.265306	559	0.726297	9.035380	0	0.000000	0.523000	0.531721	
445	0.159551	555	0.652252	9.035380	0	0.000000	0.433000	0.531665	
451	0.361419	549	0.732240	9.035380	0	0.000000	0.565000	0.531684	
428	0.341121	572	0.662587	9.035380	0	0.000000	0.525000	0.531680	
468	0.461538	532	0.671053	9.035380	0	0.000000	0.573000	0.531703	
445	0.453933	555	0.695495	9.035380	0	0.000000	0.588000	0.531735	
469	0.057569	531	0.661017	9.035380	0	0.000000	0.378000	0.531649	
471	0.386412	529	0.710775	9.035380	0	0.000000	0.558000	0.531663	
429	0.048951	571	0.735552	9.035380	0	0.000000	0.441000	0.531612	
447	0.310962	553	0.735986	9.035380	0	0.000000	0.546000	0.531621	
452	0.157080	548	0.715328	9.035380	0	0.000000	0.463000	0.531582	
460	0.326087	540	0.657407	9.035380	0	0.000000	0.505000	0.531567	
450	0.493333	550	0.720000	9.035380	0	0.000000	0.618000	0.531616	
467	0.334047	533	0.714822	9.035380	0	0.000000	0.537000	0.531619	
472	0.385593	528	0.740530	9.035380	0	0.000000	0.573000	0.531642	
464	0.323276	536	0.703358	9.035380	0	0.000000	0.527000	0.531639	
458	0.393013	542	0.704797	9.035380	0	0.000000	0.562000	0.531656	
449	0.307350	551	0.675136	9.035380	0	0.000000	0.510000	0.531644	
389	0.161954	611	0.698854	9.035380	0	0.000000	0.490000	0.531621	
444	0.342342	556	0.647482	9.035380	0	0.000000	0.512000	0.531610	
464	0.487069	536	0.654851	9.035380	0	0.000000	0.577000	0.531635	
420	0.471429	580	0.674138	9.035380	0	0.000000	0.589000	0.531667	
432	0.456019	568	0.739437	9.035380	0	0.000000	0.617000	0.531715	
466	0.437768	534	0.610487	9.035380	0	0.000000	0.530000	0.531714	
428	0.380841	572	0.716783	9.035380	0	0.000000	0.573000	0.531737	
515	0.500971	485	0.600000	9.035380	0	0.000000	0.549000	0.531746	
433	0.367206	567	0.710758	9.035380	0	0.000000	0.562000	0.531763	
468	0.344017	532	0.654135	9.035380	0	0.000000	0.509000	0.531750	
450	0.253333	550	0.727273	9.035380	0	0.000000	0.514000	0.531741	
449	0.296214	551	0.715064	9.035380	0	0.000000	0.527000	0.531738	
449	0.492205	551	0.711434	9.035380	0	0.000000	0.613000	0.531783	
427	0.400468	573	0.680628	9.035380	0	0.000000	0.561000	0.531799	
416	0.372596	584	0.703767	9.035380	0	0.000000	0.566000	0.531818	
473	0.380550	527	0.694497	9.035380	0	0.000000	0.546000	0.531826	
465	0.473118	535	0.697196	9.035380	0	0.000000	0.593000	0.531860	
483	0.434783	517	0.688588	9.035380	0	0.000000	0.566000	0.531879	
479	0.144050	521	0.690979	9.035380	0	0.000000	0.429000	0.531822	
467	0.374732	533	0.726079	9.035380	0	0.000000	0.562000	0.531838	
417	0.285372	583	0.677530	9.035380	0	0.000000	0.514000	0.531829	
474	0.297468	526	0.718631	9.035380	0	0.000000	0.519000	0.531822	
461	0.253796	539	0.710575	9.035380	0	0.000000	0.500000	0.531804	
432	0.310185	568	0.730634	9.035380	0	0.000000	0.549000	0.531813	
422	0.421801	578	0.666090	9.035380	0	0.000000	0.563000	0.531831	
432	0.293981	568	0.697183	9.035380	0	0.000000	0.523000	0.531826	
408	0.453431	592	0.684122	9.035380	0	0.000000	0.590000	0.531858	
438	0.436073	562	0.688612	9.035380	0	0.000000	0.578000	0.531883	
423	0.404255	577	0.729636	9.035380	0	0.000000	0.592000	0.531916	
474	0.362869	526	0.680608	9.035380	0	0.000000	0.530000	0.531915	
431	0.422274	569	0.720562	9.035380	0	0.000000	0.592000	0.531948	
451	0.368071	549	0.701275	9.035380	0	0.000000	0.551000	0.531959	
430	0.365116	570	0.692982	9.035380	0	0.000000	0.552000	0.531970	
439	0.261959	561	0.695187	9.035380	0	0.000000	0.505000	0.531955	
436	0.380734	564	0.689716	9.035380	0	0.000000	0.555000	0.531967	
440	0.427273	560	0.753571	9.035380	0	0.000000	0.610000	0.532010	
418	0.485646	582	0.664948	9.035380	0	0.000000	0.590000	0.532042	
449	0.309577	551	0.682396	9.035380	0	0.000000	0.515000	0.532033	
435	0.002299	565	0.628319	9.035380	0	0.000000	0.356000	0.531936	
396	0.239899	604	0.693709	9.035380	0	0.000000	0.514000	0.531927	
437	0.311213	563	0.671403	9.035380	0	0.000000	0.514000	0.531917	
445	0.348315	555	0.711712	9.035380	0	0.000000	0.550000	0.531927	
468	0.388889	532	0.712406	9.035380	0	0.000000	0.561000	0.531942	
425	0.032941	575	0.706087	9.035380	0	0.000000	0.420000	0.531881	
454	0.295154	546	0.695971	9.035380	0	0.000000	0.514000	0.531872	
444	0.364865	556	0.706835	9.035380	0	0.000000	0.555000	0.531884	
437	0.416476	563	0.708703	9.035380	0	0.000000	0.581000	0.531911	
394	0.413706	606	0.706271	9.035380	0	0.000000	0.591000	0.531943	
487	0.258727	513	0.666667	9.035380	0	0.000000	0.468000	0.531908	
422	0.454976	578	0.695502	9.035380	0	0.000000	0.594000	0.531942	
393	0.458015	607	0.657331	9.035380	0	0.000000	0.579000	0.531968	
406	0.366995	594	0.718855	9.035380	0	0.000000	0.576000	0.531992	
443	0.200903	557	0.696589	9.035380	0	0.000000	0.477000	0.531962	
426	0.288732	574	0.710801	9.035380	0	0.000000	0.531000	0.531961	
470	0.229787	530	0.720755	9.035380	0	0.000000	0.490000	0.531938	
434	0.290323	566	0.704947	9.035380	0	0.000000	0.525000	0.531935	
421	0.515439	579	0.666667	9.035380	0	0.000000	0.603000	0.531973	
430	0.325581	570	0.722807	9.035380	0	0.000000	0.552000	0.531984	
447	0.427293	553	0.692586	9.035380	0	0.000000	0.574000	0.532007	
417	0.119904	583	0.703259	9.035380	0	0.000000	0.460000	0.531968	
444	0.412162	556	0.697842	9.035380	0	0.000000	0.571000	0.531989	
424	0.424528	576	0.741319	9.035380	0	0.000000	0.607000	0.532029	
464	0.476293	536	0.712687	9.035380	0	0.000000	0.603000	0.532068	
453	0.439294	547	0.658135	9.035380	0	0.000000	0.559000	0.532082	
455	0.439560	545	0.704587	9.035380	0	0.000000	0.584000	0.532110	
409	0.374083	591	0.661591	9.035380	0	0.000000	0.544000	0.532117	
428	0.460280	572	0.664336	9.035380	0	0.000000	0.577000	0.532141	
460	0.321739	540	0.709259	9.035380	0	0.000000	0.531000	0.532140	
391	0.388747	609	0.733990	9.035380	0	0.000000	0.599000	0.532176	
450	0.417778	550	0.678182	9.035380	0	0.000000	0.561000	0.532192	
414	0.359903	586	0.708191	9.035380	0	0.000000	0.564000	0.532209	
448	0.410714	552	0.728261	9.035380	0	0.000000	0.586000	0.532238	
447	0.418345	553	0.761302	9.035380	0	0.000000	0.608000	0.532278	
463	0.161987	537	0.687151	9.035380	0	0.000000	0.444000	0.532231	
398	0.293970	602	0.692691	9.035380	0	0.000000	0.534000	0.532232	
433	0.210162	567	0.707231	9.035380	0	0.000000	0.492000	0.532210	
446	0.401345	554	0.696751	9.035380	0	0.000000	0.565000	0.532228	
422	0.471564	578	0.669550	9.035380	0	0.000000	0.586000	0.532257	
442	0.115385	558	0.738351	9.035380	0	0.000000	0.463000	0.532220	
443	0.401806	557	0.646320	9.035380	0	0.000000	0.538000	0.532223	
421	0.337292	579	0.708117	9.035380	0	0.000000	0.552000	0.532233	
444	0.497748	556	0.656475	9.035380	0	0.000000	0.586000	0.532262	
409	0.405868	591	0.714044	9.035380	0	0.000000	0.588000	0.532292	
447	0.434004	553	0.730561	9.035380	0	0.000000	0.598000	0.532327	
455	0.329670	545	0.684404	9.035380	0	0.000000	0.523000	0.532322	
424	0.393868	576	0.675347	9.035380	0	0.000000	0.556000	0.532334	
423	0.394799	577	0.688042	9.035380	0	0.000000	0.564000	0.532351	
450	0.217778	550	0.685455	9.035380	0	0.000000	0.475000	0.532321	
467	0.430407	533	0.645403	9.035380	0	0.000000	0.545000	0.532327	
444	0.416667	556	0.656475	9.035380	0	0.000000	0.550000	0.532337	
424	0.448113	576	0.670139	9.035380	0	0.000000	0.576000	0.532360	
480	0.389583	520	0.711538	9.035380	0	0.000000	0.557000	0.532373	
425	0.414118	575	0.706087	9.035380	0	0.000000	0.582000	0.532399	
451	0.308204	549	0.708561	9.035380	0	0.000000	0.528000	0.532397	
454	0.422907	546	0.703297	9.035380	0	0.000000	0.576000	0.532420	
394	0.304569	606	0.679868	9.035380	0	0.000000	0.532000	0.532420	
455	0.356044	545	0.697248	9.035380	0	0.000000	0.542000	0.532425	
404	0.341584	596	0.664430	9.035380	0	0.000000	0.534000	0.532426	
440	0.311364	560	0.669643	9.035380	0	0.000000	0.512000	0.532415	
446	0.322870	554	0.685921	9.035380	0	0.000000	0.524000	0.532411	
482	0.211618	518	0.722008	9.035380	0	0.000000	0.476000	0.532381	
470	0.134043	530	0.718868	9.035380	0	0.000000	0.444000	0.532334	
442	0.264706	558	0.715054	9.035380	0	0.000000	0.516000	0.532325	
395	0.432911	605	0.692562	9.035380	0	0.000000	0.590000	0.532356	
432	0.428241	568	0.690141	9.035380	0	0.000000	0.577000	0.532379	
430	0.376744	570	0.663158	9.035380	0	0.000000	0.540000	0.532383	
454	0.389868	546	0.719780	9.035380	0	0.000000	0.570000	0.532403	
445	0.395506	555	0.700901	9.035380	0	0.000000	0.565000	0.532420	
443	0.367946	557	0.682226	9.035380	0	0.000000	0.543000	0.532426	
470	0.461702	530	0.726415	9.035380	0	0.000000	0.602000	0.532463	
439	0.389522	561	0.682709	9.035380	0	0.000000	0.554000	0.532474	
461	0.414317	539	0.708720	9.035380	0	0.000000	0.573000	0.532495	
410	0.224390	590	0.708475	9.035380	0	0.000000	0.510000	0.532483	
423	0.304965	577	0.681109	9.035380	0	0.000000	0.522000	0.532478	
451	0.372506	549	0.703097	9.035380	0	0.000000	0.554000	0.532489	
462	0.419913	538	0.665428	9.035380	0	0.000000	0.552000	0.532499	
454	0.455947	546	0.637363	9.035380	0	0.000000	0.555000	0.532511	
466	0.435622	534	0.606742	9.035380	0	0.000000	0.527000	0.532508	
431	0.259861	569	0.674868	9.035380	0	0.000000	0.496000	0.532489	
464	0.349138	536	0.675373	9.035380	0	0.000000	0.524000	0.532485	
419	0.350835	581	0.652324	9.035380	0	0.000000	0.526000	0.532481	
443	0.345372	557	0.655296	9.035380	0	0.000000	0.518000	0.532474	
430	0.453488	570	0.628070	9.035380	0	0.000000	0.553000	0.532485	
448	0.272321	552	0.657609	9.035380	0	0.000000	0.485000	0.532460	
448	0.392857	552	0.673913	9.035380	0	0.000000	0.548000	0.532468	
455	0.421978	545	0.664220	9.035380	0	0.000000	0.554000	0.532479	
422	0.450237	578	0.674740	9.035380	0	0.000000	0.580000	0.532504	
444	0.500000	556	0.688849	9.035380	0	0.000000	0.605000	0.532542	
432	0.488426	568	0.732394	9.035380	0	0.000000	0.627000	0.532591	
472	0.245763	528	0.712121	9.035380	0	0.000000	0.492000	0.532570	
480	0.408333	520	0.744231	9.035380	0	0.000000	0.583000	0.532596	
461	0.472885	539	0.692022	9.035380	0	0.000000	0.591000	0.532626	
461	0.466377	539	0.727273	9.035380	0	0.000000	0.607000	0.532665	
450	0.346667	550	0.694545	9.035380	0	0.000000	0.538000	0.532668	
424	0.450472	576	0.723958	9.035380	0	0.000000	0.608000	0.532707	
456	0.263158	544	0.665441	9.035380	0	0.000000	0.482000	0.532681	
424	0.235849	576	0.699653	9.035380	0	0.000000	0.503000	0.532665	
451	0.303769	549	0.734062	9.035380	0	0.000000	0.540000	0.532669	
468	0.371795	532	0.733083	9.035380	0	0.000000	0.564000	0.532685	
454	0.398678	546	0.695971	9.035380	0	0.000000	0.561000	0.532700	
410	0.290244	590	0.677966	9.035380	0	0.000000	0.519000	0.532693	
443	0.302483	557	0.660682	9.035380	0	0.000000	0.502000	0.532677	
474	0.478903	526	0.692015	9.035380	0	0.000000	0.591000	0.532707	
428	0.217290	572	0.715035	9.035380	0	0.000000	0.502000	0.532691	
414	0.345411	586	0.733788	9.035380	0	0.000000	0.573000	0.532712	
449	0.287305	551	0.693285	9.035380	0	0.000000	0.511000	0.532701	
449	0.409800	551	0.700544	9.035380	0	0.000000	0.570000	0.532720	
430	0.418605	570	0.742105	9.035380	0	0.000000	0.603000	0.532756	
462	0.497835	538	0.698885	9.035380	0	0.000000	0.606000	0.532794	
475	0.162105	525	0.740952	9.035380	0	0.000000	0.466000	0.532760	
429	0.524476	571	0.674256	9.035380	0	0.000000	0.610000	0.532799	
452	0.294248	548	0.669708	9.035380	0	0.000000	0.500000	0.532783	
428	0.315421	572	0.695804	9.035380	0	0.000000	0.533000	0.532783	
444	0.391892	556	0.699640	9.035380	0	0.000000	0.563000	0.532798	
462	0.484848	538	0.711896	9.035380	0	0.000000	0.607000	0.532836	
446	0.417040	554	0.689531	9.035380	0	0.000000	0.568000	0.532854	
438	0.340183	562	0.706406	9.035380	0	0.000000	0.546000	0.532861	
437	0.297483	563	0.683837	9.035380	0	0.000000	0.515000	0.532852	
448	0.216518	552	0.722826	9.035380	0	0.000000	0.496000	0.532833	
466	0.375536	534	0.685393	9.035380	0	0.000000	0.541000	0.532837	
474	0.430380	526	0.726236	9.035380	0	0.000000	0.586000	0.532864	
466	0.381974	534	0.707865	9.035380	0	0.000000	0.556000	0.532876	
446	0.161435	554	0.736462	9.035380	0	0.000000	0.480000	0.532849	
465	0.339785	535	0.725234	9.035380	0	0.000000	0.546000	0.532856	
452	0.440265	548	0.656934	9.035380	0	0.000000	0.559000	0.532869	
479	0.438413	521	0.710173	9.035380	0	0.000000	0.580000	0.532893	
512	0.265625	488	0.696721	9.035380	0	0.000000	0.476000	0.532864	
447	0.302013	553	0.660036	9.035380	0	0.000000	0.500000	0.532848	
440	0.347727	560	0.750000	9.035380	0	0.000000	0.573000	0.532868	
443	0.413093	557	0.658887	9.035380	0	0.000000	0.550000	0.532877	
422	0.426540	578	0.674740	9.035380	0	0.000000	0.570000	0.532896	
437	0.302059	563	0.705151	9.035380	0	0.000000	0.529000	0.532894	
457	0.332604	543	0.696133	9.035380	0	0.000000	0.530000	0.532892	
482	0.406639	518	0.689189	9.035380	0	0.000000	0.553000	0.532903	
465	0.333333	535	0.728972	9.035380	0	0.000000	0.545000	0.532909	
420	0.192857	580	0.672414	9.035380	0	0.000000	0.471000	0.532877	
423	0.052009	577	0.703640	9.035380	0	0.000000	0.428000	0.532824	
416	0.449519	584	0.678082	9.035380	0	0.000000	0.583000	0.532849	
430	0.393023	570	0.703509	9.035380	0	0.000000	0.570000	0.532868	
456	0.445175	544	0.691176	9.035380	0	0.000000	0.579000	0.532892	
459	0.342048	541	0.696858	9.035380	0	0.000000	0.534000	0.532892	
452	0.371681	548	0.735401	9.035380	0	0.000000	0.571000	0.532912	
448	0.363839	552	0.733696	9.035380	0	0.000000	0.568000	0.532929	
450	0.431111	550	0.714545	9.035380	0	0.000000	0.587000	0.532957	
449	0.409800	551	0.740472	9.035380	0	0.000000	0.592000	0.532987	
470	0.168085	530	0.705660	9.035380	0	0.000000	0.453000	0.532946	
435	0.409195	565	0.727434	9.035380	0	0.000000	0.589000	0.532974	
437	0.343249	563	0.678508	9.035380	0	0.000000	0.532000	0.532974	
412	0.446602	588	0.721088	9.035380	0	0.000000	0.608000	0.533012	
456	0.421053	544	0.693015	9.035380	0	0.000000	0.569000	0.533030	
456	0.361842	544	0.689338	9.035380	0	0.000000	0.540000	0.533034	
455	0.351648	545	0.717431	9.035380	0	0.000000	0.551000	0.533043	
429	0.405594	571	0.732049	9.035380	0	0.000000	0.592000	0.533072	
447	0.422819	553	0.669078	9.035380	0	0.000000	0.559000	0.533085	
454	0.473568	546	0.683150	9.035380	0	0.000000	0.588000	0.533113	
447	0.170022	553	0.683544	9.035380	0	0.000000	0.454000	0.533073	
444	0.286036	556	0.690647	9.035380	0	0.000000	0.511000	0.533062	
429	0.382284	571	0.658494	9.035380	0	0.000000	0.540000	0.533066	
418	0.358852	582	0.659794	9.035380	0	0.000000	0.534000	0.533066	
468	0.527778	532	0.687970	9.035380	0	0.000000	0.613000	0.533106	
426	0.438967	574	0.681185	9.035380	0	0.000000	0.578000	0.533129	
419	0.427208	581	0.698795	9.035380	0	0.000000	0.585000	0.533155	
458	0.421397	542	0.704797	9.035380	0	0.000000	0.575000	0.533176	
441	0.290249	559	0.686941	9.035380	0	0.000000	0.512000	0.533165	
457	0.385120	543	0.696133	9.035380	0	0.000000	0.554000	0.533176	
462	0.240260	538	0.669145	9.035380	0	0.000000	0.471000	0.533144	
492	0.420732	508	0.700787	9.035380	0	0.000000	0.563000	0.533159	
430	0.174419	570	0.673684	9.035380	0	0.000000	0.459000	0.533122	
469	0.076759	531	0.651601	9.035380	0	0.000000	0.382000	0.533047	
468	0.444444	532	0.718045	9.035380	0	0.000000	0.590000	0.533075	
464	0.269397	536	0.692164	9.035380	0	0.000000	0.496000	0.533057	
419	0.181384	581	0.660929	9.035380	0	0.000000	0.460000	0.533020	
418	0.349282	582	0.709622	9.035380	0	0.000000	0.559000	0.533033	
432	0.400463	568	0.670775	9.035380	0	0.000000	0.554000	0.533044	
403	0.166253	597	0.698492	9.035380	0	0.000000	0.484000	0.533019	
410	0.346341	590	0.669492	9.035380	0	0.000000	0.537000	0.533021	
411	0.447689	589	0.702886	9.035380	0	0.000000	0.598000	0.533054	
424	0.344340	576	0.690972	9.035380	0	0.000000	0.544000	0.533059	
456	0.429825	544	0.669118	9.035380	0	0.000000	0.560000	0.533072	
410	0.497561	590	0.684746	9.035380	0	0.000000	0.608000	0.533110	
436	0.401376	564	0.696809	9.035380	0	0.000000	0.568000	0.533127	
466	0.326180	534	0.685393	9.035380	0	0.000000	0.518000	0.533119	
466	0.261803	534	0.717228	9.035380	0	0.000000	0.505000	0.533105	
438	0.242009	562	0.704626	9.035380	0	0.000000	0.502000	0.533090	
438	0.356164	562	0.679715	9.035380	0	0.000000	0.538000	0.533092	
471	0.420382	529	0.720227	9.035380	0	0.000000	0.579000	0.533115	
480	0.397917	520	0.692308	9.035380	0	0.000000	0.551000	0.533124	
447	0.161074	553	0.717902	9.035380	0	0.000000	0.469000	0.533092	
463	0.367171	537	0.694600	9.035380	0	0.000000	0.543000	0.533097	
432	0.495370	568	0.693662	9.035380	0	0.000000	0.608000	0.533134	
418	0.435407	582	0.721649	9.035380	0	0.000000	0.602000	0.533168	
442	0.481900	558	0.693548	9.035380	0	0.000000	0.600000	0.533201	
434	0.444700	566	0.704947	9.035380	0	0.000000	0.592000	0.533230	
460	0.158696	540	0.653704	9.035380	0	0.000000	0.426000	0.533178	
449	0.432071	551	0.689655	9.035380	0	0.000000	0.574000	0.533198	
468	0.324786	532	0.697368	9.035380	0	0.000000	0.523000	0.533193	
411	0.240876	589	0.713073	9.035380	0	0.000000	0.519000	0.533186	
460	0.039130	540	0.666667	9.035380	0	0.000000	0.378000	0.533109	
455	0.087912	545	0.706422	9.035380	0	0.000000	0.425000	0.533056	
402	0.432836	598	0.675585	9.035380	0	0.000000	0.578000	0.533078	
419	0.393795	581	0.690189	9.035380	0	0.000000	0.566000	0.533094	
467	0.464668	533	0.688555	9.035380	0	0.000000	0.584000	0.533119	
453	0.050773	547	0.702011	9.035380	0	0.000000	0.407000	0.533057	
440	0.413636	560	0.721429	9.035380	0	0.000000	0.586000	0.533083	
458	0.484716	542	0.701107	9.035380	0	0.000000	0.602000	0.533117	
436	0.337156	564	0.737589	9.035380	0	0.000000	0.563000	0.533132	
430	0.090698	570	0.717544	9.035380	0	0.000000	0.448000	0.533090	
483	0.341615	517	0.746615	9.035380	0	0.000000	0.551000	0.533099	
444	0.218468	556	0.687050	9.035380	0	0.000000	0.479000	0.533072	
455	0.210989	545	0.733945	9.035380	0	0.000000	0.496000	0.533054	
455	0.164835	545	0.739450	9.035380	0	0.000000	0.478000	0.533027	
439	0.202733	561	0.647059	9.035380	0	0.000000	0.452000	0.532988	
452	0.480088	548	0.718978	9.035380	0	0.000000	0.611000	0.533026	
445	0.352809	555	0.704505	9.035380	0	0.000000	0.548000	0.533033	
402	0.323383	598	0.714047	9.035380	0	0.000000	0.557000	0.533045	
460	0.450000	540	0.672222	9.035380	0	0.000000	0.570000	0.533063	
458	0.266376	542	0.695572	9.035380	0	0.000000	0.499000	0.533046	
442	0.393665	558	0.706093	9.035380	0	0.000000	0.568000	0.533063	
441	0.405896	559	0.690519	9.035380	0	0.000000	0.565000	0.533079	
447	0.393736	553	0.681736	9.035380	0	0.000000	0.553000	0.533088	
445	0.426966	555	0.711712	9.035380	0	0.000000	0.585000	0.533114	
443	0.467269	557	0.682226	9.035380	0	0.000000	0.587000	0.533140	
450	0.400000	550	0.667273	9.035380	0	0.000000	0.547000	0.533147	
472	0.400424	528	0.710227	9.035380	0	0.000000	0.564000	0.533162	
453	0.408389	547	0.709324	9.035380	0	0.000000	0.573000	0.533181	
456	0.307018	544	0.707721	9.035380	0	0.000000	0.525000	0.533177	
440	0.138636	560	0.667857	9.035380	0	0.000000	0.435000	0.533129	
437	0.258581	563	0.754885	9.035380	0	0.000000	0.538000	0.533132	
449	0.322940	551	0.693285	9.035380	0	0.000000	0.527000	0.533129	
430	0.479070	570	0.742105	9.035380	0	0.000000	0.629000	0.533175	
484	0.299587	516	0.689922	9.035380	0	0.000000	0.501000	0.533160	
481	0.438669	519	0.745665	9.035380	0	0.000000	0.598000	0.533191	
419	0.424821	581	0.690189	9.035380	0	0.000000	0.579000	0.533213	
444	0.470721	556	0.703237	9.035380	0	0.000000	0.600000	0.533246	
453	0.421634	547	0.745887	9.035380	0	0.000000	0.599000	0.533278	
471	0.239915	529	0.650284	9.035380	0	0.000000	0.457000	0.533241	
424	0.441038	576	0.685764	9.035380	0	0.000000	0.582000	0.533264	
463	0.421166	537	0.679702	9.035380	0	0.000000	0.560000	0.533277	
450	0.411111	550	0.725455	9.035380	0	0.000000	0.584000	0.533302	
407	0.385749	593	0.740304	9.035380	0	0.000000	0.596000	0.533332	
429	0.445221	571	0.725044	9.035380	0	0.000000	0.605000	0.533367	
452	0.347345	548	0.700730	9.035380	0	0.000000	0.541000	0.533370	
447	0.313199	553	0.735986	9.035380	0	0.000000	0.547000	0.533377	
440	0.318182	560	0.666071	9.035380	0	0.000000	0.513000	0.533367	
437	0.286041	563	0.682060	9.035380	0	0.000000	0.509000	0.533355	
441	0.385488	559	0.638640	9.035380	0	0.000000	0.527000	0.533352	
443	0.076749	557	0.687612	9.035380	0	0.000000	0.417000	0.533296	
466	0.272532	534	0.685393	9.035380	0	0.000000	0.493000	0.533277	
437	0.453089	563	0.664298	9.035380	0	0.000000	0.572000	0.533295	
446	0.477578	554	0.707581	9.035380	0	0.000000	0.605000	0.533330	
441	0.487528	559	0.710197	9.035380	0	0.000000	0.612000	0.533368	
415	0.438554	585	0.735043	9.035380	0	0.000000	0.612000	0.533405	
426	0.363850	574	0.679443	9.035380	0	0.000000	0.545000	0.533411	
439	0.464692	561	0.673797	9.035380	0	0.000000	0.582000	0.533434	
450	0.362222	550	0.658182	9.035380	0	0.000000	0.525000	0.533430	
468	0.324786	532	0.671053	9.035380	0	0.000000	0.509000	0.533419	
449	0.253898	551	0.696915	9.035380	0	0.000000	0.498000	0.533402	
426	0.500000	574	0.716028	9.035380	0	0.000000	0.624000	0.533445	
426	0.415493	574	0.696864	9.035380	0	0.000000	0.577000	0.533466	
420	0.328571	580	0.675862	9.035380	0	0.000000	0.530000	0.533464	
416	0.266827	584	0.727740	9.035380	0	0.000000	0.536000	0.533465	
444	0.268018	556	0.708633	9.035380	0	0.000000	0.513000	0.533456	
449	0.367483	551	0.686025	9.035380	0	0.000000	0.543000	0.533460	
424	0.341981	576	0.713542	9.035380	0	0.000000	0.556000	0.533471	
417	0.419664	583	0.706690	9.035380	0	0.000000	0.587000	0.533496	
402	0.480100	598	0.693980	9.035380	0	0.000000	0.608000	0.533532	
413	0.092010	587	0.650767	9.035380	0	0.000000	0.420000	0.533478	
444	0.367117	556	0.670863	9.035380	0	0.000000	0.536000	0.533479	
437	0.505721	563	0.705151	9.035380	0	0.000000	0.618000	0.533519	
443	0.367946	557	0.669659	9.035380	0	0.000000	0.536000	0.533520	
429	0.426573	571	0.683012	9.035380	0	0.000000	0.573000	0.533539	
432	0.391204	568	0.695423	9.035380	0	0.000000	0.564000	0.533554	
449	0.385301	551	0.669691	9.035380	0	0.000000	0.542000	0.533558	
454	0.486784	546	0.637363	9.035380	0	0.000000	0.569000	0.533575	
433	0.441109	567	0.705467	9.035380	0	0.000000	0.591000	0.533602	
457	0.245077	543	0.707182	9.035380	0	0.000000	0.496000	0.533584	
447	0.333333	553	0.678119	9.035380	0	0.000000	0.524000	0.533579	
459	0.089325	541	0.746765	9.035380	0	0.000000	0.445000	0.533537	
436	0.064220	564	0.712766	9.035380	0	0.000000	0.430000	0.533488	
471	0.210191	529	0.699433	9.035380	0	0.000000	0.469000	0.533458	
450	0.413333	550	0.656364	9.035380	0	0.000000	0.547000	0.533464	
458	0.445415	542	0.690037	9.035380	0	0.000000	0.578000	0.533485	
424	0.384434	576	0.699653	9.035380	0	0.000000	0.566000	0.533501	
436	0.321101	564	0.661348	9.035380	0	0.000000	0.513000	0.533491	
451	0.374723	549	0.684882	9.035380	0	0.000000	0.545000	0.533496	
412	0.415049	588	0.678571	9.035380	0	0.000000	0.570000	0.533514	
434	0.453917	566	0.704947	9.035380	0	0.000000	0.596000	0.533543	
437	0.338673	563	0.715808	9.035380	0	0.000000	0.551000	0.533551	
460	0.456522	540	0.638889	9.035380	0	0.000000	0.555000	0.533562	
485	0.455670	515	0.710680	9.035380	0	0.000000	0.587000	0.533587	
431	0.336427	569	0.692443	9.035380	0	0.000000	0.539000	0.533589	
421	0.256532	579	0.632124	9.035380	0	0.000000	0.474000	0.533561	
432	0.282407	568	0.739437	9.035380	0	0.000000	0.542000	0.533565	
432	0.074074	568	0.654930	9.035380	0	0.000000	0.404000	0.533504	
458	0.235808	542	0.697417	9.035380	0	0.000000	0.486000	0.533482	
468	0.269231	532	0.640977	9.035380	0	0.000000	0.467000	0.533451	
455	0.283516	545	0.678899	9.035380	0	0.000000	0.499000	0.533434	
453	0.370861	547	0.736746	9.035380	0	0.000000	0.571000	0.533452	
440	0.286364	560	0.660714	9.035380	0	0.000000	0.496000	0.533434	
488	0.301230	512	0.699219	9.035380	0	0.000000	0.505000	0.533421	
446	0.253363	554	0.669675	9.035380	0	0.000000	0.484000	0.533398	
455	0.221978	545	0.693578	9.035380	0	0.000000	0.479000	0.533372	
455	0.290110	545	0.732110	9.035380	0	0.000000	0.531000	0.533371	
440	0.390909	560	0.682143	9.035380	0	0.000000	0.554000	0.533381	
399	0.070175	601	0.710483	9.035380	0	0.000000	0.455000	0.533344	
441	0.331066	559	0.715564	9.035380	0	0.000000	0.546000	0.533350	
404	0.405941	596	0.718121	9.035380	0	0.000000	0.592000	0.533378	
408	0.208333	592	0.709459	9.035380	0	0.000000	0.505000	0.533364	
473	0.251586	527	0.662239	9.035380	0	0.000000	0.468000	0.533334	
444	0.403153	556	0.706835	9.035380	0	0.000000	0.572000	0.533352	
443	0.415350	557	0.680431	9.035380	0	0.000000	0.563000	0.533366	
464	0.284483	536	0.686567	9.035380	0	0.000000	0.500000	0.533350	
418	0.272727	582	0.695876	9.035380	0	0.000000	0.519000	0.533344	
440	0.397727	560	0.689286	9.035380	0	0.000000	0.561000	0.533356	
458	0.231441	542	0.697417	9.035380	0	0.000000	0.484000	0.533333	
427	0.156909	573	0.650960	9.035380	0	0.000000	0.440000	0.533290	
456	0.377193	544	0.720588	9.035380	0	0.000000	0.564000	0.533304	
448	0.542411	552	0.721014	9.035380	0	0.000000	0.641000	0.533354	
426	0.077465	574	0.681185	9.035380	0	0.000000	0.424000	0.533303	
474	0.457806	526	0.680608	9.035380	0	0.000000	0.575000	0.533323	
453	0.267108	547	0.698355	9.035380	0	0.000000	0.503000	0.533309	
456	0.370614	544	0.672794	9.035380	0	0.000000	0.535000	0.533310	
455	0.320879	545	0.702752	9.035380	0	0.000000	0.529000	0.533308	
496	0.300403	504	0.753968	9.035380	0	0.000000	0.529000	0.533306	
452	0.400442	548	0.722628	9.035380	0	0.000000	0.577000	0.533326	
403	0.424318	597	0.721943	9.035380	0	0.000000	0.602000	0.533358	
445	0.462921	555	0.643243	9.035380	0	0.000000	0.563000	0.533371	
464	0.181034	536	0.667910	9.035380	0	0.000000	0.442000	0.533329	
409	0.381418	591	0.670051	9.035380	0	0.000000	0.552000	0.533338	
452	0.426991	548	0.720803	9.035380	0	0.000000	0.588000	0.533363	
455	0.305495	545	0.629358	9.035380	0	0.000000	0.482000	0.533339	
461	0.390456	539	0.753247	9.035380	0	0.000000	0.586000	0.533364	
438	0.513699	562	0.701068	9.035380	0	0.000000	0.619000	0.533403	
447	0.297539	553	0.656420	9.035380	0	0.000000	0.496000	0.533386	
442	0.006787	558	0.704301	9.035380	0	0.000000	0.396000	0.533322	
437	0.272311	563	0.646536	9.035380	0	0.000000	0.483000	0.533299	
422	0.310427	578	0.705882	9.035380	0	0.000000	0.539000	0.533302	
471	0.352442	529	0.697543	9.035380	0	0.000000	0.535000	0.533303	
426	0.363850	574	0.684669	9.035380	0	0.000000	0.548000	0.533309	
452	0.402655	548	0.698905	9.035380	0	0.000000	0.565000	0.533324	
436	0.229358	564	0.684397	9.035380	0	0.000000	0.486000	0.533302	
419	0.431981	581	0.714286	9.035380	0	0.000000	0.596000	0.533331	
429	0.237762	571	0.693520	9.035380	0	0.000000	0.498000	0.533315	
431	0.345708	569	0.704745	9.035380	0	0.000000	0.550000	0.533323	
423	0.444444	577	0.738302	9.035380	0	0.000000	0.614000	0.533360	
417	0.318945	583	0.658662	9.035380	0	0.000000	0.517000	0.533352	
517	0.326886	483	0.677019	9.035380	0	0.000000	0.496000	0.533335	
461	0.349241	539	0.717996	9.035380	0	0.000000	0.548000	0.533342	
442	0.361991	558	0.688172	9.035380	0	0.000000	0.544000	0.533347	
426	0.298122	574	0.668990	9.035380	0	0.000000	0.511000	0.533336	
416	0.437500	584	0.703767	9.035380	0	0.000000	0.593000	0.533364	
432	0.444444	568	0.700704	9.035380	0	0.000000	0.590000	0.533390	
482	0.466805	518	0.685328	9.035380	0	0.000000	0.580000	0.533411	
457	0.131291	543	0.686924	9.035380	0	0.000000	0.433000	0.533365	
427	0.426230	573	0.692845	9.035380	0	0.000000	0.579000	0.533386	
420	0.452381	580	0.701724	9.035380	0	0.000000	0.597000	0.533415	
454	0.079295	546	0.681319	9.035380	0	0.000000	0.408000	0.533358	
414	0.381643	586	0.696246	9.035380	0	0.000000	0.566000	0.533373	
421	0.441805	579	0.696028	9.035380	0	0.000000	0.589000	0.533398	
434	0.364055	566	0.662544	9.035380	0	0.000000	0.533000	0.533398	
466	0.435622	534	0.705993	9.035380	0	0.000000	0.580000	0.533419	
414	0.461353	586	0.721843	9.035380	0	0.000000	0.614000	0.533456	
456	0.493421	544	0.680147	9.035380	0	0.000000	0.595000	0.533484	
450	0.375556	550	0.725455	9.035380	0	0.000000	0.568000	0.533500	
473	0.325581	527	0.671727	9.035380	0	0.000000	0.508000	0.533488	
458	0.288210	542	0.714022	9.035380	0	0.000000	0.519000	0.533481	
467	0.280514	533	0.696060	9.035380	0	0.000000	0.502000	0.533467	
425	0.458824	575	0.700870	9.035380	0	0.000000	0.598000	0.533496	
435	0.273563	565	0.660177	9.035380	0	0.000000	0.492000	0.533477	
425	0.152941	575	0.726957	9.035380	0	0.000000	0.483000	0.533455	
403	0.213400	597	0.711893	9.035380	0	0.000000	0.511000	0.533444	
475	0.431579	525	0.666667	9.035380	0	0.000000	0.555000	0.533454	
459	0.339869	541	0.678373	9.035380	0	0.000000	0.523000	0.533449	
445	0.451685	555	0.745946	9.035380	0	0.000000	0.615000	0.533486	
434	0.421659	566	0.683746	9.035380	0	0.000000	0.570000	0.533503	
433	0.413395	567	0.694885	9.035380	0	0.000000	0.573000	0.533521	
444	0.445946	556	0.685252	9.035380	0	0.000000	0.579000	0.533541	
443	0.440181	557	0.660682	9.035380	0	0.000000	0.563000	0.533555	
455	0.400000	545	0.697248	9.035380	0	0.000000	0.562000	0.533568	
448	0.227679	552	0.728261	9.035380	0	0.000000	0.504000	0.533554	
452	0.420354	548	0.678832	9.035380	0	0.000000	0.562000	0.533567	
437	0.469108	563	0.715808	9.035380	0	0.000000	0.608000	0.533601	
442	0.398190	558	0.677419	9.035380	0	0.000000	0.554000	0.533610	
451	0.421286	549	0.666667	9.035380	0	0.000000	0.556000	0.533620	
457	0.297593	543	0.686924	9.035380	0	0.000000	0.509000	0.533609	
437	0.469108	563	0.619893	9.035380	0	0.000000	0.554000	0.533618	
502	0.388446	498	0.700803	9.035380	0	0.000000	0.544000	0.533623	
438	0.367580	562	0.718861	9.035380	0	0.000000	0.565000	0.533637	
454	0.361233	546	0.688645	9.035380	0	0.000000	0.540000	0.533640	
452	0.398230	548	0.686131	9.035380	0	0.000000	0.556000	0.533650	
442	0.158371	558	0.752688	9.035380	0	0.000000	0.490000	0.533630	
428	0.242991	572	0.709790	9.035380	0	0.000000	0.510000	0.533620	
443	0.386005	557	0.750449	9.035380	0	0.000000	0.589000	0.533645	
423	0.387707	577	0.675910	9.035380	0	0.000000	0.554000	0.533654	
426	0.446009	574	0.688153	9.035380	0	0.000000	0.585000	0.533677	
413	0.447942	587	0.695060	9.035380	0	0.000000	0.593000	0.533703	
440	0.227273	560	0.708929	9.035380	0	0.000000	0.497000	0.533687	
417	0.388489	583	0.651801	9.035380	0	0.000000	0.542000	0.533691	
458	0.419214	542	0.725092	9.035380	0	0.000000	0.585000	0.533714	
464	0.340517	536	0.701493	9.035380	0	0.000000	0.534000	0.533714	
473	0.308668	527	0.736243	9.035380	0	0.000000	0.534000	0.533714	
432	0.173611	568	0.670775	9.035380	0	0.000000	0.456000	0.533679	
446	0.403587	554	0.657040	9.035380	0	0.000000	0.544000	0.533684	
424	0.007075	576	0.663194	9.035380	0	0.000000	0.385000	0.533617	
474	0.274262	526	0.659696	9.035380	0	0.000000	0.477000	0.533592	
435	0.466667	565	0.704425	9.035380	0	0.000000	0.601000	0.533622	
469	0.277186	531	0.711864	9.035380	0	0.000000	0.508000	0.533611	
447	0.364653	553	0.723327	9.035380	0	0.000000	0.563000	0.533624	
449	0.258352	551	0.696915	9.035380	0	0.000000	0.500000	0.533609	
470	0.261702	530	0.696226	9.035380	0	0.000000	0.492000	0.533590	
449	0.307350	551	0.762250	9.035380	0	0.000000	0.558000	0.533601	
445	0.220225	555	0.686486	9.035380	0	0.000000	0.479000	0.533577	
492	0.256098	508	0.690945	9.035380	0	0.000000	0.477000	0.533551	
457	0.437637	543	0.723757	9.035380	0	0.000000	0.593000	0.533578	
426	0.342723	574	0.677700	9.035380	0	0.000000	0.535000	0.533579	
439	0.473804	561	0.695187	9.035380	0	0.000000	0.598000	0.533607	
463	0.431965	537	0.694600	9.035380	0	0.000000	0.573000	0.533625	
430	0.295349	570	0.689474	9.035380	0	0.000000	0.520000	0.533619	
464	0.297414	536	0.759328	9.035380	0	0.000000	0.545000	0.533624	
459	0.259259	541	0.685767	9.035380	0	0.000000	0.490000	0.533604	
433	0.251732	567	0.677249	9.035380	0	0.000000	0.493000	0.533586	
424	0.174528	576	0.649306	9.035380	0	0.000000	0.448000	0.533548	
434	0.285714	566	0.722615	9.035380	0	0.000000	0.533000	0.533548	
434	0.403226	566	0.715548	9.035380	0	0.000000	0.580000	0.533569	
436	0.353211	564	0.721631	9.035380	0	0.000000	0.561000	0.533581	
449	0.162584	551	0.680581	9.035380	0	0.000000	0.448000	0.533543	
420	0.128571	580	0.694828	9.035380	0	0.000000	0.457000	0.533509	
434	0.191244	566	0.710247	9.035380	0	0.000000	0.485000	0.533488	
452	0.460177	548	0.708029	9.035380	0	0.000000	0.596000	0.533515	
435	0.436782	565	0.693805	9.035380	0	0.000000	0.582000	0.533537	
448	0.433036	552	0.719203	9.035380	0	0.000000	0.591000	0.533562	
462	0.400433	538	0.626394	9.035380	0	0.000000	0.522000	0.533557	
435	0.149425	565	0.686726	9.035380	0	0.000000	0.453000	0.533521	
433	0.311778	567	0.698413	9.035380	0	0.000000	0.531000	0.533520	
412	0.432039	588	0.654762	9.035380	0	0.000000	0.563000	0.533533	
417	0.390887	583	0.711835	9.035380	0	0.000000	0.578000	0.533553	
455	0.131868	545	0.702752	9.035380	0	0.000000	0.443000	0.533513	
423	0.141844	577	0.667244	9.035380	0	0.000000	0.445000	0.533474	
418	0.157895	582	0.685567	9.035380	0	0.000000	0.465000	0.533444	
439	0.159453	561	0.677362	9.035380	0	0.000000	0.450000	0.533407	
422	0.229858	578	0.685121	9.035380	0	0.000000	0.493000	0.533389	
421	0.517815	579	0.711572	9.035380	0	0.000000	0.630000	0.533432	
449	0.525612	551	0.711434	9.035380	0	0.000000	0.628000	0.533473	
461	0.342733	539	0.703154	9.035380	0	0.000000	0.537000	0.533475	
460	0.317391	540	0.659259	9.035380	0	0.000000	0.502000	0.533461	
431	0.192575	569	0.702988	9.035380	0	0.000000	0.483000	0.533439	
388	0.090206	612	0.694444	9.035380	0	0.000000	0.460000	0.533407	
448	0.285714	552	0.646739	9.035380	0	0.000000	0.485000	0.533385	
451	0.235033	549	0.657559	9.035380	0	0.000000	0.467000	0.533356	
438	0.223744	562	0.695730	9.035380	0	0.000000	0.489000	0.533337	
441	0.362812	559	0.722719	9.035380	0	0.000000	0.564000	0.533350	
467	0.299786	533	0.720450	9.035380	0	0.000000	0.524000	0.533346	
459	0.350763	541	0.711645	9.035380	0	0.000000	0.546000	0.533352	
440	0.436364	560	0.716071	9.035380	0	0.000000	0.593000	0.533378	
442	0.391403	558	0.672043	9.035380	0	0.000000	0.548000	0.533384	
473	0.376321	527	0.702087	9.035380	0	0.000000	0.548000	0.533391	
445	0.296629	555	0.738739	9.035380	0	0.000000	0.542000	0.533394	
426	0.138498	574	0.677700	9.035380	0	0.000000	0.448000	0.533357	
425	0.202353	575	0.674783	9.035380	0	0.000000	0.474000	0.533331	
424	0.372642	576	0.651042	9.035380	0	0.000000	0.533000	0.533331	
456	0.357456	544	0.700368	9.035380	0	0.000000	0.544000	0.533336	
439	0.252847	561	0.702317	9.035380	0	0.000000	0.505000	0.533323	
397	0.430730	603	0.660033	9.035380	0	0.000000	0.569000	0.533339	
442	0.447964	558	0.664875	9.035380	0	0.000000	0.569000	0.533354	
445	0.350562	555	0.729730	9.035380	0	0.000000	0.561000	0.533366	
452	0.272124	548	0.682482	9.035380	0	0.000000	0.497000	0.533351	
421	0.197150	579	0.682211	9.035380	0	0.000000	0.478000	0.533327	
416	0.334135	584	0.691781	9.035380	0	0.000000	0.543000	0.533331	
432	0.358796	568	0.669014	9.035380	0	0.000000	0.535000	0.533332	
469	0.390192	531	0.677966	9.035380	0	0.000000	0.543000	0.533336	
431	0.296984	569	0.757469	9.035380	0	0.000000	0.559000	0.533347	
407	0.329238	593	0.693086	9.035380	0	0.000000	0.545000	0.533352	
446	0.289238	554	0.700361	9.035380	0	0.000000	0.517000	0.533345	
462	0.255411	538	0.689591	9.035380	0	0.000000	0.489000	0.533326	
444	0.063063	556	0.681655	9.035380	0	0.000000	0.407000	0.533271	
472	0.385593	528	0.715909	9.035380	0	0.000000	0.560000	0.533282	
473	0.226216	527	0.677419	9.035380	0	0.000000	0.464000	0.533252	
478	0.012552	522	0.699234	9.035380	0	0.000000	0.371000	0.533182	
467	0.282655	533	0.694184	9.035380	0	0.000000	0.502000	0.533169	
425	0.425882	575	0.660870	9.035380	0	0.000000	0.561000	0.533181	
409	0.410758	591	0.729272	9.035380	0	0.000000	0.599000	0.533209	
437	0.180778	563	0.710480	9.035380	0	0.000000	0.479000	0.533186	
442	0.337104	558	0.720430	9.035380	0	0.000000	0.551000	0.533193	
454	0.451542	546	0.723443	9.035380	0	0.000000	0.600000	0.533222	
458	0.438865	542	0.691882	9.035380	0	0.000000	0.576000	0.533241	
426	0.453052	574	0.656794	9.035380	0	0.000000	0.570000	0.533257	
433	0.267898	567	0.714286	9.035380	0	0.000000	0.521000	0.533251	
389	0.141388	611	0.705401	9.035380	0	0.000000	0.486000	0.533231	
424	0.346698	576	0.703125	9.035380	0	0.000000	0.552000	0.533239	
424	0.403302	576	0.725694	9.035380	0	0.000000	0.589000	0.533263	
423	0.439716	577	0.696707	9.035380	0	0.000000	0.588000	0.533287	
473	0.359408	527	0.713472	9.035380	0	0.000000	0.546000	0.533292	
471	0.424628	529	0.731569	9.035380	0	0.000000	0.587000	0.533315	
452	0.276549	548	0.684307	9.035380	0	0.000000	0.500000	0.533301	
430	0.330233	570	0.687719	9.035380	0	0.000000	0.534000	0.533301	
408	0.031863	592	0.658784	9.035380	0	0.000000	0.403000	0.533245	
405	0.367901	595	0.707563	9.035380	0	0.000000	0.570000	0.533261	
481	0.340956	519	0.684008	9.035380	0	0.000000	0.519000	0.533255	
446	0.486547	554	0.694946	9.035380	0	0.000000	0.602000	0.533284	
444	0.468468	556	0.663669	9.035380	0	0.000000	0.577000	0.533303	
462	0.419913	538	0.704461	9.035380	0	0.000000	0.573000	0.533320	
470	0.453191	530	0.750943	9.035380	0	0.000000	0.611000	0.533353	
464	0.411638	536	0.647388	9.035380	0	0.000000	0.538000	0.533355	
446	0.446188	554	0.671480	9.035380	0	0.000000	0.571000	0.533372	
424	0.273585	576	0.694444	9.035380	0	0.000000	0.516000	0.533364	
464	0.280172	536	0.708955	9.035380	0	0.000000	0.510000	0.533354	
406	0.162562	594	0.720539	9.035380	0	0.000000	0.494000	0.533337	
440	0.222727	560	0.694643	9.035380	0	0.000000	0.487000	0.533317	
446	0.329596	554	0.680505	9.035380	0	0.000000	0.524000	0.533313	
446	0.134529	554	0.646209	9.035380	0	0.000000	0.418000	0.533264	
468	0.277778	532	0.671053	9.035380	0	0.000000	0.487000	0.533244	
454	0.222467	546	0.706960	9.035380	0	0.000000	0.487000	0.533225	
468	0.382479	532	0.697368	9.035380	0	0.000000	0.550000	0.533232	
463	0.157667	537	0.683426	9.035380	0	0.000000	0.440000	0.533192	
426	0.093897	574	0.689895	9.035380	0	0.000000	0.436000	0.533151	
423	0.307329	577	0.715771	9.035380	0	0.000000	0.543000	0.533155	
454	0.370044	546	0.712454	9.035380	0	0.000000	0.557000	0.533165	
436	0.321101	564	0.695035	9.035380	0	0.000000	0.532000	0.533165	
464	0.355603	536	0.714552	9.035380	0	0.000000	0.548000	0.533171	
437	0.304348	563	0.717584	9.035380	0	0.000000	0.537000	0.533172	
470	0.168085	530	0.698113	9.035380	0	0.000000	0.449000	0.533137	
437	0.393593	563	0.650089	9.035380	0	0.000000	0.538000	0.533139	
481	0.438669	519	0.714836	9.035380	0	0.000000	0.582000	0.533160	
470	0.365957	530	0.741509	9.035380	0	0.000000	0.565000	0.533173	
470	0.163830	530	0.662264	9.035380	0	0.000000	0.428000	0.533128	
445	0.384270	555	0.686486	9.035380	0	0.000000	0.552000	0.533136	
469	0.413646	531	0.696798	9.035380	0	0.000000	0.564000	0.533149	
444	0.153153	556	0.730216	9.035380	0	0.000000	0.474000	0.533124	
447	0.263982	553	0.719711	9.035380	0	0.000000	0.516000	0.533117	
434	0.430876	566	0.683746	9.035380	0	0.000000	0.574000	0.533134	
459	0.370370	541	0.667283	9.035380	0	0.000000	0.531000	0.533134	
404	0.269802	596	0.676174	9.035380	0	0.000000	0.512000	0.533125	
418	0.169856	582	0.676976	9.035380	0	0.000000	0.465000	0.533096	
436	0.355505	564	0.680851	9.035380	0	0.000000	0.539000	0.533098	
435	0.354023	565	0.679646	9.035380	0	0.000000	0.538000	0.533100	
421	0.380048	579	0.656304	9.035380	0	0.000000	0.540000	0.533103	
444	0.448198	556	0.690647	9.035380	0	0.000000	0.583000	0.533124	
423	0.342790	577	0.672444	9.035380	0	0.000000	0.533000	0.533124	
423	0.430260	577	0.686308	9.035380	0	0.000000	0.578000	0.533143	
456	0.359649	544	0.757353	9.035380	0	0.000000	0.576000	0.533161	
431	0.424594	569	0.694200	9.035380	0	0.000000	0.578000	0.533180	
443	0.354402	557	0.703770	9.035380	0	0.000000	0.549000	0.533187	
421	0.332542	579	0.677029	9.035380	0	0.000000	0.532000	0.533186	
469	0.484009	531	0.687382	9.035380	0	0.000000	0.592000	0.533211	
449	0.456570	551	0.666062	9.035380	0	0.000000	0.572000	0.533227	
444	0.243243	556	0.674460	9.035380	0	0.000000	0.483000	0.533206	
454	0.244493	546	0.723443	9.035380	0	0.000000	0.506000	0.533195	
443	0.446953	557	0.680431	9.035380	0	0.000000	0.577000	0.533213	
459	0.446623	541	0.683919	9.035380	0	0.000000	0.575000	0.533231	
454	0.337004	546	0.679487	9.035380	0	0.000000	0.524000	0.533227	
422	0.473934	578	0.702422	9.035380	0	0.000000	0.606000	0.533258	
448	0.250000	552	0.686594	9.035380	0	0.000000	0.491000	0.533240	
470	0.055319	530	0.690566	9.035380	0	0.000000	0.392000	0.533181	
476	0.449580	524	0.685115	9.035380	0	0.000000	0.573000	0.533197	
481	0.465696	519	0.676301	9.035380	0	0.000000	0.575000	0.533215	
439	0.400911	561	0.668449	9.035380	0	0.000000	0.551000	0.533222	
413	0.409201	587	0.732538	9.035380	0	0.000000	0.599000	0.533250	
424	0.370283	576	0.727431	9.035380	0	0.000000	0.576000	0.533268	
450	0.471111	550	0.738182	9.035380	0	0.000000	0.618000	0.533303	
449	0.340757	551	0.704174	9.035380	0	0.000000	0.541000	0.533306	
453	0.410596	547	0.681901	9.035380	0	0.000000	0.559000	0.533317	
399	0.100251	601	0.688852	9.035380	0	0.000000	0.454000	0.533284	
430	0.213953	570	0.691228	9.035380	0	0.000000	0.486000	0.533264	
440	0.375000	560	0.666071	9.035380	0	0.000000	0.538000	0.533266	
457	0.391685	543	0.699816	9.035380	0	0.000000	0.559000	0.533277	
444	0.378378	556	0.706835	9.035380	0	0.000000	0.561000	0.533288	
442	0.404977	558	0.682796	9.035380	0	0.000000	0.560000	0.533300	
465	0.230108	535	0.710280	9.035380	0	0.000000	0.487000	0.533280	
431	0.125290	569	0.667838	9.035380	0	0.000000	0.434000	0.533239	
429	0.235431	571	0.691769	9.035380	0	0.000000	0.496000	0.533223	
447	0.308725	553	0.670886	9.035380	0	0.000000	0.509000	0.533213	
479	0.471816	521	0.700576	9.035380	0	0.000000	0.591000	0.533237	
433	0.364896	567	0.684303	9.035380	0	0.000000	0.546000	0.533243	
437	0.231121	563	0.689165	9.035380	0	0.000000	0.489000	0.533224	
449	0.461024	551	0.725953	9.035380	0	0.000000	0.607000	0.533255	
412	0.330097	588	0.702381	9.035380	0	0.000000	0.549000	0.533262	
440	0.270455	560	0.719643	9.035380	0	0.000000	0.522000	0.533257	
453	0.403974	547	0.718464	9.035380	0	0.000000	0.576000	0.533275	
442	0.400452	558	0.652330	9.035380	0	0.000000	0.541000	0.533278	
395	0.364557	605	0.694215	9.035380	0	0.000000	0.564000	0.533291	
430	0.262791	570	0.740351	9.035380	0	0.000000	0.535000	0.533291	
469	0.388060	531	0.700565	9.035380	0	0.000000	0.554000	0.533300	
439	0.439636	561	0.709447	9.035380	0	0.000000	0.591000	0.533324	
464	0.387931	536	0.694030	9.035380	0	0.000000	0.552000	0.533331	
484	0.378099	516	0.718992	9.035380	0	0.000000	0.554000	0.533340	
437	0.306636	563	0.721137	9.035380	0	0.000000	0.540000	0.533343	
438	0.315068	562	0.711744	9.035380	0	0.000000	0.538000	0.533345	
424	0.408019	576	0.685764	9.035380	0	0.000000	0.568000	0.533359	
443	0.474041	557	0.716338	9.035380	0	0.000000	0.609000	0.533390	
445	0.186517	555	0.682883	9.035380	0	0.000000	0.462000	0.533361	
439	0.205011	561	0.705882	9.035380	0	0.000000	0.486000	0.533341	
461	0.260304	539	0.710575	9.035380	0	0.000000	0.503000	0.533329	
448	0.368304	552	0.653986	9.035380	0	0.000000	0.526000	0.533326	
468	0.418803	532	0.712406	9.035380	0	0.000000	0.575000	0.533343	
462	0.441558	538	0.676580	9.035380	0	0.000000	0.568000	0.533357	
439	0.378132	561	0.739750	9.035380	0	0.000000	0.581000	0.533377	
423	0.463357	577	0.717504	9.035380	0	0.000000	0.610000	0.533408	
428	0.464953	572	0.744755	9.035380	0	0.000000	0.625000	0.533446	
434	0.495392	566	0.699647	9.035380	0	0.000000	0.611000	0.533478	
441	0.471655	559	0.672630	9.035380	0	0.000000	0.584000	0.533499	
424	0.386792	576	0.701389	9.035380	0	0.000000	0.568000	0.533513	
428	0.422897	572	0.706294	9.035380	0	0.000000	0.585000	0.533534	
460	0.373913	540	0.655556	9.035380	0	0.000000	0.526000	0.533531	
450	0.395556	550	0.683636	9.035380	0	0.000000	0.554000	0.533539	
424	0.384434	576	0.725694	9.035380	0	0.000000	0.581000	0.533559	
418	0.181818	582	0.713058	9.035380	0	0.000000	0.491000	0.533541	
458	0.316594	542	0.697417	9.035380	0	0.000000	0.523000	0.533537	
460	0.156522	540	0.707407	9.035380	0	0.000000	0.454000	0.533504	
479	0.260960	521	0.698656	9.035380	0	0.000000	0.489000	0.533486	
451	0.050998	549	0.757741	9.035380	0	0.000000	0.439000	0.533448	
426	0.328638	574	0.712544	9.035380	0	0.000000	0.549000	0.533454	
450	0.435556	550	0.698182	9.035380	0	0.000000	0.580000	0.533473	
467	0.286938	533	0.697936	9.035380	0	0.000000	0.506000	0.533462	
437	0.286041	563	0.655417	9.035380	0	0.000000	0.494000	0.533446	
431	0.392111	569	0.725835	9.035380	0	0.000000	0.582000	0.533465	
413	0.484262	587	0.722317	9.035380	0	0.000000	0.624000	0.533502	
420	0.428571	580	0.741379	9.035380	0	0.000000	0.610000	0.533534	
430	0.439535	570	0.689474	9.035380	0	0.000000	0.582000	0.533553	
463	0.395248	537	0.696462	9.035380	0	0.000000	0.557000	0.533563	
447	0.429530	553	0.687161	9.035380	0	0.000000	0.572000	0.533579	
451	0.396896	549	0.701275	9.035380	0	0.000000	0.564000	0.533591	
433	0.207852	567	0.703704	9.035380	0	0.000000	0.489000	0.533573	
456	0.399123	544	0.704044	9.035380	0	0.000000	0.565000	0.533586	
439	0.298405	561	0.680927	9.035380	0	0.000000	0.513000	0.533577	
465	0.092473	535	0.704673	9.035380	0	0.000000	0.420000	0.533531	
477	0.174004	523	0.701721	9.035380	0	0.000000	0.450000	0.533497	
464	0.280172	536	0.679104	9.035380	0	0.000000	0.494000	0.533481	
446	0.181614	554	0.658845	9.035380	0	0.000000	0.446000	0.533445	
457	0.356674	543	0.701657	9.035380	0	0.000000	0.544000	0.533450	
451	0.383592	549	0.693989	9.035380	0	0.000000	0.554000	0.533458	
453	0.417219	547	0.729433	9.035380	0	0.000000	0.588000	0.533480	
445	0.346067	555	0.670270	9.035380	0	0.000000	0.526000	0.533477	
435	0.239080	565	0.642478	9.035380	0	0.000000	0.467000	0.533450	
462	0.372294	538	0.711896	9.035380	0	0.000000	0.555000	0.533459	
435	0.383908	565	0.660177	9.035380	0	0.000000	0.540000	0.533462	
425	0.428235	575	0.673043	9.035380	0	0.000000	0.569000	0.533476	
445	0.197753	555	0.679279	9.035380	0	0.000000	0.465000	0.533448	
454	0.136564	546	0.727106	9.035380	0	0.000000	0.459000	0.533418	
446	0.432735	554	0.711191	9.035380	0	0.000000	0.587000	0.533440	
436	0.279817	564	0.682624	9.035380	0	0.000000	0.507000	0.533429	
419	0.260143	581	0.681583	9.035380	0	0.000000	0.505000	0.533418	
409	0.442543	591	0.641286	9.035380	0	0.000000	0.560000	0.533428	
432	0.324074	568	0.732394	9.035380	0	0.000000	0.556000	0.533438	
457	0.306346	543	0.694291	9.035380	0	0.000000	0.517000	0.533431	
444	0.301802	556	0.701439	9.035380	0	0.000000	0.524000	0.533427	
473	0.095137	527	0.677419	9.035380	0	0.000000	0.402000	0.533374	
448	0.258929	552	0.682971	9.035380	0	0.000000	0.493000	0.533358	
454	0.222467	546	0.734432	9.035380	0	0.000000	0.502000	0.533345	
449	0.356347	551	0.662432	9.035380	0	0.000000	0.525000	0.533342	
441	0.344671	559	0.679785	9.035380	0	0.000000	0.532000	0.533341	
449	0.443207	551	0.691470	9.035380	0	0.000000	0.580000	0.533360	
431	0.292343	569	0.715290	9.035380	0	0.000000	0.533000	0.533360	
460	0.330435	540	0.646296	9.035380	0	0.000000	0.501000	0.533347	
481	0.486486	519	0.730250	9.035380	0	0.000000	0.613000	0.533379	
450	0.282222	550	0.701818	9.035380	0	0.000000	0.513000	0.533371	
418	0.380383	582	0.694158	9.035380	0	0.000000	0.563000	0.533383	
450	0.413333	550	0.660000	9.035380	0	0.000000	0.549000	0.533389	
456	0.361842	544	0.670956	9.035380	0	0.000000	0.530000	0.533387	
455	0.336264	545	0.645872	9.035380	0	0.000000	0.505000	0.533376	
466	0.190987	534	0.692884	9.035380	0	0.000000	0.459000	0.533346	
448	0.223214	552	0.655797	9.035380	0	0.000000	0.462000	0.533318	
445	0.471910	555	0.655856	9.035380	0	0.000000	0.574000	0.533334	
444	0.317568	556	0.683453	9.035380	0	0.000000	0.521000	0.533329	
449	0.354120	551	0.667877	9.035380	0	0.000000	0.527000	0.533326	
444	0.349099	556	0.753597	9.035380	0	0.000000	0.574000	0.533343	
445	0.368539	555	0.718919	9.035380	0	0.000000	0.563000	0.533355	
472	0.396186	528	0.727273	9.035380	0	0.000000	0.571000	0.533370	
477	0.354298	523	0.642447	9.035380	0	0.000000	0.505000	0.533358	
455	0.353846	545	0.682569	9.035380	0	0.000000	0.533000	0.533358	
463	0.263499	537	0.702048	9.035380	0	0.000000	0.499000	0.533344	
483	0.180124	517	0.663443	9.035380	0	0.000000	0.430000	0.533303	
476	0.350840	524	0.706107	9.035380	0	0.000000	0.537000	0.533305	
468	0.209402	532	0.686090	9.035380	0	0.000000	0.463000	0.533277	
451	0.208426	549	0.699454	9.035380	0	0.000000	0.478000	0.533254	
431	0.385151	569	0.702988	9.035380	0	0.000000	0.566000	0.533268	
434	0.368664	566	0.720848	9.035380	0	0.000000	0.568000	0.533281	
445	0.393258	555	0.632432	9.035380	0	0.000000	0.526000	0.533278	
419	0.381862	581	0.671256	9.035380	0	0.000000	0.550000	0.533285	
460	0.419565	540	0.685185	9.035380	0	0.000000	0.563000	0.533297	
460	0.302174	540	0.675926	9.035380	0	0.000000	0.504000	0.533285	
446	0.071749	554	0.680505	9.035380	0	0.000000	0.409000	0.533236	
436	0.385321	564	0.696809	9.035380	0	0.000000	0.561000	0.533247	
469	0.315565	531	0.661017	9.035380	0	0.000000	0.499000	0.533233	
461	0.164859	539	0.671614	9.035380	0	0.000000	0.438000	0.533195	
465	0.331183	535	0.687850	9.035380	0	0.000000	0.522000	0.533191	
450	0.242222	550	0.676364	9.035380	0	0.000000	0.481000	0.533170	
432	0.261574	568	0.723592	9.035380	0	0.000000	0.524000	0.533167	
425	0.355294	575	0.713043	9.035380	0	0.000000	0.561000	0.533178	
438	0.317352	562	0.725979	9.035380	0	0.000000	0.547000	0.533183	
466	0.223176	534	0.707865	9.035380	0	0.000000	0.482000	0.533163	
481	0.453222	519	0.707129	9.035380	0	0.000000	0.585000	0.533183	
464	0.392241	536	0.690299	9.035380	0	0.000000	0.552000	0.533191	
466	0.354077	534	0.698502	9.035380	0	0.000000	0.538000	0.533193	
469	0.108742	531	0.726930	9.035380	0	0.000000	0.437000	0.533155	
467	0.306210	533	0.664165	9.035380	0	0.000000	0.497000	0.533140	
468	0.320513	532	0.708647	9.035380	0	0.000000	0.527000	0.533138	
451	0.237251	549	0.715847	9.035380	0	0.000000	0.500000	0.533125	
466	0.229614	534	0.687266	9.035380	0	0.000000	0.474000	0.533101	
449	0.202673	551	0.691470	9.035380	0	0.000000	0.472000	0.533077	
442	0.325792	558	0.663082	9.035380	0	0.000000	0.514000	0.533070	
475	0.372632	525	0.683810	9.035380	0	0.000000	0.536000	0.533071	
421	0.429929	579	0.661485	9.035380	0	0.000000	0.564000	0.533083	
431	0.382831	569	0.685413	9.035380	0	0.000000	0.555000	0.533092	
429	0.293706	571	0.690018	9.035380	0	0.000000	0.520000	0.533087	
432	0.328704	568	0.716549	9.035380	0	0.000000	0.549000	0.533093	
449	0.195991	551	0.691470	9.035380	0	0.000000	0.469000	0.533068	
448	0.415179	552	0.724638	9.035380	0	0.000000	0.586000	0.533088	
468	0.485043	532	0.695489	9.035380	0	0.000000	0.597000	0.533114	
467	0.443255	533	0.705441	9.035380	0	0.000000	0.583000	0.533133	
464	0.211207	536	0.680970	9.035380	0	0.000000	0.463000	0.533106	
431	0.352668	569	0.662566	9.035380	0	0.000000	0.529000	0.533104	
409	0.381418	591	0.729272	9.035380	0	0.000000	0.587000	0.533125	
437	0.281465	563	0.712256	9.035380	0	0.000000	0.524000	0.533122	
444	0.394144	556	0.667266	9.035380	0	0.000000	0.546000	0.533127	
455	0.393407	545	0.691743	9.035380	0	0.000000	0.556000	0.533136	
460	0.395652	540	0.679630	9.035380	0	0.000000	0.549000	0.533142	
454	0.268722	546	0.716117	9.035380	0	0.000000	0.513000	0.533134	
434	0.260369	566	0.664311	9.035380	0	0.000000	0.489000	0.533117	
433	0.353349	567	0.708995	9.035380	0	0.000000	0.555000	0.533125	
425	0.265882	575	0.706087	9.035380	0	0.000000	0.519000	0.533120	
451	0.325942	549	0.639344	9.035380	0	0.000000	0.498000	0.533106	
430	0.123256	570	0.673684	9.035380	0	0.000000	0.437000	0.533068	
451	0.288248	549	0.726776	9.035380	0	0.000000	0.529000	0.533067	
432	0.261574	568	0.720070	9.035380	0	0.000000	0.522000	0.533062	
437	0.263158	563	0.703375	9.035380	0	0.000000	0.511000	0.533054	
433	0.249423	567	0.675485	9.035380	0	0.000000	0.491000	0.533037	
433	0.284065	567	0.707231	9.035380	0	0.000000	0.524000	0.533034	
449	0.340757	551	0.707804	9.035380	0	0.000000	0.543000	0.533038	
433	0.159353	567	0.670194	9.035380	0	0.000000	0.449000	0.533005	
430	0.441860	570	0.696491	9.035380	0	0.000000	0.587000	0.533026	
428	0.380841	572	0.704545	9.035380	0	0.000000	0.566000	0.533039	
438	0.278539	562	0.720641	9.035380	0	0.000000	0.527000	0.533036	
453	0.280353	547	0.698355	9.035380	0	0.000000	0.509000	0.533027	
444	0.112613	556	0.674460	9.035380	0	0.000000	0.425000	0.532985	
440	0.263636	560	0.671429	9.035380	0	0.000000	0.492000	0.532969	
439	0.337130	561	0.700535	9.035380	0	0.000000	0.541000	0.532972	
437	0.384439	563	0.682060	9.035380	0	0.000000	0.552000	0.532980	
434	0.400922	566	0.699647	9.035380	0	0.000000	0.570000	0.532994	
464	0.471983	536	0.697761	9.035380	0	0.000000	0.593000	0.533017	
471	0.469214	529	0.691871	9.035380	0	0.000000	0.587000	0.533038	
443	0.340858	557	0.639138	9.035380	0	0.000000	0.507000	0.533028	
465	0.331183	535	0.669159	9.035380	0	0.000000	0.512000	0.533020	
450	0.146667	550	0.674545	9.035380	0	0.000000	0.437000	0.532983	
441	0.233560	559	0.683363	9.035380	0	0.000000	0.485000	0.532964	
441	0.337868	559	0.670841	9.035380	0	0.000000	0.524000	0.532961	
463	0.317495	537	0.675978	9.035380	0	0.000000	0.510000	0.532952	
457	0.218818	543	0.709024	9.035380	0	0.000000	0.485000	0.532933	
440	0.225000	560	0.725000	9.035380	0	0.000000	0.505000	0.532922	
449	0.151448	551	0.682396	9.035380	0	0.000000	0.444000	0.532888	
455	0.292308	545	0.730275	9.035380	0	0.000000	0.531000	0.532887	
439	0.330296	561	0.711230	9.035380	0	0.000000	0.544000	0.532891	
444	0.065315	556	0.694245	9.035380	0	0.000000	0.415000	0.532846	
447	0.317673	553	0.669078	9.035380	0	0.000000	0.512000	0.532838	
469	0.413646	531	0.704331	9.035380	0	0.000000	0.568000	0.532851	
453	0.156733	547	0.652651	9.035380	0	0.000000	0.428000	0.532811	
453	0.428256	547	0.698355	9.035380	0	0.000000	0.576000	0.532827	
432	0.233796	568	0.709507	9.035380	0	0.000000	0.504000	0.532816	
456	0.440789	544	0.659926	9.035380	0	0.000000	0.560000	0.532827	
435	0.059770	565	0.692035	9.035380	0	0.000000	0.417000	0.532782	
443	0.081264	557	0.646320	9.035380	0	0.000000	0.396000	0.532729	
427	0.210773	573	0.687609	9.035380	0	0.000000	0.484000	0.532710	
440	0.350000	560	0.669643	9.035380	0	0.000000	0.529000	0.532709	
432	0.217593	568	0.683099	9.035380	0	0.000000	0.482000	0.532689	
433	0.399538	567	0.689594	9.035380	0	0.000000	0.564000	0.532702	
449	0.354120	551	0.689655	9.035380	0	0.000000	0.539000	0.532704	
451	0.441242	549	0.699454	9.035380	0	0.000000	0.583000	0.532723	
443	0.428894	557	0.700180	9.035380	0	0.000000	0.580000	0.532742	
450	0.337778	550	0.674545	9.035380	0	0.000000	0.523000	0.532738	
439	0.225513	561	0.739750	9.035380	0	0.000000	0.514000	0.532731	
445	0.125843	555	0.706306	9.035380	0	0.000000	0.448000	0.532698	
465	0.309677	535	0.691589	9.035380	0	0.000000	0.514000	0.532691	
452	0.300885	548	0.678832	9.035380	0	0.000000	0.508000	0.532681	
454	0.480176	546	0.670330	9.035380	0	0.000000	0.584000	0.532701	
450	0.451111	550	0.687273	9.035380	0	0.000000	0.581000	0.532720	
456	0.385965	544	0.669118	9.035380	0	0.000000	0.540000	0.532722	
436	0.426606	564	0.663121	9.035380	0	0.000000	0.560000	0.532733	
454	0.317181	546	0.734432	9.035380	0	0.000000	0.545000	0.532738	
441	0.464853	559	0.683363	9.035380	0	0.000000	0.587000	0.532758	
458	0.347162	542	0.708487	9.035380	0	0.000000	0.543000	0.532762	
438	0.246575	562	0.699288	9.035380	0	0.000000	0.501000	0.532750	
453	0.368653	547	0.691042	9.035380	0	0.000000	0.545000	0.532755	
461	0.379610	539	0.703154	9.035380	0	0.000000	0.554000	0.532763	
452	0.168142	548	0.722628	9.035380	0	0.000000	0.472000	0.532740	
436	0.279817	564	0.687943	9.035380	0	0.000000	0.510000	0.532731	
427	0.121780	573	0.710297	9.035380	0	0.000000	0.459000	0.532703	
458	0.393013	542	0.732472	9.035380	0	0.000000	0.577000	0.532720	
445	0.485393	555	0.673874	9.035380	0	0.000000	0.590000	0.532742	
446	0.174888	554	0.664260	9.035380	0	0.000000	0.446000	0.532708	
432	0.502315	568	0.709507	9.035380	0	0.000000	0.620000	0.532742	
461	0.329718	539	0.664193	9.035380	0	0.000000	0.510000	0.532733	
440	0.315909	560	0.726786	9.035380	0	0.000000	0.546000	0.532738	
456	0.381579	544	0.700368	9.035380	0	0.000000	0.555000	0.532747	
435	0.335632	565	0.713274	9.035380	0	0.000000	0.549000	0.532753	
457	0.240700	543	0.686924	9.035380	0	0.000000	0.483000	0.532734	
420	0.161905	580	0.644828	9.035380	0	0.000000	0.442000	0.532699	
435	0.186207	565	0.704425	9.035380	0	0.000000	0.479000	0.532679	
443	0.200903	557	0.689408	9.035380	0	0.000000	0.473000	0.532656	
445	0.319101	555	0.700901	9.035380	0	0.000000	0.531000	0.532656	
454	0.427313	546	0.749084	9.035380	0	0.000000	0.603000	0.532682	
465	0.432258	535	0.697196	9.035380	0	0.000000	0.574000	0.532698	
472	0.296610	528	0.678030	9.035380	0	0.000000	0.498000	0.532685	
464	0.234914	536	0.710821	9.035380	0	0.000000	0.490000	0.532669	
463	0.349892	537	0.705773	9.035380	0	0.000000	0.541000	0.532672	
424	0.403302	576	0.675347	9.035380	0	0.000000	0.560000	0.532682	
443	0.397291	557	0.703770	9.035380	0	0.000000	0.568000	0.532696	
410	0.475610	590	0.716949	9.035380	0	0.000000	0.618000	0.532728	
455	0.243956	545	0.711927	9.035380	0	0.000000	0.499000	0.532715	
441	0.467120	559	0.737030	9.035380	0	0.000000	0.618000	0.532747	
460	0.321739	540	0.711111	9.035380	0	0.000000	0.532000	0.532747	
430	0.446512	570	0.731579	9.035380	0	0.000000	0.609000	0.532776	
442	0.416290	558	0.731183	9.035380	0	0.000000	0.592000	0.532798	
437	0.384439	563	0.689165	9.035380	0	0.000000	0.556000	0.532807	
441	0.349206	559	0.633274	9.035380	0	0.000000	0.508000	0.532798	
444	0.441441	556	0.699640	9.035380	0	0.000000	0.585000	0.532818	
441	0.165533	559	0.654741	9.035380	0	0.000000	0.439000	0.532782	
433	0.374134	567	0.666667	9.035380	0	0.000000	0.540000	0.532785	
459	0.448802	541	0.746765	9.035380	0	0.000000	0.610000	0.532814	
435	0.425287	565	0.715044	9.035380	0	0.000000	0.589000	0.532835	
438	0.417808	562	0.697509	9.035380	0	0.000000	0.575000	0.532851	
425	0.345882	575	0.718261	9.035380	0	0.000000	0.560000	0.532861	
438	0.292237	562	0.693950	9.035380	0	0.000000	0.518000	0.532856	
417	0.237410	583	0.720412	9.035380	0	0.000000	0.519000	0.532851	
461	0.327549	539	0.686456	9.035380	0	0.000000	0.521000	0.532846	
433	0.364896	567	0.691358	9.035380	0	0.000000	0.550000	0.532853	
452	0.243363	548	0.689781	9.035380	0	0.000000	0.488000	0.532836	
424	0.424528	576	0.715278	9.035380	0	0.000000	0.592000	0.532858	
469	0.413646	531	0.717514	9.035380	0	0.000000	0.575000	0.532874	
444	0.166667	556	0.705036	9.035380	0	0.000000	0.466000	0.532849	
455	0.364835	545	0.691743	9.035380	0	0.000000	0.543000	0.532852	
451	0.405765	549	0.637523	9.035380	0	0.000000	0.533000	0.532852	
455	0.312088	545	0.693578	9.035380	0	0.000000	0.520000	0.532848	
460	0.347826	540	0.683333	9.035380	0	0.000000	0.529000	0.532846	
447	0.371365	553	0.723327	9.035380	0	0.000000	0.566000	0.532859	
449	0.273942	551	0.647913	9.035380	0	0.000000	0.480000	0.532839	
445	0.388764	555	0.717117	9.035380	0	0.000000	0.571000	0.532853	
434	0.389401	566	0.648410	9.035380	0	0.000000	0.536000	0.532854	
425	0.404706	575	0.711304	9.035380	0	0.000000	0.581000	0.532872	
412	0.456311	588	0.651361	9.035380	0	0.000000	0.571000	0.532887	
428	0.509346	572	0.678322	9.035380	0	0.000000	0.606000	0.532914	
455	0.419780	545	0.699083	9.035380	0	0.000000	0.572000	0.532929	
440	0.345455	560	0.683929	9.035380	0	0.000000	0.535000	0.532929	
461	0.251627	539	0.727273	9.035380	0	0.000000	0.508000	0.532920	
449	0.207127	551	0.689655	9.035380	0	0.000000	0.473000	0.532898	
460	0.310870	540	0.696296	9.035380	0	0.000000	0.519000	0.532893	
443	0.006772	557	0.712747	9.035380	0	0.000000	0.400000	0.532843	
413	0.290557	587	0.734242	9.035380	0	0.000000	0.551000	0.532850	
412	0.317961	588	0.695578	9.035380	0	0.000000	0.540000	0.532852	
435	0.294253	565	0.692035	9.035380	0	0.000000	0.519000	0.532847	
444	0.018018	556	0.721223	9.035380	0	0.000000	0.409000	0.532801	
428	0.072430	572	0.692308	9.035380	0	0.000000	0.427000	0.532761	
433	0.381062	567	0.735450	9.035380	0	0.000000	0.582000	0.532780	
426	0.392019	574	0.707317	9.035380	0	0.000000	0.573000	0.532795	
430	0.416279	570	0.668421	9.035380	0	0.000000	0.560000	0.532805	
417	0.280576	583	0.677530	9.035380	0	0.000000	0.512000	0.532797	
443	0.408578	557	0.703770	9.035380	0	0.000000	0.573000	0.532812	
433	0.337182	567	0.689594	9.035380	0	0.000000	0.537000	0.532814	
471	0.401274	529	0.642722	9.035380	0	0.000000	0.529000	0.532812	
466	0.324034	534	0.692884	9.035380	0	0.000000	0.521000	0.532808	
437	0.311213	563	0.714032	9.035380	0	0.000000	0.538000	0.532810	
443	0.455982	557	0.684022	9.035380	0	0.000000	0.583000	0.532828	
434	0.440092	566	0.706714	9.035380	0	0.000000	0.591000	0.532850	
418	0.466507	582	0.661512	9.035380	0	0.000000	0.580000	0.532868	
451	0.356984	549	0.708561	9.035380	0	0.000000	0.550000	0.532874	
428	0.467290	572	0.704545	9.035380	0	0.000000	0.603000	0.532900	
462	0.339827	538	0.704461	9.035380	0	0.000000	0.536000	0.532901	
454	0.370044	546	0.697802	9.035380	0	0.000000	0.549000	0.532907	
443	0.356659	557	0.750449	9.035380	0	0.000000	0.576000	0.532923	
432	0.319444	568	0.683099	9.035380	0	0.000000	0.526000	0.532921	
429	0.473193	571	0.711033	9.035380	0	0.000000	0.609000	0.532949	
442	0.436652	558	0.693548	9.035380	0	0.000000	0.580000	0.532966	
435	0.314943	565	0.695575	9.035380	0	0.000000	0.530000	0.532965	
453	0.399558	547	0.722121	9.035380	0	0.000000	0.576000	0.532981	
480	0.316667	520	0.692308	9.035380	0	0.000000	0.512000	0.532973	
465	0.490323	535	0.693458	9.035380	0	0.000000	0.599000	0.532998	
444	0.290541	556	0.748201	9.035380	0	0.000000	0.545000	0.533002	
463	0.390929	537	0.707635	9.035380	0	0.000000	0.561000	0.533012	
445	0.316854	555	0.729730	9.035380	0	0.000000	0.546000	0.533017	
443	0.374718	557	0.664273	9.035380	0	0.000000	0.536000	0.533018	
443	0.376975	557	0.698384	9.035380	0	0.000000	0.556000	0.533027	
466	0.444206	534	0.691011	9.035380	0	0.000000	0.576000	0.533043	
462	0.454545	538	0.700743	9.035380	0	0.000000	0.587000	0.533062	
446	0.372197	554	0.648014	9.035380	0	0.000000	0.525000	0.533060	
450	0.413333	550	0.710909	9.035380	0	0.000000	0.577000	0.533076	
456	0.357456	544	0.687500	9.035380	0	0.000000	0.537000	0.533077	
443	0.410835	557	0.692998	9.035380	0	0.000000	0.568000	0.533090	
452	0.362832	548	0.682482	9.035380	0	0.000000	0.538000	0.533092	
419	0.353222	581	0.674699	9.035380	0	0.000000	0.540000	0.533094	
420	0.257143	580	0.639655	9.035380	0	0.000000	0.479000	0.533074	
427	0.402810	573	0.645724	9.035380	0	0.000000	0.542000	0.533078	
438	0.465753	562	0.670819	9.035380	0	0.000000	0.581000	0.533095	
453	0.342163	547	0.658135	9.035380	0	0.000000	0.515000	0.533089	
397	0.408060	603	0.711443	9.035380	0	0.000000	0.591000	0.533110	
444	0.317568	556	0.699640	9.035380	0	0.000000	0.530000	0.533109	
421	0.249406	579	0.675302	9.035380	0	0.000000	0.496000	0.533095	
423	0.380615	577	0.694974	9.035380	0	0.000000	0.562000	0.533106	
418	0.361244	582	0.646048	9.035380	0	0.000000	0.527000	0.533104	
429	0.135198	571	0.686515	9.035380	0	0.000000	0.450000	0.533073	
444	0.301802	556	0.692446	9.035380	0	0.000000	0.519000	0.533068	
461	0.279826	539	0.712430	9.035380	0	0.000000	0.513000	0.533061	
456	0.309211	544	0.687500	9.035380	0	0.000000	0.515000	0.533054	
442	0.339367	558	0.659498	9.035380	0	0.000000	0.518000	0.533048	
443	0.404063	557	0.694794	9.035380	0	0.000000	0.566000	0.533061	
463	0.397408	537	0.670391	9.035380	0	0.000000	0.544000	0.533065	
448	0.325893	552	0.702899	9.035380	0	0.000000	0.534000	0.533065	
445	0.355056	555	0.733333	9.035380	0	0.000000	0.565000	0.533077	
430	0.234884	570	0.675439	9.035380	0	0.000000	0.486000	0.533059	
442	0.309955	558	0.709677	9.035380	0	0.000000	0.533000	0.533059	
448	0.127232	552	0.632246	9.035380	0	0.000000	0.406000	0.533013	
442	0.343891	558	0.689964	9.035380	0	0.000000	0.537000	0.533014	
431	0.306265	569	0.688928	9.035380	0	0.000000	0.524000	0.533011	
419	0.343675	581	0.688468	9.035380	0	0.000000	0.544000	0.533015	
440	0.227273	560	0.705357	9.035380	0	0.000000	0.495000	0.533001	
442	0.296380	558	0.709677	9.035380	0	0.000000	0.527000	0.532999	
410	0.321951	590	0.701695	9.035380	0	0.000000	0.546000	0.533004	
445	0.287640	555	0.679279	9.035380	0	0.000000	0.505000	0.532994	
435	0.250575	565	0.672566	9.035380	0	0.000000	0.489000	0.532978	
428	0.242991	572	0.653846	9.035380	0	0.000000	0.478000	0.532958	
447	0.290828	553	0.723327	9.035380	0	0.000000	0.530000	0.532957	
413	0.314770	587	0.693356	9.035380	0	0.000000	0.537000	0.532958	
452	0.389381	548	0.684307	9.035380	0	0.000000	0.551000	0.532965	
451	0.478936	549	0.699454	9.035380	0	0.000000	0.600000	0.532989	
460	0.400000	540	0.625926	9.035380	0	0.000000	0.522000	0.532985	
451	0.405765	549	0.663024	9.035380	0	0.000000	0.547000	0.532990	
439	0.439636	561	0.693405	9.035380	0	0.000000	0.582000	0.533008	
439	0.407745	561	0.636364	9.035380	0	0.000000	0.536000	0.533009	
446	0.383408	554	0.662455	9.035380	0	0.000000	0.538000	0.533011	
442	0.382353	558	0.682796	9.035380	0	0.000000	0.550000	0.533017	
455	0.459341	545	0.633028	9.035380	0	0.000000	0.554000	0.533024	
442	0.393665	558	0.698925	9.035380	0	0.000000	0.564000	0.533036	
445	0.377528	555	0.691892	9.035380	0	0.000000	0.552000	0.533043	
452	0.515487	548	0.689781	9.035380	0	0.000000	0.611000	0.533071	
452	0.440265	548	0.677007	9.035380	0	0.000000	0.570000	0.533084	
434	0.389401	566	0.669611	9.035380	0	0.000000	0.548000	0.533090	
441	0.385488	559	0.676208	9.035380	0	0.000000	0.548000	0.533095	
452	0.351770	548	0.689781	9.035380	0	0.000000	0.537000	0.533096	
441	0.360544	559	0.694097	9.035380	0	0.000000	0.547000	0.533101	
484	0.177686	516	0.699612	9.035380	0	0.000000	0.447000	0.533070	
458	0.475983	542	0.684502	9.035380	0	0.000000	0.589000	0.533090	
440	0.252273	560	0.676786	9.035380	0	0.000000	0.490000	0.533075	
448	0.247768	552	0.641304	9.035380	0	0.000000	0.465000	0.533050	
402	0.400498	598	0.709030	9.035380	0	0.000000	0.585000	0.533069	
433	0.454965	567	0.682540	9.035380	0	0.000000	0.584000	0.533087	
421	0.152019	579	0.682211	9.035380	0	0.000000	0.459000	0.533061	
428	0.502336	572	0.722028	9.035380	0	0.000000	0.628000	0.533095	
433	0.288684	567	0.691358	9.035380	0	0.000000	0.517000	0.533089	
443	0.446953	557	0.687612	9.035380	0	0.000000	0.581000	0.533106	
410	0.234146	590	0.693220	9.035380	0	0.000000	0.505000	0.533096	
458	0.331878	542	0.712177	9.035380	0	0.000000	0.538000	0.533098	
432	0.326389	568	0.711268	9.035380	0	0.000000	0.545000	0.533102	
457	0.229759	543	0.718232	9.035380	0	0.000000	0.495000	0.533089	
419	0.322196	581	0.709122	9.035380	0	0.000000	0.547000	0.533094	
452	0.393805	548	0.711679	9.035380	0	0.000000	0.568000	0.533106	
396	0.255051	604	0.706954	9.035380	0	0.000000	0.528000	0.533104	
458	0.351528	542	0.690037	9.035380	0	0.000000	0.535000	0.533105	
446	0.242152	554	0.725632	9.035380	0	0.000000	0.510000	0.533097	
470	0.319149	530	0.709434	9.035380	0	0.000000	0.526000	0.533094	
469	0.319829	531	0.711864	9.035380	0	0.000000	0.528000	0.533092	
477	0.224319	523	0.707457	9.035380	0	0.000000	0.477000	0.533072	
452	0.396018	548	0.687956	9.035380	0	0.000000	0.556000	0.533080	
446	0.161435	554	0.629964	9.035380	0	0.000000	0.421000	0.533040	
456	0.379386	544	0.709559	9.035380	0	0.000000	0.559000	0.533050	
437	0.265446	563	0.676732	9.035380	0	0.000000	0.497000	0.533037	
449	0.383073	551	0.662432	9.035380	0	0.000000	0.537000	0.533038	
424	0.459906	576	0.708333	9.035380	0	0.000000	0.603000	0.533063	
452	0.247788	548	0.744526	9.035380	0	0.000000	0.520000	0.533058	
429	0.216783	571	0.709282	9.035380	0	0.000000	0.498000	0.533046	
468	0.361111	532	0.703008	9.035380	0	0.000000	0.543000	0.533049	
449	0.282851	551	0.698730	9.035380	0	0.000000	0.512000	0.533042	
444	0.394144	556	0.696043	9.035380	0	0.000000	0.562000	0.533052	
472	0.411017	528	0.721591	9.035380	0	0.000000	0.575000	0.533067	
423	0.290780	577	0.701906	9.035380	0	0.000000	0.528000	0.533065	
474	0.257384	526	0.722433	9.035380	0	0.000000	0.502000	0.533054	
436	0.146789	564	0.716312	9.035380	0	0.000000	0.468000	0.533031	
460	0.334783	540	0.722222	9.035380	0	0.000000	0.544000	0.533035	
450	0.217778	550	0.707273	9.035380	0	0.000000	0.487000	0.533019	
440	0.393182	560	0.748214	9.035380	0	0.000000	0.592000	0.533040	
424	0.304245	576	0.717014	9.035380	0	0.000000	0.542000	0.533043	
426	0.413146	574	0.717770	9.035380	0	0.000000	0.588000	0.533062	
428	0.334112	572	0.648601	9.035380	0	0.000000	0.514000	0.533056	
431	0.232019	569	0.708260	9.035380	0	0.000000	0.503000	0.533045	
444	0.331081	556	0.645683	9.035380	0	0.000000	0.506000	0.533035	
430	0.223256	570	0.700000	9.035380	0	0.000000	0.495000	0.533022	
451	0.119734	549	0.672131	9.035380	0	0.000000	0.423000	0.532983	
475	0.320000	525	0.676190	9.035380	0	0.000000	0.507000	0.532974	
452	0.088496	548	0.695255	9.035380	0	0.000000	0.421000	0.532934	
485	0.323711	515	0.691262	9.035380	0	0.000000	0.513000	0.532927	
450	0.364444	550	0.700000	9.035380	0	0.000000	0.549000	0.532932	
458	0.384279	542	0.656827	9.035380	0	0.000000	0.532000	0.532932	
440	0.340909	560	0.694643	9.035380	0	0.000000	0.539000	0.532934	
458	0.368996	542	0.714022	9.035380	0	0.000000	0.556000	0.532942	
464	0.349138	536	0.703358	9.035380	0	0.000000	0.539000	0.532945	
469	0.486141	531	0.691149	9.035380	0	0.000000	0.595000	0.532967	
463	0.218143	537	0.696462	9.035380	0	0.000000	0.475000	0.532946	
470	0.163830	530	0.715094	9.035380	0	0.000000	0.456000	0.532919	
472	0.391949	528	0.727273	9.035380	0	0.000000	0.569000	0.532932	
460	0.376087	540	0.688889	9.035380	0	0.000000	0.545000	0.532936	
473	0.241015	527	0.694497	9.035380	0	0.000000	0.480000	0.532917	
435	0.351724	565	0.653097	9.035380	0	0.000000	0.522000	0.532913	
463	0.125270	537	0.713222	9.035380	0	0.000000	0.441000	0.532881	
430	0.320930	570	0.701754	9.035380	0	0.000000	0.538000	0.532883	
452	0.347345	548	0.684307	9.035380	0	0.000000	0.532000	0.532882	
431	0.417633	569	0.692443	9.035380	0	0.000000	0.574000	0.532897	
423	0.333333	577	0.731369	9.035380	0	0.000000	0.563000	0.532907	
471	0.437367	529	0.680529	9.035380	0	0.000000	0.566000	0.532919	
428	0.308411	572	0.727273	9.035380	0	0.000000	0.548000	0.532924	
447	0.340045	553	0.716094	9.035380	0	0.000000	0.548000	0.532930	
453	0.326711	547	0.678245	9.035380	0	0.000000	0.519000	0.532925	
428	0.158879	572	0.730769	9.035380	0	0.000000	0.486000	0.532908	
450	0.233333	550	0.663636	9.035380	0	0.000000	0.470000	0.532886	
449	0.253898	551	0.680581	9.035380	0	0.000000	0.489000	0.532871	
458	0.382096	542	0.690037	9.035380	0	0.000000	0.549000	0.532876	
450	0.286667	550	0.654545	9.035380	0	0.000000	0.489000	0.532861	
441	0.215420	559	0.711986	9.035380	0	0.000000	0.493000	0.532847	
448	0.285714	552	0.697464	9.035380	0	0.000000	0.513000	0.532840	
431	0.410673	569	0.725835	9.035380	0	0.000000	0.590000	0.532860	
436	0.401376	564	0.702128	9.035380	0	0.000000	0.571000	0.532873	
426	0.478873	574	0.672474	9.035380	0	0.000000	0.590000	0.532893	
438	0.344749	562	0.690391	9.035380	0	0.000000	0.539000	0.532896	
435	0.363218	565	0.711504	9.035380	0	0.000000	0.560000	0.532905	
439	0.446469	561	0.704100	9.035380	0	0.000000	0.591000	0.532925	
421	0.415677	579	0.706390	9.035380	0	0.000000	0.584000	0.532943	
429	0.463869	571	0.674256	9.035380	0	0.000000	0.584000	0.532961	
423	0.460993	577	0.677643	9.035380	0	0.000000	0.586000	0.532980	
441	0.374150	559	0.686941	9.035380	0	0.000000	0.549000	0.532985	
442	0.368778	558	0.711470	9.035380	0	0.000000	0.560000	0.532995	
454	0.158590	546	0.705128	9.035380	0	0.000000	0.457000	0.532968	
445	0.402247	555	0.686486	9.035380	0	0.000000	0.560000	0.532978	
449	0.169265	551	0.673321	9.035380	0	0.000000	0.447000	0.532948	
431	0.250580	569	0.720562	9.035380	0	0.000000	0.518000	0.532942	
450	0.002222	550	0.703636	9.035380	0	0.000000	0.388000	0.532892	
434	0.179724	566	0.678445	9.035380	0	0.000000	0.462000	0.532867	
476	0.348739	524	0.683206	9.035380	0	0.000000	0.524000	0.532864	
436	0.181193	564	0.656028	9.035380	0	0.000000	0.449000	0.532835	
446	0.369955	554	0.720217	9.035380	0	0.000000	0.564000	0.532846	
407	0.407862	593	0.676223	9.035380	0	0.000000	0.567000	0.532857	
426	0.314554	574	0.759582	9.035380	0	0.000000	0.570000	0.532870	
416	0.411058	584	0.715753	9.035380	0	0.000000	0.589000	0.532890	
437	0.434783	563	0.694494	9.035380	0	0.000000	0.581000	0.532907	
439	0.416856	561	0.691622	9.035380	0	0.000000	0.571000	0.532920	
453	0.141280	547	0.709324	9.035380	0	0.000000	0.452000	0.532892	
459	0.368192	541	0.683919	9.035380	0	0.000000	0.539000	0.532894	
439	0.448747	561	0.725490	9.035380	0	0.000000	0.604000	0.532919	
448	0.439732	552	0.673913	9.035380	0	0.000000	0.569000	0.532931	
459	0.453159	541	0.709797	9.035380	0	0.000000	0.592000	0.532952	
417	0.314149	583	0.682676	9.035380	0	0.000000	0.529000	0.532950	
465	0.307527	535	0.714019	9.035380	0	0.000000	0.525000	0.532948	
441	0.337868	559	0.738819	9.035380	0	0.000000	0.562000	0.532958	
450	0.411111	550	0.687273	9.035380	0	0.000000	0.563000	0.532968	
425	0.388235	575	0.692174	9.035380	0	0.000000	0.563000	0.532979	
455	0.162637	545	0.702752	9.035380	0	0.000000	0.457000	0.532952	
464	0.234914	536	0.697761	9.035380	0	0.000000	0.483000	0.532935	
451	0.128603	549	0.728597	9.035380	0	0.000000	0.458000	0.532909	
473	0.192389	527	0.673624	9.035380	0	0.000000	0.446000	0.532879	
449	0.158129	551	0.698730	9.035380	0	0.000000	0.456000	0.532852	
442	0.371041	558	0.682796	9.035380	0	0.000000	0.545000	0.532856	
444	0.355856	556	0.715827	9.035380	0	0.000000	0.556000	0.532864	
459	0.291939	541	0.696858	9.035380	0	0.000000	0.511000	0.532857	
461	0.425163	539	0.710575	9.035380	0	0.000000	0.579000	0.532873	
457	0.247265	543	0.675875	9.035380	0	0.000000	0.480000	0.532854	
446	0.289238	554	0.700361	9.035380	0	0.000000	0.517000	0.532849	
447	0.413870	553	0.663653	9.035380	0	0.000000	0.552000	0.532856	
443	0.356659	557	0.667864	9.035380	0	0.000000	0.530000	0.532855	
442	0.296380	558	0.668459	9.035380	0	0.000000	0.504000	0.532845	
438	0.465753	562	0.711744	9.035380	0	0.000000	0.604000	0.532869	
422	0.355450	578	0.695502	9.035380	0	0.000000	0.552000	0.532876	
452	0.371681	548	0.711679	9.035380	0	0.000000	0.558000	0.532885	
419	0.307876	581	0.690189	9.035380	0	0.000000	0.530000	0.532884	
472	0.404661	528	0.700758	9.035380	0	0.000000	0.561000	0.532893	
459	0.180828	541	0.672828	9.035380	0	0.000000	0.447000	0.532864	
439	0.266515	561	0.707665	9.035380	0	0.000000	0.514000	0.532857	
456	0.326754	544	0.705882	9.035380	0	0.000000	0.533000	0.532857	
436	0.387615	564	0.689716	9.035380	0	0.000000	0.558000	0.532866	
444	0.459459	556	0.654676	9.035380	0	0.000000	0.568000	0.532878	
431	0.429234	569	0.667838	9.035380	0	0.000000	0.565000	0.532889	
434	0.389401	566	0.724382	9.035380	0	0.000000	0.579000	0.532905	
461	0.264642	539	0.675325	9.035380	0	0.000000	0.486000	0.532889	
447	0.373602	553	0.705244	9.035380	0	0.000000	0.557000	0.532897	
440	0.375000	560	0.708929	9.035380	0	0.000000	0.562000	0.532907	
448	0.354911	552	0.701087	9.035380	0	0.000000	0.546000	0.532912	
439	0.396355	561	0.711230	9.035380	0	0.000000	0.573000	0.532925	
462	0.398268	538	0.684015	9.035380	0	0.000000	0.552000	0.532932	
448	0.337054	552	0.708333	9.035380	0	0.000000	0.542000	0.532935	
466	0.115880	534	0.707865	9.035380	0	0.000000	0.432000	0.532900	
466	0.420601	534	0.687266	9.035380	0	0.000000	0.563000	0.532911	
461	0.353579	539	0.664193	9.035380	0	0.000000	0.521000	0.532907	
426	0.448357	574	0.710801	9.035380	0	0.000000	0.599000	0.532929	
427	0.384075	573	0.706806	9.035380	0	0.000000	0.569000	0.532942	
419	0.198091	581	0.681583	9.035380	0	0.000000	0.479000	0.532923	
427	0.351288	573	0.652705	9.035380	0	0.000000	0.524000	0.532920	
429	0.254079	571	0.704028	9.035380	0	0.000000	0.511000	0.532913	
443	0.408578	557	0.698384	9.035380	0	0.000000	0.570000	0.532925	
430	0.462791	570	0.691228	9.035380	0	0.000000	0.593000	0.532946	
463	0.384449	537	0.711359	9.035380	0	0.000000	0.560000	0.532955	
464	0.260776	536	0.697761	9.035380	0	0.000000	0.495000	0.532942	
474	0.236287	526	0.667300	9.035380	0	0.000000	0.463000	0.532918	
430	0.441860	570	0.712281	9.035380	0	0.000000	0.596000	0.532940	
444	0.315315	556	0.701439	9.035380	0	0.000000	0.530000	0.532939	
407	0.378378	593	0.726813	9.035380	0	0.000000	0.585000	0.532956	
436	0.366972	564	0.677305	9.035380	0	0.000000	0.542000	0.532960	
435	0.089655	565	0.711504	9.035380	0	0.000000	0.441000	0.532928	
464	0.045259	536	0.697761	9.035380	0	0.000000	0.395000	0.532881	
451	0.170732	549	0.668488	9.035380	0	0.000000	0.444000	0.532851	
453	0.278146	547	0.689214	9.035380	0	0.000000	0.503000	0.532841	
427	0.393443	573	0.687609	9.035380	0	0.000000	0.562000	0.532851	
455	0.312088	545	0.699083	9.035380	0	0.000000	0.523000	0.532847	
438	0.242009	562	0.711744	9.035380	0	0.000000	0.506000	0.532838	
455	0.261538	545	0.682569	9.035380	0	0.000000	0.491000	0.532824	
445	0.256180	555	0.695495	9.035380	0	0.000000	0.500000	0.532813	
432	0.421296	568	0.702465	9.035380	0	0.000000	0.581000	0.532829	
457	0.238512	543	0.749540	9.035380	0	0.000000	0.516000	0.532823	
423	0.286052	577	0.682842	9.035380	0	0.000000	0.515000	0.532817	
434	0.336406	566	0.680212	9.035380	0	0.000000	0.531000	0.532817	
439	0.273349	561	0.725490	9.035380	0	0.000000	0.527000	0.532815	
434	0.020737	566	0.671378	9.035380	0	0.000000	0.389000	0.532766	
475	0.157895	525	0.662857	9.035380	0	0.000000	0.423000	0.532729	
462	0.335498	538	0.715613	9.035380	0	0.000000	0.540000	0.532731	
457	0.404814	543	0.686924	9.035380	0	0.000000	0.558000	0.532740	
441	0.283447	559	0.665474	9.035380	0	0.000000	0.497000	0.532728	
432	0.428241	568	0.728873	9.035380	0	0.000000	0.599000	0.532750	
444	0.227477	556	0.723022	9.035380	0	0.000000	0.503000	0.532740	
438	0.349315	562	0.697509	9.035380	0	0.000000	0.545000	0.532744	
429	0.296037	571	0.684764	9.035380	0	0.000000	0.518000	0.532739	
450	0.284444	550	0.656364	9.035380	0	0.000000	0.489000	0.532724	
434	0.354839	566	0.655477	9.035380	0	0.000000	0.525000	0.532722	
470	0.402128	530	0.726415	9.035380	0	0.000000	0.574000	0.532736	
456	0.399123	544	0.702206	9.035380	0	0.000000	0.564000	0.532746	
434	0.304147	566	0.738516	9.035380	0	0.000000	0.550000	0.532752	
433	0.237875	567	0.731922	9.035380	0	0.000000	0.518000	0.532747	
415	0.359036	585	0.687179	9.035380	0	0.000000	0.551000	0.532753	
443	0.295711	557	0.709156	9.035380	0	0.000000	0.526000	0.532751	
420	0.338095	580	0.706897	9.035380	0	0.000000	0.552000	0.532757	
434	0.423963	566	0.673145	9.035380	0	0.000000	0.565000	0.532768	
434	0.331797	566	0.699647	9.035380	0	0.000000	0.540000	0.532771	
440	0.420455	560	0.691071	9.035380	0	0.000000	0.572000	0.532784	
432	0.208333	568	0.672535	9.035380	0	0.000000	0.472000	0.532763	
447	0.344519	553	0.703436	9.035380	0	0.000000	0.543000	0.532767	
437	0.361556	563	0.685613	9.035380	0	0.000000	0.544000	0.532771	
424	0.233491	576	0.675347	9.035380	0	0.000000	0.488000	0.532756	
454	0.299559	546	0.692308	9.035380	0	0.000000	0.514000	0.532749	
456	0.355263	544	0.705882	9.035380	0	0.000000	0.546000	0.532754	
452	0.360619	548	0.697080	9.035380	0	0.000000	0.545000	0.532758	
463	0.315335	537	0.700186	9.035380	0	0.000000	0.522000	0.532754	
437	0.258581	563	0.690941	9.035380	0	0.000000	0.502000	0.532744	
429	0.319347	571	0.688266	9.035380	0	0.000000	0.530000	0.532743	
459	0.376906	541	0.687616	9.035380	0	0.000000	0.545000	0.532747	
415	0.233735	585	0.700855	9.035380	0	0.000000	0.507000	0.532738	
437	0.032037	563	0.712256	9.035380	0	0.000000	0.415000	0.532699	
422	0.289100	578	0.721453	9.035380	0	0.000000	0.539000	0.532701	
422	0.241706	578	0.724913	9.035380	0	0.000000	0.521000	0.532697	
454	0.202643	546	0.721612	9.035380	0	0.000000	0.486000	0.532681	
450	0.188889	550	0.710909	9.035380	0	0.000000	0.476000	0.532662	
452	0.247788	548	0.709854	9.035380	0	0.000000	0.501000	0.532652	
465	0.430108	535	0.747664	9.035380	0	0.000000	0.600000	0.532674	
455	0.336264	545	0.708257	9.035380	0	0.000000	0.539000	0.532677	
437	0.475973	563	0.717584	9.035380	0	0.000000	0.612000	0.532703	
447	0.313199	553	0.730561	9.035380	0	0.000000	0.544000	0.532707	
403	0.198511	597	0.690117	9.035380	0	0.000000	0.492000	0.532693	
445	0.200000	555	0.729730	9.035380	0	0.000000	0.494000	0.532680	
442	0.203620	558	0.698925	9.035380	0	0.000000	0.480000	0.532663	
457	0.269147	543	0.720074	9.035380	0	0.000000	0.514000	0.532656	
423	0.420804	577	0.689775	9.035380	0	0.000000	0.576000	0.532671	
442	0.432127	558	0.654122	9.035380	0	0.000000	0.556000	0.532679	
428	0.310748	572	0.715035	9.035380	0	0.000000	0.542000	0.532682	
441	0.351474	559	0.656530	9.035380	0	0.000000	0.522000	0.532678	
452	0.349558	548	0.687956	9.035380	0	0.000000	0.535000	0.532679	
433	0.270208	567	0.656085	9.035380	0	0.000000	0.489000	0.532664	
449	0.224944	551	0.656987	9.035380	0	0.000000	0.463000	0.532641	
447	0.375839	553	0.636528	9.035380	0	0.000000	0.520000	0.532637	
451	0.368071	549	0.715847	9.035380	0	0.000000	0.559000	0.532646	
451	0.363636	549	0.699454	9.035380	0	0.000000	0.548000	0.532651	
452	0.475664	548	0.671533	9.035380	0	0.000000	0.583000	0.532668	
471	0.484076	529	0.665406	9.035380	0	0.000000	0.580000	0.532683	
427	0.257611	573	0.699825	9.035380	0	0.000000	0.511000	0.532676	
449	0.389755	551	0.720508	9.035380	0	0.000000	0.572000	0.532689	
422	0.374408	578	0.698962	9.035380	0	0.000000	0.562000	0.532699	
438	0.331050	562	0.722420	9.035380	0	0.000000	0.551000	0.532705	
441	0.480726	559	0.706619	9.035380	0	0.000000	0.607000	0.532730	
452	0.265487	548	0.675182	9.035380	0	0.000000	0.490000	0.532716	
427	0.271663	573	0.699825	9.035380	0	0.000000	0.517000	0.532710	
444	0.484234	556	0.658273	9.035380	0	0.000000	0.581000	0.532726	
448	0.428571	552	0.681159	9.035380	0	0.000000	0.568000	0.532738	
431	0.315545	569	0.731107	9.035380	0	0.000000	0.552000	0.532745	
442	0.452489	558	0.670251	9.035380	0	0.000000	0.574000	0.532758	
453	0.450331	547	0.696527	9.035380	0	0.000000	0.585000	0.532776	
477	0.444444	523	0.705545	9.035380	0	0.000000	0.581000	0.532792	
464	0.219828	536	0.705224	9.035380	0	0.000000	0.480000	0.532774	
447	0.308725	553	0.710669	9.035380	0	0.000000	0.531000	0.532774	
462	0.376623	538	0.721190	9.035380	0	0.000000	0.562000	0.532783	
422	0.412322	578	0.678201	9.035380	0	0.000000	0.566000	0.532794	
475	0.442105	525	0.723810	9.035380	0	0.000000	0.590000	0.532813	
451	0.323725	549	0.690346	9.035380	0	0.000000	0.525000	0.532811	
454	0.312775	546	0.741758	9.035380	0	0.000000	0.547000	0.532815	
465	0.486022	535	0.700935	9.035380	0	0.000000	0.601000	0.532838	
436	0.295872	564	0.666667	9.035380	0	0.000000	0.505000	0.532829	
465	0.402151	535	0.695327	9.035380	0	0.000000	0.559000	0.532837	
440	0.352273	560	0.687500	9.035380	0	0.000000	0.540000	0.532840	
465	0.268817	535	0.678505	9.035380	0	0.000000	0.488000	0.532825	
470	0.302128	530	0.705660	9.035380	0	0.000000	0.516000	0.532819	
453	0.233996	547	0.727605	9.035380	0	0.000000	0.504000	0.532810	
447	0.407159	553	0.730561	9.035380	0	0.000000	0.586000	0.532827	
432	0.259259	568	0.700704	9.035380	0	0.000000	0.510000	0.532820	
446	0.410314	554	0.714801	9.035380	0	0.000000	0.579000	0.532835	
395	0.301266	605	0.682645	9.035380	0	0.000000	0.532000	0.532835	
424	0.445755	576	0.696181	9.035380	0	0.000000	0.590000	0.532854	
427	0.398126	573	0.673647	9.035380	0	0.000000	0.556000	0.532861	
453	0.295806	547	0.639854	9.035380	0	0.000000	0.484000	0.532845	
447	0.380313	553	0.670886	9.035380	0	0.000000	0.541000	0.532848	
435	0.411494	565	0.665487	9.035380	0	0.000000	0.555000	0.532855	
474	0.196203	526	0.720532	9.035380	0	0.000000	0.472000	0.532835	
457	0.234136	543	0.714549	9.035380	0	0.000000	0.495000	0.532823	
443	0.392777	557	0.698384	9.035380	0	0.000000	0.563000	0.532833	
439	0.414579	561	0.713012	9.035380	0	0.000000	0.582000	0.532849	
439	0.084282	561	0.654189	9.035380	0	0.000000	0.404000	0.532806	
444	0.171171	556	0.670863	9.035380	0	0.000000	0.449000	0.532779	
406	0.322660	594	0.705387	9.035380	0	0.000000	0.550000	0.532784	
451	0.383592	549	0.692168	9.035380	0	0.000000	0.553000	0.532791	
437	0.299771	563	0.740675	9.035380	0	0.000000	0.548000	0.532796	
451	0.341463	549	0.724954	9.035380	0	0.000000	0.552000	0.532802	
433	0.311778	567	0.723104	9.035380	0	0.000000	0.545000	0.532806	
448	0.412946	552	0.701087	9.035380	0	0.000000	0.572000	0.532819	
473	0.412262	527	0.677419	9.035380	0	0.000000	0.552000	0.532826	
445	0.337079	555	0.720721	9.035380	0	0.000000	0.550000	0.532831	
457	0.463895	543	0.710866	9.035380	0	0.000000	0.598000	0.532852	
413	0.394673	587	0.729131	9.035380	0	0.000000	0.591000	0.532872	
438	0.406393	562	0.724199	9.035380	0	0.000000	0.585000	0.532889	
434	0.105991	566	0.697880	9.035380	0	0.000000	0.441000	0.532859	
402	0.303483	598	0.668896	9.035380	0	0.000000	0.522000	0.532855	
446	0.452915	554	0.667870	9.035380	0	0.000000	0.572000	0.532868	
440	0.368182	560	0.680357	9.035380	0	0.000000	0.543000	0.532871	
447	0.351230	553	0.670886	9.035380	0	0.000000	0.528000	0.532869	
443	0.376975	557	0.684022	9.035380	0	0.000000	0.548000	0.532874	
441	0.424036	559	0.711986	9.035380	0	0.000000	0.585000	0.532891	
450	0.500000	550	0.685455	9.035380	0	0.000000	0.602000	0.532914	
453	0.434879	547	0.685558	9.035380	0	0.000000	0.572000	0.532927	
442	0.312217	558	0.729391	9.035380	0	0.000000	0.545000	0.532931	
448	0.366071	552	0.713768	9.035380	0	0.000000	0.558000	0.532939	
465	0.204301	535	0.727103	9.035380	0	0.000000	0.484000	0.532923	
453	0.271523	547	0.744059	9.035380	0	0.000000	0.530000	0.532922	
434	0.347926	566	0.683746	9.035380	0	0.000000	0.538000	0.532924	
425	0.232941	575	0.692174	9.035380	0	0.000000	0.497000	0.532912	
446	0.017937	554	0.676895	9.035380	0	0.000000	0.383000	0.532863	
468	0.386752	532	0.674812	9.035380	0	0.000000	0.540000	0.532865	
470	0.370213	530	0.688679	9.035380	0	0.000000	0.539000	0.532867	
439	0.282460	561	0.725490	9.035380	0	0.000000	0.531000	0.532867	
461	0.446855	539	0.706865	9.035380	0	0.000000	0.587000	0.532884	
477	0.415094	523	0.694073	9.035380	0	0.000000	0.561000	0.532894	
472	0.300847	528	0.700758	9.035380	0	0.000000	0.512000	0.532887	
450	0.168889	550	0.700000	9.035380	0	0.000000	0.461000	0.532863	
445	0.312360	555	0.691892	9.035380	0	0.000000	0.523000	0.532860	
435	0.303448	565	0.713274	9.035380	0	0.000000	0.535000	0.532861	
440	0.352273	560	0.692857	9.035380	0	0.000000	0.543000	0.532864	
441	0.378685	559	0.733453	9.035380	0	0.000000	0.577000	0.532879	
433	0.378753	567	0.654321	9.035380	0	0.000000	0.535000	0.532879	
434	0.421659	566	0.689046	9.035380	0	0.000000	0.573000	0.532892	
457	0.216630	543	0.734807	9.035380	0	0.000000	0.498000	0.532881	
459	0.357298	541	0.680222	9.035380	0	0.000000	0.532000	0.532881	
432	0.377315	568	0.658451	9.035380	0	0.000000	0.537000	0.532882	
430	0.318605	570	0.689474	9.035380	0	0.000000	0.530000	0.532881	
449	0.363029	551	0.684211	9.035380	0	0.000000	0.540000	0.532883	
431	0.382831	569	0.667838	9.035380	0	0.000000	0.545000	0.532887	
430	0.460465	570	0.685965	9.035380	0	0.000000	0.589000	0.532905	
455	0.285714	545	0.688073	9.035380	0	0.000000	0.505000	0.532896	
491	0.226069	509	0.709234	9.035380	0	0.000000	0.472000	0.532877	
459	0.206972	541	0.700555	9.035380	0	0.000000	0.474000	0.532858	
449	0.138085	551	0.695100	9.035380	0	0.000000	0.445000	0.532829	
432	0.215278	568	0.688380	9.035380	0	0.000000	0.484000	0.532814	
434	0.377880	566	0.727915	9.035380	0	0.000000	0.576000	0.532827	
455	0.393407	545	0.715596	9.035380	0	0.000000	0.569000	0.532839	
441	0.380952	559	0.685152	9.035380	0	0.000000	0.551000	0.532845	
417	0.462830	583	0.680961	9.035380	0	0.000000	0.590000	0.532863	
430	0.255814	570	0.707018	9.035380	0	0.000000	0.513000	0.532857	
452	0.015487	548	0.667883	9.035380	0	0.000000	0.373000	0.532806	
460	0.278261	540	0.709259	9.035380	0	0.000000	0.511000	0.532798	
442	0.346154	558	0.711470	9.035380	0	0.000000	0.550000	0.532804	
441	0.426304	559	0.699463	9.035380	0	0.000000	0.579000	0.532819	
445	0.301124	555	0.756757	9.035380	0	0.000000	0.554000	0.532826	
458	0.441048	542	0.719557	9.035380	0	0.000000	0.592000	0.532845	
441	0.235828	559	0.688730	9.035380	0	0.000000	0.489000	0.532831	
445	0.298876	555	0.688288	9.035380	0	0.000000	0.515000	0.532825	
443	0.020316	557	0.640934	9.035380	0	0.000000	0.366000	0.532771	
435	0.342529	565	0.715044	9.035380	0	0.000000	0.553000	0.532778	
460	0.286957	540	0.751852	9.035380	0	0.000000	0.538000	0.532779	
463	0.220302	537	0.702048	9.035380	0	0.000000	0.479000	0.532762	
445	0.182022	555	0.704505	9.035380	0	0.000000	0.472000	0.532743	
438	0.406393	562	0.685053	9.035380	0	0.000000	0.563000	0.532752	
436	0.357798	564	0.689716	9.035380	0	0.000000	0.545000	0.532756	
408	0.299020	592	0.682432	9.035380	0	0.000000	0.526000	0.532754	
425	0.275294	575	0.700870	9.035380	0	0.000000	0.520000	0.532750	
431	0.354988	569	0.697715	9.035380	0	0.000000	0.550000	0.532756	
447	0.429530	553	0.683544	9.035380	0	0.000000	0.570000	0.532768	
462	0.450216	538	0.708178	9.035380	0	0.000000	0.589000	0.532786	
465	0.466667	535	0.702804	9.035380	0	0.000000	0.593000	0.532805	
463	0.276458	537	0.666667	9.035380	0	0.000000	0.486000	0.532790	
444	0.351351	556	0.660072	9.035380	0	0.000000	0.523000	0.532787	
421	0.358670	579	0.690846	9.035380	0	0.000000	0.551000	0.532793	
429	0.403263	571	0.695271	9.035380	0	0.000000	0.570000	0.532804	
426	0.485915	574	0.703833	9.035380	0	0.000000	0.611000	0.532829	
431	0.361949	569	0.702988	9.035380	0	0.000000	0.556000	0.532837	
469	0.275053	531	0.693032	9.035380	0	0.000000	0.497000	0.532825	
449	0.383073	551	0.684211	9.035380	0	0.000000	0.549000	0.532831	
441	0.251701	559	0.710197	9.035380	0	0.000000	0.508000	0.532823	
442	0.377828	558	0.698925	9.035380	0	0.000000	0.557000	0.532830	
461	0.462039	539	0.712430	9.035380	0	0.000000	0.597000	0.532851	
474	0.411392	526	0.724335	9.035380	0	0.000000	0.576000	0.532865	
472	0.402542	528	0.687500	9.035380	0	0.000000	0.553000	0.532871	
444	0.398649	556	0.697842	9.035380	0	0.000000	0.565000	0.532881	
448	0.357143	552	0.717391	9.035380	0	0.000000	0.556000	0.532889	
464	0.344828	536	0.666045	9.035380	0	0.000000	0.517000	0.532884	
431	0.443155	569	0.662566	9.035380	0	0.000000	0.568000	0.532895	
424	0.474057	576	0.697917	9.035380	0	0.000000	0.603000	0.532917	
428	0.331776	572	0.676573	9.035380	0	0.000000	0.529000	0.532916	
411	0.313869	589	0.658744	9.035380	0	0.000000	0.517000	0.532911	
413	0.285714	587	0.734242	9.035380	0	0.000000	0.549000	0.532916	
450	0.315556	550	0.690909	9.035380	0	0.000000	0.522000	0.532912	
457	0.070022	543	0.686924	9.035380	0	0.000000	0.405000	0.532872	
434	0.269585	566	0.678445	9.035380	0	0.000000	0.501000	0.532862	
445	0.346067	555	0.675676	9.035380	0	0.000000	0.529000	0.532860	
437	0.288330	563	0.690941	9.035380	0	0.000000	0.515000	0.532855	
428	0.394860	572	0.725524	9.035380	0	0.000000	0.584000	0.532871	
439	0.375854	561	0.673797	9.035380	0	0.000000	0.543000	0.532874	
445	0.186517	555	0.726126	9.035380	0	0.000000	0.486000	0.532859	
460	0.178261	540	0.701852	9.035380	0	0.000000	0.461000	0.532836	
443	0.336343	557	0.655296	9.035380	0	0.000000	0.514000	0.532831	
458	0.307860	542	0.721402	9.035380	0	0.000000	0.532000	0.532830	
456	0.311404	544	0.709559	9.035380	0	0.000000	0.528000	0.532829	
459	0.132898	541	0.665434	9.035380	0	0.000000	0.421000	0.532793	
482	0.192946	518	0.698842	9.035380	0	0.000000	0.455000	0.532769	
487	0.252567	513	0.744639	9.035380	0	0.000000	0.505000	0.532760	
463	0.362851	537	0.696462	9.035380	0	0.000000	0.542000	0.532763	
457	0.236324	543	0.686924	9.035380	0	0.000000	0.481000	0.532746	
439	0.298405	561	0.702317	9.035380	0	0.000000	0.525000	0.532744	
452	0.059735	548	0.711679	9.035380	0	0.000000	0.417000	0.532707	
436	0.353211	564	0.691489	9.035380	0	0.000000	0.544000	0.532711	
434	0.382488	566	0.644876	9.035380	0	0.000000	0.531000	0.532710	
432	0.356481	568	0.661972	9.035380	0	0.000000	0.530000	0.532710	
454	0.348018	546	0.706960	9.035380	0	0.000000	0.544000	0.532713	
470	0.372340	530	0.667925	9.035380	0	0.000000	0.529000	0.532712	
442	0.228507	558	0.632616	9.035380	0	0.000000	0.454000	0.532687	
453	0.333333	547	0.712980	9.035380	0	0.000000	0.541000	0.532690	
432	0.224537	568	0.742958	9.035380	0	0.000000	0.519000	0.532685	
443	0.390519	557	0.766607	9.035380	0	0.000000	0.600000	0.532707	
424	0.207547	576	0.708333	9.035380	0	0.000000	0.496000	0.532695	
427	0.316159	573	0.678883	9.035380	0	0.000000	0.524000	0.532692	
437	0.242563	563	0.683837	9.035380	0	0.000000	0.491000	0.532679	
436	0.334862	564	0.702128	9.035380	0	0.000000	0.542000	0.532682	
434	0.211982	566	0.715548	9.035380	0	0.000000	0.497000	0.532671	
442	0.323529	558	0.686380	9.035380	0	0.000000	0.526000	0.532669	
457	0.179431	543	0.696133	9.035380	0	0.000000	0.460000	0.532646	
440	0.184091	560	0.700000	9.035380	0	0.000000	0.473000	0.532627	
438	0.269406	562	0.711744	9.035380	0	0.000000	0.518000	0.532623	
449	0.193764	551	0.713249	9.035380	0	0.000000	0.480000	0.532606	
429	0.372960	571	0.683012	9.035380	0	0.000000	0.550000	0.532612	
433	0.163972	567	0.701940	9.035380	0	0.000000	0.469000	0.532592	
454	0.008811	546	0.688645	9.035380	0	0.000000	0.380000	0.532544	
448	0.321429	552	0.681159	9.035380	0	0.000000	0.520000	0.532540	
465	0.161290	535	0.674766	9.035380	0	0.000000	0.436000	0.532509	
438	0.198630	562	0.686833	9.035380	0	0.000000	0.473000	0.532491	
478	0.351464	522	0.685824	9.035380	0	0.000000	0.526000	0.532489	
435	0.360920	565	0.704425	9.035380	0	0.000000	0.555000	0.532496	
430	0.113953	570	0.689474	9.035380	0	0.000000	0.442000	0.532467	
402	0.221393	598	0.687291	9.035380	0	0.000000	0.500000	0.532457	
443	0.413093	557	0.736086	9.035380	0	0.000000	0.593000	0.532476	
461	0.318872	539	0.706865	9.035380	0	0.000000	0.528000	0.532475	
460	0.000000	540	0.657407	9.035380	0	0.000000	0.355000	0.532419	
444	0.335586	556	0.683453	9.035380	0	0.000000	0.529000	0.532418	
453	0.368653	547	0.648995	9.035380	0	0.000000	0.522000	0.532415	
451	0.416851	549	0.692168	9.035380	0	0.000000	0.568000	0.532426	
457	0.096280	543	0.709024	9.035380	0	0.000000	0.429000	0.532394	
447	0.395973	553	0.701627	9.035380	0	0.000000	0.565000	0.532404	
443	0.437923	557	0.709156	9.035380	0	0.000000	0.589000	0.532422	
450	0.408889	550	0.690909	9.035380	0	0.000000	0.564000	0.532431	
474	0.443038	526	0.674905	9.035380	0	0.000000	0.565000	0.532442	
471	0.443737	529	0.716446	9.035380	0	0.000000	0.588000	0.532459	
480	0.375000	520	0.705769	9.035380	0	0.000000	0.547000	0.532463	
456	0.432018	544	0.696691	9.035380	0	0.000000	0.576000	0.532477	
432	0.319444	568	0.734155	9.035380	0	0.000000	0.555000	0.532484	
436	0.194954	564	0.710993	9.035380	0	0.000000	0.486000	0.532470	
446	0.343049	554	0.694946	9.035380	0	0.000000	0.538000	0.532471	
427	0.241218	573	0.677138	9.035380	0	0.000000	0.491000	0.532458	
436	0.424312	564	0.693262	9.035380	0	0.000000	0.576000	0.532472	
416	0.185096	584	0.683219	9.035380	0	0.000000	0.476000	0.532454	
447	0.129754	553	0.714286	9.035380	0	0.000000	0.453000	0.532430	
463	0.298056	537	0.664804	9.035380	0	0.000000	0.495000	0.532418	
440	0.370455	560	0.689286	9.035380	0	0.000000	0.549000	0.532423	
447	0.402685	553	0.681736	9.035380	0	0.000000	0.557000	0.532431	
449	0.265033	551	0.736842	9.035380	0	0.000000	0.525000	0.532428	
460	0.293478	540	0.668519	9.035380	0	0.000000	0.496000	0.532417	
457	0.166302	543	0.692449	9.035380	0	0.000000	0.452000	0.532392	
450	0.295556	550	0.689091	9.035380	0	0.000000	0.512000	0.532386	
453	0.302428	547	0.696527	9.035380	0	0.000000	0.518000	0.532381	
448	0.404018	552	0.670290	9.035380	0	0.000000	0.551000	0.532387	
443	0.422122	557	0.698384	9.035380	0	0.000000	0.576000	0.532401	
442	0.488688	558	0.720430	9.035380	0	0.000000	0.618000	0.532427	
440	0.397727	560	0.696429	9.035380	0	0.000000	0.565000	0.532437	
449	0.282851	551	0.711434	9.035380	0	0.000000	0.519000	0.532433	
455	0.096703	545	0.715596	9.035380	0	0.000000	0.434000	0.532403	
459	0.152505	541	0.658041	9.035380	0	0.000000	0.426000	0.532370	
442	0.348416	558	0.722222	9.035380	0	0.000000	0.557000	0.532377	
449	0.309577	551	0.733212	9.035380	0	0.000000	0.543000	0.532381	
442	0.423077	558	0.668459	9.035380	0	0.000000	0.560000	0.532389	
438	0.230594	562	0.679715	9.035380	0	0.000000	0.483000	0.532374	
435	0.243678	565	0.674336	9.035380	0	0.000000	0.487000	0.532360	
451	0.268293	549	0.697632	9.035380	0	0.000000	0.504000	0.532351	
454	0.251101	546	0.699634	9.035380	0	0.000000	0.496000	0.532340	
449	0.164811	551	0.655172	9.035380	0	0.000000	0.435000	0.532310	
465	0.354839	535	0.738318	9.035380	0	0.000000	0.560000	0.532318	
453	0.412804	547	0.707495	9.035380	0	0.000000	0.574000	0.532331	
432	0.418981	568	0.716549	9.035380	0	0.000000	0.588000	0.532348	
451	0.372506	549	0.701275	9.035380	0	0.000000	0.553000	0.532355	
445	0.406742	555	0.704505	9.035380	0	0.000000	0.572000	0.532367	
453	0.342163	547	0.698355	9.035380	0	0.000000	0.537000	0.532368	
432	0.393519	568	0.693662	9.035380	0	0.000000	0.564000	0.532378	
433	0.399538	567	0.701940	9.035380	0	0.000000	0.571000	0.532390	
444	0.364865	556	0.717626	9.035380	0	0.000000	0.561000	0.532399	
441	0.278912	559	0.704830	9.035380	0	0.000000	0.517000	0.532394	
440	0.031818	560	0.719643	9.035380	0	0.000000	0.417000	0.532359	
447	0.263982	553	0.685353	9.035380	0	0.000000	0.497000	0.532348	
444	0.324324	556	0.714029	9.035380	0	0.000000	0.541000	0.532350	
431	0.424594	569	0.697715	9.035380	0	0.000000	0.580000	0.532365	
434	0.334101	566	0.685512	9.035380	0	0.000000	0.533000	0.532365	
431	0.341067	569	0.711775	9.035380	0	0.000000	0.552000	0.532371	
450	0.415556	550	0.667273	9.035380	0	0.000000	0.554000	0.532378	
448	0.363839	552	0.755435	9.035380	0	0.000000	0.580000	0.532393	
449	0.400891	551	0.671506	9.035380	0	0.000000	0.550000	0.532398	
447	0.351230	553	0.663653	9.035380	0	0.000000	0.524000	0.532395	
447	0.192394	553	0.703436	9.035380	0	0.000000	0.475000	0.532378	
445	0.346067	555	0.693694	9.035380	0	0.000000	0.539000	0.532380	
448	0.464286	552	0.679348	9.035380	0	0.000000	0.583000	0.532395	
460	0.400000	540	0.705556	9.035380	0	0.000000	0.565000	0.532405	
447	0.060403	553	0.719711	9.035380	0	0.000000	0.425000	0.532372	
430	0.106977	570	0.663158	9.035380	0	0.000000	0.424000	0.532339	
422	0.367299	578	0.676471	9.035380	0	0.000000	0.546000	0.532343	
465	0.206452	535	0.674766	9.035380	0	0.000000	0.457000	0.532320	
474	0.151899	526	0.735741	9.035380	0	0.000000	0.459000	0.532298	
456	0.342105	544	0.738971	9.035380	0	0.000000	0.558000	0.532306	
447	0.172260	553	0.701627	9.035380	0	0.000000	0.465000	0.532285	
445	0.314607	555	0.670270	9.035380	0	0.000000	0.512000	0.532279	
430	0.455814	570	0.692982	9.035380	0	0.000000	0.591000	0.532297	
440	0.379545	560	0.723214	9.035380	0	0.000000	0.572000	0.532309	
465	0.258065	535	0.672897	9.035380	0	0.000000	0.480000	0.532293	
435	0.213793	565	0.706195	9.035380	0	0.000000	0.492000	0.532281	
431	0.262181	569	0.704745	9.035380	0	0.000000	0.514000	0.532275	
448	0.343750	552	0.670290	9.035380	0	0.000000	0.524000	0.532273	
447	0.378076	553	0.656420	9.035380	0	0.000000	0.532000	0.532273	
448	0.379464	552	0.697464	9.035380	0	0.000000	0.555000	0.532279	
437	0.205950	563	0.698046	9.035380	0	0.000000	0.483000	0.532264	
444	0.123874	556	0.715827	9.035380	0	0.000000	0.453000	0.532240	
480	0.364583	520	0.665385	9.035380	0	0.000000	0.521000	0.532237	
436	0.401376	564	0.663121	9.035380	0	0.000000	0.549000	0.532242	
440	0.415909	560	0.662500	9.035380	0	0.000000	0.554000	0.532249	
444	0.398649	556	0.696043	9.035380	0	0.000000	0.564000	0.532258	
447	0.375839	553	0.732369	9.035380	0	0.000000	0.573000	0.532271	
415	0.375904	585	0.654701	9.035380	0	0.000000	0.539000	0.532273	
416	0.079327	584	0.693493	9.035380	0	0.000000	0.438000	0.532244	
427	0.269321	573	0.682373	9.035380	0	0.000000	0.506000	0.532236	
445	0.173034	555	0.682883	9.035380	0	0.000000	0.456000	0.532213	
434	0.364055	566	0.667845	9.035380	0	0.000000	0.536000	0.532214	
417	0.369305	583	0.684391	9.035380	0	0.000000	0.553000	0.532220	
437	0.409611	563	0.689165	9.035380	0	0.000000	0.567000	0.532231	
432	0.430556	568	0.725352	9.035380	0	0.000000	0.598000	0.532251	
429	0.412587	571	0.677758	9.035380	0	0.000000	0.564000	0.532260	
438	0.388128	562	0.692171	9.035380	0	0.000000	0.559000	0.532269	
444	0.353604	556	0.712230	9.035380	0	0.000000	0.553000	0.532275	
426	0.234742	574	0.696864	9.035380	0	0.000000	0.500000	0.532265	
439	0.462415	561	0.673797	9.035380	0	0.000000	0.581000	0.532280	
455	0.457143	545	0.695413	9.035380	0	0.000000	0.587000	0.532296	
448	0.220982	552	0.719203	9.035380	0	0.000000	0.496000	0.532285	
425	0.275294	575	0.699130	9.035380	0	0.000000	0.519000	0.532281	
415	0.137349	585	0.702564	9.035380	0	0.000000	0.468000	0.532262	
435	0.282759	565	0.697345	9.035380	0	0.000000	0.517000	0.532257	
453	0.417219	547	0.647166	9.035380	0	0.000000	0.543000	0.532261	
433	0.461894	567	0.649030	9.035380	0	0.000000	0.568000	0.532271	
465	0.296774	535	0.704673	9.035380	0	0.000000	0.515000	0.532266	
461	0.177874	539	0.734694	9.035380	0	0.000000	0.478000	0.532250	
452	0.318584	548	0.728102	9.035380	0	0.000000	0.543000	0.532253	
488	0.329918	512	0.703125	9.035380	0	0.000000	0.521000	0.532250	
486	0.423868	514	0.745136	9.035380	0	0.000000	0.589000	0.532267	
449	0.420935	551	0.678766	9.035380	0	0.000000	0.563000	0.532276	
440	0.265909	560	0.708929	9.035380	0	0.000000	0.514000	0.532271	
415	0.325301	585	0.678632	9.035380	0	0.000000	0.532000	0.532270	
434	0.460829	566	0.690813	9.035380	0	0.000000	0.591000	0.532288	
441	0.444444	559	0.679785	9.035380	0	0.000000	0.576000	0.532301	
442	0.495475	558	0.661290	9.035380	0	0.000000	0.588000	0.532318	
429	0.428904	571	0.663748	9.035380	0	0.000000	0.563000	0.532327	
430	0.339535	570	0.692982	9.035380	0	0.000000	0.541000	0.532330	
433	0.230947	567	0.703704	9.035380	0	0.000000	0.499000	0.532320	
444	0.243243	556	0.705036	9.035380	0	0.000000	0.500000	0.532310	
438	0.333333	562	0.679715	9.035380	0	0.000000	0.528000	0.532309	
433	0.339492	567	0.716049	9.035380	0	0.000000	0.553000	0.532315	
424	0.287736	576	0.647569	9.035380	0	0.000000	0.495000	0.532304	
441	0.319728	559	0.663685	9.035380	0	0.000000	0.512000	0.532298	
481	0.432432	519	0.687861	9.035380	0	0.000000	0.565000	0.532308	
465	0.408602	535	0.684112	9.035380	0	0.000000	0.556000	0.532315	
428	0.427570	572	0.704545	9.035380	0	0.000000	0.586000	0.532331	
432	0.206019	568	0.661972	9.035380	0	0.000000	0.465000	0.532311	
429	0.114219	571	0.697023	9.035380	0	0.000000	0.447000	0.532285	
431	0.069606	569	0.683656	9.035380	0	0.000000	0.419000	0.532251	
459	0.115468	541	0.678373	9.035380	0	0.000000	0.420000	0.532217	
451	0.354767	549	0.724954	9.035380	0	0.000000	0.558000	0.532225	
441	0.394558	559	0.720930	9.035380	0	0.000000	0.577000	0.532239	
428	0.523364	572	0.692308	9.035380	0	0.000000	0.620000	0.532265	
418	0.456938	582	0.702749	9.035380	0	0.000000	0.600000	0.532285	
450	0.413333	550	0.680000	9.035380	0	0.000000	0.560000	0.532293	
432	0.356481	568	0.683099	9.035380	0	0.000000	0.542000	0.532296	
453	0.381898	547	0.718464	9.035380	0	0.000000	0.566000	0.532306	
437	0.256293	563	0.687389	9.035380	0	0.000000	0.499000	0.532297	
432	0.386574	568	0.693662	9.035380	0	0.000000	0.561000	0.532305	
431	0.373550	569	0.702988	9.035380	0	0.000000	0.561000	0.532314	
426	0.345070	574	0.689895	9.035380	0	0.000000	0.543000	0.532317	
428	0.261682	572	0.662587	9.035380	0	0.000000	0.491000	0.532305	
442	0.427602	558	0.684588	9.035380	0	0.000000	0.571000	0.532316	
444	0.414414	556	0.719424	9.035380	0	0.000000	0.584000	0.532332	
435	0.291954	565	0.704425	9.035380	0	0.000000	0.525000	0.532329	
433	0.431871	567	0.744268	9.035380	0	0.000000	0.609000	0.532352	
462	0.333333	538	0.711896	9.035380	0	0.000000	0.537000	0.532354	
469	0.260128	531	0.708098	9.035380	0	0.000000	0.498000	0.532343	
453	0.269316	547	0.711152	9.035380	0	0.000000	0.511000	0.532337	
426	0.413146	574	0.693380	9.035380	0	0.000000	0.574000	0.532349	
431	0.348028	569	0.681898	9.035380	0	0.000000	0.538000	0.532351	
443	0.361174	557	0.662478	9.035380	0	0.000000	0.529000	0.532350	
451	0.170732	549	0.695811	9.035380	0	0.000000	0.459000	0.532328	
453	0.181015	547	0.680073	9.035380	0	0.000000	0.454000	0.532305	
472	0.309322	528	0.731061	9.035380	0	0.000000	0.532000	0.532305	
453	0.342163	547	0.681901	9.035380	0	0.000000	0.528000	0.532304	
419	0.133652	581	0.691910	9.035380	0	0.000000	0.458000	0.532281	
444	0.270270	556	0.649281	9.035380	0	0.000000	0.481000	0.532266	
441	0.133787	559	0.658318	9.035380	0	0.000000	0.427000	0.532235	
435	0.167816	565	0.676106	9.035380	0	0.000000	0.455000	0.532212	
447	0.140940	553	0.688969	9.035380	0	0.000000	0.444000	0.532186	
442	0.414027	558	0.677419	9.035380	0	0.000000	0.561000	0.532194	
443	0.480813	557	0.658887	9.035380	0	0.000000	0.580000	0.532208	
460	0.306522	540	0.707407	9.035380	0	0.000000	0.523000	0.532206	
461	0.327549	539	0.717996	9.035380	0	0.000000	0.538000	0.532207	
451	0.405765	549	0.721311	9.035380	0	0.000000	0.579000	0.532221	
450	0.406667	550	0.703636	9.035380	0	0.000000	0.570000	0.532232	
439	0.428246	561	0.709447	9.035380	0	0.000000	0.586000	0.532248	
418	0.186603	582	0.664948	9.035380	0	0.000000	0.465000	0.532228	
452	0.305310	548	0.744526	9.035380	0	0.000000	0.546000	0.532233	
473	0.443975	527	0.726755	9.035380	0	0.000000	0.593000	0.532251	
474	0.440928	526	0.659696	9.035380	0	0.000000	0.556000	0.532258	
452	0.250000	548	0.635036	9.035380	0	0.000000	0.461000	0.532236	
426	0.276995	574	0.686411	9.035380	0	0.000000	0.512000	0.532230	
470	0.357447	530	0.698113	9.035380	0	0.000000	0.538000	0.532232	
452	0.287611	548	0.678832	9.035380	0	0.000000	0.502000	0.532223	
430	0.404651	570	0.738596	9.035380	0	0.000000	0.595000	0.532242	
460	0.452174	540	0.716667	9.035380	0	0.000000	0.595000	0.532260	
452	0.435841	548	0.722628	9.035380	0	0.000000	0.593000	0.532278	
448	0.415179	552	0.692029	9.035380	0	0.000000	0.568000	0.532289	
476	0.478992	524	0.685115	9.035380	0	0.000000	0.587000	0.532305	
437	0.304348	563	0.696270	9.035380	0	0.000000	0.525000	0.532303	
426	0.288732	574	0.677700	9.035380	0	0.000000	0.512000	0.532297	
445	0.447191	555	0.672072	9.035380	0	0.000000	0.572000	0.532309	
466	0.358369	534	0.685393	9.035380	0	0.000000	0.533000	0.532309	
452	0.351770	548	0.684307	9.035380	0	0.000000	0.534000	0.532309	
420	0.333333	580	0.675862	9.035380	0	0.000000	0.532000	0.532309	
451	0.419069	549	0.672131	9.035380	0	0.000000	0.558000	0.532317	
467	0.406852	533	0.662289	9.035380	0	0.000000	0.543000	0.532320	
443	0.329571	557	0.691203	9.035380	0	0.000000	0.531000	0.532320	
405	0.328395	595	0.648739	9.035380	0	0.000000	0.519000	0.532316	
399	0.380952	601	0.660566	9.035380	0	0.000000	0.549000	0.532321	
445	0.375281	555	0.693694	9.035380	0	0.000000	0.552000	0.532326	
437	0.338673	563	0.674956	9.035380	0	0.000000	0.528000	0.532325	
419	0.508353	581	0.685026	9.035380	0	0.000000	0.611000	0.532348	
410	0.492683	590	0.694915	9.035380	0	0.000000	0.612000	0.532372	
413	0.430993	587	0.671210	9.035380	0	0.000000	0.572000	0.532384	
426	0.058685	574	0.714286	9.035380	0	0.000000	0.435000	0.532355	
451	0.332594	549	0.697632	9.035380	0	0.000000	0.533000	0.532355	
462	0.389610	538	0.708178	9.035380	0	0.000000	0.561000	0.532363	
433	0.392610	567	0.744268	9.035380	0	0.000000	0.592000	0.532381	
426	0.446009	574	0.681185	9.035380	0	0.000000	0.581000	0.532395	
440	0.193182	560	0.735714	9.035380	0	0.000000	0.497000	0.532385	
447	0.288591	553	0.701627	9.035380	0	0.000000	0.517000	0.532380	
442	0.294118	558	0.695341	9.035380	0	0.000000	0.518000	0.532376	
436	0.222477	564	0.695035	9.035380	0	0.000000	0.489000	0.532363	
457	0.352298	543	0.699816	9.035380	0	0.000000	0.541000	0.532366	
434	0.311060	566	0.701413	9.035380	0	0.000000	0.532000	0.532366	
431	0.396752	569	0.674868	9.035380	0	0.000000	0.555000	0.532372	
437	0.171625	563	0.666075	9.035380	0	0.000000	0.450000	0.532348	
455	0.323077	545	0.693578	9.035380	0	0.000000	0.525000	0.532346	
447	0.319911	553	0.687161	9.035380	0	0.000000	0.523000	0.532343	
410	0.358537	590	0.647458	9.035380	0	0.000000	0.529000	0.532342	
423	0.418440	577	0.712305	9.035380	0	0.000000	0.588000	0.532359	
430	0.411628	570	0.694737	9.035380	0	0.000000	0.573000	0.532371	
427	0.067916	573	0.666667	9.035380	0	0.000000	0.411000	0.532335	
434	0.211982	566	0.681979	9.035380	0	0.000000	0.478000	0.532319	
434	0.317972	566	0.671378	9.035380	0	0.000000	0.518000	0.532315	
443	0.361174	557	0.710952	9.035380	0	0.000000	0.556000	0.532322	
449	0.363029	551	0.716878	9.035380	0	0.000000	0.558000	0.532329	
449	0.291759	551	0.707804	9.035380	0	0.000000	0.521000	0.532326	
437	0.302059	563	0.728242	9.035380	0	0.000000	0.542000	0.532329	
450	0.337778	550	0.716364	9.035380	0	0.000000	0.546000	0.532333	
444	0.324324	556	0.701439	9.035380	0	0.000000	0.534000	0.532333	
416	0.408654	584	0.674658	9.035380	0	0.000000	0.564000	0.532343	
464	0.278017	536	0.666045	9.035380	0	0.000000	0.486000	0.532329	
441	0.380952	559	0.735242	9.035380	0	0.000000	0.579000	0.532343	
471	0.386412	529	0.727788	9.035380	0	0.000000	0.567000	0.532353	
475	0.362105	525	0.702857	9.035380	0	0.000000	0.541000	0.532355	
453	0.331126	547	0.692870	9.035380	0	0.000000	0.529000	0.532354	
437	0.251716	563	0.699822	9.035380	0	0.000000	0.504000	0.532346	
428	0.224299	572	0.685315	9.035380	0	0.000000	0.488000	0.532333	
416	0.213942	584	0.683219	9.035380	0	0.000000	0.488000	0.532320	
455	0.129670	545	0.667890	9.035380	0	0.000000	0.423000	0.532289	
448	0.424107	552	0.717391	9.035380	0	0.000000	0.586000	0.532304	
448	0.428571	552	0.702899	9.035380	0	0.000000	0.580000	0.532318	
437	0.359268	563	0.657194	9.035380	0	0.000000	0.527000	0.532316	
441	0.113379	559	0.672630	9.035380	0	0.000000	0.426000	0.532286	
442	0.002262	558	0.727599	9.035380	0	0.000000	0.407000	0.532249	
467	0.164882	533	0.707317	9.035380	0	0.000000	0.454000	0.532226	
459	0.427015	541	0.713494	9.035380	0	0.000000	0.582000	0.532241	
469	0.364606	531	0.709981	9.035380	0	0.000000	0.548000	0.532245	
458	0.253275	542	0.686347	9.035380	0	0.000000	0.488000	0.532233	
427	0.351288	573	0.712042	9.035380	0	0.000000	0.558000	0.532240	
437	0.407323	563	0.669627	9.035380	0	0.000000	0.555000	0.532247	
439	0.373576	561	0.696970	9.035380	0	0.000000	0.555000	0.532253	
422	0.317536	578	0.678201	9.035380	0	0.000000	0.526000	0.532251	
455	0.353846	545	0.699083	9.035380	0	0.000000	0.542000	0.532254	
421	0.434679	579	0.704663	9.035380	0	0.000000	0.591000	0.532271	
443	0.383747	557	0.728905	9.035380	0	0.000000	0.576000	0.532284	
434	0.324885	566	0.734982	9.035380	0	0.000000	0.557000	0.532291	
426	0.281690	574	0.717770	9.035380	0	0.000000	0.532000	0.532291	
436	0.247706	564	0.696809	9.035380	0	0.000000	0.501000	0.532282	
451	0.352550	549	0.641166	9.035380	0	0.000000	0.511000	0.532276	
472	0.292373	528	0.706439	9.035380	0	0.000000	0.511000	0.532270	
425	0.376471	575	0.714783	9.035380	0	0.000000	0.571000	0.532281	
429	0.275058	571	0.718039	9.035380	0	0.000000	0.528000	0.532280	
437	0.217391	563	0.705151	9.035380	0	0.000000	0.492000	0.532268	
450	0.222222	550	0.696364	9.035380	0	0.000000	0.483000	0.532254	
427	0.433255	573	0.643979	9.035380	0	0.000000	0.554000	0.532260	
402	0.447761	598	0.688963	9.035380	0	0.000000	0.592000	0.532277	
423	0.290780	577	0.724437	9.035380	0	0.000000	0.541000	0.532280	
443	0.356659	557	0.703770	9.035380	0	0.000000	0.550000	0.532285	
417	0.335731	583	0.651801	9.035380	0	0.000000	0.520000	0.532281	
433	0.244804	567	0.666667	9.035380	0	0.000000	0.484000	0.532267	
431	0.273782	569	0.706503	9.035380	0	0.000000	0.520000	0.532264	
442	0.208145	558	0.732975	9.035380	0	0.000000	0.501000	0.532255	
442	0.398190	558	0.740143	9.035380	0	0.000000	0.589000	0.532271	
456	0.335526	544	0.711397	9.035380	0	0.000000	0.540000	0.532273	
439	0.255125	561	0.702317	9.035380	0	0.000000	0.506000	0.532266	
464	0.200431	536	0.714552	9.035380	0	0.000000	0.476000	0.532250	
457	0.380744	543	0.681400	9.035380	0	0.000000	0.544000	0.532253	
452	0.435841	548	0.691606	9.035380	0	0.000000	0.576000	0.532266	
438	0.465753	562	0.661922	9.035380	0	0.000000	0.576000	0.532278	
458	0.379913	542	0.675277	9.035380	0	0.000000	0.540000	0.532281	
436	0.348624	564	0.652482	9.035380	0	0.000000	0.520000	0.532277	
438	0.429224	562	0.720641	9.035380	0	0.000000	0.593000	0.532294	
448	0.459821	552	0.686594	9.035380	0	0.000000	0.585000	0.532310	
444	0.387387	556	0.656475	9.035380	0	0.000000	0.537000	0.532311	
433	0.357968	567	0.675485	9.035380	0	0.000000	0.538000	0.532313	
454	0.299559	546	0.714286	9.035380	0	0.000000	0.526000	0.532311	
417	0.309353	583	0.694683	9.035380	0	0.000000	0.534000	0.532311	
443	0.408578	557	0.703770	9.035380	0	0.000000	0.573000	0.532323	
454	0.385463	546	0.717949	9.035380	0	0.000000	0.567000	0.532333	
445	0.440449	555	0.681081	9.035380	0	0.000000	0.574000	0.532345	
452	0.373894	548	0.689781	9.035380	0	0.000000	0.547000	0.532349	
457	0.245077	543	0.716390	9.035380	0	0.000000	0.501000	0.532340	
463	0.399568	537	0.726257	9.035380	0	0.000000	0.575000	0.532352	
457	0.463895	543	0.723757	9.035380	0	0.000000	0.605000	0.532373	
454	0.447137	546	0.652015	9.035380	0	0.000000	0.559000	0.532381	
436	0.456422	564	0.680851	9.035380	0	0.000000	0.583000	0.532395	
435	0.347126	565	0.683186	9.035380	0	0.000000	0.537000	0.532397	
440	0.320455	560	0.673214	9.035380	0	0.000000	0.518000	0.532392	
440	0.384091	560	0.694643	9.035380	0	0.000000	0.558000	0.532400	
426	0.338028	574	0.689895	9.035380	0	0.000000	0.540000	0.532402	
418	0.210526	582	0.676976	9.035380	0	0.000000	0.482000	0.532388	
420	0.373810	580	0.665517	9.035380	0	0.000000	0.543000	0.532391	
441	0.360544	559	0.670841	9.035380	0	0.000000	0.534000	0.532391	
445	0.406742	555	0.700901	9.035380	0	0.000000	0.570000	0.532402	
430	0.251163	570	0.661404	9.035380	0	0.000000	0.485000	0.532388	
418	0.296651	582	0.646048	9.035380	0	0.000000	0.500000	0.532379	
