Options:
Model:                           Discrete: Dependent
Tree File Name:                  BirdTreeCleaned.tre
Data File Name:                  DataCleaned.txt
Log File Name:                   birds_nest_coparent_depRJ_KNOWN2.Log.txt
Save Initial Trees:              False
Save Trees:                      False
Summary:                         False
Seed:                            1362306850
Precision:                       64 bits
Cores:                           1
Analysis Type:                   MCMC
Sample Period:                   1000
Iterations:                      3500000
Burn in:                         500000
MCMC ML Start:                   False
Schedule File:                   birds_nest_coparent_depRJ_KNOWN2.Schedule.txt
Rate Dev:                        AutoTune
No of Rates:                     8
Base frequency (PI's):           None
Pis used in ancestral state estimation:      Yes
Character Symbols:               00,01,10,11
Using a covarion model:          False
Normalise Q Matrix:              False
Load Model:                      birds_nest_coparent_depRJ_KNOWN.bin
Estimating values for taxa and Sites
	Buteo_rufinus       
Scale Tree:                      0.010244
Restrictions:
    q12                          None
    q13                          None
    q21                          None
    q24                          None
    q31                          None
    q34                          None
    q42                          None
    q43                          None
Prior Information:
    Prior Categories:            100
    Priors
        q12 - uniform 0.00 100.00 
        q13 - uniform 0.00 100.00 
        q21 - uniform 0.00 100.00 
        q24 - uniform 0.00 100.00 
        q31 - uniform 0.00 100.00 
        q34 - uniform 0.00 100.00 
        q42 - uniform 0.00 100.00 
        q43 - uniform 0.00 100.00 
Tree Information
     Trees:                      1
     Taxa:                       399
     Sites:                      1
     States:                     4
Iteration	Lh	Tree No	Model No	q12	q13	q21	q24	q31	q34	q42	q43	Est Buteo_rufinus - 2	Root - P(0,0)	Root - P(0,1)	Root - P(1,0)	Root - P(1,1)	
501000	-305.450387	1	2158	0.612293	0.612293	0.612293	0.612293	2.050056	2.050056	0.000000	0.612293	1	0.437903	0.526113	0.035768	0.000216	
502000	-305.454428	1	1359	0.628837	0.628837	0.628837	0.628837	2.137666	2.137666	0.000000	0.628837	1	0.434192	0.528857	0.036716	0.000236	
503000	-305.659173	1	1264	0.583891	0.583891	0.583891	0.583891	1.914278	1.914278	0.000000	0.583891	1	0.444427	0.521029	0.034356	0.000188	
504000	-305.771808	1	1483	0.525293	0.525293	0.525293	0.525293	2.326626	2.326626	0.000000	0.525293	1	0.454913	0.495833	0.049004	0.000251	
505000	-306.219310	1	2102	0.491689	0.491689	0.491689	0.491689	1.897624	1.897624	0.000000	0.491689	1	0.465438	0.491230	0.043149	0.000183	
506000	-306.181024	1	1350	0.427731	0.427731	0.427731	0.427731	2.100111	2.100111	0.427731	0.427731	1	0.238325	0.187203	0.478845	0.095627	
507000	-305.358793	1	827	0.599280	0.599280	0.599280	0.599280	2.168527	2.168527	0.000000	0.599280	1	0.440015	0.520682	0.039067	0.000235	
508000	-305.423140	1	2357	0.561596	0.561596	0.561596	0.561596	2.054736	2.054736	0.000000	0.561596	1	0.448586	0.511800	0.039404	0.000211	
509000	-305.362856	1	977	0.572083	0.572083	0.572083	0.572083	2.176011	2.176011	0.000000	0.572083	1	0.445674	0.512883	0.041210	0.000232	
510000	-306.026687	1	892	0.530503	0.530503	0.530503	0.530503	1.843668	1.843668	0.000000	0.530503	1	0.456657	0.506352	0.036819	0.000172	
511000	-306.344318	1	854	0.411435	0.411435	0.411435	0.411435	1.957036	1.957036	0.411435	0.411435	1	0.243258	0.187463	0.476339	0.092940	
512000	-301.166606	1	1850	0.395188	0.395188	0.395188	0.395188	1.266692	2.624060	0.395188	1.266692	1	0.277279	0.220228	0.345739	0.156754	
513000	-301.235193	1	1830	0.429827	0.429827	0.429827	0.429827	1.308978	2.741882	0.429827	1.308978	1	0.282534	0.234718	0.328880	0.153868	
514000	-305.647126	1	523	0.550830	0.550830	0.550830	0.550830	1.938611	1.938611	0.000000	0.550830	1	0.451562	0.510756	0.037493	0.000190	
515000	-304.828239	1	429	0.303890	0.303890	0.303890	0.303890	1.746652	1.746652	0.303890	1.746652	1	0.161610	0.138897	0.351231	0.348262	
516000	-301.041336	1	1170	0.415154	0.415154	0.415154	0.415154	1.338547	3.062416	0.415154	1.338547	1	0.279734	0.219164	0.349625	0.151477	
517000	-306.548920	1	689	0.461344	0.461344	0.461344	0.461344	2.377460	2.377460	0.461344	0.461344	1	0.230947	0.189148	0.478559	0.101346	
518000	-302.039047	1	954	0.464484	0.464484	0.464484	0.464484	1.256501	2.429299	0.464484	1.256501	1	0.293189	0.263852	0.293757	0.149202	
519000	-301.235193	1	1830	0.429827	0.429827	0.429827	0.429827	1.308978	2.741882	0.429827	1.308978	1	0.282534	0.234718	0.328880	0.153868	
520000	-302.816780	1	2531	0.676638	0.334925	0.676638	0.334925	2.243501	2.243501	0.334925	0.676638	1	0.199697	0.238259	0.409732	0.152312	
521000	-305.736856	1	864	0.670359	0.670359	0.670359	0.670359	2.220282	2.220282	0.000000	0.670359	1	0.425884	0.537407	0.036448	0.000262	
522000	-305.696323	1	2866	0.556201	0.556201	0.556201	0.556201	1.912079	1.912079	0.000000	0.556201	1	0.450493	0.512974	0.036348	0.000185	
523000	-303.008353	1	2475	0.431085	0.431085	0.431085	0.431085	1.683310	3.192151	0.000000	1.683310	1	0.466935	0.508256	0.023568	0.001242	
524000	-307.497764	1	896	0.508247	0.508247	0.508247	0.508247	2.621297	2.621297	0.508247	0.508247	1	0.227783	0.198516	0.463935	0.109766	
525000	-306.294657	1	2123	0.568109	0.568109	0.568109	0.568109	2.153572	2.153572	0.568109	0.568109	1	0.249134	0.245075	0.384226	0.121565	
526000	-303.812006	1	2479	1.399741	0.444102	0.444102	0.444102	1.399741	2.782958	0.000000	1.399741	1	0.647495	0.314920	0.035963	0.001622	
527000	-306.092069	1	254	0.603548	0.603548	0.603548	0.603548	1.803084	1.803084	0.000000	0.603548	1	0.440648	0.528759	0.030423	0.000169	
528000	-305.992064	1	405	0.499386	0.499386	0.499386	0.499386	1.842506	1.842506	0.499386	0.499386	1	0.261946	0.241460	0.387410	0.109183	
529000	-306.064708	1	474	0.281497	0.281497	0.281497	0.281497	2.080014	2.080014	0.281497	2.080014	1	0.125357	0.105205	0.369135	0.400303	
530000	-301.166606	1	1850	0.395188	0.395188	0.395188	0.395188	1.266692	2.624060	0.395188	1.266692	1	0.277279	0.220228	0.345739	0.156754	
531000	-305.650421	1	2411	0.532866	0.532866	0.532866	0.532866	1.981021	1.981021	0.000000	0.532866	1	0.455379	0.504104	0.040321	0.000196	
532000	-305.504297	1	2905	0.349399	0.349399	0.349399	0.349399	2.119525	2.119525	0.349399	2.119525	1	0.153646	0.146133	0.334717	0.365504	
533000	-302.168152	1	1807	0.368721	0.368721	0.368721	0.368721	1.024492	3.354034	0.368721	1.024492	1	0.341785	0.205596	0.357871	0.094747	
534000	-301.894467	1	713	0.494655	0.494655	0.494655	0.494655	1.342936	3.029553	0.494655	1.342936	1	0.296875	0.259849	0.301777	0.141498	
535000	-301.235193	1	1830	0.429827	0.429827	0.429827	0.429827	1.308978	2.741882	0.429827	1.308978	1	0.282534	0.234718	0.328880	0.153868	
536000	-305.962977	1	2797	0.447390	0.447390	0.447390	0.447390	1.955433	1.955433	0.447390	0.447390	1	0.249577	0.207151	0.443508	0.099765	
537000	-305.952387	1	397	0.535166	0.535166	0.535166	0.535166	2.049176	2.049176	0.535166	0.535166	1	0.252774	0.240071	0.391582	0.115573	
538000	-305.891936	1	900	0.498244	0.498244	0.498244	0.498244	2.033165	2.033165	0.000000	0.498244	1	0.462983	0.490775	0.046036	0.000206	
539000	-301.166606	1	1850	0.395188	0.395188	0.395188	0.395188	1.266692	2.624060	0.395188	1.266692	1	0.277279	0.220228	0.345739	0.156754	
540000	-306.451051	1	2947	0.614845	0.614845	0.614845	0.614845	2.643682	2.643682	0.000000	0.614845	1	0.434415	0.518990	0.046282	0.000314	
541000	-306.762176	1	1490	0.417179	0.417179	0.417179	0.417179	1.716355	1.716355	0.417179	0.417179	1	0.260435	0.210494	0.434225	0.094846	
542000	-304.085912	1	92	0.486825	0.486825	0.486825	0.486825	0.836872	2.691512	0.486825	0.836872	1	0.410859	0.282596	0.236836	0.069709	
543000	-304.175584	1	415	1.389681	0.548831	0.548831	0.548831	1.389681	2.811931	0.000000	1.389681	1	0.592155	0.378059	0.028641	0.001145	
544000	-306.449260	1	2658	0.591760	0.591760	0.591760	0.591760	1.724761	1.724761	0.000000	0.591760	1	0.443384	0.527455	0.029008	0.000153	
545000	-306.360091	1	545	0.440863	0.440863	0.440863	0.440863	1.763024	1.763024	0.440863	0.440863	1	0.260889	0.219544	0.420577	0.098989	
546000	-307.156119	1	47	0.671332	0.671332	0.671332	0.671332	1.690986	1.690986	0.000000	0.671332	1	0.427286	0.547498	0.025059	0.000157	
547000	-303.859917	1	1409	0.500889	0.500889	0.500889	0.500889	2.031206	2.031206	0.000000	0.747117	1	0.452619	0.513438	0.033628	0.000314	
548000	-301.041336	1	1170	0.415154	0.415154	0.415154	0.415154	1.338547	3.062416	0.415154	1.338547	1	0.279734	0.219164	0.349625	0.151477	
549000	-301.406520	1	2602	0.363923	0.363923	0.363923	0.363923	1.138637	3.214188	0.363923	1.138637	1	0.305633	0.199834	0.375144	0.119389	
550000	-301.235193	1	1830	0.429827	0.429827	0.429827	0.429827	1.308978	2.741882	0.429827	1.308978	1	0.282534	0.234718	0.328880	0.153868	
551000	-302.039047	1	954	0.464484	0.464484	0.464484	0.464484	1.256501	2.429299	0.464484	1.256501	1	0.293189	0.263852	0.293757	0.149202	
552000	-307.308842	1	1463	0.725675	0.725675	0.725675	0.725675	1.781942	1.781942	0.000000	0.725675	1	0.417301	0.556670	0.025840	0.000188	
553000	-304.468664	1	1538	0.388354	0.388354	0.388354	0.388354	1.169640	2.190080	0.000000	1.169640	1	0.490890	0.492373	0.016353	0.000383	
554000	-301.041336	1	1170	0.415154	0.415154	0.415154	0.415154	1.338547	3.062416	0.415154	1.338547	1	0.279734	0.219164	0.349625	0.151477	
555000	-302.364992	1	2855	0.691219	0.186834	0.691219	0.691219	1.962010	1.962010	0.186834	0.691219	1	0.359687	0.444418	0.143784	0.052111	
556000	-301.906368	1	480	0.490857	0.490857	0.490857	0.490857	1.336197	3.232583	0.490857	1.336197	1	0.301806	0.255146	0.307548	0.135500	
557000	-301.406520	1	2602	0.363923	0.363923	0.363923	0.363923	1.138637	3.214188	0.363923	1.138637	1	0.305633	0.199834	0.375144	0.119389	
558000	-301.166606	1	1850	0.395188	0.395188	0.395188	0.395188	1.266692	2.624060	0.395188	1.266692	1	0.277279	0.220228	0.345739	0.156754	
559000	-304.222023	1	1587	0.469477	0.469477	0.469477	0.469477	1.436940	2.811350	0.469477	0.469477	1	0.362836	0.192424	0.388933	0.055807	
560000	-301.235193	1	1830	0.429827	0.429827	0.429827	0.429827	1.308978	2.741882	0.429827	1.308978	1	0.282534	0.234718	0.328880	0.153868	
561000	-301.235193	1	1830	0.429827	0.429827	0.429827	0.429827	1.308978	2.741882	0.429827	1.308978	1	0.282534	0.234718	0.328880	0.153868	
562000	-302.168152	1	1807	0.368721	0.368721	0.368721	0.368721	1.024492	3.354034	0.368721	1.024492	1	0.341785	0.205596	0.357871	0.094747	
563000	-302.878405	1	1208	0.534738	0.534738	0.534738	0.534738	1.329491	3.495426	0.534738	1.329491	1	0.315494	0.270121	0.289801	0.124584	
564000	-305.582027	1	2785	0.526343	0.526343	0.526343	0.526343	2.179958	2.179958	0.000000	0.526343	1	0.455632	0.498304	0.045835	0.000229	
565000	-305.832955	1	284	0.470510	0.470510	0.470510	0.470510	2.032355	2.032355	0.470510	0.470510	1	0.248337	0.213170	0.434619	0.103873	
566000	-301.894467	1	713	0.494655	0.494655	0.494655	0.494655	1.342936	3.029553	0.494655	1.342936	1	0.296875	0.259849	0.301777	0.141498	
567000	-302.246564	1	2910	0.510213	0.510213	0.510213	0.510213	1.243822	2.757366	0.510213	1.243822	1	0.310361	0.278635	0.279704	0.131300	
568000	-306.579219	1	264	0.597311	0.597311	0.597311	0.597311	2.095341	2.095341	0.597311	0.597311	1	0.252099	0.258917	0.362209	0.126775	
569000	-306.339878	1	385	0.541374	0.541374	0.541374	0.541374	2.292247	2.292247	0.541374	0.541374	1	0.242235	0.226896	0.414247	0.116622	
570000	-302.756393	1	1788	0.475463	0.475463	0.475463	0.475463	1.471660	3.706873	0.000000	1.471660	1	0.471685	0.508533	0.019006	0.000776	
571000	-305.904889	1	2741	0.509353	0.509353	0.509353	0.509353	2.314281	2.314281	0.000000	0.509353	1	0.458515	0.490343	0.050893	0.000248	
572000	-305.385228	1	1667	0.580244	0.580244	0.580244	0.580244	2.232490	2.232490	0.000000	0.580244	1	0.443642	0.514399	0.041717	0.000242	
573000	-306.664362	1	2429	0.504708	0.504708	0.504708	0.504708	1.654330	1.654330	0.504708	0.504708	1	0.274637	0.262354	0.353251	0.109758	
574000	-301.406520	1	2602	0.363923	0.363923	0.363923	0.363923	1.138637	3.214188	0.363923	1.138637	1	0.305633	0.199834	0.375144	0.119389	
575000	-302.168152	1	1807	0.368721	0.368721	0.368721	0.368721	1.024492	3.354034	0.368721	1.024492	1	0.341785	0.205596	0.357871	0.094747	
576000	-305.712304	1	2710	0.656124	0.656124	0.656124	0.656124	2.037844	2.037844	0.000000	0.656124	1	0.429291	0.537081	0.033405	0.000223	
577000	-301.166606	1	1850	0.395188	0.395188	0.395188	0.395188	1.266692	2.624060	0.395188	1.266692	1	0.277279	0.220228	0.345739	0.156754	
578000	-302.651021	1	794	0.453493	0.453493	0.453493	0.453493	1.341618	2.590446	0.000000	1.341618	1	0.470931	0.510911	0.017612	0.000546	
579000	-305.523535	1	2779	0.572529	0.572529	0.572529	0.572529	1.972538	1.972538	0.000000	0.572529	1	0.446620	0.516605	0.036578	0.000197	
580000	-306.922295	1	2721	0.616684	0.616684	0.616684	0.616684	1.928569	1.928569	0.616684	0.616684	1	0.259768	0.278124	0.332419	0.129690	
581000	-305.368063	1	2762	0.566970	0.566970	0.566970	0.566970	2.149393	2.149393	0.000000	0.566970	1	0.446913	0.511792	0.041068	0.000227	
582000	-304.972571	1	1171	0.293992	0.293992	0.293992	0.293992	1.708713	1.708713	0.293992	1.708713	1	0.159957	0.134739	0.356206	0.349098	
583000	-305.730487	1	2792	0.628941	0.628941	0.628941	0.628941	2.405317	2.405317	0.000000	0.628941	1	0.432890	0.525132	0.041696	0.000282	
584000	-305.729491	1	1304	0.533209	0.533209	0.533209	0.533209	1.940400	1.940400	0.000000	0.533209	1	0.455528	0.505064	0.039219	0.000189	
585000	-306.810470	1	963	0.609259	0.609259	0.609259	0.609259	1.928676	1.928676	0.609259	0.609259	1	0.259882	0.275785	0.335934	0.128399	
586000	-305.611406	1	1419	0.522802	0.522802	0.522802	0.522802	2.180461	2.180461	0.000000	0.522802	1	0.456419	0.497074	0.046278	0.000229	
587000	-305.903585	1	387	0.650962	0.650962	0.650962	0.650962	1.928861	1.928861	0.000000	0.650962	1	0.430665	0.537880	0.031254	0.000201	
588000	-305.381301	1	1991	0.563527	0.563527	0.563527	0.563527	2.173028	2.173028	0.000000	0.563527	1	0.447522	0.510378	0.041869	0.000231	
589000	-305.500245	1	2436	0.614172	0.614172	0.614172	0.614172	2.306169	2.306169	0.000000	0.614172	1	0.436303	0.522637	0.040798	0.000261	
590000	-306.133631	1	2502	0.434710	0.434710	0.434710	0.434710	1.887594	1.887594	0.434710	0.434710	1	0.251732	0.205579	0.445104	0.097585	
591000	-305.742787	1	579	0.513384	0.513384	0.513384	0.513384	2.022495	2.022495	0.000000	0.513384	1	0.459571	0.496561	0.043665	0.000204	
592000	-305.403001	1	1152	0.589603	0.589603	0.589603	0.589603	2.255331	2.255331	0.000000	0.589603	1	0.441567	0.516720	0.041466	0.000248	
593000	-306.777156	1	2221	0.440173	0.440173	0.440173	0.440173	2.395453	2.395453	0.440173	0.440173	1	0.226811	0.178302	0.497721	0.097167	
594000	-302.274655	1	1207	0.486627	0.486627	0.486627	0.486627	1.088377	3.119393	0.486627	1.088377	1	0.349740	0.267752	0.282890	0.099618	
595000	-301.166606	1	1850	0.395188	0.395188	0.395188	0.395188	1.266692	2.624060	0.395188	1.266692	1	0.277279	0.220228	0.345739	0.156754	
596000	-306.700243	1	2644	0.740002	0.740002	0.740002	0.740002	2.016375	2.016375	0.000000	0.740002	1	0.414353	0.554968	0.030435	0.000243	
597000	-301.406520	1	2602	0.363923	0.363923	0.363923	0.363923	1.138637	3.214188	0.363923	1.138637	1	0.305633	0.199834	0.375144	0.119389	
598000	-305.374665	1	401	0.584046	0.584046	0.584046	0.584046	2.222507	2.222507	0.000000	0.584046	1	0.442899	0.515632	0.041228	0.000241	
599000	-305.523619	1	2964	0.532572	0.532572	0.532572	0.532572	2.127623	2.127623	0.000000	0.532572	1	0.454573	0.501275	0.043932	0.000221	
600000	-305.454428	1	1359	0.628837	0.628837	0.628837	0.628837	2.137666	2.137666	0.000000	0.628837	1	0.434192	0.528857	0.036716	0.000236	
601000	-305.949168	1	2927	0.514528	0.514528	0.514528	0.514528	1.907669	1.907669	0.000000	0.514528	1	0.460014	0.499407	0.040395	0.000184	
602000	-303.757940	1	951	0.539229	0.401959	0.539229	0.539229	1.080185	3.131407	0.401959	0.539229	1	0.427826	0.281822	0.251785	0.038566	
603000	-306.219310	1	2102	0.491689	0.491689	0.491689	0.491689	1.897624	1.897624	0.000000	0.491689	1	0.465438	0.491230	0.043149	0.000183	
604000	-305.831799	1	184	0.497037	0.497037	0.497037	0.497037	2.087608	2.087608	0.497037	0.497037	1	0.248250	0.221557	0.421537	0.108655	
605000	-301.166606	1	1850	0.395188	0.395188	0.395188	0.395188	1.266692	2.624060	0.395188	1.266692	1	0.277279	0.220228	0.345739	0.156754	
606000	-305.988021	1	2308	0.587886	0.587886	0.587886	0.587886	2.520152	2.520152	0.000000	0.587886	1	0.440471	0.512979	0.046262	0.000288	
607000	-305.104346	1	2548	0.524938	0.391709	0.524938	0.524938	2.213390	2.213390	0.000000	0.524938	1	0.456137	0.500465	0.043184	0.000213	
608000	-305.975199	1	2830	0.511616	0.511616	0.511616	0.511616	1.907818	1.907818	0.000000	0.511616	1	0.460692	0.498371	0.040753	0.000184	
609000	-306.418887	1	2363	0.720095	0.720095	0.720095	0.720095	2.018914	2.018914	0.000000	0.720095	1	0.417724	0.551083	0.030955	0.000237	
610000	-305.412848	1	2290	0.580195	0.580195	0.580195	0.580195	2.260422	2.260422	0.000000	0.580195	1	0.443500	0.513982	0.042271	0.000247	
611000	-301.166606	1	1850	0.395188	0.395188	0.395188	0.395188	1.266692	2.624060	0.395188	1.266692	1	0.277279	0.220228	0.345739	0.156754	
612000	-301.406520	1	2602	0.363923	0.363923	0.363923	0.363923	1.138637	3.214188	0.363923	1.138637	1	0.305633	0.199834	0.375144	0.119389	
613000	-302.039047	1	954	0.464484	0.464484	0.464484	0.464484	1.256501	2.429299	0.464484	1.256501	1	0.293189	0.263852	0.293757	0.149202	
614000	-306.070089	1	2386	0.516744	0.516744	0.516744	0.516744	1.832472	1.832472	0.516744	0.516744	1	0.263643	0.249986	0.374202	0.112169	
615000	-305.426427	1	526	0.581895	0.581895	0.581895	0.581895	2.273323	2.273323	0.000000	0.581895	1	0.443073	0.514288	0.042390	0.000249	
616000	-301.166606	1	1850	0.395188	0.395188	0.395188	0.395188	1.266692	2.624060	0.395188	1.266692	1	0.277279	0.220228	0.345739	0.156754	
617000	-301.894467	1	713	0.494655	0.494655	0.494655	0.494655	1.342936	3.029553	0.494655	1.342936	1	0.296875	0.259849	0.301777	0.141498	
618000	-306.412928	1	2432	0.551364	0.551364	0.551364	0.551364	2.293897	2.293897	0.551364	0.551364	1	0.242669	0.230468	0.408387	0.118476	
619000	-305.939988	1	103	0.571253	0.571253	0.571253	0.571253	1.829812	1.829812	0.000000	0.571253	1	0.447515	0.519263	0.033051	0.000171	
620000	-302.364992	1	2855	0.691219	0.186834	0.691219	0.691219	1.962010	1.962010	0.186834	0.691219	1	0.359687	0.444418	0.143784	0.052111	
621000	-306.145367	1	758	0.710779	0.710779	0.710779	0.710779	2.165679	2.165679	0.000000	0.710779	1	0.418845	0.546833	0.034057	0.000265	
622000	-301.166606	1	1850	0.395188	0.395188	0.395188	0.395188	1.266692	2.624060	0.395188	1.266692	1	0.277279	0.220228	0.345739	0.156754	
623000	-301.166606	1	1850	0.395188	0.395188	0.395188	0.395188	1.266692	2.624060	0.395188	1.266692	1	0.277279	0.220228	0.345739	0.156754	
624000	-302.039047	1	954	0.464484	0.464484	0.464484	0.464484	1.256501	2.429299	0.464484	1.256501	1	0.293189	0.263852	0.293757	0.149202	
625000	-301.235193	1	1830	0.429827	0.429827	0.429827	0.429827	1.308978	2.741882	0.429827	1.308978	1	0.282534	0.234718	0.328880	0.153868	
626000	-301.906368	1	480	0.490857	0.490857	0.490857	0.490857	1.336197	3.232583	0.490857	1.336197	1	0.301806	0.255146	0.307548	0.135500	
627000	-305.957877	1	1663	0.526512	0.526512	0.526512	0.526512	2.129915	2.129915	0.526512	0.526512	1	0.248427	0.231079	0.406497	0.113998	
628000	-305.259129	1	1547	0.286378	0.286378	0.286378	0.286378	1.864923	1.864923	0.286378	1.864923	1	0.142492	0.119130	0.364619	0.373759	
629000	-305.366824	1	2163	0.604220	0.604220	0.604220	0.604220	2.158623	2.158623	0.000000	0.604220	1	0.439050	0.522168	0.038548	0.000234	
630000	-306.372323	1	1525	0.430167	0.430167	0.430167	0.430167	1.791684	1.791684	0.430167	0.430167	1	0.257278	0.211050	0.434671	0.097002	
631000	-305.412848	1	2290	0.580195	0.580195	0.580195	0.580195	2.260422	2.260422	0.000000	0.580195	1	0.443500	0.513982	0.042271	0.000247	
632000	-303.267258	1	1017	1.161686	0.402186	0.402186	0.402186	1.161686	3.191476	0.000000	1.161686	1	0.674501	0.293846	0.030722	0.000931	
633000	-305.412848	1	2290	0.580195	0.580195	0.580195	0.580195	2.260422	2.260422	0.000000	0.580195	1	0.443500	0.513982	0.042271	0.000247	
634000	-301.406520	1	2602	0.363923	0.363923	0.363923	0.363923	1.138637	3.214188	0.363923	1.138637	1	0.305633	0.199834	0.375144	0.119389	
635000	-305.816786	1	656	0.670925	0.670925	0.670925	0.670925	2.051914	2.051914	0.000000	0.670925	1	0.426444	0.540199	0.033127	0.000230	
636000	-302.274655	1	1207	0.486627	0.486627	0.486627	0.486627	1.088377	3.119393	0.486627	1.088377	1	0.349740	0.267752	0.282890	0.099618	
637000	-303.607284	1	392	1.143398	0.330596	0.330596	0.330596	1.143398	2.397077	0.330596	1.143398	1	0.428830	0.142071	0.293718	0.135381	
638000	-305.935116	1	2412	0.460751	0.460751	0.460751	0.460751	2.119402	2.119402	0.460751	0.460751	1	0.242573	0.202782	0.452767	0.101878	
639000	-306.739326	1	165	0.474674	0.474674	0.474674	0.474674	2.450453	2.450453	0.000000	0.474674	1	0.465190	0.475214	0.059329	0.000267	
640000	-306.339878	1	385	0.541374	0.541374	0.541374	0.541374	2.292247	2.292247	0.541374	0.541374	1	0.242235	0.226896	0.414247	0.116622	
641000	-305.388893	1	1257	0.603535	0.603535	0.603535	0.603535	2.223554	2.223554	0.000000	0.603535	1	0.438868	0.520993	0.039894	0.000245	
642000	-306.411730	1	2172	0.539374	0.539374	0.539374	0.539374	1.760620	1.760620	0.539374	0.539374	1	0.268926	0.266152	0.349088	0.115834	
643000	-305.513770	1	427	0.334103	0.334103	0.334103	0.334103	2.107222	2.107222	0.334103	2.107222	1	0.148111	0.137197	0.342181	0.372511	
644000	-305.740345	1	1480	0.659587	0.659587	0.659587	0.659587	2.037423	2.037423	0.000000	0.659587	1	0.428632	0.537886	0.033258	0.000224	
645000	-306.145557	1	2593	0.694409	0.694409	0.694409	0.694409	1.998839	1.998839	0.000000	0.694409	1	0.422316	0.546203	0.031255	0.000225	
646000	-305.871340	1	485	0.255192	0.255192	0.255192	0.255192	1.690095	1.690095	0.255192	1.690095	1	0.139326	0.108420	0.380949	0.371304	
647000	-310.139670	1	1905	0.666135	0.666135	0.666135	0.666135	0.666135	2.319229	0.666135	0.666135	1	0.450425	0.354688	0.137314	0.057573	
648000	-306.712623	1	2827	0.398507	0.398507	0.398507	0.398507	1.827832	1.827832	0.398507	0.398507	1	0.248828	0.189506	0.470736	0.090930	
649000	-301.235193	1	1830	0.429827	0.429827	0.429827	0.429827	1.308978	2.741882	0.429827	1.308978	1	0.282534	0.234718	0.328880	0.153868	
650000	-305.363642	1	802	0.572360	0.572360	0.572360	0.572360	2.111380	2.111380	0.000000	0.572360	1	0.445961	0.514018	0.039800	0.000221	
651000	-306.399291	1	1988	0.668625	0.668625	0.668625	0.668625	1.830155	1.830155	0.000000	0.668625	1	0.427551	0.543871	0.028393	0.000185	
652000	-306.339429	1	38	0.575162	0.575162	0.575162	0.575162	1.952733	1.952733	0.575162	0.575162	1	0.258753	0.262377	0.356340	0.122530	
653000	-305.645499	1	1789	0.837055	0.488374	0.837055	0.488374	0.837055	2.453037	0.488374	0.837055	1	0.353000	0.401610	0.166074	0.079316	
654000	-306.409357	1	1493	0.422076	0.422076	0.422076	0.422076	2.200635	2.200635	0.422076	0.422076	1	0.232174	0.178548	0.495081	0.094196	
655000	-305.430428	1	2189	0.589491	0.589491	0.589491	0.589491	2.279148	2.279148	0.000000	0.589491	1	0.441463	0.516353	0.041932	0.000252	
656000	-302.711536	1	1537	0.532609	0.532609	0.532609	0.532609	1.373915	3.553725	0.000000	1.373915	1	0.463425	0.519326	0.016679	0.000571	
657000	-305.826616	1	372	0.555744	0.555744	0.555744	0.555744	2.436400	2.436400	0.000000	0.555744	1	0.447646	0.504439	0.047645	0.000270	
658000	-305.400976	1	180	0.563857	0.563857	0.563857	0.563857	2.212803	2.212803	0.000000	0.563857	1	0.447227	0.509865	0.042671	0.000237	
659000	-305.372977	1	209	0.303028	0.303028	0.303028	0.303028	2.000016	2.000016	0.303028	2.000016	1	0.141085	0.122742	0.357090	0.379084	
660000	-306.453585	1	1730	0.550807	0.550807	0.550807	0.550807	1.776649	1.776649	0.550807	0.550807	1	0.268193	0.269095	0.344904	0.117807	
661000	-301.894467	1	713	0.494655	0.494655	0.494655	0.494655	1.342936	3.029553	0.494655	1.342936	1	0.296875	0.259849	0.301777	0.141498	
662000	-306.810470	1	963	0.609259	0.609259	0.609259	0.609259	1.928676	1.928676	0.609259	0.609259	1	0.259882	0.275785	0.335934	0.128399	
663000	-301.894467	1	713	0.494655	0.494655	0.494655	0.494655	1.342936	3.029553	0.494655	1.342936	1	0.296875	0.259849	0.301777	0.141498	
664000	-302.583368	1	720	0.530245	0.530245	0.530245	0.530245	1.468851	2.759729	0.000000	1.468851	1	0.449493	0.531970	0.017895	0.000643	
665000	-305.902036	1	1444	0.524059	0.524059	0.524059	0.524059	2.381725	2.381725	0.000000	0.524059	1	0.454823	0.494720	0.050198	0.000258	
666000	-303.130959	1	2121	0.815390	0.219691	0.815390	0.219691	2.016339	2.016339	0.219691	0.815390	1	0.167232	0.235307	0.398935	0.198525	
667000	-307.654116	1	1462	0.434030	0.434030	0.434030	0.434030	1.519485	1.519485	0.434030	0.434030	1	0.278922	0.241851	0.381193	0.098034	
668000	-305.513425	1	2416	0.638296	0.638296	0.638296	0.638296	2.219415	2.219415	0.000000	0.638296	1	0.431967	0.529933	0.037848	0.000252	
669000	-306.629239	1	2388	0.384288	0.384288	1.156099	0.384288	1.156099	2.019536	0.384288	1.156099	1	0.145839	0.502073	0.204526	0.147561	
670000	-302.756393	1	1788	0.475463	0.475463	0.475463	0.475463	1.471660	3.706873	0.000000	1.471660	1	0.471685	0.508533	0.019006	0.000776	
671000	-301.166606	1	1850	0.395188	0.395188	0.395188	0.395188	1.266692	2.624060	0.395188	1.266692	1	0.277279	0.220228	0.345739	0.156754	
672000	-305.876184	1	2700	0.557332	0.557332	0.557332	0.557332	1.853130	1.853130	0.000000	0.557332	1	0.450509	0.514616	0.034701	0.000175	
673000	-306.091646	1	457	0.294722	0.294722	0.294722	0.294722	2.137099	2.137099	0.294722	2.137099	1	0.128501	0.111124	0.362460	0.397915	
674000	-306.017490	1	1569	0.465206	0.465206	0.465206	0.465206	1.842385	1.842385	0.465206	0.465206	1	0.258771	0.225212	0.412821	0.103196	
675000	-311.938370	1	2002	0.693344	0.693344	0.693344	0.693344	2.036379	2.036379	0.000000	0.693344	0	0.422395	0.545308	0.032065	0.000233	
676000	-304.018557	1	293	1.065425	0.461998	0.461998	0.461998	1.065425	3.222295	0.461998	1.065425	1	0.459683	0.210963	0.243089	0.086265	
677000	-305.568514	1	1509	0.561310	0.561310	0.561310	0.561310	2.334966	2.334966	0.000000	0.561310	1	0.447065	0.507382	0.045297	0.000256	
678000	-305.600168	1	349	0.652563	0.652563	0.652563	0.652563	2.217949	2.217949	0.000000	0.652563	1	0.429232	0.533363	0.037149	0.000256	
679000	-305.901925	1	1237	0.525957	0.525957	0.525957	0.525957	1.996105	1.996105	0.525957	0.525957	1	0.254988	0.240310	0.390790	0.113913	
680000	-301.041336	1	1170	0.415154	0.415154	0.415154	0.415154	1.338547	3.062416	0.415154	1.338547	1	0.279734	0.219164	0.349625	0.151477	
681000	-301.041336	1	1170	0.415154	0.415154	0.415154	0.415154	1.338547	3.062416	0.415154	1.338547	1	0.279734	0.219164	0.349625	0.151477	
682000	-301.235193	1	1830	0.429827	0.429827	0.429827	0.429827	1.308978	2.741882	0.429827	1.308978	1	0.282534	0.234718	0.328880	0.153868	
683000	-305.875938	1	2188	0.472494	0.472494	0.472494	0.472494	1.918041	1.918041	0.472494	0.472494	1	0.254979	0.222575	0.418037	0.104409	
684000	-305.372977	1	209	0.303028	0.303028	0.303028	0.303028	2.000016	2.000016	0.303028	2.000016	1	0.141085	0.122742	0.357090	0.379084	
685000	-307.029384	1	3	0.381396	0.381396	0.381396	0.381396	1.833900	1.833900	0.381396	0.381396	1	0.244452	0.178382	0.489658	0.087507	
686000	-305.746367	1	2230	0.548297	0.548297	0.548297	0.548297	1.903645	1.903645	0.000000	0.548297	1	0.452303	0.510711	0.036803	0.000183	
687000	-301.166606	1	1850	0.395188	0.395188	0.395188	0.395188	1.266692	2.624060	0.395188	1.266692	1	0.277279	0.220228	0.345739	0.156754	
688000	-305.369740	1	1511	0.598699	0.598699	0.598699	0.598699	2.104617	2.104617	0.000000	0.598699	1	0.440447	0.521562	0.037767	0.000224	
689000	-305.522756	1	2614	0.637088	0.637088	0.637088	0.637088	2.243867	2.243867	0.000000	0.637088	1	0.432089	0.529282	0.038372	0.000256	
690000	-302.039047	1	954	0.464484	0.464484	0.464484	0.464484	1.256501	2.429299	0.464484	1.256501	1	0.293189	0.263852	0.293757	0.149202	
691000	-305.839871	1	576	0.498888	0.498888	0.498888	0.498888	2.095427	2.095427	0.498888	0.498888	1	0.248028	0.221844	0.421143	0.108985	
692000	-305.579733	1	453	0.588815	0.588815	0.588815	0.588815	1.946904	1.946904	0.000000	0.588815	1	0.443238	0.521740	0.034828	0.000194	
693000	-305.917317	1	2441	0.474735	0.474735	0.474735	0.474735	2.147654	2.147654	0.474735	0.474735	1	0.242965	0.207665	0.444931	0.104438	
694000	-305.642525	1	2550	0.615665	0.615665	0.615665	0.615665	1.949518	1.949518	0.000000	0.615665	1	0.437627	0.528846	0.033329	0.000198	
695000	-306.136311	1	2925	0.585938	0.585938	0.585938	0.585938	1.784513	1.784513	0.000000	0.585938	1	0.444468	0.524449	0.030918	0.000164	
696000	-305.986071	1	1300	0.650729	0.650729	0.650729	0.650729	2.466840	2.466840	0.000000	0.650729	1	0.428417	0.529685	0.041599	0.000299	
697000	-306.625996	1	255	0.400226	0.400226	0.400226	0.400226	1.857970	1.857970	0.400226	0.400226	1	0.247177	0.188165	0.473519	0.091139	
698000	-301.041336	1	1170	0.415154	0.415154	0.415154	0.415154	1.338547	3.062416	0.415154	1.338547	1	0.279734	0.219164	0.349625	0.151477	
699000	-304.849127	1	15	0.438871	0.438871	0.438871	0.438871	1.089418	2.474141	0.438871	0.438871	1	0.425091	0.184475	0.347591	0.042843	
700000	-302.246564	1	2910	0.510213	0.510213	0.510213	0.510213	1.243822	2.757366	0.510213	1.243822	1	0.310361	0.278635	0.279704	0.131300	
701000	-303.757940	1	951	0.539229	0.401959	0.539229	0.539229	1.080185	3.131407	0.401959	0.539229	1	0.427826	0.281822	0.251785	0.038566	
702000	-309.273006	1	1848	0.559041	0.559041	0.559041	0.559041	0.559041	2.925824	0.559041	0.559041	1	0.588947	0.247344	0.134829	0.028880	
703000	-305.406662	1	1562	0.616407	0.616407	0.616407	0.616407	2.194642	2.194642	0.000000	0.616407	1	0.436406	0.524813	0.038538	0.000243	
704000	-305.385228	1	1667	0.580244	0.580244	0.580244	0.580244	2.232490	2.232490	0.000000	0.580244	1	0.443642	0.514399	0.041717	0.000242	
705000	-305.771863	1	2108	0.529151	0.529151	0.529151	0.529151	1.933323	1.933323	0.000000	0.529151	1	0.456493	0.503865	0.039454	0.000188	
706000	-302.711536	1	1537	0.532609	0.532609	0.532609	0.532609	1.373915	3.553725	0.000000	1.373915	1	0.463425	0.519326	0.016679	0.000571	
707000	-307.258545	1	237	0.638536	0.638536	0.638536	0.638536	1.943981	1.943981	0.638536	0.638536	1	0.258503	0.283360	0.324569	0.133569	
708000	-305.629189	1	1094	0.619280	0.619280	0.619280	0.619280	2.373028	2.373028	0.000000	0.619280	1	0.434948	0.523087	0.041691	0.000274	
709000	-306.311584	1	2704	0.461368	0.461368	0.461368	0.461368	1.741231	1.741231	0.461368	0.461368	1	0.265025	0.232461	0.399905	0.102608	
710000	-305.453550	1	128	0.545807	0.545807	0.545807	0.545807	2.177823	2.177823	0.000000	0.545807	1	0.451343	0.504788	0.043639	0.000230	
711000	-306.362572	1	1952	0.580769	0.580769	0.580769	0.580769	2.057011	2.057011	0.580769	0.580769	1	0.253732	0.256216	0.366312	0.123740	
712000	-304.721563	1	1598	0.699165	0.699165	0.699165	0.699165	1.531000	2.777117	0.000000	1.531000	1	0.416068	0.566348	0.016971	0.000612	
713000	-307.036328	1	163	0.470258	0.470258	0.470258	0.470258	2.510750	2.510750	0.470258	0.470258	1	0.227073	0.187265	0.482949	0.102713	
714000	-301.894467	1	713	0.494655	0.494655	0.494655	0.494655	1.342936	3.029553	0.494655	1.342936	1	0.296875	0.259849	0.301777	0.141498	
715000	-306.634412	1	2525	0.662543	0.662543	0.662543	0.662543	1.767220	1.767220	0.000000	0.662543	1	0.428848	0.543852	0.027129	0.000171	
716000	-301.166606	1	1850	0.395188	0.395188	0.395188	0.395188	1.266692	2.624060	0.395188	1.266692	1	0.277279	0.220228	0.345739	0.156754	
717000	-306.257151	1	2536	0.523833	0.523833	0.523833	0.523833	1.795936	1.795936	0.000000	0.523833	1	0.458444	0.505300	0.036092	0.000164	
718000	-301.235193	1	1830	0.429827	0.429827	0.429827	0.429827	1.308978	2.741882	0.429827	1.308978	1	0.282534	0.234718	0.328880	0.153868	
719000	-305.858011	1	391	0.514387	0.514387	0.514387	0.514387	2.068483	2.068483	0.514387	0.514387	1	0.250589	0.230285	0.407299	0.111827	
720000	-305.931161	1	2220	0.668901	0.668901	0.668901	0.668901	2.390112	2.390112	0.000000	0.668901	1	0.425400	0.534785	0.039523	0.000292	
721000	-302.651021	1	794	0.453493	0.453493	0.453493	0.453493	1.341618	2.590446	0.000000	1.341618	1	0.470931	0.510911	0.017612	0.000546	
722000	-304.296712	1	1114	0.886185	0.332380	0.886185	0.332380	0.886185	3.327322	0.332380	0.886185	1	0.338845	0.373663	0.213829	0.073662	
723000	-305.905277	1	691	0.522489	0.522489	0.522489	0.522489	2.377092	2.377092	0.000000	0.522489	1	0.455197	0.494232	0.050313	0.000258	
724000	-301.406520	1	2602	0.363923	0.363923	0.363923	0.363923	1.138637	3.214188	0.363923	1.138637	1	0.305633	0.199834	0.375144	0.119389	
725000	-305.450005	1	2590	0.548219	0.548219	0.548219	0.548219	2.081451	2.081451	0.000000	0.548219	1	0.451374	0.507175	0.041237	0.000214	
726000	-305.667154	1	2662	0.568818	0.568818	0.568818	0.568818	1.913205	1.913205	0.000000	0.568818	1	0.447701	0.516727	0.035385	0.000186	
727000	-306.327120	1	2729	0.505042	0.505042	0.505042	0.505042	2.462186	2.462186	0.000000	0.505042	1	0.458450	0.487026	0.054256	0.000268	
728000	-304.629515	1	2645	1.412468	0.584746	0.584746	0.584746	1.412468	3.277491	0.000000	1.412468	1	0.580255	0.391223	0.027352	0.001169	
729000	-305.406662	1	1562	0.616407	0.616407	0.616407	0.616407	2.194642	2.194642	0.000000	0.616407	1	0.436406	0.524813	0.038538	0.000243	
730000	-301.406520	1	2602	0.363923	0.363923	0.363923	0.363923	1.138637	3.214188	0.363923	1.138637	1	0.305633	0.199834	0.375144	0.119389	
731000	-305.859169	1	618	0.622371	0.622371	0.622371	0.622371	1.884020	1.884020	0.000000	0.622371	1	0.436493	0.531855	0.031465	0.000187	
732000	-302.246564	1	2910	0.510213	0.510213	0.510213	0.510213	1.243822	2.757366	0.510213	1.243822	1	0.310361	0.278635	0.279704	0.131300	
733000	-305.384662	1	1564	0.565025	0.565025	0.565025	0.565025	2.191321	2.191321	0.000000	0.565025	1	0.447098	0.510544	0.042124	0.000234	
734000	-302.651021	1	794	0.453493	0.453493	0.453493	0.453493	1.341618	2.590446	0.000000	1.341618	1	0.470931	0.510911	0.017612	0.000546	
735000	-304.917495	1	1174	0.313855	0.313855	0.313855	0.313855	1.893688	1.893688	0.313855	1.893688	1	0.154067	0.135838	0.349283	0.360812	
736000	-305.585259	1	558	0.528038	0.528038	0.528038	0.528038	2.058241	2.058241	0.000000	0.528038	1	0.456015	0.500979	0.042797	0.000209	
737000	-305.350262	1	1908	0.584546	0.584546	0.584546	0.584546	2.174157	2.174157	0.000000	0.584546	1	0.443049	0.516511	0.040207	0.000234	
738000	-302.690510	1	218	0.540773	0.540773	0.540773	0.540773	1.595855	3.085038	0.000000	1.595855	1	0.444902	0.534719	0.019530	0.000850	
739000	-302.364992	1	2855	0.691219	0.186834	0.691219	0.691219	1.962010	1.962010	0.186834	0.691219	1	0.359687	0.444418	0.143784	0.052111	
740000	-302.714298	1	1853	0.504365	0.504365	0.504365	0.504365	1.460455	2.596222	0.000000	1.460455	1	0.453700	0.527530	0.018131	0.000640	
741000	-305.415422	1	1688	0.570927	0.570927	0.570927	0.570927	2.043862	2.043862	0.000000	0.570927	1	0.446618	0.514783	0.038389	0.000210	
742000	-306.342773	1	2276	0.468349	0.468349	0.468349	0.468349	2.213370	2.213370	0.000000	0.468349	1	0.468437	0.475476	0.055851	0.000236	
743000	-301.041336	1	1170	0.415154	0.415154	0.415154	0.415154	1.338547	3.062416	0.415154	1.338547	1	0.279734	0.219164	0.349625	0.151477	
744000	-304.989885	1	1812	0.293425	0.293425	0.293425	0.293425	1.753347	1.753347	0.293425	1.753347	1	0.155535	0.131111	0.357923	0.355431	
745000	-305.436171	1	774	0.625153	0.625153	0.625153	0.625153	2.182043	2.182043	0.000000	0.625153	1	0.434720	0.527237	0.037800	0.000243	
746000	-301.235193	1	1830	0.429827	0.429827	0.429827	0.429827	1.308978	2.741882	0.429827	1.308978	1	0.282534	0.234718	0.328880	0.153868	
747000	-302.168152	1	1807	0.368721	0.368721	0.368721	0.368721	1.024492	3.354034	0.368721	1.024492	1	0.341785	0.205596	0.357871	0.094747	
748000	-307.702730	1	218	0.540773	0.540773	0.540773	0.540773	1.595855	3.085038	0.000000	1.595855	0	0.444908	0.534707	0.019535	0.000850	
749000	-306.027622	1	1723	0.488373	0.488373	0.488373	0.488373	2.223727	2.223727	0.488373	0.488373	1	0.240952	0.209319	0.442887	0.106843	
750000	-306.299994	1	939	0.468341	0.468341	0.468341	0.468341	2.067505	2.067505	0.000000	0.468341	1	0.469625	0.478004	0.052157	0.000214	
751000	-301.406520	1	2602	0.363923	0.363923	0.363923	0.363923	1.138637	3.214188	0.363923	1.138637	1	0.305633	0.199834	0.375144	0.119389	
752000	-302.039047	1	954	0.464484	0.464484	0.464484	0.464484	1.256501	2.429299	0.464484	1.256501	1	0.293189	0.263852	0.293757	0.149202	
753000	-304.863954	1	1618	0.303124	0.303124	0.303124	0.303124	1.783444	1.783444	0.303124	1.783444	1	0.157914	0.135751	0.352813	0.353522	
754000	-305.442398	1	119	0.556223	0.556223	0.556223	0.556223	2.051480	2.051480	0.000000	0.556223	1	0.449778	0.510217	0.039795	0.000210	
755000	-305.981216	1	761	0.531320	0.531320	0.531320	0.531320	2.128272	2.128272	0.531320	0.531320	1	0.248785	0.233091	0.403250	0.114874	
756000	-305.579038	1	1928	0.651023	0.651023	0.651023	0.651023	2.177422	2.177422	0.000000	0.651023	1	0.429703	0.533609	0.036440	0.000248	
757000	-301.166606	1	1850	0.395188	0.395188	0.395188	0.395188	1.266692	2.624060	0.395188	1.266692	1	0.277279	0.220228	0.345739	0.156754	
758000	-306.693281	1	1499	0.603162	0.603162	0.603162	0.603162	2.143376	2.143376	0.603162	0.603162	1	0.250021	0.257410	0.364652	0.127917	
759000	-302.364992	1	2855	0.691219	0.186834	0.691219	0.691219	1.962010	1.962010	0.186834	0.691219	1	0.359687	0.444418	0.143784	0.052111	
760000	-301.235193	1	1830	0.429827	0.429827	0.429827	0.429827	1.308978	2.741882	0.429827	1.308978	1	0.282534	0.234718	0.328880	0.153868	
761000	-301.041336	1	1170	0.415154	0.415154	0.415154	0.415154	1.338547	3.062416	0.415154	1.338547	1	0.279734	0.219164	0.349625	0.151477	
762000	-305.847511	1	873	0.466208	0.466208	0.466208	0.466208	2.030109	2.030109	0.466208	0.466208	1	0.247934	0.211256	0.437725	0.103085	
763000	-305.946897	1	2395	0.488000	0.488000	0.488000	0.488000	2.181299	2.181299	0.488000	0.488000	1	0.242855	0.211639	0.438656	0.106850	
764000	-311.722931	1	656	0.670925	0.670925	0.670925	0.670925	2.051914	2.051914	0.000000	0.670925	0	0.426453	0.540179	0.033138	0.000230	
765000	-306.900991	1	1932	0.407620	0.407620	0.407620	0.407620	1.714249	1.714249	0.407620	0.407620	1	0.258814	0.204979	0.443104	0.093103	
766000	-302.690510	1	218	0.540773	0.540773	0.540773	0.540773	1.595855	3.085038	0.000000	1.595855	1	0.444902	0.534719	0.019530	0.000850	
767000	-301.235193	1	1830	0.429827	0.429827	0.429827	0.429827	1.308978	2.741882	0.429827	1.308978	1	0.282534	0.234718	0.328880	0.153868	
768000	-305.391164	1	604	0.612981	0.612981	0.612981	0.612981	2.177275	2.177275	0.000000	0.612981	1	0.437179	0.524189	0.038393	0.000239	
769000	-305.951371	1	927	0.505017	0.505017	0.505017	0.505017	2.312762	2.312762	0.000000	0.505017	1	0.459489	0.488766	0.051497	0.000248	
770000	-304.888835	1	1218	0.318449	0.318449	0.318449	0.318449	1.901398	1.901398	0.318449	1.901398	1	0.155639	0.138417	0.346860	0.359084	
771000	-301.166606	1	1850	0.395188	0.395188	0.395188	0.395188	1.266692	2.624060	0.395188	1.266692	1	0.277279	0.220228	0.345739	0.156754	
772000	-302.651021	1	794	0.453493	0.453493	0.453493	0.453493	1.341618	2.590446	0.000000	1.341618	1	0.470931	0.510911	0.017612	0.000546	
773000	-305.434261	1	1056	0.617522	0.617522	0.617522	0.617522	2.237171	2.237171	0.000000	0.617522	1	0.435977	0.524470	0.039303	0.000251	
774000	-304.262262	1	2985	1.047909	0.480818	0.480818	0.480818	1.047909	2.488200	0.480818	1.047909	1	0.441108	0.236280	0.224216	0.098396	
775000	-306.489257	1	1734	0.424483	0.424483	0.424483	0.424483	2.248342	2.248342	0.424483	0.424483	1	0.230366	0.177353	0.497761	0.094520	
776000	-302.651021	1	794	0.453493	0.453493	0.453493	0.453493	1.341618	2.590446	0.000000	1.341618	1	0.470931	0.510911	0.017612	0.000546	
777000	-305.677857	1	2294	0.623693	0.623693	0.623693	0.623693	2.389862	2.389862	0.000000	0.623693	1	0.433994	0.524002	0.041727	0.000278	
778000	-305.382444	1	1656	0.608196	0.608196	0.608196	0.608196	2.192499	2.192499	0.000000	0.608196	1	0.438074	0.522699	0.038986	0.000241	
779000	-302.039047	1	954	0.464484	0.464484	0.464484	0.464484	1.256501	2.429299	0.464484	1.256501	1	0.293189	0.263852	0.293757	0.149202	
780000	-306.987869	1	232	0.531258	0.531258	0.531258	0.531258	2.498869	2.498869	0.531258	0.531258	1	0.233851	0.212564	0.439150	0.114435	
781000	-301.235193	1	1830	0.429827	0.429827	0.429827	0.429827	1.308978	2.741882	0.429827	1.308978	1	0.282534	0.234718	0.328880	0.153868	
782000	-305.836497	1	959	0.470309	0.470309	0.470309	0.470309	1.980685	1.980685	0.470309	0.470309	1	0.251140	0.216752	0.428184	0.103924	
783000	-305.621571	1	1154	0.656885	0.656885	0.656885	0.656885	2.158597	2.158597	0.000000	0.656885	1	0.428667	0.535268	0.035819	0.000246	
784000	-306.144894	1	2909	0.251241	0.251241	0.251241	0.251241	1.582438	1.582438	0.251241	1.582438	1	0.147217	0.113246	0.381017	0.358521	
785000	-307.465158	1	213	0.259876	0.259876	0.259876	0.259876	2.246979	2.246979	0.259876	2.246979	1	0.105695	0.085938	0.379219	0.429148	
786000	-302.714298	1	1853	0.504365	0.504365	0.504365	0.504365	1.460455	2.596222	0.000000	1.460455	1	0.453700	0.527530	0.018131	0.000640	
787000	-301.406520	1	2602	0.363923	0.363923	0.363923	0.363923	1.138637	3.214188	0.363923	1.138637	1	0.305633	0.199834	0.375144	0.119389	
788000	-305.746367	1	2230	0.548297	0.548297	0.548297	0.548297	1.903645	1.903645	0.000000	0.548297	1	0.452303	0.510711	0.036803	0.000183	
789000	-301.041336	1	1170	0.415154	0.415154	0.415154	0.415154	1.338547	3.062416	0.415154	1.338547	1	0.279734	0.219164	0.349625	0.151477	
790000	-306.412928	1	2432	0.551364	0.551364	0.551364	0.551364	2.293897	2.293897	0.551364	0.551364	1	0.242669	0.230468	0.408387	0.118476	
791000	-301.041336	1	1170	0.415154	0.415154	0.415154	0.415154	1.338547	3.062416	0.415154	1.338547	1	0.279734	0.219164	0.349625	0.151477	
792000	-302.690510	1	218	0.540773	0.540773	0.540773	0.540773	1.595855	3.085038	0.000000	1.595855	1	0.444902	0.534719	0.019530	0.000850	
793000	-305.828772	1	234	0.498137	0.498137	0.498137	0.498137	1.956154	1.956154	0.498137	0.498137	1	0.255252	0.231512	0.404274	0.108963	
794000	-305.361675	1	2956	0.598879	0.598879	0.598879	0.598879	2.124583	2.124583	0.000000	0.598879	1	0.440314	0.521279	0.038180	0.000227	
795000	-306.923520	1	859	0.395587	0.395587	0.395587	0.395587	2.241856	2.241856	0.395587	0.395587	1	0.224477	0.162102	0.524722	0.088700	
796000	-305.887293	1	444	0.686744	0.686744	0.686744	0.686744	2.222622	2.222622	0.000000	0.686744	1	0.422882	0.540968	0.035883	0.000268	
797000	-306.387699	1	357	0.439162	0.439162	0.439162	0.439162	2.271119	2.271119	0.439162	0.439162	1	0.231996	0.183680	0.486988	0.097336	
798000	-301.041336	1	1170	0.415154	0.415154	0.415154	0.415154	1.338547	3.062416	0.415154	1.338547	1	0.279734	0.219164	0.349625	0.151477	
799000	-305.955786	1	382	0.471173	0.471173	0.471173	0.471173	2.165742	2.165742	0.471173	0.471173	1	0.241658	0.204919	0.449690	0.103734	
800000	-303.267258	1	1017	1.161686	0.402186	0.402186	0.402186	1.161686	3.191476	0.000000	1.161686	1	0.674501	0.293846	0.030722	0.000931	
801000	-305.379247	1	328	0.284609	0.284609	0.284609	0.284609	1.902837	1.902837	0.284609	1.902837	1	0.138697	0.115798	0.366191	0.379314	
802000	-306.374018	1	1283	0.449903	0.449903	0.449903	0.449903	2.299110	2.299110	0.449903	0.449903	1	0.232523	0.187542	0.480589	0.099345	
803000	-306.156498	1	2361	0.700389	0.434654	0.434654	0.434654	2.227123	2.227123	0.000000	0.434654	1	0.555400	0.364014	0.080265	0.000321	
804000	-306.879109	1	879	0.601014	0.601014	0.601014	0.601014	1.832410	1.832410	0.601014	0.601014	1	0.265018	0.281717	0.326731	0.126534	
805000	-302.583368	1	720	0.530245	0.530245	0.530245	0.530245	1.468851	2.759729	0.000000	1.468851	1	0.449493	0.531970	0.017895	0.000643	
806000	-306.457328	1	812	0.588522	0.588522	0.588522	0.588522	2.068834	2.068834	0.588522	0.588522	1	0.253256	0.257959	0.363637	0.125148	
807000	-301.906368	1	480	0.490857	0.490857	0.490857	0.490857	1.336197	3.232583	0.490857	1.336197	1	0.301806	0.255146	0.307548	0.135500	
808000	-302.651021	1	794	0.453493	0.453493	0.453493	0.453493	1.341618	2.590446	0.000000	1.341618	1	0.470931	0.510911	0.017612	0.000546	
809000	-306.523030	1	1468	0.417573	0.417573	0.417573	0.417573	1.788775	1.788775	0.417573	0.417573	1	0.255311	0.204118	0.445875	0.094696	
810000	-302.274655	1	1207	0.486627	0.486627	0.486627	0.486627	1.088377	3.119393	0.486627	1.088377	1	0.349740	0.267752	0.282890	0.099618	
811000	-307.411833	1	2740	0.398990	0.398990	0.398990	0.398990	2.410184	2.410184	0.398990	0.398990	1	0.217748	0.156696	0.536734	0.088822	
812000	-306.759519	1	2816	0.501743	0.501743	0.501743	0.501743	2.571713	2.571713	0.000000	0.501743	1	0.458428	0.484762	0.056529	0.000281	
813000	-305.647708	1	666	0.659492	0.659492	0.659492	0.659492	2.213419	2.213419	0.000000	0.659492	1	0.427941	0.535039	0.036762	0.000257	
814000	-302.756393	1	1788	0.475463	0.475463	0.475463	0.475463	1.471660	3.706873	0.000000	1.471660	1	0.471685	0.508533	0.019006	0.000776	
815000	-306.701072	1	2493	0.398191	0.398191	0.398191	0.398191	2.161824	2.161824	0.398191	0.398191	1	0.229043	0.167544	0.513886	0.089527	
816000	-302.756393	1	1788	0.475463	0.475463	0.475463	0.475463	1.471660	3.706873	0.000000	1.471660	1	0.471685	0.508533	0.019006	0.000776	
817000	-304.085912	1	92	0.486825	0.486825	0.486825	0.486825	0.836872	2.691512	0.486825	0.836872	1	0.410859	0.282596	0.236836	0.069709	
818000	-306.288174	1	1687	0.721697	0.721697	0.721697	0.721697	2.245514	2.245514	0.000000	0.721697	1	0.416665	0.547841	0.035210	0.000285	
819000	-308.162485	1	2485	0.653419	0.653419	0.653419	0.653419	1.714642	1.714642	0.653419	0.653419	1	0.269812	0.309517	0.286267	0.134405	
820000	-302.039047	1	954	0.464484	0.464484	0.464484	0.464484	1.256501	2.429299	0.464484	1.256501	1	0.293189	0.263852	0.293757	0.149202	
821000	-306.282112	1	735	0.562917	0.562917	0.562917	0.562917	2.181057	2.181057	0.562917	0.562917	1	0.247793	0.241448	0.390130	0.120630	
822000	-305.271939	1	1219	0.302403	0.302403	0.302403	0.302403	1.968184	1.968184	0.302403	1.968184	1	0.142990	0.124003	0.357023	0.375984	
823000	-303.234975	1	2477	0.430705	0.430705	0.430705	0.430705	0.928426	3.479873	0.430705	0.928426	1	0.398826	0.235425	0.294117	0.071631	
824000	-301.235193	1	1830	0.429827	0.429827	0.429827	0.429827	1.308978	2.741882	0.429827	1.308978	1	0.282534	0.234718	0.328880	0.153868	
825000	-306.194872	1	830	0.423750	0.423750	0.423750	0.423750	1.938329	1.938329	0.423750	0.423750	1	0.246736	0.195728	0.462161	0.095376	
826000	-305.115819	1	421	0.299013	0.299013	0.299013	0.299013	1.896315	1.896315	0.299013	1.896315	1	0.146588	0.125779	0.357808	0.369825	
827000	-305.825381	1	313	0.479921	0.479921	0.479921	0.479921	1.959938	1.959938	0.479921	0.479921	1	0.253361	0.222878	0.418066	0.105695	
828000	-306.616966	1	1722	0.572354	0.572354	0.572354	0.572354	2.302566	2.302566	0.572354	0.572354	1	0.243108	0.237316	0.397207	0.122369	
829000	-306.284081	1	253	0.525179	0.525179	0.525179	0.525179	2.514745	2.514745	0.000000	0.525179	1	0.453716	0.493655	0.052353	0.000276	
830000	-301.041336	1	1170	0.415154	0.415154	0.415154	0.415154	1.338547	3.062416	0.415154	1.338547	1	0.279734	0.219164	0.349625	0.151477	
831000	-306.381053	1	538	0.624952	0.624952	0.624952	0.624952	2.620704	2.620704	0.000000	0.624952	1	0.432566	0.521783	0.045338	0.000314	
832000	-305.947760	1	1813	0.263630	0.263630	0.263630	0.263630	1.934811	1.934811	0.263630	1.934811	1	0.125147	0.100301	0.378428	0.396125	
833000	-302.246564	1	2910	0.510213	0.510213	0.510213	0.510213	1.243822	2.757366	0.510213	1.243822	1	0.310361	0.278635	0.279704	0.131300	
834000	-303.494624	1	1332	0.559094	0.559094	0.559094	0.559094	1.225396	2.493144	0.559094	1.225396	1	0.312109	0.306682	0.249441	0.131768	
835000	-305.451764	1	925	0.549021	0.549021	0.549021	0.549021	2.073366	2.073366	0.000000	0.549021	1	0.451243	0.507573	0.040971	0.000213	
836000	-305.416725	1	1105	0.597354	0.597354	0.597354	0.597354	2.264305	2.264305	0.000000	0.597354	1	0.439922	0.518732	0.041094	0.000251	
837000	-305.468104	1	1316	0.303620	0.303620	0.303620	0.303620	2.027425	2.027425	0.303620	2.027425	1	0.139528	0.121742	0.357079	0.381651	
838000	-304.963156	1	1852	0.320408	0.320408	0.320408	0.320408	1.935875	1.935875	0.320408	1.935875	1	0.153906	0.137631	0.346516	0.361947	
839000	-305.820294	1	2708	0.500002	0.500002	0.500002	0.500002	1.974891	1.974891	0.500002	0.500002	1	0.254374	0.230902	0.405437	0.109287	
840000	-306.959772	1	2083	0.525576	0.525576	0.525576	0.525576	2.497577	2.497577	0.525576	0.525576	1	0.233472	0.210490	0.442682	0.113356	
841000	-305.528711	1	2767	0.576654	0.576654	0.576654	0.576654	1.968464	1.968464	0.000000	0.576654	1	0.445747	0.517880	0.036176	0.000197	
842000	-305.508310	1	699	0.574343	0.574343	0.574343	0.574343	2.321703	2.321703	0.000000	0.574343	1	0.444386	0.511446	0.043912	0.000256	
843000	-301.235193	1	1830	0.429827	0.429827	0.429827	0.429827	1.308978	2.741882	0.429827	1.308978	1	0.282534	0.234718	0.328880	0.153868	
844000	-305.972708	1	2465	0.469516	0.469516	0.469516	0.469516	2.172431	2.172431	0.469516	0.469516	1	0.241128	0.203748	0.451716	0.103408	
845000	-307.351729	1	2133	0.625563	0.625563	0.625563	0.625563	1.609004	1.609004	0.000000	0.625563	1	0.436448	0.538953	0.024465	0.000135	
846000	-305.673785	1	1156	0.588676	0.588676	0.588676	0.588676	1.910537	1.910537	0.000000	0.588676	1	0.443419	0.522438	0.033955	0.000188	
847000	-304.989885	1	1812	0.293425	0.293425	0.293425	0.293425	1.753347	1.753347	0.293425	1.753347	1	0.155535	0.131111	0.357923	0.355431	
848000	-306.815555	1	2073	0.682657	0.682657	0.682657	0.682657	1.771564	1.771564	0.000000	0.682657	1	0.425035	0.548157	0.026632	0.000176	
849000	-301.235193	1	1830	0.429827	0.429827	0.429827	0.429827	1.308978	2.741882	0.429827	1.308978	1	0.282534	0.234718	0.328880	0.153868	
850000	-302.714298	1	1853	0.504365	0.504365	0.504365	0.504365	1.460455	2.596222	0.000000	1.460455	1	0.453700	0.527530	0.018131	0.000640	
851000	-302.583368	1	720	0.530245	0.530245	0.530245	0.530245	1.468851	2.759729	0.000000	1.468851	1	0.449493	0.531970	0.017895	0.000643	
852000	-302.756393	1	1788	0.475463	0.475463	0.475463	0.475463	1.471660	3.706873	0.000000	1.471660	1	0.471685	0.508533	0.019006	0.000776	
853000	-303.494624	1	1332	0.559094	0.559094	0.559094	0.559094	1.225396	2.493144	0.559094	1.225396	1	0.312109	0.306682	0.249441	0.131768	
854000	-302.583368	1	720	0.530245	0.530245	0.530245	0.530245	1.468851	2.759729	0.000000	1.468851	1	0.449493	0.531970	0.017895	0.000643	
855000	-305.274617	1	205	0.333539	0.333539	0.333539	0.333539	2.052387	2.052387	0.333539	2.052387	1	0.151461	0.139619	0.341649	0.367271	
856000	-305.370042	1	2838	0.579358	0.579358	0.579358	0.579358	2.085440	2.085440	0.000000	0.579358	1	0.444601	0.516493	0.038688	0.000218	
857000	-304.018557	1	293	1.065425	0.461998	0.461998	0.461998	1.065425	3.222295	0.461998	1.065425	1	0.459683	0.210963	0.243089	0.086265	
858000	-306.183985	1	2528	0.539287	0.539287	0.539287	0.539287	2.229523	2.229523	0.539287	0.539287	1	0.244721	0.229774	0.409221	0.116283	
859000	-304.468664	1	1538	0.388354	0.388354	0.388354	0.388354	1.169640	2.190080	0.000000	1.169640	1	0.490890	0.492373	0.016353	0.000383	
860000	-305.408133	1	1728	0.613884	0.613884	0.613884	0.613884	2.103996	2.103996	0.000000	0.613884	1	0.437339	0.525601	0.036833	0.000226	
861000	-303.008353	1	2475	0.431085	0.431085	0.431085	0.431085	1.683310	3.192151	0.000000	1.683310	1	0.466935	0.508256	0.023568	0.001242	
862000	-308.731589	1	1887	0.413620	0.413620	0.413620	0.413620	2.591430	2.591430	0.000000	0.413620	1	0.476704	0.444720	0.078285	0.000292	
863000	-301.166606	1	1850	0.395188	0.395188	0.395188	0.395188	1.266692	2.624060	0.395188	1.266692	1	0.277279	0.220228	0.345739	0.156754	
864000	-302.583368	1	720	0.530245	0.530245	0.530245	0.530245	1.468851	2.759729	0.000000	1.468851	1	0.449493	0.531970	0.017895	0.000643	
865000	-301.166606	1	1850	0.395188	0.395188	0.395188	0.395188	1.266692	2.624060	0.395188	1.266692	1	0.277279	0.220228	0.345739	0.156754	
866000	-301.235193	1	1830	0.429827	0.429827	0.429827	0.429827	1.308978	2.741882	0.429827	1.308978	1	0.282534	0.234718	0.328880	0.153868	
867000	-306.075234	1	1729	0.519064	0.519064	0.519064	0.519064	2.225186	2.225186	0.519064	0.519064	1	0.243631	0.222145	0.421673	0.112551	
868000	-305.415422	1	1688	0.570927	0.570927	0.570927	0.570927	2.043862	2.043862	0.000000	0.570927	1	0.446618	0.514783	0.038389	0.000210	
869000	-306.145788	1	2218	0.524140	0.524140	0.524140	0.524140	2.249010	2.249010	0.524140	0.524140	1	0.242965	0.222769	0.420801	0.113465	
870000	-305.377956	1	1532	0.579234	0.579234	0.579234	0.579234	2.074722	2.074722	0.000000	0.579234	1	0.444682	0.516644	0.038458	0.000216	
871000	-306.544824	1	1400	0.414887	0.414887	0.414887	0.414887	1.793687	1.793687	0.414887	0.414887	1	0.254475	0.202127	0.449219	0.094180	
872000	-305.629189	1	1094	0.619280	0.619280	0.619280	0.619280	2.373028	2.373028	0.000000	0.619280	1	0.434948	0.523087	0.041691	0.000274	
873000	-305.372977	1	209	0.303028	0.303028	0.303028	0.303028	2.000016	2.000016	0.303028	2.000016	1	0.141085	0.122742	0.357090	0.379084	
874000	-306.512656	1	2347	0.435872	0.435872	0.435872	0.435872	1.729967	1.729967	0.435872	0.435872	1	0.262494	0.219901	0.419440	0.098165	
875000	-301.235193	1	1830	0.429827	0.429827	0.429827	0.429827	1.308978	2.741882	0.429827	1.308978	1	0.282534	0.234718	0.328880	0.153868	
876000	-306.182898	1	733	0.486888	0.486888	0.486888	0.486888	1.938652	1.938652	0.000000	0.486888	1	0.466289	0.488397	0.045122	0.000191	
877000	-305.145121	1	1832	0.535945	0.535945	0.535945	0.535945	1.308690	1.893546	0.000000	1.308690	1	0.445323	0.539751	0.014570	0.000355	
878000	-305.718484	1	622	0.650139	0.650139	0.650139	0.650139	2.006694	2.006694	0.000000	0.650139	1	0.430556	0.536238	0.032990	0.000216	
879000	-308.053332	1	605	0.460834	0.460834	0.460834	0.460834	2.698339	2.698339	0.460834	0.460834	1	0.219276	0.175988	0.504411	0.100325	
880000	-306.207061	1	488	0.244651	0.244651	0.244651	0.244651	1.704599	1.704599	0.244651	1.704599	1	0.131496	0.100034	0.388096	0.380374	
881000	-303.267258	1	1017	1.161686	0.402186	0.402186	0.402186	1.161686	3.191476	0.000000	1.161686	1	0.674501	0.293846	0.030722	0.000931	
882000	-305.843085	1	1785	0.481091	0.481091	0.481091	0.481091	2.095182	2.095182	0.481091	0.481091	1	0.246285	0.213906	0.434094	0.105715	
883000	-301.041336	1	1170	0.415154	0.415154	0.415154	0.415154	1.338547	3.062416	0.415154	1.338547	1	0.279734	0.219164	0.349625	0.151477	
884000	-302.756393	1	1788	0.475463	0.475463	0.475463	0.475463	1.471660	3.706873	0.000000	1.471660	1	0.471685	0.508533	0.019006	0.000776	
885000	-306.012422	1	1997	0.690530	0.690530	0.690530	0.690530	2.324571	2.324571	0.000000	0.690530	1	0.421775	0.540361	0.037575	0.000288	
886000	-303.655024	1	610	0.657230	0.288111	0.657230	0.657230	2.416063	2.416063	0.288111	0.657230	1	0.311275	0.375378	0.236448	0.076899	
887000	-302.583368	1	720	0.530245	0.530245	0.530245	0.530245	1.468851	2.759729	0.000000	1.468851	1	0.449493	0.531970	0.017895	0.000643	
888000	-305.949538	1	1392	0.509790	0.509790	0.509790	0.509790	2.339285	2.339285	0.000000	0.509790	1	0.458247	0.490181	0.051320	0.000252	
889000	-301.041336	1	1170	0.415154	0.415154	0.415154	0.415154	1.338547	3.062416	0.415154	1.338547	1	0.279734	0.219164	0.349625	0.151477	
890000	-302.364992	1	2855	0.691219	0.186834	0.691219	0.691219	1.962010	1.962010	0.186834	0.691219	1	0.359687	0.444418	0.143784	0.052111	
891000	-305.944858	1	2173	0.688461	0.688461	0.688461	0.688461	2.087925	2.087925	0.000000	0.688461	1	0.423090	0.543422	0.033246	0.000242	
892000	-306.529649	1	769	0.590527	0.590527	0.590527	0.590527	2.663455	2.663455	0.000000	0.590527	1	0.439146	0.512316	0.048229	0.000309	
893000	-305.806787	1	1962	0.486065	0.486065	0.486065	0.486065	1.987382	1.987382	0.486065	0.486065	1	0.252454	0.223681	0.417091	0.106773	
894000	-306.315087	1	862	0.495348	0.495348	0.495348	0.495348	1.729737	1.729737	0.495348	0.495348	1	0.268871	0.250189	0.372556	0.108384	
895000	-302.756393	1	1788	0.475463	0.475463	0.475463	0.475463	1.471660	3.706873	0.000000	1.471660	1	0.471685	0.508533	0.019006	0.000776	
896000	-305.853990	1	2295	0.494163	0.494163	0.494163	0.494163	2.114561	2.114561	0.494163	0.494163	1	0.246655	0.218520	0.426730	0.108095	
897000	-305.963892	1	2990	0.676806	0.676806	0.676806	0.676806	2.373588	2.373588	0.000000	0.676806	1	0.424031	0.536752	0.038925	0.000292	
898000	-305.360662	1	1756	0.583596	0.583596	0.583596	0.583596	2.098829	2.098829	0.000000	0.583596	1	0.443635	0.517472	0.038672	0.000221	
899000	-306.473274	1	2464	0.622566	0.622566	0.622566	0.622566	1.741748	1.741748	0.000000	0.622566	1	0.436853	0.535005	0.027983	0.000160	
900000	-302.039047	1	954	0.464484	0.464484	0.464484	0.464484	1.256501	2.429299	0.464484	1.256501	1	0.293189	0.263852	0.293757	0.149202	
901000	-301.894467	1	713	0.494655	0.494655	0.494655	0.494655	1.342936	3.029553	0.494655	1.342936	1	0.296875	0.259849	0.301777	0.141498	
902000	-306.911885	1	1950	0.380372	0.380372	0.380372	0.380372	2.036301	2.036301	0.380372	0.380372	1	0.231514	0.164069	0.518076	0.086341	
903000	-306.334880	1	651	0.571306	0.571306	0.571306	0.571306	1.920044	1.920044	0.571306	0.571306	1	0.260404	0.263727	0.354098	0.121771	
904000	-303.706123	1	1854	0.539357	0.539357	0.539357	0.539357	1.456586	2.266310	0.000000	1.456586	1	0.442704	0.539448	0.017288	0.000560	
905000	-306.196039	1	1654	0.478938	0.478938	0.478938	0.478938	2.287225	2.287225	0.478938	0.478938	1	0.237082	0.201639	0.456344	0.104935	
906000	-306.028679	1	2987	0.439609	0.439609	0.439609	0.439609	1.947151	1.947151	0.439609	0.439609	1	0.248884	0.203684	0.449094	0.098338	
907000	-305.834751	1	877	0.470348	0.470348	0.470348	0.470348	2.037288	2.037288	0.470348	0.470348	1	0.248055	0.212753	0.435358	0.103835	
908000	-303.706123	1	1854	0.539357	0.539357	0.539357	0.539357	1.456586	2.266310	0.000000	1.456586	1	0.442704	0.539448	0.017288	0.000560	
909000	-305.481373	1	1670	0.540086	0.540086	0.540086	0.540086	2.167571	2.167571	0.000000	0.540086	1	0.452662	0.503101	0.044009	0.000228	
910000	-303.432812	1	220	1.083750	0.296794	0.296794	0.296794	1.083750	2.849540	0.296794	1.083750	1	0.441158	0.121078	0.323530	0.114234	
911000	-301.166606	1	1850	0.395188	0.395188	0.395188	0.395188	1.266692	2.624060	0.395188	1.266692	1	0.277279	0.220228	0.345739	0.156754	
912000	-305.995437	1	2329	0.251375	0.251375	0.251375	0.251375	1.763430	1.763430	0.251375	1.763430	1	0.130738	0.101177	0.384506	0.383579	
913000	-301.906368	1	480	0.490857	0.490857	0.490857	0.490857	1.336197	3.232583	0.490857	1.336197	1	0.301806	0.255146	0.307548	0.135500	
914000	-304.145977	1	1115	0.659580	0.659580	0.659580	0.659580	1.251899	2.707241	0.000000	1.251899	1	0.435777	0.550253	0.013631	0.000339	
915000	-305.656475	1	1338	0.599901	0.599901	0.599901	0.599901	1.734273	3.900194	0.599901	1.734273	1	0.271878	0.269212	0.292975	0.165936	
916000	-303.655024	1	610	0.657230	0.288111	0.657230	0.657230	2.416063	2.416063	0.288111	0.657230	1	0.311275	0.375378	0.236448	0.076899	
917000	-306.029664	1	2405	0.675295	0.675295	0.675295	0.675295	1.961479	1.961479	0.000000	0.675295	1	0.425935	0.542774	0.031078	0.000213	
918000	-305.838167	1	2231	0.570470	0.570470	0.570470	0.570470	2.460517	2.460517	0.000000	0.570470	1	0.444403	0.508620	0.046701	0.000276	
919000	-303.494624	1	1332	0.559094	0.559094	0.559094	0.559094	1.225396	2.493144	0.559094	1.225396	1	0.312109	0.306682	0.249441	0.131768	
920000	-304.175584	1	415	1.389681	0.548831	0.548831	0.548831	1.389681	2.811931	0.000000	1.389681	1	0.592155	0.378059	0.028641	0.001145	
921000	-305.956722	1	614	0.528941	0.528941	0.528941	0.528941	2.116713	2.116713	0.528941	0.528941	1	0.249190	0.232921	0.403444	0.114445	
922000	-301.235193	1	1830	0.429827	0.429827	0.429827	0.429827	1.308978	2.741882	0.429827	1.308978	1	0.282534	0.234718	0.328880	0.153868	
923000	-305.962977	1	2797	0.447390	0.447390	0.447390	0.447390	1.955433	1.955433	0.447390	0.447390	1	0.249577	0.207151	0.443508	0.099765	
924000	-305.593065	1	2423	0.531063	0.531063	0.531063	0.531063	2.028703	2.028703	0.000000	0.531063	1	0.455510	0.502559	0.041727	0.000205	
925000	-302.168152	1	1807	0.368721	0.368721	0.368721	0.368721	1.024492	3.354034	0.368721	1.024492	1	0.341785	0.205596	0.357871	0.094747	
926000	-301.166606	1	1850	0.395188	0.395188	0.395188	0.395188	1.266692	2.624060	0.395188	1.266692	1	0.277279	0.220228	0.345739	0.156754	
927000	-306.513089	1	2771	0.456818	0.456818	0.456818	0.456818	2.064323	2.064323	0.000000	0.456818	1	0.472290	0.472955	0.054539	0.000216	
928000	-306.055344	1	1738	1.260091	0.255052	1.260091	0.255052	1.260091	2.773559	0.255052	1.260091	1	0.227920	0.383521	0.244330	0.144228	
929000	-301.894467	1	713	0.494655	0.494655	0.494655	0.494655	1.342936	3.029553	0.494655	1.342936	1	0.296875	0.259849	0.301777	0.141498	
930000	-305.667154	1	2662	0.568818	0.568818	0.568818	0.568818	1.913205	1.913205	0.000000	0.568818	1	0.447701	0.516727	0.035385	0.000186	
931000	-306.846565	1	1818	0.306778	0.306778	0.306778	0.306778	2.300579	2.300579	0.306778	2.300579	1	0.125330	0.112330	0.356807	0.405533	
932000	-305.992342	1	1180	0.615228	0.615228	0.615228	0.615228	2.517040	2.517040	0.000000	0.615228	1	0.435003	0.520366	0.044335	0.000295	
933000	-302.246564	1	2910	0.510213	0.510213	0.510213	0.510213	1.243822	2.757366	0.510213	1.243822	1	0.310361	0.278635	0.279704	0.131300	
934000	-307.167088	1	2305	0.717770	0.717770	0.717770	0.717770	1.788074	1.788074	0.000000	0.717770	1	0.418668	0.555004	0.026142	0.000187	
935000	-306.391159	1	2630	0.728873	0.728873	0.728873	0.728873	2.131270	2.131270	0.000000	0.728873	1	0.415863	0.550952	0.032921	0.000264	
936000	-306.303574	1	379	0.508973	0.508973	0.508973	0.508973	2.469604	2.469604	0.000000	0.508973	1	0.457539	0.488391	0.053801	0.000269	
937000	-305.901675	1	1759	0.455718	0.455718	0.455718	0.455718	2.042635	2.042635	0.455718	0.455718	1	0.245875	0.205256	0.447758	0.101111	
938000	-306.144894	1	2909	0.251241	0.251241	0.251241	0.251241	1.582438	1.582438	0.251241	1.582438	1	0.147217	0.113246	0.381017	0.358521	
939000	-301.166606	1	1850	0.395188	0.395188	0.395188	0.395188	1.266692	2.624060	0.395188	1.266692	1	0.277279	0.220228	0.345739	0.156754	
940000	-305.398227	1	487	0.273860	0.273860	0.273860	0.273860	1.782766	1.782766	0.273860	1.782766	1	0.142270	0.115546	0.370765	0.371418	
941000	-306.810771	1	2279	0.459108	0.459108	0.459108	0.459108	2.373539	2.373539	0.000000	0.459108	1	0.469180	0.469273	0.061288	0.000259	
942000	-301.041336	1	1170	0.415154	0.415154	0.415154	0.415154	1.338547	3.062416	0.415154	1.338547	1	0.279734	0.219164	0.349625	0.151477	
943000	-301.166606	1	1850	0.395188	0.395188	0.395188	0.395188	1.266692	2.624060	0.395188	1.266692	1	0.277279	0.220228	0.345739	0.156754	
944000	-302.714298	1	1853	0.504365	0.504365	0.504365	0.504365	1.460455	2.596222	0.000000	1.460455	1	0.453700	0.527530	0.018131	0.000640	
945000	-305.811076	1	1491	0.595422	0.595422	0.595422	0.595422	1.869915	1.869915	0.000000	0.595422	1	0.442141	0.525134	0.032544	0.000181	
946000	-306.374018	1	1283	0.449903	0.449903	0.449903	0.449903	2.299110	2.299110	0.449903	0.449903	1	0.232523	0.187542	0.480589	0.099345	
947000	-303.130959	1	2121	0.815390	0.219691	0.815390	0.219691	2.016339	2.016339	0.219691	0.815390	1	0.167232	0.235307	0.398935	0.198525	
948000	-305.434261	1	1056	0.617522	0.617522	0.617522	0.617522	2.237171	2.237171	0.000000	0.617522	1	0.435977	0.524470	0.039303	0.000251	
949000	-305.834850	1	1388	0.489851	0.489851	0.489851	0.489851	1.939849	1.939849	0.489851	0.489851	1	0.255455	0.229036	0.408015	0.107494	
950000	-301.235193	1	1830	0.429827	0.429827	0.429827	0.429827	1.308978	2.741882	0.429827	1.308978	1	0.282534	0.234718	0.328880	0.153868	
951000	-301.406520	1	2602	0.363923	0.363923	0.363923	0.363923	1.138637	3.214188	0.363923	1.138637	1	0.305633	0.199834	0.375144	0.119389	
952000	-305.474677	1	2297	0.558524	0.558524	0.558524	0.558524	2.268792	2.268792	0.000000	0.558524	1	0.448048	0.507423	0.044283	0.000245	
953000	-301.894467	1	713	0.494655	0.494655	0.494655	0.494655	1.342936	3.029553	0.494655	1.342936	1	0.296875	0.259849	0.301777	0.141498	
954000	-302.364992	1	2855	0.691219	0.186834	0.691219	0.691219	1.962010	1.962010	0.186834	0.691219	1	0.359687	0.444418	0.143784	0.052111	
955000	-305.878224	1	1256	0.626742	0.626742	0.626742	0.626742	1.885111	1.885111	0.000000	0.626742	1	0.435603	0.532922	0.031287	0.000188	
956000	-305.857052	1	29	0.516683	0.516683	0.516683	0.516683	2.004380	2.004380	0.516683	0.516683	1	0.254007	0.235859	0.397874	0.112260	
957000	-302.711536	1	1537	0.532609	0.532609	0.532609	0.532609	1.373915	3.553725	0.000000	1.373915	1	0.463425	0.519326	0.016679	0.000571	
958000	-302.756393	1	1788	0.475463	0.475463	0.475463	0.475463	1.471660	3.706873	0.000000	1.471660	1	0.471685	0.508533	0.019006	0.000776	
959000	-305.584488	1	1129	0.536678	0.536678	0.536678	0.536678	2.265048	2.265048	0.000000	0.536678	1	0.452809	0.500510	0.046439	0.000242	
960000	-305.645157	1	1153	0.517511	0.517511	0.517511	0.517511	2.111729	2.111729	0.000000	0.517511	1	0.458054	0.496367	0.045361	0.000218	
961000	-305.494674	1	2761	0.557089	0.557089	0.557089	0.557089	2.007096	2.007096	0.000000	0.557089	1	0.449823	0.511317	0.038658	0.000202	
962000	-306.145618	1	2553	0.488363	0.488363	0.488363	0.488363	2.300015	2.300015	0.000000	0.488363	1	0.463290	0.482541	0.053922	0.000247	
963000	-306.232741	1	1560	0.422357	0.422357	0.422357	0.422357	1.914064	1.914064	0.422357	0.422357	1	0.247969	0.196739	0.460103	0.095189	
964000	-305.949168	1	2927	0.514528	0.514528	0.514528	0.514528	1.907669	1.907669	0.000000	0.514528	1	0.460014	0.499407	0.040395	0.000184	
965000	-305.540599	1	2773	0.577570	0.577570	0.577570	0.577570	2.342947	2.342947	0.000000	0.577570	1	0.443591	0.512108	0.044042	0.000260	
966000	-305.707186	1	1652	0.608924	0.608924	0.608924	0.608924	2.419328	2.419328	0.000000	0.608924	1	0.436767	0.519827	0.043128	0.000278	
967000	-305.030469	1	326	0.290825	0.290825	0.290825	0.290825	1.744743	1.744743	0.290825	1.744743	1	0.154919	0.129895	0.359305	0.355881	
968000	-306.892313	1	2268	0.446767	0.446767	0.446767	0.446767	1.625908	1.625908	0.446767	0.446767	1	0.271776	0.236580	0.391486	0.100158	
969000	-301.235193	1	1830	0.429827	0.429827	0.429827	0.429827	1.308978	2.741882	0.429827	1.308978	1	0.282534	0.234718	0.328880	0.153868	
970000	-302.039047	1	954	0.464484	0.464484	0.464484	0.464484	1.256501	2.429299	0.464484	1.256501	1	0.293189	0.263852	0.293757	0.149202	
971000	-306.815555	1	2073	0.682657	0.682657	0.682657	0.682657	1.771564	1.771564	0.000000	0.682657	1	0.425035	0.548157	0.026632	0.000176	
972000	-302.711536	1	1537	0.532609	0.532609	0.532609	0.532609	1.373915	3.553725	0.000000	1.373915	1	0.463425	0.519326	0.016679	0.000571	
973000	-301.166606	1	1850	0.395188	0.395188	0.395188	0.395188	1.266692	2.624060	0.395188	1.266692	1	0.277279	0.220228	0.345739	0.156754	
974000	-306.000855	1	2922	0.540992	0.540992	0.540992	0.540992	1.983234	1.983234	0.540992	0.540992	1	0.256360	0.247287	0.379781	0.116572	
975000	-302.364992	1	2855	0.691219	0.186834	0.691219	0.691219	1.962010	1.962010	0.186834	0.691219	1	0.359687	0.444418	0.143784	0.052111	
976000	-305.811076	1	1491	0.595422	0.595422	0.595422	0.595422	1.869915	1.869915	0.000000	0.595422	1	0.442141	0.525134	0.032544	0.000181	
977000	-302.756393	1	1788	0.475463	0.475463	0.475463	0.475463	1.471660	3.706873	0.000000	1.471660	1	0.471685	0.508533	0.019006	0.000776	
978000	-306.648496	1	841	0.601933	0.601933	0.601933	0.601933	1.985165	1.985165	0.601933	0.601933	1	0.257186	0.268770	0.346722	0.127322	
979000	-303.267258	1	1017	1.161686	0.402186	0.402186	0.402186	1.161686	3.191476	0.000000	1.161686	1	0.674501	0.293846	0.030722	0.000931	
980000	-306.346910	1	798	0.570215	0.570215	0.570215	0.570215	2.607798	2.607798	0.000000	0.570215	1	0.443608	0.507039	0.049057	0.000296	
981000	-306.194872	1	830	0.423750	0.423750	0.423750	0.423750	1.938329	1.938329	0.423750	0.423750	1	0.246736	0.195728	0.462161	0.095376	
982000	-306.636840	1	1556	0.582703	0.582703	0.582703	0.582703	1.832035	1.832035	0.582703	0.582703	1	0.265204	0.275551	0.335825	0.123420	
983000	-305.400976	1	180	0.563857	0.563857	0.563857	0.563857	2.212803	2.212803	0.000000	0.563857	1	0.447227	0.509865	0.042671	0.000237	
984000	-304.085912	1	92	0.486825	0.486825	0.486825	0.486825	0.836872	2.691512	0.486825	0.836872	1	0.410859	0.282596	0.236836	0.069709	
985000	-305.326951	1	467	0.357300	0.357300	0.357300	0.357300	2.084614	2.084614	0.357300	2.084614	1	0.159062	0.152842	0.330187	0.357908	
986000	-305.230451	1	1616	0.295099	0.295099	0.295099	0.295099	1.917287	1.917287	0.295099	1.917287	1	0.143039	0.121973	0.360386	0.374601	
987000	-303.267258	1	1017	1.161686	0.402186	0.402186	0.402186	1.161686	3.191476	0.000000	1.161686	1	0.674501	0.293846	0.030722	0.000931	
988000	-306.066957	1	2623	0.534337	0.534337	0.534337	0.534337	2.472645	2.472645	0.000000	0.534337	1	0.452006	0.497176	0.050546	0.000272	
989000	-301.406520	1	2602	0.363923	0.363923	0.363923	0.363923	1.138637	3.214188	0.363923	1.138637	1	0.305633	0.199834	0.375144	0.119389	
990000	-306.690651	1	667	0.567311	0.567311	0.567311	0.567311	1.754932	1.754932	0.567311	0.567311	1	0.269668	0.277474	0.332386	0.120472	
991000	-305.892685	1	1987	0.577923	0.577923	0.577923	0.577923	1.841693	1.841693	0.000000	0.577923	1	0.446008	0.520905	0.032913	0.000174	
992000	-306.591422	1	2840	0.578631	0.578631	0.578631	0.578631	2.264615	2.264615	0.578631	0.578631	1	0.244759	0.241660	0.390048	0.123533	
993000	-305.492203	1	1926	0.622707	0.622707	0.622707	0.622707	2.278899	2.278899	0.000000	0.622707	1	0.434741	0.525205	0.039795	0.000259	
994000	-301.166606	1	1850	0.395188	0.395188	0.395188	0.395188	1.266692	2.624060	0.395188	1.266692	1	0.277279	0.220228	0.345739	0.156754	
995000	-305.610598	1	2177	0.529973	0.529973	0.529973	0.529973	2.020351	2.020351	0.000000	0.529973	1	0.455806	0.502354	0.041637	0.000203	
996000	-305.637992	1	872	0.533885	0.533885	0.533885	0.533885	1.984525	1.984525	0.000000	0.533885	1	0.455128	0.504371	0.040304	0.000197	
997000	-306.113815	1	2706	0.606393	0.606393	0.606393	0.606393	1.658085	3.407694	0.606393	0.606393	1	0.340896	0.242631	0.340142	0.076331	
998000	-306.529460	1	669	0.463976	0.463976	0.463976	0.463976	2.376055	2.376055	0.463976	0.463976	1	0.231385	0.190425	0.476333	0.101858	
999000	-305.920895	1	967	0.492904	0.492904	0.492904	0.492904	2.151326	2.151326	0.000000	0.492904	1	0.463363	0.486559	0.049853	0.000225	
1000000	-302.039047	1	954	0.464484	0.464484	0.464484	0.464484	1.256501	2.429299	0.464484	1.256501	1	0.293189	0.263852	0.293757	0.149202	
1001000	-302.711536	1	1537	0.532609	0.532609	0.532609	0.532609	1.373915	3.553725	0.000000	1.373915	1	0.463425	0.519326	0.016679	0.000571	
1002000	-301.166606	1	1850	0.395188	0.395188	0.395188	0.395188	1.266692	2.624060	0.395188	1.266692	1	0.277279	0.220228	0.345739	0.156754	
1003000	-301.406520	1	2602	0.363923	0.363923	0.363923	0.363923	1.138637	3.214188	0.363923	1.138637	1	0.305633	0.199834	0.375144	0.119389	
1004000	-303.267258	1	1017	1.161686	0.402186	0.402186	0.402186	1.161686	3.191476	0.000000	1.161686	1	0.674501	0.293846	0.030722	0.000931	
1005000	-305.446083	1	882	0.586489	0.586489	0.586489	0.586489	2.015360	2.015360	0.000000	0.586489	1	0.443427	0.519774	0.036593	0.000206	
1006000	-304.972571	1	1171	0.293992	0.293992	0.293992	0.293992	1.708713	1.708713	0.293992	1.708713	1	0.159957	0.134739	0.356206	0.349098	
1007000	-305.841547	1	324	0.256955	0.256955	0.256955	0.256955	1.659291	1.659291	0.256955	1.659291	1	0.143250	0.111786	0.379115	0.365849	
1008000	-305.349133	1	2848	0.586175	0.586175	0.586175	0.586175	2.129825	2.129825	0.000000	0.586175	1	0.442935	0.517682	0.039156	0.000226	
1009000	-305.351921	1	2131	0.577704	0.577704	0.577704	0.577704	2.132018	2.132018	0.000000	0.577704	1	0.444714	0.515230	0.039831	0.000225	
1010000	-305.435060	1	2349	0.558423	0.558423	0.558423	0.558423	2.051786	2.051786	0.000000	0.558423	1	0.449295	0.510888	0.039608	0.000210	
1011000	-306.149936	1	2811	0.559345	0.559345	0.559345	0.559345	1.783808	1.783808	0.000000	0.559345	1	0.450340	0.516844	0.032654	0.000162	
1012000	-305.350842	1	2945	0.590753	0.590753	0.590753	0.590753	2.130379	2.130379	0.000000	0.590753	1	0.441974	0.518953	0.038846	0.000227	
1013000	-306.126616	1	79	0.557669	0.557669	0.557669	0.557669	2.059496	2.059496	0.557669	0.557669	1	0.253147	0.247865	0.379376	0.119612	
1014000	-306.190039	1	2459	0.469564	0.469564	0.469564	0.469564	2.273469	2.273469	0.469564	0.469564	1	0.236500	0.198120	0.462194	0.103186	
1015000	-301.166606	1	1850	0.395188	0.395188	0.395188	0.395188	1.266692	2.624060	0.395188	1.266692	1	0.277279	0.220228	0.345739	0.156754	
1016000	-305.397222	1	1224	0.282715	0.282715	0.282715	0.282715	1.894972	1.894972	0.282715	1.894972	1	0.138280	0.114968	0.367184	0.379568	
1017000	-305.369740	1	1511	0.598699	0.598699	0.598699	0.598699	2.104617	2.104617	0.000000	0.598699	1	0.440447	0.521562	0.037767	0.000224	
1018000	-304.629515	1	2645	1.412468	0.584746	0.584746	0.584746	1.412468	3.277491	0.000000	1.412468	1	0.580255	0.391223	0.027352	0.001169	
1019000	-305.558149	1	1044	0.613978	0.613978	0.613978	0.613978	1.985144	1.985144	0.000000	0.613978	1	0.437832	0.527731	0.034232	0.000205	
1020000	-305.585259	1	558	0.528038	0.528038	0.528038	0.528038	2.058241	2.058241	0.000000	0.528038	1	0.456015	0.500979	0.042797	0.000209	
1021000	-303.980977	1	2660	1.032231	0.434305	0.434305	0.434305	1.032231	2.331169	0.000000	1.032231	1	0.639397	0.337561	0.022583	0.000459	
1022000	-306.043902	1	1246	0.646115	0.646115	0.646115	0.646115	1.872832	1.872832	0.000000	0.646115	1	0.431783	0.537853	0.030175	0.000189	
1023000	-305.173335	1	1819	0.307699	0.307699	0.307699	0.307699	1.959463	1.959463	0.307699	1.959463	1	0.146176	0.127944	0.353970	0.371910	
1024000	-306.426598	1	2414	0.406157	0.406157	0.406157	0.406157	1.951063	1.951063	0.406157	0.406157	1	0.242536	0.184839	0.480696	0.091929	
1025000	-305.452744	1	2731	0.562814	0.562814	0.562814	0.562814	2.263205	2.263205	0.000000	0.562814	1	0.447162	0.508812	0.043781	0.000245	
1026000	-301.235193	1	1830	0.429827	0.429827	0.429827	0.429827	1.308978	2.741882	0.429827	1.308978	1	0.282534	0.234718	0.328880	0.153868	
1027000	-305.451764	1	925	0.549021	0.549021	0.549021	0.549021	2.073366	2.073366	0.000000	0.549021	1	0.451243	0.507573	0.040971	0.000213	
1028000	-302.651021	1	794	0.453493	0.453493	0.453493	0.453493	1.341618	2.590446	0.000000	1.341618	1	0.470931	0.510911	0.017612	0.000546	
1029000	-305.384662	1	1564	0.565025	0.565025	0.565025	0.565025	2.191321	2.191321	0.000000	0.565025	1	0.447098	0.510544	0.042124	0.000234	
1030000	-305.890955	1	2082	0.570897	0.570897	0.570897	0.570897	1.842802	1.842802	0.000000	0.570897	1	0.447542	0.518866	0.033418	0.000174	
1031000	-303.636402	1	1381	1.260122	0.343224	0.343224	0.343224	1.260122	2.775584	0.343224	1.260122	1	0.414889	0.137143	0.303258	0.144710	
1032000	-303.130959	1	2121	0.815390	0.219691	0.815390	0.219691	2.016339	2.016339	0.219691	0.815390	1	0.167232	0.235307	0.398935	0.198525	
1033000	-306.034108	1	2718	0.492790	0.492790	0.492790	0.492790	1.976472	1.976472	0.000000	0.492790	1	0.464642	0.489860	0.045301	0.000197	
1034000	-305.358891	1	1045	0.576544	0.576544	0.576544	0.576544	2.110454	2.110454	0.000000	0.576544	1	0.445072	0.515254	0.039452	0.000222	
1035000	-304.575503	1	1855	1.043088	0.305221	0.305221	0.305221	1.043088	2.713141	0.000000	1.043088	1	0.728312	0.232195	0.038554	0.000939	
1036000	-305.413870	1	1510	0.589024	0.589024	0.589024	0.589024	2.265350	2.265350	0.000000	0.589024	1	0.441633	0.516416	0.041701	0.000249	
1037000	-301.166606	1	1850	0.395188	0.395188	0.395188	0.395188	1.266692	2.624060	0.395188	1.266692	1	0.277279	0.220228	0.345739	0.156754	
1038000	-305.071006	1	486	0.341603	0.341603	0.341603	0.341603	2.011550	2.011550	0.341603	2.011550	1	0.157722	0.146976	0.336706	0.358597	
1039000	-305.863498	1	1760	0.500207	0.500207	0.500207	0.500207	2.208108	2.208108	0.000000	0.500207	1	0.461302	0.488450	0.050014	0.000233	
1040000	-302.816780	1	2531	0.676638	0.334925	0.676638	0.334925	2.243501	2.243501	0.334925	0.676638	1	0.199697	0.238259	0.409732	0.152312	
1041000	-305.928465	1	1980	0.584137	0.584137	0.584137	0.584137	1.833088	1.833088	0.000000	0.584137	1	0.444691	0.522843	0.032293	0.000173	
1042000	-303.787618	1	2081	1.103753	0.361091	0.361091	0.361091	2.266283	2.266283	0.361091	1.103753	1	0.276445	0.116956	0.371868	0.234730	
1043000	-305.408133	1	1728	0.613884	0.613884	0.613884	0.613884	2.103996	2.103996	0.000000	0.613884	1	0.437339	0.525601	0.036833	0.000226	
1044000	-306.219310	1	2102	0.491689	0.491689	0.491689	0.491689	1.897624	1.897624	0.000000	0.491689	1	0.465438	0.491230	0.043149	0.000183	
1045000	-303.812006	1	2479	1.399741	0.444102	0.444102	0.444102	1.399741	2.782958	0.000000	1.399741	1	0.647495	0.314920	0.035963	0.001622	
1046000	-305.732000	1	2717	0.670723	0.670723	0.670723	0.670723	2.163768	2.163768	0.000000	0.670723	1	0.426051	0.538337	0.035361	0.000251	
1047000	-301.406520	1	2602	0.363923	0.363923	0.363923	0.363923	1.138637	3.214188	0.363923	1.138637	1	0.305633	0.199834	0.375144	0.119389	
1048000	-305.931233	1	934	0.449910	0.449910	0.449910	0.449910	1.997566	1.997566	0.449910	0.449910	1	0.247529	0.205420	0.446917	0.100133	
1049000	-305.956722	1	614	0.528941	0.528941	0.528941	0.528941	2.116713	2.116713	0.528941	0.528941	1	0.249190	0.232921	0.403444	0.114445	
1050000	-305.729428	1	2004	0.550350	0.550350	0.550350	0.550350	2.387814	2.387814	0.000000	0.550350	1	0.449089	0.503323	0.047326	0.000262	
1051000	-301.894467	1	713	0.494655	0.494655	0.494655	0.494655	1.342936	3.029553	0.494655	1.342936	1	0.296875	0.259849	0.301777	0.141498	
1052000	-306.271054	1	461	0.243889	0.243889	0.243889	0.243889	1.651132	1.651132	0.243889	1.651132	1	0.135766	0.102931	0.387768	0.373535	
1053000	-305.060332	1	1226	0.295022	0.295022	0.295022	0.295022	1.839568	1.839568	0.295022	1.839568	1	0.149018	0.126513	0.359048	0.365421	
1054000	-305.722839	1	2275	0.526172	0.526172	0.526172	0.526172	1.966270	1.966270	0.000000	0.526172	1	0.456987	0.502160	0.040660	0.000194	
1055000	-302.274655	1	1207	0.486627	0.486627	0.486627	0.486627	1.088377	3.119393	0.486627	1.088377	1	0.349740	0.267752	0.282890	0.099618	
1056000	-305.915989	1	1884	0.526432	0.526432	0.526432	0.526432	2.395925	2.395925	0.000000	0.526432	1	0.454212	0.495368	0.050159	0.000261	
1057000	-304.468664	1	1538	0.388354	0.388354	0.388354	0.388354	1.169640	2.190080	0.000000	1.169640	1	0.490890	0.492373	0.016353	0.000383	
1058000	-306.283998	1	287	0.434294	0.434294	0.434294	0.434294	1.810688	1.810688	0.434294	0.434294	1	0.256649	0.211687	0.433958	0.097706	
1059000	-301.894467	1	713	0.494655	0.494655	0.494655	0.494655	1.342936	3.029553	0.494655	1.342936	1	0.296875	0.259849	0.301777	0.141498	
1060000	-301.041336	1	1170	0.415154	0.415154	0.415154	0.415154	1.338547	3.062416	0.415154	1.338547	1	0.279734	0.219164	0.349625	0.151477	
1061000	-301.235193	1	1830	0.429827	0.429827	0.429827	0.429827	1.308978	2.741882	0.429827	1.308978	1	0.282534	0.234718	0.328880	0.153868	
1062000	-312.532869	1	2530	0.521204	0.521204	0.521204	0.521204	1.738600	1.738600	0.521204	0.521204	0	0.269756	0.260750	0.356789	0.112706	
1063000	-305.044562	1	210	0.342152	0.342152	0.342152	0.342152	2.005033	2.005033	0.342152	2.005033	1	0.158418	0.147696	0.336283	0.357603	
1064000	-305.323999	1	203	0.327923	0.327923	0.327923	0.327923	2.055014	2.055014	0.327923	2.055014	1	0.148843	0.135913	0.344602	0.370642	
1065000	-301.906368	1	480	0.490857	0.490857	0.490857	0.490857	1.336197	3.232583	0.490857	1.336197	1	0.301806	0.255146	0.307548	0.135500	
1066000	-303.494624	1	1332	0.559094	0.559094	0.559094	0.559094	1.225396	2.493144	0.559094	1.225396	1	0.312109	0.306682	0.249441	0.131768	
1067000	-306.005904	1	200	0.268847	0.268847	0.268847	0.268847	1.994305	1.994305	0.268847	1.994305	1	0.124078	0.100903	0.375710	0.399309	
1068000	-306.005681	1	2387	0.517586	0.517586	0.517586	0.517586	2.398592	2.398592	0.000000	0.517586	1	0.456129	0.492260	0.051350	0.000260	
1069000	-305.953182	1	1924	0.535407	0.535407	0.535407	0.535407	2.010454	2.010454	0.535407	0.535407	1	0.254725	0.243017	0.386657	0.115601	
1070000	-306.822353	1	2705	0.606325	0.606325	0.606325	0.606325	2.730323	2.730323	0.000000	0.606325	1	0.435635	0.515989	0.048053	0.000323	
1071000	-306.309956	1	921	0.498106	0.498106	0.498106	0.498106	2.427073	2.427073	0.000000	0.498106	1	0.460216	0.484799	0.054721	0.000263	
1072000	-302.274655	1	1207	0.486627	0.486627	0.486627	0.486627	1.088377	3.119393	0.486627	1.088377	1	0.349740	0.267752	0.282890	0.099618	
1073000	-306.256893	1	2088	0.540196	0.540196	0.540196	0.540196	1.774400	1.774400	0.000000	0.540196	1	0.454738	0.511186	0.033916	0.000160	
1074000	-305.876184	1	2700	0.557332	0.557332	0.557332	0.557332	1.853130	1.853130	0.000000	0.557332	1	0.450509	0.514616	0.034701	0.000175	
1075000	-307.630433	1	2804	0.457994	0.457994	0.457994	0.457994	1.501957	1.501957	0.457994	0.457994	1	0.283158	0.257337	0.357681	0.101824	
1076000	-302.274655	1	1207	0.486627	0.486627	0.486627	0.486627	1.088377	3.119393	0.486627	1.088377	1	0.349740	0.267752	0.282890	0.099618	
1077000	-306.178357	1	1841	0.423511	0.423511	0.423511	0.423511	2.023773	2.023773	0.423511	0.423511	1	0.241705	0.189711	0.473531	0.095053	
1078000	-305.836497	1	959	0.470309	0.470309	0.470309	0.470309	1.980685	1.980685	0.470309	0.470309	1	0.251140	0.216752	0.428184	0.103924	
1079000	-301.906368	1	480	0.490857	0.490857	0.490857	0.490857	1.336197	3.232583	0.490857	1.336197	1	0.301806	0.255146	0.307548	0.135500	
1080000	-307.823810	1	150	0.430162	0.430162	0.430162	0.430162	1.759750	1.759750	0.000000	0.430162	1	0.481301	0.468132	0.050399	0.000169	
1081000	-305.787078	1	2008	0.506124	0.506124	0.506124	0.506124	2.199053	2.199053	0.000000	0.506124	1	0.460034	0.490805	0.048930	0.000232	
1082000	-305.252733	1	1437	0.830341	0.246372	0.830341	0.246372	1.622847	1.622847	0.246372	1.622847	1	0.181748	0.275704	0.256073	0.286475	
1083000	-303.494624	1	1332	0.559094	0.559094	0.559094	0.559094	1.225396	2.493144	0.559094	1.225396	1	0.312109	0.306682	0.249441	0.131768	
1084000	-306.585354	1	1254	0.452828	0.452828	0.452828	0.452828	2.132735	2.132735	0.000000	0.452828	1	0.472596	0.469830	0.057346	0.000227	
1085000	-304.553496	1	411	0.447698	0.447698	0.447698	0.447698	1.693112	2.517699	0.447698	0.447698	1	0.301181	0.191884	0.436737	0.070198	
1086000	-309.214986	1	2505	0.479987	0.479987	0.479987	0.479987	1.329682	1.329682	0.479987	0.479987	1	0.300397	0.292998	0.302624	0.103981	
1087000	-305.478798	1	2850	0.606014	0.606014	0.606014	0.606014	2.015409	2.015409	0.000000	0.606014	1	0.439341	0.525088	0.035362	0.000209	
1088000	-304.178289	1	1940	0.838338	0.580808	0.580808	0.580808	2.548078	2.548078	0.000000	0.838338	1	0.492738	0.457723	0.048904	0.000635	
1089000	-302.364992	1	2855	0.691219	0.186834	0.691219	0.691219	1.962010	1.962010	0.186834	0.691219	1	0.359687	0.444418	0.143784	0.052111	
1090000	-306.089273	1	2027	0.509916	0.509916	0.509916	0.509916	1.813510	1.813510	0.509916	0.509916	1	0.264413	0.248749	0.375866	0.110973	
1091000	-306.222216	1	2167	0.422396	0.422396	0.422396	0.422396	1.924472	1.924472	0.422396	0.422396	1	0.247335	0.195988	0.461514	0.095163	
1092000	-306.359602	1	2258	0.511995	0.511995	0.511995	0.511995	2.344404	2.344404	0.511995	0.511995	1	0.238095	0.212670	0.438173	0.111061	
1093000	-301.894467	1	713	0.494655	0.494655	0.494655	0.494655	1.342936	3.029553	0.494655	1.342936	1	0.296875	0.259849	0.301777	0.141498	
1094000	-306.057881	1	2006	0.672585	0.672585	0.672585	0.672585	1.940449	1.940449	0.000000	0.672585	1	0.426506	0.542569	0.030717	0.000208	
1095000	-306.057305	1	2168	0.518503	0.518503	0.518503	0.518503	2.421406	2.421406	0.000000	0.518503	1	0.455777	0.492322	0.051637	0.000263	
1096000	-305.428963	1	611	0.623884	0.623884	0.623884	0.623884	2.166629	2.166629	0.000000	0.623884	1	0.435043	0.527155	0.037562	0.000240	
1097000	-305.391164	1	604	0.612981	0.612981	0.612981	0.612981	2.177275	2.177275	0.000000	0.612981	1	0.437179	0.524189	0.038393	0.000239	
1098000	-305.426427	1	526	0.581895	0.581895	0.581895	0.581895	2.273323	2.273323	0.000000	0.581895	1	0.443073	0.514288	0.042390	0.000249	
1099000	-306.061872	1	2298	0.458391	0.458391	0.458391	0.458391	2.192949	2.192949	0.458391	0.458391	1	0.238649	0.197284	0.462811	0.101255	
1100000	-305.838773	1	2975	0.551480	0.551480	0.551480	0.551480	1.869285	1.869285	0.000000	0.551480	1	0.451750	0.512461	0.035612	0.000177	
1101000	-304.246001	1	2600	0.628335	0.628335	0.628335	0.628335	1.150820	2.539657	0.000000	1.150820	1	0.444617	0.542363	0.012754	0.000266	
1102000	-302.878405	1	1208	0.534738	0.534738	0.534738	0.534738	1.329491	3.495426	0.534738	1.329491	1	0.315494	0.270121	0.289801	0.124584	
1103000	-302.756393	1	1788	0.475463	0.475463	0.475463	0.475463	1.471660	3.706873	0.000000	1.471660	1	0.471685	0.508533	0.019006	0.000776	
1104000	-301.906368	1	480	0.490857	0.490857	0.490857	0.490857	1.336197	3.232583	0.490857	1.336197	1	0.301806	0.255146	0.307548	0.135500	
1105000	-305.470576	1	112	0.333133	0.333133	0.333133	0.333133	2.096613	2.096613	0.333133	2.096613	1	0.148376	0.137109	0.342527	0.371988	
1106000	-306.339429	1	38	0.575162	0.575162	0.575162	0.575162	1.952733	1.952733	0.575162	0.575162	1	0.258753	0.262377	0.356340	0.122530	
1107000	-307.742347	1	562	0.665004	0.665004	0.665004	0.665004	1.944512	1.944512	0.665004	0.665004	1	0.257562	0.290678	0.313575	0.138185	
1108000	-307.711434	1	726	0.411437	0.411437	0.411437	0.411437	1.962645	1.962645	0.000000	0.411437	1	0.483386	0.452000	0.064403	0.000212	
1109000	-305.955786	1	382	0.471173	0.471173	0.471173	0.471173	2.165742	2.165742	0.471173	0.471173	1	0.241658	0.204919	0.449690	0.103734	
1110000	-306.881856	1	1307	0.539045	0.539045	0.539045	0.539045	2.463319	2.463319	0.539045	0.539045	1	0.235623	0.217112	0.431292	0.115973	
1111000	-303.757940	1	951	0.539229	0.401959	0.539229	0.539229	1.080185	3.131407	0.401959	0.539229	1	0.427826	0.281822	0.251785	0.038566	
1112000	-303.859917	1	1409	0.500889	0.500889	0.500889	0.500889	2.031206	2.031206	0.000000	0.747117	1	0.452619	0.513438	0.033628	0.000314	
1113000	-306.401525	1	671	0.474698	0.474698	0.474698	0.474698	1.707419	1.707419	0.474698	0.474698	1	0.268747	0.242532	0.383838	0.104883	
1114000	-303.812006	1	2479	1.399741	0.444102	0.444102	0.444102	1.399741	2.782958	0.000000	1.399741	1	0.647495	0.314920	0.035963	0.001622	
1115000	-302.583368	1	720	0.530245	0.530245	0.530245	0.530245	1.468851	2.759729	0.000000	1.468851	1	0.449493	0.531970	0.017895	0.000643	
1116000	-301.166606	1	1850	0.395188	0.395188	0.395188	0.395188	1.266692	2.624060	0.395188	1.266692	1	0.277279	0.220228	0.345739	0.156754	
1117000	-305.812893	1	585	0.480427	0.480427	0.480427	0.480427	2.043372	2.043372	0.480427	0.480427	1	0.248876	0.217076	0.428372	0.105676	
1118000	-305.563618	1	2234	0.622659	0.622659	0.622659	0.622659	2.330694	2.330694	0.000000	0.622659	1	0.434494	0.524494	0.040744	0.000268	
1119000	-305.720735	1	247	0.667167	0.667167	0.667167	0.667167	2.115019	2.115019	0.000000	0.667167	1	0.426908	0.538308	0.034543	0.000241	
1120000	-302.364992	1	2855	0.691219	0.186834	0.691219	0.691219	1.962010	1.962010	0.186834	0.691219	1	0.359687	0.444418	0.143784	0.052111	
1121000	-306.829503	1	592	0.709095	0.709095	0.709095	0.709095	2.589180	2.589180	0.000000	0.709095	1	0.417365	0.541097	0.041194	0.000345	
1122000	-305.862279	1	784	0.682006	0.682006	0.682006	0.682006	2.107151	2.107151	0.000000	0.682006	1	0.424194	0.541718	0.033844	0.000244	
1123000	-306.266410	1	1128	0.525909	0.525909	0.525909	0.525909	1.790426	1.790426	0.000000	0.525909	1	0.457984	0.506135	0.035717	0.000163	
1124000	-305.528711	1	2767	0.576654	0.576654	0.576654	0.576654	1.968464	1.968464	0.000000	0.576654	1	0.445747	0.517880	0.036176	0.000197	
1125000	-303.636402	1	1381	1.260122	0.343224	0.343224	0.343224	1.260122	2.775584	0.343224	1.260122	1	0.414889	0.137143	0.303258	0.144710	
1126000	-303.432812	1	220	1.083750	0.296794	0.296794	0.296794	1.083750	2.849540	0.296794	1.083750	1	0.441158	0.121078	0.323530	0.114234	
1127000	-304.175584	1	415	1.389681	0.548831	0.548831	0.548831	1.389681	2.811931	0.000000	1.389681	1	0.592155	0.378059	0.028641	0.001145	
1128000	-306.322129	1	1677	0.528559	0.528559	0.528559	0.528559	1.765103	1.765103	0.528559	0.528559	1	0.268308	0.261288	0.356368	0.114036	
1129000	-305.943742	1	950	0.454567	0.454567	0.454567	0.454567	2.095118	2.095118	0.454567	0.454567	1	0.242945	0.201273	0.455010	0.100772	
1130000	-305.403777	1	1189	0.600577	0.600577	0.600577	0.600577	2.064060	2.064060	0.000000	0.600577	1	0.440249	0.522764	0.036770	0.000217	
1131000	-305.523535	1	2779	0.572529	0.572529	0.572529	0.572529	1.972538	1.972538	0.000000	0.572529	1	0.446620	0.516605	0.036578	0.000197	
1132000	-306.759519	1	2816	0.501743	0.501743	0.501743	0.501743	2.571713	2.571713	0.000000	0.501743	1	0.458428	0.484762	0.056529	0.000281	
1133000	-306.194312	1	277	0.474262	0.474262	0.474262	0.474262	2.145576	2.145576	0.000000	0.474262	1	0.467646	0.479103	0.053026	0.000226	
1134000	-305.415422	1	1688	0.570927	0.570927	0.570927	0.570927	2.043862	2.043862	0.000000	0.570927	1	0.446618	0.514783	0.038389	0.000210	
1135000	-301.894467	1	713	0.494655	0.494655	0.494655	0.494655	1.342936	3.029553	0.494655	1.342936	1	0.296875	0.259849	0.301777	0.141498	
1136000	-306.204661	1	2153	0.421556	0.421556	0.421556	0.421556	2.031597	2.031597	0.421556	0.421556	1	0.240900	0.188134	0.476317	0.094649	
1137000	-305.881339	1	2235	0.494007	0.494007	0.494007	0.494007	2.138287	2.138287	0.494007	0.494007	1	0.245492	0.216934	0.429542	0.108032	
1138000	-305.060332	1	1226	0.295022	0.295022	0.295022	0.295022	1.839568	1.839568	0.295022	1.839568	1	0.149018	0.126513	0.359048	0.365421	
1139000	-305.556739	1	1719	0.620992	0.620992	0.620992	0.620992	2.001191	2.001191	0.000000	0.620992	1	0.436341	0.529228	0.034222	0.000209	
1140000	-303.781811	1	1625	0.649850	0.649850	0.649850	0.649850	1.468267	2.804783	0.000000	1.468267	1	0.427283	0.555732	0.016425	0.000560	
1141000	-307.648854	1	2348	0.390800	0.390800	0.390800	0.390800	2.428900	2.428900	0.390800	0.390800	1	0.214983	0.151579	0.546384	0.087053	
1142000	-301.041336	1	1170	0.415154	0.415154	0.415154	0.415154	1.338547	3.062416	0.415154	1.338547	1	0.279734	0.219164	0.349625	0.151477	
1143000	-306.822353	1	2705	0.606325	0.606325	0.606325	0.606325	2.730323	2.730323	0.000000	0.606325	1	0.435635	0.515989	0.048053	0.000323	
1144000	-306.204921	1	2961	0.533497	0.533497	0.533497	0.533497	1.793778	1.793778	0.000000	0.533497	1	0.456202	0.508550	0.035085	0.000163	
1145000	-303.130959	1	2121	0.815390	0.219691	0.815390	0.219691	2.016339	2.016339	0.219691	0.815390	1	0.167232	0.235307	0.398935	0.198525	
1146000	-305.385384	1	633	0.560439	0.560439	0.560439	0.560439	2.141127	2.141127	0.000000	0.560439	1	0.448367	0.509955	0.041453	0.000225	
1147000	-305.542321	1	1542	0.347768	0.347768	0.347768	0.347768	2.126395	2.126395	0.347768	2.126395	1	0.152552	0.144780	0.335631	0.367037	
1148000	-302.583368	1	720	0.530245	0.530245	0.530245	0.530245	1.468851	2.759729	0.000000	1.468851	1	0.449493	0.531970	0.017895	0.000643	
1149000	-301.894467	1	713	0.494655	0.494655	0.494655	0.494655	1.342936	3.029553	0.494655	1.342936	1	0.296875	0.259849	0.301777	0.141498	
1150000	-303.787618	1	2081	1.103753	0.361091	0.361091	0.361091	2.266283	2.266283	0.361091	1.103753	1	0.276445	0.116956	0.371868	0.234730	
1151000	-306.732206	1	2222	0.447120	0.447120	0.447120	0.447120	2.032329	2.032329	0.000000	0.447120	1	0.474782	0.469090	0.055915	0.000213	
1152000	-306.531924	1	1514	0.422139	0.422139	0.422139	0.422139	1.766300	1.766300	0.422139	0.422139	1	0.257695	0.208750	0.437949	0.095605	
1153000	-305.421104	1	2963	0.579931	0.579931	0.579931	0.579931	2.032686	2.032686	0.000000	0.579931	1	0.444740	0.517598	0.037453	0.000209	
1154000	-305.406662	1	1562	0.616407	0.616407	0.616407	0.616407	2.194642	2.194642	0.000000	0.616407	1	0.436406	0.524813	0.038538	0.000243	
1155000	-306.161142	1	2178	0.490934	0.490934	0.490934	0.490934	2.327082	2.327082	0.000000	0.490934	1	0.462518	0.483205	0.054027	0.000250	
1156000	-306.087206	1	233	0.647593	0.647593	0.647593	0.647593	1.863826	1.863826	0.000000	0.647593	1	0.431519	0.538384	0.029910	0.000188	
1157000	-305.817540	1	2135	0.672706	0.672706	0.672706	0.672706	2.063852	2.063852	0.000000	0.672706	1	0.426069	0.540393	0.033306	0.000232	
1158000	-303.130959	1	2121	0.815390	0.219691	0.815390	0.219691	2.016339	2.016339	0.219691	0.815390	1	0.167232	0.235307	0.398935	0.198525	
1159000	-306.071352	1	289	0.497426	0.497426	0.497426	0.497426	2.244385	2.244385	0.497426	0.497426	1	0.240955	0.212064	0.438481	0.108499	
1160000	-304.592209	1	2381	0.525695	0.190437	0.525695	0.190437	1.477998	1.477998	0.190437	1.477998	1	0.163312	0.188475	0.323872	0.324342	
1161000	-305.824039	1	1992	0.531511	0.531511	0.531511	0.531511	1.906490	1.906490	0.000000	0.531511	1	0.456099	0.505240	0.038477	0.000183	
1162000	-306.053637	1	230	0.547421	0.547421	0.547421	0.547421	1.976222	1.976222	0.547421	0.547421	1	0.256957	0.250316	0.375027	0.117700	
1163000	-303.494624	1	1332	0.559094	0.559094	0.559094	0.559094	1.225396	2.493144	0.559094	1.225396	1	0.312109	0.306682	0.249441	0.131768	
1164000	-301.041336	1	1170	0.415154	0.415154	0.415154	0.415154	1.338547	3.062416	0.415154	1.338547	1	0.279734	0.219164	0.349625	0.151477	
1165000	-305.401046	1	1334	0.307665	0.307665	0.307665	0.307665	2.023886	2.023886	0.307665	2.023886	1	0.141688	0.124525	0.354874	0.378913	
1166000	-307.101390	1	928	0.440704	0.440704	0.440704	0.440704	1.895702	1.895702	0.000000	0.440704	1	0.477520	0.469267	0.053022	0.000191	
1167000	-306.044477	1	1501	0.701812	0.701812	0.701812	0.701812	2.155019	2.155019	0.000000	0.701812	1	0.420457	0.545160	0.034124	0.000259	
1168000	-305.642525	1	2550	0.615665	0.615665	0.615665	0.615665	1.949518	1.949518	0.000000	0.615665	1	0.437627	0.528846	0.033329	0.000198	
1169000	-305.585158	1	1168	0.639959	0.639959	0.639959	0.639959	2.291736	2.291736	0.000000	0.639959	1	0.431309	0.529310	0.039115	0.000266	
1170000	-302.274655	1	1207	0.486627	0.486627	0.486627	0.486627	1.088377	3.119393	0.486627	1.088377	1	0.349740	0.267752	0.282890	0.099618	
1171000	-306.055344	1	1738	1.260091	0.255052	1.260091	0.255052	1.260091	2.773559	0.255052	1.260091	1	0.227920	0.383521	0.244330	0.144228	
1172000	-301.906368	1	480	0.490857	0.490857	0.490857	0.490857	1.336197	3.232583	0.490857	1.336197	1	0.301806	0.255146	0.307548	0.135500	
1173000	-305.349133	1	2848	0.586175	0.586175	0.586175	0.586175	2.129825	2.129825	0.000000	0.586175	1	0.442935	0.517682	0.039156	0.000226	
1174000	-306.344318	1	854	0.411435	0.411435	0.411435	0.411435	1.957036	1.957036	0.411435	0.411435	1	0.243258	0.187463	0.476339	0.092940	
1175000	-303.234975	1	2477	0.430705	0.430705	0.430705	0.430705	0.928426	3.479873	0.430705	0.928426	1	0.398826	0.235425	0.294117	0.071631	
1176000	-303.757940	1	951	0.539229	0.401959	0.539229	0.539229	1.080185	3.131407	0.401959	0.539229	1	0.427826	0.281822	0.251785	0.038566	
1177000	-307.348251	1	974	0.441758	0.441758	0.441758	0.441758	2.533833	2.533833	0.441758	0.441758	1	0.221718	0.173335	0.507885	0.097062	
1178000	-305.565770	1	944	0.531121	0.531121	0.531121	0.531121	2.055482	2.055482	0.000000	0.531121	1	0.455337	0.502071	0.042383	0.000209	
1179000	-301.166606	1	1850	0.395188	0.395188	0.395188	0.395188	1.266692	2.624060	0.395188	1.266692	1	0.277279	0.220228	0.345739	0.156754	
1180000	-303.267258	1	1017	1.161686	0.402186	0.402186	0.402186	1.161686	3.191476	0.000000	1.161686	1	0.674501	0.293846	0.030722	0.000931	
1181000	-304.315244	1	360	0.951745	0.417552	0.417552	0.417552	0.951745	2.381957	0.000000	0.951745	1	0.646397	0.330706	0.022512	0.000385	
1182000	-305.815424	1	1544	0.262038	0.262038	0.262038	0.262038	1.586171	1.586171	0.262038	1.586171	1	0.153692	0.120997	0.373486	0.351825	
1183000	-301.041336	1	1170	0.415154	0.415154	0.415154	0.415154	1.338547	3.062416	0.415154	1.338547	1	0.279734	0.219164	0.349625	0.151477	
1184000	-302.690510	1	218	0.540773	0.540773	0.540773	0.540773	1.595855	3.085038	0.000000	1.595855	1	0.444902	0.534719	0.019530	0.000850	
1185000	-305.436171	1	774	0.625153	0.625153	0.625153	0.625153	2.182043	2.182043	0.000000	0.625153	1	0.434720	0.527237	0.037800	0.000243	
1186000	-305.933117	1	449	0.451695	0.451695	0.451695	0.451695	2.056986	2.056986	0.451695	0.451695	1	0.244532	0.202293	0.452850	0.100324	
1187000	-306.328729	1	1995	0.719446	0.719446	0.719446	0.719446	2.324727	2.324727	0.000000	0.719446	1	0.416735	0.546306	0.036659	0.000300	
1188000	-305.079926	1	1605	0.300992	0.300992	0.300992	0.300992	1.893519	1.893519	0.300992	1.893519	1	0.147794	0.127265	0.356622	0.368319	
1189000	-306.578831	1	932	0.457239	0.457239	0.457239	0.457239	1.678349	1.678349	0.457239	0.457239	1	0.269045	0.236599	0.392435	0.101921	
1190000	-305.839401	1	2325	0.260163	0.260163	0.260163	0.260163	1.849013	1.849013	0.260163	1.849013	1	0.129270	0.102364	0.379943	0.388423	
1191000	-301.235193	1	1830	0.429827	0.429827	0.429827	0.429827	1.308978	2.741882	0.429827	1.308978	1	0.282534	0.234718	0.328880	0.153868	
1192000	-306.111195	1	2246	0.508937	0.508937	0.508937	0.508937	1.803895	1.803895	0.508937	0.508937	1	0.264950	0.249203	0.375054	0.110793	
1193000	-302.714298	1	1853	0.504365	0.504365	0.504365	0.504365	1.460455	2.596222	0.000000	1.460455	1	0.453700	0.527530	0.018131	0.000640	
1194000	-306.219310	1	2102	0.491689	0.491689	0.491689	0.491689	1.897624	1.897624	0.000000	0.491689	1	0.465438	0.491230	0.043149	0.000183	
1195000	-302.711536	1	1537	0.532609	0.532609	0.532609	0.532609	1.373915	3.553725	0.000000	1.373915	1	0.463425	0.519326	0.016679	0.000571	
1196000	-304.262262	1	2985	1.047909	0.480818	0.480818	0.480818	1.047909	2.488200	0.480818	1.047909	1	0.441108	0.236280	0.224216	0.098396	
1197000	-305.199393	1	199	0.282537	0.282537	0.282537	0.282537	1.768549	1.768549	0.282537	1.768549	1	0.148306	0.122482	0.365086	0.364126	
1198000	-303.757940	1	951	0.539229	0.401959	0.539229	0.539229	1.080185	3.131407	0.401959	0.539229	1	0.427826	0.281822	0.251785	0.038566	
1199000	-304.263165	1	418	0.526296	0.526296	0.526296	0.262197	1.909040	1.909040	0.262197	0.526296	1	0.236972	0.198787	0.445586	0.118655	
1200000	-306.331539	1	120	0.517914	0.517914	0.517914	0.517914	1.788953	1.788953	0.000000	0.517914	1	0.459870	0.503468	0.036500	0.000163	
1201000	-305.452744	1	2731	0.562814	0.562814	0.562814	0.562814	2.263205	2.263205	0.000000	0.562814	1	0.447162	0.508812	0.043781	0.000245	
1202000	-306.245718	1	1684	0.542573	0.542573	0.542573	0.542573	1.825595	1.825595	0.542573	0.542573	1	0.265094	0.261243	0.357092	0.116571	
1203000	-303.008353	1	2475	0.431085	0.431085	0.431085	0.431085	1.683310	3.192151	0.000000	1.683310	1	0.466935	0.508256	0.023568	0.001242	
1204000	-305.331479	1	489	0.294011	0.294011	0.294011	0.294011	1.946437	1.946437	0.294011	1.946437	1	0.140373	0.119659	0.361403	0.378565	
1205000	-306.822358	1	2470	0.387002	0.387002	0.387002	0.387002	1.889871	1.889871	0.387002	0.387002	1	0.242085	0.177704	0.491839	0.088372	
1206000	-305.460521	1	52	0.554722	0.554722	0.554722	0.554722	2.039094	2.039094	0.000000	0.554722	1	0.450175	0.509982	0.039635	0.000207	
1207000	-306.327222	1	1829	0.269230	0.269230	0.269230	0.269230	2.076821	2.076821	0.269230	2.076821	1	0.119277	0.097618	0.375537	0.407568	
1208000	-305.513770	1	427	0.334103	0.334103	0.334103	0.334103	2.107222	2.107222	0.334103	2.107222	1	0.148111	0.137197	0.342181	0.372511	
1209000	-304.963156	1	1852	0.320408	0.320408	0.320408	0.320408	1.935875	1.935875	0.320408	1.935875	1	0.153906	0.137631	0.346516	0.361947	
1210000	-306.119387	1	1489	0.478438	0.478438	0.478438	0.478438	2.256901	2.256901	0.478438	0.478438	1	0.238347	0.203045	0.453701	0.104907	
1211000	-306.680529	1	1417	0.518187	0.518187	0.518187	0.518187	1.662358	1.662358	0.518187	0.518187	1	0.274681	0.267461	0.345877	0.111981	
1212000	-302.246564	1	2910	0.510213	0.510213	0.510213	0.510213	1.243822	2.757366	0.510213	1.243822	1	0.310361	0.278635	0.279704	0.131300	
1213000	-302.246564	1	2910	0.510213	0.510213	0.510213	0.510213	1.243822	2.757366	0.510213	1.243822	1	0.310361	0.278635	0.279704	0.131300	
1214000	-308.379497	1	913	0.370484	0.370484	1.016375	0.370484	1.016375	3.600675	0.000000	1.016375	1	0.237569	0.752154	0.010083	0.000195	
1215000	-303.607284	1	392	1.143398	0.330596	0.330596	0.330596	1.143398	2.397077	0.330596	1.143398	1	0.428830	0.142071	0.293718	0.135381	
1216000	-301.235193	1	1830	0.429827	0.429827	0.429827	0.429827	1.308978	2.741882	0.429827	1.308978	1	0.282534	0.234718	0.328880	0.153868	
1217000	-305.381301	1	1991	0.563527	0.563527	0.563527	0.563527	2.173028	2.173028	0.000000	0.563527	1	0.447522	0.510378	0.041869	0.000231	
1218000	-301.041336	1	1170	0.415154	0.415154	0.415154	0.415154	1.338547	3.062416	0.415154	1.338547	1	0.279734	0.219164	0.349625	0.151477	
1219000	-305.927499	1	2207	0.493964	0.493964	0.493964	0.493964	2.052345	2.052345	0.000000	0.493964	1	0.463835	0.488760	0.047195	0.000209	
1220000	-301.894467	1	713	0.494655	0.494655	0.494655	0.494655	1.342936	3.029553	0.494655	1.342936	1	0.296875	0.259849	0.301777	0.141498	
1221000	-302.878405	1	1208	0.534738	0.534738	0.534738	0.534738	1.329491	3.495426	0.534738	1.329491	1	0.315494	0.270121	0.289801	0.124584	
1222000	-305.528711	1	2767	0.576654	0.576654	0.576654	0.576654	1.968464	1.968464	0.000000	0.576654	1	0.445747	0.517880	0.036176	0.000197	
1223000	-305.522364	1	159	0.532782	0.532782	0.532782	0.532782	2.140355	2.140355	0.000000	0.532782	1	0.454447	0.501131	0.044199	0.000223	
1224000	-302.274655	1	1207	0.486627	0.486627	0.486627	0.486627	1.088377	3.119393	0.486627	1.088377	1	0.349740	0.267752	0.282890	0.099618	
1225000	-302.274655	1	1207	0.486627	0.486627	0.486627	0.486627	1.088377	3.119393	0.486627	1.088377	1	0.349740	0.267752	0.282890	0.099618	
1226000	-301.906368	1	480	0.490857	0.490857	0.490857	0.490857	1.336197	3.232583	0.490857	1.336197	1	0.301806	0.255146	0.307548	0.135500	
1227000	-303.130959	1	2121	0.815390	0.219691	0.815390	0.219691	2.016339	2.016339	0.219691	0.815390	1	0.167232	0.235307	0.398935	0.198525	
1228000	-302.756393	1	1788	0.475463	0.475463	0.475463	0.475463	1.471660	3.706873	0.000000	1.471660	1	0.471685	0.508533	0.019006	0.000776	
1229000	-303.267258	1	1017	1.161686	0.402186	0.402186	0.402186	1.161686	3.191476	0.000000	1.161686	1	0.674501	0.293846	0.030722	0.000931	
1230000	-305.859633	1	2353	0.527469	0.527469	0.527469	0.527469	2.376433	2.376433	0.000000	0.527469	1	0.454112	0.495955	0.049675	0.000258	
1231000	-307.255875	1	49	0.782121	0.782121	0.782121	0.782121	2.084367	2.084367	0.000000	0.782121	1	0.407385	0.561408	0.030932	0.000275	
1232000	-311.918473	1	759	0.550612	0.550612	0.550612	0.550612	1.878520	1.878520	0.000000	0.550612	0	0.451918	0.511940	0.035962	0.000179	
1233000	-306.591422	1	2840	0.578631	0.578631	0.578631	0.578631	2.264615	2.264615	0.578631	0.578631	1	0.244759	0.241660	0.390048	0.123533	
1234000	-304.388331	1	1233	0.294287	0.294287	0.751672	0.294287	1.636776	1.636776	0.294287	1.636776	1	0.114829	0.325069	0.274809	0.285293	
1235000	-302.583368	1	720	0.530245	0.530245	0.530245	0.530245	1.468851	2.759729	0.000000	1.468851	1	0.449493	0.531970	0.017895	0.000643	
1236000	-305.899410	1	853	0.505582	0.505582	0.505582	0.505582	1.903270	1.903270	0.505582	0.505582	1	0.258798	0.239036	0.391880	0.110286	
1237000	-305.766423	1	479	0.279141	0.279141	0.279141	0.279141	1.993531	1.993531	0.279141	1.993531	1	0.129544	0.107577	0.370077	0.392802	
1238000	-305.259129	1	1547	0.286378	0.286378	0.286378	0.286378	1.864923	1.864923	0.286378	1.864923	1	0.142492	0.119130	0.364619	0.373759	
1239000	-301.235193	1	1830	0.429827	0.429827	0.429827	0.429827	1.308978	2.741882	0.429827	1.308978	1	0.282534	0.234718	0.328880	0.153868	
1240000	-301.166606	1	1850	0.395188	0.395188	0.395188	0.395188	1.266692	2.624060	0.395188	1.266692	1	0.277279	0.220228	0.345739	0.156754	
1241000	-301.406520	1	2602	0.363923	0.363923	0.363923	0.363923	1.138637	3.214188	0.363923	1.138637	1	0.305633	0.199834	0.375144	0.119389	
1242000	-301.041336	1	1170	0.415154	0.415154	0.415154	0.415154	1.338547	3.062416	0.415154	1.338547	1	0.279734	0.219164	0.349625	0.151477	
1243000	-305.806787	1	1962	0.486065	0.486065	0.486065	0.486065	1.987382	1.987382	0.486065	0.486065	1	0.252454	0.223681	0.417091	0.106773	
1244000	-306.089260	1	2407	0.527193	0.527193	0.527193	0.527193	2.215024	2.215024	0.527193	0.527193	1	0.244632	0.225984	0.415321	0.114063	
1245000	-305.764447	1	2136	0.594879	0.594879	0.594879	0.594879	1.883698	1.883698	0.000000	0.594879	1	0.442205	0.524695	0.032917	0.000183	
1246000	-306.453256	1	2370	0.662128	0.662128	0.662128	0.662128	1.803958	1.803958	0.000000	0.662128	1	0.428851	0.542968	0.028002	0.000178	
1247000	-301.894467	1	713	0.494655	0.494655	0.494655	0.494655	1.342936	3.029553	0.494655	1.342936	1	0.296875	0.259849	0.301777	0.141498	
1248000	-302.756393	1	1788	0.475463	0.475463	0.475463	0.475463	1.471660	3.706873	0.000000	1.471660	1	0.471685	0.508533	0.019006	0.000776	
1249000	-305.868636	1	1005	0.542896	0.542896	0.542896	0.542896	1.870572	1.870572	0.000000	0.542896	1	0.453684	0.509743	0.036396	0.000177	
1250000	-305.726708	1	2486	0.662874	0.662874	0.662874	0.662874	2.068156	2.068156	0.000000	0.662874	1	0.427895	0.538110	0.033764	0.000231	
1251000	-304.171284	1	1034	0.913047	0.389153	0.913047	0.389153	0.913047	2.744877	0.389153	0.913047	1	0.325040	0.398900	0.191256	0.084804	
1252000	-306.777156	1	2221	0.440173	0.440173	0.440173	0.440173	2.395453	2.395453	0.440173	0.440173	1	0.226811	0.178302	0.497721	0.097167	
1253000	-305.380844	1	2674	0.564211	0.564211	0.564211	0.564211	2.177278	2.177278	0.000000	0.564211	1	0.447351	0.510518	0.041899	0.000231	
1254000	-305.578022	1	863	0.639343	0.639343	0.639343	0.639343	2.050809	2.050809	0.000000	0.639343	1	0.432490	0.532886	0.034402	0.000222	
1255000	-306.469122	1	1816	0.243166	0.243166	0.243166	0.243166	1.893175	1.893175	0.243166	1.893175	1	0.116308	0.088931	0.389988	0.404773	
1256000	-304.263165	1	418	0.526296	0.526296	0.526296	0.262197	1.909040	1.909040	0.262197	0.526296	1	0.236972	0.198787	0.445586	0.118655	
1257000	-305.812801	1	25	0.501217	0.501217	0.501217	0.501217	2.035221	2.035221	0.501217	0.501217	1	0.251271	0.227001	0.412261	0.109467	
1258000	-306.494715	1	1682	0.588196	0.588196	0.588196	0.588196	2.135332	2.135332	0.588196	0.588196	1	0.250287	0.253137	0.371383	0.125193	
1259000	-305.171982	1	1216	0.284736	0.284736	0.284736	0.284736	1.654118	1.654118	0.284736	1.654118	1	0.160186	0.132288	0.360351	0.347174	
1260000	-305.818449	1	2296	0.501275	0.501275	0.501275	0.501275	1.983953	1.983953	0.501275	0.501275	1	0.253984	0.230779	0.405727	0.109510	
1261000	-303.781811	1	1625	0.649850	0.649850	0.649850	0.649850	1.468267	2.804783	0.000000	1.468267	1	0.427283	0.555732	0.016425	0.000560	
1262000	-305.901390	1	330	0.254565	0.254565	0.254565	0.254565	1.672579	1.672579	0.254565	1.672579	1	0.140534	0.109149	0.381012	0.369305	
1263000	-305.810656	1	2965	0.666827	0.666827	0.666827	0.666827	2.328914	2.328914	0.000000	0.666827	1	0.426062	0.535102	0.038556	0.000281	
1264000	-305.156019	1	715	0.334384	0.334384	0.334384	0.334384	2.024093	2.024093	0.334384	2.024093	1	0.153762	0.141672	0.340719	0.363846	
1265000	-306.605235	1	2846	0.394992	0.394992	0.394992	0.394992	1.984716	1.984716	0.394992	0.394992	1	0.238067	0.176029	0.496333	0.089571	
1266000	-301.906368	1	480	0.490857	0.490857	0.490857	0.490857	1.336197	3.232583	0.490857	1.336197	1	0.301806	0.255146	0.307548	0.135500	
1267000	-305.699154	1	1958	0.650628	0.650628	0.650628	0.650628	2.330098	2.330098	0.000000	0.650628	1	0.429089	0.531346	0.039289	0.000276	
1268000	-306.919387	1	861	0.417784	0.417784	0.417784	0.417784	1.676144	1.676144	0.417784	0.417784	1	0.263577	0.214796	0.426559	0.095068	
1269000	-301.235193	1	1830	0.429827	0.429827	0.429827	0.429827	1.308978	2.741882	0.429827	1.308978	1	0.282534	0.234718	0.328880	0.153868	
1270000	-301.894467	1	713	0.494655	0.494655	0.494655	0.494655	1.342936	3.029553	0.494655	1.342936	1	0.296875	0.259849	0.301777	0.141498	
1271000	-303.130959	1	2121	0.815390	0.219691	0.815390	0.219691	2.016339	2.016339	0.219691	0.815390	1	0.167232	0.235307	0.398935	0.198525	
1272000	-304.503996	1	723	0.397320	0.397320	0.898161	0.397320	0.898161	2.315673	0.397320	0.898161	1	0.219313	0.473274	0.207510	0.099903	
1273000	-306.744186	1	445	0.583752	0.583752	0.583752	0.583752	1.673069	1.673069	0.000000	0.583752	1	0.445252	0.526571	0.028034	0.000143	
1274000	-305.875938	1	2188	0.472494	0.472494	0.472494	0.472494	1.918041	1.918041	0.472494	0.472494	1	0.254979	0.222575	0.418037	0.104409	
1275000	-302.583368	1	720	0.530245	0.530245	0.530245	0.530245	1.468851	2.759729	0.000000	1.468851	1	0.449493	0.531970	0.017895	0.000643	
1276000	-302.246564	1	2910	0.510213	0.510213	0.510213	0.510213	1.243822	2.757366	0.510213	1.243822	1	0.310361	0.278635	0.279704	0.131300	
1277000	-301.041336	1	1170	0.415154	0.415154	0.415154	0.415154	1.338547	3.062416	0.415154	1.338547	1	0.279734	0.219164	0.349625	0.151477	
1278000	-306.185642	1	1948	0.467114	0.467114	0.467114	0.467114	2.267782	2.267782	0.467114	0.467114	1	0.236425	0.197291	0.463551	0.102733	
1279000	-301.041336	1	1170	0.415154	0.415154	0.415154	0.415154	1.338547	3.062416	0.415154	1.338547	1	0.279734	0.219164	0.349625	0.151477	
1280000	-306.377011	1	395	0.624479	0.624479	0.624479	0.624479	2.619986	2.619986	0.000000	0.624479	1	0.432661	0.521671	0.045355	0.000314	
1281000	-303.432812	1	220	1.083750	0.296794	0.296794	0.296794	1.083750	2.849540	0.296794	1.083750	1	0.441158	0.121078	0.323530	0.114234	
1282000	-304.853263	1	208	0.328550	0.328550	0.328550	0.328550	1.920739	1.920739	0.328550	1.920739	1	0.158776	0.143892	0.341686	0.355647	
1283000	-305.970158	1	1674	0.508084	0.508084	0.508084	0.508084	2.185997	2.185997	0.508084	0.508084	1	0.244521	0.220000	0.424912	0.110567	
1284000	-301.041336	1	1170	0.415154	0.415154	0.415154	0.415154	1.338547	3.062416	0.415154	1.338547	1	0.279734	0.219164	0.349625	0.151477	
1285000	-306.077069	1	124	0.432734	0.432734	0.432734	0.432734	1.979674	1.979674	0.432734	0.432734	1	0.245857	0.197685	0.459503	0.096955	
1286000	-305.252733	1	1437	0.830341	0.246372	0.830341	0.246372	1.622847	1.622847	0.246372	1.622847	1	0.181748	0.275704	0.256073	0.286475	
1287000	-303.706123	1	1854	0.539357	0.539357	0.539357	0.539357	1.456586	2.266310	0.000000	1.456586	1	0.442704	0.539448	0.017288	0.000560	
1288000	-305.865830	1	1393	0.673983	0.673983	0.673983	0.673983	2.327215	2.327215	0.000000	0.673983	1	0.424753	0.536727	0.038237	0.000283	
1289000	-306.072482	1	2591	0.540293	0.540293	0.540293	0.540293	1.905013	1.905013	0.540293	0.540293	1	0.260508	0.253346	0.369798	0.116348	
1290000	-305.655496	1	1173	0.263441	0.263441	0.263441	0.263441	1.780118	1.780118	0.263441	1.780118	1	0.136530	0.108509	0.377187	0.377775	
1291000	-305.670588	1	17	0.651534	0.651534	0.651534	0.651534	2.305625	2.305625	0.000000	0.651534	1	0.429031	0.531886	0.038812	0.000271	
1292000	-301.235193	1	1830	0.429827	0.429827	0.429827	0.429827	1.308978	2.741882	0.429827	1.308978	1	0.282534	0.234718	0.328880	0.153868	
1293000	-305.969084	1	2270	0.498581	0.498581	0.498581	0.498581	2.193693	2.193693	0.498581	0.498581	1	0.243334	0.215511	0.432358	0.108797	
1294000	-305.371363	1	2822	0.602575	0.602575	0.602575	0.602575	2.116546	2.116546	0.000000	0.602575	1	0.439590	0.522408	0.037775	0.000227	
1295000	-301.235193	1	1830	0.429827	0.429827	0.429827	0.429827	1.308978	2.741882	0.429827	1.308978	1	0.282534	0.234718	0.328880	0.153868	
1296000	-303.607284	1	392	1.143398	0.330596	0.330596	0.330596	1.143398	2.397077	0.330596	1.143398	1	0.428830	0.142071	0.293718	0.135381	
1297000	-301.894467	1	713	0.494655	0.494655	0.494655	0.494655	1.342936	3.029553	0.494655	1.342936	1	0.296875	0.259849	0.301777	0.141498	
1298000	-301.235193	1	1830	0.429827	0.429827	0.429827	0.429827	1.308978	2.741882	0.429827	1.308978	1	0.282534	0.234718	0.328880	0.153868	
1299000	-308.066586	1	1240	0.738987	0.738987	0.738987	0.738987	2.812713	2.812713	0.000000	0.738987	1	0.411398	0.544773	0.043427	0.000401	
1300000	-307.730505	1	2204	0.784880	0.784880	0.784880	0.784880	1.907521	1.907521	0.000000	0.784880	1	0.407383	0.564938	0.027445	0.000234	
1301000	-306.544824	1	1400	0.414887	0.414887	0.414887	0.414887	1.793687	1.793687	0.414887	0.414887	1	0.254475	0.202127	0.449219	0.094180	
1302000	-306.028679	1	2987	0.439609	0.439609	0.439609	0.439609	1.947151	1.947151	0.439609	0.439609	1	0.248884	0.203684	0.449094	0.098338	
1303000	-304.972571	1	1171	0.293992	0.293992	0.293992	0.293992	1.708713	1.708713	0.293992	1.708713	1	0.159957	0.134739	0.356206	0.349098	
1304000	-302.878405	1	1208	0.534738	0.534738	0.534738	0.534738	1.329491	3.495426	0.534738	1.329491	1	0.315494	0.270121	0.289801	0.124584	
1305000	-302.714298	1	1853	0.504365	0.504365	0.504365	0.504365	1.460455	2.596222	0.000000	1.460455	1	0.453700	0.527530	0.018131	0.000640	
1306000	-301.235193	1	1830	0.429827	0.429827	0.429827	0.429827	1.308978	2.741882	0.429827	1.308978	1	0.282534	0.234718	0.328880	0.153868	
1307000	-305.474677	1	2297	0.558524	0.558524	0.558524	0.558524	2.268792	2.268792	0.000000	0.558524	1	0.448048	0.507423	0.044283	0.000245	
1308000	-305.815424	1	1544	0.262038	0.262038	0.262038	0.262038	1.586171	1.586171	0.262038	1.586171	1	0.153692	0.120997	0.373486	0.351825	
1309000	-303.787618	1	2081	1.103753	0.361091	0.361091	0.361091	2.266283	2.266283	0.361091	1.103753	1	0.276445	0.116956	0.371868	0.234730	
1310000	-302.364992	1	2855	0.691219	0.186834	0.691219	0.691219	1.962010	1.962010	0.186834	0.691219	1	0.359687	0.444418	0.143784	0.052111	
1311000	-306.415963	1	1192	0.721727	0.721727	0.721727	0.721727	2.367171	2.367171	0.000000	0.721727	1	0.416174	0.546205	0.037312	0.000309	
1312000	-305.334455	1	714	0.276875	0.276875	0.276875	0.276875	1.654856	1.654856	0.276875	1.654856	1	0.155617	0.126533	0.365614	0.352236	
1313000	-305.275905	1	430	0.280738	0.280738	0.280738	0.280738	1.634880	1.634880	0.280738	1.634880	1	0.159854	0.130902	0.362328	0.346915	
1314000	-302.651021	1	794	0.453493	0.453493	0.453493	0.453493	1.341618	2.590446	0.000000	1.341618	1	0.470931	0.510911	0.017612	0.000546	
1315000	-306.401998	1	2228	0.473032	0.473032	0.473032	0.473032	1.708032	1.708032	0.473032	0.473032	1	0.268549	0.241642	0.385207	0.104602	
1316000	-309.273006	1	1848	0.559041	0.559041	0.559041	0.559041	0.559041	2.925824	0.559041	0.559041	1	0.588947	0.247344	0.134829	0.028880	
1317000	-304.972571	1	1171	0.293992	0.293992	0.293992	0.293992	1.708713	1.708713	0.293992	1.708713	1	0.159957	0.134739	0.356206	0.349098	
1318000	-306.213561	1	441	0.542255	0.542255	0.542255	0.542255	1.837934	1.837934	0.542255	0.542255	1	0.264365	0.259990	0.359097	0.116548	
1319000	-306.047219	1	2182	0.667060	0.667060	0.667060	0.667060	2.448853	2.448853	0.000000	0.667060	1	0.425466	0.533659	0.040573	0.000302	
1320000	-305.771819	1	719	0.258553	0.258553	0.258553	0.258553	1.751023	1.751023	0.258553	1.751023	1	0.136064	0.106892	0.379824	0.377221	
1321000	-305.492571	1	2865	0.541754	0.541754	0.541754	0.541754	2.065948	2.065948	0.000000	0.541754	1	0.452896	0.505383	0.041510	0.000211	
1322000	-306.377011	1	395	0.624479	0.624479	0.624479	0.624479	2.619986	2.619986	0.000000	0.624479	1	0.432661	0.521671	0.045355	0.000314	
1323000	-303.494624	1	1332	0.559094	0.559094	0.559094	0.559094	1.225396	2.493144	0.559094	1.225396	1	0.312109	0.306682	0.249441	0.131768	
1324000	-305.563652	1	810	0.646404	0.646404	0.646404	0.646404	2.115554	2.115554	0.000000	0.646404	1	0.430852	0.533492	0.035421	0.000236	
1325000	-305.224404	1	1815	0.317699	0.317699	0.317699	0.317699	2.007116	2.007116	0.317699	2.007116	1	0.147509	0.131868	0.349270	0.371352	
1326000	-307.232892	1	965	0.492731	0.492731	0.492731	0.492731	1.664775	1.664775	0.000000	0.492731	1	0.466552	0.498007	0.035300	0.000141	
1327000	-302.246564	1	2910	0.510213	0.510213	0.510213	0.510213	1.243822	2.757366	0.510213	1.243822	1	0.310361	0.278635	0.279704	0.131300	
1328000	-304.994976	1	215	0.292720	0.292720	0.292720	0.292720	1.703338	1.703338	0.292720	1.703338	1	0.159783	0.134238	0.356842	0.349137	
1329000	-304.315244	1	360	0.951745	0.417552	0.417552	0.417552	0.951745	2.381957	0.000000	0.951745	1	0.646397	0.330706	0.022512	0.000385	
1330000	-305.631479	1	1957	0.519521	0.519521	0.519521	0.519521	2.161218	2.161218	0.000000	0.519521	1	0.457279	0.496238	0.046258	0.000226	
1331000	-306.188116	1	231	0.504447	0.504447	0.504447	0.504447	2.412385	2.412385	0.000000	0.504447	1	0.458923	0.487344	0.053472	0.000262	
1332000	-301.166606	1	1850	0.395188	0.395188	0.395188	0.395188	1.266692	2.624060	0.395188	1.266692	1	0.277279	0.220228	0.345739	0.156754	
1333000	-305.812801	1	25	0.501217	0.501217	0.501217	0.501217	2.035221	2.035221	0.501217	0.501217	1	0.251271	0.227001	0.412261	0.109467	
1334000	-305.598207	1	2969	0.604122	0.604122	0.604122	0.604122	1.951581	1.951581	0.000000	0.604122	1	0.440000	0.525795	0.034008	0.000197	
1335000	-302.714298	1	1853	0.504365	0.504365	0.504365	0.504365	1.460455	2.596222	0.000000	1.460455	1	0.453700	0.527530	0.018131	0.000640	
1336000	-305.828943	1	2350	0.664639	0.664639	0.664639	0.664639	2.009484	2.009484	0.000000	0.664639	1	0.427775	0.539528	0.032477	0.000220	
1337000	-303.494624	1	1332	0.559094	0.559094	0.559094	0.559094	1.225396	2.493144	0.559094	1.225396	1	0.312109	0.306682	0.249441	0.131768	
1338000	-305.503089	1	2480	0.567474	0.567474	0.567474	0.567474	1.986986	1.986986	0.000000	0.567474	1	0.447649	0.514837	0.037314	0.000199	
1339000	-301.406520	1	2602	0.363923	0.363923	0.363923	0.363923	1.138637	3.214188	0.363923	1.138637	1	0.305633	0.199834	0.375144	0.119389	
1340000	-307.920771	1	1214	0.254002	0.254002	0.254002	0.254002	2.292731	2.292731	0.254002	2.292731	1	0.100712	0.081169	0.381451	0.436668	
1341000	-305.789994	1	2431	0.570686	0.570686	0.570686	0.570686	1.871722	1.871722	0.000000	0.570686	1	0.447471	0.518163	0.034187	0.000179	
1342000	-304.852966	1	2330	0.331394	0.331394	0.331394	0.331394	1.927805	1.927805	0.331394	1.927805	1	0.159502	0.145321	0.340293	0.354884	
1343000	-303.787618	1	2081	1.103753	0.361091	0.361091	0.361091	2.266283	2.266283	0.361091	1.103753	1	0.276445	0.116956	0.371868	0.234730	
1344000	-303.781811	1	1625	0.649850	0.649850	0.649850	0.649850	1.468267	2.804783	0.000000	1.468267	1	0.427283	0.555732	0.016425	0.000560	
1345000	-305.998775	1	1875	0.452153	0.452153	0.452153	0.452153	2.130076	2.130076	0.452153	0.452153	1	0.240813	0.197923	0.461036	0.100228	
1346000	-301.906368	1	480	0.490857	0.490857	0.490857	0.490857	1.336197	3.232583	0.490857	1.336197	1	0.301806	0.255146	0.307548	0.135500	
1347000	-302.714298	1	1853	0.504365	0.504365	0.504365	0.504365	1.460455	2.596222	0.000000	1.460455	1	0.453700	0.527530	0.018131	0.000640	
1348000	-306.760270	1	2988	0.393521	0.393521	0.393521	0.393521	2.145710	2.145710	0.393521	0.393521	1	0.228782	0.165734	0.516855	0.088628	
1349000	-305.659982	1	2810	0.517622	0.517622	0.517622	0.517622	2.184953	2.184953	0.000000	0.517622	1	0.457548	0.495186	0.047036	0.000230	
1350000	-305.901675	1	1759	0.455718	0.455718	0.455718	0.455718	2.042635	2.042635	0.455718	0.455718	1	0.245875	0.205256	0.447758	0.101111	
1351000	-305.846460	1	2183	0.562342	0.562342	0.562342	0.562342	1.858455	1.858455	0.000000	0.562342	1	0.449369	0.516000	0.034455	0.000176	
1352000	-305.963146	1	1693	0.513062	0.513062	0.513062	0.513062	2.173769	2.173769	0.513062	0.513062	1	0.245475	0.222819	0.420206	0.111499	
1353000	-306.112669	1	2086	0.431903	0.431903	0.431903	0.431903	1.930443	1.930443	0.431903	0.431903	1	0.248633	0.200783	0.453643	0.096942	
1354000	-306.161801	1	2050	0.425065	0.425065	0.425065	0.425065	2.029858	2.029858	0.425065	0.425065	1	0.241649	0.190160	0.472857	0.095334	
1355000	-305.921681	1	2978	0.670501	0.670501	0.670501	0.670501	2.378648	2.378648	0.000000	0.670501	1	0.425159	0.535287	0.039263	0.000291	
1356000	-301.894467	1	713	0.494655	0.494655	0.494655	0.494655	1.342936	3.029553	0.494655	1.342936	1	0.296875	0.259849	0.301777	0.141498	
1357000	-302.816780	1	2531	0.676638	0.334925	0.676638	0.334925	2.243501	2.243501	0.334925	0.676638	1	0.199697	0.238259	0.409732	0.152312	
1358000	-305.436171	1	774	0.625153	0.625153	0.625153	0.625153	2.182043	2.182043	0.000000	0.625153	1	0.434720	0.527237	0.037800	0.000243	
1359000	-304.222023	1	1587	0.469477	0.469477	0.469477	0.469477	1.436940	2.811350	0.469477	0.469477	1	0.362836	0.192424	0.388933	0.055807	
1360000	-302.878405	1	1208	0.534738	0.534738	0.534738	0.534738	1.329491	3.495426	0.534738	1.329491	1	0.315494	0.270121	0.289801	0.124584	
1361000	-301.166606	1	1850	0.395188	0.395188	0.395188	0.395188	1.266692	2.624060	0.395188	1.266692	1	0.277279	0.220228	0.345739	0.156754	
1362000	-305.548654	1	1606	0.369391	0.369391	0.369391	0.369391	2.132225	2.132225	0.369391	2.132225	1	0.160552	0.157786	0.325210	0.356453	
1363000	-304.851487	1	484	0.319156	0.319156	0.319156	0.319156	1.888753	1.888753	0.319156	1.888753	1	0.156965	0.139672	0.346167	0.357196	
1364000	-305.963885	1	2895	0.548757	0.548757	0.548757	0.548757	1.836227	1.836227	0.000000	0.548757	1	0.452514	0.512375	0.034940	0.000171	
1365000	-302.168152	1	1807	0.368721	0.368721	0.368721	0.368721	1.024492	3.354034	0.368721	1.024492	1	0.341785	0.205596	0.357871	0.094747	
1366000	-301.894467	1	713	0.494655	0.494655	0.494655	0.494655	1.342936	3.029553	0.494655	1.342936	1	0.296875	0.259849	0.301777	0.141498	
1367000	-302.878405	1	1208	0.534738	0.534738	0.534738	0.534738	1.329491	3.495426	0.534738	1.329491	1	0.315494	0.270121	0.289801	0.124584	
1368000	-305.390776	1	1557	0.608554	0.608554	0.608554	0.608554	2.209297	2.209297	0.000000	0.608554	1	0.437919	0.522540	0.039297	0.000244	
1369000	-305.580591	1	239	0.624004	0.624004	0.624004	0.624004	2.338122	2.338122	0.000000	0.624004	1	0.434192	0.524737	0.040801	0.000269	
1370000	-302.039047	1	954	0.464484	0.464484	0.464484	0.464484	1.256501	2.429299	0.464484	1.256501	1	0.293189	0.263852	0.293757	0.149202	
1371000	-303.655024	1	610	0.657230	0.288111	0.657230	0.657230	2.416063	2.416063	0.288111	0.657230	1	0.311275	0.375378	0.236448	0.076899	
1372000	-303.607284	1	392	1.143398	0.330596	0.330596	0.330596	1.143398	2.397077	0.330596	1.143398	1	0.428830	0.142071	0.293718	0.135381	
1373000	-305.882021	1	1614	0.275254	0.275254	0.275254	0.275254	2.001999	2.001999	0.275254	2.001999	1	0.126971	0.104673	0.372240	0.396117	
1374000	-306.080955	1	2759	0.490723	0.490723	0.490723	0.490723	2.248520	2.248520	0.490723	0.490723	1	0.240097	0.208942	0.443724	0.107237	
1375000	-305.815887	1	2236	0.488566	0.488566	0.488566	0.488566	2.067149	2.067149	0.488566	0.488566	1	0.248483	0.219170	0.425216	0.107132	
1376000	-305.431709	1	517	0.598147	0.598147	0.598147	0.598147	2.276616	2.276616	0.000000	0.598147	1	0.439696	0.518776	0.041275	0.000253	
1377000	-305.949538	1	1392	0.509790	0.509790	0.509790	0.509790	2.339285	2.339285	0.000000	0.509790	1	0.458247	0.490181	0.051320	0.000252	
1378000	-305.515250	1	106	0.555895	0.555895	0.555895	0.555895	1.996365	1.996365	0.000000	0.555895	1	0.450142	0.511158	0.038500	0.000200	
1379000	-305.478840	1	621	0.632471	0.632471	0.632471	0.632471	2.210251	2.210251	0.000000	0.632471	1	0.433146	0.528639	0.037966	0.000249	
1380000	-303.494624	1	1332	0.559094	0.559094	0.559094	0.559094	1.225396	2.493144	0.559094	1.225396	1	0.312109	0.306682	0.249441	0.131768	
1381000	-301.235193	1	1830	0.429827	0.429827	0.429827	0.429827	1.308978	2.741882	0.429827	1.308978	1	0.282534	0.234718	0.328880	0.153868	
1382000	-305.680095	1	754	0.664402	0.664402	0.664402	0.664402	2.157536	2.157536	0.000000	0.664402	1	0.427255	0.537009	0.035488	0.000248	
1383000	-302.878405	1	1208	0.534738	0.534738	0.534738	0.534738	1.329491	3.495426	0.534738	1.329491	1	0.315494	0.270121	0.289801	0.124584	
1384000	-305.958682	1	2267	0.644244	0.644244	0.644244	0.644244	2.469826	2.469826	0.000000	0.644244	1	0.429628	0.528112	0.041964	0.000297	
1385000	-305.523619	1	2964	0.532572	0.532572	0.532572	0.532572	2.127623	2.127623	0.000000	0.532572	1	0.454573	0.501275	0.043932	0.000221	
1386000	-305.189501	1	2099	0.310886	0.310886	0.310886	0.310886	1.976273	1.976273	0.310886	1.976273	1	0.146495	0.129107	0.352481	0.371916	
1387000	-306.425906	1	2254	0.460797	0.460797	0.460797	0.460797	2.101793	2.101793	0.000000	0.460797	1	0.471064	0.474033	0.054682	0.000221	
1388000	-307.759432	1	1396	0.775784	0.775784	0.775784	0.775784	1.857849	1.857849	0.000000	0.775784	1	0.408897	0.564315	0.026568	0.000219	
1389000	-302.039047	1	954	0.464484	0.464484	0.464484	0.464484	1.256501	2.429299	0.464484	1.256501	1	0.293189	0.263852	0.293757	0.149202	
1390000	-304.145977	1	1115	0.659580	0.659580	0.659580	0.659580	1.251899	2.707241	0.000000	1.251899	1	0.435777	0.550253	0.013631	0.000339	
1391000	-306.034108	1	2718	0.492790	0.492790	0.492790	0.492790	1.976472	1.976472	0.000000	0.492790	1	0.464642	0.489860	0.045301	0.000197	
1392000	-301.041336	1	1170	0.415154	0.415154	0.415154	0.415154	1.338547	3.062416	0.415154	1.338547	1	0.279734	0.219164	0.349625	0.151477	
1393000	-305.863080	1	1886	0.464351	0.464351	0.464351	0.464351	1.967376	1.967376	0.464351	0.464351	1	0.251175	0.214829	0.431136	0.102859	
1394000	-306.152744	1	1282	0.453513	0.453513	0.453513	0.453513	1.806557	1.806557	0.453513	0.453513	1	0.259663	0.222357	0.416813	0.101167	
1395000	-305.402137	1	1751	0.613050	0.613050	0.613050	0.613050	2.109910	2.109910	0.000000	0.613050	1	0.437481	0.525286	0.037005	0.000227	
1396000	-306.104244	1	0	0.517189	0.517189	0.517189	0.517189	2.242065	2.242065	0.517189	0.517189	1	0.242760	0.220400	0.424657	0.112184	
1397000	-305.666943	1	1487	0.659504	0.659504	0.659504	0.659504	2.247661	2.247661	0.000000	0.659504	1	0.427789	0.534545	0.037402	0.000264	
1398000	-302.816780	1	2531	0.676638	0.334925	0.676638	0.334925	2.243501	2.243501	0.334925	0.676638	1	0.199697	0.238259	0.409732	0.152312	
1399000	-302.878405	1	1208	0.534738	0.534738	0.534738	0.534738	1.329491	3.495426	0.534738	1.329491	1	0.315494	0.270121	0.289801	0.124584	
1400000	-302.274655	1	1207	0.486627	0.486627	0.486627	0.486627	1.088377	3.119393	0.486627	1.088377	1	0.349740	0.267752	0.282890	0.099618	
1401000	-305.164159	1	1601	0.337141	0.337141	0.337141	0.337141	2.030202	2.030202	0.337141	2.030202	1	0.154521	0.143096	0.339394	0.362989	
1402000	-306.680529	1	1417	0.518187	0.518187	0.518187	0.518187	1.662358	1.662358	0.518187	0.518187	1	0.274681	0.267461	0.345877	0.111981	
1403000	-306.846565	1	1818	0.306778	0.306778	0.306778	0.306778	2.300579	2.300579	0.306778	2.300579	1	0.125330	0.112330	0.356807	0.405533	
1404000	-308.795170	1	1694	0.339230	0.339230	0.339230	0.339230	2.357996	2.357996	0.339230	0.339230	1	0.203160	0.124574	0.596344	0.075921	
1405000	-305.326951	1	467	0.357300	0.357300	0.357300	0.357300	2.084614	2.084614	0.357300	2.084614	1	0.159062	0.152842	0.330187	0.357908	
1406000	-301.406520	1	2602	0.363923	0.363923	0.363923	0.363923	1.138637	3.214188	0.363923	1.138637	1	0.305633	0.199834	0.375144	0.119389	
1407000	-305.503367	1	329	0.328984	0.328984	0.328984	0.328984	2.097615	2.097615	0.328984	2.097615	1	0.146526	0.134449	0.344651	0.374375	
1408000	-305.416755	1	2460	0.604081	0.604081	0.604081	0.604081	2.058945	2.058945	0.000000	0.604081	1	0.439548	0.523793	0.036443	0.000217	
1409000	-305.878224	1	1256	0.626742	0.626742	0.626742	0.626742	1.885111	1.885111	0.000000	0.626742	1	0.435603	0.532922	0.031287	0.000188	
1410000	-303.008353	1	2475	0.431085	0.431085	0.431085	0.431085	1.683310	3.192151	0.000000	1.683310	1	0.466935	0.508256	0.023568	0.001242	
1411000	-306.300622	1	2463	0.470177	0.470177	0.470177	0.470177	2.203338	2.203338	0.000000	0.470177	1	0.468108	0.476419	0.055238	0.000235	
1412000	-302.039047	1	954	0.464484	0.464484	0.464484	0.464484	1.256501	2.429299	0.464484	1.256501	1	0.293189	0.263852	0.293757	0.149202	
1413000	-305.683972	1	1599	0.261794	0.261794	0.261794	0.261794	1.757566	1.757566	0.261794	1.757566	1	0.137433	0.108743	0.377877	0.375947	
1414000	-306.636840	1	1556	0.582703	0.582703	0.582703	0.582703	1.832035	1.832035	0.582703	0.582703	1	0.265204	0.275551	0.335825	0.123420	
1415000	-302.364992	1	2855	0.691219	0.186834	0.691219	0.691219	1.962010	1.962010	0.186834	0.691219	1	0.359687	0.444418	0.143784	0.052111	
1416000	-301.166606	1	1850	0.395188	0.395188	0.395188	0.395188	1.266692	2.624060	0.395188	1.266692	1	0.277279	0.220228	0.345739	0.156754	
1417000	-303.761549	1	1793	0.562146	0.562146	0.562146	0.562146	1.990292	1.990292	0.000000	1.027810	1	0.433397	0.537524	0.028618	0.000461	
1418000	-301.406520	1	2602	0.363923	0.363923	0.363923	0.363923	1.138637	3.214188	0.363923	1.138637	1	0.305633	0.199834	0.375144	0.119389	
1419000	-301.406520	1	2602	0.363923	0.363923	0.363923	0.363923	1.138637	3.214188	0.363923	1.138637	1	0.305633	0.199834	0.375144	0.119389	
1420000	-303.432812	1	220	1.083750	0.296794	0.296794	0.296794	1.083750	2.849540	0.296794	1.083750	1	0.441158	0.121078	0.323530	0.114234	
1421000	-305.843085	1	1785	0.481091	0.481091	0.481091	0.481091	2.095182	2.095182	0.481091	0.481091	1	0.246285	0.213906	0.434094	0.105715	
1422000	-305.115819	1	421	0.299013	0.299013	0.299013	0.299013	1.896315	1.896315	0.299013	1.896315	1	0.146588	0.125779	0.357808	0.369825	
1423000	-301.166606	1	1850	0.395188	0.395188	0.395188	0.395188	1.266692	2.624060	0.395188	1.266692	1	0.277279	0.220228	0.345739	0.156754	
1424000	-301.166606	1	1850	0.395188	0.395188	0.395188	0.395188	1.266692	2.624060	0.395188	1.266692	1	0.277279	0.220228	0.345739	0.156754	
1425000	-301.894467	1	713	0.494655	0.494655	0.494655	0.494655	1.342936	3.029553	0.494655	1.342936	1	0.296875	0.259849	0.301777	0.141498	
1426000	-301.235193	1	1830	0.429827	0.429827	0.429827	0.429827	1.308978	2.741882	0.429827	1.308978	1	0.282534	0.234718	0.328880	0.153868	
1427000	-301.235193	1	1830	0.429827	0.429827	0.429827	0.429827	1.308978	2.741882	0.429827	1.308978	1	0.282534	0.234718	0.328880	0.153868	
1428000	-302.878405	1	1208	0.534738	0.534738	0.534738	0.534738	1.329491	3.495426	0.534738	1.329491	1	0.315494	0.270121	0.289801	0.124584	
1429000	-306.132672	1	2972	0.546074	0.546074	0.546074	0.546074	2.173515	2.173515	0.546074	0.546074	1	0.247482	0.235801	0.399164	0.117553	
1430000	-304.222023	1	1587	0.469477	0.469477	0.469477	0.469477	1.436940	2.811350	0.469477	0.469477	1	0.362836	0.192424	0.388933	0.055807	
1431000	-301.166606	1	1850	0.395188	0.395188	0.395188	0.395188	1.266692	2.624060	0.395188	1.266692	1	0.277279	0.220228	0.345739	0.156754	
1432000	-301.235193	1	1830	0.429827	0.429827	0.429827	0.429827	1.308978	2.741882	0.429827	1.308978	1	0.282534	0.234718	0.328880	0.153868	
1433000	-302.816780	1	2531	0.676638	0.334925	0.676638	0.334925	2.243501	2.243501	0.334925	0.676638	1	0.199697	0.238259	0.409732	0.152312	
1434000	-301.041336	1	1170	0.415154	0.415154	0.415154	0.415154	1.338547	3.062416	0.415154	1.338547	1	0.279734	0.219164	0.349625	0.151477	
1435000	-303.706123	1	1854	0.539357	0.539357	0.539357	0.539357	1.456586	2.266310	0.000000	1.456586	1	0.442704	0.539448	0.017288	0.000560	
1436000	-303.494624	1	1332	0.559094	0.559094	0.559094	0.559094	1.225396	2.493144	0.559094	1.225396	1	0.312109	0.306682	0.249441	0.131768	
1437000	-306.168043	1	252	0.591002	0.591002	0.591002	0.591002	1.779366	1.779366	0.000000	0.591002	1	0.443392	0.525953	0.030492	0.000164	
1438000	-301.235193	1	1830	0.429827	0.429827	0.429827	0.429827	1.308978	2.741882	0.429827	1.308978	1	0.282534	0.234718	0.328880	0.153868	
1439000	-302.364992	1	2855	0.691219	0.186834	0.691219	0.691219	1.962010	1.962010	0.186834	0.691219	1	0.359687	0.444418	0.143784	0.052111	
1440000	-301.041336	1	1170	0.415154	0.415154	0.415154	0.415154	1.338547	3.062416	0.415154	1.338547	1	0.279734	0.219164	0.349625	0.151477	
1441000	-305.199393	1	199	0.282537	0.282537	0.282537	0.282537	1.768549	1.768549	0.282537	1.768549	1	0.148306	0.122482	0.365086	0.364126	
1442000	-305.647112	1	248	0.628434	0.628434	0.628434	0.628434	1.973654	1.973654	0.000000	0.628434	1	0.434951	0.531607	0.033237	0.000205	
1443000	-306.161230	1	1949	0.425345	0.425345	0.425345	0.425345	2.037124	2.037124	0.425345	0.425345	1	0.241296	0.189841	0.473498	0.095365	
1444000	-306.069074	1	123	0.482704	0.482704	0.482704	0.482704	1.805176	1.805176	0.482704	0.482704	1	0.262923	0.237053	0.393741	0.106283	
1445000	-301.041336	1	1170	0.415154	0.415154	0.415154	0.415154	1.338547	3.062416	0.415154	1.338547	1	0.279734	0.219164	0.349625	0.151477	
1446000	-305.860696	1	176	0.477453	0.477453	0.477453	0.477453	2.106608	2.106608	0.477453	0.477453	1	0.245305	0.211492	0.438181	0.105023	
1447000	-305.247102	1	325	0.354158	0.354158	0.354158	0.354158	2.065223	2.065223	0.354158	2.065223	1	0.159129	0.151928	0.331373	0.357570	
1448000	-302.364992	1	2855	0.691219	0.186834	0.691219	0.691219	1.962010	1.962010	0.186834	0.691219	1	0.359687	0.444418	0.143784	0.052111	
1449000	-307.711434	1	726	0.411437	0.411437	0.411437	0.411437	1.962645	1.962645	0.000000	0.411437	1	0.483386	0.452000	0.064403	0.000212	
1450000	-306.299994	1	939	0.468341	0.468341	0.468341	0.468341	2.067505	2.067505	0.000000	0.468341	1	0.469625	0.478004	0.052157	0.000214	
1451000	-305.964239	1	2775	0.525099	0.525099	0.525099	0.525099	1.913611	1.913611	0.525099	0.525099	1	0.259382	0.246494	0.380413	0.113711	
1452000	-301.235193	1	1830	0.429827	0.429827	0.429827	0.429827	1.308978	2.741882	0.429827	1.308978	1	0.282534	0.234718	0.328880	0.153868	
1453000	-302.039047	1	954	0.464484	0.464484	0.464484	0.464484	1.256501	2.429299	0.464484	1.256501	1	0.293189	0.263852	0.293757	0.149202	
1454000	-301.906368	1	480	0.490857	0.490857	0.490857	0.490857	1.336197	3.232583	0.490857	1.336197	1	0.301806	0.255146	0.307548	0.135500	
1455000	-303.757940	1	951	0.539229	0.401959	0.539229	0.539229	1.080185	3.131407	0.401959	0.539229	1	0.427826	0.281822	0.251785	0.038566	
1456000	-301.041336	1	1170	0.415154	0.415154	0.415154	0.415154	1.338547	3.062416	0.415154	1.338547	1	0.279734	0.219164	0.349625	0.151477	
1457000	-305.992342	1	1180	0.615228	0.615228	0.615228	0.615228	2.517040	2.517040	0.000000	0.615228	1	0.435003	0.520366	0.044335	0.000295	
1458000	-302.039047	1	954	0.464484	0.464484	0.464484	0.464484	1.256501	2.429299	0.464484	1.256501	1	0.293189	0.263852	0.293757	0.149202	
1459000	-303.655024	1	610	0.657230	0.288111	0.657230	0.657230	2.416063	2.416063	0.288111	0.657230	1	0.311275	0.375378	0.236448	0.076899	
1460000	-301.166606	1	1850	0.395188	0.395188	0.395188	0.395188	1.266692	2.624060	0.395188	1.266692	1	0.277279	0.220228	0.345739	0.156754	
1461000	-301.906368	1	480	0.490857	0.490857	0.490857	0.490857	1.336197	3.232583	0.490857	1.336197	1	0.301806	0.255146	0.307548	0.135500	
1462000	-306.777684	1	1500	0.386112	0.386112	0.386112	0.386112	1.996836	1.996836	0.386112	0.386112	1	0.235246	0.169940	0.507106	0.087707	
1463000	-302.274655	1	1207	0.486627	0.486627	0.486627	0.486627	1.088377	3.119393	0.486627	1.088377	1	0.349740	0.267752	0.282890	0.099618	
1464000	-303.234975	1	2477	0.430705	0.430705	0.430705	0.430705	0.928426	3.479873	0.430705	0.928426	1	0.398826	0.235425	0.294117	0.071631	
1465000	-306.907770	1	1653	0.489221	0.489221	0.489221	0.489221	1.728976	1.728976	0.000000	0.489221	1	0.467076	0.494767	0.038004	0.000153	
1466000	-306.372055	1	1382	0.561384	0.561384	0.561384	0.561384	1.737625	1.737625	0.000000	0.561384	1	0.450046	0.518586	0.031214	0.000154	
1467000	-305.589260	1	2180	0.528361	0.528361	0.528361	0.528361	2.050788	2.050788	0.000000	0.528361	1	0.455987	0.501228	0.042577	0.000208	
1468000	-305.934702	1	434	0.636366	0.636366	0.636366	0.636366	2.474745	2.474745	0.000000	0.636366	1	0.431107	0.526150	0.042448	0.000295	
1469000	-305.901675	1	1759	0.455718	0.455718	0.455718	0.455718	2.042635	2.042635	0.455718	0.455718	1	0.245875	0.205256	0.447758	0.101111	
1470000	-303.130959	1	2121	0.815390	0.219691	0.815390	0.219691	2.016339	2.016339	0.219691	0.815390	1	0.167232	0.235307	0.398935	0.198525	
1471000	-301.166606	1	1850	0.395188	0.395188	0.395188	0.395188	1.266692	2.624060	0.395188	1.266692	1	0.277279	0.220228	0.345739	0.156754	
1472000	-301.166606	1	1850	0.395188	0.395188	0.395188	0.395188	1.266692	2.624060	0.395188	1.266692	1	0.277279	0.220228	0.345739	0.156754	
1473000	-301.041336	1	1170	0.415154	0.415154	0.415154	0.415154	1.338547	3.062416	0.415154	1.338547	1	0.279734	0.219164	0.349625	0.151477	
1474000	-306.306021	1	332	0.243431	0.243431	0.243431	0.243431	1.636301	1.636301	0.243431	1.636301	1	0.136849	0.103603	0.387800	0.371748	
1475000	-302.246564	1	2910	0.510213	0.510213	0.510213	0.510213	1.243822	2.757366	0.510213	1.243822	1	0.310361	0.278635	0.279704	0.131300	
1476000	-302.756393	1	1788	0.475463	0.475463	0.475463	0.475463	1.471660	3.706873	0.000000	1.471660	1	0.471685	0.508533	0.019006	0.000776	
1477000	-305.711990	1	1387	0.667588	0.667588	0.667588	0.667588	2.138658	2.138658	0.000000	0.667588	1	0.426735	0.538025	0.034994	0.000246	
1478000	-307.234595	1	2056	0.633811	0.633811	0.633811	0.633811	1.905823	1.905823	0.633811	0.633811	1	0.260492	0.285278	0.321682	0.132548	
1479000	-301.166606	1	1850	0.395188	0.395188	0.395188	0.395188	1.266692	2.624060	0.395188	1.266692	1	0.277279	0.220228	0.345739	0.156754	
1480000	-306.384693	1	966	0.566135	0.566135	0.566135	0.566135	2.224440	2.224440	0.566135	0.566135	1	0.246057	0.239842	0.392874	0.121226	
1481000	-305.765911	1	129	0.634922	0.634922	0.634922	0.634922	2.410047	2.410047	0.000000	0.634922	1	0.431707	0.526556	0.041453	0.000284	
1482000	-306.759519	1	2816	0.501743	0.501743	0.501743	0.501743	2.571713	2.571713	0.000000	0.501743	1	0.458428	0.484762	0.056529	0.000281	
1483000	-302.168152	1	1807	0.368721	0.368721	0.368721	0.368721	1.024492	3.354034	0.368721	1.024492	1	0.341785	0.205596	0.357871	0.094747	
1484000	-305.442789	1	1814	0.271471	0.271471	0.271471	0.271471	1.768845	1.768845	0.271471	1.768845	1	0.142086	0.114765	0.371995	0.371153	
1485000	-301.906368	1	480	0.490857	0.490857	0.490857	0.490857	1.336197	3.232583	0.490857	1.336197	1	0.301806	0.255146	0.307548	0.135500	
1486000	-305.868916	1	2351	0.478333	0.478333	0.478333	0.478333	2.116227	2.116227	0.478333	0.478333	1	0.244926	0.211284	0.438621	0.105168	
1487000	-301.906368	1	480	0.490857	0.490857	0.490857	0.490857	1.336197	3.232583	0.490857	1.336197	1	0.301806	0.255146	0.307548	0.135500	
1488000	-304.246001	1	2600	0.628335	0.628335	0.628335	0.628335	1.150820	2.539657	0.000000	1.150820	1	0.444617	0.542363	0.012754	0.000266	
1489000	-306.831401	1	2955	0.414010	0.414010	0.414010	0.414010	1.709022	1.709022	0.414010	0.414010	1	0.260409	0.209319	0.435980	0.094292	
1490000	-305.598922	1	662	0.553383	0.553383	0.553383	0.553383	1.956167	1.956167	0.000000	0.553383	1	0.450904	0.511186	0.037717	0.000193	
1491000	-301.041336	1	1170	0.415154	0.415154	0.415154	0.415154	1.338547	3.062416	0.415154	1.338547	1	0.279734	0.219164	0.349625	0.151477	
1492000	-302.816780	1	2531	0.676638	0.334925	0.676638	0.334925	2.243501	2.243501	0.334925	0.676638	1	0.199697	0.238259	0.409732	0.152312	
1493000	-305.718484	1	622	0.650139	0.650139	0.650139	0.650139	2.006694	2.006694	0.000000	0.650139	1	0.430556	0.536238	0.032990	0.000216	
1494000	-302.039047	1	954	0.464484	0.464484	0.464484	0.464484	1.256501	2.429299	0.464484	1.256501	1	0.293189	0.263852	0.293757	0.149202	
1495000	-301.894467	1	713	0.494655	0.494655	0.494655	0.494655	1.342936	3.029553	0.494655	1.342936	1	0.296875	0.259849	0.301777	0.141498	
1496000	-302.246564	1	2910	0.510213	0.510213	0.510213	0.510213	1.243822	2.757366	0.510213	1.243822	1	0.310361	0.278635	0.279704	0.131300	
1497000	-305.366824	1	2163	0.604220	0.604220	0.604220	0.604220	2.158623	2.158623	0.000000	0.604220	1	0.439050	0.522168	0.038548	0.000234	
1498000	-306.097737	1	145	0.495637	0.495637	0.495637	0.495637	1.926908	1.926908	0.000000	0.495637	1	0.464312	0.492054	0.043446	0.000188	
1499000	-302.246564	1	2910	0.510213	0.510213	0.510213	0.510213	1.243822	2.757366	0.510213	1.243822	1	0.310361	0.278635	0.279704	0.131300	
1500000	-301.894467	1	713	0.494655	0.494655	0.494655	0.494655	1.342936	3.029553	0.494655	1.342936	1	0.296875	0.259849	0.301777	0.141498	
1501000	-301.406520	1	2602	0.363923	0.363923	0.363923	0.363923	1.138637	3.214188	0.363923	1.138637	1	0.305633	0.199834	0.375144	0.119389	
1502000	-305.300133	1	1335	0.278239	0.278239	0.278239	0.278239	1.782214	1.782214	0.278239	1.782214	1	0.144765	0.118612	0.368044	0.368579	
1503000	-306.055344	1	1738	1.260091	0.255052	1.260091	0.255052	1.260091	2.773559	0.255052	1.260091	1	0.227920	0.383521	0.244330	0.144228	
1504000	-301.041336	1	1170	0.415154	0.415154	0.415154	0.415154	1.338547	3.062416	0.415154	1.338547	1	0.279734	0.219164	0.349625	0.151477	
1505000	-301.041336	1	1170	0.415154	0.415154	0.415154	0.415154	1.338547	3.062416	0.415154	1.338547	1	0.279734	0.219164	0.349625	0.151477	
1506000	-305.931924	1	1367	0.503522	0.503522	0.503522	0.503522	2.167746	2.167746	0.503522	0.503522	1	0.244973	0.219199	0.426080	0.109748	
1507000	-301.041336	1	1170	0.415154	0.415154	0.415154	0.415154	1.338547	3.062416	0.415154	1.338547	1	0.279734	0.219164	0.349625	0.151477	
1508000	-306.101986	1	658	0.617860	0.617860	0.617860	0.617860	1.813894	1.813894	0.000000	0.617860	1	0.437635	0.532205	0.029987	0.000173	
1509000	-305.935116	1	2412	0.460751	0.460751	0.460751	0.460751	2.119402	2.119402	0.460751	0.460751	1	0.242573	0.202782	0.452767	0.101878	
1510000	-305.080363	1	2949	0.633305	0.633305	0.633305	0.633305	2.021203	2.212571	0.000000	0.633305	1	0.436878	0.528082	0.034810	0.000231	
1511000	-310.248070	1	792	0.496177	0.496177	0.496177	0.496177	0.496177	2.547945	0.496177	0.496177	1	0.608375	0.226850	0.139926	0.024849	
1512000	-305.596573	1	991	0.532830	0.532830	0.532830	0.532830	2.016434	2.016434	0.000000	0.532830	1	0.455183	0.503387	0.041228	0.000203	
1513000	-302.690510	1	218	0.540773	0.540773	0.540773	0.540773	1.595855	3.085038	0.000000	1.595855	1	0.444902	0.534719	0.019530	0.000850	
1514000	-304.849127	1	15	0.438871	0.438871	0.438871	0.438871	1.089418	2.474141	0.438871	0.438871	1	0.425091	0.184475	0.347591	0.042843	
1515000	-302.878405	1	1208	0.534738	0.534738	0.534738	0.534738	1.329491	3.495426	0.534738	1.329491	1	0.315494	0.270121	0.289801	0.124584	
1516000	-301.041336	1	1170	0.415154	0.415154	0.415154	0.415154	1.338547	3.062416	0.415154	1.338547	1	0.279734	0.219164	0.349625	0.151477	
1517000	-305.883535	1	1989	0.661871	0.661871	0.661871	0.661871	1.971469	1.971469	0.000000	0.661871	1	0.428430	0.539589	0.031769	0.000212	
1518000	-304.994976	1	215	0.292720	0.292720	0.292720	0.292720	1.703338	1.703338	0.292720	1.703338	1	0.159783	0.134238	0.356842	0.349137	
1519000	-305.899410	1	853	0.505582	0.505582	0.505582	0.505582	1.903270	1.903270	0.505582	0.505582	1	0.258798	0.239036	0.391880	0.110286	
1520000	-302.756393	1	1788	0.475463	0.475463	0.475463	0.475463	1.471660	3.706873	0.000000	1.471660	1	0.471685	0.508533	0.019006	0.000776	
1521000	-302.711536	1	1537	0.532609	0.532609	0.532609	0.532609	1.373915	3.553725	0.000000	1.373915	1	0.463425	0.519326	0.016679	0.000571	
1522000	-303.432812	1	220	1.083750	0.296794	0.296794	0.296794	1.083750	2.849540	0.296794	1.083750	1	0.441158	0.121078	0.323530	0.114234	
1523000	-302.168152	1	1807	0.368721	0.368721	0.368721	0.368721	1.024492	3.354034	0.368721	1.024492	1	0.341785	0.205596	0.357871	0.094747	
1524000	-303.859917	1	1409	0.500889	0.500889	0.500889	0.500889	2.031206	2.031206	0.000000	0.747117	1	0.452619	0.513438	0.033628	0.000314	
1525000	-301.041336	1	1170	0.415154	0.415154	0.415154	0.415154	1.338547	3.062416	0.415154	1.338547	1	0.279734	0.219164	0.349625	0.151477	
1526000	-301.166606	1	1850	0.395188	0.395188	0.395188	0.395188	1.266692	2.624060	0.395188	1.266692	1	0.277279	0.220228	0.345739	0.156754	
1527000	-305.691264	1	2869	0.627841	0.627841	0.627841	0.627841	1.952898	1.952898	0.000000	0.627841	1	0.435146	0.531854	0.032798	0.000201	
1528000	-309.992899	1	337	0.500866	0.500866	0.500866	0.500866	1.359172	1.359172	0.000000	0.500866	1	0.465300	0.511290	0.023324	0.000086	
1529000	-301.406520	1	2602	0.363923	0.363923	0.363923	0.363923	1.138637	3.214188	0.363923	1.138637	1	0.305633	0.199834	0.375144	0.119389	
1530000	-306.424566	1	2054	0.726228	0.726228	0.726228	0.726228	2.334674	2.334674	0.000000	0.726228	1	0.415546	0.547511	0.036638	0.000305	
1531000	-305.176958	1	470	0.306058	0.306058	0.306058	0.306058	1.953928	1.953928	0.306058	1.953928	1	0.145784	0.127173	0.354791	0.372252	
1532000	-301.894467	1	713	0.494655	0.494655	0.494655	0.494655	1.342936	3.029553	0.494655	1.342936	1	0.296875	0.259849	0.301777	0.141498	
1533000	-304.180676	1	1520	0.308488	0.308488	0.552842	0.308488	1.826819	1.826819	0.308488	0.552842	1	0.159668	0.250427	0.453193	0.136712	
1534000	-302.039047	1	954	0.464484	0.464484	0.464484	0.464484	1.256501	2.429299	0.464484	1.256501	1	0.293189	0.263852	0.293757	0.149202	
1535000	-305.901390	1	330	0.254565	0.254565	0.254565	0.254565	1.672579	1.672579	0.254565	1.672579	1	0.140534	0.109149	0.381012	0.369305	
1536000	-302.039047	1	954	0.464484	0.464484	0.464484	0.464484	1.256501	2.429299	0.464484	1.256501	1	0.293189	0.263852	0.293757	0.149202	
1537000	-305.959903	1	2278	0.522333	0.522333	0.522333	0.522333	1.881152	1.881152	0.000000	0.522333	1	0.458352	0.502725	0.038744	0.000179	
1538000	-305.478798	1	2850	0.606014	0.606014	0.606014	0.606014	2.015409	2.015409	0.000000	0.606014	1	0.439341	0.525088	0.035362	0.000209	
1539000	-302.364992	1	2855	0.691219	0.186834	0.691219	0.691219	1.962010	1.962010	0.186834	0.691219	1	0.359687	0.444418	0.143784	0.052111	
1540000	-303.432812	1	220	1.083750	0.296794	0.296794	0.296794	1.083750	2.849540	0.296794	1.083750	1	0.441158	0.121078	0.323530	0.114234	
1541000	-303.787618	1	2081	1.103753	0.361091	0.361091	0.361091	2.266283	2.266283	0.361091	1.103753	1	0.276445	0.116956	0.371868	0.234730	
1542000	-305.563618	1	2234	0.622659	0.622659	0.622659	0.622659	2.330694	2.330694	0.000000	0.622659	1	0.434494	0.524494	0.040744	0.000268	
1543000	-301.894467	1	713	0.494655	0.494655	0.494655	0.494655	1.342936	3.029553	0.494655	1.342936	1	0.296875	0.259849	0.301777	0.141498	
1544000	-302.816780	1	2531	0.676638	0.334925	0.676638	0.334925	2.243501	2.243501	0.334925	0.676638	1	0.199697	0.238259	0.409732	0.152312	
1545000	-306.451051	1	2947	0.614845	0.614845	0.614845	0.614845	2.643682	2.643682	0.000000	0.614845	1	0.434415	0.518990	0.046282	0.000314	
1546000	-302.168152	1	1807	0.368721	0.368721	0.368721	0.368721	1.024492	3.354034	0.368721	1.024492	1	0.341785	0.205596	0.357871	0.094747	
1547000	-302.364992	1	2855	0.691219	0.186834	0.691219	0.691219	1.962010	1.962010	0.186834	0.691219	1	0.359687	0.444418	0.143784	0.052111	
1548000	-301.041336	1	1170	0.415154	0.415154	0.415154	0.415154	1.338547	3.062416	0.415154	1.338547	1	0.279734	0.219164	0.349625	0.151477	
1549000	-305.889849	1	2852	0.522397	0.522397	0.522397	0.522397	1.981882	1.981882	0.522397	0.522397	1	0.255535	0.239935	0.391255	0.113276	
1550000	-305.579038	1	1928	0.651023	0.651023	0.651023	0.651023	2.177422	2.177422	0.000000	0.651023	1	0.429703	0.533609	0.036440	0.000248	
1551000	-302.756393	1	1788	0.475463	0.475463	0.475463	0.475463	1.471660	3.706873	0.000000	1.471660	1	0.471685	0.508533	0.019006	0.000776	
1552000	-305.284730	1	716	0.301075	0.301075	0.301075	0.301075	1.966305	1.966305	0.301075	1.966305	1	0.142473	0.123234	0.357731	0.376562	
1553000	-302.274655	1	1207	0.486627	0.486627	0.486627	0.486627	1.088377	3.119393	0.486627	1.088377	1	0.349740	0.267752	0.282890	0.099618	
1554000	-303.787618	1	2081	1.103753	0.361091	0.361091	0.361091	2.266283	2.266283	0.361091	1.103753	1	0.276445	0.116956	0.371868	0.234730	
1555000	-301.041336	1	1170	0.415154	0.415154	0.415154	0.415154	1.338547	3.062416	0.415154	1.338547	1	0.279734	0.219164	0.349625	0.151477	
1556000	-306.294657	1	2123	0.568109	0.568109	0.568109	0.568109	2.153572	2.153572	0.568109	0.568109	1	0.249134	0.245075	0.384226	0.121565	
1557000	-301.166606	1	1850	0.395188	0.395188	0.395188	0.395188	1.266692	2.624060	0.395188	1.266692	1	0.277279	0.220228	0.345739	0.156754	
1558000	-302.816780	1	2531	0.676638	0.334925	0.676638	0.334925	2.243501	2.243501	0.334925	0.676638	1	0.199697	0.238259	0.409732	0.152312	
1559000	-305.503089	1	2480	0.567474	0.567474	0.567474	0.567474	1.986986	1.986986	0.000000	0.567474	1	0.447649	0.514837	0.037314	0.000199	
1560000	-305.823895	1	596	0.477535	0.477535	0.477535	0.477535	1.969357	1.969357	0.477535	0.477535	1	0.252581	0.221042	0.421123	0.105253	
1561000	-306.092458	1	389	0.436502	0.436502	0.436502	0.436502	1.906977	1.906977	0.436502	0.436502	1	0.250817	0.205043	0.446275	0.097866	
1562000	-305.845625	1	1911	0.679009	0.679009	0.679009	0.679009	2.092614	2.092614	0.000000	0.679009	1	0.424798	0.541302	0.033660	0.000240	
1563000	-301.235193	1	1830	0.429827	0.429827	0.429827	0.429827	1.308978	2.741882	0.429827	1.308978	1	0.282534	0.234718	0.328880	0.153868	
1564000	-301.235193	1	1830	0.429827	0.429827	0.429827	0.429827	1.308978	2.741882	0.429827	1.308978	1	0.282534	0.234718	0.328880	0.153868	
1565000	-302.168152	1	1807	0.368721	0.368721	0.368721	0.368721	1.024492	3.354034	0.368721	1.024492	1	0.341785	0.205596	0.357871	0.094747	
1566000	-301.406520	1	2602	0.363923	0.363923	0.363923	0.363923	1.138637	3.214188	0.363923	1.138637	1	0.305633	0.199834	0.375144	0.119389	
1567000	-305.568514	1	1509	0.561310	0.561310	0.561310	0.561310	2.334966	2.334966	0.000000	0.561310	1	0.447065	0.507382	0.045297	0.000256	
1568000	-305.634151	1	2261	0.518595	0.518595	0.518595	0.518595	2.122519	2.122519	0.000000	0.518595	1	0.457740	0.496562	0.045479	0.000220	
1569000	-301.406520	1	2602	0.363923	0.363923	0.363923	0.363923	1.138637	3.214188	0.363923	1.138637	1	0.305633	0.199834	0.375144	0.119389	
1570000	-305.385384	1	633	0.560439	0.560439	0.560439	0.560439	2.141127	2.141127	0.000000	0.560439	1	0.448367	0.509955	0.041453	0.000225	
1571000	-305.515250	1	106	0.555895	0.555895	0.555895	0.555895	1.996365	1.996365	0.000000	0.555895	1	0.450142	0.511158	0.038500	0.000200	
1572000	-303.859917	1	1409	0.500889	0.500889	0.500889	0.500889	2.031206	2.031206	0.000000	0.747117	1	0.452619	0.513438	0.033628	0.000314	
1573000	-302.816780	1	2531	0.676638	0.334925	0.676638	0.334925	2.243501	2.243501	0.334925	0.676638	1	0.199697	0.238259	0.409732	0.152312	
1574000	-305.978420	1	2977	0.529220	0.529220	0.529220	0.529220	2.135993	2.135993	0.529220	0.529220	1	0.248306	0.231754	0.405451	0.114488	
1575000	-301.235193	1	1830	0.429827	0.429827	0.429827	0.429827	1.308978	2.741882	0.429827	1.308978	1	0.282534	0.234718	0.328880	0.153868	
1576000	-301.235193	1	1830	0.429827	0.429827	0.429827	0.429827	1.308978	2.741882	0.429827	1.308978	1	0.282534	0.234718	0.328880	0.153868	
1577000	-306.656363	1	2930	0.737300	0.737300	0.737300	0.737300	2.393596	2.393596	0.000000	0.737300	1	0.413462	0.548890	0.037326	0.000322	
1578000	-301.166606	1	1850	0.395188	0.395188	0.395188	0.395188	1.266692	2.624060	0.395188	1.266692	1	0.277279	0.220228	0.345739	0.156754	
1579000	-306.449142	1	1550	0.579326	0.579326	0.579326	0.579326	2.182268	2.182268	0.579326	0.579326	1	0.248147	0.247042	0.381184	0.123626	
1580000	-305.391559	1	280	0.595686	0.595686	0.595686	0.595686	2.068003	2.068003	0.000000	0.595686	1	0.441247	0.521369	0.037167	0.000217	
1581000	-305.540599	1	2773	0.577570	0.577570	0.577570	0.577570	2.342947	2.342947	0.000000	0.577570	1	0.443591	0.512108	0.044042	0.000260	
1582000	-306.781190	1	2223	0.681219	0.681219	0.681219	0.681219	1.775248	1.775248	0.000000	0.681219	1	0.425296	0.547771	0.026757	0.000176	
1583000	-305.324516	1	2331	0.405481	0.405481	0.405481	0.405481	1.164858	1.936151	0.000000	1.164858	1	0.483272	0.501703	0.014703	0.000322	
1584000	-305.868636	1	1005	0.542896	0.542896	0.542896	0.542896	1.870572	1.870572	0.000000	0.542896	1	0.453684	0.509743	0.036396	0.000177	
1585000	-307.485760	1	1843	0.567400	0.567400	0.567400	0.567400	1.570260	1.570260	0.000000	0.567400	1	0.449092	0.524794	0.025990	0.000123	
1586000	-306.853022	1	2130	0.749153	0.749153	0.749153	0.749153	2.413763	2.413763	0.000000	0.749153	1	0.411445	0.550863	0.037360	0.000331	
1587000	-305.731653	1	46	0.510108	0.510108	0.510108	0.510108	2.180806	2.180806	0.000000	0.510108	1	0.459263	0.492555	0.047954	0.000229	
1588000	-305.515250	1	106	0.555895	0.555895	0.555895	0.555895	1.996365	1.996365	0.000000	0.555895	1	0.450142	0.511158	0.038500	0.000200	
1589000	-301.041336	1	1170	0.415154	0.415154	0.415154	0.415154	1.338547	3.062416	0.415154	1.338547	1	0.279734	0.219164	0.349625	0.151477	
1590000	-301.041336	1	1170	0.415154	0.415154	0.415154	0.415154	1.338547	3.062416	0.415154	1.338547	1	0.279734	0.219164	0.349625	0.151477	
1591000	-305.452929	1	2143	0.620223	0.620223	0.620223	0.620223	2.248789	2.248789	0.000000	0.620223	1	0.435381	0.524996	0.039369	0.000253	
1592000	-304.851487	1	484	0.319156	0.319156	0.319156	0.319156	1.888753	1.888753	0.319156	1.888753	1	0.156965	0.139672	0.346167	0.357196	
1593000	-305.528711	1	2767	0.576654	0.576654	0.576654	0.576654	1.968464	1.968464	0.000000	0.576654	1	0.445747	0.517880	0.036176	0.000197	
1594000	-304.765559	1	481	0.314558	0.314558	0.314558	0.314558	1.818650	1.818650	0.314558	1.818650	1	0.160547	0.141164	0.346985	0.351304	
1595000	-304.629515	1	2645	1.412468	0.584746	0.584746	0.584746	1.412468	3.277491	0.000000	1.412468	1	0.580255	0.391223	0.027352	0.001169	
1596000	-307.387579	1	2140	0.362007	0.362007	0.362007	0.362007	1.908384	1.908384	0.362007	0.362007	1	0.234350	0.160492	0.522104	0.083053	
1597000	-306.372185	1	2530	0.521204	0.521204	0.521204	0.521204	1.738600	1.738600	0.521204	0.521204	1	0.269706	0.260807	0.356756	0.112731	
1598000	-302.711536	1	1537	0.532609	0.532609	0.532609	0.532609	1.373915	3.553725	0.000000	1.373915	1	0.463425	0.519326	0.016679	0.000571	
1599000	-301.406520	1	2602	0.363923	0.363923	0.363923	0.363923	1.138637	3.214188	0.363923	1.138637	1	0.305633	0.199834	0.375144	0.119389	
1600000	-301.406520	1	2602	0.363923	0.363923	0.363923	0.363923	1.138637	3.214188	0.363923	1.138637	1	0.305633	0.199834	0.375144	0.119389	
1601000	-305.920792	1	1767	0.516576	0.516576	0.516576	0.516576	1.915770	1.915770	0.516576	0.516576	1	0.258796	0.242750	0.386234	0.112220	
1602000	-305.360737	1	2820	0.601090	0.601090	0.601090	0.601090	2.155910	2.155910	0.000000	0.601090	1	0.439705	0.521371	0.038691	0.000233	
1603000	-306.254894	1	223	0.589054	0.589054	0.589054	0.589054	2.595434	2.595434	0.000000	0.589054	1	0.439817	0.512544	0.047340	0.000299	
1604000	-304.503996	1	723	0.397320	0.397320	0.898161	0.397320	0.898161	2.315673	0.397320	0.898161	1	0.219313	0.473274	0.207510	0.099903	
1605000	-305.523619	1	2964	0.532572	0.532572	0.532572	0.532572	2.127623	2.127623	0.000000	0.532572	1	0.454573	0.501275	0.043932	0.000221	
1606000	-303.008353	1	2475	0.431085	0.431085	0.431085	0.431085	1.683310	3.192151	0.000000	1.683310	1	0.466935	0.508256	0.023568	0.001242	
1607000	-307.097082	1	1125	0.506977	0.506977	0.506977	0.506977	1.662658	1.662658	0.000000	0.506977	1	0.463074	0.503186	0.033599	0.000140	
1608000	-302.039047	1	954	0.464484	0.464484	0.464484	0.464484	1.256501	2.429299	0.464484	1.256501	1	0.293189	0.263852	0.293757	0.149202	
1609000	-305.957877	1	1663	0.526512	0.526512	0.526512	0.526512	2.129915	2.129915	0.526512	0.526512	1	0.248427	0.231079	0.406497	0.113998	
1610000	-304.178289	1	1940	0.838338	0.580808	0.580808	0.580808	2.548078	2.548078	0.000000	0.838338	1	0.492738	0.457723	0.048904	0.000635	
1611000	-305.447536	1	331	0.278114	0.278114	0.278114	0.278114	1.875188	1.875188	0.278114	1.875188	1	0.137296	0.112985	0.369615	0.380104	
1612000	-301.235193	1	1830	0.429827	0.429827	0.429827	0.429827	1.308978	2.741882	0.429827	1.308978	1	0.282534	0.234718	0.328880	0.153868	
1613000	-304.263165	1	418	0.526296	0.526296	0.526296	0.262197	1.909040	1.909040	0.262197	0.526296	1	0.236972	0.198787	0.445586	0.118655	
1614000	-305.839871	1	576	0.498888	0.498888	0.498888	0.498888	2.095427	2.095427	0.498888	0.498888	1	0.248028	0.221844	0.421143	0.108985	
1615000	-307.232892	1	965	0.492731	0.492731	0.492731	0.492731	1.664775	1.664775	0.000000	0.492731	1	0.466552	0.498007	0.035300	0.000141	
1616000	-306.237375	1	567	0.582240	0.582240	0.582240	0.582240	1.762495	1.762495	0.000000	0.582240	1	0.445342	0.523945	0.030554	0.000160	
1617000	-305.598922	1	662	0.553383	0.553383	0.553383	0.553383	1.956167	1.956167	0.000000	0.553383	1	0.450904	0.511186	0.037717	0.000193	
1618000	-305.974718	1	2928	0.444172	0.444172	0.444172	0.444172	1.984833	1.984833	0.444172	0.444172	1	0.247398	0.203363	0.450146	0.099094	
1619000	-305.711974	1	785	0.516954	0.516954	0.516954	0.516954	2.021044	2.021044	0.000000	0.516954	1	0.458763	0.497857	0.043177	0.000203	
1620000	-305.949538	1	1392	0.509790	0.509790	0.509790	0.509790	2.339285	2.339285	0.000000	0.509790	1	0.458247	0.490181	0.051320	0.000252	
1621000	-305.478840	1	621	0.632471	0.632471	0.632471	0.632471	2.210251	2.210251	0.000000	0.632471	1	0.433146	0.528639	0.037966	0.000249	
1622000	-304.178289	1	1940	0.838338	0.580808	0.580808	0.580808	2.548078	2.548078	0.000000	0.838338	1	0.492738	0.457723	0.048904	0.000635	
1623000	-303.636402	1	1381	1.260122	0.343224	0.343224	0.343224	1.260122	2.775584	0.343224	1.260122	1	0.414889	0.137143	0.303258	0.144710	
1624000	-303.607284	1	392	1.143398	0.330596	0.330596	0.330596	1.143398	2.397077	0.330596	1.143398	1	0.428830	0.142071	0.293718	0.135381	
1625000	-306.270551	1	775	0.719132	0.719132	0.719132	0.719132	2.268859	2.268859	0.000000	0.719132	1	0.417012	0.547004	0.035696	0.000289	
1626000	-306.055344	1	1738	1.260091	0.255052	1.260091	0.255052	1.260091	2.773559	0.255052	1.260091	1	0.227920	0.383521	0.244330	0.144228	
1627000	-306.241639	1	2040	0.564118	0.564118	0.564118	0.564118	2.140819	2.140819	0.564118	0.564118	1	0.249589	0.244518	0.385060	0.120833	
1628000	-305.518433	1	1416	0.534871	0.534871	0.534871	0.534871	2.177746	2.177746	0.000000	0.534871	1	0.453752	0.501219	0.044800	0.000229	
1629000	-305.510164	1	2288	0.588316	0.588316	0.588316	0.588316	1.979001	1.979001	0.000000	0.588316	1	0.443204	0.520972	0.035623	0.000200	
1630000	-305.224404	1	1815	0.317699	0.317699	0.317699	0.317699	2.007116	2.007116	0.317699	2.007116	1	0.147509	0.131868	0.349270	0.371352	
1631000	-306.064708	1	474	0.281497	0.281497	0.281497	0.281497	2.080014	2.080014	0.281497	2.080014	1	0.125357	0.105205	0.369135	0.400303	
1632000	-301.166606	1	1850	0.395188	0.395188	0.395188	0.395188	1.266692	2.624060	0.395188	1.266692	1	0.277279	0.220228	0.345739	0.156754	
1633000	-301.235193	1	1830	0.429827	0.429827	0.429827	0.429827	1.308978	2.741882	0.429827	1.308978	1	0.282534	0.234718	0.328880	0.153868	
1634000	-302.878405	1	1208	0.534738	0.534738	0.534738	0.534738	1.329491	3.495426	0.534738	1.329491	1	0.315494	0.270121	0.289801	0.124584	
1635000	-301.406520	1	2602	0.363923	0.363923	0.363923	0.363923	1.138637	3.214188	0.363923	1.138637	1	0.305633	0.199834	0.375144	0.119389	
1636000	-301.406520	1	2602	0.363923	0.363923	0.363923	0.363923	1.138637	3.214188	0.363923	1.138637	1	0.305633	0.199834	0.375144	0.119389	
1637000	-302.274655	1	1207	0.486627	0.486627	0.486627	0.486627	1.088377	3.119393	0.486627	1.088377	1	0.349740	0.267752	0.282890	0.099618	
1638000	-306.057075	1	2262	0.699850	0.699850	0.699850	0.699850	2.099844	2.099844	0.000000	0.699850	1	0.421005	0.545627	0.033121	0.000248	
1639000	-306.873166	1	1404	0.403756	0.403756	0.403756	0.403756	1.738284	1.738284	0.403756	0.403756	1	0.256263	0.200391	0.451050	0.092296	
1640000	-302.690510	1	218	0.540773	0.540773	0.540773	0.540773	1.595855	3.085038	0.000000	1.595855	1	0.444902	0.534719	0.019530	0.000850	
1641000	-302.583368	1	720	0.530245	0.530245	0.530245	0.530245	1.468851	2.759729	0.000000	1.468851	1	0.449493	0.531970	0.017895	0.000643	
1642000	-306.019763	1	2209	0.698004	0.698004	0.698004	0.698004	2.255507	2.255507	0.000000	0.698004	1	0.420737	0.542884	0.036101	0.000278	
1643000	-304.828239	1	429	0.303890	0.303890	0.303890	0.303890	1.746652	1.746652	0.303890	1.746652	1	0.161610	0.138897	0.351231	0.348262	
1644000	-305.720735	1	247	0.667167	0.667167	0.667167	0.667167	2.115019	2.115019	0.000000	0.667167	1	0.426908	0.538308	0.034543	0.000241	
1645000	-306.638158	1	1589	0.412615	0.412615	0.412615	0.412615	2.242960	2.242960	0.412615	0.412615	1	0.228228	0.171358	0.508246	0.092168	
1646000	-304.765559	1	481	0.314558	0.314558	0.314558	0.314558	1.818650	1.818650	0.314558	1.818650	1	0.160547	0.141164	0.346985	0.351304	
1647000	-305.989161	1	2650	0.697193	0.697193	0.697193	0.697193	2.172166	2.172166	0.000000	0.697193	1	0.421210	0.543936	0.034593	0.000261	
1648000	-305.571023	1	820	0.596534	0.596534	0.596534	0.596534	2.363981	2.363981	0.000000	0.596534	1	0.439562	0.517177	0.042995	0.000267	
1649000	-305.729428	1	2004	0.550350	0.550350	0.550350	0.550350	2.387814	2.387814	0.000000	0.550350	1	0.449089	0.503323	0.047326	0.000262	
1650000	-306.415963	1	1192	0.721727	0.721727	0.721727	0.721727	2.367171	2.367171	0.000000	0.721727	1	0.416174	0.546205	0.037312	0.000309	
1651000	-305.420515	1	1043	0.415899	0.415899	0.631073	0.415899	1.914705	1.914705	0.000000	0.631073	1	0.349915	0.621596	0.028283	0.000207	
1652000	-303.655024	1	610	0.657230	0.288111	0.657230	0.657230	2.416063	2.416063	0.288111	0.657230	1	0.311275	0.375378	0.236448	0.076899	
1653000	-305.942941	1	2277	0.533676	0.533676	0.533676	0.533676	2.007266	2.007266	0.533676	0.533676	1	0.254806	0.242571	0.387332	0.115291	
1654000	-302.274655	1	1207	0.486627	0.486627	0.486627	0.486627	1.088377	3.119393	0.486627	1.088377	1	0.349740	0.267752	0.282890	0.099618	
1655000	-304.388331	1	1233	0.294287	0.294287	0.751672	0.294287	1.636776	1.636776	0.294287	1.636776	1	0.114829	0.325069	0.274809	0.285293	
1656000	-302.756393	1	1788	0.475463	0.475463	0.475463	0.475463	1.471660	3.706873	0.000000	1.471660	1	0.471685	0.508533	0.019006	0.000776	
1657000	-305.556739	1	1719	0.620992	0.620992	0.620992	0.620992	2.001191	2.001191	0.000000	0.620992	1	0.436341	0.529228	0.034222	0.000209	
1658000	-301.235193	1	1830	0.429827	0.429827	0.429827	0.429827	1.308978	2.741882	0.429827	1.308978	1	0.282534	0.234718	0.328880	0.153868	
1659000	-301.041336	1	1170	0.415154	0.415154	0.415154	0.415154	1.338547	3.062416	0.415154	1.338547	1	0.279734	0.219164	0.349625	0.151477	
1660000	-301.041336	1	1170	0.415154	0.415154	0.415154	0.415154	1.338547	3.062416	0.415154	1.338547	1	0.279734	0.219164	0.349625	0.151477	
1661000	-305.729491	1	1304	0.533209	0.533209	0.533209	0.533209	1.940400	1.940400	0.000000	0.533209	1	0.455528	0.505064	0.039219	0.000189	
1662000	-301.166606	1	1850	0.395188	0.395188	0.395188	0.395188	1.266692	2.624060	0.395188	1.266692	1	0.277279	0.220228	0.345739	0.156754	
1663000	-305.405773	1	983	0.557825	0.557825	0.557825	0.557825	2.188376	2.188376	0.000000	0.557825	1	0.448665	0.508398	0.042704	0.000232	
1664000	-305.376259	1	2739	0.598223	0.598223	0.598223	0.598223	2.092301	2.092301	0.000000	0.598223	1	0.440605	0.521641	0.037533	0.000222	
1665000	-305.079082	1	478	0.350497	0.350497	0.350497	0.350497	2.021798	2.021798	0.350497	2.021798	1	0.160674	0.152042	0.332324	0.354961	
1666000	-306.157649	1	2159	0.597983	0.597983	0.597983	0.597983	1.784940	1.784940	0.000000	0.597983	1	0.441881	0.527700	0.030253	0.000165	
1667000	-302.711536	1	1537	0.532609	0.532609	0.532609	0.532609	1.373915	3.553725	0.000000	1.373915	1	0.463425	0.519326	0.016679	0.000571	
1668000	-305.665140	1	2722	0.642438	0.642438	0.642438	0.642438	2.006656	2.006656	0.000000	0.642438	1	0.432054	0.534413	0.033319	0.000214	
1669000	-305.846460	1	2183	0.562342	0.562342	0.562342	0.562342	1.858455	1.858455	0.000000	0.562342	1	0.449369	0.516000	0.034455	0.000176	
1670000	-304.917495	1	1174	0.313855	0.313855	0.313855	0.313855	1.893688	1.893688	0.313855	1.893688	1	0.154067	0.135838	0.349283	0.360812	
1671000	-306.796080	1	2072	0.392146	0.392146	0.392146	0.392146	1.843065	1.843065	0.392146	0.392146	1	0.246383	0.184403	0.479599	0.089615	
1672000	-305.174960	1	469	0.323438	0.323438	0.323438	0.323438	2.008111	2.008111	0.323438	2.008111	1	0.150050	0.135517	0.346220	0.368213	
1673000	-302.711536	1	1537	0.532609	0.532609	0.532609	0.532609	1.373915	3.553725	0.000000	1.373915	1	0.463425	0.519326	0.016679	0.000571	
1674000	-302.364992	1	2855	0.691219	0.186834	0.691219	0.691219	1.962010	1.962010	0.186834	0.691219	1	0.359687	0.444418	0.143784	0.052111	
1675000	-305.501957	1	2011	0.541971	0.541971	0.541971	0.541971	2.053364	2.053364	0.000000	0.541971	1	0.452920	0.505684	0.041187	0.000209	
1676000	-305.920600	1	781	0.454041	0.454041	0.454041	0.454041	2.060984	2.060984	0.454041	0.454041	1	0.244657	0.203204	0.451383	0.100755	
1677000	-305.363506	1	946	0.569163	0.569163	0.569163	0.569163	2.137019	2.137019	0.000000	0.569163	1	0.446510	0.512647	0.040618	0.000225	
1678000	-302.246564	1	2910	0.510213	0.510213	0.510213	0.510213	1.243822	2.757366	0.510213	1.243822	1	0.310361	0.278635	0.279704	0.131300	
1679000	-306.700122	1	537	0.600014	0.600014	0.600014	0.600014	1.913617	1.913617	0.600014	0.600014	1	0.260750	0.274096	0.338422	0.126733	
1680000	-305.670588	1	17	0.651534	0.651534	0.651534	0.651534	2.305625	2.305625	0.000000	0.651534	1	0.429031	0.531886	0.038812	0.000271	
1681000	-301.406520	1	2602	0.363923	0.363923	0.363923	0.363923	1.138637	3.214188	0.363923	1.138637	1	0.305633	0.199834	0.375144	0.119389	
1682000	-305.754412	1	2893	0.673408	0.673408	0.673408	0.673408	2.175733	2.175733	0.000000	0.673408	1	0.425506	0.538752	0.035488	0.000254	
1683000	-307.076764	1	263	0.533574	0.533574	0.533574	0.533574	2.721720	2.721720	0.000000	0.533574	1	0.450630	0.494681	0.054386	0.000302	
1684000	-305.381893	1	1424	0.595462	0.595462	0.595462	0.595462	2.228771	2.228771	0.000000	0.595462	1	0.440496	0.518726	0.040533	0.000245	
1685000	-305.504297	1	2905	0.349399	0.349399	0.349399	0.349399	2.119525	2.119525	0.349399	2.119525	1	0.153646	0.146133	0.334717	0.365504	
1686000	-305.470576	1	112	0.333133	0.333133	0.333133	0.333133	2.096613	2.096613	0.333133	2.096613	1	0.148376	0.137109	0.342527	0.371988	
1687000	-305.848738	1	2071	0.506486	0.506486	0.506486	0.506486	2.259940	2.259940	0.000000	0.506486	1	0.459530	0.490032	0.050198	0.000241	
1688000	-305.477265	1	2499	0.585315	0.585315	0.585315	0.585315	2.311293	2.311293	0.000000	0.585315	1	0.442154	0.514741	0.042849	0.000256	
1689000	-306.618267	1	647	0.575008	0.575008	0.575008	0.575008	1.804624	1.804624	0.575008	0.575008	1	0.266761	0.275414	0.335830	0.121995	
1690000	-306.064708	1	474	0.281497	0.281497	0.281497	0.281497	2.080014	2.080014	0.281497	2.080014	1	0.125357	0.105205	0.369135	0.400303	
1691000	-305.321182	1	948	0.497856	0.497856	0.497856	0.497856	1.742936	3.292028	0.000000	0.497856	1	0.516571	0.423917	0.059209	0.000302	
1692000	-301.906368	1	480	0.490857	0.490857	0.490857	0.490857	1.336197	3.232583	0.490857	1.336197	1	0.301806	0.255146	0.307548	0.135500	
1693000	-307.115485	1	2789	0.372020	0.372020	0.372020	0.372020	2.050849	2.050849	0.372020	0.372020	1	0.228490	0.158124	0.528882	0.084505	
1694000	-302.714298	1	1853	0.504365	0.504365	0.504365	0.504365	1.460455	2.596222	0.000000	1.460455	1	0.453700	0.527530	0.018131	0.000640	
1695000	-306.177311	1	2556	0.503711	0.503711	0.503711	0.503711	1.775467	1.775467	0.503711	0.503711	1	0.266422	0.249547	0.374167	0.109864	
1696000	-305.563618	1	2234	0.622659	0.622659	0.622659	0.622659	2.330694	2.330694	0.000000	0.622659	1	0.434494	0.524494	0.040744	0.000268	
1697000	-306.021900	1	274	0.460129	0.460129	0.460129	0.460129	1.850310	1.850310	0.460129	0.460129	1	0.257669	0.221977	0.418070	0.102283	
1698000	-305.568514	1	1509	0.561310	0.561310	0.561310	0.561310	2.334966	2.334966	0.000000	0.561310	1	0.447065	0.507382	0.045297	0.000256	
1699000	-305.899470	1	2633	0.652628	0.652628	0.652628	0.652628	1.935016	1.935016	0.000000	0.652628	1	0.430322	0.538150	0.031326	0.000202	
1700000	-306.585354	1	1254	0.452828	0.452828	0.452828	0.452828	2.132735	2.132735	0.000000	0.452828	1	0.472596	0.469830	0.057346	0.000227	
1701000	-304.592209	1	2381	0.525695	0.190437	0.525695	0.190437	1.477998	1.477998	0.190437	1.477998	1	0.163312	0.188475	0.323872	0.324342	
1702000	-305.901925	1	1237	0.525957	0.525957	0.525957	0.525957	1.996105	1.996105	0.525957	0.525957	1	0.254988	0.240310	0.390790	0.113913	
1703000	-301.041336	1	1170	0.415154	0.415154	0.415154	0.415154	1.338547	3.062416	0.415154	1.338547	1	0.279734	0.219164	0.349625	0.151477	
1704000	-304.222023	1	1587	0.469477	0.469477	0.469477	0.469477	1.436940	2.811350	0.469477	0.469477	1	0.362836	0.192424	0.388933	0.055807	
1705000	-301.166606	1	1850	0.395188	0.395188	0.395188	0.395188	1.266692	2.624060	0.395188	1.266692	1	0.277279	0.220228	0.345739	0.156754	
1706000	-306.235449	1	2626	0.489062	0.489062	0.489062	0.489062	2.307768	2.307768	0.489062	0.489062	1	0.237370	0.205008	0.450815	0.106807	
1707000	-302.651021	1	794	0.453493	0.453493	0.453493	0.453493	1.341618	2.590446	0.000000	1.341618	1	0.470931	0.510911	0.017612	0.000546	
1708000	-303.267258	1	1017	1.161686	0.402186	0.402186	0.402186	1.161686	3.191476	0.000000	1.161686	1	0.674501	0.293846	0.030722	0.000931	
1709000	-303.432812	1	220	1.083750	0.296794	0.296794	0.296794	1.083750	2.849540	0.296794	1.083750	1	0.441158	0.121078	0.323530	0.114234	
1710000	-302.246564	1	2910	0.510213	0.510213	0.510213	0.510213	1.243822	2.757366	0.510213	1.243822	1	0.310361	0.278635	0.279704	0.131300	
1711000	-306.499899	1	169	0.402942	0.402942	0.402942	0.402942	2.072644	2.072644	0.402942	0.402942	1	0.234831	0.175199	0.499145	0.090825	
1712000	-305.995437	1	2329	0.251375	0.251375	0.251375	0.251375	1.763430	1.763430	0.251375	1.763430	1	0.130738	0.101177	0.384506	0.383579	
1713000	-302.711536	1	1537	0.532609	0.532609	0.532609	0.532609	1.373915	3.553725	0.000000	1.373915	1	0.463425	0.519326	0.016679	0.000571	
1714000	-305.353656	1	828	0.595266	0.595266	0.595266	0.595266	2.168623	2.168623	0.000000	0.595266	1	0.440844	0.519586	0.039336	0.000234	
1715000	-301.235193	1	1830	0.429827	0.429827	0.429827	0.429827	1.308978	2.741882	0.429827	1.308978	1	0.282534	0.234718	0.328880	0.153868	
1716000	-305.429771	1	1553	0.572757	0.572757	0.572757	0.572757	2.029944	2.029944	0.000000	0.572757	1	0.446293	0.515576	0.037924	0.000207	
1717000	-305.176958	1	470	0.306058	0.306058	0.306058	0.306058	1.953928	1.953928	0.306058	1.953928	1	0.145784	0.127173	0.354791	0.372252	
1718000	-305.575107	1	2107	0.562877	0.562877	0.562877	0.562877	1.954979	1.954979	0.000000	0.562877	1	0.448811	0.514102	0.036894	0.000193	
1719000	-301.041336	1	1170	0.415154	0.415154	0.415154	0.415154	1.338547	3.062416	0.415154	1.338547	1	0.279734	0.219164	0.349625	0.151477	
1720000	-302.756393	1	1788	0.475463	0.475463	0.475463	0.475463	1.471660	3.706873	0.000000	1.471660	1	0.471685	0.508533	0.019006	0.000776	
1721000	-305.966388	1	2948	0.530910	0.530910	0.530910	0.530910	1.940551	1.940551	0.530910	0.530910	1	0.258184	0.246665	0.380396	0.114754	
1722000	-306.706642	1	2634	0.545208	0.545208	0.545208	0.545208	2.405932	2.405932	0.545208	0.545208	1	0.238062	0.222196	0.422525	0.117217	
1723000	-301.041336	1	1170	0.415154	0.415154	0.415154	0.415154	1.338547	3.062416	0.415154	1.338547	1	0.279734	0.219164	0.349625	0.151477	
1724000	-305.696323	1	2866	0.556201	0.556201	0.556201	0.556201	1.912079	1.912079	0.000000	0.556201	1	0.450493	0.512974	0.036348	0.000185	
1725000	-301.166606	1	1850	0.395188	0.395188	0.395188	0.395188	1.266692	2.624060	0.395188	1.266692	1	0.277279	0.220228	0.345739	0.156754	
1726000	-302.690510	1	218	0.540773	0.540773	0.540773	0.540773	1.595855	3.085038	0.000000	1.595855	1	0.444902	0.534719	0.019530	0.000850	
1727000	-306.285895	1	1876	0.526411	0.526411	0.526411	0.526411	1.772272	1.772272	0.526411	0.526411	1	0.267778	0.259696	0.358832	0.113694	
1728000	-305.357462	1	265	0.572566	0.572566	0.572566	0.572566	2.137980	2.137980	0.000000	0.572566	1	0.445776	0.513635	0.040363	0.000226	
1729000	-301.235193	1	1830	0.429827	0.429827	0.429827	0.429827	1.308978	2.741882	0.429827	1.308978	1	0.282534	0.234718	0.328880	0.153868	
1730000	-305.784372	1	659	0.523170	0.523170	0.523170	0.523170	2.323445	2.323445	0.000000	0.523170	1	0.455401	0.495140	0.049209	0.000250	
1731000	-306.068619	1	1737	0.433384	0.433384	0.433384	0.433384	1.989378	1.989378	0.433384	0.433384	1	0.245406	0.197358	0.460186	0.097050	
1732000	-305.408133	1	1728	0.613884	0.613884	0.613884	0.613884	2.103996	2.103996	0.000000	0.613884	1	0.437339	0.525601	0.036833	0.000226	
1733000	-301.894467	1	713	0.494655	0.494655	0.494655	0.494655	1.342936	3.029553	0.494655	1.342936	1	0.296875	0.259849	0.301777	0.141498	
1734000	-305.944858	1	2173	0.688461	0.688461	0.688461	0.688461	2.087925	2.087925	0.000000	0.688461	1	0.423090	0.543422	0.033246	0.000242	
1735000	-303.706123	1	1854	0.539357	0.539357	0.539357	0.539357	1.456586	2.266310	0.000000	1.456586	1	0.442704	0.539448	0.017288	0.000560	
1736000	-304.018557	1	293	1.065425	0.461998	0.461998	0.461998	1.065425	3.222295	0.461998	1.065425	1	0.459683	0.210963	0.243089	0.086265	
1737000	-306.279861	1	1348	0.675392	0.675392	0.675392	0.675392	2.511944	2.511944	0.000000	0.675392	1	0.423652	0.534797	0.041235	0.000316	
1738000	-305.989295	1	2786	0.539555	0.539555	0.539555	0.539555	1.985969	1.985969	0.539555	0.539555	1	0.256161	0.246514	0.381005	0.116320	
1739000	-302.168152	1	1807	0.368721	0.368721	0.368721	0.368721	1.024492	3.354034	0.368721	1.024492	1	0.341785	0.205596	0.357871	0.094747	
1740000	-306.258905	1	398	0.540357	0.540357	0.540357	0.540357	2.261369	2.261369	0.540357	0.540357	1	0.243443	0.228291	0.411808	0.116458	
1741000	-305.515250	1	106	0.555895	0.555895	0.555895	0.555895	1.996365	1.996365	0.000000	0.555895	1	0.450142	0.511158	0.038500	0.000200	
1742000	-302.714298	1	1853	0.504365	0.504365	0.504365	0.504365	1.460455	2.596222	0.000000	1.460455	1	0.453700	0.527530	0.018131	0.000640	
1743000	-306.315087	1	862	0.495348	0.495348	0.495348	0.495348	1.729737	1.729737	0.495348	0.495348	1	0.268871	0.250189	0.372556	0.108384	
1744000	-303.130959	1	2121	0.815390	0.219691	0.815390	0.219691	2.016339	2.016339	0.219691	0.815390	1	0.167232	0.235307	0.398935	0.198525	
1745000	-305.579733	1	453	0.588815	0.588815	0.588815	0.588815	1.946904	1.946904	0.000000	0.588815	1	0.443238	0.521740	0.034828	0.000194	
1746000	-302.756393	1	1788	0.475463	0.475463	0.475463	0.475463	1.471660	3.706873	0.000000	1.471660	1	0.471685	0.508533	0.019006	0.000776	
1747000	-305.224404	1	1815	0.317699	0.317699	0.317699	0.317699	2.007116	2.007116	0.317699	2.007116	1	0.147509	0.131868	0.349270	0.371352	
1748000	-302.274655	1	1207	0.486627	0.486627	0.486627	0.486627	1.088377	3.119393	0.486627	1.088377	1	0.349740	0.267752	0.282890	0.099618	
1749000	-305.839871	1	576	0.498888	0.498888	0.498888	0.498888	2.095427	2.095427	0.498888	0.498888	1	0.248028	0.221844	0.421143	0.108985	
1750000	-305.711920	1	2777	0.521377	0.521377	0.521377	0.521377	1.993905	1.993905	0.000000	0.521377	1	0.457919	0.499946	0.041937	0.000199	
1751000	-306.571900	1	2424	0.556261	0.556261	0.556261	0.556261	2.647040	2.647040	0.000000	0.556261	1	0.446287	0.502494	0.050921	0.000298	
1752000	-301.166606	1	1850	0.395188	0.395188	0.395188	0.395188	1.266692	2.624060	0.395188	1.266692	1	0.277279	0.220228	0.345739	0.156754	
1753000	-301.166606	1	1850	0.395188	0.395188	0.395188	0.395188	1.266692	2.624060	0.395188	1.266692	1	0.277279	0.220228	0.345739	0.156754	
1754000	-306.578831	1	932	0.457239	0.457239	0.457239	0.457239	1.678349	1.678349	0.457239	0.457239	1	0.269045	0.236599	0.392435	0.101921	
1755000	-305.370042	1	2838	0.579358	0.579358	0.579358	0.579358	2.085440	2.085440	0.000000	0.579358	1	0.444601	0.516493	0.038688	0.000218	
1756000	-305.811555	1	1294	0.501956	0.501956	0.501956	0.501956	2.159718	2.159718	0.000000	0.501956	1	0.461249	0.489882	0.048643	0.000226	
1757000	-305.184704	1	2327	0.291117	0.291117	0.291117	0.291117	1.870397	1.870397	0.291117	1.870397	1	0.144549	0.122003	0.361932	0.371517	
1758000	-305.515250	1	106	0.555895	0.555895	0.555895	0.555895	1.996365	1.996365	0.000000	0.555895	1	0.450142	0.511158	0.038500	0.000200	
1759000	-305.874951	1	1360	0.460535	0.460535	0.460535	0.460535	2.039524	2.039524	0.460535	0.460535	1	0.246697	0.207846	0.443441	0.102015	
1760000	-306.403713	1	2632	0.555483	0.555483	0.555483	0.555483	1.807827	1.807827	0.555483	0.555483	1	0.266417	0.267905	0.346970	0.118708	
1761000	-301.406520	1	2602	0.363923	0.363923	0.363923	0.363923	1.138637	3.214188	0.363923	1.138637	1	0.305633	0.199834	0.375144	0.119389	
1762000	-303.706123	1	1854	0.539357	0.539357	0.539357	0.539357	1.456586	2.266310	0.000000	1.456586	1	0.442704	0.539448	0.017288	0.000560	
1763000	-302.583368	1	720	0.530245	0.530245	0.530245	0.530245	1.468851	2.759729	0.000000	1.468851	1	0.449493	0.531970	0.017895	0.000643	
1764000	-303.130959	1	2121	0.815390	0.219691	0.815390	0.219691	2.016339	2.016339	0.219691	0.815390	1	0.167232	0.235307	0.398935	0.198525	
1765000	-305.889849	1	2852	0.522397	0.522397	0.522397	0.522397	1.981882	1.981882	0.522397	0.522397	1	0.255535	0.239935	0.391255	0.113276	
1766000	-305.423140	1	2357	0.561596	0.561596	0.561596	0.561596	2.054736	2.054736	0.000000	0.561596	1	0.448586	0.511800	0.039404	0.000211	
1767000	-306.281299	1	1185	0.505754	0.505754	0.505754	0.505754	2.450151	2.450151	0.000000	0.505754	1	0.458376	0.487415	0.053942	0.000267	
1768000	-305.948841	1	844	0.450284	0.450284	0.450284	0.450284	2.067305	2.067305	0.450284	0.450284	1	0.243776	0.200912	0.455278	0.100033	
1769000	-305.434261	1	1056	0.617522	0.617522	0.617522	0.617522	2.237171	2.237171	0.000000	0.617522	1	0.435977	0.524470	0.039303	0.000251	
1770000	-306.155348	1	641	0.494477	0.494477	0.494477	0.494477	1.776446	1.776446	0.494477	0.494477	1	0.265730	0.245247	0.380730	0.108293	
1771000	-304.888835	1	1218	0.318449	0.318449	0.318449	0.318449	1.901398	1.901398	0.318449	1.901398	1	0.155639	0.138417	0.346860	0.359084	
1772000	-306.841941	1	2870	0.394744	0.394744	0.394744	0.394744	2.200642	2.200642	0.394744	0.394744	1	0.226286	0.163622	0.521417	0.088675	
1773000	-305.385228	1	1667	0.580244	0.580244	0.580244	0.580244	2.232490	2.232490	0.000000	0.580244	1	0.443642	0.514399	0.041717	0.000242	
1774000	-301.235193	1	1830	0.429827	0.429827	0.429827	0.429827	1.308978	2.741882	0.429827	1.308978	1	0.282534	0.234718	0.328880	0.153868	
1775000	-304.765559	1	481	0.314558	0.314558	0.314558	0.314558	1.818650	1.818650	0.314558	1.818650	1	0.160547	0.141164	0.346985	0.351304	
1776000	-305.388893	1	1257	0.603535	0.603535	0.603535	0.603535	2.223554	2.223554	0.000000	0.603535	1	0.438868	0.520993	0.039894	0.000245	
1777000	-301.166606	1	1850	0.395188	0.395188	0.395188	0.395188	1.266692	2.624060	0.395188	1.266692	1	0.277279	0.220228	0.345739	0.156754	
1778000	-303.008353	1	2475	0.431085	0.431085	0.431085	0.431085	1.683310	3.192151	0.000000	1.683310	1	0.466935	0.508256	0.023568	0.001242	
1779000	-305.274309	1	1612	0.317870	0.317870	0.317870	0.317870	2.020820	2.020820	0.317870	2.020820	1	0.146645	0.131255	0.349384	0.372716	
1780000	-302.364992	1	2855	0.691219	0.186834	0.691219	0.691219	1.962010	1.962010	0.186834	0.691219	1	0.359687	0.444418	0.143784	0.052111	
1781000	-301.406520	1	2602	0.363923	0.363923	0.363923	0.363923	1.138637	3.214188	0.363923	1.138637	1	0.305633	0.199834	0.375144	0.119389	
1782000	-301.406520	1	2602	0.363923	0.363923	0.363923	0.363923	1.138637	3.214188	0.363923	1.138637	1	0.305633	0.199834	0.375144	0.119389	
1783000	-301.166606	1	1850	0.395188	0.395188	0.395188	0.395188	1.266692	2.624060	0.395188	1.266692	1	0.277279	0.220228	0.345739	0.156754	
1784000	-303.636402	1	1381	1.260122	0.343224	0.343224	0.343224	1.260122	2.775584	0.343224	1.260122	1	0.414889	0.137143	0.303258	0.144710	
1785000	-306.089260	1	2407	0.527193	0.527193	0.527193	0.527193	2.215024	2.215024	0.527193	0.527193	1	0.244632	0.225984	0.415321	0.114063	
1786000	-305.504297	1	2905	0.349399	0.349399	0.349399	0.349399	2.119525	2.119525	0.349399	2.119525	1	0.153646	0.146133	0.334717	0.365504	
1787000	-301.235193	1	1830	0.429827	0.429827	0.429827	0.429827	1.308978	2.741882	0.429827	1.308978	1	0.282534	0.234718	0.328880	0.153868	
1788000	-305.645499	1	1789	0.837055	0.488374	0.837055	0.488374	0.837055	2.453037	0.488374	0.837055	1	0.353000	0.401610	0.166074	0.079316	
1789000	-305.403001	1	1152	0.589603	0.589603	0.589603	0.589603	2.255331	2.255331	0.000000	0.589603	1	0.441567	0.516720	0.041466	0.000248	
1790000	-305.835225	1	1411	0.633096	0.633096	0.633096	0.633096	1.910369	1.910369	0.000000	0.633096	1	0.434243	0.533978	0.031585	0.000194	
1791000	-306.308315	1	2732	0.579631	0.579631	0.579631	0.579631	2.604964	2.604964	0.000000	0.579631	1	0.441685	0.509796	0.048221	0.000298	
1792000	-302.714298	1	1853	0.504365	0.504365	0.504365	0.504365	1.460455	2.596222	0.000000	1.460455	1	0.453700	0.527530	0.018131	0.000640	
1793000	-305.358793	1	827	0.599280	0.599280	0.599280	0.599280	2.168527	2.168527	0.000000	0.599280	1	0.440015	0.520682	0.039067	0.000235	
1794000	-305.387517	1	2580	0.668694	0.668694	0.668694	0.668694	2.212898	2.909224	0.000000	0.668694	1	0.437136	0.525383	0.037178	0.000303	
1795000	-305.788021	1	338	0.655266	0.655266	0.655266	0.655266	2.365758	2.365758	0.000000	0.655266	1	0.428047	0.531972	0.039698	0.000283	
1796000	-305.848738	1	2071	0.506486	0.506486	0.506486	0.506486	2.259940	2.259940	0.000000	0.506486	1	0.459530	0.490032	0.050198	0.000241	
1797000	-305.949168	1	2927	0.514528	0.514528	0.514528	0.514528	1.907669	1.907669	0.000000	0.514528	1	0.460014	0.499407	0.040395	0.000184	
1798000	-306.490070	1	2264	0.491729	0.491729	0.491729	0.491729	2.457530	2.457530	0.000000	0.491729	1	0.461402	0.482024	0.056306	0.000267	
1799000	-302.651021	1	794	0.453493	0.453493	0.453493	0.453493	1.341618	2.590446	0.000000	1.341618	1	0.470931	0.510911	0.017612	0.000546	
1800000	-304.592209	1	2381	0.525695	0.190437	0.525695	0.190437	1.477998	1.477998	0.190437	1.477998	1	0.163312	0.188475	0.323872	0.324342	
1801000	-304.315244	1	360	0.951745	0.417552	0.417552	0.417552	0.951745	2.381957	0.000000	0.951745	1	0.646397	0.330706	0.022512	0.000385	
1802000	-305.804755	1	2287	0.566902	0.566902	0.566902	0.566902	2.444773	2.444773	0.000000	0.566902	1	0.445241	0.507737	0.046749	0.000273	
1803000	-301.406520	1	2602	0.363923	0.363923	0.363923	0.363923	1.138637	3.214188	0.363923	1.138637	1	0.305633	0.199834	0.375144	0.119389	
1804000	-303.812006	1	2479	1.399741	0.444102	0.444102	0.444102	1.399741	2.782958	0.000000	1.399741	1	0.647495	0.314920	0.035963	0.001622	
1805000	-304.085912	1	92	0.486825	0.486825	0.486825	0.486825	0.836872	2.691512	0.486825	0.836872	1	0.410859	0.282596	0.236836	0.069709	
1806000	-306.119387	1	1489	0.478438	0.478438	0.478438	0.478438	2.256901	2.256901	0.478438	0.478438	1	0.238347	0.203045	0.453701	0.104907	
1807000	-302.651021	1	794	0.453493	0.453493	0.453493	0.453493	1.341618	2.590446	0.000000	1.341618	1	0.470931	0.510911	0.017612	0.000546	
1808000	-306.208155	1	2726	0.505288	0.505288	0.505288	0.505288	2.296346	2.296346	0.505288	0.505288	1	0.239468	0.212487	0.438161	0.109883	
1809000	-305.955786	1	382	0.471173	0.471173	0.471173	0.471173	2.165742	2.165742	0.471173	0.471173	1	0.241658	0.204919	0.449690	0.103734	
1810000	-305.420515	1	1043	0.415899	0.415899	0.631073	0.415899	1.914705	1.914705	0.000000	0.631073	1	0.349915	0.621596	0.028283	0.000207	
1811000	-307.695555	1	2492	0.541213	0.541213	0.541213	0.541213	1.520994	1.520994	0.541213	0.541213	1	0.285360	0.293791	0.306098	0.114751	
1812000	-301.041336	1	1170	0.415154	0.415154	0.415154	0.415154	1.338547	3.062416	0.415154	1.338547	1	0.279734	0.219164	0.349625	0.151477	
1813000	-302.878405	1	1208	0.534738	0.534738	0.534738	0.534738	1.329491	3.495426	0.534738	1.329491	1	0.315494	0.270121	0.289801	0.124584	
1814000	-305.957877	1	1663	0.526512	0.526512	0.526512	0.526512	2.129915	2.129915	0.526512	0.526512	1	0.248427	0.231079	0.406497	0.113998	
1815000	-305.665177	1	2801	0.641794	0.641794	0.641794	0.641794	2.004305	2.004305	0.000000	0.641794	1	0.432189	0.534301	0.033296	0.000214	
1816000	-301.041336	1	1170	0.415154	0.415154	0.415154	0.415154	1.338547	3.062416	0.415154	1.338547	1	0.279734	0.219164	0.349625	0.151477	
1817000	-302.651021	1	794	0.453493	0.453493	0.453493	0.453493	1.341618	2.590446	0.000000	1.341618	1	0.470931	0.510911	0.017612	0.000546	
1818000	-302.168152	1	1807	0.368721	0.368721	0.368721	0.368721	1.024492	3.354034	0.368721	1.024492	1	0.341785	0.205596	0.357871	0.094747	
1819000	-305.468104	1	1316	0.303620	0.303620	0.303620	0.303620	2.027425	2.027425	0.303620	2.027425	1	0.139528	0.121742	0.357079	0.381651	
1820000	-303.781811	1	1625	0.649850	0.649850	0.649850	0.649850	1.468267	2.804783	0.000000	1.468267	1	0.427283	0.555732	0.016425	0.000560	
1821000	-305.488344	1	425	0.392306	0.392306	0.392306	0.234652	1.707355	1.707355	0.392306	1.707355	1	0.129433	0.106311	0.383051	0.381205	
1822000	-304.296712	1	1114	0.886185	0.332380	0.886185	0.332380	0.886185	3.327322	0.332380	0.886185	1	0.338845	0.373663	0.213829	0.073662	
1823000	-306.046941	1	1315	0.310544	0.310544	0.310544	0.310544	2.171771	2.171771	0.310544	2.171771	1	0.133870	0.119548	0.354635	0.391947	
1824000	-305.967239	1	471	0.264083	0.264083	0.264083	0.264083	1.515818	1.515818	0.264083	1.515818	1	0.162758	0.128516	0.369165	0.339561	
1825000	-304.721563	1	1598	0.699165	0.699165	0.699165	0.699165	1.531000	2.777117	0.000000	1.531000	1	0.416068	0.566348	0.016971	0.000612	
1826000	-301.235193	1	1830	0.429827	0.429827	0.429827	0.429827	1.308978	2.741882	0.429827	1.308978	1	0.282534	0.234718	0.328880	0.153868	
1827000	-302.168152	1	1807	0.368721	0.368721	0.368721	0.368721	1.024492	3.354034	0.368721	1.024492	1	0.341785	0.205596	0.357871	0.094747	
1828000	-305.892146	1	1600	0.263650	0.263650	0.263650	0.263650	1.914971	1.914971	0.263650	1.914971	1	0.126511	0.101281	0.378331	0.393876	
1829000	-306.235310	1	1391	0.647746	0.647746	0.647746	0.647746	2.555419	2.555419	0.000000	0.647746	1	0.428545	0.528004	0.043139	0.000312	
1830000	-305.522744	1	105	0.587168	0.587168	0.587168	0.587168	2.338756	2.338756	0.000000	0.587168	1	0.441620	0.514902	0.043217	0.000261	
1831000	-305.877391	1	544	0.662375	0.662375	0.662375	0.662375	1.976088	1.976088	0.000000	0.662375	1	0.428318	0.539619	0.031850	0.000213	
1832000	-305.362763	1	174	0.569462	0.569462	0.569462	0.569462	2.149428	2.149428	0.000000	0.569462	1	0.446378	0.512533	0.040861	0.000227	
1833000	-304.629515	1	2645	1.412468	0.584746	0.584746	0.584746	1.412468	3.277491	0.000000	1.412468	1	0.580255	0.391223	0.027352	0.001169	
1834000	-305.878100	1	1365	0.506794	0.506794	0.506794	0.506794	1.974139	1.974139	0.000000	0.506794	1	0.461400	0.495169	0.043235	0.000196	
1835000	-301.235193	1	1830	0.429827	0.429827	0.429827	0.429827	1.308978	2.741882	0.429827	1.308978	1	0.282534	0.234718	0.328880	0.153868	
1836000	-305.389418	1	727	0.560182	0.560182	0.560182	0.560182	2.166274	2.166274	0.000000	0.560182	1	0.448282	0.509469	0.042020	0.000229	
1837000	-302.039047	1	954	0.464484	0.464484	0.464484	0.464484	1.256501	2.429299	0.464484	1.256501	1	0.293189	0.263852	0.293757	0.149202	
1838000	-303.130959	1	2121	0.815390	0.219691	0.815390	0.219691	2.016339	2.016339	0.219691	0.815390	1	0.167232	0.235307	0.398935	0.198525	
1839000	-305.362468	1	2397	0.584560	0.584560	0.584560	0.584560	2.095585	2.095585	0.000000	0.584560	1	0.443448	0.517800	0.038532	0.000220	
1840000	-305.442398	1	119	0.556223	0.556223	0.556223	0.556223	2.051480	2.051480	0.000000	0.556223	1	0.449778	0.510217	0.039795	0.000210	
1841000	-302.168152	1	1807	0.368721	0.368721	0.368721	0.368721	1.024492	3.354034	0.368721	1.024492	1	0.341785	0.205596	0.357871	0.094747	
1842000	-306.381722	1	463	0.320964	0.320964	0.320964	0.320964	2.250856	2.250856	0.320964	2.250856	1	0.134092	0.122778	0.349935	0.393196	
1843000	-305.812623	1	262	0.488801	0.488801	0.488801	0.488801	1.971570	1.971570	0.488801	0.488801	1	0.253584	0.226117	0.413017	0.107282	
1844000	-303.432812	1	220	1.083750	0.296794	0.296794	0.296794	1.083750	2.849540	0.296794	1.083750	1	0.441158	0.121078	0.323530	0.114234	
1845000	-301.041336	1	1170	0.415154	0.415154	0.415154	0.415154	1.338547	3.062416	0.415154	1.338547	1	0.279734	0.219164	0.349625	0.151477	
1846000	-305.838773	1	2975	0.551480	0.551480	0.551480	0.551480	1.869285	1.869285	0.000000	0.551480	1	0.451750	0.512461	0.035612	0.000177	
1847000	-303.761549	1	1793	0.562146	0.562146	0.562146	0.562146	1.990292	1.990292	0.000000	1.027810	1	0.433397	0.537524	0.028618	0.000461	
1848000	-306.810771	1	2279	0.459108	0.459108	0.459108	0.459108	2.373539	2.373539	0.000000	0.459108	1	0.469180	0.469273	0.061288	0.000259	
1849000	-302.168152	1	1807	0.368721	0.368721	0.368721	0.368721	1.024492	3.354034	0.368721	1.024492	1	0.341785	0.205596	0.357871	0.094747	
1850000	-305.650421	1	2411	0.532866	0.532866	0.532866	0.532866	1.981021	1.981021	0.000000	0.532866	1	0.455379	0.504104	0.040321	0.000196	
1851000	-301.906368	1	480	0.490857	0.490857	0.490857	0.490857	1.336197	3.232583	0.490857	1.336197	1	0.301806	0.255146	0.307548	0.135500	
1852000	-306.047594	1	2923	0.698714	0.698714	0.698714	0.698714	2.281358	2.281358	0.000000	0.698714	1	0.420506	0.542671	0.036540	0.000283	
1853000	-305.819196	1	1395	0.490834	0.490834	0.490834	0.490834	1.960689	1.960689	0.490834	0.490834	1	0.254374	0.227872	0.410099	0.107655	
1854000	-305.494674	1	2761	0.557089	0.557089	0.557089	0.557089	2.007096	2.007096	0.000000	0.557089	1	0.449823	0.511317	0.038658	0.000202	
1855000	-305.696323	1	2866	0.556201	0.556201	0.556201	0.556201	1.912079	1.912079	0.000000	0.556201	1	0.450493	0.512974	0.036348	0.000185	
1856000	-302.651021	1	794	0.453493	0.453493	0.453493	0.453493	1.341618	2.590446	0.000000	1.341618	1	0.470931	0.510911	0.017612	0.000546	
1857000	-304.222023	1	1587	0.469477	0.469477	0.469477	0.469477	1.436940	2.811350	0.469477	0.469477	1	0.362836	0.192424	0.388933	0.055807	
1858000	-305.446083	1	882	0.586489	0.586489	0.586489	0.586489	2.015360	2.015360	0.000000	0.586489	1	0.443427	0.519774	0.036593	0.000206	
1859000	-307.636744	1	840	0.598231	0.598231	0.598231	0.598231	1.557743	1.557743	0.000000	0.598231	1	0.442268	0.533459	0.024150	0.000123	
1860000	-301.906368	1	480	0.490857	0.490857	0.490857	0.490857	1.336197	3.232583	0.490857	1.336197	1	0.301806	0.255146	0.307548	0.135500	
1861000	-306.816337	1	2134	0.503243	0.503243	0.503243	0.503243	1.624210	1.624210	0.503243	0.503243	1	0.276724	0.265028	0.348831	0.109418	
1862000	-302.756393	1	1788	0.475463	0.475463	0.475463	0.475463	1.471660	3.706873	0.000000	1.471660	1	0.471685	0.508533	0.019006	0.000776	
1863000	-303.008353	1	2475	0.431085	0.431085	0.431085	0.431085	1.683310	3.192151	0.000000	1.683310	1	0.466935	0.508256	0.023568	0.001242	
1864000	-306.101986	1	658	0.617860	0.617860	0.617860	0.617860	1.813894	1.813894	0.000000	0.617860	1	0.437635	0.532205	0.029987	0.000173	
1865000	-303.130959	1	2121	0.815390	0.219691	0.815390	0.219691	2.016339	2.016339	0.219691	0.815390	1	0.167232	0.235307	0.398935	0.198525	
1866000	-302.246564	1	2910	0.510213	0.510213	0.510213	0.510213	1.243822	2.757366	0.510213	1.243822	1	0.310361	0.278635	0.279704	0.131300	
1867000	-302.714298	1	1853	0.504365	0.504365	0.504365	0.504365	1.460455	2.596222	0.000000	1.460455	1	0.453700	0.527530	0.018131	0.000640	
1868000	-305.629497	1	182	0.545788	0.545788	0.545788	0.545788	1.955771	1.955771	0.000000	0.545788	1	0.452602	0.508815	0.038390	0.000192	
1869000	-303.706123	1	1854	0.539357	0.539357	0.539357	0.539357	1.456586	2.266310	0.000000	1.456586	1	0.442704	0.539448	0.017288	0.000560	
1870000	-303.761549	1	1793	0.562146	0.562146	0.562146	0.562146	1.990292	1.990292	0.000000	1.027810	1	0.433397	0.537524	0.028618	0.000461	
1871000	-303.607284	1	392	1.143398	0.330596	0.330596	0.330596	1.143398	2.397077	0.330596	1.143398	1	0.428830	0.142071	0.293718	0.135381	
1872000	-302.816780	1	2531	0.676638	0.334925	0.676638	0.334925	2.243501	2.243501	0.334925	0.676638	1	0.199697	0.238259	0.409732	0.152312	
1873000	-302.246564	1	2910	0.510213	0.510213	0.510213	0.510213	1.243822	2.757366	0.510213	1.243822	1	0.310361	0.278635	0.279704	0.131300	
1874000	-303.607284	1	392	1.143398	0.330596	0.330596	0.330596	1.143398	2.397077	0.330596	1.143398	1	0.428830	0.142071	0.293718	0.135381	
1875000	-306.401525	1	671	0.474698	0.474698	0.474698	0.474698	1.707419	1.707419	0.474698	0.474698	1	0.268747	0.242532	0.383838	0.104883	
1876000	-306.087206	1	233	0.647593	0.647593	0.647593	0.647593	1.863826	1.863826	0.000000	0.647593	1	0.431519	0.538384	0.029910	0.000188	
1877000	-306.950400	1	654	0.590910	0.590910	0.590910	0.590910	1.762689	1.762689	0.590910	0.590910	1	0.269081	0.285076	0.321398	0.124445	
1878000	-303.008353	1	2475	0.431085	0.431085	0.431085	0.431085	1.683310	3.192151	0.000000	1.683310	1	0.466935	0.508256	0.023568	0.001242	
1879000	-301.406520	1	2602	0.363923	0.363923	0.363923	0.363923	1.138637	3.214188	0.363923	1.138637	1	0.305633	0.199834	0.375144	0.119389	
1880000	-305.743204	1	958	0.552898	0.552898	0.552898	0.552898	1.898906	1.898906	0.000000	0.552898	1	0.451293	0.512244	0.036280	0.000183	
1881000	-305.349429	1	2831	0.584833	0.584833	0.584833	0.584833	2.128134	2.128134	0.000000	0.584833	1	0.443226	0.517331	0.039217	0.000226	
1882000	-302.711536	1	1537	0.532609	0.532609	0.532609	0.532609	1.373915	3.553725	0.000000	1.373915	1	0.463425	0.519326	0.016679	0.000571	
1883000	-302.714298	1	1853	0.504365	0.504365	0.504365	0.504365	1.460455	2.596222	0.000000	1.460455	1	0.453700	0.527530	0.018131	0.000640	
1884000	-301.041336	1	1170	0.415154	0.415154	0.415154	0.415154	1.338547	3.062416	0.415154	1.338547	1	0.279734	0.219164	0.349625	0.151477	
1885000	-302.714298	1	1853	0.504365	0.504365	0.504365	0.504365	1.460455	2.596222	0.000000	1.460455	1	0.453700	0.527530	0.018131	0.000640	
1886000	-302.714298	1	1853	0.504365	0.504365	0.504365	0.504365	1.460455	2.596222	0.000000	1.460455	1	0.453700	0.527530	0.018131	0.000640	
1887000	-304.994976	1	215	0.292720	0.292720	0.292720	0.292720	1.703338	1.703338	0.292720	1.703338	1	0.159783	0.134238	0.356842	0.349137	
1888000	-302.711536	1	1537	0.532609	0.532609	0.532609	0.532609	1.373915	3.553725	0.000000	1.373915	1	0.463425	0.519326	0.016679	0.000571	
1889000	-301.906368	1	480	0.490857	0.490857	0.490857	0.490857	1.336197	3.232583	0.490857	1.336197	1	0.301806	0.255146	0.307548	0.135500	
1890000	-306.012289	1	276	0.583693	0.583693	0.583693	0.583693	1.812205	1.812205	0.000000	0.583693	1	0.444862	0.523191	0.031779	0.000169	
1891000	-305.804755	1	2287	0.566902	0.566902	0.566902	0.566902	2.444773	2.444773	0.000000	0.566902	1	0.445241	0.507737	0.046749	0.000273	
1892000	-305.596573	1	991	0.532830	0.532830	0.532830	0.532830	2.016434	2.016434	0.000000	0.532830	1	0.455183	0.503387	0.041228	0.000203	
1893000	-306.829503	1	592	0.709095	0.709095	0.709095	0.709095	2.589180	2.589180	0.000000	0.709095	1	0.417365	0.541097	0.041194	0.000345	
1894000	-301.235193	1	1830	0.429827	0.429827	0.429827	0.429827	1.308978	2.741882	0.429827	1.308978	1	0.282534	0.234718	0.328880	0.153868	
1895000	-302.878405	1	1208	0.534738	0.534738	0.534738	0.534738	1.329491	3.495426	0.534738	1.329491	1	0.315494	0.270121	0.289801	0.124584	
1896000	-302.168152	1	1807	0.368721	0.368721	0.368721	0.368721	1.024492	3.354034	0.368721	1.024492	1	0.341785	0.205596	0.357871	0.094747	
1897000	-303.267258	1	1017	1.161686	0.402186	0.402186	0.402186	1.161686	3.191476	0.000000	1.161686	1	0.674501	0.293846	0.030722	0.000931	
1898000	-305.360737	1	2820	0.601090	0.601090	0.601090	0.601090	2.155910	2.155910	0.000000	0.601090	1	0.439705	0.521371	0.038691	0.000233	
1899000	-305.377921	1	2807	0.597101	0.597101	0.597101	0.597101	2.087269	2.087269	0.000000	0.597101	1	0.440862	0.521421	0.037496	0.000221	
1900000	-306.003553	1	668	0.505613	0.505613	0.505613	0.505613	2.207335	2.207335	0.505613	0.505613	1	0.243349	0.217681	0.428889	0.110081	
1901000	-301.166606	1	1850	0.395188	0.395188	0.395188	0.395188	1.266692	2.624060	0.395188	1.266692	1	0.277279	0.220228	0.345739	0.156754	
1902000	-305.746367	1	2230	0.548297	0.548297	0.548297	0.548297	1.903645	1.903645	0.000000	0.548297	1	0.452303	0.510711	0.036803	0.000183	
1903000	-302.711536	1	1537	0.532609	0.532609	0.532609	0.532609	1.373915	3.553725	0.000000	1.373915	1	0.463425	0.519326	0.016679	0.000571	
1904000	-305.882021	1	1614	0.275254	0.275254	0.275254	0.275254	2.001999	2.001999	0.275254	2.001999	1	0.126971	0.104673	0.372240	0.396117	
1905000	-305.681686	1	1010	0.611632	0.611632	0.611632	0.611632	2.406378	2.406378	0.000000	0.611632	1	0.436294	0.520694	0.042735	0.000277	
1906000	-305.189501	1	2099	0.310886	0.310886	0.310886	0.310886	1.976273	1.976273	0.310886	1.976273	1	0.146495	0.129107	0.352481	0.371916	
1907000	-306.026687	1	892	0.530503	0.530503	0.530503	0.530503	1.843668	1.843668	0.000000	0.530503	1	0.456657	0.506352	0.036819	0.000172	
1908000	-301.041336	1	1170	0.415154	0.415154	0.415154	0.415154	1.338547	3.062416	0.415154	1.338547	1	0.279734	0.219164	0.349625	0.151477	
1909000	-305.982467	1	2588	0.488123	0.488123	0.488123	0.488123	2.139997	2.139997	0.000000	0.488123	1	0.464535	0.484870	0.050372	0.000224	
1910000	-306.091646	1	457	0.294722	0.294722	0.294722	0.294722	2.137099	2.137099	0.294722	2.137099	1	0.128501	0.111124	0.362460	0.397915	
1911000	-306.565025	1	2587	0.549863	0.549863	0.549863	0.549863	2.352576	2.352576	0.549863	0.549863	1	0.240306	0.226673	0.414871	0.118149	
1912000	-304.222023	1	1587	0.469477	0.469477	0.469477	0.469477	1.436940	2.811350	0.469477	0.469477	1	0.362836	0.192424	0.388933	0.055807	
1913000	-305.938421	1	2025	0.468202	0.468202	0.468202	0.468202	2.147273	2.147273	0.468202	0.468202	1	0.242176	0.204635	0.449973	0.103216	
1914000	-305.582027	1	2785	0.526343	0.526343	0.526343	0.526343	2.179958	2.179958	0.000000	0.526343	1	0.455632	0.498304	0.045835	0.000229	
1915000	-305.496003	1	181	0.543215	0.543215	0.543215	0.543215	2.221382	2.221382	0.000000	0.543215	1	0.451648	0.503284	0.044832	0.000236	
1916000	-305.384662	1	1564	0.565025	0.565025	0.565025	0.565025	2.191321	2.191321	0.000000	0.565025	1	0.447098	0.510544	0.042124	0.000234	
1917000	-310.215559	1	729	0.743107	0.743107	0.743107	0.743107	0.743107	2.953814	0.743107	0.743107	1	0.459096	0.341114	0.140691	0.059098	
1918000	-302.246564	1	2910	0.510213	0.510213	0.510213	0.510213	1.243822	2.757366	0.510213	1.243822	1	0.310361	0.278635	0.279704	0.131300	
1919000	-301.894467	1	713	0.494655	0.494655	0.494655	0.494655	1.342936	3.029553	0.494655	1.342936	1	0.296875	0.259849	0.301777	0.141498	
1920000	-301.894467	1	713	0.494655	0.494655	0.494655	0.494655	1.342936	3.029553	0.494655	1.342936	1	0.296875	0.259849	0.301777	0.141498	
1921000	-303.787618	1	2081	1.103753	0.361091	0.361091	0.361091	2.266283	2.266283	0.361091	1.103753	1	0.276445	0.116956	0.371868	0.234730	
1922000	-305.434261	1	1056	0.617522	0.617522	0.617522	0.617522	2.237171	2.237171	0.000000	0.617522	1	0.435977	0.524470	0.039303	0.000251	
1923000	-305.989295	1	2786	0.539555	0.539555	0.539555	0.539555	1.985969	1.985969	0.539555	0.539555	1	0.256161	0.246514	0.381005	0.116320	
1924000	-301.894467	1	713	0.494655	0.494655	0.494655	0.494655	1.342936	3.029553	0.494655	1.342936	1	0.296875	0.259849	0.301777	0.141498	
1925000	-305.071006	1	486	0.341603	0.341603	0.341603	0.341603	2.011550	2.011550	0.341603	2.011550	1	0.157722	0.146976	0.336706	0.358597	
1926000	-305.321043	1	1602	0.350525	0.350525	0.350525	0.350525	2.080413	2.080413	0.350525	2.080413	1	0.156653	0.148845	0.333486	0.361017	
1927000	-301.906368	1	480	0.490857	0.490857	0.490857	0.490857	1.336197	3.232583	0.490857	1.336197	1	0.301806	0.255146	0.307548	0.135500	
1928000	-301.041336	1	1170	0.415154	0.415154	0.415154	0.415154	1.338547	3.062416	0.415154	1.338547	1	0.279734	0.219164	0.349625	0.151477	
1929000	-305.754412	1	2893	0.673408	0.673408	0.673408	0.673408	2.175733	2.175733	0.000000	0.673408	1	0.425506	0.538752	0.035488	0.000254	
1930000	-308.373183	1	1169	0.526271	0.526271	0.526271	0.526271	2.773177	2.773177	0.526271	0.526271	1	0.224843	0.199534	0.462752	0.112871	
1931000	-305.871921	1	1851	0.255672	0.255672	0.255672	0.255672	1.667702	1.667702	0.255672	1.667702	1	0.141670	0.110277	0.380168	0.367885	
1932000	-302.756393	1	1788	0.475463	0.475463	0.475463	0.475463	1.471660	3.706873	0.000000	1.471660	1	0.471685	0.508533	0.019006	0.000776	
1933000	-301.235193	1	1830	0.429827	0.429827	0.429827	0.429827	1.308978	2.741882	0.429827	1.308978	1	0.282534	0.234718	0.328880	0.153868	
1934000	-305.370042	1	2838	0.579358	0.579358	0.579358	0.579358	2.085440	2.085440	0.000000	0.579358	1	0.444601	0.516493	0.038688	0.000218	
1935000	-305.426102	1	1407	0.604307	0.604307	0.604307	0.604307	2.050955	2.050955	0.000000	0.604307	1	0.439537	0.523994	0.036253	0.000215	
1936000	-305.390776	1	1557	0.608554	0.608554	0.608554	0.608554	2.209297	2.209297	0.000000	0.608554	1	0.437919	0.522540	0.039297	0.000244	
1937000	-302.274655	1	1207	0.486627	0.486627	0.486627	0.486627	1.088377	3.119393	0.486627	1.088377	1	0.349740	0.267752	0.282890	0.099618	
1938000	-302.364992	1	2855	0.691219	0.186834	0.691219	0.691219	1.962010	1.962010	0.186834	0.691219	1	0.359687	0.444418	0.143784	0.052111	
1939000	-302.039047	1	954	0.464484	0.464484	0.464484	0.464484	1.256501	2.429299	0.464484	1.256501	1	0.293189	0.263852	0.293757	0.149202	
1940000	-301.235193	1	1830	0.429827	0.429827	0.429827	0.429827	1.308978	2.741882	0.429827	1.308978	1	0.282534	0.234718	0.328880	0.153868	
1941000	-304.085912	1	92	0.486825	0.486825	0.486825	0.486825	0.836872	2.691512	0.486825	0.836872	1	0.410859	0.282596	0.236836	0.069709	
1942000	-305.819621	1	54	0.487352	0.487352	0.487352	0.487352	1.959699	1.959699	0.487352	0.487352	1	0.254108	0.226354	0.412506	0.107032	
1943000	-305.430428	1	2189	0.589491	0.589491	0.589491	0.589491	2.279148	2.279148	0.000000	0.589491	1	0.441463	0.516353	0.041932	0.000252	
1944000	-306.796080	1	2072	0.392146	0.392146	0.392146	0.392146	1.843065	1.843065	0.392146	0.392146	1	0.246383	0.184403	0.479599	0.089615	
1945000	-305.470255	1	2142	0.586669	0.586669	0.586669	0.586669	2.000267	2.000267	0.000000	0.586669	1	0.443458	0.520107	0.036231	0.000204	
1946000	-305.911339	1	1497	0.461908	0.461908	0.461908	0.461908	1.918566	1.918566	0.461908	0.461908	1	0.253710	0.217328	0.426464	0.102499	
1947000	-306.145557	1	2593	0.694409	0.694409	0.694409	0.694409	1.998839	1.998839	0.000000	0.694409	1	0.422316	0.546203	0.031255	0.000225	
1948000	-305.585259	1	558	0.528038	0.528038	0.528038	0.528038	2.058241	2.058241	0.000000	0.528038	1	0.456015	0.500979	0.042797	0.000209	
1949000	-306.021496	1	2371	0.438438	0.438438	0.438438	0.438438	2.018986	2.018986	0.438438	0.438438	1	0.244566	0.198015	0.459496	0.097923	
1950000	-305.932743	1	692	0.449791	0.449791	0.449791	0.449791	1.992174	1.992174	0.449791	0.449791	1	0.247816	0.205739	0.446322	0.100124	
1951000	-302.714298	1	1853	0.504365	0.504365	0.504365	0.504365	1.460455	2.596222	0.000000	1.460455	1	0.453700	0.527530	0.018131	0.000640	
1952000	-301.894467	1	713	0.494655	0.494655	0.494655	0.494655	1.342936	3.029553	0.494655	1.342936	1	0.296875	0.259849	0.301777	0.141498	
1953000	-305.755014	1	2832	0.527471	0.527471	0.527471	0.527471	1.945924	1.945924	0.000000	0.527471	1	0.456807	0.503029	0.039974	0.000190	
1954000	-302.878405	1	1208	0.534738	0.534738	0.534738	0.534738	1.329491	3.495426	0.534738	1.329491	1	0.315494	0.270121	0.289801	0.124584	
1955000	-301.906368	1	480	0.490857	0.490857	0.490857	0.490857	1.336197	3.232583	0.490857	1.336197	1	0.301806	0.255146	0.307548	0.135500	
1956000	-301.894467	1	713	0.494655	0.494655	0.494655	0.494655	1.342936	3.029553	0.494655	1.342936	1	0.296875	0.259849	0.301777	0.141498	
1957000	-303.234975	1	2477	0.430705	0.430705	0.430705	0.430705	0.928426	3.479873	0.430705	0.928426	1	0.398826	0.235425	0.294117	0.071631	
1958000	-301.166606	1	1850	0.395188	0.395188	0.395188	0.395188	1.266692	2.624060	0.395188	1.266692	1	0.277279	0.220228	0.345739	0.156754	
1959000	-304.721563	1	1598	0.699165	0.699165	0.699165	0.699165	1.531000	2.777117	0.000000	1.531000	1	0.416068	0.566348	0.016971	0.000612	
1960000	-301.906368	1	480	0.490857	0.490857	0.490857	0.490857	1.336197	3.232583	0.490857	1.336197	1	0.301806	0.255146	0.307548	0.135500	
1961000	-305.391164	1	604	0.612981	0.612981	0.612981	0.612981	2.177275	2.177275	0.000000	0.612981	1	0.437179	0.524189	0.038393	0.000239	
1962000	-306.150998	1	76	0.564344	0.564344	0.564344	0.564344	1.781662	1.781662	0.000000	0.564344	1	0.449228	0.518375	0.032235	0.000162	
1963000	-305.361675	1	2956	0.598879	0.598879	0.598879	0.598879	2.124583	2.124583	0.000000	0.598879	1	0.440314	0.521279	0.038180	0.000227	
1964000	-305.500518	1	308	0.636225	0.636225	0.636225	0.636225	2.117773	2.117773	0.000000	0.636225	1	0.432823	0.531002	0.035941	0.000234	
1965000	-305.999426	1	631	0.518011	0.518011	0.518011	0.518011	2.186186	2.186186	0.518011	0.518011	1	0.245281	0.224075	0.418246	0.112398	
1966000	-305.607396	1	1363	0.607464	0.607464	0.607464	0.607464	1.951887	1.951887	0.000000	0.607464	1	0.439305	0.526671	0.033827	0.000198	
1967000	-305.957877	1	1663	0.526512	0.526512	0.526512	0.526512	2.129915	2.129915	0.526512	0.526512	1	0.248427	0.231079	0.406497	0.113998	
1968000	-305.284730	1	716	0.301075	0.301075	0.301075	0.301075	1.966305	1.966305	0.301075	1.966305	1	0.142473	0.123234	0.357731	0.376562	
1969000	-304.178289	1	1940	0.838338	0.580808	0.580808	0.580808	2.548078	2.548078	0.000000	0.838338	1	0.492738	0.457723	0.048904	0.000635	
1970000	-303.494624	1	1332	0.559094	0.559094	0.559094	0.559094	1.225396	2.493144	0.559094	1.225396	1	0.312109	0.306682	0.249441	0.131768	
1971000	-305.071006	1	486	0.341603	0.341603	0.341603	0.341603	2.011550	2.011550	0.341603	2.011550	1	0.157722	0.146976	0.336706	0.358597	
1972000	-306.030783	1	2663	0.582559	0.582559	0.582559	0.582559	1.807597	1.807597	0.000000	0.582559	1	0.445124	0.522980	0.031728	0.000168	
1973000	-304.575503	1	1855	1.043088	0.305221	0.305221	0.305221	1.043088	2.713141	0.000000	1.043088	1	0.728312	0.232195	0.038554	0.000939	
1974000	-303.706123	1	1854	0.539357	0.539357	0.539357	0.539357	1.456586	2.266310	0.000000	1.456586	1	0.442704	0.539448	0.017288	0.000560	
1975000	-305.775878	1	157	0.511349	0.511349	0.511349	0.511349	2.244500	2.244500	0.000000	0.511349	1	0.458550	0.492034	0.049177	0.000238	
1976000	-305.380878	1	663	0.605862	0.605862	0.605862	0.605862	2.111734	2.111734	0.000000	0.605862	1	0.438938	0.523366	0.037470	0.000226	
1977000	-305.044562	1	210	0.342152	0.342152	0.342152	0.342152	2.005033	2.005033	0.342152	2.005033	1	0.158418	0.147696	0.336283	0.357603	
1978000	-306.058765	1	2271	0.687814	0.687814	0.687814	0.687814	2.006183	2.006183	0.000000	0.687814	1	0.423487	0.544678	0.031610	0.000225	
1979000	-307.090310	1	2817	0.632572	0.632572	0.632572	0.632572	2.039255	2.039255	0.632572	0.632572	1	0.254250	0.273910	0.338911	0.132929	
1980000	-306.618056	1	386	0.653669	0.653669	0.653669	0.653669	2.651311	2.651311	0.000000	0.653669	1	0.426967	0.528426	0.044278	0.000330	
1981000	-305.079082	1	478	0.350497	0.350497	0.350497	0.350497	2.021798	2.021798	0.350497	2.021798	1	0.160674	0.152042	0.332324	0.354961	
1982000	-305.115819	1	421	0.299013	0.299013	0.299013	0.299013	1.896315	1.896315	0.299013	1.896315	1	0.146588	0.125779	0.357808	0.369825	
1983000	-306.075234	1	1729	0.519064	0.519064	0.519064	0.519064	2.225186	2.225186	0.519064	0.519064	1	0.243631	0.222145	0.421673	0.112551	
1984000	-305.411540	1	140	0.557436	0.557436	0.557436	0.557436	2.196514	2.196514	0.000000	0.557436	1	0.448702	0.508152	0.042912	0.000234	
1985000	-302.711536	1	1537	0.532609	0.532609	0.532609	0.532609	1.373915	3.553725	0.000000	1.373915	1	0.463425	0.519326	0.016679	0.000571	
1986000	-303.432812	1	220	1.083750	0.296794	0.296794	0.296794	1.083750	2.849540	0.296794	1.083750	1	0.441158	0.121078	0.323530	0.114234	
1987000	-306.799305	1	355	0.440215	0.440215	0.440215	0.440215	2.401482	2.401482	0.440215	0.440215	1	0.226572	0.178056	0.498215	0.097157	
1988000	-306.054432	1	172	0.569955	0.569955	0.569955	0.569955	1.802054	1.802054	0.000000	0.569955	1	0.447906	0.519528	0.032400	0.000166	
1989000	-305.962977	1	2797	0.447390	0.447390	0.447390	0.447390	1.955433	1.955433	0.447390	0.447390	1	0.249577	0.207151	0.443508	0.099765	
1990000	-303.267258	1	1017	1.161686	0.402186	0.402186	0.402186	1.161686	3.191476	0.000000	1.161686	1	0.674501	0.293846	0.030722	0.000931	
1991000	-305.391164	1	604	0.612981	0.612981	0.612981	0.612981	2.177275	2.177275	0.000000	0.612981	1	0.437179	0.524189	0.038393	0.000239	
1992000	-305.501444	1	2292	0.536056	0.536056	0.536056	0.536056	2.147900	2.147900	0.000000	0.536056	1	0.453673	0.502096	0.044007	0.000224	
1993000	-306.060804	1	2764	0.434386	0.434386	0.434386	0.434386	1.979984	1.979984	0.434386	0.434386	1	0.246116	0.198548	0.458069	0.097267	
1994000	-302.274655	1	1207	0.486627	0.486627	0.486627	0.486627	1.088377	3.119393	0.486627	1.088377	1	0.349740	0.267752	0.282890	0.099618	
1995000	-305.835943	1	612	0.501804	0.501804	0.501804	0.501804	2.085021	2.085021	0.501804	0.501804	1	0.248795	0.223806	0.417870	0.109529	
1996000	-305.641273	1	1046	0.550910	0.550910	0.550910	0.550910	1.941004	1.941004	0.000000	0.550910	1	0.451532	0.510731	0.037547	0.000190	
1997000	-305.845500	1	1505	0.501154	0.501154	0.501154	0.501154	2.046729	2.046729	0.000000	0.501154	1	0.462219	0.491607	0.045967	0.000208	
1998000	-305.629189	1	1094	0.619280	0.619280	0.619280	0.619280	2.373028	2.373028	0.000000	0.619280	1	0.434948	0.523087	0.041691	0.000274	
1999000	-306.233405	1	591	0.494148	0.494148	0.494148	0.494148	2.378648	2.378648	0.000000	0.494148	1	0.461432	0.483828	0.054483	0.000257	
2000000	-302.039047	1	954	0.464484	0.464484	0.464484	0.464484	1.256501	2.429299	0.464484	1.256501	1	0.293189	0.263852	0.293757	0.149202	
2001000	-305.501957	1	2011	0.541971	0.541971	0.541971	0.541971	2.053364	2.053364	0.000000	0.541971	1	0.452920	0.505684	0.041187	0.000209	
2002000	-306.965562	1	2788	0.429795	0.429795	0.429795	0.429795	1.638285	1.638285	0.429795	0.429795	1	0.268475	0.225731	0.408538	0.097257	
2003000	-306.285618	1	14	0.570694	0.570694	0.570694	0.570694	2.119541	2.119541	0.570694	0.570694	1	0.250704	0.248280	0.379007	0.122009	
2004000	-305.030469	1	326	0.290825	0.290825	0.290825	0.290825	1.744743	1.744743	0.290825	1.744743	1	0.154919	0.129895	0.359305	0.355881	
2005000	-307.059923	1	1084	0.436992	0.436992	0.436992	0.436992	1.608364	1.608364	0.436992	0.436992	1	0.271888	0.233092	0.396503	0.098518	
2006000	-305.931924	1	1367	0.503522	0.503522	0.503522	0.503522	2.167746	2.167746	0.503522	0.503522	1	0.244973	0.219199	0.426080	0.109748	
2007000	-306.105832	1	881	0.429713	0.429713	0.429713	0.429713	1.991998	1.991998	0.429713	0.429713	1	0.244627	0.195205	0.463825	0.096344	
2008000	-301.166606	1	1850	0.395188	0.395188	0.395188	0.395188	1.266692	2.624060	0.395188	1.266692	1	0.277279	0.220228	0.345739	0.156754	
2009000	-306.651893	1	2678	0.471660	0.471660	0.471660	0.471660	2.419548	2.419548	0.471660	0.471660	1	0.230712	0.191876	0.474186	0.103226	
2010000	-304.018557	1	293	1.065425	0.461998	0.461998	0.461998	1.065425	3.222295	0.461998	1.065425	1	0.459683	0.210963	0.243089	0.086265	
2011000	-303.234975	1	2477	0.430705	0.430705	0.430705	0.430705	0.928426	3.479873	0.430705	0.928426	1	0.398826	0.235425	0.294117	0.071631	
2012000	-304.468664	1	1538	0.388354	0.388354	0.388354	0.388354	1.169640	2.190080	0.000000	1.169640	1	0.490890	0.492373	0.016353	0.000383	
2013000	-302.364992	1	2855	0.691219	0.186834	0.691219	0.691219	1.962010	1.962010	0.186834	0.691219	1	0.359687	0.444418	0.143784	0.052111	
2014000	-305.173335	1	1819	0.307699	0.307699	0.307699	0.307699	1.959463	1.959463	0.307699	1.959463	1	0.146176	0.127944	0.353970	0.371910	
2015000	-301.894467	1	713	0.494655	0.494655	0.494655	0.494655	1.342936	3.029553	0.494655	1.342936	1	0.296875	0.259849	0.301777	0.141498	
2016000	-305.913242	1	1766	0.452628	0.452628	0.452628	0.452628	2.008982	2.008982	0.452628	0.452628	1	0.247281	0.206003	0.446103	0.100613	
2017000	-302.246564	1	2910	0.510213	0.510213	0.510213	0.510213	1.243822	2.757366	0.510213	1.243822	1	0.310361	0.278635	0.279704	0.131300	
2018000	-301.894467	1	713	0.494655	0.494655	0.494655	0.494655	1.342936	3.029553	0.494655	1.342936	1	0.296875	0.259849	0.301777	0.141498	
2019000	-303.130959	1	2121	0.815390	0.219691	0.815390	0.219691	2.016339	2.016339	0.219691	0.815390	1	0.167232	0.235307	0.398935	0.198525	
2020000	-305.979352	1	2402	0.694270	0.694270	0.694270	0.694270	2.119818	2.119818	0.000000	0.694270	1	0.421928	0.544138	0.033684	0.000250	
2021000	-302.756393	1	1788	0.475463	0.475463	0.475463	0.475463	1.471660	3.706873	0.000000	1.471660	1	0.471685	0.508533	0.019006	0.000776	
2022000	-305.993279	1	495	0.522397	0.522397	0.522397	0.522397	1.884526	1.884526	0.522397	0.522397	1	0.260886	0.247816	0.378088	0.113210	
2023000	-307.877615	1	843	0.420882	0.420882	0.420882	0.420882	1.507187	1.507187	0.420882	0.420882	1	0.278129	0.235653	0.390335	0.095883	
2024000	-302.714298	1	1853	0.504365	0.504365	0.504365	0.504365	1.460455	2.596222	0.000000	1.460455	1	0.453700	0.527530	0.018131	0.000640	
2025000	-305.450005	1	2590	0.548219	0.548219	0.548219	0.548219	2.081451	2.081451	0.000000	0.548219	1	0.451374	0.507175	0.041237	0.000214	
2026000	-302.246564	1	2910	0.510213	0.510213	0.510213	0.510213	1.243822	2.757366	0.510213	1.243822	1	0.310361	0.278635	0.279704	0.131300	
2027000	-305.503089	1	2480	0.567474	0.567474	0.567474	0.567474	1.986986	1.986986	0.000000	0.567474	1	0.447649	0.514837	0.037314	0.000199	
2028000	-301.235193	1	1830	0.429827	0.429827	0.429827	0.429827	1.308978	2.741882	0.429827	1.308978	1	0.282534	0.234718	0.328880	0.153868	
2029000	-305.230451	1	1616	0.295099	0.295099	0.295099	0.295099	1.917287	1.917287	0.295099	1.917287	1	0.143039	0.121973	0.360386	0.374601	
2030000	-306.092357	1	616	0.677307	0.677307	0.677307	0.677307	1.944755	1.944755	0.000000	0.677307	1	0.425612	0.543526	0.030652	0.000210	
2031000	-305.059306	1	1314	0.288945	0.288945	0.288945	0.288945	1.713812	1.713812	0.288945	1.713812	1	0.156743	0.130785	0.359589	0.352883	
2032000	-305.812623	1	262	0.488801	0.488801	0.488801	0.488801	1.971570	1.971570	0.488801	0.488801	1	0.253584	0.226117	0.413017	0.107282	
2033000	-304.018557	1	293	1.065425	0.461998	0.461998	0.461998	1.065425	3.222295	0.461998	1.065425	1	0.459683	0.210963	0.243089	0.086265	
2034000	-305.454428	1	1359	0.628837	0.628837	0.628837	0.628837	2.137666	2.137666	0.000000	0.628837	1	0.434192	0.528857	0.036716	0.000236	
2035000	-303.267258	1	1017	1.161686	0.402186	0.402186	0.402186	1.161686	3.191476	0.000000	1.161686	1	0.674501	0.293846	0.030722	0.000931	
2036000	-306.275400	1	935	0.431334	0.431334	0.431334	0.431334	1.826634	1.826634	0.431334	0.431334	1	0.255114	0.208688	0.439074	0.097124	
2037000	-301.041336	1	1170	0.415154	0.415154	0.415154	0.415154	1.338547	3.062416	0.415154	1.338547	1	0.279734	0.219164	0.349625	0.151477	
2038000	-306.049203	1	860	0.571724	0.571724	0.571724	0.571724	1.803002	1.803002	0.000000	0.571724	1	0.447512	0.520016	0.032305	0.000166	
2039000	-301.406520	1	2602	0.363923	0.363923	0.363923	0.363923	1.138637	3.214188	0.363923	1.138637	1	0.305633	0.199834	0.375144	0.119389	
2040000	-303.980977	1	2660	1.032231	0.434305	0.434305	0.434305	1.032231	2.331169	0.000000	1.032231	1	0.639397	0.337561	0.022583	0.000459	
2041000	-305.531255	1	2772	0.641057	0.641057	0.641057	0.641057	2.113058	2.113058	0.000000	0.641057	1	0.431899	0.532252	0.035615	0.000234	
2042000	-302.583368	1	720	0.530245	0.530245	0.530245	0.530245	1.468851	2.759729	0.000000	1.468851	1	0.449493	0.531970	0.017895	0.000643	
2043000	-306.160737	1	2527	0.495123	0.495123	0.495123	0.495123	2.281368	2.281368	0.495123	0.495123	1	0.239126	0.209026	0.443846	0.108001	
2044000	-306.496731	1	1471	0.579054	0.579054	0.579054	0.579054	2.214106	2.214106	0.579054	0.579054	1	0.246812	0.244911	0.384682	0.123595	
2045000	-302.168152	1	1807	0.368721	0.368721	0.368721	0.368721	1.024492	3.354034	0.368721	1.024492	1	0.341785	0.205596	0.357871	0.094747	
2046000	-302.714298	1	1853	0.504365	0.504365	0.504365	0.504365	1.460455	2.596222	0.000000	1.460455	1	0.453700	0.527530	0.018131	0.000640	
2047000	-304.828239	1	429	0.303890	0.303890	0.303890	0.303890	1.746652	1.746652	0.303890	1.746652	1	0.161610	0.138897	0.351231	0.348262	
2048000	-302.039047	1	954	0.464484	0.464484	0.464484	0.464484	1.256501	2.429299	0.464484	1.256501	1	0.293189	0.263852	0.293757	0.149202	
2049000	-304.171284	1	1034	0.913047	0.389153	0.913047	0.389153	0.913047	2.744877	0.389153	0.913047	1	0.325040	0.398900	0.191256	0.084804	
2050000	-305.868067	1	1967	0.467064	0.467064	0.467064	0.467064	1.943549	1.943549	0.467064	0.467064	1	0.252871	0.217950	0.425786	0.103393	
2051000	-305.862207	1	897	0.518112	0.518112	0.518112	0.518112	2.039423	2.039423	0.518112	0.518112	1	0.252297	0.233888	0.401304	0.112511	
2052000	-301.235193	1	1830	0.429827	0.429827	0.429827	0.429827	1.308978	2.741882	0.429827	1.308978	1	0.282534	0.234718	0.328880	0.153868	
2053000	-305.722930	1	1974	0.509571	0.509571	0.509571	0.509571	2.144437	2.144437	0.000000	0.509571	1	0.459632	0.492955	0.047190	0.000223	
2054000	-305.742787	1	579	0.513384	0.513384	0.513384	0.513384	2.022495	2.022495	0.000000	0.513384	1	0.459571	0.496561	0.043665	0.000204	
2055000	-304.222023	1	1587	0.469477	0.469477	0.469477	0.469477	1.436940	2.811350	0.469477	0.469477	1	0.362836	0.192424	0.388933	0.055807	
2056000	-301.235193	1	1830	0.429827	0.429827	0.429827	0.429827	1.308978	2.741882	0.429827	1.308978	1	0.282534	0.234718	0.328880	0.153868	
2057000	-301.041336	1	1170	0.415154	0.415154	0.415154	0.415154	1.338547	3.062416	0.415154	1.338547	1	0.279734	0.219164	0.349625	0.151477	
2058000	-305.905892	1	80	0.475461	0.475461	0.475461	0.475461	2.140840	2.140840	0.475461	0.475461	1	0.243383	0.208419	0.443611	0.104587	
2059000	-305.334455	1	714	0.276875	0.276875	0.276875	0.276875	1.654856	1.654856	0.276875	1.654856	1	0.155617	0.126533	0.365614	0.352236	
2060000	-306.381053	1	538	0.624952	0.624952	0.624952	0.624952	2.620704	2.620704	0.000000	0.624952	1	0.432566	0.521783	0.045338	0.000314	
2061000	-306.634412	1	2525	0.662543	0.662543	0.662543	0.662543	1.767220	1.767220	0.000000	0.662543	1	0.428848	0.543852	0.027129	0.000171	
2062000	-306.707100	1	1775	0.430242	0.430242	0.430242	0.430242	1.693362	1.693362	0.430242	0.430242	1	0.264321	0.220306	0.418133	0.097240	
2063000	-306.608520	1	1394	0.441801	0.441801	0.441801	0.441801	2.352216	2.352216	0.441801	0.441801	1	0.228895	0.181055	0.492435	0.097614	
2064000	-306.355109	1	2249	0.483174	0.483174	0.483174	0.483174	2.344621	2.344621	0.483174	0.483174	1	0.235169	0.200553	0.458667	0.105611	
2065000	-306.354021	1	2501	0.476510	0.476510	0.476510	0.476510	2.312936	2.312936	0.000000	0.476510	1	0.465831	0.477548	0.056372	0.000249	
2066000	-305.810656	1	2965	0.666827	0.666827	0.666827	0.666827	2.328914	2.328914	0.000000	0.666827	1	0.426062	0.535102	0.038556	0.000281	
2067000	-302.274655	1	1207	0.486627	0.486627	0.486627	0.486627	1.088377	3.119393	0.486627	1.088377	1	0.349740	0.267752	0.282890	0.099618	
2068000	-305.492571	1	2865	0.541754	0.541754	0.541754	0.541754	2.065948	2.065948	0.000000	0.541754	1	0.452896	0.505383	0.041510	0.000211	
2069000	-304.180676	1	1520	0.308488	0.308488	0.552842	0.308488	1.826819	1.826819	0.308488	0.552842	1	0.159668	0.250427	0.453193	0.136712	
2070000	-305.736856	1	864	0.670359	0.670359	0.670359	0.670359	2.220282	2.220282	0.000000	0.670359	1	0.425884	0.537407	0.036448	0.000262	
2071000	-306.479479	1	1820	0.344598	0.344598	0.344598	0.344598	2.292345	2.292345	0.344598	2.292345	1	0.141635	0.135492	0.339020	0.383853	
2072000	-305.942351	1	2825	0.556644	0.556644	0.556644	0.556644	1.835421	1.835421	0.000000	0.556644	1	0.450739	0.514812	0.034277	0.000171	
2073000	-301.041336	1	1170	0.415154	0.415154	0.415154	0.415154	1.338547	3.062416	0.415154	1.338547	1	0.279734	0.219164	0.349625	0.151477	
2074000	-302.816780	1	2531	0.676638	0.334925	0.676638	0.334925	2.243501	2.243501	0.334925	0.676638	1	0.199697	0.238259	0.409732	0.152312	
2075000	-305.370713	1	2871	0.605993	0.605993	0.605993	0.605993	2.158642	2.158642	0.000000	0.605993	1	0.438688	0.522640	0.038438	0.000235	
2076000	-305.851235	1	1809	0.345606	0.345606	0.345606	0.345606	2.185242	2.185242	0.345606	2.185242	1	0.148068	0.140653	0.337494	0.373786	
2077000	-306.882994	1	447	0.390183	0.390183	0.390183	0.390183	2.177446	2.177446	0.390183	0.390183	1	0.226353	0.162186	0.523645	0.087816	
2078000	-306.934703	1	1647	0.492384	0.492384	0.492384	0.492384	2.582681	2.582681	0.000000	0.492384	1	0.460387	0.481125	0.058206	0.000282	
2079000	-302.690510	1	218	0.540773	0.540773	0.540773	0.540773	1.595855	3.085038	0.000000	1.595855	1	0.444902	0.534719	0.019530	0.000850	
2080000	-302.583368	1	720	0.530245	0.530245	0.530245	0.530245	1.468851	2.759729	0.000000	1.468851	1	0.449493	0.531970	0.017895	0.000643	
2081000	-301.894467	1	713	0.494655	0.494655	0.494655	0.494655	1.342936	3.029553	0.494655	1.342936	1	0.296875	0.259849	0.301777	0.141498	
2082000	-305.881568	1	2435	0.553667	0.553667	0.553667	0.553667	2.452298	2.452298	0.000000	0.553667	1	0.447992	0.503615	0.048122	0.000272	
2083000	-305.368063	1	2762	0.566970	0.566970	0.566970	0.566970	2.149393	2.149393	0.000000	0.566970	1	0.446913	0.511792	0.041068	0.000227	
2084000	-305.500245	1	2436	0.614172	0.614172	0.614172	0.614172	2.306169	2.306169	0.000000	0.614172	1	0.436303	0.522637	0.040798	0.000261	
2085000	-306.201085	1	1	0.421872	0.421872	0.421872	0.421872	1.967552	1.967552	0.421872	0.421872	1	0.244644	0.192605	0.467829	0.094922	
2086000	-302.168152	1	1807	0.368721	0.368721	0.368721	0.368721	1.024492	3.354034	0.368721	1.024492	1	0.341785	0.205596	0.357871	0.094747	
2087000	-306.029751	1	515	0.444860	0.444860	0.444860	0.444860	1.902099	1.902099	0.444860	0.444860	1	0.252396	0.209871	0.438311	0.099422	
2088000	-306.354304	1	637	0.613520	0.613520	0.613520	0.613520	2.619967	2.619967	0.000000	0.613520	1	0.434799	0.518873	0.046018	0.000310	
2089000	-305.962063	1	10	0.501754	0.501754	0.501754	0.501754	2.187797	2.187797	0.501754	0.501754	1	0.243894	0.217222	0.429491	0.109394	
2090000	-305.909990	1	496	0.685867	0.685867	0.685867	0.685867	2.096384	2.096384	0.000000	0.685867	1	0.423530	0.542727	0.033500	0.000243	
2091000	-305.974176	1	55	0.645816	0.645816	0.645816	0.645816	1.892779	1.892779	0.000000	0.645816	1	0.431782	0.537381	0.030645	0.000193	
2092000	-305.812193	1	759	0.550612	0.550612	0.550612	0.550612	1.878520	1.878520	0.000000	0.550612	1	0.451902	0.511986	0.035933	0.000179	
2093000	-305.548654	1	1606	0.369391	0.369391	0.369391	0.369391	2.132225	2.132225	0.369391	2.132225	1	0.160552	0.157786	0.325210	0.356453	
2094000	-305.098170	1	2908	0.298157	0.298157	0.298157	0.298157	1.883296	1.883296	0.298157	1.883296	1	0.147158	0.125972	0.358067	0.368804	
2095000	-301.041336	1	1170	0.415154	0.415154	0.415154	0.415154	1.338547	3.062416	0.415154	1.338547	1	0.279734	0.219164	0.349625	0.151477	
2096000	-303.267258	1	1017	1.161686	0.402186	0.402186	0.402186	1.161686	3.191476	0.000000	1.161686	1	0.674501	0.293846	0.030722	0.000931	
2097000	-306.561190	1	126	0.445952	0.445952	0.445952	0.445952	2.349077	2.349077	0.445952	0.445952	1	0.229728	0.183216	0.488620	0.098435	
2098000	-307.505705	1	2252	0.472672	0.472672	0.472672	0.472672	1.664194	1.664194	0.000000	0.472672	1	0.471533	0.490317	0.038007	0.000143	
2099000	-302.246564	1	2910	0.510213	0.510213	0.510213	0.510213	1.243822	2.757366	0.510213	1.243822	1	0.310361	0.278635	0.279704	0.131300	
2100000	-301.166606	1	1850	0.395188	0.395188	0.395188	0.395188	1.266692	2.624060	0.395188	1.266692	1	0.277279	0.220228	0.345739	0.156754	
2101000	-305.725893	1	2048	0.664794	0.664794	0.664794	0.664794	2.270733	2.270733	0.000000	0.664794	1	0.426699	0.535430	0.037602	0.000269	
2102000	-301.235193	1	1830	0.429827	0.429827	0.429827	0.429827	1.308978	2.741882	0.429827	1.308978	1	0.282534	0.234718	0.328880	0.153868	
2103000	-305.920895	1	967	0.492904	0.492904	0.492904	0.492904	2.151326	2.151326	0.000000	0.492904	1	0.463363	0.486559	0.049853	0.000225	
2104000	-305.672075	1	1539	0.368265	0.368265	0.368265	0.368265	2.157083	2.157083	0.368265	2.157083	1	0.158555	0.155842	0.326201	0.359403	
2105000	-303.781811	1	1625	0.649850	0.649850	0.649850	0.649850	1.468267	2.804783	0.000000	1.468267	1	0.427283	0.555732	0.016425	0.000560	
2106000	-301.166606	1	1850	0.395188	0.395188	0.395188	0.395188	1.266692	2.624060	0.395188	1.266692	1	0.277279	0.220228	0.345739	0.156754	
2107000	-303.636402	1	1381	1.260122	0.343224	0.343224	0.343224	1.260122	2.775584	0.343224	1.260122	1	0.414889	0.137143	0.303258	0.144710	
2108000	-305.377956	1	1532	0.579234	0.579234	0.579234	0.579234	2.074722	2.074722	0.000000	0.579234	1	0.444682	0.516644	0.038458	0.000216	
2109000	-305.481373	1	1670	0.540086	0.540086	0.540086	0.540086	2.167571	2.167571	0.000000	0.540086	1	0.452662	0.503101	0.044009	0.000228	
2110000	-305.377921	1	2807	0.597101	0.597101	0.597101	0.597101	2.087269	2.087269	0.000000	0.597101	1	0.440862	0.521421	0.037496	0.000221	
2111000	-302.651021	1	794	0.453493	0.453493	0.453493	0.453493	1.341618	2.590446	0.000000	1.341618	1	0.470931	0.510911	0.017612	0.000546	
2112000	-306.745837	1	570	0.584765	0.584765	0.584765	0.584765	1.673028	1.673028	0.000000	0.584765	1	0.445030	0.526849	0.027978	0.000143	
2113000	-304.315244	1	360	0.951745	0.417552	0.417552	0.417552	0.951745	2.381957	0.000000	0.951745	1	0.646397	0.330706	0.022512	0.000385	
2114000	-307.164645	1	1882	0.781969	0.781969	0.781969	0.781969	2.220047	2.220047	0.000000	0.781969	1	0.406984	0.559306	0.033404	0.000306	
2115000	-303.607284	1	392	1.143398	0.330596	0.330596	0.330596	1.143398	2.397077	0.330596	1.143398	1	0.428830	0.142071	0.293718	0.135381	
2116000	-305.403736	1	2725	0.581275	0.581275	0.581275	0.581275	2.046947	2.046947	0.000000	0.581275	1	0.444384	0.517722	0.037682	0.000211	
2117000	-301.166606	1	1850	0.395188	0.395188	0.395188	0.395188	1.266692	2.624060	0.395188	1.266692	1	0.277279	0.220228	0.345739	0.156754	
2118000	-301.041336	1	1170	0.415154	0.415154	0.415154	0.415154	1.338547	3.062416	0.415154	1.338547	1	0.279734	0.219164	0.349625	0.151477	
2119000	-305.044562	1	210	0.342152	0.342152	0.342152	0.342152	2.005033	2.005033	0.342152	2.005033	1	0.158418	0.147696	0.336283	0.357603	
2120000	-305.755014	1	2832	0.527471	0.527471	0.527471	0.527471	1.945924	1.945924	0.000000	0.527471	1	0.456807	0.503029	0.039974	0.000190	
2121000	-306.705746	1	2577	0.546653	0.546653	0.546653	0.546653	1.685347	1.685347	0.000000	0.546653	1	0.453578	0.515518	0.030761	0.000144	
2122000	-304.468664	1	1538	0.388354	0.388354	0.388354	0.388354	1.169640	2.190080	0.000000	1.169640	1	0.490890	0.492373	0.016353	0.000383	
2123000	-302.274655	1	1207	0.486627	0.486627	0.486627	0.486627	1.088377	3.119393	0.486627	1.088377	1	0.349740	0.267752	0.282890	0.099618	
2124000	-305.678925	1	1211	0.306046	0.306046	0.306046	0.306046	2.085249	2.085249	0.306046	2.085249	1	0.136963	0.120525	0.356341	0.386171	
2125000	-307.089394	1	1817	0.382019	0.382019	0.382019	0.382019	2.387165	2.387165	0.382019	2.387165	1	0.150482	0.153929	0.323089	0.372501	
2126000	-305.189501	1	2099	0.310886	0.310886	0.310886	0.310886	1.976273	1.976273	0.310886	1.976273	1	0.146495	0.129107	0.352481	0.371916	
2127000	-301.041336	1	1170	0.415154	0.415154	0.415154	0.415154	1.338547	3.062416	0.415154	1.338547	1	0.279734	0.219164	0.349625	0.151477	
2128000	-304.721563	1	1598	0.699165	0.699165	0.699165	0.699165	1.531000	2.777117	0.000000	1.531000	1	0.416068	0.566348	0.016971	0.000612	
2129000	-301.235193	1	1830	0.429827	0.429827	0.429827	0.429827	1.308978	2.741882	0.429827	1.308978	1	0.282534	0.234718	0.328880	0.153868	
2130000	-306.633734	1	1167	0.453852	0.453852	0.453852	0.453852	2.224889	2.224889	0.000000	0.453852	1	0.471568	0.468803	0.059389	0.000240	
2131000	-305.567178	1	1966	0.573410	0.573410	0.573410	0.573410	1.951502	1.951502	0.000000	0.573410	1	0.446527	0.517280	0.036000	0.000194	
2132000	-307.134165	1	238	0.688284	0.688284	0.688284	0.688284	1.724952	1.724952	0.000000	0.688284	1	0.424064	0.550361	0.025408	0.000167	
2133000	-305.584382	1	1778	0.537507	0.537507	0.537507	0.537507	2.269131	2.269131	0.000000	0.537507	1	0.452602	0.500726	0.046429	0.000243	
2134000	-305.822934	1	763	0.655494	0.655494	0.655494	0.655494	1.975137	1.975137	0.000000	0.655494	1	0.429636	0.538060	0.032093	0.000211	
2135000	-305.641273	1	1046	0.550910	0.550910	0.550910	0.550910	1.941004	1.941004	0.000000	0.550910	1	0.451532	0.510731	0.037547	0.000190	
2136000	-302.364992	1	2855	0.691219	0.186834	0.691219	0.691219	1.962010	1.962010	0.186834	0.691219	1	0.359687	0.444418	0.143784	0.052111	
2137000	-304.145977	1	1115	0.659580	0.659580	0.659580	0.659580	1.251899	2.707241	0.000000	1.251899	1	0.435777	0.550253	0.013631	0.000339	
2138000	-305.382444	1	1656	0.608196	0.608196	0.608196	0.608196	2.192499	2.192499	0.000000	0.608196	1	0.438074	0.522699	0.038986	0.000241	
2139000	-302.690510	1	218	0.540773	0.540773	0.540773	0.540773	1.595855	3.085038	0.000000	1.595855	1	0.444902	0.534719	0.019530	0.000850	
2140000	-306.593952	1	2618	0.428894	0.428894	0.428894	0.428894	2.305302	2.305302	0.428894	0.428894	1	0.228611	0.176836	0.499340	0.095214	
2141000	-302.168152	1	1807	0.368721	0.368721	0.368721	0.368721	1.024492	3.354034	0.368721	1.024492	1	0.341785	0.205596	0.357871	0.094747	
2142000	-305.764447	1	2136	0.594879	0.594879	0.594879	0.594879	1.883698	1.883698	0.000000	0.594879	1	0.442205	0.524695	0.032917	0.000183	
2143000	-303.757940	1	951	0.539229	0.401959	0.539229	0.539229	1.080185	3.131407	0.401959	0.539229	1	0.427826	0.281822	0.251785	0.038566	
2144000	-303.607284	1	392	1.143398	0.330596	0.330596	0.330596	1.143398	2.397077	0.330596	1.143398	1	0.428830	0.142071	0.293718	0.135381	
2145000	-305.384873	1	2471	0.607581	0.607581	0.607581	0.607581	2.201977	2.201977	0.000000	0.607581	1	0.438152	0.522393	0.039213	0.000242	
2146000	-305.703767	1	2170	0.658375	0.658375	0.658375	0.658375	2.295067	2.295067	0.000000	0.658375	1	0.427789	0.533624	0.038315	0.000272	
2147000	-305.693023	1	608	0.514902	0.514902	0.514902	0.514902	2.195831	2.195831	0.000000	0.514902	1	0.458085	0.494047	0.047637	0.000231	
2148000	-305.363642	1	802	0.572360	0.572360	0.572360	0.572360	2.111380	2.111380	0.000000	0.572360	1	0.445961	0.514018	0.039800	0.000221	
2149000	-301.041336	1	1170	0.415154	0.415154	0.415154	0.415154	1.338547	3.062416	0.415154	1.338547	1	0.279734	0.219164	0.349625	0.151477	
2150000	-305.477265	1	2499	0.585315	0.585315	0.585315	0.585315	2.311293	2.311293	0.000000	0.585315	1	0.442154	0.514741	0.042849	0.000256	
2151000	-306.853980	1	2824	0.391160	0.391160	0.391160	0.391160	1.823595	1.823595	0.391160	0.391160	1	0.247482	0.185330	0.477679	0.089509	
2152000	-306.316201	1	1570	0.501458	0.501458	0.501458	0.501458	1.831212	1.831212	0.000000	0.501458	1	0.463539	0.496544	0.039747	0.000171	
2153000	-306.356148	1	1655	0.553534	0.553534	0.553534	0.553534	2.591023	2.591023	0.000000	0.553534	1	0.447190	0.502159	0.050361	0.000290	
2154000	-303.812006	1	2479	1.399741	0.444102	0.444102	0.444102	1.399741	2.782958	0.000000	1.399741	1	0.647495	0.314920	0.035963	0.001622	
2155000	-305.812193	1	759	0.550612	0.550612	0.550612	0.550612	1.878520	1.878520	0.000000	0.550612	1	0.451902	0.511986	0.035933	0.000179	
2156000	-301.166606	1	1850	0.395188	0.395188	0.395188	0.395188	1.266692	2.624060	0.395188	1.266692	1	0.277279	0.220228	0.345739	0.156754	
2157000	-305.531255	1	2772	0.641057	0.641057	0.641057	0.641057	2.113058	2.113058	0.000000	0.641057	1	0.431899	0.532252	0.035615	0.000234	
2158000	-301.235193	1	1830	0.429827	0.429827	0.429827	0.429827	1.308978	2.741882	0.429827	1.308978	1	0.282534	0.234718	0.328880	0.153868	
2159000	-307.949518	1	259	0.825573	0.825573	0.825573	0.825573	2.250954	2.250954	0.000000	0.825573	1	0.400410	0.565991	0.033264	0.000335	
2160000	-305.525268	1	20	0.619152	0.619152	0.619152	0.619152	2.313406	2.313406	0.000000	0.619152	1	0.435275	0.523827	0.040634	0.000264	
2161000	-304.553496	1	411	0.447698	0.447698	0.447698	0.447698	1.693112	2.517699	0.447698	0.447698	1	0.301181	0.191884	0.436737	0.070198	
2162000	-305.236116	1	473	0.345847	0.345847	0.345847	0.345847	2.057415	2.057415	0.345847	2.057415	1	0.156299	0.147136	0.335422	0.361143	
2163000	-302.168152	1	1807	0.368721	0.368721	0.368721	0.368721	1.024492	3.354034	0.368721	1.024492	1	0.341785	0.205596	0.357871	0.094747	
2164000	-303.607284	1	392	1.143398	0.330596	0.330596	0.330596	1.143398	2.397077	0.330596	1.143398	1	0.428830	0.142071	0.293718	0.135381	
2165000	-305.618996	1	2508	0.528162	0.528162	0.528162	0.528162	2.023856	2.023856	0.000000	0.528162	1	0.456195	0.501675	0.041927	0.000204	
2166000	-301.166606	1	1850	0.395188	0.395188	0.395188	0.395188	1.266692	2.624060	0.395188	1.266692	1	0.277279	0.220228	0.345739	0.156754	
2167000	-303.655024	1	610	0.657230	0.288111	0.657230	0.657230	2.416063	2.416063	0.288111	0.657230	1	0.311275	0.375378	0.236448	0.076899	
2168000	-305.645157	1	1153	0.517511	0.517511	0.517511	0.517511	2.111729	2.111729	0.000000	0.517511	1	0.458054	0.496367	0.045361	0.000218	
2169000	-306.280968	1	6	0.438666	0.438666	0.438666	0.438666	2.226249	2.226249	0.438666	0.438666	1	0.233982	0.185750	0.482897	0.097372	
2170000	-302.756393	1	1788	0.475463	0.475463	0.475463	0.475463	1.471660	3.706873	0.000000	1.471660	1	0.471685	0.508533	0.019006	0.000776	
2171000	-305.914527	1	2253	0.464337	0.464337	0.464337	0.464337	1.907149	1.907149	0.464337	0.464337	1	0.254687	0.219436	0.422921	0.102956	
2172000	-305.350368	1	2367	0.592623	0.592623	0.592623	0.592623	2.162137	2.162137	0.000000	0.592623	1	0.441424	0.518960	0.039383	0.000233	
2173000	-305.669889	1	1397	0.616289	0.616289	0.616289	0.616289	2.396367	2.396367	0.000000	0.616289	1	0.435421	0.522028	0.042275	0.000277	
2174000	-306.411730	1	2172	0.539374	0.539374	0.539374	0.539374	1.760620	1.760620	0.539374	0.539374	1	0.268926	0.266152	0.349088	0.115834	
2175000	-306.080251	1	2366	0.541527	0.541527	0.541527	0.541527	1.905947	1.905947	0.541527	0.541527	1	0.260500	0.253752	0.369184	0.116564	
2176000	-301.406520	1	2602	0.363923	0.363923	0.363923	0.363923	1.138637	3.214188	0.363923	1.138637	1	0.305633	0.199834	0.375144	0.119389	
2177000	-308.404461	1	2425	0.549481	0.549481	0.549481	0.549481	2.761607	2.761607	0.549481	0.549481	1	0.226886	0.208136	0.447580	0.117397	
2178000	-305.156019	1	715	0.334384	0.334384	0.334384	0.334384	2.024093	2.024093	0.334384	2.024093	1	0.153762	0.141672	0.340719	0.363846	
2179000	-301.166606	1	1850	0.395188	0.395188	0.395188	0.395188	1.266692	2.624060	0.395188	1.266692	1	0.277279	0.220228	0.345739	0.156754	
2180000	-305.488279	1	2610	0.635565	0.635565	0.635565	0.635565	2.139606	2.139606	0.000000	0.635565	1	0.432858	0.530488	0.036416	0.000237	
2181000	-306.169344	1	782	0.434944	0.434944	0.434944	0.434944	2.149402	2.149402	0.434944	0.434944	1	0.237074	0.188088	0.477963	0.096876	
2182000	-306.014229	1	787	0.544454	0.544454	0.544454	0.544454	2.036453	2.036453	0.544454	0.544454	1	0.253810	0.244600	0.384360	0.117230	
2183000	-301.235193	1	1830	0.429827	0.429827	0.429827	0.429827	1.308978	2.741882	0.429827	1.308978	1	0.282534	0.234718	0.328880	0.153868	
2184000	-302.246564	1	2910	0.510213	0.510213	0.510213	0.510213	1.243822	2.757366	0.510213	1.243822	1	0.310361	0.278635	0.279704	0.131300	
2185000	-305.513425	1	2416	0.638296	0.638296	0.638296	0.638296	2.219415	2.219415	0.000000	0.638296	1	0.431967	0.529933	0.037848	0.000252	
2186000	-301.166606	1	1850	0.395188	0.395188	0.395188	0.395188	1.266692	2.624060	0.395188	1.266692	1	0.277279	0.220228	0.345739	0.156754	
2187000	-301.894467	1	713	0.494655	0.494655	0.494655	0.494655	1.342936	3.029553	0.494655	1.342936	1	0.296875	0.259849	0.301777	0.141498	
2188000	-305.863498	1	1760	0.500207	0.500207	0.500207	0.500207	2.208108	2.208108	0.000000	0.500207	1	0.461302	0.488450	0.050014	0.000233	
2189000	-305.405773	1	983	0.557825	0.557825	0.557825	0.557825	2.188376	2.188376	0.000000	0.557825	1	0.448665	0.508398	0.042704	0.000232	
2190000	-302.168152	1	1807	0.368721	0.368721	0.368721	0.368721	1.024492	3.354034	0.368721	1.024492	1	0.341785	0.205596	0.357871	0.094747	
2191000	-301.406520	1	2602	0.363923	0.363923	0.363923	0.363923	1.138637	3.214188	0.363923	1.138637	1	0.305633	0.199834	0.375144	0.119389	
2192000	-305.598922	1	662	0.553383	0.553383	0.553383	0.553383	1.956167	1.956167	0.000000	0.553383	1	0.450904	0.511186	0.037717	0.000193	
2193000	-306.218781	1	2808	0.457343	0.457343	0.457343	0.457343	2.260662	2.260662	0.457343	0.457343	1	0.235368	0.193079	0.470670	0.100883	
2194000	-301.894467	1	713	0.494655	0.494655	0.494655	0.494655	1.342936	3.029553	0.494655	1.342936	1	0.296875	0.259849	0.301777	0.141498	
2195000	-306.043902	1	1246	0.646115	0.646115	0.646115	0.646115	1.872832	1.872832	0.000000	0.646115	1	0.431783	0.537853	0.030175	0.000189	
2196000	-301.235193	1	1830	0.429827	0.429827	0.429827	0.429827	1.308978	2.741882	0.429827	1.308978	1	0.282534	0.234718	0.328880	0.153868	
2197000	-305.970158	1	1674	0.508084	0.508084	0.508084	0.508084	2.185997	2.185997	0.508084	0.508084	1	0.244521	0.220000	0.424912	0.110567	
2198000	-306.222661	1	560	0.489622	0.489622	0.489622	0.489622	1.753924	1.753924	0.489622	0.489622	1	0.266838	0.245138	0.380578	0.107446	
2199000	-305.565770	1	944	0.531121	0.531121	0.531121	0.531121	2.055482	2.055482	0.000000	0.531121	1	0.455337	0.502071	0.042383	0.000209	
2200000	-306.805507	1	2076	0.667870	0.667870	0.667870	0.667870	1.744446	1.744446	0.000000	0.667870	1	0.427869	0.545537	0.026427	0.000167	
2201000	-305.607111	1	74	0.553552	0.553552	0.553552	0.553552	1.952088	1.952088	0.000000	0.553552	1	0.450887	0.511322	0.037599	0.000192	
2202000	-304.388331	1	1233	0.294287	0.294287	0.751672	0.294287	1.636776	1.636776	0.294287	1.636776	1	0.114829	0.325069	0.274809	0.285293	
2203000	-305.676261	1	1195	0.514239	0.514239	0.514239	0.514239	2.145387	2.145387	0.000000	0.514239	1	0.458571	0.494626	0.046580	0.000223	
2204000	-305.931161	1	2220	0.668901	0.668901	0.668901	0.668901	2.390112	2.390112	0.000000	0.668901	1	0.425400	0.534785	0.039523	0.000292	
2205000	-305.622459	1	68	0.556972	0.556972	0.556972	0.556972	1.940540	1.940540	0.000000	0.556972	1	0.450185	0.512610	0.037014	0.000190	
2206000	-305.667154	1	2662	0.568818	0.568818	0.568818	0.568818	1.913205	1.913205	0.000000	0.568818	1	0.447701	0.516727	0.035385	0.000186	
2207000	-307.010636	1	2638	0.590103	0.590103	0.590103	0.590103	2.767145	2.767145	0.000000	0.590103	1	0.438669	0.511315	0.049694	0.000322	
2208000	-302.690510	1	218	0.540773	0.540773	0.540773	0.540773	1.595855	3.085038	0.000000	1.595855	1	0.444902	0.534719	0.019530	0.000850	
2209000	-305.079082	1	478	0.350497	0.350497	0.350497	0.350497	2.021798	2.021798	0.350497	2.021798	1	0.160674	0.152042	0.332324	0.354961	
2210000	-305.846262	1	2472	0.496317	0.496317	0.496317	0.496317	1.932779	1.932779	0.496317	0.496317	1	0.256412	0.232529	0.402411	0.108649	
2211000	-307.179700	1	286	0.636906	0.636906	0.636906	0.636906	1.997418	1.997418	0.636906	0.636906	1	0.256044	0.278468	0.331956	0.133532	
2212000	-301.235193	1	1830	0.429827	0.429827	0.429827	0.429827	1.308978	2.741882	0.429827	1.308978	1	0.282534	0.234718	0.328880	0.153868	
2213000	-301.041336	1	1170	0.415154	0.415154	0.415154	0.415154	1.338547	3.062416	0.415154	1.338547	1	0.279734	0.219164	0.349625	0.151477	
2214000	-306.012784	1	1292	0.486701	0.486701	0.486701	0.486701	2.167210	2.167210	0.000000	0.486701	1	0.464654	0.483846	0.051271	0.000228	
2215000	-306.709103	1	1972	0.751249	0.751249	0.751249	0.751249	2.131419	2.131419	0.000000	0.751249	1	0.412147	0.555178	0.032403	0.000273	
2216000	-306.006524	1	2974	0.654416	0.654416	0.654416	0.654416	2.466286	2.466286	0.000000	0.654416	1	0.427728	0.530555	0.041417	0.000300	
2217000	-306.596897	1	1963	0.736210	0.736210	0.736210	0.736210	2.366094	2.366094	0.000000	0.736210	1	0.413754	0.549030	0.036901	0.000315	
2218000	-301.235193	1	1830	0.429827	0.429827	0.429827	0.429827	1.308978	2.741882	0.429827	1.308978	1	0.282534	0.234718	0.328880	0.153868	
2219000	-311.934781	1	1806	0.225016	0.225016	0.225016	0.225016	1.786287	1.786287	0.225016	1.786287	0	0.112644	0.082121	0.400814	0.404421	
2220000	-305.350842	1	2945	0.590753	0.590753	0.590753	0.590753	2.130379	2.130379	0.000000	0.590753	1	0.441974	0.518953	0.038846	0.000227	
2221000	-305.478798	1	2850	0.606014	0.606014	0.606014	0.606014	2.015409	2.015409	0.000000	0.606014	1	0.439341	0.525088	0.035362	0.000209	
2222000	-306.258829	1	2943	0.433268	0.433268	0.433268	0.433268	2.190473	2.190473	0.433268	0.433268	1	0.234750	0.184926	0.483897	0.096427	
2223000	-306.664362	1	2429	0.504708	0.504708	0.504708	0.504708	1.654330	1.654330	0.504708	0.504708	1	0.274637	0.262354	0.353251	0.109758	
2224000	-302.364992	1	2855	0.691219	0.186834	0.691219	0.691219	1.962010	1.962010	0.186834	0.691219	1	0.359687	0.444418	0.143784	0.052111	
2225000	-305.641346	1	1561	0.594907	0.594907	0.594907	0.594907	2.397096	2.397096	0.000000	0.594907	1	0.439715	0.516321	0.043693	0.000271	
2226000	-306.118856	1	2641	0.518324	0.518324	0.518324	0.518324	1.815481	1.815481	0.518324	0.518324	1	0.264753	0.252206	0.370628	0.112414	
2227000	-306.409818	1	1947	0.468812	0.468812	0.468812	0.468812	1.962607	1.962607	0.000000	0.468812	1	0.470359	0.480427	0.049017	0.000197	
2228000	-301.235193	1	1830	0.429827	0.429827	0.429827	0.429827	1.308978	2.741882	0.429827	1.308978	1	0.282534	0.234718	0.328880	0.153868	
2229000	-303.607284	1	392	1.143398	0.330596	0.330596	0.330596	1.143398	2.397077	0.330596	1.143398	1	0.428830	0.142071	0.293718	0.135381	
2230000	-306.749769	1	2805	0.539631	0.539631	0.539631	0.539631	1.676944	1.676944	0.539631	0.539631	1	0.274305	0.274877	0.335285	0.115534	
2231000	-302.246564	1	2910	0.510213	0.510213	0.510213	0.510213	1.243822	2.757366	0.510213	1.243822	1	0.310361	0.278635	0.279704	0.131300	
2232000	-301.406520	1	2602	0.363923	0.363923	0.363923	0.363923	1.138637	3.214188	0.363923	1.138637	1	0.305633	0.199834	0.375144	0.119389	
2233000	-304.972571	1	1171	0.293992	0.293992	0.293992	0.293992	1.708713	1.708713	0.293992	1.708713	1	0.159957	0.134739	0.356206	0.349098	
2234000	-305.696323	1	2866	0.556201	0.556201	0.556201	0.556201	1.912079	1.912079	0.000000	0.556201	1	0.450493	0.512974	0.036348	0.000185	
2235000	-305.560076	1	2888	0.625313	0.625313	0.625313	0.625313	2.322327	2.322327	0.000000	0.625313	1	0.434013	0.525276	0.040444	0.000267	
2236000	-306.856816	1	1052	0.432974	0.432974	0.432974	0.432974	2.396664	2.396664	0.432974	0.432974	1	0.225462	0.174722	0.504075	0.095741	
2237000	-304.917495	1	1174	0.313855	0.313855	0.313855	0.313855	1.893688	1.893688	0.313855	1.893688	1	0.154067	0.135838	0.349283	0.360812	
2238000	-301.894467	1	713	0.494655	0.494655	0.494655	0.494655	1.342936	3.029553	0.494655	1.342936	1	0.296875	0.259849	0.301777	0.141498	
2239000	-305.693023	1	608	0.514902	0.514902	0.514902	0.514902	2.195831	2.195831	0.000000	0.514902	1	0.458085	0.494047	0.047637	0.000231	
2240000	-302.039047	1	954	0.464484	0.464484	0.464484	0.464484	1.256501	2.429299	0.464484	1.256501	1	0.293189	0.263852	0.293757	0.149202	
2241000	-305.389658	1	609	0.566425	0.566425	0.566425	0.566425	2.081685	2.081685	0.000000	0.566425	1	0.447395	0.512772	0.039618	0.000216	
2242000	-301.166606	1	1850	0.395188	0.395188	0.395188	0.395188	1.266692	2.624060	0.395188	1.266692	1	0.277279	0.220228	0.345739	0.156754	
2243000	-301.166606	1	1850	0.395188	0.395188	0.395188	0.395188	1.266692	2.624060	0.395188	1.266692	1	0.277279	0.220228	0.345739	0.156754	
2244000	-306.273499	1	829	0.482551	0.482551	0.482551	0.482551	2.317542	2.317542	0.482551	0.482551	1	0.236221	0.201657	0.456569	0.105553	
2245000	-303.432812	1	220	1.083750	0.296794	0.296794	0.296794	1.083750	2.849540	0.296794	1.083750	1	0.441158	0.121078	0.323530	0.114234	
2246000	-301.166606	1	1850	0.395188	0.395188	0.395188	0.395188	1.266692	2.624060	0.395188	1.266692	1	0.277279	0.220228	0.345739	0.156754	
2247000	-301.166606	1	1850	0.395188	0.395188	0.395188	0.395188	1.266692	2.624060	0.395188	1.266692	1	0.277279	0.220228	0.345739	0.156754	
2248000	-301.235193	1	1830	0.429827	0.429827	0.429827	0.429827	1.308978	2.741882	0.429827	1.308978	1	0.282534	0.234718	0.328880	0.153868	
2249000	-301.894467	1	713	0.494655	0.494655	0.494655	0.494655	1.342936	3.029553	0.494655	1.342936	1	0.296875	0.259849	0.301777	0.141498	
2250000	-303.781811	1	1625	0.649850	0.649850	0.649850	0.649850	1.468267	2.804783	0.000000	1.468267	1	0.427283	0.555732	0.016425	0.000560	
2251000	-304.592209	1	2381	0.525695	0.190437	0.525695	0.190437	1.477998	1.477998	0.190437	1.477998	1	0.163312	0.188475	0.323872	0.324342	
2252000	-306.579219	1	264	0.597311	0.597311	0.597311	0.597311	2.095341	2.095341	0.597311	0.597311	1	0.252099	0.258917	0.362209	0.126775	
2253000	-305.784372	1	659	0.523170	0.523170	0.523170	0.523170	2.323445	2.323445	0.000000	0.523170	1	0.455401	0.495140	0.049209	0.000250	
2254000	-305.954109	1	2765	0.456306	0.456306	0.456306	0.456306	2.114885	2.114885	0.456306	0.456306	1	0.242182	0.200896	0.455870	0.101052	
2255000	-305.083339	1	1821	0.304771	0.304771	0.304771	0.304771	1.915633	1.915633	0.304771	1.915633	1	0.147982	0.128489	0.354871	0.368659	
2256000	-306.208155	1	2726	0.505288	0.505288	0.505288	0.505288	2.296346	2.296346	0.505288	0.505288	1	0.239468	0.212487	0.438161	0.109883	
2257000	-306.639434	1	236	0.486982	0.486982	0.486982	0.486982	1.792439	1.792439	0.000000	0.486982	1	0.467244	0.492112	0.040479	0.000165	
2258000	-305.420250	1	339	0.555180	0.555180	0.555180	0.555180	2.083997	2.083997	0.000000	0.555180	1	0.449829	0.509311	0.040645	0.000215	
2259000	-305.558726	1	1889	0.573494	0.573494	0.573494	0.573494	2.348376	2.348376	0.000000	0.573494	1	0.444413	0.510851	0.044476	0.000260	
2260000	-306.265337	1	2458	0.473846	0.473846	0.473846	0.473846	2.228969	2.228969	0.000000	0.473846	1	0.467080	0.477593	0.055089	0.000238	
2261000	-306.449260	1	2658	0.591760	0.591760	0.591760	0.591760	1.724761	1.724761	0.000000	0.591760	1	0.443384	0.527455	0.029008	0.000153	
2262000	-306.319998	1	1779	0.489757	0.489757	0.489757	0.489757	1.726675	1.726675	0.489757	0.489757	1	0.268676	0.247880	0.376005	0.107440	
2263000	-306.280734	1	521	0.429140	0.429140	0.429140	0.429140	2.178502	2.178502	0.429140	0.429140	1	0.234591	0.183445	0.486307	0.095657	
2264000	-305.496304	1	1690	0.570268	0.570268	0.570268	0.570268	2.309052	2.309052	0.000000	0.570268	1	0.445316	0.510415	0.044016	0.000253	
2265000	-307.201384	1	2607	0.584248	0.584248	0.584248	0.584248	1.680090	1.680090	0.584248	0.584248	1	0.274159	0.291384	0.311652	0.122805	
2266000	-303.787618	1	2081	1.103753	0.361091	0.361091	0.361091	2.266283	2.266283	0.361091	1.103753	1	0.276445	0.116956	0.371868	0.234730	
2267000	-305.536621	1	2255	0.578417	0.578417	0.578417	0.578417	2.341540	2.341540	0.000000	0.578417	1	0.443422	0.512371	0.043947	0.000259	
2268000	-304.758255	1	322	0.422666	0.422666	0.422666	0.422666	1.303071	1.978092	0.000000	1.303071	1	0.473498	0.509724	0.016335	0.000443	
2269000	-301.406520	1	2602	0.363923	0.363923	0.363923	0.363923	1.138637	3.214188	0.363923	1.138637	1	0.305633	0.199834	0.375144	0.119389	
2270000	-304.171284	1	1034	0.913047	0.389153	0.913047	0.389153	0.913047	2.744877	0.389153	0.913047	1	0.325040	0.398900	0.191256	0.084804	
2271000	-305.732000	1	2717	0.670723	0.670723	0.670723	0.670723	2.163768	2.163768	0.000000	0.670723	1	0.426051	0.538337	0.035361	0.000251	
2272000	-302.651021	1	794	0.453493	0.453493	0.453493	0.453493	1.341618	2.590446	0.000000	1.341618	1	0.470931	0.510911	0.017612	0.000546	
2273000	-301.235193	1	1830	0.429827	0.429827	0.429827	0.429827	1.308978	2.741882	0.429827	1.308978	1	0.282534	0.234718	0.328880	0.153868	
2274000	-304.388331	1	1233	0.294287	0.294287	0.751672	0.294287	1.636776	1.636776	0.294287	1.636776	1	0.114829	0.325069	0.274809	0.285293	
2275000	-306.059871	1	697	0.499555	0.499555	0.499555	0.499555	1.923630	1.923630	0.000000	0.499555	1	0.463414	0.493606	0.042792	0.000187	
2276000	-305.673785	1	1156	0.588676	0.588676	0.588676	0.588676	1.910537	1.910537	0.000000	0.588676	1	0.443419	0.522438	0.033955	0.000188	
2277000	-305.652996	1	271	0.658077	0.658077	0.658077	0.658077	2.106297	2.106297	0.000000	0.658077	1	0.428655	0.536377	0.034731	0.000237	
2278000	-305.275905	1	430	0.280738	0.280738	0.280738	0.280738	1.634880	1.634880	0.280738	1.634880	1	0.159854	0.130902	0.362328	0.346915	
2279000	-301.406520	1	2602	0.363923	0.363923	0.363923	0.363923	1.138637	3.214188	0.363923	1.138637	1	0.305633	0.199834	0.375144	0.119389	
2280000	-301.166606	1	1850	0.395188	0.395188	0.395188	0.395188	1.266692	2.624060	0.395188	1.266692	1	0.277279	0.220228	0.345739	0.156754	
2281000	-305.434955	1	1823	0.293589	0.293589	0.293589	0.293589	1.976599	1.976599	0.293589	1.976599	1	0.138048	0.117802	0.361991	0.382159	
2282000	-302.583368	1	720	0.530245	0.530245	0.530245	0.530245	1.468851	2.759729	0.000000	1.468851	1	0.449493	0.531970	0.017895	0.000643	
2283000	-301.166606	1	1850	0.395188	0.395188	0.395188	0.395188	1.266692	2.624060	0.395188	1.266692	1	0.277279	0.220228	0.345739	0.156754	
2284000	-303.757940	1	951	0.539229	0.401959	0.539229	0.539229	1.080185	3.131407	0.401959	0.539229	1	0.427826	0.281822	0.251785	0.038566	
2285000	-305.884151	1	2576	0.665076	0.665076	0.665076	0.665076	2.380723	2.380723	0.000000	0.665076	1	0.426149	0.534038	0.039524	0.000289	
2286000	-301.406520	1	2602	0.363923	0.363923	0.363923	0.363923	1.138637	3.214188	0.363923	1.138637	1	0.305633	0.199834	0.375144	0.119389	
2287000	-302.168152	1	1807	0.368721	0.368721	0.368721	0.368721	1.024492	3.354034	0.368721	1.024492	1	0.341785	0.205596	0.357871	0.094747	
2288000	-301.041336	1	1170	0.415154	0.415154	0.415154	0.415154	1.338547	3.062416	0.415154	1.338547	1	0.279734	0.219164	0.349625	0.151477	
2289000	-301.406520	1	2602	0.363923	0.363923	0.363923	0.363923	1.138637	3.214188	0.363923	1.138637	1	0.305633	0.199834	0.375144	0.119389	
2290000	-301.166606	1	1850	0.395188	0.395188	0.395188	0.395188	1.266692	2.624060	0.395188	1.266692	1	0.277279	0.220228	0.345739	0.156754	
2291000	-301.041336	1	1170	0.415154	0.415154	0.415154	0.415154	1.338547	3.062416	0.415154	1.338547	1	0.279734	0.219164	0.349625	0.151477	
2292000	-305.274309	1	1612	0.317870	0.317870	0.317870	0.317870	2.020820	2.020820	0.317870	2.020820	1	0.146645	0.131255	0.349384	0.372716	
2293000	-306.853980	1	2824	0.391160	0.391160	0.391160	0.391160	1.823595	1.823595	0.391160	0.391160	1	0.247482	0.185330	0.477679	0.089509	
2294000	-305.839434	1	283	0.501184	0.501184	0.501184	0.501184	2.091043	2.091043	0.501184	0.501184	1	0.248444	0.223133	0.419013	0.109409	
2295000	-306.282460	1	1885	0.525354	0.525354	0.525354	0.525354	1.771418	1.771418	0.525354	0.525354	1	0.267789	0.259336	0.359361	0.113514	
2296000	-305.541583	1	1768	0.624164	0.624164	0.624164	0.624164	2.018742	2.018742	0.000000	0.624164	1	0.435631	0.529710	0.034447	0.000213	
2297000	-301.041336	1	1170	0.415154	0.415154	0.415154	0.415154	1.338547	3.062416	0.415154	1.338547	1	0.279734	0.219164	0.349625	0.151477	
2298000	-305.350842	1	2945	0.590753	0.590753	0.590753	0.590753	2.130379	2.130379	0.000000	0.590753	1	0.441974	0.518953	0.038846	0.000227	
2299000	-303.655024	1	610	0.657230	0.288111	0.657230	0.657230	2.416063	2.416063	0.288111	0.657230	1	0.311275	0.375378	0.236448	0.076899	
2300000	-304.315244	1	360	0.951745	0.417552	0.417552	0.417552	0.951745	2.381957	0.000000	0.951745	1	0.646397	0.330706	0.022512	0.000385	
2301000	-306.118086	1	300	0.707391	0.707391	0.707391	0.707391	2.134744	2.134744	0.000000	0.707391	1	0.419550	0.546623	0.033570	0.000257	
2302000	-301.041336	1	1170	0.415154	0.415154	0.415154	0.415154	1.338547	3.062416	0.415154	1.338547	1	0.279734	0.219164	0.349625	0.151477	
2303000	-301.041336	1	1170	0.415154	0.415154	0.415154	0.415154	1.338547	3.062416	0.415154	1.338547	1	0.279734	0.219164	0.349625	0.151477	
2304000	-305.641346	1	1561	0.594907	0.594907	0.594907	0.594907	2.397096	2.397096	0.000000	0.594907	1	0.439715	0.516321	0.043693	0.000271	
2305000	-305.729491	1	1304	0.533209	0.533209	0.533209	0.533209	1.940400	1.940400	0.000000	0.533209	1	0.455528	0.505064	0.039219	0.000189	
2306000	-305.440692	1	305	0.592338	0.592338	0.592338	0.592338	2.022544	2.022544	0.000000	0.592338	1	0.442159	0.521265	0.036368	0.000208	
2307000	-303.234975	1	2477	0.430705	0.430705	0.430705	0.430705	0.928426	3.479873	0.430705	0.928426	1	0.398826	0.235425	0.294117	0.071631	
2308000	-305.845625	1	1911	0.679009	0.679009	0.679009	0.679009	2.092614	2.092614	0.000000	0.679009	1	0.424798	0.541302	0.033660	0.000240	
2309000	-306.104244	1	0	0.517189	0.517189	0.517189	0.517189	2.242065	2.242065	0.517189	0.517189	1	0.242760	0.220400	0.424657	0.112184	
2310000	-301.041336	1	1170	0.415154	0.415154	0.415154	0.415154	1.338547	3.062416	0.415154	1.338547	1	0.279734	0.219164	0.349625	0.151477	
2311000	-302.364992	1	2855	0.691219	0.186834	0.691219	0.691219	1.962010	1.962010	0.186834	0.691219	1	0.359687	0.444418	0.143784	0.052111	
2312000	-305.405373	1	1586	0.555462	0.555462	0.555462	0.555462	2.163720	2.163720	0.000000	0.555462	1	0.449319	0.508057	0.042396	0.000228	
2313000	-306.397332	1	549	0.569391	0.569391	0.569391	0.569391	1.870016	1.870016	0.569391	0.569391	1	0.263068	0.267372	0.348270	0.121290	
2314000	-305.145121	1	1832	0.535945	0.535945	0.535945	0.535945	1.308690	1.893546	0.000000	1.308690	1	0.445323	0.539751	0.014570	0.000355	
2315000	-305.842691	1	258	0.660834	0.660834	0.660834	0.660834	1.986089	1.986089	0.000000	0.660834	1	0.428578	0.539085	0.032123	0.000214	
2316000	-305.729428	1	2004	0.550350	0.550350	0.550350	0.550350	2.387814	2.387814	0.000000	0.550350	1	0.449089	0.503323	0.047326	0.000262	
2317000	-305.878100	1	1365	0.506794	0.506794	0.506794	0.506794	1.974139	1.974139	0.000000	0.506794	1	0.461400	0.495169	0.043235	0.000196	
2318000	-306.458997	1	1442	0.701670	0.701670	0.701670	0.701670	1.911351	1.911351	0.000000	0.701670	1	0.421262	0.549319	0.029210	0.000209	
2319000	-306.210774	1	1827	0.355004	0.355004	0.355004	0.355004	2.253218	2.253218	0.355004	2.253218	1	0.147835	0.143374	0.333809	0.374983	
2320000	-306.730134	1	1676	0.667931	0.667931	0.667931	0.667931	2.657843	2.657843	0.000000	0.667931	1	0.424314	0.531620	0.043729	0.000337	
2321000	-306.883542	1	2833	0.383689	0.383689	0.383689	0.383689	2.090301	2.090301	0.383689	0.383689	1	0.229332	0.162988	0.520874	0.086806	
2322000	-301.041336	1	1170	0.415154	0.415154	0.415154	0.415154	1.338547	3.062416	0.415154	1.338547	1	0.279734	0.219164	0.349625	0.151477	
2323000	-306.006248	1	2860	0.443045	0.443045	0.443045	0.443045	2.071779	2.071779	0.443045	0.443045	1	0.242430	0.196949	0.461970	0.098652	
2324000	-305.567178	1	1966	0.573410	0.573410	0.573410	0.573410	1.951502	1.951502	0.000000	0.573410	1	0.446527	0.517280	0.036000	0.000194	
2325000	-305.822934	1	763	0.655494	0.655494	0.655494	0.655494	1.975137	1.975137	0.000000	0.655494	1	0.429636	0.538060	0.032093	0.000211	
2326000	-303.607284	1	392	1.143398	0.330596	0.330596	0.330596	1.143398	2.397077	0.330596	1.143398	1	0.428830	0.142071	0.293718	0.135381	
2327000	-303.607284	1	392	1.143398	0.330596	0.330596	0.330596	1.143398	2.397077	0.330596	1.143398	1	0.428830	0.142071	0.293718	0.135381	
2328000	-305.822934	1	763	0.655494	0.655494	0.655494	0.655494	1.975137	1.975137	0.000000	0.655494	1	0.429636	0.538060	0.032093	0.000211	
2329000	-306.275400	1	935	0.431334	0.431334	0.431334	0.431334	1.826634	1.826634	0.431334	0.431334	1	0.255114	0.208688	0.439074	0.097124	
2330000	-301.235193	1	1830	0.429827	0.429827	0.429827	0.429827	1.308978	2.741882	0.429827	1.308978	1	0.282534	0.234718	0.328880	0.153868	
2331000	-305.848751	1	2309	0.504635	0.504635	0.504635	0.504635	2.095165	2.095165	0.504635	0.504635	1	0.248530	0.224343	0.417092	0.110035	
2332000	-305.667154	1	2662	0.568818	0.568818	0.568818	0.568818	1.913205	1.913205	0.000000	0.568818	1	0.447701	0.516727	0.035385	0.000186	
2333000	-306.425906	1	2254	0.460797	0.460797	0.460797	0.460797	2.101793	2.101793	0.000000	0.460797	1	0.471064	0.474033	0.054682	0.000221	
2334000	-301.894467	1	713	0.494655	0.494655	0.494655	0.494655	1.342936	3.029553	0.494655	1.342936	1	0.296875	0.259849	0.301777	0.141498	
2335000	-306.800506	1	2494	0.612109	0.612109	0.612109	0.612109	1.976793	1.976793	0.612109	0.612109	1	0.257489	0.272678	0.340749	0.129084	
2336000	-302.583368	1	720	0.530245	0.530245	0.530245	0.530245	1.468851	2.759729	0.000000	1.468851	1	0.449493	0.531970	0.017895	0.000643	
2337000	-306.426598	1	2414	0.406157	0.406157	0.406157	0.406157	1.951063	1.951063	0.406157	0.406157	1	0.242536	0.184839	0.480696	0.091929	
2338000	-304.222023	1	1587	0.469477	0.469477	0.469477	0.469477	1.436940	2.811350	0.469477	0.469477	1	0.362836	0.192424	0.388933	0.055807	
2339000	-301.906368	1	480	0.490857	0.490857	0.490857	0.490857	1.336197	3.232583	0.490857	1.336197	1	0.301806	0.255146	0.307548	0.135500	
2340000	-305.864280	1	1443	0.461732	0.461732	0.461732	0.461732	2.003983	2.003983	0.461732	0.461732	1	0.248791	0.210894	0.438005	0.102310	
2341000	-303.757940	1	951	0.539229	0.401959	0.539229	0.539229	1.080185	3.131407	0.401959	0.539229	1	0.427826	0.281822	0.251785	0.038566	
2342000	-302.756393	1	1788	0.475463	0.475463	0.475463	0.475463	1.471660	3.706873	0.000000	1.471660	1	0.471685	0.508533	0.019006	0.000776	
2343000	-303.812006	1	2479	1.399741	0.444102	0.444102	0.444102	1.399741	2.782958	0.000000	1.399741	1	0.647495	0.314920	0.035963	0.001622	
2344000	-304.018557	1	293	1.065425	0.461998	0.461998	0.461998	1.065425	3.222295	0.461998	1.065425	1	0.459683	0.210963	0.243089	0.086265	
2345000	-305.324516	1	2331	0.405481	0.405481	0.405481	0.405481	1.164858	1.936151	0.000000	1.164858	1	0.483272	0.501703	0.014703	0.000322	
2346000	-301.906368	1	480	0.490857	0.490857	0.490857	0.490857	1.336197	3.232583	0.490857	1.336197	1	0.301806	0.255146	0.307548	0.135500	
2347000	-305.389418	1	727	0.560182	0.560182	0.560182	0.560182	2.166274	2.166274	0.000000	0.560182	1	0.448282	0.509469	0.042020	0.000229	
2348000	-304.994976	1	215	0.292720	0.292720	0.292720	0.292720	1.703338	1.703338	0.292720	1.703338	1	0.159783	0.134238	0.356842	0.349137	
2349000	-305.860696	1	176	0.477453	0.477453	0.477453	0.477453	2.106608	2.106608	0.477453	0.477453	1	0.245305	0.211492	0.438181	0.105023	
2350000	-302.711536	1	1537	0.532609	0.532609	0.532609	0.532609	1.373915	3.553725	0.000000	1.373915	1	0.463425	0.519326	0.016679	0.000571	
2351000	-305.818449	1	2296	0.501275	0.501275	0.501275	0.501275	1.983953	1.983953	0.501275	0.501275	1	0.253984	0.230779	0.405727	0.109510	
2352000	-302.878405	1	1208	0.534738	0.534738	0.534738	0.534738	1.329491	3.495426	0.534738	1.329491	1	0.315494	0.270121	0.289801	0.124584	
2353000	-306.904161	1	1306	0.396672	0.396672	0.396672	0.396672	1.765191	1.765191	0.396672	0.396672	1	0.252820	0.193631	0.462707	0.090842	
2354000	-302.274655	1	1207	0.486627	0.486627	0.486627	0.486627	1.088377	3.119393	0.486627	1.088377	1	0.349740	0.267752	0.282890	0.099618	
2355000	-306.039364	1	937	0.496171	0.496171	0.496171	0.496171	1.951014	1.951014	0.000000	0.496171	1	0.464026	0.491713	0.044069	0.000192	
2356000	-306.021006	1	1241	0.497743	0.497743	0.497743	0.497743	2.301964	2.301964	0.000000	0.497743	1	0.461184	0.486169	0.052401	0.000247	
2357000	-306.327120	1	2729	0.505042	0.505042	0.505042	0.505042	2.462186	2.462186	0.000000	0.505042	1	0.458450	0.487026	0.054256	0.000268	
2358000	-305.740345	1	1480	0.659587	0.659587	0.659587	0.659587	2.037423	2.037423	0.000000	0.659587	1	0.428632	0.537886	0.033258	0.000224	
2359000	-305.551926	1	272	0.542382	0.542382	0.542382	0.542382	2.008866	2.008866	0.000000	0.542382	1	0.453079	0.506662	0.040058	0.000202	
2360000	-301.041336	1	1170	0.415154	0.415154	0.415154	0.415154	1.338547	3.062416	0.415154	1.338547	1	0.279734	0.219164	0.349625	0.151477	
2361000	-310.229842	1	953	0.737119	0.737119	0.737119	0.737119	0.737119	2.712873	0.737119	0.737119	1	0.444681	0.352170	0.140738	0.062411	
2362000	-303.812006	1	2479	1.399741	0.444102	0.444102	0.444102	1.399741	2.782958	0.000000	1.399741	1	0.647495	0.314920	0.035963	0.001622	
2363000	-306.638158	1	1589	0.412615	0.412615	0.412615	0.412615	2.242960	2.242960	0.412615	0.412615	1	0.228228	0.171358	0.508246	0.092168	
2364000	-306.664026	1	1485	0.600045	0.600045	0.600045	0.600045	2.695735	2.695735	0.000000	0.600045	1	0.437063	0.514620	0.048001	0.000316	
2365000	-305.470576	1	112	0.333133	0.333133	0.333133	0.333133	2.096613	2.096613	0.333133	2.096613	1	0.148376	0.137109	0.342527	0.371988	
2366000	-301.235193	1	1830	0.429827	0.429827	0.429827	0.429827	1.308978	2.741882	0.429827	1.308978	1	0.282534	0.234718	0.328880	0.153868	
2367000	-302.246564	1	2910	0.510213	0.510213	0.510213	0.510213	1.243822	2.757366	0.510213	1.243822	1	0.310361	0.278635	0.279704	0.131300	
2368000	-301.894467	1	713	0.494655	0.494655	0.494655	0.494655	1.342936	3.029553	0.494655	1.342936	1	0.296875	0.259849	0.301777	0.141498	
2369000	-305.584488	1	1129	0.536678	0.536678	0.536678	0.536678	2.265048	2.265048	0.000000	0.536678	1	0.452809	0.500510	0.046439	0.000242	
2370000	-302.878405	1	1208	0.534738	0.534738	0.534738	0.534738	1.329491	3.495426	0.534738	1.329491	1	0.315494	0.270121	0.289801	0.124584	
2371000	-302.274655	1	1207	0.486627	0.486627	0.486627	0.486627	1.088377	3.119393	0.486627	1.088377	1	0.349740	0.267752	0.282890	0.099618	
2372000	-305.400976	1	180	0.563857	0.563857	0.563857	0.563857	2.212803	2.212803	0.000000	0.563857	1	0.447227	0.509865	0.042671	0.000237	
2373000	-305.377921	1	2807	0.597101	0.597101	0.597101	0.597101	2.087269	2.087269	0.000000	0.597101	1	0.440862	0.521421	0.037496	0.000221	
2374000	-301.906368	1	480	0.490857	0.490857	0.490857	0.490857	1.336197	3.232583	0.490857	1.336197	1	0.301806	0.255146	0.307548	0.135500	
2375000	-306.148676	1	2403	0.429220	0.429220	0.429220	0.429220	1.921093	1.921093	0.429220	0.429220	1	0.248747	0.200015	0.454774	0.096464	
2376000	-305.614135	1	2219	0.617278	0.617278	0.617278	0.617278	1.964621	1.964621	0.000000	0.617278	1	0.437239	0.528968	0.033591	0.000202	
2377000	-306.569412	1	2776	0.503713	0.503713	0.503713	0.503713	1.673514	1.673514	0.503713	0.503713	1	0.273236	0.259831	0.357279	0.109653	
2378000	-301.406520	1	2602	0.363923	0.363923	0.363923	0.363923	1.138637	3.214188	0.363923	1.138637	1	0.305633	0.199834	0.375144	0.119389	
2379000	-302.714298	1	1853	0.504365	0.504365	0.504365	0.504365	1.460455	2.596222	0.000000	1.460455	1	0.453700	0.527530	0.018131	0.000640	
2380000	-305.864854	1	2229	0.584716	0.584716	0.584716	0.584716	1.850136	1.850136	0.000000	0.584716	1	0.444504	0.522627	0.032694	0.000176	
2381000	-305.712633	1	2936	1.140064	0.566885	0.566885	0.566885	1.140064	2.551214	0.566885	1.140064	1	0.414654	0.268107	0.208517	0.108721	
2382000	-302.690510	1	218	0.540773	0.540773	0.540773	0.540773	1.595855	3.085038	0.000000	1.595855	1	0.444902	0.534719	0.019530	0.000850	
2383000	-301.406520	1	2602	0.363923	0.363923	0.363923	0.363923	1.138637	3.214188	0.363923	1.138637	1	0.305633	0.199834	0.375144	0.119389	
2384000	-305.717389	1	2010	0.527262	0.527262	0.527262	0.527262	1.965030	1.965030	0.000000	0.527262	1	0.456745	0.502555	0.040506	0.000194	
2385000	-302.756393	1	1788	0.475463	0.475463	0.475463	0.475463	1.471660	3.706873	0.000000	1.471660	1	0.471685	0.508533	0.019006	0.000776	
2386000	-306.205403	1	2806	0.538115	0.538115	0.538115	0.538115	2.243373	2.243373	0.538115	0.538115	1	0.244071	0.228504	0.411368	0.116057	
2387000	-301.166606	1	1850	0.395188	0.395188	0.395188	0.395188	1.266692	2.624060	0.395188	1.266692	1	0.277279	0.220228	0.345739	0.156754	
2388000	-301.166606	1	1850	0.395188	0.395188	0.395188	0.395188	1.266692	2.624060	0.395188	1.266692	1	0.277279	0.220228	0.345739	0.156754	
2389000	-306.465344	1	2426	0.588014	0.588014	0.588014	0.588014	2.100717	2.100717	0.588014	0.588014	1	0.251810	0.255491	0.367587	0.125111	
2390000	-305.551130	1	1954	0.545131	0.545131	0.545131	0.545131	2.278884	2.278884	0.000000	0.545131	1	0.450879	0.503072	0.045803	0.000245	
2391000	-306.572968	1	1305	0.546816	0.546816	0.546816	0.546816	1.732585	1.732585	0.546816	0.546816	1	0.270840	0.271920	0.340274	0.116966	
2392000	-305.988601	1	216	0.251392	0.251392	0.251392	0.251392	1.690772	1.690772	0.251392	1.690772	1	0.136918	0.105674	0.383467	0.373941	
2393000	-305.878100	1	1365	0.506794	0.506794	0.506794	0.506794	1.974139	1.974139	0.000000	0.506794	1	0.461400	0.495169	0.043235	0.000196	
2394000	-305.275905	1	430	0.280738	0.280738	0.280738	0.280738	1.634880	1.634880	0.280738	1.634880	1	0.159854	0.130902	0.362328	0.346915	
2395000	-306.065703	1	2784	0.694835	0.694835	0.694835	0.694835	2.046345	2.046345	0.000000	0.694835	1	0.422085	0.545468	0.032212	0.000235	
2396000	-305.788021	1	338	0.655266	0.655266	0.655266	0.655266	2.365758	2.365758	0.000000	0.655266	1	0.428047	0.531972	0.039698	0.000283	
2397000	-304.222023	1	1587	0.469477	0.469477	0.469477	0.469477	1.436940	2.811350	0.469477	0.469477	1	0.362836	0.192424	0.388933	0.055807	
2398000	-306.462633	1	2259	0.428827	0.428827	0.428827	0.428827	2.258274	2.258274	0.428827	0.428827	1	0.230729	0.179098	0.494826	0.095347	
2399000	-306.005185	1	650	0.579213	0.579213	0.579213	0.579213	1.813252	1.813252	0.000000	0.579213	1	0.445832	0.521913	0.032087	0.000169	
2400000	-306.046941	1	1315	0.310544	0.310544	0.310544	0.310544	2.171771	2.171771	0.310544	2.171771	1	0.133870	0.119548	0.354635	0.391947	
2401000	-305.554973	1	770	0.542034	0.542034	0.542034	0.542034	2.268571	2.268571	0.000000	0.542034	1	0.451617	0.502216	0.045924	0.000243	
2402000	-304.175584	1	415	1.389681	0.548831	0.548831	0.548831	1.389681	2.811931	0.000000	1.389681	1	0.592155	0.378059	0.028641	0.001145	
2403000	-305.589260	1	2180	0.528361	0.528361	0.528361	0.528361	2.050788	2.050788	0.000000	0.528361	1	0.455987	0.501228	0.042577	0.000208	
2404000	-306.136311	1	2925	0.585938	0.585938	0.585938	0.585938	1.784513	1.784513	0.000000	0.585938	1	0.444468	0.524449	0.030918	0.000164	
2405000	-306.012289	1	276	0.583693	0.583693	0.583693	0.583693	1.812205	1.812205	0.000000	0.583693	1	0.444862	0.523191	0.031779	0.000169	
2406000	-305.770540	1	2615	0.508344	0.508344	0.508344	0.508344	2.043337	2.043337	0.000000	0.508344	1	0.460590	0.494333	0.044870	0.000207	
2407000	-301.166606	1	1850	0.395188	0.395188	0.395188	0.395188	1.266692	2.624060	0.395188	1.266692	1	0.277279	0.220228	0.345739	0.156754	
2408000	-306.642813	1	2289	0.465158	0.465158	0.465158	0.465158	1.886892	1.886892	0.000000	0.465158	1	0.471819	0.480691	0.047305	0.000185	
2409000	-307.019052	1	2149	0.378646	0.378646	0.378646	0.378646	1.875057	1.875057	0.378646	0.378646	1	0.240997	0.173546	0.498717	0.086739	
2410000	-305.833972	1	1062	0.481891	0.481891	0.481891	0.481891	2.085580	2.085580	0.481891	0.481891	1	0.246856	0.214903	0.432362	0.105879	
2411000	-306.864302	1	31	0.452733	0.452733	0.452733	0.452733	2.445635	2.445635	0.452733	0.452733	1	0.226908	0.182086	0.491523	0.099483	
2412000	-305.391559	1	280	0.595686	0.595686	0.595686	0.595686	2.068003	2.068003	0.000000	0.595686	1	0.441247	0.521369	0.037167	0.000217	
2413000	-305.384873	1	2471	0.607581	0.607581	0.607581	0.607581	2.201977	2.201977	0.000000	0.607581	1	0.438152	0.522393	0.039213	0.000242	
2414000	-305.921537	1	2970	0.451681	0.451681	0.451681	0.451681	1.986585	1.986585	0.451681	0.451681	1	0.248403	0.207098	0.444011	0.100488	
2415000	-305.351921	1	2131	0.577704	0.577704	0.577704	0.577704	2.132018	2.132018	0.000000	0.577704	1	0.444714	0.515230	0.039831	0.000225	
2416000	-302.651021	1	794	0.453493	0.453493	0.453493	0.453493	1.341618	2.590446	0.000000	1.341618	1	0.470931	0.510911	0.017612	0.000546	
2417000	-304.171284	1	1034	0.913047	0.389153	0.913047	0.389153	0.913047	2.744877	0.389153	0.913047	1	0.325040	0.398900	0.191256	0.084804	
2418000	-306.029070	1	2506	0.500561	0.500561	0.500561	0.500561	2.325056	2.325056	0.000000	0.500561	1	0.460393	0.486938	0.052420	0.000250	
2419000	-305.935796	1	2837	0.460156	0.460156	0.460156	0.460156	2.117385	2.117385	0.460156	0.460156	1	0.242593	0.202619	0.453017	0.101771	
2420000	-306.061536	1	1552	0.492461	0.492461	0.492461	0.492461	2.240311	2.240311	0.492461	0.492461	1	0.240639	0.210159	0.441624	0.107578	
2421000	-303.655024	1	610	0.657230	0.288111	0.657230	0.657230	2.416063	2.416063	0.288111	0.657230	1	0.311275	0.375378	0.236448	0.076899	
2422000	-301.041336	1	1170	0.415154	0.415154	0.415154	0.415154	1.338547	3.062416	0.415154	1.338547	1	0.279734	0.219164	0.349625	0.151477	
2423000	-305.976107	1	2723	0.602431	0.602431	0.602431	0.602431	2.517337	2.517337	0.000000	0.602431	1	0.437545	0.516993	0.045171	0.000291	
2424000	-306.046941	1	1315	0.310544	0.310544	0.310544	0.310544	2.171771	2.171771	0.310544	2.171771	1	0.133870	0.119548	0.354635	0.391947	
2425000	-303.859917	1	1409	0.500889	0.500889	0.500889	0.500889	2.031206	2.031206	0.000000	0.747117	1	0.452619	0.513438	0.033628	0.000314	
2426000	-302.039047	1	954	0.464484	0.464484	0.464484	0.464484	1.256501	2.429299	0.464484	1.256501	1	0.293189	0.263852	0.293757	0.149202	
2427000	-304.765559	1	481	0.314558	0.314558	0.314558	0.314558	1.818650	1.818650	0.314558	1.818650	1	0.160547	0.141164	0.346985	0.351304	
2428000	-306.638158	1	1589	0.412615	0.412615	0.412615	0.412615	2.242960	2.242960	0.412615	0.412615	1	0.228228	0.171358	0.508246	0.092168	
2429000	-306.190910	1	344	0.506312	0.506312	0.506312	0.506312	1.773540	1.773540	0.506312	0.506312	1	0.266706	0.250894	0.372098	0.110302	
2430000	-303.706123	1	1854	0.539357	0.539357	0.539357	0.539357	1.456586	2.266310	0.000000	1.456586	1	0.442704	0.539448	0.017288	0.000560	
2431000	-307.497764	1	896	0.508247	0.508247	0.508247	0.508247	2.621297	2.621297	0.508247	0.508247	1	0.227783	0.198516	0.463935	0.109766	
2432000	-302.168152	1	1807	0.368721	0.368721	0.368721	0.368721	1.024492	3.354034	0.368721	1.024492	1	0.341785	0.205596	0.357871	0.094747	
2433000	-305.164159	1	1601	0.337141	0.337141	0.337141	0.337141	2.030202	2.030202	0.337141	2.030202	1	0.154521	0.143096	0.339394	0.362989	
2434000	-305.907426	1	1138	0.455121	0.455121	0.455121	0.455121	2.048101	2.048101	0.455121	0.455121	1	0.245498	0.204593	0.448921	0.100987	
2435000	-306.231996	1	929	0.568513	0.568513	0.568513	0.568513	2.065688	2.065688	0.568513	0.568513	1	0.253127	0.251321	0.373992	0.121560	
2436000	-301.235193	1	1830	0.429827	0.429827	0.429827	0.429827	1.308978	2.741882	0.429827	1.308978	1	0.282534	0.234718	0.328880	0.153868	
2437000	-301.235193	1	1830	0.429827	0.429827	0.429827	0.429827	1.308978	2.741882	0.429827	1.308978	1	0.282534	0.234718	0.328880	0.153868	
2438000	-305.831799	1	184	0.497037	0.497037	0.497037	0.497037	2.087608	2.087608	0.497037	0.497037	1	0.248250	0.221557	0.421537	0.108655	
2439000	-301.235193	1	1830	0.429827	0.429827	0.429827	0.429827	1.308978	2.741882	0.429827	1.308978	1	0.282534	0.234718	0.328880	0.153868	
2440000	-305.914527	1	2253	0.464337	0.464337	0.464337	0.464337	1.907149	1.907149	0.464337	0.464337	1	0.254687	0.219436	0.422921	0.102956	
2441000	-305.681686	1	1010	0.611632	0.611632	0.611632	0.611632	2.406378	2.406378	0.000000	0.611632	1	0.436294	0.520694	0.042735	0.000277	
2442000	-305.492571	1	2865	0.541754	0.541754	0.541754	0.541754	2.065948	2.065948	0.000000	0.541754	1	0.452896	0.505383	0.041510	0.000211	
2443000	-306.048889	1	2713	0.503131	0.503131	0.503131	0.503131	2.231751	2.231751	0.503131	0.503131	1	0.242045	0.215206	0.433165	0.109584	
2444000	-303.267258	1	1017	1.161686	0.402186	0.402186	0.402186	1.161686	3.191476	0.000000	1.161686	1	0.674501	0.293846	0.030722	0.000931	
2445000	-302.690510	1	218	0.540773	0.540773	0.540773	0.540773	1.595855	3.085038	0.000000	1.595855	1	0.444902	0.534719	0.019530	0.000850	
2446000	-306.900991	1	1932	0.407620	0.407620	0.407620	0.407620	1.714249	1.714249	0.407620	0.407620	1	0.258814	0.204979	0.443104	0.093103	
2447000	-301.406520	1	2602	0.363923	0.363923	0.363923	0.363923	1.138637	3.214188	0.363923	1.138637	1	0.305633	0.199834	0.375144	0.119389	
2448000	-302.274655	1	1207	0.486627	0.486627	0.486627	0.486627	1.088377	3.119393	0.486627	1.088377	1	0.349740	0.267752	0.282890	0.099618	
2449000	-302.878405	1	1208	0.534738	0.534738	0.534738	0.534738	1.329491	3.495426	0.534738	1.329491	1	0.315494	0.270121	0.289801	0.124584	
2450000	-305.079082	1	478	0.350497	0.350497	0.350497	0.350497	2.021798	2.021798	0.350497	2.021798	1	0.160674	0.152042	0.332324	0.354961	
2451000	-305.849852	1	665	0.495647	0.495647	0.495647	0.495647	2.109697	2.109697	0.495647	0.495647	1	0.247032	0.219488	0.425106	0.108374	
2452000	-306.759346	1	149	0.401612	0.401612	0.401612	0.401612	1.786779	1.786779	0.401612	0.401612	1	0.252332	0.194799	0.461171	0.091698	
2453000	-305.893251	1	1941	0.524889	0.524889	0.524889	0.524889	2.042232	2.042232	0.524889	0.524889	1	0.252572	0.236466	0.397234	0.113728	
2454000	-306.077513	1	2640	0.618977	0.618977	0.618977	0.618977	1.820958	1.820958	0.000000	0.618977	1	0.437385	0.532332	0.030108	0.000175	
2455000	-301.235193	1	1830	0.429827	0.429827	0.429827	0.429827	1.308978	2.741882	0.429827	1.308978	1	0.282534	0.234718	0.328880	0.153868	
2456000	-301.235193	1	1830	0.429827	0.429827	0.429827	0.429827	1.308978	2.741882	0.429827	1.308978	1	0.282534	0.234718	0.328880	0.153868	
2457000	-301.235193	1	1830	0.429827	0.429827	0.429827	0.429827	1.308978	2.741882	0.429827	1.308978	1	0.282534	0.234718	0.328880	0.153868	
2458000	-303.757940	1	951	0.539229	0.401959	0.539229	0.539229	1.080185	3.131407	0.401959	0.539229	1	0.427826	0.281822	0.251785	0.038566	
2459000	-304.575503	1	1855	1.043088	0.305221	0.305221	0.305221	1.043088	2.713141	0.000000	1.043088	1	0.728312	0.232195	0.038554	0.000939	
2460000	-305.979352	1	2402	0.694270	0.694270	0.694270	0.694270	2.119818	2.119818	0.000000	0.694270	1	0.421928	0.544138	0.033684	0.000250	
2461000	-301.406520	1	2602	0.363923	0.363923	0.363923	0.363923	1.138637	3.214188	0.363923	1.138637	1	0.305633	0.199834	0.375144	0.119389	
2462000	-306.387699	1	357	0.439162	0.439162	0.439162	0.439162	2.271119	2.271119	0.439162	0.439162	1	0.231996	0.183680	0.486988	0.097336	
2463000	-305.974176	1	55	0.645816	0.645816	0.645816	0.645816	1.892779	1.892779	0.000000	0.645816	1	0.431782	0.537381	0.030645	0.000193	
2464000	-306.059118	1	2404	0.452689	0.452689	0.452689	0.452689	1.850774	1.850774	0.452689	0.452689	1	0.256693	0.218119	0.424239	0.100949	
2465000	-305.789371	1	817	0.586101	0.586101	0.586101	0.586101	2.454126	2.454126	0.000000	0.586101	1	0.441203	0.513200	0.045319	0.000278	
2466000	-305.405773	1	983	0.557825	0.557825	0.557825	0.557825	2.188376	2.188376	0.000000	0.557825	1	0.448665	0.508398	0.042704	0.000232	
2467000	-306.136311	1	2925	0.585938	0.585938	0.585938	0.585938	1.784513	1.784513	0.000000	0.585938	1	0.444468	0.524449	0.030918	0.000164	
2468000	-302.246564	1	2910	0.510213	0.510213	0.510213	0.510213	1.243822	2.757366	0.510213	1.243822	1	0.310361	0.278635	0.279704	0.131300	
2469000	-305.816786	1	656	0.670925	0.670925	0.670925	0.670925	2.051914	2.051914	0.000000	0.670925	1	0.426444	0.540199	0.033127	0.000230	
2470000	-301.235193	1	1830	0.429827	0.429827	0.429827	0.429827	1.308978	2.741882	0.429827	1.308978	1	0.282534	0.234718	0.328880	0.153868	
2471000	-302.651021	1	794	0.453493	0.453493	0.453493	0.453493	1.341618	2.590446	0.000000	1.341618	1	0.470931	0.510911	0.017612	0.000546	
2472000	-306.187461	1	1466	0.596452	0.596452	0.596452	0.596452	1.777746	1.777746	0.000000	0.596452	1	0.442229	0.527458	0.030150	0.000164	
2473000	-305.323999	1	203	0.327923	0.327923	0.327923	0.327923	2.055014	2.055014	0.327923	2.055014	1	0.148843	0.135913	0.344602	0.370642	
2474000	-305.579733	1	453	0.588815	0.588815	0.588815	0.588815	1.946904	1.946904	0.000000	0.588815	1	0.443238	0.521740	0.034828	0.000194	
2475000	-305.656377	1	960	0.657830	0.657830	0.657830	0.657830	2.249834	2.249834	0.000000	0.657830	1	0.428095	0.534128	0.037514	0.000263	
2476000	-302.168152	1	1807	0.368721	0.368721	0.368721	0.368721	1.024492	3.354034	0.368721	1.024492	1	0.341785	0.205596	0.357871	0.094747	
2477000	-307.167088	1	2305	0.717770	0.717770	0.717770	0.717770	1.788074	1.788074	0.000000	0.717770	1	0.418668	0.555004	0.026142	0.000187	
2478000	-305.513425	1	2416	0.638296	0.638296	0.638296	0.638296	2.219415	2.219415	0.000000	0.638296	1	0.431967	0.529933	0.037848	0.000252	
2479000	-304.968390	1	1828	0.327793	0.327793	0.327793	0.327793	1.958038	1.958038	0.327793	1.958038	1	0.155610	0.141157	0.342936	0.360298	
2480000	-305.841547	1	324	0.256955	0.256955	0.256955	0.256955	1.659291	1.659291	0.256955	1.659291	1	0.143250	0.111786	0.379115	0.365849	
2481000	-305.862207	1	897	0.518112	0.518112	0.518112	0.518112	2.039423	2.039423	0.518112	0.518112	1	0.252297	0.233888	0.401304	0.112511	
2482000	-306.186289	1	2307	0.695932	0.695932	0.695932	0.695932	2.398302	2.398302	0.000000	0.695932	1	0.420498	0.540558	0.038639	0.000304	
2483000	-301.166606	1	1850	0.395188	0.395188	0.395188	0.395188	1.266692	2.624060	0.395188	1.266692	1	0.277279	0.220228	0.345739	0.156754	
2484000	-301.235193	1	1830	0.429827	0.429827	0.429827	0.429827	1.308978	2.741882	0.429827	1.308978	1	0.282534	0.234718	0.328880	0.153868	
2485000	-301.235193	1	1830	0.429827	0.429827	0.429827	0.429827	1.308978	2.741882	0.429827	1.308978	1	0.282534	0.234718	0.328880	0.153868	
2486000	-305.802894	1	1095	0.488746	0.488746	0.488746	0.488746	2.032212	2.032212	0.488746	0.488746	1	0.250311	0.221668	0.420813	0.107209	
2487000	-304.721563	1	1598	0.699165	0.699165	0.699165	0.699165	1.531000	2.777117	0.000000	1.531000	1	0.416068	0.566348	0.016971	0.000612	
2488000	-304.296712	1	1114	0.886185	0.332380	0.886185	0.332380	0.886185	3.327322	0.332380	0.886185	1	0.338845	0.373663	0.213829	0.073662	
2489000	-305.641273	1	1046	0.550910	0.550910	0.550910	0.550910	1.941004	1.941004	0.000000	0.550910	1	0.451532	0.510731	0.037547	0.000190	
2490000	-305.669251	1	1866	0.568811	0.568811	0.568811	0.568811	2.394276	2.394276	0.000000	0.568811	1	0.445133	0.508898	0.045703	0.000266	
2491000	-305.403001	1	1152	0.589603	0.589603	0.589603	0.589603	2.255331	2.255331	0.000000	0.589603	1	0.441567	0.516720	0.041466	0.000248	
2492000	-305.468845	1	1220	0.303829	0.303829	0.303829	0.303829	2.028344	2.028344	0.303829	2.028344	1	0.139567	0.121831	0.356977	0.381625	
2493000	-301.041336	1	1170	0.415154	0.415154	0.415154	0.415154	1.338547	3.062416	0.415154	1.338547	1	0.279734	0.219164	0.349625	0.151477	
2494000	-304.246001	1	2600	0.628335	0.628335	0.628335	0.628335	1.150820	2.539657	0.000000	1.150820	1	0.444617	0.542363	0.012754	0.000266	
2495000	-305.224518	1	111	0.307023	0.307023	0.307023	0.307023	1.972591	1.972591	0.307023	1.972591	1	0.144914	0.126786	0.354542	0.373758	
2496000	-306.211396	1	1927	0.699087	0.699087	0.699087	0.699087	2.394787	2.394787	0.000000	0.699087	1	0.419959	0.541263	0.038474	0.000305	
2497000	-302.039047	1	954	0.464484	0.464484	0.464484	0.464484	1.256501	2.429299	0.464484	1.256501	1	0.293189	0.263852	0.293757	0.149202	
2498000	-304.963156	1	1852	0.320408	0.320408	0.320408	0.320408	1.935875	1.935875	0.320408	1.935875	1	0.153906	0.137631	0.346516	0.361947	
2499000	-305.647112	1	248	0.628434	0.628434	0.628434	0.628434	1.973654	1.973654	0.000000	0.628434	1	0.434951	0.531607	0.033237	0.000205	
2500000	-301.041336	1	1170	0.415154	0.415154	0.415154	0.415154	1.338547	3.062416	0.415154	1.338547	1	0.279734	0.219164	0.349625	0.151477	
2501000	-301.041336	1	1170	0.415154	0.415154	0.415154	0.415154	1.338547	3.062416	0.415154	1.338547	1	0.279734	0.219164	0.349625	0.151477	
2502000	-302.246564	1	2910	0.510213	0.510213	0.510213	0.510213	1.243822	2.757366	0.510213	1.243822	1	0.310361	0.278635	0.279704	0.131300	
2503000	-305.766576	1	943	0.665316	0.665316	0.665316	0.665316	2.052569	2.052569	0.000000	0.665316	1	0.427493	0.538929	0.033350	0.000228	
2504000	-306.538789	1	1183	0.478464	0.478464	0.478464	0.478464	1.850977	1.850977	0.000000	0.478464	1	0.468906	0.487176	0.043741	0.000177	
2505000	-305.712304	1	2710	0.656124	0.656124	0.656124	0.656124	2.037844	2.037844	0.000000	0.656124	1	0.429291	0.537081	0.033405	0.000223	
2506000	-304.887277	1	2377	0.801860	0.268853	0.801860	0.268853	1.747344	1.747344	0.268853	1.747344	1	0.179046	0.265957	0.259186	0.295812	
2507000	-305.853990	1	2295	0.494163	0.494163	0.494163	0.494163	2.114561	2.114561	0.494163	0.494163	1	0.246655	0.218520	0.426730	0.108095	
2508000	-307.927336	1	971	0.411541	0.411541	0.411541	0.411541	1.516344	1.516344	0.411541	0.411541	1	0.275791	0.228826	0.401062	0.094320	
2509000	-303.787618	1	2081	1.103753	0.361091	0.361091	0.361091	2.266283	2.266283	0.361091	1.103753	1	0.276445	0.116956	0.371868	0.234730	
2510000	-301.406520	1	2602	0.363923	0.363923	0.363923	0.363923	1.138637	3.214188	0.363923	1.138637	1	0.305633	0.199834	0.375144	0.119389	
2511000	-305.631479	1	1957	0.519521	0.519521	0.519521	0.519521	2.161218	2.161218	0.000000	0.519521	1	0.457279	0.496238	0.046258	0.000226	
2512000	-303.008353	1	2475	0.431085	0.431085	0.431085	0.431085	1.683310	3.192151	0.000000	1.683310	1	0.466935	0.508256	0.023568	0.001242	
2513000	-304.765559	1	481	0.314558	0.314558	0.314558	0.314558	1.818650	1.818650	0.314558	1.818650	1	0.160547	0.141164	0.346985	0.351304	
2514000	-305.651648	1	2558	0.552193	0.552193	0.552193	0.552193	1.934631	1.934631	0.000000	0.552193	1	0.451277	0.511263	0.037271	0.000189	
2515000	-305.845707	1	634	0.666230	0.666230	0.666230	0.666230	2.354345	2.354345	0.000000	0.666230	1	0.426056	0.534635	0.039023	0.000285	
2516000	-304.175584	1	415	1.389681	0.548831	0.548831	0.548831	1.389681	2.811931	0.000000	1.389681	1	0.592155	0.378059	0.028641	0.001145	
2517000	-307.412393	1	1945	0.587961	0.587961	0.587961	0.587961	1.647570	1.647570	0.587961	0.587961	1	0.276151	0.296279	0.304416	0.123154	
2518000	-305.432214	1	2737	0.597796	0.597796	0.597796	0.597796	2.277317	2.277317	0.000000	0.597796	1	0.439764	0.518671	0.041312	0.000253	
2519000	-302.246564	1	2910	0.510213	0.510213	0.510213	0.510213	1.243822	2.757366	0.510213	1.243822	1	0.310361	0.278635	0.279704	0.131300	
2520000	-305.772910	1	2213	0.513720	0.513720	0.513720	0.513720	1.997440	1.997440	0.000000	0.513720	1	0.459653	0.497184	0.042964	0.000199	
2521000	-301.406520	1	2602	0.363923	0.363923	0.363923	0.363923	1.138637	3.214188	0.363923	1.138637	1	0.305633	0.199834	0.375144	0.119389	
2522000	-305.156019	1	715	0.334384	0.334384	0.334384	0.334384	2.024093	2.024093	0.334384	2.024093	1	0.153762	0.141672	0.340719	0.363846	
2523000	-302.816780	1	2531	0.676638	0.334925	0.676638	0.334925	2.243501	2.243501	0.334925	0.676638	1	0.199697	0.238259	0.409732	0.152312	
2524000	-301.406520	1	2602	0.363923	0.363923	0.363923	0.363923	1.138637	3.214188	0.363923	1.138637	1	0.305633	0.199834	0.375144	0.119389	
2525000	-302.690510	1	218	0.540773	0.540773	0.540773	0.540773	1.595855	3.085038	0.000000	1.595855	1	0.444902	0.534719	0.019530	0.000850	
2526000	-303.130959	1	2121	0.815390	0.219691	0.815390	0.219691	2.016339	2.016339	0.219691	0.815390	1	0.167232	0.235307	0.398935	0.198525	
2527000	-306.538789	1	1183	0.478464	0.478464	0.478464	0.478464	1.850977	1.850977	0.000000	0.478464	1	0.468906	0.487176	0.043741	0.000177	
2528000	-305.402137	1	1751	0.613050	0.613050	0.613050	0.613050	2.109910	2.109910	0.000000	0.613050	1	0.437481	0.525286	0.037005	0.000227	
2529000	-304.972571	1	1171	0.293992	0.293992	0.293992	0.293992	1.708713	1.708713	0.293992	1.708713	1	0.159957	0.134739	0.356206	0.349098	
2530000	-301.166606	1	1850	0.395188	0.395188	0.395188	0.395188	1.266692	2.624060	0.395188	1.266692	1	0.277279	0.220228	0.345739	0.156754	
2531000	-301.166606	1	1850	0.395188	0.395188	0.395188	0.395188	1.266692	2.624060	0.395188	1.266692	1	0.277279	0.220228	0.345739	0.156754	
2532000	-301.406520	1	2602	0.363923	0.363923	0.363923	0.363923	1.138637	3.214188	0.363923	1.138637	1	0.305633	0.199834	0.375144	0.119389	
2533000	-302.651021	1	794	0.453493	0.453493	0.453493	0.453493	1.341618	2.590446	0.000000	1.341618	1	0.470931	0.510911	0.017612	0.000546	
2534000	-305.349133	1	2848	0.586175	0.586175	0.586175	0.586175	2.129825	2.129825	0.000000	0.586175	1	0.442935	0.517682	0.039156	0.000226	
2535000	-306.060402	1	2627	0.544965	0.544965	0.544965	0.544965	1.943776	1.943776	0.544965	0.544965	1	0.258573	0.251963	0.372241	0.117224	
2536000	-307.383245	1	2642	0.462057	0.462057	0.462057	0.462057	1.533675	1.533675	0.462057	0.462057	1	0.280857	0.255509	0.361082	0.102552	
2537000	-303.787618	1	2081	1.103753	0.361091	0.361091	0.361091	2.266283	2.266283	0.361091	1.103753	1	0.276445	0.116956	0.371868	0.234730	
2538000	-303.494624	1	1332	0.559094	0.559094	0.559094	0.559094	1.225396	2.493144	0.559094	1.225396	1	0.312109	0.306682	0.249441	0.131768	
2539000	-306.037026	1	1356	0.489736	0.489736	0.489736	0.489736	2.242170	2.242170	0.000000	0.489736	1	0.463410	0.483891	0.052460	0.000239	
2540000	-305.496304	1	1690	0.570268	0.570268	0.570268	0.570268	2.309052	2.309052	0.000000	0.570268	1	0.445316	0.510415	0.044016	0.000253	
2541000	-304.246001	1	2600	0.628335	0.628335	0.628335	0.628335	1.150820	2.539657	0.000000	1.150820	1	0.444617	0.542363	0.012754	0.000266	
2542000	-305.815424	1	1544	0.262038	0.262038	0.262038	0.262038	1.586171	1.586171	0.262038	1.586171	1	0.153692	0.120997	0.373486	0.351825	
2543000	-301.041336	1	1170	0.415154	0.415154	0.415154	0.415154	1.338547	3.062416	0.415154	1.338547	1	0.279734	0.219164	0.349625	0.151477	
2544000	-305.952387	1	397	0.535166	0.535166	0.535166	0.535166	2.049176	2.049176	0.535166	0.535166	1	0.252774	0.240071	0.391582	0.115573	
2545000	-305.762059	1	1503	0.548868	0.548868	0.548868	0.548868	2.398027	2.398027	0.000000	0.548868	1	0.449345	0.502732	0.047660	0.000263	
2546000	-306.284081	1	253	0.525179	0.525179	0.525179	0.525179	2.514745	2.514745	0.000000	0.525179	1	0.453716	0.493655	0.052353	0.000276	
2547000	-302.651021	1	794	0.453493	0.453493	0.453493	0.453493	1.341618	2.590446	0.000000	1.341618	1	0.470931	0.510911	0.017612	0.000546	
2548000	-305.754412	1	2893	0.673408	0.673408	0.673408	0.673408	2.175733	2.175733	0.000000	0.673408	1	0.425506	0.538752	0.035488	0.000254	
2549000	-301.166606	1	1850	0.395188	0.395188	0.395188	0.395188	1.266692	2.624060	0.395188	1.266692	1	0.277279	0.220228	0.345739	0.156754	
2550000	-301.166606	1	1850	0.395188	0.395188	0.395188	0.395188	1.266692	2.624060	0.395188	1.266692	1	0.277279	0.220228	0.345739	0.156754	
2551000	-305.510164	1	2288	0.588316	0.588316	0.588316	0.588316	1.979001	1.979001	0.000000	0.588316	1	0.443204	0.520972	0.035623	0.000200	
2552000	-305.681686	1	1010	0.611632	0.611632	0.611632	0.611632	2.406378	2.406378	0.000000	0.611632	1	0.436294	0.520694	0.042735	0.000277	
2553000	-309.686949	1	987	1.446048	0.434322	0.434322	0.434322	1.446048	1.446048	0.000000	1.446048	1	0.641818	0.319307	0.037423	0.001451	
2554000	-303.655024	1	610	0.657230	0.288111	0.657230	0.657230	2.416063	2.416063	0.288111	0.657230	1	0.311275	0.375378	0.236448	0.076899	
2555000	-302.168152	1	1807	0.368721	0.368721	0.368721	0.368721	1.024492	3.354034	0.368721	1.024492	1	0.341785	0.205596	0.357871	0.094747	
2556000	-308.083942	1	1559	0.535197	0.535197	0.535197	0.535197	1.511056	1.511056	0.000000	0.535197	1	0.456686	0.517073	0.026129	0.000112	
2557000	-304.315244	1	360	0.951745	0.417552	0.417552	0.417552	0.951745	2.381957	0.000000	0.951745	1	0.646397	0.330706	0.022512	0.000385	
2558000	-306.266931	1	975	0.504989	0.504989	0.504989	0.504989	1.749246	1.749246	0.504989	0.504989	1	0.268196	0.252655	0.369110	0.110038	
2559000	-305.919819	1	2849	0.690424	0.690424	0.690424	0.690424	2.160356	2.160356	0.000000	0.690424	1	0.422466	0.542688	0.034590	0.000257	
2560000	-305.754937	1	1418	0.518490	0.518490	0.518490	0.518490	1.982060	1.982060	0.000000	0.518490	1	0.458652	0.499184	0.041967	0.000197	
2561000	-301.166606	1	1850	0.395188	0.395188	0.395188	0.395188	1.266692	2.624060	0.395188	1.266692	1	0.277279	0.220228	0.345739	0.156754	
2562000	-301.166606	1	1850	0.395188	0.395188	0.395188	0.395188	1.266692	2.624060	0.395188	1.266692	1	0.277279	0.220228	0.345739	0.156754	
2563000	-305.705406	1	1990	0.657537	0.657537	0.657537	0.657537	2.301344	2.301344	0.000000	0.657537	1	0.427918	0.533345	0.038465	0.000273	
2564000	-301.166606	1	1850	0.395188	0.395188	0.395188	0.395188	1.266692	2.624060	0.395188	1.266692	1	0.277279	0.220228	0.345739	0.156754	
2565000	-305.478840	1	621	0.632471	0.632471	0.632471	0.632471	2.210251	2.210251	0.000000	0.632471	1	0.433146	0.528639	0.037966	0.000249	
2566000	-307.782791	1	2324	0.296626	0.296626	0.296626	0.296626	2.416605	2.416605	0.296626	2.416605	1	0.115488	0.102623	0.361199	0.420690	
2567000	-305.921537	1	2970	0.451681	0.451681	0.451681	0.451681	1.986585	1.986585	0.451681	0.451681	1	0.248403	0.207098	0.444011	0.100488	
2568000	-305.563652	1	810	0.646404	0.646404	0.646404	0.646404	2.115554	2.115554	0.000000	0.646404	1	0.430852	0.533492	0.035421	0.000236	
2569000	-302.583368	1	720	0.530245	0.530245	0.530245	0.530245	1.468851	2.759729	0.000000	1.468851	1	0.449493	0.531970	0.017895	0.000643	
2570000	-302.583368	1	720	0.530245	0.530245	0.530245	0.530245	1.468851	2.759729	0.000000	1.468851	1	0.449493	0.531970	0.017895	0.000643	
2571000	-302.878405	1	1208	0.534738	0.534738	0.534738	0.534738	1.329491	3.495426	0.534738	1.329491	1	0.315494	0.270121	0.289801	0.124584	
2572000	-303.267258	1	1017	1.161686	0.402186	0.402186	0.402186	1.161686	3.191476	0.000000	1.161686	1	0.674501	0.293846	0.030722	0.000931	
2573000	-305.689863	1	1546	0.288167	0.288167	0.288167	0.288167	2.020960	2.020960	0.288167	2.020960	1	0.132371	0.112103	0.365336	0.390190	
2574000	-305.727196	1	580	0.587604	0.587604	0.587604	0.587604	1.892022	1.892022	0.000000	0.587604	1	0.443722	0.522528	0.033566	0.000184	
2575000	-302.364992	1	2855	0.691219	0.186834	0.691219	0.691219	1.962010	1.962010	0.186834	0.691219	1	0.359687	0.444418	0.143784	0.052111	
2576000	-305.452929	1	2143	0.620223	0.620223	0.620223	0.620223	2.248789	2.248789	0.000000	0.620223	1	0.435381	0.524996	0.039369	0.000253	
2577000	-305.393021	1	1160	0.613266	0.613266	0.613266	0.613266	2.181957	2.181957	0.000000	0.613266	1	0.437099	0.524191	0.038470	0.000240	
2578000	-301.406520	1	2602	0.363923	0.363923	0.363923	0.363923	1.138637	3.214188	0.363923	1.138637	1	0.305633	0.199834	0.375144	0.119389	
2579000	-301.406520	1	2602	0.363923	0.363923	0.363923	0.363923	1.138637	3.214188	0.363923	1.138637	1	0.305633	0.199834	0.375144	0.119389	
2580000	-302.364992	1	2855	0.691219	0.186834	0.691219	0.691219	1.962010	1.962010	0.186834	0.691219	1	0.359687	0.444418	0.143784	0.052111	
2581000	-306.739326	1	165	0.474674	0.474674	0.474674	0.474674	2.450453	2.450453	0.000000	0.474674	1	0.465190	0.475214	0.059329	0.000267	
2582000	-301.041336	1	1170	0.415154	0.415154	0.415154	0.415154	1.338547	3.062416	0.415154	1.338547	1	0.279734	0.219164	0.349625	0.151477	
2583000	-305.384873	1	2471	0.607581	0.607581	0.607581	0.607581	2.201977	2.201977	0.000000	0.607581	1	0.438152	0.522393	0.039213	0.000242	
2584000	-304.888979	1	476	0.316193	0.316193	0.316193	0.316193	1.892154	1.892154	0.316193	1.892154	1	0.155300	0.137489	0.347923	0.359288	
2585000	-305.342297	1	1222	0.360635	0.360635	0.360635	0.360635	2.088707	2.088707	0.360635	2.088707	1	0.160087	0.154691	0.328619	0.356603	
2586000	-305.711920	1	2777	0.521377	0.521377	0.521377	0.521377	1.993905	1.993905	0.000000	0.521377	1	0.457919	0.499946	0.041937	0.000199	
2587000	-305.642525	1	2550	0.615665	0.615665	0.615665	0.615665	1.949518	1.949518	0.000000	0.615665	1	0.437627	0.528846	0.033329	0.000198	
2588000	-301.041336	1	1170	0.415154	0.415154	0.415154	0.415154	1.338547	3.062416	0.415154	1.338547	1	0.279734	0.219164	0.349625	0.151477	
2589000	-306.132672	1	2972	0.546074	0.546074	0.546074	0.546074	2.173515	2.173515	0.546074	0.546074	1	0.247482	0.235801	0.399164	0.117553	
2590000	-303.234975	1	2477	0.430705	0.430705	0.430705	0.430705	0.928426	3.479873	0.430705	0.928426	1	0.398826	0.235425	0.294117	0.071631	
2591000	-305.864280	1	1443	0.461732	0.461732	0.461732	0.461732	2.003983	2.003983	0.461732	0.461732	1	0.248791	0.210894	0.438005	0.102310	
2592000	-301.235193	1	1830	0.429827	0.429827	0.429827	0.429827	1.308978	2.741882	0.429827	1.308978	1	0.282534	0.234718	0.328880	0.153868	
2593000	-303.267258	1	1017	1.161686	0.402186	0.402186	0.402186	1.161686	3.191476	0.000000	1.161686	1	0.674501	0.293846	0.030722	0.000931	
2594000	-305.372779	1	1354	0.566619	0.566619	0.566619	0.566619	2.171494	2.171494	0.000000	0.566619	1	0.446867	0.511333	0.041570	0.000231	
2595000	-305.889849	1	2852	0.522397	0.522397	0.522397	0.522397	1.981882	1.981882	0.522397	0.522397	1	0.255535	0.239935	0.391255	0.113276	
2596000	-301.041336	1	1170	0.415154	0.415154	0.415154	0.415154	1.338547	3.062416	0.415154	1.338547	1	0.279734	0.219164	0.349625	0.151477	
2597000	-302.364992	1	2855	0.691219	0.186834	0.691219	0.691219	1.962010	1.962010	0.186834	0.691219	1	0.359687	0.444418	0.143784	0.052111	
2598000	-307.045005	1	1718	0.476913	0.476913	0.476913	0.476913	1.580062	1.580062	0.476913	0.476913	1	0.278378	0.257533	0.359044	0.105045	
2599000	-305.496003	1	181	0.543215	0.543215	0.543215	0.543215	2.221382	2.221382	0.000000	0.543215	1	0.451648	0.503284	0.044832	0.000236	
2600000	-305.182630	1	1808	0.333283	0.333283	0.333283	0.333283	2.029201	2.029201	0.333283	2.029201	1	0.152932	0.140691	0.341387	0.364990	
2601000	-306.006248	1	2860	0.443045	0.443045	0.443045	0.443045	2.071779	2.071779	0.443045	0.443045	1	0.242430	0.196949	0.461970	0.098652	
2602000	-302.246564	1	2910	0.510213	0.510213	0.510213	0.510213	1.243822	2.757366	0.510213	1.243822	1	0.310361	0.278635	0.279704	0.131300	
2603000	-304.566142	1	1439	0.540166	0.198354	0.540166	0.198354	1.453379	1.453379	0.198354	1.453379	1	0.171428	0.201243	0.314545	0.312784	
2604000	-301.166606	1	1850	0.395188	0.395188	0.395188	0.395188	1.266692	2.624060	0.395188	1.266692	1	0.277279	0.220228	0.345739	0.156754	
2605000	-301.166606	1	1850	0.395188	0.395188	0.395188	0.395188	1.266692	2.624060	0.395188	1.266692	1	0.277279	0.220228	0.345739	0.156754	
2606000	-305.903585	1	387	0.650962	0.650962	0.650962	0.650962	1.928861	1.928861	0.000000	0.650962	1	0.430665	0.537880	0.031254	0.000201	
2607000	-306.283822	1	577	0.500010	0.500010	0.500010	0.500010	1.740744	1.740744	0.500010	0.500010	1	0.268447	0.251240	0.371128	0.109186	
2608000	-305.389070	1	2730	0.581470	0.581470	0.581470	0.581470	2.061085	2.061085	0.000000	0.581470	1	0.444274	0.517525	0.037988	0.000214	
2609000	-302.878405	1	1208	0.534738	0.534738	0.534738	0.534738	1.329491	3.495426	0.534738	1.329491	1	0.315494	0.270121	0.289801	0.124584	
2610000	-301.235193	1	1830	0.429827	0.429827	0.429827	0.429827	1.308978	2.741882	0.429827	1.308978	1	0.282534	0.234718	0.328880	0.153868	
2611000	-302.168152	1	1807	0.368721	0.368721	0.368721	0.368721	1.024492	3.354034	0.368721	1.024492	1	0.341785	0.205596	0.357871	0.094747	
2612000	-304.994976	1	215	0.292720	0.292720	0.292720	0.292720	1.703338	1.703338	0.292720	1.703338	1	0.159783	0.134238	0.356842	0.349137	
2613000	-301.406520	1	2602	0.363923	0.363923	0.363923	0.363923	1.138637	3.214188	0.363923	1.138637	1	0.305633	0.199834	0.375144	0.119389	
2614000	-304.765559	1	481	0.314558	0.314558	0.314558	0.314558	1.818650	1.818650	0.314558	1.818650	1	0.160547	0.141164	0.346985	0.351304	
2615000	-303.494624	1	1332	0.559094	0.559094	0.559094	0.559094	1.225396	2.493144	0.559094	1.225396	1	0.312109	0.306682	0.249441	0.131768	
2616000	-305.838859	1	2770	0.508655	0.508655	0.508655	0.508655	2.065218	2.065218	0.508655	0.508655	1	0.250333	0.228097	0.410779	0.110791	
2617000	-302.714298	1	1853	0.504365	0.504365	0.504365	0.504365	1.460455	2.596222	0.000000	1.460455	1	0.453700	0.527530	0.018131	0.000640	
2618000	-306.971059	1	1384	0.406262	0.406262	0.406262	0.406262	2.323625	2.323625	0.406262	0.406262	1	0.223150	0.164194	0.522048	0.090608	
2619000	-303.655024	1	610	0.657230	0.288111	0.657230	0.657230	2.416063	2.416063	0.288111	0.657230	1	0.311275	0.375378	0.236448	0.076899	
2620000	-305.513770	1	427	0.334103	0.334103	0.334103	0.334103	2.107222	2.107222	0.334103	2.107222	1	0.148111	0.137197	0.342181	0.372511	
2621000	-305.440692	1	305	0.592338	0.592338	0.592338	0.592338	2.022544	2.022544	0.000000	0.592338	1	0.442159	0.521265	0.036368	0.000208	
2622000	-301.235193	1	1830	0.429827	0.429827	0.429827	0.429827	1.308978	2.741882	0.429827	1.308978	1	0.282534	0.234718	0.328880	0.153868	
2623000	-306.322740	1	375	0.531780	0.531780	0.531780	0.531780	2.306452	2.306452	0.531780	0.531780	1	0.241094	0.222480	0.421606	0.114821	
2624000	-304.171284	1	1034	0.913047	0.389153	0.913047	0.389153	0.913047	2.744877	0.389153	0.913047	1	0.325040	0.398900	0.191256	0.084804	
2625000	-305.857052	1	29	0.516683	0.516683	0.516683	0.516683	2.004380	2.004380	0.516683	0.516683	1	0.254007	0.235859	0.397874	0.112260	
2626000	-305.488852	1	452	0.621197	0.621197	0.621197	0.621197	2.046441	2.046441	0.000000	0.621197	1	0.436113	0.528466	0.035203	0.000217	
2627000	-306.453585	1	1730	0.550807	0.550807	0.550807	0.550807	1.776649	1.776649	0.550807	0.550807	1	0.268193	0.269095	0.344904	0.117807	
2628000	-306.995390	1	115	0.456534	0.456534	0.456534	0.456534	1.824828	1.824828	0.000000	0.456534	1	0.474377	0.478588	0.046861	0.000175	
2629000	-305.826616	1	372	0.555744	0.555744	0.555744	0.555744	2.436400	2.436400	0.000000	0.555744	1	0.447646	0.504439	0.047645	0.000270	
2630000	-305.835943	1	612	0.501804	0.501804	0.501804	0.501804	2.085021	2.085021	0.501804	0.501804	1	0.248795	0.223806	0.417870	0.109529	
2631000	-301.235193	1	1830	0.429827	0.429827	0.429827	0.429827	1.308978	2.741882	0.429827	1.308978	1	0.282534	0.234718	0.328880	0.153868	
2632000	-303.494624	1	1332	0.559094	0.559094	0.559094	0.559094	1.225396	2.493144	0.559094	1.225396	1	0.312109	0.306682	0.249441	0.131768	
2633000	-306.536148	1	767	0.549767	0.549767	0.549767	0.549767	2.343132	2.343132	0.549767	0.549767	1	0.240664	0.227149	0.414047	0.118140	
2634000	-306.064708	1	474	0.281497	0.281497	0.281497	0.281497	2.080014	2.080014	0.281497	2.080014	1	0.125357	0.105205	0.369135	0.400303	
2635000	-302.714298	1	1853	0.504365	0.504365	0.504365	0.504365	1.460455	2.596222	0.000000	1.460455	1	0.453700	0.527530	0.018131	0.000640	
2636000	-301.894467	1	713	0.494655	0.494655	0.494655	0.494655	1.342936	3.029553	0.494655	1.342936	1	0.296875	0.259849	0.301777	0.141498	
2637000	-305.711974	1	785	0.516954	0.516954	0.516954	0.516954	2.021044	2.021044	0.000000	0.516954	1	0.458763	0.497857	0.043177	0.000203	
2638000	-302.039047	1	954	0.464484	0.464484	0.464484	0.464484	1.256501	2.429299	0.464484	1.256501	1	0.293189	0.263852	0.293757	0.149202	
2639000	-305.385228	1	1667	0.580244	0.580244	0.580244	0.580244	2.232490	2.232490	0.000000	0.580244	1	0.443642	0.514399	0.041717	0.000242	
2640000	-301.166606	1	1850	0.395188	0.395188	0.395188	0.395188	1.266692	2.624060	0.395188	1.266692	1	0.277279	0.220228	0.345739	0.156754	
2641000	-306.208155	1	2726	0.505288	0.505288	0.505288	0.505288	2.296346	2.296346	0.505288	0.505288	1	0.239468	0.212487	0.438161	0.109883	
2642000	-306.156498	1	2361	0.700389	0.434654	0.434654	0.434654	2.227123	2.227123	0.000000	0.434654	1	0.555400	0.364014	0.080265	0.000321	
2643000	-305.363642	1	802	0.572360	0.572360	0.572360	0.572360	2.111380	2.111380	0.000000	0.572360	1	0.445961	0.514018	0.039800	0.000221	
2644000	-301.906368	1	480	0.490857	0.490857	0.490857	0.490857	1.336197	3.232583	0.490857	1.336197	1	0.301806	0.255146	0.307548	0.135500	
2645000	-305.925181	1	1869	0.643706	0.643706	0.643706	0.643706	2.458248	2.458248	0.000000	0.643706	1	0.429787	0.528116	0.041802	0.000295	
2646000	-305.777259	1	227	0.511586	0.511586	0.511586	0.511586	2.008667	2.008667	0.000000	0.511586	1	0.460072	0.496192	0.043535	0.000201	
2647000	-304.863954	1	1618	0.303124	0.303124	0.303124	0.303124	1.783444	1.783444	0.303124	1.783444	1	0.157914	0.135751	0.352813	0.353522	
2648000	-302.274655	1	1207	0.486627	0.486627	0.486627	0.486627	1.088377	3.119393	0.486627	1.088377	1	0.349740	0.267752	0.282890	0.099618	
2649000	-305.832200	1	57	0.502201	0.502201	0.502201	0.502201	2.048412	2.048412	0.000000	0.502201	1	0.461967	0.491966	0.045859	0.000208	
2650000	-306.299327	1	1255	0.482533	0.482533	0.482533	0.482533	1.731875	1.731875	0.482533	0.482533	1	0.267747	0.243917	0.382111	0.106225	
2651000	-301.406520	1	2602	0.363923	0.363923	0.363923	0.363923	1.138637	3.214188	0.363923	1.138637	1	0.305633	0.199834	0.375144	0.119389	
2652000	-301.406520	1	2602	0.363923	0.363923	0.363923	0.363923	1.138637	3.214188	0.363923	1.138637	1	0.305633	0.199834	0.375144	0.119389	
2653000	-301.041336	1	1170	0.415154	0.415154	0.415154	0.415154	1.338547	3.062416	0.415154	1.338547	1	0.279734	0.219164	0.349625	0.151477	
2654000	-307.179700	1	286	0.636906	0.636906	0.636906	0.636906	1.997418	1.997418	0.636906	0.636906	1	0.256044	0.278468	0.331956	0.133532	
2655000	-305.563618	1	2234	0.622659	0.622659	0.622659	0.622659	2.330694	2.330694	0.000000	0.622659	1	0.434494	0.524494	0.040744	0.000268	
2656000	-305.982467	1	2588	0.488123	0.488123	0.488123	0.488123	2.139997	2.139997	0.000000	0.488123	1	0.464535	0.484870	0.050372	0.000224	
2657000	-302.364992	1	2855	0.691219	0.186834	0.691219	0.691219	1.962010	1.962010	0.186834	0.691219	1	0.359687	0.444418	0.143784	0.052111	
2658000	-302.878405	1	1208	0.534738	0.534738	0.534738	0.534738	1.329491	3.495426	0.534738	1.329491	1	0.315494	0.270121	0.289801	0.124584	
2659000	-303.980977	1	2660	1.032231	0.434305	0.434305	0.434305	1.032231	2.331169	0.000000	1.032231	1	0.639397	0.337561	0.022583	0.000459	
2660000	-306.453256	1	2370	0.662128	0.662128	0.662128	0.662128	1.803958	1.803958	0.000000	0.662128	1	0.428851	0.542968	0.028002	0.000178	
2661000	-306.147442	1	2609	0.471728	0.471728	0.471728	0.471728	2.259986	2.259986	0.471728	0.471728	1	0.237377	0.199833	0.459160	0.103629	
2662000	-302.690510	1	218	0.540773	0.540773	0.540773	0.540773	1.595855	3.085038	0.000000	1.595855	1	0.444902	0.534719	0.019530	0.000850	
2663000	-304.994976	1	215	0.292720	0.292720	0.292720	0.292720	1.703338	1.703338	0.292720	1.703338	1	0.159783	0.134238	0.356842	0.349137	
2664000	-302.878405	1	1208	0.534738	0.534738	0.534738	0.534738	1.329491	3.495426	0.534738	1.329491	1	0.315494	0.270121	0.289801	0.124584	
2665000	-302.878405	1	1208	0.534738	0.534738	0.534738	0.534738	1.329491	3.495426	0.534738	1.329491	1	0.315494	0.270121	0.289801	0.124584	
2666000	-305.637992	1	872	0.533885	0.533885	0.533885	0.533885	1.984525	1.984525	0.000000	0.533885	1	0.455128	0.504371	0.040304	0.000197	
2667000	-305.901925	1	1237	0.525957	0.525957	0.525957	0.525957	1.996105	1.996105	0.525957	0.525957	1	0.254988	0.240310	0.390790	0.113913	
2668000	-305.508310	1	699	0.574343	0.574343	0.574343	0.574343	2.321703	2.321703	0.000000	0.574343	1	0.444386	0.511446	0.043912	0.000256	
2669000	-304.171284	1	1034	0.913047	0.389153	0.913047	0.389153	0.913047	2.744877	0.389153	0.913047	1	0.325040	0.398900	0.191256	0.084804	
2670000	-305.867415	1	1540	0.257027	0.257027	0.257027	0.257027	1.809299	1.809299	0.257027	1.809299	1	0.130467	0.102422	0.381484	0.385628	
2671000	-301.406520	1	2602	0.363923	0.363923	0.363923	0.363923	1.138637	3.214188	0.363923	1.138637	1	0.305633	0.199834	0.375144	0.119389	
2672000	-305.966388	1	2948	0.530910	0.530910	0.530910	0.530910	1.940551	1.940551	0.530910	0.530910	1	0.258184	0.246665	0.380396	0.114754	
2673000	-305.834673	1	2461	0.528452	0.528452	0.528452	0.528452	2.369222	2.369222	0.000000	0.528452	1	0.453944	0.496377	0.049421	0.000257	
2674000	-302.816780	1	2531	0.676638	0.334925	0.676638	0.334925	2.243501	2.243501	0.334925	0.676638	1	0.199697	0.238259	0.409732	0.152312	
2675000	-305.695192	1	501	0.532340	0.532340	0.532340	0.532340	1.958983	1.958983	0.000000	0.532340	1	0.455622	0.504384	0.039801	0.000193	
2676000	-302.246564	1	2910	0.510213	0.510213	0.510213	0.510213	1.243822	2.757366	0.510213	1.243822	1	0.310361	0.278635	0.279704	0.131300	
2677000	-306.060804	1	2764	0.434386	0.434386	0.434386	0.434386	1.979984	1.979984	0.434386	0.434386	1	0.246116	0.198548	0.458069	0.097267	
2678000	-301.235193	1	1830	0.429827	0.429827	0.429827	0.429827	1.308978	2.741882	0.429827	1.308978	1	0.282534	0.234718	0.328880	0.153868	
2679000	-301.235193	1	1830	0.429827	0.429827	0.429827	0.429827	1.308978	2.741882	0.429827	1.308978	1	0.282534	0.234718	0.328880	0.153868	
2680000	-304.851487	1	484	0.319156	0.319156	0.319156	0.319156	1.888753	1.888753	0.319156	1.888753	1	0.156965	0.139672	0.346167	0.357196	
2681000	-306.477850	1	1689	0.483383	0.483383	0.483383	0.483383	1.687408	1.687408	0.483383	0.483383	1	0.270902	0.248838	0.373940	0.106320	
2682000	-305.652996	1	271	0.658077	0.658077	0.658077	0.658077	2.106297	2.106297	0.000000	0.658077	1	0.428655	0.536377	0.034731	0.000237	
2683000	-305.818992	1	1467	0.502861	0.502861	0.502861	0.502861	1.990971	1.990971	0.502861	0.502861	1	0.253732	0.230947	0.405529	0.109791	
2684000	-305.563618	1	2234	0.622659	0.622659	0.622659	0.622659	2.330694	2.330694	0.000000	0.622659	1	0.434494	0.524494	0.040744	0.000268	
2685000	-306.186289	1	2307	0.695932	0.695932	0.695932	0.695932	2.398302	2.398302	0.000000	0.695932	1	0.420498	0.540558	0.038639	0.000304	
2686000	-301.041336	1	1170	0.415154	0.415154	0.415154	0.415154	1.338547	3.062416	0.415154	1.338547	1	0.279734	0.219164	0.349625	0.151477	
2687000	-305.523619	1	2964	0.532572	0.532572	0.532572	0.532572	2.127623	2.127623	0.000000	0.532572	1	0.454573	0.501275	0.043932	0.000221	
2688000	-305.865441	1	1695	0.496868	0.496868	0.496868	0.496868	2.114700	2.114700	0.000000	0.496868	1	0.462725	0.488721	0.048335	0.000219	
2689000	-306.213863	1	2260	0.541400	0.541400	0.541400	0.541400	1.782637	1.782637	0.000000	0.541400	1	0.454425	0.511362	0.034052	0.000161	
2690000	-304.721563	1	1598	0.699165	0.699165	0.699165	0.699165	1.531000	2.777117	0.000000	1.531000	1	0.416068	0.566348	0.016971	0.000612	
2691000	-306.626399	1	2796	0.597252	0.597252	0.597252	0.597252	1.940177	1.940177	0.597252	0.597252	1	0.259427	0.270933	0.343288	0.126352	
2692000	-305.350842	1	2945	0.590753	0.590753	0.590753	0.590753	2.130379	2.130379	0.000000	0.590753	1	0.441974	0.518953	0.038846	0.000227	
2693000	-305.321043	1	1602	0.350525	0.350525	0.350525	0.350525	2.080413	2.080413	0.350525	2.080413	1	0.156653	0.148845	0.333486	0.361017	
2694000	-302.714298	1	1853	0.504365	0.504365	0.504365	0.504365	1.460455	2.596222	0.000000	1.460455	1	0.453700	0.527530	0.018131	0.000640	
2695000	-302.714298	1	1853	0.504365	0.504365	0.504365	0.504365	1.460455	2.596222	0.000000	1.460455	1	0.453700	0.527530	0.018131	0.000640	
2696000	-301.041336	1	1170	0.415154	0.415154	0.415154	0.415154	1.338547	3.062416	0.415154	1.338547	1	0.279734	0.219164	0.349625	0.151477	
2697000	-305.832955	1	284	0.470510	0.470510	0.470510	0.470510	2.032355	2.032355	0.470510	0.470510	1	0.248337	0.213170	0.434619	0.103873	
2698000	-306.150057	1	1658	0.599104	0.599104	0.599104	0.599104	1.787235	1.787235	0.000000	0.599104	1	0.441636	0.527945	0.030253	0.000166	
2699000	-305.740018	1	2738	0.539318	0.539318	0.539318	0.539318	2.363410	2.363410	0.000000	0.539318	1	0.451617	0.500075	0.048050	0.000257	
2700000	-303.636402	1	1381	1.260122	0.343224	0.343224	0.343224	1.260122	2.775584	0.343224	1.260122	1	0.414889	0.137143	0.303258	0.144710	
2701000	-302.651021	1	794	0.453493	0.453493	0.453493	0.453493	1.341618	2.590446	0.000000	1.341618	1	0.470931	0.510911	0.017612	0.000546	
2702000	-305.523535	1	2779	0.572529	0.572529	0.572529	0.572529	1.972538	1.972538	0.000000	0.572529	1	0.446620	0.516605	0.036578	0.000197	
2703000	-305.823229	1	2092	0.546911	0.546911	0.546911	0.546911	2.417711	2.417711	0.000000	0.546911	1	0.449644	0.501878	0.048212	0.000266	
2704000	-301.235193	1	1830	0.429827	0.429827	0.429827	0.429827	1.308978	2.741882	0.429827	1.308978	1	0.282534	0.234718	0.328880	0.153868	
2705000	-305.755014	1	2832	0.527471	0.527471	0.527471	0.527471	1.945924	1.945924	0.000000	0.527471	1	0.456807	0.503029	0.039974	0.000190	
2706000	-306.060804	1	2764	0.434386	0.434386	0.434386	0.434386	1.979984	1.979984	0.434386	0.434386	1	0.246116	0.198548	0.458069	0.097267	
2707000	-301.166606	1	1850	0.395188	0.395188	0.395188	0.395188	1.266692	2.624060	0.395188	1.266692	1	0.277279	0.220228	0.345739	0.156754	
2708000	-305.971754	1	930	0.508709	0.508709	0.508709	0.508709	2.186103	2.186103	0.508709	0.508709	1	0.244568	0.220254	0.424495	0.110683	
2709000	-306.034108	1	2718	0.492790	0.492790	0.492790	0.492790	1.976472	1.976472	0.000000	0.492790	1	0.464642	0.489860	0.045301	0.000197	
2710000	-302.039047	1	954	0.464484	0.464484	0.464484	0.464484	1.256501	2.429299	0.464484	1.256501	1	0.293189	0.263852	0.293757	0.149202	
2711000	-306.451421	1	2244	0.539642	0.539642	0.539642	0.539642	1.735388	1.735388	0.000000	0.539642	1	0.455023	0.512010	0.032814	0.000153	
2712000	-306.432616	1	2561	0.462539	0.462539	0.462539	0.462539	2.196692	2.196692	0.000000	0.462539	1	0.469875	0.473183	0.056707	0.000235	
2713000	-305.834850	1	1388	0.489851	0.489851	0.489851	0.489851	1.939849	1.939849	0.489851	0.489851	1	0.255455	0.229036	0.408015	0.107494	
2714000	-305.502128	1	2165	0.637731	0.637731	0.637731	0.637731	2.200381	2.200381	0.000000	0.637731	1	0.432164	0.530078	0.037509	0.000249	
2715000	-305.431709	1	517	0.598147	0.598147	0.598147	0.598147	2.276616	2.276616	0.000000	0.598147	1	0.439696	0.518776	0.041275	0.000253	
2716000	-306.021900	1	274	0.460129	0.460129	0.460129	0.460129	1.850310	1.850310	0.460129	0.460129	1	0.257669	0.221977	0.418070	0.102283	
2717000	-306.369400	1	2205	0.411387	0.411387	0.411387	0.411387	2.075159	2.075159	0.411387	0.411387	1	0.236490	0.179807	0.491200	0.092503	
2718000	-305.629189	1	1094	0.619280	0.619280	0.619280	0.619280	2.373028	2.373028	0.000000	0.619280	1	0.434948	0.523087	0.041691	0.000274	
2719000	-306.664362	1	2429	0.504708	0.504708	0.504708	0.504708	1.654330	1.654330	0.504708	0.504708	1	0.274637	0.262354	0.353251	0.109758	
2720000	-304.315244	1	360	0.951745	0.417552	0.417552	0.417552	0.951745	2.381957	0.000000	0.951745	1	0.646397	0.330706	0.022512	0.000385	
2721000	-305.845500	1	1505	0.501154	0.501154	0.501154	0.501154	2.046729	2.046729	0.000000	0.501154	1	0.462219	0.491607	0.045967	0.000208	
2722000	-305.732000	1	2717	0.670723	0.670723	0.670723	0.670723	2.163768	2.163768	0.000000	0.670723	1	0.426051	0.538337	0.035361	0.000251	
2723000	-302.364992	1	2855	0.691219	0.186834	0.691219	0.691219	1.962010	1.962010	0.186834	0.691219	1	0.359687	0.444418	0.143784	0.052111	
2724000	-302.364992	1	2855	0.691219	0.186834	0.691219	0.691219	1.962010	1.962010	0.186834	0.691219	1	0.359687	0.444418	0.143784	0.052111	
2725000	-305.905277	1	691	0.522489	0.522489	0.522489	0.522489	2.377092	2.377092	0.000000	0.522489	1	0.455197	0.494232	0.050313	0.000258	
2726000	-301.041336	1	1170	0.415154	0.415154	0.415154	0.415154	1.338547	3.062416	0.415154	1.338547	1	0.279734	0.219164	0.349625	0.151477	
2727000	-303.980977	1	2660	1.032231	0.434305	0.434305	0.434305	1.032231	2.331169	0.000000	1.032231	1	0.639397	0.337561	0.022583	0.000459	
2728000	-306.254894	1	223	0.589054	0.589054	0.589054	0.589054	2.595434	2.595434	0.000000	0.589054	1	0.439817	0.512544	0.047340	0.000299	
2729000	-307.241342	1	2093	0.656144	0.656144	0.656144	0.656144	1.656071	1.656071	0.000000	0.656144	1	0.430256	0.544945	0.024652	0.000148	
2730000	-305.629189	1	1094	0.619280	0.619280	0.619280	0.619280	2.373028	2.373028	0.000000	0.619280	1	0.434948	0.523087	0.041691	0.000274	
2731000	-302.039047	1	954	0.464484	0.464484	0.464484	0.464484	1.256501	2.429299	0.464484	1.256501	1	0.293189	0.263852	0.293757	0.149202	
2732000	-302.039047	1	954	0.464484	0.464484	0.464484	0.464484	1.256501	2.429299	0.464484	1.256501	1	0.293189	0.263852	0.293757	0.149202	
2733000	-305.992342	1	1180	0.615228	0.615228	0.615228	0.615228	2.517040	2.517040	0.000000	0.615228	1	0.435003	0.520366	0.044335	0.000295	
2734000	-305.334455	1	714	0.276875	0.276875	0.276875	0.276875	1.654856	1.654856	0.276875	1.654856	1	0.155617	0.126533	0.365614	0.352236	
2735000	-301.894467	1	713	0.494655	0.494655	0.494655	0.494655	1.342936	3.029553	0.494655	1.342936	1	0.296875	0.259849	0.301777	0.141498	
2736000	-302.274655	1	1207	0.486627	0.486627	0.486627	0.486627	1.088377	3.119393	0.486627	1.088377	1	0.349740	0.267752	0.282890	0.099618	
2737000	-305.631479	1	1957	0.519521	0.519521	0.519521	0.519521	2.161218	2.161218	0.000000	0.519521	1	0.457279	0.496238	0.046258	0.000226	
2738000	-301.041336	1	1170	0.415154	0.415154	0.415154	0.415154	1.338547	3.062416	0.415154	1.338547	1	0.279734	0.219164	0.349625	0.151477	
2739000	-301.041336	1	1170	0.415154	0.415154	0.415154	0.415154	1.338547	3.062416	0.415154	1.338547	1	0.279734	0.219164	0.349625	0.151477	
2740000	-306.788615	1	2958	0.564237	0.564237	0.564237	0.564237	2.704285	2.704285	0.000000	0.564237	1	0.444295	0.504419	0.050979	0.000307	
2741000	-304.222023	1	1587	0.469477	0.469477	0.469477	0.469477	1.436940	2.811350	0.469477	0.469477	1	0.362836	0.192424	0.388933	0.055807	
2742000	-303.267258	1	1017	1.161686	0.402186	0.402186	0.402186	1.161686	3.191476	0.000000	1.161686	1	0.674501	0.293846	0.030722	0.000931	
2743000	-303.432812	1	220	1.083750	0.296794	0.296794	0.296794	1.083750	2.849540	0.296794	1.083750	1	0.441158	0.121078	0.323530	0.114234	
2744000	-304.315244	1	360	0.951745	0.417552	0.417552	0.417552	0.951745	2.381957	0.000000	0.951745	1	0.646397	0.330706	0.022512	0.000385	
2745000	-302.274655	1	1207	0.486627	0.486627	0.486627	0.486627	1.088377	3.119393	0.486627	1.088377	1	0.349740	0.267752	0.282890	0.099618	
2746000	-302.878405	1	1208	0.534738	0.534738	0.534738	0.534738	1.329491	3.495426	0.534738	1.329491	1	0.315494	0.270121	0.289801	0.124584	
2747000	-305.934702	1	434	0.636366	0.636366	0.636366	0.636366	2.474745	2.474745	0.000000	0.636366	1	0.431107	0.526150	0.042448	0.000295	
2748000	-305.420250	1	339	0.555180	0.555180	0.555180	0.555180	2.083997	2.083997	0.000000	0.555180	1	0.449829	0.509311	0.040645	0.000215	
2749000	-302.816780	1	2531	0.676638	0.334925	0.676638	0.334925	2.243501	2.243501	0.334925	0.676638	1	0.199697	0.238259	0.409732	0.152312	
2750000	-301.166606	1	1850	0.395188	0.395188	0.395188	0.395188	1.266692	2.624060	0.395188	1.266692	1	0.277279	0.220228	0.345739	0.156754	
2751000	-302.690510	1	218	0.540773	0.540773	0.540773	0.540773	1.595855	3.085038	0.000000	1.595855	1	0.444902	0.534719	0.019530	0.000850	
2752000	-301.406520	1	2602	0.363923	0.363923	0.363923	0.363923	1.138637	3.214188	0.363923	1.138637	1	0.305633	0.199834	0.375144	0.119389	
2753000	-301.041336	1	1170	0.415154	0.415154	0.415154	0.415154	1.338547	3.062416	0.415154	1.338547	1	0.279734	0.219164	0.349625	0.151477	
2754000	-301.235193	1	1830	0.429827	0.429827	0.429827	0.429827	1.308978	2.741882	0.429827	1.308978	1	0.282534	0.234718	0.328880	0.153868	
2755000	-306.403713	1	2632	0.555483	0.555483	0.555483	0.555483	1.807827	1.807827	0.555483	0.555483	1	0.266417	0.267905	0.346970	0.118708	
2756000	-305.531255	1	2772	0.641057	0.641057	0.641057	0.641057	2.113058	2.113058	0.000000	0.641057	1	0.431899	0.532252	0.035615	0.000234	
2757000	-305.401046	1	1334	0.307665	0.307665	0.307665	0.307665	2.023886	2.023886	0.307665	2.023886	1	0.141688	0.124525	0.354874	0.378913	
2758000	-303.655024	1	610	0.657230	0.288111	0.657230	0.657230	2.416063	2.416063	0.288111	0.657230	1	0.311275	0.375378	0.236448	0.076899	
2759000	-307.507785	1	2910	0.510213	0.510213	0.510213	0.510213	1.243822	2.757366	0.510213	1.243822	0	0.310422	0.278570	0.279729	0.131279	
2760000	-306.222533	1	1473	0.433736	0.433736	0.433736	0.433736	1.840739	1.840739	0.433736	0.433736	1	0.254573	0.208833	0.439066	0.097528	
2761000	-305.986071	1	1300	0.650729	0.650729	0.650729	0.650729	2.466840	2.466840	0.000000	0.650729	1	0.428417	0.529685	0.041599	0.000299	
2762000	-305.580591	1	239	0.624004	0.624004	0.624004	0.624004	2.338122	2.338122	0.000000	0.624004	1	0.434192	0.524737	0.040801	0.000269	
2763000	-305.452929	1	2143	0.620223	0.620223	0.620223	0.620223	2.248789	2.248789	0.000000	0.620223	1	0.435381	0.524996	0.039369	0.000253	
2764000	-306.114417	1	2931	0.699600	0.699600	0.699600	0.699600	2.049688	2.049688	0.000000	0.699600	1	0.421221	0.546406	0.032135	0.000237	
2765000	-305.775878	1	157	0.511349	0.511349	0.511349	0.511349	2.244500	2.244500	0.000000	0.511349	1	0.458550	0.492034	0.049177	0.000238	
2766000	-306.245441	1	1545	0.295813	0.295813	0.295813	0.295813	2.170411	2.170411	0.295813	2.170411	1	0.127137	0.110454	0.361995	0.400414	
2767000	-301.235193	1	1830	0.429827	0.429827	0.429827	0.429827	1.308978	2.741882	0.429827	1.308978	1	0.282534	0.234718	0.328880	0.153868	
2768000	-304.018557	1	293	1.065425	0.461998	0.461998	0.461998	1.065425	3.222295	0.461998	1.065425	1	0.459683	0.210963	0.243089	0.086265	
2769000	-305.883532	1	1985	0.495343	0.495343	0.495343	0.495343	1.900433	1.900433	0.495343	0.495343	1	0.258189	0.234702	0.398625	0.108485	
2770000	-301.041336	1	1170	0.415154	0.415154	0.415154	0.415154	1.338547	3.062416	0.415154	1.338547	1	0.279734	0.219164	0.349625	0.151477	
2771000	-306.510879	1	2166	0.442638	0.442638	0.442638	0.442638	1.715781	1.715781	0.442638	0.442638	1	0.264486	0.225004	0.411131	0.099379	
2772000	-305.718484	1	622	0.650139	0.650139	0.650139	0.650139	2.006694	2.006694	0.000000	0.650139	1	0.430556	0.536238	0.032990	0.000216	
2773000	-305.973996	1	475	0.251642	0.251642	0.251642	0.251642	1.712530	1.712530	0.251642	1.712530	1	0.135162	0.104454	0.383664	0.376720	
2774000	-305.802894	1	1095	0.488746	0.488746	0.488746	0.488746	2.032212	2.032212	0.488746	0.488746	1	0.250311	0.221668	0.420813	0.107209	
2775000	-302.756393	1	1788	0.475463	0.475463	0.475463	0.475463	1.471660	3.706873	0.000000	1.471660	1	0.471685	0.508533	0.019006	0.000776	
2776000	-305.696323	1	2866	0.556201	0.556201	0.556201	0.556201	1.912079	1.912079	0.000000	0.556201	1	0.450493	0.512974	0.036348	0.000185	
2777000	-305.523535	1	2779	0.572529	0.572529	0.572529	0.572529	1.972538	1.972538	0.000000	0.572529	1	0.446620	0.516605	0.036578	0.000197	
2778000	-303.008353	1	2475	0.431085	0.431085	0.431085	0.431085	1.683310	3.192151	0.000000	1.683310	1	0.466935	0.508256	0.023568	0.001242	
2779000	-303.432812	1	220	1.083750	0.296794	0.296794	0.296794	1.083750	2.849540	0.296794	1.083750	1	0.441158	0.121078	0.323530	0.114234	
2780000	-306.119387	1	1489	0.478438	0.478438	0.478438	0.478438	2.256901	2.256901	0.478438	0.478438	1	0.238347	0.203045	0.453701	0.104907	
2781000	-305.665140	1	2722	0.642438	0.642438	0.642438	0.642438	2.006656	2.006656	0.000000	0.642438	1	0.432054	0.534413	0.033319	0.000214	
2782000	-301.894467	1	713	0.494655	0.494655	0.494655	0.494655	1.342936	3.029553	0.494655	1.342936	1	0.296875	0.259849	0.301777	0.141498	
2783000	-305.674471	1	1567	0.654810	0.654810	0.654810	0.654810	2.058385	2.058385	0.000000	0.654810	1	0.429465	0.536422	0.033887	0.000227	
2784000	-306.531327	1	838	0.462743	0.462743	0.462743	0.462743	1.953789	1.953789	0.000000	0.462743	1	0.471852	0.478000	0.049951	0.000197	
2785000	-306.218582	1	1190	0.499593	0.499593	0.499593	0.499593	1.865901	1.865901	0.000000	0.499593	1	0.463772	0.494988	0.041063	0.000177	
2786000	-305.656377	1	960	0.657830	0.657830	0.657830	0.657830	2.249834	2.249834	0.000000	0.657830	1	0.428095	0.534128	0.037514	0.000263	
2787000	-301.041336	1	1170	0.415154	0.415154	0.415154	0.415154	1.338547	3.062416	0.415154	1.338547	1	0.279734	0.219164	0.349625	0.151477	
2788000	-301.906368	1	480	0.490857	0.490857	0.490857	0.490857	1.336197	3.232583	0.490857	1.336197	1	0.301806	0.255146	0.307548	0.135500	
2789000	-305.972340	1	1873	0.577437	0.577437	0.577437	0.577437	2.510112	2.510112	0.000000	0.577437	1	0.442672	0.510116	0.046928	0.000284	
2790000	-305.558149	1	1044	0.613978	0.613978	0.613978	0.613978	1.985144	1.985144	0.000000	0.613978	1	0.437832	0.527731	0.034232	0.000205	
2791000	-306.531800	1	2240	0.585572	0.585572	0.585572	0.585572	1.708311	1.708311	0.000000	0.585572	1	0.444769	0.526181	0.028900	0.000150	
2792000	-303.761549	1	1793	0.562146	0.562146	0.562146	0.562146	1.990292	1.990292	0.000000	1.027810	1	0.433397	0.537524	0.028618	0.000461	
2793000	-305.413870	1	1510	0.589024	0.589024	0.589024	0.589024	2.265350	2.265350	0.000000	0.589024	1	0.441633	0.516416	0.041701	0.000249	
2794000	-303.267258	1	1017	1.161686	0.402186	0.402186	0.402186	1.161686	3.191476	0.000000	1.161686	1	0.674501	0.293846	0.030722	0.000931	
2795000	-303.636402	1	1381	1.260122	0.343224	0.343224	0.343224	1.260122	2.775584	0.343224	1.260122	1	0.414889	0.137143	0.303258	0.144710	
2796000	-307.479838	1	130	0.629967	0.629967	0.629967	0.629967	1.781903	1.781903	0.629967	0.629967	1	0.267059	0.295723	0.306116	0.131101	
2797000	-305.858011	1	391	0.514387	0.514387	0.514387	0.514387	2.068483	2.068483	0.514387	0.514387	1	0.250589	0.230285	0.407299	0.111827	
2798000	-305.858011	1	391	0.514387	0.514387	0.514387	0.514387	2.068483	2.068483	0.514387	0.514387	1	0.250589	0.230285	0.407299	0.111827	
2799000	-305.446916	1	56	0.556630	0.556630	0.556630	0.556630	2.045696	2.045696	0.000000	0.556630	1	0.449720	0.510449	0.039622	0.000209	
2800000	-305.556739	1	1719	0.620992	0.620992	0.620992	0.620992	2.001191	2.001191	0.000000	0.620992	1	0.436341	0.529228	0.034222	0.000209	
2801000	-305.518433	1	1416	0.534871	0.534871	0.534871	0.534871	2.177746	2.177746	0.000000	0.534871	1	0.453752	0.501219	0.044800	0.000229	
2802000	-304.575503	1	1855	1.043088	0.305221	0.305221	0.305221	1.043088	2.713141	0.000000	1.043088	1	0.728312	0.232195	0.038554	0.000939	
2803000	-305.766576	1	943	0.665316	0.665316	0.665316	0.665316	2.052569	2.052569	0.000000	0.665316	1	0.427493	0.538929	0.033350	0.000228	
2804000	-306.044477	1	1501	0.701812	0.701812	0.701812	0.701812	2.155019	2.155019	0.000000	0.701812	1	0.420457	0.545160	0.034124	0.000259	
2805000	-304.178289	1	1940	0.838338	0.580808	0.580808	0.580808	2.548078	2.548078	0.000000	0.838338	1	0.492738	0.457723	0.048904	0.000635	
2806000	-306.152012	1	1923	0.425705	0.425705	0.425705	0.425705	2.021492	2.021492	0.425705	0.425705	1	0.242235	0.191054	0.471227	0.095484	
2807000	-301.041336	1	1170	0.415154	0.415154	0.415154	0.415154	1.338547	3.062416	0.415154	1.338547	1	0.279734	0.219164	0.349625	0.151477	
2808000	-306.457377	1	1199	0.518663	0.518663	0.518663	0.518663	2.545048	2.545048	0.000000	0.518663	1	0.454931	0.491107	0.053682	0.000279	
2809000	-306.039409	1	1464	0.586612	0.586612	0.586612	0.586612	1.806527	1.806527	0.000000	0.586612	1	0.444250	0.524128	0.031454	0.000168	
2810000	-306.039409	1	1464	0.586612	0.586612	0.586612	0.586612	1.806527	1.806527	0.000000	0.586612	1	0.444250	0.524128	0.031454	0.000168	
2811000	-304.888835	1	1218	0.318449	0.318449	0.318449	0.318449	1.901398	1.901398	0.318449	1.901398	1	0.155639	0.138417	0.346860	0.359084	
2812000	-306.060060	1	1936	0.694388	0.694388	0.694388	0.694388	2.331515	2.331515	0.000000	0.694388	1	0.421060	0.541087	0.037562	0.000291	
2813000	-302.039047	1	954	0.464484	0.464484	0.464484	0.464484	1.256501	2.429299	0.464484	1.256501	1	0.293189	0.263852	0.293757	0.149202	
2814000	-303.234975	1	2477	0.430705	0.430705	0.430705	0.430705	0.928426	3.479873	0.430705	0.928426	1	0.398826	0.235425	0.294117	0.071631	
2815000	-306.100863	1	884	0.498355	0.498355	0.498355	0.498355	1.912429	1.912429	0.000000	0.498355	1	0.463769	0.493415	0.042631	0.000185	
2816000	-302.690510	1	218	0.540773	0.540773	0.540773	0.540773	1.595855	3.085038	0.000000	1.595855	1	0.444902	0.534719	0.019530	0.000850	
2817000	-306.131698	1	1978	0.610931	0.610931	0.610931	0.610931	1.800137	1.800137	0.000000	0.610931	1	0.439110	0.530743	0.029977	0.000170	
2818000	-305.390998	1	217	0.300246	0.300246	0.300246	0.300246	1.993970	1.993970	0.300246	1.993970	1	0.140147	0.121246	0.358533	0.380075	
2819000	-301.235193	1	1830	0.429827	0.429827	0.429827	0.429827	1.308978	2.741882	0.429827	1.308978	1	0.282534	0.234718	0.328880	0.153868	
2820000	-306.092069	1	254	0.603548	0.603548	0.603548	0.603548	1.803084	1.803084	0.000000	0.603548	1	0.440648	0.528759	0.030423	0.000169	
2821000	-301.041336	1	1170	0.415154	0.415154	0.415154	0.415154	1.338547	3.062416	0.415154	1.338547	1	0.279734	0.219164	0.349625	0.151477	
2822000	-306.036529	1	607	0.514449	0.514449	0.514449	0.514449	2.213382	2.213382	0.514449	0.514449	1	0.243802	0.220977	0.423510	0.111711	
2823000	-306.574829	1	2364	0.653374	0.653374	0.653374	0.653374	1.763080	1.763080	0.000000	0.653374	1	0.430634	0.541864	0.027333	0.000169	
2824000	-305.996425	1	814	0.487836	0.487836	0.487836	0.487836	2.166703	2.166703	0.000000	0.487836	1	0.464401	0.484308	0.051064	0.000228	
2825000	-306.035483	1	12	0.524177	0.524177	0.524177	0.524177	2.192915	2.192915	0.524177	0.524177	1	0.245408	0.226138	0.414927	0.113527	
2826000	-305.681686	1	1010	0.611632	0.611632	0.611632	0.611632	2.406378	2.406378	0.000000	0.611632	1	0.436294	0.520694	0.042735	0.000277	
2827000	-305.408133	1	1728	0.613884	0.613884	0.613884	0.613884	2.103996	2.103996	0.000000	0.613884	1	0.437339	0.525601	0.036833	0.000226	
2828000	-305.504297	1	2905	0.349399	0.349399	0.349399	0.349399	2.119525	2.119525	0.349399	2.119525	1	0.153646	0.146133	0.334717	0.365504	
2829000	-305.600907	1	147	0.545564	0.545564	0.545564	0.545564	1.970501	1.970501	0.000000	0.545564	1	0.452575	0.508442	0.038788	0.000195	
2830000	-302.168152	1	1807	0.368721	0.368721	0.368721	0.368721	1.024492	3.354034	0.368721	1.024492	1	0.341785	0.205596	0.357871	0.094747	
2831000	-306.836991	1	431	0.228220	0.228220	0.228220	0.228220	1.725884	1.725884	0.228220	1.725884	1	0.119249	0.087402	0.398826	0.394523	
2832000	-306.250992	1	1878	0.552083	0.552083	0.552083	0.552083	2.217627	2.217627	0.552083	0.552083	1	0.245836	0.235250	0.400270	0.118644	
2833000	-305.864280	1	1443	0.461732	0.461732	0.461732	0.461732	2.003983	2.003983	0.461732	0.461732	1	0.248791	0.210894	0.438005	0.102310	
2834000	-305.412476	1	251	0.616665	0.616665	0.616665	0.616665	2.206637	2.206637	0.000000	0.616665	1	0.436296	0.524699	0.038760	0.000245	
2835000	-310.107614	1	1222	0.360635	0.360635	0.360635	0.360635	2.088707	2.088707	0.360635	2.088707	0	0.160087	0.154691	0.328619	0.356603	
2836000	-301.166606	1	1850	0.395188	0.395188	0.395188	0.395188	1.266692	2.624060	0.395188	1.266692	1	0.277279	0.220228	0.345739	0.156754	
2837000	-301.166606	1	1850	0.395188	0.395188	0.395188	0.395188	1.266692	2.624060	0.395188	1.266692	1	0.277279	0.220228	0.345739	0.156754	
2838000	-306.324475	1	2554	0.680787	0.680787	0.680787	0.680787	2.512311	2.512311	0.000000	0.680787	1	0.422678	0.535976	0.041028	0.000318	
2839000	-305.400976	1	180	0.563857	0.563857	0.563857	0.563857	2.212803	2.212803	0.000000	0.563857	1	0.447227	0.509865	0.042671	0.000237	
2840000	-301.166606	1	1850	0.395188	0.395188	0.395188	0.395188	1.266692	2.624060	0.395188	1.266692	1	0.277279	0.220228	0.345739	0.156754	
2841000	-301.166606	1	1850	0.395188	0.395188	0.395188	0.395188	1.266692	2.624060	0.395188	1.266692	1	0.277279	0.220228	0.345739	0.156754	
2842000	-305.736856	1	864	0.670359	0.670359	0.670359	0.670359	2.220282	2.220282	0.000000	0.670359	1	0.425884	0.537407	0.036448	0.000262	
2843000	-306.374018	1	1283	0.449903	0.449903	0.449903	0.449903	2.299110	2.299110	0.449903	0.449903	1	0.232523	0.187542	0.480589	0.099345	
2844000	-305.892685	1	1987	0.577923	0.577923	0.577923	0.577923	1.841693	1.841693	0.000000	0.577923	1	0.446008	0.520905	0.032913	0.000174	
2845000	-304.887277	1	2377	0.801860	0.268853	0.801860	0.268853	1.747344	1.747344	0.268853	1.747344	1	0.179046	0.265957	0.259186	0.295812	
2846000	-305.969084	1	2270	0.498581	0.498581	0.498581	0.498581	2.193693	2.193693	0.498581	0.498581	1	0.243334	0.215511	0.432358	0.108797	
2847000	-302.583368	1	720	0.530245	0.530245	0.530245	0.530245	1.468851	2.759729	0.000000	1.468851	1	0.449493	0.531970	0.017895	0.000643	
2848000	-302.711536	1	1537	0.532609	0.532609	0.532609	0.532609	1.373915	3.553725	0.000000	1.373915	1	0.463425	0.519326	0.016679	0.000571	
2849000	-302.711536	1	1537	0.532609	0.532609	0.532609	0.532609	1.373915	3.553725	0.000000	1.373915	1	0.463425	0.519326	0.016679	0.000571	
2850000	-301.406520	1	2602	0.363923	0.363923	0.363923	0.363923	1.138637	3.214188	0.363923	1.138637	1	0.305633	0.199834	0.375144	0.119389	
2851000	-305.462064	1	206	0.287845	0.287845	0.287845	0.287845	1.953961	1.953961	0.287845	1.953961	1	0.136709	0.115209	0.364943	0.383139	
2852000	-302.583368	1	720	0.530245	0.530245	0.530245	0.530245	1.468851	2.759729	0.000000	1.468851	1	0.449493	0.531970	0.017895	0.000643	
2853000	-303.234975	1	2477	0.430705	0.430705	0.430705	0.430705	0.928426	3.479873	0.430705	0.928426	1	0.398826	0.235425	0.294117	0.071631	
2854000	-305.156019	1	715	0.334384	0.334384	0.334384	0.334384	2.024093	2.024093	0.334384	2.024093	1	0.153762	0.141672	0.340719	0.363846	
2855000	-305.964330	1	71	0.522265	0.522265	0.522265	0.522265	1.879858	1.879858	0.000000	0.522265	1	0.458375	0.502732	0.038715	0.000179	
2856000	-305.952387	1	397	0.535166	0.535166	0.535166	0.535166	2.049176	2.049176	0.535166	0.535166	1	0.252774	0.240071	0.391582	0.115573	
2857000	-305.818339	1	2420	0.504652	0.504652	0.504652	0.504652	2.014144	2.014144	0.504652	0.504652	1	0.252644	0.230014	0.407242	0.110100	
2858000	-302.690510	1	218	0.540773	0.540773	0.540773	0.540773	1.595855	3.085038	0.000000	1.595855	1	0.444902	0.534719	0.019530	0.000850	
2859000	-305.496304	1	1690	0.570268	0.570268	0.570268	0.570268	2.309052	2.309052	0.000000	0.570268	1	0.445316	0.510415	0.044016	0.000253	
2860000	-305.975199	1	2830	0.511616	0.511616	0.511616	0.511616	1.907818	1.907818	0.000000	0.511616	1	0.460692	0.498371	0.040753	0.000184	
2861000	-305.377956	1	1532	0.579234	0.579234	0.579234	0.579234	2.074722	2.074722	0.000000	0.579234	1	0.444682	0.516644	0.038458	0.000216	
2862000	-305.647708	1	666	0.659492	0.659492	0.659492	0.659492	2.213419	2.213419	0.000000	0.659492	1	0.427941	0.535039	0.036762	0.000257	
2863000	-305.071006	1	486	0.341603	0.341603	0.341603	0.341603	2.011550	2.011550	0.341603	2.011550	1	0.157722	0.146976	0.336706	0.358597	
2864000	-301.235193	1	1830	0.429827	0.429827	0.429827	0.429827	1.308978	2.741882	0.429827	1.308978	1	0.282534	0.234718	0.328880	0.153868	
2865000	-306.411730	1	2172	0.539374	0.539374	0.539374	0.539374	1.760620	1.760620	0.539374	0.539374	1	0.268926	0.266152	0.349088	0.115834	
2866000	-305.999484	1	1727	0.440873	0.440873	0.440873	0.440873	2.012525	2.012525	0.440873	0.440873	1	0.245318	0.199725	0.456555	0.098401	
2867000	-305.482209	1	694	0.574581	0.574581	0.574581	0.574581	1.993867	1.993867	0.000000	0.574581	1	0.446075	0.516787	0.036937	0.000201	
2868000	-301.166606	1	1850	0.395188	0.395188	0.395188	0.395188	1.266692	2.624060	0.395188	1.266692	1	0.277279	0.220228	0.345739	0.156754	
2869000	-301.166606	1	1850	0.395188	0.395188	0.395188	0.395188	1.266692	2.624060	0.395188	1.266692	1	0.277279	0.220228	0.345739	0.156754	
2870000	-302.246564	1	2910	0.510213	0.510213	0.510213	0.510213	1.243822	2.757366	0.510213	1.243822	1	0.310361	0.278635	0.279704	0.131300	
2871000	-302.246564	1	2910	0.510213	0.510213	0.510213	0.510213	1.243822	2.757366	0.510213	1.243822	1	0.310361	0.278635	0.279704	0.131300	
2872000	-306.700122	1	537	0.600014	0.600014	0.600014	0.600014	1.913617	1.913617	0.600014	0.600014	1	0.260750	0.274096	0.338422	0.126733	
2873000	-309.274699	1	2302	0.644558	0.644558	0.644558	0.644558	0.644558	2.849851	0.644558	0.644558	1	0.515063	0.303156	0.138331	0.043450	
2874000	-305.520507	1	957	0.552250	0.552250	0.552250	0.552250	2.283081	2.283081	0.000000	0.552250	1	0.449313	0.505275	0.045165	0.000247	
2875000	-306.907770	1	1653	0.489221	0.489221	0.489221	0.489221	1.728976	1.728976	0.000000	0.489221	1	0.467076	0.494767	0.038004	0.000153	
2876000	-306.822358	1	2470	0.387002	0.387002	0.387002	0.387002	1.889871	1.889871	0.387002	0.387002	1	0.242085	0.177704	0.491839	0.088372	
2877000	-305.381301	1	1991	0.563527	0.563527	0.563527	0.563527	2.173028	2.173028	0.000000	0.563527	1	0.447522	0.510378	0.041869	0.000231	
2878000	-305.998328	1	2110	0.487169	0.487169	0.487169	0.487169	2.087874	2.087874	0.000000	0.487169	1	0.465140	0.485421	0.049224	0.000216	
2879000	-302.714298	1	1853	0.504365	0.504365	0.504365	0.504365	1.460455	2.596222	0.000000	1.460455	1	0.453700	0.527530	0.018131	0.000640	
2880000	-306.012072	1	2676	0.471462	0.471462	0.471462	0.471462	1.836065	1.836065	0.471462	0.471462	1	0.259861	0.228862	0.406970	0.104308	
2881000	-301.235193	1	1830	0.429827	0.429827	0.429827	0.429827	1.308978	2.741882	0.429827	1.308978	1	0.282534	0.234718	0.328880	0.153868	
2882000	-301.041336	1	1170	0.415154	0.415154	0.415154	0.415154	1.338547	3.062416	0.415154	1.338547	1	0.279734	0.219164	0.349625	0.151477	
2883000	-301.041336	1	1170	0.415154	0.415154	0.415154	0.415154	1.338547	3.062416	0.415154	1.338547	1	0.279734	0.219164	0.349625	0.151477	
2884000	-302.039047	1	954	0.464484	0.464484	0.464484	0.464484	1.256501	2.429299	0.464484	1.256501	1	0.293189	0.263852	0.293757	0.149202	
2885000	-306.529460	1	669	0.463976	0.463976	0.463976	0.463976	2.376055	2.376055	0.463976	0.463976	1	0.231385	0.190425	0.476333	0.101858	
2886000	-301.894467	1	713	0.494655	0.494655	0.494655	0.494655	1.342936	3.029553	0.494655	1.342936	1	0.296875	0.259849	0.301777	0.141498	
2887000	-301.166606	1	1850	0.395188	0.395188	0.395188	0.395188	1.266692	2.624060	0.395188	1.266692	1	0.277279	0.220228	0.345739	0.156754	
2888000	-303.267258	1	1017	1.161686	0.402186	0.402186	0.402186	1.161686	3.191476	0.000000	1.161686	1	0.674501	0.293846	0.030722	0.000931	
2889000	-306.218582	1	1190	0.499593	0.499593	0.499593	0.499593	1.865901	1.865901	0.000000	0.499593	1	0.463772	0.494988	0.041063	0.000177	
2890000	-305.755014	1	2832	0.527471	0.527471	0.527471	0.527471	1.945924	1.945924	0.000000	0.527471	1	0.456807	0.503029	0.039974	0.000190	
2891000	-307.000946	1	4	0.416167	0.416167	0.416167	0.416167	2.377205	2.377205	0.416167	0.416167	1	0.222960	0.167068	0.517530	0.092441	
2892000	-306.156079	1	114	0.562413	0.562413	0.562413	0.562413	1.781203	1.781203	0.000000	0.562413	1	0.449661	0.517818	0.032359	0.000162	
2893000	-302.364992	1	2855	0.691219	0.186834	0.691219	0.691219	1.962010	1.962010	0.186834	0.691219	1	0.359687	0.444418	0.143784	0.052111	
2894000	-303.859917	1	1409	0.500889	0.500889	0.500889	0.500889	2.031206	2.031206	0.000000	0.747117	1	0.452619	0.513438	0.033628	0.000314	
2895000	-305.715348	1	350	0.532975	0.532975	0.532975	0.532975	2.329491	2.329491	0.000000	0.532975	1	0.453212	0.498404	0.048133	0.000252	
2896000	-305.672075	1	1539	0.368265	0.368265	0.368265	0.368265	2.157083	2.157083	0.368265	2.157083	1	0.158555	0.155842	0.326201	0.359403	
2897000	-304.849127	1	15	0.438871	0.438871	0.438871	0.438871	1.089418	2.474141	0.438871	0.438871	1	0.425091	0.184475	0.347591	0.042843	
2898000	-301.235193	1	1830	0.429827	0.429827	0.429827	0.429827	1.308978	2.741882	0.429827	1.308978	1	0.282534	0.234718	0.328880	0.153868	
2899000	-305.015784	1	1613	0.316536	0.316536	0.316536	0.316536	1.940944	1.940944	0.316536	1.940944	1	0.151725	0.134790	0.348759	0.364726	
2900000	-301.906368	1	480	0.490857	0.490857	0.490857	0.490857	1.336197	3.232583	0.490857	1.336197	1	0.301806	0.255146	0.307548	0.135500	
2901000	-301.406520	1	2602	0.363923	0.363923	0.363923	0.363923	1.138637	3.214188	0.363923	1.138637	1	0.305633	0.199834	0.375144	0.119389	
2902000	-309.189124	1	1131	0.625272	0.625272	0.625272	0.625272	0.625272	2.945295	0.625272	0.625272	1	0.537286	0.287182	0.136738	0.038793	
2903000	-305.738034	1	424	0.262020	0.262020	0.262020	0.262020	1.818298	1.818298	0.262020	1.818298	1	0.132668	0.105309	0.378541	0.383482	
2904000	-302.651021	1	794	0.453493	0.453493	0.453493	0.453493	1.341618	2.590446	0.000000	1.341618	1	0.470931	0.510911	0.017612	0.000546	
2905000	-305.962063	1	10	0.501754	0.501754	0.501754	0.501754	2.187797	2.187797	0.501754	0.501754	1	0.243894	0.217222	0.429491	0.109394	
2906000	-304.968390	1	1828	0.327793	0.327793	0.327793	0.327793	1.958038	1.958038	0.327793	1.958038	1	0.155610	0.141157	0.342936	0.360298	
2907000	-302.168152	1	1807	0.368721	0.368721	0.368721	0.368721	1.024492	3.354034	0.368721	1.024492	1	0.341785	0.205596	0.357871	0.094747	
2908000	-301.041336	1	1170	0.415154	0.415154	0.415154	0.415154	1.338547	3.062416	0.415154	1.338547	1	0.279734	0.219164	0.349625	0.151477	
2909000	-306.064775	1	2002	0.693344	0.693344	0.693344	0.693344	2.036379	2.036379	0.000000	0.693344	1	0.422387	0.545324	0.032056	0.000233	
2910000	-301.166606	1	1850	0.395188	0.395188	0.395188	0.395188	1.266692	2.624060	0.395188	1.266692	1	0.277279	0.220228	0.345739	0.156754	
2911000	-305.488279	1	2610	0.635565	0.635565	0.635565	0.635565	2.139606	2.139606	0.000000	0.635565	1	0.432858	0.530488	0.036416	0.000237	
2912000	-305.864268	1	1078	0.674165	0.260608	0.674165	0.260608	0.674165	3.231926	0.260608	0.674165	1	0.414549	0.298308	0.239853	0.047290	
2913000	-307.201384	1	2607	0.584248	0.584248	0.584248	0.584248	1.680090	1.680090	0.584248	0.584248	1	0.274159	0.291384	0.311652	0.122805	
2914000	-305.397222	1	1224	0.282715	0.282715	0.282715	0.282715	1.894972	1.894972	0.282715	1.894972	1	0.138280	0.114968	0.367184	0.379568	
2915000	-307.006237	1	2241	0.578437	0.578437	0.578437	0.578437	2.412868	2.412868	0.578437	0.578437	1	0.239197	0.233290	0.404054	0.123460	
2916000	-301.166606	1	1850	0.395188	0.395188	0.395188	0.395188	1.266692	2.624060	0.395188	1.266692	1	0.277279	0.220228	0.345739	0.156754	
2917000	-301.906368	1	480	0.490857	0.490857	0.490857	0.490857	1.336197	3.232583	0.490857	1.336197	1	0.301806	0.255146	0.307548	0.135500	
2918000	-301.166606	1	1850	0.395188	0.395188	0.395188	0.395188	1.266692	2.624060	0.395188	1.266692	1	0.277279	0.220228	0.345739	0.156754	
2919000	-306.703287	1	752	0.468198	0.468198	0.468198	0.468198	2.398949	2.398949	0.000000	0.468198	1	0.466997	0.472999	0.059743	0.000261	
2920000	-301.406520	1	2602	0.363923	0.363923	0.363923	0.363923	1.138637	3.214188	0.363923	1.138637	1	0.305633	0.199834	0.375144	0.119389	
2921000	-301.406520	1	2602	0.363923	0.363923	0.363923	0.363923	1.138637	3.214188	0.363923	1.138637	1	0.305633	0.199834	0.375144	0.119389	
2922000	-301.041336	1	1170	0.415154	0.415154	0.415154	0.415154	1.338547	3.062416	0.415154	1.338547	1	0.279734	0.219164	0.349625	0.151477	
2923000	-305.920895	1	967	0.492904	0.492904	0.492904	0.492904	2.151326	2.151326	0.000000	0.492904	1	0.463363	0.486559	0.049853	0.000225	
2924000	-306.546924	1	2243	0.584743	0.584743	0.584743	0.584743	1.885192	1.885192	0.584743	0.584743	1	0.262310	0.271447	0.342259	0.123984	
2925000	-303.008353	1	2475	0.431085	0.431085	0.431085	0.431085	1.683310	3.192151	0.000000	1.683310	1	0.466935	0.508256	0.023568	0.001242	
2926000	-302.690510	1	218	0.540773	0.540773	0.540773	0.540773	1.595855	3.085038	0.000000	1.595855	1	0.444902	0.534719	0.019530	0.000850	
2927000	-305.946897	1	2395	0.488000	0.488000	0.488000	0.488000	2.181299	2.181299	0.488000	0.488000	1	0.242855	0.211639	0.438656	0.106850	
2928000	-307.036328	1	163	0.470258	0.470258	0.470258	0.470258	2.510750	2.510750	0.470258	0.470258	1	0.227073	0.187265	0.482949	0.102713	
2929000	-301.041336	1	1170	0.415154	0.415154	0.415154	0.415154	1.338547	3.062416	0.415154	1.338547	1	0.279734	0.219164	0.349625	0.151477	
2930000	-302.714298	1	1853	0.504365	0.504365	0.504365	0.504365	1.460455	2.596222	0.000000	1.460455	1	0.453700	0.527530	0.018131	0.000640	
2931000	-306.188261	1	298	0.475096	0.475096	0.475096	0.475096	2.163277	2.163277	0.000000	0.475096	1	0.467317	0.479155	0.053300	0.000228	
2932000	-306.871738	1	2138	0.412635	0.412635	0.412635	0.412635	2.324329	2.324329	0.412635	0.412635	1	0.224506	0.167543	0.516050	0.091901	
2933000	-305.488344	1	425	0.392306	0.392306	0.392306	0.234652	1.707355	1.707355	0.392306	1.707355	1	0.129433	0.106311	0.383051	0.381205	
2934000	-306.194293	1	2694	0.544204	0.544204	0.544204	0.544204	2.532386	2.532386	0.000000	0.544204	1	0.449520	0.499781	0.050418	0.000281	
2935000	-305.703022	1	288	0.629521	0.629521	0.629521	0.629521	1.951775	1.951775	0.000000	0.629521	1	0.434814	0.532292	0.032693	0.000201	
2936000	-306.827361	1	1063	0.581363	0.581363	0.581363	0.581363	1.762666	1.762666	0.581363	0.581363	1	0.269178	0.281765	0.326204	0.122853	
2937000	-305.551926	1	272	0.542382	0.542382	0.542382	0.542382	2.008866	2.008866	0.000000	0.542382	1	0.453079	0.506662	0.040058	0.000202	
2938000	-305.342297	1	1222	0.360635	0.360635	0.360635	0.360635	2.088707	2.088707	0.360635	2.088707	1	0.160087	0.154691	0.328619	0.356603	
2939000	-305.412848	1	2290	0.580195	0.580195	0.580195	0.580195	2.260422	2.260422	0.000000	0.580195	1	0.443500	0.513982	0.042271	0.000247	
2940000	-306.050509	1	1965	0.439080	0.439080	0.439080	0.439080	2.084387	2.084387	0.439080	0.439080	1	0.241121	0.194114	0.466904	0.097861	
2941000	-301.406520	1	2602	0.363923	0.363923	0.363923	0.363923	1.138637	3.214188	0.363923	1.138637	1	0.305633	0.199834	0.375144	0.119389	
2942000	-306.145367	1	758	0.710779	0.710779	0.710779	0.710779	2.165679	2.165679	0.000000	0.710779	1	0.418845	0.546833	0.034057	0.000265	
2943000	-305.454428	1	1359	0.628837	0.628837	0.628837	0.628837	2.137666	2.137666	0.000000	0.628837	1	0.434192	0.528857	0.036716	0.000236	
2944000	-306.365304	1	2257	0.566822	0.566822	0.566822	0.566822	1.872370	1.872370	0.566822	0.566822	1	0.262913	0.266230	0.350001	0.120856	
2945000	-305.396913	1	1763	0.605310	0.605310	0.605310	0.605310	2.230103	2.230103	0.000000	0.605310	1	0.438473	0.521371	0.039909	0.000247	
2946000	-302.690510	1	218	0.540773	0.540773	0.540773	0.540773	1.595855	3.085038	0.000000	1.595855	1	0.444902	0.534719	0.019530	0.000850	
2947000	-302.274655	1	1207	0.486627	0.486627	0.486627	0.486627	1.088377	3.119393	0.486627	1.088377	1	0.349740	0.267752	0.282890	0.099618	
2948000	-305.841547	1	324	0.256955	0.256955	0.256955	0.256955	1.659291	1.659291	0.256955	1.659291	1	0.143250	0.111786	0.379115	0.365849	
2949000	-305.389418	1	727	0.560182	0.560182	0.560182	0.560182	2.166274	2.166274	0.000000	0.560182	1	0.448282	0.509469	0.042020	0.000229	
2950000	-305.550057	1	1594	0.550335	0.550335	0.550335	0.550335	2.296661	2.296661	0.000000	0.550335	1	0.449645	0.504486	0.045621	0.000248	
2951000	-301.906368	1	480	0.490857	0.490857	0.490857	0.490857	1.336197	3.232583	0.490857	1.336197	1	0.301806	0.255146	0.307548	0.135500	
2952000	-301.166606	1	1850	0.395188	0.395188	0.395188	0.395188	1.266692	2.624060	0.395188	1.266692	1	0.277279	0.220228	0.345739	0.156754	
2953000	-305.284730	1	716	0.301075	0.301075	0.301075	0.301075	1.966305	1.966305	0.301075	1.966305	1	0.142473	0.123234	0.357731	0.376562	
2954000	-305.363642	1	802	0.572360	0.572360	0.572360	0.572360	2.111380	2.111380	0.000000	0.572360	1	0.445961	0.514018	0.039800	0.000221	
2955000	-307.647975	1	1529	0.631757	0.631757	0.631757	0.631757	2.401208	2.401208	0.631757	0.631757	1	0.240160	0.250043	0.376317	0.133480	
2956000	-305.770540	1	2615	0.508344	0.508344	0.508344	0.508344	2.043337	2.043337	0.000000	0.508344	1	0.460590	0.494333	0.044870	0.000207	
2957000	-305.654358	1	1422	0.641787	0.641787	0.641787	0.641787	2.334360	2.334360	0.000000	0.641787	1	0.430755	0.529182	0.039790	0.000274	
2958000	-302.168152	1	1807	0.368721	0.368721	0.368721	0.368721	1.024492	3.354034	0.368721	1.024492	1	0.341785	0.205596	0.357871	0.094747	
2959000	-305.075221	1	2902	0.295109	0.295109	0.295109	0.295109	1.848779	1.848779	0.295109	1.848779	1	0.148320	0.126002	0.359185	0.366493	
2960000	-301.906368	1	480	0.490857	0.490857	0.490857	0.490857	1.336197	3.232583	0.490857	1.336197	1	0.301806	0.255146	0.307548	0.135500	
2961000	-301.906368	1	480	0.490857	0.490857	0.490857	0.490857	1.336197	3.232583	0.490857	1.336197	1	0.301806	0.255146	0.307548	0.135500	
2962000	-305.570459	1	39	0.585480	0.585480	0.585480	0.585480	1.949659	1.949659	0.000000	0.585480	1	0.443937	0.520756	0.035113	0.000194	
2963000	-302.274655	1	1207	0.486627	0.486627	0.486627	0.486627	1.088377	3.119393	0.486627	1.088377	1	0.349740	0.267752	0.282890	0.099618	
2964000	-307.006418	1	1806	0.225016	0.225016	0.225016	0.225016	1.786287	1.786287	0.225016	1.786287	1	0.112644	0.082121	0.400814	0.404421	
2965000	-301.235193	1	1830	0.429827	0.429827	0.429827	0.429827	1.308978	2.741882	0.429827	1.308978	1	0.282534	0.234718	0.328880	0.153868	
2966000	-305.989161	1	2650	0.697193	0.697193	0.697193	0.697193	2.172166	2.172166	0.000000	0.697193	1	0.421210	0.543936	0.034593	0.000261	
2967000	-305.789994	1	2431	0.570686	0.570686	0.570686	0.570686	1.871722	1.871722	0.000000	0.570686	1	0.447471	0.518163	0.034187	0.000179	
2968000	-305.695192	1	501	0.532340	0.532340	0.532340	0.532340	1.958983	1.958983	0.000000	0.532340	1	0.455622	0.504384	0.039801	0.000193	
2969000	-305.075221	1	2902	0.295109	0.295109	0.295109	0.295109	1.848779	1.848779	0.295109	1.848779	1	0.148320	0.126002	0.359185	0.366493	
2970000	-306.585354	1	1254	0.452828	0.452828	0.452828	0.452828	2.132735	2.132735	0.000000	0.452828	1	0.472596	0.469830	0.057346	0.000227	
2971000	-305.579038	1	1928	0.651023	0.651023	0.651023	0.651023	2.177422	2.177422	0.000000	0.651023	1	0.429703	0.533609	0.036440	0.000248	
2972000	-302.878405	1	1208	0.534738	0.534738	0.534738	0.534738	1.329491	3.495426	0.534738	1.329491	1	0.315494	0.270121	0.289801	0.124584	
2973000	-305.462949	1	143	0.618617	0.618617	0.618617	0.618617	2.265059	2.265059	0.000000	0.618617	1	0.435621	0.524353	0.039770	0.000256	
2974000	-301.406520	1	2602	0.363923	0.363923	0.363923	0.363923	1.138637	3.214188	0.363923	1.138637	1	0.305633	0.199834	0.375144	0.119389	
2975000	-305.891936	1	900	0.498244	0.498244	0.498244	0.498244	2.033165	2.033165	0.000000	0.498244	1	0.462983	0.490775	0.046036	0.000206	
2976000	-305.832955	1	284	0.470510	0.470510	0.470510	0.470510	2.032355	2.032355	0.470510	0.470510	1	0.248337	0.213170	0.434619	0.103873	
2977000	-306.487229	1	1671	0.696248	0.696248	0.696248	0.696248	2.520794	2.520794	0.000000	0.696248	1	0.419897	0.539186	0.040590	0.000326	
2978000	-306.401006	1	2356	0.629195	0.629195	0.629195	0.629195	2.622678	2.622678	0.000000	0.629195	1	0.431737	0.522823	0.045125	0.000316	
2979000	-305.629189	1	1094	0.619280	0.619280	0.619280	0.619280	2.373028	2.373028	0.000000	0.619280	1	0.434948	0.523087	0.041691	0.000274	
2980000	-305.667154	1	2662	0.568818	0.568818	0.568818	0.568818	1.913205	1.913205	0.000000	0.568818	1	0.447701	0.516727	0.035385	0.000186	
2981000	-305.408027	1	2763	0.554003	0.554003	0.554003	0.554003	2.141779	2.141779	0.000000	0.554003	1	0.449762	0.507959	0.042054	0.000225	
2982000	-305.989042	1	2500	0.510188	0.510188	0.510188	0.510188	1.858143	1.858143	0.510188	0.510188	1	0.261734	0.244880	0.382320	0.111066	
2983000	-306.779322	1	1754	0.419494	0.419494	0.419494	0.419494	2.326456	2.326456	0.419494	0.419494	1	0.225838	0.171028	0.509859	0.093275	
2984000	-301.235193	1	1830	0.429827	0.429827	0.429827	0.429827	1.308978	2.741882	0.429827	1.308978	1	0.282534	0.234718	0.328880	0.153868	
2985000	-301.041336	1	1170	0.415154	0.415154	0.415154	0.415154	1.338547	3.062416	0.415154	1.338547	1	0.279734	0.219164	0.349625	0.151477	
2986000	-302.168152	1	1807	0.368721	0.368721	0.368721	0.368721	1.024492	3.354034	0.368721	1.024492	1	0.341785	0.205596	0.357871	0.094747	
2987000	-301.894467	1	713	0.494655	0.494655	0.494655	0.494655	1.342936	3.029553	0.494655	1.342936	1	0.296875	0.259849	0.301777	0.141498	
2988000	-305.787078	1	2008	0.506124	0.506124	0.506124	0.506124	2.199053	2.199053	0.000000	0.506124	1	0.460034	0.490805	0.048930	0.000232	
2989000	-305.408133	1	1728	0.613884	0.613884	0.613884	0.613884	2.103996	2.103996	0.000000	0.613884	1	0.437339	0.525601	0.036833	0.000226	
2990000	-306.309956	1	921	0.498106	0.498106	0.498106	0.498106	2.427073	2.427073	0.000000	0.498106	1	0.460216	0.484799	0.054721	0.000263	
2991000	-303.636402	1	1381	1.260122	0.343224	0.343224	0.343224	1.260122	2.775584	0.343224	1.260122	1	0.414889	0.137143	0.303258	0.144710	
2992000	-302.690510	1	218	0.540773	0.540773	0.540773	0.540773	1.595855	3.085038	0.000000	1.595855	1	0.444902	0.534719	0.019530	0.000850	
2993000	-302.583368	1	720	0.530245	0.530245	0.530245	0.530245	1.468851	2.759729	0.000000	1.468851	1	0.449493	0.531970	0.017895	0.000643	
2994000	-301.235193	1	1830	0.429827	0.429827	0.429827	0.429827	1.308978	2.741882	0.429827	1.308978	1	0.282534	0.234718	0.328880	0.153868	
2995000	-306.114578	1	2352	0.484182	0.484182	0.484182	0.484182	1.788325	1.788325	0.484182	0.484182	1	0.264138	0.239304	0.390022	0.106536	
2996000	-305.827583	1	1549	0.503066	0.503066	0.503066	0.503066	2.042598	2.042598	0.000000	0.503066	1	0.461807	0.492402	0.045584	0.000207	
2997000	-307.808028	1	848	0.560465	0.560465	0.560465	0.560465	1.530711	1.530711	0.560465	0.560465	1	0.284557	0.300155	0.297498	0.117790	
2998000	-306.590254	1	507	0.239731	0.239731	0.931066	0.239731	1.444981	1.444981	0.239731	1.444981	1	0.087191	0.385458	0.261334	0.266017	
2999000	-306.007226	1	640	0.586520	0.586520	0.586520	0.586520	1.814126	1.814126	0.000000	0.586520	1	0.444244	0.523930	0.031657	0.000170	
3000000	-306.628539	1	1880	0.506908	0.506908	0.506908	0.506908	1.663167	1.663167	0.506908	0.506908	1	0.274127	0.262387	0.353341	0.110145	
3001000	-306.132672	1	2972	0.546074	0.546074	0.546074	0.546074	2.173515	2.173515	0.546074	0.546074	1	0.247482	0.235801	0.399164	0.117553	
3002000	-306.754547	1	1428	0.413737	0.413737	0.413737	0.413737	2.291722	2.291722	0.413737	0.413737	1	0.226203	0.169617	0.511949	0.092231	
3003000	-307.038017	1	2533	0.598314	0.598314	0.598314	0.598314	1.766770	1.766770	0.598314	0.598314	1	0.268731	0.287169	0.318395	0.125705	
3004000	-301.406520	1	2602	0.363923	0.363923	0.363923	0.363923	1.138637	3.214188	0.363923	1.138637	1	0.305633	0.199834	0.375144	0.119389	
3005000	-303.636402	1	1381	1.260122	0.343224	0.343224	0.343224	1.260122	2.775584	0.343224	1.260122	1	0.414889	0.137143	0.303258	0.144710	
3006000	-305.644758	1	1398	0.614850	0.614850	0.614850	0.614850	1.947251	1.947251	0.000000	0.614850	1	0.437802	0.528680	0.033319	0.000198	
3007000	-305.391559	1	280	0.595686	0.595686	0.595686	0.595686	2.068003	2.068003	0.000000	0.595686	1	0.441247	0.521369	0.037167	0.000217	
3008000	-306.686606	1	1266	0.744687	0.744687	0.744687	0.744687	2.063833	2.063833	0.000000	0.744687	1	0.413436	0.555047	0.031261	0.000255	
3009000	-306.875882	1	1533	0.479313	0.479313	0.479313	0.479313	2.482001	2.482001	0.479313	0.479313	1	0.229337	0.192444	0.473679	0.104540	
3010000	-306.016384	1	1758	0.544262	0.544262	0.544262	0.544262	2.004293	2.004293	0.544262	0.544262	1	0.255410	0.246934	0.380486	0.117171	
3011000	-301.406520	1	2602	0.363923	0.363923	0.363923	0.363923	1.138637	3.214188	0.363923	1.138637	1	0.305633	0.199834	0.375144	0.119389	
3012000	-301.041336	1	1170	0.415154	0.415154	0.415154	0.415154	1.338547	3.062416	0.415154	1.338547	1	0.279734	0.219164	0.349625	0.151477	
3013000	-301.166606	1	1850	0.395188	0.395188	0.395188	0.395188	1.266692	2.624060	0.395188	1.266692	1	0.277279	0.220228	0.345739	0.156754	
3014000	-305.474677	1	2297	0.558524	0.558524	0.558524	0.558524	2.268792	2.268792	0.000000	0.558524	1	0.448048	0.507423	0.044283	0.000245	
3015000	-307.730505	1	2204	0.784880	0.784880	0.784880	0.784880	1.907521	1.907521	0.000000	0.784880	1	0.407383	0.564938	0.027445	0.000234	
3016000	-302.756393	1	1788	0.475463	0.475463	0.475463	0.475463	1.471660	3.706873	0.000000	1.471660	1	0.471685	0.508533	0.019006	0.000776	
3017000	-305.726334	1	1610	0.313214	0.313214	0.313214	0.313214	2.114243	2.114243	0.313214	2.114243	1	0.138482	0.123727	0.352886	0.384905	
3018000	-304.180676	1	1520	0.308488	0.308488	0.552842	0.308488	1.826819	1.826819	0.308488	0.552842	1	0.159668	0.250427	0.453193	0.136712	
3019000	-302.246564	1	2910	0.510213	0.510213	0.510213	0.510213	1.243822	2.757366	0.510213	1.243822	1	0.310361	0.278635	0.279704	0.131300	
3020000	-301.894467	1	713	0.494655	0.494655	0.494655	0.494655	1.342936	3.029553	0.494655	1.342936	1	0.296875	0.259849	0.301777	0.141498	
3021000	-305.774222	1	718	0.259778	0.259778	0.259778	0.259778	1.797776	1.797776	0.259778	1.797776	1	0.132977	0.104952	0.379679	0.382392	
3022000	-306.411741	1	2735	0.417690	0.417690	0.417690	0.417690	2.172336	2.172336	0.417690	0.417690	1	0.232704	0.177724	0.496152	0.093420	
3023000	-305.807909	1	2012	0.498474	0.498474	0.498474	0.498474	2.029813	2.029813	0.498474	0.498474	1	0.251321	0.226184	0.413519	0.108975	
3024000	-301.235193	1	1830	0.429827	0.429827	0.429827	0.429827	1.308978	2.741882	0.429827	1.308978	1	0.282534	0.234718	0.328880	0.153868	
3025000	-307.056144	1	597	0.519707	0.519707	0.519707	0.519707	2.524268	2.524268	0.519707	0.519707	1	0.232072	0.207049	0.448695	0.112185	
3026000	-301.166606	1	1850	0.395188	0.395188	0.395188	0.395188	1.266692	2.624060	0.395188	1.266692	1	0.277279	0.220228	0.345739	0.156754	
3027000	-301.166606	1	1850	0.395188	0.395188	0.395188	0.395188	1.266692	2.624060	0.395188	1.266692	1	0.277279	0.220228	0.345739	0.156754	
3028000	-306.083724	1	2175	0.437735	0.437735	0.437735	0.437735	2.105410	2.105410	0.437735	0.437735	1	0.239797	0.192126	0.470534	0.097544	
3029000	-302.690510	1	218	0.540773	0.540773	0.540773	0.540773	1.595855	3.085038	0.000000	1.595855	1	0.444902	0.534719	0.019530	0.000850	
3030000	-305.771819	1	719	0.258553	0.258553	0.258553	0.258553	1.751023	1.751023	0.258553	1.751023	1	0.136064	0.106892	0.379824	0.377221	
3031000	-306.829503	1	592	0.709095	0.709095	0.709095	0.709095	2.589180	2.589180	0.000000	0.709095	1	0.417365	0.541097	0.041194	0.000345	
3032000	-301.166606	1	1850	0.395188	0.395188	0.395188	0.395188	1.266692	2.624060	0.395188	1.266692	1	0.277279	0.220228	0.345739	0.156754	
3033000	-301.166606	1	1850	0.395188	0.395188	0.395188	0.395188	1.266692	2.624060	0.395188	1.266692	1	0.277279	0.220228	0.345739	0.156754	
3034000	-301.166606	1	1850	0.395188	0.395188	0.395188	0.395188	1.266692	2.624060	0.395188	1.266692	1	0.277279	0.220228	0.345739	0.156754	
3035000	-309.863357	1	1213	0.184727	0.184727	0.184727	0.184727	1.462056	1.462056	0.184727	1.462056	1	0.111051	0.072382	0.427699	0.388869	
3036000	-306.619087	1	1055	0.468586	0.468586	0.468586	0.468586	2.369631	2.369631	0.000000	0.468586	1	0.467140	0.473494	0.059108	0.000257	
3037000	-305.578729	1	2104	0.525496	0.525496	0.525496	0.525496	2.153667	2.153667	0.000000	0.525496	1	0.455989	0.498438	0.045348	0.000225	
3038000	-305.426102	1	1407	0.604307	0.604307	0.604307	0.604307	2.050955	2.050955	0.000000	0.604307	1	0.439537	0.523994	0.036253	0.000215	
3039000	-305.659173	1	1264	0.583891	0.583891	0.583891	0.583891	1.914278	1.914278	0.000000	0.583891	1	0.444427	0.521029	0.034356	0.000188	
3040000	-305.402137	1	1751	0.613050	0.613050	0.613050	0.613050	2.109910	2.109910	0.000000	0.613050	1	0.437481	0.525286	0.037005	0.000227	
3041000	-302.583368	1	720	0.530245	0.530245	0.530245	0.530245	1.468851	2.759729	0.000000	1.468851	1	0.449493	0.531970	0.017895	0.000643	
3042000	-306.762176	1	1490	0.417179	0.417179	0.417179	0.417179	1.716355	1.716355	0.417179	0.417179	1	0.260435	0.210494	0.434225	0.094846	
3043000	-305.978167	1	1811	0.271740	0.271740	0.271740	0.271740	2.006017	2.006017	0.271740	2.006017	1	0.124869	0.102232	0.374163	0.398735	
3044000	-306.025616	1	2443	0.700437	0.700437	0.700437	0.700437	2.167592	2.167592	0.000000	0.700437	1	0.420653	0.544682	0.034404	0.000261	
3045000	-306.150998	1	76	0.564344	0.564344	0.564344	0.564344	1.781662	1.781662	0.000000	0.564344	1	0.449228	0.518375	0.032235	0.000162	
3046000	-306.186289	1	2307	0.695932	0.695932	0.695932	0.695932	2.398302	2.398302	0.000000	0.695932	1	0.420498	0.540558	0.038639	0.000304	
3047000	-305.410383	1	1290	0.618986	0.618986	0.618986	0.618986	2.148412	2.148412	0.000000	0.618986	1	0.436106	0.526194	0.037464	0.000235	
3048000	-305.015784	1	1613	0.316536	0.316536	0.316536	0.316536	1.940944	1.940944	0.316536	1.940944	1	0.151725	0.134790	0.348759	0.364726	
3049000	-304.222023	1	1587	0.469477	0.469477	0.469477	0.469477	1.436940	2.811350	0.469477	0.469477	1	0.362836	0.192424	0.388933	0.055807	
3050000	-306.342773	1	2276	0.468349	0.468349	0.468349	0.468349	2.213370	2.213370	0.000000	0.468349	1	0.468437	0.475476	0.055851	0.000236	
3051000	-302.168152	1	1807	0.368721	0.368721	0.368721	0.368721	1.024492	3.354034	0.368721	1.024492	1	0.341785	0.205596	0.357871	0.094747	
3052000	-301.906368	1	480	0.490857	0.490857	0.490857	0.490857	1.336197	3.232583	0.490857	1.336197	1	0.301806	0.255146	0.307548	0.135500	
3053000	-306.995390	1	115	0.456534	0.456534	0.456534	0.456534	1.824828	1.824828	0.000000	0.456534	1	0.474377	0.478588	0.046861	0.000175	
3054000	-302.756393	1	1788	0.475463	0.475463	0.475463	0.475463	1.471660	3.706873	0.000000	1.471660	1	0.471685	0.508533	0.019006	0.000776	
3055000	-301.166606	1	1850	0.395188	0.395188	0.395188	0.395188	1.266692	2.624060	0.395188	1.266692	1	0.277279	0.220228	0.345739	0.156754	
3056000	-306.268155	1	1672	0.437812	0.437812	0.437812	0.437812	2.216880	2.216880	0.437812	0.437812	1	0.234277	0.185817	0.482673	0.097233	
3057000	-307.923703	1	653	0.678409	0.678409	0.678409	0.678409	2.066428	2.066428	0.678409	0.678409	1	0.251665	0.284270	0.322853	0.141212	
3058000	-306.136716	1	125	0.499135	0.499135	0.499135	0.499135	2.366146	2.366146	0.000000	0.499135	1	0.460418	0.485887	0.053439	0.000255	
3059000	-305.360737	1	2820	0.601090	0.601090	0.601090	0.601090	2.155910	2.155910	0.000000	0.601090	1	0.439705	0.521371	0.038691	0.000233	
3060000	-305.999426	1	631	0.518011	0.518011	0.518011	0.518011	2.186186	2.186186	0.518011	0.518011	1	0.245281	0.224075	0.418246	0.112398	
3061000	-304.315244	1	360	0.951745	0.417552	0.417552	0.417552	0.951745	2.381957	0.000000	0.951745	1	0.646397	0.330706	0.022512	0.000385	
3062000	-305.645499	1	1789	0.837055	0.488374	0.837055	0.488374	0.837055	2.453037	0.488374	0.837055	1	0.353000	0.401610	0.166074	0.079316	
3063000	-305.546176	1	2724	0.590138	0.590138	0.590138	0.590138	2.351851	2.351851	0.000000	0.590138	1	0.440937	0.515565	0.043235	0.000263	
3064000	-305.861717	1	964	0.520117	0.520117	0.520117	0.520117	1.923587	1.923587	0.000000	0.520117	1	0.458626	0.501002	0.040186	0.000187	
3065000	-301.894467	1	713	0.494655	0.494655	0.494655	0.494655	1.342936	3.029553	0.494655	1.342936	1	0.296875	0.259849	0.301777	0.141498	
3066000	-306.579219	1	264	0.597311	0.597311	0.597311	0.597311	2.095341	2.095341	0.597311	0.597311	1	0.252099	0.258917	0.362209	0.126775	
3067000	-302.651021	1	794	0.453493	0.453493	0.453493	0.453493	1.341618	2.590446	0.000000	1.341618	1	0.470931	0.510911	0.017612	0.000546	
3068000	-302.364992	1	2855	0.691219	0.186834	0.691219	0.691219	1.962010	1.962010	0.186834	0.691219	1	0.359687	0.444418	0.143784	0.052111	
3069000	-305.711990	1	1387	0.667588	0.667588	0.667588	0.667588	2.138658	2.138658	0.000000	0.667588	1	0.426735	0.538025	0.034994	0.000246	
3070000	-305.374665	1	401	0.584046	0.584046	0.584046	0.584046	2.222507	2.222507	0.000000	0.584046	1	0.442899	0.515632	0.041228	0.000241	
3071000	-305.845467	1	2409	0.466810	0.466810	0.466810	0.466810	2.031226	2.031226	0.466810	0.466810	1	0.247948	0.211470	0.437388	0.103194	
3072000	-307.098264	1	876	0.529767	0.529767	0.529767	0.529767	2.526025	2.526025	0.529767	0.529767	1	0.232807	0.210774	0.442318	0.114100	
3073000	-302.878405	1	1208	0.534738	0.534738	0.534738	0.534738	1.329491	3.495426	0.534738	1.329491	1	0.315494	0.270121	0.289801	0.124584	
3074000	-301.041336	1	1170	0.415154	0.415154	0.415154	0.415154	1.338547	3.062416	0.415154	1.338547	1	0.279734	0.219164	0.349625	0.151477	
3075000	-305.321182	1	948	0.497856	0.497856	0.497856	0.497856	1.742936	3.292028	0.000000	0.497856	1	0.516571	0.423917	0.059209	0.000302	
3076000	-303.761549	1	1793	0.562146	0.562146	0.562146	0.562146	1.990292	1.990292	0.000000	1.027810	1	0.433397	0.537524	0.028618	0.000461	
3077000	-305.548654	1	1606	0.369391	0.369391	0.369391	0.369391	2.132225	2.132225	0.369391	2.132225	1	0.160552	0.157786	0.325210	0.356453	
3078000	-305.376259	1	2739	0.598223	0.598223	0.598223	0.598223	2.092301	2.092301	0.000000	0.598223	1	0.440605	0.521641	0.037533	0.000222	
3079000	-305.450387	1	2158	0.612293	0.612293	0.612293	0.612293	2.050056	2.050056	0.000000	0.612293	1	0.437903	0.526113	0.035768	0.000216	
3080000	-301.166606	1	1850	0.395188	0.395188	0.395188	0.395188	1.266692	2.624060	0.395188	1.266692	1	0.277279	0.220228	0.345739	0.156754	
3081000	-301.906368	1	480	0.490857	0.490857	0.490857	0.490857	1.336197	3.232583	0.490857	1.336197	1	0.301806	0.255146	0.307548	0.135500	
3082000	-305.819196	1	1395	0.490834	0.490834	0.490834	0.490834	1.960689	1.960689	0.490834	0.490834	1	0.254374	0.227872	0.410099	0.107655	
3083000	-306.341060	1	695	0.494205	0.494205	0.494205	0.494205	2.419419	2.419419	0.000000	0.494205	1	0.461128	0.483388	0.055221	0.000262	
3084000	-301.235193	1	1830	0.429827	0.429827	0.429827	0.429827	1.308978	2.741882	0.429827	1.308978	1	0.282534	0.234718	0.328880	0.153868	
3085000	-305.522571	1	753	0.626969	0.626969	0.626969	0.626969	2.290578	2.290578	0.000000	0.626969	1	0.433844	0.526121	0.039774	0.000262	
3086000	-305.943142	1	1568	0.486526	0.486526	0.486526	0.486526	1.860839	1.860839	0.486526	0.486526	1	0.259794	0.233958	0.399305	0.106943	
3087000	-302.364992	1	2855	0.691219	0.186834	0.691219	0.691219	1.962010	1.962010	0.186834	0.691219	1	0.359687	0.444418	0.143784	0.052111	
3088000	-303.267258	1	1017	1.161686	0.402186	0.402186	0.402186	1.161686	3.191476	0.000000	1.161686	1	0.674501	0.293846	0.030722	0.000931	
3089000	-305.976107	1	2723	0.602431	0.602431	0.602431	0.602431	2.517337	2.517337	0.000000	0.602431	1	0.437545	0.516993	0.045171	0.000291	
3090000	-302.039047	1	954	0.464484	0.464484	0.464484	0.464484	1.256501	2.429299	0.464484	1.256501	1	0.293189	0.263852	0.293757	0.149202	
3091000	-301.906368	1	480	0.490857	0.490857	0.490857	0.490857	1.336197	3.232583	0.490857	1.336197	1	0.301806	0.255146	0.307548	0.135500	
3092000	-305.722930	1	1974	0.509571	0.509571	0.509571	0.509571	2.144437	2.144437	0.000000	0.509571	1	0.459632	0.492955	0.047190	0.000223	
3093000	-305.841547	1	324	0.256955	0.256955	0.256955	0.256955	1.659291	1.659291	0.256955	1.659291	1	0.143250	0.111786	0.379115	0.365849	
3094000	-306.939301	1	856	0.379889	0.379889	0.379889	0.379889	1.921155	1.921155	0.379889	0.379889	1	0.238330	0.171075	0.503825	0.086769	
3095000	-302.168152	1	1807	0.368721	0.368721	0.368721	0.368721	1.024492	3.354034	0.368721	1.024492	1	0.341785	0.205596	0.357871	0.094747	
3096000	-305.818339	1	2420	0.504652	0.504652	0.504652	0.504652	2.014144	2.014144	0.504652	0.504652	1	0.252644	0.230014	0.407242	0.110100	
3097000	-305.805605	1	2695	0.534889	0.534889	0.534889	0.534889	1.905758	1.905758	0.000000	0.534889	1	0.455331	0.506370	0.038116	0.000183	
3098000	-305.385384	1	633	0.560439	0.560439	0.560439	0.560439	2.141127	2.141127	0.000000	0.560439	1	0.448367	0.509955	0.041453	0.000225	
3099000	-305.571902	1	582	0.565053	0.565053	0.565053	0.565053	2.343505	2.343505	0.000000	0.565053	1	0.446220	0.508406	0.045116	0.000257	
3100000	-301.166606	1	1850	0.395188	0.395188	0.395188	0.395188	1.266692	2.624060	0.395188	1.266692	1	0.277279	0.220228	0.345739	0.156754	
3101000	-306.705746	1	2577	0.546653	0.546653	0.546653	0.546653	1.685347	1.685347	0.000000	0.546653	1	0.453578	0.515518	0.030761	0.000144	
3102000	-301.894467	1	713	0.494655	0.494655	0.494655	0.494655	1.342936	3.029553	0.494655	1.342936	1	0.296875	0.259849	0.301777	0.141498	
3103000	-305.184704	1	2327	0.291117	0.291117	0.291117	0.291117	1.870397	1.870397	0.291117	1.870397	1	0.144549	0.122003	0.361932	0.371517	
3104000	-303.787618	1	2081	1.103753	0.361091	0.361091	0.361091	2.266283	2.266283	0.361091	1.103753	1	0.276445	0.116956	0.371868	0.234730	
3105000	-301.406520	1	2602	0.363923	0.363923	0.363923	0.363923	1.138637	3.214188	0.363923	1.138637	1	0.305633	0.199834	0.375144	0.119389	
3106000	-305.667154	1	2662	0.568818	0.568818	0.568818	0.568818	1.913205	1.913205	0.000000	0.568818	1	0.447701	0.516727	0.035385	0.000186	
3107000	-305.899470	1	2633	0.652628	0.652628	0.652628	0.652628	1.935016	1.935016	0.000000	0.652628	1	0.430322	0.538150	0.031326	0.000202	
3108000	-301.041336	1	1170	0.415154	0.415154	0.415154	0.415154	1.338547	3.062416	0.415154	1.338547	1	0.279734	0.219164	0.349625	0.151477	
3109000	-305.374665	1	401	0.584046	0.584046	0.584046	0.584046	2.222507	2.222507	0.000000	0.584046	1	0.442899	0.515632	0.041228	0.000241	
3110000	-301.406520	1	2602	0.363923	0.363923	0.363923	0.363923	1.138637	3.214188	0.363923	1.138637	1	0.305633	0.199834	0.375144	0.119389	
3111000	-304.972571	1	1171	0.293992	0.293992	0.293992	0.293992	1.708713	1.708713	0.293992	1.708713	1	0.159957	0.134739	0.356206	0.349098	
3112000	-305.959903	1	2278	0.522333	0.522333	0.522333	0.522333	1.881152	1.881152	0.000000	0.522333	1	0.458352	0.502725	0.038744	0.000179	
3113000	-306.358870	1	137	0.413267	0.413267	0.413267	0.413267	2.092838	2.092838	0.413267	0.413267	1	0.235921	0.179799	0.491466	0.092814	
3114000	-305.596573	1	991	0.532830	0.532830	0.532830	0.532830	2.016434	2.016434	0.000000	0.532830	1	0.455183	0.503387	0.041228	0.000203	
3115000	-305.851235	1	1809	0.345606	0.345606	0.345606	0.345606	2.185242	2.185242	0.345606	2.185242	1	0.148068	0.140653	0.337494	0.373786	
3116000	-306.110767	1	1955	0.544053	0.544053	0.544053	0.544053	1.898437	1.898437	0.544053	0.544053	1	0.260996	0.255378	0.366636	0.116989	
3117000	-305.910482	1	630	0.487567	0.487567	0.487567	0.487567	2.158349	2.158349	0.487567	0.487567	1	0.243889	0.212838	0.436464	0.106809	
3118000	-303.980977	1	2660	1.032231	0.434305	0.434305	0.434305	1.032231	2.331169	0.000000	1.032231	1	0.639397	0.337561	0.022583	0.000459	
3119000	-305.914527	1	2253	0.464337	0.464337	0.464337	0.464337	1.907149	1.907149	0.464337	0.464337	1	0.254687	0.219436	0.422921	0.102956	
3120000	-305.405773	1	983	0.557825	0.557825	0.557825	0.557825	2.188376	2.188376	0.000000	0.557825	1	0.448665	0.508398	0.042704	0.000232	
3121000	-302.816780	1	2531	0.676638	0.334925	0.676638	0.334925	2.243501	2.243501	0.334925	0.676638	1	0.199697	0.238259	0.409732	0.152312	
3122000	-306.864451	1	2263	0.617775	0.617775	0.617775	0.617775	2.091545	2.091545	0.617775	0.617775	1	0.252178	0.265591	0.351787	0.130445	
3123000	-301.041336	1	1170	0.415154	0.415154	0.415154	0.415154	1.338547	3.062416	0.415154	1.338547	1	0.279734	0.219164	0.349625	0.151477	
3124000	-305.722930	1	1974	0.509571	0.509571	0.509571	0.509571	2.144437	2.144437	0.000000	0.509571	1	0.459632	0.492955	0.047190	0.000223	
3125000	-305.765474	1	1361	0.581479	0.581479	0.581479	0.581479	2.443295	2.443295	0.000000	0.581479	1	0.442215	0.512013	0.045497	0.000275	
3126000	-310.175921	1	995	0.345603	0.345603	1.054969	0.345603	1.054969	1.054969	0.345603	1.054969	1	0.136058	0.540786	0.154619	0.168538	
3127000	-302.690510	1	218	0.540773	0.540773	0.540773	0.540773	1.595855	3.085038	0.000000	1.595855	1	0.444902	0.534719	0.019530	0.000850	
3128000	-302.246564	1	2910	0.510213	0.510213	0.510213	0.510213	1.243822	2.757366	0.510213	1.243822	1	0.310361	0.278635	0.279704	0.131300	
3129000	-305.554973	1	770	0.542034	0.542034	0.542034	0.542034	2.268571	2.268571	0.000000	0.542034	1	0.451617	0.502216	0.045924	0.000243	
3130000	-304.178289	1	1940	0.838338	0.580808	0.580808	0.580808	2.548078	2.548078	0.000000	0.838338	1	0.492738	0.457723	0.048904	0.000635	
3131000	-301.235193	1	1830	0.429827	0.429827	0.429827	0.429827	1.308978	2.741882	0.429827	1.308978	1	0.282534	0.234718	0.328880	0.153868	
3132000	-302.168152	1	1807	0.368721	0.368721	0.368721	0.368721	1.024492	3.354034	0.368721	1.024492	1	0.341785	0.205596	0.357871	0.094747	
3133000	-305.717493	1	1299	0.528574	0.528574	0.528574	0.528574	2.312095	2.312095	0.000000	0.528574	1	0.454287	0.497146	0.048318	0.000249	
3134000	-306.089273	1	2027	0.509916	0.509916	0.509916	0.509916	1.813510	1.813510	0.509916	0.509916	1	0.264413	0.248749	0.375866	0.110973	
3135000	-305.994195	1	2611	0.474328	0.474328	0.474328	0.474328	1.841450	1.841450	0.474328	0.474328	1	0.259822	0.229798	0.405571	0.104809	
3136000	-306.719768	1	1265	0.598921	0.598921	0.598921	0.598921	2.206678	2.206678	0.598921	0.598921	1	0.247376	0.251862	0.373533	0.127229	
3137000	-305.832200	1	57	0.502201	0.502201	0.502201	0.502201	2.048412	2.048412	0.000000	0.502201	1	0.461967	0.491966	0.045859	0.000208	
3138000	-305.862279	1	784	0.682006	0.682006	0.682006	0.682006	2.107151	2.107151	0.000000	0.682006	1	0.424194	0.541718	0.033844	0.000244	
3139000	-301.166606	1	1850	0.395188	0.395188	0.395188	0.395188	1.266692	2.624060	0.395188	1.266692	1	0.277279	0.220228	0.345739	0.156754	
3140000	-305.387383	1	1921	0.560169	0.560169	0.560169	0.560169	2.156271	2.156271	0.000000	0.560169	1	0.448341	0.509625	0.041806	0.000227	
3141000	-306.124288	1	2100	0.538569	0.538569	0.538569	0.538569	1.866963	1.866963	0.538569	0.538569	1	0.262579	0.255937	0.365504	0.115981	
3142000	-301.406520	1	2602	0.363923	0.363923	0.363923	0.363923	1.138637	3.214188	0.363923	1.138637	1	0.305633	0.199834	0.375144	0.119389	
3143000	-305.380878	1	663	0.605862	0.605862	0.605862	0.605862	2.111734	2.111734	0.000000	0.605862	1	0.438938	0.523366	0.037470	0.000226	
3144000	-306.449569	1	783	0.527068	0.527068	0.527068	0.527068	1.749362	1.749362	0.000000	0.527068	1	0.457900	0.507583	0.034362	0.000155	
3145000	-305.465441	1	2192	0.614930	0.614930	0.614930	0.614930	2.277645	2.277645	0.000000	0.614930	1	0.436295	0.523225	0.040223	0.000257	
3146000	-303.781811	1	1625	0.649850	0.649850	0.649850	0.649850	1.468267	2.804783	0.000000	1.468267	1	0.427283	0.555732	0.016425	0.000560	
3147000	-301.166606	1	1850	0.395188	0.395188	0.395188	0.395188	1.266692	2.624060	0.395188	1.266692	1	0.277279	0.220228	0.345739	0.156754	
3148000	-307.082961	1	541	0.471293	0.471293	0.471293	0.471293	1.744222	1.744222	0.000000	0.471293	1	0.471375	0.487250	0.041216	0.000158	
3149000	-304.263165	1	418	0.526296	0.526296	0.526296	0.262197	1.909040	1.909040	0.262197	0.526296	1	0.236972	0.198787	0.445586	0.118655	
3150000	-306.359016	1	1910	0.438262	0.438262	0.438262	0.438262	1.770238	1.770238	0.438262	0.438262	1	0.260009	0.217460	0.424019	0.098512	
3151000	-302.246564	1	2910	0.510213	0.510213	0.510213	0.510213	1.243822	2.757366	0.510213	1.243822	1	0.310361	0.278635	0.279704	0.131300	
3152000	-306.077069	1	124	0.432734	0.432734	0.432734	0.432734	1.979674	1.979674	0.432734	0.432734	1	0.245857	0.197685	0.459503	0.096955	
3153000	-308.242404	1	2855	0.691219	0.186834	0.691219	0.691219	1.962010	1.962010	0.186834	0.691219	0	0.359686	0.444415	0.143788	0.052111	
3154000	-305.390998	1	217	0.300246	0.300246	0.300246	0.300246	1.993970	1.993970	0.300246	1.993970	1	0.140147	0.121246	0.358533	0.380075	
3155000	-302.364992	1	2855	0.691219	0.186834	0.691219	0.691219	1.962010	1.962010	0.186834	0.691219	1	0.359687	0.444418	0.143784	0.052111	
3156000	-306.064775	1	2002	0.693344	0.693344	0.693344	0.693344	2.036379	2.036379	0.000000	0.693344	1	0.422387	0.545324	0.032056	0.000233	
3157000	-306.377011	1	395	0.624479	0.624479	0.624479	0.624479	2.619986	2.619986	0.000000	0.624479	1	0.432661	0.521671	0.045355	0.000314	
3158000	-304.963156	1	1852	0.320408	0.320408	0.320408	0.320408	1.935875	1.935875	0.320408	1.935875	1	0.153906	0.137631	0.346516	0.361947	
3159000	-302.878405	1	1208	0.534738	0.534738	0.534738	0.534738	1.329491	3.495426	0.534738	1.329491	1	0.315494	0.270121	0.289801	0.124584	
3160000	-305.823229	1	2092	0.546911	0.546911	0.546911	0.546911	2.417711	2.417711	0.000000	0.546911	1	0.449644	0.501878	0.048212	0.000266	
3161000	-302.816780	1	2531	0.676638	0.334925	0.676638	0.334925	2.243501	2.243501	0.334925	0.676638	1	0.199697	0.238259	0.409732	0.152312	
3162000	-306.156498	1	2361	0.700389	0.434654	0.434654	0.434654	2.227123	2.227123	0.000000	0.434654	1	0.555400	0.364014	0.080265	0.000321	
3163000	-305.575107	1	2107	0.562877	0.562877	0.562877	0.562877	1.954979	1.954979	0.000000	0.562877	1	0.448811	0.514102	0.036894	0.000193	
3164000	-301.235193	1	1830	0.429827	0.429827	0.429827	0.429827	1.308978	2.741882	0.429827	1.308978	1	0.282534	0.234718	0.328880	0.153868	
3165000	-305.629497	1	182	0.545788	0.545788	0.545788	0.545788	1.955771	1.955771	0.000000	0.545788	1	0.452602	0.508815	0.038390	0.000192	
3166000	-305.819621	1	54	0.487352	0.487352	0.487352	0.487352	1.959699	1.959699	0.487352	0.487352	1	0.254108	0.226354	0.412506	0.107032	
3167000	-306.062439	1	880	0.676486	0.676486	0.676486	0.676486	2.423943	2.423943	0.000000	0.676486	1	0.423860	0.536059	0.039780	0.000301	
3168000	-304.171284	1	1034	0.913047	0.389153	0.913047	0.389153	0.913047	2.744877	0.389153	0.913047	1	0.325040	0.398900	0.191256	0.084804	
3169000	-301.406520	1	2602	0.363923	0.363923	0.363923	0.363923	1.138637	3.214188	0.363923	1.138637	1	0.305633	0.199834	0.375144	0.119389	
3170000	-302.246564	1	2910	0.510213	0.510213	0.510213	0.510213	1.243822	2.757366	0.510213	1.243822	1	0.310361	0.278635	0.279704	0.131300	
3171000	-307.923703	1	653	0.678409	0.678409	0.678409	0.678409	2.066428	2.066428	0.678409	0.678409	1	0.251665	0.284270	0.322853	0.141212	
3172000	-306.010879	1	1681	0.543661	0.543661	0.543661	0.543661	2.008061	2.008061	0.543661	0.543661	1	0.255196	0.246417	0.381320	0.117067	
3173000	-306.409357	1	1493	0.422076	0.422076	0.422076	0.422076	2.200635	2.200635	0.422076	0.422076	1	0.232174	0.178548	0.495081	0.094196	
3174000	-301.406520	1	2602	0.363923	0.363923	0.363923	0.363923	1.138637	3.214188	0.363923	1.138637	1	0.305633	0.199834	0.375144	0.119389	
3175000	-301.406520	1	2602	0.363923	0.363923	0.363923	0.363923	1.138637	3.214188	0.363923	1.138637	1	0.305633	0.199834	0.375144	0.119389	
3176000	-305.848738	1	2071	0.506486	0.506486	0.506486	0.506486	2.259940	2.259940	0.000000	0.506486	1	0.459530	0.490032	0.050198	0.000241	
3177000	-306.604517	1	1291	0.396937	0.396937	0.396937	0.396937	2.072888	2.072888	0.396937	0.396937	1	0.233470	0.171740	0.505180	0.089610	
3178000	-304.180676	1	1520	0.308488	0.308488	0.552842	0.308488	1.826819	1.826819	0.308488	0.552842	1	0.159668	0.250427	0.453193	0.136712	
3179000	-302.690510	1	218	0.540773	0.540773	0.540773	0.540773	1.595855	3.085038	0.000000	1.595855	1	0.444902	0.534719	0.019530	0.000850	
3180000	-306.327222	1	1829	0.269230	0.269230	0.269230	0.269230	2.076821	2.076821	0.269230	2.076821	1	0.119277	0.097618	0.375537	0.407568	
3181000	-305.420332	1	584	0.609419	0.609419	0.609419	0.609419	2.247796	2.247796	0.000000	0.609419	1	0.437552	0.522204	0.039993	0.000251	
3182000	-305.822186	1	2041	0.502170	0.502170	0.502170	0.502170	1.979201	1.979201	0.502170	0.502170	1	0.254312	0.231531	0.404485	0.109673	
3183000	-301.894467	1	713	0.494655	0.494655	0.494655	0.494655	1.342936	3.029553	0.494655	1.342936	1	0.296875	0.259849	0.301777	0.141498	
3184000	-305.370538	1	1659	0.588966	0.588966	0.588966	0.588966	2.085312	2.085312	0.000000	0.588966	1	0.442571	0.519214	0.037997	0.000219	
3185000	-306.035483	1	12	0.524177	0.524177	0.524177	0.524177	2.192915	2.192915	0.524177	0.524177	1	0.245408	0.226138	0.414927	0.113527	
3186000	-302.274655	1	1207	0.486627	0.486627	0.486627	0.486627	1.088377	3.119393	0.486627	1.088377	1	0.349740	0.267752	0.282890	0.099618	
3187000	-301.041336	1	1170	0.415154	0.415154	0.415154	0.415154	1.338547	3.062416	0.415154	1.338547	1	0.279734	0.219164	0.349625	0.151477	
3188000	-302.651021	1	794	0.453493	0.453493	0.453493	0.453493	1.341618	2.590446	0.000000	1.341618	1	0.470931	0.510911	0.017612	0.000546	
3189000	-304.887277	1	2377	0.801860	0.268853	0.801860	0.268853	1.747344	1.747344	0.268853	1.747344	1	0.179046	0.265957	0.259186	0.295812	
3190000	-306.320323	1	1679	0.631264	0.631264	0.631264	0.631264	2.599640	2.599640	0.000000	0.631264	1	0.431456	0.523563	0.044667	0.000313	
3191000	-302.246564	1	2910	0.510213	0.510213	0.510213	0.510213	1.243822	2.757366	0.510213	1.243822	1	0.310361	0.278635	0.279704	0.131300	
3192000	-305.071006	1	486	0.341603	0.341603	0.341603	0.341603	2.011550	2.011550	0.341603	2.011550	1	0.157722	0.146976	0.336706	0.358597	
3193000	-303.757940	1	951	0.539229	0.401959	0.539229	0.539229	1.080185	3.131407	0.401959	0.539229	1	0.427826	0.281822	0.251785	0.038566	
3194000	-305.870002	1	2120	0.654002	0.654002	0.654002	0.654002	1.950348	1.950348	0.000000	0.654002	1	0.430007	0.538177	0.031610	0.000206	
3195000	-301.235193	1	1830	0.429827	0.429827	0.429827	0.429827	1.308978	2.741882	0.429827	1.308978	1	0.282534	0.234718	0.328880	0.153868	
3196000	-301.041336	1	1170	0.415154	0.415154	0.415154	0.415154	1.338547	3.062416	0.415154	1.338547	1	0.279734	0.219164	0.349625	0.151477	
3197000	-301.041336	1	1170	0.415154	0.415154	0.415154	0.415154	1.338547	3.062416	0.415154	1.338547	1	0.279734	0.219164	0.349625	0.151477	
3198000	-304.171284	1	1034	0.913047	0.389153	0.913047	0.389153	0.913047	2.744877	0.389153	0.913047	1	0.325040	0.398900	0.191256	0.084804	
3199000	-305.408027	1	2763	0.554003	0.554003	0.554003	0.554003	2.141779	2.141779	0.000000	0.554003	1	0.449762	0.507959	0.042054	0.000225	
3200000	-305.914527	1	2253	0.464337	0.464337	0.464337	0.464337	1.907149	1.907149	0.464337	0.464337	1	0.254687	0.219436	0.422921	0.102956	
3201000	-305.542321	1	1542	0.347768	0.347768	0.347768	0.347768	2.126395	2.126395	0.347768	2.126395	1	0.152552	0.144780	0.335631	0.367037	
3202000	-305.440692	1	305	0.592338	0.592338	0.592338	0.592338	2.022544	2.022544	0.000000	0.592338	1	0.442159	0.521265	0.036368	0.000208	
3203000	-307.696978	1	1888	0.612275	0.612275	0.612275	0.612275	1.661066	1.661066	0.612275	0.612275	1	0.274654	0.302918	0.295240	0.127188	
3204000	-304.175584	1	415	1.389681	0.548831	0.548831	0.548831	1.389681	2.811931	0.000000	1.389681	1	0.592155	0.378059	0.028641	0.001145	
3205000	-301.166606	1	1850	0.395188	0.395188	0.395188	0.395188	1.266692	2.624060	0.395188	1.266692	1	0.277279	0.220228	0.345739	0.156754	
3206000	-306.111195	1	2246	0.508937	0.508937	0.508937	0.508937	1.803895	1.803895	0.508937	0.508937	1	0.264950	0.249203	0.375054	0.110793	
3207000	-304.222023	1	1587	0.469477	0.469477	0.469477	0.469477	1.436940	2.811350	0.469477	0.469477	1	0.362836	0.192424	0.388933	0.055807	
3208000	-301.406520	1	2602	0.363923	0.363923	0.363923	0.363923	1.138637	3.214188	0.363923	1.138637	1	0.305633	0.199834	0.375144	0.119389	
3209000	-301.235193	1	1830	0.429827	0.429827	0.429827	0.429827	1.308978	2.741882	0.429827	1.308978	1	0.282534	0.234718	0.328880	0.153868	
3210000	-301.041336	1	1170	0.415154	0.415154	0.415154	0.415154	1.338547	3.062416	0.415154	1.338547	1	0.279734	0.219164	0.349625	0.151477	
3211000	-301.906368	1	480	0.490857	0.490857	0.490857	0.490857	1.336197	3.232583	0.490857	1.336197	1	0.301806	0.255146	0.307548	0.135500	
3212000	-306.316517	1	1981	0.627952	0.627952	0.627952	0.627952	1.778444	1.778444	0.000000	0.627952	1	0.435665	0.535499	0.028668	0.000168	
3213000	-306.314038	1	2111	0.669992	0.669992	0.669992	0.669992	1.854614	1.854614	0.000000	0.669992	1	0.427232	0.543673	0.028904	0.000190	
3214000	-304.171284	1	1034	0.913047	0.389153	0.913047	0.389153	0.913047	2.744877	0.389153	0.913047	1	0.325040	0.398900	0.191256	0.084804	
3215000	-305.571902	1	582	0.565053	0.565053	0.565053	0.565053	2.343505	2.343505	0.000000	0.565053	1	0.446220	0.508406	0.045116	0.000257	
3216000	-302.274655	1	1207	0.486627	0.486627	0.486627	0.486627	1.088377	3.119393	0.486627	1.088377	1	0.349740	0.267752	0.282890	0.099618	
3217000	-306.085484	1	2418	0.497163	0.497163	0.497163	0.497163	2.331452	2.331452	0.000000	0.497163	1	0.461102	0.485564	0.053083	0.000251	
3218000	-301.166606	1	1850	0.395188	0.395188	0.395188	0.395188	1.266692	2.624060	0.395188	1.266692	1	0.277279	0.220228	0.345739	0.156754	
3219000	-302.878405	1	1208	0.534738	0.534738	0.534738	0.534738	1.329491	3.495426	0.534738	1.329491	1	0.315494	0.270121	0.289801	0.124584	
3220000	-302.168152	1	1807	0.368721	0.368721	0.368721	0.368721	1.024492	3.354034	0.368721	1.024492	1	0.341785	0.205596	0.357871	0.094747	
3221000	-303.130959	1	2121	0.815390	0.219691	0.815390	0.219691	2.016339	2.016339	0.219691	0.815390	1	0.167232	0.235307	0.398935	0.198525	
3222000	-305.693023	1	608	0.514902	0.514902	0.514902	0.514902	2.195831	2.195831	0.000000	0.514902	1	0.458085	0.494047	0.047637	0.000231	
3223000	-301.406520	1	2602	0.363923	0.363923	0.363923	0.363923	1.138637	3.214188	0.363923	1.138637	1	0.305633	0.199834	0.375144	0.119389	
3224000	-305.715348	1	350	0.532975	0.532975	0.532975	0.532975	2.329491	2.329491	0.000000	0.532975	1	0.453212	0.498404	0.048133	0.000252	
3225000	-302.583368	1	720	0.530245	0.530245	0.530245	0.530245	1.468851	2.759729	0.000000	1.468851	1	0.449493	0.531970	0.017895	0.000643	
3226000	-301.041336	1	1170	0.415154	0.415154	0.415154	0.415154	1.338547	3.062416	0.415154	1.338547	1	0.279734	0.219164	0.349625	0.151477	
3227000	-307.152898	1	1412	0.519062	0.519062	0.519062	0.519062	2.546188	2.546188	0.519062	0.519062	1	0.231268	0.205838	0.450879	0.112015	
3228000	-306.191382	1	1262	0.684589	0.684589	0.684589	0.684589	2.449795	2.449795	0.000000	0.684589	1	0.422283	0.537518	0.039890	0.000309	
3229000	-305.450005	1	2590	0.548219	0.548219	0.548219	0.548219	2.081451	2.081451	0.000000	0.548219	1	0.451374	0.507175	0.041237	0.000214	
3230000	-306.097416	1	2697	0.641086	0.641086	0.641086	0.641086	2.522820	2.522820	0.000000	0.641086	1	0.429966	0.526762	0.042968	0.000305	
3231000	-304.085912	1	92	0.486825	0.486825	0.486825	0.486825	0.836872	2.691512	0.486825	0.836872	1	0.410859	0.282596	0.236836	0.069709	
3232000	-305.453068	1	1298	0.567510	0.567510	0.567510	0.567510	2.274447	2.274447	0.000000	0.567510	1	0.446097	0.510068	0.043588	0.000247	
3233000	-305.901390	1	330	0.254565	0.254565	0.254565	0.254565	1.672579	1.672579	0.254565	1.672579	1	0.140534	0.109149	0.381012	0.369305	
3234000	-301.166606	1	1850	0.395188	0.395188	0.395188	0.395188	1.266692	2.624060	0.395188	1.266692	1	0.277279	0.220228	0.345739	0.156754	
3235000	-306.821112	1	2924	0.747279	0.747279	0.747279	0.747279	2.410542	2.410542	0.000000	0.747279	1	0.411762	0.550555	0.037353	0.000330	
3236000	-305.639033	1	717	0.357538	0.357538	0.357538	0.357538	2.150171	2.150171	0.357538	2.150171	1	0.154918	0.149635	0.331229	0.364219	
3237000	-306.816337	1	2134	0.503243	0.503243	0.503243	0.503243	1.624210	1.624210	0.503243	0.503243	1	0.276724	0.265028	0.348831	0.109418	
3238000	-305.199393	1	199	0.282537	0.282537	0.282537	0.282537	1.768549	1.768549	0.282537	1.768549	1	0.148306	0.122482	0.365086	0.364126	
3239000	-303.130959	1	2121	0.815390	0.219691	0.815390	0.219691	2.016339	2.016339	0.219691	0.815390	1	0.167232	0.235307	0.398935	0.198525	
3240000	-304.592209	1	2381	0.525695	0.190437	0.525695	0.190437	1.477998	1.477998	0.190437	1.477998	1	0.163312	0.188475	0.323872	0.324342	
3241000	-303.432812	1	220	1.083750	0.296794	0.296794	0.296794	1.083750	2.849540	0.296794	1.083750	1	0.441158	0.121078	0.323530	0.114234	
3242000	-306.341815	1	2595	0.551651	0.551651	0.551651	0.551651	1.747857	1.747857	0.000000	0.551651	1	0.452215	0.515413	0.032216	0.000155	
3243000	-305.580591	1	239	0.624004	0.624004	0.624004	0.624004	2.338122	2.338122	0.000000	0.624004	1	0.434192	0.524737	0.040801	0.000269	
3244000	-306.050002	1	1196	0.490911	0.490911	0.490911	0.490911	2.234876	2.234876	0.490911	0.490911	1	0.240720	0.209794	0.442188	0.107297	
3245000	-305.398227	1	487	0.273860	0.273860	0.273860	0.273860	1.782766	1.782766	0.273860	1.782766	1	0.142270	0.115546	0.370765	0.371418	
3246000	-302.583368	1	720	0.530245	0.530245	0.530245	0.530245	1.468851	2.759729	0.000000	1.468851	1	0.449493	0.531970	0.017895	0.000643	
3247000	-306.114578	1	2352	0.484182	0.484182	0.484182	0.484182	1.788325	1.788325	0.484182	0.484182	1	0.264138	0.239304	0.390022	0.106536	
3248000	-306.564616	1	1698	0.480652	0.480652	0.480652	0.480652	2.426144	2.426144	0.000000	0.480652	1	0.464062	0.477934	0.057741	0.000264	
3249000	-305.059306	1	1314	0.288945	0.288945	0.288945	0.288945	1.713812	1.713812	0.288945	1.713812	1	0.156743	0.130785	0.359589	0.352883	
3250000	-305.389658	1	609	0.566425	0.566425	0.566425	0.566425	2.081685	2.081685	0.000000	0.566425	1	0.447395	0.512772	0.039618	0.000216	
3251000	-302.039047	1	954	0.464484	0.464484	0.464484	0.464484	1.256501	2.429299	0.464484	1.256501	1	0.293189	0.263852	0.293757	0.149202	
3252000	-301.041336	1	1170	0.415154	0.415154	0.415154	0.415154	1.338547	3.062416	0.415154	1.338547	1	0.279734	0.219164	0.349625	0.151477	
3253000	-305.578729	1	2104	0.525496	0.525496	0.525496	0.525496	2.153667	2.153667	0.000000	0.525496	1	0.455989	0.498438	0.045348	0.000225	
3254000	-301.166606	1	1850	0.395188	0.395188	0.395188	0.395188	1.266692	2.624060	0.395188	1.266692	1	0.277279	0.220228	0.345739	0.156754	
3255000	-301.235193	1	1830	0.429827	0.429827	0.429827	0.429827	1.308978	2.741882	0.429827	1.308978	1	0.282534	0.234718	0.328880	0.153868	
3256000	-301.894467	1	713	0.494655	0.494655	0.494655	0.494655	1.342936	3.029553	0.494655	1.342936	1	0.296875	0.259849	0.301777	0.141498	
3257000	-306.319049	1	1530	0.471146	0.471146	0.471146	0.471146	1.730623	1.730623	0.471146	0.471146	1	0.266792	0.238450	0.390469	0.104289	
3258000	-304.996365	1	2903	0.312322	0.312322	0.312322	0.312322	1.917979	1.917979	0.312322	1.917979	1	0.151461	0.133357	0.350657	0.364525	
3259000	-305.030469	1	326	0.290825	0.290825	0.290825	0.290825	1.744743	1.744743	0.290825	1.744743	1	0.154919	0.129895	0.359305	0.355881	
3260000	-302.756393	1	1788	0.475463	0.475463	0.475463	0.475463	1.471660	3.706873	0.000000	1.471660	1	0.471685	0.508533	0.019006	0.000776	
3261000	-302.583368	1	720	0.530245	0.530245	0.530245	0.530245	1.468851	2.759729	0.000000	1.468851	1	0.449493	0.531970	0.017895	0.000643	
3262000	-302.168152	1	1807	0.368721	0.368721	0.368721	0.368721	1.024492	3.354034	0.368721	1.024492	1	0.341785	0.205596	0.357871	0.094747	
3263000	-305.435060	1	2349	0.558423	0.558423	0.558423	0.558423	2.051786	2.051786	0.000000	0.558423	1	0.449295	0.510888	0.039608	0.000210	
3264000	-303.607284	1	392	1.143398	0.330596	0.330596	0.330596	1.143398	2.397077	0.330596	1.143398	1	0.428830	0.142071	0.293718	0.135381	
3265000	-302.690510	1	218	0.540773	0.540773	0.540773	0.540773	1.595855	3.085038	0.000000	1.595855	1	0.444902	0.534719	0.019530	0.000850	
3266000	-306.627153	1	842	0.399565	0.399565	0.399565	0.399565	1.863972	1.863972	0.399565	0.399565	1	0.246639	0.187304	0.475073	0.090985	
3267000	-302.711536	1	1537	0.532609	0.532609	0.532609	0.532609	1.373915	3.553725	0.000000	1.373915	1	0.463425	0.519326	0.016679	0.000571	
3268000	-306.771818	1	136	0.518804	0.518804	0.518804	0.518804	1.699979	1.699979	0.000000	0.518804	1	0.460068	0.506167	0.033618	0.000146	
3269000	-305.802894	1	1095	0.488746	0.488746	0.488746	0.488746	2.032212	2.032212	0.488746	0.488746	1	0.250311	0.221668	0.420813	0.107209	
3270000	-305.939988	1	103	0.571253	0.571253	0.571253	0.571253	1.829812	1.829812	0.000000	0.571253	1	0.447515	0.519263	0.033051	0.000171	
3271000	-304.246001	1	2600	0.628335	0.628335	0.628335	0.628335	1.150820	2.539657	0.000000	1.150820	1	0.444617	0.542363	0.012754	0.000266	
3272000	-302.274655	1	1207	0.486627	0.486627	0.486627	0.486627	1.088377	3.119393	0.486627	1.088377	1	0.349740	0.267752	0.282890	0.099618	
3273000	-301.041336	1	1170	0.415154	0.415154	0.415154	0.415154	1.338547	3.062416	0.415154	1.338547	1	0.279734	0.219164	0.349625	0.151477	
3274000	-305.323999	1	203	0.327923	0.327923	0.327923	0.327923	2.055014	2.055014	0.327923	2.055014	1	0.148843	0.135913	0.344602	0.370642	
3275000	-305.811555	1	1294	0.501956	0.501956	0.501956	0.501956	2.159718	2.159718	0.000000	0.501956	1	0.461249	0.489882	0.048643	0.000226	
3276000	-304.262262	1	2985	1.047909	0.480818	0.480818	0.480818	1.047909	2.488200	0.480818	1.047909	1	0.441108	0.236280	0.224216	0.098396	
3277000	-304.246001	1	2600	0.628335	0.628335	0.628335	0.628335	1.150820	2.539657	0.000000	1.150820	1	0.444617	0.542363	0.012754	0.000266	
3278000	-301.041336	1	1170	0.415154	0.415154	0.415154	0.415154	1.338547	3.062416	0.415154	1.338547	1	0.279734	0.219164	0.349625	0.151477	
3279000	-302.714298	1	1853	0.504365	0.504365	0.504365	0.504365	1.460455	2.596222	0.000000	1.460455	1	0.453700	0.527530	0.018131	0.000640	
3280000	-303.655024	1	610	0.657230	0.288111	0.657230	0.657230	2.416063	2.416063	0.288111	0.657230	1	0.311275	0.375378	0.236448	0.076899	
3281000	-306.242930	1	2818	0.450910	0.450910	0.450910	0.450910	1.778906	1.778906	0.450910	0.450910	1	0.261175	0.223477	0.414603	0.100745	
3282000	-304.145977	1	1115	0.659580	0.659580	0.659580	0.659580	1.251899	2.707241	0.000000	1.251899	1	0.435777	0.550253	0.013631	0.000339	
3283000	-301.235193	1	1830	0.429827	0.429827	0.429827	0.429827	1.308978	2.741882	0.429827	1.308978	1	0.282534	0.234718	0.328880	0.153868	
3284000	-304.468664	1	1538	0.388354	0.388354	0.388354	0.388354	1.169640	2.190080	0.000000	1.169640	1	0.490890	0.492373	0.016353	0.000383	
3285000	-302.246564	1	2910	0.510213	0.510213	0.510213	0.510213	1.243822	2.757366	0.510213	1.243822	1	0.310361	0.278635	0.279704	0.131300	
3286000	-302.690510	1	218	0.540773	0.540773	0.540773	0.540773	1.595855	3.085038	0.000000	1.595855	1	0.444902	0.534719	0.019530	0.000850	
3287000	-306.359016	1	1910	0.438262	0.438262	0.438262	0.438262	1.770238	1.770238	0.438262	0.438262	1	0.260009	0.217460	0.424019	0.098512	
3288000	-307.156552	1	2058	0.381691	0.381691	0.381691	0.381691	2.220255	2.220255	0.381691	0.381691	1	0.222087	0.155224	0.536818	0.085871	
3289000	-301.906368	1	480	0.490857	0.490857	0.490857	0.490857	1.336197	3.232583	0.490857	1.336197	1	0.301806	0.255146	0.307548	0.135500	
3290000	-305.645750	1	465	0.270904	0.270904	0.270904	0.270904	1.890158	1.890158	0.270904	1.890158	1	0.132268	0.107352	0.373981	0.386399	
3291000	-303.787618	1	2081	1.103753	0.361091	0.361091	0.361091	2.266283	2.266283	0.361091	1.103753	1	0.276445	0.116956	0.371868	0.234730	
3292000	-301.406520	1	2602	0.363923	0.363923	0.363923	0.363923	1.138637	3.214188	0.363923	1.138637	1	0.305633	0.199834	0.375144	0.119389	
3293000	-306.110767	1	1955	0.544053	0.544053	0.544053	0.544053	1.898437	1.898437	0.544053	0.544053	1	0.260996	0.255378	0.366636	0.116989	
3294000	-305.278699	1	1225	0.282484	0.282484	0.282484	0.282484	1.834346	1.834346	0.282484	1.834346	1	0.142816	0.118302	0.366424	0.372458	
3295000	-306.948366	1	1604	0.225796	0.225796	0.225796	0.225796	1.692922	1.692922	0.225796	1.692922	1	0.120317	0.087577	0.400240	0.391867	
3296000	-306.039739	1	2953	0.383094	0.383094	0.950073	0.383094	1.681895	1.681895	0.383094	1.681895	1	0.128400	0.398005	0.224202	0.249393	
3297000	-305.981737	1	990	0.523460	0.523460	0.523460	0.523460	1.895171	1.895171	0.523460	0.523460	1	0.260335	0.247356	0.378904	0.113406	
3298000	-305.577625	1	211	0.266509	0.266509	0.266509	0.266509	1.659469	1.659469	0.266509	1.659469	1	0.149052	0.118678	0.372697	0.359573	
3299000	-305.599662	1	2084	0.575430	0.575430	0.575430	0.575430	2.370461	2.370461	0.000000	0.575430	1	0.443883	0.511138	0.044716	0.000263	
3300000	-305.522364	1	159	0.532782	0.532782	0.532782	0.532782	2.140355	2.140355	0.000000	0.532782	1	0.454447	0.501131	0.044199	0.000223	
3301000	-305.899410	1	853	0.505582	0.505582	0.505582	0.505582	1.903270	1.903270	0.505582	0.505582	1	0.258798	0.239036	0.391880	0.110286	
3302000	-306.019315	1	2790	0.476094	0.476094	0.476094	0.476094	2.209154	2.209154	0.476094	0.476094	1	0.240221	0.204653	0.450560	0.104567	
3303000	-305.501957	1	2011	0.541971	0.541971	0.541971	0.541971	2.053364	2.053364	0.000000	0.541971	1	0.452920	0.505684	0.041187	0.000209	
3304000	-301.406520	1	2602	0.363923	0.363923	0.363923	0.363923	1.138637	3.214188	0.363923	1.138637	1	0.305633	0.199834	0.375144	0.119389	
3305000	-301.166606	1	1850	0.395188	0.395188	0.395188	0.395188	1.266692	2.624060	0.395188	1.266692	1	0.277279	0.220228	0.345739	0.156754	
3306000	-306.132672	1	2972	0.546074	0.546074	0.546074	0.546074	2.173515	2.173515	0.546074	0.546074	1	0.247482	0.235801	0.399164	0.117553	
3307000	-305.804384	1	2552	0.488413	0.488413	0.488413	0.488413	1.993220	1.993220	0.488413	0.488413	1	0.252362	0.224326	0.416121	0.107191	
3308000	-307.347786	1	1353	0.377459	0.377459	0.377459	0.377459	1.745184	1.745184	0.377459	0.377459	1	0.249807	0.183125	0.479892	0.087176	
3309000	-306.479479	1	1820	0.344598	0.344598	0.344598	0.344598	2.292345	2.292345	0.344598	2.292345	1	0.141635	0.135492	0.339020	0.383853	
3310000	-301.906368	1	480	0.490857	0.490857	0.490857	0.490857	1.336197	3.232583	0.490857	1.336197	1	0.301806	0.255146	0.307548	0.135500	
3311000	-302.246564	1	2910	0.510213	0.510213	0.510213	0.510213	1.243822	2.757366	0.510213	1.243822	1	0.310361	0.278635	0.279704	0.131300	
3312000	-305.933117	1	449	0.451695	0.451695	0.451695	0.451695	2.056986	2.056986	0.451695	0.451695	1	0.244532	0.202293	0.452850	0.100324	
3313000	-306.528286	1	146	0.399286	0.399286	0.399286	0.399286	1.989738	1.989738	0.399286	0.399286	1	0.238739	0.178232	0.492616	0.090414	
3314000	-301.235193	1	1830	0.429827	0.429827	0.429827	0.429827	1.308978	2.741882	0.429827	1.308978	1	0.282534	0.234718	0.328880	0.153868	
3315000	-301.235193	1	1830	0.429827	0.429827	0.429827	0.429827	1.308978	2.741882	0.429827	1.308978	1	0.282534	0.234718	0.328880	0.153868	
3316000	-304.222023	1	1587	0.469477	0.469477	0.469477	0.469477	1.436940	2.811350	0.469477	0.469477	1	0.362836	0.192424	0.388933	0.055807	
3317000	-303.655024	1	610	0.657230	0.288111	0.657230	0.657230	2.416063	2.416063	0.288111	0.657230	1	0.311275	0.375378	0.236448	0.076899	
3318000	-306.161230	1	1949	0.425345	0.425345	0.425345	0.425345	2.037124	2.037124	0.425345	0.425345	1	0.241296	0.189841	0.473498	0.095365	
3319000	-306.466351	1	312	0.445324	0.445324	0.445324	0.445324	2.317748	2.317748	0.445324	0.445324	1	0.230967	0.184407	0.486222	0.098403	
3320000	-305.740826	1	302	0.514694	0.514694	0.514694	0.514694	2.014198	2.014198	0.000000	0.514694	1	0.459323	0.497192	0.043282	0.000202	
3321000	-306.132672	1	2972	0.546074	0.546074	0.546074	0.546074	2.173515	2.173515	0.546074	0.546074	1	0.247482	0.235801	0.399164	0.117553	
3322000	-302.756393	1	1788	0.475463	0.475463	0.475463	0.475463	1.471660	3.706873	0.000000	1.471660	1	0.471685	0.508533	0.019006	0.000776	
3323000	-306.315087	1	862	0.495348	0.495348	0.495348	0.495348	1.729737	1.729737	0.495348	0.495348	1	0.268871	0.250189	0.372556	0.108384	
3324000	-301.894467	1	713	0.494655	0.494655	0.494655	0.494655	1.342936	3.029553	0.494655	1.342936	1	0.296875	0.259849	0.301777	0.141498	
3325000	-305.492203	1	1926	0.622707	0.622707	0.622707	0.622707	2.278899	2.278899	0.000000	0.622707	1	0.434741	0.525205	0.039795	0.000259	
3326000	-305.504297	1	2905	0.349399	0.349399	0.349399	0.349399	2.119525	2.119525	0.349399	2.119525	1	0.153646	0.146133	0.334717	0.365504	
3327000	-305.871340	1	485	0.255192	0.255192	0.255192	0.255192	1.690095	1.690095	0.255192	1.690095	1	0.139326	0.108420	0.380949	0.371304	
3328000	-305.362856	1	977	0.572083	0.572083	0.572083	0.572083	2.176011	2.176011	0.000000	0.572083	1	0.445674	0.512883	0.041210	0.000232	
3329000	-301.166606	1	1850	0.395188	0.395188	0.395188	0.395188	1.266692	2.624060	0.395188	1.266692	1	0.277279	0.220228	0.345739	0.156754	
3330000	-301.235193	1	1830	0.429827	0.429827	0.429827	0.429827	1.308978	2.741882	0.429827	1.308978	1	0.282534	0.234718	0.328880	0.153868	
3331000	-301.166606	1	1850	0.395188	0.395188	0.395188	0.395188	1.266692	2.624060	0.395188	1.266692	1	0.277279	0.220228	0.345739	0.156754	
3332000	-305.845480	1	134	0.473062	0.473062	0.473062	0.473062	2.075674	2.075674	0.473062	0.473062	1	0.246365	0.211455	0.437914	0.104266	
3333000	-305.758002	1	2215	0.653165	0.653165	0.653165	0.653165	2.356478	2.356478	0.000000	0.653165	1	0.428486	0.531599	0.039634	0.000281	
3334000	-305.868916	1	2351	0.478333	0.478333	0.478333	0.478333	2.116227	2.116227	0.478333	0.478333	1	0.244926	0.211284	0.438621	0.105168	
3335000	-301.041336	1	1170	0.415154	0.415154	0.415154	0.415154	1.338547	3.062416	0.415154	1.338547	1	0.279734	0.219164	0.349625	0.151477	
3336000	-302.690510	1	218	0.540773	0.540773	0.540773	0.540773	1.595855	3.085038	0.000000	1.595855	1	0.444902	0.534719	0.019530	0.000850	
3337000	-301.906368	1	480	0.490857	0.490857	0.490857	0.490857	1.336197	3.232583	0.490857	1.336197	1	0.301806	0.255146	0.307548	0.135500	
3338000	-305.321182	1	948	0.497856	0.497856	0.497856	0.497856	1.742936	3.292028	0.000000	0.497856	1	0.516571	0.423917	0.059209	0.000302	
3339000	-302.714298	1	1853	0.504365	0.504365	0.504365	0.504365	1.460455	2.596222	0.000000	1.460455	1	0.453700	0.527530	0.018131	0.000640	
3340000	-302.168152	1	1807	0.368721	0.368721	0.368721	0.368721	1.024492	3.354034	0.368721	1.024492	1	0.341785	0.205596	0.357871	0.094747	
3341000	-305.952387	1	397	0.535166	0.535166	0.535166	0.535166	2.049176	2.049176	0.535166	0.535166	1	0.252774	0.240071	0.391582	0.115573	
3342000	-305.743204	1	958	0.552898	0.552898	0.552898	0.552898	1.898906	1.898906	0.000000	0.552898	1	0.451293	0.512244	0.036280	0.000183	
3343000	-305.693023	1	608	0.514902	0.514902	0.514902	0.514902	2.195831	2.195831	0.000000	0.514902	1	0.458085	0.494047	0.047637	0.000231	
3344000	-306.066750	1	1364	0.690523	0.690523	0.690523	0.690523	2.361206	2.361206	0.000000	0.690523	1	0.421618	0.539882	0.038205	0.000295	
3345000	-302.756393	1	1788	0.475463	0.475463	0.475463	0.475463	1.471660	3.706873	0.000000	1.471660	1	0.471685	0.508533	0.019006	0.000776	
3346000	-305.366824	1	2163	0.604220	0.604220	0.604220	0.604220	2.158623	2.158623	0.000000	0.604220	1	0.439050	0.522168	0.038548	0.000234	
3347000	-306.187461	1	1466	0.596452	0.596452	0.596452	0.596452	1.777746	1.777746	0.000000	0.596452	1	0.442229	0.527458	0.030150	0.000164	
3348000	-306.047219	1	2182	0.667060	0.667060	0.667060	0.667060	2.448853	2.448853	0.000000	0.667060	1	0.425466	0.533659	0.040573	0.000302	
3349000	-305.342297	1	1222	0.360635	0.360635	0.360635	0.360635	2.088707	2.088707	0.360635	2.088707	1	0.160087	0.154691	0.328619	0.356603	
3350000	-301.406520	1	2602	0.363923	0.363923	0.363923	0.363923	1.138637	3.214188	0.363923	1.138637	1	0.305633	0.199834	0.375144	0.119389	
3351000	-305.216485	1	687	0.215715	0.215715	0.767108	0.215715	2.234903	2.234903	0.215715	0.767108	1	0.077913	0.239736	0.485915	0.196436	
3352000	-306.298005	1	1337	0.257251	0.257251	0.257251	0.257251	1.481439	1.481439	0.257251	1.481439	1	0.162410	0.126364	0.372655	0.338570	
3353000	-306.268895	1	845	0.424408	0.424408	0.424408	0.424408	2.138342	2.138342	0.424408	0.424408	1	0.235727	0.183201	0.486215	0.094857	
3354000	-304.468664	1	1538	0.388354	0.388354	0.388354	0.388354	1.169640	2.190080	0.000000	1.169640	1	0.490890	0.492373	0.016353	0.000383	
3355000	-303.636402	1	1381	1.260122	0.343224	0.343224	0.343224	1.260122	2.775584	0.343224	1.260122	1	0.414889	0.137143	0.303258	0.144710	
3356000	-305.958682	1	2267	0.644244	0.644244	0.644244	0.644244	2.469826	2.469826	0.000000	0.644244	1	0.429628	0.528112	0.041964	0.000297	
3357000	-305.771808	1	1483	0.525293	0.525293	0.525293	0.525293	2.326626	2.326626	0.000000	0.525293	1	0.454913	0.495833	0.049004	0.000251	
3358000	-303.757940	1	951	0.539229	0.401959	0.539229	0.539229	1.080185	3.131407	0.401959	0.539229	1	0.427826	0.281822	0.251785	0.038566	
3359000	-303.008353	1	2475	0.431085	0.431085	0.431085	0.431085	1.683310	3.192151	0.000000	1.683310	1	0.466935	0.508256	0.023568	0.001242	
3360000	-305.864268	1	1078	0.674165	0.260608	0.674165	0.260608	0.674165	3.231926	0.260608	0.674165	1	0.414549	0.298308	0.239853	0.047290	
3361000	-305.742787	1	579	0.513384	0.513384	0.513384	0.513384	2.022495	2.022495	0.000000	0.513384	1	0.459571	0.496561	0.043665	0.000204	
3362000	-306.150211	1	2286	0.474932	0.474932	0.474932	0.474932	1.779268	1.779268	0.474932	0.474932	1	0.263879	0.235673	0.395509	0.104940	
3363000	-302.583368	1	720	0.530245	0.530245	0.530245	0.530245	1.468851	2.759729	0.000000	1.468851	1	0.449493	0.531970	0.017895	0.000643	
3364000	-306.173488	1	356	0.429531	0.429531	0.429531	0.429531	2.111154	2.111154	0.429531	0.429531	1	0.238073	0.187497	0.478488	0.095942	
3365000	-301.041336	1	1170	0.415154	0.415154	0.415154	0.415154	1.338547	3.062416	0.415154	1.338547	1	0.279734	0.219164	0.349625	0.151477	
3366000	-305.966388	1	2948	0.530910	0.530910	0.530910	0.530910	1.940551	1.940551	0.530910	0.530910	1	0.258184	0.246665	0.380396	0.114754	
3367000	-305.510164	1	2288	0.588316	0.588316	0.588316	0.588316	1.979001	1.979001	0.000000	0.588316	1	0.443204	0.520972	0.035623	0.000200	
3368000	-306.156079	1	114	0.562413	0.562413	0.562413	0.562413	1.781203	1.781203	0.000000	0.562413	1	0.449661	0.517818	0.032359	0.000162	
3369000	-301.406520	1	2602	0.363923	0.363923	0.363923	0.363923	1.138637	3.214188	0.363923	1.138637	1	0.305633	0.199834	0.375144	0.119389	
3370000	-306.194312	1	277	0.474262	0.474262	0.474262	0.474262	2.145576	2.145576	0.000000	0.474262	1	0.467646	0.479103	0.053026	0.000226	
3371000	-305.083339	1	1821	0.304771	0.304771	0.304771	0.304771	1.915633	1.915633	0.304771	1.915633	1	0.147982	0.128489	0.354871	0.368659	
3372000	-306.531327	1	838	0.462743	0.462743	0.462743	0.462743	1.953789	1.953789	0.000000	0.462743	1	0.471852	0.478000	0.049951	0.000197	
3373000	-305.472063	1	45	0.633165	0.633165	0.633165	0.633165	2.166968	2.166968	0.000000	0.633165	1	0.433207	0.529468	0.037083	0.000242	
3374000	-305.589260	1	2180	0.528361	0.528361	0.528361	0.528361	2.050788	2.050788	0.000000	0.528361	1	0.455987	0.501228	0.042577	0.000208	
3375000	-306.725811	1	310	0.535847	0.535847	0.535847	0.535847	1.689611	1.689611	0.000000	0.535847	1	0.456078	0.512032	0.031746	0.000144	
3376000	-301.894467	1	713	0.494655	0.494655	0.494655	0.494655	1.342936	3.029553	0.494655	1.342936	1	0.296875	0.259849	0.301777	0.141498	
3377000	-305.987939	1	1665	0.499688	0.499688	0.499688	0.499688	2.203408	2.203408	0.499688	0.499688	1	0.242995	0.215407	0.432611	0.108987	
3378000	-306.529460	1	669	0.463976	0.463976	0.463976	0.463976	2.376055	2.376055	0.463976	0.463976	1	0.231385	0.190425	0.476333	0.101858	
3379000	-303.494624	1	1332	0.559094	0.559094	0.559094	0.559094	1.225396	2.493144	0.559094	1.225396	1	0.312109	0.306682	0.249441	0.131768	
3380000	-305.369740	1	1511	0.598699	0.598699	0.598699	0.598699	2.104617	2.104617	0.000000	0.598699	1	0.440447	0.521562	0.037767	0.000224	
3381000	-305.812257	1	2802	0.501273	0.501273	0.501273	0.501273	2.124877	2.124877	0.000000	0.501273	1	0.461649	0.490215	0.047915	0.000220	
3382000	-305.822218	1	1351	0.671285	0.671285	0.671285	0.671285	2.311321	2.311321	0.000000	0.671285	1	0.425318	0.536338	0.038065	0.000279	
3383000	-302.651021	1	794	0.453493	0.453493	0.453493	0.453493	1.341618	2.590446	0.000000	1.341618	1	0.470931	0.510911	0.017612	0.000546	
3384000	-306.041437	1	2151	0.457231	0.457231	0.457231	0.457231	2.178210	2.178210	0.457231	0.457231	1	0.239187	0.197568	0.462173	0.101072	
3385000	-305.535288	1	1008	0.573087	0.573087	0.573087	0.573087	1.966452	1.966452	0.000000	0.573087	1	0.446528	0.516888	0.036388	0.000196	
3386000	-305.477265	1	2499	0.585315	0.585315	0.585315	0.585315	2.311293	2.311293	0.000000	0.585315	1	0.442154	0.514741	0.042849	0.000256	
3387000	-305.689939	1	520	0.645970	0.645970	0.645970	0.645970	2.006100	2.006100	0.000000	0.645970	1	0.431367	0.535265	0.033153	0.000215	
3388000	-304.994976	1	215	0.292720	0.292720	0.292720	0.292720	1.703338	1.703338	0.292720	1.703338	1	0.159783	0.134238	0.356842	0.349137	
3389000	-305.389070	1	2730	0.581470	0.581470	0.581470	0.581470	2.061085	2.061085	0.000000	0.581470	1	0.444274	0.517525	0.037988	0.000214	
3390000	-301.406520	1	2602	0.363923	0.363923	0.363923	0.363923	1.138637	3.214188	0.363923	1.138637	1	0.305633	0.199834	0.375144	0.119389	
3391000	-301.406520	1	2602	0.363923	0.363923	0.363923	0.363923	1.138637	3.214188	0.363923	1.138637	1	0.305633	0.199834	0.375144	0.119389	
3392000	-306.458832	1	2428	0.568165	0.568165	0.568165	0.568165	1.720075	1.720075	0.000000	0.568165	1	0.448580	0.521004	0.030265	0.000151	
3393000	-305.878100	1	1365	0.506794	0.506794	0.506794	0.506794	1.974139	1.974139	0.000000	0.506794	1	0.461400	0.495169	0.043235	0.000196	
3394000	-305.275905	1	430	0.280738	0.280738	0.280738	0.280738	1.634880	1.634880	0.280738	1.634880	1	0.159854	0.130902	0.362328	0.346915	
3395000	-303.607284	1	392	1.143398	0.330596	0.330596	0.330596	1.143398	2.397077	0.330596	1.143398	1	0.428830	0.142071	0.293718	0.135381	
3396000	-306.639434	1	236	0.486982	0.486982	0.486982	0.486982	1.792439	1.792439	0.000000	0.486982	1	0.467244	0.492112	0.040479	0.000165	
3397000	-302.168152	1	1807	0.368721	0.368721	0.368721	0.368721	1.024492	3.354034	0.368721	1.024492	1	0.341785	0.205596	0.357871	0.094747	
3398000	-301.166606	1	1850	0.395188	0.395188	0.395188	0.395188	1.266692	2.624060	0.395188	1.266692	1	0.277279	0.220228	0.345739	0.156754	
3399000	-306.384597	1	603	0.729626	0.729626	0.729626	0.729626	2.233132	2.233132	0.000000	0.729626	1	0.415370	0.549569	0.034776	0.000285	
3400000	-302.274655	1	1207	0.486627	0.486627	0.486627	0.486627	1.088377	3.119393	0.486627	1.088377	1	0.349740	0.267752	0.282890	0.099618	
3401000	-302.274655	1	1207	0.486627	0.486627	0.486627	0.486627	1.088377	3.119393	0.486627	1.088377	1	0.349740	0.267752	0.282890	0.099618	
3402000	-301.235193	1	1830	0.429827	0.429827	0.429827	0.429827	1.308978	2.741882	0.429827	1.308978	1	0.282534	0.234718	0.328880	0.153868	
3403000	-301.235193	1	1830	0.429827	0.429827	0.429827	0.429827	1.308978	2.741882	0.429827	1.308978	1	0.282534	0.234718	0.328880	0.153868	
3404000	-304.468664	1	1538	0.388354	0.388354	0.388354	0.388354	1.169640	2.190080	0.000000	1.169640	1	0.490890	0.492373	0.016353	0.000383	
3405000	-301.041336	1	1170	0.415154	0.415154	0.415154	0.415154	1.338547	3.062416	0.415154	1.338547	1	0.279734	0.219164	0.349625	0.151477	
3406000	-304.145977	1	1115	0.659580	0.659580	0.659580	0.659580	1.251899	2.707241	0.000000	1.251899	1	0.435777	0.550253	0.013631	0.000339	
3407000	-306.768223	1	1762	0.409566	0.409566	0.409566	0.409566	1.743479	1.743479	0.409566	0.409566	1	0.257031	0.203432	0.446176	0.093361	
3408000	-305.584528	1	64	0.338317	0.338317	0.338317	0.338317	2.126994	2.126994	0.338317	2.126994	1	0.148637	0.138872	0.340332	0.372158	
3409000	-305.766423	1	479	0.279141	0.279141	0.279141	0.279141	1.993531	1.993531	0.279141	1.993531	1	0.129544	0.107577	0.370077	0.392802	
3410000	-306.816337	1	2134	0.503243	0.503243	0.503243	0.503243	1.624210	1.624210	0.503243	0.503243	1	0.276724	0.265028	0.348831	0.109418	
3411000	-305.324516	1	2331	0.405481	0.405481	0.405481	0.405481	1.164858	1.936151	0.000000	1.164858	1	0.483272	0.501703	0.014703	0.000322	
3412000	-305.357462	1	265	0.572566	0.572566	0.572566	0.572566	2.137980	2.137980	0.000000	0.572566	1	0.445776	0.513635	0.040363	0.000226	
3413000	-305.680095	1	754	0.664402	0.664402	0.664402	0.664402	2.157536	2.157536	0.000000	0.664402	1	0.427255	0.537009	0.035488	0.000248	
3414000	-305.802894	1	1095	0.488746	0.488746	0.488746	0.488746	2.032212	2.032212	0.488746	0.488746	1	0.250311	0.221668	0.420813	0.107209	
3415000	-306.698412	1	2146	0.390516	0.390516	0.390516	0.390516	1.953694	1.953694	0.390516	0.390516	1	0.238898	0.175400	0.496906	0.088797	
3416000	-301.166606	1	1850	0.395188	0.395188	0.395188	0.395188	1.266692	2.624060	0.395188	1.266692	1	0.277279	0.220228	0.345739	0.156754	
3417000	-302.039047	1	954	0.464484	0.464484	0.464484	0.464484	1.256501	2.429299	0.464484	1.256501	1	0.293189	0.263852	0.293757	0.149202	
3418000	-301.166606	1	1850	0.395188	0.395188	0.395188	0.395188	1.266692	2.624060	0.395188	1.266692	1	0.277279	0.220228	0.345739	0.156754	
3419000	-305.579733	1	453	0.588815	0.588815	0.588815	0.588815	1.946904	1.946904	0.000000	0.588815	1	0.443238	0.521740	0.034828	0.000194	
3420000	-305.489281	1	207	0.318817	0.318817	0.318817	0.318817	2.075292	2.075292	0.318817	2.075292	1	0.143463	0.129107	0.349603	0.377827	
3421000	-305.351921	1	2131	0.577704	0.577704	0.577704	0.577704	2.132018	2.132018	0.000000	0.577704	1	0.444714	0.515230	0.039831	0.000225	
3422000	-305.535288	1	1008	0.573087	0.573087	0.573087	0.573087	1.966452	1.966452	0.000000	0.573087	1	0.446528	0.516888	0.036388	0.000196	
3423000	-305.369740	1	1511	0.598699	0.598699	0.598699	0.598699	2.104617	2.104617	0.000000	0.598699	1	0.440447	0.521562	0.037767	0.000224	
3424000	-307.516059	1	2057	0.619735	0.619735	0.619735	0.619735	1.726387	1.726387	0.619735	0.619735	1	0.270520	0.298234	0.302277	0.128970	
3425000	-310.285459	1	2514	0.645740	0.645740	0.645740	0.645740	0.645740	2.977352	0.000000	0.645740	1	0.585980	0.403785	0.010172	0.000063	
3426000	-301.041336	1	1170	0.415154	0.415154	0.415154	0.415154	1.338547	3.062416	0.415154	1.338547	1	0.279734	0.219164	0.349625	0.151477	
3427000	-302.039047	1	954	0.464484	0.464484	0.464484	0.464484	1.256501	2.429299	0.464484	1.256501	1	0.293189	0.263852	0.293757	0.149202	
3428000	-305.556739	1	1719	0.620992	0.620992	0.620992	0.620992	2.001191	2.001191	0.000000	0.620992	1	0.436341	0.529228	0.034222	0.000209	
3429000	-304.888835	1	1218	0.318449	0.318449	0.318449	0.318449	1.901398	1.901398	0.318449	1.901398	1	0.155639	0.138417	0.346860	0.359084	
3430000	-306.608815	1	1929	0.523935	0.523935	0.523935	0.523935	2.597490	2.597490	0.000000	0.523935	1	0.453457	0.492457	0.053799	0.000286	
3431000	-302.274655	1	1207	0.486627	0.486627	0.486627	0.486627	1.088377	3.119393	0.486627	1.088377	1	0.349740	0.267752	0.282890	0.099618	
3432000	-302.816780	1	2531	0.676638	0.334925	0.676638	0.334925	2.243501	2.243501	0.334925	0.676638	1	0.199697	0.238259	0.409732	0.152312	
3433000	-306.320323	1	1679	0.631264	0.631264	0.631264	0.631264	2.599640	2.599640	0.000000	0.631264	1	0.431456	0.523563	0.044667	0.000313	
3434000	-302.274655	1	1207	0.486627	0.486627	0.486627	0.486627	1.088377	3.119393	0.486627	1.088377	1	0.349740	0.267752	0.282890	0.099618	
3435000	-302.690510	1	218	0.540773	0.540773	0.540773	0.540773	1.595855	3.085038	0.000000	1.595855	1	0.444902	0.534719	0.019530	0.000850	
3436000	-305.429771	1	1553	0.572757	0.572757	0.572757	0.572757	2.029944	2.029944	0.000000	0.572757	1	0.446293	0.515576	0.037924	0.000207	
3437000	-305.236116	1	473	0.345847	0.345847	0.345847	0.345847	2.057415	2.057415	0.345847	2.057415	1	0.156299	0.147136	0.335422	0.361143	
3438000	-301.235193	1	1830	0.429827	0.429827	0.429827	0.429827	1.308978	2.741882	0.429827	1.308978	1	0.282534	0.234718	0.328880	0.153868	
3439000	-304.765559	1	481	0.314558	0.314558	0.314558	0.314558	1.818650	1.818650	0.314558	1.818650	1	0.160547	0.141164	0.346985	0.351304	
3440000	-301.235193	1	1830	0.429827	0.429827	0.429827	0.429827	1.308978	2.741882	0.429827	1.308978	1	0.282534	0.234718	0.328880	0.153868	
3441000	-306.095248	1	2224	0.442637	0.442637	0.442637	0.442637	2.147411	2.147411	0.442637	0.442637	1	0.238465	0.192134	0.471035	0.098365	
3442000	-305.523619	1	2964	0.532572	0.532572	0.532572	0.532572	2.127623	2.127623	0.000000	0.532572	1	0.454573	0.501275	0.043932	0.000221	
3443000	-304.852966	1	2330	0.331394	0.331394	0.331394	0.331394	1.927805	1.927805	0.331394	1.927805	1	0.159502	0.145321	0.340293	0.354884	
3444000	-302.039047	1	954	0.464484	0.464484	0.464484	0.464484	1.256501	2.429299	0.464484	1.256501	1	0.293189	0.263852	0.293757	0.149202	
3445000	-306.004614	1	1155	0.451927	0.451927	0.451927	0.451927	1.885641	1.885641	0.451927	0.451927	1	0.254407	0.214862	0.429983	0.100747	
3446000	-302.274655	1	1207	0.486627	0.486627	0.486627	0.486627	1.088377	3.119393	0.486627	1.088377	1	0.349740	0.267752	0.282890	0.099618	
3447000	-301.166606	1	1850	0.395188	0.395188	0.395188	0.395188	1.266692	2.624060	0.395188	1.266692	1	0.277279	0.220228	0.345739	0.156754	
3448000	-302.274655	1	1207	0.486627	0.486627	0.486627	0.486627	1.088377	3.119393	0.486627	1.088377	1	0.349740	0.267752	0.282890	0.099618	
3449000	-306.169344	1	782	0.434944	0.434944	0.434944	0.434944	2.149402	2.149402	0.434944	0.434944	1	0.237074	0.188088	0.477963	0.096876	
3450000	-301.894467	1	713	0.494655	0.494655	0.494655	0.494655	1.342936	3.029553	0.494655	1.342936	1	0.296875	0.259849	0.301777	0.141498	
3451000	-302.756393	1	1788	0.475463	0.475463	0.475463	0.475463	1.471660	3.706873	0.000000	1.471660	1	0.471685	0.508533	0.019006	0.000776	
3452000	-306.388436	1	2907	0.244516	0.244516	0.244516	0.244516	1.574604	1.574604	0.244516	1.574604	1	0.143618	0.108836	0.385589	0.361956	
3453000	-306.099733	1	755	0.480761	0.480761	0.480761	0.480761	1.794275	1.794275	0.480761	0.480761	1	0.263448	0.237118	0.393487	0.105946	
3454000	-306.437167	1	1691	0.466210	0.466210	0.466210	0.466210	1.972672	1.972672	0.000000	0.466210	1	0.470887	0.479078	0.049835	0.000199	
3455000	-301.406520	1	2602	0.363923	0.363923	0.363923	0.363923	1.138637	3.214188	0.363923	1.138637	1	0.305633	0.199834	0.375144	0.119389	
3456000	-305.446083	1	882	0.586489	0.586489	0.586489	0.586489	2.015360	2.015360	0.000000	0.586489	1	0.443427	0.519774	0.036593	0.000206	
3457000	-305.838167	1	2231	0.570470	0.570470	0.570470	0.570470	2.460517	2.460517	0.000000	0.570470	1	0.444403	0.508620	0.046701	0.000276	
3458000	-305.953182	1	1924	0.535407	0.535407	0.535407	0.535407	2.010454	2.010454	0.535407	0.535407	1	0.254725	0.243017	0.386657	0.115601	
3459000	-306.265558	1	198	0.242990	0.242990	0.242990	0.242990	1.740046	1.740046	0.242990	1.740046	1	0.127494	0.096753	0.389557	0.386195	
3460000	-306.960459	1	7	0.623499	0.623499	0.623499	0.623499	2.109271	2.109271	0.623499	0.623499	1	0.251346	0.266027	0.351107	0.131520	
3461000	-306.145557	1	2593	0.694409	0.694409	0.694409	0.694409	1.998839	1.998839	0.000000	0.694409	1	0.422316	0.546203	0.031255	0.000225	
3462000	-302.274655	1	1207	0.486627	0.486627	0.486627	0.486627	1.088377	3.119393	0.486627	1.088377	1	0.349740	0.267752	0.282890	0.099618	
3463000	-306.451421	1	2244	0.539642	0.539642	0.539642	0.539642	1.735388	1.735388	0.000000	0.539642	1	0.455023	0.512010	0.032814	0.000153	
3464000	-301.041336	1	1170	0.415154	0.415154	0.415154	0.415154	1.338547	3.062416	0.415154	1.338547	1	0.279734	0.219164	0.349625	0.151477	
3465000	-306.322740	1	375	0.531780	0.531780	0.531780	0.531780	2.306452	2.306452	0.531780	0.531780	1	0.241094	0.222480	0.421606	0.114821	
3466000	-301.235193	1	1830	0.429827	0.429827	0.429827	0.429827	1.308978	2.741882	0.429827	1.308978	1	0.282534	0.234718	0.328880	0.153868	
3467000	-302.039047	1	954	0.464484	0.464484	0.464484	0.464484	1.256501	2.429299	0.464484	1.256501	1	0.293189	0.263852	0.293757	0.149202	
3468000	-306.781190	1	2223	0.681219	0.681219	0.681219	0.681219	1.775248	1.775248	0.000000	0.681219	1	0.425296	0.547771	0.026757	0.000176	
3469000	-307.006418	1	1806	0.225016	0.225016	0.225016	0.225016	1.786287	1.786287	0.225016	1.786287	1	0.112644	0.082121	0.400814	0.404421	
3470000	-305.775878	1	157	0.511349	0.511349	0.511349	0.511349	2.244500	2.244500	0.000000	0.511349	1	0.458550	0.492034	0.049177	0.000238	
3471000	-301.041336	1	1170	0.415154	0.415154	0.415154	0.415154	1.338547	3.062416	0.415154	1.338547	1	0.279734	0.219164	0.349625	0.151477	
3472000	-306.381722	1	463	0.320964	0.320964	0.320964	0.320964	2.250856	2.250856	0.320964	2.250856	1	0.134092	0.122778	0.349935	0.393196	
3473000	-305.978752	1	2094	0.446295	0.446295	0.446295	0.446295	1.943356	1.943356	0.446295	0.446295	1	0.250125	0.207475	0.442809	0.099590	
3474000	-308.379497	1	913	0.370484	0.370484	1.016375	0.370484	1.016375	3.600675	0.000000	1.016375	1	0.237569	0.752154	0.010083	0.000195	
3475000	-306.150269	1	299	0.679045	0.679045	0.679045	0.679045	2.452519	2.452519	0.000000	0.679045	1	0.423267	0.536280	0.040146	0.000307	
3476000	-305.812893	1	585	0.480427	0.480427	0.480427	0.480427	2.043372	2.043372	0.480427	0.480427	1	0.248876	0.217076	0.428372	0.105676	
3477000	-304.246001	1	2600	0.628335	0.628335	0.628335	0.628335	1.150820	2.539657	0.000000	1.150820	1	0.444617	0.542363	0.012754	0.000266	
3478000	-305.440692	1	305	0.592338	0.592338	0.592338	0.592338	2.022544	2.022544	0.000000	0.592338	1	0.442159	0.521265	0.036368	0.000208	
3479000	-301.235193	1	1830	0.429827	0.429827	0.429827	0.429827	1.308978	2.741882	0.429827	1.308978	1	0.282534	0.234718	0.328880	0.153868	
3480000	-302.816780	1	2531	0.676638	0.334925	0.676638	0.334925	2.243501	2.243501	0.334925	0.676638	1	0.199697	0.238259	0.409732	0.152312	
3481000	-305.655496	1	1173	0.263441	0.263441	0.263441	0.263441	1.780118	1.780118	0.263441	1.780118	1	0.136530	0.108509	0.377187	0.377775	
3482000	-305.927499	1	2207	0.493964	0.493964	0.493964	0.493964	2.052345	2.052345	0.000000	0.493964	1	0.463835	0.488760	0.047195	0.000209	
3483000	-306.415206	1	1850	0.395188	0.395188	0.395188	0.395188	1.266692	2.624060	0.395188	1.266692	0	0.277303	0.220200	0.345755	0.156742	
3484000	-305.370713	1	2871	0.605993	0.605993	0.605993	0.605993	2.158642	2.158642	0.000000	0.605993	1	0.438688	0.522640	0.038438	0.000235	
3485000	-305.758002	1	2215	0.653165	0.653165	0.653165	0.653165	2.356478	2.356478	0.000000	0.653165	1	0.428486	0.531599	0.039634	0.000281	
3486000	-305.712898	1	1661	0.571454	0.571454	0.571454	0.571454	2.415208	2.415208	0.000000	0.571454	1	0.444458	0.509430	0.045842	0.000269	
3487000	-301.235193	1	1830	0.429827	0.429827	0.429827	0.429827	1.308978	2.741882	0.429827	1.308978	1	0.282534	0.234718	0.328880	0.153868	
3488000	-302.168152	1	1807	0.368721	0.368721	0.368721	0.368721	1.024492	3.354034	0.368721	1.024492	1	0.341785	0.205596	0.357871	0.094747	
3489000	-305.275905	1	430	0.280738	0.280738	0.280738	0.280738	1.634880	1.634880	0.280738	1.634880	1	0.159854	0.130902	0.362328	0.346915	
3490000	-305.845500	1	1505	0.501154	0.501154	0.501154	0.501154	2.046729	2.046729	0.000000	0.501154	1	0.462219	0.491607	0.045967	0.000208	
3491000	-306.112887	1	2145	0.621970	0.621970	0.621970	0.621970	2.549059	2.549059	0.000000	0.621970	1	0.433514	0.521754	0.044430	0.000302	
3492000	-301.406520	1	2602	0.363923	0.363923	0.363923	0.363923	1.138637	3.214188	0.363923	1.138637	1	0.305633	0.199834	0.375144	0.119389	
3493000	-306.934703	1	1647	0.492384	0.492384	0.492384	0.492384	2.582681	2.582681	0.000000	0.492384	1	0.460387	0.481125	0.058206	0.000282	
3494000	-305.824818	1	1824	0.262597	0.262597	0.262597	0.262597	1.875351	1.875351	0.262597	1.875351	1	0.128723	0.102598	0.378705	0.389975	
3495000	-303.130959	1	2121	0.815390	0.219691	0.815390	0.219691	2.016339	2.016339	0.219691	0.815390	1	0.167232	0.235307	0.398935	0.198525	
3496000	-302.039047	1	954	0.464484	0.464484	0.464484	0.464484	1.256501	2.429299	0.464484	1.256501	1	0.293189	0.263852	0.293757	0.149202	
3497000	-302.039047	1	954	0.464484	0.464484	0.464484	0.464484	1.256501	2.429299	0.464484	1.256501	1	0.293189	0.263852	0.293757	0.149202	
3498000	-302.816780	1	2531	0.676638	0.334925	0.676638	0.334925	2.243501	2.243501	0.334925	0.676638	1	0.199697	0.238259	0.409732	0.152312	
3499000	-301.894467	1	713	0.494655	0.494655	0.494655	0.494655	1.342936	3.029553	0.494655	1.342936	1	0.296875	0.259849	0.301777	0.141498	
3500000	-301.041336	1	1170	0.415154	0.415154	0.415154	0.415154	1.338547	3.062416	0.415154	1.338547	1	0.279734	0.219164	0.349625	0.151477	
