Options:
Model:                           Discrete: Dependent
Tree File Name:                  BirdTreeCleaned.tre
Data File Name:                  DataCleaned.txt
Log File Name:                   birds_nest_coparent_depRJ_KNOWN.Log.txt
Save Initial Trees:              False
Save Trees:                      False
Summary:                         False
Seed:                            2077959526
Precision:                       64 bits
Cores:                           1
Analysis Type:                   MCMC
Sample Period:                   1000
Iterations:                      3500000
Burn in:                         500000
MCMC ML Start:                   False
Use RJ MCMC:                     True
Zero Rates:                      Yes
Schedule File:                   birds_nest_coparent_depRJ_KNOWN.Schedule.txt
Rate Dev:                        AutoTune
No of Rates:                     8
Base frequency (PI's):           None
Pis used in ancestral state estimation:      Yes
Character Symbols:               00,01,10,11
Using a covarion model:          False
Normalise Q Matrix:              False
Save Model:                      birds_nest_coparent_depRJ_KNOWN.bin
Scale Tree:                      0.010244
Restrictions:
    q12                          RJ MCMC
    q13                          RJ MCMC
    q21                          RJ MCMC
    q24                          RJ MCMC
    q31                          RJ MCMC
    q34                          RJ MCMC
    q42                          RJ MCMC
    q43                          RJ MCMC
Prior Information:
    Prior Categories:            100
    Priors
        RJRates - Hyper Prior exp (0.00,2.00) 
Tree Information
     Trees:                      1
     Taxa:                       399
     Sites:                      1
     States:                     4
Iteration	Lh	Tree No	No Off Parmeters	No Off Zero	Model string	Dep / InDep	q12	q13	q21	q24	q31	q34	q42	q43	Root - P(0,0)	Root - P(0,1)	Root - P(1,0)	Root - P(1,1)	RJRates - Mean	
501000	-306.104244	1	2	0	'1 1 1 1 0 0 1 1 	D	0.517189	0.517189	0.517189	0.517189	2.242065	2.242065	0.517189	0.517189	0.242760	0.220400	0.424657	0.112184	1.851927	
502000	-306.201085	1	2	0	'1 1 1 1 0 0 1 1 	D	0.421872	0.421872	0.421872	0.421872	1.967552	1.967552	0.421872	0.421872	0.244644	0.192605	0.467829	0.094922	1.395866	
503000	-305.379494	1	2	1	'1 1 1 1 0 0 Z 1 	D	0.573774	0.573774	0.573774	0.573774	2.078812	2.078812	0.000000	0.573774	0.445828	0.514992	0.038964	0.000216	0.736400	
504000	-307.029384	1	2	0	'1 1 1 1 0 0 1 1 	D	0.381396	0.381396	0.381396	0.381396	1.833900	1.833900	0.381396	0.381396	0.244452	0.178382	0.489658	0.087507	0.983291	
505000	-307.000946	1	2	0	'1 1 1 1 0 0 1 1 	D	0.416167	0.416167	0.416167	0.416167	2.377205	2.377205	0.416167	0.416167	0.222960	0.167068	0.517530	0.092441	1.259542	
506000	-306.388521	1	2	1	'1 1 1 1 0 0 Z 1 	D	0.506125	0.506125	0.506125	0.506125	1.800272	1.800272	0.000000	0.506125	0.462605	0.499036	0.038195	0.000165	1.574899	
507000	-306.280968	1	2	0	'1 1 1 1 0 0 1 1 	D	0.438666	0.438666	0.438666	0.438666	2.226249	2.226249	0.438666	0.438666	0.233982	0.185750	0.482897	0.097372	0.722239	
508000	-306.960459	1	2	0	'1 1 1 1 0 0 1 1 	D	0.623499	0.623499	0.623499	0.623499	2.109271	2.109271	0.623499	0.623499	0.251346	0.266027	0.351107	0.131520	1.064524	
509000	-307.464923	1	2	0	'0 0 0 0 1 1 0 0 	D	0.654150	0.654150	0.654150	0.654150	2.037054	2.037054	0.654150	0.654150	0.253781	0.280169	0.329293	0.136757	0.667783	
510000	-307.103281	1	2	0	'0 0 0 0 1 1 0 0 	D	0.447820	0.447820	0.447820	0.447820	1.587362	1.587362	0.447820	0.447820	0.274960	0.241483	0.383230	0.100327	1.134681	
511000	-305.962063	1	2	0	'0 0 0 0 1 1 0 0 	D	0.501754	0.501754	0.501754	0.501754	2.187797	2.187797	0.501754	0.501754	0.243894	0.217222	0.429491	0.109394	0.554756	
512000	-307.053508	1	2	1	'1 1 1 1 0 0 Z 1 	D	0.437284	0.437284	0.437284	0.437284	2.259580	2.259580	0.000000	0.437284	0.474857	0.460296	0.064599	0.000248	1.411341	
513000	-306.035483	1	2	0	'1 1 1 1 0 0 1 1 	D	0.524177	0.524177	0.524177	0.524177	2.192915	2.192915	0.524177	0.524177	0.245408	0.226138	0.414927	0.113527	1.228894	
514000	-305.733327	1	2	1	'1 1 1 1 0 0 Z 1 	D	0.544624	0.544624	0.544624	0.544624	2.375538	2.375538	0.000000	0.544624	0.450395	0.501648	0.047698	0.000259	1.656030	
515000	-306.285618	1	2	0	'1 1 1 1 0 0 1 1 	D	0.570694	0.570694	0.570694	0.570694	2.119541	2.119541	0.570694	0.570694	0.250704	0.248280	0.379007	0.122009	1.776037	
516000	-304.849127	1	3	0	'1 1 1 1 2 0 1 1 	D	0.438871	0.438871	0.438871	0.438871	1.089418	2.474141	0.438871	0.438871	0.425091	0.184475	0.347591	0.042843	0.763833	
517000	-310.682812	1	2	0	'0 0 1 0 1 1 0 1 	D	0.424410	0.424410	1.054427	0.424410	1.054427	1.054427	0.424410	1.054427	0.161188	0.542048	0.136993	0.159772	1.215455	
518000	-305.670588	1	2	1	'0 0 0 0 1 1 Z 0 	D	0.651534	0.651534	0.651534	0.651534	2.305625	2.305625	0.000000	0.651534	0.429031	0.531886	0.038812	0.000271	0.932280	
519000	-309.895018	1	2	1	'0 1 1 1 0 0 Z 0 	D	1.517667	0.385817	0.385817	0.385817	1.517667	1.517667	0.000000	1.517667	0.668815	0.282077	0.046776	0.002333	1.639001	
520000	-310.443184	1	2	0	'0 1 1 1 0 0 1 0 	D	1.717838	0.338828	0.338828	0.338828	1.717838	1.717838	0.338828	1.717838	0.306327	0.107650	0.266192	0.319831	1.741590	
521000	-305.525268	1	2	1	'1 1 1 1 0 0 Z 1 	D	0.619152	0.619152	0.619152	0.619152	2.313406	2.313406	0.000000	0.619152	0.435275	0.523827	0.040634	0.000264	1.561508	
522000	-306.028643	1	2	1	'1 1 1 1 0 0 Z 1 	D	0.654280	0.654280	0.654280	0.654280	1.895984	1.895984	0.000000	0.654280	0.430124	0.539293	0.030389	0.000195	1.610503	
523000	-306.196203	1	2	1	'1 1 1 1 0 0 Z 1 	D	0.604390	0.604390	0.604390	0.604390	2.580860	2.580860	0.000000	0.604390	0.436813	0.516860	0.046026	0.000301	1.535961	
524000	-310.849878	1	2	1	'1 1 1 1 0 0 Z 1 	D	0.944740	0.944740	0.944740	0.944740	2.037963	2.037963	0.000000	0.944740	0.385578	0.585530	0.028546	0.000346	1.506141	
525000	-306.472452	1	2	1	'1 1 1 1 0 0 Z 1 	D	0.464068	0.464068	0.464068	0.464068	2.254243	2.254243	0.000000	0.464068	0.469060	0.472999	0.057698	0.000243	1.432462	
526000	-305.812801	1	2	0	'1 1 1 1 0 0 1 1 	D	0.501217	0.501217	0.501217	0.501217	2.035221	2.035221	0.501217	0.501217	0.251271	0.227001	0.412261	0.109467	1.115560	
527000	-305.963104	1	2	0	'1 1 1 1 0 0 1 1 	D	0.474520	0.474520	0.474520	0.474520	1.856819	1.856819	0.474520	0.474520	0.258886	0.228574	0.407709	0.104831	1.276734	
528000	-308.446581	1	2	1	'1 1 1 1 0 0 Z 1 	D	0.410524	0.410524	0.410524	0.410524	1.737250	1.737250	0.000000	0.410524	0.486190	0.458525	0.055114	0.000171	1.031698	
529000	-306.139118	1	2	0	'1 1 1 1 0 0 1 1 	D	0.548461	0.548461	0.548461	0.548461	1.903157	1.903157	0.548461	0.548461	0.260869	0.256684	0.364683	0.117764	1.171362	
530000	-305.857052	1	2	0	'1 1 1 1 0 0 1 1 	D	0.516683	0.516683	0.516683	0.516683	2.004380	2.004380	0.516683	0.516683	0.254007	0.235859	0.397874	0.112260	1.242736	
531000	-306.816787	1	2	1	'1 1 1 1 0 0 Z 1 	D	0.689628	0.689628	0.689628	0.689628	2.637381	2.637381	0.000000	0.689628	0.420527	0.536558	0.042571	0.000344	1.202842	
532000	-306.864302	1	2	0	'1 1 1 1 0 0 1 1 	D	0.452733	0.452733	0.452733	0.452733	2.445635	2.445635	0.452733	0.452733	0.226908	0.182086	0.491523	0.099483	1.718771	
533000	-306.386474	1	2	0	'1 1 1 1 0 0 1 1 	D	0.427605	0.427605	0.427605	0.427605	2.221175	2.221175	0.427605	0.427605	0.232240	0.180364	0.492173	0.095222	0.795300	
534000	-306.811989	1	2	1	'1 1 1 1 0 0 Z 1 	D	0.529653	0.529653	0.529653	0.529653	1.680911	1.680911	0.000000	0.529653	0.457566	0.510286	0.032005	0.000143	0.672558	
535000	-305.849521	1	2	0	'1 1 1 1 0 0 1 1 	D	0.510788	0.510788	0.510788	0.510788	2.074154	2.074154	0.510788	0.510788	0.250048	0.228383	0.410398	0.111172	1.448547	
536000	-306.634979	1	2	0	'1 1 1 1 0 0 1 1 	D	0.511117	0.511117	0.511117	0.511117	1.665126	1.665126	0.511117	0.511117	0.274192	0.264057	0.350912	0.110839	1.367392	
537000	-308.080885	1	2	1	'1 1 1 1 0 0 Z 1 	D	0.824646	0.824646	0.824646	0.824646	2.413487	2.413487	0.000000	0.824646	0.399982	0.563689	0.035955	0.000374	0.975471	
538000	-305.610578	1	2	1	'1 1 1 1 0 0 Z 1 	D	0.537393	0.537393	0.537393	0.537393	1.988397	1.988397	0.000000	0.537393	0.454314	0.505447	0.040041	0.000198	1.496139	
539000	-306.339429	1	2	0	'1 1 1 1 0 0 1 1 	D	0.575162	0.575162	0.575162	0.575162	1.952733	1.952733	0.575162	0.575162	0.258753	0.262377	0.356340	0.122530	1.330016	
540000	-305.570459	1	2	1	'1 1 1 1 0 0 Z 1 	D	0.585480	0.585480	0.585480	0.585480	1.949659	1.949659	0.000000	0.585480	0.443937	0.520756	0.035113	0.000194	1.717696	
541000	-311.155870	1	2	2	'1 Z 1 1 0 0 Z 1 	D	0.776697	0.000000	0.776697	0.776697	2.153853	2.153853	0.000000	0.776697	0.199188	0.723808	0.075568	0.001437	0.880413	
542000	-311.854350	1	2	0	'1 0 0 0 1 1 0 1 	D	1.025330	0.289758	0.289758	0.289758	1.025330	1.025330	0.289758	1.025330	0.444648	0.148188	0.219453	0.187712	1.565113	
543000	-306.678257	1	2	1	'0 0 0 0 1 1 Z 0 	D	0.450531	0.450531	0.450531	0.450531	2.202532	2.202532	0.000000	0.450531	0.472494	0.467591	0.059676	0.000238	1.351282	
544000	-306.676232	1	2	1	'0 0 0 0 1 1 Z 0 	D	0.747923	0.747923	0.747923	0.747923	2.299801	2.299801	0.000000	0.747923	0.412092	0.552109	0.035492	0.000307	0.893227	
545000	-307.360564	1	2	1	'0 0 0 0 1 1 Z 0 	D	0.435102	0.435102	0.435102	0.435102	2.376841	2.376841	0.000000	0.435102	0.474269	0.457771	0.067695	0.000264	1.448910	
546000	-305.472063	1	2	1	'0 0 0 0 1 1 Z 0 	D	0.633165	0.633165	0.633165	0.633165	2.166968	2.166968	0.000000	0.633165	0.433207	0.529468	0.037083	0.000242	1.891067	
547000	-305.731653	1	2	1	'0 0 0 0 1 1 Z 0 	D	0.510108	0.510108	0.510108	0.510108	2.180806	2.180806	0.000000	0.510108	0.459263	0.492555	0.047954	0.000229	1.867274	
548000	-307.156119	1	2	1	'0 0 0 0 1 1 Z 0 	D	0.671332	0.671332	0.671332	0.671332	1.690986	1.690986	0.000000	0.671332	0.427286	0.547498	0.025059	0.000157	0.677737	
549000	-306.357362	1	2	1	'0 0 0 0 1 1 Z 0 	D	0.592824	0.592824	0.592824	0.592824	1.742141	1.742141	0.000000	0.592824	0.443108	0.527323	0.029413	0.000157	0.824130	
550000	-307.255875	1	2	1	'0 0 0 0 1 1 Z 0 	D	0.782121	0.782121	0.782121	0.782121	2.084367	2.084367	0.000000	0.782121	0.407385	0.561408	0.030932	0.000275	1.824508	
551000	-305.762375	1	2	1	'0 0 0 0 1 1 Z 0 	D	0.521744	0.521744	0.521744	0.521744	1.963184	1.963184	0.000000	0.521744	0.458019	0.500708	0.041079	0.000193	1.748259	
552000	-306.048939	1	2	1	'0 0 0 0 1 1 Z 0 	D	0.511365	0.511365	0.511365	0.511365	2.389892	2.389892	0.000000	0.511365	0.457554	0.490137	0.052050	0.000259	0.964191	
553000	-305.460521	1	2	1	'0 0 0 0 1 1 Z 0 	D	0.554722	0.554722	0.554722	0.554722	2.039094	2.039094	0.000000	0.554722	0.450175	0.509982	0.039635	0.000207	1.284212	
554000	-306.786430	1	2	1	'0 0 0 0 1 1 Z 0 	D	0.529977	0.529977	0.529977	0.529977	1.684811	1.684811	0.000000	0.529977	0.457475	0.510282	0.032099	0.000143	1.195034	
555000	-305.819621	1	2	0	'0 0 0 0 1 1 0 0 	D	0.487352	0.487352	0.487352	0.487352	1.959699	1.959699	0.487352	0.487352	0.254108	0.226354	0.412506	0.107032	1.365589	
556000	-305.974176	1	2	1	'0 0 0 0 1 1 Z 0 	D	0.645816	0.645816	0.645816	0.645816	1.892779	1.892779	0.000000	0.645816	0.431782	0.537381	0.030645	0.000193	1.805563	
557000	-305.446916	1	2	1	'0 0 0 0 1 1 Z 0 	D	0.556630	0.556630	0.556630	0.556630	2.045696	2.045696	0.000000	0.556630	0.449720	0.510449	0.039622	0.000209	1.928678	
558000	-305.832200	1	2	1	'0 0 0 0 1 1 Z 0 	D	0.502201	0.502201	0.502201	0.502201	2.048412	2.048412	0.000000	0.502201	0.461967	0.491966	0.045859	0.000208	0.871887	
559000	-309.385915	1	2	0	'1 1 1 1 0 0 1 1 	D	0.510127	0.510127	0.510127	0.510127	2.934195	2.934195	0.510127	0.510127	0.218972	0.188188	0.483568	0.109273	0.777270	
560000	-309.229705	1	2	0	'1 1 1 1 1 0 1 1 	D	0.627483	0.627483	0.627483	0.627483	0.627483	3.066094	0.627483	0.627483	0.545080	0.282361	0.135098	0.037461	0.937501	
561000	-310.114801	1	2	0	'1 1 1 1 1 0 1 1 	D	0.501830	0.501830	0.501830	0.501830	0.501830	2.575390	0.501830	0.501830	0.606129	0.229060	0.139543	0.025268	1.316988	
562000	-309.346467	1	2	0	'1 1 1 1 1 0 1 1 	D	0.639524	0.639524	0.639524	0.639524	0.639524	2.690565	0.639524	0.639524	0.504568	0.310987	0.139161	0.045284	0.961638	
563000	-305.836137	1	2	0	'1 1 1 1 0 0 1 0 	D	0.263570	0.263570	0.263570	0.263570	1.561257	1.561257	0.263570	1.561257	0.157319	0.124184	0.371475	0.347022	0.762403	
564000	-306.691148	1	2	0	'1 1 1 1 0 0 1 0 	D	0.234972	0.234972	0.234972	0.234972	1.596454	1.596454	0.234972	1.596454	0.135054	0.100198	0.392883	0.371865	1.245675	
565000	-305.584528	1	2	0	'1 1 1 1 0 0 1 0 	D	0.338317	0.338317	0.338317	0.338317	2.126994	2.126994	0.338317	2.126994	0.148637	0.138872	0.340332	0.372158	0.879268	
566000	-310.341742	1	2	0	'1 0 0 0 1 1 0 1 	D	1.353763	0.237792	0.237792	0.237792	1.353763	1.353763	0.237792	1.353763	0.338489	0.076290	0.286238	0.298983	0.706017	
567000	-310.336973	1	2	0	'1 0 0 0 1 1 0 1 	D	1.639573	0.416381	0.416381	0.416381	1.639573	1.639573	0.416381	1.639573	0.341084	0.157280	0.233012	0.268623	1.143593	
568000	-309.715913	1	2	1	'1 0 0 0 1 1 Z 1 	D	1.491120	0.494756	0.494756	0.494756	1.491120	1.491120	0.000000	1.491120	0.607292	0.354614	0.036668	0.001426	1.800278	
569000	-305.622459	1	2	1	'0 0 0 0 1 1 Z 0 	D	0.556972	0.556972	0.556972	0.556972	1.940540	1.940540	0.000000	0.556972	0.450185	0.512610	0.037014	0.000190	1.113088	
570000	-308.249191	1	2	1	'0 0 0 0 1 1 Z 0 	D	0.787780	0.787780	0.787780	0.787780	2.700165	2.700165	0.000000	0.787780	0.404256	0.554522	0.040809	0.000412	1.263224	
571000	-305.966274	1	2	1	'0 0 0 0 1 1 Z 0 	D	0.682342	0.682342	0.682342	0.682342	2.025723	2.025723	0.000000	0.682342	0.424423	0.543159	0.032191	0.000227	1.202348	
572000	-305.964330	1	2	1	'0 0 0 0 1 1 Z 0 	D	0.522265	0.522265	0.522265	0.522265	1.879858	1.879858	0.000000	0.522265	0.458375	0.502732	0.038715	0.000179	1.776177	
573000	-305.785734	1	2	1	'0 0 0 0 1 1 Z 0 	D	0.517509	0.517509	0.517509	0.517509	1.969325	1.969325	0.000000	0.517509	0.458955	0.499106	0.041744	0.000194	1.157208	
574000	-311.489503	1	2	2	'0 Z 0 0 1 1 Z 0 	D	0.820820	0.000000	0.820820	0.820820	2.295263	2.295263	0.000000	0.820820	0.202995	0.724018	0.071424	0.001562	1.660882	
575000	-305.607111	1	2	1	'0 0 0 0 1 1 Z 0 	D	0.553552	0.553552	0.553552	0.553552	1.952088	1.952088	0.000000	0.553552	0.450887	0.511322	0.037599	0.000192	1.316829	
576000	-305.948330	1	2	1	'0 0 0 0 1 1 Z 0 	D	0.535753	0.535753	0.535753	0.535753	2.436310	2.436310	0.000000	0.535753	0.451930	0.498042	0.049761	0.000267	1.002978	
577000	-306.150998	1	2	1	'0 0 0 0 1 1 Z 0 	D	0.564344	0.564344	0.564344	0.564344	1.781662	1.781662	0.000000	0.564344	0.449228	0.518375	0.032235	0.000162	1.672834	
578000	-305.769720	1	2	1	'0 0 0 0 1 1 Z 0 	D	0.514432	0.514432	0.514432	0.514432	2.264147	2.264147	0.000000	0.514432	0.457729	0.492864	0.049166	0.000241	1.084843	
579000	-305.861499	1	2	1	'0 0 0 0 1 1 Z 0 	D	0.535688	0.535688	0.535688	0.535688	2.403793	2.403793	0.000000	0.535688	0.452149	0.498393	0.049195	0.000262	0.794826	
580000	-306.126616	1	2	0	'0 0 0 0 1 1 0 0 	D	0.557669	0.557669	0.557669	0.557669	2.059496	2.059496	0.557669	0.557669	0.253147	0.247865	0.379376	0.119612	0.638996	
581000	-305.905892	1	2	0	'0 0 0 0 1 1 0 0 	D	0.475461	0.475461	0.475461	0.475461	2.140840	2.140840	0.475461	0.475461	0.243383	0.208419	0.443611	0.104587	1.191557	
582000	-308.553357	1	2	1	'0 0 0 0 1 1 Z 0 	D	0.416339	0.416339	0.416339	0.416339	1.686176	1.686176	0.000000	0.416339	0.485362	0.463626	0.050853	0.000159	0.577902	
583000	-309.155586	1	2	0	'0 0 0 0 0 1 0 0 	D	0.600671	0.600671	0.600671	0.600671	0.600671	2.945399	0.600671	0.600671	0.556425	0.272808	0.135887	0.034879	1.295223	
584000	-309.590830	1	2	0	'0 0 0 0 0 1 0 0 	D	0.521864	0.521864	0.521864	0.521864	0.521864	2.909172	0.521864	0.521864	0.619444	0.222567	0.134054	0.023935	1.895201	
585000	-314.106950	1	2	0	'0 0 0 0 0 1 0 0 	D	0.872727	0.872727	0.872727	0.872727	0.872727	2.106701	0.872727	0.872727	0.344919	0.420899	0.132524	0.101658	1.119309	
586000	-309.909030	1	2	0	'0 0 0 0 0 1 0 0 	D	0.521357	0.521357	0.521357	0.521357	0.521357	3.340025	0.521357	0.521357	0.651085	0.206325	0.122695	0.019895	1.537104	
587000	-311.664382	1	2	0	'1 1 1 1 1 0 1 1 	D	0.424087	0.424087	0.424087	0.424087	0.424087	3.009081	0.424087	0.424087	0.709220	0.149178	0.129211	0.012391	1.426184	
588000	-309.411275	1	2	0	'1 1 1 1 1 0 1 1 	D	0.540599	0.540599	0.540599	0.540599	0.540599	2.861254	0.540599	0.540599	0.599160	0.238312	0.135487	0.027042	1.384718	
589000	-309.928897	1	2	0	'1 1 1 1 1 0 1 1 	D	0.502737	0.502737	0.502737	0.502737	0.502737	2.719949	0.502737	0.502737	0.619661	0.219387	0.137410	0.023543	1.657722	
590000	-309.384225	1	2	0	'1 1 1 1 1 0 1 1 	D	0.543759	0.543759	0.543759	0.543759	0.543759	2.984078	0.543759	0.543759	0.606684	0.234107	0.133157	0.026052	1.013966	
591000	-309.224902	1	2	0	'1 1 1 1 1 0 1 1 	D	0.634235	0.634235	0.634235	0.634235	0.634235	2.866986	0.634235	0.634235	0.524065	0.296593	0.137897	0.041445	1.636677	
592000	-310.177768	1	2	1	'1 1 1 1 1 0 Z 1 	D	0.718028	0.718028	0.718028	0.718028	0.718028	2.693148	0.000000	0.718028	0.512568	0.478140	0.009220	0.000071	1.863119	
593000	-304.085912	1	3	0	'2 2 2 2 1 0 2 1 	D	0.486825	0.486825	0.486825	0.486825	0.836872	2.691512	0.486825	0.836872	0.410859	0.282596	0.236836	0.069709	0.879955	
594000	-309.625633	1	2	0	'1 1 1 1 1 0 1 1 	D	0.519281	0.519281	0.519281	0.519281	0.519281	2.874588	0.519281	0.519281	0.618799	0.222515	0.134714	0.023972	1.164139	
595000	-309.557714	1	2	0	'1 1 1 1 1 0 1 1 	D	0.685644	0.685644	0.685644	0.685644	0.685644	2.877913	0.685644	0.685644	0.488987	0.321658	0.139272	0.050083	1.530348	
596000	-310.164220	1	2	1	'1 1 1 1 1 0 Z 1 	D	0.666895	0.666895	0.666895	0.666895	0.666895	2.915453	0.000000	0.666895	0.564350	0.425662	0.009922	0.000066	1.753232	
597000	-309.632142	1	2	0	'1 1 1 1 1 0 1 1 	D	0.682389	0.682389	0.682389	0.682389	0.682389	3.185391	0.682389	0.682389	0.513735	0.305467	0.135993	0.044805	0.751403	
598000	-311.640400	1	2	0	'0 1 0 1 0 0 1 0 	D	1.219335	0.232433	1.219335	0.232433	1.219335	1.219335	0.232433	1.219335	0.211389	0.398886	0.182623	0.207102	0.954750	
599000	-311.315113	1	2	0	'1 0 1 0 1 1 0 1 	D	1.097781	0.311556	1.097781	0.311556	1.097781	1.097781	0.311556	1.097781	0.246274	0.442442	0.145558	0.165726	0.893821	
600000	-311.591126	1	2	0	'1 0 1 0 1 1 0 1 	D	1.065734	0.356559	1.065734	0.356559	1.065734	1.065734	0.356559	1.065734	0.257411	0.455581	0.132651	0.154358	0.907611	
601000	-313.815424	1	2	0	'1 0 1 0 1 1 0 1 	D	1.293357	0.151551	1.293357	0.151551	1.293357	1.293357	0.151551	1.293357	0.167159	0.324108	0.238143	0.270590	1.251541	
602000	-324.013104	1	1	2	'0 Z 0 0 0 0 Z 0 	D	1.435839	0.000000	1.435839	1.435839	1.435839	1.435839	0.000000	1.435839	0.333439	0.637059	0.028422	0.001080	1.595431	
603000	-306.627961	1	2	0	'1 1 1 1 0 0 1 1 	D	0.601661	0.601661	0.601661	0.601661	2.020088	2.020088	0.601661	0.601661	0.255528	0.265928	0.351166	0.127377	1.145846	
604000	-305.939988	1	2	1	'1 1 1 1 0 0 Z 1 	D	0.571253	0.571253	0.571253	0.571253	1.829812	1.829812	0.000000	0.571253	0.447515	0.519263	0.033051	0.000171	1.740846	
605000	-308.151507	1	2	0	'1 1 1 1 0 0 1 1 	D	0.394897	0.394897	0.394897	0.394897	2.556182	2.556182	0.394897	0.394897	0.210993	0.149237	0.552283	0.087488	1.182538	
606000	-305.522744	1	2	1	'1 1 1 1 0 0 Z 1 	D	0.587168	0.587168	0.587168	0.587168	2.338756	2.338756	0.000000	0.587168	0.441620	0.514902	0.043217	0.000261	1.325577	
607000	-305.515250	1	2	1	'1 1 1 1 0 0 Z 1 	D	0.555895	0.555895	0.555895	0.555895	1.996365	1.996365	0.000000	0.555895	0.450142	0.511158	0.038500	0.000200	1.583817	
608000	-306.650606	1	2	1	'1 1 1 1 0 0 Z 1 	D	0.678487	0.678487	0.678487	0.678487	1.796015	1.796015	0.000000	0.678487	0.425767	0.546742	0.027311	0.000180	0.727425	
609000	-310.135564	1	2	0	'0 0 0 0 0 1 0 0 	D	0.574611	0.574611	0.574611	0.574611	0.574611	3.674911	0.574611	0.574611	0.626918	0.232570	0.116948	0.023564	1.840406	
610000	-309.312071	1	2	0	'0 0 0 0 0 1 0 0 	D	0.560313	0.560313	0.560313	0.560313	0.560313	2.770795	0.560313	0.560313	0.574180	0.257398	0.137318	0.031104	1.369904	
611000	-310.646358	1	2	0	'0 0 0 0 0 1 0 0 	D	0.468739	0.468739	0.468739	0.468739	0.468739	2.630295	0.468739	0.468739	0.641837	0.198976	0.139013	0.020174	1.931868	
612000	-305.224518	1	2	0	'0 0 0 0 1 1 0 1 	D	0.307023	0.307023	0.307023	0.307023	1.972591	1.972591	0.307023	1.972591	0.144914	0.126786	0.354542	0.373758	0.609987	
613000	-305.470576	1	2	0	'0 0 0 0 1 1 0 1 	D	0.333133	0.333133	0.333133	0.333133	2.096613	2.096613	0.333133	2.096613	0.148376	0.137109	0.342527	0.371988	1.197458	
614000	-305.976975	1	2	0	'0 0 0 0 1 1 0 0 	D	0.534474	0.534474	0.534474	0.534474	1.953206	1.953206	0.534474	0.534474	0.257665	0.247081	0.379861	0.115393	0.942508	
615000	-306.156079	1	2	1	'0 0 0 0 1 1 Z 0 	D	0.562413	0.562413	0.562413	0.562413	1.781203	1.781203	0.000000	0.562413	0.449661	0.517818	0.032359	0.000162	1.493106	
616000	-306.995390	1	2	1	'0 0 0 0 1 1 Z 0 	D	0.456534	0.456534	0.456534	0.456534	1.824828	1.824828	0.000000	0.456534	0.474377	0.478588	0.046861	0.000175	1.140210	
617000	-306.116835	1	2	1	'0 0 0 0 1 1 Z 0 	D	0.580907	0.580907	0.580907	0.580907	2.554657	2.554657	0.000000	0.580907	0.441706	0.510652	0.047351	0.000291	1.981570	
618000	-308.831100	1	2	1	'0 0 0 0 1 1 Z 0 	D	0.867536	0.867536	0.867536	0.867536	2.332602	2.332602	0.000000	0.867536	0.394372	0.571099	0.034148	0.000381	1.695509	
619000	-306.192938	1	2	1	'0 0 0 0 1 1 Z 0 	D	0.488786	0.488786	0.488786	0.488786	1.922888	1.922888	0.000000	0.488786	0.465952	0.489507	0.044353	0.000188	1.088143	
620000	-305.442398	1	2	1	'0 0 0 0 1 1 Z 0 	D	0.556223	0.556223	0.556223	0.556223	2.051480	2.051480	0.000000	0.556223	0.449778	0.510217	0.039795	0.000210	1.009627	
621000	-306.331539	1	2	1	'0 0 0 0 1 1 Z 0 	D	0.517914	0.517914	0.517914	0.517914	1.788953	1.788953	0.000000	0.517914	0.459870	0.503468	0.036500	0.000163	0.919315	
622000	-308.109562	1	2	0	'1 1 1 1 0 0 1 1 	D	0.338416	0.338416	0.338416	0.338416	1.905567	1.905567	0.338416	0.338416	0.227334	0.144781	0.550115	0.077769	1.460420	
623000	-306.314200	1	2	0	'1 1 1 1 0 0 1 1 	D	0.557222	0.557222	0.557222	0.557222	1.850573	1.850573	0.557222	0.557222	0.263989	0.264621	0.352247	0.119142	0.327466	
624000	-306.069074	1	2	0	'1 1 1 1 0 0 1 1 	D	0.482704	0.482704	0.482704	0.482704	1.805176	1.805176	0.482704	0.482704	0.262923	0.237053	0.393741	0.106283	1.014302	
625000	-306.077069	1	2	0	'0 0 0 0 1 1 0 0 	D	0.432734	0.432734	0.432734	0.432734	1.979674	1.979674	0.432734	0.432734	0.245857	0.197685	0.459503	0.096955	1.988613	
626000	-306.136716	1	2	1	'0 0 0 0 1 1 Z 0 	D	0.499135	0.499135	0.499135	0.499135	2.366146	2.366146	0.000000	0.499135	0.460418	0.485887	0.053439	0.000255	1.814335	
627000	-306.561190	1	2	0	'0 0 0 0 1 1 0 0 	D	0.445952	0.445952	0.445952	0.445952	2.349077	2.349077	0.445952	0.445952	0.229728	0.183216	0.488620	0.098435	0.728741	
628000	-305.959211	1	2	0	'0 0 0 0 1 1 0 0 	D	0.536066	0.536066	0.536066	0.536066	2.002997	2.002997	0.536066	0.536066	0.255136	0.243840	0.385311	0.115714	1.966230	
629000	-305.453550	1	2	1	'0 0 0 0 1 1 Z 0 	D	0.545807	0.545807	0.545807	0.545807	2.177823	2.177823	0.000000	0.545807	0.451343	0.504788	0.043639	0.000230	1.062767	
630000	-305.765911	1	2	1	'0 0 0 0 1 1 Z 0 	D	0.634922	0.634922	0.634922	0.634922	2.410047	2.410047	0.000000	0.634922	0.431707	0.526556	0.041453	0.000284	1.603494	
631000	-307.479838	1	2	0	'0 0 0 0 1 1 0 0 	D	0.629967	0.629967	0.629967	0.629967	1.781903	1.781903	0.629967	0.629967	0.267059	0.295723	0.306116	0.131101	1.739980	
632000	-306.805277	1	2	0	'1 1 1 1 0 0 1 1 	D	0.612920	0.612920	0.612920	0.612920	2.114086	2.114086	0.612920	0.612920	0.251243	0.262489	0.356643	0.129625	1.370505	
633000	-306.143097	1	2	0	'1 1 1 1 0 0 1 1 	D	0.449445	0.449445	0.449445	0.449445	1.820482	1.820482	0.449445	0.449445	0.258212	0.219005	0.422363	0.100419	0.663608	
634000	-307.781693	1	2	0	'1 1 1 1 0 0 1 1 	D	0.444760	0.444760	0.444760	0.444760	1.491552	1.491552	0.444760	0.444760	0.282694	0.251455	0.366134	0.099717	1.939329	
635000	-305.845480	1	2	0	'0 0 0 0 1 1 0 0 	D	0.473062	0.473062	0.473062	0.473062	2.075674	2.075674	0.473062	0.473062	0.246365	0.211455	0.437914	0.104266	1.548440	
636000	-306.616022	1	2	0	'0 0 0 0 1 1 0 0 	D	0.429374	0.429374	0.429374	0.429374	1.718492	1.718492	0.429374	0.429374	0.262328	0.217348	0.423290	0.097034	0.596530	
637000	-306.771818	1	2	1	'0 0 0 0 1 1 Z 0 	D	0.518804	0.518804	0.518804	0.518804	1.699979	1.699979	0.000000	0.518804	0.460068	0.506167	0.033618	0.000146	1.014456	
638000	-306.358870	1	2	0	'0 0 0 0 1 1 0 0 	D	0.413267	0.413267	0.413267	0.413267	2.092838	2.092838	0.413267	0.413267	0.235921	0.179799	0.491466	0.092814	0.565473	
639000	-305.659795	1	2	1	'0 0 0 0 1 1 Z 0 	D	0.622428	0.622428	0.622428	0.622428	2.383251	2.383251	0.000000	0.622428	0.434276	0.523763	0.041685	0.000276	1.525932	
640000	-307.358084	1	2	0	'0 0 0 0 1 1 0 0 	D	0.384657	0.384657	0.384657	0.384657	1.700002	1.700002	0.384657	0.384657	0.254981	0.191907	0.464286	0.088826	1.587926	
641000	-305.411540	1	2	1	'0 0 0 0 1 1 Z 0 	D	0.557436	0.557436	0.557436	0.557436	2.196514	2.196514	0.000000	0.557436	0.448702	0.508152	0.042912	0.000234	1.941142	
642000	-306.278461	1	2	1	'0 0 0 0 1 1 Z 0 	D	0.671088	0.671088	0.671088	0.671088	2.522564	2.522564	0.000000	0.671088	0.424383	0.533724	0.041577	0.000316	0.843319	
643000	-307.121752	1	2	1	'0 0 0 0 1 1 Z 0 	D	0.431818	0.431818	0.431818	0.431818	2.211730	2.211730	0.000000	0.431818	0.476463	0.458194	0.065100	0.000243	1.773315	
644000	-305.462949	1	2	1	'0 0 0 0 1 1 Z 0 	D	0.618617	0.618617	0.618617	0.618617	2.265059	2.265059	0.000000	0.618617	0.435621	0.524353	0.039770	0.000256	1.057030	
645000	-311.462946	1	2	2	'0 Z 0 0 1 1 Z 0 	D	0.782954	0.000000	0.782954	0.782954	1.881225	1.881225	0.000000	0.782954	0.214379	0.715310	0.069153	0.001158	1.438469	
646000	-306.097737	1	2	1	'0 0 0 0 1 1 Z 0 	D	0.495637	0.495637	0.495637	0.495637	1.926908	1.926908	0.000000	0.495637	0.464312	0.492054	0.043446	0.000188	0.536581	
647000	-306.528286	1	2	0	'0 0 0 0 1 1 0 0 	D	0.399286	0.399286	0.399286	0.399286	1.989738	1.989738	0.399286	0.399286	0.238739	0.178232	0.492616	0.090414	0.771584	
648000	-305.600907	1	2	1	'0 0 0 0 1 1 Z 0 	D	0.545564	0.545564	0.545564	0.545564	1.970501	1.970501	0.000000	0.545564	0.452575	0.508442	0.038788	0.000195	1.689959	
649000	-306.882668	1	2	0	'0 0 0 0 1 1 0 0 	D	0.381991	0.381991	0.381991	0.381991	2.047230	2.047230	0.381991	0.381991	0.231303	0.164410	0.517655	0.086632	1.382669	
650000	-306.759346	1	2	0	'0 0 0 0 1 1 0 0 	D	0.401612	0.401612	0.401612	0.401612	1.786779	1.786779	0.401612	0.401612	0.252332	0.194799	0.461171	0.091698	1.876596	
651000	-307.823810	1	2	1	'0 0 0 0 1 1 Z 0 	D	0.430162	0.430162	0.430162	0.430162	1.759750	1.759750	0.000000	0.430162	0.481301	0.468132	0.050399	0.000169	1.301527	
652000	-308.191675	1	2	0	'0 0 0 0 1 1 0 0 	D	0.611630	0.611630	0.611630	0.611630	1.574270	1.574270	0.611630	0.611630	0.280187	0.312811	0.280817	0.126184	0.933757	
653000	-305.966427	1	2	0	'0 0 0 0 1 1 0 0 	D	0.486189	0.486189	0.486189	0.486189	1.848923	1.848923	0.486189	0.486189	0.260492	0.234825	0.397797	0.106886	1.381194	
654000	-306.342195	1	2	1	'0 0 0 0 1 1 Z 0 	D	0.680108	0.680108	0.680108	0.680108	1.874240	1.874240	0.000000	0.680108	0.425287	0.545493	0.029024	0.000196	1.614578	
655000	-306.465573	1	2	1	'0 0 0 0 1 1 Z 0 	D	0.583558	0.583558	0.583558	0.583558	1.719453	1.719453	0.000000	0.583558	0.445179	0.525353	0.029316	0.000152	1.505570	
656000	-307.391516	1	2	1	'0 0 0 0 1 1 Z 0 	D	0.562813	0.562813	0.562813	0.562813	2.822682	2.822682	0.000000	0.562813	0.443923	0.503081	0.052676	0.000321	1.346183	
657000	-305.417910	1	2	1	'0 0 0 0 1 1 Z 0 	D	0.613450	0.613450	0.613450	0.613450	2.087375	2.087375	0.000000	0.613450	0.437502	0.525768	0.036506	0.000223	1.039873	
658000	-305.775878	1	2	1	'0 0 0 0 1 1 Z 0 	D	0.511349	0.511349	0.511349	0.511349	2.244500	2.244500	0.000000	0.511349	0.458550	0.492034	0.049177	0.000238	0.977852	
659000	-311.451374	1	2	2	'0 Z 0 0 1 1 Z 0 	D	0.698888	0.000000	0.698888	0.698888	1.874881	1.874881	0.000000	0.698888	0.195683	0.719015	0.084096	0.001205	0.748684	
660000	-305.522364	1	2	1	'0 0 0 0 1 1 Z 0 	D	0.532782	0.532782	0.532782	0.532782	2.140355	2.140355	0.000000	0.532782	0.454447	0.501131	0.044199	0.000223	1.274385	
661000	-307.041116	1	2	1	'0 0 0 0 1 1 Z 0 	D	0.509211	0.509211	0.509211	0.509211	1.668298	1.668298	0.000000	0.509211	0.462508	0.503797	0.033553	0.000141	1.412647	
662000	-310.470509	1	2	0	'0 1 1 1 0 0 1 0 	D	1.161549	0.281414	0.281414	0.281414	1.161549	1.161549	0.281414	1.161549	0.410098	0.123186	0.242677	0.224039	1.161107	
663000	-305.903609	1	2	1	'1 1 1 1 0 0 Z 1 	D	0.685642	0.685642	0.685642	0.685642	2.101002	2.101002	0.000000	0.685642	0.423554	0.542604	0.033599	0.000243	1.557567	
664000	-307.036328	1	2	0	'1 1 1 1 0 0 1 1 	D	0.470258	0.470258	0.470258	0.470258	2.510750	2.510750	0.470258	0.470258	0.227073	0.187265	0.482949	0.102713	1.663675	
665000	-306.171309	1	2	1	'1 1 1 1 0 0 Z 1 	D	0.521023	0.521023	0.521023	0.521023	2.468570	2.468570	0.000000	0.521023	0.454917	0.492691	0.052122	0.000270	1.871788	
666000	-306.739326	1	2	1	'1 1 1 1 0 0 Z 1 	D	0.474674	0.474674	0.474674	0.474674	2.450453	2.450453	0.000000	0.474674	0.465190	0.475214	0.059329	0.000267	1.869098	
667000	-306.012071	1	2	1	'1 1 1 1 0 0 Z 1 	D	0.487097	0.487097	0.487097	0.487097	2.175931	2.175931	0.000000	0.487097	0.464499	0.483862	0.051409	0.000229	0.368096	
668000	-306.786223	1	2	1	'1 1 1 1 0 0 Z 1 	D	0.735855	0.735855	0.735855	0.735855	2.465918	2.465918	0.000000	0.735855	0.413402	0.547736	0.038527	0.000335	0.730705	
669000	-307.131277	1	2	0	'1 1 1 1 0 0 1 1 	D	0.570238	0.570238	0.570238	0.570238	1.659380	1.659380	0.570238	0.570238	0.275632	0.288616	0.315362	0.120390	0.670010	
670000	-306.499899	1	2	0	'1 1 1 1 0 0 1 1 	D	0.402942	0.402942	0.402942	0.402942	2.072644	2.072644	0.402942	0.402942	0.234831	0.175199	0.499145	0.090825	0.999176	
671000	-309.648922	1	2	0	'1 1 1 1 0 0 1 1 	D	0.629235	0.629235	0.629235	0.629235	2.839340	2.839340	0.629235	0.629235	0.227547	0.229275	0.410420	0.132758	1.480064	
672000	-306.562059	1	2	1	'0 0 0 0 1 1 Z 0 	D	0.715915	0.715915	0.715915	0.715915	1.936440	1.936440	0.000000	0.715915	0.418681	0.551729	0.029372	0.000218	0.915001	
673000	-306.054432	1	2	1	'0 0 0 0 1 1 Z 0 	D	0.569955	0.569955	0.569955	0.569955	1.802054	1.802054	0.000000	0.569955	0.447906	0.519528	0.032400	0.000166	1.593913	
674000	-306.319683	1	2	0	'0 0 0 0 1 1 0 0 	D	0.446499	0.446499	0.446499	0.446499	2.269878	2.269878	0.446499	0.446499	0.233278	0.187366	0.480589	0.098767	0.912950	
675000	-305.362763	1	2	1	'0 0 0 0 1 1 Z 0 	D	0.569462	0.569462	0.569462	0.569462	2.149428	2.149428	0.000000	0.569462	0.446378	0.512533	0.040861	0.000227	1.407819	
676000	-306.070761	1	2	0	'0 0 0 0 1 1 0 0 	D	0.433552	0.433552	0.433552	0.433552	1.973766	1.973766	0.433552	0.433552	0.246337	0.198538	0.457997	0.097127	1.652285	
677000	-305.860696	1	2	0	'0 0 0 0 1 1 0 0 	D	0.477453	0.477453	0.477453	0.477453	2.106608	2.106608	0.477453	0.477453	0.245305	0.211492	0.438181	0.105023	1.505485	
678000	-310.412030	1	2	0	'0 0 0 0 0 1 0 0 	D	0.619910	0.619910	0.619910	0.619910	0.619910	3.809302	0.619910	0.619910	0.597626	0.256388	0.117667	0.028319	1.243772	
679000	-306.551319	1	2	1	'0 0 0 0 1 1 Z 0 	D	0.680051	0.680051	0.680051	0.680051	1.821541	1.821541	0.000000	0.680051	0.425422	0.546547	0.027846	0.000186	1.139902	
680000	-307.021574	1	2	0	'0 0 0 0 1 1 0 0 	D	0.618025	0.618025	0.618025	0.618025	2.230292	2.230292	0.618025	0.618025	0.246447	0.256209	0.366582	0.130762	1.938912	
681000	-305.400976	1	2	1	'0 0 0 0 1 1 Z 0 	D	0.563857	0.563857	0.563857	0.563857	2.212803	2.212803	0.000000	0.563857	0.447227	0.509865	0.042671	0.000237	1.490118	
682000	-305.496003	1	2	1	'0 0 0 0 1 1 Z 0 	D	0.543215	0.543215	0.543215	0.543215	2.221382	2.221382	0.000000	0.543215	0.451648	0.503284	0.044832	0.000236	1.382882	
683000	-305.629497	1	2	1	'0 0 0 0 1 1 Z 0 	D	0.545788	0.545788	0.545788	0.545788	1.955771	1.955771	0.000000	0.545788	0.452602	0.508815	0.038390	0.000192	1.020552	
684000	-307.996373	1	2	1	'0 0 0 0 1 1 Z 0 	D	0.738687	0.738687	0.738687	0.738687	1.696419	1.696419	0.000000	0.738687	0.415162	0.560955	0.023710	0.000172	1.875847	
685000	-305.831799	1	2	0	'0 0 0 0 1 1 0 0 	D	0.497037	0.497037	0.497037	0.497037	2.087608	2.087608	0.497037	0.497037	0.248250	0.221557	0.421537	0.108655	1.541295	
686000	-311.438942	1	2	0	'0 0 0 0 0 1 0 0 	D	0.552229	0.552229	0.552229	0.552229	0.552229	1.956224	0.552229	0.552229	0.480947	0.339377	0.133765	0.045910	1.146090	
687000	-310.152558	1	2	0	'1 1 1 1 1 0 1 1 	D	0.523738	0.523738	0.523738	0.523738	0.523738	3.500576	0.523738	0.523738	0.659013	0.204199	0.117847	0.018941	1.875003	
688000	-310.369387	1	2	1	'1 1 1 1 1 0 Z 1 	D	0.767129	0.767129	0.767129	0.767129	0.767129	2.640541	0.000000	0.767129	0.483473	0.507776	0.008674	0.000076	1.637811	
689000	-309.320722	1	2	0	'1 1 1 1 1 0 1 1 	D	0.654327	0.654327	0.654327	0.654327	0.654327	2.976945	0.654327	0.654327	0.518341	0.301144	0.137397	0.043117	0.638823	
690000	-311.946465	1	2	1	'1 0 0 0 1 1 Z 0 	D	1.288525	0.632813	0.632813	0.632813	1.288525	1.288525	0.000000	0.632813	0.548124	0.426257	0.025475	0.000144	0.429735	
691000	-309.672261	1	2	0	'1 1 1 1 1 0 1 1 	D	0.521502	0.521502	0.521502	0.521502	0.521502	2.728986	0.521502	0.521502	0.603828	0.232759	0.137409	0.026004	1.077139	
692000	-309.833221	1	2	0	'1 1 1 1 1 0 1 1 	D	0.682475	0.682475	0.682475	0.682475	0.682475	2.530416	0.682475	0.682475	0.461104	0.343580	0.139314	0.056002	1.487383	
693000	-309.376080	1	2	0	'1 1 1 1 1 0 1 1 	D	0.555611	0.555611	0.555611	0.555611	0.555611	3.136250	0.555611	0.555611	0.608288	0.235443	0.130243	0.026026	1.670895	
694000	-309.301259	1	2	0	'1 1 1 1 1 0 1 1 	D	0.557864	0.557864	0.557864	0.557864	0.557864	2.819407	0.557864	0.557864	0.580705	0.252644	0.136579	0.030072	0.889201	
695000	-312.365448	1	2	1	'1 1 1 1 1 0 Z 1 	D	0.949114	0.949114	0.949114	0.949114	0.949114	2.820163	0.000000	0.949114	0.429437	0.561991	0.008461	0.000111	1.370211	
696000	-309.494942	1	2	0	'1 1 1 1 1 0 1 1 	D	0.564136	0.564136	0.564136	0.564136	0.564136	2.573348	0.564136	0.564136	0.551205	0.274843	0.139215	0.034737	1.402981	
697000	-311.507654	1	2	1	'1 1 1 1 1 0 Z 1 	D	0.880624	0.880624	0.880624	0.880624	0.880624	3.355309	0.000000	0.880624	0.472557	0.519365	0.007985	0.000093	0.983446	
698000	-310.810804	1	2	1	'1 1 1 1 1 0 Z 1 	D	0.688085	0.688085	0.688085	0.688085	0.688085	2.340864	0.000000	0.688085	0.500324	0.490570	0.009044	0.000063	1.413451	
699000	-306.265558	1	2	0	'1 1 1 1 0 0 1 0 	D	0.242990	0.242990	0.242990	0.242990	1.740046	1.740046	0.242990	1.740046	0.127494	0.096753	0.389557	0.386195	1.456212	
700000	-305.199393	1	2	0	'1 1 1 1 0 0 1 0 	D	0.282537	0.282537	0.282537	0.282537	1.768549	1.768549	0.282537	1.768549	0.148306	0.122482	0.365086	0.364126	1.676983	
701000	-306.005904	1	2	0	'1 1 1 1 0 0 1 0 	D	0.268847	0.268847	0.268847	0.268847	1.994305	1.994305	0.268847	1.994305	0.124078	0.100903	0.375710	0.399309	1.428463	
702000	-305.752669	1	2	0	'1 1 1 1 0 0 1 0 	D	0.261367	0.261367	0.261367	0.261367	1.629294	1.629294	0.261367	1.629294	0.148873	0.117164	0.375329	0.358633	0.641540	
703000	-306.479590	1	2	0	'1 1 1 1 0 0 1 0 	D	0.241814	0.241814	0.241814	0.241814	1.576468	1.576468	0.241814	1.576468	0.141631	0.106686	0.387572	0.364111	1.163943	
704000	-305.323999	1	2	0	'1 1 1 1 0 0 1 0 	D	0.327923	0.327923	0.327923	0.327923	2.055014	2.055014	0.327923	2.055014	0.148843	0.135913	0.344602	0.370642	1.140622	
705000	-305.416125	1	2	0	'1 1 1 1 0 0 1 0 	D	0.348611	0.348611	0.348611	0.348611	2.100293	2.100293	0.348611	2.100293	0.154570	0.146617	0.334792	0.364021	0.808072	
706000	-305.274617	1	2	0	'1 1 1 1 0 0 1 0 	D	0.333539	0.333539	0.333539	0.333539	2.052387	2.052387	0.333539	2.052387	0.151461	0.139619	0.341649	0.367271	0.526414	
707000	-305.462064	1	2	0	'1 1 1 1 0 0 1 0 	D	0.287845	0.287845	0.287845	0.287845	1.953961	1.953961	0.287845	1.953961	0.136709	0.115209	0.364943	0.383139	1.102793	
708000	-305.489281	1	2	0	'1 1 1 1 0 0 1 0 	D	0.318817	0.318817	0.318817	0.318817	2.075292	2.075292	0.318817	2.075292	0.143463	0.129107	0.349603	0.377827	1.812562	
709000	-304.853263	1	2	0	'1 1 1 1 0 0 1 0 	D	0.328550	0.328550	0.328550	0.328550	1.920739	1.920739	0.328550	1.920739	0.158776	0.143892	0.341686	0.355647	0.764202	
710000	-305.372977	1	2	0	'1 1 1 1 0 0 1 0 	D	0.303028	0.303028	0.303028	0.303028	2.000016	2.000016	0.303028	2.000016	0.141085	0.122742	0.357090	0.379084	1.123100	
711000	-305.044562	1	2	0	'1 1 1 1 0 0 1 0 	D	0.342152	0.342152	0.342152	0.342152	2.005033	2.005033	0.342152	2.005033	0.158418	0.147696	0.336283	0.357603	0.995689	
712000	-305.577625	1	2	0	'1 1 1 1 0 0 1 0 	D	0.266509	0.266509	0.266509	0.266509	1.659469	1.659469	0.266509	1.659469	0.149052	0.118678	0.372697	0.359573	1.342433	
713000	-306.490345	1	2	0	'1 1 1 1 0 0 1 0 	D	0.315170	0.315170	0.315170	0.315170	2.259249	2.259249	0.315170	2.259249	0.131133	0.118920	0.352747	0.397200	1.186359	
714000	-307.465158	1	2	0	'1 1 1 1 0 0 1 0 	D	0.259876	0.259876	0.259876	0.259876	2.246979	2.246979	0.259876	2.246979	0.105695	0.085938	0.379219	0.429148	1.844004	
715000	-307.623000	1	2	0	'1 1 1 1 0 0 1 0 	D	0.215357	0.215357	0.215357	0.215357	1.886897	1.886897	0.215357	1.886897	0.099976	0.071505	0.405543	0.422976	1.485446	
716000	-304.994976	1	2	0	'1 1 1 1 0 0 1 0 	D	0.292720	0.292720	0.292720	0.292720	1.703338	1.703338	0.292720	1.703338	0.159783	0.134238	0.356842	0.349137	1.437868	
717000	-305.988601	1	2	0	'1 1 1 1 0 0 1 0 	D	0.251392	0.251392	0.251392	0.251392	1.690772	1.690772	0.251392	1.690772	0.136918	0.105674	0.383467	0.373941	1.296425	
718000	-305.390998	1	2	0	'1 1 1 1 0 0 1 0 	D	0.300246	0.300246	0.300246	0.300246	1.993970	1.993970	0.300246	1.993970	0.140147	0.121246	0.358533	0.380075	1.888604	
719000	-302.690510	1	3	1	'1 1 1 1 2 0 Z 2 	D	0.540773	0.540773	0.540773	0.540773	1.595855	3.085038	0.000000	1.595855	0.444902	0.534719	0.019530	0.000850	1.357644	
720000	-311.224184	1	2	0	'1 1 1 1 1 0 1 1 	D	0.443772	0.443772	0.443772	0.443772	0.443772	2.656628	0.443772	0.443772	0.666612	0.177689	0.138757	0.016942	1.783545	
721000	-303.432812	1	3	0	'2 1 1 1 2 0 1 2 	D	1.083750	0.296794	0.296794	0.296794	1.083750	2.849540	0.296794	1.083750	0.441158	0.121078	0.323530	0.114234	1.265577	
722000	-309.637357	1	2	0	'1 0 0 0 1 1 0 1 	D	1.546747	0.305423	0.305423	0.305423	1.546747	1.546747	0.305423	1.546747	0.329908	0.101576	0.267019	0.301497	0.989912	
723000	-309.943316	1	2	0	'1 0 0 0 1 1 0 1 	D	1.605793	0.295713	0.295713	0.295713	1.605793	1.605793	0.295713	1.605793	0.311997	0.091660	0.275733	0.320610	0.240652	
724000	-306.254894	1	2	1	'1 1 1 1 0 0 Z 1 	D	0.589054	0.589054	0.589054	0.589054	2.595434	2.595434	0.000000	0.589054	0.439817	0.512544	0.047340	0.000299	1.493504	
725000	-306.143320	1	2	0	'1 1 1 1 0 0 1 1 	D	0.430194	0.430194	0.430194	0.430194	1.916263	1.916263	0.430194	0.430194	0.249209	0.200911	0.453219	0.096662	1.384985	
726000	-310.211137	1	2	0	'1 1 1 1 0 0 1 1 	D	0.406952	0.406952	0.406952	0.406952	1.288647	1.288647	0.406952	0.406952	0.298022	0.258269	0.350319	0.093389	0.642726	
727000	-306.034999	1	2	1	'0 0 0 0 1 1 Z 0 	D	0.680440	0.680440	0.680440	0.680440	1.980969	1.980969	0.000000	0.680440	0.424919	0.543541	0.031321	0.000218	0.688918	
728000	-305.777259	1	2	1	'0 0 0 0 1 1 Z 0 	D	0.511586	0.511586	0.511586	0.511586	2.008667	2.008667	0.000000	0.511586	0.460072	0.496192	0.043535	0.000201	1.022108	
729000	-306.456319	1	2	1	'0 0 0 0 1 1 Z 0 	D	0.672790	0.672790	0.672790	0.672790	1.826282	1.826282	0.000000	0.672790	0.426772	0.544870	0.028173	0.000185	0.707998	
730000	-307.155967	1	2	1	'0 0 0 0 1 1 Z 0 	D	0.746035	0.746035	0.746035	0.746035	1.886694	1.886694	0.000000	0.746035	0.413666	0.558442	0.027675	0.000216	1.438333	
731000	-306.053637	1	2	0	'0 0 0 0 1 1 0 0 	D	0.547421	0.547421	0.547421	0.547421	1.976222	1.976222	0.547421	0.547421	0.256957	0.250316	0.375027	0.117700	0.910747	
732000	-306.188116	1	2	1	'0 0 0 0 1 1 Z 0 	D	0.504447	0.504447	0.504447	0.504447	2.412385	2.412385	0.000000	0.504447	0.458923	0.487344	0.053472	0.000262	0.895181	
733000	-306.987869	1	2	0	'1 1 1 1 0 0 1 1 	D	0.531258	0.531258	0.531258	0.531258	2.498869	2.498869	0.531258	0.531258	0.233851	0.212564	0.439150	0.114435	0.815752	
734000	-306.087206	1	2	1	'1 1 1 1 0 0 Z 1 	D	0.647593	0.647593	0.647593	0.647593	1.863826	1.863826	0.000000	0.647593	0.431519	0.538384	0.029910	0.000188	1.944311	
735000	-305.828772	1	2	0	'1 1 1 1 0 0 1 1 	D	0.498137	0.498137	0.498137	0.498137	1.956154	1.956154	0.498137	0.498137	0.255252	0.231512	0.404274	0.108963	0.803917	
736000	-310.530665	1	2	0	'1 1 1 1 0 0 1 1 	D	0.355097	0.355097	0.355097	0.355097	2.786552	2.786552	0.355097	0.355097	0.191935	0.121785	0.608056	0.078223	1.056117	
737000	-306.639434	1	2	1	'1 1 1 1 0 0 Z 1 	D	0.486982	0.486982	0.486982	0.486982	1.792439	1.792439	0.000000	0.486982	0.467244	0.492112	0.040479	0.000165	1.908986	
738000	-307.258545	1	2	0	'1 1 1 1 0 0 1 1 	D	0.638536	0.638536	0.638536	0.638536	1.943981	1.943981	0.638536	0.638536	0.258503	0.283360	0.324569	0.133569	0.540075	
739000	-307.134165	1	2	1	'1 1 1 1 0 0 Z 1 	D	0.688284	0.688284	0.688284	0.688284	1.724952	1.724952	0.000000	0.688284	0.424064	0.550361	0.025408	0.000167	1.051719	
740000	-305.580591	1	2	1	'1 1 1 1 0 0 Z 1 	D	0.624004	0.624004	0.624004	0.624004	2.338122	2.338122	0.000000	0.624004	0.434192	0.524737	0.040801	0.000269	0.969566	
741000	-311.807216	1	2	0	'1 1 1 1 1 0 1 1 	D	0.557711	0.557711	0.557711	0.557711	0.557711	1.874166	0.557711	0.557711	0.465522	0.354324	0.131176	0.048978	1.529457	
742000	-309.594616	1	2	0	'1 1 1 1 1 0 1 1 	D	0.557620	0.557620	0.557620	0.557620	0.557620	3.344804	0.557620	0.557620	0.621003	0.229717	0.125018	0.024261	1.106837	
743000	-311.954762	1	2	0	'1 1 1 1 1 0 1 1 	D	0.457252	0.457252	0.457252	0.457252	0.457252	3.767577	0.457252	0.457252	0.727494	0.158511	0.102849	0.011146	1.325835	
744000	-310.673081	1	2	0	'1 1 1 1 1 0 1 1 	D	0.520827	0.520827	0.520827	0.520827	0.520827	2.229709	0.520827	0.520827	0.546255	0.279646	0.139978	0.034121	1.876813	
745000	-309.860279	1	2	0	'1 1 1 1 1 0 1 1 	D	0.501792	0.501792	0.501792	0.501792	0.501792	2.880468	0.501792	0.501792	0.634577	0.209584	0.134186	0.021653	1.481555	
746000	-309.223529	1	2	0	'1 1 1 1 1 0 1 1 	D	0.593261	0.593261	0.593261	0.593261	0.593261	2.742142	0.593261	0.593261	0.544414	0.280731	0.138174	0.036681	1.563880	
747000	-309.136855	1	2	0	'0 0 0 0 1 1 0 0 	D	0.614280	0.614280	0.614280	0.614280	1.456476	1.456476	0.614280	0.614280	0.288141	0.328811	0.258068	0.124980	1.114474	
748000	-305.720735	1	2	1	'0 0 0 0 1 1 Z 0 	D	0.667167	0.667167	0.667167	0.667167	2.115019	2.115019	0.000000	0.667167	0.426908	0.538308	0.034543	0.000241	1.520154	
749000	-305.647112	1	2	1	'0 0 0 0 1 1 Z 0 	D	0.628434	0.628434	0.628434	0.628434	1.973654	1.973654	0.000000	0.628434	0.434951	0.531607	0.033237	0.000205	1.909869	
750000	-305.710397	1	2	1	'0 0 0 0 1 1 Z 0 	D	0.528700	0.528700	0.528700	0.528700	2.308645	2.308645	0.000000	0.528700	0.454282	0.497235	0.048235	0.000248	1.019466	
751000	-310.172355	1	2	1	'1 0 0 0 1 1 Z 1 	D	1.693854	0.509243	0.509243	0.509243	1.693854	1.693854	0.000000	1.693854	0.594728	0.352756	0.049644	0.002873	0.821289	
752000	-305.412476	1	2	1	'1 1 1 1 0 0 Z 1 	D	0.616665	0.616665	0.616665	0.616665	2.206637	2.206637	0.000000	0.616665	0.436296	0.524699	0.038760	0.000245	1.056089	
753000	-306.168043	1	2	1	'1 1 1 1 0 0 Z 1 	D	0.591002	0.591002	0.591002	0.591002	1.779366	1.779366	0.000000	0.591002	0.443392	0.525953	0.030492	0.000164	1.268993	
754000	-306.284081	1	2	1	'1 1 1 1 0 0 Z 1 	D	0.525179	0.525179	0.525179	0.525179	2.514745	2.514745	0.000000	0.525179	0.453716	0.493655	0.052353	0.000276	1.923593	
755000	-306.092069	1	2	1	'1 1 1 1 0 0 Z 1 	D	0.603548	0.603548	0.603548	0.603548	1.803084	1.803084	0.000000	0.603548	0.440648	0.528759	0.030423	0.000169	0.522685	
756000	-306.625996	1	2	0	'1 1 1 1 0 0 1 1 	D	0.400226	0.400226	0.400226	0.400226	1.857970	1.857970	0.400226	0.400226	0.247177	0.188165	0.473519	0.091139	1.205108	
757000	-306.233769	1	2	1	'1 1 1 1 0 0 Z 1 	D	0.514790	0.514790	0.514790	0.514790	1.819098	1.819098	0.000000	0.514790	0.460451	0.501619	0.037762	0.000168	1.041218	
758000	-306.573895	1	2	0	'1 1 1 1 0 0 1 1 	D	0.497448	0.497448	0.497448	0.497448	1.669169	1.669169	0.497448	0.497448	0.273178	0.257422	0.360788	0.108612	1.830814	
759000	-305.842691	1	2	1	'1 1 1 1 0 0 Z 1 	D	0.660834	0.660834	0.660834	0.660834	1.986089	1.986089	0.000000	0.660834	0.428578	0.539085	0.032123	0.000214	1.358194	
760000	-307.949518	1	2	1	'1 1 1 1 0 0 Z 1 	D	0.825573	0.825573	0.825573	0.825573	2.250954	2.250954	0.000000	0.825573	0.400410	0.565991	0.033264	0.000335	0.805714	
761000	-306.711903	1	2	0	'1 1 1 1 0 0 1 1 	D	0.492731	0.492731	0.492731	0.492731	2.448415	2.448415	0.492731	0.492731	0.232184	0.199657	0.460961	0.107198	1.223060	
762000	-307.784668	1	2	0	'1 1 1 1 0 0 1 1 	D	0.659362	0.659362	0.659362	0.659362	2.278342	2.278342	0.659362	0.659362	0.244040	0.264686	0.352808	0.138465	1.767188	
763000	-305.812623	1	2	0	'1 1 1 1 0 0 1 1 	D	0.488801	0.488801	0.488801	0.488801	1.971570	1.971570	0.488801	0.488801	0.253584	0.226117	0.413017	0.107282	1.994716	
764000	-307.076764	1	2	1	'1 1 1 1 0 0 Z 1 	D	0.533574	0.533574	0.533574	0.533574	2.721720	2.721720	0.000000	0.533574	0.450630	0.494681	0.054386	0.000302	0.783068	
765000	-306.579219	1	2	0	'1 1 1 1 0 0 1 1 	D	0.597311	0.597311	0.597311	0.597311	2.095341	2.095341	0.597311	0.597311	0.252099	0.258917	0.362209	0.126775	1.456950	
766000	-305.357462	1	2	1	'1 1 1 1 0 0 Z 1 	D	0.572566	0.572566	0.572566	0.572566	2.137980	2.137980	0.000000	0.572566	0.445776	0.513635	0.040363	0.000226	0.605937	
767000	-306.888830	1	2	1	'1 1 1 1 0 0 Z 1 	D	0.496431	0.496431	0.496431	0.496431	1.716472	1.716472	0.000000	0.496431	0.465386	0.497822	0.036641	0.000151	1.086998	
768000	-308.383162	1	2	0	'1 1 1 1 0 0 1 1 	D	0.343683	0.343683	0.343683	0.343683	1.710752	1.710752	0.343683	0.343683	0.242905	0.162817	0.513963	0.080315	1.177629	
769000	-306.909068	1	2	0	'1 1 1 1 0 0 1 1 	D	0.480316	0.480316	0.480316	0.480316	2.490469	2.490469	0.480316	0.480316	0.229152	0.192509	0.473627	0.104712	0.761357	
770000	-305.912343	1	2	0	'1 1 1 1 0 0 1 1 	D	0.505823	0.505823	0.505823	0.505823	1.894706	1.894706	0.505823	0.505823	0.259308	0.239853	0.390513	0.110326	1.072215	
771000	-306.585585	1	2	1	'1 1 1 1 0 0 Z 1 	D	0.511166	0.511166	0.511166	0.511166	1.746480	1.746480	0.000000	0.511166	0.461682	0.502258	0.035905	0.000155	0.931184	
772000	-305.652996	1	2	1	'1 1 1 1 0 0 Z 1 	D	0.658077	0.658077	0.658077	0.658077	2.106297	2.106297	0.000000	0.658077	0.428655	0.536377	0.034731	0.000237	0.547677	
773000	-305.551926	1	2	1	'1 1 1 1 0 0 Z 1 	D	0.542382	0.542382	0.542382	0.542382	2.008866	2.008866	0.000000	0.542382	0.453079	0.506662	0.040058	0.000202	0.995385	
774000	-305.639050	1	2	1	'1 1 1 1 0 0 Z 1 	D	0.609456	0.609456	0.609456	0.609456	2.389205	2.389205	0.000000	0.609456	0.436819	0.520332	0.042576	0.000274	1.402816	
775000	-306.021900	1	2	0	'1 1 1 1 0 0 1 1 	D	0.460129	0.460129	0.460129	0.460129	1.850310	1.850310	0.460129	0.460129	0.257669	0.221977	0.418070	0.102283	0.429719	
776000	-307.423122	1	2	1	'1 1 1 1 0 0 Z 1 	D	0.795224	0.795224	0.795224	0.795224	2.140984	2.140984	0.000000	0.795224	0.405213	0.562729	0.031764	0.000294	1.975550	
777000	-306.012289	1	2	1	'1 1 1 1 0 0 Z 1 	D	0.583693	0.583693	0.583693	0.583693	1.812205	1.812205	0.000000	0.583693	0.444862	0.523191	0.031779	0.000169	0.537516	
778000	-306.194312	1	2	1	'1 1 1 1 0 0 Z 1 	D	0.474262	0.474262	0.474262	0.474262	2.145576	2.145576	0.000000	0.474262	0.467646	0.479103	0.053026	0.000226	1.296831	
779000	-308.288833	1	2	0	'1 1 1 1 0 0 1 1 	D	0.412427	0.412427	0.412427	0.412427	2.642111	2.642111	0.412427	0.412427	0.212005	0.155307	0.541866	0.090821	1.316949	
780000	-305.774275	1	2	1	'1 1 1 1 0 0 Z 1 	D	0.535206	0.535206	0.535206	0.535206	2.365842	2.365842	0.000000	0.535206	0.452494	0.498689	0.048560	0.000257	1.639982	
781000	-305.391559	1	2	1	'1 1 1 1 0 0 Z 1 	D	0.595686	0.595686	0.595686	0.595686	2.068003	2.068003	0.000000	0.595686	0.441247	0.521369	0.037167	0.000217	1.735925	
782000	-306.851473	1	2	1	'1 1 1 1 0 0 Z 1 	D	0.615407	0.615407	0.615407	0.615407	1.671810	1.671810	0.000000	0.615407	0.438475	0.534886	0.026493	0.000146	0.736253	
783000	-309.664067	1	2	0	'1 1 1 1 0 0 1 1 	D	0.609844	0.609844	0.609844	0.609844	1.393219	1.393219	0.609844	0.609844	0.293026	0.336216	0.247510	0.123249	0.556692	
784000	-305.839434	1	2	0	'1 1 1 1 0 0 1 1 	D	0.501184	0.501184	0.501184	0.501184	2.091043	2.091043	0.501184	0.501184	0.248444	0.223133	0.419013	0.109409	1.328470	
785000	-305.832955	1	2	0	'1 1 1 1 0 0 1 1 	D	0.470510	0.470510	0.470510	0.470510	2.032355	2.032355	0.470510	0.470510	0.248337	0.213170	0.434619	0.103873	1.257834	
786000	-306.804943	1	2	0	'1 1 1 1 0 0 1 1 	D	0.454531	0.454531	0.454531	0.454531	2.434144	2.434144	0.454531	0.454531	0.227643	0.183422	0.489068	0.099867	1.171332	
787000	-307.179700	1	2	0	'1 1 1 1 0 0 1 1 	D	0.636906	0.636906	0.636906	0.636906	1.997418	1.997418	0.636906	0.636906	0.256044	0.278468	0.331956	0.133532	1.625187	
788000	-306.283998	1	2	0	'1 1 1 1 0 0 1 1 	D	0.434294	0.434294	0.434294	0.434294	1.810688	1.810688	0.434294	0.434294	0.256649	0.211687	0.433958	0.097706	0.650739	
789000	-305.703022	1	2	1	'1 1 1 1 0 0 Z 1 	D	0.629521	0.629521	0.629521	0.629521	1.951775	1.951775	0.000000	0.629521	0.434814	0.532292	0.032693	0.000201	0.566958	
790000	-306.071352	1	2	0	'1 1 1 1 0 0 1 1 	D	0.497426	0.497426	0.497426	0.497426	2.244385	2.244385	0.497426	0.497426	0.240955	0.212064	0.438481	0.108499	0.637609	
791000	-307.168734	1	2	0	'0 0 0 0 1 1 0 0 	D	0.399029	0.399029	0.399029	0.399029	2.344811	2.344811	0.399029	0.399029	0.220560	0.159388	0.531001	0.089051	1.619428	
792000	-306.118447	1	3	0	'0 0 0 0 1 2 0 0 	D	0.339473	0.339473	0.339473	0.339473	1.116430	2.774782	0.339473	0.339473	0.444133	0.092010	0.441627	0.022230	1.796608	
793000	-310.104418	1	2	1	'0 0 0 0 0 1 Z 0 	D	0.738650	0.738650	0.738650	0.738650	0.738650	3.031323	0.000000	0.738650	0.524729	0.466274	0.008924	0.000073	1.091793	
794000	-304.018557	1	3	0	'2 0 0 0 2 1 0 2 	D	1.065425	0.461998	0.461998	0.461998	1.065425	3.222295	0.461998	1.065425	0.459683	0.210963	0.243089	0.086265	1.650842	
795000	-308.264620	1	3	0	'1 0 2 2 1 1 0 1 	D	1.358037	0.121517	0.824438	0.824438	1.358037	1.358037	0.121517	1.358037	0.457909	0.456155	0.048776	0.037160	0.809223	
796000	-311.365579	1	2	1	'1 0 0 0 1 1 Z 1 	D	1.168206	0.426884	0.426884	0.426884	1.168206	1.168206	0.000000	1.168206	0.640934	0.336754	0.021855	0.000457	0.979274	
797000	-306.496005	1	2	0	'1 1 1 1 0 0 1 1 	D	0.419409	0.419409	0.419409	0.419409	2.224058	2.224058	0.419409	0.419409	0.230519	0.175923	0.499968	0.093591	0.879706	
798000	-305.682513	1	2	1	'1 1 1 1 0 0 Z 1 	D	0.593194	0.593194	0.593194	0.593194	2.414600	2.414600	0.000000	0.593194	0.439969	0.515638	0.044119	0.000274	1.019228	
799000	-306.188261	1	2	1	'1 1 1 1 0 0 Z 1 	D	0.475096	0.475096	0.475096	0.475096	2.163277	2.163277	0.000000	0.475096	0.467317	0.479155	0.053300	0.000228	0.922672	
800000	-306.150269	1	2	1	'1 1 1 1 0 0 Z 1 	D	0.679045	0.679045	0.679045	0.679045	2.452519	2.452519	0.000000	0.679045	0.423267	0.536280	0.040146	0.000307	1.355221	
801000	-306.118086	1	2	1	'1 1 1 1 0 0 Z 1 	D	0.707391	0.707391	0.707391	0.707391	2.134744	2.134744	0.000000	0.707391	0.419550	0.546623	0.033570	0.000257	1.716991	
802000	-306.096793	1	2	0	'1 1 1 1 0 0 1 1 	D	0.490732	0.490732	0.490732	0.490732	1.795198	1.795198	0.490732	0.490732	0.264239	0.241756	0.386340	0.107666	1.149033	
803000	-305.740826	1	2	1	'1 1 1 1 0 0 Z 1 	D	0.514694	0.514694	0.514694	0.514694	2.014198	2.014198	0.000000	0.514694	0.459323	0.497192	0.043282	0.000202	0.544850	
804000	-305.679800	1	2	1	'1 1 1 1 0 0 Z 1 	D	0.522979	0.522979	0.522979	0.522979	2.007063	2.007063	0.000000	0.522979	0.457473	0.500234	0.042091	0.000201	1.665443	
805000	-306.521193	1	2	1	'1 1 1 1 0 0 Z 1 	D	0.596822	0.596822	0.596822	0.596822	2.662768	2.662768	0.000000	0.596822	0.437884	0.514045	0.047760	0.000310	1.564881	
806000	-305.440692	1	2	1	'1 1 1 1 0 0 Z 1 	D	0.592338	0.592338	0.592338	0.592338	2.022544	2.022544	0.000000	0.592338	0.442159	0.521265	0.036368	0.000208	1.571115	
807000	-305.920871	1	2	1	'1 1 1 1 0 0 Z 1 	D	0.495781	0.495781	0.495781	0.495781	2.033972	2.033972	0.000000	0.495781	0.463546	0.489820	0.046428	0.000206	0.893887	
808000	-307.936228	1	2	1	'1 1 1 1 0 0 Z 1 	D	0.444643	0.444643	0.444643	0.444643	2.602798	2.602798	0.000000	0.444643	0.470459	0.460598	0.068656	0.000287	0.866537	
809000	-305.500518	1	2	1	'1 1 1 1 0 0 Z 1 	D	0.636225	0.636225	0.636225	0.636225	2.117773	2.117773	0.000000	0.636225	0.432823	0.531002	0.035941	0.000234	1.146284	
810000	-306.716759	1	2	0	'1 1 1 1 0 0 1 1 	D	0.457005	0.457005	0.457005	0.457005	1.649202	1.649202	0.457005	0.457005	0.271190	0.239549	0.387382	0.101879	1.886989	
811000	-306.725811	1	2	1	'1 1 1 1 0 0 Z 1 	D	0.535847	0.535847	0.535847	0.535847	1.689611	1.689611	0.000000	0.535847	0.456078	0.512032	0.031746	0.000144	1.636833	
812000	-305.571198	1	2	1	'1 1 1 1 0 0 Z 1 	D	0.585354	0.585354	0.585354	0.585354	1.949304	1.949304	0.000000	0.585354	0.443965	0.520728	0.035112	0.000194	1.969040	
813000	-306.466351	1	2	0	'1 1 1 1 0 0 1 1 	D	0.445324	0.445324	0.445324	0.445324	2.317748	2.317748	0.445324	0.445324	0.230967	0.184407	0.486222	0.098403	1.510737	
814000	-305.825381	1	2	0	'1 1 1 1 0 0 1 1 	D	0.479921	0.479921	0.479921	0.479921	1.959938	1.959938	0.479921	0.479921	0.253361	0.222878	0.418066	0.105695	1.322578	
815000	-309.978349	1	2	0	'1 1 1 1 1 0 1 1 	D	0.595801	0.595801	0.595801	0.595801	0.595801	2.295967	0.595801	0.595801	0.494304	0.322098	0.138125	0.045473	1.415200	
816000	-312.466049	1	2	0	'1 1 1 1 1 0 1 1 	D	0.476611	0.476611	0.476611	0.476611	0.476611	4.080059	0.476611	0.476611	0.727948	0.168114	0.092757	0.011180	1.307942	
817000	-309.739157	1	2	0	'1 1 1 1 1 0 1 1 	D	0.586578	0.586578	0.586578	0.586578	0.586578	2.397636	0.586578	0.586578	0.513338	0.305864	0.139070	0.041728	1.143082	
818000	-310.967926	1	2	0	'1 1 1 1 1 0 1 1 	D	0.726410	0.726410	0.726410	0.726410	0.726410	2.239698	0.726410	0.726410	0.410678	0.383118	0.135595	0.070608	0.973756	
819000	-309.250552	1	2	0	'1 1 1 1 1 0 1 1 	D	0.577998	0.577998	0.577998	0.577998	0.577998	2.748483	0.577998	0.577998	0.557359	0.270614	0.137872	0.034154	1.791352	
820000	-311.476417	1	2	1	'1 1 1 1 1 0 Z 1 	D	0.590296	0.590296	0.590296	0.590296	0.590296	3.590486	0.000000	0.590296	0.677586	0.313617	0.008754	0.000043	1.300294	
821000	-309.199185	1	2	0	'1 1 1 1 1 0 1 1 	D	0.628758	0.628758	0.628758	0.628758	0.628758	2.915992	0.628758	0.628758	0.532249	0.290747	0.137211	0.039793	0.480106	
822000	-309.355350	1	2	0	'1 1 1 1 1 0 1 1 	D	0.607551	0.607551	0.607551	0.607551	0.607551	3.262374	0.607551	0.607551	0.574731	0.262944	0.130335	0.031990	1.915854	
823000	-304.758255	1	3	1	'1 1 1 1 2 0 Z 2 	D	0.422666	0.422666	0.422666	0.422666	1.303071	1.978092	0.000000	1.303071	0.473498	0.509724	0.016335	0.000443	1.046491	
824000	-305.806713	1	2	0	'0 0 0 0 1 1 0 1 	D	0.259815	0.259815	0.259815	0.259815	1.622583	1.622583	0.259815	1.622583	0.148580	0.116530	0.376201	0.358688	1.916161	
825000	-305.841547	1	2	0	'0 0 0 0 1 1 0 1 	D	0.256955	0.256955	0.256955	0.256955	1.659291	1.659291	0.256955	1.659291	0.143250	0.111786	0.379115	0.365849	1.180505	
826000	-305.247102	1	2	0	'0 0 0 0 1 1 0 1 	D	0.354158	0.354158	0.354158	0.354158	2.065223	2.065223	0.354158	2.065223	0.159129	0.151928	0.331373	0.357570	1.317842	
827000	-305.030469	1	2	0	'0 0 0 0 1 1 0 1 	D	0.290825	0.290825	0.290825	0.290825	1.744743	1.744743	0.290825	1.744743	0.154919	0.129895	0.359305	0.355881	1.393161	
828000	-305.804127	1	2	0	'1 1 1 1 0 0 1 0 	D	0.270516	0.270516	0.270516	0.270516	1.945529	1.945529	0.270516	1.945529	0.128175	0.104279	0.374600	0.392947	1.553390	
829000	-305.379247	1	2	0	'1 1 1 1 0 0 1 0 	D	0.284609	0.284609	0.284609	0.284609	1.902837	1.902837	0.284609	1.902837	0.138697	0.115798	0.366191	0.379314	1.299370	
830000	-305.503367	1	2	0	'1 1 1 1 0 0 1 0 	D	0.328984	0.328984	0.328984	0.328984	2.097615	2.097615	0.328984	2.097615	0.146526	0.134449	0.344651	0.374375	1.179863	
831000	-305.901390	1	2	0	'1 1 1 1 0 0 1 0 	D	0.254565	0.254565	0.254565	0.254565	1.672579	1.672579	0.254565	1.672579	0.140534	0.109149	0.381012	0.369305	0.727933	
832000	-305.447536	1	2	0	'1 1 1 1 0 0 1 0 	D	0.278114	0.278114	0.278114	0.278114	1.875188	1.875188	0.278114	1.875188	0.137296	0.112985	0.369615	0.380104	1.268953	
833000	-306.306021	1	2	0	'0 0 0 0 1 1 0 1 	D	0.243431	0.243431	0.243431	0.243431	1.636301	1.636301	0.243431	1.636301	0.136849	0.103603	0.387800	0.371748	0.836731	
834000	-311.772351	1	2	0	'0 0 0 0 0 1 0 0 	D	0.502250	0.502250	0.502250	0.502250	0.502250	2.017628	0.502250	0.502250	0.530645	0.295324	0.138254	0.035777	0.441779	
835000	-309.800860	1	2	0	'0 0 0 0 0 1 0 0 	D	0.693318	0.693318	0.693318	0.693318	0.693318	2.627156	0.693318	0.693318	0.463176	0.340963	0.139829	0.056032	0.716124	
836000	-311.032464	1	2	1	'0 0 0 0 0 1 Z 0 	D	0.789278	0.789278	0.789278	0.789278	0.789278	2.341873	0.000000	0.789278	0.455753	0.536080	0.008094	0.000073	1.092067	
837000	-309.943607	1	2	1	'1 0 0 0 1 1 Z 1 	D	1.518789	0.380061	0.380061	0.380061	1.518789	1.518789	0.000000	1.518789	0.672199	0.277916	0.047480	0.002405	1.294512	
838000	-309.992899	1	2	1	'1 1 1 1 0 0 Z 1 	D	0.500866	0.500866	0.500866	0.500866	1.359172	1.359172	0.000000	0.500866	0.465300	0.511290	0.023324	0.000086	1.049355	
839000	-305.788021	1	2	1	'1 1 1 1 0 0 Z 1 	D	0.655266	0.655266	0.655266	0.655266	2.365758	2.365758	0.000000	0.655266	0.428047	0.531972	0.039698	0.000283	0.862112	
840000	-305.420250	1	2	1	'1 1 1 1 0 0 Z 1 	D	0.555180	0.555180	0.555180	0.555180	2.083997	2.083997	0.000000	0.555180	0.449829	0.509311	0.040645	0.000215	0.594524	
841000	-306.821537	1	2	1	'1 1 1 1 0 0 Z 1 	D	0.521338	0.521338	0.521338	0.521338	1.688297	1.688297	0.000000	0.521338	0.459512	0.507346	0.032998	0.000144	0.478081	
842000	-307.731157	1	2	0	'1 1 1 1 0 0 1 1 	D	0.662555	0.662555	0.662555	0.662555	1.920223	1.920223	0.662555	0.662555	0.258800	0.292126	0.311465	0.137609	1.300970	
843000	-307.089883	1	2	0	'1 1 1 1 0 0 1 1 	D	0.382657	0.382657	0.382657	0.382657	1.795335	1.795335	0.382657	0.382657	0.247447	0.182258	0.482341	0.087955	1.544301	
844000	-306.194202	1	2	0	'1 1 1 1 0 0 1 1 	D	0.427979	0.427979	0.427979	0.427979	2.113999	2.113999	0.427979	0.427979	0.237644	0.186508	0.480216	0.095632	0.804287	
845000	-306.190910	1	2	0	'1 1 1 1 0 0 1 1 	D	0.506312	0.506312	0.506312	0.506312	1.773540	1.773540	0.506312	0.506312	0.266706	0.250894	0.372098	0.110302	1.620609	
846000	-307.763490	1	2	1	'0 0 0 0 1 1 Z 0 	D	0.463191	0.463191	0.463191	0.463191	2.654764	2.654764	0.000000	0.463191	0.466176	0.468674	0.064860	0.000290	1.118742	
847000	-305.877819	1	2	0	'0 0 0 0 1 1 0 0 	D	0.490625	0.490625	0.490625	0.490625	2.135640	2.135640	0.490625	0.490625	0.245288	0.215610	0.431690	0.107412	1.083912	
848000	-305.967500	1	2	0	'0 0 0 0 1 1 0 0 	D	0.445110	0.445110	0.445110	0.445110	2.025707	2.025707	0.445110	0.445110	0.245246	0.201027	0.454562	0.099165	1.523180	
849000	-305.625107	1	2	1	'0 0 0 0 1 1 Z 0 	D	0.564081	0.564081	0.564081	0.564081	2.368020	2.368020	0.000000	0.564081	0.446283	0.507803	0.045653	0.000261	1.468118	
850000	-305.600168	1	2	1	'0 0 0 0 1 1 Z 0 	D	0.652563	0.652563	0.652563	0.652563	2.217949	2.217949	0.000000	0.652563	0.429232	0.533363	0.037149	0.000256	1.956571	
851000	-305.715348	1	2	1	'0 0 0 0 1 1 Z 0 	D	0.532975	0.532975	0.532975	0.532975	2.329491	2.329491	0.000000	0.532975	0.453212	0.498404	0.048133	0.000252	1.626954	
852000	-306.950724	1	2	1	'0 0 0 0 1 1 Z 0 	D	0.675360	0.675360	0.675360	0.675360	1.732025	1.732025	0.000000	0.675360	0.426467	0.547449	0.025918	0.000166	1.278374	
853000	-310.137065	1	2	0	'0 0 0 0 0 1 0 0 	D	0.486118	0.486118	0.486118	0.486118	0.486118	3.031187	0.486118	0.486118	0.659792	0.191847	0.129959	0.018402	1.582050	
854000	-314.567955	1	2	0	'0 0 1 1 1 1 0 1 	D	0.448802	0.448802	1.016521	1.016521	1.016521	1.016521	0.448802	1.016521	0.239721	0.663050	0.045738	0.051491	1.068469	
855000	-307.739194	1	2	0	'0 0 0 0 1 1 0 0 	D	0.438970	0.438970	0.438970	0.438970	1.502486	1.502486	0.438970	0.438970	0.281046	0.246804	0.373336	0.098815	1.771923	
856000	-306.799305	1	2	0	'0 0 0 0 1 1 0 0 	D	0.440215	0.440215	0.440215	0.440215	2.401482	2.401482	0.440215	0.440215	0.226572	0.178056	0.498215	0.097157	1.216616	
857000	-306.173488	1	2	0	'0 0 0 0 1 1 0 0 	D	0.429531	0.429531	0.429531	0.429531	2.111154	2.111154	0.429531	0.429531	0.238073	0.187497	0.478488	0.095942	1.663896	
858000	-306.387699	1	2	0	'0 0 0 0 1 1 0 0 	D	0.439162	0.439162	0.439162	0.439162	2.271119	2.271119	0.439162	0.439162	0.231996	0.183680	0.486988	0.097336	1.614212	
859000	-309.419160	1	2	0	'0 0 0 0 0 1 0 0 	D	0.573989	0.573989	0.573989	0.573989	0.573989	2.596233	0.573989	0.573989	0.545483	0.279494	0.139084	0.035940	1.441796	
860000	-310.640273	1	2	0	'0 0 0 0 0 1 0 0 	D	0.740979	0.740979	0.740979	0.740979	0.740979	2.454467	0.740979	0.740979	0.421774	0.370825	0.138921	0.068480	0.695813	
861000	-304.315244	1	3	1	'0 2 2 2 0 1 Z 0 	D	0.951745	0.417552	0.417552	0.417552	0.951745	2.381957	0.000000	0.951745	0.646397	0.330706	0.022512	0.000385	1.812581	
862000	-310.840694	1	2	1	'0 0 0 0 0 1 Z 0 	D	0.675803	0.675803	0.675803	0.675803	0.675803	2.346435	0.000000	0.675803	0.507689	0.482989	0.009260	0.000062	1.102511	
863000	-309.921732	1	2	1	'0 1 1 1 0 0 Z 0 	D	1.631087	0.419788	0.419788	0.419788	1.631087	1.631087	0.000000	1.631087	0.643751	0.300285	0.052825	0.003138	1.004895	
864000	-309.328449	1	2	0	'0 1 1 1 0 0 1 0 	D	1.362241	0.316495	0.316495	0.316495	1.362241	1.362241	0.316495	1.362241	0.374938	0.124439	0.246930	0.253693	1.665874	
865000	-311.927989	1	2	0	'1 1 1 1 1 0 1 1 	D	0.416087	0.416087	0.416087	0.416087	0.416087	3.000994	0.416087	0.416087	0.714853	0.143972	0.129415	0.011759	1.158038	
866000	-310.378510	1	2	1	'1 1 1 1 1 0 Z 1 	D	0.718375	0.718375	0.718375	0.718375	0.718375	2.534330	0.000000	0.718375	0.500022	0.490864	0.009044	0.000069	1.704324	
867000	-311.030254	1	2	0	'1 1 1 1 1 0 1 1 	D	0.751196	0.751196	0.751196	0.751196	0.751196	2.344018	0.751196	0.751196	0.407700	0.382016	0.137405	0.072880	1.515781	
868000	-309.728713	1	2	0	'1 1 1 1 1 0 1 1 	D	0.571976	0.571976	0.571976	0.571976	0.571976	2.423564	0.571976	0.571976	0.527910	0.293962	0.139393	0.038735	0.641545	
869000	-311.610789	1	2	0	'1 1 1 1 1 0 1 1 	D	0.598247	0.598247	0.598247	0.598247	0.598247	1.877171	0.598247	0.598247	0.440841	0.373779	0.129358	0.056023	1.325793	
870000	-309.699268	1	2	0	'1 1 1 1 1 0 1 1 	D	0.654057	0.654057	0.654057	0.654057	0.654057	3.409270	0.654057	0.654057	0.548578	0.283712	0.130355	0.037355	1.811549	
871000	-308.417961	1	3	0	'2 2 2 1 2 0 1 1 	D	0.746131	0.746131	0.746131	0.438453	0.746131	2.780309	0.438453	0.438453	0.619260	0.247906	0.112851	0.019983	1.067712	
872000	-310.635013	1	2	0	'1 1 1 1 1 0 1 1 	D	0.728728	0.728728	0.728728	0.728728	0.728728	2.378284	0.728728	0.728728	0.421550	0.372693	0.137895	0.067863	0.866845	
873000	-305.826616	1	2	1	'0 0 0 0 1 1 Z 0 	D	0.555744	0.555744	0.555744	0.555744	2.436400	2.436400	0.000000	0.555744	0.447646	0.504439	0.047645	0.000270	0.817454	
874000	-305.393943	1	2	1	'0 0 0 0 1 1 Z 0 	D	0.561211	0.561211	0.561211	0.561211	2.096648	2.096648	0.000000	0.561211	0.448445	0.510940	0.040398	0.000218	0.953288	
875000	-306.994113	1	2	0	'1 1 1 1 0 0 1 1 	D	0.600364	0.600364	0.600364	0.600364	1.788860	1.788860	0.600364	0.600364	0.267439	0.285668	0.320711	0.126182	1.231952	
876000	-306.322740	1	2	0	'1 1 1 1 0 0 1 1 	D	0.531780	0.531780	0.531780	0.531780	2.306452	2.306452	0.531780	0.531780	0.241094	0.222480	0.421606	0.114821	1.234816	
877000	-304.914328	1	3	1	'2 1 2 1 0 0 Z 2 	D	0.922555	0.343564	0.922555	0.343564	1.983501	1.983501	0.000000	0.922555	0.373256	0.591631	0.034416	0.000696	1.713198	
878000	-307.045335	1	2	0	'1 1 1 1 0 0 1 1 	D	0.560442	0.560442	0.560442	0.560442	2.468308	2.468308	0.560442	0.560442	0.236601	0.224454	0.418930	0.120015	1.813789	
879000	-306.608325	1	2	0	'1 1 1 1 0 0 1 1 	D	0.597499	0.597499	0.597499	0.597499	2.132616	2.132616	0.597499	0.597499	0.250469	0.256352	0.366306	0.126873	1.454090	
880000	-306.303574	1	2	1	'1 1 1 1 0 0 Z 1 	D	0.508973	0.508973	0.508973	0.508973	2.469604	2.469604	0.000000	0.508973	0.457539	0.488391	0.053801	0.000269	1.465526	
881000	-309.356144	1	2	0	'1 0 0 0 1 1 0 1 	D	1.347125	0.373650	0.373650	0.373650	1.347125	1.347125	0.373650	1.347125	0.389303	0.162281	0.222172	0.226243	0.733466	
882000	-306.444152	1	2	0	'1 1 1 1 0 0 1 1 	D	0.404309	0.404309	0.404309	0.404309	1.991680	1.991680	0.404309	0.404309	0.239720	0.181028	0.487845	0.091408	0.781294	
883000	-305.955786	1	2	0	'1 1 1 1 0 0 1 1 	D	0.471173	0.471173	0.471173	0.471173	2.165742	2.165742	0.471173	0.471173	0.241658	0.204919	0.449690	0.103734	0.755158	
884000	-307.249119	1	2	0	'1 1 1 1 0 0 1 1 	D	0.373019	0.373019	0.373019	0.373019	2.169306	2.169306	0.373019	0.373019	0.222354	0.152549	0.540881	0.084216	1.806421	
885000	-307.341643	1	2	1	'1 1 1 1 0 0 Z 1 	D	0.781967	0.781967	0.781967	0.781967	2.031387	2.031387	0.000000	0.781967	0.407554	0.562256	0.029929	0.000262	0.878960	
886000	-306.339878	1	2	0	'1 1 1 1 0 0 1 1 	D	0.541374	0.541374	0.541374	0.541374	2.292247	2.292247	0.541374	0.541374	0.242235	0.226896	0.414247	0.116622	1.389947	
887000	-306.618056	1	2	1	'0 0 0 0 1 1 Z 0 	D	0.653669	0.653669	0.653669	0.653669	2.651311	2.651311	0.000000	0.653669	0.426967	0.528426	0.044278	0.000330	0.546542	
888000	-305.903585	1	2	1	'0 0 0 0 1 1 Z 0 	D	0.650962	0.650962	0.650962	0.650962	1.928861	1.928861	0.000000	0.650962	0.430665	0.537880	0.031254	0.000201	1.557159	
889000	-306.403329	1	2	1	'0 0 0 0 1 1 Z 0 	D	0.467664	0.467664	0.467664	0.467664	1.978181	1.978181	0.000000	0.467664	0.470503	0.479582	0.049715	0.000200	0.632519	
890000	-306.092458	1	2	0	'0 0 0 0 1 1 0 0 	D	0.436502	0.436502	0.436502	0.436502	1.906977	1.906977	0.436502	0.436502	0.250817	0.205043	0.446275	0.097866	0.812710	
891000	-306.227754	1	2	0	'0 0 0 0 1 1 0 0 	D	0.430797	0.430797	0.430797	0.430797	1.852858	1.852858	0.430797	0.430797	0.253307	0.206215	0.443523	0.096955	1.001914	
892000	-305.858011	1	2	0	'0 0 0 0 1 1 0 0 	D	0.514387	0.514387	0.514387	0.514387	2.068483	2.068483	0.514387	0.514387	0.250589	0.230285	0.407299	0.111827	1.400862	
893000	-303.607284	1	3	0	'2 0 0 0 2 1 0 2 	D	1.143398	0.330596	0.330596	0.330596	1.143398	2.397077	0.330596	1.143398	0.428830	0.142071	0.293718	0.135381	1.563498	
894000	-307.426684	1	2	1	'1 1 1 1 0 0 Z 1 	D	0.430771	0.430771	0.430771	0.430771	2.359923	2.359923	0.000000	0.430771	0.475313	0.455730	0.068694	0.000263	1.071526	
895000	-306.875403	1	2	0	'1 1 1 1 0 0 1 1 	D	0.611250	0.611250	0.611250	0.611250	1.905190	1.905190	0.611250	0.611250	0.261034	0.278441	0.331882	0.128643	0.868704	
896000	-306.377011	1	2	1	'1 1 1 1 0 0 Z 1 	D	0.624479	0.624479	0.624479	0.624479	2.619986	2.619986	0.000000	0.624479	0.432661	0.521671	0.045355	0.000314	0.689106	
897000	-306.166348	1	2	0	'1 1 1 1 0 0 1 1 	D	0.425136	0.425136	0.425136	0.425136	2.043161	2.043161	0.425136	0.425136	0.240923	0.189341	0.474432	0.095305	1.180665	
898000	-305.952387	1	2	0	'1 1 1 1 0 0 1 1 	D	0.535166	0.535166	0.535166	0.535166	2.049176	2.049176	0.535166	0.535166	0.252774	0.240071	0.391582	0.115573	1.141756	
899000	-306.258905	1	2	0	'1 1 1 1 0 0 1 1 	D	0.540357	0.540357	0.540357	0.540357	2.261369	2.261369	0.540357	0.540357	0.243443	0.228291	0.411808	0.116458	0.954128	
900000	-307.288822	1	2	1	'1 1 1 1 0 0 Z 1 	D	0.580443	0.580443	0.580443	0.580443	1.595494	1.595494	0.000000	0.580443	0.446128	0.527714	0.026030	0.000128	1.226681	
901000	-308.338345	1	2	1	'1 1 1 1 0 0 Z 1 	D	0.838198	0.838198	0.838198	0.838198	2.067317	2.067317	0.000000	0.838198	0.399149	0.570713	0.029842	0.000296	1.289636	
902000	-305.374665	1	2	1	'1 1 1 1 0 0 Z 1 	D	0.584046	0.584046	0.584046	0.584046	2.222507	2.222507	0.000000	0.584046	0.442899	0.515632	0.041228	0.000241	1.763205	
903000	-308.559488	1	2	1	'1 1 1 1 0 0 Z 1 	D	0.438174	0.438174	0.438174	0.438174	1.602562	1.602562	0.000000	0.438174	0.480659	0.477686	0.041518	0.000137	1.047280	
904000	-306.166563	1	2	0	'1 1 1 1 0 0 1 1 	D	0.518477	0.518477	0.518477	0.518477	2.267343	2.267343	0.518477	0.518477	0.241780	0.219465	0.426364	0.112391	1.069021	
905000	-308.743881	1	2	1	'1 1 1 1 0 0 Z 1 	D	0.831445	0.831445	0.831445	0.831445	2.633183	2.633183	0.000000	0.831445	0.398194	0.562218	0.039159	0.000429	1.176139	
906000	-305.992064	1	2	0	'1 1 1 1 0 0 1 1 	D	0.499386	0.499386	0.499386	0.499386	1.842506	1.842506	0.499386	0.499386	0.261946	0.241460	0.387410	0.109183	1.409949	
907000	-305.629715	1	2	1	'1 1 1 1 0 0 Z 1 	D	0.628196	0.628196	0.628196	0.628196	2.357144	2.357144	0.000000	0.628196	0.433276	0.525547	0.040904	0.000273	1.501839	
908000	-305.363152	1	2	1	'1 1 1 1 0 0 Z 1 	D	0.569570	0.569570	0.569570	0.569570	2.156260	2.156260	0.000000	0.569570	0.446318	0.512455	0.040999	0.000229	1.645947	
909000	-307.601517	1	2	0	'1 1 1 1 0 0 1 1 	D	0.373251	0.373251	0.373251	0.373251	1.701417	1.701417	0.373251	0.373251	0.252072	0.184250	0.477102	0.086576	1.045646	
910000	-305.725669	1	2	1	'1 1 1 1 0 0 Z 1 	D	0.649456	0.649456	0.649456	0.649456	2.000148	2.000148	0.000000	0.649456	0.430712	0.536196	0.032878	0.000214	0.380617	
911000	-307.518060	1	2	0	'1 1 1 1 0 0 1 1 	D	0.648528	0.648528	0.648528	0.648528	1.892316	1.892316	0.648528	0.648528	0.260683	0.290727	0.313580	0.135009	0.579194	
912000	-304.553496	1	3	0	'1 1 1 1 2 0 1 1 	D	0.447698	0.447698	0.447698	0.447698	1.693112	2.517699	0.447698	0.447698	0.301181	0.191884	0.436737	0.070198	1.504315	
913000	-309.176918	1	2	0	'1 1 1 1 1 0 1 1 	D	0.602786	0.602786	0.602786	0.602786	0.602786	3.035323	0.602786	0.602786	0.561951	0.269514	0.134524	0.034011	1.626151	
914000	-311.911484	1	2	0	'1 1 1 1 1 0 1 1 	D	0.657047	0.657047	0.657047	0.657047	0.657047	1.845826	0.657047	0.657047	0.407282	0.398842	0.126538	0.067338	1.468699	
915000	-310.164076	1	2	0	'1 1 1 1 1 0 1 1 	D	0.512968	0.512968	0.512968	0.512968	0.512968	2.459361	0.512968	0.512968	0.583034	0.247925	0.140406	0.028635	1.517001	
916000	-304.175584	1	3	1	'2 1 1 1 2 0 Z 2 	D	1.389681	0.548831	0.548831	0.548831	1.389681	2.811931	0.000000	1.389681	0.592155	0.378059	0.028641	0.001145	1.361815	
917000	-310.875860	1	2	0	'1 1 1 1 1 0 1 1 	D	0.762008	0.762008	0.762008	0.762008	0.762008	2.496016	0.762008	0.762008	0.414691	0.374209	0.139548	0.071552	1.307855	
918000	-312.625055	1	2	2	'1 Z 1 1 0 0 Z 1 	D	0.962207	0.000000	0.962207	0.962207	1.997571	1.997571	0.000000	0.962207	0.241386	0.702878	0.054448	0.001289	1.544068	
919000	-304.263165	1	3	0	'1 1 1 2 0 0 2 1 	D	0.526296	0.526296	0.526296	0.262197	1.909040	1.909040	0.262197	0.526296	0.236972	0.198787	0.445586	0.118655	0.947046	
920000	-312.428359	1	2	0	'0 0 0 1 1 1 0 1 	D	0.401460	0.401460	0.401460	1.127811	1.127811	1.127811	0.401460	1.127811	0.439477	0.414385	0.079209	0.066929	0.552683	
921000	-314.152784	1	2	0	'1 0 1 1 0 0 1 0 	D	0.422234	1.064713	0.422234	0.422234	1.064713	1.064713	0.422234	1.064713	0.299228	0.314148	0.202910	0.183714	1.812994	
922000	-305.115819	1	2	0	'0 0 0 0 1 1 0 1 	D	0.299013	0.299013	0.299013	0.299013	1.896315	1.896315	0.299013	1.896315	0.146588	0.125779	0.357808	0.369825	0.418569	
923000	-306.412056	1	2	0	'0 0 0 0 1 1 0 1 	D	0.249907	0.249907	0.249907	0.249907	1.954779	1.954779	0.249907	1.954779	0.116188	0.090510	0.386100	0.407201	0.691346	
924000	-305.997353	1	2	0	'0 0 0 0 1 1 0 1 	D	0.299848	0.299848	0.299848	0.299848	2.134229	2.134229	0.299848	2.134229	0.131099	0.114451	0.359841	0.394609	1.445442	
925000	-305.738034	1	2	0	'0 0 0 0 1 1 0 1 	D	0.262020	0.262020	0.262020	0.262020	1.818298	1.818298	0.262020	1.818298	0.132668	0.105309	0.378541	0.383482	0.905594	
926000	-305.488344	1	3	0	'0 0 0 2 1 1 0 1 	D	0.392306	0.392306	0.392306	0.234652	1.707355	1.707355	0.392306	1.707355	0.129433	0.106311	0.383051	0.381205	0.865078	
927000	-307.958225	1	2	0	'0 0 0 0 1 1 0 1 	D	0.206773	0.206773	0.206773	0.206773	1.623017	1.623017	0.206773	1.623017	0.113109	0.078368	0.412523	0.396000	0.903592	
928000	-305.513770	1	2	0	'0 0 0 0 1 1 0 1 	D	0.334103	0.334103	0.334103	0.334103	2.107222	2.107222	0.334103	2.107222	0.148111	0.137197	0.342181	0.372511	1.134218	
929000	-309.150229	1	2	0	'0 0 0 0 1 1 0 1 	D	0.313057	0.313057	0.313057	0.313057	2.620048	2.620048	0.313057	2.620048	0.114434	0.106905	0.353088	0.425574	1.063451	
930000	-304.828239	1	2	0	'0 0 0 0 1 1 0 1 	D	0.303890	0.303890	0.303890	0.303890	1.746652	1.746652	0.303890	1.746652	0.161610	0.138897	0.351231	0.348262	1.807139	
931000	-305.275905	1	2	0	'0 0 0 0 1 1 0 1 	D	0.280738	0.280738	0.280738	0.280738	1.634880	1.634880	0.280738	1.634880	0.159854	0.130902	0.362328	0.346915	1.661840	
932000	-306.836991	1	2	0	'0 0 0 0 1 1 0 1 	D	0.228220	0.228220	0.228220	0.228220	1.725884	1.725884	0.228220	1.725884	0.119249	0.087402	0.398826	0.394523	1.135153	
933000	-310.557178	1	2	1	'0 1 1 1 0 0 Z 0 	D	1.265143	0.490228	0.490228	0.490228	1.265143	1.265143	0.000000	1.265143	0.606116	0.368967	0.024334	0.000583	1.985460	
934000	-309.640853	1	2	1	'0 1 1 1 0 0 Z 0 	D	1.522083	0.449735	0.449735	0.449735	1.522083	1.522083	0.000000	1.522083	0.631563	0.325024	0.041566	0.001847	1.426180	
935000	-305.934702	1	2	1	'1 1 1 1 0 0 Z 1 	D	0.636366	0.636366	0.636366	0.636366	2.474745	2.474745	0.000000	0.636366	0.431107	0.526150	0.042448	0.000295	0.760966	
936000	-305.499531	1	2	1	'1 1 1 1 0 0 Z 1 	D	0.636770	0.636770	0.636770	0.636770	2.207280	2.207280	0.000000	0.636770	0.432320	0.529740	0.037690	0.000250	0.697605	
937000	-307.618654	1	2	1	'1 1 1 1 0 0 Z 1 	D	0.737285	0.737285	0.737285	0.737285	1.755905	1.755905	0.000000	0.737285	0.415347	0.559422	0.025046	0.000185	1.131632	
938000	-306.354398	1	2	0	'0 0 0 0 1 1 0 0 	D	0.458715	0.458715	0.458715	0.458715	1.732329	1.732329	0.458715	0.458715	0.265342	0.231952	0.400551	0.102155	0.957237	
939000	-305.977418	1	2	1	'0 0 0 0 1 1 Z 0 	D	0.488349	0.488349	0.488349	0.488349	2.108299	2.108299	0.000000	0.488349	0.464718	0.485516	0.049547	0.000219	1.389143	
940000	-305.863429	1	2	0	'0 0 0 0 1 1 0 0 	D	0.500501	0.500501	0.500501	0.500501	2.118341	2.118341	0.500501	0.500501	0.247049	0.221038	0.422659	0.109254	0.566525	
941000	-306.849520	1	2	0	'0 0 0 0 1 1 0 0 	D	0.431869	0.431869	0.431869	0.431869	1.657870	1.657870	0.431869	0.431869	0.267262	0.224851	0.410300	0.097587	1.084765	
942000	-306.213561	1	2	0	'0 0 0 0 1 1 0 0 	D	0.542255	0.542255	0.542255	0.542255	1.837934	1.837934	0.542255	0.542255	0.264365	0.259990	0.359097	0.116548	0.972409	
943000	-306.882124	1	2	1	'0 0 0 0 1 1 Z 0 	D	0.591323	0.591323	0.591323	0.591323	2.741193	2.741193	0.000000	0.591323	0.438564	0.511863	0.049254	0.000319	1.465991	
944000	-305.808926	1	2	1	'0 0 0 0 1 1 Z 0 	D	0.502187	0.502187	0.502187	0.502187	2.159881	2.159881	0.000000	0.502187	0.461196	0.489966	0.048613	0.000226	1.775620	
945000	-305.887293	1	2	1	'0 0 0 0 1 1 Z 0 	D	0.686744	0.686744	0.686744	0.686744	2.222622	2.222622	0.000000	0.686744	0.422882	0.540968	0.035883	0.000268	1.764178	
946000	-306.744186	1	2	1	'0 0 0 0 1 1 Z 0 	D	0.583752	0.583752	0.583752	0.583752	1.673069	1.673069	0.000000	0.583752	0.445252	0.526571	0.028034	0.000143	1.264264	
947000	-307.125374	1	2	1	'0 0 0 0 1 1 Z 0 	D	0.702835	0.702835	0.702835	0.702835	1.757989	1.757989	0.000000	0.702835	0.421365	0.552650	0.025808	0.000177	1.486926	
948000	-306.882994	1	2	0	'0 0 0 0 1 1 0 0 	D	0.390183	0.390183	0.390183	0.390183	2.177446	2.177446	0.390183	0.390183	0.226353	0.162186	0.523645	0.087816	1.374864	
949000	-306.271521	1	2	1	'0 0 0 0 1 1 Z 0 	D	0.579092	0.579092	0.579092	0.579092	1.755209	1.755209	0.000000	0.579092	0.446053	0.523242	0.030547	0.000158	1.930186	
950000	-305.933117	1	2	0	'0 0 0 0 1 1 0 0 	D	0.451695	0.451695	0.451695	0.451695	2.056986	2.056986	0.451695	0.451695	0.244532	0.202293	0.452850	0.100324	1.973093	
951000	-306.438311	1	2	1	'0 0 0 0 1 1 Z 0 	D	0.723045	0.723045	0.723045	0.723045	2.029522	2.029522	0.000000	0.723045	0.417185	0.551482	0.031093	0.000240	1.396838	
952000	-306.338247	1	2	1	'0 0 0 0 1 1 Z 0 	D	0.478499	0.478499	0.478499	0.478499	1.922366	1.922366	0.000000	0.478499	0.468385	0.485412	0.046014	0.000189	0.755915	
953000	-305.488852	1	2	1	'0 0 0 0 1 1 Z 0 	D	0.621197	0.621197	0.621197	0.621197	2.046441	2.046441	0.000000	0.621197	0.436113	0.528466	0.035203	0.000217	0.520860	
954000	-305.579733	1	2	1	'0 0 0 0 1 1 Z 0 	D	0.588815	0.588815	0.588815	0.588815	1.946904	1.946904	0.000000	0.588815	0.443238	0.521740	0.034828	0.000194	1.475776	
955000	-306.513944	1	2	0	'0 0 0 0 1 1 0 0 	D	0.495345	0.495345	0.495345	0.495345	2.396046	2.396046	0.495345	0.495345	0.234469	0.203226	0.454492	0.107813	1.954614	
956000	-310.319354	1	2	1	'0 0 0 0 0 1 Z 0 	D	0.785604	0.785604	0.785604	0.785604	0.785604	2.864478	0.000000	0.785604	0.488971	0.502321	0.008628	0.000080	0.767360	
957000	-306.906578	1	2	0	'1 1 1 1 0 0 1 0 	D	0.288005	0.288005	0.288005	0.288005	2.262775	2.262775	0.288005	2.262775	0.118622	0.102279	0.365773	0.413325	1.449216	
958000	-306.091646	1	2	0	'0 0 0 0 1 1 0 1 	D	0.294722	0.294722	0.294722	0.294722	2.137099	2.137099	0.294722	2.137099	0.128501	0.111124	0.362460	0.397915	1.370842	
959000	-306.268707	1	2	0	'1 1 1 1 0 0 1 0 	D	0.258276	0.258276	0.258276	0.258276	1.481239	1.481239	0.258276	1.481239	0.163108	0.127183	0.371866	0.337844	0.768361	
960000	-306.196256	1	2	0	'1 1 1 1 0 0 1 0 	D	0.255764	0.255764	0.255764	0.255764	1.943671	1.943671	0.255764	1.943671	0.120193	0.094774	0.382861	0.402172	1.532023	
961000	-307.076376	1	2	0	'1 1 1 1 0 0 1 0 	D	0.242461	0.242461	0.242461	0.242461	1.423225	1.423225	0.242461	1.423225	0.159508	0.120151	0.381319	0.339022	1.011744	
962000	-306.271054	1	2	0	'1 1 1 1 0 0 1 0 	D	0.243889	0.243889	0.243889	0.243889	1.651132	1.651132	0.243889	1.651132	0.135766	0.102931	0.387768	0.373535	1.532728	
963000	-305.609996	1	2	0	'1 1 1 1 0 0 1 0 	D	0.286188	0.286188	0.286188	0.286188	1.989273	1.989273	0.286188	1.989273	0.133451	0.112349	0.366183	0.388017	1.211051	
964000	-306.381722	1	2	0	'1 1 1 1 0 0 1 0 	D	0.320964	0.320964	0.320964	0.320964	2.250856	2.250856	0.320964	2.250856	0.134092	0.122778	0.349935	0.393196	0.896589	
965000	-307.119988	1	2	0	'1 1 1 1 0 0 1 0 	D	0.222957	0.222957	0.222957	0.222957	1.806049	1.806049	0.222957	1.806049	0.109945	0.079822	0.401962	0.408270	1.709382	
966000	-305.645750	1	2	0	'0 0 0 0 1 1 0 1 	D	0.270904	0.270904	0.270904	0.270904	1.890158	1.890158	0.270904	1.890158	0.132268	0.107352	0.373981	0.386399	1.459069	
967000	-306.112351	1	2	0	'0 0 0 0 1 1 0 1 	D	0.255771	0.255771	0.255771	0.255771	1.914036	1.914036	0.255771	1.914036	0.122163	0.096164	0.382818	0.398854	1.240456	
968000	-305.326951	1	2	0	'0 0 0 0 1 1 0 1 	D	0.357300	0.357300	0.357300	0.357300	2.084614	2.084614	0.357300	2.084614	0.159062	0.152842	0.330187	0.357908	1.789033	
969000	-305.424493	1	2	0	'0 0 0 0 1 1 0 1 	D	0.292868	0.292868	0.292868	0.292868	1.969835	1.969835	0.292868	1.969835	0.138153	0.117679	0.362317	0.381851	1.145459	
970000	-305.174960	1	2	0	'0 0 0 0 1 1 0 1 	D	0.323438	0.323438	0.323438	0.323438	2.008111	2.008111	0.323438	2.008111	0.150050	0.135517	0.346220	0.368213	0.452114	
971000	-305.176958	1	2	0	'0 0 0 0 1 1 0 1 	D	0.306058	0.306058	0.306058	0.306058	1.953928	1.953928	0.306058	1.953928	0.145784	0.127173	0.354791	0.372252	0.971010	
972000	-305.967239	1	2	0	'0 0 0 0 1 1 0 1 	D	0.264083	0.264083	0.264083	0.264083	1.515818	1.515818	0.264083	1.515818	0.162758	0.128516	0.369165	0.339561	1.338074	
973000	-307.033272	1	2	0	'0 0 0 0 1 1 0 1 	D	0.245488	0.245488	0.245488	0.245488	1.412267	1.412267	0.245488	1.412267	0.163054	0.123649	0.378303	0.334993	0.515638	
974000	-305.236116	1	2	0	'0 0 0 0 1 1 0 1 	D	0.345847	0.345847	0.345847	0.345847	2.057415	2.057415	0.345847	2.057415	0.156299	0.147136	0.335422	0.361143	0.992693	
975000	-306.064708	1	2	0	'0 0 0 0 1 1 0 1 	D	0.281497	0.281497	0.281497	0.281497	2.080014	2.080014	0.281497	2.080014	0.125357	0.105205	0.369135	0.400303	1.249227	
976000	-305.973996	1	2	0	'0 0 0 0 1 1 0 1 	D	0.251642	0.251642	0.251642	0.251642	1.712530	1.712530	0.251642	1.712530	0.135162	0.104454	0.383664	0.376720	0.911049	
977000	-304.888979	1	2	0	'0 0 0 0 1 1 0 1 	D	0.316193	0.316193	0.316193	0.316193	1.892154	1.892154	0.316193	1.892154	0.155300	0.137489	0.347923	0.359288	1.924654	
978000	-306.391420	1	2	0	'0 0 0 0 1 1 0 1 	D	0.331912	0.331912	0.331912	0.331912	2.267071	2.267071	0.331912	2.267071	0.137847	0.128813	0.344800	0.388539	1.701338	
979000	-305.079082	1	2	0	'0 0 0 0 1 1 0 1 	D	0.350497	0.350497	0.350497	0.350497	2.021798	2.021798	0.350497	2.021798	0.160674	0.152042	0.332324	0.354961	1.240363	
980000	-305.766423	1	2	0	'0 0 0 0 1 1 0 1 	D	0.279141	0.279141	0.279141	0.279141	1.993531	1.993531	0.279141	1.993531	0.129544	0.107577	0.370077	0.392802	0.913368	
981000	-301.906368	1	3	0	'0 0 0 0 2 1 0 2 	D	0.490857	0.490857	0.490857	0.490857	1.336197	3.232583	0.490857	1.336197	0.301806	0.255146	0.307548	0.135500	1.933137	
982000	-304.765559	1	2	0	'0 0 0 0 1 1 0 1 	D	0.314558	0.314558	0.314558	0.314558	1.818650	1.818650	0.314558	1.818650	0.160547	0.141164	0.346985	0.351304	0.898279	
983000	-306.764283	1	2	0	'0 0 0 0 1 1 0 1 	D	0.400479	0.400479	0.400479	0.400479	2.326127	2.326127	0.400479	2.326127	0.159799	0.167050	0.314387	0.358764	1.501987	
984000	-305.813396	1	2	0	'0 0 0 0 1 1 0 1 	D	0.257191	0.257191	0.257191	0.257191	1.755197	1.755197	0.257191	1.755197	0.134904	0.105690	0.380745	0.378661	0.990427	
985000	-304.851487	1	2	0	'0 0 0 0 1 1 0 1 	D	0.319156	0.319156	0.319156	0.319156	1.888753	1.888753	0.319156	1.888753	0.156965	0.139672	0.346167	0.357196	1.857188	
986000	-305.871340	1	2	0	'0 0 0 0 1 1 0 1 	D	0.255192	0.255192	0.255192	0.255192	1.690095	1.690095	0.255192	1.690095	0.139326	0.108420	0.380949	0.371304	1.117306	
987000	-305.071006	1	2	0	'0 0 0 0 1 1 0 1 	D	0.341603	0.341603	0.341603	0.341603	2.011550	2.011550	0.341603	2.011550	0.157722	0.146976	0.336706	0.358597	1.363649	
988000	-305.398227	1	2	0	'0 0 0 0 1 1 0 1 	D	0.273860	0.273860	0.273860	0.273860	1.782766	1.782766	0.273860	1.782766	0.142270	0.115546	0.370765	0.371418	1.765342	
989000	-306.207061	1	2	0	'0 0 0 0 1 1 0 1 	D	0.244651	0.244651	0.244651	0.244651	1.704599	1.704599	0.244651	1.704599	0.131496	0.100034	0.388096	0.380374	0.377196	
990000	-305.331479	1	2	0	'0 0 0 0 1 1 0 1 	D	0.294011	0.294011	0.294011	0.294011	1.946437	1.946437	0.294011	1.946437	0.140373	0.119659	0.361403	0.378565	0.826147	
991000	-305.188115	1	2	0	'0 0 0 0 1 1 0 1 	D	0.335994	0.335994	0.335994	0.335994	2.034670	2.034670	0.335994	2.034670	0.153722	0.142123	0.340072	0.364083	1.853958	
992000	-306.291774	1	2	0	'0 0 0 0 1 1 0 0 	D	0.451140	0.451140	0.451140	0.451140	2.272810	2.272810	0.451140	0.451140	0.233884	0.189472	0.476987	0.099657	1.184161	
993000	-308.230444	1	2	1	'0 0 0 0 1 1 Z 0 	D	0.459879	0.459879	0.459879	0.459879	1.589326	1.589326	0.000000	0.459879	0.475195	0.487678	0.036997	0.000131	0.884180	
994000	-306.901145	1	2	1	'0 0 0 0 1 1 Z 0 	D	0.760682	0.760682	0.760682	0.760682	2.085488	2.085488	0.000000	0.760682	0.410764	0.557625	0.031345	0.000266	1.297447	
995000	-306.057559	1	2	0	'0 0 0 0 1 1 0 0 	D	0.523150	0.523150	0.523150	0.523150	2.207796	2.207796	0.523150	0.523150	0.244680	0.224821	0.417174	0.113324	1.132268	
996000	-305.993279	1	2	0	'0 0 0 0 1 1 0 0 	D	0.522397	0.522397	0.522397	0.522397	1.884526	1.884526	0.522397	0.522397	0.260886	0.247816	0.378088	0.113210	1.780997	
997000	-305.909990	1	2	1	'0 0 0 0 1 1 Z 0 	D	0.685867	0.685867	0.685867	0.685867	2.096384	2.096384	0.000000	0.685867	0.423530	0.542727	0.033500	0.000243	0.888085	
998000	-307.929088	1	2	1	'0 0 0 0 1 1 Z 0 	D	0.820965	0.820965	0.820965	0.820965	2.112653	2.112653	0.000000	0.820965	0.401488	0.567333	0.030880	0.000299	1.781129	
999000	-306.902143	1	2	0	'0 0 0 0 1 1 0 0 	D	0.421464	0.421464	0.421464	0.421464	1.670112	1.670112	0.421464	0.421464	0.264670	0.217575	0.422017	0.095738	1.776543	
1000000	-306.059031	1	2	0	'0 0 0 0 1 1 0 0 	D	0.434509	0.434509	0.434509	0.434509	1.982370	1.982370	0.434509	0.434509	0.245998	0.198446	0.458272	0.097283	1.927420	
1001000	-307.817310	1	2	1	'0 0 0 0 1 1 Z 0 	D	0.818481	0.818481	0.818481	0.818481	2.258902	2.258902	0.000000	0.818481	0.401403	0.564767	0.033497	0.000333	1.277638	
1002000	-305.695192	1	2	1	'0 0 0 0 1 1 Z 0 	D	0.532340	0.532340	0.532340	0.532340	1.958983	1.958983	0.000000	0.532340	0.455622	0.504384	0.039801	0.000193	1.903200	
1003000	-306.624087	1	2	0	'0 0 0 0 1 1 0 0 	D	0.415344	0.415344	0.415344	0.415344	1.763671	1.763671	0.415344	0.415344	0.256667	0.205034	0.443936	0.094364	0.553000	
1004000	-306.510862	1	2	0	'0 0 0 0 1 1 0 0 	D	0.502807	0.502807	0.502807	0.502807	2.394623	2.394623	0.502807	0.502807	0.235281	0.206391	0.449095	0.109233	1.674685	
1005000	-306.058207	1	2	0	'0 0 0 0 1 1 0 0 	D	0.545442	0.545442	0.545442	0.545442	1.949958	1.949958	0.545442	0.545442	0.258261	0.251647	0.372775	0.117316	1.678355	
1006000	-309.280861	1	2	0	'0 0 0 0 0 1 0 0 	D	0.593131	0.593131	0.593131	0.593131	0.593131	3.185887	0.593131	0.593131	0.580930	0.257190	0.131134	0.030746	1.149334	
1007000	-311.139557	1	2	0	'0 0 0 0 0 1 0 0 	D	0.709129	0.709129	0.709129	0.709129	0.709129	2.123208	0.709129	0.709129	0.408611	0.387985	0.133270	0.070134	1.864651	
1008000	-306.590254	1	3	0	'1 1 2 1 0 0 1 0 	D	0.239731	0.239731	0.931066	0.239731	1.444981	1.444981	0.239731	1.444981	0.087191	0.385458	0.261334	0.266017	0.682760	
1009000	-310.127742	1	2	0	'0 0 1 0 1 1 0 1 	D	0.380885	0.380885	1.272687	0.380885	1.272687	1.272687	0.380885	1.272687	0.117300	0.527173	0.162622	0.192905	1.153836	
1010000	-310.565656	1	2	0	'0 0 1 0 1 1 0 1 	D	0.446279	0.446279	1.213937	0.446279	1.213937	1.213937	0.446279	1.213937	0.141657	0.532446	0.146281	0.179615	0.527426	
1011000	-310.173981	1	2	0	'0 0 1 0 1 1 0 1 	D	0.278535	0.278535	1.225809	0.278535	1.225809	1.225809	0.278535	1.225809	0.091719	0.514229	0.188941	0.205111	1.285449	
1012000	-310.173532	1	2	0	'0 0 1 0 1 1 0 1 	D	0.368580	0.368580	1.068805	0.368580	1.068805	1.068805	0.368580	1.068805	0.141453	0.541268	0.149940	0.167339	1.268797	
1013000	-309.999274	1	2	0	'0 0 1 0 1 1 0 1 	D	0.310278	0.310278	1.103261	0.310278	1.103261	1.103261	0.310278	1.103261	0.116694	0.532815	0.169148	0.181344	1.271021	
1014000	-311.176499	1	2	0	'0 0 1 0 1 1 0 1 	D	0.293864	0.293864	1.429266	0.293864	1.429266	1.429266	0.293864	1.429266	0.079341	0.498995	0.194748	0.226916	1.373115	
1015000	-306.428501	1	2	0	'0 0 0 0 1 1 0 0 	D	0.560400	0.560400	0.560400	0.560400	2.270211	2.270211	0.560400	0.560400	0.243992	0.235068	0.400778	0.120163	0.462640	
1016000	-306.029751	1	2	0	'0 0 0 0 1 1 0 0 	D	0.444860	0.444860	0.444860	0.444860	1.902099	1.902099	0.444860	0.444860	0.252396	0.209871	0.438311	0.099422	1.639186	
1017000	-306.056427	1	2	0	'0 0 0 0 1 1 0 0 	D	0.496306	0.496306	0.496306	0.496306	2.237926	2.237926	0.496306	0.496306	0.241130	0.211952	0.438616	0.108301	0.375170	
1018000	-305.431709	1	2	1	'0 0 0 0 1 1 Z 0 	D	0.598147	0.598147	0.598147	0.598147	2.276616	2.276616	0.000000	0.598147	0.439696	0.518776	0.041275	0.000253	1.103991	
1019000	-306.775753	1	2	0	'0 0 0 0 1 1 0 0 	D	0.430923	0.430923	0.430923	0.430923	1.675883	1.675883	0.430923	0.430923	0.265742	0.222455	0.414411	0.097392	1.489723	
1020000	-306.480716	1	2	1	'1 1 1 1 0 0 Z 1 	D	0.540702	0.540702	0.540702	0.540702	1.728936	1.728936	0.000000	0.540702	0.454802	0.512513	0.032533	0.000152	1.285256	
1021000	-305.689939	1	2	1	'1 1 1 1 0 0 Z 1 	D	0.645970	0.645970	0.645970	0.645970	2.006100	2.006100	0.000000	0.645970	0.431367	0.535265	0.033153	0.000215	1.598779	
1022000	-306.280734	1	2	0	'1 1 1 1 0 0 1 1 	D	0.429140	0.429140	0.429140	0.429140	2.178502	2.178502	0.429140	0.429140	0.234591	0.183445	0.486307	0.095657	0.873055	
1023000	-306.066152	1	2	1	'1 1 1 1 0 0 Z 1 	D	0.669267	0.669267	0.669267	0.669267	1.926303	1.926303	0.000000	0.669267	0.427172	0.542101	0.030522	0.000204	0.713611	
1024000	-305.647126	1	2	1	'1 1 1 1 0 0 Z 1 	D	0.550830	0.550830	0.550830	0.550830	1.938611	1.938611	0.000000	0.550830	0.451562	0.510756	0.037493	0.000190	0.914779	
1025000	-306.631089	1	2	0	'1 1 1 1 0 0 1 1 	D	0.580463	0.580463	0.580463	0.580463	2.273630	2.273630	0.580463	0.580463	0.244444	0.241731	0.389954	0.123872	0.925742	
1026000	-306.086038	1	2	1	'1 1 1 1 0 0 Z 1 	D	0.482370	0.482370	0.482370	0.482370	2.183017	2.183017	0.000000	0.482370	0.465516	0.481842	0.052412	0.000230	1.712991	
1027000	-305.426427	1	2	1	'1 1 1 1 0 0 Z 1 	D	0.581895	0.581895	0.581895	0.581895	2.273323	2.273323	0.000000	0.581895	0.443073	0.514288	0.042390	0.000249	0.725402	
1028000	-306.142217	1	2	0	'1 1 1 1 0 0 1 1 	D	0.553810	0.553810	0.553810	0.553810	2.133196	2.133196	0.553810	0.553810	0.249597	0.241308	0.390135	0.118960	1.358461	
1029000	-307.100947	1	2	0	'1 1 1 1 0 0 1 1 	D	0.555707	0.555707	0.555707	0.555707	1.635345	1.635345	0.555707	0.555707	0.277255	0.285827	0.319027	0.117891	1.241774	
1030000	-306.133663	1	2	0	'1 1 1 1 0 0 1 1 	D	0.553589	0.553589	0.553589	0.553589	1.942154	1.942154	0.553589	0.553589	0.258916	0.255387	0.366965	0.118731	1.220435	
1031000	-309.283355	1	2	0	'0 0 0 0 0 1 0 0 	D	0.648439	0.648439	0.648439	0.648439	0.648439	2.928988	0.648439	0.648439	0.518785	0.300647	0.137708	0.042860	1.962224	
1032000	-311.045349	1	2	1	'0 0 0 0 0 1 Z 0 	D	0.684285	0.684285	0.684285	0.684285	0.684285	2.259278	0.000000	0.684285	0.495217	0.495878	0.008845	0.000060	0.984278	
1033000	-306.120077	1	3	1	'0 2 0 2 0 1 Z 0 	D	1.031113	0.331795	1.031113	0.331795	1.031113	3.330978	0.000000	1.031113	0.395510	0.582290	0.021701	0.000499	1.959842	
1034000	-309.822587	1	2	0	'0 0 0 0 0 1 0 0 	D	0.515966	0.515966	0.515966	0.515966	0.515966	3.219342	0.515966	0.515966	0.647672	0.206131	0.125944	0.020253	1.395651	
1035000	-310.736881	1	2	1	'0 0 0 0 0 1 Z 0 	D	0.831845	0.831845	0.831845	0.831845	0.831845	3.116276	0.000000	0.831845	0.481842	0.509776	0.008295	0.000087	0.848033	
1036000	-310.216210	1	2	1	'1 0 0 0 1 1 Z 1 	D	1.492093	0.353146	0.353146	0.353146	1.492093	1.492093	0.000000	1.492093	0.689746	0.259531	0.048264	0.002459	1.150109	
1037000	-305.969481	1	2	1	'0 0 0 0 1 1 Z 0 	D	0.511102	0.511102	0.511102	0.511102	1.911882	1.911882	0.000000	0.511102	0.460787	0.498095	0.040933	0.000185	0.864455	
1038000	-306.700122	1	2	0	'0 0 0 0 1 1 0 0 	D	0.600014	0.600014	0.600014	0.600014	1.913617	1.913617	0.600014	0.600014	0.260750	0.274096	0.338422	0.126733	1.973708	
1039000	-306.381053	1	2	1	'0 0 0 0 1 1 Z 0 	D	0.624952	0.624952	0.624952	0.624952	2.620704	2.620704	0.000000	0.624952	0.432566	0.521783	0.045338	0.000314	0.960886	
1040000	-308.251749	1	2	1	'0 0 0 0 1 1 Z 0 	D	0.585626	0.585626	0.585626	0.585626	2.986580	2.986580	0.000000	0.585626	0.438410	0.508500	0.052743	0.000347	1.060197	
1041000	-306.676030	1	2	0	'0 0 0 0 1 1 0 0 	D	0.564311	0.564311	0.564311	0.564311	1.750011	1.750011	0.564311	0.564311	0.269954	0.276857	0.333240	0.119949	1.986179	
1042000	-307.082961	1	2	1	'0 0 0 0 1 1 Z 0 	D	0.471293	0.471293	0.471293	0.471293	1.744222	1.744222	0.000000	0.471293	0.471375	0.487250	0.041216	0.000158	1.491767	
1043000	-308.640667	1	2	1	'0 0 0 0 1 1 Z 0 	D	0.386460	0.386460	0.386460	0.386460	2.289496	2.289496	0.000000	0.386460	0.484233	0.430221	0.085276	0.000271	0.511900	
1044000	-306.337590	1	2	1	'0 0 0 0 1 1 Z 0 	D	0.655923	0.655923	0.655923	0.655923	2.572296	2.572296	0.000000	0.655923	0.426934	0.529743	0.043006	0.000318	1.023576	
1045000	-305.877391	1	2	1	'0 0 0 0 1 1 Z 0 	D	0.662375	0.662375	0.662375	0.662375	1.976088	1.976088	0.000000	0.662375	0.428318	0.539619	0.031850	0.000213	1.333762	
1046000	-306.360091	1	2	0	'1 1 1 1 0 0 1 1 	D	0.440863	0.440863	0.440863	0.440863	1.763024	1.763024	0.440863	0.440863	0.260889	0.219544	0.420577	0.098989	1.888530	
1047000	-306.083196	1	2	0	'1 1 1 1 0 0 1 1 	D	0.505542	0.505542	0.505542	0.505542	2.245719	2.245719	0.505542	0.505542	0.241648	0.215413	0.432927	0.110012	0.970953	
1048000	-306.604306	1	2	0	'1 1 1 1 0 0 1 1 	D	0.600037	0.600037	0.600037	0.600037	2.065661	2.065661	0.600037	0.600037	0.253432	0.261956	0.357409	0.127202	1.621671	
1049000	-309.402781	1	2	0	'1 1 1 1 0 0 1 1 	D	0.389876	0.389876	0.389876	0.389876	2.756548	2.756548	0.389876	0.389876	0.202781	0.140608	0.570831	0.085780	1.658671	
1050000	-306.397332	1	2	0	'1 1 1 1 0 0 1 1 	D	0.569391	0.569391	0.569391	0.569391	1.870016	1.870016	0.569391	0.569391	0.263068	0.267372	0.348270	0.121290	0.665609	
1051000	-310.022767	1	2	0	'1 1 1 1 1 0 1 1 	D	0.602280	0.602280	0.602280	0.602280	0.602280	2.278391	0.602280	0.602280	0.487517	0.327696	0.137785	0.047001	1.307004	
1052000	-311.944145	1	2	0	'1 1 1 1 1 0 1 1 	D	0.763282	0.763282	0.763282	0.763282	0.763282	2.106114	0.763282	0.763282	0.383547	0.403204	0.132507	0.080742	1.817797	
1053000	-310.141001	1	2	0	'1 1 1 1 1 0 1 1 	D	0.538428	0.538428	0.538428	0.538428	0.538428	3.570381	0.538428	0.538428	0.650896	0.212192	0.116841	0.020071	0.708573	
1054000	-309.873366	1	2	0	'1 1 1 1 1 0 1 1 	D	0.715229	0.715229	0.715229	0.715229	0.715229	3.030876	0.715229	0.715229	0.481359	0.326636	0.139208	0.052797	1.568161	
1055000	-309.291590	1	2	0	'1 1 1 1 1 0 1 1 	D	0.560933	0.560933	0.560933	0.560933	0.560933	2.802098	0.560933	0.560933	0.576543	0.255796	0.136897	0.030764	0.802858	
1056000	-310.695462	1	2	1	'1 1 1 1 1 0 Z 1 	D	0.770776	0.770776	0.770776	0.770776	0.770776	2.442628	0.000000	0.770776	0.468999	0.522543	0.008385	0.000073	1.697314	
1057000	-309.732097	1	2	1	'0 1 1 1 0 0 Z 0 	D	1.442852	0.418859	0.418859	0.418859	1.442852	1.442852	0.000000	1.442852	0.651100	0.309109	0.038276	0.001515	0.563764	
1058000	-306.469166	1	2	1	'1 1 1 1 0 0 Z 1 	D	0.720662	0.720662	0.720662	0.720662	1.997886	1.997886	0.000000	0.720662	0.417688	0.551561	0.030517	0.000233	1.068505	
1059000	-305.585259	1	2	1	'1 1 1 1 0 0 Z 1 	D	0.528038	0.528038	0.528038	0.528038	2.058241	2.058241	0.000000	0.528038	0.456015	0.500979	0.042797	0.000209	0.818809	
1060000	-309.417911	1	2	0	'1 1 1 1 0 0 1 1 	D	0.423151	0.423151	0.423151	0.423151	1.338267	1.338267	0.423151	0.423151	0.294861	0.260483	0.348699	0.095957	1.114699	
1061000	-306.222661	1	2	0	'0 0 0 0 1 1 0 0 	D	0.489622	0.489622	0.489622	0.489622	1.753924	1.753924	0.489622	0.489622	0.266838	0.245138	0.380578	0.107446	1.788303	
1062000	-309.150980	1	2	1	'1 1 1 1 0 0 Z 1 	D	0.368608	0.368608	0.368608	0.368608	2.169580	2.169580	0.000000	0.368608	0.488212	0.418849	0.092674	0.000265	0.878702	
1063000	-307.742347	1	2	0	'1 1 1 1 0 0 1 1 	D	0.665004	0.665004	0.665004	0.665004	1.944512	1.944512	0.665004	0.665004	0.257562	0.290678	0.313575	0.138185	1.559817	
1064000	-308.603826	1	2	0	'1 1 1 1 0 0 1 1 	D	0.348171	0.348171	0.348171	0.348171	1.629082	1.629082	0.348171	0.348171	0.250928	0.173561	0.493605	0.081906	0.579332	
1065000	-309.791973	1	2	0	'1 1 1 1 0 0 1 1 	D	0.448659	0.448659	0.448659	0.448659	1.288930	1.288930	0.448659	0.448659	0.302660	0.283000	0.315086	0.099255	1.035929	
1066000	-308.380487	1	2	1	'1 1 1 1 0 0 Z 1 	D	0.705720	0.705720	0.705720	0.705720	1.580186	1.580186	0.000000	0.705720	0.420960	0.557251	0.021648	0.000141	0.685453	
1067000	-305.728623	1	2	1	'1 1 1 1 0 0 Z 1 	D	0.547099	0.547099	0.547099	0.547099	1.911898	1.911898	0.000000	0.547099	0.452531	0.510156	0.037128	0.000185	1.019483	
1068000	-306.237375	1	2	1	'1 1 1 1 0 0 Z 1 	D	0.582240	0.582240	0.582240	0.582240	1.762495	1.762495	0.000000	0.582240	0.445342	0.523945	0.030554	0.000160	1.336704	
1069000	-308.218018	1	2	0	'0 0 0 0 1 1 0 0 	D	0.523064	0.523064	0.523064	0.523064	2.748309	2.748309	0.523064	0.523064	0.225278	0.199266	0.463144	0.112313	1.813214	
1070000	-307.122171	1	2	1	'0 0 0 0 1 1 Z 0 	D	0.551845	0.551845	0.551845	0.551845	1.620335	1.620335	0.000000	0.551845	0.452560	0.518874	0.028434	0.000132	0.857438	
1071000	-306.745837	1	2	1	'0 0 0 0 1 1 Z 0 	D	0.584765	0.584765	0.584765	0.584765	1.673028	1.673028	0.000000	0.584765	0.445030	0.526849	0.027978	0.000143	0.969353	
1072000	-307.018811	1	2	0	'0 0 0 0 1 1 0 0 	D	0.440118	0.440118	0.440118	0.440118	1.611254	1.611254	0.440118	0.440118	0.272078	0.234525	0.394352	0.099044	1.715521	
1073000	-306.641692	1	2	1	'0 0 0 0 1 1 Z 0 	D	0.482672	0.482672	0.482672	0.482672	1.806080	1.806080	0.000000	0.482672	0.468197	0.490055	0.041579	0.000168	1.095457	
1074000	-305.871957	1	2	1	'0 0 0 0 1 1 Z 0 	D	0.673574	0.673574	0.673574	0.673574	2.031148	2.031148	0.000000	0.673574	0.426024	0.541145	0.032604	0.000226	1.440111	
1075000	-307.123692	1	2	1	'0 0 0 0 1 1 Z 0 	D	0.764114	0.764114	0.764114	0.764114	2.442328	2.442328	0.000000	0.764114	0.408943	0.553235	0.037477	0.000345	1.196164	
1076000	-306.245273	1	2	1	'0 0 0 0 1 1 Z 0 	D	0.497386	0.497386	0.497386	0.497386	1.865336	1.865336	0.000000	0.497386	0.464298	0.494178	0.041347	0.000177	1.827959	
1077000	-305.839871	1	2	0	'1 1 1 1 0 0 1 1 	D	0.498888	0.498888	0.498888	0.498888	2.095427	2.095427	0.498888	0.498888	0.248028	0.221844	0.421143	0.108985	1.878056	
1078000	-306.283822	1	2	0	'1 1 1 1 0 0 1 1 	D	0.500010	0.500010	0.500010	0.500010	1.740744	1.740744	0.500010	0.500010	0.268447	0.251240	0.371128	0.109186	1.225169	
1079000	-306.881237	1	2	1	'1 1 1 1 0 0 Z 1 	D	0.612007	0.612007	0.612007	0.612007	2.742131	2.742131	0.000000	0.612007	0.434457	0.517372	0.047845	0.000326	1.646035	
1080000	-305.742787	1	2	1	'0 0 0 0 1 1 Z 0 	D	0.513384	0.513384	0.513384	0.513384	2.022495	2.022495	0.000000	0.513384	0.459571	0.496561	0.043665	0.000204	1.357874	
1081000	-305.727196	1	2	1	'0 0 0 0 1 1 Z 0 	D	0.587604	0.587604	0.587604	0.587604	1.892022	1.892022	0.000000	0.587604	0.443722	0.522528	0.033566	0.000184	1.298104	
1082000	-306.533579	1	2	0	'0 0 0 0 1 1 0 0 	D	0.568118	0.568118	0.568118	0.568118	1.807196	1.807196	0.568118	0.568118	0.266590	0.272677	0.339890	0.120842	1.003383	
1083000	-305.571902	1	2	1	'0 0 0 0 1 1 Z 0 	D	0.565053	0.565053	0.565053	0.565053	2.343505	2.343505	0.000000	0.565053	0.446220	0.508406	0.045116	0.000257	0.940252	
1084000	-307.537277	1	2	1	'0 0 0 0 1 1 Z 0 	D	0.799862	0.799862	0.799862	0.799862	2.340032	2.340032	0.000000	0.799862	0.403855	0.560659	0.035143	0.000342	1.972091	
1085000	-305.420332	1	2	1	'0 0 0 0 1 1 Z 0 	D	0.609419	0.609419	0.609419	0.609419	2.247796	2.247796	0.000000	0.609419	0.437552	0.522204	0.039993	0.000251	1.047647	
1086000	-305.812893	1	2	0	'0 0 0 0 1 1 0 0 	D	0.480427	0.480427	0.480427	0.480427	2.043372	2.043372	0.480427	0.480427	0.248876	0.217076	0.428372	0.105676	1.428644	
1087000	-307.969203	1	2	0	'0 0 0 0 1 1 0 0 	D	0.505871	0.505871	0.505871	0.505871	1.459508	1.459508	0.505871	0.505871	0.289667	0.286591	0.314843	0.108899	1.099531	
1088000	-311.638844	1	2	0	'0 0 0 0 0 1 0 0 	D	0.670489	0.670489	0.670489	0.670489	0.670489	4.158872	0.670489	0.670489	0.575489	0.278060	0.114131	0.032319	1.128899	
1089000	-309.182696	1	2	0	'0 0 0 0 0 1 0 0 	D	0.622530	0.622530	0.622530	0.622530	0.622530	2.898002	0.622530	0.622530	0.535467	0.288264	0.137226	0.039043	1.568367	
1090000	-310.218557	1	2	0	'0 0 0 0 0 1 0 0 	D	0.537851	0.537851	0.537851	0.537851	0.537851	2.318318	0.537851	0.537851	0.543344	0.281673	0.139858	0.035125	1.383152	
1091000	-311.038442	1	2	1	'0 0 0 0 0 1 Z 0 	D	0.772244	0.772244	0.772244	0.772244	0.772244	3.687008	0.000000	0.772244	0.541795	0.450518	0.007620	0.000067	0.848822	
1092000	-306.233405	1	2	1	'1 1 1 1 0 0 Z 1 	D	0.494148	0.494148	0.494148	0.494148	2.378648	2.378648	0.000000	0.494148	0.461432	0.483828	0.054483	0.000257	0.918399	
1093000	-306.829503	1	2	1	'1 1 1 1 0 0 Z 1 	D	0.709095	0.709095	0.709095	0.709095	2.589180	2.589180	0.000000	0.709095	0.417365	0.541097	0.041194	0.000345	1.521953	
1094000	-310.308991	1	2	0	'0 0 0 0 0 1 0 0 	D	0.565512	0.565512	0.565512	0.565512	0.565512	2.218252	0.565512	0.565512	0.507376	0.312590	0.138111	0.041922	1.805305	
1095000	-311.242403	1	2	1	'0 1 1 1 0 0 Z 0 	D	1.246953	0.340871	0.340871	0.340871	1.246953	1.246953	0.000000	1.246953	0.702824	0.265513	0.030744	0.000920	1.512450	
1096000	-312.082346	1	2	0	'0 1 1 1 0 0 1 0 	D	0.986474	0.360826	0.360826	0.360826	0.986474	0.986474	0.360826	0.986474	0.453651	0.208856	0.181158	0.156335	1.495041	
1097000	-305.823895	1	2	0	'0 0 0 0 1 1 0 0 	D	0.477535	0.477535	0.477535	0.477535	1.969357	1.969357	0.477535	0.477535	0.252581	0.221042	0.421123	0.105253	1.817954	
1098000	-307.056144	1	2	0	'0 0 0 0 1 1 0 0 	D	0.519707	0.519707	0.519707	0.519707	2.524268	2.524268	0.519707	0.519707	0.232072	0.207049	0.448695	0.112185	1.514861	
1099000	-312.532062	1	2	0	'0 0 0 0 0 1 0 0 	D	0.706958	0.706958	0.706958	0.706958	0.706958	1.810588	0.706958	0.706958	0.383126	0.415081	0.124472	0.077321	1.901396	
1100000	-309.679037	1	2	0	'0 0 0 0 0 1 0 0 	D	0.526298	0.526298	0.526298	0.526298	0.526298	2.664802	0.526298	0.526298	0.593348	0.240750	0.138361	0.027540	1.486469	
1101000	-309.568173	1	3	0	'2 2 0 2 2 1 0 2 	D	0.641167	0.641167	0.254945	0.641167	0.641167	3.361615	0.254945	0.641167	0.822903	0.098181	0.071907	0.007008	1.742327	
1102000	-309.356356	1	2	0	'1 1 1 1 1 0 1 1 	D	0.654787	0.654787	0.654787	0.654787	0.654787	3.074111	0.654787	0.654787	0.525380	0.296643	0.136203	0.041774	1.725625	
1103000	-310.339247	1	2	0	'1 1 1 1 1 0 1 1 	D	0.737822	0.737822	0.737822	0.737822	0.737822	2.617120	0.737822	0.737822	0.436718	0.358499	0.140336	0.064448	1.062000	
1104000	-306.384597	1	2	1	'1 1 1 1 0 0 Z 1 	D	0.729626	0.729626	0.729626	0.729626	2.233132	2.233132	0.000000	0.729626	0.415370	0.549569	0.034776	0.000285	1.910884	
1105000	-305.391164	1	2	1	'1 1 1 1 0 0 Z 1 	D	0.612981	0.612981	0.612981	0.612981	2.177275	2.177275	0.000000	0.612981	0.437179	0.524189	0.038393	0.000239	1.599911	
1106000	-308.053332	1	2	0	'1 1 1 1 0 0 1 1 	D	0.460834	0.460834	0.460834	0.460834	2.698339	2.698339	0.460834	0.460834	0.219276	0.175988	0.504411	0.100325	1.765182	
1107000	-306.466253	1	2	0	'1 1 1 1 0 0 1 1 	D	0.437162	0.437162	0.437162	0.437162	1.739951	1.739951	0.437162	0.437162	0.261972	0.219666	0.419988	0.098375	1.479906	
1108000	-306.036529	1	2	0	'1 1 1 1 0 0 1 1 	D	0.514449	0.514449	0.514449	0.514449	2.213382	2.213382	0.514449	0.514449	0.243802	0.220977	0.423510	0.111711	1.134560	
1109000	-305.693023	1	2	1	'1 1 1 1 0 0 Z 1 	D	0.514902	0.514902	0.514902	0.514902	2.195831	2.195831	0.000000	0.514902	0.458085	0.494047	0.047637	0.000231	1.414854	
1110000	-305.389658	1	2	1	'1 1 1 1 0 0 Z 1 	D	0.566425	0.566425	0.566425	0.566425	2.081685	2.081685	0.000000	0.566425	0.447395	0.512772	0.039618	0.000216	0.491243	
1111000	-303.655024	1	3	0	'1 2 1 1 0 0 2 1 	D	0.657230	0.288111	0.657230	0.657230	2.416063	2.416063	0.288111	0.657230	0.311275	0.375378	0.236448	0.076899	0.957895	
1112000	-305.428963	1	2	1	'1 1 1 1 0 0 Z 1 	D	0.623884	0.623884	0.623884	0.623884	2.166629	2.166629	0.000000	0.623884	0.435043	0.527155	0.037562	0.000240	1.752877	
1113000	-305.835943	1	2	0	'1 1 1 1 0 0 1 1 	D	0.501804	0.501804	0.501804	0.501804	2.085021	2.085021	0.501804	0.501804	0.248795	0.223806	0.417870	0.109529	1.705800	
1114000	-307.113649	1	2	1	'1 1 1 1 0 0 Z 1 	D	0.729907	0.729907	0.729907	0.729907	1.836605	1.836605	0.000000	0.729907	0.416483	0.556376	0.026940	0.000201	0.950140	
1115000	-305.956722	1	2	0	'1 1 1 1 0 0 1 1 	D	0.528941	0.528941	0.528941	0.528941	2.116713	2.116713	0.528941	0.528941	0.249190	0.232921	0.403444	0.114445	1.071145	
1116000	-308.504554	1	2	0	'1 1 1 1 0 0 1 1 	D	0.336421	0.336421	0.336421	0.336421	1.745560	1.745560	0.336421	0.336421	0.237894	0.154668	0.529023	0.078415	1.675323	
1117000	-306.092357	1	2	1	'1 1 1 1 0 0 Z 1 	D	0.677307	0.677307	0.677307	0.677307	1.944755	1.944755	0.000000	0.677307	0.425612	0.543526	0.030652	0.000210	1.463015	
1118000	-305.359473	1	2	1	'1 1 1 1 0 0 Z 1 	D	0.586133	0.586133	0.586133	0.586133	2.101449	2.101449	0.000000	0.586133	0.443087	0.518144	0.038547	0.000221	1.476091	
1119000	-305.859169	1	2	1	'1 1 1 1 0 0 Z 1 	D	0.622371	0.622371	0.622371	0.622371	1.884020	1.884020	0.000000	0.622371	0.436493	0.531855	0.031465	0.000187	1.593966	
1120000	-306.203527	1	2	0	'1 1 1 1 0 0 1 1 	D	0.509637	0.509637	0.509637	0.509637	1.773075	1.773075	0.509637	0.509637	0.266929	0.252413	0.369794	0.110865	1.658092	
1121000	-306.499845	1	2	1	'1 1 1 1 0 0 Z 1 	D	0.476134	0.476134	0.476134	0.476134	2.374977	2.374977	0.000000	0.476134	0.465439	0.476635	0.057669	0.000258	1.368625	
1122000	-305.478840	1	2	1	'1 1 1 1 0 0 Z 1 	D	0.632471	0.632471	0.632471	0.632471	2.210251	2.210251	0.000000	0.632471	0.433146	0.528639	0.037966	0.000249	1.189516	
1123000	-305.718484	1	2	1	'1 1 1 1 0 0 Z 1 	D	0.650139	0.650139	0.650139	0.650139	2.006694	2.006694	0.000000	0.650139	0.430556	0.536238	0.032990	0.000216	1.643120	
1124000	-307.080585	1	2	1	'1 1 1 1 0 0 Z 1 	D	0.716093	0.716093	0.716093	0.716093	1.801149	1.801149	0.000000	0.716093	0.418941	0.554404	0.026466	0.000190	1.430385	
1125000	-307.507579	1	2	0	'1 1 1 1 0 0 1 1 	D	0.601898	0.601898	0.601898	0.601898	1.667293	1.667293	0.601898	0.601898	0.274583	0.298826	0.301025	0.125566	1.074623	
1126000	-307.729309	1	2	1	'1 1 1 1 0 0 Z 1 	D	0.516907	0.516907	0.516907	0.516907	1.564115	1.564115	0.000000	0.516907	0.460998	0.509584	0.029296	0.000122	1.115406	
1127000	-309.389038	1	2	1	'1 1 1 1 0 0 Z 1 	D	0.891123	0.891123	0.891123	0.891123	2.130012	2.130012	0.000000	0.891123	0.391899	0.577265	0.030495	0.000341	1.476771	
1128000	-308.268684	1	2	0	'1 1 1 1 0 0 1 1 	D	0.450577	0.450577	0.450577	0.450577	2.721410	2.721410	0.450577	0.450577	0.216863	0.170664	0.514245	0.098228	0.853917	
1129000	-305.776762	1	2	1	'1 1 1 1 0 0 Z 1 	D	0.511987	0.511987	0.511987	0.511987	2.250600	2.250600	0.000000	0.511987	0.458366	0.492177	0.049218	0.000239	1.963627	
1130000	-307.812283	1	2	1	'1 1 1 1 0 0 Z 1 	D	0.489553	0.489553	0.489553	0.489553	1.587048	1.587048	0.000000	0.489553	0.467687	0.499327	0.032859	0.000127	1.620084	
1131000	-305.910482	1	2	0	'1 1 1 1 0 0 1 1 	D	0.487567	0.487567	0.487567	0.487567	2.158349	2.158349	0.487567	0.487567	0.243889	0.212838	0.436464	0.106809	1.119594	
1132000	-305.999426	1	2	0	'1 1 1 1 0 0 1 1 	D	0.518011	0.518011	0.518011	0.518011	2.186186	2.186186	0.518011	0.518011	0.245281	0.224075	0.418246	0.112398	1.290596	
1133000	-305.859543	1	2	0	'1 1 1 1 0 0 1 1 	D	0.486894	0.486894	0.486894	0.486894	2.118646	2.118646	0.486894	0.486894	0.245736	0.215024	0.432491	0.106749	0.849220	
1134000	-305.385384	1	2	1	'1 1 1 1 0 0 Z 1 	D	0.560439	0.560439	0.560439	0.560439	2.141127	2.141127	0.000000	0.560439	0.448367	0.509955	0.041453	0.000225	1.431753	
1135000	-305.845707	1	2	1	'1 1 1 1 0 0 Z 1 	D	0.666230	0.666230	0.666230	0.666230	2.354345	2.354345	0.000000	0.666230	0.426056	0.534635	0.039023	0.000285	1.470435	
1136000	-310.075371	1	2	0	'1 1 1 1 0 0 1 1 	D	0.647225	0.647225	0.647225	0.647225	2.867584	2.867584	0.647225	0.647225	0.226938	0.232845	0.403977	0.136239	1.298413	
1137000	-307.580443	1	2	1	'1 1 1 1 0 0 Z 1 	D	0.780221	0.780221	0.780221	0.780221	2.531742	2.531742	0.000000	0.780221	0.406086	0.555016	0.038525	0.000373	1.917781	
1138000	-306.354304	1	2	1	'1 1 1 1 0 0 Z 1 	D	0.613520	0.613520	0.613520	0.613520	2.619967	2.619967	0.000000	0.613520	0.434799	0.518873	0.046018	0.000310	0.971461	
1139000	-307.106132	1	2	0	'1 1 1 1 0 0 1 1 	D	0.624492	0.624492	0.624492	0.624492	2.223571	2.223571	0.624492	0.624492	0.246668	0.258544	0.362849	0.131939	0.751004	
1140000	-305.360936	1	2	1	'1 1 1 1 0 0 Z 1 	D	0.585555	0.585555	0.585555	0.585555	2.098499	2.098499	0.000000	0.585555	0.443224	0.518031	0.038524	0.000221	1.734500	
1141000	-306.007226	1	2	1	'1 1 1 1 0 0 Z 1 	D	0.586520	0.586520	0.586520	0.586520	1.814126	1.814126	0.000000	0.586520	0.444244	0.523930	0.031657	0.000170	1.232805	
1142000	-306.155348	1	2	0	'1 1 1 1 0 0 1 1 	D	0.494477	0.494477	0.494477	0.494477	1.776446	1.776446	0.494477	0.494477	0.265730	0.245247	0.380730	0.108293	1.210165	
1143000	-305.437328	1	2	1	'1 1 1 1 0 0 Z 1 	D	0.547641	0.547641	0.547641	0.547641	2.120055	2.120055	0.000000	0.547641	0.451280	0.506320	0.042179	0.000220	1.183395	
1144000	-307.710878	1	2	1	'1 1 1 1 0 0 Z 1 	D	0.573228	0.573228	0.573228	0.573228	1.543733	1.543733	0.000000	0.573228	0.447806	0.527172	0.024903	0.000119	0.931714	
1145000	-307.544546	1	2	0	'1 1 1 1 0 0 1 1 	D	0.360262	0.360262	0.360262	0.360262	1.833000	1.833000	0.360262	0.360262	0.238892	0.164637	0.513364	0.083107	1.385607	
1146000	-306.804923	1	2	1	'1 1 1 1 0 0 Z 1 	D	0.446470	0.446470	0.446470	0.446470	1.981101	1.981101	0.000000	0.446470	0.475397	0.469917	0.054482	0.000204	0.802465	
1147000	-306.346197	1	2	0	'1 1 1 1 0 0 1 1 	D	0.572372	0.572372	0.572372	0.572372	1.920302	1.920302	0.572372	0.572372	0.260402	0.264085	0.353556	0.121957	0.859181	
1148000	-306.618267	1	2	0	'1 1 1 1 0 0 1 1 	D	0.575008	0.575008	0.575008	0.575008	1.804624	1.804624	0.575008	0.575008	0.266761	0.275414	0.335830	0.121995	1.471961	
1149000	-306.760699	1	2	1	'1 1 1 1 0 0 Z 1 	D	0.540029	0.540029	0.540029	0.540029	1.680606	1.680606	0.000000	0.540029	0.455131	0.513596	0.031130	0.000143	1.954261	
1150000	-306.305596	1	2	1	'1 1 1 1 0 0 Z 1 	D	0.723724	0.723724	0.723724	0.723724	2.224296	2.224296	0.000000	0.723724	0.416401	0.548544	0.034773	0.000281	0.780174	
1151000	-306.005185	1	2	1	'1 1 1 1 0 0 Z 1 	D	0.579213	0.579213	0.579213	0.579213	1.813252	1.813252	0.000000	0.579213	0.445832	0.521913	0.032087	0.000169	0.874001	
1152000	-306.334880	1	2	0	'1 1 1 1 0 0 1 1 	D	0.571306	0.571306	0.571306	0.571306	1.920044	1.920044	0.571306	0.571306	0.260404	0.263727	0.354098	0.121771	1.981725	
1153000	-307.704151	1	2	0	'1 1 1 1 0 0 1 1 	D	0.580548	0.580548	0.580548	0.580548	2.581276	2.581276	0.580548	0.580548	0.233679	0.225798	0.416824	0.123699	1.321219	
1154000	-307.923703	1	2	0	'1 1 1 1 0 0 1 1 	D	0.678409	0.678409	0.678409	0.678409	2.066428	2.066428	0.678409	0.678409	0.251665	0.284270	0.322853	0.141212	0.962686	
1155000	-306.950400	1	2	0	'1 1 1 1 0 0 1 1 	D	0.590910	0.590910	0.590910	0.590910	1.762689	1.762689	0.590910	0.590910	0.269081	0.285076	0.321398	0.124445	1.867511	
1156000	-306.541015	1	2	0	'1 1 1 1 0 0 1 1 	D	0.398707	0.398707	0.398707	0.398707	1.972710	1.972710	0.398707	0.398707	0.239622	0.179013	0.490998	0.090366	1.055448	
1157000	-305.816786	1	2	1	'1 1 1 1 0 0 Z 1 	D	0.670925	0.670925	0.670925	0.670925	2.051914	2.051914	0.000000	0.670925	0.426444	0.540199	0.033127	0.000230	1.111682	
1158000	-306.899597	1	2	0	'0 0 0 0 1 1 0 0 	D	0.477233	0.477233	0.477233	0.477233	1.604442	1.604442	0.477233	0.477233	0.276517	0.254869	0.363457	0.105157	0.313511	
1159000	-306.101986	1	2	1	'0 0 0 0 1 1 Z 0 	D	0.617860	0.617860	0.617860	0.617860	1.813894	1.813894	0.000000	0.617860	0.437635	0.532205	0.029987	0.000173	1.203728	
1160000	-305.784372	1	2	1	'0 0 0 0 1 1 Z 0 	D	0.523170	0.523170	0.523170	0.523170	2.323445	2.323445	0.000000	0.523170	0.455401	0.495140	0.049209	0.000250	1.128970	
1161000	-308.698224	1	2	0	'0 0 0 0 1 1 0 0 	D	0.697942	0.697942	0.697942	0.697942	1.818557	1.818557	0.697942	0.697942	0.261970	0.310667	0.284524	0.142840	0.554821	
1162000	-306.291504	1	2	1	'0 0 0 0 1 1 Z 0 	D	0.519587	0.519587	0.519587	0.519587	2.501068	2.501068	0.000000	0.519587	0.455017	0.491857	0.052853	0.000274	0.799498	
1163000	-305.598922	1	2	1	'0 0 0 0 1 1 Z 0 	D	0.553383	0.553383	0.553383	0.553383	1.956167	1.956167	0.000000	0.553383	0.450904	0.511186	0.037717	0.000193	0.694576	
1164000	-305.380878	1	2	1	'0 0 0 0 1 1 Z 0 	D	0.605862	0.605862	0.605862	0.605862	2.111734	2.111734	0.000000	0.605862	0.438938	0.523366	0.037470	0.000226	0.673691	
1165000	-310.096559	1	2	1	'0 0 0 0 1 1 Z 0 	D	0.719451	0.719451	0.719451	0.719451	1.427651	1.427651	0.000000	0.719451	0.418331	0.563687	0.017869	0.000113	1.001283	
1166000	-305.849852	1	2	0	'0 0 0 0 1 1 0 0 	D	0.495647	0.495647	0.495647	0.495647	2.109697	2.109697	0.495647	0.495647	0.247032	0.219488	0.425106	0.108374	1.387745	
1167000	-305.647708	1	2	1	'0 0 0 0 1 1 Z 0 	D	0.659492	0.659492	0.659492	0.659492	2.213419	2.213419	0.000000	0.659492	0.427941	0.535039	0.036762	0.000257	1.265178	
1168000	-306.690651	1	2	0	'0 0 0 0 1 1 0 0 	D	0.567311	0.567311	0.567311	0.567311	1.754932	1.754932	0.567311	0.567311	0.269668	0.277474	0.332386	0.120472	0.799546	
1169000	-306.003553	1	2	0	'0 0 0 0 1 1 0 0 	D	0.505613	0.505613	0.505613	0.505613	2.207335	2.207335	0.505613	0.505613	0.243349	0.217681	0.428889	0.110081	1.436195	
1170000	-306.529460	1	2	0	'0 0 0 0 1 1 0 0 	D	0.463976	0.463976	0.463976	0.463976	2.376055	2.376055	0.463976	0.463976	0.231385	0.190425	0.476333	0.101858	1.540539	
1171000	-306.591059	1	2	0	'0 0 0 0 1 1 0 0 	D	0.440129	0.440129	0.440129	0.440129	1.700347	1.700347	0.440129	0.440129	0.265263	0.225151	0.410624	0.098962	1.238641	
1172000	-306.401525	1	2	0	'0 0 0 0 1 1 0 0 	D	0.474698	0.474698	0.474698	0.474698	1.707419	1.707419	0.474698	0.474698	0.268747	0.242532	0.383838	0.104883	1.667101	
1173000	-308.042092	1	2	0	'0 0 0 0 1 1 0 0 	D	0.681318	0.681318	0.681318	0.681318	2.179292	2.179292	0.681318	0.681318	0.247056	0.276770	0.333962	0.142212	0.925727	
1174000	-307.776861	1	2	0	'0 0 0 0 1 1 0 0 	D	0.658980	0.658980	0.658980	0.658980	1.862439	1.862439	0.658980	0.658980	0.261753	0.296362	0.305284	0.136602	1.410054	
1175000	-307.270701	1	2	0	'0 0 0 0 1 1 0 0 	D	0.586092	0.586092	0.586092	0.586092	1.670652	1.670652	0.586092	0.586092	0.274722	0.293062	0.309182	0.123035	1.178757	
1176000	-310.060759	1	2	0	'0 0 0 0 0 1 0 0 	D	0.507208	0.507208	0.507208	0.507208	0.507208	3.317584	0.507208	0.507208	0.661513	0.197526	0.122481	0.018480	0.798243	
1177000	-310.506025	1	2	0	'0 0 0 0 0 1 0 0 	D	0.478738	0.478738	0.478738	0.478738	0.478738	2.583143	0.478738	0.478738	0.628074	0.210240	0.139677	0.022010	1.401453	
1178000	-310.241749	1	2	0	'0 0 0 0 0 1 0 0 	D	0.481092	0.481092	0.481092	0.481092	0.481092	3.056342	0.481092	0.481092	0.665870	0.187408	0.129081	0.017642	0.670776	
1179000	-309.622321	1	2	0	'0 0 0 0 0 1 0 0 	D	0.606562	0.606562	0.606562	0.606562	0.606562	2.444090	0.606562	0.606562	0.503521	0.313218	0.139023	0.044238	0.718958	
1180000	-310.392834	1	2	1	'0 0 0 0 0 1 Z 0 	D	0.658271	0.658271	0.658271	0.658271	0.658271	3.295374	0.000000	0.658271	0.599852	0.390816	0.009273	0.000059	1.808174	
1181000	-310.064042	1	2	1	'1 0 0 0 1 1 Z 1 	D	1.335413	0.417086	0.417086	0.417086	1.335413	1.335413	0.000000	1.335413	0.652515	0.315062	0.031437	0.000985	1.914050	
1182000	-310.571148	1	2	0	'1 0 0 0 1 1 0 1 	D	1.363666	0.492866	0.492866	0.492866	1.363666	1.363666	0.492866	1.363666	0.384945	0.230837	0.187239	0.196979	1.863399	
1183000	-305.846110	1	2	1	'0 0 0 0 1 1 Z 0 	D	0.679291	0.679291	0.679291	0.679291	2.269100	2.269100	0.000000	0.679291	0.424038	0.538688	0.037001	0.000274	0.500379	
1184000	-312.991481	1	2	0	'0 0 0 0 0 1 0 0 	D	0.467785	0.467785	0.467785	0.467785	0.467785	1.914489	0.467785	0.467785	0.544764	0.283867	0.138852	0.032517	1.139802	
1185000	-310.096433	1	2	1	'0 0 0 0 0 1 Z 0 	D	0.723123	0.723123	0.723123	0.723123	0.723123	3.086635	0.000000	0.723123	0.538093	0.452823	0.009013	0.000071	0.828045	
1186000	-310.037526	1	2	0	'0 0 1 0 1 1 0 1 	D	0.358113	0.358113	1.089712	0.358113	1.089712	1.089712	0.358113	1.089712	0.134748	0.539371	0.154286	0.171595	1.037388	
1187000	-311.218459	1	2	0	'0 0 1 0 1 1 0 1 	D	0.251739	0.251739	1.367081	0.251739	1.367081	1.367081	0.251739	1.367081	0.071539	0.490443	0.207151	0.230868	1.274797	
1188000	-305.216485	1	3	0	'0 0 1 0 2 2 0 1 	D	0.215715	0.215715	0.767108	0.215715	2.234903	2.234903	0.215715	0.767108	0.077913	0.239736	0.485915	0.196436	1.083647	
1189000	-306.455329	1	2	0	'0 0 0 0 1 1 0 0 	D	0.412472	0.412472	0.412472	0.412472	1.848318	1.848318	0.412472	0.412472	0.250318	0.196177	0.459970	0.093534	0.638472	
1190000	-306.548920	1	2	0	'0 0 0 0 1 1 0 0 	D	0.461344	0.461344	0.461344	0.461344	2.377460	2.377460	0.461344	0.461344	0.230947	0.189148	0.478559	0.101346	1.313827	
1191000	-307.401614	1	2	1	'0 0 0 0 1 1 Z 0 	D	0.568223	0.568223	0.568223	0.568223	1.580584	1.580584	0.000000	0.568223	0.448890	0.524736	0.026248	0.000125	1.914759	
1192000	-305.905277	1	2	1	'0 0 0 0 1 1 Z 0 	D	0.522489	0.522489	0.522489	0.522489	2.377092	2.377092	0.000000	0.522489	0.455197	0.494232	0.050313	0.000258	1.792763	
1193000	-305.932743	1	2	0	'0 0 0 0 1 1 0 0 	D	0.449791	0.449791	0.449791	0.449791	1.992174	1.992174	0.449791	0.449791	0.247816	0.205739	0.446322	0.100124	1.108480	
1194000	-306.805093	1	2	1	'0 0 0 0 1 1 Z 0 	D	0.713102	0.713102	0.713102	0.713102	2.568888	2.568888	0.000000	0.713102	0.416771	0.542122	0.040764	0.000343	1.341468	
1195000	-305.482209	1	2	1	'0 0 0 0 1 1 Z 0 	D	0.574581	0.574581	0.574581	0.574581	1.993867	1.993867	0.000000	0.574581	0.446075	0.516787	0.036937	0.000201	1.149249	
1196000	-306.341060	1	2	1	'0 0 0 0 1 1 Z 0 	D	0.494205	0.494205	0.494205	0.494205	2.419419	2.419419	0.000000	0.494205	0.461128	0.483388	0.055221	0.000262	0.602152	
1197000	-305.875168	1	2	0	'0 0 0 0 1 1 0 0 	D	0.520994	0.520994	0.520994	0.520994	2.005393	2.005393	0.520994	0.520994	0.254222	0.237575	0.395173	0.113030	1.288307	
1198000	-306.059871	1	2	1	'0 0 0 0 1 1 Z 0 	D	0.499555	0.499555	0.499555	0.499555	1.923630	1.923630	0.000000	0.499555	0.463414	0.493606	0.042792	0.000187	1.920616	
1199000	-306.298901	1	2	0	'0 0 0 0 1 1 0 0 	D	0.561774	0.561774	0.561774	0.561774	2.198456	2.198456	0.561774	0.561774	0.247011	0.239932	0.392633	0.120424	0.494673	
1200000	-305.508310	1	2	1	'0 0 0 0 1 1 Z 0 	D	0.574343	0.574343	0.574343	0.574343	2.321703	2.321703	0.000000	0.574343	0.444386	0.511446	0.043912	0.000256	1.001930	
1201000	-311.312607	1	2	2	'0 Z 0 0 1 1 Z 0 	D	0.786378	0.000000	0.786378	0.786378	1.951928	1.951928	0.000000	0.786378	0.211178	0.717191	0.070401	0.001230	1.380656	
1202000	-309.611145	1	2	0	'0 0 0 0 0 1 0 0 	D	0.539873	0.539873	0.539873	0.539873	0.539873	3.257202	0.539873	0.539873	0.630047	0.220878	0.126263	0.022813	1.394577	
1203000	-312.414079	1	2	1	'0 0 0 0 0 1 Z 0 	D	0.773631	0.773631	0.773631	0.773631	0.773631	1.931296	0.000000	0.773631	0.437937	0.554948	0.007058	0.000057	0.876315	
1204000	-309.259948	1	2	0	'0 0 0 0 0 1 0 0 	D	0.611025	0.611025	0.611025	0.611025	0.611025	3.162753	0.611025	0.611025	0.564990	0.268751	0.132586	0.033673	1.773717	
1205000	-309.988210	1	2	0	'0 0 0 0 0 1 0 0 	D	0.503213	0.503213	0.503213	0.503213	0.503213	2.654134	0.503213	0.503213	0.612912	0.224195	0.138475	0.024418	1.731476	
1206000	-310.632293	1	2	0	'1 1 1 1 1 0 1 1 	D	0.761315	0.761315	0.761315	0.761315	0.761315	3.253242	0.761315	0.761315	0.467845	0.335291	0.139297	0.057567	1.446460	
1207000	-309.921312	1	2	0	'1 1 1 1 1 0 1 1 	D	0.679703	0.679703	0.679703	0.679703	0.679703	3.439230	0.679703	0.679703	0.531788	0.295552	0.131596	0.041064	1.426571	
1208000	-310.846732	1	2	0	'1 1 1 1 1 0 1 1 	D	0.745098	0.745098	0.745098	0.745098	0.745098	3.566066	0.745098	0.745098	0.495223	0.320281	0.134117	0.050379	1.643025	
1209000	-310.624323	1	2	0	'1 1 1 1 1 0 1 1 	D	0.645013	0.645013	0.645013	0.645013	0.645013	2.121366	0.645013	0.645013	0.441906	0.365532	0.134212	0.058350	1.363199	
1210000	-309.426748	1	2	0	'1 1 1 1 1 0 1 1 	D	0.670520	0.670520	0.670520	0.670520	0.670520	2.944240	0.670520	0.670520	0.504396	0.310932	0.138301	0.046371	1.533604	
1211000	-309.663976	1	2	0	'1 1 1 1 1 0 1 1 	D	0.622897	0.622897	0.622897	0.622897	0.622897	2.435061	0.622897	0.622897	0.490735	0.323152	0.138835	0.047279	1.171892	
1212000	-312.589540	1	2	0	'1 1 1 1 1 0 1 1 	D	0.811732	0.811732	0.811732	0.811732	0.811732	2.166476	0.811732	0.811732	0.369215	0.408316	0.133912	0.088557	1.183206	
1213000	-310.182176	1	2	0	'1 1 1 1 1 0 1 1 	D	0.577487	0.577487	0.577487	0.577487	0.577487	3.699364	0.577487	0.577487	0.625923	0.233853	0.116501	0.023723	1.067490	
1214000	-301.894467	1	3	0	'2 2 2 2 1 0 2 1 	D	0.494655	0.494655	0.494655	0.494655	1.342936	3.029553	0.494655	1.342936	0.296875	0.259849	0.301777	0.141498	1.847991	
1215000	-305.334455	1	2	0	'0 0 0 0 1 1 0 1 	D	0.276875	0.276875	0.276875	0.276875	1.654856	1.654856	0.276875	1.654856	0.155617	0.126533	0.365614	0.352236	1.241105	
1216000	-305.156019	1	2	0	'0 0 0 0 1 1 0 1 	D	0.334384	0.334384	0.334384	0.334384	2.024093	2.024093	0.334384	2.024093	0.153762	0.141672	0.340719	0.363846	1.097561	
1217000	-305.284730	1	2	0	'0 0 0 0 1 1 0 1 	D	0.301075	0.301075	0.301075	0.301075	1.966305	1.966305	0.301075	1.966305	0.142473	0.123234	0.357731	0.376562	1.906869	
1218000	-305.639033	1	2	0	'0 0 0 0 1 1 0 1 	D	0.357538	0.357538	0.357538	0.357538	2.150171	2.150171	0.357538	2.150171	0.154918	0.149635	0.331229	0.364219	1.914543	
1219000	-305.774222	1	2	0	'0 0 0 0 1 1 0 1 	D	0.259778	0.259778	0.259778	0.259778	1.797776	1.797776	0.259778	1.797776	0.132977	0.104952	0.379679	0.382392	1.275254	
1220000	-305.771819	1	2	0	'0 0 0 0 1 1 0 1 	D	0.258553	0.258553	0.258553	0.258553	1.751023	1.751023	0.258553	1.751023	0.136064	0.106892	0.379824	0.377221	0.926926	
1221000	-302.583368	1	3	1	'0 0 0 0 2 1 Z 2 	D	0.530245	0.530245	0.530245	0.530245	1.468851	2.759729	0.000000	1.468851	0.449493	0.531970	0.017895	0.000643	1.813018	
1222000	-310.114423	1	2	1	'1 1 1 1 1 0 Z 1 	D	0.680531	0.680531	0.680531	0.680531	0.680531	3.014924	0.000000	0.680531	0.562155	0.428177	0.009602	0.000066	1.190006	
1223000	-309.655334	1	2	0	'1 1 1 1 1 0 1 1 	D	0.522655	0.522655	0.522655	0.522655	0.522655	3.122874	0.522655	0.522655	0.635247	0.213897	0.128954	0.021903	1.378515	
1224000	-304.503996	1	3	0	'2 2 1 2 1 0 2 1 	D	0.397320	0.397320	0.898161	0.397320	0.898161	2.315673	0.397320	0.898161	0.219313	0.473274	0.207510	0.099903	0.566374	
1225000	-309.427319	1	2	0	'1 1 1 1 1 0 1 1 	D	0.540145	0.540145	0.540145	0.540145	0.540145	3.027171	0.540145	0.540145	0.613161	0.229672	0.132072	0.025095	1.084782	
1226000	-306.352142	1	2	0	'1 1 1 1 0 0 1 1 	D	0.539412	0.539412	0.539412	0.539412	2.301641	2.301641	0.539412	0.539412	0.241747	0.225635	0.416370	0.116248	1.010559	
1227000	-307.711434	1	2	1	'1 1 1 1 0 0 Z 1 	D	0.411437	0.411437	0.411437	0.411437	1.962645	1.962645	0.000000	0.411437	0.483386	0.452000	0.064403	0.000212	1.529514	
1228000	-305.389418	1	2	1	'1 1 1 1 0 0 Z 1 	D	0.560182	0.560182	0.560182	0.560182	2.166274	2.166274	0.000000	0.560182	0.448282	0.509469	0.042020	0.000229	1.209228	
1229000	-310.515919	1	2	0	'0 0 0 0 0 1 0 0 	D	0.529186	0.529186	0.529186	0.529186	0.529186	2.247734	0.529186	0.529186	0.541407	0.283705	0.139761	0.035127	1.971324	
1230000	-310.215559	1	2	0	'0 0 0 0 0 1 0 0 	D	0.743107	0.743107	0.743107	0.743107	0.743107	2.953814	0.743107	0.743107	0.459096	0.341114	0.140691	0.059098	1.924270	
1231000	-312.160999	1	2	0	'0 0 0 0 0 1 0 0 	D	0.516246	0.516246	0.516246	0.516246	0.516246	1.893846	0.516246	0.516246	0.498693	0.325660	0.134363	0.041283	0.721012	
1232000	-309.903250	1	2	0	'0 0 0 0 0 1 0 0 	D	0.665801	0.665801	0.665801	0.665801	0.665801	2.419677	0.665801	0.665801	0.460745	0.345494	0.138466	0.055295	1.542163	
1233000	-306.156908	1	2	1	'0 0 0 0 1 1 Z 0 	D	0.652672	0.652672	0.652672	0.652672	1.855707	1.855707	0.000000	0.652672	0.430550	0.539732	0.029531	0.000187	1.453999	
1234000	-306.182898	1	2	1	'0 0 0 0 1 1 Z 0 	D	0.486888	0.486888	0.486888	0.486888	1.938652	1.938652	0.000000	0.486888	0.466289	0.488397	0.045122	0.000191	1.613027	
1235000	-308.565404	1	2	1	'0 0 0 0 1 1 Z 0 	D	0.393640	0.393640	0.393640	0.393640	1.837247	1.837247	0.000000	0.393640	0.488668	0.444913	0.066223	0.000197	1.471943	
1236000	-306.282112	1	2	0	'0 0 0 0 1 1 0 0 	D	0.562917	0.562917	0.562917	0.562917	2.181057	2.181057	0.562917	0.562917	0.247793	0.241448	0.390130	0.120630	0.560652	
1237000	-314.361939	1	2	2	'0 Z 0 0 0 1 Z 0 	D	0.912576	0.000000	0.912576	0.912576	0.912576	3.491133	0.000000	0.912576	0.350804	0.640110	0.008867	0.000219	1.007667	
1238000	-310.483069	1	2	1	'0 0 0 0 0 1 Z 0 	D	0.658703	0.658703	0.658703	0.658703	0.658703	2.569976	0.000000	0.658703	0.539562	0.450316	0.010057	0.000065	1.938746	
1239000	-312.081668	1	2	1	'0 0 0 0 0 1 Z 0 	D	0.896751	0.896751	0.896751	0.896751	0.896751	2.398517	0.000000	0.896751	0.426434	0.565343	0.008131	0.000092	1.868802	
1240000	-311.884784	1	2	0	'1 1 1 1 1 0 1 1 	D	0.448977	0.448977	0.448977	0.448977	0.448977	2.286590	0.448977	0.448977	0.622363	0.212063	0.143526	0.022048	1.922314	
1241000	-310.267874	1	2	1	'1 1 1 1 1 0 Z 1 	D	0.730352	0.730352	0.730352	0.730352	0.730352	3.295287	0.000000	0.730352	0.546910	0.444398	0.008623	0.000069	1.605200	
1242000	-310.196088	1	2	0	'1 1 1 1 1 0 1 1 	D	0.495870	0.495870	0.495870	0.495870	0.495870	2.583959	0.495870	0.495870	0.612463	0.223730	0.139489	0.024318	1.878456	
1243000	-309.974889	1	2	0	'1 1 1 1 1 0 1 1 	D	0.613712	0.613712	0.613712	0.613712	0.613712	2.297406	0.613712	0.613712	0.481728	0.331901	0.137769	0.048603	1.761522	
1244000	-310.133658	1	2	0	'1 1 1 1 1 0 1 1 	D	0.562811	0.562811	0.562811	0.562811	0.562811	2.280753	0.562811	0.562811	0.517677	0.303386	0.138846	0.040091	1.567426	
1245000	-311.478726	1	2	0	'0 1 0 1 0 0 1 0 	D	1.162234	0.368239	1.162234	0.368239	1.162234	1.162234	0.368239	1.162234	0.244814	0.450501	0.137980	0.166706	0.751159	
1246000	-311.382510	1	2	0	'0 1 0 1 0 0 1 0 	D	1.098824	0.272676	1.098824	0.272676	1.098824	1.098824	0.272676	1.098824	0.238761	0.429637	0.157255	0.174347	0.483868	
1247000	-316.273553	1	2	1	'0 Z 0 1 0 0 1 0 	D	1.271764	0.000000	1.271764	0.411329	1.271764	1.271764	0.411329	1.271764	0.075246	0.244500	0.238748	0.441505	1.170212	
1248000	-307.502554	1	2	1	'1 1 1 1 0 0 Z 1 	D	0.420791	0.420791	0.420791	0.420791	2.271385	2.271385	0.000000	0.420791	0.478169	0.451448	0.070128	0.000255	1.211629	
1249000	-305.379644	1	2	1	'1 1 1 1 0 0 Z 1 	D	0.581789	0.581789	0.581789	0.581789	2.227270	2.227270	0.000000	0.581789	0.443346	0.514919	0.041494	0.000242	1.398578	
1250000	-306.776395	1	2	1	'1 1 1 1 0 0 Z 1 	D	0.756672	0.756672	0.756672	0.756672	2.261715	2.261715	0.000000	0.756672	0.410819	0.554242	0.034636	0.000303	1.227627	
1251000	-305.995455	1	2	0	'1 1 1 1 0 0 1 1 	D	0.541673	0.541673	0.541673	0.541673	2.012062	2.012062	0.541673	0.541673	0.254916	0.245346	0.383021	0.116717	1.206773	
1252000	-307.114260	1	2	1	'1 1 1 1 0 0 Z 1 	D	0.603081	0.603081	0.603081	0.603081	1.625993	1.625993	0.000000	0.603081	0.441151	0.532907	0.025806	0.000136	1.602921	
1253000	-306.703287	1	2	1	'1 1 1 1 0 0 Z 1 	D	0.468198	0.468198	0.468198	0.468198	2.398949	2.398949	0.000000	0.468198	0.466997	0.472999	0.059743	0.000261	1.218804	
1254000	-305.522571	1	2	1	'1 1 1 1 0 0 Z 1 	D	0.626969	0.626969	0.626969	0.626969	2.290578	2.290578	0.000000	0.626969	0.433844	0.526121	0.039774	0.000262	0.715880	
1255000	-305.680095	1	2	1	'1 1 1 1 0 0 Z 1 	D	0.664402	0.664402	0.664402	0.664402	2.157536	2.157536	0.000000	0.664402	0.427255	0.537009	0.035488	0.000248	1.241097	
1256000	-306.099733	1	2	0	'0 0 0 0 1 1 0 0 	D	0.480761	0.480761	0.480761	0.480761	1.794275	1.794275	0.480761	0.480761	0.263448	0.237118	0.393487	0.105946	0.988867	
1257000	-306.601688	1	2	1	'0 0 0 0 1 1 Z 0 	D	0.499267	0.499267	0.499267	0.499267	1.767648	1.767648	0.000000	0.499267	0.464426	0.497419	0.037996	0.000160	0.486026	
1258000	-307.533090	1	2	1	'0 0 0 0 1 1 Z 0 	D	0.602682	0.602682	0.602682	0.602682	2.869450	2.869450	0.000000	0.602682	0.435627	0.513916	0.050117	0.000340	1.286843	
1259000	-306.145367	1	2	1	'0 0 0 0 1 1 Z 0 	D	0.710779	0.710779	0.710779	0.710779	2.165679	2.165679	0.000000	0.710779	0.418845	0.546833	0.034057	0.000265	1.337303	
1260000	-305.812193	1	2	1	'0 0 0 0 1 1 Z 0 	D	0.550612	0.550612	0.550612	0.550612	1.878520	1.878520	0.000000	0.550612	0.451902	0.511986	0.035933	0.000179	1.252664	
1261000	-306.895715	1	2	1	'0 0 0 0 1 1 Z 0 	D	0.581644	0.581644	0.581644	0.581644	1.649691	1.649691	0.000000	0.581644	0.445766	0.526598	0.027497	0.000139	1.826535	
1262000	-305.981216	1	2	0	'0 0 0 0 1 1 0 0 	D	0.531320	0.531320	0.531320	0.531320	2.128272	2.128272	0.531320	0.531320	0.248785	0.233091	0.403250	0.114874	0.758082	
1263000	-306.125485	1	2	0	'1 1 1 1 0 0 1 1 	D	0.550818	0.550818	0.550818	0.550818	2.140115	2.140115	0.550818	0.550818	0.249172	0.239743	0.392667	0.118418	1.319346	
1264000	-305.822934	1	2	1	'1 1 1 1 0 0 Z 1 	D	0.655494	0.655494	0.655494	0.655494	1.975137	1.975137	0.000000	0.655494	0.429636	0.538060	0.032093	0.000211	1.497993	
1265000	-307.482537	1	2	1	'1 1 1 1 0 0 Z 1 	D	0.793406	0.793406	0.793406	0.793406	2.383461	2.383461	0.000000	0.793406	0.404662	0.559027	0.035963	0.000348	1.332901	
1266000	-308.728220	1	2	0	'1 1 1 1 0 0 1 1 	D	0.579547	0.579547	0.579547	0.579547	1.444943	1.444943	0.579547	0.579547	0.290490	0.318530	0.271322	0.119657	0.320032	
1267000	-307.564018	1	2	0	'1 1 1 1 0 0 1 1 	D	0.553279	0.553279	0.553279	0.553279	1.555054	1.555054	0.553279	0.553279	0.282849	0.294349	0.305901	0.116902	1.021572	
1268000	-306.536148	1	2	0	'1 1 1 1 0 0 1 1 	D	0.549767	0.549767	0.549767	0.549767	2.343132	2.343132	0.549767	0.549767	0.240664	0.227149	0.414047	0.118140	1.995979	
1269000	-309.848123	1	2	0	'0 1 1 1 0 0 1 0 	D	1.265536	0.417296	0.417296	0.417296	1.265536	1.265536	0.417296	1.265536	0.404770	0.200264	0.198401	0.196566	1.234489	
1270000	-306.529649	1	2	1	'1 1 1 1 0 0 Z 1 	D	0.590527	0.590527	0.590527	0.590527	2.663455	2.663455	0.000000	0.590527	0.439146	0.512316	0.048229	0.000309	1.269482	
1271000	-305.554973	1	2	1	'1 1 1 1 0 0 Z 1 	D	0.542034	0.542034	0.542034	0.542034	2.268571	2.268571	0.000000	0.542034	0.451617	0.502216	0.045924	0.000243	1.201862	
1272000	-305.770272	1	2	1	'1 1 1 1 0 0 Z 1 	D	0.571287	0.571287	0.571287	0.571287	1.877620	1.877620	0.000000	0.571287	0.447314	0.518209	0.034296	0.000180	1.898645	
1273000	-306.717809	1	2	0	'1 1 1 1 0 0 1 1 	D	0.551179	0.551179	0.551179	0.551179	1.706226	1.706226	0.551179	0.551179	0.272575	0.276352	0.333508	0.117565	1.246935	
1274000	-305.830357	1	2	0	'1 1 1 1 0 0 1 1 	D	0.506219	0.506219	0.506219	0.506219	1.981447	1.981447	0.506219	0.506219	0.254499	0.233126	0.401979	0.110395	0.581000	
1275000	-305.436171	1	2	1	'1 1 1 1 0 0 Z 1 	D	0.625153	0.625153	0.625153	0.625153	2.182043	2.182043	0.000000	0.625153	0.434720	0.527237	0.037800	0.000243	1.471276	
1276000	-306.270551	1	2	1	'1 1 1 1 0 0 Z 1 	D	0.719132	0.719132	0.719132	0.719132	2.268859	2.268859	0.000000	0.719132	0.417012	0.547004	0.035696	0.000289	1.070586	
1277000	-305.411782	1	2	1	'1 1 1 1 0 0 Z 1 	D	0.599245	0.599245	0.599245	0.599245	2.257732	2.257732	0.000000	0.599245	0.439569	0.519341	0.040840	0.000250	0.849438	
1278000	-308.988934	1	2	1	'1 1 1 1 0 0 Z 1 	D	0.546443	0.546443	0.546443	0.546443	3.066358	3.066358	0.000000	0.546443	0.445984	0.496617	0.057058	0.000342	1.743093	
1279000	-311.200441	1	2	0	'0 1 1 1 0 0 1 0 	D	1.190470	0.231420	0.231420	0.231420	1.190470	1.190470	0.231420	1.190470	0.378004	0.085975	0.275244	0.260777	0.803806	
1280000	-309.525327	1	2	0	'0 1 1 1 0 0 1 0 	D	1.265292	0.362786	0.362786	0.362786	1.265292	1.265292	0.362786	1.265292	0.403763	0.165404	0.217689	0.213144	1.121800	
1281000	-310.238468	1	2	1	'0 1 1 1 0 0 Z 0 	D	1.322915	0.502795	0.502795	0.502795	1.322915	1.322915	0.000000	1.322915	0.600988	0.371511	0.026783	0.000719	0.384533	
1282000	-305.920600	1	2	0	'1 1 1 1 0 0 1 1 	D	0.454041	0.454041	0.454041	0.454041	2.060984	2.060984	0.454041	0.454041	0.244657	0.203204	0.451383	0.100755	0.934346	
1283000	-306.169344	1	2	0	'1 1 1 1 0 0 1 1 	D	0.434944	0.434944	0.434944	0.434944	2.149402	2.149402	0.434944	0.434944	0.237074	0.188088	0.477963	0.096876	1.273036	
1284000	-306.449569	1	2	1	'1 1 1 1 0 0 Z 1 	D	0.527068	0.527068	0.527068	0.527068	1.749362	1.749362	0.000000	0.527068	0.457900	0.507583	0.034362	0.000155	1.551177	
1285000	-305.862279	1	2	1	'1 1 1 1 0 0 Z 1 	D	0.682006	0.682006	0.682006	0.682006	2.107151	2.107151	0.000000	0.682006	0.424194	0.541718	0.033844	0.000244	1.140452	
1286000	-305.711974	1	2	1	'1 1 1 1 0 0 Z 1 	D	0.516954	0.516954	0.516954	0.516954	2.021044	2.021044	0.000000	0.516954	0.458763	0.497857	0.043177	0.000203	0.791027	
1287000	-306.076907	1	2	0	'0 0 0 0 1 1 0 0 	D	0.484764	0.484764	0.484764	0.484764	1.801917	1.801917	0.484764	0.484764	0.263313	0.238331	0.391717	0.106639	1.807673	
1288000	-306.014229	1	2	0	'0 0 0 0 1 1 0 0 	D	0.544454	0.544454	0.544454	0.544454	2.036453	2.036453	0.544454	0.544454	0.253810	0.244600	0.384360	0.117230	0.794455	
1289000	-306.522301	1	2	0	'0 0 0 0 1 1 0 0 	D	0.440308	0.440308	0.440308	0.440308	1.717438	1.717438	0.440308	0.440308	0.264042	0.223565	0.413425	0.098968	1.703743	
1290000	-307.388247	1	2	0	'0 0 0 0 1 1 0 0 	D	0.610261	0.610261	0.610261	0.610261	1.721062	1.721062	0.610261	0.610261	0.271115	0.295776	0.305742	0.127367	0.472233	
1291000	-306.084466	1	2	0	'0 0 0 0 1 1 0 0 	D	0.534943	0.534943	0.534943	0.534943	2.189285	2.189285	0.534943	0.534943	0.246226	0.230580	0.407686	0.115508	0.937024	
1292000	-309.819686	1	2	0	'0 0 0 0 0 1 0 0 	D	0.711591	0.711591	0.711591	0.711591	0.711591	2.978150	0.711591	0.711591	0.479877	0.327650	0.139467	0.053006	1.176678	
1293000	-310.248070	1	2	0	'0 0 0 0 0 1 0 0 	D	0.496177	0.496177	0.496177	0.496177	0.496177	2.547945	0.496177	0.496177	0.608375	0.226850	0.139926	0.024849	1.018697	
1294000	-309.502448	1	2	0	'0 0 0 0 0 1 0 0 	D	0.610974	0.610974	0.610974	0.610974	0.610974	3.372703	0.610974	0.610974	0.579338	0.261303	0.128078	0.031281	1.612144	
1295000	-302.651021	1	3	1	'1 1 1 1 2 0 Z 2 	D	0.453493	0.453493	0.453493	0.453493	1.341618	2.590446	0.000000	1.341618	0.470931	0.510911	0.017612	0.000546	1.921601	
1296000	-309.319133	1	2	0	'1 1 1 1 1 0 1 1 	D	0.589408	0.589408	0.589408	0.589408	0.589408	2.643912	0.589408	0.589408	0.537921	0.285559	0.138871	0.037649	1.864004	
1297000	-309.459373	1	2	0	'1 1 1 1 1 0 1 1 	D	0.570209	0.570209	0.570209	0.570209	0.570209	2.578193	0.570209	0.570209	0.546683	0.278505	0.139179	0.035633	1.420649	
1298000	-306.999250	1	2	0	'1 1 1 1 0 0 1 1 	D	0.454255	0.454255	0.454255	0.454255	2.480532	2.480532	0.454255	0.454255	0.225809	0.181310	0.493200	0.099680	1.146252	
1299000	-306.346910	1	2	1	'1 1 1 1 0 0 Z 1 	D	0.570215	0.570215	0.570215	0.570215	2.607798	2.607798	0.000000	0.570215	0.443608	0.507039	0.049057	0.000296	1.037231	
1300000	-306.758216	1	2	0	'1 1 1 1 0 0 1 1 	D	0.553535	0.553535	0.553535	0.553535	1.701899	1.701899	0.553535	0.553535	0.272876	0.277721	0.331474	0.117929	1.611873	
1301000	-309.106344	1	2	0	'1 1 1 1 0 0 1 1 	D	0.732823	0.732823	0.732823	0.732823	2.100219	2.100219	0.732823	0.732823	0.247723	0.294378	0.306799	0.151100	0.796195	
1302000	-306.547903	1	2	0	'1 1 1 1 0 0 1 1 	D	0.405510	0.405510	0.405510	0.405510	1.853800	1.853800	0.405510	0.405510	0.248565	0.191648	0.467607	0.092181	0.939719	
1303000	-305.363642	1	2	1	'1 1 1 1 0 0 Z 1 	D	0.572360	0.572360	0.572360	0.572360	2.111380	2.111380	0.000000	0.572360	0.445961	0.514018	0.039800	0.000221	1.542719	
1304000	-309.525169	1	2	0	'0 0 0 0 0 1 0 0 	D	0.548913	0.548913	0.548913	0.548913	0.548913	3.245379	0.548913	0.548913	0.621638	0.227167	0.127129	0.024066	1.566260	
1305000	-309.796173	1	2	0	'1 1 1 1 1 0 1 1 	D	0.705041	0.705041	0.705041	0.705041	0.705041	2.767944	0.705041	0.705041	0.467834	0.336537	0.140145	0.055484	1.533517	
1306000	-312.243374	1	2	0	'1 1 1 1 1 0 1 1 	D	0.542994	0.542994	0.542994	0.542994	0.542994	1.818409	0.542994	0.542994	0.467517	0.354314	0.130292	0.047877	1.779396	
1307000	-310.438740	1	2	1	'1 1 1 1 1 0 Z 1 	D	0.655104	0.655104	0.655104	0.655104	0.655104	2.617425	0.000000	0.655104	0.546608	0.443148	0.010179	0.000065	1.664951	
1308000	-310.118230	1	2	0	'1 1 1 1 1 0 1 1 	D	0.589337	0.589337	0.589337	0.589337	0.589337	2.250872	0.589337	0.589337	0.493520	0.323365	0.137776	0.045339	0.649560	
1309000	-311.170091	1	2	1	'0 1 1 1 0 0 Z 1 	D	1.641587	0.421922	0.421922	0.421922	1.641587	1.641587	0.000000	0.421922	0.647208	0.245927	0.106418	0.000447	1.272520	
1310000	-305.571959	1	2	1	'0 0 0 0 1 1 Z 0 	D	0.649200	0.649200	0.649200	0.649200	2.138434	2.138434	0.000000	0.649200	0.430218	0.533787	0.035755	0.000241	1.710330	
1311000	-305.563652	1	2	1	'0 0 0 0 1 1 Z 0 	D	0.646404	0.646404	0.646404	0.646404	2.115554	2.115554	0.000000	0.646404	0.430852	0.533492	0.035421	0.000236	1.236475	
1312000	-306.093332	1	2	0	'0 0 0 0 1 1 0 0 	D	0.504469	0.504469	0.504469	0.504469	1.805395	1.805395	0.504469	0.504469	0.264580	0.247084	0.378306	0.110030	1.135777	
1313000	-306.457328	1	2	0	'0 0 0 0 1 1 0 0 	D	0.588522	0.588522	0.588522	0.588522	2.068834	2.068834	0.588522	0.588522	0.253256	0.257959	0.363637	0.125148	1.565417	
1314000	-307.266971	1	2	1	'0 0 0 0 1 1 Z 0 	D	0.754619	0.754619	0.754619	0.754619	1.893335	1.893335	0.000000	0.754619	0.412237	0.559890	0.027652	0.000221	1.354858	
1315000	-305.996425	1	2	1	'0 0 0 0 1 1 Z 0 	D	0.487836	0.487836	0.487836	0.487836	2.166703	2.166703	0.000000	0.487836	0.464401	0.484308	0.051064	0.000228	1.553210	
1316000	-308.029955	1	2	1	'0 0 0 0 1 1 Z 0 	D	0.468813	0.468813	0.468813	0.468813	1.596254	1.596254	0.000000	0.468813	0.472880	0.491071	0.035918	0.000131	0.926661	
1317000	-307.701000	1	2	1	'0 0 0 0 1 1 Z 0 	D	0.700001	0.700001	0.700001	0.700001	1.658780	1.658780	0.000000	0.700001	0.421981	0.554266	0.023598	0.000156	1.398130	
1318000	-305.789371	1	2	1	'0 0 0 0 1 1 Z 0 	D	0.586101	0.586101	0.586101	0.586101	2.454126	2.454126	0.000000	0.586101	0.441203	0.513200	0.045319	0.000278	0.919367	
1319000	-307.021770	1	2	1	'0 0 0 0 1 1 Z 0 	D	0.441267	0.441267	0.441267	0.441267	1.924030	1.924030	0.000000	0.441267	0.477125	0.468799	0.053880	0.000196	1.226783	
1320000	-312.414989	1	2	0	'0 0 0 0 1 1 0 0 	D	0.440453	0.440453	0.440453	0.440453	1.117190	1.117190	0.440453	0.440453	0.321767	0.308852	0.273398	0.095983	0.644952	
1321000	-305.571023	1	2	1	'0 0 0 0 1 1 Z 0 	D	0.596534	0.596534	0.596534	0.596534	2.363981	2.363981	0.000000	0.596534	0.439562	0.517177	0.042995	0.000267	0.691401	
1322000	-306.539639	1	3	0	'0 2 0 0 1 1 2 0 	D	0.800715	0.488928	0.800715	0.800715	1.818463	1.818463	0.488928	0.800715	0.313111	0.418422	0.174281	0.094186	0.602768	
1323000	-306.884169	1	2	0	'0 0 0 0 1 1 0 0 	D	0.497973	0.497973	0.497973	0.497973	1.609529	1.609529	0.497973	0.497973	0.277524	0.264265	0.349694	0.108516	1.138199	
1324000	-307.143069	1	2	1	'0 0 0 0 1 1 Z 0 	D	0.506868	0.506868	0.506868	0.506868	2.675508	2.675508	0.000000	0.506868	0.456637	0.485812	0.057258	0.000293	1.108546	
1325000	-305.772785	1	2	1	'0 0 0 0 1 1 Z 0 	D	0.504898	0.504898	0.504898	0.504898	2.105659	2.105659	0.000000	0.504898	0.460957	0.491908	0.046918	0.000217	1.391610	
1326000	-305.961774	1	2	1	'0 0 0 0 1 1 Z 0 	D	0.680661	0.680661	0.680661	0.680661	2.352752	2.352752	0.000000	0.680661	0.423425	0.537864	0.038421	0.000290	1.452320	
1327000	-307.214895	1	2	1	'1 1 1 1 0 0 Z 1 	D	0.605027	0.605027	0.605027	0.605027	2.810086	2.810086	0.000000	0.605027	0.435473	0.514990	0.049204	0.000333	1.384847	
1328000	-305.358793	1	2	1	'1 1 1 1 0 0 Z 1 	D	0.599280	0.599280	0.599280	0.599280	2.168527	2.168527	0.000000	0.599280	0.440015	0.520682	0.039067	0.000235	1.834642	
1329000	-305.353656	1	2	1	'1 1 1 1 0 0 Z 1 	D	0.595266	0.595266	0.595266	0.595266	2.168623	2.168623	0.000000	0.595266	0.440844	0.519586	0.039336	0.000234	1.074410	
1330000	-306.273499	1	2	0	'1 1 1 1 0 0 1 1 	D	0.482551	0.482551	0.482551	0.482551	2.317542	2.317542	0.482551	0.482551	0.236221	0.201657	0.456569	0.105553	1.847711	
1331000	-306.194872	1	2	0	'1 1 1 1 0 0 1 1 	D	0.423750	0.423750	0.423750	0.423750	1.938329	1.938329	0.423750	0.423750	0.246736	0.195728	0.462161	0.095376	0.856333	
1332000	-306.719313	1	2	1	'0 0 0 0 1 1 Z 0 	D	0.448991	0.448991	0.448991	0.448991	2.005844	2.005844	0.000000	0.448991	0.474595	0.470553	0.054645	0.000208	0.671379	
1333000	-308.880255	1	2	1	'0 0 0 0 1 1 Z 0 	D	0.854687	0.854687	0.854687	0.854687	1.981205	1.981205	0.000000	0.854687	0.397054	0.574603	0.028062	0.000281	1.208761	
1334000	-307.222657	1	2	1	'0 0 0 0 1 1 Z 0 	D	0.659256	0.659256	0.659256	0.659256	1.662942	1.662942	0.000000	0.659256	0.429641	0.545481	0.024727	0.000150	1.012141	
1335000	-307.255431	1	2	1	'0 0 0 0 1 1 Z 0 	D	0.462985	0.462985	0.462985	0.462985	1.737006	1.737006	0.000000	0.462985	0.473468	0.484004	0.042369	0.000158	1.253496	
1336000	-308.082821	1	2	1	'0 0 0 0 1 1 Z 0 	D	0.426565	0.426565	0.426565	0.426565	1.724176	1.724176	0.000000	0.426565	0.482509	0.467539	0.049789	0.000163	0.849411	
1337000	-308.699869	1	2	0	'0 0 0 0 1 1 0 0 	D	0.419163	0.419163	0.419163	0.419163	1.412185	1.412185	0.419163	0.419163	0.286802	0.247212	0.370427	0.095560	0.792109	
1338000	-306.964332	1	2	0	'0 0 0 0 1 1 0 0 	D	0.594490	0.594490	0.594490	0.594490	1.772775	1.772775	0.594490	0.594490	0.268448	0.285287	0.321162	0.125103	1.477701	
1339000	-306.531327	1	2	1	'0 0 0 0 1 1 Z 0 	D	0.462743	0.462743	0.462743	0.462743	1.953789	1.953789	0.000000	0.462743	0.471852	0.478000	0.049951	0.000197	1.246701	
1340000	-306.235318	1	2	0	'0 0 0 0 1 1 0 0 	D	0.426657	0.426657	0.426657	0.426657	1.873974	1.873974	0.426657	0.426657	0.251250	0.202221	0.450404	0.096124	0.754747	
1341000	-307.636744	1	2	1	'0 0 0 0 1 1 Z 0 	D	0.598231	0.598231	0.598231	0.598231	1.557743	1.557743	0.000000	0.598231	0.442268	0.533459	0.024150	0.000123	0.917357	
1342000	-306.648496	1	2	0	'0 0 0 0 1 1 0 0 	D	0.601933	0.601933	0.601933	0.601933	1.985165	1.985165	0.601933	0.601933	0.257186	0.268770	0.346722	0.127322	1.967701	
1343000	-306.627153	1	2	0	'0 0 0 0 1 1 0 0 	D	0.399565	0.399565	0.399565	0.399565	1.863972	1.863972	0.399565	0.399565	0.246639	0.187304	0.475073	0.090985	1.228069	
1344000	-307.877615	1	2	0	'1 1 1 1 0 0 1 1 	D	0.420882	0.420882	0.420882	0.420882	1.507187	1.507187	0.420882	0.420882	0.278129	0.235653	0.390335	0.095883	1.293718	
1345000	-305.948841	1	2	0	'1 1 1 1 0 0 1 1 	D	0.450284	0.450284	0.450284	0.450284	2.067305	2.067305	0.450284	0.450284	0.243776	0.200912	0.455278	0.100033	1.975123	
1346000	-306.268895	1	2	0	'1 1 1 1 0 0 1 1 	D	0.424408	0.424408	0.424408	0.424408	2.138342	2.138342	0.424408	0.424408	0.235727	0.183201	0.486215	0.094857	0.749457	
1347000	-306.126895	1	2	0	'1 1 1 1 0 0 1 1 	D	0.491080	0.491080	0.491080	0.491080	2.267677	2.267677	0.491080	0.491080	0.239298	0.208035	0.445399	0.107268	1.035125	
1348000	-306.500705	1	2	0	'1 1 1 1 0 0 1 1 	D	0.410004	0.410004	0.410004	0.410004	2.159855	2.159855	0.410004	0.410004	0.231751	0.174224	0.502097	0.091928	0.432089	
1349000	-307.808028	1	2	0	'1 1 1 1 0 0 1 1 	D	0.560465	0.560465	0.560465	0.560465	1.530711	1.530711	0.560465	0.560465	0.284557	0.300155	0.297498	0.117790	1.377300	
1350000	-306.570910	1	2	0	'1 1 1 1 0 0 1 1 	D	0.408595	0.408595	0.408595	0.408595	1.819152	1.819152	0.408595	0.408595	0.251513	0.196271	0.459312	0.092904	1.925746	
1351000	-305.881483	1	2	1	'1 1 1 1 0 0 Z 1 	D	0.683767	0.683767	0.683767	0.683767	2.104910	2.104910	0.000000	0.683767	0.423881	0.542136	0.033739	0.000244	1.330225	
1352000	-306.304361	1	2	1	'1 1 1 1 0 0 Z 1 	D	0.476638	0.476638	0.476638	0.476638	1.951565	1.951565	0.000000	0.476638	0.468606	0.483967	0.047232	0.000194	1.391450	
1353000	-307.851225	1	2	0	'1 1 1 1 0 0 1 1 	D	0.345236	0.345236	0.345236	0.345236	2.009476	2.009476	0.345236	0.345236	0.223064	0.143316	0.554858	0.078763	1.662955	
1354000	-305.899410	1	2	0	'1 1 1 1 0 0 1 1 	D	0.505582	0.505582	0.505582	0.505582	1.903270	1.903270	0.505582	0.505582	0.258798	0.239036	0.391880	0.110286	0.883429	
1355000	-306.344318	1	2	0	'1 1 1 1 0 0 1 1 	D	0.411435	0.411435	0.411435	0.411435	1.957036	1.957036	0.411435	0.411435	0.243258	0.187463	0.476339	0.092940	1.586747	
1356000	-306.519799	1	2	1	'1 1 1 1 0 0 Z 1 	D	0.740001	0.740001	0.740001	0.740001	2.200194	2.200194	0.000000	0.740001	0.413760	0.552035	0.033923	0.000283	1.585282	
1357000	-306.939301	1	2	0	'1 1 1 1 0 0 1 1 	D	0.379889	0.379889	0.379889	0.379889	1.921155	1.921155	0.379889	0.379889	0.238330	0.171075	0.503825	0.086769	0.721330	
1358000	-306.657778	1	2	1	'1 1 1 1 0 0 Z 1 	D	0.450944	0.450944	0.450944	0.450944	2.190112	2.190112	0.000000	0.450944	0.472512	0.467982	0.059270	0.000236	1.185268	
1359000	-307.176320	1	2	0	'1 1 1 1 0 0 1 1 	D	0.627478	0.627478	0.627478	0.627478	1.880273	1.880273	0.627478	0.627478	0.261948	0.285663	0.321073	0.131315	0.896019	
1360000	-306.923520	1	2	0	'1 1 1 1 0 0 1 1 	D	0.395587	0.395587	0.395587	0.395587	2.241856	2.241856	0.395587	0.395587	0.224477	0.162102	0.524722	0.088700	1.980368	
1361000	-306.049203	1	2	1	'1 1 1 1 0 0 Z 1 	D	0.571724	0.571724	0.571724	0.571724	1.803002	1.803002	0.000000	0.571724	0.447512	0.520016	0.032305	0.000166	0.774980	
1362000	-306.919387	1	2	0	'1 1 1 1 0 0 1 1 	D	0.417784	0.417784	0.417784	0.417784	1.676144	1.676144	0.417784	0.417784	0.263577	0.214796	0.426559	0.095068	1.061681	
1363000	-306.315087	1	2	0	'1 1 1 1 0 0 1 1 	D	0.495348	0.495348	0.495348	0.495348	1.729737	1.729737	0.495348	0.495348	0.268871	0.250189	0.372556	0.108384	1.628337	
1364000	-305.578022	1	2	1	'1 1 1 1 0 0 Z 1 	D	0.639343	0.639343	0.639343	0.639343	2.050809	2.050809	0.000000	0.639343	0.432490	0.532886	0.034402	0.000222	1.424036	
1365000	-305.736856	1	2	1	'1 1 1 1 0 0 Z 1 	D	0.670359	0.670359	0.670359	0.670359	2.220282	2.220282	0.000000	0.670359	0.425884	0.537407	0.036448	0.000262	0.472028	
1366000	-307.504326	1	2	1	'0 0 0 0 1 1 Z 0 	D	0.633249	0.633249	0.633249	0.633249	1.595864	1.595864	0.000000	0.633249	0.434881	0.541126	0.023859	0.000133	1.613143	
1367000	-306.297260	1	2	1	'0 0 0 0 1 1 Z 0 	D	0.711973	0.711973	0.711973	0.711973	2.364370	2.364370	0.000000	0.711973	0.417850	0.544292	0.037553	0.000304	1.969768	
1368000	-307.685180	1	2	1	'0 0 0 0 1 1 Z 0 	D	0.755586	0.755586	0.755586	0.755586	1.798677	1.798677	0.000000	0.755586	0.412239	0.561912	0.025650	0.000200	0.947353	
1369000	-306.715325	1	2	0	'0 0 0 0 1 1 0 0 	D	0.390597	0.390597	0.390597	0.390597	2.062335	2.062335	0.390597	0.390597	0.232571	0.168658	0.510417	0.088355	1.920397	
1370000	-307.837613	1	2	0	'0 0 0 0 1 1 0 0 	D	0.606119	0.606119	0.606119	0.606119	1.617707	1.617707	0.606119	0.606119	0.277574	0.305847	0.290794	0.125784	1.207602	
1371000	-305.702802	1	2	1	'0 0 0 0 1 1 Z 0 	D	0.666923	0.666923	0.666923	0.666923	2.204416	2.204416	0.000000	0.666923	0.426589	0.536868	0.036286	0.000258	1.554443	
1372000	-307.371324	1	2	1	'0 0 0 0 1 1 Z 0 	D	0.467358	0.467358	0.467358	0.467358	1.701147	1.701147	0.000000	0.467358	0.472629	0.486965	0.040255	0.000151	0.866200	
1373000	-305.637992	1	2	1	'0 0 0 0 1 1 Z 0 	D	0.533885	0.533885	0.533885	0.533885	1.984525	1.984525	0.000000	0.533885	0.455128	0.504371	0.040304	0.000197	1.043323	
1374000	-305.847511	1	2	0	'0 0 0 0 1 1 0 0 	D	0.466208	0.466208	0.466208	0.466208	2.030109	2.030109	0.466208	0.466208	0.247934	0.211256	0.437725	0.103085	1.724867	
1375000	-305.476973	1	2	1	'0 0 0 0 1 1 Z 0 	D	0.573713	0.573713	0.573713	0.573713	2.301531	2.301531	0.000000	0.573713	0.444632	0.511531	0.043584	0.000252	0.898419	
1376000	-307.178708	1	2	1	'0 0 0 0 1 1 Z 0 	D	0.589578	0.589578	0.589578	0.589578	1.611904	1.611904	0.000000	0.589578	0.444091	0.529737	0.026040	0.000132	0.993719	
1377000	-307.098264	1	2	0	'0 0 0 0 1 1 0 0 	D	0.529767	0.529767	0.529767	0.529767	2.526025	2.526025	0.529767	0.529767	0.232807	0.210774	0.442318	0.114100	1.511920	
1378000	-305.834751	1	2	0	'0 0 0 0 1 1 0 0 	D	0.470348	0.470348	0.470348	0.470348	2.037288	2.037288	0.470348	0.470348	0.248055	0.212753	0.435358	0.103835	0.684367	
1379000	-307.531236	1	2	0	'0 0 0 0 1 1 0 0 	D	0.624860	0.624860	0.624860	0.624860	1.743726	1.743726	0.624860	0.624860	0.269357	0.298026	0.302660	0.129956	0.601783	
1380000	-306.879109	1	2	0	'1 1 1 1 0 0 1 1 	D	0.601014	0.601014	0.601014	0.601014	1.832410	1.832410	0.601014	0.601014	0.265018	0.281717	0.326731	0.126534	1.995274	
1381000	-306.062439	1	2	1	'1 1 1 1 0 0 Z 1 	D	0.676486	0.676486	0.676486	0.676486	2.423943	2.423943	0.000000	0.676486	0.423860	0.536059	0.039780	0.000301	1.526890	
1382000	-306.105832	1	2	0	'1 1 1 1 0 0 1 1 	D	0.429713	0.429713	0.429713	0.429713	1.991998	1.991998	0.429713	0.429713	0.244627	0.195205	0.463825	0.096344	1.476315	
1383000	-305.446083	1	2	1	'1 1 1 1 0 0 Z 1 	D	0.586489	0.586489	0.586489	0.586489	2.015360	2.015360	0.000000	0.586489	0.443427	0.519774	0.036593	0.000206	1.691489	
1384000	-305.893797	1	2	0	'1 1 1 1 0 0 1 1 	D	0.500297	0.500297	0.500297	0.500297	1.898597	1.898597	0.500297	0.500297	0.258683	0.237082	0.394877	0.109357	1.561367	
1385000	-306.100863	1	2	1	'1 1 1 1 0 0 Z 1 	D	0.498355	0.498355	0.498355	0.498355	1.912429	1.912429	0.000000	0.498355	0.463769	0.493415	0.042631	0.000185	0.674002	
1386000	-305.865356	1	2	1	'1 1 1 1 0 0 Z 1 	D	0.507965	0.507965	0.507965	0.507965	1.974604	1.974604	0.000000	0.507965	0.461126	0.495586	0.043092	0.000196	1.150076	
1387000	-310.101226	1	2	0	'1 1 1 1 1 0 1 1 	D	0.536400	0.536400	0.536400	0.536400	0.536400	2.368478	0.536400	0.536400	0.551029	0.275014	0.140043	0.033914	1.570009	
1388000	-309.179356	1	2	0	'1 1 1 1 1 0 1 1 	D	0.617351	0.617351	0.617351	0.617351	0.617351	2.998430	0.617351	0.617351	0.547627	0.279889	0.135711	0.036773	1.255798	
1389000	-311.711534	1	2	1	'1 1 1 1 1 0 Z 1 	D	0.542130	0.542130	0.542130	0.542130	0.542130	2.994125	0.000000	0.542130	0.682268	0.305731	0.011952	0.000049	1.680647	
1390000	-311.461692	1	2	1	'1 1 1 1 1 0 Z 1 	D	0.557657	0.557657	0.557657	0.557657	0.557657	3.170913	0.000000	0.557657	0.680889	0.308138	0.010925	0.000048	1.695399	
1391000	-309.238852	1	2	0	'1 1 1 1 1 0 1 1 	D	0.566590	0.566590	0.566590	0.566590	0.566590	2.874245	0.566590	0.566590	0.578210	0.255213	0.135935	0.030642	1.289249	
1392000	-316.965028	1	2	1	'0 1 0 1 0 0 Z 1 	D	1.552737	0.751436	1.552737	0.751436	1.552737	1.552737	0.000000	0.751436	0.344434	0.634127	0.021255	0.000184	1.034487	
1393000	-306.026687	1	2	1	'0 0 0 0 1 1 Z 0 	D	0.530503	0.530503	0.530503	0.530503	1.843668	1.843668	0.000000	0.530503	0.456657	0.506352	0.036819	0.000172	1.855897	
1394000	-307.199550	1	2	1	'0 0 0 0 1 1 Z 0 	D	0.780845	0.780845	0.780845	0.780845	2.322570	2.322570	0.000000	0.780845	0.406797	0.557688	0.035187	0.000328	0.980342	
1395000	-305.941485	1	2	1	'0 0 0 0 1 1 Z 0 	D	0.661239	0.661239	0.661239	0.661239	2.421522	2.421522	0.000000	0.661239	0.426669	0.532661	0.040375	0.000295	1.596343	
1396000	-305.840758	1	2	0	'0 0 0 0 1 1 0 0 	D	0.502285	0.502285	0.502285	0.502285	2.090483	2.090483	0.502285	0.502285	0.248565	0.223647	0.418177	0.109611	0.523523	
1397000	-307.497764	1	2	0	'0 0 0 0 1 1 0 0 	D	0.508247	0.508247	0.508247	0.508247	2.621297	2.621297	0.508247	0.508247	0.227783	0.198516	0.463935	0.109766	0.689872	
1398000	-305.862207	1	2	0	'0 0 0 0 1 1 0 0 	D	0.518112	0.518112	0.518112	0.518112	2.039423	2.039423	0.518112	0.518112	0.252297	0.233888	0.401304	0.112511	1.624590	
1399000	-308.878256	1	2	1	'0 0 0 0 1 1 Z 0 	D	0.629615	0.629615	0.629615	0.629615	1.446877	1.446877	0.000000	0.629615	0.435601	0.544205	0.020089	0.000105	0.876359	
1400000	-311.476776	1	2	0	'0 0 0 0 1 1 0 0 	D	0.435089	0.435089	0.435089	0.435089	1.175925	1.175925	0.435089	0.435089	0.314280	0.294786	0.294704	0.096230	1.015753	
1401000	-305.891936	1	2	1	'0 0 0 0 1 1 Z 0 	D	0.498244	0.498244	0.498244	0.498244	2.033165	2.033165	0.000000	0.498244	0.462983	0.490775	0.046036	0.000206	1.586479	
1402000	-309.340565	1	2	0	'0 0 0 0 0 1 0 0 	D	0.577670	0.577670	0.577670	0.577670	0.577670	2.649792	0.577670	0.577670	0.547986	0.277608	0.138760	0.035646	0.496598	
1403000	-309.870235	1	2	0	'1 1 1 1 1 0 1 1 	D	0.530489	0.530489	0.530489	0.530489	0.530489	2.502920	0.530489	0.530489	0.572354	0.257174	0.139866	0.030606	1.536437	
1404000	-309.283919	1	2	0	'1 1 1 1 1 0 1 1 	D	0.640775	0.640775	0.640775	0.640775	0.640775	3.075035	0.640775	0.640775	0.535735	0.289234	0.135560	0.039471	1.451104	
1405000	-310.174738	1	2	0	'1 1 1 1 1 0 1 1 	D	0.705281	0.705281	0.705281	0.705281	0.705281	3.450648	0.705281	0.705281	0.514753	0.306938	0.133196	0.045114	1.555838	
1406000	-310.591548	1	2	0	'1 1 1 1 1 0 1 1 	D	0.468236	0.468236	0.468236	0.468236	0.468236	2.686192	0.468236	0.468236	0.647482	0.195035	0.137972	0.019511	1.928736	
1407000	-310.761957	1	2	1	'1 1 1 1 1 0 Z 1 	D	0.660467	0.660467	0.660467	0.660467	0.660467	2.413147	0.000000	0.660467	0.523297	0.466915	0.009725	0.000062	1.515271	
1408000	-310.779543	1	2	1	'1 1 1 1 1 0 Z 1 	D	0.756795	0.756795	0.756795	0.756795	0.756795	2.373214	0.000000	0.756795	0.470191	0.521389	0.008350	0.000070	1.363461	
1409000	-310.907901	1	2	1	'1 1 1 1 1 0 Z 1 	D	0.814111	0.814111	0.814111	0.814111	0.814111	2.494112	0.000000	0.814111	0.455589	0.536084	0.008247	0.000080	1.735124	
1410000	-310.815414	1	2	1	'1 1 1 1 1 0 Z 1 	D	0.756262	0.756262	0.756262	0.756262	0.756262	2.357098	0.000000	0.756262	0.469332	0.522279	0.008319	0.000069	1.372218	
1411000	-311.414852	1	2	1	'1 1 1 1 1 0 Z 1 	D	0.885698	0.885698	0.885698	0.885698	0.885698	2.746328	0.000000	0.885698	0.444333	0.547246	0.008325	0.000096	1.291619	
1412000	-309.844187	1	2	0	'1 1 1 1 1 0 1 1 	D	0.656274	0.656274	0.656274	0.656274	0.656274	2.417612	0.656274	0.656274	0.466522	0.341379	0.138488	0.053610	1.725110	
1413000	-310.511165	1	2	0	'1 1 1 1 1 0 1 1 	D	0.468763	0.468763	0.468763	0.468763	0.468763	3.089830	0.468763	0.468763	0.678547	0.177698	0.127672	0.016083	1.655250	
1414000	-308.379497	1	3	1	'1 1 2 1 2 0 Z 2 	D	0.370484	0.370484	1.016375	0.370484	1.016375	3.600675	0.000000	1.016375	0.237569	0.752154	0.010083	0.000195	1.614942	
1415000	-309.254994	1	2	0	'1 1 1 1 1 0 1 1 	D	0.562336	0.562336	0.562336	0.562336	0.562336	2.922813	0.562336	0.562336	0.585921	0.249696	0.134987	0.029395	1.006379	
1416000	-309.967027	1	2	0	'1 1 1 1 1 0 1 1 	D	0.654473	0.654473	0.654473	0.654473	0.654473	2.358077	0.654473	0.654473	0.461541	0.345978	0.137902	0.054579	1.915291	
1417000	-310.384483	1	2	0	'1 1 1 1 1 0 1 1 	D	0.613244	0.613244	0.613244	0.613244	0.613244	3.801400	0.613244	0.613244	0.602506	0.252814	0.117191	0.027489	1.928354	
1418000	-309.962635	1	2	0	'1 1 0 1 0 0 1 0 	D	0.375985	0.375985	1.216188	0.375985	1.216188	1.216188	0.375985	1.216188	0.122658	0.531357	0.159765	0.186220	1.275990	
1419000	-312.117046	1	2	0	'0 0 1 0 1 1 0 1 	D	0.266912	0.266912	0.902169	0.266912	0.902169	0.902169	0.266912	0.902169	0.131753	0.540299	0.166852	0.161097	1.326671	
1420000	-305.388444	1	2	1	'0 0 0 0 1 1 Z 0 	D	0.578811	0.578811	0.578811	0.578811	2.062766	2.062766	0.000000	0.578811	0.444832	0.516734	0.038221	0.000214	1.117947	
1421000	-305.663611	1	2	1	'0 0 0 0 1 1 Z 0 	D	0.643070	0.643070	0.643070	0.643070	2.009862	2.009862	0.000000	0.643070	0.431919	0.534506	0.033360	0.000215	1.017840	
1422000	-306.309956	1	2	1	'0 0 0 0 1 1 Z 0 	D	0.498106	0.498106	0.498106	0.498106	2.427073	2.427073	0.000000	0.498106	0.460216	0.484799	0.054721	0.000263	1.512003	
1423000	-305.842486	1	2	0	'0 0 0 0 1 1 0 0 	D	0.467106	0.467106	0.467106	0.467106	2.020095	2.020095	0.467106	0.467106	0.248586	0.212385	0.435760	0.103269	0.785472	
1424000	-308.321492	1	2	0	'0 0 0 0 1 1 0 0 	D	0.552020	0.552020	0.552020	0.552020	1.455386	1.455386	0.552020	0.552020	0.290339	0.306737	0.287207	0.115717	1.503296	
1425000	-307.915711	1	2	0	'0 0 0 0 1 1 0 0 	D	0.579746	0.579746	0.579746	0.579746	1.547380	1.547380	0.579746	0.579746	0.283029	0.305217	0.290825	0.120929	1.914972	
1426000	-305.451764	1	2	1	'0 0 0 0 1 1 Z 0 	D	0.549021	0.549021	0.549021	0.549021	2.073366	2.073366	0.000000	0.549021	0.451243	0.507573	0.040971	0.000213	1.032599	
1427000	-306.471988	1	2	1	'0 0 0 0 1 1 Z 0 	D	0.549241	0.549241	0.549241	0.549241	1.724482	1.724482	0.000000	0.549241	0.452850	0.515277	0.031722	0.000151	0.640476	
1428000	-305.951371	1	2	1	'0 0 0 0 1 1 Z 0 	D	0.505017	0.505017	0.505017	0.505017	2.312762	2.312762	0.000000	0.505017	0.459489	0.488766	0.051497	0.000248	1.437870	
1429000	-307.101390	1	2	1	'1 1 1 1 0 0 Z 1 	D	0.440704	0.440704	0.440704	0.440704	1.895702	1.895702	0.000000	0.440704	0.477520	0.469267	0.053022	0.000191	1.631292	
1430000	-306.231996	1	2	0	'1 1 1 1 0 0 1 1 	D	0.568513	0.568513	0.568513	0.568513	2.065688	2.065688	0.568513	0.568513	0.253127	0.251321	0.373992	0.121560	1.215902	
1431000	-305.971754	1	2	0	'1 1 1 1 0 0 1 1 	D	0.508709	0.508709	0.508709	0.508709	2.186103	2.186103	0.508709	0.508709	0.244568	0.220254	0.424495	0.110683	1.559852	
1432000	-306.331215	1	2	0	'1 1 1 1 0 0 1 1 	D	0.559105	0.559105	0.559105	0.559105	2.229559	2.229559	0.559105	0.559105	0.245609	0.237048	0.397409	0.119933	0.741094	
1433000	-306.578831	1	2	0	'1 1 1 1 0 0 1 1 	D	0.457239	0.457239	0.457239	0.457239	1.678349	1.678349	0.457239	0.457239	0.269045	0.236599	0.392435	0.101921	1.223914	
1434000	-306.032126	1	2	0	'1 1 1 1 0 0 1 1 	D	0.506736	0.506736	0.506736	0.506736	2.220828	2.220828	0.506736	0.506736	0.242844	0.217353	0.429532	0.110271	1.380306	
1435000	-305.931233	1	2	0	'1 1 1 1 0 0 1 1 	D	0.449910	0.449910	0.449910	0.449910	1.997566	1.997566	0.449910	0.449910	0.247529	0.205420	0.446917	0.100133	1.353823	
1436000	-306.275400	1	2	0	'1 1 1 1 0 0 1 1 	D	0.431334	0.431334	0.431334	0.431334	1.826634	1.826634	0.431334	0.431334	0.255114	0.208688	0.439074	0.097124	1.319489	
1437000	-306.041386	1	2	0	'1 1 1 1 0 0 1 1 	D	0.443938	0.443938	0.443938	0.443938	2.115651	2.115651	0.443938	0.443938	0.240281	0.194680	0.466336	0.098702	1.961084	
1438000	-306.039364	1	2	1	'1 1 1 1 0 0 Z 1 	D	0.496171	0.496171	0.496171	0.496171	1.951014	1.951014	0.000000	0.496171	0.464026	0.491713	0.044069	0.000192	1.984968	
1439000	-306.769677	1	2	0	'1 1 1 1 0 0 1 1 	D	0.401823	0.401823	0.401823	0.401823	1.781739	1.781739	0.401823	0.401823	0.252732	0.195360	0.460149	0.091759	1.908694	
1440000	-306.299994	1	2	1	'1 1 1 1 0 0 Z 1 	D	0.468341	0.468341	0.468341	0.468341	2.067505	2.067505	0.000000	0.468341	0.469625	0.478004	0.052157	0.000214	1.928298	
1441000	-307.627658	1	2	0	'1 1 1 1 0 0 1 1 	D	0.394851	0.394851	0.394851	0.394851	2.443405	2.443405	0.394851	0.394851	0.215385	0.153210	0.543554	0.087851	1.432096	
1442000	-307.877530	1	2	0	'1 1 1 1 0 0 1 1 	D	0.375164	0.375164	0.375164	0.375164	2.397831	2.397831	0.375164	0.375164	0.212211	0.144126	0.559826	0.083837	1.986862	
1443000	-305.873602	1	2	0	'1 1 1 1 0 0 1 1 	D	0.475718	0.475718	0.475718	0.475718	1.913794	1.913794	0.475718	0.475718	0.255577	0.224466	0.414965	0.104992	1.132978	
1444000	-305.766576	1	2	1	'1 1 1 1 0 0 Z 1 	D	0.665316	0.665316	0.665316	0.665316	2.052569	2.052569	0.000000	0.665316	0.427493	0.538929	0.033350	0.000228	1.488866	
1445000	-305.565770	1	2	1	'1 1 1 1 0 0 Z 1 	D	0.531121	0.531121	0.531121	0.531121	2.055482	2.055482	0.000000	0.531121	0.455337	0.502071	0.042383	0.000209	1.591247	
1446000	-306.049734	1	2	1	'1 1 1 1 0 0 Z 1 	D	0.593566	0.593566	0.593566	0.593566	2.539826	2.539826	0.000000	0.593566	0.439208	0.514349	0.046150	0.000292	0.980012	
1447000	-305.363506	1	2	1	'1 1 1 1 0 0 Z 1 	D	0.569163	0.569163	0.569163	0.569163	2.137019	2.137019	0.000000	0.569163	0.446510	0.512647	0.040618	0.000225	1.542212	
1448000	-306.110014	1	2	0	'1 1 1 1 0 0 1 1 	D	0.554870	0.554870	0.554870	0.554870	2.079961	2.079961	0.554870	0.554870	0.252090	0.245369	0.383415	0.119126	1.322210	
1449000	-305.321182	1	3	1	'1 1 1 1 2 0 Z 1 	D	0.497856	0.497856	0.497856	0.497856	1.742936	3.292028	0.000000	0.497856	0.516571	0.423917	0.059209	0.000302	1.457880	
1450000	-306.439474	1	2	1	'0 0 0 0 1 1 Z 0 	D	0.496397	0.496397	0.496397	0.496397	1.813408	1.813408	0.000000	0.496397	0.464852	0.495129	0.039851	0.000168	1.181839	
1451000	-305.943742	1	2	0	'0 0 0 0 1 1 0 0 	D	0.454567	0.454567	0.454567	0.454567	2.095118	2.095118	0.454567	0.454567	0.242945	0.201273	0.455010	0.100772	1.893651	
1452000	-303.757940	1	4	0	'2 0 2 2 3 1 0 2 	D	0.539229	0.401959	0.539229	0.539229	1.080185	3.131407	0.401959	0.539229	0.427826	0.281822	0.251785	0.038566	1.274124	
1453000	-307.139707	1	3	0	'2 1 1 2 1 0 2 1 	D	0.355788	0.728602	0.728602	0.355788	0.728602	2.326032	0.355788	0.728602	0.371036	0.404815	0.165465	0.058684	1.944710	
1454000	-310.229842	1	2	0	'1 1 1 1 1 0 1 1 	D	0.737119	0.737119	0.737119	0.737119	0.737119	2.712873	0.737119	0.737119	0.444681	0.352170	0.140738	0.062411	0.480177	
1455000	-302.039047	1	3	0	'1 1 1 1 2 0 1 2 	D	0.464484	0.464484	0.464484	0.464484	1.256501	2.429299	0.464484	1.256501	0.293189	0.263852	0.293757	0.149202	0.772546	
1456000	-309.455072	1	2	0	'1 1 1 1 1 0 1 1 	D	0.619443	0.619443	0.619443	0.619443	0.619443	2.547687	0.619443	0.619443	0.505112	0.311233	0.139213	0.044442	1.741171	
1457000	-307.343046	1	2	1	'0 0 0 0 1 1 Z 0 	D	0.501974	0.501974	0.501974	0.501974	1.632759	1.632759	0.000000	0.501974	0.464421	0.502335	0.033109	0.000135	1.301094	
1458000	-305.520507	1	2	1	'0 0 0 0 1 1 Z 0 	D	0.552250	0.552250	0.552250	0.552250	2.283081	2.283081	0.000000	0.552250	0.449313	0.505275	0.045165	0.000247	1.905701	
1459000	-305.743204	1	2	1	'0 0 0 0 1 1 Z 0 	D	0.552898	0.552898	0.552898	0.552898	1.898906	1.898906	0.000000	0.552898	0.451293	0.512244	0.036280	0.000183	1.261549	
1460000	-305.836497	1	2	0	'0 0 0 0 1 1 0 0 	D	0.470309	0.470309	0.470309	0.470309	1.980685	1.980685	0.470309	0.470309	0.251140	0.216752	0.428184	0.103924	1.461244	
1461000	-305.656377	1	2	1	'0 0 0 0 1 1 Z 0 	D	0.657830	0.657830	0.657830	0.657830	2.249834	2.249834	0.000000	0.657830	0.428095	0.534128	0.037514	0.000263	1.596205	
1462000	-305.888495	1	2	1	'1 1 1 1 0 0 Z 1 	D	0.671560	0.671560	0.671560	0.671560	2.355004	2.355004	0.000000	0.671560	0.425072	0.535825	0.038816	0.000287	1.820467	
1463000	-308.362657	1	2	1	'1 1 1 1 0 0 Z 1 	D	0.508350	0.508350	0.508350	0.508350	2.905087	2.905087	0.000000	0.508350	0.454905	0.484897	0.059882	0.000317	0.564962	
1464000	-306.810470	1	2	0	'1 1 1 1 0 0 1 1 	D	0.609259	0.609259	0.609259	0.609259	1.928676	1.928676	0.609259	0.609259	0.259882	0.275785	0.335934	0.128399	0.760640	
1465000	-305.861717	1	2	1	'1 1 1 1 0 0 Z 1 	D	0.520117	0.520117	0.520117	0.520117	1.923587	1.923587	0.000000	0.520117	0.458626	0.501002	0.040186	0.000187	1.921657	
1466000	-307.232892	1	2	1	'1 1 1 1 0 0 Z 1 	D	0.492731	0.492731	0.492731	0.492731	1.664775	1.664775	0.000000	0.492731	0.466552	0.498007	0.035300	0.000141	1.601671	
1467000	-306.384693	1	2	0	'1 1 1 1 0 0 1 1 	D	0.566135	0.566135	0.566135	0.566135	2.224440	2.224440	0.566135	0.566135	0.246057	0.239842	0.392874	0.121226	1.296132	
1468000	-305.920895	1	2	1	'1 1 1 1 0 0 Z 1 	D	0.492904	0.492904	0.492904	0.492904	2.151326	2.151326	0.000000	0.492904	0.463363	0.486559	0.049853	0.000225	1.465097	
1469000	-310.193474	1	2	1	'0 0 0 0 0 1 Z 0 	D	0.663192	0.663192	0.663192	0.663192	0.663192	3.047320	0.000000	0.663192	0.577745	0.412403	0.009788	0.000064	1.331532	
1470000	-311.831504	1	2	1	'0 0 0 0 0 1 Z 0 	D	0.910579	0.910579	0.910579	0.910579	0.910579	3.260973	0.000000	0.910579	0.457705	0.534086	0.008108	0.000101	1.845217	
1471000	-307.537329	1	2	0	'1 1 1 1 0 0 1 1 	D	0.647312	0.647312	0.647312	0.647312	1.872135	1.872135	0.647312	0.647312	0.261728	0.292210	0.311391	0.134671	1.119365	
1472000	-307.927336	1	2	0	'1 1 1 1 0 0 1 1 	D	0.411541	0.411541	0.411541	0.411541	1.516344	1.516344	0.411541	0.411541	0.275791	0.228826	0.401062	0.094320	1.165168	
1473000	-308.306390	1	2	0	'1 1 1 1 0 0 1 1 	D	0.643490	0.643490	0.643490	0.643490	1.646934	1.646934	0.643490	0.643490	0.274213	0.314113	0.279604	0.132069	0.937224	
1474000	-307.410494	1	2	0	'1 1 1 1 0 0 1 1 	D	0.515760	0.515760	0.515760	0.515760	1.536860	1.536860	0.515760	0.515760	0.283759	0.281006	0.324277	0.110957	0.743267	
1475000	-307.348251	1	2	0	'1 1 1 1 0 0 1 1 	D	0.441758	0.441758	0.441758	0.441758	2.533833	2.533833	0.441758	0.441758	0.221718	0.173335	0.507885	0.097062	1.266931	
1476000	-306.266931	1	2	0	'1 1 1 1 0 0 1 1 	D	0.504989	0.504989	0.504989	0.504989	1.749246	1.749246	0.504989	0.504989	0.268196	0.252655	0.369110	0.110038	1.239391	
1477000	-305.434923	1	2	1	'1 1 1 1 0 0 Z 1 	D	0.621395	0.621395	0.621395	0.621395	2.106057	2.106057	0.000000	0.621395	0.435815	0.527497	0.036459	0.000228	1.665112	
1478000	-305.362856	1	2	1	'1 1 1 1 0 0 Z 1 	D	0.572083	0.572083	0.572083	0.572083	2.176011	2.176011	0.000000	0.572083	0.445674	0.512883	0.041210	0.000232	0.770357	
1479000	-306.701462	1	2	0	'1 1 1 1 0 0 1 1 	D	0.390221	0.390221	0.390221	0.390221	2.025812	2.025812	0.390221	0.390221	0.234549	0.170611	0.506412	0.088428	1.646669	
1480000	-305.972382	1	2	1	'1 1 1 1 0 0 Z 1 	D	0.499692	0.499692	0.499692	0.499692	1.964477	1.964477	0.000000	0.499692	0.463114	0.492747	0.043944	0.000194	1.559698	
1481000	-309.362330	1	2	0	'1 1 1 1 0 0 1 1 	D	0.307889	0.307889	0.307889	0.307889	2.088524	2.088524	0.307889	0.307889	0.205607	0.114251	0.610965	0.069177	0.880775	
1482000	-306.368042	1	2	0	'1 1 1 1 0 0 1 1 	D	0.580680	0.580680	0.580680	0.580680	2.079085	2.079085	0.580680	0.580680	0.252711	0.254575	0.368955	0.123760	1.138997	
1483000	-307.476755	1	2	1	'1 1 1 1 0 0 Z 1 	D	0.579743	0.579743	0.579743	0.579743	1.571896	1.571896	0.000000	0.579743	0.446315	0.528169	0.025392	0.000124	0.950114	
1484000	-305.405773	1	2	1	'1 1 1 1 0 0 Z 1 	D	0.557825	0.557825	0.557825	0.557825	2.188376	2.188376	0.000000	0.557825	0.448665	0.508398	0.042704	0.000232	1.790329	
1485000	-310.387644	1	2	1	'0 0 0 0 0 1 Z 0 	D	0.671163	0.671163	0.671163	0.671163	0.671163	2.590981	0.000000	0.671163	0.533041	0.457046	0.009847	0.000066	1.310707	
1486000	-309.840314	1	2	0	'1 1 1 1 1 0 1 1 	D	0.687928	0.687928	0.687928	0.687928	0.687928	3.334745	0.687928	0.687928	0.519629	0.302643	0.134011	0.043718	1.575333	
1487000	-311.473157	1	2	1	'0 1 1 1 0 0 Z 0 	D	1.178931	0.508711	0.508711	0.508711	1.178931	1.178931	0.000000	1.178931	0.590674	0.389160	0.019787	0.000379	1.123027	
1488000	-309.686949	1	2	1	'1 0 0 0 1 1 Z 1 	D	1.446048	0.434322	0.434322	0.434322	1.446048	1.446048	0.000000	1.446048	0.641818	0.319307	0.037423	0.001451	0.795013	
1489000	-310.353808	1	2	0	'1 0 0 0 1 1 0 1 	D	1.129693	0.351815	0.351815	0.351815	1.129693	1.129693	0.351815	1.129693	0.428853	0.177154	0.205604	0.188389	0.557820	
1490000	-309.783162	1	2	1	'0 1 1 1 0 0 Z 0 	D	1.395854	0.443942	0.443942	0.443942	1.395854	1.395854	0.000000	1.395854	0.636346	0.328893	0.033611	0.001150	1.704047	
1491000	-305.981737	1	2	0	'1 1 1 1 0 0 1 1 	D	0.523460	0.523460	0.523460	0.523460	1.895171	1.895171	0.523460	0.523460	0.260335	0.247356	0.378904	0.113406	1.430451	
1492000	-305.596573	1	2	1	'1 1 1 1 0 0 Z 1 	D	0.532830	0.532830	0.532830	0.532830	2.016434	2.016434	0.000000	0.532830	0.455183	0.503387	0.041228	0.000203	1.916868	
1493000	-305.855010	1	2	1	'1 1 1 1 0 0 Z 1 	D	0.514655	0.514655	0.514655	0.514655	2.317711	2.317711	0.000000	0.514655	0.457318	0.492215	0.050218	0.000249	1.807511	
1494000	-309.238805	1	2	0	'0 0 0 0 0 1 0 0 	D	0.579304	0.579304	0.579304	0.579304	0.579304	2.760181	0.579304	0.579304	0.557389	0.270662	0.137765	0.034184	1.626382	
1495000	-310.240771	1	2	0	'1 1 0 1 0 0 1 0 	D	0.417097	0.417097	1.175533	0.417097	1.175533	1.175533	0.417097	1.175533	0.139494	0.535426	0.148356	0.176724	1.100282	
1496000	-310.175921	1	2	0	'0 0 1 0 1 1 0 1 	D	0.345603	0.345603	1.054969	0.345603	1.054969	1.054969	0.345603	1.054969	0.136058	0.540786	0.154619	0.168538	0.659805	
1497000	-310.705978	1	2	0	'0 0 1 0 1 1 0 1 	D	0.243599	0.243599	1.231373	0.243599	1.231373	1.231373	0.243599	1.231373	0.079447	0.500755	0.203769	0.216029	1.086339	
1498000	-317.514051	1	2	0	'0 0 1 0 1 1 0 1 	D	0.675213	0.675213	1.645793	0.675213	1.645793	1.645793	0.675213	1.645793	0.133998	0.478524	0.154983	0.232495	1.140727	
1499000	-310.042470	1	2	0	'0 0 1 0 1 1 0 1 	D	0.377160	0.377160	1.251510	0.377160	1.251510	1.251510	0.377160	1.251510	0.118725	0.528648	0.161987	0.190640	1.422878	
1500000	-310.423938	1	2	0	'0 0 1 0 1 1 0 1 	D	0.318607	0.318607	1.019222	0.318607	1.019222	1.019222	0.318607	1.019222	0.132281	0.540501	0.159363	0.167855	1.503936	
1501000	-310.736633	1	2	0	'0 0 1 0 1 1 0 1 	D	0.262941	0.262941	1.036119	0.262941	1.036119	1.036119	0.262941	1.036119	0.108207	0.527624	0.181463	0.182706	1.391336	
1502000	-310.158363	1	2	0	'0 0 1 0 1 1 0 1 	D	0.290445	0.290445	1.260518	0.290445	1.260518	1.260518	0.290445	1.260518	0.092199	0.514306	0.186764	0.206731	0.560652	
1503000	-311.640654	1	2	0	'0 0 1 0 1 1 0 1 	D	0.392303	0.392303	1.486505	0.392303	1.486505	1.486505	0.392303	1.486505	0.099619	0.508988	0.173518	0.217875	0.537374	
1504000	-309.975895	1	2	0	'0 0 1 0 1 1 0 1 	D	0.307119	0.307119	1.115957	0.307119	1.115957	1.115957	0.307119	1.115957	0.113899	0.531189	0.171178	0.183734	0.918248	
1505000	-310.677097	1	2	0	'0 0 1 0 1 1 0 1 	D	0.422834	0.422834	1.052642	0.422834	1.052642	1.052642	0.422834	1.052642	0.161049	0.542180	0.137122	0.159648	1.649570	
1506000	-305.868636	1	2	1	'0 0 0 0 1 1 Z 0 	D	0.542896	0.542896	0.542896	0.542896	1.870572	1.870572	0.000000	0.542896	0.453684	0.509743	0.036396	0.000177	1.213163	
1507000	-305.908120	1	2	1	'0 0 0 0 1 1 Z 0 	D	0.678704	0.678704	0.678704	0.678704	2.039336	2.039336	0.000000	0.678704	0.425045	0.542132	0.032594	0.000229	1.725259	
1508000	-307.243109	1	2	0	'0 0 0 0 1 1 0 0 	D	0.404272	0.404272	0.404272	0.404272	1.646942	1.646942	0.404272	0.404272	0.263373	0.209583	0.434320	0.092723	1.253672	
1509000	-305.535288	1	2	1	'0 0 0 0 1 1 Z 0 	D	0.573087	0.573087	0.573087	0.573087	1.966452	1.966452	0.000000	0.573087	0.446528	0.516888	0.036388	0.000196	1.351453	
1510000	-305.577623	1	2	1	'0 0 0 0 1 1 Z 0 	D	0.525483	0.525483	0.525483	0.525483	2.112568	2.112568	0.000000	0.525483	0.456253	0.499129	0.044400	0.000218	1.942475	
1511000	-305.681686	1	2	1	'0 0 0 0 1 1 Z 0 	D	0.611632	0.611632	0.611632	0.611632	2.406378	2.406378	0.000000	0.611632	0.436294	0.520694	0.042735	0.000277	1.784620	
1512000	-309.311936	1	2	0	'0 0 0 0 0 1 0 0 	D	0.604093	0.604093	0.604093	0.604093	0.604093	2.641634	0.604093	0.604093	0.526176	0.294722	0.138982	0.040120	1.696781	
1513000	-309.632611	1	2	0	'0 0 0 0 0 1 0 0 	D	0.683682	0.683682	0.683682	0.683682	0.683682	2.703111	0.683682	0.683682	0.475810	0.331562	0.139793	0.052835	1.019994	
1514000	-311.168982	1	2	1	'0 0 0 0 0 1 Z 0 	D	0.821076	0.821076	0.821076	0.821076	0.821076	3.573453	0.000000	0.821076	0.508979	0.483218	0.007725	0.000078	0.908448	
1515000	-310.449644	1	2	1	'0 0 0 0 0 1 Z 0 	D	0.803820	0.803820	0.803820	0.803820	0.803820	3.026211	0.000000	0.803820	0.489761	0.501689	0.008468	0.000083	1.501404	
1516000	-309.521995	1	2	0	'0 0 0 0 0 1 0 0 	D	0.529116	0.529116	0.529116	0.529116	0.529116	2.999441	0.529116	0.529116	0.620444	0.223345	0.132282	0.023929	0.918906	
1517000	-309.688340	1	2	0	'0 0 0 0 0 1 0 0 	D	0.578647	0.578647	0.578647	0.578647	0.578647	2.430832	0.578647	0.578647	0.523421	0.297552	0.139309	0.039718	1.508626	
1518000	-303.267258	1	3	1	'2 0 0 0 2 1 Z 2 	D	1.161686	0.402186	0.402186	0.402186	1.161686	3.191476	0.000000	1.161686	0.674501	0.293846	0.030722	0.000931	1.595800	
1519000	-311.016007	1	2	0	'1 1 1 1 1 0 1 1 	D	0.479759	0.479759	0.479759	0.479759	0.479759	3.589019	0.479759	0.479759	0.700221	0.174471	0.111357	0.013952	1.478045	
1520000	-309.632855	1	2	0	'1 1 1 1 1 0 1 1 	D	0.627284	0.627284	0.627284	0.627284	0.627284	3.437513	0.627284	0.627284	0.570653	0.268598	0.127776	0.032973	1.970337	
1521000	-309.659710	1	2	0	'1 1 1 1 1 0 1 1 	D	0.638843	0.638843	0.638843	0.638843	0.638843	2.464341	0.638843	0.638843	0.482795	0.328797	0.138908	0.049500	0.962989	
1522000	-310.468549	1	2	0	'1 1 1 1 1 0 1 1 	D	0.468815	0.468815	0.468815	0.468815	0.468815	3.001780	0.468815	0.468815	0.672337	0.180642	0.130272	0.016748	1.180585	
1523000	-309.995657	1	2	0	'1 1 1 1 1 0 1 1 	D	0.524258	0.524258	0.524258	0.524258	0.524258	2.472981	0.524258	0.524258	0.574447	0.255294	0.140122	0.030137	1.826891	
1524000	-309.648693	1	2	0	'1 1 1 1 1 0 1 1 	D	0.518271	0.518271	0.518271	0.518271	0.518271	3.015576	0.518271	0.518271	0.631024	0.215101	0.131500	0.022375	1.408671	
1525000	-309.213620	1	2	0	'1 1 1 1 1 0 1 1 	D	0.571639	0.571639	0.571639	0.571639	0.571639	2.949297	0.571639	0.571639	0.580357	0.254396	0.134823	0.030425	1.900555	
1526000	-311.601610	1	2	1	'1 1 1 1 1 0 Z 1 	D	0.557042	0.557042	0.557042	0.557042	0.557042	2.671252	0.000000	0.557042	0.636638	0.350719	0.012588	0.000056	1.350417	
1527000	-309.348616	1	2	0	'1 1 1 1 1 0 1 1 	D	0.630220	0.630220	0.630220	0.630220	0.630220	3.215325	0.630220	0.630220	0.553812	0.277573	0.132644	0.035972	1.243822	
1528000	-309.536781	1	2	0	'1 1 1 1 1 0 1 1 	D	0.531420	0.531420	0.531420	0.531420	0.531420	2.768288	0.531420	0.531420	0.598792	0.237404	0.136902	0.026902	0.785144	
1529000	-309.347127	1	2	0	'1 1 1 1 1 0 1 1 	D	0.586078	0.586078	0.586078	0.586078	0.586078	2.625230	0.586078	0.586078	0.538688	0.284935	0.138958	0.037419	1.833267	
1530000	-309.899140	1	2	0	'1 1 1 1 1 0 1 1 	D	0.499010	0.499010	0.499010	0.499010	0.499010	2.937283	0.499010	0.499010	0.641584	0.204878	0.132790	0.020748	1.002353	
1531000	-310.463644	1	2	0	'1 1 1 1 1 0 1 1 	D	0.758095	0.758095	0.758095	0.758095	0.758095	2.815719	0.758095	0.758095	0.440869	0.353414	0.141368	0.064349	0.988504	
1532000	-313.008898	1	2	0	'1 1 1 1 1 0 1 1 	D	0.392091	0.392091	0.392091	0.392091	0.392091	2.638821	0.392091	0.392091	0.708594	0.139197	0.140320	0.011889	1.890900	
1533000	-309.713456	1	2	0	'1 1 1 1 1 0 1 1 	D	0.535665	0.535665	0.535665	0.535665	0.535665	3.308260	0.535665	0.535665	0.636996	0.216591	0.124567	0.021846	1.219806	
1534000	-310.524418	1	2	1	'1 1 1 1 1 0 Z 1 	D	0.762974	0.762974	0.762974	0.762974	0.762974	2.515134	0.000000	0.762974	0.477042	0.514325	0.008560	0.000074	0.834089	
1535000	-304.171284	1	3	0	'2 1 2 1 2 0 1 2 	D	0.913047	0.389153	0.913047	0.389153	0.913047	2.744877	0.389153	0.913047	0.325040	0.398900	0.191256	0.084804	0.790438	
1536000	-310.959482	1	2	0	'1 1 1 1 1 0 1 1 	D	0.448103	0.448103	0.448103	0.448103	0.448103	2.992229	0.448103	0.448103	0.688897	0.166311	0.130085	0.014708	0.842332	
1537000	-310.748201	1	2	0	'1 1 1 1 1 0 1 1 	D	0.778120	0.778120	0.778120	0.778120	0.778120	2.964244	0.778120	0.778120	0.440340	0.352457	0.141829	0.065374	1.905544	
1538000	-324.486362	1	1	0	'0 0 0 0 0 0 0 0 	I	1.002459	1.002459	1.002459	1.002459	1.002459	1.002459	1.002459	1.002459	0.280482	0.484918	0.085969	0.148631	1.047691	
1539000	-311.281882	1	2	0	'1 0 1 0 1 1 0 1 	D	1.159737	0.334786	1.159737	0.334786	1.159737	1.159737	0.334786	1.159737	0.240938	0.443378	0.144752	0.170932	1.570911	
1540000	-315.147314	1	2	0	'1 0 1 0 1 1 0 1 	D	1.614506	0.446921	1.614506	0.446921	1.614506	1.614506	0.446921	1.614506	0.203235	0.416586	0.158085	0.222095	1.487269	
1541000	-313.738090	1	2	0	'1 0 1 0 1 1 0 1 	D	1.326358	0.156526	1.326358	0.156526	1.326358	1.326358	0.156526	1.326358	0.166048	0.325020	0.236287	0.272645	1.203306	
1542000	-314.303093	1	2	0	'1 0 1 1 1 1 0 1 	D	0.928648	0.115088	0.928648	0.928648	0.928648	0.928648	0.115088	0.928648	0.420763	0.547889	0.019141	0.012207	0.799096	
1543000	-312.277210	1	2	1	'1 0 0 0 1 1 Z 1 	D	1.135115	0.348249	0.348249	0.348249	1.135115	1.135115	0.000000	1.135115	0.694565	0.281333	0.023574	0.000529	0.830590	
1544000	-305.420515	1	3	1	'1 1 2 1 0 0 Z 2 	D	0.415899	0.415899	0.631073	0.415899	1.914705	1.914705	0.000000	0.631073	0.349915	0.621596	0.028283	0.000207	0.710299	
1545000	-305.558149	1	2	1	'1 1 1 1 0 0 Z 1 	D	0.613978	0.613978	0.613978	0.613978	1.985144	1.985144	0.000000	0.613978	0.437832	0.527731	0.034232	0.000205	1.533606	
1546000	-305.358891	1	2	1	'1 1 1 1 0 0 Z 1 	D	0.576544	0.576544	0.576544	0.576544	2.110454	2.110454	0.000000	0.576544	0.445072	0.515254	0.039452	0.000222	1.244489	
1547000	-305.641273	1	2	1	'1 1 1 1 0 0 Z 1 	D	0.550910	0.550910	0.550910	0.550910	1.941004	1.941004	0.000000	0.550910	0.451532	0.510731	0.037547	0.000190	0.996810	
1548000	-307.184092	1	2	0	'1 1 1 1 0 0 1 1 	D	0.634189	0.634189	0.634189	0.634189	1.944226	1.944226	0.634189	0.634189	0.258611	0.282072	0.326505	0.132812	1.994378	
1549000	-308.116796	1	2	0	'1 1 1 1 0 0 1 1 	D	0.623952	0.623952	0.623952	0.623952	1.619043	1.619043	0.623952	0.623952	0.276813	0.311411	0.283142	0.128635	0.779065	
1550000	-307.015422	1	2	1	'1 1 1 1 0 0 Z 1 	D	0.434641	0.434641	0.434641	0.434641	2.174425	2.174425	0.000000	0.434641	0.476215	0.460241	0.063307	0.000237	1.158789	
1551000	-307.407481	1	2	1	'1 1 1 1 0 0 Z 1 	D	0.742663	0.742663	0.742663	0.742663	1.813656	1.813656	0.000000	0.742663	0.414361	0.559243	0.026197	0.000199	1.292401	
1552000	-305.944376	1	2	0	'1 1 1 1 0 0 1 1 	D	0.482796	0.482796	0.482796	0.482796	1.860920	1.860920	0.482796	0.482796	0.259449	0.232195	0.402069	0.106288	0.382187	
1553000	-306.856816	1	2	0	'1 1 1 1 0 0 1 1 	D	0.432974	0.432974	0.432974	0.432974	2.396664	2.396664	0.432974	0.432974	0.225462	0.174722	0.504075	0.095741	1.945457	
1554000	-306.045076	1	2	0	'1 1 1 1 0 0 1 1 	D	0.457583	0.457583	0.457583	0.457583	1.844623	1.844623	0.457583	0.457583	0.257714	0.221160	0.419289	0.101836	1.317779	
1555000	-306.185068	1	2	0	'1 1 1 1 0 0 1 1 	D	0.476805	0.476805	0.476805	0.476805	1.766890	1.766890	0.476805	0.476805	0.264878	0.237751	0.392108	0.105263	1.877335	
1556000	-306.619087	1	2	1	'1 1 1 1 0 0 Z 1 	D	0.468586	0.468586	0.468586	0.468586	2.369631	2.369631	0.000000	0.468586	0.467140	0.473494	0.059108	0.000257	1.598186	
1557000	-305.434261	1	2	1	'1 1 1 1 0 0 Z 1 	D	0.617522	0.617522	0.617522	0.617522	2.237171	2.237171	0.000000	0.617522	0.435977	0.524470	0.039303	0.000251	1.024105	
1558000	-306.170134	1	2	1	'1 1 1 1 0 0 Z 1 	D	0.482570	0.482570	0.482570	0.482570	2.262539	2.262539	0.000000	0.482570	0.464865	0.480725	0.054168	0.000242	1.756258	
1559000	-309.442892	1	2	0	'1 1 1 1 1 0 1 1 	D	0.556659	0.556659	0.556659	0.556659	0.556659	2.645678	0.556659	0.556659	0.565070	0.263856	0.138686	0.032388	1.687302	
1560000	-310.224943	1	2	0	'1 1 0 1 0 0 1 0 	D	0.326780	0.326780	1.045924	0.326780	1.045924	1.045924	0.326780	1.045924	0.130934	0.539596	0.159214	0.170256	1.318684	
1561000	-311.290396	1	2	0	'1 1 0 1 0 0 1 0 	D	0.451810	0.451810	1.380999	0.451810	1.380999	1.380999	0.451810	1.380999	0.122692	0.519643	0.157194	0.200471	0.619826	
1562000	-310.062001	1	2	0	'0 0 1 0 1 1 0 1 	D	0.287484	0.287484	1.212176	0.287484	1.212176	1.212176	0.287484	1.212176	0.096037	0.518085	0.184784	0.201094	0.412733	
1563000	-305.833972	1	2	0	'0 0 0 0 1 1 0 0 	D	0.481891	0.481891	0.481891	0.481891	2.085580	2.085580	0.481891	0.481891	0.246856	0.214903	0.432362	0.105879	1.501340	
1564000	-306.827361	1	2	0	'0 0 0 0 1 1 0 0 	D	0.581363	0.581363	0.581363	0.581363	1.762666	1.762666	0.581363	0.581363	0.269178	0.281765	0.326204	0.122853	1.631075	
1565000	-306.166679	1	2	1	'0 0 0 0 1 1 Z 0 	D	0.494252	0.494252	0.494252	0.494252	2.351079	2.351079	0.000000	0.494252	0.461607	0.484199	0.053941	0.000254	0.831716	
1566000	-307.295064	1	2	1	'0 0 0 0 1 1 Z 0 	D	0.661516	0.661516	0.661516	0.661516	1.655470	1.655470	0.000000	0.661516	0.429210	0.546162	0.024480	0.000149	1.477403	
1567000	-308.965274	1	2	1	'0 0 0 0 1 1 Z 0 	D	0.384002	0.384002	0.384002	0.384002	1.817213	1.817213	0.000000	0.384002	0.490883	0.439296	0.069624	0.000197	1.662088	
1568000	-307.386807	1	2	0	'1 1 1 1 0 0 1 1 	D	0.613339	0.613339	0.613339	0.613339	2.402491	2.402491	0.613339	0.613339	0.240128	0.244693	0.385159	0.130020	1.892040	
1569000	-309.355018	1	2	0	'1 1 1 1 1 0 1 1 	D	0.660104	0.660104	0.660104	0.660104	0.660104	2.894829	0.660104	0.660104	0.507716	0.308515	0.138397	0.045372	1.503260	
1570000	-309.170210	1	2	0	'1 1 1 1 1 0 1 1 	D	0.598879	0.598879	0.598879	0.598879	0.598879	3.015528	0.598879	0.598879	0.563511	0.268121	0.134699	0.033669	1.115730	
1571000	-309.897345	1	2	0	'1 1 1 1 1 0 1 1 	D	0.604244	0.604244	0.604244	0.604244	0.604244	3.594804	0.604244	0.604244	0.598265	0.251650	0.121961	0.028125	1.592554	
1572000	-310.327661	1	2	0	'1 1 1 1 1 0 1 1 	D	0.580183	0.580183	0.580183	0.580183	0.580183	3.762276	0.580183	0.580183	0.627163	0.234388	0.114896	0.023552	1.332114	
1573000	-310.137078	1	2	0	'1 1 1 1 1 0 1 1 	D	0.487874	0.487874	0.487874	0.487874	0.487874	2.764656	0.487874	0.487874	0.636974	0.205460	0.136455	0.021111	1.206078	
1574000	-309.179016	1	2	0	'1 1 1 1 1 0 1 1 	D	0.596758	0.596758	0.596758	0.596758	0.596758	2.815555	0.596758	0.596758	0.548375	0.278018	0.137488	0.036119	1.610114	
1575000	-309.183130	1	2	0	'1 1 1 1 1 0 1 1 	D	0.593243	0.593243	0.593243	0.593243	0.593243	3.039374	0.593243	0.593243	0.569906	0.263539	0.134045	0.032510	0.998957	
1576000	-309.287764	1	2	0	'1 1 1 1 1 0 1 1 	D	0.608323	0.608323	0.608323	0.608323	0.608323	2.666121	0.608323	0.608323	0.525338	0.295356	0.138902	0.040405	1.313614	
1577000	-310.812454	1	2	0	'1 1 1 1 1 0 1 1 	D	0.691067	0.691067	0.691067	0.691067	0.691067	2.162839	0.691067	0.691067	0.421161	0.378685	0.134334	0.065821	1.786491	
1578000	-310.289725	1	2	0	'1 1 1 1 1 0 1 1 	D	0.676450	0.676450	0.676450	0.676450	0.676450	3.649261	0.676450	0.676450	0.546103	0.288727	0.127027	0.038143	1.593191	
1579000	-305.864268	1	3	0	'1 2 1 2 1 0 2 1 	D	0.674165	0.260608	0.674165	0.260608	0.674165	3.231926	0.260608	0.674165	0.414549	0.298308	0.239853	0.047290	1.554531	
1580000	-311.981863	1	2	0	'1 1 1 1 1 0 1 1 	D	0.808589	0.808589	0.808589	0.808589	0.808589	2.354776	0.808589	0.808589	0.383475	0.395115	0.137812	0.083598	1.840866	
1581000	-314.251462	1	2	0	'0 1 0 1 0 0 1 0 	D	1.480677	0.474741	1.480677	0.474741	1.480677	1.480677	0.474741	1.480677	0.217476	0.435865	0.145167	0.201492	1.517023	
1582000	-322.123414	1	1	0	'0 0 0 0 0 0 0 0 	I	0.799267	0.799267	0.799267	0.799267	0.799267	0.799267	0.799267	0.799267	0.318454	0.489600	0.075646	0.116300	1.824940	
1583000	-312.275895	1	2	0	'0 0 0 1 1 1 0 1 	D	0.384388	0.384388	0.384388	1.250708	1.250708	1.250708	0.384388	1.250708	0.438256	0.409852	0.081416	0.070476	1.372442	
1584000	-315.101395	1	2	0	'0 1 0 1 0 0 1 1 	D	1.231705	0.409998	1.231705	0.409998	1.231705	1.231705	0.409998	0.409998	0.257638	0.453365	0.183561	0.105436	1.316059	
1585000	-307.059923	1	2	0	'0 0 0 0 1 1 0 0 	D	0.436992	0.436992	0.436992	0.436992	1.608364	1.608364	0.436992	0.436992	0.271888	0.233092	0.396503	0.098518	0.944444	
1586000	-309.422332	1	2	0	'0 0 0 0 0 1 0 0 	D	0.658073	0.658073	0.658073	0.658073	0.658073	2.719325	0.658073	0.658073	0.494203	0.318451	0.139349	0.047996	1.994375	
1587000	-310.812727	1	2	1	'0 0 0 0 0 1 Z 0 	D	0.628937	0.628937	0.628937	0.628937	0.628937	3.456991	0.000000	0.628937	0.635236	0.355684	0.009029	0.000051	0.931938	
1588000	-309.178383	1	2	0	'0 0 0 0 0 1 0 0 	D	0.620925	0.620925	0.620925	0.620925	0.620925	2.902642	0.620925	0.620925	0.537079	0.287086	0.137122	0.038713	1.311676	
1589000	-306.242791	1	2	0	'0 0 0 0 1 1 0 0 	D	0.536019	0.536019	0.536019	0.536019	2.265641	2.265641	0.536019	0.536019	0.243022	0.226405	0.414923	0.115651	1.914393	
1590000	-306.872374	1	2	1	'0 0 0 0 1 1 Z 0 	D	0.441398	0.441398	0.441398	0.441398	2.016224	2.016224	0.000000	0.441398	0.476229	0.466670	0.056890	0.000211	1.002703	
1591000	-306.312295	1	2	1	'0 0 0 0 1 1 Z 0 	D	0.469789	0.469789	0.469789	0.469789	2.208383	2.208383	0.000000	0.469789	0.468154	0.476174	0.055436	0.000236	1.091913	
1592000	-305.445502	1	2	1	'0 0 0 0 1 1 Z 0 	D	0.619954	0.619954	0.619954	0.619954	2.241017	2.241017	0.000000	0.619954	0.435473	0.525039	0.039237	0.000252	1.257967	
1593000	-305.849585	1	2	0	'0 0 0 0 1 1 0 0 	D	0.476479	0.476479	0.476479	0.476479	2.092306	2.092306	0.476479	0.476479	0.245913	0.211963	0.437256	0.104868	0.913048	
1594000	-306.753800	1	2	0	'0 0 0 0 1 1 0 0 	D	0.608972	0.608972	0.608972	0.608972	2.120955	2.120955	0.608972	0.608972	0.250969	0.260786	0.359319	0.128927	1.830796	
1595000	-305.629189	1	2	1	'0 0 0 0 1 1 Z 0 	D	0.619280	0.619280	0.619280	0.619280	2.373028	2.373028	0.000000	0.619280	0.434948	0.523087	0.041691	0.000274	1.025838	
1596000	-305.802894	1	2	0	'0 0 0 0 1 1 0 0 	D	0.488746	0.488746	0.488746	0.488746	2.032212	2.032212	0.488746	0.488746	0.250311	0.221668	0.420813	0.107209	1.166959	
1597000	-305.935697	1	2	0	'0 0 0 0 1 1 0 0 	D	0.527110	0.527110	0.527110	0.527110	2.103720	2.103720	0.527110	0.527110	0.249697	0.233066	0.403120	0.114117	1.412118	
1598000	-305.885056	1	2	0	'0 0 0 0 1 1 0 0 	D	0.517685	0.517685	0.517685	0.517685	2.092693	2.092693	0.517685	0.517685	0.249628	0.229989	0.407970	0.112412	0.957567	
1599000	-309.508982	1	2	0	'1 0 0 0 1 1 0 1 	D	1.408669	0.403219	0.403219	0.403219	1.408669	1.408669	0.403219	1.408669	0.380575	0.173293	0.217729	0.228402	0.654344	
1600000	-310.112996	1	2	0	'1 1 1 1 1 0 1 1 	D	0.598650	0.598650	0.598650	0.598650	0.598650	3.690631	0.598650	0.598650	0.608206	0.246467	0.118816	0.026511	1.875102	
1601000	-309.545400	1	2	0	'1 1 1 1 1 0 1 1 	D	0.652412	0.652412	0.652412	0.652412	0.652412	3.305019	0.652412	0.652412	0.543162	0.286202	0.132292	0.038344	1.004243	
1602000	-311.109029	1	2	0	'1 1 1 1 1 0 1 1 	D	0.448576	0.448576	0.448576	0.448576	0.448576	2.645752	0.448576	0.448576	0.661397	0.182088	0.138924	0.017592	0.707346	
1603000	-309.787847	1	2	0	'1 1 1 1 1 0 1 1 	D	0.640516	0.640516	0.640516	0.640516	0.640516	2.404938	0.640516	0.640516	0.475454	0.335022	0.138480	0.051044	0.977783	
1604000	-312.253514	1	2	0	'1 1 1 1 1 0 1 1 	D	0.752799	0.752799	0.752799	0.752799	0.752799	1.988981	0.752799	0.752799	0.378848	0.410118	0.129467	0.081568	0.741070	
1605000	-310.122647	1	2	0	'0 1 1 1 0 0 1 0 	D	1.376341	0.246644	0.246644	0.246644	1.376341	1.376341	0.246644	1.376341	0.338736	0.079874	0.283001	0.298389	0.603158	
1606000	-305.416725	1	2	1	'1 1 1 1 0 0 Z 1 	D	0.597354	0.597354	0.597354	0.597354	2.264305	2.264305	0.000000	0.597354	0.439922	0.518732	0.041094	0.000251	1.811917	
1607000	-310.457354	1	2	1	'1 1 1 1 1 0 Z 1 	D	0.705088	0.705088	0.705088	0.705088	0.705088	2.489855	0.000000	0.705088	0.503653	0.487135	0.009145	0.000067	0.629012	
1608000	-309.752680	1	2	0	'1 0 0 0 1 1 0 1 	D	1.312784	0.421957	0.421957	0.421957	1.312784	1.312784	0.421957	1.312784	0.397074	0.196595	0.202048	0.204283	1.040996	
1609000	-309.398608	1	2	0	'1 0 0 0 1 1 0 1 	D	1.500299	0.345947	0.345947	0.345947	1.500299	1.500299	0.345947	1.500299	0.353984	0.129421	0.246573	0.270022	1.489159	
1610000	-309.816105	1	2	0	'1 0 0 0 1 1 0 1 	D	1.467012	0.429562	0.429562	0.429562	1.467012	1.467012	0.429562	1.467012	0.371928	0.182172	0.214656	0.231244	1.465628	
1611000	-311.999854	1	2	1	'1 0 0 0 1 1 Z 1 	D	1.548238	0.707539	0.707539	0.707539	1.548238	1.548238	0.000000	1.548238	0.511598	0.455943	0.031344	0.001115	1.839146	
1612000	-306.957834	1	2	0	'1 1 1 1 0 0 1 1 	D	0.455965	0.455965	0.455965	0.455965	1.604711	1.604711	0.455965	0.455965	0.274503	0.243898	0.379916	0.101683	0.613397	
1613000	-306.622226	1	2	0	'1 1 1 1 0 0 1 1 	D	0.590397	0.590397	0.590397	0.590397	1.883314	1.883314	0.590397	0.590397	0.262393	0.273542	0.339114	0.124951	0.847519	
1614000	-309.933996	1	2	0	'0 0 0 0 0 1 0 0 	D	0.705424	0.705424	0.705424	0.705424	0.705424	2.621194	0.705424	0.705424	0.455378	0.346309	0.139950	0.058363	0.701449	
1615000	-304.296712	1	3	0	'0 2 0 2 0 1 2 0 	D	0.886185	0.332380	0.886185	0.332380	0.886185	3.327322	0.332380	0.886185	0.338845	0.373663	0.213829	0.073662	1.525943	
1616000	-304.145977	1	3	1	'0 0 0 0 2 1 Z 2 	D	0.659580	0.659580	0.659580	0.659580	1.251899	2.707241	0.000000	1.251899	0.435777	0.550253	0.013631	0.000339	1.878839	
1617000	-310.466519	1	2	0	'1 1 1 1 1 0 1 1 	D	0.689453	0.689453	0.689453	0.689453	0.689453	2.269910	0.689453	0.689453	0.432288	0.368348	0.136365	0.063000	1.822663	
1618000	-310.687816	1	2	0	'1 1 1 1 1 0 1 1 	D	0.637020	0.637020	0.637020	0.637020	0.637020	2.095037	0.637020	0.637020	0.443635	0.365003	0.133826	0.057537	0.878177	
1619000	-311.215247	1	2	0	'1 1 1 1 1 0 1 1 	D	0.610734	0.610734	0.610734	0.610734	0.610734	4.087474	0.610734	0.610734	0.618811	0.247603	0.108748	0.024838	1.570820	
1620000	-310.442264	1	2	0	'1 1 1 1 1 0 1 1 	D	0.676518	0.676518	0.676518	0.676518	0.676518	2.238763	0.676518	0.676518	0.436333	0.366376	0.135959	0.061332	1.309909	
1621000	-309.707955	1	2	0	'1 1 1 1 1 0 1 1 	D	0.565329	0.565329	0.565329	0.565329	0.565329	3.443790	0.565329	0.565329	0.620912	0.231891	0.122841	0.024356	1.015749	
1622000	-310.063442	1	2	0	'0 1 1 1 0 0 1 0 	D	1.325106	0.254174	0.254174	0.254174	1.325106	1.325106	0.254174	1.325106	0.356527	0.088542	0.274600	0.280330	1.555359	
1623000	-306.628846	1	2	1	'0 0 0 0 1 1 Z 0 	D	0.648152	0.648152	0.648152	0.648152	2.660992	2.660992	0.000000	0.648152	0.427947	0.527040	0.044684	0.000329	1.974707	
1624000	-306.456958	1	2	0	'0 0 0 0 1 1 0 0 	D	0.485840	0.485840	0.485840	0.485840	1.692245	1.692245	0.485840	0.485840	0.270753	0.249519	0.372991	0.106737	0.429395	
1625000	-304.940764	1	3	0	'0 0 0 0 1 2 0 0 	D	0.594141	0.594141	0.594141	0.594141	1.351811	2.684922	0.594141	0.594141	0.355963	0.265684	0.302418	0.075935	1.880277	
1626000	-307.097082	1	2	1	'0 0 0 0 1 1 Z 0 	D	0.506977	0.506977	0.506977	0.506977	1.662658	1.662658	0.000000	0.506977	0.463074	0.503186	0.033599	0.000140	1.263838	
1627000	-307.351255	1	2	1	'0 0 0 0 1 1 Z 0 	D	0.440331	0.440331	0.440331	0.440331	1.817876	1.817876	0.000000	0.440331	0.478325	0.471293	0.050205	0.000177	1.241358	
1628000	-312.900829	1	2	0	'0 0 0 0 1 1 0 0 	D	0.505616	0.505616	0.505616	0.505616	1.085348	1.085348	0.505616	0.505616	0.326007	0.347540	0.223671	0.102782	1.570989	
1629000	-306.266410	1	2	1	'0 0 0 0 1 1 Z 0 	D	0.525909	0.525909	0.525909	0.525909	1.790426	1.790426	0.000000	0.525909	0.457984	0.506135	0.035717	0.000163	0.738399	
1630000	-305.584488	1	2	1	'0 0 0 0 1 1 Z 0 	D	0.536678	0.536678	0.536678	0.536678	2.265048	2.265048	0.000000	0.536678	0.452809	0.500510	0.046439	0.000242	0.604241	
1631000	-311.579561	1	2	1	'0 0 0 0 0 1 Z 0 	D	0.833876	0.833876	0.833876	0.833876	0.833876	2.281111	0.000000	0.833876	0.438157	0.553883	0.007883	0.000077	1.222215	
1632000	-309.189124	1	2	0	'0 0 0 0 0 1 0 0 	D	0.625272	0.625272	0.625272	0.625272	0.625272	2.945295	0.625272	0.625272	0.537286	0.287182	0.136738	0.038793	1.535618	
1633000	-309.169756	1	3	1	'0 2 2 2 0 1 Z 2 	D	1.478043	0.662960	0.662960	0.662960	1.478043	1.704710	0.000000	0.662960	0.550861	0.412970	0.035901	0.000269	0.685560	
1634000	-310.473884	1	2	1	'0 1 1 1 0 0 Z 1 	D	1.522715	0.662764	0.662764	0.662764	1.522715	1.522715	0.000000	0.662764	0.549795	0.412826	0.037114	0.000265	1.183972	
1635000	-310.113198	1	2	1	'1 0 0 0 1 1 Z 0 	D	1.514078	0.540239	0.540239	0.540239	1.514078	1.514078	0.000000	0.540239	0.604418	0.345536	0.049777	0.000269	1.269306	
1636000	-312.285249	1	2	0	'0 0 1 0 1 1 0 1 	D	0.189079	0.189079	1.234515	0.189079	1.234515	1.234515	0.189079	1.234515	0.059927	0.468134	0.233209	0.238730	0.839490	
1637000	-310.391097	1	2	0	'0 0 1 0 1 1 0 1 	D	0.261639	0.261639	1.117497	0.261639	1.117497	1.117497	0.261639	1.117497	0.097370	0.519365	0.188426	0.194840	1.523657	
1638000	-306.911524	1	2	0	'0 0 0 0 1 1 0 0 	D	0.505169	0.505169	0.505169	0.505169	1.608262	1.608262	0.505169	0.505169	0.277985	0.267720	0.344631	0.109665	0.778055	
1639000	-305.907426	1	2	0	'0 0 0 0 1 1 0 0 	D	0.455121	0.455121	0.455121	0.455121	2.048101	2.048101	0.455121	0.455121	0.245498	0.204593	0.448921	0.100987	1.608275	
1640000	-307.831670	1	2	0	'0 0 0 0 1 1 0 0 	D	0.671260	0.671260	0.671260	0.671260	2.164838	2.164838	0.671260	0.671260	0.247960	0.275250	0.336458	0.140332	1.244153	
1641000	-310.537384	1	2	1	'0 0 0 0 0 1 Z 0 	D	0.630152	0.630152	0.630152	0.630152	0.630152	3.240429	0.000000	0.630152	0.619509	0.370690	0.009744	0.000056	1.408944	
1642000	-310.780099	1	2	0	'0 0 0 0 0 1 0 0 	D	0.593445	0.593445	0.593445	0.593445	0.593445	3.940431	0.593445	0.593445	0.625634	0.239551	0.111013	0.023801	1.787061	
1643000	-311.050540	1	2	0	'0 0 0 0 0 1 0 0 	D	0.795694	0.795694	0.795694	0.795694	0.795694	2.998469	0.795694	0.795694	0.433349	0.356246	0.142354	0.068052	1.794623	
1644000	-311.082916	1	2	0	'0 0 0 0 0 1 0 0 	D	0.620238	0.620238	0.620238	0.620238	0.620238	4.043828	0.620238	0.620238	0.609123	0.253322	0.111157	0.026399	1.277571	
1645000	-309.476463	1	2	0	'0 0 0 0 0 1 0 0 	D	0.660079	0.660079	0.660079	0.660079	0.660079	2.673294	0.660079	0.660079	0.488694	0.322651	0.139468	0.049187	0.697428	
1646000	-311.061486	1	2	1	'0 0 0 0 0 1 Z 0 	D	0.631902	0.631902	0.631902	0.631902	0.631902	2.378792	0.000000	0.631902	0.539068	0.450618	0.010254	0.000060	1.486549	
1647000	-310.046474	1	2	0	'0 0 0 0 0 1 0 0 	D	0.678635	0.678635	0.678635	0.678635	0.678635	3.517811	0.678635	0.678635	0.537167	0.292894	0.129978	0.039961	1.250453	
1648000	-311.268076	1	2	1	'0 0 0 0 0 1 Z 0 	D	0.842851	0.842851	0.842851	0.842851	0.842851	2.454402	0.000000	0.842851	0.443970	0.547809	0.008137	0.000083	0.849070	
1649000	-312.649571	1	2	1	'1 1 1 1 1 0 Z 1 	D	0.810356	0.810356	0.810356	0.810356	0.810356	1.936572	0.000000	0.810356	0.428371	0.564466	0.007102	0.000062	1.197865	
1650000	-309.332281	1	2	0	'1 1 1 1 1 0 1 1 	D	0.640192	0.640192	0.640192	0.640192	0.640192	3.153765	0.640192	0.640192	0.541921	0.285473	0.134285	0.038321	0.825261	
1651000	-324.358344	1	1	1	'0 Z 0 0 0 0 0 0 	D	0.786887	0.000000	0.786887	0.786887	0.786887	0.786887	0.786887	0.786887	0.139893	0.352757	0.192674	0.314677	1.717736	
1652000	-309.963053	1	2	1	'1 0 0 0 1 1 Z 1 	D	1.402131	0.389721	0.389721	0.389721	1.402131	1.402131	0.000000	1.402131	0.669693	0.291254	0.037613	0.001441	1.246996	
1653000	-305.403001	1	2	1	'1 1 1 1 0 0 Z 1 	D	0.589603	0.589603	0.589603	0.589603	2.255331	2.255331	0.000000	0.589603	0.441567	0.516720	0.041466	0.000248	1.402037	
1654000	-305.645157	1	2	1	'1 1 1 1 0 0 Z 1 	D	0.517511	0.517511	0.517511	0.517511	2.111729	2.111729	0.000000	0.517511	0.458054	0.496367	0.045361	0.000218	0.928074	
1655000	-305.621571	1	2	1	'1 1 1 1 0 0 Z 1 	D	0.656885	0.656885	0.656885	0.656885	2.158597	2.158597	0.000000	0.656885	0.428667	0.535268	0.035819	0.000246	1.173469	
1656000	-306.004614	1	2	0	'1 1 1 1 0 0 1 1 	D	0.451927	0.451927	0.451927	0.451927	1.885641	1.885641	0.451927	0.451927	0.254407	0.214862	0.429983	0.100747	0.616883	
1657000	-305.673785	1	2	1	'1 1 1 1 0 0 Z 1 	D	0.588676	0.588676	0.588676	0.588676	1.910537	1.910537	0.000000	0.588676	0.443419	0.522438	0.033955	0.000188	1.289480	
1658000	-306.331512	1	2	0	'1 1 1 1 0 0 1 1 	D	0.465323	0.465323	0.465323	0.465323	2.317171	2.317171	0.465323	0.465323	0.234031	0.193912	0.469788	0.102269	1.823191	
1659000	-307.862952	1	2	0	'1 1 1 1 0 0 1 1 	D	0.349329	0.349329	0.349329	0.349329	2.144329	2.144329	0.349329	0.349329	0.216781	0.139190	0.564962	0.079066	1.191205	
1660000	-306.426984	1	2	0	'1 1 1 1 0 0 1 1 	D	0.573626	0.573626	0.573626	0.573626	2.206799	2.206799	0.573626	0.573626	0.246996	0.243533	0.386875	0.122597	1.321894	
1661000	-305.393021	1	2	1	'1 1 1 1 0 0 Z 1 	D	0.613266	0.613266	0.613266	0.613266	2.181957	2.181957	0.000000	0.613266	0.437099	0.524191	0.038470	0.000240	1.643892	
1662000	-305.634166	1	2	1	'1 1 1 1 0 0 Z 1 	D	0.522309	0.522309	0.522309	0.522309	2.052534	2.052534	0.000000	0.522309	0.457346	0.499121	0.043324	0.000208	1.817994	
1663000	-305.822072	1	2	0	'1 1 1 1 0 0 1 1 	D	0.475921	0.475921	0.475921	0.475921	2.045092	2.045092	0.475921	0.475921	0.248289	0.214856	0.432008	0.104846	0.526198	
1664000	-306.137514	1	2	0	'1 1 1 1 0 0 1 1 	D	0.547936	0.547936	0.547936	0.547936	1.901335	1.901335	0.547936	0.547936	0.260954	0.256637	0.364741	0.117669	0.740599	
1665000	-306.002459	1	2	1	'1 1 1 1 0 0 Z 1 	D	0.491670	0.491670	0.491670	0.491670	2.235811	2.235811	0.000000	0.491670	0.463023	0.484745	0.051994	0.000238	1.394700	
1666000	-305.830023	1	2	1	'1 1 1 1 0 0 Z 1 	D	0.617183	0.617183	0.617183	0.617183	1.885500	1.885500	0.000000	0.617183	0.437548	0.530513	0.031752	0.000187	1.618538	
1667000	-306.692822	1	2	1	'1 1 1 1 0 0 Z 1 	D	0.658771	0.658771	0.658771	0.658771	1.749526	1.749526	0.000000	0.658771	0.429610	0.543392	0.026831	0.000167	1.653765	
1668000	-306.633734	1	2	1	'1 1 1 1 0 0 Z 1 	D	0.453852	0.453852	0.453852	0.453852	2.224889	2.224889	0.000000	0.453852	0.471568	0.468803	0.059389	0.000240	1.670767	
1669000	-305.585158	1	2	1	'1 1 1 1 0 0 Z 1 	D	0.639959	0.639959	0.639959	0.639959	2.291736	2.291736	0.000000	0.639959	0.431309	0.529310	0.039115	0.000266	0.683371	
1670000	-308.373183	1	2	0	'1 1 1 1 0 0 1 1 	D	0.526271	0.526271	0.526271	0.526271	2.773177	2.773177	0.526271	0.526271	0.224843	0.199534	0.462752	0.112871	1.340838	
1671000	-301.041336	1	3	0	'2 2 2 2 1 0 2 1 	D	0.415154	0.415154	0.415154	0.415154	1.338547	3.062416	0.415154	1.338547	0.279734	0.219164	0.349625	0.151477	1.085731	
1672000	-304.972571	1	2	0	'1 1 1 1 0 0 1 0 	D	0.293992	0.293992	0.293992	0.293992	1.708713	1.708713	0.293992	1.708713	0.159957	0.134739	0.356206	0.349098	0.915038	
1673000	-306.499201	1	2	0	'1 1 1 1 0 0 1 0 	D	0.260319	0.260319	0.260319	0.260319	2.062407	2.062407	0.260319	2.062407	0.115424	0.092618	0.380215	0.411742	1.356958	
1674000	-305.655496	1	2	0	'0 0 0 0 1 1 0 1 	D	0.263441	0.263441	0.263441	0.263441	1.780118	1.780118	0.263441	1.780118	0.136530	0.108509	0.377187	0.377775	1.929286	
1675000	-304.917495	1	2	0	'0 0 0 0 1 1 0 1 	D	0.313855	0.313855	0.313855	0.313855	1.893688	1.893688	0.313855	1.893688	0.154067	0.135838	0.349283	0.360812	0.915063	
1676000	-305.222982	1	2	0	'0 0 0 0 1 1 0 1 	D	0.286583	0.286583	0.286583	0.286583	1.848195	1.848195	0.286583	1.848195	0.143908	0.120257	0.364219	0.371616	1.253999	
1677000	-309.159048	1	3	1	'2 2 0 2 0 1 Z 0 	D	0.640630	0.640630	0.940245	0.640630	0.940245	2.079126	0.000000	0.940245	0.334141	0.658336	0.007427	0.000096	1.465704	
1678000	-310.140611	1	2	0	'0 0 1 0 1 1 0 1 	D	0.281824	0.281824	1.226029	0.281824	1.226029	1.226029	0.281824	1.226029	0.092777	0.515183	0.187729	0.204310	1.083229	
1679000	-308.024093	1	3	0	'1 1 2 1 0 2 1 0 	D	0.232432	0.232432	0.897986	0.232432	1.348246	0.897986	0.232432	1.348246	0.087439	0.414558	0.204848	0.293155	0.950229	
1680000	-307.136194	1	2	0	'0 0 0 0 1 1 0 0 	D	0.525365	0.525365	0.525365	0.525365	1.586664	1.586664	0.525365	0.525365	0.280280	0.279135	0.327821	0.112764	1.506682	
1681000	-305.992342	1	2	1	'0 0 0 0 1 1 Z 0 	D	0.615228	0.615228	0.615228	0.615228	2.517040	2.517040	0.000000	0.615228	0.435003	0.520366	0.044335	0.000295	1.311064	
1682000	-305.838365	1	2	1	'0 0 0 0 1 1 Z 0 	D	0.539098	0.539098	0.539098	0.539098	2.404276	2.404276	0.000000	0.539098	0.451409	0.499510	0.048818	0.000263	1.753342	
1683000	-306.238663	1	2	0	'0 0 0 0 1 1 0 0 	D	0.419078	0.419078	0.419078	0.419078	2.038021	2.038021	0.419078	0.419078	0.240069	0.186362	0.479424	0.094145	0.914944	
1684000	-306.538789	1	2	1	'0 0 0 0 1 1 Z 0 	D	0.478464	0.478464	0.478464	0.478464	1.850977	1.850977	0.000000	0.478464	0.468906	0.487176	0.043741	0.000177	1.388427	
1685000	-308.066614	1	2	0	'0 0 0 0 1 1 0 0 	D	0.426894	0.426894	0.426894	0.426894	1.474569	1.474569	0.426894	0.426894	0.281971	0.243403	0.377772	0.096853	1.407234	
1686000	-306.281299	1	2	1	'0 0 0 0 1 1 Z 0 	D	0.505754	0.505754	0.505754	0.505754	2.450151	2.450151	0.000000	0.505754	0.458376	0.487415	0.053942	0.000267	0.943221	
1687000	-306.510395	1	2	0	'0 0 0 0 1 1 0 0 	D	0.483463	0.483463	0.483463	0.483463	1.680053	1.680053	0.483463	0.483463	0.271430	0.249645	0.372602	0.106323	1.562431	
1688000	-307.532148	1	2	0	'0 0 0 0 1 1 0 0 	D	0.557584	0.557584	0.557584	0.557584	2.586460	2.586460	0.557584	0.557584	0.232558	0.218006	0.430134	0.119302	1.660976	
1689000	-306.148532	1	2	1	'0 0 0 0 1 1 Z 0 	D	0.530935	0.530935	0.530935	0.530935	1.810899	1.810899	0.000000	0.530935	0.456716	0.507288	0.035829	0.000166	0.827140	
1690000	-305.403777	1	2	1	'0 0 0 0 1 1 Z 0 	D	0.600577	0.600577	0.600577	0.600577	2.064060	2.064060	0.000000	0.600577	0.440249	0.522764	0.036770	0.000217	0.871969	
1691000	-306.218582	1	2	1	'0 0 0 0 1 1 Z 0 	D	0.499593	0.499593	0.499593	0.499593	1.865901	1.865901	0.000000	0.499593	0.463772	0.494988	0.041063	0.000177	1.734584	
1692000	-305.883446	1	2	1	'0 0 0 0 1 1 Z 0 	D	0.662383	0.662383	0.662383	0.662383	1.973428	1.973428	0.000000	0.662383	0.428326	0.539670	0.031793	0.000212	1.932250	
1693000	-306.415963	1	2	1	'0 0 0 0 1 1 Z 0 	D	0.721727	0.721727	0.721727	0.721727	2.367171	2.367171	0.000000	0.721727	0.416174	0.546205	0.037312	0.000309	1.945683	
1694000	-306.150485	1	2	1	'0 0 0 0 1 1 Z 0 	D	0.611118	0.611118	0.611118	0.611118	1.796110	1.796110	0.000000	0.611118	0.439083	0.530881	0.029867	0.000169	0.750898	
1695000	-305.523187	1	2	1	'0 0 0 0 1 1 Z 0 	D	0.570534	0.570534	0.570534	0.570534	1.973850	1.973850	0.000000	0.570534	0.447047	0.515996	0.036760	0.000197	0.598122	
1696000	-305.676261	1	2	1	'0 0 0 0 1 1 Z 0 	D	0.514239	0.514239	0.514239	0.514239	2.145387	2.145387	0.000000	0.514239	0.458571	0.494626	0.046580	0.000223	1.351056	
1697000	-306.050002	1	2	0	'1 1 1 1 0 0 1 1 	D	0.490911	0.490911	0.490911	0.490911	2.234876	2.234876	0.490911	0.490911	0.240720	0.209794	0.442188	0.107297	1.140087	
1698000	-305.891523	1	2	0	'1 1 1 1 0 0 1 1 	D	0.461561	0.461561	0.461561	0.461561	2.078656	2.078656	0.461561	0.461561	0.244765	0.205755	0.447358	0.102122	1.467916	
1699000	-307.451820	1	2	0	'1 1 1 1 0 0 1 1 	D	0.650706	0.650706	0.650706	0.650706	2.161761	2.161761	0.650706	0.650706	0.248671	0.270054	0.344687	0.136588	1.824363	
1700000	-306.457377	1	2	1	'1 1 1 1 0 0 Z 1 	D	0.518663	0.518663	0.518663	0.518663	2.545048	2.545048	0.000000	0.518663	0.454931	0.491107	0.053682	0.000279	1.376997	
1701000	-310.788126	1	2	1	'0 0 0 0 0 1 Z 0 	D	0.833488	0.833488	0.833488	0.833488	0.833488	2.740194	0.000000	0.833488	0.461781	0.529749	0.008383	0.000087	1.165526	
1702000	-310.127777	1	2	1	'1 1 1 1 1 0 Z 1 	D	0.710512	0.710512	0.710512	0.710512	0.710512	2.752465	0.000000	0.710512	0.521609	0.468976	0.009344	0.000071	1.205009	
1703000	-309.225527	1	2	0	'1 1 1 1 1 0 1 1 	D	0.620615	0.620615	0.620615	0.620615	0.620615	2.765403	0.620615	0.620615	0.525343	0.295407	0.138454	0.040796	1.121605	
1704000	-310.186102	1	2	0	'1 1 1 1 1 0 1 1 	D	0.647238	0.647238	0.647238	0.647238	0.647238	2.259727	0.647238	0.647238	0.455618	0.352211	0.136688	0.055484	1.483373	
1705000	-309.361061	1	2	0	'1 1 1 1 1 0 1 1 	D	0.596521	0.596521	0.596521	0.596521	0.596521	3.266275	0.596521	0.596521	0.583815	0.256284	0.129560	0.030342	1.354473	
1706000	-310.200509	1	2	1	'1 1 1 1 1 0 Z 1 	D	0.680222	0.680222	0.680222	0.680222	0.680222	3.188666	0.000000	0.680222	0.575193	0.415445	0.009298	0.000064	1.532240	
1707000	-309.404903	1	2	0	'1 1 1 1 1 0 1 1 	D	0.556680	0.556680	0.556680	0.556680	0.556680	2.681127	0.556680	0.556680	0.568623	0.261186	0.138340	0.031851	1.237612	
1708000	-302.274655	1	3	0	'2 2 2 2 1 0 2 1 	D	0.486627	0.486627	0.486627	0.486627	1.088377	3.119393	0.486627	1.088377	0.349740	0.267752	0.282890	0.099618	0.842656	
1709000	-302.878405	1	3	0	'2 2 2 2 1 0 2 1 	D	0.534738	0.534738	0.534738	0.534738	1.329491	3.495426	0.534738	1.329491	0.315494	0.270121	0.289801	0.124584	1.639556	
1710000	-306.648443	1	2	0	'0 0 0 0 1 1 0 1 	D	0.302898	0.302898	0.302898	0.302898	2.260169	2.260169	0.302898	2.260169	0.125625	0.111408	0.358638	0.404329	1.856761	
1711000	-305.985009	1	2	0	'0 0 0 0 1 1 0 1 	D	0.253048	0.253048	0.253048	0.253048	1.807443	1.807443	0.253048	1.807443	0.128269	0.099823	0.383890	0.388018	0.818458	
1712000	-305.678925	1	2	0	'0 0 0 0 1 1 0 1 	D	0.306046	0.306046	0.306046	0.306046	2.085249	2.085249	0.306046	2.085249	0.136963	0.120525	0.356341	0.386171	1.350710	
1713000	-308.254025	1	2	0	'0 0 0 0 1 1 0 1 	D	0.282961	0.282961	0.282961	0.282961	2.447056	2.447056	0.282961	2.447056	0.108105	0.093826	0.367055	0.431013	1.399312	
1714000	-309.863357	1	2	0	'0 0 0 0 1 1 0 1 	D	0.184727	0.184727	0.184727	0.184727	1.462056	1.462056	0.184727	1.462056	0.111051	0.072382	0.427699	0.388869	1.178795	
1715000	-307.920771	1	2	0	'0 0 0 0 1 1 0 1 	D	0.254002	0.254002	0.254002	0.254002	2.292731	2.292731	0.254002	2.292731	0.100712	0.081169	0.381451	0.436668	1.203122	
1716000	-309.263259	1	2	0	'0 0 0 0 1 1 0 1 	D	0.189955	0.189955	0.189955	0.189955	1.517165	1.517165	0.189955	1.517165	0.109966	0.072731	0.424010	0.393293	0.815888	
1717000	-305.171982	1	2	0	'0 0 0 0 1 1 0 1 	D	0.284736	0.284736	0.284736	0.284736	1.654118	1.654118	0.284736	1.654118	0.160186	0.132288	0.360351	0.347174	1.451044	
1718000	-306.658198	1	2	0	'0 0 0 0 1 1 0 1 	D	0.374837	0.374837	0.374837	0.374837	2.325212	2.325212	0.374837	2.325212	0.151208	0.152183	0.325572	0.371037	1.798026	
1719000	-304.888835	1	2	0	'0 0 0 0 1 1 0 1 	D	0.318449	0.318449	0.318449	0.318449	1.901398	1.901398	0.318449	1.901398	0.155639	0.138417	0.346860	0.359084	0.639094	
1720000	-305.271939	1	2	0	'0 0 0 0 1 1 0 1 	D	0.302403	0.302403	0.302403	0.302403	1.968184	1.968184	0.302403	1.968184	0.142990	0.124003	0.357023	0.375984	0.962398	
1721000	-305.468845	1	2	0	'0 0 0 0 1 1 0 1 	D	0.303829	0.303829	0.303829	0.303829	2.028344	2.028344	0.303829	2.028344	0.139567	0.121831	0.356977	0.381625	0.801767	
1722000	-307.360628	1	2	0	'0 0 0 0 1 1 0 1 	D	0.216749	0.216749	0.216749	0.216749	1.734972	1.734972	0.216749	1.734972	0.111057	0.079177	0.405986	0.403780	0.645984	
1723000	-305.342297	1	2	0	'0 0 0 0 1 1 0 1 	D	0.360635	0.360635	0.360635	0.360635	2.088707	2.088707	0.360635	2.088707	0.160087	0.154691	0.328619	0.356603	1.413966	
1724000	-305.921844	1	2	0	'0 0 0 0 1 1 0 1 	D	0.259578	0.259578	0.259578	0.259578	1.881392	1.881392	0.259578	1.881392	0.126583	0.100281	0.380504	0.392632	1.775723	
1725000	-305.397222	1	2	0	'0 0 0 0 1 1 0 1 	D	0.282715	0.282715	0.282715	0.282715	1.894972	1.894972	0.282715	1.894972	0.138280	0.114968	0.367184	0.379568	0.825194	
1726000	-305.278699	1	2	0	'0 0 0 0 1 1 0 1 	D	0.282484	0.282484	0.282484	0.282484	1.834346	1.834346	0.282484	1.834346	0.142816	0.118302	0.366424	0.372458	1.304841	
1727000	-305.060332	1	2	0	'0 0 0 0 1 1 0 1 	D	0.295022	0.295022	0.295022	0.295022	1.839568	1.839568	0.295022	1.839568	0.149018	0.126513	0.359048	0.365421	0.321675	
1728000	-309.479024	1	2	0	'1 0 0 0 1 1 0 1 	D	1.431354	0.396946	0.396946	0.396946	1.431354	1.431354	0.396946	1.431354	0.376071	0.166969	0.221950	0.235010	1.793899	
1729000	-310.885312	1	2	1	'1 0 0 0 1 1 Z 1 	D	1.803673	0.540759	0.540759	0.540759	1.803673	1.803673	0.000000	1.803673	0.574856	0.365587	0.055702	0.003855	1.236345	
1730000	-313.308464	1	2	0	'1 0 0 0 1 1 0 1 	D	2.024136	0.379005	0.379005	0.379005	2.024136	2.024136	0.379005	2.024136	0.255198	0.105525	0.280655	0.358622	0.693999	
1731000	-309.925268	1	2	1	'1 0 0 0 1 1 Z 1 	D	1.611708	0.514362	0.514362	0.514362	1.611708	1.611708	0.000000	1.611708	0.595109	0.359429	0.043358	0.002105	0.934069	
1732000	-313.937281	1	2	0	'0 1 0 0 0 0 1 0 	D	1.013013	0.272676	1.013013	1.013013	1.013013	1.013013	0.272676	1.013013	0.396467	0.545804	0.030864	0.026865	1.902746	
1733000	-315.416014	1	2	0	'1 0 1 1 1 1 0 1 	D	0.880743	0.413260	0.880743	0.880743	0.880743	0.880743	0.413260	0.880743	0.383163	0.534969	0.039907	0.041962	0.321774	
1734000	-304.388331	1	3	0	'0 0 2 0 1 1 0 1 	D	0.294287	0.294287	0.751672	0.294287	1.636776	1.636776	0.294287	1.636776	0.114829	0.325069	0.274809	0.285293	1.000924	
1735000	-315.244378	1	2	0	'0 0 1 0 1 1 0 1 	D	0.562862	0.562862	0.855526	0.562862	0.855526	0.855526	0.562862	0.855526	0.248141	0.528000	0.098508	0.125351	1.285121	
1736000	-307.339450	1	2	1	'0 0 0 0 1 1 Z 0 	D	0.540633	0.540633	0.540633	0.540633	1.596132	1.596132	0.000000	0.540633	0.455232	0.516173	0.028468	0.000127	1.290402	
1737000	-306.422959	1	2	1	'0 0 0 0 1 1 Z 0 	D	0.622149	0.622149	0.622149	0.622149	2.633168	2.633168	0.000000	0.622149	0.433045	0.520956	0.045685	0.000315	1.710567	
1738000	-305.901925	1	2	0	'0 0 0 0 1 1 0 0 	D	0.525957	0.525957	0.525957	0.525957	1.996105	1.996105	0.525957	0.525957	0.254988	0.240310	0.390790	0.113913	0.989012	
1739000	-308.821261	1	2	0	'0 0 0 0 1 1 0 0 	D	0.376111	0.376111	0.376111	0.376111	1.481922	1.481922	0.376111	0.376111	0.271815	0.209898	0.430009	0.088278	1.819865	
1740000	-306.287711	1	2	0	'1 1 1 1 0 0 1 1 	D	0.545271	0.545271	0.545271	0.545271	2.259846	2.259846	0.545271	0.545271	0.243760	0.230211	0.408660	0.117369	1.851953	
1741000	-308.066586	1	2	1	'1 1 1 1 0 0 Z 1 	D	0.738987	0.738987	0.738987	0.738987	2.812713	2.812713	0.000000	0.738987	0.411398	0.544773	0.043427	0.000401	1.427709	
1742000	-306.021006	1	2	1	'1 1 1 1 0 0 Z 1 	D	0.497743	0.497743	0.497743	0.497743	2.301964	2.301964	0.000000	0.497743	0.461184	0.486169	0.052401	0.000247	0.601444	
1743000	-306.768754	1	2	0	'1 1 1 1 0 0 1 1 	D	0.409847	0.409847	0.409847	0.409847	1.742122	1.742122	0.409847	0.409847	0.257184	0.203725	0.445673	0.093418	1.383411	
1744000	-306.748726	1	2	0	'1 1 1 1 0 0 1 1 	D	0.586624	0.586624	0.586624	0.586624	1.808661	1.808661	0.586624	0.586624	0.266492	0.279111	0.330421	0.123975	1.875830	
1745000	-308.696741	1	2	1	'1 1 1 1 0 0 Z 1 	D	0.861772	0.861772	0.861772	0.861772	2.178808	2.178808	0.000000	0.861772	0.395613	0.572447	0.031603	0.000337	0.747926	
1746000	-306.072910	1	2	1	'1 1 1 1 0 0 Z 1 	D	0.536103	0.536103	0.536103	0.536103	1.822527	1.822527	0.000000	0.536103	0.455467	0.508690	0.035675	0.000169	1.256868	
1747000	-306.043902	1	2	1	'1 1 1 1 0 0 Z 1 	D	0.646115	0.646115	0.646115	0.646115	1.872832	1.872832	0.000000	0.646115	0.431783	0.537853	0.030175	0.000189	0.830471	
1748000	-309.975791	1	2	0	'1 1 1 1 1 0 1 1 	D	0.721180	0.721180	0.721180	0.721180	0.721180	3.104780	0.721180	0.721180	0.482713	0.325792	0.138810	0.052685	1.301795	
1749000	-310.193965	1	2	0	'1 1 1 1 1 0 1 1 	D	0.482647	0.482647	0.482647	0.482647	0.482647	2.839147	0.482647	0.482647	0.647935	0.197574	0.134774	0.019716	1.260341	
1750000	-309.662485	1	2	0	'1 1 1 1 1 0 1 1 	D	0.558320	0.558320	0.558320	0.558320	0.558320	2.491726	0.558320	0.558320	0.547054	0.278164	0.139572	0.035211	1.633382	
1751000	-310.414012	1	2	1	'1 1 1 1 1 0 Z 1 	D	0.792279	0.792279	0.792279	0.792279	0.792279	2.761163	0.000000	0.792279	0.479697	0.511650	0.008572	0.000081	1.200123	
1752000	-310.525541	1	2	1	'1 1 1 1 1 0 Z 1 	D	0.765197	0.765197	0.765197	0.765197	0.765197	2.520812	0.000000	0.765197	0.476446	0.514929	0.008550	0.000074	1.945041	
1753000	-309.749142	1	2	1	'1 0 0 0 1 1 Z 1 	D	1.575910	0.487664	0.487664	0.487664	1.575910	1.575910	0.000000	1.575910	0.609650	0.345687	0.042664	0.001999	1.577821	
1754000	-309.642679	1	2	1	'1 0 0 0 1 1 Z 1 	D	1.478427	0.460754	0.460754	0.460754	1.478427	1.478427	0.000000	1.478427	0.626146	0.334493	0.037856	0.001506	1.660101	
1755000	-306.585354	1	2	1	'1 1 1 1 0 0 Z 1 	D	0.452828	0.452828	0.452828	0.452828	2.132735	2.132735	0.000000	0.452828	0.472596	0.469830	0.057346	0.000227	0.834095	
1756000	-306.299327	1	2	0	'1 1 1 1 0 0 1 1 	D	0.482533	0.482533	0.482533	0.482533	1.731875	1.731875	0.482533	0.482533	0.267747	0.243917	0.382111	0.106225	1.308507	
1757000	-305.878224	1	2	1	'1 1 1 1 0 0 Z 1 	D	0.626742	0.626742	0.626742	0.626742	1.885111	1.885111	0.000000	0.626742	0.435603	0.532922	0.031287	0.000188	1.864873	
1758000	-305.388893	1	2	1	'1 1 1 1 0 0 Z 1 	D	0.603535	0.603535	0.603535	0.603535	2.223554	2.223554	0.000000	0.603535	0.438868	0.520993	0.039894	0.000245	1.266146	
1759000	-306.366180	1	2	0	'1 1 1 1 0 0 1 1 	D	0.550975	0.550975	0.550975	0.550975	1.806486	1.806486	0.550975	0.550975	0.266417	0.266304	0.349339	0.117940	1.719162	
1760000	-307.167867	1	2	0	'1 1 1 1 0 0 1 1 	D	0.433704	0.433704	0.433704	0.433704	1.594440	1.594440	0.433704	0.433704	0.272555	0.232788	0.396685	0.097972	1.063079	
1761000	-307.192281	1	2	1	'1 1 1 1 0 0 Z 1 	D	0.522221	0.522221	0.522221	0.522221	1.629934	1.629934	0.000000	0.522221	0.459514	0.509326	0.031027	0.000133	1.395832	
1762000	-306.239192	1	2	0	'1 1 1 1 0 0 1 1 	D	0.424432	0.424432	0.424432	0.424432	2.116889	2.116889	0.424432	0.424432	0.236837	0.184452	0.483779	0.094931	1.349020	
1763000	-306.191382	1	2	1	'1 1 1 1 0 0 Z 1 	D	0.684589	0.684589	0.684589	0.684589	2.449795	2.449795	0.000000	0.684589	0.422283	0.537518	0.039890	0.000309	1.006309	
1764000	-306.526119	1	2	0	'1 1 1 1 0 0 1 1 	D	0.460461	0.460461	0.460461	0.460461	2.369420	2.369420	0.460461	0.460461	0.231147	0.189118	0.478539	0.101196	0.460838	
1765000	-305.659173	1	2	1	'1 1 1 1 0 0 Z 1 	D	0.583891	0.583891	0.583891	0.583891	1.914278	1.914278	0.000000	0.583891	0.444427	0.521029	0.034356	0.000188	1.438562	
1766000	-306.719768	1	2	0	'1 1 1 1 0 0 1 1 	D	0.598921	0.598921	0.598921	0.598921	2.206678	2.206678	0.598921	0.598921	0.247376	0.251862	0.373533	0.127229	1.365124	
1767000	-306.686606	1	2	1	'1 1 1 1 0 0 Z 1 	D	0.744687	0.744687	0.744687	0.744687	2.063833	2.063833	0.000000	0.744687	0.413436	0.555047	0.031261	0.000255	0.717248	
1768000	-309.299262	1	2	0	'1 1 1 1 1 0 1 1 	D	0.578023	0.578023	0.578023	0.578023	0.578023	2.688901	0.578023	0.578023	0.551596	0.274876	0.138453	0.035076	1.113654	
1769000	-309.914205	1	2	0	'1 1 1 1 1 0 1 1 	D	0.576680	0.576680	0.576680	0.576680	0.576680	3.578187	0.576680	0.576680	0.619672	0.235729	0.119967	0.024633	1.097197	
1770000	-310.622923	1	2	0	'1 1 1 1 1 0 1 1 	D	0.686413	0.686413	0.686413	0.686413	0.686413	2.207706	0.686413	0.686413	0.427903	0.372922	0.135283	0.063891	0.765026	
1771000	-310.708812	1	2	1	'1 1 1 1 1 0 Z 1 	D	0.809111	0.809111	0.809111	0.809111	0.809111	3.329524	0.000000	0.809111	0.503317	0.488467	0.008136	0.000080	1.077278	
1772000	-309.808364	1	2	0	'1 1 1 1 1 0 1 1 	D	0.706184	0.706184	0.706184	0.706184	0.706184	3.110531	0.706184	0.706184	0.492678	0.319277	0.138080	0.049966	1.417433	
1773000	-309.914438	1	2	0	'0 1 1 1 0 0 1 0 	D	1.624932	0.319750	0.319750	0.319750	1.624932	1.624932	0.319750	1.624932	0.318749	0.103878	0.266760	0.310613	1.187428	
1774000	-311.629701	1	2	0	'0 1 0 1 0 0 1 0 	D	1.224602	0.378798	1.224602	0.378798	1.224602	1.224602	0.378798	1.224602	0.237811	0.447256	0.140683	0.174251	0.496213	
1775000	-311.472654	1	2	1	'0 0 0 0 0 1 Z 0 	D	0.895225	0.895225	0.895225	0.895225	0.895225	3.008800	0.000000	0.895225	0.452642	0.538972	0.008286	0.000099	1.799076	
1776000	-310.091083	1	2	0	'0 0 0 0 0 1 0 0 	D	0.522618	0.522618	0.522618	0.522618	0.522618	3.460668	0.522618	0.522618	0.657547	0.204306	0.119035	0.019111	0.711688	
1777000	-311.985578	1	2	1	'0 0 0 0 0 1 Z 0 	D	0.886635	0.886635	0.886635	0.886635	0.886635	2.376658	0.000000	0.886635	0.428091	0.563739	0.008081	0.000089	1.970449	
1778000	-310.928464	1	2	0	'0 0 0 0 0 1 0 0 	D	0.766537	0.766537	0.766537	0.766537	0.766537	2.506982	0.766537	0.766537	0.413353	0.374761	0.139711	0.072175	1.447301	
1779000	-310.294724	1	2	1	'1 1 1 1 1 0 Z 1 	D	0.683655	0.683655	0.683655	0.683655	0.683655	3.300762	0.000000	0.683655	0.580295	0.410634	0.009009	0.000062	1.409940	
1780000	-310.394686	1	2	1	'1 1 1 1 1 0 Z 1 	D	0.659776	0.659776	0.659776	0.659776	0.659776	2.629908	0.000000	0.659776	0.544451	0.445385	0.010098	0.000065	1.405630	
1781000	-312.612639	1	2	0	'0 0 1 0 1 1 0 1 	D	0.249308	0.249308	1.513509	0.249308	1.513509	1.513509	0.249308	1.513509	0.061940	0.474779	0.214129	0.249152	1.602097	
1782000	-306.576614	1	2	0	'0 0 0 0 1 1 0 0 	D	0.594714	0.594714	0.594714	0.594714	2.136877	2.136877	0.594714	0.594714	0.250272	0.255161	0.368192	0.126376	0.542370	
1783000	-306.152744	1	2	0	'0 0 0 0 1 1 0 0 	D	0.453513	0.453513	0.453513	0.453513	1.806557	1.806557	0.453513	0.453513	0.259663	0.222357	0.416813	0.101167	1.517251	
1784000	-306.374018	1	2	0	'0 0 0 0 1 1 0 0 	D	0.449903	0.449903	0.449903	0.449903	2.299110	2.299110	0.449903	0.449903	0.232523	0.187542	0.480589	0.099345	1.416140	
1785000	-306.453442	1	2	0	'0 0 0 0 1 1 0 0 	D	0.404385	0.404385	0.404385	0.404385	2.039021	2.039021	0.404385	0.404385	0.237014	0.178055	0.493689	0.091242	1.858783	
1786000	-306.773395	1	2	1	'0 0 0 0 1 1 Z 0 	D	0.445237	0.445237	0.445237	0.445237	2.180783	2.180783	0.000000	0.445237	0.473852	0.465409	0.060503	0.000236	0.972689	
1787000	-308.041518	1	2	0	'0 0 0 0 1 1 0 0 	D	0.487225	0.487225	0.487225	0.487225	2.717876	2.717876	0.487225	0.487225	0.222385	0.186462	0.485718	0.105435	1.653098	
1788000	-306.199036	1	2	1	'0 0 0 0 1 1 Z 0 	D	0.714179	0.714179	0.714179	0.714179	2.250486	2.250486	0.000000	0.714179	0.417933	0.546272	0.035512	0.000283	1.738444	
1789000	-306.781639	1	2	1	'0 0 0 0 1 1 Z 0 	D	0.740168	0.740168	0.740168	0.740168	1.980784	1.980784	0.000000	0.740168	0.414423	0.555621	0.029721	0.000235	0.480981	
1790000	-306.407906	1	2	1	'0 0 0 0 1 1 Z 0 	D	0.582017	0.582017	0.582017	0.582017	1.729585	1.729585	0.000000	0.582017	0.445488	0.524679	0.029680	0.000154	0.669375	
1791000	-305.410383	1	2	1	'0 0 0 0 1 1 Z 0 	D	0.618986	0.618986	0.618986	0.618986	2.148412	2.148412	0.000000	0.618986	0.436106	0.526194	0.037464	0.000235	1.185824	
1792000	-306.604517	1	2	0	'0 0 0 0 1 1 0 0 	D	0.396937	0.396937	0.396937	0.396937	2.072888	2.072888	0.396937	0.396937	0.233470	0.171740	0.505180	0.089610	0.729385	
1793000	-306.012784	1	2	1	'0 0 0 0 1 1 Z 0 	D	0.486701	0.486701	0.486701	0.486701	2.167210	2.167210	0.000000	0.486701	0.464654	0.483846	0.051271	0.000228	0.924256	
1794000	-306.412241	1	2	0	'0 0 0 0 1 1 0 0 	D	0.464019	0.464019	0.464019	0.464019	1.711511	1.711511	0.464019	0.464019	0.267397	0.236740	0.392791	0.103072	1.788004	
1795000	-305.811555	1	2	1	'0 0 0 0 1 1 Z 0 	D	0.501956	0.501956	0.501956	0.501956	2.159718	2.159718	0.000000	0.501956	0.461249	0.489882	0.048643	0.000226	1.246271	
1796000	-307.420054	1	2	1	'0 0 0 0 1 1 Z 0 	D	0.796611	0.796611	0.796611	0.796611	2.252540	2.252540	0.000000	0.796611	0.404647	0.561314	0.033719	0.000320	1.971928	
1797000	-307.892123	1	2	1	'0 0 0 0 1 1 Z 0 	D	0.685682	0.685682	0.685682	0.685682	1.609266	1.609266	0.000000	0.685682	0.424639	0.552470	0.022748	0.000143	1.477110	
1798000	-307.290090	1	2	1	'0 0 0 0 1 1 Z 0 	D	0.579746	0.579746	0.579746	0.579746	1.595233	1.595233	0.000000	0.579746	0.446283	0.527531	0.026058	0.000128	1.617574	
1799000	-305.453068	1	2	1	'0 0 0 0 1 1 Z 0 	D	0.567510	0.567510	0.567510	0.567510	2.274447	2.274447	0.000000	0.567510	0.446097	0.510068	0.043588	0.000247	1.853979	
1800000	-305.717493	1	2	1	'0 0 0 0 1 1 Z 0 	D	0.528574	0.528574	0.528574	0.528574	2.312095	2.312095	0.000000	0.528574	0.454287	0.497146	0.048318	0.000249	1.677535	
1801000	-305.986071	1	2	1	'0 0 0 0 1 1 Z 0 	D	0.650729	0.650729	0.650729	0.650729	2.466840	2.466840	0.000000	0.650729	0.428417	0.529685	0.041599	0.000299	1.167007	
1802000	-308.829194	1	2	1	'0 0 0 0 1 1 Z 0 	D	0.865951	0.865951	0.865951	0.865951	2.366178	2.366178	0.000000	0.865951	0.394471	0.570433	0.034707	0.000389	1.686705	
1803000	-306.386126	1	2	1	'0 0 0 0 1 1 Z 0 	D	0.691027	0.691027	0.691027	0.691027	2.502479	2.502479	0.000000	0.691027	0.420899	0.538289	0.040491	0.000321	1.587056	
1804000	-306.226752	1	2	0	'0 0 0 0 1 1 0 0 	D	0.534895	0.534895	0.534895	0.534895	1.811036	1.811036	0.534895	0.534895	0.265718	0.259515	0.359539	0.115227	0.663526	
1805000	-305.729491	1	2	1	'0 0 0 0 1 1 Z 0 	D	0.533209	0.533209	0.533209	0.533209	1.940400	1.940400	0.000000	0.533209	0.455528	0.505064	0.039219	0.000189	1.366284	
1806000	-306.572968	1	2	0	'0 0 0 0 1 1 0 0 	D	0.546816	0.546816	0.546816	0.546816	1.732585	1.732585	0.546816	0.546816	0.270840	0.271920	0.340274	0.116966	1.903138	
1807000	-306.904161	1	2	0	'0 0 0 0 1 1 0 0 	D	0.396672	0.396672	0.396672	0.396672	1.765191	1.765191	0.396672	0.396672	0.252820	0.193631	0.462707	0.090842	1.686543	
1808000	-306.881856	1	2	0	'0 0 0 0 1 1 0 0 	D	0.539045	0.539045	0.539045	0.539045	2.463319	2.463319	0.539045	0.539045	0.235623	0.217112	0.431292	0.115973	1.285009	
1809000	-309.819444	1	2	0	'0 0 0 0 0 1 0 0 	D	0.511882	0.511882	0.511882	0.511882	0.511882	2.698139	0.511882	0.511882	0.609427	0.227696	0.137823	0.025055	0.962012	
1810000	-310.701297	1	2	0	'0 0 0 0 0 1 0 0 	D	0.637891	0.637891	0.637891	0.637891	0.637891	3.900881	0.637891	0.637891	0.588225	0.264683	0.117111	0.029982	0.671137	
1811000	-311.932813	1	2	0	'0 0 0 0 0 1 0 0 	D	0.539084	0.539084	0.539084	0.539084	0.539084	4.200105	0.539084	0.539084	0.682939	0.204967	0.096068	0.016027	1.114821	
1812000	-309.386787	1	2	0	'0 0 0 0 0 1 0 0 	D	0.627668	0.627668	0.627668	0.627668	0.627668	2.612096	0.627668	0.627668	0.505604	0.310517	0.139222	0.044656	0.781006	
1813000	-310.486854	1	2	0	'1 1 1 1 1 0 1 1 	D	0.468975	0.468975	0.468975	0.468975	0.468975	2.798938	0.468975	0.468975	0.656585	0.189377	0.135550	0.018488	1.357642	
1814000	-309.867405	1	2	0	'1 1 1 1 1 0 1 1 	D	0.525134	0.525134	0.525134	0.525134	0.525134	3.341144	0.525134	0.525134	0.647985	0.208781	0.122911	0.020322	1.936606	
1815000	-305.059306	1	2	0	'0 0 0 0 1 1 0 1 	D	0.288945	0.288945	0.288945	0.288945	1.713812	1.713812	0.288945	1.713812	0.156743	0.130785	0.359589	0.352883	1.194513	
1816000	-306.046941	1	2	0	'0 0 0 0 1 1 0 1 	D	0.310544	0.310544	0.310544	0.310544	2.171771	2.171771	0.310544	2.171771	0.133870	0.119548	0.354635	0.391947	0.588246	
1817000	-305.468104	1	2	0	'0 0 0 0 1 1 0 1 	D	0.303620	0.303620	0.303620	0.303620	2.027425	2.027425	0.303620	2.027425	0.139528	0.121742	0.357079	0.381651	0.992442	
1818000	-312.543465	1	2	1	'0 0 0 0 0 1 Z 0 	D	0.933005	0.933005	0.933005	0.933005	0.933005	3.548478	0.000000	0.933005	0.460550	0.531542	0.007807	0.000101	1.812814	
1819000	-313.013643	1	2	1	'0 0 0 0 0 1 Z 0 	D	0.984881	0.984881	0.984881	0.984881	0.984881	2.844955	0.000000	0.984881	0.421610	0.569653	0.008616	0.000121	1.454520	
1820000	-310.192718	1	2	1	'0 0 0 0 0 1 Z 0 	D	0.701571	0.701571	0.701571	0.701571	0.701571	2.683263	0.000000	0.701571	0.521558	0.468936	0.009437	0.000069	1.654799	
1821000	-309.242533	1	2	0	'0 0 0 0 0 1 0 0 	D	0.639127	0.639127	0.639127	0.639127	0.639127	2.878999	0.639127	0.639127	0.521468	0.298538	0.137920	0.042074	1.410137	
1822000	-310.403388	1	2	1	'0 0 0 0 0 1 Z 0 	D	0.631674	0.631674	0.631674	0.631674	0.631674	2.897836	0.000000	0.631674	0.590755	0.398641	0.010542	0.000062	1.630712	
1823000	-309.381559	1	2	0	'0 0 0 0 0 1 0 0 	D	0.565408	0.565408	0.565408	0.565408	0.565408	3.204578	0.565408	0.565408	0.605008	0.239212	0.129134	0.026646	0.689269	
1824000	-310.358001	1	2	1	'0 0 0 0 0 1 Z 0 	D	0.708793	0.708793	0.708793	0.708793	0.708793	3.383862	0.000000	0.708793	0.567145	0.424188	0.008603	0.000064	1.174638	
1825000	-311.565567	1	2	1	'0 0 0 0 0 1 Z 0 	D	0.589635	0.589635	0.589635	0.589635	0.589635	3.631761	0.000000	0.589635	0.680489	0.310889	0.008580	0.000042	0.738527	
1826000	-309.549034	1	2	0	'0 0 0 0 0 1 0 0 	D	0.567180	0.567180	0.567180	0.567180	0.567180	3.349082	0.567180	0.567180	0.613342	0.235628	0.125568	0.025462	1.869483	
1827000	-309.273294	1	2	0	'0 0 0 0 0 1 0 0 	D	0.560547	0.560547	0.560547	0.560547	0.560547	2.857165	0.560547	0.560547	0.581794	0.252185	0.136051	0.029970	1.205016	
1828000	-310.131398	1	2	0	'0 0 0 0 0 1 0 0 	D	0.689513	0.689513	0.689513	0.689513	0.689513	3.514472	0.689513	0.689513	0.529279	0.298099	0.130877	0.041745	1.777561	
1829000	-310.857127	1	2	0	'0 0 0 0 0 1 0 0 	D	0.751207	0.751207	0.751207	0.751207	0.751207	2.420230	0.751207	0.751207	0.413896	0.376400	0.138537	0.071168	1.505756	
1830000	-310.662259	1	2	0	'1 1 1 1 1 0 1 1 	D	0.517690	0.517690	0.517690	0.517690	0.517690	2.245608	0.517690	0.517690	0.551278	0.275220	0.140223	0.033279	1.798594	
1831000	-309.676719	1	2	0	'1 1 1 1 1 0 1 1 	D	0.697538	0.697538	0.697538	0.697538	0.697538	2.858287	0.697538	0.697538	0.479731	0.328036	0.139709	0.052525	1.168047	
1832000	-310.952603	1	2	1	'1 1 1 1 1 0 Z 1 	D	0.615144	0.615144	0.615144	0.615144	0.615144	3.461066	0.000000	0.615144	0.647583	0.343246	0.009122	0.000049	1.209277	
1833000	-303.494624	1	3	0	'2 2 2 2 1 0 2 1 	D	0.559094	0.559094	0.559094	0.559094	1.225396	2.493144	0.559094	1.225396	0.312109	0.306682	0.249441	0.131768	1.929183	
1834000	-308.252196	1	2	0	'1 1 1 1 0 0 1 0 	D	0.402562	0.402562	0.402562	0.402562	2.532722	2.532722	0.402562	2.532722	0.150218	0.160436	0.315868	0.373477	1.445731	
1835000	-305.401046	1	2	0	'1 1 1 1 0 0 1 0 	D	0.307665	0.307665	0.307665	0.307665	2.023886	2.023886	0.307665	2.023886	0.141688	0.124525	0.354874	0.378913	0.495321	
1836000	-305.300133	1	2	0	'1 1 1 1 0 0 1 0 	D	0.278239	0.278239	0.278239	0.278239	1.782214	1.782214	0.278239	1.782214	0.144765	0.118612	0.368044	0.368579	1.518493	
1837000	-305.434372	1	2	0	'1 1 1 1 0 0 1 0 	D	0.326154	0.326154	0.326154	0.326154	2.077526	2.077526	0.326154	2.077526	0.146585	0.133651	0.345836	0.373928	1.928920	
1838000	-306.298005	1	2	0	'1 1 1 1 0 0 1 0 	D	0.257251	0.257251	0.257251	0.257251	1.481439	1.481439	0.257251	1.481439	0.162410	0.126364	0.372655	0.338570	0.819992	
1839000	-305.656475	1	3	0	'1 1 1 1 2 0 1 2 	D	0.599901	0.599901	0.599901	0.599901	1.734273	3.900194	0.599901	1.734273	0.271878	0.269212	0.292975	0.165936	1.134806	
1840000	-314.611846	1	2	0	'1 1 1 1 1 0 1 1 	D	0.703822	0.703822	0.703822	0.703822	0.703822	1.500938	0.703822	0.703822	0.363709	0.439319	0.112988	0.083984	0.840441	
1841000	-309.432109	1	2	0	'1 1 1 1 1 0 1 1 	D	0.578288	0.578288	0.578288	0.578288	0.578288	2.576331	0.578288	0.578288	0.539878	0.283964	0.139178	0.036981	1.143014	
1842000	-309.559591	1	2	0	'1 1 1 1 1 0 1 1 	D	0.587139	0.587139	0.587139	0.587139	0.587139	3.401002	0.587139	0.587139	0.600300	0.246412	0.125650	0.027637	0.859084	
1843000	-310.234714	1	2	0	'1 1 1 1 1 0 1 1 	D	0.503883	0.503883	0.503883	0.503883	0.503883	3.400213	0.503883	0.503883	0.669463	0.193390	0.119630	0.017517	1.716656	
1844000	-310.336844	1	2	1	'1 1 1 1 1 0 Z 1 	D	0.781903	0.781903	0.781903	0.781903	0.781903	2.773280	0.000000	0.781903	0.485122	0.506156	0.008642	0.000079	0.981988	
1845000	-309.564053	1	2	0	'1 1 1 1 1 0 1 1 	D	0.603713	0.603713	0.603713	0.603713	0.603713	2.473620	0.603713	0.603713	0.508897	0.308798	0.139147	0.043158	0.942789	
1846000	-309.390920	1	3	2	'1 Z 2 2 1 0 Z 1 	D	0.999284	0.000000	0.541880	0.541880	0.999284	2.509997	0.000000	0.999284	0.465106	0.497225	0.036369	0.001300	1.778426	
1847000	-309.278332	1	2	0	'0 1 1 1 0 0 1 0 	D	1.373724	0.356593	0.356593	0.356593	1.373724	1.373724	0.356593	1.373724	0.381850	0.148554	0.231266	0.238330	0.584216	
1848000	-312.561227	1	2	1	'1 Z 1 1 0 0 1 1 	D	0.581109	0.000000	0.581109	0.581109	1.710272	1.710272	0.581109	0.581109	0.022245	0.106162	0.514742	0.356851	1.357759	
1849000	-306.279861	1	2	1	'1 1 1 1 0 0 Z 1 	D	0.675392	0.675392	0.675392	0.675392	2.511944	2.511944	0.000000	0.675392	0.423652	0.534797	0.041235	0.000316	1.490423	
1850000	-308.267167	1	2	0	'1 1 1 1 0 0 1 1 	D	0.335074	0.335074	0.335074	0.335074	2.095937	2.095937	0.335074	0.335074	0.214822	0.132247	0.576978	0.075952	1.132712	
1851000	-306.181024	1	2	0	'1 1 1 1 0 0 1 1 	D	0.427731	0.427731	0.427731	0.427731	2.100111	2.100111	0.427731	0.427731	0.238325	0.187203	0.478845	0.095627	1.167517	
1852000	-305.822218	1	2	1	'1 1 1 1 0 0 Z 1 	D	0.671285	0.671285	0.671285	0.671285	2.311321	2.311321	0.000000	0.671285	0.425318	0.536338	0.038065	0.000279	1.559584	
1853000	-307.227362	1	2	0	'1 1 1 1 0 0 1 1 	D	0.371040	0.371040	0.371040	0.371040	1.854773	1.854773	0.371040	0.371040	0.240377	0.170148	0.504208	0.085267	1.777815	
1854000	-307.347786	1	2	0	'1 1 1 1 0 0 1 1 	D	0.377459	0.377459	0.377459	0.377459	1.745184	1.745184	0.377459	0.377459	0.249807	0.183125	0.479892	0.087176	1.913214	
1855000	-305.372779	1	2	1	'1 1 1 1 0 0 Z 1 	D	0.566619	0.566619	0.566619	0.566619	2.171494	2.171494	0.000000	0.566619	0.446867	0.511333	0.041570	0.000231	1.251819	
1856000	-307.962654	1	2	0	'1 1 1 1 0 0 1 1 	D	0.548606	0.548606	0.548606	0.548606	1.494632	1.494632	0.548606	0.548606	0.287345	0.300159	0.296867	0.115629	0.745501	
1857000	-306.037026	1	2	1	'1 1 1 1 0 0 Z 1 	D	0.489736	0.489736	0.489736	0.489736	2.242170	2.242170	0.000000	0.489736	0.463410	0.483891	0.052460	0.000239	1.715871	
1858000	-307.971358	1	2	0	'1 1 1 1 0 0 1 1 	D	0.402894	0.402894	0.402894	0.402894	2.550828	2.550828	0.402894	0.402894	0.213111	0.153557	0.544168	0.089164	1.503700	
1859000	-306.488178	1	2	0	'1 1 1 1 0 0 1 1 	D	0.591062	0.591062	0.591062	0.591062	2.066538	2.066538	0.591062	0.591062	0.253376	0.258969	0.362057	0.125598	1.959583	
1860000	-305.454428	1	2	1	'1 1 1 1 0 0 Z 1 	D	0.628837	0.628837	0.628837	0.628837	2.137666	2.137666	0.000000	0.628837	0.434192	0.528857	0.036716	0.000236	1.947619	
1861000	-305.874951	1	2	0	'1 1 1 1 0 0 1 1 	D	0.460535	0.460535	0.460535	0.460535	2.039524	2.039524	0.460535	0.460535	0.246697	0.207846	0.443441	0.102015	1.679544	
1862000	-305.765474	1	2	1	'1 1 1 1 0 0 Z 1 	D	0.581479	0.581479	0.581479	0.581479	2.443295	2.443295	0.000000	0.581479	0.442215	0.512013	0.045497	0.000275	0.640627	
1863000	-306.733764	1	2	1	'1 1 1 1 0 0 Z 1 	D	0.669686	0.669686	0.669686	0.669686	2.655774	2.655774	0.000000	0.669686	0.424005	0.532032	0.043625	0.000337	1.300107	
1864000	-305.607396	1	2	1	'1 1 1 1 0 0 Z 1 	D	0.607464	0.607464	0.607464	0.607464	1.951887	1.951887	0.000000	0.607464	0.439305	0.526671	0.033827	0.000198	1.930635	
1865000	-306.066750	1	2	1	'1 1 1 1 0 0 Z 1 	D	0.690523	0.690523	0.690523	0.690523	2.361206	2.361206	0.000000	0.690523	0.421618	0.539882	0.038205	0.000295	1.557061	
1866000	-305.878100	1	2	1	'1 1 1 1 0 0 Z 1 	D	0.506794	0.506794	0.506794	0.506794	1.974139	1.974139	0.000000	0.506794	0.461400	0.495169	0.043235	0.000196	1.336034	
1867000	-307.181204	1	2	0	'1 1 1 1 0 0 1 1 	D	0.587168	0.587168	0.587168	0.587168	1.692690	1.692690	0.587168	0.587168	0.273330	0.291044	0.312254	0.123372	1.274842	
1868000	-305.931924	1	2	0	'1 1 1 1 0 0 1 1 	D	0.503522	0.503522	0.503522	0.503522	2.167746	2.167746	0.503522	0.503522	0.244973	0.219199	0.426080	0.109748	0.823063	
1869000	-313.492007	1	2	1	'1 1 1 1 0 0 Z 1 	D	0.422937	0.422937	0.422937	0.422937	3.348217	3.348217	0.000000	0.422937	0.470265	0.448917	0.080478	0.000340	1.743720	
1870000	-309.952437	1	2	0	'0 0 0 0 0 1 0 0 	D	0.722447	0.722447	0.722447	0.722447	0.722447	2.875414	0.722447	0.722447	0.465619	0.337335	0.140341	0.056705	1.106481	
1871000	-313.285532	1	2	0	'0 0 0 0 0 1 0 0 	D	0.417618	0.417618	0.417618	0.417618	0.417618	2.167149	0.417618	0.417618	0.637754	0.196837	0.145829	0.019580	0.704593	
1872000	-311.582199	1	2	0	'0 0 0 0 0 1 0 0 	D	0.689742	0.689742	0.689742	0.689742	0.689742	1.964013	0.689742	0.689742	0.403234	0.396911	0.129449	0.070405	0.715650	
1873000	-309.391736	1	2	0	'0 0 0 0 0 1 0 0 	D	0.665415	0.665415	0.665415	0.665415	0.665415	2.891669	0.665415	0.665415	0.503757	0.311326	0.138582	0.046335	0.933225	
1874000	-309.994116	1	2	0	'0 0 0 0 0 1 0 0 	D	0.514853	0.514853	0.514853	0.514853	0.514853	3.343413	0.514853	0.514853	0.656757	0.201946	0.122165	0.019131	0.890243	
1875000	-311.837054	1	2	1	'1 1 1 1 1 0 Z 1 	D	0.885913	0.885913	0.885913	0.885913	0.885913	2.440245	0.000000	0.885913	0.430954	0.560810	0.008146	0.000091	0.982456	
1876000	-311.802713	1	2	0	'1 1 1 1 1 0 1 1 	D	0.442427	0.442427	0.442427	0.442427	0.442427	2.376039	0.442427	0.442427	0.639697	0.197208	0.143205	0.019890	1.645857	
1877000	-309.730051	1	2	0	'1 1 1 1 1 0 1 1 	D	0.700137	0.700137	0.700137	0.700137	0.700137	2.792170	0.700137	0.700137	0.472829	0.333017	0.139996	0.054158	1.419575	
1878000	-309.978406	1	2	0	'1 1 1 1 1 0 1 1 	D	0.617410	0.617410	0.617410	0.617410	0.617410	3.629058	0.617410	0.617410	0.589754	0.258383	0.122244	0.029620	1.071866	
1879000	-310.434901	1	2	0	'1 1 1 1 1 0 1 1 	D	0.653157	0.653157	0.653157	0.653157	0.653157	2.188891	0.653157	0.653157	0.444472	0.361915	0.135395	0.058218	0.768989	
1880000	-309.599483	1	2	0	'1 1 1 1 1 0 1 1 	D	0.580048	0.580048	0.580048	0.580048	0.580048	2.472871	0.580048	0.580048	0.527124	0.294374	0.139355	0.039147	1.029357	
1881000	-309.158843	1	2	0	'1 1 1 1 1 0 1 1 	D	0.593561	0.593561	0.593561	0.593561	0.593561	2.927831	0.593561	0.593561	0.560651	0.269422	0.135912	0.034016	1.923112	
1882000	-303.636402	1	3	0	'1 2 2 2 1 0 2 1 	D	1.260122	0.343224	0.343224	0.343224	1.260122	2.775584	0.343224	1.260122	0.414889	0.137143	0.303258	0.144710	1.008143	
1883000	-306.372055	1	2	1	'1 1 1 1 0 0 Z 1 	D	0.561384	0.561384	0.561384	0.561384	1.737625	1.737625	0.000000	0.561384	0.450046	0.518586	0.031214	0.000154	1.835362	
1884000	-306.963032	1	2	1	'1 1 1 1 0 0 Z 1 	D	0.437997	0.437997	0.437997	0.437997	2.205211	2.205211	0.000000	0.437997	0.475204	0.461450	0.063105	0.000241	1.550605	
1885000	-306.971059	1	2	0	'1 1 1 1 0 0 1 1 	D	0.406262	0.406262	0.406262	0.406262	2.323625	2.323625	0.406262	0.406262	0.223150	0.164194	0.522048	0.090608	1.745966	
1886000	-306.566551	1	2	1	'1 1 1 1 0 0 Z 1 	D	0.457995	0.457995	0.457995	0.457995	2.237883	2.237883	0.000000	0.457995	0.470542	0.470514	0.058703	0.000241	1.893934	
1887000	-306.495454	1	2	0	'1 1 1 1 0 0 1 1 	D	0.534132	0.534132	0.534132	0.534132	1.727011	1.727011	0.534132	0.534132	0.270904	0.267388	0.346865	0.114843	0.959189	
1888000	-305.711990	1	2	1	'1 1 1 1 0 0 Z 1 	D	0.667588	0.667588	0.667588	0.667588	2.138658	2.138658	0.000000	0.667588	0.426735	0.538025	0.034994	0.000246	1.743505	
1889000	-305.834850	1	2	0	'1 1 1 1 0 0 1 1 	D	0.489851	0.489851	0.489851	0.489851	1.939849	1.939849	0.489851	0.489851	0.255455	0.229036	0.408015	0.107494	0.728834	
1890000	-306.134675	1	2	1	'1 1 1 1 0 0 Z 1 	D	0.680189	0.680189	0.680189	0.680189	1.939869	1.939869	0.000000	0.680189	0.425092	0.544245	0.030454	0.000210	1.288571	
1891000	-306.830500	1	2	1	'1 1 1 1 0 0 Z 1 	D	0.699155	0.699155	0.699155	0.699155	1.807903	1.807903	0.000000	0.699155	0.421945	0.550850	0.027018	0.000187	1.869762	
1892000	-306.235310	1	2	1	'1 1 1 1 0 0 Z 1 	D	0.647746	0.647746	0.647746	0.647746	2.555419	2.555419	0.000000	0.647746	0.428545	0.528004	0.043139	0.000312	1.218034	
1893000	-305.949538	1	2	1	'1 1 1 1 0 0 Z 1 	D	0.509790	0.509790	0.509790	0.509790	2.339285	2.339285	0.000000	0.509790	0.458247	0.490181	0.051320	0.000252	1.390042	
1894000	-305.865830	1	2	1	'1 1 1 1 0 0 Z 1 	D	0.673983	0.673983	0.673983	0.673983	2.327215	2.327215	0.000000	0.673983	0.424753	0.536727	0.038237	0.000283	1.412980	
1895000	-306.608520	1	2	0	'1 1 1 1 0 0 1 1 	D	0.441801	0.441801	0.441801	0.441801	2.352216	2.352216	0.441801	0.441801	0.228895	0.181055	0.492435	0.097614	1.769746	
1896000	-305.819196	1	2	0	'1 1 1 1 0 0 1 1 	D	0.490834	0.490834	0.490834	0.490834	1.960689	1.960689	0.490834	0.490834	0.254374	0.227872	0.410099	0.107655	0.369255	
1897000	-307.759432	1	2	1	'1 1 1 1 0 0 Z 1 	D	0.775784	0.775784	0.775784	0.775784	1.857849	1.857849	0.000000	0.775784	0.408897	0.564315	0.026568	0.000219	1.933543	
1898000	-305.669889	1	2	1	'1 1 1 1 0 0 Z 1 	D	0.616289	0.616289	0.616289	0.616289	2.396367	2.396367	0.000000	0.616289	0.435421	0.522028	0.042275	0.000277	1.791617	
1899000	-305.644758	1	2	1	'1 1 1 1 0 0 Z 1 	D	0.614850	0.614850	0.614850	0.614850	1.947251	1.947251	0.000000	0.614850	0.437802	0.528680	0.033319	0.000198	1.242320	
1900000	-305.495987	1	2	1	'1 1 1 1 0 0 Z 1 	D	0.627110	0.627110	0.627110	0.627110	2.063508	2.063508	0.000000	0.627110	0.434856	0.529658	0.035264	0.000222	0.531976	
1901000	-306.544824	1	2	0	'1 1 1 1 0 0 1 1 	D	0.414887	0.414887	0.414887	0.414887	1.793687	1.793687	0.414887	0.414887	0.254475	0.202127	0.449219	0.094180	0.439807	
1902000	-308.124800	1	2	1	'1 1 1 1 0 0 Z 1 	D	0.395356	0.395356	0.395356	0.395356	2.048990	2.048990	0.000000	0.395356	0.485564	0.440117	0.074086	0.000233	1.876320	
1903000	-305.508064	1	2	1	'1 1 1 1 0 0 Z 1 	D	0.627424	0.627424	0.627424	0.627424	2.276618	2.276618	0.000000	0.627424	0.433822	0.526428	0.039491	0.000260	0.769116	
1904000	-305.974766	1	2	1	'1 1 1 1 0 0 Z 1 	D	0.620015	0.620015	0.620015	0.620015	2.507877	2.507877	0.000000	0.620015	0.434110	0.521696	0.043899	0.000295	1.229924	
1905000	-306.873166	1	2	0	'1 1 1 1 0 0 1 1 	D	0.403756	0.403756	0.403756	0.403756	1.738284	1.738284	0.403756	0.403756	0.256263	0.200391	0.451050	0.092296	1.645440	
1906000	-306.065098	1	2	0	'0 0 0 0 1 1 0 0 	D	0.550912	0.550912	0.550912	0.550912	2.024576	2.024576	0.550912	0.550912	0.254631	0.247931	0.379066	0.118372	1.552833	
1907000	-306.491874	1	2	1	'0 0 0 0 1 1 Z 0 	D	0.489610	0.489610	0.489610	0.489610	1.821101	1.821101	0.000000	0.489610	0.466431	0.492354	0.041044	0.000170	1.890640	
1908000	-305.426102	1	2	1	'0 0 0 0 1 1 Z 0 	D	0.604307	0.604307	0.604307	0.604307	2.050955	2.050955	0.000000	0.604307	0.439537	0.523994	0.036253	0.000215	1.355220	
1909000	-306.354382	1	2	1	'0 0 0 0 1 1 Z 0 	D	0.481239	0.481239	0.481239	0.481239	1.899632	1.899632	0.000000	0.481239	0.467900	0.487069	0.044846	0.000185	0.581577	
1910000	-303.859917	1	3	1	'0 0 0 0 1 1 Z 2 	D	0.500889	0.500889	0.500889	0.500889	2.031206	2.031206	0.000000	0.747117	0.452619	0.513438	0.033628	0.000314	1.463981	
1911000	-305.440846	1	2	1	'0 0 0 0 1 1 Z 0 	D	0.562215	0.562215	0.562215	0.562215	2.036623	2.036623	0.000000	0.562215	0.448546	0.512320	0.038927	0.000208	1.831806	
1912000	-305.835225	1	2	1	'0 0 0 0 1 1 Z 0 	D	0.633096	0.633096	0.633096	0.633096	1.910369	1.910369	0.000000	0.633096	0.434243	0.533978	0.031585	0.000194	0.750156	
1913000	-307.152898	1	2	0	'0 0 0 0 1 1 0 0 	D	0.519062	0.519062	0.519062	0.519062	2.546188	2.546188	0.519062	0.519062	0.231268	0.205838	0.450879	0.112015	1.710467	
1914000	-310.445010	1	2	0	'0 0 0 0 1 1 0 0 	D	0.527365	0.527365	0.527365	0.527365	1.245154	1.245154	0.527365	0.527365	0.308943	0.328358	0.253579	0.109121	1.750621	
1915000	-306.098266	1	2	0	'0 0 0 0 1 1 0 0 	D	0.553620	0.553620	0.553620	0.553620	2.077648	2.077648	0.553620	0.553620	0.252157	0.245072	0.383872	0.118899	0.821993	
1916000	-307.355467	1	2	1	'0 0 0 0 1 1 Z 0 	D	0.790330	0.790330	0.790330	0.790330	2.120370	2.120370	0.000000	0.790330	0.406018	0.562230	0.031465	0.000287	1.320218	
1917000	-305.518433	1	2	1	'0 0 0 0 1 1 Z 0 	D	0.534871	0.534871	0.534871	0.534871	2.177746	2.177746	0.000000	0.534871	0.453752	0.501219	0.044800	0.000229	1.755281	
1918000	-306.680529	1	2	0	'0 0 0 0 1 1 0 0 	D	0.518187	0.518187	0.518187	0.518187	1.662358	1.662358	0.518187	0.518187	0.274681	0.267461	0.345877	0.111981	1.513346	
1919000	-305.754937	1	2	1	'0 0 0 0 1 1 Z 0 	D	0.518490	0.518490	0.518490	0.518490	1.982060	1.982060	0.000000	0.518490	0.458652	0.499184	0.041967	0.000197	1.328994	
1920000	-305.611406	1	2	1	'0 0 0 0 1 1 Z 0 	D	0.522802	0.522802	0.522802	0.522802	2.180461	2.180461	0.000000	0.522802	0.456419	0.497074	0.046278	0.000229	1.575718	
1921000	-305.877263	1	2	0	'0 0 0 0 1 1 0 0 	D	0.459012	0.459012	0.459012	0.459012	2.006725	2.006725	0.459012	0.459012	0.248283	0.209356	0.440558	0.101802	1.290257	
1922000	-306.783670	1	2	0	'1 1 1 1 0 0 1 1 	D	0.429538	0.429538	0.429538	0.429538	2.365702	2.365702	0.429538	0.429538	0.226112	0.174377	0.504357	0.095154	1.565762	
1923000	-305.654358	1	2	1	'1 1 1 1 0 0 Z 1 	D	0.641787	0.641787	0.641787	0.641787	2.334360	2.334360	0.000000	0.641787	0.430755	0.529182	0.039790	0.000274	0.916938	
1924000	-306.475417	1	2	0	'1 1 1 1 0 0 1 1 	D	0.471488	0.471488	0.471488	0.471488	1.691101	1.691101	0.471488	0.471488	0.269603	0.242597	0.383469	0.104332	0.912183	
1925000	-305.381893	1	2	1	'0 0 0 0 1 1 Z 0 	D	0.595462	0.595462	0.595462	0.595462	2.228771	2.228771	0.000000	0.595462	0.440496	0.518726	0.040533	0.000245	0.804075	
1926000	-306.322251	1	2	0	'0 0 0 0 1 1 0 0 	D	0.575505	0.575505	0.575505	0.575505	2.101060	2.101060	0.575505	0.575505	0.251632	0.251236	0.374274	0.122859	1.862034	
1927000	-306.297698	1	2	0	'0 0 0 0 1 1 0 0 	D	0.540665	0.540665	0.540665	0.540665	1.800487	1.800487	0.540665	0.540665	0.266529	0.262825	0.354469	0.116177	0.855646	
1928000	-306.865885	1	2	0	'0 0 0 0 1 1 0 0 	D	0.607231	0.607231	0.607231	0.607231	1.877729	1.877729	0.607231	0.607231	0.262511	0.279588	0.330079	0.127822	1.977901	
1929000	-306.754547	1	2	0	'0 0 0 0 1 1 0 0 	D	0.413737	0.413737	0.413737	0.413737	2.291722	2.291722	0.413737	0.413737	0.226203	0.169617	0.511949	0.092231	1.207390	
1930000	-306.150465	1	2	0	'1 1 1 1 0 0 1 1 	D	0.471483	0.471483	0.471483	0.471483	2.260842	2.260842	0.471483	0.471483	0.237308	0.199675	0.459437	0.103581	0.749570	
1931000	-310.616923	1	2	0	'0 0 0 0 0 1 0 0 	D	0.680827	0.680827	0.680827	0.680827	0.680827	2.193932	0.680827	0.680827	0.429533	0.372200	0.135083	0.063183	1.926871	
1932000	-309.744366	1	2	0	'0 0 0 0 0 1 0 0 	D	0.705028	0.705028	0.705028	0.705028	0.705028	2.943288	0.705028	0.705028	0.481463	0.326649	0.139472	0.052416	1.458950	
1933000	-309.759235	1	2	0	'0 0 0 0 0 1 0 0 	D	0.531938	0.531938	0.531938	0.531938	0.531938	2.559540	0.531938	0.531938	0.577380	0.253237	0.139460	0.029923	1.073233	
1934000	-310.252985	1	2	0	'1 1 1 1 1 0 1 1 	D	0.683081	0.683081	0.683081	0.683081	0.683081	2.328073	0.683081	0.683081	0.441457	0.360751	0.137304	0.060488	0.429775	
1935000	-315.567075	1	2	1	'1 0 1 0 1 1 Z 1 	D	1.564186	0.360399	1.564186	0.360399	1.564186	1.564186	0.000000	1.564186	0.323285	0.652348	0.023012	0.001355	1.535482	
1936000	-311.679301	1	2	0	'1 0 1 0 1 1 0 1 	D	1.238471	0.380766	1.238471	0.380766	1.238471	1.238471	0.380766	1.238471	0.236286	0.446403	0.141343	0.175968	0.597332	
1937000	-311.644282	1	2	0	'0 1 0 1 0 0 1 0 	D	1.290432	0.353965	1.290432	0.353965	1.290432	1.290432	0.353965	1.290432	0.226898	0.436043	0.150226	0.186833	1.905416	
1938000	-305.252733	1	3	0	'0 1 0 1 2 2 1 2 	D	0.830341	0.246372	0.830341	0.246372	1.622847	1.622847	0.246372	1.622847	0.181748	0.275704	0.256073	0.286475	0.625516	
1939000	-315.666204	1	2	1	'0 1 0 1 0 0 Z 0 	D	1.170885	0.566582	1.170885	0.566582	1.170885	1.170885	0.000000	1.170885	0.353329	0.635405	0.011065	0.000201	0.710853	
1940000	-304.566142	1	3	0	'2 1 2 1 0 0 1 0 	D	0.540166	0.198354	0.540166	0.198354	1.453379	1.453379	0.198354	1.453379	0.171428	0.201243	0.314545	0.312784	0.783241	
1941000	-306.849542	1	2	0	'0 0 0 0 1 1 0 0 	D	0.578908	0.578908	0.578908	0.578908	1.748015	1.748015	0.578908	0.578908	0.270062	0.282368	0.325206	0.122364	1.281993	
1942000	-305.474820	1	2	1	'0 0 0 0 1 1 Z 0 	D	0.547688	0.547688	0.547688	0.547688	2.224653	2.224653	0.000000	0.547688	0.450652	0.504671	0.044440	0.000237	0.707232	
1943000	-306.458997	1	2	1	'0 0 0 0 1 1 Z 0 	D	0.701670	0.701670	0.701670	0.701670	1.911351	1.911351	0.000000	0.701670	0.421262	0.549319	0.029210	0.000209	1.885734	
1944000	-305.864280	1	2	0	'0 0 0 0 1 1 0 0 	D	0.461732	0.461732	0.461732	0.461732	2.003983	2.003983	0.461732	0.461732	0.248791	0.210894	0.438005	0.102310	0.758667	
1945000	-305.902036	1	2	1	'0 0 0 0 1 1 Z 0 	D	0.524059	0.524059	0.524059	0.524059	2.381725	2.381725	0.000000	0.524059	0.454823	0.494720	0.050198	0.000258	1.630240	
1946000	-306.958249	1	2	1	'0 0 0 0 1 1 Z 0 	D	0.574382	0.574382	0.574382	0.574382	1.639847	1.639847	0.000000	0.574382	0.447397	0.524847	0.027619	0.000136	1.680384	
1947000	-306.318196	1	2	0	'0 0 0 0 1 1 0 0 	D	0.560615	0.560615	0.560615	0.560615	2.215599	2.215599	0.560615	0.560615	0.246247	0.238446	0.395095	0.120212	1.029188	
1948000	-309.524256	1	2	0	'0 0 0 0 0 1 0 0 	D	0.594088	0.594088	0.594088	0.594088	0.594088	3.385595	0.594088	0.594088	0.593678	0.251022	0.126551	0.028748	1.584773	
1949000	-310.384374	1	2	0	'0 0 0 0 0 1 0 0 	D	0.752970	0.752970	0.752970	0.752970	0.752970	2.821372	0.752970	0.752970	0.444074	0.351393	0.141242	0.063290	0.862254	
1950000	-309.912085	1	2	0	'0 0 0 0 0 1 0 0 	D	0.695143	0.695143	0.695143	0.695143	0.695143	2.556990	0.695143	0.695143	0.455862	0.346821	0.139544	0.057773	0.853969	
1951000	-310.630050	1	2	1	'0 0 0 0 0 1 Z 0 	D	0.671410	0.671410	0.671410	0.671410	0.671410	2.448150	0.000000	0.671410	0.519718	0.470617	0.009601	0.000064	1.479766	
1952000	-310.775630	1	2	1	'0 0 0 0 0 1 Z 0 	D	0.641280	0.641280	0.641280	0.641280	0.641280	2.471659	0.000000	0.641280	0.542132	0.447543	0.010263	0.000062	1.650982	
1953000	-309.360241	1	2	0	'0 0 0 0 0 1 0 0 	D	0.552714	0.552714	0.552714	0.552714	0.552714	3.085345	0.552714	0.552714	0.606948	0.235594	0.131289	0.026169	1.623197	
1954000	-309.285589	1	2	0	'0 0 0 0 0 1 0 0 	D	0.583987	0.583987	0.583987	0.583987	0.583987	2.686327	0.583987	0.583987	0.546492	0.278903	0.138534	0.036072	1.393046	
1955000	-309.504381	1	2	0	'0 0 0 0 0 1 0 0 	D	0.620398	0.620398	0.620398	0.620398	0.620398	2.518106	0.620398	0.620398	0.501349	0.314302	0.139172	0.045177	1.978723	
1956000	-311.532762	1	2	0	'0 0 0 0 0 1 0 0 	D	0.489697	0.489697	0.489697	0.489697	0.489697	2.126279	0.489697	0.489697	0.559500	0.268600	0.140690	0.031211	1.839001	
1957000	-309.513911	1	2	0	'0 0 0 0 0 1 0 0 	D	0.539934	0.539934	0.539934	0.539934	0.539934	2.696341	0.539934	0.539934	0.584517	0.248348	0.138034	0.029101	1.311680	
1958000	-310.600578	1	2	1	'0 0 0 0 0 1 Z 0 	D	0.812933	0.812933	0.812933	0.812933	0.812933	2.729809	0.000000	0.812933	0.469179	0.522284	0.008453	0.000083	1.605112	
1959000	-318.572181	1	2	1	'0 0 0 0 0 1 Z 0 	D	0.745306	0.745306	0.745306	0.745306	0.745306	1.177187	0.000000	0.745306	0.416357	0.578791	0.004824	0.000027	1.769993	
1960000	-310.786482	1	2	1	'0 0 0 0 0 1 Z 0 	D	0.754083	0.754083	0.754083	0.754083	0.754083	3.600259	0.000000	0.754083	0.548812	0.443256	0.007866	0.000066	1.664738	
1961000	-311.299920	1	2	1	'1 0 0 0 1 1 Z 1 	D	1.817504	0.586456	0.586456	0.586456	1.817504	1.817504	0.000000	1.817504	0.555005	0.388233	0.053199	0.003563	1.973315	
1962000	-306.678891	1	2	0	'0 0 0 0 1 1 0 0 	D	0.483198	0.483198	0.483198	0.483198	1.644742	1.644742	0.483198	0.483198	0.273960	0.253299	0.366523	0.106217	1.186772	
1963000	-307.654116	1	2	0	'0 0 0 0 1 1 0 0 	D	0.434030	0.434030	0.434030	0.434030	1.519485	1.519485	0.434030	0.434030	0.278922	0.241851	0.381193	0.098034	0.658330	
1964000	-307.308842	1	2	1	'0 0 0 0 1 1 Z 0 	D	0.725675	0.725675	0.725675	0.725675	1.781942	1.781942	0.000000	0.725675	0.417301	0.556670	0.025840	0.000188	0.413383	
1965000	-306.039409	1	2	1	'0 0 0 0 1 1 Z 0 	D	0.586612	0.586612	0.586612	0.586612	1.806527	1.806527	0.000000	0.586612	0.444250	0.524128	0.031454	0.000168	1.078665	
1966000	-306.873237	1	2	1	'1 1 1 1 0 0 Z 1 	D	0.450340	0.450340	0.450340	0.450340	1.905080	1.905080	0.000000	0.450340	0.475177	0.473598	0.051035	0.000191	0.649038	
1967000	-306.187461	1	2	1	'1 1 1 1 0 0 Z 1 	D	0.596452	0.596452	0.596452	0.596452	1.777746	1.777746	0.000000	0.596452	0.442229	0.527458	0.030150	0.000164	1.679081	
1968000	-305.818992	1	2	0	'1 1 1 1 0 0 1 1 	D	0.502861	0.502861	0.502861	0.502861	1.990971	1.990971	0.502861	0.502861	0.253732	0.230947	0.405529	0.109791	1.472416	
1969000	-306.523030	1	2	0	'1 1 1 1 0 0 1 1 	D	0.417573	0.417573	0.417573	0.417573	1.788775	1.788775	0.417573	0.417573	0.255311	0.204118	0.445875	0.094696	1.081180	
1970000	-305.759478	1	2	1	'1 1 1 1 0 0 Z 1 	D	0.572333	0.572333	0.572333	0.572333	1.880742	1.880742	0.000000	0.572333	0.447072	0.518445	0.034302	0.000181	1.781352	
1971000	-306.156319	1	2	1	'1 1 1 1 0 0 Z 1 	D	0.648973	0.648973	0.648973	0.648973	1.848249	1.848249	0.000000	0.648973	0.431292	0.539026	0.029497	0.000185	1.697025	
1972000	-306.496731	1	2	0	'1 1 1 1 0 0 1 1 	D	0.579054	0.579054	0.579054	0.579054	2.214106	2.214106	0.579054	0.579054	0.246812	0.244911	0.384682	0.123595	1.481412	
1973000	-309.153012	1	2	0	'1 1 1 1 0 0 1 1 	D	0.315096	0.315096	0.315096	0.315096	1.808036	1.808036	0.315096	0.315096	0.225858	0.134291	0.567066	0.072785	0.960368	
1974000	-306.222533	1	2	0	'1 1 1 1 0 0 1 1 	D	0.433736	0.433736	0.433736	0.433736	1.840739	1.840739	0.433736	0.433736	0.254573	0.208833	0.439066	0.097528	0.715805	
1975000	-309.556461	1	2	1	'0 0 0 0 1 1 Z 0 	D	0.728598	0.728598	0.728598	0.728598	1.489654	1.489654	0.000000	0.728598	0.416830	0.563867	0.019176	0.000127	0.940217	
1976000	-307.141499	1	2	0	'0 0 0 0 1 1 0 0 	D	0.543605	0.543605	0.543605	0.543605	1.608213	1.608213	0.543605	0.543605	0.279046	0.284167	0.321004	0.115783	0.762090	
1977000	-306.413588	1	2	1	'0 0 0 0 1 1 Z 0 	D	0.481043	0.481043	0.481043	0.481043	2.372769	2.372769	0.000000	0.481043	0.464372	0.478687	0.056684	0.000257	1.964582	
1978000	-306.571033	1	2	0	'0 0 0 0 1 1 0 0 	D	0.581245	0.581245	0.581245	0.581245	2.241280	2.241280	0.581245	0.581245	0.245748	0.243950	0.386294	0.124009	1.291130	
1979000	-306.367760	1	2	1	'0 0 0 0 1 1 Z 0 	D	0.698052	0.698052	0.698052	0.698052	1.926993	1.926993	0.000000	0.698052	0.421870	0.548276	0.029643	0.000211	1.374037	
1980000	-306.657074	1	2	0	'0 0 0 0 1 1 0 0 	D	0.600462	0.600462	0.600462	0.600462	2.143159	2.143159	0.600462	0.600462	0.250026	0.256572	0.365976	0.127427	1.057785	
1981000	-305.740345	1	2	1	'0 0 0 0 1 1 Z 0 	D	0.659587	0.659587	0.659587	0.659587	2.037423	2.037423	0.000000	0.659587	0.428632	0.537886	0.033258	0.000224	1.282347	
1982000	-306.401237	1	2	1	'0 0 0 0 1 1 Z 0 	D	0.559022	0.559022	0.559022	0.559022	1.732919	1.732919	0.000000	0.559022	0.450594	0.518006	0.031247	0.000153	0.942542	
1983000	-306.527802	1	2	1	'0 0 0 0 1 1 Z 0 	D	0.684276	0.684276	0.684276	0.684276	1.837782	1.837782	0.000000	0.684276	0.424602	0.547120	0.028088	0.000190	1.248100	
1984000	-305.771808	1	2	1	'0 0 0 0 1 1 Z 0 	D	0.525293	0.525293	0.525293	0.525293	2.326626	2.326626	0.000000	0.525293	0.454913	0.495833	0.049004	0.000251	0.464209	
1985000	-305.982711	1	2	1	'0 0 0 0 1 1 Z 0 	D	0.627641	0.627641	0.627641	0.627641	1.856579	1.856579	0.000000	0.627641	0.435512	0.533734	0.030572	0.000183	1.983250	
1986000	-306.664026	1	2	1	'0 0 0 0 1 1 Z 0 	D	0.600045	0.600045	0.600045	0.600045	2.695735	2.695735	0.000000	0.600045	0.437063	0.514620	0.048001	0.000316	1.992552	
1987000	-306.718354	1	2	1	'0 0 0 0 1 1 Z 0 	D	0.495468	0.495468	0.495468	0.495468	2.538960	2.538960	0.000000	0.495468	0.460015	0.482686	0.057022	0.000277	1.658730	
1988000	-305.666943	1	2	1	'0 0 0 0 1 1 Z 0 	D	0.659504	0.659504	0.659504	0.659504	2.247661	2.247661	0.000000	0.659504	0.427789	0.534545	0.037402	0.000264	0.794241	
1989000	-306.603925	1	2	0	'0 0 0 0 1 1 0 0 	D	0.468455	0.468455	0.468455	0.468455	2.403000	2.403000	0.468455	0.468455	0.230928	0.191201	0.475220	0.102651	1.190045	
1990000	-306.119387	1	2	0	'0 0 0 0 1 1 0 0 	D	0.478438	0.478438	0.478438	0.478438	2.256901	2.256901	0.478438	0.478438	0.238347	0.203045	0.453701	0.104907	1.522754	
1991000	-306.762176	1	2	0	'0 0 0 0 1 1 0 0 	D	0.417179	0.417179	0.417179	0.417179	1.716355	1.716355	0.417179	0.417179	0.260435	0.210494	0.434225	0.094846	1.015065	
1992000	-305.811076	1	2	1	'0 0 0 0 1 1 Z 0 	D	0.595422	0.595422	0.595422	0.595422	1.869915	1.869915	0.000000	0.595422	0.442141	0.525134	0.032544	0.000181	1.124742	
1993000	-307.196133	1	2	0	'0 0 0 0 1 1 0 0 	D	0.549822	0.549822	0.549822	0.549822	2.523933	2.523933	0.549822	0.549822	0.234177	0.218129	0.429771	0.117923	1.933380	
1994000	-306.409357	1	2	0	'0 0 0 0 1 1 0 0 	D	0.422076	0.422076	0.422076	0.422076	2.200635	2.200635	0.422076	0.422076	0.232174	0.178548	0.495081	0.094196	1.432943	
1995000	-306.524688	1	2	1	'0 0 0 0 1 1 Z 0 	D	0.635674	0.635674	0.635674	0.635674	1.747050	1.747050	0.000000	0.635674	0.434176	0.538076	0.027586	0.000163	1.439522	
1996000	-307.487280	1	2	1	'0 0 0 0 1 1 Z 0 	D	0.673002	0.673002	0.673002	0.673002	2.819047	2.819047	0.000000	0.673002	0.422633	0.531284	0.045719	0.000364	1.169907	
1997000	-307.246380	1	2	1	'0 0 0 0 1 1 Z 0 	D	0.496904	0.496904	0.496904	0.496904	2.668744	2.668744	0.000000	0.496904	0.458831	0.482181	0.058696	0.000292	1.808969	
1998000	-305.911339	1	2	0	'1 1 1 1 0 0 1 1 	D	0.461908	0.461908	0.461908	0.461908	1.918566	1.918566	0.461908	0.461908	0.253710	0.217328	0.426464	0.102499	0.893992	
1999000	-306.034398	1	2	0	'1 1 1 1 0 0 1 1 	D	0.447095	0.447095	0.447095	0.447095	1.886675	1.886675	0.447095	0.447095	0.253670	0.212263	0.434201	0.099865	1.536845	
2000000	-306.693281	1	2	0	'1 1 1 1 0 0 1 1 	D	0.603162	0.603162	0.603162	0.603162	2.143376	2.143376	0.603162	0.603162	0.250021	0.257410	0.364652	0.127917	0.898160	
2001000	-306.777684	1	2	0	'1 1 1 1 0 0 1 1 	D	0.386112	0.386112	0.386112	0.386112	1.996836	1.996836	0.386112	0.386112	0.235246	0.169940	0.507106	0.087707	1.044999	
2002000	-306.044477	1	2	1	'1 1 1 1 0 0 Z 1 	D	0.701812	0.701812	0.701812	0.701812	2.155019	2.155019	0.000000	0.701812	0.420457	0.545160	0.034124	0.000259	1.827790	
2003000	-311.353081	1	2	2	'1 Z 1 1 0 0 Z 1 	D	0.668349	0.000000	0.668349	0.668349	1.982568	1.982568	0.000000	0.668349	0.181249	0.722981	0.094418	0.001352	1.388819	
2004000	-305.762059	1	2	1	'1 1 1 1 0 0 Z 1 	D	0.548868	0.548868	0.548868	0.548868	2.398027	2.398027	0.000000	0.548868	0.449345	0.502732	0.047660	0.000263	1.677760	
2005000	-307.822617	1	2	0	'1 1 1 1 0 0 1 1 	D	0.574882	0.574882	0.574882	0.574882	1.552043	1.552043	0.574882	0.574882	0.282807	0.302878	0.294091	0.120223	0.523305	
2006000	-305.845500	1	2	1	'1 1 1 1 0 0 Z 1 	D	0.501154	0.501154	0.501154	0.501154	2.046729	2.046729	0.000000	0.501154	0.462219	0.491607	0.045967	0.000208	0.871050	
2007000	-308.919254	1	2	1	'1 1 1 1 0 0 Z 1 	D	0.455114	0.455114	0.455114	0.455114	1.516432	1.516432	0.000000	0.455114	0.476811	0.488453	0.034618	0.000118	1.152834	
2008000	-305.542697	1	2	1	'1 1 1 1 0 0 Z 1 	D	0.634950	0.634950	0.634950	0.634950	2.277095	2.277095	0.000000	0.634950	0.432348	0.528289	0.039101	0.000262	1.759044	
2009000	-306.263743	1	2	0	'1 1 1 1 0 0 1 1 	D	0.568906	0.568906	0.568906	0.568906	2.115039	2.115039	0.568906	0.568906	0.250866	0.247965	0.379487	0.121682	1.245788	
2010000	-305.568514	1	2	1	'1 1 1 1 0 0 Z 1 	D	0.561310	0.561310	0.561310	0.561310	2.334966	2.334966	0.000000	0.561310	0.447065	0.507382	0.045297	0.000256	1.472348	
2011000	-305.413870	1	2	1	'1 1 1 1 0 0 Z 1 	D	0.589024	0.589024	0.589024	0.589024	2.265350	2.265350	0.000000	0.589024	0.441633	0.516416	0.041701	0.000249	1.022487	
2012000	-305.369740	1	2	1	'1 1 1 1 0 0 Z 1 	D	0.598699	0.598699	0.598699	0.598699	2.104617	2.104617	0.000000	0.598699	0.440447	0.521562	0.037767	0.000224	0.812762	
2013000	-307.629514	1	2	1	'1 1 1 1 0 0 Z 1 	D	0.586460	0.586460	0.586460	0.586460	2.882214	2.882214	0.000000	0.586460	0.438787	0.509437	0.051441	0.000335	1.313444	
2014000	-305.916407	1	2	1	'1 1 1 1 0 0 Z 1 	D	0.677449	0.677449	0.677449	0.677449	2.026549	2.026549	0.000000	0.677449	0.425321	0.542079	0.032373	0.000226	1.052367	
2015000	-306.531924	1	2	0	'1 1 1 1 0 0 1 1 	D	0.422139	0.422139	0.422139	0.422139	1.766300	1.766300	0.422139	0.422139	0.257695	0.208750	0.437949	0.095605	1.372180	
2016000	-309.689463	1	2	0	'1 1 1 1 0 0 1 1 	D	0.366768	0.366768	0.366768	0.366768	2.709774	2.709774	0.366768	0.366768	0.197973	0.129868	0.591150	0.081010	1.222347	
2017000	-309.577235	1	2	0	'0 0 0 0 0 1 0 0 	D	0.639227	0.639227	0.639227	0.639227	0.639227	2.511325	0.639227	0.639227	0.487351	0.324905	0.139129	0.048615	1.059375	
2018000	-309.206817	1	2	0	'0 0 0 0 0 1 0 0 	D	0.581888	0.581888	0.581888	0.581888	0.581888	2.805222	0.581888	0.581888	0.559429	0.269360	0.137285	0.033926	1.784163	
2019000	-310.404932	1	2	0	'1 1 1 1 1 0 1 1 	D	0.616183	0.616183	0.616183	0.616183	0.616183	2.158739	0.616183	0.616183	0.463768	0.348349	0.135642	0.052240	1.879707	
2020000	-309.698582	1	2	0	'1 1 1 1 1 0 1 1 	D	0.697187	0.697187	0.697187	0.697187	0.697187	3.079880	0.697187	0.697187	0.496443	0.316684	0.138005	0.048868	1.142444	
2021000	-304.180676	1	3	0	'1 1 0 1 2 2 1 0 	D	0.308488	0.308488	0.552842	0.308488	1.826819	1.826819	0.308488	0.552842	0.159668	0.250427	0.453193	0.136712	1.519324	
2022000	-306.071293	1	2	1	'0 0 0 0 1 1 Z 0 	D	0.577816	0.577816	0.577816	0.577816	1.797670	1.797670	0.000000	0.577816	0.446192	0.521878	0.031764	0.000166	1.483609	
2023000	-307.391958	1	2	1	'0 0 0 0 1 1 Z 0 	D	0.632961	0.632961	0.632961	0.632961	2.837049	2.837049	0.000000	0.632961	0.429935	0.521854	0.047863	0.000348	0.980618	
2024000	-305.806994	1	2	1	'0 0 0 0 1 1 Z 0 	D	0.611720	0.611720	0.611720	0.611720	1.885664	1.885664	0.000000	0.611720	0.438672	0.529109	0.032033	0.000186	1.298905	
2025000	-306.781390	1	2	1	'0 0 0 0 1 1 Z 0 	D	0.528711	0.528711	0.528711	0.528711	2.648787	2.648787	0.000000	0.528711	0.452112	0.493641	0.053955	0.000293	0.796698	
2026000	-306.372323	1	2	0	'0 0 0 0 1 1 0 0 	D	0.430167	0.430167	0.430167	0.430167	1.791684	1.791684	0.430167	0.430167	0.257278	0.211050	0.434671	0.097002	0.503014	
2027000	-306.709395	1	2	0	'0 0 0 0 1 1 0 0 	D	0.606403	0.606403	0.606403	0.606403	1.987947	1.987947	0.606403	0.606403	0.257018	0.269978	0.344886	0.128118	0.512040	
2028000	-305.884419	1	2	0	'1 1 1 1 0 0 1 1 	D	0.518132	0.518132	0.518132	0.518132	2.089423	2.089423	0.518132	0.518132	0.249817	0.230395	0.407292	0.112495	1.343735	
2029000	-306.055121	1	2	0	'1 1 1 1 0 0 1 1 	D	0.546636	0.546636	0.546636	0.546636	2.098700	2.098700	0.546636	0.546636	0.250907	0.240989	0.390453	0.117651	1.050098	
2030000	-307.647975	1	2	0	'1 1 1 1 0 0 1 1 	D	0.631757	0.631757	0.631757	0.631757	2.401208	2.401208	0.631757	0.631757	0.240160	0.250043	0.376317	0.133480	1.505080	
2031000	-306.319049	1	2	0	'1 1 1 1 0 0 1 1 	D	0.471146	0.471146	0.471146	0.471146	1.730623	1.730623	0.471146	0.471146	0.266792	0.238450	0.390469	0.104289	1.522579	
2032000	-305.798004	1	2	1	'1 1 1 1 0 0 Z 1 	D	0.538463	0.538463	0.538463	0.538463	1.901331	1.901331	0.000000	0.538463	0.454539	0.507631	0.037647	0.000183	1.195995	
2033000	-305.377956	1	2	1	'1 1 1 1 0 0 Z 1 	D	0.579234	0.579234	0.579234	0.579234	2.074722	2.074722	0.000000	0.579234	0.444682	0.516644	0.038458	0.000216	1.511359	
2034000	-306.875882	1	2	0	'1 1 1 1 0 0 1 1 	D	0.479313	0.479313	0.479313	0.479313	2.482001	2.482001	0.479313	0.479313	0.229337	0.192444	0.473679	0.104540	0.972536	
2035000	-309.966859	1	2	0	'0 0 0 0 0 1 0 0 	D	0.719288	0.719288	0.719288	0.719288	0.719288	3.127816	0.719288	0.719288	0.485451	0.324054	0.138499	0.051997	1.899986	
2036000	-311.087602	1	2	0	'0 0 0 0 0 1 0 0 	D	0.569423	0.569423	0.569423	0.569423	0.569423	4.014241	0.569423	0.569423	0.649004	0.224668	0.105919	0.020409	1.159557	
2037000	-309.598042	1	2	0	'1 1 1 1 1 0 1 1 	D	0.659826	0.659826	0.659826	0.659826	0.659826	3.312268	0.659826	0.659826	0.538186	0.289754	0.132627	0.039432	1.621891	
2038000	-302.711536	1	3	1	'2 2 2 2 1 0 Z 1 	D	0.532609	0.532609	0.532609	0.532609	1.373915	3.553725	0.000000	1.373915	0.463425	0.519326	0.016679	0.000571	1.775037	
2039000	-304.468664	1	3	1	'2 2 2 2 1 0 Z 1 	D	0.388354	0.388354	0.388354	0.388354	1.169640	2.190080	0.000000	1.169640	0.490890	0.492373	0.016353	0.000383	1.140610	
2040000	-305.672075	1	2	0	'1 1 1 1 0 0 1 0 	D	0.368265	0.368265	0.368265	0.368265	2.157083	2.157083	0.368265	2.157083	0.158555	0.155842	0.326201	0.359403	1.705871	
2041000	-305.867415	1	2	0	'1 1 1 1 0 0 1 0 	D	0.257027	0.257027	0.257027	0.257027	1.809299	1.809299	0.257027	1.809299	0.130467	0.102422	0.381484	0.385628	1.188037	
2042000	-308.865797	1	2	0	'1 1 1 1 0 0 1 0 	D	0.203481	0.203481	0.203481	0.203481	2.068649	2.068649	0.203481	2.068649	0.083429	0.058503	0.408136	0.449932	1.666071	
2043000	-305.542321	1	2	0	'1 1 1 1 0 0 1 0 	D	0.347768	0.347768	0.347768	0.347768	2.126395	2.126395	0.347768	2.126395	0.152552	0.144780	0.335631	0.367037	1.155519	
2044000	-306.502219	1	2	0	'1 1 1 1 0 0 1 0 	D	0.238486	0.238486	0.238486	0.238486	1.822486	1.822486	0.238486	1.822486	0.118409	0.089256	0.392732	0.399602	0.909105	
2045000	-305.815424	1	2	0	'1 1 1 1 0 0 1 0 	D	0.262038	0.262038	0.262038	0.262038	1.586171	1.586171	0.262038	1.586171	0.153692	0.120997	0.373486	0.351825	0.676579	
2046000	-306.245441	1	2	0	'1 1 1 1 0 0 1 0 	D	0.295813	0.295813	0.295813	0.295813	2.170411	2.170411	0.295813	2.170411	0.127137	0.110454	0.361995	0.400414	1.932564	
2047000	-305.689863	1	2	0	'1 1 1 1 0 0 1 0 	D	0.288167	0.288167	0.288167	0.288167	2.020960	2.020960	0.288167	2.020960	0.132371	0.112103	0.365336	0.390190	1.224827	
2048000	-305.259129	1	2	0	'1 1 1 1 0 0 1 0 	D	0.286378	0.286378	0.286378	0.286378	1.864923	1.864923	0.286378	1.864923	0.142492	0.119130	0.364619	0.373759	1.197863	
2049000	-305.919709	1	2	0	'1 1 1 1 0 0 1 0 	D	0.256956	0.256956	0.256956	0.256956	1.842387	1.842387	0.256956	1.842387	0.127917	0.100565	0.381802	0.389716	1.842505	
2050000	-305.827583	1	2	1	'1 1 1 1 0 0 Z 1 	D	0.503066	0.503066	0.503066	0.503066	2.042598	2.042598	0.000000	0.503066	0.461807	0.492402	0.045584	0.000207	1.701017	
2051000	-306.449142	1	2	0	'1 1 1 1 0 0 1 1 	D	0.579326	0.579326	0.579326	0.579326	2.182268	2.182268	0.579326	0.579326	0.248147	0.247042	0.381184	0.123626	1.054311	
2052000	-305.965908	1	2	1	'1 1 1 1 0 0 Z 1 	D	0.521821	0.521821	0.521821	0.521821	1.880453	1.880453	0.000000	0.521821	0.458474	0.502566	0.038780	0.000179	1.853434	
2053000	-306.061536	1	2	0	'0 0 0 0 1 1 0 0 	D	0.492461	0.492461	0.492461	0.492461	2.240311	2.240311	0.492461	0.492461	0.240639	0.210159	0.441624	0.107578	1.664202	
2054000	-305.429771	1	2	1	'0 0 0 0 1 1 Z 0 	D	0.572757	0.572757	0.572757	0.572757	2.029944	2.029944	0.000000	0.572757	0.446293	0.515576	0.037924	0.000207	1.694036	
2055000	-306.025184	1	2	0	'1 1 1 1 0 0 1 1 	D	0.438584	0.438584	0.438584	0.438584	2.037194	2.037194	0.438584	0.438584	0.243582	0.196879	0.461639	0.097900	1.029225	
2056000	-306.234019	1	2	0	'1 1 1 1 0 0 1 1 	D	0.563689	0.563689	0.563689	0.563689	1.937240	1.937240	0.563689	0.563689	0.259395	0.259538	0.360580	0.120487	1.683459	
2057000	-306.636840	1	2	0	'1 1 1 1 0 0 1 1 	D	0.582703	0.582703	0.582703	0.582703	1.832035	1.832035	0.582703	0.582703	0.265204	0.275551	0.335825	0.123420	1.046381	
2058000	-305.390776	1	2	1	'1 1 1 1 0 0 Z 1 	D	0.608554	0.608554	0.608554	0.608554	2.209297	2.209297	0.000000	0.608554	0.437919	0.522540	0.039297	0.000244	1.658830	
2059000	-309.262770	1	2	1	'1 1 1 1 0 0 Z 1 	D	0.369874	0.369874	0.369874	0.369874	2.278342	2.278342	0.000000	0.369874	0.486677	0.418370	0.094674	0.000278	1.987579	
2060000	-308.083942	1	2	1	'1 1 1 1 0 0 Z 1 	D	0.535197	0.535197	0.535197	0.535197	1.511056	1.511056	0.000000	0.535197	0.456686	0.517073	0.026129	0.000112	1.274757	
2061000	-306.232741	1	2	0	'1 1 1 1 0 0 1 1 	D	0.422357	0.422357	0.422357	0.422357	1.914064	1.914064	0.422357	0.422357	0.247969	0.196739	0.460103	0.095189	0.639312	
2062000	-305.641346	1	2	1	'1 1 1 1 0 0 Z 1 	D	0.594907	0.594907	0.594907	0.594907	2.397096	2.397096	0.000000	0.594907	0.439715	0.516321	0.043693	0.000271	1.186539	
2063000	-305.406662	1	2	1	'1 1 1 1 0 0 Z 1 	D	0.616407	0.616407	0.616407	0.616407	2.194642	2.194642	0.000000	0.616407	0.436406	0.524813	0.038538	0.000243	1.864342	
2064000	-306.244161	1	2	0	'1 1 1 1 0 0 1 1 	D	0.504150	0.504150	0.504150	0.504150	2.309976	2.309976	0.504150	0.504150	0.238798	0.211282	0.440275	0.109646	0.960494	
2065000	-305.384662	1	2	1	'1 1 1 1 0 0 Z 1 	D	0.565025	0.565025	0.565025	0.565025	2.191321	2.191321	0.000000	0.565025	0.447098	0.510544	0.042124	0.000234	0.804645	
2066000	-305.434785	1	2	1	'1 1 1 1 0 0 Z 1 	D	0.618312	0.618312	0.618312	0.618312	2.088194	2.088194	0.000000	0.618312	0.436514	0.527009	0.036252	0.000224	1.701727	
2067000	-307.294213	1	2	0	'1 1 1 1 0 0 1 1 	D	0.364684	0.364684	0.364684	0.364684	2.038475	2.038475	0.364684	0.364684	0.227173	0.154251	0.535600	0.082976	1.685856	
2068000	-305.674471	1	2	1	'1 1 1 1 0 0 Z 1 	D	0.654810	0.654810	0.654810	0.654810	2.058385	2.058385	0.000000	0.654810	0.429465	0.536422	0.033887	0.000227	1.130936	
2069000	-305.943142	1	2	0	'1 1 1 1 0 0 1 1 	D	0.486526	0.486526	0.486526	0.486526	1.860839	1.860839	0.486526	0.486526	0.259794	0.233958	0.399305	0.106943	1.040590	
2070000	-306.017490	1	2	0	'1 1 1 1 0 0 1 1 	D	0.465206	0.465206	0.465206	0.465206	1.842385	1.842385	0.465206	0.465206	0.258771	0.225212	0.412821	0.103196	1.341783	
2071000	-306.316201	1	2	1	'1 1 1 1 0 0 Z 1 	D	0.501458	0.501458	0.501458	0.501458	1.831212	1.831212	0.000000	0.501458	0.463539	0.496544	0.039747	0.000171	1.377383	
2072000	-307.105944	1	2	0	'1 1 1 1 0 0 1 1 	D	0.415568	0.415568	0.415568	0.415568	2.402827	2.402827	0.415568	0.415568	0.221759	0.165680	0.520324	0.092237	0.873645	
2073000	-311.308303	1	2	1	'1 1 1 1 1 0 Z 1 	D	0.783113	0.783113	0.783113	0.783113	0.783113	3.783418	0.000000	0.783113	0.539752	0.452789	0.007392	0.000067	1.733190	
2074000	-311.677302	1	2	1	'1 1 1 1 1 0 Z 1 	D	0.692806	0.692806	0.692806	0.692806	0.692806	2.069217	0.000000	0.692806	0.475241	0.516703	0.008001	0.000055	1.921202	
2075000	-309.573956	1	2	0	'1 1 1 1 1 0 1 1 	D	0.545696	0.545696	0.545696	0.545696	0.545696	2.602141	0.545696	0.545696	0.569937	0.259645	0.139051	0.031367	1.961990	
2076000	-310.695117	1	2	1	'1 1 1 1 1 0 Z 1 	D	0.810397	0.810397	0.810397	0.810397	0.810397	2.614679	0.000000	0.810397	0.463694	0.527834	0.008390	0.000081	1.820712	
2077000	-309.178151	1	2	0	'1 1 1 1 1 0 1 1 	D	0.616173	0.616173	0.616173	0.616173	0.616173	3.001865	0.616173	0.616173	0.548811	0.279036	0.135613	0.036540	1.260414	
2078000	-310.135607	1	2	0	'1 1 1 1 1 0 1 1 	D	0.685227	0.685227	0.685227	0.685227	0.685227	3.537179	0.685227	0.685227	0.533589	0.295521	0.130101	0.040788	1.978774	
2079000	-312.632053	1	2	0	'1 1 1 1 1 0 1 1 	D	0.858341	0.858341	0.858341	0.858341	0.858341	2.536255	0.858341	0.858341	0.375846	0.393841	0.141141	0.089172	1.696930	
2080000	-309.424922	1	2	0	'1 1 1 1 1 0 1 1 	D	0.558718	0.558718	0.558718	0.558718	0.558718	3.212046	0.558718	0.558718	0.611112	0.234652	0.128565	0.025671	1.107983	
2081000	-309.473539	1	2	0	'1 1 1 1 1 0 1 1 	D	0.536639	0.536639	0.536639	0.536639	0.536639	2.791186	0.536639	0.536639	0.596350	0.239685	0.136613	0.027353	1.827183	
2082000	-309.300728	1	2	0	'1 1 1 1 1 0 1 1 	D	0.562351	0.562351	0.562351	0.562351	0.562351	2.771345	0.562351	0.562351	0.572514	0.258736	0.137345	0.031405	1.178885	
2083000	-312.360075	1	2	0	'1 1 1 1 1 0 1 1 	D	0.521093	0.521093	0.521093	0.521093	0.521093	1.844480	0.521093	0.521093	0.487077	0.336935	0.132576	0.043412	1.779198	
2084000	-309.953039	1	2	0	'0 0 1 0 1 1 0 1 	D	0.302679	0.302679	1.212383	0.302679	1.212383	1.212383	0.302679	1.212383	0.100953	0.521796	0.179558	0.197694	1.618637	
2085000	-311.249470	1	2	0	'0 0 1 0 1 1 0 1 	D	0.485644	0.485644	1.099938	0.485644	1.099938	1.099938	0.485644	1.099938	0.169609	0.536671	0.131306	0.162413	1.783293	
2086000	-306.709278	1	2	0	'0 0 0 0 1 1 0 0 	D	0.587298	0.587298	0.587298	0.587298	2.274555	2.274555	0.587298	0.587298	0.244539	0.243919	0.386405	0.125136	1.884362	
2087000	-305.405373	1	2	1	'0 0 0 0 1 1 Z 0 	D	0.555462	0.555462	0.555462	0.555462	2.163720	2.163720	0.000000	0.555462	0.449319	0.508057	0.042396	0.000228	1.198621	
2088000	-304.222023	1	3	0	'1 1 1 1 0 2 1 1 	D	0.469477	0.469477	0.469477	0.469477	1.436940	2.811350	0.469477	0.469477	0.362836	0.192424	0.388933	0.055807	1.521336	
2089000	-306.860349	1	2	1	'1 1 1 1 0 0 Z 1 	D	0.679445	0.679445	0.679445	0.679445	2.669811	2.669811	0.000000	0.679445	0.422182	0.534048	0.043426	0.000344	1.861182	
2090000	-306.638158	1	2	0	'1 1 1 1 0 0 1 1 	D	0.412615	0.412615	0.412615	0.412615	2.242960	2.242960	0.412615	0.412615	0.228228	0.171358	0.508246	0.092168	0.925303	
2091000	-306.178736	1	2	0	'1 1 1 1 0 0 1 1 	D	0.476142	0.476142	0.476142	0.476142	2.277875	2.277875	0.476142	0.476142	0.237146	0.200881	0.457547	0.104426	1.833290	
2092000	-307.411908	1	2	0	'1 1 1 1 0 0 1 1 	D	0.360771	0.360771	0.360771	0.360771	2.055600	2.055600	0.360771	0.360771	0.225076	0.150843	0.542044	0.082037	0.493121	
2093000	-305.879772	1	2	0	'1 1 1 1 0 0 1 1 	D	0.481125	0.481125	0.481125	0.481125	1.902372	1.902372	0.481125	0.481125	0.256801	0.227960	0.409272	0.105967	0.705740	
2094000	-306.235041	1	2	0	'1 1 1 1 0 0 1 1 	D	0.558723	0.558723	0.558723	0.558723	2.174485	2.174485	0.558723	0.558723	0.247940	0.240374	0.391823	0.119863	1.024085	
2095000	-305.550057	1	2	1	'1 1 1 1 0 0 Z 1 	D	0.550335	0.550335	0.550335	0.550335	2.296661	2.296661	0.000000	0.550335	0.449645	0.504486	0.045621	0.000248	0.647580	
2096000	-307.972780	1	2	0	'1 1 1 1 0 0 1 1 	D	0.437197	0.437197	0.437197	0.437197	2.646270	2.646270	0.437197	0.437197	0.216924	0.167086	0.520185	0.095805	1.526010	
2097000	-307.613803	1	2	1	'1 1 1 1 0 0 Z 1 	D	0.643496	0.643496	0.643496	0.643496	1.591725	1.591725	0.000000	0.643496	0.432810	0.543628	0.023428	0.000134	0.806266	
2098000	-309.451209	1	2	0	'0 0 0 0 0 1 0 0 	D	0.627194	0.627194	0.627194	0.627194	0.627194	3.313824	0.627194	0.627194	0.562810	0.272362	0.130492	0.034336	1.559251	
2099000	-304.721563	1	3	1	'1 1 1 1 2 0 Z 2 	D	0.699165	0.699165	0.699165	0.699165	1.531000	2.777117	0.000000	1.531000	0.416068	0.566348	0.016971	0.000612	0.962694	
2100000	-305.683972	1	2	0	'0 0 0 0 1 1 0 1 	D	0.261794	0.261794	0.261794	0.261794	1.757566	1.757566	0.261794	1.757566	0.137433	0.108743	0.377877	0.375947	1.592315	
2101000	-305.892146	1	2	0	'0 0 0 0 1 1 0 1 	D	0.263650	0.263650	0.263650	0.263650	1.914971	1.914971	0.263650	1.914971	0.126511	0.101281	0.378331	0.393876	1.691173	
2102000	-305.164159	1	2	0	'0 0 0 0 1 1 0 1 	D	0.337141	0.337141	0.337141	0.337141	2.030202	2.030202	0.337141	2.030202	0.154521	0.143096	0.339394	0.362989	1.929198	
2103000	-305.321043	1	2	0	'0 0 0 0 1 1 0 1 	D	0.350525	0.350525	0.350525	0.350525	2.080413	2.080413	0.350525	2.080413	0.156653	0.148845	0.333486	0.361017	0.891991	
2104000	-305.211254	1	2	0	'0 0 0 0 1 1 0 1 	D	0.340717	0.340717	0.340717	0.340717	2.046399	2.046399	0.340717	2.046399	0.154919	0.144489	0.337843	0.362749	1.978237	
2105000	-306.948366	1	2	0	'0 0 0 0 1 1 0 1 	D	0.225796	0.225796	0.225796	0.225796	1.692922	1.692922	0.225796	1.692922	0.120317	0.087577	0.400240	0.391867	1.546948	
2106000	-305.079926	1	2	0	'0 0 0 0 1 1 0 1 	D	0.300992	0.300992	0.300992	0.300992	1.893519	1.893519	0.300992	1.893519	0.147794	0.127265	0.356622	0.368319	1.334831	
2107000	-305.548654	1	2	0	'0 0 0 0 1 1 0 1 	D	0.369391	0.369391	0.369391	0.369391	2.132225	2.132225	0.369391	2.132225	0.160552	0.157786	0.325210	0.356453	1.279523	
2108000	-305.619363	1	2	0	'0 0 0 0 1 1 0 1 	D	0.372155	0.372155	0.372155	0.372155	2.145794	2.145794	0.372155	2.145794	0.160703	0.158771	0.324148	0.356378	1.752904	
2109000	-305.665726	1	2	0	'0 0 0 0 1 1 0 1 	D	0.262794	0.262794	0.262794	0.262794	1.771342	1.771342	0.262794	1.771342	0.136874	0.108593	0.377461	0.377073	0.947299	
2110000	-306.894101	1	2	0	'0 0 0 0 1 1 0 1 	D	0.363078	0.363078	0.363078	0.363078	2.362161	2.362161	0.363078	2.362161	0.145044	0.143805	0.331167	0.379984	1.402756	
2111000	-305.726334	1	2	0	'0 0 0 0 1 1 0 1 	D	0.313214	0.313214	0.313214	0.313214	2.114243	2.114243	0.313214	2.114243	0.138482	0.123727	0.352886	0.384905	1.646815	
2112000	-305.245240	1	2	0	'0 0 0 0 1 1 0 1 	D	0.323157	0.323157	0.323157	0.323157	2.025994	2.025994	0.323157	2.025994	0.148688	0.134381	0.346657	0.370274	1.027885	
2113000	-305.274309	1	2	0	'0 0 0 0 1 1 0 1 	D	0.317870	0.317870	0.317870	0.317870	2.020820	2.020820	0.317870	2.020820	0.146645	0.131255	0.349384	0.372716	0.865698	
2114000	-305.015784	1	2	0	'0 0 0 0 1 1 0 1 	D	0.316536	0.316536	0.316536	0.316536	1.940944	1.940944	0.316536	1.940944	0.151725	0.134790	0.348759	0.364726	1.481624	
2115000	-305.882021	1	2	0	'0 0 0 0 1 1 0 1 	D	0.275254	0.275254	0.275254	0.275254	2.001999	2.001999	0.275254	2.001999	0.126971	0.104673	0.372240	0.396117	1.232005	
2116000	-307.332675	1	2	0	'0 0 0 0 1 1 0 1 	D	0.329977	0.329977	0.329977	0.329977	2.407528	2.407528	0.329977	2.407528	0.130047	0.122613	0.346223	0.401117	1.229969	
2117000	-305.230451	1	2	0	'0 0 0 0 1 1 0 1 	D	0.295099	0.295099	0.295099	0.295099	1.917287	1.917287	0.295099	1.917287	0.143039	0.121973	0.360386	0.374601	0.924825	
2118000	-308.436539	1	2	0	'0 0 0 0 1 1 0 1 	D	0.197381	0.197381	0.197381	0.197381	1.676677	1.676677	0.197381	1.676677	0.102267	0.069200	0.418305	0.410227	0.653353	
2119000	-304.863954	1	2	0	'1 1 1 1 0 0 1 0 	D	0.303124	0.303124	0.303124	0.303124	1.783444	1.783444	0.303124	1.783444	0.157914	0.135751	0.352813	0.353522	1.254488	
2120000	-306.191067	1	2	0	'0 0 0 0 1 1 0 1 	D	0.342944	0.342944	0.342944	0.342944	2.243695	2.243695	0.342944	2.243695	0.143629	0.136471	0.339389	0.380511	1.338371	
2121000	-308.525091	1	2	0	'0 0 0 0 1 1 0 1 	D	0.202265	0.202265	0.202265	0.202265	1.509751	1.509751	0.202265	1.509751	0.120082	0.082105	0.415088	0.382725	0.504850	
2122000	-305.852841	1	2	0	'0 0 0 0 1 1 0 1 	D	0.323658	0.323658	0.323658	0.323658	2.160358	2.160358	0.323658	2.160358	0.140355	0.128196	0.348014	0.383435	1.188512	
2123000	-310.258120	1	2	0	'1 1 1 1 1 0 1 1 	D	0.480658	0.480658	0.480658	0.480658	0.480658	3.071442	0.480658	0.480658	0.667305	0.186590	0.128630	0.017475	1.653962	
2124000	-311.290970	1	2	0	'1 1 1 1 1 0 1 1 	D	0.805745	0.805745	0.805745	0.805745	0.805745	2.774246	0.805745	0.805745	0.413824	0.369652	0.142395	0.074129	1.311976	
2125000	-312.877070	1	2	0	'0 0 0 1 1 1 0 1 	D	0.423603	0.423603	0.423603	1.390616	1.390616	1.390616	0.423603	1.390616	0.424487	0.418934	0.081729	0.074850	1.959434	
2126000	-303.781811	1	3	1	'0 0 0 0 2 1 Z 2 	D	0.649850	0.649850	0.649850	0.649850	1.468267	2.804783	0.000000	1.468267	0.427283	0.555732	0.016425	0.000560	1.730839	
2127000	-310.767786	1	2	0	'1 1 1 1 1 0 1 1 	D	0.666935	0.666935	0.666935	0.666935	0.666935	2.117698	0.666935	0.666935	0.429333	0.374509	0.133710	0.062448	0.900353	
2128000	-311.849517	1	2	1	'1 1 1 1 1 0 Z 1 	D	0.546123	0.546123	0.546123	0.546123	0.546123	3.346149	0.000000	0.546123	0.703713	0.286052	0.010193	0.000042	1.781843	
2129000	-311.881620	1	2	1	'1 1 1 1 1 0 Z 1 	D	0.616813	0.616813	0.616813	0.616813	0.616813	2.158860	0.000000	0.616813	0.525045	0.465136	0.009765	0.000053	0.969992	
2130000	-309.257199	1	2	0	'1 1 1 1 1 0 1 1 	D	0.603399	0.603399	0.603399	0.603399	0.603399	3.164855	0.603399	0.603399	0.571181	0.264182	0.132135	0.032502	1.017667	
2131000	-309.567730	1	2	0	'1 1 1 1 1 0 1 1 	D	0.547661	0.547661	0.547661	0.547661	0.547661	3.273659	0.547661	0.547661	0.624611	0.225451	0.126295	0.023643	0.940464	
2132000	-309.903201	1	2	0	'1 1 1 1 1 0 1 1 	D	0.538126	0.538126	0.538126	0.538126	0.538126	3.445542	0.538126	0.538126	0.643669	0.214640	0.120688	0.021003	0.739266	
2133000	-309.666507	1	2	0	'1 1 1 1 1 0 1 1 	D	0.522355	0.522355	0.522355	0.522355	0.522355	3.133171	0.522355	0.522355	0.636242	0.213320	0.128666	0.021771	1.785568	
2134000	-310.769081	1	2	0	'1 1 1 1 1 0 1 1 	D	0.556974	0.556974	0.556974	0.556974	0.556974	2.103309	0.556974	0.556974	0.498347	0.321820	0.136731	0.043102	1.382176	
2135000	-310.100429	1	2	0	'1 1 1 1 1 0 1 1 	D	0.570425	0.570425	0.570425	0.570425	0.570425	2.278502	0.570425	0.570425	0.511352	0.308601	0.138602	0.041444	1.110236	
2136000	-311.306418	1	2	1	'1 1 1 1 1 0 Z 1 	D	0.650736	0.650736	0.650736	0.650736	0.650736	2.232595	0.000000	0.650736	0.511500	0.479110	0.009332	0.000057	0.839188	
2137000	-309.863001	1	2	0	'1 1 1 1 1 0 1 1 	D	0.662392	0.662392	0.662392	0.662392	0.662392	2.427615	0.662392	0.662392	0.463663	0.343282	0.138550	0.054505	1.971988	
2138000	-309.864282	1	2	0	'1 1 1 1 1 0 1 1 	D	0.541967	0.541967	0.541967	0.541967	0.541967	2.450052	0.541967	0.541967	0.556158	0.270632	0.139895	0.033315	1.206832	
2139000	-310.531680	1	2	1	'1 1 1 1 1 0 Z 1 	D	0.803595	0.803595	0.803595	0.803595	0.803595	2.718235	0.000000	0.803595	0.472330	0.519096	0.008492	0.000082	1.827688	
2140000	-310.511764	1	2	1	'1 1 1 1 1 0 Z 1 	D	0.808609	0.808609	0.808609	0.808609	0.808609	2.811592	0.000000	0.808609	0.475568	0.515852	0.008496	0.000083	1.118145	
2141000	-309.405357	1	2	0	'1 1 1 1 1 0 1 1 	D	0.658885	0.658885	0.658885	0.658885	0.658885	2.749334	0.658885	0.658885	0.496297	0.316834	0.139264	0.047606	0.624617	
2142000	-310.431235	1	2	0	'1 1 1 1 1 0 1 1 	D	0.548918	0.548918	0.548918	0.548918	0.548918	2.215142	0.548918	0.548918	0.520237	0.301936	0.138683	0.039144	1.207255	
2143000	-310.809705	1	2	0	'1 1 1 1 1 0 1 1 	D	0.529365	0.529365	0.529365	0.529365	0.529365	2.160247	0.529365	0.529365	0.528892	0.295172	0.138892	0.037045	1.125056	
2144000	-309.992440	1	2	0	'1 1 1 1 1 0 1 1 	D	0.725635	0.725635	0.725635	0.725635	0.725635	3.008803	0.725635	0.725635	0.473354	0.331864	0.139772	0.055010	1.238295	
2145000	-309.749184	1	2	0	'1 1 1 1 1 0 1 1 	D	0.532897	0.532897	0.532897	0.532897	0.532897	3.314980	0.532897	0.532897	0.639765	0.214586	0.124194	0.021455	1.202024	
2146000	-309.867484	1	2	1	'0 1 1 1 0 0 Z 1 	D	1.718895	0.529198	0.529198	0.529198	1.718895	1.718895	0.000000	0.529198	0.609546	0.318262	0.071749	0.000443	1.224843	
2147000	-309.927132	1	2	1	'0 1 1 1 0 0 Z 1 	D	1.711644	0.518368	0.518368	0.518368	1.711644	1.711644	0.000000	0.518368	0.613873	0.311799	0.073887	0.000441	1.939828	
2148000	-306.934703	1	2	1	'0 0 0 0 1 1 Z 0 	D	0.492384	0.492384	0.492384	0.492384	2.582681	2.582681	0.000000	0.492384	0.460387	0.481125	0.058206	0.000282	1.422128	
2149000	-306.447543	1	2	1	'0 0 0 0 1 1 Z 0 	D	0.609505	0.609505	0.609505	0.609505	1.735041	1.735041	0.000000	0.609505	0.439581	0.531869	0.028392	0.000157	0.922489	
2150000	-307.100972	1	2	1	'0 0 0 0 1 1 Z 0 	D	0.466273	0.466273	0.466273	0.466273	1.757475	1.757475	0.000000	0.466273	0.472516	0.484768	0.042554	0.000161	1.586908	
2151000	-310.184562	1	2	0	'0 0 1 0 1 1 0 1 	D	0.408963	0.408963	1.213869	0.408963	1.213869	1.213869	0.408963	1.213869	0.132030	0.532742	0.152774	0.182454	0.994598	
2152000	-310.317547	1	2	0	'0 0 1 0 1 1 0 1 	D	0.303287	0.303287	1.042845	0.303287	1.042845	1.042845	0.303287	1.042845	0.122846	0.536473	0.166492	0.174189	1.083942	
2153000	-305.707186	1	2	1	'0 0 0 0 1 1 Z 0 	D	0.608924	0.608924	0.608924	0.608924	2.419328	2.419328	0.000000	0.608924	0.436767	0.519827	0.043128	0.000278	0.992245	
2154000	-306.907770	1	2	1	'0 0 0 0 1 1 Z 0 	D	0.489221	0.489221	0.489221	0.489221	1.728976	1.728976	0.000000	0.489221	0.467076	0.494767	0.038004	0.000153	1.173882	
2155000	-306.196039	1	2	0	'0 0 0 0 1 1 0 0 	D	0.478938	0.478938	0.478938	0.478938	2.287225	2.287225	0.478938	0.478938	0.237082	0.201639	0.456344	0.104935	0.709361	
2156000	-306.356148	1	2	1	'0 0 0 0 1 1 Z 0 	D	0.553534	0.553534	0.553534	0.553534	2.591023	2.591023	0.000000	0.553534	0.447190	0.502159	0.050361	0.000290	1.664367	
2157000	-305.382444	1	2	1	'0 0 0 0 1 1 Z 0 	D	0.608196	0.608196	0.608196	0.608196	2.192499	2.192499	0.000000	0.608196	0.438074	0.522699	0.038986	0.000241	1.676320	
2158000	-311.624107	1	2	2	'0 Z 0 0 1 1 Z 0 	D	0.680512	0.000000	0.680512	0.680512	1.839123	1.839123	0.000000	0.680512	0.193333	0.718113	0.087368	0.001186	1.521158	
2159000	-306.150057	1	2	1	'0 0 0 0 1 1 Z 0 	D	0.599104	0.599104	0.599104	0.599104	1.787235	1.787235	0.000000	0.599104	0.441636	0.527945	0.030253	0.000166	1.258129	
2160000	-305.370538	1	2	1	'0 0 0 0 1 1 Z 0 	D	0.588966	0.588966	0.588966	0.588966	2.085312	2.085312	0.000000	0.588966	0.442571	0.519214	0.037997	0.000219	1.034477	
2161000	-307.619756	1	2	0	'0 0 0 0 1 1 0 0 	D	0.452549	0.452549	0.452549	0.452549	2.607878	2.607878	0.452549	0.452549	0.220935	0.175528	0.504567	0.098969	1.027460	
2162000	-305.712898	1	2	1	'0 0 0 0 1 1 Z 0 	D	0.571454	0.571454	0.571454	0.571454	2.415208	2.415208	0.000000	0.571454	0.444458	0.509430	0.045842	0.000269	1.425121	
2163000	-308.982084	1	2	0	'1 1 1 1 0 0 1 1 	D	0.352737	0.352737	0.352737	0.352737	2.505846	2.505846	0.352737	0.352737	0.201229	0.127834	0.592389	0.078548	0.610926	
2164000	-305.957877	1	2	0	'1 1 1 1 0 0 1 1 	D	0.526512	0.526512	0.526512	0.526512	2.129915	2.129915	0.526512	0.526512	0.248427	0.231079	0.406497	0.113998	1.326433	
2165000	-306.213973	1	2	0	'1 1 1 1 0 0 1 1 	D	0.542862	0.542862	0.542862	0.542862	1.839800	1.839800	0.542862	0.542862	0.264274	0.260061	0.359008	0.116657	0.809451	
2166000	-305.987939	1	2	0	'1 1 1 1 0 0 1 1 	D	0.499688	0.499688	0.499688	0.499688	2.203408	2.203408	0.499688	0.499688	0.242995	0.215407	0.432611	0.108987	1.564584	
2167000	-306.529461	1	2	0	'1 1 1 1 0 0 1 1 	D	0.591938	0.591938	0.591938	0.591938	1.966218	1.966218	0.591938	0.591938	0.258149	0.267023	0.349321	0.125507	0.857534	
2168000	-305.385228	1	2	1	'1 1 1 1 0 0 Z 1 	D	0.580244	0.580244	0.580244	0.580244	2.232490	2.232490	0.000000	0.580244	0.443642	0.514399	0.041717	0.000242	1.341214	
2169000	-307.871575	1	2	1	'1 1 1 1 0 0 Z 1 	D	0.548096	0.548096	0.548096	0.548096	2.891527	2.891527	0.000000	0.548096	0.446591	0.498141	0.054944	0.000324	0.699202	
2170000	-306.731912	1	2	1	'1 1 1 1 0 0 Z 1 	D	0.476825	0.476825	0.476825	0.476825	1.804470	1.804470	0.000000	0.476825	0.469622	0.487763	0.042447	0.000168	1.742439	
2171000	-305.481373	1	2	1	'1 1 1 1 0 0 Z 1 	D	0.540086	0.540086	0.540086	0.540086	2.167571	2.167571	0.000000	0.540086	0.452662	0.503101	0.044009	0.000228	0.983794	
2172000	-306.487229	1	2	1	'1 1 1 1 0 0 Z 1 	D	0.696248	0.696248	0.696248	0.696248	2.520794	2.520794	0.000000	0.696248	0.419897	0.539186	0.040590	0.000326	1.328310	
2173000	-306.268155	1	2	0	'1 1 1 1 0 0 1 1 	D	0.437812	0.437812	0.437812	0.437812	2.216880	2.216880	0.437812	0.437812	0.234277	0.185817	0.482673	0.097233	1.402809	
2174000	-307.272405	1	2	1	'1 1 1 1 0 0 Z 1 	D	0.579650	0.579650	0.579650	0.579650	2.813424	2.813424	0.000000	0.579650	0.440529	0.508036	0.051110	0.000325	1.309052	
2175000	-305.970158	1	2	0	'0 0 0 0 1 1 0 0 	D	0.508084	0.508084	0.508084	0.508084	2.185997	2.185997	0.508084	0.508084	0.244521	0.220000	0.424912	0.110567	0.931833	
2176000	-307.583089	1	2	1	'0 0 0 0 1 1 Z 0 	D	0.742137	0.742137	0.742137	0.742137	2.692285	2.692285	0.000000	0.742137	0.411409	0.546491	0.041718	0.000382	1.681309	
2177000	-306.730134	1	2	1	'0 0 0 0 1 1 Z 0 	D	0.667931	0.667931	0.667931	0.667931	2.657843	2.657843	0.000000	0.667931	0.424314	0.531620	0.043729	0.000337	1.156058	
2178000	-306.322129	1	2	0	'0 0 0 0 1 1 0 0 	D	0.528559	0.528559	0.528559	0.528559	1.765103	1.765103	0.528559	0.528559	0.268308	0.261288	0.356368	0.114036	0.939142	
2179000	-306.840853	1	2	1	'0 0 0 0 1 1 Z 0 	D	0.464183	0.464183	0.464183	0.464183	2.420621	2.420621	0.000000	0.464183	0.467705	0.471022	0.061009	0.000264	1.429027	
2180000	-306.320323	1	2	1	'0 0 0 0 1 1 Z 0 	D	0.631264	0.631264	0.631264	0.631264	2.599640	2.599640	0.000000	0.631264	0.431456	0.523563	0.044667	0.000313	1.472479	
2181000	-306.371323	1	2	1	'0 0 0 0 1 1 Z 0 	D	0.611030	0.611030	0.611030	0.611030	1.750536	1.750536	0.000000	0.611030	0.439224	0.531898	0.028719	0.000160	0.862364	
2182000	-306.010879	1	2	0	'0 0 0 0 1 1 0 0 	D	0.543661	0.543661	0.543661	0.543661	2.008061	2.008061	0.543661	0.543661	0.255196	0.246417	0.381320	0.117067	1.284201	
2183000	-306.494715	1	2	0	'1 1 1 1 0 0 1 1 	D	0.588196	0.588196	0.588196	0.588196	2.135332	2.135332	0.588196	0.588196	0.250287	0.253137	0.371383	0.125193	1.908835	
2184000	-306.972852	1	2	0	'1 1 1 1 0 0 1 1 	D	0.490756	0.490756	0.490756	0.490756	2.510242	2.510242	0.490756	0.490756	0.229695	0.196076	0.467557	0.106672	1.317805	
2185000	-306.245718	1	2	0	'1 1 1 1 0 0 1 1 	D	0.542573	0.542573	0.542573	0.542573	1.825595	1.825595	0.542573	0.542573	0.265094	0.261243	0.357092	0.116571	1.617856	
2186000	-306.004947	1	2	0	'1 1 1 1 0 0 1 1 	D	0.489122	0.489122	0.489122	0.489122	1.831231	1.831231	0.489122	0.489122	0.261837	0.237746	0.393018	0.107398	1.690399	
2187000	-306.608446	1	2	1	'1 1 1 1 0 0 Z 1 	D	0.453960	0.453960	0.453960	0.453960	2.204219	2.204219	0.000000	0.453960	0.471722	0.469168	0.058872	0.000237	1.034304	
2188000	-306.288174	1	2	1	'1 1 1 1 0 0 Z 1 	D	0.721697	0.721697	0.721697	0.721697	2.245514	2.245514	0.000000	0.721697	0.416665	0.547841	0.035210	0.000285	1.350009	
2189000	-305.415422	1	2	1	'1 1 1 1 0 0 Z 1 	D	0.570927	0.570927	0.570927	0.570927	2.043862	2.043862	0.000000	0.570927	0.446618	0.514783	0.038389	0.000210	1.580275	
2190000	-306.477850	1	2	0	'1 1 1 1 0 0 1 1 	D	0.483383	0.483383	0.483383	0.483383	1.687408	1.687408	0.483383	0.483383	0.270902	0.248838	0.373940	0.106320	1.679609	
2191000	-305.496304	1	2	1	'1 1 1 1 0 0 Z 1 	D	0.570268	0.570268	0.570268	0.570268	2.309052	2.309052	0.000000	0.570268	0.445316	0.510415	0.044016	0.000253	1.379069	
2192000	-306.437167	1	2	1	'1 1 1 1 0 0 Z 1 	D	0.466210	0.466210	0.466210	0.466210	1.972672	1.972672	0.000000	0.466210	0.470887	0.479078	0.049835	0.000199	1.083167	
2193000	-308.812001	1	2	1	'1 1 1 1 0 0 Z 1 	D	0.593364	0.593364	0.593364	0.593364	1.436185	1.436185	0.000000	0.593364	0.443331	0.535623	0.020946	0.000101	1.462310	
2194000	-305.963146	1	2	0	'1 1 1 1 0 0 1 1 	D	0.513062	0.513062	0.513062	0.513062	2.173769	2.173769	0.513062	0.513062	0.245475	0.222819	0.420206	0.111499	0.804757	
2195000	-308.795170	1	2	0	'1 1 1 1 0 0 1 1 	D	0.339230	0.339230	0.339230	0.339230	2.357996	2.357996	0.339230	0.339230	0.203160	0.124574	0.596344	0.075921	0.824951	
2196000	-305.865441	1	2	1	'1 1 1 1 0 0 Z 1 	D	0.496868	0.496868	0.496868	0.496868	2.114700	2.114700	0.000000	0.496868	0.462725	0.488721	0.048335	0.000219	0.720398	
2197000	-306.531882	1	2	0	'1 1 1 1 0 0 1 1 	D	0.561193	0.561193	0.561193	0.561193	1.783252	1.783252	0.561193	0.561193	0.267938	0.272410	0.340075	0.119577	1.561054	
2198000	-305.935142	1	2	1	'0 0 0 0 1 1 Z 0 	D	0.592476	0.592476	0.592476	0.592476	1.834283	1.834283	0.000000	0.592476	0.442895	0.525109	0.031822	0.000174	1.171702	
2199000	-306.564616	1	2	1	'0 0 0 0 1 1 Z 0 	D	0.480652	0.480652	0.480652	0.480652	2.426144	2.426144	0.000000	0.480652	0.464062	0.477934	0.057741	0.000264	0.694923	
2200000	-307.106853	1	2	1	'0 0 0 0 1 1 Z 0 	D	0.474971	0.474971	0.474971	0.474971	1.728228	1.728228	0.000000	0.474971	0.470575	0.489226	0.040044	0.000155	1.738982	
2201000	-306.459809	1	2	1	'0 0 0 0 1 1 Z 0 	D	0.636533	0.636533	0.636533	0.636533	1.760561	1.760561	0.000000	0.636533	0.433974	0.537976	0.027884	0.000166	0.992980	
2202000	-309.507262	1	2	0	'0 0 0 0 0 1 0 0 	D	0.587242	0.587242	0.587242	0.587242	0.587242	2.513894	0.587242	0.587242	0.525985	0.295132	0.139296	0.039586	0.690174	
2203000	-311.522171	1	2	1	'0 0 0 0 0 1 Z 0 	D	0.842876	0.842876	0.842876	0.842876	0.842876	3.649925	0.000000	0.842876	0.501499	0.490851	0.007570	0.000080	1.685970	
2204000	-312.387039	1	2	1	'0 0 0 0 0 1 Z 0 	D	0.951067	0.951067	0.951067	0.951067	0.951067	3.107168	0.000000	0.951067	0.439266	0.552291	0.008332	0.000112	1.331024	
2205000	-307.523421	1	3	0	'2 2 0 2 0 1 0 0 	D	0.511641	0.511641	0.722906	0.511641	0.722906	2.540818	0.722906	0.722906	0.337294	0.282481	0.268157	0.112068	0.785906	
2206000	-309.339344	1	2	0	'1 1 1 1 1 0 1 1 	D	0.621366	0.621366	0.621366	0.621366	0.621366	2.637509	0.621366	0.621366	0.512715	0.305046	0.139127	0.043112	1.390063	
2207000	-310.801761	1	2	1	'1 1 1 1 1 0 Z 1 	D	0.709271	0.709271	0.709271	0.709271	0.709271	3.649277	0.000000	0.709271	0.582215	0.409788	0.007939	0.000058	1.995206	
2208000	-310.060792	1	2	1	'1 1 1 1 1 0 Z 1 	D	0.716706	0.716706	0.716706	0.716706	0.716706	2.973305	0.000000	0.716706	0.534289	0.456440	0.009200	0.000071	1.275423	
2209000	-312.258437	1	2	1	'1 1 1 1 1 0 Z 1 	D	0.943975	0.943975	0.943975	0.943975	0.943975	2.858899	0.000000	0.943975	0.432194	0.559261	0.008434	0.000110	1.887731	
2210000	-309.578545	1	2	0	'1 1 1 1 1 0 1 1 	D	0.688423	0.688423	0.688423	0.688423	0.688423	2.956721	0.688423	0.688423	0.493251	0.318668	0.138810	0.049272	0.954996	
2211000	-309.317150	1	2	0	'1 1 1 1 1 0 1 1 	D	0.595991	0.595991	0.595991	0.595991	0.595991	3.226031	0.595991	0.595991	0.581460	0.257404	0.130427	0.030709	1.824759	
2212000	-310.220377	1	2	1	'1 1 1 1 1 0 Z 1 	D	0.757582	0.757582	0.757582	0.757582	0.757582	3.145263	0.000000	0.757582	0.520868	0.470411	0.008647	0.000075	1.987909	
2213000	-310.977889	1	2	1	'1 1 1 1 1 0 Z 1 	D	0.791243	0.791243	0.791243	0.791243	0.791243	2.370331	0.000000	0.791243	0.456717	0.535068	0.008141	0.000074	0.674058	
2214000	-310.572783	1	2	0	'1 1 1 1 1 0 1 1 	D	0.751467	0.751467	0.751467	0.751467	0.751467	3.330223	0.751467	0.751467	0.478221	0.329196	0.137905	0.054678	1.631552	
2215000	-310.343703	1	2	0	'1 1 1 1 1 0 1 1 	D	0.640214	0.640214	0.640214	0.640214	0.640214	2.197251	0.640214	0.640214	0.453093	0.355459	0.135784	0.055664	0.920361	
2216000	-310.142200	1	2	1	'1 0 0 0 1 1 Z 1 	D	1.671674	0.521557	0.521557	0.521557	1.671674	1.671674	0.000000	1.671674	0.589717	0.360644	0.047082	0.002558	1.027239	
2217000	-309.946458	1	2	1	'1 0 0 0 1 1 Z 1 	D	1.647934	0.493345	0.493345	0.493345	1.647934	1.647934	0.000000	1.647934	0.604417	0.345602	0.047424	0.002557	1.450553	
2218000	-312.967891	1	2	2	'1 Z 0 0 1 1 Z 1 	D	1.555009	0.000000	0.702782	0.702782	1.555009	1.555009	0.000000	1.555009	0.368645	0.552102	0.074651	0.004602	1.333886	
2219000	-307.045005	1	2	0	'1 1 1 1 0 0 1 1 	D	0.476913	0.476913	0.476913	0.476913	1.580062	1.580062	0.476913	0.476913	0.278378	0.257533	0.359044	0.105045	0.733800	
2220000	-305.556739	1	2	1	'1 1 1 1 0 0 Z 1 	D	0.620992	0.620992	0.620992	0.620992	2.001191	2.001191	0.000000	0.620992	0.436341	0.529228	0.034222	0.000209	0.882932	
2221000	-306.369686	1	2	1	'1 1 1 1 0 0 Z 1 	D	0.728756	0.728756	0.728756	0.728756	2.220830	2.220830	0.000000	0.728756	0.415563	0.549578	0.034577	0.000283	1.625837	
2222000	-306.343917	1	2	0	'1 1 1 1 0 0 1 1 	D	0.419072	0.419072	0.419072	0.419072	2.143195	2.143195	0.419072	0.419072	0.234450	0.180071	0.491688	0.093791	0.749927	
2223000	-306.616966	1	2	0	'1 1 1 1 0 0 1 1 	D	0.572354	0.572354	0.572354	0.572354	2.302566	2.302566	0.572354	0.572354	0.243108	0.237316	0.397207	0.122369	1.858615	
2224000	-306.027622	1	2	0	'1 1 1 1 0 0 1 1 	D	0.488373	0.488373	0.488373	0.488373	2.223727	2.223727	0.488373	0.488373	0.240952	0.209319	0.442887	0.106843	0.873266	
2225000	-308.362008	1	2	0	'1 1 1 1 0 0 1 1 	D	0.331377	0.331377	0.331377	0.331377	1.902134	1.902134	0.331377	0.331377	0.225216	0.140082	0.558576	0.076125	1.024576	
2226000	-308.019251	1	2	1	'1 1 1 1 0 0 Z 1 	D	0.675721	0.675721	0.675721	0.675721	1.579560	1.579560	0.000000	0.675721	0.426519	0.551082	0.022263	0.000136	1.240527	
2227000	-309.215226	1	2	0	'1 1 1 1 1 0 1 1 	D	0.631181	0.631181	0.631181	0.631181	0.631181	2.860595	0.631181	0.631181	0.525791	0.295297	0.137875	0.041037	1.374285	
2228000	-305.999484	1	2	0	'0 0 0 0 1 1 0 0 	D	0.440873	0.440873	0.440873	0.440873	2.012525	2.012525	0.440873	0.440873	0.245318	0.199725	0.456555	0.098401	1.875232	
2229000	-305.408133	1	2	1	'0 0 0 0 1 1 Z 0 	D	0.613884	0.613884	0.613884	0.613884	2.103996	2.103996	0.000000	0.613884	0.437339	0.525601	0.036833	0.000226	0.598936	
2230000	-306.075234	1	2	0	'0 0 0 0 1 1 0 0 	D	0.519064	0.519064	0.519064	0.519064	2.225186	2.225186	0.519064	0.519064	0.243631	0.222145	0.421673	0.112551	1.442637	
2231000	-306.453585	1	2	0	'0 0 0 0 1 1 0 0 	D	0.550807	0.550807	0.550807	0.550807	1.776649	1.776649	0.550807	0.550807	0.268193	0.269095	0.344904	0.117807	1.269741	
2232000	-306.907070	1	2	0	'0 0 0 0 1 1 0 0 	D	0.400393	0.400393	0.400393	0.400393	1.744295	1.744295	0.400393	0.400393	0.255131	0.197784	0.455447	0.091638	1.384301	
2233000	-310.389923	1	2	1	'0 0 0 0 0 1 Z 0 	D	0.643706	0.643706	0.643706	0.643706	0.643706	2.737537	0.000000	0.643706	0.566456	0.423033	0.010448	0.000064	1.908831	
2234000	-310.191908	1	2	0	'0 1 1 1 0 0 1 0 	D	1.202156	0.422220	0.422220	0.422220	1.202156	1.202156	0.422220	1.202156	0.414259	0.212850	0.189483	0.183408	1.929766	
2235000	-306.489257	1	2	0	'1 1 1 1 0 0 1 1 	D	0.424483	0.424483	0.424483	0.424483	2.248342	2.248342	0.424483	0.424483	0.230366	0.177353	0.497761	0.094520	1.717884	
2236000	-307.183841	1	2	0	'1 1 1 1 0 0 1 1 	D	0.612931	0.612931	0.612931	0.612931	2.335558	2.335558	0.612931	0.612931	0.242489	0.248313	0.379278	0.129920	1.507931	
2237000	-306.057579	1	2	1	'1 1 1 1 0 0 Z 1 	D	0.680231	0.680231	0.680231	0.680231	1.970221	1.970221	0.000000	0.680231	0.424992	0.543692	0.031101	0.000216	1.067599	
2238000	-306.068619	1	2	0	'1 1 1 1 0 0 1 1 	D	0.433384	0.433384	0.433384	0.433384	1.989378	1.989378	0.433384	0.433384	0.245406	0.197358	0.460186	0.097050	1.355308	
2239000	-306.055344	1	3	0	'1 2 1 2 1 0 2 1 	D	1.260091	0.255052	1.260091	0.255052	1.260091	2.773559	0.255052	1.260091	0.227920	0.383521	0.244330	0.144228	1.392529	
2240000	-311.105610	1	2	0	'1 1 1 1 1 0 1 1 	D	0.752641	0.752641	0.752641	0.752641	0.752641	2.322576	0.752641	0.752641	0.405280	0.384026	0.137050	0.073644	1.770932	
2241000	-311.546424	1	2	1	'1 1 1 1 1 0 Z 1 	D	0.681630	0.681630	0.681630	0.681630	0.681630	3.946638	0.000000	0.681630	0.618602	0.374168	0.007183	0.000047	0.889730	
2242000	-311.687647	1	2	0	'1 0 1 0 1 1 0 1 	D	1.040285	0.352767	1.040285	0.352767	1.040285	1.040285	0.352767	1.040285	0.260939	0.456609	0.131304	0.151147	0.892748	
2243000	-311.895828	1	2	0	'1 0 1 0 1 1 0 1 	D	1.335789	0.359820	1.335789	0.359820	1.335789	1.335789	0.359820	1.335789	0.222413	0.432878	0.152256	0.192452	0.591096	
2244000	-308.001242	1	3	1	'2 0 1 0 2 2 Z 1 	D	1.711503	0.424474	0.810816	0.424474	1.711503	1.711503	0.000000	0.810816	0.489423	0.463701	0.046142	0.000734	0.656039	
2245000	-309.580807	1	2	0	'0 0 0 0 0 1 0 0 	D	0.658046	0.658046	0.658046	0.658046	0.658046	2.574645	0.658046	0.658046	0.480864	0.329054	0.139377	0.050705	1.850990	
2246000	-309.687853	1	2	0	'0 0 0 0 0 1 0 0 	D	0.585767	0.585767	0.585767	0.585767	0.585767	2.421764	0.585767	0.585767	0.516773	0.302940	0.139181	0.041105	1.222154	
2247000	-311.250415	1	2	0	'1 1 1 1 1 0 1 1 	D	0.530397	0.530397	0.530397	0.530397	0.530397	2.045695	0.530397	0.530397	0.511027	0.312062	0.137016	0.039895	1.799747	
2248000	-309.310317	1	2	0	'1 1 1 1 1 0 1 1 	D	0.650715	0.650715	0.650715	0.650715	0.650715	2.839938	0.650715	0.650715	0.509811	0.306962	0.138570	0.044657	0.748648	
2249000	-313.783274	1	2	0	'0 0 1 1 1 1 0 1 	D	0.311455	0.311455	0.925994	0.925994	0.925994	0.925994	0.311455	0.925994	0.210648	0.715711	0.037268	0.036372	1.479851	
2250000	-307.354153	1	2	0	'1 1 1 1 0 0 1 1 	D	0.362019	0.362019	0.362019	0.362019	1.960660	1.960660	0.362019	0.362019	0.231055	0.157138	0.529028	0.082778	1.556633	
2251000	-307.071256	1	2	0	'1 1 1 1 0 0 1 1 	D	0.603963	0.603963	0.603963	0.603963	1.781017	1.781017	0.603963	0.603963	0.267814	0.287624	0.317824	0.126738	1.921260	
2252000	-305.402137	1	2	1	'1 1 1 1 0 0 Z 1 	D	0.613050	0.613050	0.613050	0.613050	2.109910	2.109910	0.000000	0.613050	0.437481	0.525286	0.037005	0.000227	0.748084	
2253000	-305.780773	1	2	1	'1 1 1 1 0 0 Z 1 	D	0.504230	0.504230	0.504230	0.504230	2.102839	2.102839	0.000000	0.504230	0.461129	0.491710	0.046945	0.000217	0.577960	
2254000	-307.822151	1	2	0	'1 1 1 1 0 0 1 1 	D	0.639443	0.639443	0.639443	0.639443	1.733948	1.733948	0.639443	0.639443	0.269359	0.303438	0.294916	0.132287	1.064682	
2255000	-306.779322	1	2	0	'1 1 1 1 0 0 1 1 	D	0.419494	0.419494	0.419494	0.419494	2.326456	2.326456	0.419494	0.419494	0.225838	0.171028	0.509859	0.093275	0.841141	
2256000	-307.263999	1	2	0	'1 1 1 1 0 0 1 1 	D	0.533713	0.533713	0.533713	0.533713	1.575242	1.575242	0.533713	0.533713	0.281276	0.284011	0.320708	0.114005	0.571767	
2257000	-305.360662	1	2	1	'1 1 1 1 0 0 Z 1 	D	0.583596	0.583596	0.583596	0.583596	2.098829	2.098829	0.000000	0.583596	0.443635	0.517472	0.038672	0.000221	1.692210	
2258000	-306.273732	1	2	1	'1 1 1 1 0 0 Z 1 	D	0.699116	0.699116	0.699116	0.699116	2.425413	2.425413	0.000000	0.699116	0.419820	0.540893	0.038977	0.000310	1.212415	
2259000	-306.016384	1	2	0	'1 1 1 1 0 0 1 1 	D	0.544262	0.544262	0.544262	0.544262	2.004293	2.004293	0.544262	0.544262	0.255410	0.246934	0.380486	0.117171	1.099636	
2260000	-305.901675	1	2	0	'1 1 1 1 0 0 1 1 	D	0.455718	0.455718	0.455718	0.455718	2.042635	2.042635	0.455718	0.455718	0.245875	0.205256	0.447758	0.101111	1.505974	
2261000	-305.863498	1	2	1	'1 1 1 1 0 0 Z 1 	D	0.500207	0.500207	0.500207	0.500207	2.208108	2.208108	0.000000	0.500207	0.461302	0.488450	0.050014	0.000233	1.566731	
2262000	-311.653839	1	2	2	'1 Z 1 1 0 0 Z 1 	D	0.666294	0.000000	0.666294	0.666294	2.368112	2.368112	0.000000	0.666294	0.162306	0.736488	0.099479	0.001726	0.913344	
2263000	-306.768223	1	2	0	'1 1 1 1 0 0 1 1 	D	0.409566	0.409566	0.409566	0.409566	1.743479	1.743479	0.409566	0.409566	0.257031	0.203432	0.446176	0.093361	0.724941	
2264000	-305.396913	1	2	1	'1 1 1 1 0 0 Z 1 	D	0.605310	0.605310	0.605310	0.605310	2.230103	2.230103	0.000000	0.605310	0.438473	0.521371	0.039909	0.000247	0.942559	
2265000	-305.373542	1	2	1	'1 1 1 1 0 0 Z 1 	D	0.607023	0.607023	0.607023	0.607023	2.165840	2.165840	0.000000	0.607023	0.438443	0.522801	0.038521	0.000236	1.440841	
2266000	-306.176466	1	2	1	'1 1 1 1 0 0 Z 1 	D	0.565108	0.565108	0.565108	0.565108	1.775932	1.775932	0.000000	0.565108	0.449078	0.518737	0.032024	0.000161	1.839513	
2267000	-305.913242	1	2	0	'1 1 1 1 0 0 1 1 	D	0.452628	0.452628	0.452628	0.452628	2.008982	2.008982	0.452628	0.452628	0.247281	0.206003	0.446103	0.100613	1.562376	
2268000	-305.920792	1	2	0	'1 1 1 1 0 0 1 1 	D	0.516576	0.516576	0.516576	0.516576	1.915770	1.915770	0.516576	0.516576	0.258796	0.242750	0.386234	0.112220	1.100022	
2269000	-305.541583	1	2	1	'1 1 1 1 0 0 Z 1 	D	0.624164	0.624164	0.624164	0.624164	2.018742	2.018742	0.000000	0.624164	0.435631	0.529710	0.034447	0.000213	1.488472	
2270000	-309.823086	1	2	1	'1 1 1 1 0 0 Z 1 	D	0.460738	0.460738	0.460738	0.460738	3.001791	3.001791	0.000000	0.460738	0.464439	0.466125	0.069116	0.000320	1.615084	
2271000	-310.946453	1	2	1	'1 1 1 1 1 0 Z 1 	D	0.846467	0.846467	0.846467	0.846467	0.846467	3.202720	0.000000	0.846467	0.479762	0.511967	0.008183	0.000088	1.347025	
2272000	-309.516589	1	2	0	'1 1 1 1 1 0 1 1 	D	0.564325	0.564325	0.564325	0.564325	0.564325	2.558232	0.564325	0.564325	0.549417	0.276268	0.139291	0.035023	0.836283	
2273000	-322.780514	1	1	0	'0 0 0 0 0 0 0 0 	I	0.662729	0.662729	0.662729	0.662729	0.662729	0.662729	0.662729	0.662729	0.351079	0.487485	0.067588	0.093848	1.395067	
2274000	-306.910971	1	2	1	'1 1 1 1 0 0 Z 1 	D	0.765752	0.765752	0.765752	0.765752	2.168133	2.168133	0.000000	0.765752	0.409694	0.557239	0.032780	0.000287	0.809522	
2275000	-307.180376	1	2	0	'1 1 1 1 0 0 1 1 	D	0.570983	0.570983	0.570983	0.570983	2.479827	2.479827	0.570983	0.570983	0.236636	0.227449	0.413918	0.121997	1.838593	
2276000	-306.707100	1	2	0	'1 1 1 1 0 0 1 1 	D	0.430242	0.430242	0.430242	0.430242	1.693362	1.693362	0.430242	0.430242	0.264321	0.220306	0.418133	0.097240	1.182159	
2277000	-308.087698	1	2	0	'1 1 1 1 0 0 1 1 	D	0.677078	0.677078	0.677078	0.677078	1.883584	1.883584	0.677078	0.677078	0.259907	0.299250	0.300985	0.139858	1.405873	
2278000	-307.118541	1	2	0	'1 1 1 1 0 0 1 1 	D	0.474181	0.474181	0.474181	0.474181	1.568859	1.568859	0.474181	0.474181	0.279045	0.257487	0.358891	0.104576	1.719389	
2279000	-305.584382	1	2	1	'1 1 1 1 0 0 Z 1 	D	0.537507	0.537507	0.537507	0.537507	2.269131	2.269131	0.000000	0.537507	0.452602	0.500726	0.046429	0.000243	1.530035	
2280000	-306.319998	1	2	0	'1 1 1 1 0 0 1 1 	D	0.489757	0.489757	0.489757	0.489757	1.726675	1.726675	0.489757	0.489757	0.268676	0.247880	0.376005	0.107440	1.924556	
2281000	-308.638669	1	2	0	'1 1 1 1 0 0 1 1 	D	0.415732	0.415732	0.415732	0.415732	1.423211	1.423211	0.415732	0.415732	0.285209	0.243574	0.376182	0.095035	0.846530	
2282000	-306.440394	1	2	0	'1 1 1 1 0 0 1 1 	D	0.459322	0.459322	0.459322	0.459322	1.708989	1.708989	0.459322	0.459322	0.267061	0.234569	0.396101	0.102269	1.236671	
2283000	-305.808721	1	2	1	'1 1 1 1 0 0 Z 1 	D	0.652178	0.652178	0.652178	0.652178	1.970010	1.970010	0.000000	0.652178	0.430292	0.537385	0.032113	0.000209	0.887028	
2284000	-306.484092	1	2	1	'1 1 1 1 0 0 Z 1 	D	0.514171	0.514171	0.514171	0.514171	1.762044	1.762044	0.000000	0.514171	0.460889	0.502883	0.036069	0.000158	0.935183	
2285000	-306.978585	1	2	1	'1 1 1 1 0 0 Z 1 	D	0.653641	0.653641	0.653641	0.653641	1.692631	1.692631	0.000000	0.653641	0.430702	0.543520	0.025624	0.000155	0.638564	
2286000	-305.843085	1	2	0	'1 1 1 1 0 0 1 1 	D	0.481091	0.481091	0.481091	0.481091	2.095182	2.095182	0.481091	0.481091	0.246285	0.213906	0.434094	0.105715	0.727585	
2287000	-310.116075	1	2	0	'1 1 1 1 1 0 1 1 	D	0.490248	0.490248	0.490248	0.490248	0.490248	2.736730	0.490248	0.490248	0.632365	0.208896	0.137025	0.021715	1.230926	
2288000	-311.352257	1	2	0	'1 1 1 1 1 0 1 1 	D	0.501986	0.501986	0.501986	0.501986	0.501986	2.117258	0.501986	0.501986	0.546680	0.280060	0.139835	0.033425	1.810811	
2289000	-302.756393	1	3	1	'1 1 1 1 2 0 Z 2 	D	0.475463	0.475463	0.475463	0.475463	1.471660	3.706873	0.000000	1.471660	0.471685	0.508533	0.019006	0.000776	1.078592	
2290000	-305.645499	1	3	0	'1 2 1 2 1 0 2 1 	D	0.837055	0.488374	0.837055	0.488374	0.837055	2.453037	0.488374	0.837055	0.353000	0.401610	0.166074	0.079316	1.318238	
2291000	-312.273483	1	2	0	'0 1 0 1 0 0 1 0 	D	0.983640	0.244508	0.983640	0.244508	0.983640	0.983640	0.244508	0.983640	0.250932	0.428423	0.157397	0.163248	1.291653	
2292000	-311.538468	1	2	0	'0 1 0 1 0 0 1 0 	D	1.149793	0.239967	1.149793	0.239967	1.149793	1.149793	0.239967	1.149793	0.223153	0.410376	0.173884	0.192586	0.293325	
2293000	-305.961275	1	2	0	'1 1 1 1 0 0 1 1 	D	0.535116	0.535116	0.535116	0.535116	1.982295	1.982295	0.535116	0.535116	0.256161	0.245050	0.383258	0.115531	1.858672	
2294000	-303.761549	1	3	1	'2 2 2 2 0 0 Z 1 	D	0.562146	0.562146	0.562146	0.562146	1.990292	1.990292	0.000000	1.027810	0.433397	0.537524	0.028618	0.000461	1.646576	
2295000	-307.469566	1	2	0	'1 1 1 1 0 0 1 1 	D	0.585691	0.585691	0.585691	0.585691	1.631347	1.631347	0.585691	0.585691	0.277242	0.297324	0.302780	0.122655	0.777538	
2296000	-308.002787	1	2	0	'1 1 1 1 0 0 1 1 	D	0.674772	0.674772	0.674772	0.674772	2.242687	2.242687	0.674772	0.674772	0.244911	0.270890	0.342980	0.141219	1.682804	
2297000	-309.102138	1	2	0	'1 1 1 1 0 0 1 1 	D	0.314170	0.314170	0.314170	0.314170	2.102699	2.102699	0.314170	0.314170	0.207151	0.117968	0.604134	0.070747	1.380841	
2298000	-309.412998	1	2	0	'0 0 0 0 0 1 0 0 	D	0.565747	0.565747	0.565747	0.565747	0.565747	2.628609	0.565747	0.565747	0.555670	0.271386	0.138860	0.034085	1.149657	
2299000	-312.443419	1	2	0	'0 0 0 0 0 1 0 0 	D	0.432296	0.432296	0.432296	0.432296	0.432296	2.263340	0.432296	0.432296	0.635844	0.199493	0.144549	0.020113	1.244162	
2300000	-309.661734	1	2	0	'1 1 1 1 0 0 1 0 	D	0.299523	0.299523	0.299523	0.299523	2.658251	2.658251	0.299523	2.658251	0.107528	0.098385	0.358403	0.435684	1.821924	
2301000	-307.352488	1	3	0	'1 1 1 1 0 2 1 0 	D	0.381699	0.381699	0.381699	0.381699	1.151119	5.222627	0.381699	1.151119	0.354752	0.190578	0.371177	0.083494	1.017024	
2302000	-312.034452	1	2	1	'0 0 0 0 0 1 Z 0 	D	0.893868	0.893868	0.893868	0.893868	0.893868	3.592484	0.000000	0.893868	0.476728	0.515507	0.007673	0.000091	1.647722	
2303000	-311.848401	1	2	1	'0 0 0 0 0 1 Z 0 	D	0.881719	0.881719	0.881719	0.881719	0.881719	2.407152	0.000000	0.881719	0.430654	0.561154	0.008104	0.000089	1.196729	
2304000	-310.221861	1	2	0	'1 1 1 1 1 0 1 1 	D	0.739268	0.739268	0.739268	0.739268	0.739268	2.762264	0.739268	0.739268	0.447286	0.349976	0.140878	0.061860	1.432804	
2305000	-310.451104	1	2	1	'1 1 1 1 1 0 Z 1 	D	0.803490	0.803490	0.803490	0.803490	0.803490	3.040980	0.000000	0.803490	0.490736	0.500722	0.008460	0.000082	1.408028	
2306000	-305.991029	1	2	0	'1 1 1 1 0 0 1 0 	D	0.285824	0.285824	0.285824	0.285824	2.082668	2.082668	0.285824	2.082668	0.127361	0.107826	0.366879	0.397934	1.195426	
2307000	-307.006418	1	2	0	'1 1 1 1 0 0 1 0 	D	0.225016	0.225016	0.225016	0.225016	1.786287	1.786287	0.225016	1.786287	0.112644	0.082121	0.400814	0.404421	1.702341	
2308000	-302.168152	1	3	0	'1 1 1 1 0 2 1 0 	D	0.368721	0.368721	0.368721	0.368721	1.024492	3.354034	0.368721	1.024492	0.341785	0.205596	0.357871	0.094747	1.770257	
2309000	-305.182630	1	2	0	'1 1 1 1 0 0 1 0 	D	0.333283	0.333283	0.333283	0.333283	2.029201	2.029201	0.333283	2.029201	0.152932	0.140691	0.341387	0.364990	1.249837	
2310000	-305.851235	1	2	0	'1 1 1 1 0 0 1 0 	D	0.345606	0.345606	0.345606	0.345606	2.185242	2.185242	0.345606	2.185242	0.148068	0.140653	0.337494	0.373786	0.799253	
2311000	-305.646713	1	2	0	'1 1 1 1 0 0 1 0 	D	0.264842	0.264842	0.264842	0.264842	1.637543	1.637543	0.264842	1.637543	0.150183	0.119087	0.373195	0.357534	1.394370	
2312000	-305.978167	1	2	0	'1 1 1 1 0 0 1 0 	D	0.271740	0.271740	0.271740	0.271740	2.006017	2.006017	0.271740	2.006017	0.124869	0.102232	0.374163	0.398735	1.726439	
2313000	-304.989885	1	2	0	'1 1 1 1 0 0 1 0 	D	0.293425	0.293425	0.293425	0.293425	1.753347	1.753347	0.293425	1.753347	0.155535	0.131111	0.357923	0.355431	1.671604	
2314000	-305.947760	1	2	0	'1 1 1 1 0 0 1 0 	D	0.263630	0.263630	0.263630	0.263630	1.934811	1.934811	0.263630	1.934811	0.125147	0.100301	0.378428	0.396125	0.930259	
2315000	-305.442789	1	2	0	'1 1 1 1 0 0 1 0 	D	0.271471	0.271471	0.271471	0.271471	1.768845	1.768845	0.271471	1.768845	0.142086	0.114765	0.371995	0.371153	1.538409	
2316000	-305.224404	1	2	0	'1 1 1 1 0 0 1 0 	D	0.317699	0.317699	0.317699	0.317699	2.007116	2.007116	0.317699	2.007116	0.147509	0.131868	0.349270	0.371352	1.555298	
2317000	-306.469122	1	2	0	'1 1 1 1 0 0 1 0 	D	0.243166	0.243166	0.243166	0.243166	1.893175	1.893175	0.243166	1.893175	0.116308	0.088931	0.389988	0.404773	0.857853	
2318000	-307.089394	1	2	0	'1 1 1 1 0 0 1 0 	D	0.382019	0.382019	0.382019	0.382019	2.387165	2.387165	0.382019	2.387165	0.150482	0.153929	0.323089	0.372501	1.447294	
2319000	-306.846565	1	2	0	'1 1 1 1 0 0 1 0 	D	0.306778	0.306778	0.306778	0.306778	2.300579	2.300579	0.306778	2.300579	0.125330	0.112330	0.356807	0.405533	1.856383	
2320000	-305.173335	1	2	0	'1 1 1 1 0 0 1 0 	D	0.307699	0.307699	0.307699	0.307699	1.959463	1.959463	0.307699	1.959463	0.146176	0.127944	0.353970	0.371910	0.627238	
2321000	-306.479479	1	2	0	'1 1 1 1 0 0 1 0 	D	0.344598	0.344598	0.344598	0.344598	2.292345	2.292345	0.344598	2.292345	0.141635	0.135492	0.339020	0.383853	1.630266	
2322000	-305.083339	1	2	0	'1 1 1 1 0 0 1 0 	D	0.304771	0.304771	0.304771	0.304771	1.915633	1.915633	0.304771	1.915633	0.147982	0.128489	0.354871	0.368659	1.917468	
2323000	-306.188593	1	2	0	'1 1 1 1 0 0 1 0 	D	0.281355	0.281355	0.281355	0.281355	2.106381	2.106381	0.281355	2.106381	0.123742	0.104018	0.369246	0.402994	1.519241	
2324000	-305.434955	1	2	0	'1 1 1 1 0 0 1 0 	D	0.293589	0.293589	0.293589	0.293589	1.976599	1.976599	0.293589	1.976599	0.138048	0.117802	0.361991	0.382159	0.532951	
2325000	-305.824818	1	2	0	'1 1 1 1 0 0 1 0 	D	0.262597	0.262597	0.262597	0.262597	1.875351	1.875351	0.262597	1.875351	0.128723	0.102598	0.378705	0.389975	1.805842	
2326000	-307.739270	1	2	0	'1 1 1 1 0 0 1 0 	D	0.226779	0.226779	0.226779	0.226779	1.416675	1.416675	0.226779	1.416675	0.148899	0.108205	0.393682	0.349214	0.623940	
2327000	-307.304754	1	2	0	'1 1 1 1 0 0 1 0 	D	0.239686	0.239686	0.239686	0.239686	2.093596	2.093596	0.239686	2.093596	0.102588	0.078814	0.390502	0.428095	0.713360	
2328000	-306.210774	1	2	0	'0 0 0 0 1 1 0 1 	D	0.355004	0.355004	0.355004	0.355004	2.253218	2.253218	0.355004	2.253218	0.147835	0.143374	0.333809	0.374983	0.678315	
2329000	-304.968390	1	2	0	'0 0 0 0 1 1 0 1 	D	0.327793	0.327793	0.327793	0.327793	1.958038	1.958038	0.327793	1.958038	0.155610	0.141157	0.342936	0.360298	0.831172	
2330000	-306.327222	1	2	0	'0 0 0 0 1 1 0 1 	D	0.269230	0.269230	0.269230	0.269230	2.076821	2.076821	0.269230	2.076821	0.119277	0.097618	0.375537	0.407568	0.881796	
2331000	-301.235193	1	3	0	'0 0 0 0 2 1 0 2 	D	0.429827	0.429827	0.429827	0.429827	1.308978	2.741882	0.429827	1.308978	0.282534	0.234718	0.328880	0.153868	1.660246	
2332000	-305.791744	1	2	0	'1 1 1 1 0 0 1 0 	D	0.270096	0.270096	0.270096	0.270096	1.937945	1.937945	0.270096	1.937945	0.128464	0.104376	0.374794	0.392366	1.349580	
2333000	-305.145121	1	3	1	'1 1 1 1 2 0 Z 2 	D	0.535945	0.535945	0.535945	0.535945	1.308690	1.893546	0.000000	1.308690	0.445323	0.539751	0.014570	0.000355	1.011814	
2334000	-309.250033	1	2	0	'1 1 1 1 1 0 1 1 	D	0.623254	0.623254	0.623254	0.623254	0.623254	3.120651	0.623254	0.623254	0.552393	0.277536	0.133992	0.036079	1.530323	
2335000	-310.195140	1	2	1	'1 1 1 1 1 0 Z 1 	D	0.704288	0.704288	0.704288	0.704288	0.704288	2.678040	0.000000	0.704288	0.519482	0.471054	0.009395	0.000070	1.120974	
2336000	-311.609262	1	2	0	'1 1 1 1 1 0 1 1 	D	0.477047	0.477047	0.477047	0.477047	0.477047	2.171954	0.477047	0.477047	0.578613	0.251295	0.141848	0.028244	1.255454	
2337000	-310.187145	1	2	0	'0 1 1 1 0 0 1 0 	D	1.647630	0.291559	0.291559	0.291559	1.647630	1.647630	0.291559	1.647630	0.300215	0.086443	0.280802	0.332540	0.555023	
2338000	-309.773830	1	2	0	'0 1 1 1 0 0 1 0 	D	1.534278	0.282861	0.282861	0.282861	1.534278	1.534278	0.282861	1.534278	0.321815	0.089450	0.276364	0.312371	1.969763	
2339000	-312.579122	1	2	0	'0 1 1 1 0 0 1 0 	D	1.923969	0.420007	0.420007	0.420007	1.923969	1.923969	0.420007	1.923969	0.289325	0.135052	0.254823	0.320800	0.519238	
2340000	-309.372823	1	2	0	'0 1 1 1 0 0 1 0 	D	1.446442	0.375776	0.375776	0.375776	1.446442	1.446442	0.375776	1.446442	0.370775	0.152607	0.230740	0.245878	1.459133	
2341000	-307.507253	1	2	0	'0 0 0 0 1 1 0 0 	D	0.608605	0.608605	0.608605	0.608605	2.456017	2.456017	0.608605	0.608605	0.238285	0.240464	0.392124	0.129127	1.760090	
2342000	-306.178357	1	2	0	'0 0 0 0 1 1 0 0 	D	0.423511	0.423511	0.423511	0.423511	2.023773	2.023773	0.423511	0.423511	0.241705	0.189711	0.473531	0.095053	1.887353	
2343000	-306.747002	1	2	0	'0 0 0 0 1 1 0 0 	D	0.418170	0.418170	0.418170	0.418170	1.717087	1.717087	0.418170	0.418170	0.260556	0.211007	0.433412	0.095024	1.585297	
2344000	-307.485760	1	2	1	'0 0 0 0 1 1 Z 0 	D	0.567400	0.567400	0.567400	0.567400	1.570260	1.570260	0.000000	0.567400	0.449092	0.524794	0.025990	0.000123	0.937375	
2345000	-307.921915	1	2	1	'0 0 0 0 1 1 Z 0 	D	0.503714	0.503714	0.503714	0.503714	1.554393	1.554393	0.000000	0.503714	0.464271	0.505442	0.030166	0.000120	1.003231	
2346000	-311.786325	1	2	0	'0 0 0 0 0 1 0 0 	D	0.630664	0.630664	0.630664	0.630664	0.630664	1.847803	0.630664	0.630664	0.420163	0.389990	0.127308	0.062538	0.490159	
2347000	-309.783374	1	2	0	'1 1 1 1 1 0 1 1 	D	0.506821	0.506821	0.506821	0.506821	0.506821	2.939341	0.506821	0.506821	0.634965	0.210388	0.132957	0.021691	1.326997	
2348000	-312.672126	1	2	1	'1 1 1 1 1 0 Z 1 	D	0.617566	0.617566	0.617566	0.617566	0.617566	1.967082	0.000000	0.617566	0.503293	0.487999	0.008661	0.000047	1.459743	
2349000	-309.273006	1	2	0	'1 1 1 1 1 0 1 1 	D	0.559041	0.559041	0.559041	0.559041	0.559041	2.925824	0.559041	0.559041	0.588947	0.247344	0.134829	0.028880	1.582453	
2350000	-310.131193	1	2	1	'1 1 1 1 1 0 Z 1 	D	0.751084	0.751084	0.751084	0.751084	0.751084	2.937084	0.000000	0.751084	0.511294	0.479755	0.008875	0.000076	1.501927	
2351000	-301.166606	1	3	0	'1 1 1 1 2 0 1 2 	D	0.395188	0.395188	0.395188	0.395188	1.266692	2.624060	0.395188	1.266692	0.277279	0.220228	0.345739	0.156754	1.937561	
2352000	-305.871921	1	2	0	'0 0 0 0 1 1 0 1 	D	0.255672	0.255672	0.255672	0.255672	1.667702	1.667702	0.255672	1.667702	0.141670	0.110277	0.380168	0.367885	1.452961	
2353000	-304.963156	1	2	0	'0 0 0 0 1 1 0 1 	D	0.320408	0.320408	0.320408	0.320408	1.935875	1.935875	0.320408	1.935875	0.153906	0.137631	0.346516	0.361947	0.418963	
2354000	-302.714298	1	3	1	'0 0 0 0 2 1 Z 2 	D	0.504365	0.504365	0.504365	0.504365	1.460455	2.596222	0.000000	1.460455	0.453700	0.527530	0.018131	0.000640	0.938968	
2355000	-303.706123	1	3	1	'0 0 0 0 2 1 Z 2 	D	0.539357	0.539357	0.539357	0.539357	1.456586	2.266310	0.000000	1.456586	0.442704	0.539448	0.017288	0.000560	1.108287	
2356000	-304.575503	1	3	1	'2 0 0 0 2 1 Z 2 	D	1.043088	0.305221	0.305221	0.305221	1.043088	2.713141	0.000000	1.043088	0.728312	0.232195	0.038554	0.000939	1.157587	
2357000	-309.168926	1	2	0	'1 1 1 1 1 0 1 1 	D	0.614478	0.614478	0.614478	0.614478	0.614478	2.879204	0.614478	0.614478	0.540051	0.284726	0.137208	0.038016	1.401306	
2358000	-309.270132	1	2	0	'1 1 1 1 1 0 1 1 	D	0.606648	0.606648	0.606648	0.606648	0.606648	3.178718	0.606648	0.606648	0.569596	0.265548	0.132033	0.032823	1.687822	
2359000	-309.408177	1	2	0	'1 1 1 1 1 0 1 1 	D	0.659645	0.659645	0.659645	0.659645	0.659645	3.112678	0.659645	0.659645	0.524686	0.297392	0.135888	0.042033	0.878778	
2360000	-310.722030	1	2	0	'1 1 1 1 1 0 1 1 	D	0.457195	0.457195	0.457195	0.457195	0.457195	2.932686	0.457195	0.457195	0.677104	0.174862	0.131974	0.016060	1.730436	
2361000	-309.536591	1	2	0	'1 1 1 1 1 0 1 1 	D	0.536680	0.536680	0.536680	0.536680	0.536680	3.155034	0.536680	0.536680	0.625632	0.222204	0.128807	0.023358	1.125013	
2362000	-312.184266	1	2	0	'1 0 1 0 1 1 0 1 	D	0.968355	0.349720	0.968355	0.349720	0.968355	0.968355	0.349720	0.968355	0.272591	0.460629	0.125699	0.141080	0.230434	
2363000	-316.382365	1	2	1	'1 Z 1 0 1 1 0 1 	D	1.274833	0.000000	1.274833	0.315767	1.274833	1.274833	0.315767	1.274833	0.057157	0.193330	0.264587	0.484927	0.380500	
2364000	-307.922718	1	2	1	'1 1 1 1 0 0 Z 1 	D	0.520310	0.520310	0.520310	0.520310	1.538378	1.538378	0.000000	0.520310	0.460233	0.511512	0.028139	0.000117	0.879139	
2365000	-307.209867	1	2	0	'1 1 1 1 0 0 1 1 	D	0.628187	0.628187	0.628187	0.628187	2.249984	2.249984	0.628187	0.628187	0.245616	0.257933	0.363791	0.132660	0.851588	
2366000	-307.235417	1	2	0	'1 1 1 1 0 0 1 1 	D	0.371141	0.371141	0.371141	0.371141	2.135379	2.135379	0.371141	0.371141	0.223614	0.153093	0.539344	0.083950	1.694443	
2367000	-305.669251	1	2	1	'0 0 0 0 1 1 Z 0 	D	0.568811	0.568811	0.568811	0.568811	2.394276	2.394276	0.000000	0.568811	0.445133	0.508898	0.045703	0.000266	1.359241	
2368000	-306.328447	1	2	0	'0 0 0 0 1 1 0 0 	D	0.566217	0.566217	0.566217	0.566217	2.191258	2.191258	0.566217	0.566217	0.247455	0.241956	0.389353	0.121236	0.888856	
2369000	-308.902290	1	2	1	'0 0 0 0 1 1 Z 0 	D	0.571143	0.571143	0.571143	0.571143	1.424601	1.424601	0.000000	0.571143	0.448306	0.530107	0.021490	0.000097	1.671356	
2370000	-305.925181	1	2	1	'0 0 0 0 1 1 Z 0 	D	0.643706	0.643706	0.643706	0.643706	2.458248	2.458248	0.000000	0.643706	0.429787	0.528116	0.041802	0.000295	1.159726	
2371000	-307.373606	1	2	0	'0 0 0 0 1 1 0 0 	D	0.626290	0.626290	0.626290	0.626290	1.795655	1.795655	0.626290	0.626290	0.266429	0.293250	0.309738	0.130583	0.614205	
2372000	-307.977424	1	2	1	'0 0 0 0 1 1 Z 0 	D	0.733861	0.733861	0.733861	0.733861	1.687951	1.687951	0.000000	0.733861	0.415990	0.560236	0.023604	0.000169	1.376444	
2373000	-311.170603	1	2	1	'0 0 0 0 1 1 Z 0 	D	0.711448	0.711448	0.711448	0.711448	1.334001	1.334001	0.000000	0.711448	0.419517	0.564583	0.015806	0.000094	1.655735	
2374000	-305.972340	1	2	1	'1 1 1 1 0 0 Z 1 	D	0.577437	0.577437	0.577437	0.577437	2.510112	2.510112	0.000000	0.577437	0.442672	0.510116	0.046928	0.000284	1.413334	
2375000	-306.578484	1	2	1	'1 1 1 1 0 0 Z 1 	D	0.505546	0.505546	0.505546	0.505546	1.758738	1.758738	0.000000	0.505546	0.462965	0.499936	0.036941	0.000158	0.752867	
2376000	-305.998775	1	2	0	'1 1 1 1 0 0 1 1 	D	0.452153	0.452153	0.452153	0.452153	2.130076	2.130076	0.452153	0.452153	0.240813	0.197923	0.461036	0.100228	0.635106	
2377000	-306.285895	1	2	0	'1 1 1 1 0 0 1 1 	D	0.526411	0.526411	0.526411	0.526411	1.772272	1.772272	0.526411	0.526411	0.267778	0.259696	0.358832	0.113694	0.622882	
2378000	-306.862350	1	2	0	'1 1 1 1 0 0 1 1 	D	0.435610	0.435610	0.435610	0.435610	2.405729	2.405729	0.435610	0.435610	0.225575	0.175625	0.502565	0.096235	1.210550	
2379000	-306.250992	1	2	0	'1 1 1 1 0 0 1 1 	D	0.552083	0.552083	0.552083	0.552083	2.217627	2.217627	0.552083	0.552083	0.245836	0.235250	0.400270	0.118644	1.331132	
2380000	-307.546785	1	2	1	'1 1 1 1 0 0 Z 1 	D	0.712796	0.712796	0.712796	0.712796	1.707768	1.707768	0.000000	0.712796	0.419646	0.555734	0.024451	0.000169	1.853563	
2381000	-306.628539	1	2	0	'1 1 1 1 0 0 1 1 	D	0.506908	0.506908	0.506908	0.506908	1.663167	1.663167	0.506908	0.506908	0.274127	0.262387	0.353341	0.110145	1.216920	
2382000	-307.705293	1	2	0	'1 1 1 1 0 0 1 1 	D	0.349822	0.349822	0.349822	0.349822	1.963448	1.963448	0.349822	0.349822	0.227275	0.148982	0.543688	0.080055	1.584110	
2383000	-307.164645	1	2	1	'0 0 0 0 1 1 Z 0 	D	0.781969	0.781969	0.781969	0.781969	2.220047	2.220047	0.000000	0.781969	0.406984	0.559306	0.033404	0.000306	0.645052	
2384000	-307.264667	1	2	0	'1 1 1 1 0 0 1 1 	D	0.642078	0.642078	0.642078	0.642078	2.003375	2.003375	0.642078	0.642078	0.255636	0.279472	0.330421	0.134471	0.871796	
2385000	-305.915989	1	2	1	'1 1 1 1 0 0 Z 1 	D	0.526432	0.526432	0.526432	0.526432	2.395925	2.395925	0.000000	0.526432	0.454212	0.495368	0.050159	0.000261	1.368448	
2386000	-306.282460	1	2	0	'1 1 1 1 0 0 1 1 	D	0.525354	0.525354	0.525354	0.525354	1.771418	1.771418	0.525354	0.525354	0.267789	0.259336	0.359361	0.113514	1.395915	
2387000	-305.863080	1	2	0	'1 1 1 1 0 0 1 1 	D	0.464351	0.464351	0.464351	0.464351	1.967376	1.967376	0.464351	0.464351	0.251175	0.214829	0.431136	0.102859	0.978472	
2388000	-308.731589	1	2	1	'1 1 1 1 0 0 Z 1 	D	0.413620	0.413620	0.413620	0.413620	2.591430	2.591430	0.000000	0.413620	0.476704	0.444720	0.078285	0.000292	1.544505	
2389000	-307.696978	1	2	0	'1 1 1 1 0 0 1 1 	D	0.612275	0.612275	0.612275	0.612275	1.661066	1.661066	0.612275	0.612275	0.274654	0.302918	0.295240	0.127188	1.500688	
2390000	-305.558726	1	2	1	'1 1 1 1 0 0 Z 1 	D	0.573494	0.573494	0.573494	0.573494	2.348376	2.348376	0.000000	0.573494	0.444413	0.510851	0.044476	0.000260	1.169036	
2391000	-311.822608	1	2	0	'1 1 1 1 1 0 1 1 	D	0.482697	0.482697	0.482697	0.482697	0.482697	2.088856	0.482697	0.482697	0.560259	0.268138	0.140719	0.030884	1.392642	
2392000	-309.855656	1	2	0	'1 1 1 1 1 0 1 1 	D	0.534902	0.534902	0.534902	0.534902	0.534902	3.399416	0.534902	0.534902	0.643496	0.213670	0.121840	0.020995	1.337704	
2393000	-311.234532	1	2	0	'1 1 1 1 1 0 1 1 	D	0.740376	0.740376	0.740376	0.740376	0.740376	2.213828	0.740376	0.740376	0.401957	0.389166	0.135027	0.073849	1.308712	
2394000	-309.431588	1	2	0	'1 1 1 1 1 0 1 1 	D	0.599820	0.599820	0.599820	0.599820	0.599820	2.551654	0.599820	0.599820	0.520249	0.299522	0.139220	0.041009	1.710331	
2395000	-310.161292	1	2	1	'1 1 1 1 1 0 Z 1 	D	0.671015	0.671015	0.671015	0.671015	0.671015	2.853496	0.000000	0.671015	0.556161	0.433863	0.009909	0.000067	1.549183	
2396000	-309.778533	1	2	0	'1 1 1 1 1 0 1 1 	D	0.550214	0.550214	0.550214	0.550214	0.550214	3.430622	0.550214	0.550214	0.632651	0.222716	0.122054	0.022578	1.043704	
2397000	-309.730309	1	2	0	'1 1 1 1 1 0 1 1 	D	0.567992	0.567992	0.567992	0.567992	0.567992	3.464042	0.567992	0.567992	0.619964	0.233037	0.122481	0.024517	1.286619	
2398000	-309.391520	1	2	0	'1 1 1 1 1 0 1 1 	D	0.650971	0.650971	0.650971	0.650971	0.650971	2.704849	0.650971	0.650971	0.497807	0.315899	0.139279	0.047015	1.354194	
2399000	-309.297528	1	2	0	'1 1 1 1 1 0 1 1 	D	0.561624	0.561624	0.561624	0.561624	0.561624	3.068930	0.561624	0.561624	0.598213	0.242151	0.132062	0.027574	1.732009	
2400000	-309.157712	1	2	0	'1 1 1 1 1 0 1 1 	D	0.595993	0.595993	0.595993	0.595993	0.595993	2.902298	0.595993	0.595993	0.556551	0.272342	0.136362	0.034745	0.800892	
2401000	-309.234796	1	2	0	'1 1 1 1 1 0 1 1 	D	0.628784	0.628784	0.628784	0.628784	0.628784	3.068284	0.628784	0.628784	0.544255	0.282985	0.135122	0.037639	0.981419	
2402000	-310.149314	1	2	1	'1 1 1 1 1 0 Z 1 	D	0.673863	0.673863	0.673863	0.673863	0.673863	3.056727	0.000000	0.673863	0.570301	0.420008	0.009626	0.000065	1.108609	
2403000	-312.134948	1	2	1	'1 1 1 1 1 0 Z 1 	D	0.816944	0.816944	0.816944	0.816944	0.816944	2.066816	0.000000	0.816944	0.432608	0.559891	0.007434	0.000067	1.624527	
2404000	-312.672451	1	2	0	'1 1 1 1 1 0 1 1 	D	0.398583	0.398583	0.398583	0.398583	0.398583	2.701053	0.398583	0.398583	0.708047	0.141370	0.138527	0.012057	1.788060	
2405000	-310.827137	1	2	0	'1 1 1 1 1 0 1 1 	D	0.454605	0.454605	0.454605	0.454605	0.454605	2.784490	0.454605	0.454605	0.667908	0.179285	0.135813	0.016994	1.536864	
2406000	-310.139670	1	2	0	'1 1 1 1 1 0 1 1 	D	0.666135	0.666135	0.666135	0.666135	0.666135	2.319229	0.666135	0.666135	0.450425	0.354688	0.137314	0.057573	1.645366	
2407000	-309.234563	1	2	0	'1 1 1 1 1 0 1 1 	D	0.575242	0.575242	0.575242	0.575242	0.575242	2.789317	0.575242	0.575242	0.563432	0.266096	0.137348	0.033124	1.077516	
2408000	-307.402660	1	3	0	'2 2 1 2 1 0 2 1 	D	0.601895	0.601895	0.984091	0.601895	0.984091	2.255310	0.601895	0.984091	0.252118	0.465048	0.169526	0.113308	1.338357	
2409000	-305.350262	1	2	1	'1 1 1 1 0 0 Z 1 	D	0.584546	0.584546	0.584546	0.584546	2.174157	2.174157	0.000000	0.584546	0.443049	0.516511	0.040207	0.000234	1.330460	
2410000	-307.057585	1	2	1	'1 1 1 1 0 0 Z 1 	D	0.665805	0.665805	0.665805	0.665805	1.697877	1.697877	0.000000	0.665805	0.428334	0.546127	0.025381	0.000158	1.075808	
2411000	-306.359016	1	2	0	'1 1 1 1 0 0 1 1 	D	0.438262	0.438262	0.438262	0.438262	1.770238	1.770238	0.438262	0.438262	0.260009	0.217460	0.424019	0.098512	1.922793	
2412000	-305.845625	1	2	1	'1 1 1 1 0 0 Z 1 	D	0.679009	0.679009	0.679009	0.679009	2.092614	2.092614	0.000000	0.679009	0.424798	0.541302	0.033660	0.000240	1.751050	
2413000	-307.958407	1	2	0	'1 1 1 1 0 0 1 1 	D	0.511707	0.511707	0.511707	0.511707	1.463604	1.463604	0.511707	0.511707	0.289486	0.288681	0.312029	0.109804	1.316259	
2414000	-311.361174	1	2	0	'0 0 0 0 0 1 0 0 	D	0.472334	0.472334	0.472334	0.472334	0.472334	2.272904	0.472334	0.472334	0.597644	0.234322	0.142385	0.025649	1.457835	
2415000	-309.336607	1	2	0	'0 0 0 0 0 1 0 0 	D	0.596583	0.596583	0.596583	0.596583	0.596583	2.622016	0.596583	0.596583	0.530041	0.291729	0.139022	0.039208	1.356459	
2416000	-310.098753	1	2	1	'0 0 0 0 0 1 Z 0 	D	0.715370	0.715370	0.715370	0.715370	0.715370	2.799292	0.000000	0.715370	0.522260	0.468380	0.009288	0.000071	1.354768	
2417000	-309.501696	1	2	0	'0 0 0 0 0 1 0 0 	D	0.570996	0.570996	0.570996	0.570996	0.570996	3.327541	0.570996	0.570996	0.608770	0.238659	0.126397	0.026173	1.261883	
2418000	-310.438889	1	2	0	'0 0 0 0 0 1 0 0 	D	0.479433	0.479433	0.479433	0.479433	0.479433	3.249491	0.479433	0.479433	0.680263	0.180605	0.123090	0.016042	1.784985	
2419000	-310.520084	1	2	0	'0 0 0 0 0 1 0 0 	D	0.503991	0.503991	0.503991	0.503991	0.503991	2.362112	0.503991	0.503991	0.579360	0.250739	0.141001	0.028899	1.443596	
2420000	-310.152807	1	2	0	'0 0 0 0 0 1 0 0 	D	0.593562	0.593562	0.593562	0.593562	0.593562	2.236950	0.593562	0.593562	0.488722	0.327397	0.137485	0.046395	0.680430	
2421000	-310.079577	1	2	1	'0 1 1 1 0 0 Z 0 	D	1.374842	0.517809	0.517809	0.517809	1.374842	1.374842	0.000000	1.374842	0.594051	0.376181	0.028914	0.000853	0.669595	
2422000	-305.387383	1	2	1	'1 1 1 1 0 0 Z 1 	D	0.560169	0.560169	0.560169	0.560169	2.156271	2.156271	0.000000	0.560169	0.448341	0.509625	0.041806	0.000227	1.080104	
2423000	-307.773002	1	2	0	'1 1 1 1 0 0 1 1 	D	0.643481	0.643481	0.643481	0.643481	2.381717	2.381717	0.643481	0.643481	0.240711	0.254342	0.369282	0.135665	1.547985	
2424000	-306.152012	1	2	0	'0 0 0 0 1 1 0 0 	D	0.425705	0.425705	0.425705	0.425705	2.021492	2.021492	0.425705	0.425705	0.242235	0.191054	0.471227	0.095484	0.676333	
2425000	-305.953182	1	2	0	'0 0 0 0 1 1 0 0 	D	0.535407	0.535407	0.535407	0.535407	2.010454	2.010454	0.535407	0.535407	0.254725	0.243017	0.386657	0.115601	1.130819	
2426000	-306.375294	1	2	0	'0 0 0 0 1 1 0 0 	D	0.409203	0.409203	0.409203	0.409203	1.961033	1.961033	0.409203	0.409203	0.242564	0.185908	0.479038	0.092489	0.642557	
2427000	-305.492203	1	2	1	'0 0 0 0 1 1 Z 0 	D	0.622707	0.622707	0.622707	0.622707	2.278899	2.278899	0.000000	0.622707	0.434741	0.525205	0.039795	0.000259	1.037175	
2428000	-306.211396	1	2	1	'0 0 0 0 1 1 Z 0 	D	0.699087	0.699087	0.699087	0.699087	2.394787	2.394787	0.000000	0.699087	0.419959	0.541263	0.038474	0.000305	0.880747	
2429000	-305.579038	1	2	1	'0 0 0 0 1 1 Z 0 	D	0.651023	0.651023	0.651023	0.651023	2.177422	2.177422	0.000000	0.651023	0.429703	0.533609	0.036440	0.000248	1.987795	
2430000	-306.608815	1	2	1	'0 0 0 0 1 1 Z 0 	D	0.523935	0.523935	0.523935	0.523935	2.597490	2.597490	0.000000	0.523935	0.453457	0.492457	0.053799	0.000286	0.884916	
2431000	-311.871644	1	2	0	'0 1 0 1 0 0 1 0 	D	1.099572	0.403514	1.099572	0.403514	1.099572	1.099572	0.403514	1.099572	0.257084	0.461146	0.127178	0.154591	0.741392	
2432000	-324.736425	1	1	1	'0 Z 0 0 0 0 0 0 	D	0.760893	0.000000	0.760893	0.760893	0.760893	0.760893	0.760893	0.760893	0.139574	0.350669	0.195971	0.313786	1.156375	
2433000	-306.900991	1	2	0	'0 0 0 0 1 1 0 0 	D	0.407620	0.407620	0.407620	0.407620	1.714249	1.714249	0.407620	0.407620	0.258814	0.204979	0.443104	0.093103	1.685689	
2434000	-306.364972	1	2	1	'0 0 0 0 1 1 Z 0 	D	0.629051	0.629051	0.629051	0.629051	1.769875	1.769875	0.000000	0.629051	0.435463	0.535959	0.028411	0.000166	1.998563	
2435000	-307.152680	1	2	1	'0 0 0 0 1 1 Z 0 	D	0.675904	0.675904	0.675904	0.675904	1.699115	1.699115	0.000000	0.675904	0.426409	0.548304	0.025127	0.000160	0.653517	
2436000	-306.543671	1	2	1	'0 0 0 0 1 1 Z 0 	D	0.640086	0.640086	0.640086	0.640086	2.648851	2.648851	0.000000	0.640086	0.429526	0.525234	0.044917	0.000324	0.862900	
2437000	-306.060060	1	2	1	'0 0 0 0 1 1 Z 0 	D	0.694388	0.694388	0.694388	0.694388	2.331515	2.331515	0.000000	0.694388	0.421060	0.541087	0.037562	0.000291	1.680550	
2438000	-306.993944	1	2	0	'0 0 0 0 1 1 0 0 	D	0.591280	0.591280	0.591280	0.591280	2.365461	2.365461	0.591280	0.591280	0.241190	0.239973	0.392952	0.125885	1.782938	
2439000	-309.618021	1	2	0	'1 0 0 0 1 1 0 1 	D	1.386483	0.278040	0.278040	0.278040	1.386483	1.386483	0.278040	1.386483	0.354244	0.098119	0.267264	0.280373	0.324787	
2440000	-309.997604	1	2	0	'1 0 0 0 1 1 0 1 	D	1.219340	0.288370	0.288370	0.288370	1.219340	1.219340	0.288370	1.219340	0.398554	0.121196	0.245817	0.234433	1.793438	
2441000	-304.178289	1	3	1	'2 1 1 1 0 0 Z 2 	D	0.838338	0.580808	0.580808	0.580808	2.548078	2.548078	0.000000	0.838338	0.492738	0.457723	0.048904	0.000635	0.823212	
2442000	-305.893251	1	2	0	'1 1 1 1 0 0 1 1 	D	0.524889	0.524889	0.524889	0.524889	2.042232	2.042232	0.524889	0.524889	0.252572	0.236466	0.397234	0.113728	0.873238	
2443000	-309.053281	1	2	0	'1 1 1 1 0 0 1 1 	D	0.708989	0.708989	0.708989	0.708989	2.401463	2.401463	0.708989	0.708989	0.238343	0.269213	0.344467	0.147977	1.072712	
2444000	-311.316469	1	2	0	'1 1 1 1 0 0 1 1 	D	0.815895	0.815895	0.815895	0.815895	2.250640	2.250640	0.815895	0.815895	0.237502	0.299287	0.296351	0.166861	1.296518	
2445000	-306.053006	1	2	1	'1 1 1 1 0 0 Z 1 	D	0.483234	0.483234	0.483234	0.483234	2.092889	2.092889	0.000000	0.483234	0.466005	0.483748	0.050030	0.000217	0.460025	
2446000	-307.412393	1	2	0	'1 1 1 1 0 0 1 1 	D	0.587961	0.587961	0.587961	0.587961	1.647570	1.647570	0.587961	0.587961	0.276151	0.296279	0.304416	0.123154	1.890752	
2447000	-309.571143	1	2	0	'1 1 1 1 0 0 1 1 	D	0.615303	0.615303	0.615303	0.615303	1.411514	1.411514	0.615303	0.615303	0.291352	0.335377	0.248899	0.124371	1.104030	
2448000	-306.409818	1	2	1	'1 1 1 1 0 0 Z 1 	D	0.468812	0.468812	0.468812	0.468812	1.962607	1.962607	0.000000	0.468812	0.470359	0.480427	0.049017	0.000197	0.364288	
2449000	-306.185642	1	2	0	'1 1 1 1 0 0 1 1 	D	0.467114	0.467114	0.467114	0.467114	2.267782	2.267782	0.467114	0.467114	0.236425	0.197291	0.463551	0.102733	1.523932	
2450000	-306.161230	1	2	0	'1 1 1 1 0 0 1 1 	D	0.425345	0.425345	0.425345	0.425345	2.037124	2.037124	0.425345	0.425345	0.241296	0.189841	0.473498	0.095365	1.491497	
2451000	-306.911885	1	2	0	'1 1 1 1 0 0 1 1 	D	0.380372	0.380372	0.380372	0.380372	2.036301	2.036301	0.380372	0.380372	0.231514	0.164069	0.518076	0.086341	1.595807	
2452000	-306.691297	1	2	0	'1 1 1 1 0 0 1 1 	D	0.587282	0.587282	0.587282	0.587282	2.266517	2.266517	0.587282	0.587282	0.244854	0.244397	0.385619	0.125131	1.264096	
2453000	-306.362572	1	2	0	'1 1 1 1 0 0 1 1 	D	0.580769	0.580769	0.580769	0.580769	2.057011	2.057011	0.580769	0.580769	0.253732	0.256216	0.366312	0.123740	0.841990	
2454000	-306.630306	1	2	0	'1 1 1 1 0 0 1 1 	D	0.443504	0.443504	0.443504	0.443504	1.684969	1.684969	0.443504	0.443504	0.266861	0.228555	0.405018	0.099566	0.896273	
2455000	-305.551130	1	2	1	'1 1 1 1 0 0 Z 1 	D	0.545131	0.545131	0.545131	0.545131	2.278884	2.278884	0.000000	0.545131	0.450879	0.503072	0.045803	0.000245	0.475089	
2456000	-306.110767	1	2	0	'1 1 1 1 0 0 1 1 	D	0.544053	0.544053	0.544053	0.544053	1.898437	1.898437	0.544053	0.544053	0.260996	0.255378	0.366636	0.116989	1.016359	
2457000	-305.636261	1	2	1	'1 1 1 1 0 0 Z 1 	D	0.536563	0.536563	0.536563	0.536563	1.976382	1.976382	0.000000	0.536563	0.454568	0.505418	0.039818	0.000196	1.690786	
2458000	-305.631479	1	2	1	'1 1 1 1 0 0 Z 1 	D	0.519521	0.519521	0.519521	0.519521	2.161218	2.161218	0.000000	0.519521	0.457279	0.496238	0.046258	0.000226	0.667250	
2459000	-305.699154	1	2	1	'1 1 1 1 0 0 Z 1 	D	0.650628	0.650628	0.650628	0.650628	2.330098	2.330098	0.000000	0.650628	0.429089	0.531346	0.039289	0.000276	1.017376	
2460000	-307.005718	1	2	0	'1 1 1 1 0 0 1 1 	D	0.542463	0.542463	0.542463	0.542463	2.489454	2.489454	0.542463	0.542463	0.234921	0.217111	0.431388	0.116579	1.494570	
2461000	-306.175557	1	2	0	'1 1 1 1 0 0 1 1 	D	0.429850	0.429850	0.429850	0.429850	2.115749	2.115749	0.429850	0.429850	0.237892	0.187393	0.478725	0.095990	1.668691	
2462000	-306.565820	1	2	0	'1 1 1 1 0 0 1 1 	D	0.500676	0.500676	0.500676	0.500676	1.672486	1.672486	0.500676	0.500676	0.273137	0.258556	0.359156	0.109152	1.756603	
2463000	-305.806787	1	2	0	'1 1 1 1 0 0 1 1 	D	0.486065	0.486065	0.486065	0.486065	1.987382	1.987382	0.486065	0.486065	0.252454	0.223681	0.417091	0.106773	0.944254	
2464000	-306.596897	1	2	1	'1 1 1 1 0 0 Z 1 	D	0.736210	0.736210	0.736210	0.736210	2.366094	2.366094	0.000000	0.736210	0.413754	0.549030	0.036901	0.000315	1.294542	
2465000	-308.412658	1	2	0	'1 1 1 1 0 0 1 1 	D	0.669648	0.669648	0.669648	0.669648	2.442290	2.442290	0.669648	0.669648	0.238267	0.257744	0.363339	0.140650	1.961047	
2466000	-306.050509	1	2	0	'1 1 1 1 0 0 1 1 	D	0.439080	0.439080	0.439080	0.439080	2.084387	2.084387	0.439080	0.439080	0.241121	0.194114	0.466904	0.097861	0.796355	
2467000	-305.567178	1	2	1	'1 1 1 1 0 0 Z 1 	D	0.573410	0.573410	0.573410	0.573410	1.951502	1.951502	0.000000	0.573410	0.446527	0.517280	0.036000	0.000194	1.766692	
2468000	-305.868067	1	2	0	'1 1 1 1 0 0 1 1 	D	0.467064	0.467064	0.467064	0.467064	1.943549	1.943549	0.467064	0.467064	0.252871	0.217950	0.425786	0.103393	1.072128	
2469000	-308.159189	1	2	0	'1 1 1 1 0 0 1 1 	D	0.511686	0.511686	0.511686	0.511686	1.440549	1.440549	0.511686	0.511686	0.291401	0.291809	0.307187	0.109602	0.373533	
2470000	-307.967012	1	2	0	'1 1 1 1 0 0 1 1 	D	0.543405	0.543405	0.543405	0.543405	1.488199	1.488199	0.543405	0.543405	0.287859	0.298917	0.298444	0.114780	1.381979	
2471000	-305.815400	1	2	1	'1 1 1 1 0 0 Z 1 	D	0.626147	0.626147	0.626147	0.626147	1.903961	1.903961	0.000000	0.626147	0.435660	0.532393	0.031755	0.000192	1.335544	
2472000	-306.861956	1	2	1	'1 1 1 1 0 0 Z 1 	D	0.445469	0.445469	0.445469	0.445469	2.259043	2.259043	0.000000	0.445469	0.473104	0.464342	0.062308	0.000247	1.646610	
2473000	-306.709103	1	2	1	'1 1 1 1 0 0 Z 1 	D	0.751249	0.751249	0.751249	0.751249	2.131419	2.131419	0.000000	0.751249	0.412147	0.555178	0.032403	0.000273	1.452377	
2474000	-307.591979	1	2	1	'1 1 1 1 0 0 Z 1 	D	0.765735	0.765735	0.765735	0.765735	2.607645	2.607645	0.000000	0.765735	0.408015	0.551657	0.039949	0.000380	1.447752	
2475000	-305.722930	1	2	1	'1 1 1 1 0 0 Z 1 	D	0.509571	0.509571	0.509571	0.509571	2.144437	2.144437	0.000000	0.509571	0.459632	0.492955	0.047190	0.000223	0.495284	
2476000	-305.633200	1	2	1	'1 1 1 1 0 0 Z 1 	D	0.615477	0.615477	0.615477	0.615477	1.953107	1.953107	0.000000	0.615477	0.437651	0.528728	0.033421	0.000199	1.910226	
2477000	-308.090091	1	2	0	'1 1 1 1 0 0 1 1 	D	0.387431	0.387431	0.387431	0.387431	2.511785	2.511785	0.387431	0.387431	0.210809	0.146796	0.556326	0.086069	1.982380	
2478000	-305.617153	1	2	1	'1 1 1 1 0 0 Z 1 	D	0.635403	0.635403	0.635403	0.635403	2.009054	2.009054	0.000000	0.635403	0.433429	0.532669	0.033689	0.000213	1.003510	
2479000	-306.131698	1	2	1	'1 1 1 1 0 0 Z 1 	D	0.610931	0.610931	0.610931	0.610931	1.800137	1.800137	0.000000	0.610931	0.439110	0.530743	0.029977	0.000170	1.663262	
2480000	-306.198857	1	2	1	'1 1 1 1 0 0 Z 1 	D	0.703223	0.703223	0.703223	0.703223	2.363079	2.363079	0.000000	0.703223	0.419372	0.542521	0.037806	0.000300	0.585735	
2481000	-305.928465	1	2	1	'1 1 1 1 0 0 Z 1 	D	0.584137	0.584137	0.584137	0.584137	1.833088	1.833088	0.000000	0.584137	0.444691	0.522843	0.032293	0.000173	1.711430	
2482000	-306.316517	1	2	1	'1 1 1 1 0 0 Z 1 	D	0.627952	0.627952	0.627952	0.627952	1.778444	1.778444	0.000000	0.627952	0.435665	0.535499	0.028668	0.000168	1.354647	
2483000	-305.689172	1	2	1	'1 1 1 1 0 0 Z 1 	D	0.613593	0.613593	0.613593	0.613593	2.407801	2.407801	0.000000	0.613593	0.435897	0.521189	0.042637	0.000278	1.419420	
2484000	-307.744312	1	2	0	'1 1 1 1 0 0 1 1 	D	0.490415	0.490415	0.490415	0.490415	2.666225	2.666225	0.490415	0.490415	0.224389	0.189654	0.479757	0.106200	1.445872	
2485000	-305.904530	1	2	1	'1 1 1 1 0 0 Z 1 	D	0.544491	0.544491	0.544491	0.544491	1.857616	1.857616	0.000000	0.544491	0.453384	0.510544	0.035897	0.000175	1.028366	
2486000	-305.883532	1	2	0	'1 1 1 1 0 0 1 1 	D	0.495343	0.495343	0.495343	0.495343	1.900433	1.900433	0.495343	0.495343	0.258189	0.234702	0.398625	0.108485	1.175560	
2487000	-307.135583	1	2	1	'1 1 1 1 0 0 Z 1 	D	0.638853	0.638853	0.638853	0.638853	2.782697	2.782697	0.000000	0.638853	0.429091	0.523730	0.046837	0.000343	1.354448	
2488000	-305.892685	1	2	1	'1 1 1 1 0 0 Z 1 	D	0.577923	0.577923	0.577923	0.577923	1.841693	1.841693	0.000000	0.577923	0.446008	0.520905	0.032913	0.000174	0.847365	
2489000	-306.399291	1	2	1	'1 1 1 1 0 0 Z 1 	D	0.668625	0.668625	0.668625	0.668625	1.830155	1.830155	0.000000	0.668625	0.427551	0.543871	0.028393	0.000185	1.256840	
2490000	-305.883535	1	2	1	'0 0 0 0 1 1 Z 0 	D	0.661871	0.661871	0.661871	0.661871	1.971469	1.971469	0.000000	0.661871	0.428430	0.539589	0.031769	0.000212	1.700756	
2491000	-305.705406	1	2	1	'0 0 0 0 1 1 Z 0 	D	0.657537	0.657537	0.657537	0.657537	2.301344	2.301344	0.000000	0.657537	0.427918	0.533345	0.038465	0.000273	1.173028	
2492000	-305.381301	1	2	1	'0 0 0 0 1 1 Z 0 	D	0.563527	0.563527	0.563527	0.563527	2.173028	2.173028	0.000000	0.563527	0.447522	0.510378	0.041869	0.000231	1.209140	
2493000	-305.824039	1	2	1	'0 0 0 0 1 1 Z 0 	D	0.531511	0.531511	0.531511	0.531511	1.906490	1.906490	0.000000	0.531511	0.456099	0.505240	0.038477	0.000183	0.471806	
2494000	-307.587551	1	2	1	'0 0 0 0 1 1 Z 0 	D	0.465724	0.465724	0.465724	0.465724	1.668802	1.668802	0.000000	0.465724	0.473242	0.487340	0.039273	0.000145	1.451137	
2495000	-308.341268	1	2	1	'0 0 0 0 1 1 Z 0 	D	0.457215	0.457215	0.457215	0.457215	2.744809	2.744809	0.000000	0.457215	0.466814	0.465560	0.067326	0.000299	1.033164	
2496000	-306.328729	1	2	1	'0 0 0 0 1 1 Z 0 	D	0.719446	0.719446	0.719446	0.719446	2.324727	2.324727	0.000000	0.719446	0.416735	0.546306	0.036659	0.000300	0.978243	
2497000	-306.920127	1	2	1	'0 0 0 0 1 1 Z 0 	D	0.683903	0.683903	0.683903	0.683903	1.754230	1.754230	0.000000	0.683903	0.424833	0.548796	0.026199	0.000173	1.228432	
2498000	-306.012422	1	2	1	'0 0 0 0 1 1 Z 0 	D	0.690530	0.690530	0.690530	0.690530	2.324571	2.324571	0.000000	0.690530	0.421775	0.540361	0.037575	0.000288	1.647759	
2499000	-306.013768	1	2	0	'0 0 0 0 1 1 0 0 	D	0.492082	0.492082	0.492082	0.492082	2.217983	2.217983	0.492082	0.492082	0.241597	0.211272	0.439583	0.107547	1.072369	
2500000	-306.854330	1	2	1	'0 0 0 0 1 1 Z 0 	D	0.762664	0.762664	0.762664	0.762664	2.199419	2.199419	0.000000	0.762664	0.410080	0.556220	0.033407	0.000292	0.927171	
2501000	-306.280767	1	2	1	'0 0 0 0 1 1 Z 0 	D	0.483285	0.483285	0.483285	0.483285	1.917348	1.917348	0.000000	0.483285	0.467290	0.487464	0.045059	0.000188	1.882215	
2502000	-306.330111	1	2	0	'0 0 0 0 1 1 0 0 	D	0.413875	0.413875	0.413875	0.413875	2.071256	2.071256	0.413875	0.413875	0.237210	0.181425	0.488356	0.093010	1.654313	
2503000	-306.064775	1	2	1	'0 0 0 0 1 1 Z 0 	D	0.693344	0.693344	0.693344	0.693344	2.036379	2.036379	0.000000	0.693344	0.422387	0.545324	0.032056	0.000233	1.364717	
2504000	-311.413161	1	2	2	'0 Z 0 0 1 1 Z 0 	D	0.729702	0.000000	0.729702	0.729702	1.871402	1.871402	0.000000	0.729702	0.203275	0.717905	0.077643	0.001176	1.952879	
2505000	-305.729428	1	2	1	'0 0 0 0 1 1 Z 0 	D	0.550350	0.550350	0.550350	0.550350	2.387814	2.387814	0.000000	0.550350	0.449089	0.503323	0.047326	0.000262	1.590034	
2506000	-307.330180	1	2	0	'0 0 0 0 1 1 0 0 	D	0.436099	0.436099	0.436099	0.436099	2.517437	2.517437	0.436099	0.436099	0.221301	0.171278	0.511432	0.095990	1.842219	
2507000	-306.057881	1	2	1	'0 0 0 0 1 1 Z 0 	D	0.672585	0.672585	0.672585	0.672585	1.940449	1.940449	0.000000	0.672585	0.426506	0.542569	0.030717	0.000208	1.448574	
2508000	-306.359760	1	2	1	'0 0 0 0 1 1 Z 0 	D	0.698863	0.698863	0.698863	0.698863	1.932971	1.932971	0.000000	0.698863	0.421708	0.548332	0.029747	0.000213	1.507523	
2509000	-305.787078	1	2	1	'0 0 0 0 1 1 Z 0 	D	0.506124	0.506124	0.506124	0.506124	2.199053	2.199053	0.000000	0.506124	0.460034	0.490805	0.048930	0.000232	1.677512	
2510000	-305.805767	1	2	1	'0 0 0 0 1 1 Z 0 	D	0.506023	0.506023	0.506023	0.506023	2.219021	2.219021	0.000000	0.506023	0.459918	0.490461	0.049386	0.000235	1.004312	
2511000	-305.717389	1	2	1	'0 0 0 0 1 1 Z 0 	D	0.527262	0.527262	0.527262	0.527262	1.965030	1.965030	0.000000	0.527262	0.456745	0.502555	0.040506	0.000194	1.006835	
2512000	-305.501957	1	2	1	'0 0 0 0 1 1 Z 0 	D	0.541971	0.541971	0.541971	0.541971	2.053364	2.053364	0.000000	0.541971	0.452920	0.505684	0.041187	0.000209	1.197422	
2513000	-305.807909	1	2	0	'0 0 0 0 1 1 0 0 	D	0.498474	0.498474	0.498474	0.498474	2.029813	2.029813	0.498474	0.498474	0.251321	0.226184	0.413519	0.108975	1.829027	
2514000	-311.315611	1	2	0	'0 0 0 0 0 1 0 0 	D	0.635242	0.635242	0.635242	0.635242	0.635242	1.944762	0.635242	0.635242	0.428088	0.380892	0.130088	0.060933	1.513278	
2515000	-309.365558	1	2	0	'0 0 0 0 0 1 0 0 	D	0.639999	0.639999	0.639999	0.639999	0.639999	3.194290	0.639999	0.639999	0.544930	0.283726	0.133578	0.037767	0.900397	
2516000	-311.717512	1	2	0	'0 0 0 0 0 1 0 0 	D	0.556523	0.556523	0.556523	0.556523	0.556523	1.893109	0.556523	0.556523	0.468965	0.350954	0.131801	0.048280	1.604290	
2517000	-309.400009	1	2	0	'0 0 0 0 0 1 0 0 	D	0.551476	0.551476	0.551476	0.551476	0.551476	3.132041	0.551476	0.551476	0.611458	0.232893	0.130134	0.025515	1.942352	
2518000	-310.774230	1	2	1	'0 0 0 0 0 1 Z 0 	D	0.745483	0.745483	0.745483	0.745483	0.745483	2.358613	0.000000	0.745483	0.473961	0.517561	0.008410	0.000068	1.293499	
2519000	-310.662297	1	2	0	'0 0 0 0 0 1 0 0 	D	0.603525	0.603525	0.603525	0.603525	0.603525	2.086786	0.603525	0.603525	0.463266	0.350427	0.134598	0.051709	1.254014	
2520000	-313.012659	1	2	1	'1 1 1 1 1 0 Z 1 	D	0.600434	0.600434	0.600434	0.600434	0.600434	4.227072	0.000000	0.600434	0.698539	0.295163	0.006267	0.000030	0.973143	
2521000	-309.510923	1	2	0	'1 1 1 1 1 0 1 1 	D	0.679427	0.679427	0.679427	0.679427	0.679427	2.847547	0.679427	0.679427	0.490673	0.320550	0.139273	0.049504	1.180912	
2522000	-309.609476	1	2	0	'1 1 1 1 1 0 1 1 	D	0.527795	0.527795	0.527795	0.527795	0.527795	3.136919	0.527795	0.527795	0.631880	0.216879	0.128831	0.022409	1.577306	
2523000	-309.753663	1	2	0	'0 1 1 1 0 0 1 0 	D	1.597993	0.343045	0.343045	0.343045	1.597993	1.597993	0.343045	1.597993	0.332982	0.119319	0.255359	0.292341	1.425374	
2524000	-311.861636	1	2	0	'0 1 1 1 0 0 1 0 	D	1.712220	0.212972	0.212972	0.212972	1.712220	1.712220	0.212972	1.712220	0.222817	0.042070	0.333471	0.401642	1.116819	
2525000	-306.652319	1	2	1	'1 1 1 1 0 0 Z 1 	D	0.592348	0.592348	0.592348	0.592348	2.691918	2.691918	0.000000	0.592348	0.438624	0.512565	0.048498	0.000313	1.566612	
2526000	-305.938421	1	2	0	'1 1 1 1 0 0 1 1 	D	0.468202	0.468202	0.468202	0.468202	2.147273	2.147273	0.468202	0.468202	0.242176	0.204635	0.449973	0.103216	1.131626	
2527000	-306.101514	1	2	0	'1 1 1 1 0 0 1 1 	D	0.461928	0.461928	0.461928	0.461928	1.810916	1.810916	0.461928	0.461928	0.260410	0.226302	0.410638	0.102650	0.918414	
2528000	-306.089273	1	2	0	'1 1 1 1 0 0 1 1 	D	0.509916	0.509916	0.509916	0.509916	1.813510	1.813510	0.509916	0.509916	0.264413	0.248749	0.375866	0.110973	1.589932	
2529000	-307.446597	1	2	0	'1 1 1 1 0 0 1 1 	D	0.499538	0.499538	0.499538	0.499538	1.523115	1.523115	0.499538	0.499538	0.284248	0.275372	0.332013	0.108367	1.548826	
2530000	-306.870316	1	2	0	'1 1 1 1 0 0 1 1 	D	0.546327	0.546327	0.546327	0.546327	1.663292	1.663292	0.546327	0.546327	0.275318	0.279044	0.329088	0.116550	1.096065	
2531000	-310.582696	1	2	0	'1 1 1 1 1 0 1 1 	D	0.658850	0.658850	0.658850	0.658850	0.658850	2.154803	0.658850	0.658850	0.437609	0.367685	0.134634	0.060072	0.925952	
2532000	-309.339389	1	2	0	'1 1 1 1 1 0 1 1 	D	0.650815	0.650815	0.650815	0.650815	0.650815	2.776599	0.650815	0.650815	0.504303	0.310984	0.138979	0.045733	0.978609	
2533000	-310.488464	1	2	1	'1 0 0 0 1 1 Z 1 	D	1.282415	0.390852	0.390852	0.390852	1.282415	1.282415	0.000000	1.282415	0.668888	0.300511	0.029734	0.000867	0.777353	
2534000	-310.612364	1	2	1	'0 1 1 1 0 0 Z 0 	D	1.607666	0.337961	0.337961	0.337961	1.607666	1.607666	0.000000	1.607666	0.690470	0.242911	0.062284	0.004335	1.544980	
2535000	-310.171238	1	2	0	'0 1 1 1 0 0 1 0 	D	1.369523	0.244610	0.244610	0.244610	1.369523	1.369523	0.244610	1.369523	0.339122	0.079174	0.283601	0.298102	0.530640	
2536000	-305.957821	1	2	1	'1 1 1 1 0 0 Z 1 	D	0.497016	0.497016	0.497016	0.497016	1.991956	1.991956	0.000000	0.497016	0.463551	0.491150	0.045100	0.000199	1.728818	
2537000	-306.204433	1	2	1	'1 1 1 1 0 0 Z 1 	D	0.715305	0.715305	0.715305	0.715305	2.153315	2.153315	0.000000	0.715305	0.418105	0.547935	0.033696	0.000264	1.867535	
2538000	-307.905356	1	2	0	'1 1 1 1 0 0 1 1 	D	0.505558	0.505558	0.505558	0.505558	2.697723	2.697723	0.505558	0.505558	0.225105	0.194509	0.471334	0.109052	1.040725	
2539000	-305.840090	1	2	0	'1 1 1 1 0 0 1 1 	D	0.509994	0.509994	0.509994	0.509994	1.983569	1.983569	0.509994	0.509994	0.254657	0.234592	0.399683	0.111069	0.756053	
2540000	-305.421506	1	2	1	'1 1 1 1 0 0 Z 1 	D	0.557908	0.557908	0.557908	0.557908	2.068930	2.068930	0.000000	0.557908	0.449315	0.510419	0.040053	0.000213	0.735225	
2541000	-306.241639	1	2	0	'1 1 1 1 0 0 1 1 	D	0.564118	0.564118	0.564118	0.564118	2.140819	2.140819	0.564118	0.564118	0.249589	0.244518	0.385060	0.120833	0.757100	
2542000	-305.822186	1	2	0	'1 1 1 1 0 0 1 1 	D	0.502170	0.502170	0.502170	0.502170	1.979201	1.979201	0.502170	0.502170	0.254312	0.231531	0.404485	0.109673	1.213686	
2543000	-306.051619	1	2	0	'1 1 1 1 0 0 1 1 	D	0.545840	0.545840	0.545840	0.545840	1.961308	1.961308	0.545840	0.545840	0.257678	0.250890	0.374030	0.117402	0.768408	
2544000	-308.188921	1	2	0	'1 1 1 1 0 0 1 1 	D	0.342575	0.342575	0.342575	0.342575	2.196727	2.196727	0.342575	0.342575	0.211934	0.132641	0.578136	0.077288	1.184728	
2545000	-306.479043	1	2	1	'1 1 1 1 0 0 Z 1 	D	0.606658	0.606658	0.606658	0.606658	1.727291	1.727291	0.000000	0.606658	0.440198	0.531320	0.028326	0.000155	0.778894	
2546000	-306.310028	1	2	0	'1 1 1 1 0 0 1 1 	D	0.509583	0.509583	0.509583	0.509583	1.741377	1.741377	0.509583	0.509583	0.268971	0.255479	0.364756	0.110794	1.923046	
2547000	-305.963236	1	2	0	'1 1 1 1 0 0 1 1 	D	0.504552	0.504552	0.504552	0.504552	2.186019	2.186019	0.504552	0.504552	0.244221	0.218515	0.427349	0.109914	0.545770	
2548000	-307.341911	1	2	1	'1 1 1 1 0 0 Z 1 	D	0.625617	0.625617	0.625617	0.625617	2.830784	2.830784	0.000000	0.625617	0.431367	0.520095	0.048194	0.000344	1.908624	
2549000	-305.725893	1	2	1	'1 1 1 1 0 0 Z 1 	D	0.664794	0.664794	0.664794	0.664794	2.270733	2.270733	0.000000	0.664794	0.426699	0.535430	0.037602	0.000269	0.703189	
2550000	-306.736783	1	2	0	'1 1 1 1 0 0 1 1 	D	0.590475	0.590475	0.590475	0.590475	2.270288	2.270288	0.590475	0.590475	0.244756	0.245203	0.384320	0.125722	1.259880	
2551000	-306.161801	1	2	0	'1 1 1 1 0 0 1 1 	D	0.425065	0.425065	0.425065	0.425065	2.029858	2.029858	0.425065	0.425065	0.241649	0.190160	0.472857	0.095334	0.967738	
2552000	-306.746676	1	2	0	'1 1 1 1 0 0 1 1 	D	0.606549	0.606549	0.606549	0.606549	2.150524	2.150524	0.606549	0.606549	0.249717	0.257981	0.363758	0.128543	1.111728	
2553000	-306.373564	1	2	0	'1 1 1 1 0 0 1 1 	D	0.525027	0.525027	0.525027	0.525027	2.335285	2.335285	0.525027	0.525027	0.239481	0.218309	0.428688	0.113522	1.470740	
2554000	-306.846500	1	2	0	'1 1 1 1 0 0 1 1 	D	0.465803	0.465803	0.465803	0.465803	1.617923	1.617923	0.465803	0.465803	0.274481	0.247562	0.374641	0.103316	0.756994	
2555000	-306.424566	1	2	1	'1 1 1 1 0 0 Z 1 	D	0.726228	0.726228	0.726228	0.726228	2.334674	2.334674	0.000000	0.726228	0.415546	0.547511	0.036638	0.000305	1.062696	
2556000	-306.527690	1	2	0	'1 1 1 1 0 0 1 1 	D	0.400158	0.400158	0.400158	0.400158	1.945199	1.945199	0.400158	0.400158	0.241609	0.181735	0.485889	0.090767	1.217757	
2557000	-307.234595	1	2	0	'1 1 1 1 0 0 1 1 	D	0.633811	0.633811	0.633811	0.633811	1.905823	1.905823	0.633811	0.633811	0.260492	0.285278	0.321682	0.132548	1.465078	
2558000	-307.516059	1	2	0	'1 1 1 1 0 0 1 1 	D	0.619735	0.619735	0.619735	0.619735	1.726387	1.726387	0.619735	0.619735	0.270520	0.298234	0.302277	0.128970	1.751856	
2559000	-307.156552	1	2	0	'1 1 1 1 0 0 1 1 	D	0.381691	0.381691	0.381691	0.381691	2.220255	2.220255	0.381691	0.381691	0.222087	0.155224	0.536818	0.085871	1.209809	
2560000	-306.980109	1	2	0	'1 1 1 1 0 0 1 1 	D	0.393999	0.393999	0.393999	0.393999	1.755906	1.755906	0.393999	0.393999	0.252910	0.192782	0.463940	0.090368	0.721953	
2561000	-308.640622	1	2	1	'1 1 1 1 0 0 Z 1 	D	0.395727	0.395727	0.395727	0.395727	2.414810	2.414810	0.000000	0.395727	0.481435	0.435136	0.083148	0.000281	1.168811	
2562000	-309.400917	1	2	0	'1 1 1 1 1 0 1 1 	D	0.568061	0.568061	0.568061	0.568061	0.568061	2.629620	0.568061	0.568061	0.553846	0.272858	0.138860	0.034436	1.528288	
2563000	-310.857839	1	2	0	'1 1 1 1 1 0 1 1 	D	0.592272	0.592272	0.592272	0.592272	0.592272	2.041435	0.592272	0.592272	0.464929	0.350254	0.133996	0.050820	1.939344	
2564000	-310.082240	1	2	1	'0 1 1 1 0 0 Z 0 	D	1.399871	0.375466	0.375466	0.375466	1.399871	1.399871	0.000000	1.399871	0.678806	0.281082	0.038597	0.001516	0.794087	
2565000	-309.832089	1	2	0	'1 1 1 1 1 0 1 1 	D	0.516723	0.516723	0.516723	0.516723	0.516723	2.629885	0.516723	0.516723	0.598338	0.236226	0.138797	0.026639	0.916964	
2566000	-322.437803	1	1	2	'0 Z 0 0 0 0 Z 0 	D	1.168504	0.000000	1.168504	1.168504	1.168504	1.168504	0.000000	1.168504	0.320312	0.656884	0.022341	0.000462	1.281878	
2567000	-311.439622	1	2	0	'1 1 0 1 0 0 1 0 	D	0.232863	0.232863	1.013513	0.232863	1.013513	1.013513	0.232863	1.013513	0.098771	0.518995	0.193823	0.188411	0.916357	
2568000	-310.398280	1	2	0	'1 1 0 1 0 0 1 0 	D	0.408447	0.408447	1.078733	0.408447	1.078733	1.078733	0.408447	1.078733	0.152172	0.541241	0.142129	0.164458	1.454735	
2569000	-310.891187	1	2	0	'1 1 0 1 0 0 1 0 	D	0.466496	0.466496	1.125172	0.466496	1.125172	1.125172	0.466496	1.125172	0.160355	0.536781	0.136150	0.166714	0.845194	
2570000	-310.257776	1	2	0	'1 1 0 1 0 0 1 0 	D	0.290711	0.290711	1.286711	0.290711	1.286711	1.286711	0.290711	1.286711	0.089853	0.511881	0.188227	0.210038	1.087939	
2571000	-307.747155	1	2	0	'0 0 0 0 1 1 0 0 	D	0.363190	0.363190	0.363190	0.363190	1.729360	1.729360	0.363190	0.363190	0.247239	0.174940	0.493461	0.084361	1.729662	
2572000	-305.848738	1	2	1	'0 0 0 0 1 1 Z 0 	D	0.506486	0.506486	0.506486	0.506486	2.259940	2.259940	0.000000	0.506486	0.459530	0.490032	0.050198	0.000241	1.926905	
2573000	-306.796080	1	2	0	'0 0 0 0 1 1 0 0 	D	0.392146	0.392146	0.392146	0.392146	1.843065	1.843065	0.392146	0.392146	0.246383	0.184403	0.479599	0.089615	0.773869	
2574000	-306.815555	1	2	1	'0 0 0 0 1 1 Z 0 	D	0.682657	0.682657	0.682657	0.682657	1.771564	1.771564	0.000000	0.682657	0.425035	0.548157	0.026632	0.000176	0.968917	
2575000	-305.816814	1	2	0	'0 0 0 0 1 1 0 0 	D	0.491305	0.491305	0.491305	0.491305	2.069333	2.069333	0.491305	0.491305	0.248638	0.220251	0.423481	0.107630	0.837855	
2576000	-309.160555	1	2	1	'0 0 0 0 1 1 Z 0 	D	0.554007	0.554007	0.554007	0.554007	1.403187	1.403187	0.000000	0.554007	0.452265	0.526019	0.021623	0.000093	1.800465	
2577000	-306.805507	1	2	1	'0 0 0 0 1 1 Z 0 	D	0.667870	0.667870	0.667870	0.667870	1.744446	1.744446	0.000000	0.667870	0.427869	0.545537	0.026427	0.000167	0.721584	
2578000	-309.740819	1	2	1	'0 0 0 0 1 1 Z 0 	D	0.824358	0.824358	0.824358	0.824358	1.671340	1.671340	0.000000	0.824358	0.401662	0.576038	0.022110	0.000190	1.947222	
2579000	-307.393942	1	3	0	'0 0 0 0 1 2 0 0 	D	0.400802	0.400802	0.400802	0.400802	1.287472	1.666502	0.400802	0.400802	0.312538	0.223915	0.389126	0.074420	1.488840	
2580000	-311.273955	1	2	0	'0 0 0 0 0 1 0 0 	D	0.449552	0.449552	0.449552	0.449552	0.449552	2.523668	0.449552	0.449552	0.648927	0.190987	0.141096	0.018990	1.626648	
2581000	-309.603948	1	2	0	'1 1 1 1 1 0 1 1 	D	0.679738	0.679738	0.679738	0.679738	0.679738	2.696484	0.679738	0.679738	0.477771	0.330245	0.139733	0.052251	1.600919	
2582000	-303.787618	1	3	0	'0 1 1 1 2 2 1 0 	D	1.103753	0.361091	0.361091	0.361091	2.266283	2.266283	0.361091	1.103753	0.276445	0.116956	0.371868	0.234730	0.974334	
2583000	-305.890955	1	2	1	'0 0 0 0 1 1 Z 0 	D	0.570897	0.570897	0.570897	0.570897	1.842802	1.842802	0.000000	0.570897	0.447542	0.518866	0.033418	0.000174	1.708531	
2584000	-306.959772	1	2	0	'0 0 0 0 1 1 0 0 	D	0.525576	0.525576	0.525576	0.525576	2.497577	2.497577	0.525576	0.525576	0.233472	0.210490	0.442682	0.113356	1.538624	
2585000	-305.599662	1	2	1	'0 0 0 0 1 1 Z 0 	D	0.575430	0.575430	0.575430	0.575430	2.370461	2.370461	0.000000	0.575430	0.443883	0.511138	0.044716	0.000263	0.700016	
2586000	-307.407365	1	2	0	'0 0 0 0 1 1 0 0 	D	0.566860	0.566860	0.566860	0.566860	1.602078	1.602078	0.566860	0.566860	0.279466	0.293893	0.307221	0.119420	1.091362	
2587000	-306.112669	1	2	0	'0 0 0 0 1 1 0 0 	D	0.431903	0.431903	0.431903	0.431903	1.930443	1.930443	0.431903	0.431903	0.248633	0.200783	0.453643	0.096942	1.512154	
2588000	-307.896561	1	2	0	'1 1 1 1 0 0 1 1 	D	0.675748	0.675748	0.675748	0.675748	1.999056	1.999056	0.675748	0.675748	0.254658	0.288928	0.316027	0.140387	1.213809	
2589000	-306.256893	1	2	1	'1 1 1 1 0 0 Z 1 	D	0.540196	0.540196	0.540196	0.540196	1.774400	1.774400	0.000000	0.540196	0.454738	0.511186	0.033916	0.000160	0.992559	
2590000	-308.612689	1	2	0	'1 1 1 1 0 0 1 1 	D	0.549886	0.549886	0.549886	0.549886	2.796387	2.796387	0.549886	0.549886	0.225953	0.206986	0.449665	0.117396	1.372687	
2591000	-306.491560	1	2	0	'1 1 1 1 0 0 1 1 	D	0.565600	0.565600	0.565600	0.565600	2.277466	2.277466	0.565600	0.565600	0.243885	0.236461	0.398532	0.121123	1.561024	
2592000	-307.046766	1	2	0	'1 1 1 1 0 0 1 1 	D	0.617364	0.617364	0.617364	0.617364	1.864598	1.864598	0.617364	0.617364	0.263002	0.283982	0.323523	0.129494	0.459174	
2593000	-305.823229	1	2	1	'1 1 1 1 0 0 Z 1 	D	0.546911	0.546911	0.546911	0.546911	2.417711	2.417711	0.000000	0.546911	0.449644	0.501878	0.048212	0.000266	1.518027	
2594000	-307.241342	1	2	1	'1 1 1 1 0 0 Z 1 	D	0.656144	0.656144	0.656144	0.656144	1.656071	1.656071	0.000000	0.656144	0.430256	0.544945	0.024652	0.000148	1.617778	
2595000	-305.978752	1	2	0	'1 1 1 1 0 0 1 1 	D	0.446295	0.446295	0.446295	0.446295	1.943356	1.943356	0.446295	0.446295	0.250125	0.207475	0.442809	0.099590	1.271427	
2596000	-309.599294	1	2	0	'0 0 0 0 0 1 0 0 	D	0.548303	0.548303	0.548303	0.548303	0.548303	3.302349	0.548303	0.548303	0.625993	0.224990	0.125555	0.023463	1.230021	
2597000	-310.097909	1	2	1	'0 0 0 0 0 1 Z 0 	D	0.733361	0.733361	0.733361	0.733361	0.733361	3.049530	0.000000	0.733361	0.529154	0.461818	0.008956	0.000073	1.184004	
2598000	-310.777450	1	2	0	'0 0 0 0 0 1 0 0 	D	0.750380	0.750380	0.750380	0.750380	0.750380	2.453595	0.750380	0.750380	0.417005	0.373758	0.138963	0.070274	1.074373	
2599000	-309.798914	1	2	0	'0 0 0 0 0 1 0 0 	D	0.643010	0.643010	0.643010	0.643010	0.643010	2.405082	0.643010	0.643010	0.473820	0.336231	0.138462	0.051488	1.160866	
2600000	-305.189501	1	2	0	'0 0 0 0 1 1 0 1 	D	0.310886	0.310886	0.310886	0.310886	1.976273	1.976273	0.310886	1.976273	0.146495	0.129107	0.352481	0.371916	1.495377	
2601000	-306.124288	1	2	0	'0 0 0 0 1 1 0 0 	D	0.538569	0.538569	0.538569	0.538569	1.866963	1.866963	0.538569	0.538569	0.262579	0.255937	0.365504	0.115981	1.572481	
2602000	-305.616086	1	2	1	'0 0 0 0 1 1 Z 0 	D	0.550142	0.550142	0.550142	0.550142	1.953616	1.953616	0.000000	0.550142	0.451639	0.510230	0.037938	0.000192	1.073593	
2603000	-306.219310	1	2	1	'0 0 0 0 1 1 Z 0 	D	0.491689	0.491689	0.491689	0.491689	1.897624	1.897624	0.000000	0.491689	0.465438	0.491230	0.043149	0.000183	1.644301	
2604000	-306.036035	1	2	0	'0 0 0 0 1 1 0 0 	D	0.443346	0.443346	0.443346	0.443346	2.106774	2.106774	0.443346	0.443346	0.240644	0.194920	0.465823	0.098614	1.607740	
2605000	-305.578729	1	2	1	'0 0 0 0 1 1 Z 0 	D	0.525496	0.525496	0.525496	0.525496	2.153667	2.153667	0.000000	0.525496	0.455989	0.498438	0.045348	0.000225	1.903336	
2606000	-306.875370	1	2	0	'1 1 1 1 0 0 1 1 	D	0.522346	0.522346	0.522346	0.522346	1.628716	1.628716	0.522346	0.522346	0.277177	0.272984	0.337332	0.112508	0.742530	
2607000	-306.918816	1	2	0	'1 1 1 1 0 0 1 1 	D	0.488855	0.488855	0.488855	0.488855	2.497225	2.497225	0.488855	0.488855	0.229944	0.195846	0.467872	0.106339	1.777653	
2608000	-305.575107	1	2	1	'1 1 1 1 0 0 Z 1 	D	0.562877	0.562877	0.562877	0.562877	1.954979	1.954979	0.000000	0.562877	0.448811	0.514102	0.036894	0.000193	1.633439	
2609000	-305.771863	1	2	1	'0 0 0 0 1 1 Z 0 	D	0.529151	0.529151	0.529151	0.529151	1.933323	1.933323	0.000000	0.529151	0.456493	0.503865	0.039454	0.000188	1.457382	
2610000	-308.208685	1	2	0	'0 0 0 0 1 1 0 0 	D	0.688007	0.688007	0.688007	0.688007	2.206808	2.206808	0.688007	0.688007	0.245775	0.276520	0.334176	0.143529	1.930111	
2611000	-305.998328	1	2	1	'0 0 0 0 1 1 Z 0 	D	0.487169	0.487169	0.487169	0.487169	2.087874	2.087874	0.000000	0.487169	0.465140	0.485421	0.049224	0.000216	1.750308	
2612000	-306.314038	1	2	1	'1 1 1 1 0 0 Z 1 	D	0.669992	0.669992	0.669992	0.669992	1.854614	1.854614	0.000000	0.669992	0.427232	0.543673	0.028904	0.000190	0.824656	
2613000	-306.512105	1	2	1	'1 1 1 1 0 0 Z 1 	D	0.725437	0.725437	0.725437	0.725437	2.007914	2.007914	0.000000	0.725437	0.416839	0.552322	0.030602	0.000237	1.676825	
2614000	-306.183590	1	2	1	'1 1 1 1 0 0 Z 1 	D	0.682664	0.682664	0.682664	0.682664	1.931546	1.931546	0.000000	0.682664	0.424659	0.544936	0.030196	0.000209	1.470114	
2615000	-305.867688	1	2	1	'0 0 0 0 1 1 Z 0 	D	0.548937	0.548937	0.548937	0.548937	2.438447	2.438447	0.000000	0.548937	0.449084	0.502285	0.048363	0.000269	0.994941	
2616000	-307.517687	1	2	1	'0 0 0 0 1 1 Z 0 	D	0.796471	0.796471	0.796471	0.796471	2.077960	2.077960	0.000000	0.796471	0.405207	0.563932	0.030582	0.000279	1.258234	
2617000	-308.112381	1	2	1	'1 1 1 1 0 0 Z 1 	D	0.688852	0.688852	0.688852	0.688852	1.586549	1.586549	0.000000	0.688852	0.424051	0.553673	0.022136	0.000139	1.295792	
2618000	-306.303150	1	2	0	'1 1 1 1 0 0 1 1 	D	0.441205	0.441205	0.441205	0.441205	1.781165	1.781165	0.441205	0.441205	0.259689	0.218076	0.423219	0.099017	1.899383	
2619000	-306.062284	1	2	0	'1 1 1 1 0 0 1 1 	D	0.434961	0.434961	0.434961	0.434961	2.045047	2.045047	0.434961	0.434961	0.242549	0.194465	0.465798	0.097188	1.986435	
2620000	-310.010576	1	2	0	'1 1 1 1 0 0 1 1 	D	0.382234	0.382234	0.382234	0.382234	1.342488	1.342488	0.382234	0.382234	0.287600	0.233409	0.389276	0.089714	0.314188	
2621000	-305.870002	1	2	1	'1 1 1 1 0 0 Z 1 	D	0.654002	0.654002	0.654002	0.654002	1.950348	1.950348	0.000000	0.654002	0.430007	0.538177	0.031610	0.000206	1.330670	
2622000	-303.130959	1	3	0	'1 2 1 2 0 0 2 1 	D	0.815390	0.219691	0.815390	0.219691	2.016339	2.016339	0.219691	0.815390	0.167232	0.235307	0.398935	0.198525	1.728878	
2623000	-305.655207	1	2	1	'0 0 0 0 1 1 Z 0 	D	0.660882	0.660882	0.660882	0.660882	2.144824	2.144824	0.000000	0.660882	0.427969	0.536404	0.035383	0.000245	0.903200	
2624000	-306.294657	1	2	0	'0 0 0 0 1 1 0 0 	D	0.568109	0.568109	0.568109	0.568109	2.153572	2.153572	0.568109	0.568109	0.249134	0.245075	0.384226	0.121565	1.114883	
2625000	-307.035330	1	2	0	'1 1 1 1 0 0 1 1 	D	0.413389	0.413389	0.413389	0.413389	1.663044	1.663044	0.413389	0.413389	0.263813	0.213499	0.428371	0.094317	0.958999	
2626000	-306.132327	1	2	0	'1 1 1 1 0 0 1 1 	D	0.554291	0.554291	0.554291	0.554291	2.118888	2.118888	0.554291	0.554291	0.250265	0.242452	0.388242	0.119042	1.822944	
2627000	-308.438179	1	2	1	'1 1 1 1 0 0 Z 1 	D	0.632253	0.632253	0.632253	0.632253	1.490644	1.490644	0.000000	0.632253	0.435092	0.543635	0.021159	0.000113	0.938524	
2628000	-306.409702	1	2	1	'0 0 0 0 1 1 Z 0 	D	0.511330	0.511330	0.511330	0.511330	2.509604	2.509604	0.000000	0.511330	0.456756	0.488843	0.054126	0.000274	1.811795	
2629000	-307.556709	1	2	1	'0 0 0 0 1 1 Z 0 	D	0.701199	0.701199	0.701199	0.701199	1.682294	1.682294	0.000000	0.701199	0.421747	0.553976	0.024116	0.000161	1.994844	
2630000	-314.516033	1	2	0	'0 0 0 0 1 1 0 0 	D	0.925142	0.925142	0.925142	0.925142	2.036966	2.036966	0.925142	0.925142	0.237170	0.332288	0.247631	0.182911	0.720356	
2631000	-306.853022	1	2	1	'0 0 0 0 1 1 Z 0 	D	0.749153	0.749153	0.749153	0.749153	2.413763	2.413763	0.000000	0.749153	0.411445	0.550863	0.037360	0.000331	1.646760	
2632000	-305.351921	1	2	1	'0 0 0 0 1 1 Z 0 	D	0.577704	0.577704	0.577704	0.577704	2.132018	2.132018	0.000000	0.577704	0.444714	0.515230	0.039831	0.000225	1.677595	
2633000	-306.405097	1	2	1	'0 0 0 0 1 1 Z 0 	D	0.475023	0.475023	0.475023	0.475023	1.916441	1.916441	0.000000	0.475023	0.469251	0.484125	0.046435	0.000188	1.923477	
2634000	-307.351729	1	2	1	'0 0 0 0 1 1 Z 0 	D	0.625563	0.625563	0.625563	0.625563	1.609004	1.609004	0.000000	0.625563	0.436448	0.538953	0.024465	0.000135	0.497276	
2635000	-306.816337	1	2	0	'0 0 0 0 1 1 0 0 	D	0.503243	0.503243	0.503243	0.503243	1.624210	1.624210	0.503243	0.503243	0.276724	0.265028	0.348831	0.109418	0.725248	
2636000	-305.817540	1	2	1	'0 0 0 0 1 1 Z 0 	D	0.672706	0.672706	0.672706	0.672706	2.063852	2.063852	0.000000	0.672706	0.426069	0.540393	0.033306	0.000232	1.087266	
2637000	-305.764447	1	2	1	'0 0 0 0 1 1 Z 0 	D	0.594879	0.594879	0.594879	0.594879	1.883698	1.883698	0.000000	0.594879	0.442205	0.524695	0.032917	0.000183	1.765397	
2638000	-306.273684	1	2	0	'0 0 0 0 1 1 0 0 	D	0.556394	0.556394	0.556394	0.556394	2.210952	2.210952	0.556394	0.556394	0.246290	0.237225	0.397047	0.119437	1.598964	
2639000	-306.871738	1	2	0	'0 0 0 0 1 1 0 0 	D	0.412635	0.412635	0.412635	0.412635	2.324329	2.324329	0.412635	0.412635	0.224506	0.167543	0.516050	0.091901	1.311547	
2640000	-305.474941	1	3	1	'2 2 0 0 1 1 Z 2 	D	0.673910	0.673910	0.548802	0.548802	1.815788	1.815788	0.000000	0.673910	0.481415	0.483586	0.034744	0.000255	1.835977	
2641000	-307.387579	1	2	0	'1 1 1 1 0 0 1 1 	D	0.362007	0.362007	0.362007	0.362007	1.908384	1.908384	0.362007	0.362007	0.234350	0.160492	0.522104	0.083053	1.063060	
2642000	-307.055950	1	2	0	'1 1 1 1 0 0 1 1 	D	0.373877	0.373877	0.373877	0.373877	2.024638	2.024638	0.373877	0.373877	0.230493	0.160776	0.523710	0.085021	1.876913	
2643000	-305.470255	1	2	1	'1 1 1 1 0 0 Z 1 	D	0.586669	0.586669	0.586669	0.586669	2.000267	2.000267	0.000000	0.586669	0.443458	0.520107	0.036231	0.000204	1.276908	
2644000	-305.452929	1	2	1	'1 1 1 1 0 0 Z 1 	D	0.620223	0.620223	0.620223	0.620223	2.248789	2.248789	0.000000	0.620223	0.435381	0.524996	0.039369	0.000253	1.707248	
2645000	-308.757847	1	2	1	'1 1 1 1 0 0 Z 1 	D	0.859352	0.859352	0.859352	0.859352	2.415683	2.415683	0.000000	0.859352	0.395181	0.568859	0.035563	0.000397	1.830892	
2646000	-306.112887	1	2	1	'1 1 1 1 0 0 Z 1 	D	0.621970	0.621970	0.621970	0.621970	2.549059	2.549059	0.000000	0.621970	0.433514	0.521754	0.044430	0.000302	0.903996	
2647000	-306.698412	1	2	0	'1 1 1 1 0 0 1 1 	D	0.390516	0.390516	0.390516	0.390516	1.953694	1.953694	0.390516	0.390516	0.238898	0.175400	0.496906	0.088797	0.595474	
2648000	-306.757927	1	2	1	'1 1 1 1 0 0 Z 1 	D	0.606195	0.606195	0.606195	0.606195	1.680095	1.680095	0.000000	0.606195	0.440398	0.532344	0.027112	0.000146	1.019948	
2649000	-308.118092	1	2	0	'1 1 1 1 0 0 1 1 	D	0.564644	0.564644	0.564644	0.564644	1.495834	1.495834	0.564644	0.564644	0.287059	0.306217	0.288658	0.118065	1.088308	
2650000	-307.019052	1	2	0	'1 1 1 1 0 0 1 1 	D	0.378646	0.378646	0.378646	0.378646	1.875057	1.875057	0.378646	0.378646	0.240997	0.173546	0.498717	0.086739	1.315078	
2651000	-306.698683	1	2	1	'1 1 1 1 0 0 Z 1 	D	0.476223	0.476223	0.476223	0.476223	1.815324	1.815324	0.000000	0.476223	0.469693	0.487220	0.042916	0.000170	1.202456	
2652000	-306.041437	1	2	0	'1 1 1 1 0 0 1 1 	D	0.457231	0.457231	0.457231	0.457231	2.178210	2.178210	0.457231	0.457231	0.239187	0.197568	0.462173	0.101072	1.111257	
2653000	-305.808015	1	2	0	'1 1 1 1 0 0 1 1 	D	0.496003	0.496003	0.496003	0.496003	2.043454	2.043454	0.496003	0.496003	0.250398	0.224128	0.416959	0.108515	1.321290	
2654000	-306.204661	1	2	0	'0 0 0 0 1 1 0 0 	D	0.421556	0.421556	0.421556	0.421556	2.031597	2.031597	0.421556	0.421556	0.240900	0.188134	0.476317	0.094649	1.303339	
2655000	-307.584184	1	2	0	'0 0 0 0 1 1 0 0 	D	0.353969	0.353969	0.353969	0.353969	2.017723	2.017723	0.353969	0.353969	0.225262	0.148574	0.545457	0.080706	0.654681	
2656000	-307.298542	1	2	1	'0 0 0 0 1 1 Z 0 	D	0.607064	0.607064	0.607064	0.607064	1.603476	1.603476	0.000000	0.607064	0.440330	0.534508	0.025030	0.000132	1.495840	
2657000	-310.868663	1	2	0	'0 0 0 0 1 1 0 0 	D	0.373409	0.373409	0.373409	0.373409	2.912533	2.912533	0.373409	0.373409	0.193556	0.128413	0.596243	0.081788	1.462459	
2658000	-306.213690	1	2	0	'0 0 0 0 1 1 0 0 	D	0.566931	0.566931	0.566931	0.566931	2.016743	2.016743	0.566931	0.566931	0.255438	0.254399	0.368953	0.121210	0.946747	
2659000	-305.450387	1	2	1	'0 0 0 0 1 1 Z 0 	D	0.612293	0.612293	0.612293	0.612293	2.050056	2.050056	0.000000	0.612293	0.437903	0.526113	0.035768	0.000216	1.737665	
2660000	-306.157649	1	2	1	'0 0 0 0 1 1 Z 0 	D	0.597983	0.597983	0.597983	0.597983	1.784940	1.784940	0.000000	0.597983	0.441881	0.527700	0.030253	0.000165	1.127522	
2661000	-305.763856	1	2	1	'0 0 0 0 1 1 Z 0 	D	0.612291	0.612291	0.612291	0.612291	1.900100	1.900100	0.000000	0.612291	0.438503	0.528960	0.032348	0.000189	0.669956	
2662000	-306.067131	1	2	0	'0 0 0 0 1 1 0 0 	D	0.512978	0.512978	0.512978	0.512978	2.230709	2.230709	0.512978	0.512978	0.242926	0.219352	0.426306	0.111416	0.747127	
2663000	-306.646368	1	2	1	'0 0 0 0 1 1 Z 0 	D	0.465414	0.465414	0.465414	0.465414	1.884018	1.884018	0.000000	0.465414	0.471781	0.480875	0.047160	0.000184	0.441957	
2664000	-305.366824	1	2	1	'0 0 0 0 1 1 Z 0 	D	0.604220	0.604220	0.604220	0.604220	2.158623	2.158623	0.000000	0.604220	0.439050	0.522168	0.038548	0.000234	0.705829	
2665000	-306.618892	1	2	0	'0 0 0 0 1 1 0 0 	D	0.504996	0.504996	0.504996	0.504996	1.663854	1.663854	0.504996	0.504996	0.273981	0.261451	0.354734	0.109835	1.078715	
2666000	-305.502128	1	2	1	'0 0 0 0 1 1 Z 0 	D	0.637731	0.637731	0.637731	0.637731	2.200381	2.200381	0.000000	0.637731	0.432164	0.530078	0.037509	0.000249	1.561899	
2667000	-306.510879	1	2	0	'1 1 1 1 0 0 1 1 	D	0.442638	0.442638	0.442638	0.442638	1.715781	1.715781	0.442638	0.442638	0.264486	0.225004	0.411131	0.099379	0.843108	
2668000	-306.222216	1	2	0	'1 1 1 1 0 0 1 1 	D	0.422396	0.422396	0.422396	0.422396	1.924472	1.924472	0.422396	0.422396	0.247335	0.195988	0.461514	0.095163	1.460982	
2669000	-306.057305	1	2	1	'1 1 1 1 0 0 Z 1 	D	0.518503	0.518503	0.518503	0.518503	2.421406	2.421406	0.000000	0.518503	0.455777	0.492322	0.051637	0.000263	0.867846	
2670000	-308.341684	1	2	0	'1 1 1 1 0 0 1 1 	D	0.678444	0.678444	0.678444	0.678444	1.799031	1.799031	0.678444	0.678444	0.264026	0.307647	0.288950	0.139377	0.986094	
2671000	-305.703767	1	2	1	'1 1 1 1 0 0 Z 1 	D	0.658375	0.658375	0.658375	0.658375	2.295067	2.295067	0.000000	0.658375	0.427789	0.533624	0.038315	0.000272	1.164710	
2672000	-306.328704	1	2	1	'1 1 1 1 0 0 Z 1 	D	0.675272	0.675272	0.675272	0.675272	2.528666	2.528666	0.000000	0.675272	0.423595	0.534586	0.041500	0.000319	1.264921	
2673000	-306.411730	1	2	0	'0 0 0 0 1 1 0 0 	D	0.539374	0.539374	0.539374	0.539374	1.760620	1.760620	0.539374	0.539374	0.268926	0.266152	0.349088	0.115834	1.982338	
2674000	-305.944858	1	2	1	'0 0 0 0 1 1 Z 0 	D	0.688461	0.688461	0.688461	0.688461	2.087925	2.087925	0.000000	0.688461	0.423090	0.543422	0.033246	0.000242	1.704962	
2675000	-305.869197	1	2	1	'0 0 0 0 1 1 Z 0 	D	0.586579	0.586579	0.586579	0.586579	1.849453	1.849453	0.000000	0.586579	0.444105	0.523158	0.032560	0.000176	0.810753	
2676000	-306.083724	1	2	0	'0 0 0 0 1 1 0 0 	D	0.437735	0.437735	0.437735	0.437735	2.105410	2.105410	0.437735	0.437735	0.239797	0.192126	0.470534	0.097544	1.786210	
2677000	-307.337286	1	2	0	'0 0 0 0 1 1 0 0 	D	0.617612	0.617612	0.617612	0.617612	2.367076	2.367076	0.617612	0.617612	0.241372	0.247902	0.379916	0.130810	1.444231	
2678000	-305.610598	1	2	1	'0 0 0 0 1 1 Z 0 	D	0.529973	0.529973	0.529973	0.529973	2.020351	2.020351	0.000000	0.529973	0.455806	0.502354	0.041637	0.000203	1.228094	
2679000	-306.161142	1	2	1	'0 0 0 0 1 1 Z 0 	D	0.490934	0.490934	0.490934	0.490934	2.327082	2.327082	0.000000	0.490934	0.462518	0.483205	0.054027	0.000250	0.794477	
2680000	-307.648285	1	2	0	'0 0 0 0 1 1 0 0 	D	0.397443	0.397443	0.397443	0.397443	2.459956	2.459956	0.397443	0.397443	0.215341	0.153969	0.542355	0.088335	1.113327	
2681000	-305.589260	1	2	1	'0 0 0 0 1 1 Z 0 	D	0.528361	0.528361	0.528361	0.528361	2.050788	2.050788	0.000000	0.528361	0.455987	0.501228	0.042577	0.000208	1.003981	
2682000	-306.168460	1	2	0	'0 0 0 0 1 1 0 0 	D	0.441234	0.441234	0.441234	0.441234	2.183431	2.183431	0.441234	0.441234	0.236461	0.189371	0.476175	0.097993	1.648634	
2683000	-306.047219	1	2	1	'0 0 0 0 1 1 Z 0 	D	0.667060	0.667060	0.667060	0.667060	2.448853	2.448853	0.000000	0.667060	0.425466	0.533659	0.040573	0.000302	1.198555	
2684000	-305.846460	1	2	1	'0 0 0 0 1 1 Z 0 	D	0.562342	0.562342	0.562342	0.562342	1.858455	1.858455	0.000000	0.562342	0.449369	0.516000	0.034455	0.000176	1.757563	
2685000	-306.049881	1	2	1	'0 0 0 0 1 1 Z 0 	D	0.702539	0.702539	0.702539	0.702539	2.213309	2.213309	0.000000	0.702539	0.420106	0.544434	0.035189	0.000271	1.998584	
2686000	-307.188000	1	2	0	'1 1 1 1 0 0 1 1 	D	0.443801	0.443801	0.443801	0.443801	2.503466	2.503466	0.443801	0.443801	0.223205	0.175493	0.503744	0.097558	1.453080	
2687000	-306.968708	1	2	1	'1 1 1 1 0 0 Z 1 	D	0.535492	0.535492	0.535492	0.535492	1.651326	1.651326	0.000000	0.535492	0.456289	0.512984	0.030589	0.000137	1.031393	
2688000	-307.106506	1	2	1	'1 1 1 1 0 0 Z 1 	D	0.675037	0.675037	0.675037	0.675037	1.705102	1.705102	0.000000	0.675037	0.426565	0.547982	0.025292	0.000161	0.750040	
2689000	-305.875938	1	2	0	'1 1 1 1 0 0 1 1 	D	0.472494	0.472494	0.472494	0.472494	1.918041	1.918041	0.472494	0.472494	0.254979	0.222575	0.418037	0.104409	1.534126	
2690000	-305.430428	1	2	1	'0 0 0 0 1 1 Z 0 	D	0.589491	0.589491	0.589491	0.589491	2.279148	2.279148	0.000000	0.589491	0.441463	0.516353	0.041932	0.000252	1.605506	
2691000	-306.364502	1	2	0	'0 0 0 0 1 1 0 0 	D	0.440141	0.440141	0.440141	0.440141	1.763439	1.763439	0.440141	0.440141	0.260756	0.219112	0.421272	0.098860	1.931251	
2692000	-305.615133	1	2	1	'0 0 0 0 1 1 Z 0 	D	0.575151	0.575151	0.575151	0.575151	2.377369	2.377369	0.000000	0.575151	0.443902	0.510971	0.044863	0.000264	1.279287	
2693000	-305.465441	1	2	1	'0 0 0 0 1 1 Z 0 	D	0.614930	0.614930	0.614930	0.614930	2.277645	2.277645	0.000000	0.614930	0.436295	0.523225	0.040223	0.000257	0.862105	
2694000	-309.275323	1	2	1	'0 0 0 0 1 1 Z 0 	D	0.370678	0.370678	0.370678	0.370678	2.299672	2.299672	0.000000	0.370678	0.486329	0.418761	0.094630	0.000280	1.002043	
2695000	-306.586730	1	2	0	'0 0 0 0 1 1 0 0 	D	0.421455	0.421455	0.421455	0.421455	2.270682	2.270682	0.421455	0.421455	0.228740	0.174673	0.502741	0.093847	1.141972	
2696000	-305.880253	1	2	1	'0 0 0 0 1 1 Z 0 	D	0.682077	0.682077	0.682077	0.682077	2.278804	2.278804	0.000000	0.682077	0.423490	0.539161	0.037072	0.000277	1.416628	
2697000	-305.661240	1	2	1	'0 0 0 0 1 1 Z 0 	D	0.626205	0.626205	0.626205	0.626205	2.377534	2.377534	0.000000	0.626205	0.433563	0.524789	0.041371	0.000276	1.752050	
2698000	-305.378345	1	2	1	'0 0 0 0 1 1 Z 0 	D	0.599818	0.599818	0.599818	0.599818	2.093348	2.093348	0.000000	0.599818	0.440269	0.522055	0.037454	0.000222	1.517817	
2699000	-305.990469	1	2	1	'0 0 0 0 1 1 Z 0 	D	0.540022	0.540022	0.540022	0.540022	1.839079	1.839079	0.000000	0.540022	0.454490	0.509555	0.035783	0.000172	1.149676	
2700000	-307.024729	1	2	1	'0 0 0 0 1 1 Z 0 	D	0.471307	0.471307	0.471307	0.471307	1.756332	1.756332	0.000000	0.471307	0.471291	0.486894	0.041655	0.000160	1.857652	
2701000	-310.254272	1	2	0	'0 0 0 0 1 1 0 0 	D	0.561517	0.561517	0.561517	0.561517	3.033836	3.033836	0.561517	0.561517	0.220785	0.202832	0.457322	0.119061	1.725361	
2702000	-307.385732	1	2	0	'0 0 0 0 1 1 0 0 	D	0.647223	0.647223	0.647223	0.647223	2.156305	2.156305	0.647223	0.647223	0.248971	0.269482	0.345607	0.135940	0.836951	
2703000	-309.366907	1	2	0	'0 0 0 0 0 1 0 0 	D	0.568120	0.568120	0.568120	0.568120	0.568120	3.202620	0.568120	0.568120	0.602617	0.241010	0.129337	0.027036	1.088145	
2704000	-316.888013	1	2	0	'0 1 1 0 1 1 0 1 	D	0.572280	1.034019	1.034019	0.572280	1.034019	1.034019	0.572280	1.034019	0.195561	0.543825	0.109282	0.151332	0.877297	
2705000	-307.730505	1	2	1	'0 0 0 0 1 1 Z 0 	D	0.784880	0.784880	0.784880	0.784880	1.907521	1.907521	0.000000	0.784880	0.407383	0.564938	0.027445	0.000234	1.091887	
2706000	-306.369400	1	2	0	'0 0 0 0 1 1 0 0 	D	0.411387	0.411387	0.411387	0.411387	2.075159	2.075159	0.411387	0.411387	0.236490	0.179807	0.491200	0.092503	1.291102	
2707000	-305.556096	1	2	1	'0 0 0 0 1 1 Z 0 	D	0.532766	0.532766	0.532766	0.532766	2.213377	2.213377	0.000000	0.532766	0.453995	0.499963	0.045808	0.000234	1.097626	
2708000	-305.927499	1	2	1	'0 0 0 0 1 1 Z 0 	D	0.493964	0.493964	0.493964	0.493964	2.052345	2.052345	0.000000	0.493964	0.463835	0.488760	0.047195	0.000209	0.650026	
2709000	-306.122967	1	2	1	'0 0 0 0 1 1 Z 0 	D	0.494886	0.494886	0.494886	0.494886	1.920031	1.920031	0.000000	0.494886	0.464535	0.491927	0.043352	0.000187	1.343045	
2710000	-306.019763	1	2	1	'0 0 0 0 1 1 Z 0 	D	0.698004	0.698004	0.698004	0.698004	2.255507	2.255507	0.000000	0.698004	0.420737	0.542884	0.036101	0.000278	1.295881	
2711000	-307.464987	1	2	1	'0 0 0 0 1 1 Z 0 	D	0.798675	0.798675	0.798675	0.798675	2.170672	2.170672	0.000000	0.798675	0.404603	0.562849	0.032246	0.000302	0.898776	
2712000	-306.591410	1	2	1	'0 0 0 0 1 1 Z 0 	D	0.470287	0.470287	0.470287	0.470287	2.370879	2.370879	0.000000	0.470287	0.466757	0.474211	0.058775	0.000257	1.604598	
2713000	-306.416744	1	2	0	'0 0 0 0 1 1 0 0 	D	0.475643	0.475643	0.475643	0.475643	1.703320	1.703320	0.475643	0.475643	0.269122	0.243416	0.382423	0.105040	1.707691	
2714000	-305.772910	1	2	1	'0 0 0 0 1 1 Z 0 	D	0.513720	0.513720	0.513720	0.513720	1.997440	1.997440	0.000000	0.513720	0.459653	0.497184	0.042964	0.000199	0.828574	
2715000	-305.877056	1	2	0	'0 0 0 0 1 1 0 0 	D	0.459992	0.459992	0.459992	0.459992	2.037806	2.037806	0.459992	0.459992	0.246718	0.207696	0.443668	0.101918	1.287510	
2716000	-305.758002	1	2	1	'0 0 0 0 1 1 Z 0 	D	0.653165	0.653165	0.653165	0.653165	2.356478	2.356478	0.000000	0.653165	0.428486	0.531599	0.039634	0.000281	0.488163	
2717000	-306.048082	1	2	0	'1 1 1 1 0 0 1 1 	D	0.452676	0.452676	0.452676	0.452676	2.165485	2.165485	0.452676	0.452676	0.239137	0.196085	0.464541	0.100237	1.317283	
2718000	-307.295924	1	2	1	'1 1 1 1 0 0 Z 1 	D	0.558134	0.558134	0.558134	0.558134	2.799964	2.799964	0.000000	0.558134	0.445018	0.501842	0.052823	0.000317	0.883291	
2719000	-306.145788	1	2	0	'1 1 1 1 0 0 1 1 	D	0.524140	0.524140	0.524140	0.524140	2.249010	2.249010	0.524140	0.524140	0.242965	0.222769	0.420801	0.113465	1.434962	
2720000	-305.614135	1	2	1	'1 1 1 1 0 0 Z 1 	D	0.617278	0.617278	0.617278	0.617278	1.964621	1.964621	0.000000	0.617278	0.437239	0.528968	0.033591	0.000202	1.636437	
2721000	-305.931161	1	2	1	'1 1 1 1 0 0 Z 1 	D	0.668901	0.668901	0.668901	0.668901	2.390112	2.390112	0.000000	0.668901	0.425400	0.534785	0.039523	0.000292	0.550742	
2722000	-306.777156	1	2	0	'1 1 1 1 0 0 1 1 	D	0.440173	0.440173	0.440173	0.440173	2.395453	2.395453	0.440173	0.440173	0.226811	0.178302	0.497721	0.097167	1.426039	
2723000	-306.732206	1	2	1	'1 1 1 1 0 0 Z 1 	D	0.447120	0.447120	0.447120	0.447120	2.032329	2.032329	0.000000	0.447120	0.474782	0.469090	0.055915	0.000213	1.951753	
2724000	-306.781190	1	2	1	'1 1 1 1 0 0 Z 1 	D	0.681219	0.681219	0.681219	0.681219	1.775248	1.775248	0.000000	0.681219	0.425296	0.547771	0.026757	0.000176	1.188789	
2725000	-306.095248	1	2	0	'1 1 1 1 0 0 1 1 	D	0.442637	0.442637	0.442637	0.442637	2.147411	2.147411	0.442637	0.442637	0.238465	0.192134	0.471035	0.098365	1.277478	
2726000	-307.858070	1	2	0	'1 1 1 1 0 0 1 1 	D	0.558759	0.558759	0.558759	0.558759	1.521419	1.521419	0.558759	0.558759	0.285255	0.300677	0.296630	0.117438	0.636199	
2727000	-306.550230	1	2	1	'1 1 1 1 0 0 Z 1 	D	0.704540	0.704540	0.704540	0.704540	2.514136	2.514136	0.000000	0.704540	0.418484	0.540981	0.040206	0.000329	1.330316	
2728000	-306.112196	1	2	0	'1 1 1 1 0 0 1 1 	D	0.539912	0.539912	0.539912	0.539912	1.878737	1.878737	0.539912	0.539912	0.261958	0.255443	0.366364	0.116235	1.238122	
2729000	-306.401998	1	2	0	'1 1 1 1 0 0 1 1 	D	0.473032	0.473032	0.473032	0.473032	1.708032	1.708032	0.473032	0.473032	0.268549	0.241642	0.385207	0.104602	0.962133	
2730000	-305.864854	1	2	1	'1 1 1 1 0 0 Z 1 	D	0.584716	0.584716	0.584716	0.584716	1.850136	1.850136	0.000000	0.584716	0.444504	0.522627	0.032694	0.000176	1.846527	
2731000	-305.746367	1	2	1	'1 1 1 1 0 0 Z 1 	D	0.548297	0.548297	0.548297	0.548297	1.903645	1.903645	0.000000	0.548297	0.452303	0.510711	0.036803	0.000183	1.834616	
2732000	-305.838167	1	2	1	'1 1 1 1 0 0 Z 1 	D	0.570470	0.570470	0.570470	0.570470	2.460517	2.460517	0.000000	0.570470	0.444403	0.508620	0.046701	0.000276	1.765074	
2733000	-306.082109	1	2	1	'1 1 1 1 0 0 Z 1 	D	0.572765	0.572765	0.572765	0.572765	2.539132	2.539132	0.000000	0.572765	0.443473	0.508457	0.047782	0.000287	1.537624	
2734000	-307.642919	1	2	0	'1 1 1 1 0 0 1 1 	D	0.424951	0.424951	0.424951	0.424951	2.554511	2.554511	0.424951	0.424951	0.217775	0.164483	0.524099	0.093643	1.819470	
2735000	-305.563618	1	2	1	'1 1 1 1 0 0 Z 1 	D	0.622659	0.622659	0.622659	0.622659	2.330694	2.330694	0.000000	0.622659	0.434494	0.524494	0.040744	0.000268	1.629732	
2736000	-305.881339	1	2	0	'1 1 1 1 0 0 1 1 	D	0.494007	0.494007	0.494007	0.494007	2.138287	2.138287	0.494007	0.494007	0.245492	0.216934	0.429542	0.108032	0.897139	
2737000	-305.815887	1	2	0	'1 1 1 1 0 0 1 1 	D	0.488566	0.488566	0.488566	0.488566	2.067149	2.067149	0.488566	0.488566	0.248483	0.219170	0.425216	0.107132	0.682419	
2738000	-310.121011	1	2	0	'1 1 1 1 0 0 1 1 	D	0.669029	0.669029	0.669029	0.669029	1.461388	1.461388	0.669029	0.669029	0.284347	0.344452	0.237975	0.133226	0.930436	
2739000	-306.337876	1	2	0	'1 1 1 1 0 0 1 1 	D	0.479945	0.479945	0.479945	0.479945	1.722008	1.722008	0.479945	0.479945	0.268201	0.243643	0.382376	0.105780	1.102971	
2740000	-311.031871	1	2	0	'1 0 0 0 1 1 0 1 	D	1.234869	0.501626	0.501626	0.501626	1.234869	1.234869	0.501626	1.234869	0.399479	0.255174	0.171377	0.173969	1.184678	
2741000	-306.531800	1	2	1	'1 1 1 1 0 0 Z 1 	D	0.585572	0.585572	0.585572	0.585572	1.708311	1.708311	0.000000	0.585572	0.444769	0.526181	0.028900	0.000150	1.177665	
2742000	-307.006237	1	2	0	'1 1 1 1 0 0 1 1 	D	0.578437	0.578437	0.578437	0.578437	2.412868	2.412868	0.578437	0.578437	0.239197	0.233290	0.404054	0.123460	0.807635	
2743000	-306.321256	1	2	1	'1 1 1 1 0 0 Z 1 	D	0.526721	0.526721	0.526721	0.526721	2.529331	2.529331	0.000000	0.526721	0.453290	0.494038	0.052394	0.000278	1.923160	
2744000	-306.546924	1	2	0	'1 1 1 1 0 0 1 1 	D	0.584743	0.584743	0.584743	0.584743	1.885192	1.885192	0.584743	0.584743	0.262310	0.271447	0.342259	0.123984	0.865381	
2745000	-306.451421	1	2	1	'1 1 1 1 0 0 Z 1 	D	0.539642	0.539642	0.539642	0.539642	1.735388	1.735388	0.000000	0.539642	0.455023	0.512010	0.032814	0.000153	1.652346	
2746000	-305.873000	1	2	0	'1 1 1 1 0 0 1 1 	D	0.515487	0.515487	0.515487	0.515487	2.087206	2.087206	0.515487	0.515487	0.249744	0.229454	0.408786	0.112016	1.424036	
2747000	-306.111195	1	2	0	'0 0 0 0 1 1 0 0 	D	0.508937	0.508937	0.508937	0.508937	1.803895	1.803895	0.508937	0.508937	0.264950	0.249203	0.375054	0.110793	1.747593	
2748000	-305.811801	1	2	0	'0 0 0 0 1 1 0 0 	D	0.492844	0.492844	0.492844	0.492844	2.058950	2.058950	0.492844	0.492844	0.249313	0.221648	0.421116	0.107923	1.203831	
2749000	-306.885851	1	2	0	'0 0 0 0 1 1 0 0 	D	0.422486	0.422486	0.422486	0.422486	1.671115	1.671115	0.422486	0.422486	0.264763	0.218072	0.421248	0.095917	0.297270	
2750000	-306.355109	1	2	0	'0 0 0 0 1 1 0 0 	D	0.483174	0.483174	0.483174	0.483174	2.344621	2.344621	0.483174	0.483174	0.235169	0.200553	0.458667	0.105611	0.995633	
2751000	-307.182595	1	2	1	'0 0 0 0 1 1 Z 0 	D	0.534791	0.534791	0.534791	0.534791	2.745234	2.745234	0.000000	0.534791	0.450231	0.494905	0.054558	0.000305	1.287025	
2752000	-307.069400	1	2	0	'0 0 0 0 1 1 0 0 	D	0.463368	0.463368	0.463368	0.463368	2.510066	2.510066	0.463368	0.463368	0.226107	0.184230	0.488288	0.101375	0.861037	
2753000	-307.505705	1	2	1	'0 0 0 0 1 1 Z 0 	D	0.472672	0.472672	0.472672	0.472672	1.664194	1.664194	0.000000	0.472672	0.471533	0.490317	0.038007	0.000143	0.840264	
2754000	-305.914527	1	2	0	'0 0 0 0 1 1 0 0 	D	0.464337	0.464337	0.464337	0.464337	1.907149	1.907149	0.464337	0.464337	0.254687	0.219436	0.422921	0.102956	1.331637	
2755000	-306.425906	1	2	1	'0 0 0 0 1 1 Z 0 	D	0.460797	0.460797	0.460797	0.460797	2.101793	2.101793	0.000000	0.460797	0.471064	0.474033	0.054682	0.000221	1.412119	
2756000	-305.536621	1	2	1	'0 0 0 0 1 1 Z 0 	D	0.578417	0.578417	0.578417	0.578417	2.341540	2.341540	0.000000	0.578417	0.443422	0.512371	0.043947	0.000259	1.811185	
2757000	-307.145691	1	2	0	'0 0 0 0 1 1 0 0 	D	0.555918	0.555918	0.555918	0.555918	1.627509	1.627509	0.555918	0.555918	0.277785	0.286798	0.317546	0.117872	1.161348	
2758000	-306.365304	1	2	0	'0 0 0 0 1 1 0 0 	D	0.566822	0.566822	0.566822	0.566822	1.872370	1.872370	0.566822	0.566822	0.262913	0.266230	0.350001	0.120856	0.936703	
2759000	-306.359602	1	2	0	'0 0 0 0 1 1 0 0 	D	0.511995	0.511995	0.511995	0.511995	2.344404	2.344404	0.511995	0.511995	0.238095	0.212670	0.438173	0.111061	1.638335	
2760000	-306.462633	1	2	0	'0 0 0 0 1 1 0 0 	D	0.428827	0.428827	0.428827	0.428827	2.258274	2.258274	0.428827	0.428827	0.230729	0.179098	0.494826	0.095347	1.004994	
2761000	-306.213863	1	2	1	'1 1 1 1 0 0 Z 1 	D	0.541400	0.541400	0.541400	0.541400	1.782637	1.782637	0.000000	0.541400	0.454425	0.511362	0.034052	0.000161	1.218634	
2762000	-305.634151	1	2	1	'1 1 1 1 0 0 Z 1 	D	0.518595	0.518595	0.518595	0.518595	2.122519	2.122519	0.000000	0.518595	0.457740	0.496562	0.045479	0.000220	1.121086	
2763000	-306.057075	1	2	1	'1 1 1 1 0 0 Z 1 	D	0.699850	0.699850	0.699850	0.699850	2.099844	2.099844	0.000000	0.699850	0.421005	0.545627	0.033121	0.000248	0.811437	
2764000	-306.864451	1	2	0	'1 1 1 1 0 0 1 1 	D	0.617775	0.617775	0.617775	0.617775	2.091545	2.091545	0.617775	0.617775	0.252178	0.265591	0.351787	0.130445	0.954442	
2765000	-306.490070	1	2	1	'1 1 1 1 0 0 Z 1 	D	0.491729	0.491729	0.491729	0.491729	2.457530	2.457530	0.000000	0.491729	0.461402	0.482024	0.056306	0.000267	1.373342	
2766000	-306.798391	1	2	0	'1 1 1 1 0 0 1 1 	D	0.528700	0.528700	0.528700	0.528700	2.454690	2.454690	0.528700	0.528700	0.235229	0.213679	0.437065	0.114027	1.358613	
2767000	-306.602260	1	2	1	'1 1 1 1 0 0 Z 1 	D	0.503910	0.503910	0.503910	0.503910	1.757163	1.757163	0.000000	0.503910	0.463366	0.499393	0.037084	0.000157	0.785166	
2768000	-305.958682	1	2	1	'1 1 1 1 0 0 Z 1 	D	0.644244	0.644244	0.644244	0.644244	2.469826	2.469826	0.000000	0.644244	0.429628	0.528112	0.041964	0.000297	1.992028	
2769000	-306.892313	1	2	0	'1 1 1 1 0 0 1 1 	D	0.446767	0.446767	0.446767	0.446767	1.625908	1.625908	0.446767	0.446767	0.271776	0.236580	0.391486	0.100158	1.028084	
2770000	-306.012746	1	2	0	'1 1 1 1 0 0 1 1 	D	0.544254	0.544254	0.544254	0.544254	2.036493	2.036493	0.544254	0.544254	0.253801	0.244521	0.384485	0.117194	1.621154	
2771000	-305.969084	1	2	0	'1 1 1 1 0 0 1 1 	D	0.498581	0.498581	0.498581	0.498581	2.193693	2.193693	0.498581	0.498581	0.243334	0.215511	0.432358	0.108797	0.525953	
2772000	-306.058765	1	2	1	'1 1 1 1 0 0 Z 1 	D	0.687814	0.687814	0.687814	0.687814	2.006183	2.006183	0.000000	0.687814	0.423487	0.544678	0.031610	0.000225	1.312221	
2773000	-306.003202	1	2	0	'1 1 1 1 0 0 1 1 	D	0.542930	0.542930	0.542930	0.542930	2.038697	2.038697	0.542930	0.542930	0.253638	0.243851	0.385551	0.116959	1.160880	
2774000	-306.157074	1	2	0	'0 0 0 0 1 1 0 0 	D	0.546141	0.546141	0.546141	0.546141	1.880557	1.880557	0.546141	0.546141	0.262051	0.257728	0.362906	0.117315	1.976490	
2775000	-307.041906	1	2	0	'0 0 0 0 1 1 0 0 	D	0.428422	0.428422	0.428422	0.428422	1.626162	1.626162	0.428422	0.428422	0.269225	0.226243	0.407494	0.097038	0.575106	
2776000	-305.722839	1	2	1	'0 0 0 0 1 1 Z 0 	D	0.526172	0.526172	0.526172	0.526172	1.966270	1.966270	0.000000	0.526172	0.456987	0.502160	0.040660	0.000194	0.585332	
2777000	-306.342773	1	2	1	'0 0 0 0 1 1 Z 0 	D	0.468349	0.468349	0.468349	0.468349	2.213370	2.213370	0.000000	0.468349	0.468437	0.475476	0.055851	0.000236	1.917766	
2778000	-305.942941	1	2	0	'0 0 0 0 1 1 0 0 	D	0.533676	0.533676	0.533676	0.533676	2.007266	2.007266	0.533676	0.533676	0.254806	0.242571	0.387332	0.115291	1.359899	
2779000	-305.959903	1	2	1	'0 0 0 0 1 1 Z 0 	D	0.522333	0.522333	0.522333	0.522333	1.881152	1.881152	0.000000	0.522333	0.458352	0.502725	0.038744	0.000179	1.438745	
2780000	-306.810771	1	2	1	'0 0 0 0 1 1 Z 0 	D	0.459108	0.459108	0.459108	0.459108	2.373539	2.373539	0.000000	0.459108	0.469180	0.469273	0.061288	0.000259	0.930752	
2781000	-306.781743	1	2	1	'0 0 0 0 1 1 Z 0 	D	0.676457	0.676457	0.676457	0.676457	1.765216	1.765216	0.000000	0.676457	0.426206	0.546960	0.026660	0.000173	0.837416	
2782000	-306.027500	1	2	1	'0 0 0 0 1 1 Z 0 	D	0.488407	0.488407	0.488407	0.488407	2.022762	2.022762	0.000000	0.488407	0.465332	0.487178	0.047285	0.000205	1.527776	
2783000	-312.272433	1	2	1	'0 Z 0 0 1 1 0 0 	D	0.518978	0.000000	0.518978	0.518978	1.863250	1.863250	0.518978	0.518978	0.013228	0.078789	0.568685	0.339297	0.806639	
2784000	-306.451393	1	2	0	'0 0 0 0 1 1 0 0 	D	0.586191	0.586191	0.586191	0.586191	2.112463	2.112463	0.586191	0.586191	0.251270	0.254057	0.369873	0.124800	1.604419	
2785000	-305.817913	1	2	1	'0 0 0 0 1 1 Z 0 	D	0.637371	0.637371	0.637371	0.637371	2.427685	2.427685	0.000000	0.637371	0.431148	0.526943	0.041621	0.000288	1.002731	
2786000	-307.432260	1	2	1	'1 1 1 1 0 0 Z 1 	D	0.568471	0.568471	0.568471	0.568471	1.576772	1.576772	0.000000	0.568471	0.448840	0.524913	0.026123	0.000124	1.706376	
2787000	-306.150211	1	2	0	'1 1 1 1 0 0 1 1 	D	0.474932	0.474932	0.474932	0.474932	1.779268	1.779268	0.474932	0.474932	0.263879	0.235673	0.395509	0.104940	0.759419	
2788000	-305.804755	1	2	1	'1 1 1 1 0 0 Z 1 	D	0.566902	0.566902	0.566902	0.566902	2.444773	2.444773	0.000000	0.566902	0.445241	0.507737	0.046749	0.000273	1.550153	
2789000	-305.510164	1	2	1	'1 1 1 1 0 0 Z 1 	D	0.588316	0.588316	0.588316	0.588316	1.979001	1.979001	0.000000	0.588316	0.443204	0.520972	0.035623	0.000200	1.055209	
2790000	-306.642813	1	2	1	'1 1 1 1 0 0 Z 1 	D	0.465158	0.465158	0.465158	0.465158	1.886892	1.886892	0.000000	0.465158	0.471819	0.480691	0.047305	0.000185	0.861660	
2791000	-305.412848	1	2	1	'1 1 1 1 0 0 Z 1 	D	0.580195	0.580195	0.580195	0.580195	2.260422	2.260422	0.000000	0.580195	0.443500	0.513982	0.042271	0.000247	1.654143	
2792000	-307.540891	1	2	1	'1 1 1 1 0 0 Z 1 	D	0.459615	0.459615	0.459615	0.459615	1.694479	1.694479	0.000000	0.459615	0.474599	0.483927	0.041323	0.000151	0.410019	
2793000	-305.501444	1	2	1	'1 1 1 1 0 0 Z 1 	D	0.536056	0.536056	0.536056	0.536056	2.147900	2.147900	0.000000	0.536056	0.453673	0.502096	0.044007	0.000224	1.348139	
2794000	-306.872172	1	2	0	'1 1 1 1 0 0 1 1 	D	0.504465	0.504465	0.504465	0.504465	1.614799	1.614799	0.504465	0.504465	0.277471	0.266652	0.346299	0.109578	1.085940	
2795000	-305.677857	1	2	1	'1 1 1 1 0 0 Z 1 	D	0.623693	0.623693	0.623693	0.623693	2.389862	2.389862	0.000000	0.623693	0.433994	0.524002	0.041727	0.000278	1.010821	
2796000	-305.853990	1	2	0	'1 1 1 1 0 0 1 1 	D	0.494163	0.494163	0.494163	0.494163	2.114561	2.114561	0.494163	0.494163	0.246655	0.218520	0.426730	0.108095	0.949722	
2797000	-305.818449	1	2	0	'1 1 1 1 0 0 1 1 	D	0.501275	0.501275	0.501275	0.501275	1.983953	1.983953	0.501275	0.501275	0.253984	0.230779	0.405727	0.109510	1.515293	
2798000	-305.474677	1	2	1	'0 0 0 0 1 1 Z 0 	D	0.558524	0.558524	0.558524	0.558524	2.268792	2.268792	0.000000	0.558524	0.448048	0.507423	0.044283	0.000245	1.116748	
2799000	-306.061872	1	2	0	'0 0 0 0 1 1 0 0 	D	0.458391	0.458391	0.458391	0.458391	2.192949	2.192949	0.458391	0.458391	0.238649	0.197284	0.462811	0.101255	0.847888	
2800000	-308.788274	1	2	1	'0 0 0 0 1 1 Z 0 	D	0.678899	0.678899	0.678899	0.678899	3.044824	3.044824	0.000000	0.678899	0.420541	0.530809	0.048249	0.000401	1.807758	
2801000	-309.328113	1	2	0	'0 0 0 0 0 1 0 0 	D	0.551216	0.551216	0.551216	0.551216	0.551216	2.980608	0.551216	0.551216	0.600061	0.239317	0.133501	0.027120	1.555361	
2802000	-310.113833	1	2	0	'0 0 0 0 0 1 0 0 	D	0.718725	0.718725	0.718725	0.718725	0.718725	2.600220	0.718725	0.718725	0.445899	0.352857	0.140005	0.061238	1.640216	
2803000	-309.274699	1	2	0	'0 0 0 0 0 1 0 0 	D	0.644558	0.644558	0.644558	0.644558	0.644558	2.849851	0.644558	0.644558	0.515063	0.303156	0.138331	0.043450	1.150497	
2804000	-310.223042	1	3	1	'1 0 0 0 2 2 Z 2 	D	1.508002	0.363814	0.363814	0.363814	2.135362	2.135362	0.000000	2.135362	0.632281	0.273263	0.084138	0.010317	1.883146	
2805000	-311.258371	1	2	1	'1 0 0 0 1 1 Z 1 	D	1.283319	0.590030	0.590030	0.590030	1.283319	1.283319	0.000000	1.283319	0.553339	0.423937	0.022225	0.000498	1.466165	
2806000	-307.167088	1	2	1	'1 1 1 1 0 0 Z 1 	D	0.717770	0.717770	0.717770	0.717770	1.788074	1.788074	0.000000	0.717770	0.418668	0.555004	0.026142	0.000187	1.419535	
2807000	-307.615848	1	2	1	'1 1 1 1 0 0 Z 1 	D	0.485553	0.485553	0.485553	0.485553	2.709081	2.709081	0.000000	0.485553	0.461013	0.477541	0.061150	0.000295	0.990494	
2808000	-306.186289	1	2	1	'1 1 1 1 0 0 Z 1 	D	0.695932	0.695932	0.695932	0.695932	2.398302	2.398302	0.000000	0.695932	0.420498	0.540558	0.038639	0.000304	1.762361	
2809000	-305.988021	1	2	1	'1 1 1 1 0 0 Z 1 	D	0.587886	0.587886	0.587886	0.587886	2.520152	2.520152	0.000000	0.587886	0.440471	0.512979	0.046262	0.000288	1.422813	
2810000	-305.848751	1	2	0	'1 1 1 1 0 0 1 1 	D	0.504635	0.504635	0.504635	0.504635	2.095165	2.095165	0.504635	0.504635	0.248530	0.224343	0.417092	0.110035	1.225087	
2811000	-306.157395	1	2	0	'1 1 1 1 0 0 1 1 	D	0.551825	0.551825	0.551825	0.551825	2.159802	2.159802	0.551825	0.551825	0.248331	0.238819	0.394247	0.118603	1.095065	
2812000	-307.591266	1	2	1	'1 1 1 1 0 0 Z 1 	D	0.750389	0.750389	0.750389	0.750389	2.667086	2.667086	0.000000	0.750389	0.410190	0.548272	0.041156	0.000382	1.563321	
2813000	-307.056918	1	2	1	'1 1 1 1 0 0 Z 1 	D	0.658414	0.658414	0.658414	0.658414	2.747494	2.747494	0.000000	0.658414	0.425622	0.528629	0.045403	0.000346	1.011482	
2814000	-310.254263	1	2	1	'1 1 1 1 1 0 Z 1 	D	0.776667	0.776667	0.776667	0.776667	0.776667	2.983205	0.000000	0.776667	0.500574	0.490696	0.008651	0.000079	1.437024	
2815000	-310.068678	1	2	0	'1 1 0 1 0 0 1 0 	D	0.328451	0.328451	1.074364	0.328451	1.074364	1.074364	0.328451	1.074364	0.127137	0.537735	0.161142	0.173987	1.916051	
2816000	-309.927710	1	2	0	'1 1 0 1 0 0 1 0 	D	0.307732	0.307732	1.137309	0.307732	1.137309	1.137309	0.307732	1.137309	0.111362	0.529489	0.172599	0.186550	1.004232	
2817000	-310.954508	1	2	0	'1 1 0 1 0 0 1 0 	D	0.451558	0.451558	1.062095	0.451558	1.062095	1.062095	0.451558	1.062095	0.167529	0.540465	0.133043	0.158963	0.318628	
2818000	-309.388706	1	2	0	'1 1 1 1 1 0 1 1 	D	0.645271	0.645271	0.645271	0.645271	0.645271	3.193177	0.645271	0.645271	0.540910	0.286585	0.133887	0.038618	1.073925	
2819000	-310.384661	1	2	0	'1 1 1 1 1 0 1 1 	D	0.727858	0.727858	0.727858	0.727858	0.727858	3.421671	0.727858	0.727858	0.498211	0.317290	0.135197	0.049302	0.953300	
2820000	-312.744130	1	2	1	'1 1 1 1 1 0 Z 1 	D	0.526975	0.526975	0.526975	0.526975	0.526975	2.416311	0.000000	0.526975	0.636656	0.349628	0.013662	0.000053	1.798077	
2821000	-311.748274	1	2	0	'1 0 1 0 1 1 0 1 	D	1.027936	0.351257	1.027936	0.351257	1.027936	1.027936	0.351257	1.027936	0.262738	0.457148	0.130571	0.149543	0.767074	
2822000	-311.812785	1	2	0	'1 0 1 0 1 1 0 1 	D	1.143786	0.220242	1.143786	0.220242	1.143786	1.143786	0.220242	1.143786	0.218019	0.400278	0.182447	0.199257	0.566673	
2823000	-311.720048	1	2	0	'1 0 1 0 1 1 0 1 	D	1.122332	0.229087	1.122332	0.229087	1.122332	1.122332	0.229087	1.122332	0.223975	0.407569	0.176467	0.191988	1.475860	
2824000	-313.256356	1	2	0	'1 0 1 0 1 1 0 1 	D	0.983787	0.190808	0.983787	0.190808	0.983787	0.983787	0.190808	0.983787	0.233256	0.398898	0.184215	0.183631	0.649394	
2825000	-307.782791	1	2	0	'1 1 1 1 0 0 1 0 	D	0.296626	0.296626	0.296626	0.296626	2.416605	2.416605	0.296626	2.416605	0.115488	0.102623	0.361199	0.420690	0.974809	
2826000	-305.839401	1	2	0	'1 1 1 1 0 0 1 0 	D	0.260163	0.260163	0.260163	0.260163	1.849013	1.849013	0.260163	1.849013	0.129270	0.102364	0.379943	0.388423	1.165485	
2827000	-307.010681	1	2	0	'1 1 1 1 0 0 1 0 	D	0.234163	0.234163	0.234163	0.234163	1.501801	1.501801	0.234163	1.501801	0.144307	0.106711	0.391037	0.357945	1.327096	
2828000	-305.184704	1	2	0	'1 1 1 1 0 0 1 0 	D	0.291117	0.291117	0.291117	0.291117	1.870397	1.870397	0.291117	1.870397	0.144549	0.122003	0.361932	0.371517	0.448759	
2829000	-305.630748	1	2	0	'1 1 1 1 0 0 1 0 	D	0.273227	0.273227	0.273227	0.273227	1.906427	1.906427	0.273227	1.906427	0.132363	0.108039	0.372782	0.386816	0.938372	
2830000	-305.995437	1	2	0	'1 1 1 1 0 0 1 0 	D	0.251375	0.251375	0.251375	0.251375	1.763430	1.763430	0.251375	1.763430	0.130738	0.101177	0.384506	0.383579	1.740507	
2831000	-304.852966	1	2	0	'1 1 1 1 0 0 1 0 	D	0.331394	0.331394	0.331394	0.331394	1.927805	1.927805	0.331394	1.927805	0.159502	0.145321	0.340293	0.354884	1.053329	
2832000	-305.324516	1	3	1	'1 1 1 1 0 2 Z 0 	D	0.405481	0.405481	0.405481	0.405481	1.164858	1.936151	0.000000	1.164858	0.483272	0.501703	0.014703	0.000322	1.547650	
2833000	-311.147606	1	2	1	'0 0 0 0 0 1 Z 0 	D	0.771810	0.771810	0.771810	0.771810	0.771810	3.739528	0.000000	0.771810	0.544593	0.447833	0.007508	0.000066	1.610994	
2834000	-310.198746	1	2	0	'0 0 0 0 0 1 0 0 	D	0.741890	0.741890	0.741890	0.741890	0.741890	2.934240	0.741890	0.741890	0.458425	0.341632	0.140728	0.059215	1.390208	
2835000	-310.218549	1	2	0	'0 0 0 0 0 1 0 0 	D	0.579782	0.579782	0.579782	0.579782	0.579782	2.226704	0.579782	0.579782	0.497559	0.320480	0.137750	0.044211	1.017168	
2836000	-310.403580	1	2	0	'0 0 0 0 0 1 0 0 	D	0.673041	0.673041	0.673041	0.673041	0.673041	3.711629	0.673041	0.673041	0.551934	0.285787	0.125327	0.036952	1.157898	
2837000	-309.376025	1	2	0	'0 0 0 0 0 1 0 0 	D	0.583872	0.583872	0.583872	0.583872	0.583872	2.606106	0.583872	0.583872	0.538491	0.285077	0.139049	0.037383	0.633920	
2838000	-310.921428	1	2	1	'0 0 0 0 0 1 Z 0 	D	0.754325	0.754325	0.754325	0.754325	0.754325	2.311860	0.000000	0.754325	0.467099	0.524604	0.008229	0.000068	0.975745	
2839000	-311.352179	1	2	0	'1 0 1 0 1 1 0 1 	D	1.210752	0.262466	1.210752	0.262466	1.210752	1.210752	0.262466	1.210752	0.220617	0.414585	0.169748	0.195050	1.260121	
2840000	-311.454422	1	2	0	'1 0 1 0 1 1 0 1 	D	1.263923	0.337410	1.263923	0.337410	1.263923	1.263923	0.337410	1.263923	0.227840	0.434577	0.151920	0.185663	1.580747	
2841000	-311.325562	1	2	0	'1 0 1 0 1 1 0 1 	D	1.116372	0.275099	1.116372	0.275099	1.116372	1.116372	0.275099	1.116372	0.236664	0.428945	0.157889	0.176503	1.740821	
2842000	-310.411485	1	2	1	'1 1 1 1 1 0 Z 1 	D	0.732448	0.732448	0.732448	0.732448	0.732448	2.523745	0.000000	0.732448	0.491949	0.499119	0.008861	0.000071	1.260728	
2843000	-310.036614	1	2	0	'1 1 1 1 1 0 1 1 	D	0.683574	0.683574	0.683574	0.683574	0.683574	2.424365	0.683574	0.683574	0.450461	0.352629	0.138466	0.058444	1.382730	
2844000	-309.225097	1	2	0	'1 1 1 1 1 0 1 1 	D	0.570366	0.570366	0.570366	0.570366	0.570366	2.987898	0.570366	0.570366	0.584562	0.251606	0.134070	0.029761	1.921367	
2845000	-310.930440	1	2	0	'1 1 1 1 1 0 1 1 	D	0.609997	0.609997	0.609997	0.609997	0.609997	2.020540	0.609997	0.609997	0.451118	0.361511	0.132870	0.054501	1.524917	
2846000	-310.233267	1	2	1	'1 1 1 1 1 0 Z 1 	D	0.672838	0.672838	0.672838	0.672838	0.672838	2.722070	0.000000	0.672838	0.543607	0.446418	0.009907	0.000067	1.210288	
2847000	-306.637373	1	2	1	'0 0 0 0 1 1 Z 0 	D	0.486819	0.486819	0.486819	0.486819	2.480345	2.480345	0.000000	0.486819	0.462315	0.479866	0.057548	0.000270	1.386296	
2848000	-306.512656	1	2	0	'0 0 0 0 1 1 0 0 	D	0.435872	0.435872	0.435872	0.435872	1.729967	1.729967	0.435872	0.435872	0.262494	0.219901	0.419440	0.098165	1.915748	
2849000	-307.648854	1	2	0	'1 1 1 1 0 0 1 1 	D	0.390800	0.390800	0.390800	0.390800	2.428900	2.428900	0.390800	0.390800	0.214983	0.151579	0.546384	0.087053	1.895443	
2850000	-305.435060	1	2	1	'1 1 1 1 0 0 Z 1 	D	0.558423	0.558423	0.558423	0.558423	2.051786	2.051786	0.000000	0.558423	0.449295	0.510888	0.039608	0.000210	1.105462	
2851000	-305.828943	1	2	1	'1 1 1 1 0 0 Z 1 	D	0.664639	0.664639	0.664639	0.664639	2.009484	2.009484	0.000000	0.664639	0.427775	0.539528	0.032477	0.000220	1.047497	
2852000	-305.868916	1	2	0	'1 1 1 1 0 0 1 1 	D	0.478333	0.478333	0.478333	0.478333	2.116227	2.116227	0.478333	0.478333	0.244926	0.211284	0.438621	0.105168	0.712506	
2853000	-306.114578	1	2	0	'0 0 0 0 1 1 0 0 	D	0.484182	0.484182	0.484182	0.484182	1.788325	1.788325	0.484182	0.484182	0.264138	0.239304	0.390022	0.106536	1.469435	
2854000	-305.859633	1	2	1	'0 0 0 0 1 1 Z 0 	D	0.527469	0.527469	0.527469	0.527469	2.376433	2.376433	0.000000	0.527469	0.454112	0.495955	0.049675	0.000258	1.612378	
2855000	-308.825698	1	2	1	'0 0 0 0 1 1 Z 0 	D	0.526621	0.526621	0.526621	0.526621	3.013338	3.013338	0.000000	0.526621	0.450415	0.490575	0.058679	0.000331	1.278834	
2856000	-307.008140	1	2	0	'0 0 0 0 1 1 0 0 	D	0.393320	0.393320	0.393320	0.393320	2.257457	2.257457	0.393320	0.393320	0.223193	0.160109	0.528524	0.088174	1.091782	
2857000	-306.401006	1	2	1	'0 0 0 0 1 1 Z 0 	D	0.629195	0.629195	0.629195	0.629195	2.622678	2.622678	0.000000	0.629195	0.431737	0.522823	0.045125	0.000316	1.706229	
2858000	-305.423140	1	2	1	'0 0 0 0 1 1 Z 0 	D	0.561596	0.561596	0.561596	0.561596	2.054736	2.054736	0.000000	0.561596	0.448586	0.511800	0.039404	0.000211	0.975116	
2859000	-311.778979	1	2	0	'0 1 1 1 0 0 1 1 	D	1.432667	0.445811	0.445811	0.445811	1.432667	1.432667	0.445811	0.445811	0.428974	0.189465	0.293904	0.087657	0.745129	
2860000	-309.763255	1	2	1	'0 1 1 1 0 0 Z 1 	D	1.748886	0.588614	0.588614	0.588614	1.748886	1.748886	0.000000	0.588614	0.585694	0.351700	0.062153	0.000453	1.471248	
2861000	-313.542650	1	2	1	'1 0 0 0 1 1 Z 0 	D	1.544805	0.341465	0.341465	0.341465	1.544805	1.544805	0.000000	0.341465	0.652547	0.179283	0.167707	0.000463	0.653424	
2862000	-306.156498	1	3	1	'1 0 0 0 2 2 Z 0 	D	0.700389	0.434654	0.434654	0.434654	2.227123	2.227123	0.000000	0.434654	0.555400	0.364014	0.080265	0.000321	0.728634	
2863000	-315.301388	1	2	2	'0 Z 1 1 0 0 Z 0 	D	2.026922	0.000000	0.869740	0.869740	2.026922	2.026922	0.000000	2.026922	0.338602	0.554755	0.092878	0.013765	1.501160	
2864000	-306.418887	1	2	1	'0 0 0 0 1 1 Z 0 	D	0.720095	0.720095	0.720095	0.720095	2.018914	2.018914	0.000000	0.720095	0.417724	0.551083	0.030955	0.000237	1.388797	
2865000	-306.574829	1	2	1	'0 0 0 0 1 1 Z 0 	D	0.653374	0.653374	0.653374	0.653374	1.763080	1.763080	0.000000	0.653374	0.430634	0.541864	0.027333	0.000169	1.152373	
2866000	-309.891174	1	2	0	'0 1 1 1 0 0 1 0 	D	1.611846	0.309063	0.309063	0.309063	1.611846	1.611846	0.309063	1.611846	0.317013	0.098780	0.270305	0.313903	0.671156	
2867000	-306.080251	1	2	0	'0 0 0 0 1 1 0 0 	D	0.541527	0.541527	0.541527	0.541527	1.905947	1.905947	0.541527	0.541527	0.260500	0.253752	0.369184	0.116564	1.955137	
2868000	-305.350368	1	2	1	'0 0 0 0 1 1 Z 0 	D	0.592623	0.592623	0.592623	0.592623	2.162137	2.162137	0.000000	0.592623	0.441424	0.518960	0.039383	0.000233	1.199210	
2869000	-308.978001	1	2	0	'0 0 0 0 1 1 0 0 	D	0.369078	0.369078	0.369078	0.369078	1.482864	1.482864	0.369078	0.369078	0.270008	0.204852	0.438143	0.086997	0.663092	
2870000	-306.134240	1	2	1	'0 0 0 0 1 1 Z 0 	D	0.632644	0.632644	0.632644	0.632644	2.545278	2.545278	0.000000	0.632644	0.431467	0.524463	0.043765	0.000305	1.067755	
2871000	-306.453256	1	2	1	'0 0 0 0 1 1 Z 0 	D	0.662128	0.662128	0.662128	0.662128	1.803958	1.803958	0.000000	0.662128	0.428851	0.542968	0.028002	0.000178	1.620439	
2872000	-306.021496	1	2	0	'0 0 0 0 1 1 0 0 	D	0.438438	0.438438	0.438438	0.438438	2.018986	2.018986	0.438438	0.438438	0.244566	0.198015	0.459496	0.097923	1.757131	
2873000	-309.266262	1	2	0	'0 0 0 0 0 1 0 0 	D	0.567128	0.567128	0.567128	0.567128	0.567128	2.790788	0.567128	0.567128	0.570306	0.260663	0.137174	0.031857	1.782568	
2874000	-310.526908	1	2	0	'0 1 1 1 0 0 1 0 	D	1.169103	0.272818	0.272818	0.272818	1.169103	1.169103	0.272818	1.169103	0.405146	0.116297	0.248252	0.230305	1.478035	
2875000	-311.690704	1	2	0	'0 1 1 1 0 0 1 0 	D	1.681269	0.212896	0.212896	0.212896	1.681269	1.681269	0.212896	1.681269	0.231423	0.043656	0.328972	0.395948	1.504373	
2876000	-311.789991	1	2	1	'0 1 1 1 0 0 Z 0 	D	1.454047	0.687006	0.687006	0.687006	1.454047	1.454047	0.000000	1.454047	0.517349	0.454406	0.027425	0.000819	0.696327	
2877000	-305.602531	1	2	1	'0 0 0 0 1 1 Z 0 	D	0.654377	0.654377	0.654377	0.654377	2.165409	2.165409	0.000000	0.654377	0.429115	0.534579	0.036059	0.000247	0.639030	
2878000	-304.887277	1	3	0	'0 1 0 1 2 2 1 2 	D	0.801860	0.268853	0.801860	0.268853	1.747344	1.747344	0.268853	1.747344	0.179046	0.265957	0.259186	0.295812	1.410444	
2879000	-311.736668	1	2	0	'0 1 0 1 0 0 1 0 	D	1.086763	0.235872	1.086763	0.235872	1.086763	1.086763	0.235872	1.086763	0.231396	0.414744	0.170414	0.183446	0.602364	
2880000	-312.595686	1	2	0	'0 1 0 1 0 0 1 0 	D	0.998902	0.426638	0.998902	0.426638	0.998902	0.998902	0.426638	0.998902	0.274483	0.470375	0.115805	0.139337	1.664478	
2881000	-311.495082	1	2	0	'0 1 0 1 0 0 1 0 	D	1.057893	0.283816	1.057893	0.283816	1.057893	1.057893	0.283816	1.057893	0.247412	0.437192	0.150169	0.165228	0.490146	
2882000	-304.592209	1	3	0	'0 1 0 1 2 2 1 2 	D	0.525695	0.190437	0.525695	0.190437	1.477998	1.477998	0.190437	1.477998	0.163312	0.188475	0.323872	0.324342	0.910846	
2883000	-311.303913	1	2	0	'0 1 0 1 0 0 1 0 	D	1.242488	0.306616	1.242488	0.306616	1.242488	1.242488	0.306616	1.242488	0.225615	0.427856	0.158080	0.188448	0.476488	
2884000	-307.460860	1	2	0	'1 1 1 1 0 0 1 1 	D	0.526148	0.526148	0.526148	0.526148	2.606451	2.606451	0.526148	0.526148	0.229866	0.205951	0.450939	0.113243	0.714371	
2885000	-306.362256	1	2	1	'1 1 1 1 0 0 Z 1 	D	0.534434	0.534434	0.534434	0.534434	1.758253	1.758253	0.000000	0.534434	0.456140	0.509755	0.033948	0.000157	1.027133	
2886000	-308.355784	1	2	0	'1 1 1 1 0 0 1 1 	D	0.693604	0.693604	0.693604	0.693604	2.230437	2.230437	0.693604	0.693604	0.244696	0.276273	0.334395	0.144636	1.324250	
2887000	-306.070089	1	2	0	'1 1 1 1 0 0 1 1 	D	0.516744	0.516744	0.516744	0.516744	1.832472	1.832472	0.516744	0.516744	0.263643	0.249986	0.374202	0.112169	1.643010	
2888000	-306.005681	1	2	1	'1 1 1 1 0 0 Z 1 	D	0.517586	0.517586	0.517586	0.517586	2.398592	2.398592	0.000000	0.517586	0.456129	0.492260	0.051350	0.000260	1.705150	
2889000	-306.629239	1	3	0	'2 2 1 2 1 0 2 1 	D	0.384288	0.384288	1.156099	0.384288	1.156099	2.019536	0.384288	1.156099	0.145839	0.502073	0.204526	0.147561	0.411825	
2890000	-310.356725	1	2	1	'1 1 1 1 1 0 Z 1 	D	0.733681	0.733681	0.733681	0.733681	0.733681	3.365435	0.000000	0.733681	0.548975	0.442492	0.008465	0.000068	0.843904	
2891000	-310.376820	1	2	0	'1 1 1 1 1 0 1 1 	D	0.608724	0.608724	0.608724	0.608724	0.608724	2.165120	0.608724	0.608724	0.469422	0.343866	0.135959	0.050754	0.425092	
2892000	-309.488713	1	2	0	'1 1 1 1 1 0 1 1 	D	0.662938	0.662938	0.662938	0.662938	0.662938	3.190900	0.662938	0.662938	0.527825	0.295790	0.134882	0.041503	0.830843	
2893000	-310.297283	1	2	1	'1 1 1 1 1 0 Z 1 	D	0.648456	0.648456	0.648456	0.648456	0.648456	2.827582	0.000000	0.648456	0.570952	0.418669	0.010314	0.000064	0.779794	
2894000	-305.987379	1	2	1	'0 0 0 0 1 1 Z 0 	D	0.616442	0.616442	0.616442	0.616442	2.514656	2.514656	0.000000	0.616442	0.434776	0.520706	0.044223	0.000295	1.114116	
2895000	-306.780123	1	2	0	'0 0 0 0 1 1 0 0 	D	0.404482	0.404482	0.404482	0.404482	1.763581	1.763581	0.404482	0.404482	0.254572	0.198559	0.454534	0.092335	1.142544	
2896000	-305.946897	1	2	0	'0 0 0 0 1 1 0 0 	D	0.488000	0.488000	0.488000	0.488000	2.181299	2.181299	0.488000	0.488000	0.242855	0.211639	0.438656	0.106850	0.627413	
2897000	-306.483398	1	2	1	'0 0 0 0 1 1 Z 0 	D	0.506212	0.506212	0.506212	0.506212	1.777959	1.777959	0.000000	0.506212	0.462705	0.499656	0.037478	0.000161	0.582377	
2898000	-305.362468	1	2	1	'0 0 0 0 1 1 Z 0 	D	0.584560	0.584560	0.584560	0.584560	2.095585	2.095585	0.000000	0.584560	0.443448	0.517800	0.038532	0.000220	1.859860	
2899000	-307.480545	1	2	0	'0 0 0 0 1 1 0 0 	D	0.358726	0.358726	0.358726	0.358726	1.905224	1.905224	0.358726	0.358726	0.233614	0.158544	0.525485	0.082357	1.181618	
2900000	-305.704870	1	2	1	'0 0 0 0 1 1 Z 0 	D	0.567858	0.567858	0.567858	0.567858	1.900243	1.900243	0.000000	0.567858	0.447969	0.516720	0.035127	0.000184	0.997762	
2901000	-308.388804	1	2	1	'0 0 0 0 1 1 Z 0 	D	0.555986	0.555986	0.555986	0.555986	2.985649	2.985649	0.000000	0.555986	0.444440	0.499973	0.055251	0.000337	1.060653	
2902000	-306.095052	1	2	0	'0 0 0 0 1 1 0 0 	D	0.549370	0.549370	0.549370	0.549370	1.944589	1.944589	0.549370	0.549370	0.258669	0.253589	0.369744	0.117997	1.235722	
2903000	-305.979352	1	2	1	'0 0 0 0 1 1 Z 0 	D	0.694270	0.694270	0.694270	0.694270	2.119818	2.119818	0.000000	0.694270	0.421928	0.544138	0.033684	0.000250	0.546378	
2904000	-306.148676	1	2	0	'0 0 0 0 1 1 0 0 	D	0.429220	0.429220	0.429220	0.429220	1.921093	1.921093	0.429220	0.429220	0.248747	0.200015	0.454774	0.096464	1.906593	
2905000	-306.059118	1	2	0	'0 0 0 0 1 1 0 0 	D	0.452689	0.452689	0.452689	0.452689	1.850774	1.850774	0.452689	0.452689	0.256693	0.218119	0.424239	0.100949	1.362442	
2906000	-306.029664	1	2	1	'0 0 0 0 1 1 Z 0 	D	0.675295	0.675295	0.675295	0.675295	1.961479	1.961479	0.000000	0.675295	0.425935	0.542774	0.031078	0.000213	1.226015	
2907000	-306.561775	1	2	1	'0 0 0 0 1 1 Z 0 	D	0.528165	0.528165	0.528165	0.528165	2.595794	2.595794	0.000000	0.528165	0.452559	0.493910	0.053245	0.000287	1.807061	
2908000	-306.089260	1	2	0	'0 0 0 0 1 1 0 0 	D	0.527193	0.527193	0.527193	0.527193	2.215024	2.215024	0.527193	0.527193	0.244632	0.225984	0.415321	0.114063	1.583493	
2909000	-306.448346	1	2	0	'0 0 0 0 1 1 0 0 	D	0.413621	0.413621	0.413621	0.413621	2.160749	2.160749	0.413621	0.413621	0.232460	0.176152	0.498739	0.092649	1.250036	
2910000	-305.845467	1	2	0	'0 0 0 0 1 1 0 0 	D	0.466810	0.466810	0.466810	0.466810	2.031226	2.031226	0.466810	0.466810	0.247948	0.211470	0.437388	0.103194	0.817999	
2911000	-306.856754	1	2	1	'0 0 0 0 1 1 Z 0 	D	0.659075	0.659075	0.659075	0.659075	1.720724	1.720724	0.000000	0.659075	0.429600	0.544106	0.026132	0.000161	1.858076	
2912000	-305.650421	1	2	1	'0 0 0 0 1 1 Z 0 	D	0.532866	0.532866	0.532866	0.532866	1.981021	1.981021	0.000000	0.532866	0.455379	0.504104	0.040321	0.000196	1.697244	
2913000	-305.935116	1	2	0	'0 0 0 0 1 1 0 0 	D	0.460751	0.460751	0.460751	0.460751	2.119402	2.119402	0.460751	0.460751	0.242573	0.202782	0.452767	0.101878	0.720615	
2914000	-308.681774	1	2	1	'0 0 0 0 1 1 Z 0 	D	0.591852	0.591852	0.591852	0.591852	1.447635	1.447635	0.000000	0.591852	0.443671	0.534902	0.021324	0.000102	1.651988	
2915000	-306.426598	1	2	0	'0 0 0 0 1 1 0 0 	D	0.406157	0.406157	0.406157	0.406157	1.951063	1.951063	0.406157	0.406157	0.242536	0.184839	0.480696	0.091929	0.598432	
2916000	-311.368557	1	2	0	'0 1 0 1 0 0 1 0 	D	1.115969	0.343392	1.115969	0.343392	1.115969	1.115969	0.343392	1.115969	0.248281	0.449012	0.139419	0.163289	0.705451	
2917000	-305.513425	1	2	1	'1 1 1 1 0 0 Z 1 	D	0.638296	0.638296	0.638296	0.638296	2.219415	2.219415	0.000000	0.638296	0.431967	0.529933	0.037848	0.000252	0.936945	
2918000	-307.311813	1	2	1	'1 1 1 1 0 0 Z 1 	D	0.741469	0.741469	0.741469	0.741469	1.830665	1.830665	0.000000	0.741469	0.414534	0.558681	0.026583	0.000203	1.770688	
2919000	-306.085484	1	2	1	'1 1 1 1 0 0 Z 1 	D	0.497163	0.497163	0.497163	0.497163	2.331452	2.331452	0.000000	0.497163	0.461102	0.485564	0.053083	0.000251	1.529795	
2920000	-307.408728	1	2	1	'1 1 1 1 0 0 Z 1 	D	0.433461	0.433461	0.433461	0.433461	2.379334	2.379334	0.000000	0.433461	0.474588	0.456910	0.068238	0.000264	1.348056	
2921000	-305.818339	1	2	0	'1 1 1 1 0 0 1 1 	D	0.504652	0.504652	0.504652	0.504652	2.014144	2.014144	0.504652	0.504652	0.252644	0.230014	0.407242	0.110100	0.882210	
2922000	-306.900238	1	2	1	'1 1 1 1 0 0 Z 1 	D	0.701492	0.701492	0.701492	0.701492	1.799156	1.799156	0.000000	0.701492	0.421540	0.551510	0.026764	0.000186	1.368168	
2923000	-306.415582	1	2	0	'1 1 1 1 0 0 1 1 	D	0.439754	0.439754	0.439754	0.439754	1.748559	1.748559	0.439754	0.439754	0.261741	0.220284	0.419157	0.098819	1.371873	
2924000	-305.593065	1	2	1	'1 1 1 1 0 0 Z 1 	D	0.531063	0.531063	0.531063	0.531063	2.028703	2.028703	0.000000	0.531063	0.455510	0.502559	0.041727	0.000205	0.723338	
2925000	-306.571900	1	2	1	'1 1 1 1 0 0 Z 1 	D	0.556261	0.556261	0.556261	0.556261	2.647040	2.647040	0.000000	0.556261	0.446287	0.502494	0.050921	0.000298	1.626981	
2926000	-308.404461	1	2	0	'1 1 1 1 0 0 1 1 	D	0.549481	0.549481	0.549481	0.549481	2.761607	2.761607	0.549481	0.549481	0.226886	0.208136	0.447580	0.117397	1.338894	
2927000	-306.465344	1	2	0	'1 1 1 1 0 0 1 1 	D	0.588014	0.588014	0.588014	0.588014	2.100717	2.100717	0.588014	0.588014	0.251810	0.255491	0.367587	0.125111	1.584516	
2928000	-306.335745	1	2	0	'1 1 1 1 0 0 1 1 	D	0.511535	0.511535	0.511535	0.511535	2.336916	2.336916	0.511535	0.511535	0.238356	0.212877	0.437780	0.110988	1.412048	
2929000	-306.458832	1	2	1	'1 1 1 1 0 0 Z 1 	D	0.568165	0.568165	0.568165	0.568165	1.720075	1.720075	0.000000	0.568165	0.448580	0.521004	0.030265	0.000151	1.566109	
2930000	-306.664362	1	2	0	'1 1 1 1 0 0 1 1 	D	0.504708	0.504708	0.504708	0.504708	1.654330	1.654330	0.504708	0.504708	0.274637	0.262354	0.353251	0.109758	0.694026	
2931000	-307.864387	1	2	0	'1 1 1 1 0 0 1 1 	D	0.672061	0.672061	0.672061	0.672061	1.957109	1.957109	0.672061	0.672061	0.256692	0.291468	0.312348	0.139493	1.652005	
2932000	-305.789994	1	2	1	'1 1 1 1 0 0 Z 1 	D	0.570686	0.570686	0.570686	0.570686	1.871722	1.871722	0.000000	0.570686	0.447471	0.518163	0.034187	0.000179	1.786593	
2933000	-306.412928	1	2	0	'1 1 1 1 0 0 1 1 	D	0.551364	0.551364	0.551364	0.551364	2.293897	2.293897	0.551364	0.551364	0.242669	0.230468	0.408387	0.118476	1.781491	
2934000	-307.390570	1	2	1	'1 1 1 1 0 0 Z 1 	D	0.780424	0.780424	0.780424	0.780424	1.996557	1.996557	0.000000	0.780424	0.407882	0.562585	0.029279	0.000253	1.832469	
2935000	-306.717820	1	2	1	'1 1 1 1 0 0 Z 1 	D	0.741541	0.741541	0.741541	0.741541	2.018878	2.018878	0.000000	0.741541	0.414089	0.555215	0.030451	0.000244	1.929201	
2936000	-305.881568	1	2	1	'1 1 1 1 0 0 Z 1 	D	0.553667	0.553667	0.553667	0.553667	2.452298	2.452298	0.000000	0.553667	0.447992	0.503615	0.048122	0.000272	0.590407	
2937000	-305.500245	1	2	1	'1 1 1 1 0 0 Z 1 	D	0.614172	0.614172	0.614172	0.614172	2.306169	2.306169	0.000000	0.614172	0.436303	0.522637	0.040798	0.000261	1.710281	
2938000	-311.620405	1	2	2	'1 Z 1 1 0 0 Z 1 	D	0.624020	0.000000	0.624020	0.624020	2.146536	2.146536	0.000000	0.624020	0.159404	0.728096	0.110914	0.001586	1.795880	
2939000	-306.569684	1	2	0	'1 1 1 1 0 0 1 1 	D	0.458879	0.458879	0.458879	0.458879	1.678767	1.678767	0.458879	0.458879	0.269199	0.237415	0.391187	0.102199	1.003035	
2940000	-305.806319	1	2	0	'1 1 1 1 0 0 1 1 	D	0.484737	0.484737	0.484737	0.484737	2.038403	2.038403	0.484737	0.484737	0.249588	0.219407	0.424535	0.106471	0.935441	
2941000	-308.424148	1	2	0	'1 1 1 1 0 0 1 1 	D	0.601538	0.601538	0.601538	0.601538	1.519144	1.519144	0.601538	0.601538	0.284308	0.316348	0.275391	0.123953	1.486070	
2942000	-305.917317	1	2	0	'1 1 1 1 0 0 1 1 	D	0.474735	0.474735	0.474735	0.474735	2.147654	2.147654	0.474735	0.474735	0.242965	0.207665	0.444931	0.104438	0.811868	
2943000	-305.820599	1	2	1	'1 1 1 1 0 0 Z 1 	D	0.511348	0.511348	0.511348	0.511348	1.981337	1.981337	0.000000	0.511348	0.460301	0.496668	0.042835	0.000197	0.909439	
2944000	-306.025616	1	2	1	'1 1 1 1 0 0 Z 1 	D	0.700437	0.700437	0.700437	0.700437	2.167592	2.167592	0.000000	0.700437	0.420653	0.544682	0.034404	0.000261	1.558019	
2945000	-306.040772	1	2	0	'1 1 1 1 0 0 1 1 	D	0.538640	0.538640	0.538640	0.538640	1.919575	1.919575	0.538640	0.538640	0.259649	0.251474	0.372794	0.116083	1.784036	
2946000	-307.525142	1	2	1	'1 1 1 1 0 0 Z 1 	D	0.710533	0.710533	0.710533	0.710533	1.706327	1.706327	0.000000	0.710533	0.420049	0.555317	0.024466	0.000168	1.307165	
2947000	-310.343800	1	2	0	'1 1 1 1 1 0 1 1 	D	0.693416	0.693416	0.693416	0.693416	0.693416	3.607643	0.693416	0.693416	0.531759	0.297615	0.129339	0.041287	1.555849	
2948000	-311.711063	1	2	0	'1 1 1 1 1 0 1 1 	D	0.430354	0.430354	0.430354	0.430354	0.430354	2.586355	0.430354	0.430354	0.672229	0.171235	0.140431	0.016105	0.864015	
2949000	-310.878118	1	2	0	'1 1 1 1 1 0 1 1 	D	0.784820	0.784820	0.784820	0.784820	0.784820	2.853952	0.784820	0.784820	0.429485	0.359780	0.142098	0.068637	1.149090	
2950000	-311.128606	1	2	0	'1 1 1 1 1 0 1 1 	D	0.509223	0.509223	0.509223	0.509223	0.509223	3.833171	0.509223	0.509223	0.689496	0.190003	0.105232	0.015270	1.773199	
2951000	-309.174687	1	2	0	'1 1 1 1 1 0 1 1 	D	0.593119	0.593119	0.593119	0.593119	0.593119	3.016468	0.593119	0.593119	0.568209	0.264563	0.134448	0.032781	1.461674	
2952000	-311.230829	1	2	1	'1 1 1 1 1 0 Z 1 	D	0.626536	0.626536	0.626536	0.626536	0.626536	3.675518	0.000000	0.626536	0.650289	0.341421	0.008245	0.000046	1.504016	
2953000	-309.468497	1	2	0	'1 1 1 1 1 0 1 1 	D	0.611109	0.611109	0.611109	0.611109	0.611109	2.530816	0.611109	0.611109	0.509508	0.307959	0.139208	0.043325	0.627302	
2954000	-311.300747	1	2	1	'1 1 1 1 1 0 Z 1 	D	0.603020	0.603020	0.603020	0.603020	0.603020	2.416769	0.000000	0.603020	0.565382	0.423450	0.011109	0.000059	1.195528	
2955000	-309.216563	1	2	0	'1 1 1 1 1 0 1 1 	D	0.599262	0.599262	0.599262	0.599262	0.599262	3.109773	0.599262	0.599262	0.570440	0.264009	0.133006	0.032545	0.972463	
2956000	-309.537067	1	2	0	'0 1 1 1 0 0 1 0 	D	1.544203	0.332012	0.332012	0.332012	1.544203	1.544203	0.332012	1.544203	0.340670	0.117337	0.255610	0.286383	1.211276	
2957000	-310.186652	1	2	0	'0 0 1 0 1 1 0 1 	D	0.400973	0.400973	1.118591	0.400973	1.118591	1.118591	0.400973	1.118591	0.143468	0.538995	0.146956	0.170581	1.556987	
2958000	-306.355867	1	2	0	'1 1 1 1 0 0 1 1 	D	0.572367	0.572367	0.572367	0.572367	2.168178	2.168178	0.572367	0.572367	0.248604	0.245590	0.383458	0.122348	0.932272	
2959000	-306.265337	1	2	1	'1 1 1 1 0 0 Z 1 	D	0.473846	0.473846	0.473846	0.473846	2.228969	2.228969	0.000000	0.473846	0.467080	0.477593	0.055089	0.000238	1.157537	
2960000	-306.190039	1	2	0	'1 1 1 1 0 0 1 1 	D	0.469564	0.469564	0.469564	0.469564	2.273469	2.273469	0.469564	0.469564	0.236500	0.198120	0.462194	0.103186	1.760789	
2961000	-305.416755	1	2	1	'1 1 1 1 0 0 Z 1 	D	0.604081	0.604081	0.604081	0.604081	2.058945	2.058945	0.000000	0.604081	0.439548	0.523793	0.036443	0.000217	1.023357	
2962000	-305.834673	1	2	1	'1 1 1 1 0 0 Z 1 	D	0.528452	0.528452	0.528452	0.528452	2.369222	2.369222	0.000000	0.528452	0.453944	0.496377	0.049421	0.000257	1.572602	
2963000	-308.979851	1	2	0	'1 1 1 1 0 0 1 1 	D	0.427323	0.427323	0.427323	0.427323	1.374897	1.374897	0.427323	0.427323	0.291622	0.257479	0.354183	0.096716	1.844765	
2964000	-306.300622	1	2	1	'1 1 1 1 0 0 Z 1 	D	0.470177	0.470177	0.470177	0.470177	2.203338	2.203338	0.000000	0.470177	0.468108	0.476419	0.055238	0.000235	1.901024	
2965000	-306.473274	1	2	1	'1 1 1 1 0 0 Z 1 	D	0.622566	0.622566	0.622566	0.622566	1.741748	1.741748	0.000000	0.622566	0.436853	0.535005	0.027983	0.000160	1.824463	
2966000	-305.972708	1	2	0	'1 1 1 1 0 0 1 1 	D	0.469516	0.469516	0.469516	0.469516	2.172431	2.172431	0.469516	0.469516	0.241128	0.203748	0.451716	0.103408	1.830492	
2967000	-306.520786	1	2	0	'1 1 1 1 0 0 1 1 	D	0.483407	0.483407	0.483407	0.483407	1.677747	1.677747	0.483407	0.483407	0.271590	0.249861	0.372239	0.106310	0.553421	
2968000	-306.478375	1	2	1	'1 1 1 1 0 0 Z 1 	D	0.563042	0.563042	0.563042	0.563042	2.632950	2.632950	0.000000	0.563042	0.444953	0.504677	0.050073	0.000297	1.444758	
2969000	-305.937519	1	2	0	'1 1 1 1 0 0 1 1 	D	0.451884	0.451884	0.451884	0.451884	2.066301	2.066301	0.451884	0.451884	0.244064	0.201780	0.453819	0.100337	1.768950	
2970000	-309.322444	1	2	1	'1 1 1 1 0 0 Z 1 	D	0.891290	0.891290	0.891290	0.891290	2.294196	2.294196	0.000000	0.891290	0.391415	0.574891	0.033308	0.000387	0.679145	
2971000	-306.822358	1	2	0	'1 1 1 1 0 0 1 1 	D	0.387002	0.387002	0.387002	0.387002	1.889871	1.889871	0.387002	0.387002	0.242085	0.177704	0.491839	0.088372	1.196276	
2972000	-305.384873	1	2	1	'1 1 1 1 0 0 Z 1 	D	0.607581	0.607581	0.607581	0.607581	2.201977	2.201977	0.000000	0.607581	0.438152	0.522393	0.039213	0.000242	1.727560	
2973000	-305.846262	1	2	0	'1 1 1 1 0 0 1 1 	D	0.496317	0.496317	0.496317	0.496317	1.932779	1.932779	0.496317	0.496317	0.256412	0.232529	0.402411	0.108649	1.548239	
2974000	-306.024106	1	2	0	'1 1 1 1 0 0 1 1 	D	0.507734	0.507734	0.507734	0.507734	2.215814	2.215814	0.507734	0.507734	0.243152	0.218064	0.428321	0.110463	0.982893	
2975000	-309.180386	1	2	0	'0 0 0 0 0 1 0 0 	D	0.612743	0.612743	0.612743	0.612743	0.612743	3.025482	0.612743	0.612743	0.553337	0.275875	0.135106	0.035682	1.669963	
2976000	-303.008353	1	3	1	'2 2 2 2 0 1 Z 0 	D	0.431085	0.431085	0.431085	0.431085	1.683310	3.192151	0.000000	1.683310	0.466935	0.508256	0.023568	0.001242	1.436100	
2977000	-312.768584	1	2	0	'1 1 1 1 1 0 1 1 	D	0.820315	0.820315	0.820315	0.820315	0.820315	2.163561	0.820315	0.820315	0.365897	0.409978	0.133854	0.090271	0.690586	
2978000	-303.234975	1	3	0	'2 2 2 2 1 0 2 1 	D	0.430705	0.430705	0.430705	0.430705	0.928426	3.479873	0.430705	0.928426	0.398826	0.235425	0.294117	0.071631	1.860230	
2979000	-314.233370	1	2	1	'1 1 1 1 1 0 Z 1 	D	0.865399	0.865399	0.865399	0.865399	0.865399	1.756922	0.000000	0.865399	0.409586	0.583389	0.006962	0.000063	1.514325	
2980000	-303.812006	1	3	1	'2 0 0 0 2 1 Z 2 	D	1.399741	0.444102	0.444102	0.444102	1.399741	2.782958	0.000000	1.399741	0.647495	0.314920	0.035963	0.001622	1.006224	
2981000	-305.503089	1	2	1	'1 1 1 1 0 0 Z 1 	D	0.567474	0.567474	0.567474	0.567474	1.986986	1.986986	0.000000	0.567474	0.447649	0.514837	0.037314	0.000199	1.971829	
2982000	-311.248784	1	2	0	'1 1 1 1 0 0 1 1 	D	0.354093	0.354093	0.354093	0.354093	1.296036	1.296036	0.354093	0.354093	0.286301	0.220208	0.408280	0.085211	1.553649	
2983000	-307.401420	1	2	0	'1 1 1 1 0 0 1 1 	D	0.631283	0.631283	0.631283	0.631283	1.814320	1.814320	0.631283	0.631283	0.265266	0.292950	0.310229	0.131555	1.343404	
2984000	-309.852724	1	3	0	'2 2 1 2 1 1 0 1 	D	0.447746	0.447746	1.135299	0.447746	1.135299	1.135299	0.222067	1.135299	0.179500	0.650746	0.085458	0.084296	0.193283	
2985000	-310.648170	1	2	0	'1 1 0 1 0 0 1 0 	D	0.452339	0.452339	1.153509	0.452339	1.153509	1.153509	0.452339	1.153509	0.152118	0.535972	0.140619	0.171291	1.885272	
2986000	-308.162485	1	2	0	'1 1 1 1 0 0 1 1 	D	0.653419	0.653419	0.653419	0.653419	1.714642	1.714642	0.653419	0.653419	0.269812	0.309517	0.286267	0.134405	1.188020	
2987000	-305.726708	1	2	1	'1 1 1 1 0 0 Z 1 	D	0.662874	0.662874	0.662874	0.662874	2.068156	2.068156	0.000000	0.662874	0.427895	0.538110	0.033764	0.000231	1.127237	
2988000	-306.710605	1	2	1	'1 1 1 1 0 0 Z 1 	D	0.548550	0.548550	0.548550	0.548550	1.683509	1.683509	0.000000	0.548550	0.453146	0.516147	0.030564	0.000143	0.912080	
2989000	-311.876170	1	2	0	'1 1 1 1 1 0 1 1 	D	0.430055	0.430055	0.430055	0.430055	0.430055	3.391657	0.430055	0.430055	0.727719	0.145675	0.115748	0.010858	1.053831	
2990000	-310.320939	1	2	0	'0 0 1 0 1 1 0 1 	D	0.268580	0.268580	1.108740	0.268580	1.108740	1.108740	0.268580	1.108740	0.100985	0.522450	0.184868	0.191697	0.683496	
2991000	-311.990195	1	2	0	'0 0 1 0 1 1 0 1 	D	0.342241	0.342241	0.885669	0.342241	0.885669	0.885669	0.342241	0.885669	0.167679	0.549233	0.138909	0.144178	1.822511	
2992000	-307.263142	1	2	0	'0 0 0 0 1 1 0 0 	D	0.635701	0.635701	0.635701	0.635701	1.907967	1.907967	0.635701	0.635701	0.260332	0.285646	0.321136	0.132887	1.615576	
2993000	-307.695555	1	2	0	'0 0 0 0 1 1 0 0 	D	0.541213	0.541213	0.541213	0.541213	1.520994	1.520994	0.541213	0.541213	0.285360	0.293791	0.306098	0.114751	1.953093	
2994000	-306.701072	1	2	0	'0 0 0 0 1 1 0 0 	D	0.398191	0.398191	0.398191	0.398191	2.161824	2.161824	0.398191	0.398191	0.229043	0.167544	0.513886	0.089527	1.660205	
2995000	-306.800506	1	2	0	'1 1 1 1 0 0 1 1 	D	0.612109	0.612109	0.612109	0.612109	1.976793	1.976793	0.612109	0.612109	0.257489	0.272678	0.340749	0.129084	0.266954	
2996000	-306.993645	1	2	0	'1 1 1 1 0 0 1 1 	D	0.479415	0.479415	0.479415	0.479415	2.509182	2.509182	0.479415	0.479415	0.228355	0.191318	0.475838	0.104489	1.880481	
2997000	-306.431685	1	2	1	'1 1 1 1 0 0 Z 1 	D	0.728334	0.728334	0.728334	0.728334	2.081077	2.081077	0.000000	0.728334	0.416121	0.551651	0.031974	0.000253	1.776636	
2998000	-308.523902	1	2	0	'1 1 1 1 0 0 1 1 	D	0.551952	0.551952	0.551952	0.551952	1.432698	1.432698	0.551952	0.551952	0.292128	0.309827	0.282609	0.115436	1.816334	
2999000	-307.621970	1	2	0	'1 1 1 1 0 0 1 1 	D	0.420889	0.420889	0.420889	0.420889	2.538831	2.538831	0.420889	0.420889	0.217523	0.163058	0.526544	0.092875	1.599280	
3000000	-305.477265	1	2	1	'0 0 0 0 1 1 Z 0 	D	0.585315	0.585315	0.585315	0.585315	2.311293	2.311293	0.000000	0.585315	0.442154	0.514741	0.042849	0.000256	1.623027	
3001000	-305.989042	1	2	0	'0 0 0 0 1 1 0 0 	D	0.510188	0.510188	0.510188	0.510188	1.858143	1.858143	0.510188	0.510188	0.261734	0.244880	0.382320	0.111066	1.788949	
3002000	-306.354021	1	2	1	'0 0 0 0 1 1 Z 0 	D	0.476510	0.476510	0.476510	0.476510	2.312936	2.312936	0.000000	0.476510	0.465831	0.477548	0.056372	0.000249	0.845989	
3003000	-306.133631	1	2	0	'0 0 0 0 1 1 0 0 	D	0.434710	0.434710	0.434710	0.434710	1.887594	1.887594	0.434710	0.434710	0.251732	0.205579	0.445104	0.097585	1.056032	
3004000	-307.134287	1	2	1	'0 0 0 0 1 1 Z 0 	D	0.465209	0.465209	0.465209	0.465209	1.754176	1.754176	0.000000	0.465209	0.472800	0.484420	0.042619	0.000161	1.757748	
3005000	-308.882558	1	2	1	'0 0 0 0 1 1 Z 0 	D	0.521924	0.521924	0.521924	0.521924	1.439096	1.439096	0.000000	0.521924	0.459986	0.515273	0.024642	0.000099	0.564950	
3006000	-309.214986	1	2	0	'0 0 0 0 1 1 0 0 	D	0.479987	0.479987	0.479987	0.479987	1.329682	1.329682	0.479987	0.479987	0.300397	0.292998	0.302624	0.103981	0.996635	
3007000	-306.029070	1	2	1	'0 0 0 0 1 1 Z 0 	D	0.500561	0.500561	0.500561	0.500561	2.325056	2.325056	0.000000	0.500561	0.460393	0.486938	0.052420	0.000250	1.048303	
3008000	-305.857417	1	2	1	'0 0 0 0 1 1 Z 0 	D	0.608252	0.608252	0.608252	0.608252	1.866864	1.866864	0.000000	0.608252	0.439456	0.528602	0.031760	0.000182	1.299110	
3009000	-305.618996	1	2	1	'0 0 0 0 1 1 Z 0 	D	0.528162	0.528162	0.528162	0.528162	2.023856	2.023856	0.000000	0.528162	0.456195	0.501675	0.041927	0.000204	0.908836	
3010000	-311.420918	1	2	0	'0 0 0 0 0 1 0 0 	D	0.432670	0.432670	0.432670	0.432670	0.432670	2.792680	0.432670	0.432670	0.687198	0.162566	0.135611	0.014624	1.971169	
3011000	-309.166251	1	2	0	'0 0 0 0 0 1 0 0 	D	0.593229	0.593229	0.593229	0.593229	0.593229	2.986850	0.593229	0.593229	0.565758	0.266103	0.134960	0.033179	1.786720	
3012000	-309.219197	1	2	0	'0 0 0 0 0 1 0 0 	D	0.598545	0.598545	0.598545	0.598545	0.598545	3.113325	0.598545	0.598545	0.571279	0.263424	0.132902	0.032394	1.658368	
3013000	-310.810022	1	2	1	'0 0 0 0 0 1 Z 0 	D	0.838009	0.838009	0.838009	0.838009	0.838009	3.134753	0.000000	0.838009	0.480094	0.511555	0.008263	0.000087	0.994470	
3014000	-316.547831	1	2	0	'0 0 0 0 0 1 0 0 	D	0.546861	0.546861	0.546861	0.546861	0.546861	1.277243	0.546861	0.546861	0.406025	0.425031	0.107194	0.061750	0.755970	
3015000	-310.285459	1	2	1	'1 1 1 1 1 0 Z 1 	D	0.645740	0.645740	0.645740	0.645740	0.645740	2.977352	0.000000	0.645740	0.585980	0.403785	0.010172	0.000063	1.783960	
3016000	-309.241035	1	2	0	'1 1 1 1 1 0 1 1 	D	0.621388	0.621388	0.621388	0.621388	0.621388	2.744569	0.621388	0.621388	0.522855	0.297260	0.138616	0.041269	1.806547	
3017000	-310.079337	1	2	1	'1 1 1 1 1 0 Z 1 	D	0.730497	0.730497	0.730497	0.730497	0.730497	2.899398	0.000000	0.730497	0.520527	0.470306	0.009093	0.000073	1.582304	
3018000	-310.636296	1	2	1	'1 1 1 1 1 0 Z 1 	D	0.777998	0.777998	0.777998	0.777998	0.777998	3.441500	0.000000	0.777998	0.525920	0.465925	0.008081	0.000073	1.378741	
3019000	-310.516766	1	2	1	'1 1 1 1 1 0 Z 1 	D	0.811219	0.811219	0.811219	0.811219	0.811219	2.853837	0.000000	0.811219	0.476831	0.514599	0.008487	0.000084	0.616266	
3020000	-310.687779	1	2	0	'1 1 1 1 1 0 1 1 	D	0.479891	0.479891	0.479891	0.479891	0.479891	2.469877	0.479891	0.479891	0.614874	0.220411	0.141056	0.023659	1.322180	
3021000	-310.470296	1	2	0	'1 1 1 1 1 0 1 1 	D	0.536009	0.536009	0.536009	0.536009	0.536009	2.239261	0.536009	0.536009	0.534351	0.289785	0.139423	0.036442	1.684861	
3022000	-309.546832	1	2	0	'1 1 1 1 1 0 1 1 	D	0.557917	0.557917	0.557917	0.557917	0.557917	2.561889	0.557917	0.557917	0.555190	0.271577	0.139298	0.033934	0.714195	
3023000	-310.286197	1	2	0	'1 1 1 1 1 0 1 1 	D	0.623458	0.623458	0.623458	0.623458	0.623458	2.198217	0.623458	0.623458	0.463700	0.347531	0.136156	0.052614	1.340868	
3024000	-310.326247	1	2	0	'1 1 1 1 1 0 1 1 	D	0.730170	0.730170	0.730170	0.730170	0.730170	3.359667	0.730170	0.730170	0.493123	0.320085	0.136254	0.050538	1.371335	
3025000	-306.387749	1	2	0	'1 1 1 1 0 0 1 1 	D	0.411670	0.411670	0.411670	0.411670	2.098059	2.098059	0.411670	0.411670	0.235314	0.178610	0.493597	0.092478	1.683667	
3026000	-306.634412	1	2	1	'1 1 1 1 0 0 Z 1 	D	0.662543	0.662543	0.662543	0.662543	1.767220	1.767220	0.000000	0.662543	0.428848	0.543852	0.027129	0.000171	0.781141	
3027000	-306.415573	1	2	0	'1 1 1 1 0 0 1 1 	D	0.467628	0.467628	0.467628	0.467628	2.347580	2.347580	0.467628	0.467628	0.233068	0.193462	0.470836	0.102634	1.442060	
3028000	-306.160737	1	2	0	'1 1 1 1 0 0 1 1 	D	0.495123	0.495123	0.495123	0.495123	2.281368	2.281368	0.495123	0.495123	0.239126	0.209026	0.443846	0.108001	1.355298	
3029000	-306.183985	1	2	0	'1 1 1 1 0 0 1 1 	D	0.539287	0.539287	0.539287	0.539287	2.229523	2.229523	0.539287	0.539287	0.244721	0.229774	0.409221	0.116283	1.288472	
3030000	-307.079846	1	2	0	'1 1 1 1 0 0 1 1 	D	0.387301	0.387301	0.387301	0.387301	2.238364	2.238364	0.387301	0.387301	0.222630	0.157599	0.532784	0.086987	0.681791	
3031000	-306.372185	1	2	0	'1 1 1 1 0 0 1 1 	D	0.521204	0.521204	0.521204	0.521204	1.738600	1.738600	0.521204	0.521204	0.269706	0.260807	0.356756	0.112731	1.100441	
3032000	-302.816780	1	3	0	'2 1 2 1 0 0 1 2 	D	0.676638	0.334925	0.676638	0.334925	2.243501	2.243501	0.334925	0.676638	0.199697	0.238259	0.409732	0.152312	1.152005	
3033000	-305.983835	1	2	1	'1 1 1 1 0 0 Z 1 	D	0.492280	0.492280	0.492280	0.492280	2.016348	2.016348	0.000000	0.492280	0.464480	0.488825	0.046491	0.000204	1.171871	
3034000	-307.038017	1	2	0	'0 0 0 0 1 1 0 0 	D	0.598314	0.598314	0.598314	0.598314	1.766770	1.766770	0.598314	0.598314	0.268731	0.287169	0.318395	0.125705	1.812019	
3035000	-306.313261	1	2	1	'0 0 0 0 1 1 Z 0 	D	0.683289	0.683289	0.683289	0.683289	1.892094	1.892094	0.000000	0.683289	0.424652	0.545827	0.029320	0.000201	1.558807	
3036000	-307.350171	1	2	0	'0 0 0 0 1 1 0 0 	D	0.646528	0.646528	0.646528	0.646528	1.992209	1.992209	0.646528	0.646528	0.256017	0.281632	0.327146	0.135205	1.278481	
3037000	-306.257151	1	2	1	'1 1 1 1 0 0 Z 1 	D	0.523833	0.523833	0.523833	0.523833	1.795936	1.795936	0.000000	0.523833	0.458444	0.505300	0.036092	0.000164	0.739878	
3038000	-309.784024	1	2	0	'0 0 0 0 0 1 0 0 	D	0.575156	0.575156	0.575156	0.575156	0.575156	2.393009	0.575156	0.575156	0.521744	0.299137	0.139246	0.039873	1.322283	
3039000	-309.984366	1	2	0	'0 0 0 0 0 1 0 0 	D	0.545379	0.545379	0.545379	0.545379	0.545379	2.383416	0.545379	0.545379	0.545150	0.279914	0.139841	0.035095	1.946677	
3040000	-310.296578	1	2	1	'0 0 0 0 0 1 Z 0 	D	0.772431	0.772431	0.772431	0.772431	0.772431	3.152583	0.000000	0.772431	0.512949	0.478437	0.008537	0.000077	1.702791	
3041000	-309.494044	1	2	0	'1 1 1 1 1 0 1 1 	D	0.561893	0.561893	0.561893	0.561893	0.561893	2.582201	0.561893	0.561893	0.554029	0.272571	0.139170	0.034230	1.425447	
3042000	-311.736654	1	2	0	'1 1 1 1 1 0 1 1 	D	0.645982	0.645982	0.645982	0.645982	0.645982	1.868033	0.645982	0.645982	0.414666	0.393033	0.127514	0.064787	1.183218	
3043000	-310.250916	1	2	0	'1 1 1 1 1 0 1 1 	D	0.736649	0.736649	0.736649	0.736649	0.736649	2.682725	0.736649	0.736649	0.442579	0.353873	0.140633	0.062914	1.231777	
3044000	-309.866695	1	2	0	'1 1 1 1 1 0 1 1 	D	0.686311	0.686311	0.686311	0.686311	0.686311	3.365208	0.686311	0.686311	0.522644	0.300907	0.133390	0.043059	1.200793	
3045000	-310.427903	1	2	1	'1 1 1 1 1 0 Z 1 	D	0.766058	0.766058	0.766058	0.766058	0.766058	2.589078	0.000000	0.766058	0.480573	0.510721	0.008631	0.000075	1.609205	
3046000	-315.477655	1	2	0	'1 0 0 0 1 1 0 1 	D	1.015484	0.645409	0.645409	0.645409	1.015484	1.015484	0.645409	1.015484	0.377129	0.372734	0.118179	0.131958	1.168701	
3047000	-311.666190	1	2	2	'0 Z 0 0 1 1 Z 0 	D	0.649225	0.000000	0.649225	0.649225	1.884954	1.884954	0.000000	0.649225	0.181933	0.719397	0.097394	0.001275	0.969688	
3048000	-306.156886	1	2	1	'0 0 0 0 1 1 Z 0 	D	0.586598	0.586598	0.586598	0.586598	1.780258	1.780258	0.000000	0.586598	0.444339	0.524730	0.030768	0.000163	1.331160	
3049000	-305.104346	1	3	1	'2 0 2 2 1 1 Z 2 	D	0.524938	0.391709	0.524938	0.524938	2.213390	2.213390	0.000000	0.524938	0.456137	0.500465	0.043184	0.000213	0.662424	
3050000	-306.392817	1	2	0	'1 1 1 1 0 0 1 1 	D	0.440754	0.440754	0.440754	0.440754	1.753054	1.753054	0.440754	0.440754	0.261569	0.220410	0.419033	0.098988	1.269735	
3051000	-305.642525	1	2	1	'1 1 1 1 0 0 Z 1 	D	0.615665	0.615665	0.615665	0.615665	1.949518	1.949518	0.000000	0.615665	0.437627	0.528846	0.033329	0.000198	1.034795	
3052000	-306.256788	1	2	0	'1 1 1 1 0 0 1 1 	D	0.433556	0.433556	0.433556	0.433556	1.825358	1.825358	0.433556	0.433556	0.255556	0.210025	0.436885	0.097535	1.658005	
3053000	-305.804384	1	2	0	'1 1 1 1 0 0 1 1 	D	0.488413	0.488413	0.488413	0.488413	1.993220	1.993220	0.488413	0.488413	0.252362	0.224326	0.416121	0.107191	1.671802	
3054000	-306.145618	1	2	1	'1 1 1 1 0 0 Z 1 	D	0.488363	0.488363	0.488363	0.488363	2.300015	2.300015	0.000000	0.488363	0.463290	0.482541	0.053922	0.000247	1.403144	
3055000	-306.324475	1	2	1	'1 1 1 1 0 0 Z 1 	D	0.680787	0.680787	0.680787	0.680787	2.512311	2.512311	0.000000	0.680787	0.422678	0.535976	0.041028	0.000318	1.007264	
3056000	-306.824059	1	2	0	'1 1 1 1 0 0 1 1 	D	0.385759	0.385759	0.385759	0.385759	2.074893	2.074893	0.385759	0.385759	0.230696	0.165078	0.516924	0.087302	1.243324	
3057000	-306.177311	1	2	0	'1 1 1 1 0 0 1 1 	D	0.503711	0.503711	0.503711	0.503711	1.775467	1.775467	0.503711	0.503711	0.266422	0.249547	0.374167	0.109864	0.657148	
3058000	-306.360907	1	2	1	'1 1 1 1 0 0 Z 1 	D	0.690672	0.690672	0.690672	0.690672	2.494515	2.494515	0.000000	0.690672	0.420998	0.538304	0.040379	0.000319	1.446069	
3059000	-305.651648	1	2	1	'1 1 1 1 0 0 Z 1 	D	0.552193	0.552193	0.552193	0.552193	1.934631	1.934631	0.000000	0.552193	0.451277	0.511263	0.037271	0.000189	0.987031	
3060000	-306.101830	1	2	0	'1 1 1 1 0 0 1 1 	D	0.474359	0.474359	0.474359	0.474359	1.796675	1.796675	0.474359	0.474359	0.262682	0.233789	0.398693	0.104836	1.213672	
3061000	-306.357924	1	2	0	'0 0 0 0 1 1 0 0 	D	0.453175	0.453175	0.453175	0.453175	1.739030	1.739030	0.453175	0.453175	0.264210	0.228406	0.406195	0.101189	1.899278	
3062000	-306.432616	1	2	1	'0 0 0 0 1 1 Z 0 	D	0.462539	0.462539	0.462539	0.462539	2.196692	2.196692	0.000000	0.462539	0.469875	0.473183	0.056707	0.000235	0.750710	
3063000	-306.807165	1	2	0	'0 0 0 0 1 1 0 0 	D	0.425970	0.425970	0.425970	0.425970	2.360065	2.360065	0.425970	0.425970	0.225667	0.172830	0.507041	0.094462	1.636291	
3064000	-310.026077	1	2	0	'0 0 0 0 1 1 0 0 	D	0.666431	0.666431	0.666431	0.666431	1.466027	1.466027	0.666431	0.666431	0.284227	0.343109	0.239737	0.132927	0.772566	
3065000	-309.585802	1	2	0	'0 0 0 0 0 1 0 0 	D	0.547260	0.547260	0.547260	0.547260	0.547260	2.584895	0.547260	0.547260	0.566757	0.262176	0.139186	0.031881	1.166832	
3066000	-310.893233	1	2	0	'1 1 1 1 1 0 1 1 	D	0.693207	0.693207	0.693207	0.693207	0.693207	2.145287	0.693207	0.693207	0.418409	0.381018	0.133935	0.066638	0.721600	
3067000	-310.683003	1	2	1	'1 1 1 1 1 0 Z 1 	D	0.755697	0.755697	0.755697	0.755697	0.755697	2.414728	0.000000	0.755697	0.473446	0.518038	0.008445	0.000071	1.287888	
3068000	-310.187104	1	2	0	'1 1 1 1 1 0 1 1 	D	0.561851	0.561851	0.561851	0.561851	0.561851	2.264437	0.561851	0.561851	0.516331	0.304662	0.138729	0.040277	1.145649	
3069000	-309.260130	1	2	0	'1 1 1 1 1 0 1 1 	D	0.621245	0.621245	0.621245	0.621245	0.621245	3.141488	0.621245	0.621245	0.555469	0.275509	0.133521	0.035501	1.676772	
3070000	-311.658343	1	2	1	'1 1 1 1 1 0 Z 1 	D	0.895494	0.895494	0.895494	0.895494	0.895494	3.308764	0.000000	0.895494	0.464981	0.526879	0.008043	0.000097	1.323779	
3071000	-310.968398	1	2	0	'1 1 1 1 1 0 1 1 	D	0.722050	0.722050	0.722050	0.722050	0.722050	3.759405	0.722050	0.722050	0.520077	0.306991	0.128733	0.044199	0.748555	
3072000	-309.268355	1	2	0	'1 1 1 1 1 0 1 1 	D	0.559985	0.559985	0.559985	0.559985	0.559985	2.943269	0.559985	0.559985	0.589603	0.247056	0.134538	0.028803	1.946430	
3073000	-309.767544	1	2	0	'1 0 0 0 1 1 0 1 	D	1.403687	0.266423	0.266423	0.266423	1.403687	1.403687	0.266423	1.403687	0.343978	0.089628	0.274572	0.291822	1.546672	
3074000	-309.929872	1	2	1	'1 0 0 0 1 1 Z 1 	D	1.632165	0.418682	0.418682	0.418682	1.632165	1.632165	0.000000	1.632165	0.644288	0.299502	0.053043	0.003166	0.965257	
3075000	-308.301848	1	2	1	'0 0 0 0 1 1 Z 0 	D	0.829671	0.829671	0.829671	0.829671	2.481514	2.481514	0.000000	0.829671	0.399021	0.563642	0.036945	0.000393	1.622209	
3076000	-305.365180	1	2	1	'0 0 0 0 1 1 Z 0 	D	0.584701	0.584701	0.584701	0.584701	2.091103	2.091103	0.000000	0.584701	0.443441	0.517917	0.038423	0.000219	1.443701	
3077000	-305.884151	1	2	1	'0 0 0 0 1 1 Z 0 	D	0.665076	0.665076	0.665076	0.665076	2.380723	2.380723	0.000000	0.665076	0.426149	0.534038	0.039524	0.000289	1.476263	
3078000	-306.705746	1	2	1	'0 0 0 0 1 1 Z 0 	D	0.546653	0.546653	0.546653	0.546653	1.685347	1.685347	0.000000	0.546653	0.453578	0.515518	0.030761	0.000144	1.526214	
3079000	-308.431721	1	2	1	'0 0 0 0 1 1 Z 0 	D	0.639425	0.639425	0.639425	0.639425	3.016008	3.016008	0.000000	0.639425	0.427847	0.522076	0.049702	0.000375	1.489908	
3080000	-306.785342	1	2	0	'0 0 0 0 1 1 0 0 	D	0.464879	0.464879	0.464879	0.464879	1.629819	1.629819	0.464879	0.464879	0.273483	0.245765	0.377575	0.103178	0.950177	
3081000	-305.387517	1	3	1	'0 0 0 0 2 1 Z 0 	D	0.668694	0.668694	0.668694	0.668694	2.212898	2.909224	0.000000	0.668694	0.437136	0.525383	0.037178	0.000303	1.396809	
3082000	-309.904813	1	2	0	'1 1 1 1 1 0 1 1 	D	0.515073	0.515073	0.515073	0.515073	0.515073	2.591421	0.515073	0.515073	0.595831	0.237969	0.139260	0.026940	0.912490	
3083000	-310.594502	1	2	1	'1 1 1 1 1 0 Z 1 	D	0.767530	0.767530	0.767530	0.767530	0.767530	2.487246	0.000000	0.767530	0.473238	0.518206	0.008482	0.000074	1.120319	
3084000	-309.876222	1	2	0	'1 1 0 1 0 0 1 0 	D	0.319225	0.319225	1.144082	0.319225	1.144082	1.144082	0.319225	1.144082	0.114359	0.530942	0.169452	0.185247	0.846130	
3085000	-310.319346	1	2	0	'1 1 0 1 0 0 1 0 	D	0.425137	0.425137	1.176288	0.425137	1.176288	1.176288	0.425137	1.176288	0.141548	0.535322	0.146958	0.176173	1.387907	
3086000	-310.780738	1	2	0	'1 1 0 1 0 0 1 0 	D	0.331649	0.331649	0.977040	0.331649	0.977040	0.977040	0.331649	0.977040	0.144542	0.544534	0.151433	0.159491	1.652448	
3087000	-309.914661	1	2	0	'1 1 0 1 0 0 1 0 	D	0.369197	0.369197	1.202078	0.369197	1.202078	1.202078	0.369197	1.202078	0.122482	0.531997	0.160301	0.185220	0.866037	
3088000	-306.565025	1	2	0	'0 0 0 0 1 1 0 0 	D	0.549863	0.549863	0.549863	0.549863	2.352576	2.352576	0.549863	0.549863	0.240306	0.226673	0.414871	0.118149	0.810287	
3089000	-305.982467	1	2	1	'0 0 0 0 1 1 Z 0 	D	0.488123	0.488123	0.488123	0.488123	2.139997	2.139997	0.000000	0.488123	0.464535	0.484870	0.050372	0.000224	1.737035	
3090000	-305.698279	1	2	1	'0 0 0 0 1 1 Z 0 	D	0.603975	0.603975	0.603975	0.603975	2.418580	2.418580	0.000000	0.603975	0.437763	0.518521	0.043439	0.000277	0.779502	
3091000	-305.450005	1	2	1	'0 0 0 0 1 1 Z 0 	D	0.548219	0.548219	0.548219	0.548219	2.081451	2.081451	0.000000	0.548219	0.451374	0.507175	0.041237	0.000214	0.867662	
3092000	-306.072482	1	2	0	'0 0 0 0 1 1 0 0 	D	0.540293	0.540293	0.540293	0.540293	1.905013	1.905013	0.540293	0.540293	0.260508	0.253346	0.369798	0.116348	0.913544	
3093000	-306.840820	1	2	0	'1 1 1 1 0 0 1 1 	D	0.437593	0.437593	0.437593	0.437593	1.649188	1.649188	0.437593	0.437593	0.268760	0.228996	0.403658	0.098586	0.447653	
3094000	-306.145557	1	2	1	'1 1 1 1 0 0 Z 1 	D	0.694409	0.694409	0.694409	0.694409	1.998839	1.998839	0.000000	0.694409	0.422316	0.546203	0.031255	0.000225	1.925250	
3095000	-307.425901	1	2	0	'1 1 1 1 0 0 1 1 	D	0.365939	0.365939	0.365939	0.365939	2.167387	2.167387	0.365939	0.365939	0.220493	0.148384	0.548437	0.082686	0.818942	
3096000	-306.341815	1	2	1	'1 1 1 1 0 0 Z 1 	D	0.551651	0.551651	0.551651	0.551651	1.747857	1.747857	0.000000	0.551651	0.452215	0.515413	0.032216	0.000155	0.868393	
3097000	-306.206004	1	2	1	'1 1 1 1 0 0 Z 1 	D	0.585443	0.585443	0.585443	0.585443	2.581236	2.581236	0.000000	0.585443	0.440630	0.511673	0.047402	0.000296	1.450914	
3098000	-311.041332	1	2	1	'0 0 0 0 0 1 Z 0 	D	0.580905	0.580905	0.580905	0.580905	0.580905	3.124996	0.000000	0.580905	0.655313	0.333841	0.010794	0.000052	0.940761	
3099000	-310.487459	1	2	0	'0 0 0 0 0 1 0 0 	D	0.494889	0.494889	0.494889	0.494889	0.494889	2.436082	0.494889	0.494889	0.596929	0.235803	0.140960	0.026308	1.922923	
3100000	-310.322531	1	2	1	'0 0 0 0 0 1 Z 0 	D	0.709933	0.709933	0.709933	0.709933	0.709933	3.356528	0.000000	0.709933	0.564639	0.426640	0.008656	0.000065	1.315589	
3101000	-304.246001	1	3	1	'2 2 2 2 0 1 Z 0 	D	0.628335	0.628335	0.628335	0.628335	1.150820	2.539657	0.000000	1.150820	0.444617	0.542363	0.012754	0.000266	1.085795	
3102000	-309.265136	1	2	0	'1 1 1 1 1 0 1 1 	D	0.640788	0.640788	0.640788	0.640788	0.640788	2.824993	0.640788	0.640788	0.515676	0.302675	0.138435	0.043214	1.250235	
3103000	-301.406520	1	3	0	'1 1 1 1 2 0 1 2 	D	0.363923	0.363923	0.363923	0.363923	1.138637	3.214188	0.363923	1.138637	0.305633	0.199834	0.375144	0.119389	1.060929	
3104000	-310.459180	1	2	0	'1 0 0 0 1 1 0 1 	D	1.674272	0.407208	0.407208	0.407208	1.674272	1.674272	0.407208	1.674272	0.333417	0.149104	0.238591	0.278887	1.259702	
3105000	-311.001286	1	2	1	'1 0 0 0 1 1 Z 1 	D	1.275489	0.343482	0.343482	0.343482	1.275489	1.275489	0.000000	1.275489	0.701162	0.265363	0.032443	0.001032	0.989937	
3106000	-310.472362	1	2	0	'1 1 1 1 0 0 1 1 	D	0.665959	0.665959	0.665959	0.665959	1.416635	1.416635	0.665959	0.665959	0.287596	0.349790	0.230750	0.131864	1.335624	
3107000	-305.713449	1	2	1	'1 1 1 1 0 0 Z 1 	D	0.522593	0.522593	0.522593	0.522593	2.278665	2.278665	0.000000	0.522593	0.455822	0.495542	0.048392	0.000244	0.650765	
3108000	-307.201384	1	2	0	'1 1 1 1 0 0 1 1 	D	0.584248	0.584248	0.584248	0.584248	1.680090	1.680090	0.584248	0.584248	0.274159	0.291384	0.311652	0.122805	1.445995	
3109000	-306.557793	1	2	0	'1 1 1 1 0 0 1 1 	D	0.545306	0.545306	0.545306	0.545306	2.360390	2.360390	0.545306	0.545306	0.239773	0.224604	0.418334	0.117289	0.807326	
3110000	-306.147442	1	2	0	'0 0 0 0 1 1 0 0 	D	0.471728	0.471728	0.471728	0.471728	2.259986	2.259986	0.471728	0.471728	0.237377	0.199833	0.459160	0.103629	1.445915	
3111000	-305.488279	1	2	1	'0 0 0 0 1 1 Z 0 	D	0.635565	0.635565	0.635565	0.635565	2.139606	2.139606	0.000000	0.635565	0.432858	0.530488	0.036416	0.000237	1.706279	
3112000	-305.994195	1	2	0	'0 0 0 0 1 1 0 0 	D	0.474328	0.474328	0.474328	0.474328	1.841450	1.841450	0.474328	0.474328	0.259822	0.229798	0.405571	0.104809	1.173245	
3113000	-306.354707	1	2	0	'0 0 0 0 1 1 0 0 	D	0.423864	0.423864	0.423864	0.423864	1.826708	1.826708	0.423864	0.423864	0.253851	0.204494	0.445910	0.095746	1.919520	
3114000	-305.870997	1	2	1	'0 0 0 0 1 1 Z 0 	D	0.554098	0.554098	0.554098	0.554098	2.449373	2.449373	0.000000	0.554098	0.447918	0.503782	0.048029	0.000271	0.716829	
3115000	-305.522756	1	2	1	'0 0 0 0 1 1 Z 0 	D	0.637088	0.637088	0.637088	0.637088	2.243867	2.243867	0.000000	0.637088	0.432089	0.529282	0.038372	0.000256	1.264172	
3116000	-305.770540	1	2	1	'0 0 0 0 1 1 Z 0 	D	0.508344	0.508344	0.508344	0.508344	2.043337	2.043337	0.000000	0.508344	0.460590	0.494333	0.044870	0.000207	1.217411	
3117000	-306.786189	1	2	1	'0 0 0 0 1 1 Z 0 	D	0.554473	0.554473	0.554473	0.554473	1.668763	1.668763	0.000000	0.554473	0.451829	0.518327	0.029703	0.000141	0.527700	
3118000	-305.675125	1	2	1	'0 0 0 0 1 1 Z 0 	D	0.645771	0.645771	0.645771	0.645771	2.333442	2.333442	0.000000	0.645771	0.429997	0.530150	0.039579	0.000275	1.948536	
3119000	-306.593952	1	2	0	'0 0 0 0 1 1 0 0 	D	0.428894	0.428894	0.428894	0.428894	2.305302	2.305302	0.428894	0.428894	0.228611	0.176836	0.499340	0.095214	0.949516	
3120000	-305.475437	1	2	1	'0 0 0 0 1 1 Z 0 	D	0.584085	0.584085	0.584085	0.584085	2.309602	2.309602	0.000000	0.584085	0.442419	0.514415	0.042911	0.000256	1.202876	
3121000	-306.604577	1	2	0	'0 0 0 0 1 1 0 0 	D	0.591142	0.591142	0.591142	0.591142	1.898747	1.898747	0.591142	0.591142	0.261579	0.272438	0.340844	0.125139	1.621804	
3122000	-306.129711	1	2	1	'0 0 0 0 1 1 Z 0 	D	0.508827	0.508827	0.508827	0.508827	2.409931	2.409931	0.000000	0.508827	0.457976	0.488984	0.052779	0.000261	1.688878	
3123000	-307.659498	1	2	0	'0 0 0 0 1 1 0 0 	D	0.353708	0.353708	0.353708	0.353708	2.098645	2.098645	0.353708	0.353708	0.220584	0.144144	0.555010	0.080263	1.845647	
3124000	-306.066957	1	2	1	'0 0 0 0 1 1 Z 0 	D	0.534337	0.534337	0.534337	0.534337	2.472645	2.472645	0.000000	0.534337	0.452006	0.497176	0.050546	0.000272	0.657221	
3125000	-307.594950	1	2	0	'0 0 0 0 1 1 0 0 	D	0.444209	0.444209	0.444209	0.444209	2.588770	2.588770	0.444209	0.444209	0.220178	0.172405	0.510038	0.097379	1.764066	
3126000	-307.552810	1	2	0	'0 0 0 0 1 1 0 0 	D	0.616318	0.616318	0.616318	0.616318	1.704853	1.704853	0.616318	0.616318	0.271887	0.299433	0.300449	0.128231	0.795771	
3127000	-306.235449	1	2	0	'0 0 0 0 1 1 0 0 	D	0.489062	0.489062	0.489062	0.489062	2.307768	2.307768	0.489062	0.489062	0.237370	0.205008	0.450815	0.106807	1.660132	
3128000	-306.060402	1	2	0	'0 0 0 0 1 1 0 0 	D	0.544965	0.544965	0.544965	0.544965	1.943776	1.943776	0.544965	0.544965	0.258573	0.251963	0.372241	0.117224	1.226348	
3129000	-306.796012	1	2	1	'0 0 0 0 1 1 Z 0 	D	0.472533	0.472533	0.472533	0.472533	2.456397	2.456397	0.000000	0.472533	0.465613	0.474255	0.059864	0.000268	0.466213	
3130000	-307.501044	1	2	1	'0 0 0 0 1 1 Z 0 	D	0.425981	0.425981	0.425981	0.425981	2.338747	2.338747	0.000000	0.425981	0.476484	0.453442	0.069812	0.000261	1.786726	
3131000	-306.391159	1	2	1	'0 0 0 0 1 1 Z 0 	D	0.728873	0.728873	0.728873	0.728873	2.131270	2.131270	0.000000	0.728873	0.415863	0.550952	0.032921	0.000264	1.472314	
3132000	-308.193567	1	2	1	'0 0 0 0 1 1 Z 0 	D	0.666744	0.666744	0.666744	0.666744	1.548340	1.548340	0.000000	0.666744	0.428237	0.549922	0.021712	0.000128	0.690816	
3133000	-306.403713	1	2	0	'0 0 0 0 1 1 0 0 	D	0.555483	0.555483	0.555483	0.555483	1.807827	1.807827	0.555483	0.555483	0.266417	0.267905	0.346970	0.118708	0.889668	
3134000	-305.899470	1	2	1	'0 0 0 0 1 1 Z 0 	D	0.652628	0.652628	0.652628	0.652628	1.935016	1.935016	0.000000	0.652628	0.430322	0.538150	0.031326	0.000202	1.089725	
3135000	-306.706642	1	2	0	'0 0 0 0 1 1 0 0 	D	0.545208	0.545208	0.545208	0.545208	2.405932	2.405932	0.545208	0.545208	0.238062	0.222196	0.422525	0.117217	1.971879	
3136000	-305.983469	1	2	0	'0 0 0 0 1 1 0 0 	D	0.516309	0.516309	0.516309	0.516309	2.180080	2.180080	0.516309	0.516309	0.245433	0.223760	0.418717	0.112091	1.072795	
3137000	-305.976200	1	2	0	'0 0 0 0 1 1 0 0 	D	0.461809	0.461809	0.461809	0.461809	2.153699	2.153699	0.461809	0.461809	0.241017	0.201209	0.455776	0.101998	1.810251	
3138000	-306.740176	1	2	1	'0 0 0 0 1 1 Z 0 	D	0.461703	0.461703	0.461703	0.461703	2.365990	2.365990	0.000000	0.461703	0.468676	0.470520	0.060546	0.000258	1.670189	
3139000	-307.010636	1	2	1	'0 0 0 0 1 1 Z 0 	D	0.590103	0.590103	0.590103	0.590103	2.767145	2.767145	0.000000	0.590103	0.438669	0.511315	0.049694	0.000322	1.793144	
3140000	-307.660580	1	2	1	'0 0 0 0 1 1 Z 0 	D	0.674815	0.674815	0.674815	0.674815	1.623516	1.623516	0.000000	0.674815	0.426680	0.549827	0.023348	0.000144	1.735377	
3141000	-306.077513	1	2	1	'0 0 0 0 1 1 Z 0 	D	0.618977	0.618977	0.618977	0.618977	1.820958	1.820958	0.000000	0.618977	0.437385	0.532332	0.030108	0.000175	1.410931	
3142000	-306.118856	1	2	0	'0 0 0 0 1 1 0 0 	D	0.518324	0.518324	0.518324	0.518324	1.815481	1.815481	0.518324	0.518324	0.264753	0.252206	0.370628	0.112414	1.769813	
3143000	-307.383245	1	2	0	'0 0 0 0 1 1 0 0 	D	0.462057	0.462057	0.462057	0.462057	1.533675	1.533675	0.462057	0.462057	0.280857	0.255509	0.361082	0.102552	1.037700	
3144000	-306.305871	1	2	0	'1 1 1 1 0 0 1 1 	D	0.452143	0.452143	0.452143	0.452143	1.756145	1.756145	0.452143	0.452143	0.262890	0.226236	0.409882	0.100991	1.202453	
3145000	-306.700243	1	2	1	'1 1 1 1 0 0 Z 1 	D	0.740002	0.740002	0.740002	0.740002	2.016375	2.016375	0.000000	0.740002	0.414353	0.554968	0.030435	0.000243	0.890325	
3146000	-304.629515	1	3	1	'1 2 2 2 1 0 Z 1 	D	1.412468	0.584746	0.584746	0.584746	1.412468	3.277491	0.000000	1.412468	0.580255	0.391223	0.027352	0.001169	1.762878	
3147000	-312.904723	1	2	1	'0 1 1 1 0 0 Z 0 	D	1.078670	0.516248	0.516248	0.516248	1.078670	1.078670	0.000000	1.078670	0.578091	0.406133	0.015545	0.000230	1.917044	
3148000	-310.758203	1	2	1	'0 1 1 1 0 0 Z 0 	D	1.545182	0.620790	0.620790	0.620790	1.545182	1.545182	0.000000	1.545182	0.546344	0.418314	0.034056	0.001287	1.115630	
3149000	-309.980612	1	2	0	'0 1 1 1 0 0 1 0 	D	1.268003	0.270566	0.270566	0.270566	1.268003	1.268003	0.270566	1.268003	0.379557	0.104197	0.260321	0.255926	1.647681	
3150000	-307.278273	1	2	0	'0 0 0 0 1 1 0 0 	D	0.434433	0.434433	0.434433	0.434433	1.575003	1.575003	0.434433	0.434433	0.274254	0.235428	0.392213	0.098105	1.256901	
3151000	-305.989161	1	2	1	'0 0 0 0 1 1 Z 0 	D	0.697193	0.697193	0.697193	0.697193	2.172166	2.172166	0.000000	0.697193	0.421210	0.543936	0.034593	0.000261	1.483998	
3152000	-306.453649	1	2	1	'0 0 0 0 1 1 Z 0 	D	0.701408	0.701408	0.701408	0.701408	2.490529	2.490529	0.000000	0.701408	0.419132	0.540603	0.039942	0.000323	0.671966	
3153000	-309.805069	1	2	0	'0 0 0 0 0 1 0 0 	D	0.505990	0.505990	0.505990	0.505990	0.505990	2.853382	0.505990	0.505990	0.628637	0.214028	0.134867	0.022468	1.573182	
3154000	-309.320326	1	3	1	'0 2 1 1 0 0 Z 0 	D	1.499893	0.158076	0.743912	0.743912	1.499893	1.499893	0.000000	1.499893	0.518076	0.451280	0.029604	0.001041	0.803200	
3155000	-309.846015	1	2	1	'0 1 1 1 0 0 Z 0 	D	1.430360	0.398706	0.398706	0.398706	1.430360	1.430360	0.000000	1.430360	0.663620	0.295911	0.038911	0.001558	1.789848	
3156000	-305.969789	1	2	1	'1 1 1 1 0 0 Z 1 	D	0.491414	0.491414	0.491414	0.491414	2.200341	2.200341	0.000000	0.491414	0.463342	0.485182	0.051244	0.000232	0.813247	
3157000	-306.349996	1	2	0	'1 1 1 1 0 0 1 1 	D	0.440184	0.440184	0.440184	0.440184	2.260462	2.260462	0.440184	0.440184	0.232656	0.184730	0.485047	0.097567	1.304291	
3158000	-307.368685	1	2	0	'0 0 0 0 1 1 0 0 	D	0.365939	0.365939	0.365939	0.365939	2.135250	2.135250	0.365939	0.365939	0.222176	0.149938	0.545067	0.082819	0.983615	
3159000	-306.449260	1	2	1	'0 0 0 0 1 1 Z 0 	D	0.591760	0.591760	0.591760	0.591760	1.724761	1.724761	0.000000	0.591760	0.443384	0.527455	0.029008	0.000153	0.770330	
3160000	-305.349497	1	2	1	'0 0 0 0 1 1 Z 0 	D	0.588832	0.588832	0.588832	0.588832	2.169901	2.169901	0.000000	0.588832	0.442174	0.517784	0.039808	0.000234	0.882690	
3161000	-303.980977	1	3	1	'0 2 2 2 0 1 Z 0 	D	1.032231	0.434305	0.434305	0.434305	1.032231	2.331169	0.000000	1.032231	0.639397	0.337561	0.022583	0.000459	1.892624	
3162000	-309.936549	1	2	0	'0 1 1 1 0 0 1 0 	D	1.413048	0.446456	0.446456	0.446456	1.413048	1.413048	0.446456	1.413048	0.380753	0.198234	0.204640	0.216372	0.598213	
3163000	-305.667154	1	2	1	'1 1 1 1 0 0 Z 1 	D	0.568818	0.568818	0.568818	0.568818	1.913205	1.913205	0.000000	0.568818	0.447701	0.516727	0.035385	0.000186	1.733122	
3164000	-306.030783	1	2	1	'1 1 1 1 0 0 Z 1 	D	0.582559	0.582559	0.582559	0.582559	1.807597	1.807597	0.000000	0.582559	0.445124	0.522980	0.031728	0.000168	1.415788	
3165000	-308.211539	1	2	1	'1 1 1 1 0 0 Z 1 	D	0.403779	0.403779	0.403779	0.403779	1.846805	1.846805	0.000000	0.403779	0.486405	0.450839	0.062562	0.000194	1.008749	
3166000	-309.333931	1	2	0	'1 1 1 1 1 0 1 1 	D	0.552569	0.552569	0.552569	0.552569	0.552569	2.820802	0.552569	0.552569	0.585327	0.248955	0.136445	0.029273	1.872229	
3167000	-309.403896	1	2	0	'1 1 1 1 1 0 1 1 	D	0.552690	0.552690	0.552690	0.552690	0.552690	2.709717	0.552690	0.552690	0.574834	0.256360	0.137985	0.030821	1.913091	
3168000	-311.095108	1	2	1	'1 1 1 1 1 0 Z 1 	D	0.636157	0.636157	0.636157	0.636157	0.636157	3.649671	0.000000	0.636157	0.640559	0.351099	0.008294	0.000048	1.801506	
3169000	-310.725620	1	2	0	'1 1 1 1 1 0 1 1 	D	0.543754	0.543754	0.543754	0.543754	0.543754	3.830577	0.543754	0.543754	0.660882	0.211378	0.108930	0.018811	1.415125	
3170000	-315.789421	1	2	1	'1 0 1 1 0 0 Z 0 	D	0.524465	1.472262	0.524465	0.524465	1.472262	1.472262	0.000000	1.472262	0.389465	0.589281	0.020614	0.000640	0.830809	
3171000	-311.531415	1	2	1	'1 1 1 1 0 0 Z 0 	D	0.684631	0.684631	0.684631	0.684631	1.299423	1.299423	0.000000	1.299423	0.411266	0.575087	0.013397	0.000250	0.768186	
3172000	-308.543697	1	2	1	'0 0 0 0 1 1 Z 0 	D	0.579133	0.579133	0.579133	0.579133	1.458003	1.458003	0.000000	0.579133	0.446509	0.531260	0.022128	0.000104	0.807693	
3173000	-306.161144	1	2	0	'0 0 0 0 1 1 0 0 	D	0.559452	0.559452	0.559452	0.559452	2.098392	2.098392	0.559452	0.559452	0.251374	0.245747	0.382915	0.119963	0.787227	
3174000	-308.191090	1	2	1	'0 0 0 0 1 1 Z 0 	D	0.447956	0.447956	0.447956	0.447956	1.625711	1.625711	0.000000	0.447956	0.478004	0.481238	0.040618	0.000140	0.764028	
3175000	-305.380844	1	2	1	'0 0 0 0 1 1 Z 0 	D	0.564211	0.564211	0.564211	0.564211	2.177278	2.177278	0.000000	0.564211	0.447351	0.510518	0.041899	0.000231	1.813873	
3176000	-306.841926	1	2	0	'0 0 0 0 1 1 0 0 	D	0.461912	0.461912	0.461912	0.461912	1.621120	1.621120	0.461912	0.461912	0.273851	0.245189	0.378281	0.102679	1.898290	
3177000	-306.012072	1	2	0	'0 0 0 0 1 1 0 0 	D	0.471462	0.471462	0.471462	0.471462	1.836065	1.836065	0.471462	0.471462	0.259861	0.228862	0.406970	0.104308	1.171541	
3178000	-305.918755	1	2	0	'0 0 0 0 1 1 0 0 	D	0.451852	0.451852	0.451852	0.451852	1.996141	1.996141	0.451852	0.451852	0.247888	0.206508	0.445105	0.100498	1.158900	
3179000	-306.651893	1	2	0	'0 0 0 0 1 1 0 0 	D	0.471660	0.471660	0.471660	0.471660	2.419548	2.419548	0.471660	0.471660	0.230712	0.191876	0.474186	0.103226	1.444449	
3180000	-305.939755	1	2	0	'0 0 0 0 1 1 0 0 	D	0.471559	0.471559	0.471559	0.471559	1.873699	1.873699	0.471559	0.471559	0.257535	0.225713	0.412461	0.104291	0.628707	
3181000	-307.430455	1	2	1	'1 1 1 1 0 0 Z 1 	D	0.450837	0.450837	0.450837	0.450837	1.747096	1.747096	0.000000	0.450837	0.476381	0.478374	0.045083	0.000162	1.657075	
3182000	-311.266701	1	2	0	'0 0 0 0 0 1 0 0 	D	0.616754	0.616754	0.616754	0.616754	0.616754	4.102821	0.616754	0.616754	0.614699	0.250765	0.109050	0.025486	1.773077	
3183000	-310.356869	1	2	0	'0 0 0 0 0 1 0 0 	D	0.688812	0.688812	0.688812	0.688812	0.688812	2.308063	0.688812	0.688812	0.436310	0.364712	0.136976	0.062003	1.822847	
3184000	-309.272780	1	2	0	'1 1 1 1 1 0 1 1 	D	0.561055	0.561055	0.561055	0.561055	0.561055	3.000829	0.561055	0.561055	0.593377	0.244891	0.133461	0.028270	0.974591	
3185000	-309.226442	1	2	0	'1 1 1 1 1 0 1 1 	D	0.582903	0.582903	0.582903	0.582903	0.582903	3.089299	0.582903	0.582903	0.582141	0.254866	0.132620	0.030373	1.631234	
3186000	-309.274300	1	2	0	'1 1 1 1 1 0 1 1 	D	0.560196	0.560196	0.560196	0.560196	0.560196	2.988714	0.560196	0.560196	0.593130	0.244910	0.133670	0.028290	1.190729	
3187000	-309.579369	1	2	0	'1 1 1 1 1 0 1 1 	D	0.674172	0.674172	0.674172	0.674172	0.674172	2.673540	0.674172	0.674172	0.479363	0.329295	0.139656	0.051686	1.776398	
3188000	-309.704183	1	2	0	'1 1 1 1 1 0 1 1 	D	0.542960	0.542960	0.542960	0.542960	0.542960	2.530867	0.542960	0.542960	0.564578	0.263766	0.139569	0.032086	1.896570	
3189000	-309.614921	1	2	0	'1 1 1 1 1 0 1 1 	D	0.686949	0.686949	0.686949	0.686949	0.686949	3.105290	0.686949	0.686949	0.505084	0.310929	0.137261	0.046726	1.508350	
3190000	-309.711177	1	2	0	'1 1 1 1 1 0 1 1 	D	0.522368	0.522368	0.522368	0.522368	0.522368	2.676014	0.522368	0.522368	0.597941	0.237041	0.138197	0.026821	0.614245	
3191000	-310.640688	1	2	0	'1 1 1 1 1 0 1 1 	D	0.618752	0.618752	0.618752	0.618752	0.618752	2.094649	0.618752	0.618752	0.454561	0.356894	0.134299	0.054247	0.620653	
3192000	-310.572379	1	2	0	'1 1 1 1 1 0 1 1 	D	0.747292	0.747292	0.747292	0.747292	0.747292	2.545385	0.747292	0.747292	0.425961	0.366413	0.139912	0.067714	0.760766	
3193000	-309.389462	1	2	0	'1 1 1 1 1 0 1 1 	D	0.545100	0.545100	0.545100	0.545100	0.545100	2.817183	0.545100	0.545100	0.591394	0.244024	0.136347	0.028234	1.958229	
3194000	-311.650283	1	2	0	'1 0 1 0 1 1 0 1 	D	1.036414	0.273910	1.036414	0.273910	1.036414	1.036414	0.273910	1.036414	0.248845	0.435547	0.151486	0.164122	0.754616	
3195000	-306.194293	1	2	1	'1 1 1 1 0 0 Z 1 	D	0.544204	0.544204	0.544204	0.544204	2.532386	2.532386	0.000000	0.544204	0.449520	0.499781	0.050418	0.000281	1.055376	
3196000	-305.805605	1	2	1	'1 1 1 1 0 0 Z 1 	D	0.534889	0.534889	0.534889	0.534889	1.905758	1.905758	0.000000	0.534889	0.455331	0.506370	0.038116	0.000183	1.705091	
3197000	-308.528378	1	2	1	'1 1 1 1 0 0 Z 1 	D	0.754142	0.754142	0.754142	0.754142	2.869890	2.869890	0.000000	0.754142	0.408728	0.547069	0.043781	0.000422	1.327088	
3198000	-306.097416	1	2	1	'1 1 1 1 0 0 Z 1 	D	0.641086	0.641086	0.641086	0.641086	2.522820	2.522820	0.000000	0.641086	0.429966	0.526762	0.042968	0.000305	1.265418	
3199000	-307.287619	1	2	0	'1 1 1 1 0 0 1 1 	D	0.368317	0.368317	0.368317	0.368317	1.858885	1.858885	0.368317	0.368317	0.239367	0.168073	0.507887	0.084673	1.148594	
3200000	-306.710764	1	2	0	'1 1 1 1 0 0 1 1 	D	0.415402	0.415402	0.415402	0.415402	2.285086	2.285086	0.415402	0.415402	0.226853	0.170809	0.509751	0.092588	0.905545	
3201000	-305.876184	1	2	1	'1 1 1 1 0 0 Z 1 	D	0.557332	0.557332	0.557332	0.557332	1.853130	1.853130	0.000000	0.557332	0.450509	0.514616	0.034701	0.000175	0.769061	
3202000	-306.784862	1	2	1	'1 1 1 1 0 0 Z 1 	D	0.637888	0.637888	0.637888	0.637888	1.703963	1.703963	0.000000	0.637888	0.433812	0.539596	0.026437	0.000155	1.386016	
3203000	-309.185900	1	2	0	'1 1 1 1 1 0 1 1 	D	0.622353	0.622353	0.622353	0.622353	0.622353	2.979489	0.622353	0.622353	0.542269	0.283721	0.136176	0.037834	0.582909	
3204000	-310.301189	1	2	1	'0 1 1 1 0 0 Z 0 	D	1.616937	0.363594	0.363594	0.363594	1.616937	1.616937	0.000000	1.616937	0.675628	0.261625	0.058865	0.003882	1.989443	
3205000	-306.311584	1	2	0	'0 0 0 0 1 1 0 0 	D	0.461368	0.461368	0.461368	0.461368	1.741231	1.741231	0.461368	0.461368	0.265025	0.232461	0.399905	0.102608	1.483882	
3206000	-306.822353	1	2	1	'0 0 0 0 1 1 Z 0 	D	0.606325	0.606325	0.606325	0.606325	2.730323	2.730323	0.000000	0.606325	0.435635	0.515989	0.048053	0.000323	1.662776	
3207000	-306.113815	1	3	0	'0 0 0 0 1 2 0 0 	D	0.606393	0.606393	0.606393	0.606393	1.658085	3.407694	0.606393	0.606393	0.340896	0.242631	0.340142	0.076331	1.171094	
3208000	-310.979866	1	2	0	'1 0 0 0 1 1 0 1 	D	1.079148	0.311170	0.311170	0.311170	1.079148	1.079148	0.311170	1.079148	0.435918	0.155807	0.216649	0.191626	1.236749	
3209000	-305.820294	1	2	0	'1 1 1 1 0 0 1 1 	D	0.500002	0.500002	0.500002	0.500002	1.974891	1.974891	0.500002	0.500002	0.254374	0.230902	0.405437	0.109287	1.463018	
3210000	-305.408717	1	2	1	'1 1 1 1 0 0 Z 1 	D	0.614278	0.614278	0.614278	0.614278	2.213906	2.213906	0.000000	0.614278	0.436740	0.523972	0.039042	0.000246	1.727999	
3211000	-305.712304	1	2	1	'1 1 1 1 0 0 Z 1 	D	0.656124	0.656124	0.656124	0.656124	2.037844	2.037844	0.000000	0.656124	0.429291	0.537081	0.033405	0.000223	0.944759	
3212000	-309.790097	1	2	1	'1 1 1 1 0 0 Z 1 	D	0.653053	0.653053	0.653053	0.653053	1.385410	1.385410	0.000000	0.653053	0.430739	0.551210	0.017954	0.000097	1.032725	
3213000	-306.351753	1	2	0	'1 1 1 1 0 0 1 1 	D	0.579924	0.579924	0.579924	0.579924	2.048517	2.048517	0.579924	0.579924	0.254119	0.256557	0.365749	0.123575	1.042931	
3214000	-306.048889	1	2	0	'1 1 1 1 0 0 1 1 	D	0.503131	0.503131	0.503131	0.503131	2.231751	2.231751	0.503131	0.503131	0.242045	0.215206	0.433165	0.109584	0.724484	
3215000	-307.001057	1	2	0	'1 1 1 1 0 0 1 1 	D	0.556714	0.556714	0.556714	0.556714	2.464351	2.464351	0.556714	0.556714	0.236565	0.223360	0.420759	0.119315	1.926269	
3216000	-305.929203	1	2	0	'1 1 1 1 0 0 1 1 	D	0.520553	0.520553	0.520553	0.520553	2.128302	2.128302	0.520553	0.520553	0.248121	0.228786	0.410181	0.112912	1.540557	
3217000	-309.821470	1	2	0	'0 0 0 0 1 1 0 0 	D	0.567055	0.567055	0.567055	0.567055	1.323863	1.323863	0.567055	0.567055	0.300637	0.331556	0.251878	0.115929	1.912097	
3218000	-305.732000	1	2	1	'0 0 0 0 1 1 Z 0 	D	0.670723	0.670723	0.670723	0.670723	2.163768	2.163768	0.000000	0.670723	0.426051	0.538337	0.035361	0.000251	1.912520	
3219000	-306.034108	1	2	1	'0 0 0 0 1 1 Z 0 	D	0.492790	0.492790	0.492790	0.492790	1.976472	1.976472	0.000000	0.492790	0.464642	0.489860	0.045301	0.000197	0.739318	
3220000	-310.055816	1	2	0	'0 0 0 0 0 1 0 0 	D	0.730759	0.730759	0.730759	0.730759	0.730759	2.883104	0.730759	0.730759	0.461241	0.340122	0.140557	0.058081	1.676883	
3221000	-313.116748	1	2	0	'1 1 1 1 1 0 1 1 	D	0.745654	0.745654	0.745654	0.745654	0.745654	1.795703	0.745654	0.745654	0.367739	0.423862	0.123542	0.084858	1.606296	
3222000	-306.922295	1	2	0	'0 0 0 0 1 1 0 0 	D	0.616684	0.616684	0.616684	0.616684	1.928569	1.928569	0.616684	0.616684	0.259768	0.278124	0.332419	0.129690	1.106759	
3223000	-305.665140	1	2	1	'0 0 0 0 1 1 Z 0 	D	0.642438	0.642438	0.642438	0.642438	2.006656	2.006656	0.000000	0.642438	0.432054	0.534413	0.033319	0.000214	1.137478	
3224000	-305.976107	1	2	1	'0 0 0 0 1 1 Z 0 	D	0.602431	0.602431	0.602431	0.602431	2.517337	2.517337	0.000000	0.602431	0.437545	0.516993	0.045171	0.000291	1.691208	
3225000	-305.546176	1	2	1	'0 0 0 0 1 1 Z 0 	D	0.590138	0.590138	0.590138	0.590138	2.351851	2.351851	0.000000	0.590138	0.440937	0.515565	0.043235	0.000263	1.478896	
3226000	-305.403736	1	2	1	'0 0 0 0 1 1 Z 0 	D	0.581275	0.581275	0.581275	0.581275	2.046947	2.046947	0.000000	0.581275	0.444384	0.517722	0.037682	0.000211	1.388986	
3227000	-306.208155	1	2	0	'0 0 0 0 1 1 0 0 	D	0.505288	0.505288	0.505288	0.505288	2.296346	2.296346	0.505288	0.505288	0.239468	0.212487	0.438161	0.109883	1.336513	
3228000	-306.776264	1	2	1	'0 0 0 0 1 1 Z 0 	D	0.444057	0.444057	0.444057	0.444057	2.068070	2.068070	0.000000	0.444057	0.475146	0.466878	0.057757	0.000219	0.803234	
3229000	-306.518329	1	2	1	'0 0 0 0 1 1 Z 0 	D	0.739644	0.739644	0.739644	0.739644	2.228409	2.228409	0.000000	0.739644	0.413717	0.551556	0.034439	0.000289	1.215709	
3230000	-306.327120	1	2	1	'0 0 0 0 1 1 Z 0 	D	0.505042	0.505042	0.505042	0.505042	2.462186	2.462186	0.000000	0.505042	0.458450	0.487026	0.054256	0.000268	0.714504	
3231000	-305.389070	1	2	1	'0 0 0 0 1 1 Z 0 	D	0.581470	0.581470	0.581470	0.581470	2.061085	2.061085	0.000000	0.581470	0.444274	0.517525	0.037988	0.000214	0.864086	
3232000	-305.452744	1	2	1	'0 0 0 0 1 1 Z 0 	D	0.562814	0.562814	0.562814	0.562814	2.263205	2.263205	0.000000	0.562814	0.447162	0.508812	0.043781	0.000245	1.298211	
3233000	-306.308315	1	2	1	'0 0 0 0 1 1 Z 0 	D	0.579631	0.579631	0.579631	0.579631	2.604964	2.604964	0.000000	0.579631	0.441685	0.509796	0.048221	0.000298	1.994704	
3234000	-306.377796	1	2	1	'0 0 0 0 1 1 Z 0 	D	0.584247	0.584247	0.584247	0.584247	1.735593	1.735593	0.000000	0.584247	0.444984	0.525147	0.029714	0.000155	1.616678	
3235000	-306.753201	1	2	0	'0 0 0 0 1 1 0 0 	D	0.392361	0.392361	0.392361	0.392361	1.865419	1.865419	0.392361	0.392361	0.244940	0.182816	0.482686	0.089558	1.676127	
3236000	-306.411741	1	2	0	'0 0 0 0 1 1 0 0 	D	0.417690	0.417690	0.417690	0.417690	2.172336	2.172336	0.417690	0.417690	0.232704	0.177724	0.496152	0.093420	1.142020	
3237000	-307.071961	1	2	0	'0 0 0 0 1 1 0 0 	D	0.525605	0.525605	0.525605	0.525605	1.597527	1.597527	0.525605	0.525605	0.279497	0.277961	0.329677	0.112865	0.793279	
3238000	-305.432214	1	2	1	'0 0 0 0 1 1 Z 0 	D	0.597796	0.597796	0.597796	0.597796	2.277317	2.277317	0.000000	0.597796	0.439764	0.518671	0.041312	0.000253	1.338904	
3239000	-305.740018	1	2	1	'0 0 0 0 1 1 Z 0 	D	0.539318	0.539318	0.539318	0.539318	2.363410	2.363410	0.000000	0.539318	0.451617	0.500075	0.048050	0.000257	1.262804	
3240000	-305.376259	1	2	1	'0 0 0 0 1 1 Z 0 	D	0.598223	0.598223	0.598223	0.598223	2.092301	2.092301	0.000000	0.598223	0.440605	0.521641	0.037533	0.000222	1.279865	
3241000	-307.411833	1	2	0	'0 0 0 0 1 1 0 0 	D	0.398990	0.398990	0.398990	0.398990	2.410184	2.410184	0.398990	0.398990	0.217748	0.156696	0.536734	0.088822	1.130284	
3242000	-305.904889	1	2	1	'0 0 0 0 1 1 Z 0 	D	0.509353	0.509353	0.509353	0.509353	2.314281	2.314281	0.000000	0.509353	0.458515	0.490343	0.050893	0.000248	1.668071	
3243000	-306.562717	1	2	1	'1 1 1 1 0 0 Z 1 	D	0.709973	0.709973	0.709973	0.709973	1.911143	1.911143	0.000000	0.709973	0.419787	0.551013	0.028989	0.000211	1.225724	
3244000	-306.350462	1	2	1	'1 1 1 1 0 0 Z 1 	D	0.510378	0.510378	0.510378	0.510378	2.489005	2.489005	0.000000	0.510378	0.457102	0.488703	0.053923	0.000272	1.529307	
3245000	-307.369096	1	2	0	'1 1 1 1 0 0 1 1 	D	0.416249	0.416249	0.416249	0.416249	1.592145	1.592145	0.416249	0.416249	0.270034	0.222802	0.412170	0.094994	1.946266	
3246000	-306.460367	1	2	0	'1 1 1 1 0 0 1 1 	D	0.406493	0.406493	0.406493	0.406493	2.091810	2.091810	0.406493	0.406493	0.234560	0.176085	0.497888	0.091467	0.773650	
3247000	-305.866751	1	2	1	'1 1 1 1 0 0 Z 1 	D	0.496777	0.496777	0.496777	0.496777	2.130025	2.130025	0.000000	0.496777	0.462636	0.488418	0.048724	0.000221	1.185520	
3248000	-309.815221	1	2	0	'1 1 1 1 1 0 1 1 	D	0.518959	0.518959	0.518959	0.518959	0.518959	3.246021	0.518959	0.518959	0.646943	0.207337	0.125340	0.020381	1.073162	
3249000	-309.711232	1	2	0	'1 1 1 1 1 0 1 1 	D	0.650821	0.650821	0.650821	0.650821	0.650821	2.468365	0.650821	0.650821	0.475198	0.334351	0.138895	0.051557	1.176525	
3250000	-310.512477	1	2	0	'1 1 1 1 1 0 1 1 	D	0.489878	0.489878	0.489878	0.489878	0.489878	3.430209	0.489878	0.489878	0.682847	0.183592	0.117683	0.015879	1.417972	
3251000	-310.051540	1	2	0	'1 1 1 1 1 0 1 1 	D	0.520275	0.520275	0.520275	0.520275	0.520275	2.468600	0.520275	0.520275	0.577507	0.252681	0.140215	0.029597	1.263805	
3252000	-310.388515	1	2	0	'1 1 1 1 1 0 1 1 	D	0.677929	0.677929	0.677929	0.677929	0.677929	2.261198	0.677929	0.677929	0.437781	0.364824	0.136325	0.061070	1.044658	
3253000	-311.509203	1	2	1	'1 1 1 1 1 0 Z 1 	D	0.854271	0.854271	0.854271	0.854271	0.854271	2.401160	0.000000	0.854271	0.437978	0.553872	0.008066	0.000084	1.125153	
3254000	-309.281719	1	2	0	'1 1 1 1 1 0 1 1 	D	0.560717	0.560717	0.560717	0.560717	0.560717	2.827832	0.560717	0.560717	0.579050	0.254053	0.136514	0.030383	1.941037	
3255000	-311.045229	1	2	0	'1 1 1 1 1 0 1 1 	D	0.545935	0.545935	0.545935	0.545935	0.545935	2.056562	0.545935	0.545935	0.500222	0.321081	0.136385	0.042312	0.973558	
3256000	-312.578966	1	2	0	'1 1 1 1 1 0 1 1 	D	0.548193	0.548193	0.548193	0.548193	0.548193	4.397471	0.548193	0.548193	0.684179	0.209158	0.090853	0.015809	1.677236	
3257000	-309.176373	1	2	0	'1 1 1 1 1 0 1 1 	D	0.585068	0.585068	0.585068	0.585068	0.585068	2.876973	0.585068	0.585068	0.563196	0.266999	0.136403	0.033403	1.574196	
3258000	-315.759304	1	2	2	'1 Z 1 1 1 0 Z 1 	D	0.895387	0.000000	0.895387	0.895387	0.895387	1.788772	0.000000	0.895387	0.328863	0.657882	0.013034	0.000220	1.220338	
3259000	-307.019005	1	2	0	'1 1 1 1 0 0 1 1 	D	0.531021	0.531021	0.531021	0.531021	1.612688	1.612688	0.531021	0.531021	0.278538	0.278489	0.329162	0.113811	1.779541	
3260000	-306.080955	1	2	0	'1 1 1 1 0 0 1 1 	D	0.490723	0.490723	0.490723	0.490723	2.248520	2.248520	0.490723	0.490723	0.240097	0.208942	0.443724	0.107237	1.235854	
3261000	-306.638881	1	2	0	'0 0 0 0 1 1 0 0 	D	0.478108	0.478108	0.478108	0.478108	1.653306	1.653306	0.478108	0.478108	0.272928	0.249877	0.371801	0.105395	0.311387	
3262000	-305.494674	1	2	1	'0 0 0 0 1 1 Z 0 	D	0.557089	0.557089	0.557089	0.557089	2.007096	2.007096	0.000000	0.557089	0.449823	0.511317	0.038658	0.000202	1.487994	
3263000	-305.368063	1	2	1	'0 0 0 0 1 1 Z 0 	D	0.566970	0.566970	0.566970	0.566970	2.149393	2.149393	0.000000	0.566970	0.446913	0.511792	0.041068	0.000227	1.118656	
3264000	-305.408027	1	2	1	'1 1 1 1 0 0 Z 1 	D	0.554003	0.554003	0.554003	0.554003	2.141779	2.141779	0.000000	0.554003	0.449762	0.507959	0.042054	0.000225	1.157364	
3265000	-306.060804	1	2	0	'1 1 1 1 0 0 1 1 	D	0.434386	0.434386	0.434386	0.434386	1.979984	1.979984	0.434386	0.434386	0.246116	0.198548	0.458069	0.097267	0.655369	
3266000	-305.954109	1	2	0	'1 1 1 1 0 0 1 1 	D	0.456306	0.456306	0.456306	0.456306	2.114885	2.114885	0.456306	0.456306	0.242182	0.200896	0.455870	0.101052	1.461449	
3267000	-306.040160	1	2	0	'1 1 1 1 0 0 1 1 	D	0.496500	0.496500	0.496500	0.496500	2.230419	2.230419	0.496500	0.496500	0.241482	0.212465	0.437703	0.108350	1.213672	
3268000	-305.528711	1	2	1	'1 1 1 1 0 0 Z 1 	D	0.576654	0.576654	0.576654	0.576654	1.968464	1.968464	0.000000	0.576654	0.445747	0.517880	0.036176	0.000197	0.839456	
3269000	-322.206797	1	1	0	'0 0 0 0 0 0 0 0 	I	0.818871	0.818871	0.818871	0.818871	0.818871	0.818871	0.818871	0.818871	0.314257	0.489470	0.076742	0.119530	1.175905	
3270000	-306.856831	1	2	0	'0 0 0 0 1 1 0 0 	D	0.567506	0.567506	0.567506	0.567506	2.399546	2.399546	0.567506	0.567506	0.239317	0.230343	0.408924	0.121415	1.711734	
3271000	-305.838859	1	2	0	'0 0 0 0 1 1 0 0 	D	0.508655	0.508655	0.508655	0.508655	2.065218	2.065218	0.508655	0.508655	0.250333	0.228097	0.410779	0.110791	1.628569	
3272000	-306.513089	1	2	1	'0 0 0 0 1 1 Z 0 	D	0.456818	0.456818	0.456818	0.456818	2.064323	2.064323	0.000000	0.456818	0.472290	0.472955	0.054539	0.000216	1.386740	
3273000	-305.531255	1	2	1	'0 0 0 0 1 1 Z 0 	D	0.641057	0.641057	0.641057	0.641057	2.113058	2.113058	0.000000	0.641057	0.431899	0.532252	0.035615	0.000234	0.971889	
3274000	-305.540599	1	2	1	'0 0 0 0 1 1 Z 0 	D	0.577570	0.577570	0.577570	0.577570	2.342947	2.342947	0.000000	0.577570	0.443591	0.512108	0.044042	0.000260	1.190621	
3275000	-307.615330	1	2	1	'0 0 0 0 1 1 Z 0 	D	0.800022	0.800022	0.800022	0.800022	2.057448	2.057448	0.000000	0.800022	0.404726	0.564853	0.030144	0.000276	1.891823	
3276000	-305.964239	1	2	0	'0 0 0 0 1 1 0 0 	D	0.525099	0.525099	0.525099	0.525099	1.913611	1.913611	0.525099	0.525099	0.259382	0.246494	0.380413	0.113711	1.353563	
3277000	-306.569412	1	2	0	'1 1 1 1 0 0 1 1 	D	0.503713	0.503713	0.503713	0.503713	1.673514	1.673514	0.503713	0.503713	0.273236	0.259831	0.357279	0.109653	1.203972	
3278000	-305.711920	1	2	1	'1 1 1 1 0 0 Z 1 	D	0.521377	0.521377	0.521377	0.521377	1.993905	1.993905	0.000000	0.521377	0.457919	0.499946	0.041937	0.000199	1.993692	
3279000	-305.805785	1	2	1	'1 1 1 1 0 0 Z 1 	D	0.679020	0.679020	0.679020	0.679020	2.170581	2.170581	0.000000	0.679020	0.424495	0.540068	0.035182	0.000255	1.204595	
3280000	-305.523535	1	2	1	'1 1 1 1 0 0 Z 1 	D	0.572529	0.572529	0.572529	0.572529	1.972538	1.972538	0.000000	0.572529	0.446620	0.516605	0.036578	0.000197	1.594082	
3281000	-306.969976	1	2	0	'1 1 1 1 0 0 1 1 	D	0.624562	0.624562	0.624562	0.624562	2.095785	2.095785	0.624562	0.624562	0.251910	0.267317	0.349097	0.131676	0.646160	
3282000	-307.710188	1	2	0	'1 1 1 1 0 0 1 1 	D	0.435444	0.435444	0.435444	0.435444	1.510170	1.510170	0.435444	0.435444	0.279924	0.243825	0.377995	0.098257	1.706300	
3283000	-308.288319	1	2	1	'0 0 0 0 1 1 Z 0 	D	0.778975	0.778975	0.778975	0.778975	2.743125	2.743125	0.000000	0.778975	0.405410	0.552606	0.041569	0.000415	0.927704	
3284000	-306.201332	1	2	1	'0 0 0 0 1 1 Z 0 	D	0.499625	0.499625	0.499625	0.499625	1.871326	1.871326	0.000000	0.499625	0.463730	0.494867	0.041224	0.000178	1.762010	
3285000	-306.065703	1	2	1	'0 0 0 0 1 1 Z 0 	D	0.694835	0.694835	0.694835	0.694835	2.046345	2.046345	0.000000	0.694835	0.422085	0.545468	0.032212	0.000235	1.961593	
3286000	-305.582027	1	2	1	'0 0 0 0 1 1 Z 0 	D	0.526343	0.526343	0.526343	0.526343	2.179958	2.179958	0.000000	0.526343	0.455632	0.498304	0.045835	0.000229	0.993209	
3287000	-305.989295	1	2	0	'0 0 0 0 1 1 0 0 	D	0.539555	0.539555	0.539555	0.539555	1.985969	1.985969	0.539555	0.539555	0.256161	0.246514	0.381005	0.116320	1.205859	
3288000	-306.179774	1	2	0	'1 1 1 1 0 0 1 1 	D	0.518915	0.518915	0.518915	0.518915	1.794055	1.794055	0.518915	0.518915	0.266096	0.254450	0.366978	0.112476	0.701786	
3289000	-306.965562	1	2	0	'1 1 1 1 0 0 1 1 	D	0.429795	0.429795	0.429795	0.429795	1.638285	1.638285	0.429795	0.429795	0.268475	0.225731	0.408538	0.097257	0.980496	
3290000	-307.115485	1	2	0	'1 1 1 1 0 0 1 1 	D	0.372020	0.372020	0.372020	0.372020	2.050849	2.050849	0.372020	0.372020	0.228490	0.158124	0.528882	0.084505	1.351468	
3291000	-306.019315	1	2	0	'1 1 1 1 0 0 1 1 	D	0.476094	0.476094	0.476094	0.476094	2.209154	2.209154	0.476094	0.476094	0.240221	0.204653	0.450560	0.104567	1.419998	
3292000	-308.241031	1	2	1	'1 1 1 1 0 0 Z 1 	D	0.491482	0.491482	0.491482	0.491482	1.532177	1.532177	0.000000	0.491482	0.467402	0.501883	0.030598	0.000117	0.793204	
3293000	-305.730487	1	2	1	'1 1 1 1 0 0 Z 1 	D	0.628941	0.628941	0.628941	0.628941	2.405317	2.405317	0.000000	0.628941	0.432890	0.525132	0.041696	0.000282	1.426924	
3294000	-306.089893	1	2	1	'1 1 1 1 0 0 Z 1 	D	0.579656	0.579656	0.579656	0.579656	1.793596	1.793596	0.000000	0.579656	0.445804	0.522491	0.031540	0.000165	0.832828	
3295000	-313.932232	1	2	2	'0 Z 0 0 0 1 Z 0 	D	1.034730	0.000000	1.034730	1.034730	1.034730	2.565793	0.000000	1.034730	0.344745	0.643418	0.011546	0.000292	1.617372	
3296000	-305.576599	1	2	1	'0 0 0 0 1 1 Z 0 	D	0.532273	0.532273	0.532273	0.532273	2.036197	2.036197	0.000000	0.532273	0.455192	0.502820	0.041782	0.000206	1.364741	
3297000	-306.626399	1	2	0	'0 0 0 0 1 1 0 0 	D	0.597252	0.597252	0.597252	0.597252	1.940177	1.940177	0.597252	0.597252	0.259427	0.270933	0.343288	0.126352	1.384178	
3298000	-305.962977	1	2	0	'1 1 1 1 0 0 1 1 	D	0.447390	0.447390	0.447390	0.447390	1.955433	1.955433	0.447390	0.447390	0.249577	0.207151	0.443508	0.099765	1.091964	
3299000	-306.073647	1	2	1	'1 1 1 1 0 0 Z 1 	D	0.511944	0.511944	0.511944	0.511944	1.872306	1.872306	0.000000	0.511944	0.460824	0.499317	0.039682	0.000178	1.359083	
3300000	-309.459237	1	2	0	'1 1 1 1 0 0 1 1 	D	0.335144	0.335144	0.335144	0.335144	1.554953	1.554953	0.335144	0.335144	0.253328	0.171374	0.495564	0.079734	1.202237	
3301000	-307.218411	1	2	0	'1 1 1 1 0 0 1 1 	D	0.445181	0.445181	0.445181	0.445181	2.512961	2.512961	0.445181	0.445181	0.223089	0.175764	0.503345	0.097802	1.399052	
3302000	-305.665177	1	2	1	'1 1 1 1 0 0 Z 1 	D	0.641794	0.641794	0.641794	0.641794	2.004305	2.004305	0.000000	0.641794	0.432189	0.534301	0.033296	0.000214	0.989844	
3303000	-305.812257	1	2	1	'1 1 1 1 0 0 Z 1 	D	0.501273	0.501273	0.501273	0.501273	2.124877	2.124877	0.000000	0.501273	0.461649	0.490215	0.047915	0.000220	1.660837	
3304000	-306.054185	1	2	0	'1 1 1 1 0 0 1 1 	D	0.441006	0.441006	0.441006	0.441006	2.105299	2.105299	0.441006	0.441006	0.240343	0.193815	0.467671	0.098171	1.104132	
3305000	-307.630433	1	2	0	'1 1 1 1 0 0 1 1 	D	0.457994	0.457994	0.457994	0.457994	1.501957	1.501957	0.457994	0.457994	0.283158	0.257337	0.357681	0.101824	1.006693	
3306000	-306.749769	1	2	0	'1 1 1 1 0 0 1 1 	D	0.539631	0.539631	0.539631	0.539631	1.676944	1.676944	0.539631	0.539631	0.274305	0.274877	0.335285	0.115534	1.008574	
3307000	-306.205403	1	2	0	'1 1 1 1 0 0 1 1 	D	0.538115	0.538115	0.538115	0.538115	2.243373	2.243373	0.538115	0.538115	0.244071	0.228504	0.411368	0.116057	1.126972	
3308000	-305.377921	1	2	1	'1 1 1 1 0 0 Z 1 	D	0.597101	0.597101	0.597101	0.597101	2.087269	2.087269	0.000000	0.597101	0.440862	0.521421	0.037496	0.000221	1.784070	
3309000	-306.218781	1	2	0	'1 1 1 1 0 0 1 1 	D	0.457343	0.457343	0.457343	0.457343	2.260662	2.260662	0.457343	0.457343	0.235368	0.193079	0.470670	0.100883	1.151785	
3310000	-306.382412	1	2	0	'1 1 1 1 0 0 1 1 	D	0.581846	0.581846	0.581846	0.581846	2.081428	2.081428	0.581846	0.581846	0.252618	0.254802	0.368607	0.123973	1.199928	
3311000	-305.659982	1	2	1	'1 1 1 1 0 0 Z 1 	D	0.517622	0.517622	0.517622	0.517622	2.184953	2.184953	0.000000	0.517622	0.457548	0.495186	0.047036	0.000230	0.589909	
3312000	-306.149936	1	2	1	'1 1 1 1 0 0 Z 1 	D	0.559345	0.559345	0.559345	0.559345	1.783808	1.783808	0.000000	0.559345	0.450340	0.516844	0.032654	0.000162	1.534152	
3313000	-306.921183	1	2	0	'1 1 1 1 0 0 1 1 	D	0.394447	0.394447	0.394447	0.394447	2.232292	2.232292	0.394447	0.394447	0.224666	0.161918	0.524917	0.088498	1.264316	
3314000	-307.591472	1	2	0	'1 1 1 1 0 0 1 1 	D	0.499071	0.499071	0.499071	0.499071	1.503519	1.503519	0.499071	0.499071	0.285803	0.277649	0.328368	0.108180	1.084078	
3315000	-307.439794	1	2	0	'1 1 1 1 0 0 1 1 	D	0.567458	0.567458	0.567458	0.567458	2.549255	2.549255	0.567458	0.567458	0.234204	0.222995	0.421557	0.121243	1.032065	
3316000	-307.301642	1	2	1	'1 1 1 1 0 0 Z 1 	D	0.427201	0.427201	0.427201	0.427201	1.951471	1.951471	0.000000	0.427201	0.480064	0.460980	0.058752	0.000204	1.404023	
3317000	-306.759519	1	2	1	'1 1 1 1 0 0 Z 1 	D	0.501743	0.501743	0.501743	0.501743	2.571713	2.571713	0.000000	0.501743	0.458428	0.484762	0.056529	0.000281	1.299077	
3318000	-307.090310	1	2	0	'1 1 1 1 0 0 1 1 	D	0.632572	0.632572	0.632572	0.632572	2.039255	2.039255	0.632572	0.632572	0.254250	0.273910	0.338911	0.132929	1.145342	
3319000	-306.242930	1	2	0	'0 0 0 0 1 1 0 0 	D	0.450910	0.450910	0.450910	0.450910	1.778906	1.778906	0.450910	0.450910	0.261175	0.223477	0.414603	0.100745	1.692620	
3320000	-306.382675	1	2	1	'0 0 0 0 1 1 Z 0 	D	0.501249	0.501249	0.501249	0.501249	1.814197	1.814197	0.000000	0.501249	0.463688	0.496904	0.039240	0.000168	1.273939	
3321000	-305.360737	1	2	1	'0 0 0 0 1 1 Z 0 	D	0.601090	0.601090	0.601090	0.601090	2.155910	2.155910	0.000000	0.601090	0.439705	0.521371	0.038691	0.000233	1.850661	
3322000	-307.620464	1	2	0	'0 0 0 0 1 1 0 0 	D	0.353257	0.353257	0.353257	0.353257	1.925102	1.925102	0.353257	0.353257	0.230722	0.153624	0.534615	0.081039	1.842218	
3323000	-305.371363	1	2	1	'0 0 0 0 1 1 Z 0 	D	0.602575	0.602575	0.602575	0.602575	2.116546	2.116546	0.000000	0.602575	0.439590	0.522408	0.037775	0.000227	0.945631	
3324000	-309.362989	1	2	1	'0 0 0 0 1 1 Z 0 	D	0.380033	0.380033	0.380033	0.380033	2.457890	2.457890	0.000000	0.380033	0.483440	0.424418	0.091850	0.000292	1.246716	
3325000	-306.853980	1	2	0	'0 0 0 0 1 1 0 0 	D	0.391160	0.391160	0.391160	0.391160	1.823595	1.823595	0.391160	0.391160	0.247482	0.185330	0.477679	0.089509	0.628570	
3326000	-305.942351	1	2	1	'0 0 0 0 1 1 Z 0 	D	0.556644	0.556644	0.556644	0.556644	1.835421	1.835421	0.000000	0.556644	0.450739	0.514812	0.034277	0.000171	1.544177	
3327000	-306.065901	1	2	0	'0 0 0 0 1 1 0 0 	D	0.440463	0.440463	0.440463	0.440463	2.111475	2.111475	0.440463	0.440463	0.239935	0.193162	0.468854	0.098049	1.011640	
3328000	-306.712623	1	2	0	'0 0 0 0 1 1 0 0 	D	0.398507	0.398507	0.398507	0.398507	1.827832	1.827832	0.398507	0.398507	0.248828	0.189506	0.470736	0.090930	0.842078	
3329000	-307.386518	1	2	0	'0 0 0 0 1 1 0 0 	D	0.624025	0.624025	0.624025	0.624025	2.351961	2.351961	0.624025	0.624025	0.241898	0.250616	0.375486	0.132000	1.399740	
3330000	-305.728339	1	2	1	'0 0 0 0 1 1 Z 0 	D	0.508873	0.508873	0.508873	0.508873	2.129904	2.129904	0.000000	0.508873	0.459888	0.492947	0.046944	0.000221	1.569594	
3331000	-305.975199	1	2	1	'0 0 0 0 1 1 Z 0 	D	0.511616	0.511616	0.511616	0.511616	1.907818	1.907818	0.000000	0.511616	0.460692	0.498371	0.040753	0.000184	1.560551	
3332000	-305.349429	1	2	1	'0 0 0 0 1 1 Z 0 	D	0.584833	0.584833	0.584833	0.584833	2.128134	2.128134	0.000000	0.584833	0.443226	0.517331	0.039217	0.000226	1.866423	
3333000	-305.755014	1	2	1	'0 0 0 0 1 1 Z 0 	D	0.527471	0.527471	0.527471	0.527471	1.945924	1.945924	0.000000	0.527471	0.456807	0.503029	0.039974	0.000190	1.370057	
3334000	-306.883542	1	2	0	'0 0 0 0 1 1 0 0 	D	0.383689	0.383689	0.383689	0.383689	2.090301	2.090301	0.383689	0.383689	0.229332	0.162988	0.520874	0.086806	1.601743	
3335000	-306.984549	1	2	1	'0 0 0 0 1 1 Z 0 	D	0.614832	0.614832	0.614832	0.614832	1.651475	1.651475	0.000000	0.614832	0.438628	0.535245	0.025986	0.000142	0.934187	
3336000	-305.842803	1	2	1	'0 0 0 0 1 1 Z 0 	D	0.616573	0.616573	0.616573	0.616573	1.880798	1.880798	0.000000	0.616573	0.437689	0.530455	0.031671	0.000186	1.138639	
3337000	-308.574870	1	2	1	'0 0 0 0 1 1 Z 0 	D	0.592116	0.592116	0.592116	0.592116	1.457665	1.457665	0.000000	0.592116	0.443619	0.534680	0.021597	0.000104	1.674868	
3338000	-305.935796	1	2	0	'0 0 0 0 1 1 0 0 	D	0.460156	0.460156	0.460156	0.460156	2.117385	2.117385	0.460156	0.460156	0.242593	0.202619	0.453017	0.101771	1.385312	
3339000	-305.370042	1	2	1	'0 0 0 0 1 1 Z 0 	D	0.579358	0.579358	0.579358	0.579358	2.085440	2.085440	0.000000	0.579358	0.444601	0.516493	0.038688	0.000218	1.345560	
3340000	-306.545679	1	2	0	'0 0 0 0 1 1 0 0 	D	0.585468	0.585468	0.585468	0.585468	1.890921	1.890921	0.585468	0.585468	0.262006	0.271193	0.342671	0.124130	1.061655	
3341000	-306.591422	1	2	0	'0 0 0 0 1 1 0 0 	D	0.578631	0.578631	0.578631	0.578631	2.264615	2.264615	0.578631	0.578631	0.244759	0.241660	0.390048	0.123533	1.212402	
3342000	-305.578807	1	2	1	'1 1 1 1 0 0 Z 1 	D	0.533981	0.533981	0.533981	0.533981	2.245220	2.245220	0.000000	0.533981	0.453526	0.499897	0.046337	0.000239	1.315524	
3343000	-309.603414	1	2	0	'1 0 0 0 1 1 0 1 	D	1.285325	0.394473	0.394473	0.394473	1.285325	1.285325	0.394473	1.285325	0.401750	0.183178	0.208227	0.206845	1.567416	
3344000	-309.952992	1	2	1	'1 0 0 0 1 1 Z 1 	D	1.398271	0.392663	0.392663	0.392663	1.398271	1.398271	0.000000	1.398271	0.667884	0.293596	0.037119	0.001401	0.882060	
3345000	-305.943725	1	2	1	'0 0 0 0 1 1 Z 0 	D	0.690280	0.690280	0.690280	0.690280	2.260551	2.260551	0.000000	0.690280	0.422090	0.541182	0.036452	0.000276	1.015167	
3346000	-305.904025	1	2	1	'0 0 0 0 1 1 Z 0 	D	0.631013	0.631013	0.631013	0.631013	2.471575	2.471575	0.000000	0.631013	0.432154	0.524868	0.042685	0.000293	1.155276	
3347000	-306.605235	1	2	0	'0 0 0 0 1 1 0 0 	D	0.394992	0.394992	0.394992	0.394992	1.984716	1.984716	0.394992	0.394992	0.238067	0.176029	0.496333	0.089571	1.739481	
3348000	-308.370855	1	2	1	'0 0 0 0 1 1 Z 0 	D	0.446734	0.446734	0.446734	0.446734	2.704517	2.704517	0.000000	0.446734	0.469282	0.461016	0.069406	0.000296	1.704779	
3349000	-305.349133	1	2	1	'0 0 0 0 1 1 Z 0 	D	0.586175	0.586175	0.586175	0.586175	2.129825	2.129825	0.000000	0.586175	0.442935	0.517682	0.039156	0.000226	1.273543	
3350000	-305.919819	1	2	1	'0 0 0 0 1 1 Z 0 	D	0.690424	0.690424	0.690424	0.690424	2.160356	2.160356	0.000000	0.690424	0.422466	0.542688	0.034590	0.000257	1.600587	
3351000	-305.478798	1	2	1	'0 0 0 0 1 1 Z 0 	D	0.606014	0.606014	0.606014	0.606014	2.015409	2.015409	0.000000	0.606014	0.439341	0.525088	0.035362	0.000209	0.663060	
3352000	-308.122274	1	2	0	'0 0 0 0 1 1 0 0 	D	0.337058	0.337058	0.337058	0.337058	1.967429	1.967429	0.337058	0.337058	0.222973	0.140169	0.559773	0.077084	0.828095	
3353000	-305.889849	1	2	0	'0 0 0 0 1 1 0 0 	D	0.522397	0.522397	0.522397	0.522397	1.981882	1.981882	0.522397	0.522397	0.255535	0.239935	0.391255	0.113276	1.265222	
3354000	-306.321987	1	2	0	'0 0 0 0 1 1 0 0 	D	0.413178	0.413178	0.413178	0.413178	2.044292	2.044292	0.413178	0.413178	0.238555	0.182696	0.485782	0.092967	1.548531	
3355000	-306.790318	1	2	0	'0 0 0 0 1 1 0 0 	D	0.387845	0.387845	0.387845	0.387845	2.084382	2.084382	0.387845	0.387845	0.230687	0.165776	0.515841	0.087696	1.318119	
3356000	-302.364992	1	3	0	'0 2 0 0 1 1 2 0 	D	0.691219	0.186834	0.691219	0.691219	1.962010	1.962010	0.186834	0.691219	0.359687	0.444418	0.143784	0.052111	1.005573	
3357000	-305.556208	1	2	1	'1 1 1 1 0 0 Z 1 	D	0.627967	0.627967	0.627967	0.627967	2.312691	2.312691	0.000000	0.627967	0.433540	0.526071	0.040123	0.000266	1.226956	
3358000	-306.309698	1	2	1	'1 1 1 1 0 0 Z 1 	D	0.623803	0.623803	0.623803	0.623803	1.775005	1.775005	0.000000	0.623803	0.436520	0.534553	0.028760	0.000166	1.427552	
3359000	-306.026835	1	2	0	'1 1 1 1 0 0 1 1 	D	0.474303	0.474303	0.474303	0.474303	1.826637	1.826637	0.474303	0.474303	0.260752	0.231078	0.403356	0.104813	0.757820	
3360000	-306.049811	1	2	0	'1 1 1 1 0 0 1 1 	D	0.493013	0.493013	0.493013	0.493013	1.813704	1.813704	0.493013	0.493013	0.263246	0.241122	0.387565	0.108067	1.834561	
3361000	-306.006248	1	2	0	'1 1 1 1 0 0 1 1 	D	0.443045	0.443045	0.443045	0.443045	2.071779	2.071779	0.443045	0.443045	0.242430	0.196949	0.461970	0.098652	1.322047	
3362000	-308.422592	1	2	0	'1 1 1 1 0 0 1 1 	D	0.693410	0.693410	0.693410	0.693410	2.272097	2.272097	0.693410	0.693410	0.243219	0.273511	0.338534	0.144735	1.966130	
3363000	-305.867303	1	2	0	'1 1 1 1 0 0 1 1 	D	0.464141	0.464141	0.464141	0.464141	1.960989	1.960989	0.464141	0.464141	0.251513	0.215200	0.430455	0.102832	0.788004	
3364000	-306.161338	1	2	0	'1 1 1 1 0 0 1 1 	D	0.520793	0.520793	0.520793	0.520793	1.803977	1.803977	0.520793	0.520793	0.265575	0.254321	0.367290	0.112814	1.836904	
3365000	-306.267254	1	2	1	'1 1 1 1 0 0 Z 1 	D	0.675613	0.675613	0.675613	0.675613	1.882406	1.882406	0.000000	0.675613	0.426104	0.544354	0.029345	0.000197	0.870187	
3366000	-305.492571	1	2	1	'1 1 1 1 0 0 Z 1 	D	0.541754	0.541754	0.541754	0.541754	2.065948	2.065948	0.000000	0.541754	0.452896	0.505383	0.041510	0.000211	1.635633	
3367000	-305.696323	1	2	1	'0 0 0 0 1 1 Z 0 	D	0.556201	0.556201	0.556201	0.556201	1.912079	1.912079	0.000000	0.556201	0.450493	0.512974	0.036348	0.000185	0.769070	
3368000	-305.840464	1	2	0	'0 0 0 0 1 1 0 0 	D	0.470290	0.470290	0.470290	0.470290	2.052239	2.052239	0.470290	0.470290	0.247255	0.211707	0.437242	0.103797	1.426707	
3369000	-305.925949	1	2	0	'0 0 0 0 1 1 0 0 	D	0.523043	0.523043	0.523043	0.523043	1.937542	1.937542	0.523043	0.523043	0.257954	0.243689	0.384988	0.113369	1.202033	
3370000	-305.691264	1	2	1	'0 0 0 0 1 1 Z 0 	D	0.627841	0.627841	0.627841	0.627841	1.952898	1.952898	0.000000	0.627841	0.435146	0.531854	0.032798	0.000201	1.321039	
3371000	-306.841941	1	2	0	'1 1 1 1 0 0 1 1 	D	0.394744	0.394744	0.394744	0.394744	2.200642	2.200642	0.394744	0.394744	0.226286	0.163622	0.521417	0.088675	0.903341	
3372000	-305.370713	1	2	1	'1 1 1 1 0 0 Z 1 	D	0.605993	0.605993	0.605993	0.605993	2.158642	2.158642	0.000000	0.605993	0.438688	0.522640	0.038438	0.000235	1.466024	
3373000	-309.954386	1	2	0	'0 0 0 0 0 1 0 0 	D	0.721609	0.721609	0.721609	0.721609	0.721609	2.835162	0.721609	0.721609	0.463077	0.339226	0.140427	0.057270	1.143155	
3374000	-311.476083	1	2	0	'0 0 0 0 0 1 0 0 	D	0.768317	0.768317	0.768317	0.768317	0.768317	2.275772	0.768317	0.768317	0.394527	0.391552	0.136218	0.077703	1.180571	
3375000	-322.405559	1	1	0	'0 0 0 0 0 0 0 0 	I	0.694468	0.694468	0.694468	0.694468	0.694468	0.694468	0.694468	0.694468	0.342955	0.488524	0.069509	0.099012	0.774161	
3376000	-312.235559	1	2	0	'0 0 0 0 0 1 0 0 	D	0.653390	0.653390	0.653390	0.653390	0.653390	1.783651	0.653390	0.653390	0.403170	0.404042	0.124577	0.068212	1.694440	
3377000	-311.757489	1	2	0	'0 0 0 0 0 1 0 0 	D	0.465593	0.465593	0.465593	0.465593	0.465593	2.201088	0.465593	0.465593	0.594155	0.237264	0.142664	0.025917	1.844932	
3378000	-312.255135	1	2	0	'0 0 0 0 0 1 0 0 	D	0.415692	0.415692	0.415692	0.415692	0.415692	3.334338	0.415692	0.415692	0.735014	0.137481	0.117444	0.010061	1.124850	
3379000	-309.278325	1	2	0	'0 0 0 0 0 1 0 0 	D	0.571564	0.571564	0.571564	0.571564	0.571564	2.741285	0.571564	0.571564	0.561984	0.266905	0.137855	0.033256	1.410687	
3380000	-311.226045	1	2	1	'0 0 0 0 0 1 Z 0 	D	0.737899	0.737899	0.737899	0.737899	0.737899	2.191497	0.000000	0.737899	0.465507	0.526410	0.008021	0.000063	1.097719	
3381000	-310.134941	1	2	0	'0 0 0 0 0 1 0 0 	D	0.627225	0.627225	0.627225	0.627225	0.627225	2.250298	0.627225	0.627225	0.467235	0.343790	0.136893	0.052083	0.632297	
3382000	-310.398062	1	2	1	'1 0 0 0 1 1 Z 0 	D	1.641093	0.468839	0.468839	0.468839	1.641093	1.641093	0.000000	0.468839	0.634127	0.283545	0.081926	0.000402	0.553452	
3383000	-310.932955	1	2	0	'0 0 0 0 0 1 0 0 	D	0.720304	0.720304	0.720304	0.720304	0.720304	3.752648	0.720304	0.720304	0.520910	0.306387	0.128713	0.043990	1.449731	
3384000	-309.169796	1	2	0	'0 0 0 0 0 1 0 0 	D	0.617308	0.617308	0.617308	0.617308	0.617308	2.921138	0.617308	0.617308	0.541395	0.283968	0.136780	0.037857	1.807007	
3385000	-310.739938	1	2	1	'0 0 0 0 0 1 Z 0 	D	0.664644	0.664644	0.664644	0.664644	0.664644	2.412320	0.000000	0.664644	0.520570	0.469725	0.009642	0.000063	1.372609	
3386000	-309.757670	1	2	1	'1 0 0 0 1 1 Z 1 	D	1.484339	0.405402	0.405402	0.405402	1.484339	1.484339	0.000000	1.484339	0.658291	0.297521	0.042308	0.001881	1.510740	
3387000	-307.587901	1	2	0	'0 0 0 0 1 1 0 0 	D	0.506939	0.506939	0.506939	0.506939	1.507298	1.507298	0.506939	0.506939	0.285801	0.280789	0.324003	0.109408	0.391032	
3388000	-305.660915	1	2	1	'0 0 0 0 1 1 Z 0 	D	0.582207	0.582207	0.582207	0.582207	1.913357	1.913357	0.000000	0.582207	0.444793	0.520575	0.034445	0.000188	1.099311	
3389000	-305.560076	1	2	1	'0 0 0 0 1 1 Z 0 	D	0.625313	0.625313	0.625313	0.625313	2.322327	2.322327	0.000000	0.625313	0.434013	0.525276	0.040444	0.000267	1.571130	
3390000	-307.281932	1	2	1	'0 0 0 0 1 1 Z 0 	D	0.599233	0.599233	0.599233	0.599233	1.601819	1.601819	0.000000	0.599233	0.442009	0.532542	0.025318	0.000131	1.360758	
3391000	-306.696546	1	2	1	'0 0 0 0 1 1 Z 0 	D	0.510089	0.510089	0.510089	0.510089	1.726701	1.726701	0.000000	0.510089	0.462035	0.502427	0.035387	0.000152	1.914860	
3392000	-307.175671	1	2	1	'0 0 0 0 1 1 Z 0 	D	0.433045	0.433045	0.433045	0.433045	2.270149	2.270149	0.000000	0.433045	0.475656	0.457992	0.066100	0.000251	0.962844	
3393000	-306.856663	1	2	1	'0 0 0 0 1 1 Z 0 	D	0.594322	0.594322	0.594322	0.594322	1.659008	1.659008	0.000000	0.594322	0.442979	0.529775	0.027105	0.000141	0.706674	
3394000	-305.754412	1	2	1	'0 0 0 0 1 1 Z 0 	D	0.673408	0.673408	0.673408	0.673408	2.175733	2.175733	0.000000	0.673408	0.425506	0.538752	0.035488	0.000254	1.202705	
3395000	-306.611067	1	2	0	'0 0 0 0 1 1 0 0 	D	0.588131	0.588131	0.588131	0.588131	1.873926	1.873926	0.588131	0.588131	0.262902	0.273606	0.338968	0.124523	1.342122	
3396000	-305.963885	1	2	1	'0 0 0 0 1 1 Z 0 	D	0.548757	0.548757	0.548757	0.548757	1.836227	1.836227	0.000000	0.548757	0.452514	0.512375	0.034940	0.000171	1.379236	
3397000	-306.954859	1	2	0	'0 0 0 0 1 1 0 0 	D	0.380730	0.380730	0.380730	0.380730	2.096157	2.096157	0.380730	0.380730	0.228261	0.160904	0.524675	0.086160	0.393399	
3398000	-305.956341	1	2	0	'0 0 0 0 1 1 0 0 	D	0.510332	0.510332	0.510332	0.510332	2.174247	2.174247	0.510332	0.510332	0.245240	0.221658	0.422106	0.110996	1.370742	
3399000	-306.023330	1	2	1	'0 0 0 0 1 1 Z 0 	D	0.612494	0.612494	0.612494	0.612494	2.528276	2.528276	0.000000	0.612494	0.435484	0.519536	0.044684	0.000296	1.421208	
3400000	-305.912516	1	2	1	'0 0 0 0 1 1 Z 0 	D	0.498787	0.498787	0.498787	0.498787	2.009525	2.009525	0.000000	0.498787	0.463020	0.491457	0.045321	0.000202	1.441499	
3401000	-307.986600	1	2	1	'0 0 0 0 1 1 Z 0 	D	0.514530	0.514530	0.514530	0.514530	1.535911	1.535911	0.000000	0.514530	0.461652	0.509697	0.028535	0.000117	1.833026	
3402000	-310.788655	1	2	0	'0 0 0 0 0 1 0 0 	D	0.625932	0.625932	0.625932	0.625932	0.625932	2.060266	0.625932	0.625932	0.446212	0.364078	0.133328	0.056382	0.939915	
3403000	-305.075221	1	2	0	'0 0 0 0 1 1 0 1 	D	0.295109	0.295109	0.295109	0.295109	1.848779	1.848779	0.295109	1.848779	0.148320	0.126002	0.359185	0.366493	1.851232	
3404000	-304.996365	1	2	0	'0 0 0 0 1 1 0 1 	D	0.312322	0.312322	0.312322	0.312322	1.917979	1.917979	0.312322	1.917979	0.151461	0.133357	0.350657	0.364525	1.545571	
3405000	-308.217556	1	2	0	'0 0 0 0 1 1 0 1 	D	0.200812	0.200812	0.200812	0.200812	1.748122	1.748122	0.200812	1.748122	0.099532	0.068127	0.415459	0.416882	1.065599	
3406000	-305.504297	1	2	0	'0 0 0 0 1 1 0 1 	D	0.349399	0.349399	0.349399	0.349399	2.119525	2.119525	0.349399	2.119525	0.153646	0.146133	0.334717	0.365504	1.402181	
3407000	-308.139179	1	2	0	'0 0 0 0 1 1 0 1 	D	0.238955	0.238955	0.238955	0.238955	2.245426	2.245426	0.238955	2.245426	0.095073	0.073784	0.388874	0.442269	1.035224	
3408000	-306.388436	1	2	0	'0 0 0 0 1 1 0 1 	D	0.244516	0.244516	0.244516	0.244516	1.574604	1.574604	0.244516	1.574604	0.143618	0.108836	0.385589	0.361956	1.887237	
3409000	-305.098170	1	2	0	'0 0 0 0 1 1 0 1 	D	0.298157	0.298157	0.298157	0.298157	1.883296	1.883296	0.298157	1.883296	0.147158	0.125972	0.358067	0.368804	1.427554	
3410000	-306.144894	1	2	0	'0 0 0 0 1 1 0 1 	D	0.251241	0.251241	0.251241	0.251241	1.582438	1.582438	0.251241	1.582438	0.147217	0.113246	0.381017	0.358521	1.146849	
3411000	-302.246564	1	3	0	'0 0 0 0 1 2 0 1 	D	0.510213	0.510213	0.510213	0.510213	1.243822	2.757366	0.510213	1.243822	0.310361	0.278635	0.279704	0.131300	1.205913	
3412000	-309.514165	1	2	0	'0 0 0 0 0 1 0 0 	D	0.541381	0.541381	0.541381	0.541381	0.541381	3.176615	0.541381	0.541381	0.623190	0.224562	0.128497	0.023752	1.279577	
3413000	-310.245838	1	2	1	'0 0 0 0 0 1 Z 0 	D	0.651924	0.651924	0.651924	0.651924	0.651924	2.922754	0.000000	0.651924	0.576469	0.413312	0.010154	0.000064	1.845110	
3414000	-312.107632	1	2	0	'0 0 0 0 0 1 0 0 	D	0.439072	0.439072	0.439072	0.439072	0.439072	2.304004	0.439072	0.439072	0.634309	0.201312	0.143944	0.020435	1.354949	
3415000	-309.868685	1	2	0	'0 0 0 0 0 1 0 0 	D	0.647476	0.647476	0.647476	0.647476	0.647476	2.383601	0.647476	0.647476	0.468653	0.340363	0.138230	0.052754	1.459870	
3416000	-310.880074	1	2	0	'0 0 0 0 0 1 0 0 	D	0.465782	0.465782	0.465782	0.465782	0.465782	3.362283	0.465782	0.465782	0.698338	0.169097	0.118559	0.014006	1.775219	
3417000	-309.303451	1	2	0	'1 1 1 1 1 0 1 1 	D	0.648485	0.648485	0.648485	0.648485	0.648485	3.034236	0.648485	0.648485	0.526978	0.295251	0.136467	0.041304	1.629172	
3418000	-309.357109	1	2	0	'1 1 1 1 1 0 1 1 	D	0.547875	0.547875	0.547875	0.547875	0.547875	3.001441	0.547875	0.547875	0.604561	0.236075	0.132941	0.026422	0.899336	
3419000	-309.417879	1	2	0	'1 1 1 1 1 0 1 1 	D	0.664399	0.664399	0.664399	0.664399	0.664399	2.790514	0.664399	0.664399	0.496073	0.316878	0.139199	0.047851	1.420062	
3420000	-309.743720	1	2	0	'1 1 1 1 1 0 1 1 	D	0.694792	0.694792	0.694792	0.694792	0.694792	3.183623	0.694792	0.694792	0.505163	0.311250	0.136659	0.046929	1.512616	
3421000	-311.019468	1	2	0	'1 1 1 1 1 0 1 1 	D	0.479703	0.479703	0.479703	0.479703	0.479703	2.335688	0.479703	0.479703	0.598848	0.233528	0.141943	0.025681	0.674829	
3422000	-309.639518	1	2	1	'0 1 1 1 0 0 Z 0 	D	1.495184	0.442677	0.442677	0.442677	1.495184	1.495184	0.000000	1.495184	0.636166	0.321935	0.040192	0.001707	0.897364	
3423000	-306.000855	1	2	0	'1 1 1 1 0 0 1 1 	D	0.540992	0.540992	0.540992	0.540992	1.983234	1.983234	0.540992	0.540992	0.256360	0.247287	0.379781	0.116572	1.431934	
3424000	-306.047594	1	2	1	'1 1 1 1 0 0 Z 1 	D	0.698714	0.698714	0.698714	0.698714	2.281358	2.281358	0.000000	0.698714	0.420506	0.542671	0.036540	0.000283	1.260725	
3425000	-306.821112	1	2	1	'0 0 0 0 1 1 Z 0 	D	0.747279	0.747279	0.747279	0.747279	2.410542	2.410542	0.000000	0.747279	0.411762	0.550555	0.037353	0.000330	1.350735	
3426000	-306.136311	1	2	1	'0 0 0 0 1 1 Z 0 	D	0.585938	0.585938	0.585938	0.585938	1.784513	1.784513	0.000000	0.585938	0.444468	0.524449	0.030918	0.000164	0.926143	
3427000	-305.516019	1	2	1	'0 0 0 0 1 1 Z 0 	D	0.542906	0.542906	0.542906	0.542906	2.240272	2.240272	0.000000	0.542906	0.451600	0.502904	0.045256	0.000239	1.528094	
3428000	-305.949168	1	2	1	'0 0 0 0 1 1 Z 0 	D	0.514528	0.514528	0.514528	0.514528	1.907669	1.907669	0.000000	0.514528	0.460014	0.499407	0.040395	0.000184	1.241760	
3429000	-305.974718	1	2	0	'0 0 0 0 1 1 0 0 	D	0.444172	0.444172	0.444172	0.444172	1.984833	1.984833	0.444172	0.444172	0.247398	0.203363	0.450146	0.099094	0.805206	
3430000	-309.953350	1	2	0	'1 1 0 1 0 0 1 0 	D	0.361519	0.361519	1.241904	0.361519	1.241904	1.241904	0.361519	1.241904	0.115465	0.528203	0.164929	0.191403	1.157631	
3431000	-306.656363	1	2	1	'0 0 0 0 1 1 Z 0 	D	0.737300	0.737300	0.737300	0.737300	2.393596	2.393596	0.000000	0.737300	0.413462	0.548890	0.037326	0.000322	1.590356	
3432000	-306.114417	1	2	1	'1 1 1 1 0 0 Z 1 	D	0.699600	0.699600	0.699600	0.699600	2.049688	2.049688	0.000000	0.699600	0.421221	0.546406	0.032135	0.000237	1.208923	
3433000	-306.826388	1	2	0	'1 1 1 1 0 0 1 1 	D	0.521836	0.521836	0.521836	0.521836	1.637351	1.637351	0.521836	0.521836	0.276552	0.271794	0.339187	0.112466	1.137721	
3434000	-311.207191	1	2	1	'1 1 1 1 1 0 Z 1 	D	0.851692	0.851692	0.851692	0.851692	0.851692	2.547180	0.000000	0.851692	0.445744	0.545942	0.008227	0.000087	0.521408	
3435000	-314.862912	1	2	0	'1 1 1 1 1 0 1 1 	D	0.628506	0.628506	0.628506	0.628506	0.628506	1.413531	0.628506	0.628506	0.384237	0.432549	0.110697	0.072518	0.687189	
3436000	-310.345335	1	2	0	'1 1 1 1 1 0 1 1 	D	0.650929	0.650929	0.650929	0.650929	0.650929	2.213130	0.650929	0.650929	0.448376	0.358516	0.135869	0.057239	1.424183	
3437000	-305.712633	1	3	0	'1 2 2 2 1 0 2 1 	D	1.140064	0.566885	0.566885	0.566885	1.140064	2.551214	0.566885	1.140064	0.414654	0.268107	0.208517	0.108721	1.161070	
3438000	-311.371406	1	2	1	'1 0 0 0 1 1 Z 0 	D	1.315745	0.562089	0.562089	0.562089	1.315745	1.315745	0.000000	0.562089	0.585120	0.382723	0.032000	0.000158	0.790801	
3439000	-323.219727	1	1	0	'0 0 0 0 0 0 0 0 	I	0.636145	0.636145	0.636145	0.636145	0.636145	0.636145	0.636145	0.636145	0.358142	0.486310	0.065970	0.089578	0.744950	
3440000	-311.268235	1	2	0	'1 0 1 0 1 1 0 1 	D	1.137676	0.280041	1.137676	0.280041	1.137676	1.137676	0.280041	1.137676	0.234607	0.428805	0.157987	0.178601	0.711343	
3441000	-311.440184	1	2	0	'1 0 1 0 1 1 0 1 	D	1.097869	0.263195	1.097869	0.263195	1.097869	1.097869	0.263195	1.097869	0.236769	0.426011	0.160491	0.176728	0.889846	
3442000	-311.281989	1	2	0	'0 1 0 1 0 0 1 0 	D	1.113341	0.291618	1.113341	0.291618	1.113341	1.113341	0.291618	1.113341	0.240446	0.435032	0.152418	0.172104	1.136391	
3443000	-307.084264	1	2	1	'1 1 1 1 0 0 Z 1 	D	0.555077	0.555077	0.555077	0.555077	1.624535	1.624535	0.000000	0.555077	0.451805	0.519717	0.028346	0.000133	0.408333	
3444000	-306.258829	1	2	0	'1 1 1 1 0 0 1 1 	D	0.433268	0.433268	0.433268	0.433268	2.190473	2.190473	0.433268	0.433268	0.234750	0.184926	0.483897	0.096427	0.614437	
3445000	-308.431165	1	2	0	'1 1 1 1 0 0 1 1 	D	0.402142	0.402142	0.402142	0.402142	1.469052	1.469052	0.402142	0.402142	0.278502	0.228892	0.399792	0.092814	0.840120	
3446000	-305.350842	1	2	1	'1 1 1 1 0 0 Z 1 	D	0.590753	0.590753	0.590753	0.590753	2.130379	2.130379	0.000000	0.590753	0.441974	0.518953	0.038846	0.000227	1.294489	
3447000	-307.431878	1	2	0	'1 1 1 1 0 0 1 1 	D	0.363312	0.363312	0.363312	0.363312	1.849631	1.849631	0.363312	0.363312	0.238614	0.165451	0.512272	0.083663	0.563347	
3448000	-306.451051	1	2	1	'1 1 1 1 0 0 Z 1 	D	0.614845	0.614845	0.614845	0.614845	2.643682	2.643682	0.000000	0.614845	0.434415	0.518990	0.046282	0.000314	0.726670	
3449000	-305.966388	1	2	0	'1 1 1 1 0 0 1 1 	D	0.530910	0.530910	0.530910	0.530910	1.940551	1.940551	0.530910	0.530910	0.258184	0.246665	0.380396	0.114754	0.789091	
3450000	-305.080363	1	3	1	'1 1 1 1 0 2 Z 1 	D	0.633305	0.633305	0.633305	0.633305	2.021203	2.212571	0.000000	0.633305	0.436878	0.528082	0.034810	0.000231	1.393720	
3451000	-306.394113	1	2	1	'1 1 1 1 0 0 Z 1 	D	0.730681	0.730681	0.730681	0.730681	2.181060	2.181060	0.000000	0.730681	0.415384	0.550538	0.033803	0.000275	1.049832	
3452000	-313.960094	1	2	0	'1 0 1 0 1 1 0 1 	D	1.101982	0.547195	1.101982	0.547195	1.101982	1.101982	0.547195	1.101982	0.264247	0.473458	0.112043	0.150252	1.588252	
3453000	-310.560494	1	2	0	'0 0 1 0 1 1 0 1 	D	0.446199	0.446199	1.164291	0.446199	1.164291	1.164291	0.446199	1.164291	0.148866	0.535578	0.142455	0.173101	0.768534	
3454000	-306.039739	1	3	0	'0 0 1 0 2 2 0 2 	D	0.383094	0.383094	0.950073	0.383094	1.681895	1.681895	0.383094	1.681895	0.128400	0.398005	0.224202	0.249393	0.645475	
3455000	-310.264486	1	2	0	'0 0 1 0 1 1 0 1 	D	0.268407	0.268407	1.210468	0.268407	1.210468	1.210468	0.268407	1.210468	0.089843	0.512497	0.191910	0.205750	1.617746	
3456000	-306.831401	1	2	0	'0 0 0 0 1 1 0 0 	D	0.414010	0.414010	0.414010	0.414010	1.709022	1.709022	0.414010	0.414010	0.260409	0.209319	0.435980	0.094292	1.898847	
3457000	-305.361675	1	2	1	'1 1 1 1 0 0 Z 1 	D	0.598879	0.598879	0.598879	0.598879	2.124583	2.124583	0.000000	0.598879	0.440314	0.521279	0.038180	0.000227	0.694992	
3458000	-305.794520	1	2	1	'1 1 1 1 0 0 Z 1 	D	0.519686	0.519686	0.519686	0.519686	1.955315	1.955315	0.000000	0.519686	0.458539	0.500162	0.041107	0.000192	1.858148	
3459000	-306.788615	1	2	1	'1 1 1 1 0 0 Z 1 	D	0.564237	0.564237	0.564237	0.564237	2.704285	2.704285	0.000000	0.564237	0.444295	0.504419	0.050979	0.000307	1.378511	
3460000	-306.755007	1	2	0	'1 1 1 1 0 0 1 1 	D	0.567938	0.567938	0.567938	0.567938	2.366597	2.366597	0.567938	0.567938	0.240539	0.232243	0.405699	0.121519	0.971679	
3461000	-307.402361	1	2	0	'1 1 1 1 0 0 1 1 	D	0.644871	0.644871	0.644871	0.644871	1.920857	1.920857	0.644871	0.644871	0.259418	0.287168	0.318867	0.134547	1.851988	
3462000	-306.204921	1	2	1	'1 1 1 1 0 0 Z 1 	D	0.533497	0.533497	0.533497	0.533497	1.793778	1.793778	0.000000	0.533497	0.456202	0.508550	0.035085	0.000163	1.827845	
3463000	-306.873272	1	2	0	'1 1 1 1 0 0 1 1 	D	0.497594	0.497594	0.497594	0.497594	1.611301	1.611301	0.497594	0.497594	0.277372	0.263886	0.350280	0.108462	1.086983	
3464000	-305.421104	1	2	1	'1 1 1 1 0 0 Z 1 	D	0.579931	0.579931	0.579931	0.579931	2.032686	2.032686	0.000000	0.579931	0.444740	0.517598	0.037453	0.000209	1.238942	
3465000	-305.523619	1	2	1	'1 1 1 1 0 0 Z 1 	D	0.532572	0.532572	0.532572	0.532572	2.127623	2.127623	0.000000	0.532572	0.454573	0.501275	0.043932	0.000221	1.067064	
3466000	-305.810656	1	2	1	'1 1 1 1 0 0 Z 1 	D	0.666827	0.666827	0.666827	0.666827	2.328914	2.328914	0.000000	0.666827	0.426062	0.535102	0.038556	0.000281	0.834642	
3467000	-309.614619	1	2	0	'0 0 0 0 1 1 0 0 	D	0.410473	0.410473	0.410473	0.410473	1.334640	1.334640	0.410473	0.410473	0.293489	0.253232	0.359213	0.094066	1.294134	
3468000	-307.062046	1	2	0	'0 0 0 0 1 1 0 0 	D	0.459230	0.459230	0.459230	0.459230	2.502711	2.502711	0.459230	0.459230	0.225755	0.182667	0.490990	0.100589	1.263363	
3469000	-309.156403	1	2	1	'0 0 0 0 1 1 Z 0 	D	0.436359	0.436359	0.436359	0.436359	1.532466	1.532466	0.000000	0.436359	0.481617	0.479670	0.038589	0.000124	1.432941	
3470000	-305.598207	1	2	1	'0 0 0 0 1 1 Z 0 	D	0.604122	0.604122	0.604122	0.604122	1.951581	1.951581	0.000000	0.604122	0.440000	0.525795	0.034008	0.000197	1.398082	
3471000	-305.921537	1	2	0	'0 0 0 0 1 1 0 0 	D	0.451681	0.451681	0.451681	0.451681	1.986585	1.986585	0.451681	0.451681	0.248403	0.207098	0.444011	0.100488	0.868227	
3472000	-306.625618	1	2	1	'0 0 0 0 1 1 Z 0 	D	0.546444	0.546444	0.546444	0.546444	2.645634	2.645634	0.000000	0.546444	0.448360	0.499448	0.051896	0.000296	1.513761	
3473000	-306.132672	1	2	0	'0 0 0 0 1 1 0 0 	D	0.546074	0.546074	0.546074	0.546074	2.173515	2.173515	0.546074	0.546074	0.247482	0.235801	0.399164	0.117553	1.267777	
3474000	-309.396112	1	2	0	'1 1 1 1 0 0 1 1 	D	0.305713	0.305713	0.305713	0.305713	2.014086	2.014086	0.305713	0.305713	0.209034	0.115945	0.606053	0.068969	0.739362	
3475000	-306.006524	1	2	1	'1 1 1 1 0 0 Z 1 	D	0.654416	0.654416	0.654416	0.654416	2.466286	2.466286	0.000000	0.654416	0.427728	0.530555	0.041417	0.000300	1.329123	
3476000	-305.838773	1	2	1	'1 1 1 1 0 0 Z 1 	D	0.551480	0.551480	0.551480	0.551480	1.869285	1.869285	0.000000	0.551480	0.451750	0.512461	0.035612	0.000177	0.908042	
3477000	-305.577431	1	2	1	'1 1 1 1 0 0 Z 1 	D	0.637792	0.637792	0.637792	0.637792	2.044057	2.044057	0.000000	0.637792	0.432821	0.532628	0.034331	0.000220	1.166259	
3478000	-305.978420	1	2	0	'1 1 1 1 0 0 1 1 	D	0.529220	0.529220	0.529220	0.529220	2.135993	2.135993	0.529220	0.529220	0.248306	0.231754	0.405451	0.114488	1.130151	
3479000	-305.921681	1	2	1	'1 1 1 1 0 0 Z 1 	D	0.670501	0.670501	0.670501	0.670501	2.378648	2.378648	0.000000	0.670501	0.425159	0.535287	0.039263	0.000291	1.802289	
3480000	-306.772961	1	2	0	'1 1 1 1 0 0 1 1 	D	0.575345	0.575345	0.575345	0.575345	1.757422	1.757422	0.575345	0.575345	0.269518	0.280148	0.328512	0.121822	1.582105	
3481000	-306.600561	1	2	1	'1 1 1 1 0 0 Z 1 	D	0.697943	0.697943	0.697943	0.697943	1.858602	1.858602	0.000000	0.697943	0.422059	0.549575	0.028169	0.000197	0.661978	
3482000	-308.328496	1	2	0	'1 1 1 1 0 0 1 1 	D	0.464481	0.464481	0.464481	0.464481	2.749160	2.749160	0.464481	0.464481	0.218257	0.175844	0.505012	0.100887	0.967507	
3483000	-310.819158	1	2	0	'1 1 1 1 1 0 1 1 	D	0.549647	0.549647	0.549647	0.549647	0.549647	2.104830	0.549647	0.549647	0.504257	0.316853	0.137095	0.041795	1.156160	
3484000	-309.258781	1	2	0	'1 1 1 1 1 0 1 1 	D	0.561747	0.561747	0.561747	0.561747	0.561747	2.905439	0.561747	0.561747	0.584950	0.250248	0.135276	0.029527	0.978597	
3485000	-310.556614	1	2	0	'1 1 1 1 1 0 1 1 	D	0.470695	0.470695	0.470695	0.470695	0.470695	3.194961	0.470695	0.470695	0.683944	0.176068	0.124448	0.015540	1.019869	
3486000	-304.262262	1	3	0	'2 1 1 1 2 0 1 2 	D	1.047909	0.480818	0.480818	0.480818	1.047909	2.488200	0.480818	1.047909	0.441108	0.236280	0.224216	0.098396	0.846287	
3487000	-307.298515	1	2	0	'0 0 0 0 1 1 0 0 	D	0.533139	0.533139	0.533139	0.533139	2.567080	2.567080	0.533139	0.533139	0.231680	0.210209	0.443447	0.114665	0.987605	
3488000	-306.028679	1	2	0	'0 0 0 0 1 1 0 0 	D	0.439609	0.439609	0.439609	0.439609	1.947151	1.947151	0.439609	0.439609	0.248884	0.203684	0.449094	0.098338	1.353541	
3489000	-306.760270	1	2	0	'0 0 0 0 1 1 0 0 	D	0.393521	0.393521	0.393521	0.393521	2.145710	2.145710	0.393521	0.393521	0.228782	0.165734	0.516855	0.088628	1.117169	
3490000	-306.562568	1	2	1	'0 0 0 0 1 1 Z 0 	D	0.739292	0.739292	0.739292	0.739292	2.100000	2.100000	0.000000	0.739292	0.414218	0.553444	0.032077	0.000261	1.198949	
3491000	-305.963892	1	2	1	'0 0 0 0 1 1 Z 0 	D	0.676806	0.676806	0.676806	0.676806	2.373588	2.373588	0.000000	0.676806	0.424031	0.536752	0.038925	0.000292	0.798415	
3492000	-306.651644	1	2	1	'0 0 0 0 1 1 Z 0 	D	0.726475	0.726475	0.726475	0.726475	1.955222	1.955222	0.000000	0.726475	0.416806	0.553461	0.029507	0.000226	1.961696	
3493000	-310.705821	1	2	1	'0 0 0 0 1 1 Z 0 	D	0.491963	0.491963	0.491963	0.491963	1.312659	1.312659	0.000000	0.491963	0.467587	0.510075	0.022260	0.000078	1.934483	
3494000	-306.415958	1	2	1	'0 0 0 0 1 1 Z 0 	D	0.533179	0.533179	0.533179	0.533179	2.570022	2.570022	0.000000	0.533179	0.451644	0.495823	0.052249	0.000284	1.548339	
3495000	-306.450030	1	2	0	'0 0 0 0 1 1 0 0 	D	0.587271	0.587271	0.587271	0.587271	2.089262	2.089262	0.587271	0.587271	0.252318	0.256062	0.366661	0.124959	1.758470	
3496000	-309.600413	1	2	0	'0 0 0 0 0 1 0 0 	D	0.652347	0.652347	0.652347	0.652347	0.652347	3.347620	0.652347	0.652347	0.545965	0.284748	0.131471	0.037816	1.188987	
3497000	-310.506535	1	2	1	'0 0 0 0 0 1 Z 0 	D	0.619966	0.619966	0.619966	0.619966	0.619966	2.978711	0.000000	0.619966	0.607768	0.381571	0.010601	0.000060	0.994779	
3498000	-310.649187	1	2	1	'0 0 0 0 0 1 Z 0 	D	0.656015	0.656015	0.656015	0.656015	0.656015	2.481661	0.000000	0.656015	0.532893	0.457075	0.009968	0.000063	1.317859	
3499000	-309.629664	1	2	0	'1 1 1 1 1 0 1 1 	D	0.649008	0.649008	0.649008	0.649008	0.649008	2.508524	0.649008	0.649008	0.480434	0.330040	0.139116	0.050410	1.026052	
3500000	-309.163586	1	2	0	'1 1 1 1 1 0 1 1 	D	0.596610	0.596610	0.596610	0.596610	0.596610	2.863017	0.596610	0.596610	0.552684	0.275008	0.136909	0.035399	1.960018	
