Iteration	Lh	Tree No	Model No	alpha1	beta1	alpha2	beta2	Est t100 - 2	Root - P(0,0)	Root - P(0,1)	Root - P(1,0)	Root - P(1,1)	alpha1 - Mean	beta1 - Mean	alpha2 - Mean	beta2 - Mean	
1000000	-511.883467	1	2222	0.288819	0.551354	0.551354	0.288819	0	0.248604	0.249360	0.250637	0.251399	0.330757	0.775865	0.041642	0.686042	
1001000	-513.411132	1	3149	0.285705	0.612003	0.612003	0.285705	0	0.249132	0.247371	0.252641	0.250856	0.460470	0.236685	0.636852	0.291262	
1002000	-512.553419	1	2813	0.213846	0.444151	0.444151	0.213846	0	0.242088	0.240094	0.259979	0.257839	0.982840	0.610213	0.298286	0.539152	
1003000	-511.836454	1	2041	0.229818	0.440313	0.440313	0.229818	0	0.243485	0.249642	0.250272	0.256601	0.674688	0.165738	0.635917	0.982637	
1004000	-511.622105	1	2230	0.282161	0.531461	0.531461	0.282161	0	0.248231	0.249777	0.250217	0.251775	0.902855	0.781991	0.752472	0.015126	
1005000	-511.467449	1	3011	0.252611	0.457360	0.457360	0.252611	0	0.245595	0.253638	0.246349	0.254417	0.503121	0.488385	0.902291	0.601228	
1006000	-513.364768	1	1110	0.276232	0.543010	0.543010	0.276232	1	0.248282	0.248327	0.251672	0.251718	0.982948	0.004851	0.951507	0.173002	
1007000	-512.019232	1	230	0.288150	0.561108	0.561108	0.288150	0	0.248704	0.248854	0.251145	0.251297	0.503447	0.463907	0.909011	0.588577	
1008000	-513.162685	1	1885	0.248275	0.482425	0.482425	0.248275	1	0.246176	0.248181	0.251796	0.253847	0.112147	0.544535	0.745024	0.871349	
1009000	-512.201410	1	2109	0.254934	0.542352	0.542352	0.254934	0	0.247780	0.244781	0.255264	0.252175	0.405278	0.112555	0.781576	0.073691	
1010000	-511.382148	1	2062	0.261068	0.505433	0.505433	0.261068	0	0.247245	0.248565	0.251424	0.252767	0.579570	0.649286	0.472350	0.914585	
1011000	-511.328408	1	2568	0.254887	0.486028	0.486028	0.254887	0	0.246559	0.249409	0.250568	0.253464	0.190353	0.502260	0.626283	0.687642	
1012000	-511.702393	1	2475	0.262765	0.453771	0.453771	0.262765	0	0.245924	0.256789	0.243270	0.254017	0.011989	0.041832	0.847161	0.625627	
1013000	-511.485170	1	493	0.272821	0.486128	0.486128	0.272821	0	0.247172	0.252944	0.247058	0.252826	0.312222	0.614677	0.774347	0.925159	
1014000	-513.391154	1	2176	0.332952	0.576247	0.576247	0.332952	0	0.249280	0.251065	0.248937	0.250718	0.790970	0.423341	0.902001	0.690667	
1015000	-513.142783	1	3062	0.258956	0.508895	0.508895	0.258956	1	0.247250	0.247807	0.252187	0.252755	0.553319	0.043942	0.368855	0.058231	
1016000	-511.792106	1	1186	0.283426	0.546922	0.546922	0.283426	0	0.248464	0.249007	0.250990	0.251538	0.407377	0.533977	0.121316	0.243393	
1017000	-511.654951	1	3167	0.234812	0.467333	0.467333	0.234812	0	0.244950	0.246033	0.253947	0.255070	0.509047	0.254517	0.336275	0.857128	
1018000	-513.269109	1	2830	0.250463	0.504575	0.504575	0.250463	1	0.246852	0.246242	0.253767	0.253139	0.666425	0.661684	0.994806	0.304688	
1019000	-511.403164	1	1450	0.247889	0.464402	0.464402	0.247889	0	0.245600	0.250950	0.249013	0.254437	0.974249	0.230666	0.825992	0.387075	
1020000	-511.927718	1	2529	0.227897	0.466548	0.466548	0.227897	0	0.244430	0.243285	0.256744	0.255541	0.776283	0.399240	0.228862	0.806708	
1021000	-511.545011	1	740	0.248572	0.449515	0.449515	0.248572	0	0.245109	0.254244	0.245744	0.254903	0.993747	0.404997	0.322511	0.895734	
1022000	-512.305713	1	1503	0.218945	0.427582	0.427582	0.218945	0	0.241819	0.247640	0.252235	0.258307	0.838360	0.107057	0.276707	0.212986	
1023000	-511.539208	1	3716	0.254082	0.453202	0.453202	0.254082	0	0.245521	0.254912	0.245096	0.254471	0.329979	0.042868	0.864961	0.968792	
1024000	-513.538798	1	3019	0.275856	0.606302	0.606302	0.275856	0	0.248979	0.246470	0.253553	0.250998	0.094728	0.229190	0.774180	0.345774	
1025000	-513.067548	1	1414	0.260973	0.489276	0.489276	0.260973	1	0.246867	0.250353	0.249628	0.253152	0.087700	0.775517	0.507517	0.793709	
1026000	-511.355373	1	1257	0.258212	0.473852	0.473852	0.258212	0	0.246356	0.251975	0.248006	0.253663	0.747628	0.472735	0.879233	0.053644	
1027000	-512.278594	1	2563	0.285396	0.573830	0.573830	0.285396	0	0.248799	0.248122	0.251882	0.251197	0.994905	0.750888	0.513957	0.600622	
1028000	-511.779398	1	757	0.276256	0.472219	0.472219	0.276256	0	0.246938	0.255595	0.244449	0.253018	0.972401	0.854442	0.673759	0.624395	
1029000	-511.847442	1	1558	0.244409	0.510127	0.510127	0.244409	0	0.246743	0.244138	0.255910	0.253208	0.465581	0.411789	0.527839	0.686798	
1030000	-511.840974	1	3468	0.285795	0.549766	0.549766	0.285795	0	0.248538	0.249125	0.250873	0.251464	0.348911	0.334596	0.714915	0.667415	
1031000	-511.465427	1	1008	0.258842	0.511268	0.511268	0.258842	0	0.247299	0.247572	0.252425	0.252704	0.709928	0.482312	0.870144	0.428694	
1032000	-512.143964	1	416	0.294640	0.496900	0.496900	0.294640	0	0.247922	0.254283	0.245745	0.252050	0.510928	0.880788	0.701261	0.312491	
1033000	-514.419280	1	365	0.214996	0.426174	0.426174	0.214996	1	0.241282	0.245656	0.254227	0.258835	0.546043	0.924356	0.283346	0.086874	
1034000	-513.334896	1	1528	0.276350	0.485586	0.485586	0.276350	1	0.247259	0.253562	0.246449	0.252730	0.963598	0.465151	0.760215	0.521078	
1035000	-511.330868	1	914	0.254188	0.484860	0.484860	0.254188	0	0.246500	0.249396	0.250580	0.253524	0.945315	0.663052	0.474576	0.644603	
1036000	-511.959303	1	1158	0.245516	0.427163	0.427163	0.245516	0	0.243989	0.259485	0.240622	0.255904	0.837830	0.669382	0.089317	0.554816	
1037000	-511.459053	1	1643	0.245581	0.457636	0.457636	0.245581	0	0.245245	0.251572	0.248388	0.254795	0.900744	0.866880	0.494453	0.182527	
1038000	-511.729223	1	913	0.243303	0.436778	0.436778	0.243303	0	0.244288	0.255862	0.244142	0.255708	0.311441	0.799916	0.875926	0.445159	
1039000	-511.467194	1	3102	0.253605	0.458034	0.458034	0.253605	0	0.245665	0.253758	0.246233	0.254344	0.875569	0.030276	0.874824	0.520408	
1040000	-511.549258	1	2959	0.278645	0.496121	0.496121	0.278645	0	0.247546	0.252537	0.247464	0.252453	0.118639	0.234382	0.854810	0.410430	
1041000	-511.848394	1	853	0.231743	0.476266	0.476266	0.231743	0	0.245063	0.243447	0.256591	0.254899	0.086797	0.375314	0.330155	0.822338	
1042000	-511.658889	1	890	0.252335	0.514735	0.514735	0.252335	0	0.247156	0.245838	0.254181	0.252825	0.846800	0.846757	0.004345	0.025481	
1043000	-511.338848	1	1581	0.253399	0.475069	0.475069	0.253399	0	0.246192	0.250625	0.249346	0.253837	0.985656	0.342639	0.534133	0.577216	
1044000	-512.130999	1	489	0.237173	0.417808	0.417808	0.237173	0	0.242947	0.259786	0.240306	0.256962	0.727100	0.807776	0.601024	0.793571	
1045000	-512.276709	1	2845	0.248731	0.535339	0.535339	0.248731	0	0.247461	0.243710	0.256358	0.252471	0.334381	0.738853	0.724302	0.597548	
1046000	-511.742204	1	3865	0.239429	0.492843	0.492843	0.239429	0	0.246047	0.244215	0.255821	0.253916	0.815961	0.597818	0.463661	0.332821	
1047000	-512.111377	1	3293	0.266112	0.441970	0.441970	0.266112	0	0.245652	0.260288	0.239884	0.254176	0.866973	0.661378	0.306624	0.636122	
1048000	-511.965408	1	3541	0.281241	0.557521	0.557521	0.281241	0	0.248559	0.248263	0.251739	0.251439	0.906699	0.616407	0.591653	0.784854	
1049000	-511.944447	1	2891	0.225992	0.455386	0.455386	0.225992	0	0.243827	0.244420	0.255565	0.256187	0.680279	0.056335	0.208762	0.272412	
1050000	-511.709529	1	640	0.238091	0.438838	0.438838	0.238091	0	0.244038	0.253448	0.246504	0.256010	0.301190	0.988815	0.223090	0.051283	
1051000	-511.320438	1	3266	0.258615	0.490573	0.490573	0.258615	0	0.246817	0.249684	0.250296	0.253203	0.687975	0.514400	0.463709	0.819203	
1052000	-512.825457	1	683	0.305698	0.494290	0.494290	0.305698	0	0.248087	0.255494	0.244559	0.251861	0.838318	0.083859	0.350412	0.153448	
1053000	-513.833019	1	3521	0.304976	0.538248	0.538248	0.304976	1	0.248679	0.251485	0.248516	0.251320	0.559965	0.940773	0.167477	0.594039	
1054000	-512.431551	1	3597	0.218390	0.418167	0.418167	0.218390	0	0.241231	0.250454	0.249390	0.258925	0.387917	0.564231	0.549223	0.624953	
1055000	-512.851552	1	1301	0.284306	0.448298	0.448298	0.284306	0	0.246518	0.261453	0.238782	0.253248	0.983963	0.805594	0.571499	0.175589	
1056000	-513.158575	1	1798	0.324845	0.542964	0.542964	0.324845	0	0.248957	0.252322	0.247687	0.251034	0.331779	0.334073	0.599258	0.352153	
1057000	-512.723202	1	3428	0.230875	0.397934	0.397934	0.230875	0	0.241219	0.265645	0.234686	0.258450	0.776641	0.265644	0.718574	0.331235	
1058000	-512.076143	1	3071	0.298057	0.557217	0.557217	0.298057	0	0.248795	0.249915	0.250083	0.251208	0.457459	0.838722	0.414474	0.309990	
1059000	-512.466477	1	2105	0.215190	0.443656	0.443656	0.215190	0	0.242221	0.241049	0.258991	0.257738	0.150590	0.679420	0.290378	0.882527	
1060000	-512.108984	1	148	0.272205	0.558737	0.558737	0.272205	0	0.248419	0.247069	0.252943	0.251568	0.747022	0.532527	0.912634	0.431431	
1061000	-511.518687	1	2100	0.269943	0.524813	0.524813	0.269943	0	0.247865	0.248537	0.251458	0.252140	0.243563	0.592532	0.865157	0.288794	
1062000	-511.382148	1	2062	0.261068	0.505433	0.505433	0.261068	0	0.247245	0.248565	0.251424	0.252767	0.127901	0.374280	0.254264	0.489798	
1063000	-511.380861	1	2096	0.255172	0.467683	0.467683	0.255172	0	0.246047	0.252305	0.247675	0.253974	0.629525	0.227498	0.892173	0.815351	
1064000	-511.539694	1	3738	0.256376	0.455235	0.455235	0.256376	0	0.245698	0.255038	0.244976	0.254288	0.209644	0.668803	0.580987	0.453468	
1065000	-511.344984	1	1526	0.261545	0.480138	0.480138	0.261545	0	0.246656	0.251728	0.248256	0.253360	0.455731	0.742033	0.479157	0.563131	
1066000	-511.556128	1	3973	0.263677	0.463085	0.463085	0.263677	0	0.246255	0.255055	0.244968	0.253722	0.111629	0.195779	0.519471	0.916667	
1067000	-511.386784	1	3065	0.263209	0.476620	0.476620	0.263209	0	0.246623	0.252605	0.247385	0.253387	0.637761	0.334118	0.758838	0.271426	
1068000	-512.070462	1	3304	0.231238	0.489340	0.489340	0.231238	0	0.245469	0.241633	0.258469	0.254429	0.847658	0.986202	0.106245	0.685668	
1069000	-511.363885	1	685	0.268268	0.493443	0.493443	0.268268	0	0.247203	0.251233	0.248754	0.252810	0.867408	0.810841	0.656259	0.498684	
1070000	-512.398158	1	2880	0.309055	0.564524	0.564524	0.309055	0	0.248989	0.250378	0.249620	0.251013	0.176449	0.844176	0.736945	0.507542	
1071000	-511.378408	1	2364	0.270299	0.499292	0.499292	0.270299	0	0.247389	0.250902	0.249086	0.252623	0.843360	0.348653	0.691499	0.238188	
1072000	-512.343550	1	2213	0.272662	0.443932	0.443932	0.272662	0	0.245979	0.260925	0.239279	0.253818	0.088895	0.060326	0.920950	0.638051	
1073000	-513.070484	1	3760	0.259239	0.496099	0.496099	0.259239	1	0.246971	0.249166	0.250817	0.253046	0.857895	0.124968	0.270885	0.756774	
1074000	-511.392249	1	1149	0.247691	0.479921	0.479921	0.247691	0	0.246077	0.248365	0.251609	0.253949	0.781712	0.320451	0.843211	0.328281	
1075000	-511.460526	1	1821	0.275295	0.497998	0.497998	0.275295	0	0.247498	0.251837	0.248157	0.252507	0.344350	0.694512	0.139221	0.749938	
1076000	-511.413970	1	1705	0.250360	0.491926	0.491926	0.250360	0	0.246531	0.247538	0.252450	0.253481	0.980234	0.494463	0.980422	0.280242	
1077000	-511.585252	1	1471	0.269570	0.529829	0.529829	0.269570	0	0.247941	0.248133	0.251865	0.252061	0.184416	0.871223	0.422170	0.655879	
1078000	-511.618399	1	409	0.235393	0.460042	0.460042	0.235393	0	0.244719	0.247563	0.252392	0.255326	0.350358	0.148497	0.177724	0.992957	
1079000	-511.367958	1	233	0.253842	0.493096	0.493096	0.253842	0	0.246701	0.248279	0.251705	0.253315	0.840559	0.558085	0.456886	0.209866	
1080000	-511.578011	1	3506	0.238086	0.472457	0.472457	0.238086	0	0.245333	0.246417	0.253565	0.254685	0.160820	0.731108	0.645581	0.727446	
1081000	-511.639604	1	303	0.239164	0.443639	0.443639	0.239164	0	0.244316	0.252593	0.247355	0.255735	0.457198	0.410080	0.052815	0.510144	
1082000	-513.155448	1	1496	0.248766	0.482858	0.482858	0.248766	1	0.246211	0.248258	0.251719	0.253812	0.198532	0.851046	0.420785	0.761520	
1083000	-511.539717	1	912	0.265065	0.523401	0.523401	0.265065	0	0.247717	0.247816	0.252183	0.252284	0.105030	0.033383	0.963833	0.419977	
1084000	-513.109024	1	3200	0.254581	0.494802	0.494802	0.254581	1	0.246771	0.248261	0.251724	0.253244	0.438675	0.981151	0.671398	0.459133	
1085000	-511.467185	1	1777	0.245498	0.485636	0.485636	0.245498	0	0.246140	0.246957	0.253032	0.253871	0.453836	0.614687	0.672454	0.798592	
1086000	-511.975583	1	3183	0.224980	0.450629	0.450629	0.224980	0	0.243536	0.244912	0.255056	0.256497	0.657950	0.735448	0.662123	0.752270	
1087000	-511.903154	1	2922	0.267848	0.452070	0.452070	0.267848	0	0.246070	0.258158	0.241944	0.253829	0.610614	0.464387	0.195366	0.100884	
1088000	-511.319700	1	2580	0.257324	0.487936	0.487936	0.257324	0	0.246703	0.249729	0.250249	0.253319	0.470852	0.151242	0.403975	0.763104	
1089000	-511.404844	1	466	0.251192	0.463001	0.463001	0.251192	0	0.245716	0.252139	0.247834	0.254311	0.223160	0.196137	0.844187	0.941846	
1090000	-511.840192	1	3508	0.230570	0.470402	0.470402	0.230570	0	0.244773	0.243829	0.256193	0.255205	0.495568	0.142419	0.836304	0.926983	
1091000	-513.343971	1	1506	0.263176	0.463678	0.463678	0.263176	1	0.246252	0.254842	0.245177	0.253729	0.119113	0.088467	0.106499	0.034875	
1092000	-512.111110	1	1073	0.225120	0.425879	0.425879	0.225120	0	0.242361	0.251570	0.248317	0.257753	0.640247	0.168593	0.425173	0.343224	
1093000	-511.809356	1	2496	0.267133	0.540994	0.540994	0.267133	0	0.248064	0.247090	0.252919	0.251927	0.903068	0.380927	0.321095	0.777755	
1094000	-511.343558	1	3637	0.266409	0.496742	0.496742	0.266409	0	0.247220	0.250511	0.249474	0.252795	0.254558	0.153206	0.809064	0.097376	
1095000	-511.508175	1	1738	0.243330	0.483922	0.483922	0.243330	0	0.245984	0.246523	0.253469	0.254024	0.245150	0.342958	0.376442	0.781712	
1096000	-512.109998	1	157	0.297969	0.510524	0.510524	0.297969	0	0.248208	0.253127	0.246886	0.251778	0.453530	0.466199	0.805135	0.667839	
1097000	-512.059982	1	1719	0.270111	0.449474	0.449474	0.270111	0	0.246070	0.259155	0.240980	0.253794	0.489481	0.026598	0.136699	0.361395	
1098000	-511.734177	1	2594	0.267830	0.537728	0.537728	0.267830	0	0.248028	0.247378	0.252628	0.251966	0.454486	0.383406	0.252109	0.979062	
1099000	-513.974128	1	17	0.298725	0.636407	0.636407	0.298725	0	0.249391	0.248105	0.251901	0.250602	0.954348	0.265129	0.497922	0.679561	
1100000	-512.149749	1	1498	0.221335	0.450900	0.450900	0.221335	0	0.243212	0.242983	0.257023	0.256781	0.924343	0.951030	0.592835	0.167449	
1101000	-511.718119	1	216	0.270901	0.539124	0.539124	0.270901	0	0.248118	0.247780	0.252223	0.251879	0.257108	0.142710	0.147407	0.833386	
1102000	-511.630389	1	1539	0.282507	0.499776	0.499776	0.282507	0	0.247712	0.252625	0.247378	0.252285	0.783068	0.130972	0.915942	0.300212	
1103000	-511.762852	1	3211	0.275203	0.544068	0.544068	0.275203	0	0.248278	0.248132	0.251870	0.251721	0.048372	0.887872	0.311661	0.798017	
1104000	-513.131487	1	1523	0.274314	0.507085	0.507085	0.274314	1	0.247651	0.250723	0.249267	0.252359	0.673518	0.128911	0.770936	0.290449	
1105000	-511.566416	1	2703	0.265280	0.525458	0.525458	0.265280	0	0.247760	0.247709	0.252291	0.252240	0.863437	0.168525	0.475761	0.370225	
1106000	-511.451263	1	1208	0.243524	0.474805	0.474805	0.243524	0	0.245714	0.247874	0.252098	0.254315	0.382478	0.695132	0.048926	0.545885	
1107000	-511.537759	1	122	0.267688	0.470727	0.470727	0.267688	0	0.246621	0.254435	0.245581	0.253362	0.005905	0.272702	0.018228	0.054785	
1108000	-513.736407	1	3513	0.264429	0.447771	0.447771	0.264429	1	0.245787	0.258510	0.241599	0.254104	0.376868	0.698261	0.791132	0.087917	
1109000	-511.485683	1	3186	0.241939	0.474642	0.474642	0.241939	0	0.245624	0.247392	0.252583	0.254401	0.161534	0.825143	0.063457	0.768728	
1110000	-511.464272	1	3622	0.245150	0.484140	0.484140	0.245150	0	0.246080	0.247048	0.252939	0.253933	0.655568	0.355653	0.932951	0.638048	
1111000	-511.412930	1	1303	0.267729	0.482256	0.482256	0.267729	0	0.246923	0.252622	0.247373	0.253082	0.881059	0.843903	0.496481	0.638749	
1112000	-512.371443	1	3602	0.230269	0.500609	0.500609	0.230269	0	0.245762	0.240183	0.259978	0.254076	0.974255	0.140169	0.777513	0.775191	
1113000	-513.040118	1	1509	0.252799	0.402863	0.402863	0.252799	0	0.243130	0.270951	0.229811	0.256108	0.093089	0.463487	0.893616	0.772274	
1114000	-513.832380	1	2274	0.214460	0.505386	0.505386	0.214460	0	0.244758	0.232623	0.267952	0.254667	0.972566	0.662618	0.865923	0.568156	
1115000	-511.859422	1	2638	0.287279	0.550443	0.550443	0.287279	0	0.248570	0.249248	0.250749	0.251433	0.953532	0.798912	0.805884	0.788391	
1116000	-511.654088	1	3447	0.279139	0.537017	0.537017	0.279139	0	0.248254	0.249046	0.250950	0.251750	0.603018	0.875190	0.882941	0.572505	
1117000	-511.680064	1	1838	0.244932	0.439867	0.439867	0.244932	0	0.244520	0.255546	0.244455	0.255479	0.332691	0.392033	0.024777	0.711624	
1118000	-511.406805	1	3821	0.267049	0.481532	0.481532	0.267049	0	0.246883	0.252603	0.247391	0.253123	0.114845	0.147472	0.802848	0.614385	
1119000	-511.455067	1	3679	0.267849	0.477846	0.477846	0.267849	0	0.246816	0.253303	0.246699	0.253183	0.649461	0.695361	0.701919	0.094076	
1120000	-511.767631	1	1258	0.238607	0.434768	0.434768	0.238607	0	0.243891	0.254777	0.245194	0.256138	0.696539	0.093136	0.306544	0.311799	
1121000	-511.425788	1	3264	0.244918	0.475352	0.475352	0.244918	0	0.245803	0.248222	0.251748	0.254227	0.168075	0.383338	0.008213	0.568451	
1122000	-511.319700	1	2580	0.257324	0.487936	0.487936	0.257324	0	0.246703	0.249729	0.250249	0.253319	0.601839	0.850841	0.100015	0.977280	
1123000	-511.564896	1	3202	0.237872	0.468025	0.468025	0.237872	0	0.245168	0.247058	0.252912	0.254862	0.198527	0.125686	0.632110	0.055139	
1124000	-511.955825	1	174	0.226416	0.437449	0.437449	0.226416	0	0.243061	0.248799	0.251106	0.257034	0.632177	0.834759	0.090806	0.766962	
1125000	-511.784960	1	3009	0.260933	0.447657	0.447657	0.260933	0	0.245637	0.257810	0.242273	0.254280	0.379058	0.045555	0.328072	0.508123	
1126000	-512.038674	1	2798	0.298766	0.550476	0.550476	0.298766	0	0.248733	0.250302	0.249695	0.251270	0.378561	0.045548	0.346335	0.750549	
1127000	-511.605964	1	3413	0.252759	0.512293	0.512293	0.252759	0	0.247117	0.246132	0.253882	0.252870	0.558543	0.351349	0.917142	0.217693	
1128000	-511.933028	1	681	0.296656	0.537688	0.537688	0.296656	0	0.248558	0.250862	0.249136	0.251445	0.179586	0.987818	0.382903	0.612695	
1129000	-513.273179	1	7	0.276884	0.535489	0.535489	0.276884	1	0.248186	0.248846	0.251150	0.251818	0.877001	0.462524	0.290608	0.109688	
1130000	-511.629677	1	2343	0.235902	0.450544	0.450544	0.235902	0	0.244381	0.249726	0.250210	0.255682	0.046684	0.753463	0.543781	0.977324	
1131000	-511.667524	1	1039	0.259256	0.451144	0.451144	0.259256	0	0.245686	0.256619	0.243431	0.254264	0.962944	0.784975	0.256507	0.861213	
1132000	-511.351469	1	1692	0.263324	0.482181	0.482181	0.263324	0	0.246773	0.251794	0.248192	0.253242	0.615495	0.283306	0.625436	0.958301	
1133000	-511.654186	1	1997	0.245588	0.501824	0.501824	0.245588	0	0.246585	0.245192	0.254832	0.253391	0.428489	0.561464	0.279798	0.139751	
1134000	-511.317535	1	1703	0.259600	0.485661	0.485661	0.259600	0	0.246729	0.250534	0.249445	0.253292	0.914804	0.078941	0.606280	0.012918	
1135000	-512.241358	1	2331	0.304583	0.528173	0.528173	0.304583	0	0.248556	0.252151	0.247854	0.251439	0.910321	0.707858	0.953481	0.876204	
1136000	-511.502830	1	2908	0.278187	0.502471	0.502471	0.278187	0	0.247660	0.251757	0.248238	0.252345	0.043985	0.798014	0.619147	0.138440	
1137000	-511.663694	1	2731	0.234560	0.467393	0.467393	0.234560	0	0.244936	0.245925	0.254056	0.255083	0.024712	0.377072	0.666899	0.855269	
1138000	-511.742815	1	3794	0.288293	0.536812	0.536812	0.288293	0	0.248415	0.250119	0.249876	0.251590	0.568297	0.326945	0.475079	0.824259	
1139000	-511.816105	1	2778	0.284815	0.548274	0.548274	0.284815	0	0.248504	0.249093	0.250904	0.251499	0.726050	0.195251	0.331809	0.700011	
1140000	-511.598243	1	1291	0.299530	0.500974	0.500974	0.277623	0	0.249043	0.253291	0.246729	0.250937	0.856470	0.184108	0.084464	0.493348	
1141000	-511.607046	1	2159	0.279213	0.532544	0.532544	0.279213	0	0.248190	0.249337	0.250657	0.251815	0.844669	0.933311	0.186225	0.480018	
1142000	-511.367489	1	1650	0.252350	0.489698	0.489698	0.252350	0	0.246554	0.248317	0.251665	0.253464	0.514202	0.256388	0.627816	0.389226	
1143000	-511.729139	1	2827	0.231665	0.457131	0.457131	0.231665	0	0.244345	0.246623	0.253335	0.255697	0.808766	0.416834	0.374670	0.110437	
1144000	-511.987540	1	2224	0.278854	0.467265	0.467265	0.278854	0	0.246889	0.256834	0.243239	0.253038	0.536143	0.713719	0.318440	0.556242	
1145000	-511.476716	1	2154	0.267355	0.519914	0.519914	0.267355	0	0.247713	0.248475	0.251519	0.252292	0.436744	0.258239	0.480803	0.172381	
1146000	-511.495927	1	1484	0.277744	0.501777	0.501777	0.277744	0	0.247636	0.251770	0.248225	0.252369	0.540369	0.417441	0.915037	0.547412	
1147000	-512.031488	1	2500	0.224407	0.457930	0.457930	0.224407	0	0.243799	0.243160	0.256857	0.256184	0.058875	0.701362	0.981609	0.229875	
1148000	-511.790202	1	1672	0.285467	0.545864	0.545864	0.285467	0	0.248485	0.249290	0.250706	0.251519	0.077532	0.909037	0.507360	0.431060	
1149000	-512.612985	1	1563	0.230605	0.510436	0.510436	0.230605	0	0.246072	0.239587	0.260605	0.253736	0.132208	0.834197	0.310487	0.794456	
1150000	-513.091718	1	1191	0.269752	0.500917	0.500917	0.269752	1	0.247406	0.250634	0.249353	0.252606	0.844011	0.168375	0.535203	0.968076	
1151000	-512.724303	1	376	0.229688	0.511999	0.511999	0.229688	0	0.246064	0.239140	0.261071	0.253725	0.486370	0.400576	0.333150	0.508694	
1152000	-511.564450	1	455	0.272339	0.529426	0.529426	0.272339	0	0.247997	0.248588	0.251408	0.252007	0.726406	0.111137	0.393292	0.528583	
1153000	-511.363899	1	1816	0.268811	0.500621	0.500621	0.268811	0	0.247375	0.250504	0.249482	0.252638	0.167290	0.795075	0.867408	0.861810	
1154000	-511.718119	1	216	0.270901	0.539124	0.539124	0.270901	0	0.248118	0.247780	0.252223	0.251879	0.148992	0.303492	0.142397	0.822235	
1155000	-513.676718	1	3802	0.234853	0.491416	0.491416	0.234853	1	0.245753	0.242783	0.257286	0.254178	0.533217	0.166953	0.727079	0.034461	
1156000	-511.448831	1	239	0.252552	0.500215	0.500215	0.252552	0	0.246828	0.247187	0.252809	0.253176	0.466866	0.217541	0.663291	0.011323	
1157000	-511.393351	1	3332	0.271507	0.499318	0.499318	0.271507	0	0.247423	0.251098	0.248891	0.252587	0.155226	0.087011	0.322348	0.989333	
1158000	-513.762779	1	2282	0.293528	0.570646	0.570646	0.293528	1	0.248870	0.248990	0.251010	0.251131	0.980593	0.156917	0.431229	0.414090	
1159000	-511.416051	1	2586	0.245227	0.468216	0.468216	0.245227	0	0.245589	0.249475	0.250487	0.254449	0.427849	0.738428	0.778420	0.790512	
1160000	-512.348874	1	468	0.217233	0.444528	0.444528	0.217233	0	0.242494	0.242082	0.257931	0.257493	0.216785	0.026521	0.777620	0.526592	
1161000	-512.924464	1	3105	0.322437	0.555497	0.555497	0.322437	0	0.249043	0.251525	0.248478	0.250954	0.005981	0.183343	0.249889	0.380677	
1162000	-512.136363	1	760	0.244864	0.420407	0.420407	0.244864	0	0.243616	0.261573	0.238612	0.256200	0.348245	0.588942	0.434020	0.317866	
1163000	-512.255968	1	1111	0.292695	0.573837	0.573837	0.292695	0	0.248891	0.248807	0.251193	0.251109	0.940577	0.891279	0.198600	0.221925	
1164000	-511.592018	1	3095	0.241561	0.446157	0.446157	0.241561	0	0.244574	0.252820	0.247137	0.255470	0.313536	0.001561	0.134713	0.537388	
1165000	-512.389667	1	2760	0.286827	0.467156	0.467156	0.286827	0	0.247113	0.257851	0.242255	0.252782	0.651054	0.873616	0.473754	0.033533	
1166000	-512.689394	1	1935	0.239542	0.401461	0.401461	0.239542	0	0.242160	0.267502	0.232979	0.257360	0.153329	0.617091	0.006795	0.232483	
1167000	-513.358431	1	1157	0.276295	0.483803	0.483803	0.276295	1	0.247217	0.253804	0.246209	0.252769	0.190610	0.946180	0.270148	0.167440	
1168000	-512.698340	1	2839	0.271074	0.431756	0.431756	0.271074	0	0.245466	0.264016	0.236329	0.254189	0.808278	0.626181	0.297846	0.674018	
1169000	-511.482828	1	3789	0.257630	0.460407	0.460407	0.257630	0	0.245925	0.254264	0.245739	0.254072	0.048986	0.380899	0.402249	0.504787	
1170000	-513.377452	1	2851	0.258770	0.526862	0.526862	0.258770	1	0.247606	0.246392	0.253623	0.252379	0.960098	0.363874	0.583969	0.610789	
1171000	-512.474077	1	3624	0.234585	0.514803	0.514803	0.234585	0	0.246407	0.240739	0.259411	0.253443	0.476579	0.460788	0.882572	0.054117	
1172000	-511.369704	1	3922	0.254621	0.494883	0.494883	0.254621	0	0.246776	0.248260	0.251725	0.253239	0.518834	0.024233	0.101517	0.255981	
1173000	-511.915066	1	1928	0.291595	0.551418	0.551418	0.291595	0	0.248645	0.249627	0.250370	0.251358	0.884299	0.524153	0.523842	0.333004	
1174000	-511.361274	1	784	0.249809	0.473033	0.473033	0.249809	0	0.245969	0.250003	0.249964	0.254064	0.502431	0.931467	0.843304	0.247843	
1175000	-511.316871	1	3680	0.257834	0.486183	0.486183	0.257834	0	0.246677	0.250074	0.249904	0.253345	0.712091	0.937362	0.315772	0.739411	
1176000	-511.703621	1	394	0.256137	0.522962	0.522962	0.256137	0	0.247453	0.246101	0.253917	0.252529	0.490138	0.209975	0.930075	0.091557	
1177000	-511.746670	1	443	0.246743	0.509568	0.509568	0.246743	0	0.246826	0.244830	0.255204	0.253140	0.842045	0.320144	0.095118	0.037760	
1178000	-511.437101	1	812	0.246829	0.485588	0.485588	0.246829	0	0.246201	0.247350	0.252635	0.253814	0.846893	0.035504	0.766955	0.605646	
1179000	-511.810171	1	985	0.238683	0.432293	0.432293	0.238683	0	0.243782	0.255532	0.244452	0.256234	0.665993	0.246312	0.528908	0.699674	
1180000	-511.872733	1	1283	0.240703	0.429130	0.429130	0.240703	0	0.243772	0.257237	0.242790	0.256201	0.523892	0.916120	0.967347	0.519880	
1181000	-511.348625	1	1015	0.265363	0.501670	0.501670	0.265363	0	0.247296	0.249777	0.250209	0.252719	0.784246	0.661107	0.931796	0.521691	
1182000	-511.671093	1	1674	0.250940	0.443243	0.443243	0.250940	0	0.244993	0.256451	0.243582	0.254974	0.603845	0.381865	0.673376	0.751729	
1183000	-511.600319	1	164	0.282376	0.527708	0.527708	0.282376	0	0.248180	0.250065	0.249928	0.251826	0.748066	0.244787	0.727543	0.039016	
1184000	-512.091699	1	3249	0.301728	0.542450	0.542450	0.301728	0	0.248684	0.250983	0.249015	0.251317	0.003541	0.027784	0.482569	0.531461	
1185000	-512.079582	1	219	0.285603	0.564468	0.564468	0.285603	0	0.248704	0.248464	0.251537	0.251295	0.218202	0.368785	0.286025	0.222976	
1186000	-511.375368	1	1597	0.248280	0.475826	0.475826	0.248280	0	0.245982	0.249138	0.250831	0.254049	0.502809	0.653394	0.634619	0.269570	
1187000	-511.568965	1	2034	0.281622	0.506010	0.506010	0.281622	0	0.247807	0.251845	0.248152	0.252196	0.629889	0.125884	0.945767	0.081902	
1188000	-511.887782	1	848	0.228713	0.466302	0.466302	0.228713	0	0.244483	0.243688	0.256331	0.255498	0.085398	0.699044	0.730732	0.002275	
1189000	-511.433585	1	3290	0.273307	0.513458	0.513458	0.273307	0	0.247746	0.249972	0.250018	0.252264	0.682624	0.251328	0.985498	0.613239	
1190000	-511.639604	1	303	0.239164	0.443639	0.443639	0.239164	0	0.244316	0.252593	0.247355	0.255735	0.325650	0.777379	0.830134	0.726028	
1191000	-511.891302	1	3645	0.295313	0.528826	0.528826	0.295313	0	0.248424	0.251347	0.248652	0.251577	0.536285	0.373502	0.084067	0.213384	
1192000	-513.063206	1	3640	0.263979	0.497243	0.497243	0.263979	1	0.247155	0.249999	0.249984	0.252862	0.588177	0.061645	0.584929	0.951352	
1193000	-511.381608	1	3706	0.270524	0.503230	0.503230	0.270524	0	0.247477	0.250516	0.249472	0.252535	0.532919	0.364031	0.111257	0.427954	
1194000	-511.393192	1	3703	0.251078	0.490798	0.490798	0.251078	0	0.246531	0.247859	0.252126	0.253484	0.249172	0.897200	0.142565	0.403301	
1195000	-513.159373	1	2008	0.276853	0.512984	0.512984	0.276853	1	0.247821	0.250535	0.249456	0.252188	0.738532	0.126659	0.643146	0.246625	
1196000	-511.736562	1	2153	0.231670	0.460680	0.460680	0.231670	0	0.244485	0.245945	0.254026	0.255544	0.793952	0.885727	0.345681	0.695615	
1197000	-513.235400	1	3007	0.322733	0.528320	0.528320	0.322733	0	0.248790	0.253205	0.246813	0.251193	0.280931	0.556065	0.916192	0.079595	
1198000	-511.638333	1	1223	0.280128	0.491025	0.491025	0.280128	0	0.247480	0.253367	0.246643	0.252510	0.995858	0.298212	0.389404	0.061820	
1199000	-511.797474	1	456	0.271895	0.544173	0.544173	0.271895	0	0.248214	0.247660	0.252344	0.251781	0.972758	0.334797	0.710915	0.824854	
1200000	-511.559238	1	3501	0.278041	0.527985	0.527985	0.278041	0	0.248097	0.249494	0.250499	0.251909	0.828751	0.212147	0.560549	0.146464	
1201000	-511.356254	1	2196	0.268016	0.496947	0.496947	0.268016	0	0.247273	0.250775	0.249211	0.252741	0.098461	0.916430	0.199201	0.528816	
1202000	-511.425788	1	3264	0.244918	0.475352	0.475352	0.244918	0	0.245803	0.248222	0.251748	0.254227	0.880284	0.036842	0.554547	0.783124	
1203000	-511.671892	1	126	0.241429	0.440187	0.440187	0.241429	0	0.244317	0.254292	0.245680	0.255711	0.909146	0.137073	0.693779	0.679624	
1204000	-511.445870	1	2047	0.265820	0.474871	0.474871	0.265820	0	0.246669	0.253396	0.246605	0.253331	0.473277	0.664235	0.629675	0.577386	
1205000	-511.629766	1	1936	0.242967	0.494105	0.494105	0.242967	0	0.246259	0.245201	0.254817	0.253722	0.979642	0.571403	0.442232	0.636591	
1206000	-513.449382	1	595	0.235189	0.463682	0.463682	0.235189	1	0.244840	0.246813	0.253154	0.255193	0.506700	0.203657	0.682269	0.251425	
1207000	-511.343048	1	2202	0.265118	0.500071	0.500071	0.265118	0	0.247254	0.249902	0.250083	0.252761	0.635438	0.763674	0.905504	0.545608	
1208000	-512.550396	1	1324	0.227415	0.500145	0.500145	0.227415	0	0.245568	0.239072	0.261133	0.254227	0.222492	0.549800	0.946670	0.136681	
1209000	-511.414534	1	1452	0.247349	0.462869	0.462869	0.247349	0	0.245521	0.251078	0.248884	0.254517	0.493122	0.492598	0.257454	0.368301	
1210000	-511.349267	1	1582	0.261565	0.479371	0.479371	0.261565	0	0.246636	0.251846	0.248138	0.253379	0.653955	0.848202	0.493332	0.947282	
1211000	-511.485683	1	3186	0.241939	0.474642	0.474642	0.241939	0	0.245624	0.247392	0.252583	0.254401	0.350885	0.413764	0.032194	0.751979	
1212000	-511.596904	1	2748	0.236904	0.453109	0.453109	0.236904	0	0.244552	0.249547	0.250393	0.255508	0.541672	0.877177	0.454392	0.704017	
1213000	-511.853288	1	3423	0.245140	0.511868	0.511868	0.245140	0	0.246816	0.244208	0.255840	0.253136	0.500462	0.405844	0.236621	0.439849	
1214000	-512.141135	1	2627	0.292762	0.491717	0.491717	0.292762	0	0.247788	0.254737	0.245298	0.252177	0.000239	0.555434	0.050614	0.682249	
1215000	-511.595450	1	2178	0.251443	0.447765	0.447765	0.251443	0	0.245193	0.255468	0.244546	0.254793	0.468309	0.584390	0.911125	0.852204	
1216000	-511.964442	1	398	0.291009	0.497716	0.497716	0.291009	0	0.247862	0.253831	0.246189	0.252118	0.283184	0.828271	0.602257	0.625222	
1217000	-511.439304	1	1092	0.266270	0.515697	0.515697	0.266270	0	0.247606	0.248625	0.251368	0.252402	0.717841	0.466328	0.462041	0.102380	
1218000	-511.643766	1	2012	0.248125	0.443081	0.443081	0.248125	0	0.244835	0.255686	0.244325	0.255154	0.417820	0.943155	0.838450	0.899705	
1219000	-511.584906	1	120	0.282617	0.508289	0.508289	0.282617	0	0.247870	0.251742	0.248255	0.252133	0.030767	0.199434	0.593546	0.035251	
1220000	-511.748401	1	3227	0.290103	0.529011	0.529011	0.290103	0	0.248340	0.250832	0.249164	0.251664	0.614213	0.974461	0.498184	0.709028	
1221000	-511.500385	1	507	0.269336	0.476716	0.476716	0.269336	0	0.246836	0.253744	0.246264	0.253156	0.146075	0.336135	0.426898	0.818317	
1222000	-511.460705	1	771	0.269259	0.519070	0.519070	0.269259	0	0.247747	0.248860	0.251133	0.252261	0.716389	0.386482	0.197551	0.739082	
1223000	-511.362052	1	1259	0.254248	0.469852	0.469852	0.254248	0	0.246073	0.251697	0.248278	0.253952	0.281082	0.564273	0.401672	0.894433	
1224000	-511.410443	1	3625	0.258354	0.505565	0.505565	0.258354	0	0.247159	0.247988	0.252004	0.252849	0.847224	0.579682	0.877349	0.950936	
1225000	-511.346551	1	1919	0.266687	0.498411	0.498411	0.266687	0	0.247265	0.250372	0.249613	0.252749	0.349631	0.511604	0.695192	0.352076	
1226000	-511.912662	1	1108	0.291638	0.551135	0.551135	0.291638	0	0.248643	0.249645	0.250352	0.251361	0.856452	0.832687	0.532197	0.167294	
1227000	-511.735413	1	351	0.233158	0.443155	0.443155	0.233158	0	0.243873	0.250370	0.249555	0.256202	0.289223	0.195536	0.538060	0.061571	
1228000	-511.469150	1	964	0.244221	0.457571	0.457571	0.244221	0	0.245167	0.251158	0.248798	0.254877	0.679361	0.609872	0.942260	0.692501	
1229000	-511.497680	1	612	0.240513	0.466571	0.466571	0.240513	0	0.245274	0.248233	0.251728	0.254765	0.609765	0.070868	0.027163	0.559102	
1230000	-511.665261	1	3058	0.249413	0.510048	0.510048	0.249413	0	0.246943	0.245493	0.254530	0.253035	0.817962	0.477173	0.725060	0.889967	
1231000	-511.417428	1	1244	0.245206	0.467494	0.467494	0.245206	0	0.245565	0.249593	0.250367	0.254475	0.509031	0.792111	0.323827	0.751610	
1232000	-511.916226	1	3268	0.255142	0.531568	0.531568	0.255142	0	0.247590	0.245357	0.254674	0.252378	0.756989	0.139446	0.779969	0.742604	
1233000	-512.642513	1	1188	0.306984	0.589137	0.589137	0.306984	0	0.249164	0.249400	0.250599	0.250837	0.626419	0.406082	0.186038	0.510040	
1234000	-511.493202	1	3995	0.261503	0.516558	0.516558	0.261503	0	0.247488	0.247670	0.252328	0.252514	0.056204	0.285518	0.738421	0.607532	
1235000	-512.149737	1	3003	0.300034	0.515409	0.515409	0.300034	0	0.248316	0.252845	0.247165	0.251673	0.126114	0.727566	0.060125	0.638937	
1236000	-511.712884	1	431	0.247204	0.438921	0.438921	0.247204	0	0.244613	0.256510	0.243517	0.255361	0.115260	0.290705	0.428155	0.131860	
1237000	-511.683680	1	3891	0.254850	0.445769	0.445769	0.254850	0	0.245288	0.256848	0.243201	0.254663	0.922895	0.780102	0.994298	0.054396	
1238000	-511.555724	1	657	0.254073	0.511171	0.511171	0.254073	0	0.247138	0.246532	0.253476	0.252854	0.525062	0.851064	0.341489	0.500573	
1239000	-511.875330	1	3670	0.267199	0.544207	0.544207	0.267199	0	0.248115	0.246940	0.253071	0.251873	0.548019	0.410428	0.078906	0.657204	
1240000	-511.511415	1	1187	0.256422	0.457148	0.457148	0.256422	0	0.245764	0.254643	0.245364	0.254228	0.967968	0.626323	0.391918	0.488599	
1241000	-513.558787	1	511	0.234588	0.480967	0.480967	0.234588	1	0.245405	0.243921	0.256111	0.254563	0.167283	0.023952	0.241094	0.729021	
1242000	-512.032697	1	2000	0.295956	0.556548	0.556548	0.295956	0	0.248761	0.249771	0.250226	0.251242	0.980405	0.214261	0.205449	0.553721	
1243000	-511.976784	1	2086	0.287484	0.486969	0.486969	0.287484	0	0.247576	0.254807	0.245227	0.252389	0.706262	0.431115	0.626927	0.330105	
1244000	-511.543502	1	2658	0.243037	0.449788	0.449788	0.243037	0	0.244807	0.252460	0.247498	0.255235	0.950224	0.617278	0.914614	0.479739	
1245000	-511.329499	1	39	0.260956	0.495999	0.495999	0.260956	0	0.247029	0.249536	0.250446	0.252988	0.102070	0.724096	0.533446	0.659022	
1246000	-511.506169	1	1527	0.255398	0.509708	0.509708	0.255398	0	0.247151	0.246960	0.253043	0.252846	0.213244	0.074796	0.289975	0.197240	
1247000	-512.185552	1	3027	0.304496	0.541824	0.541824	0.304496	0	0.248714	0.251227	0.248773	0.251286	0.385240	0.902883	0.483919	0.161633	
1248000	-512.986048	1	3536	0.307678	0.606120	0.606120	0.307678	0	0.249283	0.249046	0.250955	0.250717	0.553387	0.200280	0.622155	0.392921	
1249000	-513.854370	1	1490	0.290292	0.576127	0.576127	0.290292	1	0.248882	0.248521	0.251481	0.251116	0.367502	0.550196	0.536759	0.446496	
1250000	-511.472510	1	25	0.259105	0.462826	0.462826	0.259105	0	0.246064	0.254129	0.245874	0.253933	0.459478	0.306030	0.042662	0.012863	
1251000	-511.984060	1	2044	0.260874	0.542042	0.542042	0.260874	0	0.247932	0.245956	0.254068	0.252044	0.203384	0.337788	0.398129	0.896130	
1252000	-511.398744	1	2940	0.256832	0.466972	0.466972	0.256832	0	0.246096	0.252832	0.247154	0.253918	0.328361	0.811783	0.640048	0.540454	
1253000	-511.385924	1	3396	0.247404	0.475079	0.475079	0.247404	0	0.245918	0.249002	0.250966	0.254114	0.034946	0.574396	0.796572	0.898568	
1254000	-511.723592	1	2065	0.252866	0.442113	0.442113	0.252866	0	0.245049	0.257265	0.242792	0.254895	0.408760	0.995742	0.970663	0.204335	
1255000	-511.955825	1	174	0.226416	0.437449	0.437449	0.226416	0	0.243061	0.248799	0.251106	0.257034	0.642266	0.058524	0.104926	0.963936	
1256000	-512.111053	1	3232	0.229971	0.420105	0.420105	0.229971	0	0.242492	0.255892	0.244065	0.257552	0.170275	0.699564	0.278968	0.794508	
1257000	-511.730116	1	1436	0.231775	0.450794	0.450794	0.231775	0	0.244095	0.247992	0.251945	0.255967	0.482536	0.314956	0.412781	0.640719	
1258000	-512.239034	1	2190	0.239687	0.517226	0.517226	0.239687	0	0.246713	0.242239	0.257862	0.253186	0.208802	0.718394	0.851626	0.902397	
1259000	-512.220313	1	3456	0.239294	0.515694	0.515694	0.239294	0	0.246657	0.242217	0.257884	0.253242	0.497930	0.736378	0.996139	0.169313	
1260000	-511.561817	1	329	0.260556	0.520399	0.520399	0.260556	0	0.247536	0.247190	0.252813	0.252460	0.960871	0.067277	0.450932	0.536970	
1261000	-511.524176	1	696	0.279781	0.518268	0.518268	0.279781	0	0.247978	0.250471	0.249521	0.252030	0.781684	0.834025	0.703789	0.052853	
1262000	-511.735155	1	1370	0.289683	0.522910	0.522910	0.289683	0	0.248246	0.251250	0.248747	0.251757	0.617214	0.176761	0.077951	0.292985	
1263000	-511.613499	1	78	0.243659	0.494611	0.494611	0.243659	0	0.246306	0.245357	0.254660	0.253678	0.387846	0.016461	0.012272	0.672041	
1264000	-511.614674	1	3557	0.243491	0.443853	0.443853	0.243491	0	0.244598	0.254040	0.245934	0.255428	0.094504	0.565491	0.247591	0.344146	
1265000	-511.387357	1	226	0.264662	0.508746	0.508746	0.264662	0	0.247423	0.248945	0.251044	0.252588	0.478753	0.706260	0.692200	0.193868	
1266000	-512.783922	1	1481	0.269365	0.427293	0.427293	0.269365	0	0.245212	0.265109	0.235294	0.254385	0.407596	0.120396	0.851290	0.029894	
1267000	-511.831365	1	748	0.282004	0.481874	0.481874	0.282004	0	0.247331	0.254869	0.245164	0.252636	0.562917	0.979758	0.197584	0.522649	
1268000	-511.347901	1	1211	0.251053	0.476928	0.476928	0.251053	0	0.246143	0.249730	0.250240	0.253887	0.593104	0.495265	0.239290	0.408168	
1269000	-512.082281	1	362	0.225827	0.426637	0.426637	0.225827	0	0.242467	0.251685	0.248206	0.257642	0.595172	0.257118	0.122286	0.250126	
1270000	-511.815200	1	3220	0.269072	0.542972	0.542972	0.269072	0	0.248137	0.247297	0.252711	0.251855	0.212325	0.708958	0.923166	0.016776	
1271000	-511.441696	1	686	0.275099	0.510167	0.510167	0.275099	0	0.247729	0.250541	0.249449	0.252280	0.995670	0.648608	0.094735	0.520972	
1272000	-511.325791	1	71	0.260818	0.494713	0.494713	0.260818	0	0.246994	0.249656	0.250326	0.253024	0.842994	0.541076	0.935360	0.349919	
1273000	-513.156155	1	2531	0.255275	0.470523	0.470523	0.255275	1	0.246136	0.251838	0.248139	0.253887	0.525396	0.540157	0.817104	0.011265	
1274000	-513.142142	1	3455	0.261382	0.512370	0.512370	0.261382	1	0.247399	0.247994	0.252000	0.252607	0.151014	0.628619	0.578423	0.814167	
1275000	-513.213891	1	3264	0.244918	0.475352	0.475352	0.244918	1	0.245801	0.248224	0.251747	0.254228	0.158459	0.897434	0.678811	0.266979	
1276000	-511.350886	1	1253	0.254916	0.472067	0.472067	0.254916	0	0.246168	0.251489	0.248486	0.253857	0.426647	0.361826	0.031691	0.265021	
1277000	-512.278594	1	2563	0.285396	0.573830	0.573830	0.285396	0	0.248799	0.248122	0.251882	0.251197	0.014450	0.231082	0.767656	0.425741	
1278000	-511.430801	1	3774	0.248117	0.459960	0.459960	0.248117	0	0.245461	0.251865	0.248100	0.254573	0.428107	0.887213	0.118128	0.487031	
1279000	-512.680235	1	2971	0.211496	0.437342	0.437342	0.211496	0	0.241445	0.240189	0.259859	0.258507	0.275284	0.478656	0.416740	0.384799	
1280000	-511.653758	1	2278	0.248440	0.507555	0.507555	0.248440	0	0.246846	0.245451	0.254570	0.253132	0.944252	0.705204	0.466581	0.363530	
1281000	-511.716652	1	1975	0.275127	0.473462	0.473462	0.275127	0	0.246936	0.255217	0.244818	0.253029	0.334172	0.022160	0.336378	0.684858	
1282000	-511.482210	1	859	0.245669	0.454794	0.454794	0.245669	0	0.245147	0.252193	0.247769	0.254891	0.373710	0.155467	0.127297	0.954378	
1283000	-511.518734	1	436	0.262028	0.519032	0.519032	0.262028	0	0.247552	0.247579	0.252421	0.252448	0.467775	0.784681	0.364547	0.775636	
1284000	-511.379667	1	34	0.250882	0.466677	0.466677	0.250882	0	0.245821	0.251377	0.248592	0.254211	0.797436	0.015336	0.960488	0.643310	
1285000	-513.027539	1	446	0.206599	0.419369	0.419369	0.206599	0	0.239725	0.241923	0.257993	0.260359	0.764052	0.807154	0.126534	0.825048	
1286000	-511.379849	1	3275	0.266076	0.508078	0.508078	0.266076	0	0.247451	0.249267	0.250721	0.252561	0.806363	0.058505	0.875794	0.751228	
1287000	-513.629125	1	3219	0.200212	0.441382	0.441382	0.200212	0	0.239947	0.230655	0.269926	0.259472	0.376425	0.069536	0.331257	0.868676	
1288000	-511.354685	1	177	0.261244	0.501628	0.501628	0.261244	0	0.247167	0.248982	0.251003	0.252847	0.567322	0.823100	0.389769	0.317983	
1289000	-512.170465	1	2583	0.253695	0.425944	0.425944	0.253695	0	0.244404	0.262232	0.238002	0.255362	0.351157	0.640011	0.304973	0.820254	
1290000	-512.077606	1	2807	0.287516	0.481673	0.481673	0.287516	0	0.247466	0.255560	0.244489	0.252485	0.579958	0.367324	0.342009	0.501955	
1291000	-511.407806	1	800	0.270459	0.490257	0.490257	0.270459	0	0.247197	0.252008	0.247984	0.252811	0.885027	0.221681	0.929824	0.293375	
1292000	-513.186028	1	2527	0.247099	0.471341	0.471341	0.247099	1	0.245785	0.249511	0.250453	0.254251	0.400034	0.454283	0.113615	0.504350	
1293000	-513.272934	1	1369	0.250621	0.505251	0.505251	0.250621	1	0.246875	0.246219	0.253790	0.253116	0.302546	0.088629	0.832414	0.168517	
1294000	-511.387223	1	1072	0.266331	0.482635	0.482635	0.266331	0	0.246886	0.252310	0.247681	0.253122	0.316361	0.192169	0.167368	0.829199	
1295000	-513.126395	1	1571	0.274053	0.510197	0.510197	0.274053	1	0.247703	0.250384	0.249606	0.252308	0.835438	0.736707	0.760765	0.691151	
1296000	-511.976784	1	2086	0.287484	0.486969	0.486969	0.287484	0	0.247576	0.254807	0.245227	0.252389	0.069185	0.128015	0.923528	0.357843	
1297000	-511.759514	1	2463	0.245338	0.507473	0.507473	0.245338	0	0.246717	0.244617	0.255420	0.253246	0.972082	0.303862	0.906452	0.820443	
1298000	-511.546232	1	3725	0.247901	0.449214	0.449214	0.247901	0	0.245061	0.254117	0.245868	0.254954	0.761465	0.403591	0.819962	0.460458	
1299000	-511.654186	1	1997	0.245588	0.501824	0.501824	0.245588	0	0.246585	0.245192	0.254832	0.253391	0.866927	0.678647	0.496692	0.984885	
1300000	-511.915619	1	1007	0.227560	0.438155	0.438155	0.227560	0	0.243195	0.249162	0.250745	0.256898	0.526971	0.899507	0.232353	0.181759	
1301000	-511.918264	1	72	0.294152	0.513914	0.513914	0.294152	0	0.248192	0.252463	0.247543	0.251802	0.735584	0.781949	0.561866	0.059583	
1302000	-511.800068	1	3773	0.256978	0.442550	0.442550	0.256978	0	0.245269	0.258185	0.241903	0.254643	0.912762	0.788276	0.541965	0.795119	
1303000	-511.402404	1	1817	0.247517	0.465045	0.465045	0.247517	0	0.245603	0.250723	0.249239	0.254435	0.720612	0.096719	0.062093	0.661002	
1304000	-514.253904	1	726	0.227631	0.412693	0.412693	0.227631	1	0.241861	0.257566	0.242416	0.258157	0.047203	0.158713	0.528882	0.639045	
1305000	-511.640587	1	1835	0.282581	0.498785	0.498785	0.282581	0	0.247695	0.252747	0.247258	0.252301	0.883613	0.312205	0.272866	0.707659	
1306000	-512.334340	1	778	0.254103	0.421414	0.421414	0.254103	0	0.244212	0.263874	0.236439	0.255475	0.042845	0.626467	0.901288	0.610348	
1307000	-511.521968	1	1246	0.253453	0.507807	0.507807	0.253453	0	0.247041	0.246678	0.253326	0.252955	0.885993	0.234454	0.482932	0.841613	
1308000	-512.100682	1	2793	0.230187	0.420483	0.420483	0.230187	0	0.242531	0.255857	0.244100	0.257512	0.447246	0.774605	0.543178	0.314692	
1309000	-511.874329	1	134	0.273693	0.462738	0.462738	0.273693	0	0.246603	0.256918	0.243154	0.253325	0.714731	0.869453	0.342384	0.229122	
1310000	-511.328408	1	2568	0.254887	0.486028	0.486028	0.254887	0	0.246559	0.249409	0.250568	0.253464	0.305461	0.270800	0.169625	0.003948	
1311000	-511.902165	1	671	0.262876	0.540929	0.540929	0.262876	0	0.247963	0.246372	0.253647	0.252019	0.990847	0.691183	0.528677	0.274517	
1312000	-511.934494	1	53	0.240208	0.426258	0.426258	0.240208	0	0.243599	0.257981	0.242065	0.256355	0.270814	0.727812	0.526369	0.229451	
1313000	-511.566756	1	3324	0.276893	0.529499	0.529499	0.276893	0	0.248097	0.249234	0.250760	0.251909	0.250998	0.765193	0.149406	0.369237	
1314000	-511.529762	1	2672	0.260327	0.517954	0.517954	0.260327	0	0.247481	0.247329	0.252672	0.252517	0.221495	0.659502	0.434632	0.338849	
1315000	-511.472312	1	3400	0.253330	0.457430	0.457430	0.253330	0	0.245632	0.253811	0.246179	0.254378	0.928476	0.119464	0.168859	0.183775	
1316000	-512.220280	1	3533	0.274952	0.451483	0.451483	0.274952	0	0.246310	0.259474	0.240677	0.253540	0.674140	0.582669	0.887563	0.377737	
1317000	-511.796830	1	2032	0.278821	0.476626	0.476626	0.278821	0	0.247122	0.255243	0.244795	0.252839	0.644551	0.887272	0.006179	0.620291	
1318000	-513.790113	1	3129	0.233975	0.495612	0.495612	0.233975	1	0.245830	0.242036	0.258058	0.254076	0.162714	0.981961	0.256305	0.777166	
1319000	-511.725386	1	3683	0.242032	0.436855	0.436855	0.242032	0	0.244211	0.255410	0.244581	0.255797	0.250006	0.469583	0.437556	0.236516	
1320000	-512.218667	1	749	0.303144	0.522895	0.522895	0.303144	0	0.248468	0.252453	0.247554	0.251525	0.497342	0.172311	0.302765	0.944927	
1321000	-511.424402	1	1250	0.268250	0.514693	0.514693	0.268250	0	0.247640	0.249052	0.250939	0.252370	0.555982	0.902405	0.960186	0.420530	
1322000	-511.472594	1	996	0.277289	0.509374	0.509374	0.277289	0	0.247767	0.250931	0.249061	0.252241	0.769723	0.367712	0.344769	0.108428	
1323000	-513.226896	1	3894	0.244611	0.469080	0.469080	0.244611	1	0.245584	0.249138	0.250824	0.254454	0.339852	0.322970	0.200908	0.180832	
1324000	-511.730116	1	1436	0.231775	0.450794	0.450794	0.231775	0	0.244095	0.247992	0.251945	0.255967	0.700045	0.135577	0.336208	0.245483	
1325000	-511.914140	1	3842	0.294654	0.517170	0.517170	0.294654	0	0.248250	0.252219	0.247785	0.251746	0.494026	0.527544	0.275959	0.088752	
1326000	-512.859912	1	2239	0.208824	0.436026	0.436026	0.208824	0	0.241012	0.238661	0.261439	0.258888	0.486015	0.851574	0.003116	0.017277	
1327000	-511.400117	1	1311	0.271030	0.509215	0.509215	0.271030	0	0.247609	0.250004	0.249985	0.252403	0.922367	0.736771	0.485154	0.808925	
1328000	-511.707296	1	265	0.233659	0.469413	0.469413	0.233659	0	0.244949	0.245242	0.254752	0.255057	0.532180	0.892120	0.429655	0.546794	
1329000	-511.725196	1	754	0.256678	0.445562	0.445562	0.256678	0	0.245368	0.257349	0.242716	0.254567	0.245760	0.444377	0.312112	0.264620	
1330000	-511.893379	1	3310	0.284611	0.553721	0.553721	0.284611	0	0.248567	0.248807	0.251191	0.251434	0.164556	0.471065	0.401317	0.759985	
1331000	-512.793920	1	3947	0.278962	0.588488	0.588488	0.278962	0	0.248857	0.247073	0.252942	0.251129	0.304680	0.839858	0.047662	0.946010	
1332000	-511.343957	1	1951	0.259035	0.497493	0.497493	0.259035	0	0.246999	0.248964	0.251020	0.253017	0.297054	0.153102	0.089011	0.490280	
1333000	-511.318127	1	1815	0.257325	0.486599	0.486599	0.257325	0	0.246668	0.249904	0.250074	0.253354	0.651258	0.736681	0.838891	0.242761	
1334000	-511.967977	1	304	0.225502	0.440738	0.440738	0.225502	0	0.243134	0.247487	0.252430	0.256949	0.499092	0.193250	0.858201	0.176363	
1335000	-511.369667	1	3200	0.254581	0.494802	0.494802	0.254581	0	0.246773	0.248260	0.251725	0.253242	0.179188	0.173053	0.422515	0.091681	
1336000	-511.584955	1	2898	0.257760	0.453915	0.453915	0.257760	0	0.245715	0.255654	0.244373	0.254258	0.746402	0.154346	0.358823	0.114267	
1337000	-511.621983	1	2083	0.240619	0.444142	0.444142	0.240619	0	0.244432	0.252988	0.246967	0.255613	0.638661	0.963171	0.833821	0.807682	
1338000	-512.017633	1	2432	0.299156	0.529757	0.529757	0.299156	0	0.248496	0.251613	0.248388	0.251503	0.369367	0.564050	0.295094	0.517539	
1339000	-511.626836	1	1380	0.277662	0.534971	0.534971	0.277662	0	0.248196	0.248980	0.251016	0.251809	0.781373	0.329769	0.618922	0.852612	
1340000	-513.062453	1	380	0.260860	0.493200	0.493200	0.260860	1	0.246958	0.249845	0.250137	0.253060	0.020468	0.703942	0.799957	0.297381	
1341000	-513.145074	1	758	0.256399	0.472305	0.472305	0.256399	1	0.246236	0.251809	0.248169	0.253786	0.515971	0.564721	0.113874	0.732729	
1342000	-511.608408	1	1241	0.235780	0.461090	0.461090	0.235780	0	0.244784	0.247514	0.252443	0.255259	0.265571	0.998574	0.932837	0.650268	
1343000	-511.990727	1	3675	0.281937	0.473351	0.473351	0.281937	0	0.247131	0.256191	0.243869	0.252809	0.301735	0.615661	0.651211	0.177049	
1344000	-511.974648	1	2445	0.237753	0.424252	0.424252	0.237753	0	0.243326	0.257734	0.242297	0.256643	0.608626	0.849855	0.270695	0.271081	
1345000	-511.605090	1	1773	0.242317	0.444774	0.444774	0.242317	0	0.244564	0.253418	0.246546	0.255472	0.011901	0.560581	0.040468	0.490885	
1346000	-511.317578	1	2785	0.260565	0.488956	0.488956	0.260565	0	0.246846	0.250307	0.249673	0.253174	0.211147	0.584417	0.677641	0.202069	
1347000	-512.423608	1	878	0.310897	0.555884	0.555884	0.310897	0	0.248931	0.250887	0.249113	0.251070	0.850266	0.758826	0.063305	0.423108	
1348000	-513.510547	1	2570	0.240221	0.442753	0.442753	0.240221	1	0.244347	0.253200	0.246756	0.255697	0.991965	0.105149	0.153232	0.489026	
1349000	-512.583024	1	3036	0.226149	0.402704	0.402704	0.226149	0	0.241099	0.261092	0.238995	0.258814	0.072105	0.292193	0.609570	0.058006	
1350000	-511.347901	1	1211	0.251053	0.476928	0.476928	0.251053	0	0.246143	0.249730	0.250240	0.253887	0.970668	0.417966	0.030534	0.461369	
1351000	-511.387393	1	1750	0.247212	0.472787	0.472787	0.247212	0	0.245837	0.249308	0.250658	0.254197	0.335368	0.540693	0.688698	0.294837	
1352000	-511.475588	1	500	0.274704	0.519471	0.519471	0.274704	0	0.247885	0.249671	0.250320	0.252123	0.691801	0.858367	0.131927	0.035787	
1353000	-512.283970	1	3783	0.286719	0.574513	0.574513	0.286719	0	0.248823	0.248233	0.251771	0.251174	0.801087	0.710099	0.414612	0.089656	
1354000	-511.647639	1	1683	0.244930	0.499966	0.499966	0.244930	0	0.246508	0.245182	0.254840	0.253469	0.833723	0.902476	0.992757	0.387446	
1355000	-511.554692	1	2325	0.238189	0.457656	0.457656	0.238189	0	0.244811	0.249080	0.250867	0.255242	0.084476	0.591056	0.021785	0.582770	
1356000	-515.200477	1	742	0.218072	0.505172	0.505172	0.218072	1	0.245054	0.234488	0.265963	0.254495	0.204627	0.931892	0.365274	0.803541	
1357000	-511.843991	1	2754	0.237208	0.430742	0.430742	0.237208	0	0.243605	0.255441	0.244537	0.256418	0.950958	0.293675	0.854829	0.939377	
1358000	-513.409231	1	1834	0.242410	0.448885	0.448885	0.242410	1	0.244733	0.252461	0.247495	0.255311	0.875976	0.511661	0.991583	0.964220	
1359000	-513.270728	1	1911	0.244355	0.460991	0.460991	0.244355	1	0.245295	0.250523	0.249433	0.254749	0.152504	0.184463	0.543758	0.716501	
1360000	-511.577562	1	1010	0.278620	0.529708	0.529708	0.278620	0	0.248136	0.249451	0.250543	0.251870	0.587494	0.770533	0.532352	0.386651	
1361000	-511.754219	1	2470	0.253728	0.522005	0.522005	0.253728	0	0.247357	0.245635	0.254390	0.252618	0.239398	0.892234	0.105317	0.844129	
1362000	-513.256298	1	2941	0.245965	0.460952	0.460952	0.245965	1	0.245381	0.251030	0.248929	0.254660	0.876321	0.986032	0.534862	0.049736	
1363000	-511.404236	1	98	0.248484	0.463670	0.463670	0.248484	0	0.245606	0.251258	0.248707	0.254430	0.878963	0.789095	0.535600	0.668695	
1364000	-512.044520	1	2420	0.223323	0.447395	0.447395	0.223323	0	0.243242	0.244788	0.255174	0.256796	0.245644	0.402871	0.606057	0.817071	
1365000	-514.383952	1	2600	0.215453	0.455408	0.455408	0.215453	1	0.242811	0.238767	0.261388	0.257034	0.553006	0.645784	0.742107	0.159254	
1366000	-513.211890	1	314	0.274774	0.424883	0.424883	0.274774	0	0.245334	0.266727	0.233777	0.254162	0.304199	0.766882	0.353450	0.710687	
1367000	-511.606180	1	2358	0.251203	0.509676	0.509676	0.251203	0	0.247002	0.245973	0.254042	0.252984	0.747660	0.189822	0.886788	0.231745	
1368000	-511.654088	1	3447	0.279139	0.537017	0.537017	0.279139	0	0.248254	0.249046	0.250950	0.251750	0.979835	0.078215	0.250332	0.305930	
1369000	-513.267664	1	866	0.204862	0.405599	0.405599	0.204862	0	0.238563	0.245761	0.254006	0.261670	0.171045	0.329273	0.422727	0.374897	
1370000	-513.250025	1	2675	0.274267	0.532903	0.532903	0.274267	1	0.248093	0.248645	0.251352	0.251910	0.061602	0.834674	0.711331	0.770118	
1371000	-511.748044	1	3955	0.249291	0.438351	0.438351	0.249291	0	0.244707	0.257284	0.242766	0.255243	0.037796	0.984913	0.526911	0.754373	
1372000	-512.498243	1	365	0.214996	0.426174	0.426174	0.214996	0	0.241283	0.245654	0.254228	0.258834	0.995287	0.152326	0.734091	0.039584	
1373000	-511.472594	1	996	0.277289	0.509374	0.509374	0.277289	0	0.247767	0.250931	0.249061	0.252241	0.195256	0.968504	0.818486	0.984542	
1374000	-511.351415	1	900	0.266680	0.491363	0.491363	0.266680	0	0.247107	0.251205	0.248782	0.252907	0.661835	0.778599	0.236027	0.411038	
1375000	-513.130855	1	2997	0.271146	0.494920	0.494920	0.271146	1	0.247319	0.251548	0.248443	0.252691	0.856401	0.729240	0.109180	0.796261	
1376000	-511.715730	1	3806	0.279217	0.541893	0.541893	0.279217	0	0.248324	0.248774	0.251224	0.251679	0.987553	0.476607	0.447257	0.996234	
1377000	-511.347539	1	1365	0.251466	0.481407	0.481407	0.251466	0	0.246290	0.249183	0.250790	0.253736	0.360804	0.893999	0.804051	0.228219	
1378000	-511.433585	1	3290	0.273307	0.513458	0.513458	0.273307	0	0.247746	0.249972	0.250018	0.252264	0.816991	0.465110	0.545794	0.247510	
1379000	-511.999001	1	2493	0.286907	0.484269	0.484269	0.286907	0	0.247507	0.255117	0.244923	0.252454	0.889222	0.017517	0.094548	0.939005	
1380000	-511.398744	1	2940	0.256832	0.466972	0.466972	0.256832	0	0.246096	0.252832	0.247154	0.253918	0.794019	0.573966	0.022259	0.393579	
1381000	-511.419685	1	2764	0.269884	0.513954	0.513954	0.269884	0	0.247669	0.249388	0.250602	0.252341	0.829823	0.663020	0.641255	0.565970	
1382000	-511.766302	1	2900	0.242616	0.502048	0.502048	0.242616	0	0.246458	0.244303	0.255737	0.253501	0.223226	0.671955	0.855122	0.532971	
1383000	-511.441826	1	369	0.275195	0.503950	0.503950	0.275195	0	0.247614	0.251172	0.248820	0.252395	0.178663	0.515806	0.166102	0.040898	
1384000	-511.397534	1	1863	0.266148	0.480808	0.480808	0.266148	0	0.246834	0.252541	0.247451	0.253173	0.602179	0.470756	0.489257	0.836062	
1385000	-511.602381	1	2675	0.274267	0.532903	0.532903	0.274267	0	0.248095	0.248643	0.251353	0.251909	0.583557	0.636972	0.822292	0.102802	
1386000	-511.817072	1	1126	0.232797	0.477630	0.477630	0.232797	0	0.245180	0.243678	0.256356	0.254785	0.413206	0.578425	0.102355	0.324473	
1387000	-513.816549	1	3157	0.244111	0.428347	0.428347	0.244111	1	0.243955	0.258652	0.241424	0.255968	0.371397	0.512686	0.237155	0.551648	
1388000	-511.422198	1	3073	0.251554	0.461082	0.461082	0.251554	0	0.245670	0.252606	0.247370	0.254354	0.336708	0.536344	0.821182	0.003244	
1389000	-511.482348	1	564	0.245292	0.454958	0.454958	0.245292	0	0.245132	0.252041	0.247920	0.254907	0.103952	0.267942	0.970867	0.629286	
1390000	-514.167224	1	1803	0.219254	0.459386	0.459386	0.219254	1	0.243384	0.240220	0.259887	0.256508	0.610275	0.528654	0.423308	0.790054	
1391000	-511.940831	1	225	0.296545	0.541630	0.541630	0.296545	0	0.248603	0.250609	0.249388	0.251400	0.256766	0.327442	0.494411	0.676185	
1392000	-511.533697	1	92	0.280728	0.513404	0.513404	0.280728	0	0.247917	0.251018	0.248975	0.252090	0.468750	0.900906	0.279869	0.781851	
1393000	-511.472888	1	353	0.268982	0.478450	0.478450	0.268982	0	0.246868	0.253412	0.246592	0.253128	0.460349	0.541466	0.862952	0.668506	
1394000	-511.608528	1	833	0.250038	0.446119	0.446119	0.250038	0	0.245058	0.255477	0.244534	0.254931	0.586997	0.170049	0.289212	0.398553	
1395000	-511.902458	1	1408	0.291933	0.506044	0.506044	0.291933	0	0.248025	0.253012	0.246998	0.251965	0.653781	0.244732	0.801272	0.531534	
1396000	-511.352742	1	1569	0.254572	0.471590	0.471590	0.254572	0	0.246139	0.251483	0.248491	0.253886	0.265428	0.000256	0.755318	0.907795	
1397000	-511.383922	1	1005	0.259914	0.472053	0.472053	0.259914	0	0.246372	0.252651	0.247336	0.253640	0.117374	0.175206	0.337603	0.578348	
1398000	-511.360877	1	65	0.254881	0.470329	0.470329	0.254881	0	0.246115	0.251772	0.248204	0.253909	0.413585	0.200115	0.115016	0.955465	
1399000	-514.688652	1	1301	0.284306	0.448298	0.448298	0.284306	1	0.246516	0.261455	0.238780	0.253250	0.040984	0.765373	0.963671	0.719839	
1400000	-511.413970	1	1705	0.250360	0.491926	0.491926	0.250360	0	0.246531	0.247538	0.252450	0.253481	0.589336	0.700611	0.483289	0.703268	
1401000	-511.578603	1	1021	0.271158	0.530129	0.530129	0.271158	0	0.247982	0.248362	0.251635	0.252021	0.757969	0.040302	0.146002	0.261549	
1402000	-512.343152	1	1252	0.219067	0.459491	0.459491	0.219067	0	0.243372	0.240098	0.260014	0.256516	0.708172	0.949158	0.930506	0.156705	
1403000	-511.535826	1	1506	0.263176	0.463678	0.463678	0.263176	0	0.246253	0.254840	0.245179	0.253728	0.525695	0.864793	0.180589	0.150492	
1404000	-512.491374	1	3250	0.300130	0.584528	0.584528	0.300130	0	0.249065	0.249069	0.250931	0.250935	0.829604	0.679362	0.680756	0.922834	
1405000	-511.711486	1	24	0.263668	0.454543	0.454543	0.263668	0	0.245986	0.256804	0.243256	0.253954	0.782522	0.931564	0.839764	0.606126	
1406000	-511.762307	1	3924	0.265763	0.455088	0.455088	0.265763	0	0.246087	0.257100	0.242970	0.253843	0.429022	0.229769	0.641751	0.963547	
1407000	-512.553289	1	2161	0.261124	0.422833	0.422833	0.261124	0	0.244641	0.265016	0.235370	0.254973	0.079108	0.982813	0.350228	0.444912	
1408000	-511.736289	1	2163	0.232671	0.468188	0.468188	0.232671	0	0.244838	0.245047	0.254949	0.255166	0.680675	0.107719	0.955215	0.831585	
1409000	-511.390682	1	2058	0.246969	0.471778	0.471778	0.246969	0	0.245793	0.249400	0.250565	0.254242	0.133875	0.310858	0.647605	0.064404	
1410000	-512.096175	1	560	0.261732	0.547518	0.547518	0.261732	0	0.248041	0.245867	0.254160	0.251933	0.412124	0.718967	0.013814	0.353006	
1411000	-511.450776	1	635	0.269858	0.482631	0.482631	0.269858	0	0.247000	0.252943	0.247056	0.253001	0.424774	0.001661	0.169471	0.493941	
1412000	-511.324203	1	2059	0.262586	0.493615	0.493615	0.262586	0	0.247028	0.250146	0.249837	0.252990	0.776955	0.862681	0.575176	0.707050	
1413000	-511.656108	1	3634	0.285497	0.509678	0.509678	0.285497	0	0.247956	0.251953	0.248047	0.252045	0.133117	0.536522	0.410630	0.605540	
1414000	-511.430801	1	3774	0.248117	0.459960	0.459960	0.248117	0	0.245461	0.251865	0.248100	0.254573	0.445196	0.988634	0.282756	0.051335	
1415000	-511.595283	1	2657	0.255066	0.515246	0.515246	0.255066	0	0.247260	0.246428	0.253583	0.252729	0.203403	0.567361	0.985524	0.512367	
1416000	-511.341694	1	3553	0.251870	0.479380	0.479380	0.251870	0	0.246250	0.249579	0.250393	0.253778	0.944707	0.204515	0.437201	0.039761	
1417000	-511.758840	1	1255	0.259436	0.447033	0.447033	0.259436	0	0.245549	0.257630	0.242446	0.254375	0.861995	0.307609	0.633530	0.415031	
1418000	-513.873476	1	102	0.244012	0.426222	0.426222	0.244012	1	0.243848	0.259306	0.240791	0.256055	0.833382	0.825186	0.619117	0.958134	
1419000	-513.207152	1	2838	0.253436	0.464652	0.464652	0.253436	1	0.245873	0.252421	0.247556	0.254149	0.541507	0.667004	0.695286	0.126590	
1420000	-514.933767	1	3656	0.253841	0.405276	0.405276	0.253841	1	0.243334	0.270143	0.230561	0.255962	0.030998	0.711900	0.145479	0.481206	
1421000	-511.478790	1	238	0.245898	0.455075	0.455075	0.245898	0	0.245170	0.252204	0.247759	0.254867	0.638619	0.004625	0.586070	0.194230	
1422000	-511.692439	1	2702	0.238283	0.485977	0.485977	0.238283	0	0.245781	0.244616	0.255407	0.254197	0.614955	0.067442	0.699743	0.564130	
1423000	-511.716652	1	1975	0.275127	0.473462	0.473462	0.275127	0	0.246936	0.255217	0.244818	0.253029	0.517506	0.630020	0.826304	0.344034	
1424000	-511.370219	1	2858	0.265268	0.482940	0.482940	0.265268	0	0.246858	0.252065	0.247923	0.253153	0.983509	0.452166	0.416630	0.860157	
1425000	-513.226412	1	2047	0.265820	0.474871	0.474871	0.265820	1	0.246667	0.253397	0.246604	0.253332	0.990397	0.052312	0.866011	0.242957	
1426000	-514.398560	1	36	0.248138	0.549919	0.549919	0.248138	1	0.247716	0.243011	0.257077	0.252196	0.787015	0.043668	0.823911	0.840518	
1427000	-512.153906	1	123	0.247405	0.528673	0.528673	0.247405	0	0.247281	0.243718	0.256347	0.252654	0.085746	0.828640	0.954415	0.510868	
1428000	-511.748401	1	3227	0.290103	0.529011	0.529011	0.290103	0	0.248340	0.250832	0.249164	0.251664	0.193315	0.714869	0.266387	0.184119	
1429000	-511.351415	1	900	0.266680	0.491363	0.491363	0.266680	0	0.247107	0.251205	0.248782	0.252907	0.417112	0.627445	0.988077	0.725885	
1430000	-512.220067	1	3595	0.303410	0.524149	0.524149	0.303410	0	0.248488	0.252373	0.247634	0.251505	0.687435	0.628540	0.195936	0.928893	
1431000	-511.607936	1	1045	0.274188	0.533324	0.533324	0.274188	0	0.248099	0.248605	0.251391	0.251904	0.354140	0.945641	0.392612	0.100715	
1432000	-511.663584	1	2983	0.239870	0.441266	0.441266	0.239870	0	0.244262	0.253457	0.246501	0.255780	0.760657	0.971703	0.892661	0.617034	
1433000	-511.956454	1	892	0.235406	0.425352	0.425352	0.235406	0	0.243208	0.256442	0.243549	0.256802	0.362163	0.175733	0.360583	0.334375	
1434000	-511.597903	1	193	0.237806	0.450073	0.450073	0.237806	0	0.244491	0.250556	0.249383	0.255570	0.835609	0.284755	0.563146	0.774407	
1435000	-512.846819	1	723	0.241889	0.398848	0.398848	0.241889	0	0.242161	0.269576	0.231053	0.257210	0.513931	0.102146	0.360590	0.174527	
1436000	-511.640587	1	1835	0.282581	0.498785	0.498785	0.282581	0	0.247695	0.252747	0.247258	0.252301	0.349613	0.059782	0.239549	0.718649	
1437000	-511.887782	1	848	0.228713	0.466302	0.466302	0.228713	0	0.244483	0.243688	0.256331	0.255498	0.261023	0.478269	0.374492	0.499169	
1438000	-511.946673	1	2651	0.228789	0.431620	0.431620	0.228789	0	0.242986	0.251588	0.248318	0.257109	0.975547	0.025269	0.173381	0.305005	
1439000	-511.323802	1	625	0.262626	0.489582	0.489582	0.262626	0	0.246933	0.250651	0.249331	0.253085	0.132716	0.767259	0.940384	0.854921	
1440000	-511.997777	1	2867	0.233562	0.423892	0.423892	0.233562	0	0.242990	0.256166	0.243811	0.257032	0.659448	0.718401	0.265552	0.277620	
1441000	-511.883331	1	3999	0.252898	0.526780	0.526780	0.252898	0	0.247427	0.245142	0.254893	0.252538	0.332567	0.328101	0.166412	0.223168	
1442000	-512.614172	1	66	0.302770	0.589960	0.589960	0.302770	0	0.249132	0.249106	0.250894	0.250868	0.433229	0.430132	0.221604	0.609218	
1443000	-513.085871	1	863	0.268148	0.508101	0.508101	0.268148	1	0.247508	0.249631	0.250357	0.252504	0.637260	0.262777	0.902489	0.923792	
1444000	-511.427029	1	3687	0.268310	0.481825	0.481825	0.268310	0	0.246931	0.252788	0.247208	0.253072	0.810453	0.700655	0.245662	0.812947	
1445000	-511.699409	1	3292	0.246102	0.505653	0.505653	0.246102	0	0.246704	0.244986	0.255043	0.253267	0.457031	0.507139	0.603779	0.672083	
1446000	-511.645630	1	520	0.259289	0.523993	0.523993	0.259289	0	0.247568	0.246684	0.253326	0.252421	0.664506	0.319207	0.383769	0.038010	
1447000	-511.458410	1	452	0.246841	0.457021	0.457021	0.246841	0	0.245291	0.252082	0.247882	0.254745	0.144912	0.291708	0.630591	0.572806	
1448000	-511.526889	1	3273	0.243309	0.459513	0.475607	0.243309	0	0.246847	0.248813	0.251170	0.253170	0.665086	0.891873	0.874369	0.932430	
1449000	-511.681962	1	140	0.283962	0.499039	0.499039	0.283962	0	0.247731	0.252889	0.247118	0.252262	0.627041	0.577663	0.850826	0.843858	
1450000	-511.471162	1	1785	0.263612	0.516800	0.516800	0.263612	0	0.247554	0.248053	0.251943	0.252451	0.393307	0.978475	0.801876	0.096080	
1451000	-512.330409	1	1803	0.219254	0.459386	0.459386	0.219254	0	0.243385	0.240219	0.259889	0.256507	0.038217	0.269563	0.257375	0.669033	
1452000	-513.406430	1	1186	0.283426	0.546922	0.546922	0.283426	1	0.248463	0.249009	0.250988	0.251540	0.514934	0.261754	0.588703	0.348751	
1453000	-513.443626	1	650	0.212186	0.486900	0.486900	0.212186	0	0.243827	0.232617	0.267937	0.255619	0.927731	0.172083	0.419223	0.123271	
1454000	-511.429546	1	1571	0.274053	0.510197	0.510197	0.274053	0	0.247704	0.250383	0.249607	0.252306	0.050215	0.424442	0.321037	0.557133	
1455000	-511.768669	1	2637	0.241225	0.434411	0.434411	0.241225	0	0.244050	0.255827	0.244170	0.255952	0.235394	0.473696	0.988396	0.942808	
1456000	-511.436411	1	1203	0.247677	0.459395	0.459395	0.247677	0	0.245419	0.251849	0.248116	0.254616	0.805650	0.492020	0.667622	0.457784	
1457000	-511.437101	1	812	0.246829	0.485588	0.485588	0.246829	0	0.246201	0.247350	0.252635	0.253814	0.972869	0.747354	0.894409	0.257701	
1458000	-511.383239	1	1465	0.252794	0.466189	0.466189	0.252794	0	0.245894	0.251972	0.248002	0.254132	0.417451	0.212068	0.376532	0.175386	
1459000	-512.112638	1	73	0.285330	0.475061	0.475061	0.285330	0	0.247263	0.256328	0.243736	0.252672	0.721412	0.970586	0.982030	0.950637	
1460000	-511.507935	1	3919	0.247251	0.494586	0.494586	0.247251	0	0.246469	0.246397	0.253604	0.253530	0.445720	0.170193	0.157663	0.350172	
1461000	-511.392926	1	1054	0.249246	0.465114	0.465114	0.249246	0	0.245691	0.251207	0.248758	0.254343	0.284239	0.086765	0.927743	0.876485	
1462000	-512.300727	1	1190	0.272271	0.566161	0.566161	0.272271	0	0.248514	0.246823	0.253192	0.251470	0.121133	0.666940	0.366485	0.660185	
1463000	-513.660300	1	793	0.302508	0.461340	0.461340	0.302508	0	0.247363	0.260333	0.239863	0.252440	0.862651	0.829421	0.994711	0.177861	
1464000	-511.370035	1	730	0.252932	0.491495	0.491495	0.252932	0	0.246625	0.248245	0.251738	0.253392	0.406240	0.332715	0.559871	0.125531	
1465000	-512.639543	1	2852	0.246213	0.406734	0.406734	0.246213	0	0.242952	0.267379	0.233116	0.256553	0.060280	0.225668	0.713814	0.656881	
1466000	-511.484085	1	944	0.251816	0.455549	0.455549	0.251816	0	0.245494	0.253808	0.246181	0.254518	0.937750	0.649212	0.071454	0.198139	
1467000	-511.927718	1	2529	0.227897	0.466548	0.466548	0.227897	0	0.244430	0.243285	0.256744	0.255541	0.718961	0.203809	0.171855	0.568210	
1468000	-511.809867	1	1598	0.292398	0.532067	0.532067	0.292398	0	0.248420	0.250844	0.249152	0.251584	0.025577	0.667614	0.530731	0.603013	
1469000	-511.344168	1	2990	0.266515	0.496241	0.496241	0.266515	0	0.247212	0.250588	0.249397	0.252803	0.470617	0.453000	0.500221	0.400943	
1470000	-511.451224	1	2368	0.267524	0.477575	0.477575	0.267524	0	0.246798	0.253285	0.246716	0.253201	0.531964	0.529548	0.849959	0.126688	
1471000	-511.643766	1	2012	0.248125	0.443081	0.443081	0.248125	0	0.244835	0.255686	0.244325	0.255154	0.064877	0.011571	0.929515	0.820026	
1472000	-513.528864	1	934	0.238461	0.442551	0.442551	0.238461	1	0.244222	0.252612	0.247334	0.255831	0.014318	0.508994	0.154934	0.770919	
1473000	-513.290216	1	3561	0.266966	0.531378	0.531378	0.266966	1	0.247903	0.247611	0.252392	0.252094	0.438472	0.847019	0.320873	0.449215	
1474000	-511.559238	1	3501	0.278041	0.527985	0.527985	0.278041	0	0.248097	0.249494	0.250499	0.251909	0.490509	0.270599	0.348876	0.422493	
1475000	-513.540697	1	3808	0.292500	0.513644	0.513644	0.292500	1	0.248156	0.252330	0.247674	0.251840	0.800412	0.023661	0.088876	0.179370	
1476000	-511.489019	1	2467	0.278191	0.512733	0.512733	0.278191	0	0.247848	0.250742	0.249250	0.252160	0.174075	0.048488	0.811498	0.805072	
1477000	-512.242763	1	3010	0.244650	0.416822	0.416822	0.244650	0	0.243416	0.262816	0.237423	0.256346	0.624114	0.250195	0.646168	0.080469	
1478000	-511.338140	1	368	0.265614	0.494262	0.494262	0.265614	0	0.247140	0.250654	0.249331	0.252876	0.526717	0.468715	0.449147	0.940672	
1479000	-512.823195	1	1530	0.297778	0.475261	0.475261	0.297778	0	0.247569	0.257542	0.242559	0.252331	0.350247	0.117484	0.797235	0.481553	
1480000	-511.532829	1	884	0.259715	0.459318	0.459318	0.259715	0	0.245978	0.254959	0.245058	0.254005	0.756477	0.481043	0.284702	0.509901	
1481000	-511.421870	1	2752	0.270657	0.488462	0.488462	0.270657	0	0.247162	0.252275	0.247719	0.252844	0.709107	0.661817	0.713491	0.974465	
1482000	-511.404236	1	98	0.248484	0.463670	0.463670	0.248484	0	0.245606	0.251258	0.248707	0.254430	0.783251	0.350644	0.836225	0.840977	
1483000	-511.506350	1	3158	0.244297	0.452858	0.452858	0.244297	0	0.244998	0.252180	0.247779	0.255043	0.092717	0.825489	0.438628	0.028105	
1484000	-511.372465	1	1191	0.269752	0.500917	0.500917	0.269752	0	0.247408	0.250632	0.249355	0.252605	0.852503	0.715441	0.137905	0.617062	
1485000	-511.496645	1	128	0.265155	0.520183	0.520183	0.265155	0	0.247660	0.248070	0.251927	0.252343	0.396072	0.501082	0.478034	0.126689	
1486000	-513.329073	1	3877	0.256224	0.519932	0.519932	0.256224	1	0.247394	0.246332	0.253681	0.252593	0.398524	0.776986	0.733682	0.325568	
1487000	-512.283997	1	3843	0.219913	0.425690	0.425690	0.219913	0	0.241822	0.248798	0.251068	0.258311	0.297344	0.352129	0.357249	0.128856	
1488000	-512.990372	1	3677	0.310921	0.605191	0.605191	0.310921	0	0.249301	0.249247	0.250753	0.250699	0.961641	0.555758	0.935754	0.059537	
1489000	-511.958679	1	326	0.236399	0.425057	0.425057	0.236399	0	0.243267	0.256937	0.243068	0.256727	0.063004	0.345384	0.256898	0.798897	
1490000	-512.003921	1	1381	0.288437	0.560107	0.560107	0.288437	0	0.248697	0.248924	0.251075	0.251304	0.675996	0.414246	0.081595	0.485443	
1491000	-511.721827	1	2795	0.237592	0.438256	0.438256	0.237592	0	0.243977	0.253418	0.246533	0.256072	0.340076	0.160878	0.554252	0.848182	
1492000	-513.030486	1	3816	0.289686	0.453025	0.453025	0.289686	0	0.246817	0.260962	0.239254	0.252966	0.144878	0.531408	0.296163	0.113803	
1493000	-511.450077	1	2895	0.243120	0.470938	0.470938	0.243120	0	0.245567	0.248358	0.251608	0.254467	0.716361	0.098067	0.770873	0.806547	
1494000	-511.622258	1	567	0.279993	0.533645	0.533645	0.279993	0	0.248222	0.249365	0.250629	0.251784	0.009002	0.768477	0.386370	0.940206	
1495000	-512.851552	1	1301	0.284306	0.448298	0.448298	0.284306	0	0.246518	0.261453	0.238782	0.253248	0.066409	0.602558	0.953211	0.930840	
1496000	-513.837273	1	2563	0.285396	0.573830	0.573830	0.285396	1	0.248797	0.248123	0.251881	0.251199	0.677067	0.154283	0.281455	0.602083	
1497000	-511.347901	1	1211	0.251053	0.476928	0.476928	0.251053	0	0.246143	0.249730	0.250240	0.253887	0.742179	0.719434	0.605403	0.493107	
1498000	-511.385324	1	1156	0.270939	0.502792	0.502792	0.270939	0	0.247479	0.250630	0.249358	0.252533	0.432973	0.109247	0.535430	0.760971	
1499000	-513.367502	1	2642	0.242885	0.493118	0.493118	0.242885	1	0.246227	0.245285	0.254731	0.253757	0.567005	0.453462	0.641056	0.403122	
1500000	-513.103421	1	221	0.270170	0.512097	0.512097	0.270170	1	0.247640	0.249600	0.250389	0.252371	0.729847	0.848097	0.431589	0.758760	
1501000	-511.424797	1	2372	0.244843	0.466106	0.466106	0.244843	0	0.245499	0.249725	0.250234	0.254542	0.154044	0.879950	0.623787	0.867767	
1502000	-511.441826	1	369	0.275195	0.503950	0.503950	0.275195	0	0.247614	0.251172	0.248820	0.252395	0.565609	0.505430	0.762252	0.048199	
1503000	-512.010716	1	3515	0.234064	0.494154	0.494154	0.234064	0	0.245792	0.242211	0.257877	0.254120	0.159407	0.726490	0.946348	0.759631	
1504000	-513.110864	1	10	0.257655	0.502345	0.502345	0.257655	1	0.247062	0.248154	0.251835	0.252949	0.360437	0.909170	0.344516	0.480204	
1505000	-511.486470	1	3164	0.266685	0.520401	0.520401	0.266685	0	0.247705	0.248322	0.251673	0.252300	0.808420	0.679292	0.281045	0.745200	
1506000	-513.558787	1	511	0.234588	0.480967	0.480967	0.234588	1	0.245405	0.243921	0.256111	0.254563	0.539371	0.213020	0.909516	0.961565	
1507000	-513.201145	1	3788	0.273901	0.595512	0.595512	0.273901	0	0.248856	0.246379	0.253645	0.251120	0.307305	0.996333	0.342045	0.072650	
1508000	-511.415382	1	3085	0.245510	0.466678	0.466678	0.245510	0	0.245553	0.249829	0.250131	0.254486	0.307348	0.997252	0.836739	0.438886	
1509000	-511.529762	1	2672	0.260327	0.517954	0.517954	0.260327	0	0.247481	0.247329	0.252672	0.252517	0.843945	0.768238	0.112844	0.064473	
1510000	-513.125505	1	3695	0.251501	0.487779	0.487779	0.251501	1	0.246467	0.248341	0.251639	0.253553	0.695289	0.038847	0.413828	0.202967	
1511000	-513.220812	1	2586	0.245227	0.468216	0.468216	0.245227	1	0.245588	0.249476	0.250485	0.254451	0.295886	0.159521	0.849435	0.312354	
1512000	-513.107013	1	2816	0.254834	0.477902	0.477902	0.254834	1	0.246333	0.250547	0.249427	0.253694	0.007505	0.236427	0.907962	0.089120	
1513000	-512.952739	1	1769	0.294288	0.463921	0.463921	0.294288	0	0.247227	0.259197	0.240955	0.252621	0.399069	0.622096	0.497025	0.557088	
1514000	-511.622065	1	3445	0.284376	0.510490	0.510490	0.284376	0	0.247946	0.251742	0.248255	0.252057	0.668139	0.341130	0.046238	0.312459	
1515000	-511.341107	1	799	0.264259	0.486771	0.486771	0.264259	0	0.246919	0.251342	0.248643	0.253096	0.757706	0.225673	0.274201	0.098919	
1516000	-511.472056	1	2111	0.245540	0.456019	0.456019	0.245540	0	0.245185	0.251894	0.248067	0.254855	0.518336	0.967187	0.419458	0.324415	
1517000	-511.329977	1	3279	0.259203	0.479959	0.479959	0.259203	0	0.246564	0.251251	0.248728	0.253456	0.383529	0.201731	0.887541	0.740037	
1518000	-511.456140	1	38	0.245650	0.457976	0.457976	0.245650	0	0.245261	0.251524	0.248436	0.254780	0.738143	0.450809	0.338645	0.010856	
1519000	-513.399520	1	1398	0.274671	0.544634	0.544634	0.274671	1	0.248275	0.248031	0.251971	0.251724	0.851627	0.981116	0.822898	0.401603	
1520000	-511.570047	1	1980	0.239903	0.449881	0.449881	0.239903	0	0.244619	0.251363	0.248582	0.255436	0.873492	0.912385	0.627151	0.129790	
1521000	-511.470130	1	1016	0.242419	0.473390	0.473390	0.242419	0	0.245609	0.247741	0.252230	0.254419	0.188732	0.036518	0.833294	0.557462	
1522000	-512.397961	1	623	0.219484	0.417779	0.417779	0.219484	0	0.241332	0.251246	0.248604	0.258818	0.508533	0.728802	0.445746	0.939365	
1523000	-513.886154	1	3554	0.272825	0.566927	0.566927	0.272825	1	0.248531	0.246875	0.253140	0.251453	0.901022	0.902830	0.642115	0.983869	
1524000	-511.490891	1	2077	0.271793	0.482953	0.482953	0.271793	0	0.247067	0.253222	0.246781	0.252929	0.344276	0.656613	0.084544	0.545627	
1525000	-511.393192	1	3703	0.251078	0.490798	0.490798	0.251078	0	0.246531	0.247859	0.252126	0.253484	0.985648	0.895247	0.790768	0.375473	
1526000	-511.412222	1	1568	0.247360	0.463276	0.463276	0.247360	0	0.245535	0.251004	0.248958	0.254503	0.783170	0.699767	0.792562	0.469324	
1527000	-512.134014	1	483	0.261293	0.435114	0.435114	0.261293	0	0.245179	0.261196	0.239006	0.254620	0.351365	0.475450	0.370218	0.537336	
1528000	-513.075931	1	1429	0.257770	0.485555	0.485555	0.257770	1	0.246657	0.250145	0.249833	0.253366	0.123597	0.033497	0.847103	0.292861	
1529000	-513.120511	1	2457	0.272442	0.514379	0.514379	0.272442	1	0.247740	0.249759	0.250230	0.252270	0.787661	0.409711	0.400257	0.815801	
1530000	-513.752789	1	1059	0.235694	0.498576	0.498576	0.235694	1	0.246014	0.242372	0.257714	0.253900	0.355619	0.642945	0.075011	0.869905	
1531000	-512.010661	1	3592	0.286877	0.560739	0.560739	0.286877	0	0.248681	0.248741	0.251258	0.251319	0.477201	0.024719	0.871247	0.998895	
1532000	-511.411371	1	1361	0.252185	0.462494	0.462494	0.252185	0	0.245747	0.252501	0.247475	0.254277	0.981094	0.646469	0.626759	0.980832	
1533000	-511.584067	1	2474	0.242657	0.489642	0.489642	0.242657	0	0.246118	0.245607	0.254401	0.253873	0.184518	0.960549	0.151984	0.054684	
1534000	-511.320438	1	3266	0.258615	0.490573	0.490573	0.258615	0	0.246817	0.249684	0.250296	0.253203	0.596743	0.578513	0.603797	0.898981	
1535000	-511.409132	1	221	0.270170	0.512097	0.512097	0.270170	0	0.247641	0.249598	0.250391	0.252370	0.018234	0.496006	0.590777	0.037330	
1536000	-511.606196	1	1160	0.263214	0.459427	0.459427	0.263214	0	0.246124	0.255684	0.244350	0.253841	0.390065	0.272472	0.442217	0.964073	
1537000	-511.318666	1	1389	0.261134	0.489607	0.489607	0.261134	0	0.246882	0.250343	0.249638	0.253137	0.394717	0.749816	0.116063	0.586495	
1538000	-511.455542	1	2794	0.272919	0.490155	0.490155	0.272919	0	0.247266	0.252424	0.247573	0.252737	0.124248	0.271992	0.661683	0.619887	
1539000	-511.327796	1	1939	0.261224	0.495608	0.495608	0.261224	0	0.247029	0.249636	0.250346	0.252989	0.475476	0.116981	0.284318	0.269291	
1540000	-511.755631	1	921	0.248420	0.513197	0.513197	0.248420	0	0.246978	0.244986	0.255047	0.252990	0.399922	0.689311	0.024259	0.880885	
1541000	-511.554972	1	3596	0.280797	0.504515	0.504515	0.280797	0	0.247761	0.251893	0.248105	0.252242	0.131435	0.573837	0.075805	0.482262	
1542000	-513.166485	1	182	0.248457	0.485083	0.485083	0.248457	1	0.246260	0.247875	0.252105	0.253759	0.029304	0.807779	0.076970	0.669396	
1543000	-511.679326	1	2645	0.262536	0.529659	0.529659	0.262536	0	0.247763	0.246939	0.253070	0.252228	0.856368	0.529166	0.771308	0.267967	
1544000	-513.441222	1	2855	0.235458	0.463602	0.463602	0.235458	1	0.244855	0.246931	0.253035	0.255180	0.270268	0.328602	0.380661	0.682828	
1545000	-513.819904	1	3124	0.230294	0.431336	0.431336	0.230294	1	0.243098	0.252366	0.247549	0.256987	0.510103	0.412370	0.041860	0.075154	
1546000	-512.242778	1	97	0.291124	0.482446	0.482446	0.291124	0	0.247568	0.255832	0.244224	0.252376	0.455945	0.980854	0.334341	0.417756	
1547000	-511.507563	1	405	0.248223	0.496752	0.496752	0.248223	0	0.246567	0.246431	0.253571	0.253431	0.590094	0.393108	0.801951	0.857720	
1548000	-512.100577	1	895	0.224568	0.466849	0.466849	0.224568	0	0.244176	0.241691	0.258381	0.255752	0.195514	0.877590	0.869960	0.532920	
1549000	-512.721207	1	3379	0.215155	0.407796	0.407796	0.215155	0	0.240208	0.252453	0.247364	0.259975	0.537750	0.934208	0.390501	0.092973	
1550000	-511.379667	1	34	0.250882	0.466677	0.466677	0.250882	0	0.245821	0.251377	0.248592	0.254211	0.343333	0.069977	0.670579	0.305464	
1551000	-511.456429	1	1215	0.271584	0.486247	0.486247	0.271584	0	0.247139	0.252726	0.247272	0.252863	0.557591	0.493057	0.688515	0.671182	
1552000	-511.554107	1	2409	0.239165	0.473840	0.473840	0.239165	0	0.245443	0.246582	0.253399	0.254576	0.094214	0.078467	0.019094	0.219860	
1553000	-511.406330	1	509	0.257346	0.503777	0.503777	0.257346	0	0.247085	0.247943	0.252049	0.252923	0.619492	0.399209	0.972125	0.675275	
1554000	-511.385924	1	3396	0.247404	0.475079	0.475079	0.247404	0	0.245918	0.249002	0.250966	0.254114	0.755528	0.909211	0.898496	0.786855	
1555000	-513.494512	1	2900	0.242616	0.502048	0.502048	0.242616	1	0.246457	0.244305	0.255736	0.253502	0.812266	0.318526	0.552509	0.220565	
1556000	-511.771452	1	1091	0.272021	0.542850	0.542850	0.272021	0	0.248197	0.247746	0.252257	0.251799	0.896854	0.419550	0.190831	0.863743	
1557000	-511.564853	1	1075	0.275616	0.485375	0.485375	0.275616	0	0.247236	0.253481	0.246528	0.252755	0.913258	0.622599	0.295564	0.389733	
1558000	-511.363885	1	685	0.268268	0.493443	0.493443	0.268268	0	0.247203	0.251233	0.248754	0.252810	0.789463	0.907507	0.859809	0.998958	
1559000	-511.338529	1	2745	0.264083	0.487085	0.487085	0.264083	0	0.246921	0.251265	0.248719	0.253095	0.804299	0.521861	0.716402	0.326553	
1560000	-511.731620	1	1106	0.289236	0.530319	0.530319	0.289236	0	0.248343	0.250650	0.249346	0.251661	0.488191	0.334594	0.276726	0.375991	
1561000	-511.338835	1	1630	0.252573	0.482232	0.482232	0.252573	0	0.246361	0.249353	0.250621	0.253665	0.127542	0.507057	0.276624	0.184299	
1562000	-511.539694	1	3738	0.256376	0.455235	0.455235	0.256376	0	0.245698	0.255038	0.244976	0.254288	0.870174	0.447089	0.811086	0.297397	
1563000	-512.031488	1	2500	0.224407	0.457930	0.457930	0.224407	0	0.243799	0.243160	0.256857	0.256184	0.209064	0.860824	0.662064	0.409046	
1564000	-512.157160	1	3825	0.221141	0.436594	0.436594	0.221141	0	0.242517	0.246288	0.253625	0.257569	0.568281	0.591072	0.177194	0.985341	
1565000	-511.715970	1	203	0.288955	0.524181	0.524181	0.288955	0	0.248251	0.251075	0.248922	0.251753	0.956074	0.443086	0.709070	0.206345	
1566000	-514.444666	1	1697	0.197332	0.373472	0.373472	0.197332	0	0.234635	0.256368	0.243234	0.265763	0.767007	0.550892	0.843137	0.454380	
1567000	-511.370035	1	730	0.252932	0.491495	0.491495	0.252932	0	0.246625	0.248245	0.251738	0.253392	0.447516	0.332659	0.802967	0.126775	
1568000	-511.518431	1	1269	0.242834	0.452577	0.452577	0.242834	0	0.244902	0.251765	0.248189	0.255144	0.528120	0.155465	0.274856	0.485897	
1569000	-511.337359	1	2692	0.252466	0.478903	0.478903	0.252466	0	0.246262	0.249803	0.250169	0.253766	0.815828	0.153311	0.954638	0.557328	
1570000	-511.872208	1	1322	0.283359	0.482717	0.482717	0.283359	0	0.247385	0.254917	0.245117	0.252581	0.422468	0.002039	0.978586	0.059202	
1571000	-511.398682	1	2997	0.271146	0.494920	0.494920	0.271146	0	0.247320	0.251546	0.248444	0.252690	0.967397	0.134855	0.422325	0.450313	
1572000	-511.539580	1	3265	0.238670	0.466189	0.466189	0.238670	0	0.245152	0.247658	0.252306	0.254885	0.843297	0.390695	0.188110	0.862784	
1573000	-511.338552	1	1711	0.265224	0.497947	0.497947	0.265224	0	0.247211	0.250155	0.249829	0.252805	0.155397	0.225185	0.961563	0.704897	
1574000	-511.365552	1	2534	0.260444	0.502575	0.502575	0.260444	0	0.247162	0.248722	0.251265	0.252851	0.839593	0.704752	0.123666	0.444586	
1575000	-511.518431	1	1269	0.242834	0.452577	0.452577	0.242834	0	0.244902	0.251765	0.248189	0.255144	0.339136	0.903253	0.049967	0.290779	
1576000	-514.003988	1	3	0.229206	0.492367	0.492367	0.229206	1	0.245435	0.240506	0.259636	0.254422	0.597342	0.467724	0.230752	0.078385	
1577000	-511.902458	1	1408	0.291933	0.506044	0.506044	0.291933	0	0.248025	0.253012	0.246998	0.251965	0.700538	0.261605	0.659066	0.504619	
1578000	-511.996187	1	3191	0.282778	0.474886	0.474886	0.282778	0	0.247191	0.256046	0.244011	0.252752	0.929354	0.753697	0.334877	0.040499	
1579000	-511.616086	1	2122	0.236921	0.472764	0.472764	0.236921	0	0.245273	0.245950	0.254038	0.254739	0.544228	0.408995	0.663692	0.860695	
1580000	-511.765140	1	2363	0.235045	0.437132	0.437132	0.235045	0	0.243745	0.252729	0.247207	0.256319	0.982936	0.155539	0.818232	0.968273	
1581000	-511.481995	1	3704	0.241884	0.473356	0.473356	0.241884	0	0.245579	0.247572	0.252400	0.254448	0.928857	0.014338	0.153315	0.227893	
1582000	-513.171970	1	864	0.254143	0.503238	0.503238	0.254143	1	0.246959	0.247269	0.252728	0.253045	0.179035	0.541977	0.158730	0.207030	
1583000	-511.353822	1	2519	0.260124	0.500438	0.500438	0.260124	0	0.247103	0.248877	0.251109	0.252911	0.263532	0.029341	0.807311	0.782085	
1584000	-511.854863	1	1957	0.232655	0.480187	0.480187	0.232655	0	0.245258	0.243279	0.256767	0.254696	0.614969	0.440846	0.334349	0.639507	
1585000	-511.672974	1	3580	0.234125	0.466261	0.466261	0.234125	0	0.244866	0.245947	0.254033	0.255155	0.098271	0.674366	0.863622	0.550585	
1586000	-511.352201	1	2774	0.254050	0.471550	0.471550	0.254050	0	0.246115	0.251360	0.248613	0.253911	0.720685	0.208159	0.108474	0.751705	
1587000	-511.736562	1	2153	0.231670	0.460680	0.460680	0.231670	0	0.244485	0.245945	0.254026	0.255544	0.603221	0.424060	0.014947	0.794852	
1588000	-512.649373	1	3238	0.257042	0.415967	0.415967	0.257042	0	0.244100	0.266572	0.233898	0.255431	0.990694	0.747506	0.015840	0.654794	
1589000	-511.689501	1	3382	0.265581	0.458345	0.458345	0.265581	0	0.246183	0.256376	0.243676	0.253765	0.541881	0.431455	0.369943	0.993231	
1590000	-511.860231	1	2191	0.294006	0.523986	0.523986	0.294006	0	0.248337	0.251593	0.248407	0.251664	0.281612	0.107294	0.585717	0.753100	
1591000	-512.122758	1	1132	0.302411	0.547477	0.547477	0.302411	0	0.248748	0.250747	0.249251	0.251254	0.450402	0.962232	0.621711	0.981806	
1592000	-511.767980	1	2587	0.238352	0.491651	0.491651	0.238352	0	0.245956	0.243985	0.256055	0.254004	0.827436	0.079210	0.128270	0.861433	
1593000	-511.316853	1	1429	0.257770	0.485555	0.485555	0.257770	0	0.246658	0.250143	0.249834	0.253364	0.808939	0.038725	0.657287	0.913673	
1594000	-511.874329	1	134	0.273693	0.462738	0.462738	0.273693	0	0.246603	0.256918	0.243154	0.253325	0.818170	0.056211	0.723600	0.842818	
1595000	-512.501112	1	2557	0.233533	0.513381	0.513381	0.233533	0	0.246315	0.240463	0.259696	0.253526	0.358944	0.268997	0.448412	0.074234	
1596000	-512.198426	1	2933	0.222963	0.423976	0.423976	0.222963	0	0.242048	0.251058	0.248816	0.258078	0.435976	0.124850	0.973996	0.179622	
1597000	-511.498365	1	1462	0.278641	0.514414	0.514414	0.278641	0	0.247888	0.250652	0.249340	0.252120	0.606401	0.784553	0.503770	0.461140	
1598000	-512.169825	1	1904	0.237199	0.416364	0.416364	0.237199	0	0.242870	0.260336	0.239775	0.257019	0.525531	0.854004	0.170437	0.753851	
1599000	-511.945335	1	3883	0.296605	0.542416	0.542416	0.296605	0	0.248613	0.250568	0.249429	0.251390	0.376744	0.811392	0.757676	0.681060	
1600000	-511.355379	1	3174	0.266909	0.502335	0.502335	0.266909	0	0.247356	0.249988	0.249998	0.252658	0.012029	0.568948	0.379509	0.812789	
1601000	-511.493227	1	3487	0.254915	0.507982	0.507982	0.254915	0	0.247096	0.247003	0.252998	0.252902	0.756457	0.598092	0.686316	0.766349	
1602000	-511.532529	1	3267	0.280310	0.507717	0.507717	0.280310	0	0.247808	0.251503	0.248492	0.252197	0.011598	0.792357	0.984811	0.045299	
1603000	-512.957943	1	963	0.291429	0.602118	0.602118	0.291429	0	0.249115	0.247998	0.252008	0.250879	0.857947	0.114992	0.333350	0.687944	
1604000	-511.854863	1	1957	0.232655	0.480187	0.480187	0.232655	0	0.245258	0.243279	0.256767	0.254696	0.049820	0.788728	0.915821	0.156622	
1605000	-511.953828	1	3097	0.251328	0.431273	0.431273	0.251328	0	0.244516	0.259911	0.240224	0.255349	0.298365	0.291632	0.817510	0.864117	
1606000	-512.202000	1	486	0.274853	0.564583	0.564583	0.274853	0	0.248539	0.247216	0.252796	0.251450	0.740117	0.119591	0.150612	0.956024	
1607000	-512.417305	1	2215	0.216358	0.448179	0.448179	0.216358	0	0.242573	0.240752	0.259311	0.257364	0.376330	0.002484	0.556540	0.794004	
1608000	-511.750681	1	1745	0.232716	0.442427	0.442427	0.232716	0	0.243808	0.250367	0.249556	0.256269	0.868388	0.876160	0.499981	0.923790	
1609000	-511.364824	1	3832	0.255701	0.496080	0.496080	0.255701	0	0.246846	0.248379	0.251607	0.253169	0.704231	0.352626	0.603023	0.672234	
1610000	-513.437181	1	1464	0.215087	0.495735	0.495735	0.215087	0	0.244458	0.233554	0.266948	0.255041	0.369054	0.178533	0.283511	0.318023	
1611000	-511.529545	1	3451	0.267180	0.524237	0.524237	0.267180	0	0.247787	0.248123	0.251874	0.252216	0.923599	0.484098	0.427284	0.024743	
1612000	-511.776582	1	610	0.265657	0.537971	0.537971	0.265657	0	0.247982	0.247006	0.253004	0.252008	0.858069	0.190694	0.250409	0.962794	
1613000	-513.735166	1	1334	0.252850	0.534866	0.534866	0.252850	1	0.247582	0.244685	0.255360	0.252373	0.577181	0.534956	0.600398	0.440822	
1614000	-511.404691	1	538	0.268941	0.511886	0.511886	0.268941	0	0.247605	0.249414	0.250575	0.252406	0.248429	0.099756	0.397587	0.944856	
1615000	-512.030563	1	403	0.238561	0.421945	0.421945	0.238561	0	0.243267	0.258831	0.241234	0.256668	0.723105	0.535633	0.553762	0.495283	
1616000	-513.679160	1	1640	0.287951	0.620998	0.620998	0.287951	0	0.249216	0.247468	0.252544	0.250772	0.348907	0.797833	0.567358	0.140025	
1617000	-511.506169	1	1527	0.255398	0.509708	0.509708	0.255398	0	0.247151	0.246960	0.253043	0.252846	0.681734	0.512917	0.419804	0.064801	
1618000	-511.659400	1	899	0.265335	0.531346	0.531346	0.265335	0	0.247864	0.247334	0.252671	0.252131	0.683324	0.629123	0.095657	0.821124	
1619000	-513.973077	1	3038	0.309704	0.560904	0.560904	0.309704	1	0.248962	0.250579	0.249420	0.251039	0.736422	0.470693	0.282188	0.332225	
1620000	-512.109824	1	2618	0.236752	0.418579	0.418579	0.236752	0	0.242957	0.259337	0.240738	0.256969	0.616521	0.511167	0.168666	0.188790	
1621000	-511.342622	1	3140	0.259943	0.498241	0.498241	0.259943	0	0.247047	0.249075	0.250909	0.252969	0.430374	0.378724	0.727453	0.219356	
1622000	-511.708796	1	191	0.281887	0.540790	0.540790	0.281887	0	0.248357	0.249163	0.250833	0.251647	0.752632	0.117476	0.017495	0.665583	
1623000	-512.778109	1	1189	0.305134	0.604306	0.604306	0.282989	0	0.250006	0.248175	0.251832	0.249987	0.147517	0.469105	0.014566	0.865447	
1624000	-511.630423	1	3408	0.281277	0.533523	0.533523	0.281277	0	0.248245	0.249533	0.250461	0.251761	0.438271	0.395530	0.260303	0.022043	
1625000	-513.102271	1	2478	0.269210	0.495499	0.495499	0.269210	1	0.247275	0.251153	0.248835	0.252737	0.323706	0.115008	0.475510	0.950984	
1626000	-511.511764	1	3978	0.266608	0.470747	0.470747	0.266608	0	0.246584	0.254232	0.245781	0.253403	0.992397	0.175593	0.565183	0.596157	
1627000	-511.837376	1	2	0.291636	0.512307	0.512307	0.291636	0	0.248121	0.252366	0.247638	0.251875	0.440566	0.372778	0.754892	0.733290	
1628000	-512.155879	1	1602	0.266240	0.440666	0.440666	0.266240	0	0.245609	0.260655	0.239531	0.254205	0.158457	0.772735	0.627295	0.562306	
1629000	-511.554692	1	2325	0.238189	0.457656	0.457656	0.238189	0	0.244811	0.249080	0.250867	0.255242	0.669398	0.425728	0.261383	0.285598	
1630000	-511.494435	1	407	0.276358	0.495880	0.495880	0.276358	0	0.247483	0.252241	0.247757	0.252520	0.806228	0.189957	0.884659	0.667166	
1631000	-511.717453	1	1916	0.232220	0.460722	0.460722	0.232220	0	0.244526	0.246167	0.253802	0.255505	0.389898	0.017633	0.675925	0.880558	
1632000	-513.122109	1	2264	0.279310	0.433529	0.433529	0.279310	0	0.245850	0.264690	0.235699	0.253761	0.181131	0.189856	0.193628	0.048500	
1633000	-511.828861	1	3949	0.231756	0.436340	0.436340	0.231756	0	0.243457	0.251570	0.248349	0.256624	0.230316	0.748683	0.244154	0.254319	
1634000	-512.142244	1	1308	0.251989	0.425321	0.425321	0.251989	0	0.244282	0.261987	0.238233	0.255499	0.268382	0.510588	0.629475	0.323305	
1635000	-512.481591	1	688	0.234049	0.405429	0.405429	0.234049	0	0.241982	0.263536	0.236700	0.257783	0.313552	0.012646	0.555696	0.418431	
1636000	-511.849817	1	354	0.287674	0.549404	0.549404	0.287674	0	0.248563	0.249340	0.250656	0.251440	0.297304	0.306402	0.188631	0.210909	
1637000	-512.199660	1	1576	0.220664	0.432312	0.432312	0.220664	0	0.242252	0.247214	0.252679	0.257855	0.640661	0.420394	0.399203	0.250129	
1638000	-511.739126	1	2736	0.251780	0.518157	0.518157	0.251780	0	0.247211	0.245451	0.254576	0.252763	0.900612	0.401459	0.442985	0.328293	
1639000	-511.416311	1	2296	0.267242	0.480768	0.480768	0.267242	0	0.246870	0.252750	0.247245	0.253135	0.058206	0.798654	0.292687	0.325622	
1640000	-511.433585	1	3290	0.273307	0.513458	0.513458	0.273307	0	0.247746	0.249972	0.250018	0.252264	0.963517	0.204880	0.066112	0.263249	
1641000	-511.469819	1	2008	0.276853	0.512984	0.512984	0.276853	0	0.247822	0.250533	0.249458	0.252187	0.059322	0.222798	0.880701	0.291169	
1642000	-511.681962	1	140	0.283962	0.499039	0.499039	0.283962	0	0.247731	0.252889	0.247118	0.252262	0.625977	0.763953	0.345515	0.462465	
1643000	-511.692195	1	2684	0.265931	0.458726	0.458726	0.265931	0	0.246208	0.256365	0.243687	0.253740	0.551579	0.524635	0.957958	0.585731	
1644000	-511.660746	1	3846	0.263325	0.529454	0.529454	0.263325	0	0.247780	0.247096	0.252911	0.252213	0.063085	0.844602	0.515025	0.654742	
1645000	-511.475020	1	976	0.267436	0.475203	0.475203	0.267436	0	0.246733	0.253644	0.246361	0.253262	0.956243	0.354803	0.215779	0.358090	
1646000	-512.259732	1	3199	0.218998	0.434894	0.434894	0.218998	0	0.242207	0.245539	0.254377	0.257877	0.420782	0.279377	0.597191	0.162095	
1647000	-513.588222	1	431	0.247204	0.438921	0.438921	0.247204	1	0.244611	0.256512	0.243515	0.255362	0.559582	0.433432	0.748843	0.814869	
1648000	-511.885800	1	3198	0.236597	0.428648	0.428648	0.236597	0	0.243460	0.255853	0.244130	0.256557	0.033806	0.251710	0.506737	0.414086	
1649000	-511.322119	1	3714	0.256902	0.480608	0.480608	0.256902	0	0.246493	0.250636	0.249340	0.253531	0.475689	0.734235	0.711900	0.401845	
1650000	-511.478673	1	88	0.276973	0.515749	0.515749	0.276973	0	0.247873	0.250306	0.249685	0.252136	0.891732	0.761695	0.345850	0.235000	
1651000	-512.595873	1	3115	0.314060	0.571650	0.571650	0.314060	0	0.249096	0.250387	0.249612	0.250905	0.691452	0.252823	0.658857	0.200261	
1652000	-512.773326	1	229	0.219951	0.399374	0.399374	0.219951	0	0.240222	0.259241	0.240738	0.259799	0.439835	0.969487	0.197147	0.307895	
1653000	-513.531548	1	2743	0.273010	0.551153	0.551153	0.273010	1	0.248333	0.247491	0.252516	0.251660	0.534832	0.812921	0.643679	0.419773	
1654000	-511.843095	1	2421	0.236657	0.430962	0.430962	0.236657	0	0.243576	0.255160	0.244811	0.256454	0.424013	0.030302	0.787453	0.723832	
1655000	-512.056139	1	3512	0.276496	0.460067	0.460067	0.276496	0	0.246618	0.257871	0.242229	0.253281	0.125893	0.043809	0.088245	0.937403	
1656000	-513.318682	1	520	0.259289	0.523993	0.523993	0.259289	1	0.247567	0.246686	0.253325	0.252423	0.923056	0.830387	0.824684	0.129757	
1657000	-511.547500	1	2146	0.261444	0.520439	0.520439	0.261444	0	0.247562	0.247361	0.252641	0.252436	0.848517	0.225751	0.595077	0.443053	
1658000	-511.910847	1	2562	0.255959	0.532507	0.532507	0.255959	0	0.247632	0.245478	0.254552	0.252338	0.877197	0.838095	0.323375	0.523446	
1659000	-511.728623	1	632	0.233062	0.469254	0.469254	0.233062	0	0.244903	0.245031	0.254967	0.255100	0.913016	0.993087	0.668610	0.765070	
1660000	-513.428482	1	936	0.282694	0.548912	0.548912	0.282694	1	0.248476	0.248824	0.251174	0.251526	0.262872	0.566986	0.172400	0.468637	
1661000	-511.767631	1	1258	0.238607	0.434768	0.434768	0.238607	0	0.243891	0.254777	0.245194	0.256138	0.321202	0.957797	0.243123	0.366619	
1662000	-511.791352	1	2812	0.271261	0.462370	0.462370	0.271261	0	0.246510	0.256593	0.243469	0.253428	0.579707	0.803109	0.842038	0.321805	
1663000	-511.545011	1	740	0.248572	0.449515	0.449515	0.248572	0	0.245109	0.254244	0.245744	0.254903	0.080624	0.421618	0.196431	0.396288	
1664000	-512.538939	1	1775	0.247748	0.542273	0.542273	0.247748	0	0.247564	0.243180	0.256903	0.252354	0.796613	0.690080	0.823037	0.806868	
1665000	-511.390682	1	2058	0.246969	0.471778	0.471778	0.246969	0	0.245793	0.249400	0.250565	0.254242	0.774765	0.495612	0.069755	0.914232	
1666000	-511.570244	1	3746	0.241179	0.448443	0.448443	0.241179	0	0.244642	0.252143	0.247808	0.255407	0.315658	0.575297	0.485883	0.680141	
1667000	-511.549492	1	1872	0.248197	0.500083	0.500083	0.248197	0	0.246652	0.246081	0.253927	0.253340	0.607886	0.751312	0.223589	0.429894	
1668000	-511.565167	1	1453	0.259791	0.457388	0.457388	0.259791	0	0.245919	0.255373	0.244651	0.254056	0.705058	0.840201	0.515465	0.429003	
1669000	-511.437048	1	3416	0.269563	0.483528	0.483528	0.269563	0	0.247012	0.252764	0.247234	0.252990	0.523114	0.831130	0.335439	0.419712	
1670000	-513.469827	1	82	0.203700	0.397297	0.397297	0.203700	0	0.237785	0.248536	0.251161	0.262518	0.804813	0.362924	0.544679	0.388931	
1671000	-513.796662	1	2679	0.202293	0.386067	0.386067	0.202293	0	0.236679	0.253213	0.246446	0.263662	0.513887	0.063156	0.377671	0.544257	
1672000	-511.690679	1	927	0.245139	0.503132	0.503132	0.245139	0	0.246599	0.244942	0.255086	0.253372	0.860534	0.378698	0.527879	0.704637	
1673000	-511.779398	1	757	0.276256	0.472219	0.472219	0.276256	0	0.246938	0.255595	0.244449	0.253018	0.648088	0.630987	0.913590	0.285391	
1674000	-511.353079	1	3935	0.263291	0.502649	0.502649	0.263291	0	0.247254	0.249282	0.250704	0.252760	0.929012	0.552770	0.477032	0.981040	
1675000	-511.634312	1	3462	0.275727	0.535611	0.535611	0.275727	0	0.248166	0.248680	0.251317	0.251837	0.286013	0.379861	0.136004	0.286939	
1676000	-511.507563	1	405	0.248223	0.496752	0.496752	0.248223	0	0.246567	0.246431	0.253571	0.253431	0.019679	0.029905	0.627676	0.049366	
1677000	-511.580226	1	439	0.254520	0.451035	0.451035	0.254520	0	0.245465	0.255511	0.244509	0.254515	0.116457	0.856515	0.850036	0.526139	
1678000	-513.878325	1	3620	0.238432	0.511876	0.511876	0.238432	1	0.246518	0.242208	0.257892	0.253382	0.934941	0.051477	0.491619	0.468986	
1679000	-511.422367	1	1292	0.261043	0.509893	0.509893	0.261043	0	0.247339	0.248143	0.251849	0.252669	0.482345	0.291110	0.057620	0.166931	
1680000	-512.242763	1	3010	0.244650	0.416822	0.416822	0.244650	0	0.243416	0.262816	0.237423	0.256346	0.727983	0.204961	0.794622	0.240255	
1681000	-511.959303	1	1158	0.245516	0.427163	0.427163	0.245516	0	0.243989	0.259485	0.240622	0.255904	0.720933	0.426237	0.759231	0.118618	
1682000	-511.434524	1	2941	0.245965	0.460952	0.460952	0.245965	0	0.245383	0.251029	0.248930	0.254658	0.623525	0.152386	0.924023	0.196727	
1683000	-511.482348	1	564	0.245292	0.454958	0.454958	0.245292	0	0.245132	0.252041	0.247920	0.254907	0.521404	0.233713	0.503724	0.647421	
1684000	-511.359750	1	1502	0.251048	0.484262	0.484262	0.251048	0	0.246352	0.248681	0.251296	0.253671	0.443346	0.767995	0.477430	0.743044	
1685000	-511.845901	1	717	0.286759	0.493465	0.493465	0.286759	0	0.247689	0.253881	0.246138	0.252292	0.418881	0.744647	0.795689	0.588400	
1686000	-511.513700	1	1546	0.252060	0.453466	0.453466	0.252060	0	0.245432	0.254325	0.245671	0.254572	0.605225	0.122252	0.251539	0.618774	
1687000	-511.441134	1	1323	0.259975	0.510513	0.510513	0.259975	0	0.247319	0.247872	0.252122	0.252687	0.348473	0.063447	0.401174	0.879813	
1688000	-511.451263	1	1208	0.243524	0.474805	0.474805	0.243524	0	0.245714	0.247874	0.252098	0.254315	0.841973	0.810665	0.970179	0.845456	
1689000	-511.740531	1	1392	0.231621	0.448831	0.448831	0.231621	0	0.244001	0.248365	0.251567	0.256066	0.697469	0.868130	0.306571	0.087329	
1690000	-511.342972	1	43	0.259456	0.497791	0.497791	0.259456	0	0.247020	0.249022	0.250962	0.252996	0.048102	0.059715	0.903867	0.688125	
1691000	-513.582252	1	1416	0.282776	0.559402	0.559402	0.282776	1	0.248604	0.248360	0.251641	0.251395	0.399078	0.323972	0.108159	0.164925	
1692000	-511.836915	1	711	0.284907	0.488880	0.488880	0.284907	0	0.247554	0.254252	0.245772	0.252422	0.007511	0.216594	0.785138	0.923541	
1693000	-511.725386	1	3683	0.242032	0.436855	0.436855	0.242032	0	0.244211	0.255410	0.244581	0.255797	0.558565	0.483162	0.700648	0.802798	
1694000	-511.446196	1	2974	0.249273	0.458066	0.458066	0.249273	0	0.245455	0.252579	0.247393	0.254573	0.189588	0.581472	0.975623	0.037338	
1695000	-511.422055	1	2950	0.244791	0.472214	0.472214	0.244791	0	0.245697	0.248675	0.251291	0.254337	0.260701	0.437486	0.030328	0.348654	
1696000	-511.625591	1	1341	0.263238	0.458374	0.458374	0.263238	0	0.246092	0.255904	0.244135	0.253869	0.660555	0.613674	0.969801	0.396006	
1697000	-513.276048	1	3704	0.241884	0.473356	0.473356	0.241884	1	0.245578	0.247574	0.252399	0.254450	0.431583	0.576422	0.325890	0.060595	
1698000	-513.449141	1	3712	0.242906	0.558527	0.558527	0.242906	0	0.247709	0.241542	0.258594	0.252155	0.339019	0.099467	0.203482	0.216853	
1699000	-514.495267	1	668	0.234347	0.404189	0.404189	0.234347	1	0.241927	0.264216	0.236055	0.257803	0.289944	0.486808	0.562625	0.022425	
1700000	-512.068338	1	700	0.229847	0.484958	0.484958	0.229847	0	0.245234	0.241562	0.258537	0.254666	0.910191	0.228918	0.379263	0.020677	
1701000	-511.358129	1	3274	0.258537	0.499292	0.499292	0.258537	0	0.247023	0.248662	0.251324	0.252991	0.696314	0.072234	0.227783	0.745895	
1702000	-512.155879	1	1602	0.266240	0.440666	0.440666	0.266240	0	0.245609	0.260655	0.239531	0.254205	0.558801	0.453780	0.569025	0.877905	
1703000	-511.537911	1	2517	0.238889	0.458735	0.458735	0.238889	0	0.244895	0.249119	0.250830	0.255156	0.528775	0.876382	0.381453	0.044183	
1704000	-511.358129	1	3274	0.258537	0.499292	0.499292	0.258537	0	0.247023	0.248662	0.251324	0.252991	0.339773	0.235900	0.570156	0.849827	
1705000	-511.344596	1	2087	0.266568	0.496600	0.496600	0.266568	0	0.247222	0.250556	0.249429	0.252793	0.788918	0.119953	0.977148	0.949363	
1706000	-513.638817	1	3213	0.315305	0.489943	0.489943	0.315305	0	0.248180	0.256613	0.243467	0.251740	0.651786	0.822639	0.586857	0.710733	
1707000	-511.503715	1	2717	0.260535	0.516301	0.516301	0.260535	0	0.247454	0.247500	0.252500	0.252546	0.152954	0.495424	0.494551	0.312056	
1708000	-511.677443	1	1346	0.249861	0.511557	0.511557	0.249861	0	0.246995	0.245483	0.254540	0.252982	0.439942	0.811608	0.592997	0.412068	
1709000	-511.667645	1	3288	0.255526	0.520147	0.520147	0.255526	0	0.247377	0.246164	0.253852	0.252607	0.004700	0.151036	0.863468	0.587488	
1710000	-512.623240	1	2502	0.222196	0.403282	0.403282	0.222196	0	0.240733	0.258710	0.241270	0.259287	0.804130	0.735307	0.010136	0.523997	
1711000	-511.475453	1	1238	0.270247	0.480924	0.480924	0.270247	0	0.246971	0.253259	0.246744	0.253027	0.874212	0.860247	0.482467	0.515801	
1712000	-511.367958	1	233	0.253842	0.493096	0.493096	0.253842	0	0.246701	0.248279	0.251705	0.253315	0.112478	0.069361	0.518963	0.601619	
1713000	-511.725144	1	3189	0.252609	0.441829	0.441829	0.252609	0	0.245025	0.257270	0.242786	0.254919	0.496586	0.811335	0.156097	0.745791	
1714000	-511.961087	1	1285	0.287210	0.557662	0.557662	0.287210	0	0.248652	0.248905	0.251094	0.251349	0.838768	0.863594	0.853782	0.899094	
1715000	-512.608310	1	178	0.212630	0.437987	0.437987	0.212630	0	0.241624	0.240784	0.259246	0.258345	0.975675	0.745782	0.344014	0.905929	
1716000	-512.192156	1	2219	0.230230	0.416198	0.416198	0.230230	0	0.242298	0.257443	0.242549	0.257710	0.988531	0.304630	0.466605	0.763724	
1717000	-513.618196	1	2044	0.260874	0.542042	0.542042	0.260874	1	0.247930	0.245957	0.254067	0.252045	0.885394	0.121843	0.891463	0.945849	
1718000	-512.706828	1	1064	0.225785	0.501583	0.501583	0.225785	0	0.245505	0.238274	0.261968	0.254253	0.867627	0.122462	0.635162	0.179058	
1719000	-511.729139	1	2827	0.231665	0.457131	0.457131	0.231665	0	0.244345	0.246623	0.253335	0.255697	0.337836	0.563783	0.951269	0.274070	
1720000	-511.546211	1	272	0.265938	0.467192	0.467192	0.265938	0	0.246460	0.254733	0.245287	0.253520	0.098162	0.082254	0.541118	0.426539	
1721000	-511.528414	1	3736	0.271320	0.478477	0.478477	0.271320	0	0.246944	0.253809	0.246201	0.253046	0.380829	0.723720	0.445759	0.510954	
1722000	-511.362052	1	1259	0.254248	0.469852	0.469852	0.254248	0	0.246073	0.251697	0.248278	0.253952	0.444376	0.837257	0.807046	0.349527	
1723000	-511.398682	1	2997	0.271146	0.494920	0.494920	0.271146	0	0.247320	0.251546	0.248444	0.252690	0.308953	0.572175	0.677594	0.798414	
1724000	-511.572021	1	1299	0.242123	0.487028	0.487028	0.242123	0	0.246015	0.245753	0.254251	0.253980	0.755078	0.556678	0.229385	0.075865	
1725000	-512.775031	1	3871	0.210367	0.422306	0.422306	0.210367	0	0.240457	0.243757	0.256136	0.259651	0.625123	0.861238	0.714266	0.865987	
1726000	-512.551307	1	1679	0.216069	0.416073	0.416073	0.216069	0	0.240834	0.249780	0.250049	0.259337	0.318663	0.266069	0.657053	0.538348	
1727000	-511.992166	1	3626	0.284162	0.559587	0.559587	0.284162	0	0.248629	0.248504	0.251497	0.251371	0.437663	0.739543	0.550341	0.739691	
1728000	-512.501454	1	535	0.278170	0.447854	0.447854	0.278170	0	0.246305	0.260782	0.239421	0.253493	0.234285	0.934996	0.745636	0.737527	
1729000	-511.852347	1	1855	0.233881	0.431965	0.431965	0.233881	0	0.243416	0.253736	0.246205	0.256643	0.290424	0.303958	0.143689	0.235874	
1730000	-512.044520	1	2420	0.223323	0.447395	0.447395	0.223323	0	0.243242	0.244788	0.255174	0.256796	0.206910	0.703151	0.131773	0.616682	
1731000	-511.758840	1	1255	0.259436	0.447033	0.447033	0.259436	0	0.245549	0.257630	0.242446	0.254375	0.932627	0.088396	0.165153	0.265650	
1732000	-511.815200	1	3220	0.269072	0.542972	0.542972	0.269072	0	0.248137	0.247297	0.252711	0.251855	0.528820	0.650893	0.203998	0.695298	
1733000	-511.368894	1	3695	0.251501	0.487779	0.487779	0.251501	0	0.246468	0.248340	0.251640	0.253552	0.226034	0.978374	0.318173	0.564823	
1734000	-513.498415	1	3121	0.284829	0.493678	0.493678	0.284829	1	0.247647	0.253631	0.246384	0.252338	0.294723	0.707992	0.338980	0.082220	
1735000	-512.419407	1	3499	0.260529	0.557363	0.557363	0.260529	0	0.248162	0.245288	0.254750	0.251799	0.691958	0.987730	0.948809	0.776224	
1736000	-511.568965	1	2034	0.281622	0.506010	0.506010	0.281622	0	0.247807	0.251845	0.248152	0.252196	0.513780	0.976661	0.695513	0.773903	
1737000	-511.718531	1	501	0.282501	0.541352	0.541352	0.282501	0	0.248376	0.249203	0.250793	0.251628	0.400707	0.506876	0.900446	0.626846	
1738000	-512.220693	1	837	0.305175	0.537055	0.537055	0.305175	0	0.248670	0.251575	0.248427	0.251329	0.921369	0.426656	0.435731	0.821111	
1739000	-513.165108	1	1902	0.271132	0.522915	0.522915	0.271132	1	0.247859	0.248865	0.251128	0.252147	0.869858	0.410429	0.396446	0.478936	
1740000	-513.900273	1	3923	0.246751	0.530522	0.530522	0.246751	1	0.247295	0.243456	0.256616	0.252633	0.640506	0.509382	0.403197	0.534414	
1741000	-511.396669	1	3463	0.247493	0.480267	0.480267	0.247493	0	0.246078	0.248259	0.251716	0.253947	0.156570	0.325504	0.886493	0.512984	
1742000	-511.554107	1	2409	0.239165	0.473840	0.473840	0.239165	0	0.245443	0.246582	0.253399	0.254576	0.811919	0.134713	0.247975	0.540634	
1743000	-511.452746	1	3278	0.242942	0.470431	0.470431	0.242942	0	0.245541	0.248384	0.251581	0.254494	0.797723	0.407189	0.820672	0.071729	
1744000	-511.935847	1	1476	0.267647	0.450475	0.450475	0.267647	0	0.246010	0.258485	0.241626	0.253879	0.117670	0.304133	0.998477	0.743618	
1745000	-512.644706	1	613	0.249309	0.408959	0.408959	0.249309	0	0.243278	0.267353	0.233148	0.256221	0.677786	0.974238	0.557016	0.047351	
1746000	-511.598243	1	1291	0.299530	0.500974	0.500974	0.277623	0	0.249043	0.253291	0.246729	0.250937	0.343331	0.694121	0.345304	0.562769	
1747000	-511.359483	1	1768	0.251821	0.486659	0.486659	0.251821	0	0.246451	0.248566	0.251413	0.253570	0.117269	0.526481	0.773639	0.133352	
1748000	-511.874286	1	1181	0.284087	0.484380	0.484380	0.284087	0	0.247439	0.254769	0.245263	0.252528	0.627101	0.030989	0.926962	0.213244	
1749000	-513.567971	1	2032	0.278821	0.476626	0.476626	0.278821	1	0.247121	0.255245	0.244794	0.252841	0.052718	0.832487	0.608302	0.539382	
1750000	-511.337889	1	1304	0.252709	0.476646	0.476646	0.252709	0	0.246208	0.250205	0.249766	0.253821	0.812877	0.333960	0.393140	0.761195	
1751000	-511.348605	1	1751	0.257900	0.474632	0.474632	0.257900	0	0.246366	0.251778	0.248202	0.253654	0.374022	0.561897	0.958101	0.404212	
1752000	-511.414849	1	1734	0.262362	0.510391	0.510391	0.262362	0	0.247389	0.248359	0.251633	0.252619	0.301154	0.193232	0.946330	0.123256	
1753000	-511.647639	1	1683	0.244930	0.499966	0.499966	0.244930	0	0.246508	0.245182	0.254840	0.253469	0.928538	0.071901	0.381160	0.319480	
1754000	-513.100824	1	3832	0.255701	0.496080	0.496080	0.255701	1	0.246845	0.248380	0.251605	0.253170	0.316715	0.445684	0.456818	0.083816	
1755000	-512.109824	1	2618	0.236752	0.418579	0.418579	0.236752	0	0.242957	0.259337	0.240738	0.256969	0.531787	0.559723	0.739123	0.736525	
1756000	-512.199660	1	1576	0.220664	0.432312	0.432312	0.220664	0	0.242252	0.247214	0.252679	0.257855	0.066809	0.058023	0.188282	0.538596	
1757000	-511.340965	1	3417	0.258546	0.476713	0.476713	0.258546	0	0.246450	0.251596	0.248383	0.253570	0.180062	0.279026	0.084694	0.953843	
1758000	-511.419552	1	1448	0.256516	0.464574	0.464574	0.256516	0	0.246009	0.253197	0.246792	0.254003	0.821724	0.733873	0.860688	0.602676	
1759000	-511.789143	1	3042	0.268276	0.457620	0.457620	0.268276	0	0.246262	0.257030	0.243040	0.253668	0.462541	0.192331	0.463271	0.862433	
1760000	-511.812709	1	3162	0.242482	0.432316	0.432316	0.242482	0	0.244037	0.256880	0.243144	0.255939	0.004061	0.214183	0.524215	0.791806	
1761000	-511.372465	1	1191	0.269752	0.500917	0.500917	0.269752	0	0.247408	0.250632	0.249355	0.252605	0.662292	0.295137	0.282444	0.520444	
1762000	-511.715956	1	2664	0.232517	0.448909	0.448909	0.232517	0	0.244072	0.248728	0.251204	0.255996	0.328357	0.787459	0.560379	0.268334	
1763000	-511.532096	1	415	0.241554	0.452319	0.452319	0.241554	0	0.244816	0.251391	0.248558	0.255234	0.491094	0.807628	0.616482	0.956640	
1764000	-511.414849	1	1734	0.262362	0.510391	0.510391	0.262362	0	0.247389	0.248359	0.251633	0.252619	0.253142	0.332099	0.387655	0.833676	
1765000	-513.166027	1	2823	0.276493	0.506048	0.506048	0.276493	1	0.247685	0.251147	0.248845	0.252323	0.903291	0.626188	0.400824	0.902442	
1766000	-511.578086	1	3504	0.253509	0.511748	0.511748	0.253509	0	0.247131	0.246353	0.253657	0.252858	0.147307	0.533296	0.165017	0.133698	
1767000	-512.079394	1	3453	0.296708	0.508294	0.508294	0.296708	0	0.248151	0.253235	0.246779	0.251834	0.241516	0.117239	0.231845	0.532462	
1768000	-513.129710	1	1417	0.259912	0.476626	0.476626	0.259912	1	0.246499	0.251914	0.248069	0.253518	0.149324	0.391400	0.860343	0.963535	
1769000	-513.631596	1	2817	0.233603	0.483621	0.483621	0.233603	1	0.245431	0.243211	0.256840	0.254518	0.294872	0.585562	0.728157	0.089313	
1770000	-511.318997	1	3233	0.258368	0.483038	0.483038	0.258368	0	0.246615	0.250623	0.249355	0.253408	0.798520	0.965082	0.402850	0.606812	
1771000	-514.284966	1	214	0.226418	0.496977	0.496977	0.226418	1	0.245398	0.238916	0.261293	0.254392	0.293607	0.583786	0.479560	0.656752	
1772000	-511.393439	1	262	0.250492	0.464548	0.464548	0.250492	0	0.245733	0.251658	0.248311	0.254298	0.169236	0.951180	0.149468	0.677377	
1773000	-511.466234	1	3168	0.271788	0.485603	0.485603	0.271788	0	0.247130	0.252848	0.247152	0.252871	0.853770	0.724858	0.505990	0.625963	
1774000	-513.457686	1	3691	0.286873	0.550031	0.550031	0.286873	1	0.248557	0.249227	0.250770	0.251446	0.057026	0.203469	0.688908	0.022168	
1775000	-511.716280	1	922	0.268440	0.537242	0.537242	0.268440	0	0.248035	0.247503	0.252502	0.251961	0.534879	0.380590	0.303655	0.311285	
1776000	-512.403960	1	1117	0.229198	0.408130	0.408130	0.229198	0	0.241731	0.260195	0.239876	0.258198	0.988316	0.245754	0.296063	0.685447	
1777000	-511.352201	1	2774	0.254050	0.471550	0.471550	0.254050	0	0.246115	0.251360	0.248613	0.253911	0.962272	0.235388	0.068004	0.905565	
1778000	-511.577305	1	3817	0.280313	0.527880	0.527880	0.280313	0	0.248142	0.249797	0.250196	0.251865	0.165090	0.656781	0.626597	0.928975	
1779000	-511.453516	1	558	0.272158	0.518006	0.518006	0.272158	0	0.247800	0.249408	0.250583	0.252209	0.789710	0.928501	0.305016	0.240028	
1780000	-514.099567	1	3125	0.250125	0.543831	0.543831	0.250125	1	0.247666	0.243677	0.256393	0.252264	0.953513	0.318124	0.184139	0.861623	
1781000	-511.383239	1	1465	0.252794	0.466189	0.466189	0.252794	0	0.245894	0.251972	0.248002	0.254132	0.670554	0.467224	0.469099	0.276413	
1782000	-511.724296	1	940	0.288841	0.516741	0.516741	0.288841	0	0.248137	0.251675	0.248323	0.251864	0.525381	0.599955	0.207335	0.604168	
1783000	-512.945370	1	130	0.256497	0.567401	0.567401	0.256497	0	0.248217	0.244290	0.255770	0.251723	0.558024	0.848882	0.654557	0.039470	
1784000	-511.567593	1	660	0.246140	0.447301	0.447301	0.246140	0	0.244890	0.254038	0.245943	0.255129	0.038593	0.142487	0.199436	0.791243	
1785000	-512.520889	1	1574	0.284891	0.458980	0.458980	0.284891	0	0.246845	0.259192	0.240955	0.253007	0.569448	0.296642	0.828752	0.197123	
1786000	-513.147548	1	2184	0.250800	0.472634	0.472634	0.250800	1	0.246002	0.250339	0.249629	0.254030	0.899753	0.612171	0.433783	0.273252	
1787000	-511.439775	1	255	0.270951	0.516542	0.516542	0.270951	0	0.247744	0.249339	0.250651	0.252266	0.107253	0.145014	0.395449	0.458387	
1788000	-511.644122	1	1351	0.252342	0.513896	0.513896	0.252342	0	0.247138	0.245905	0.254113	0.252845	0.870427	0.713277	0.849528	0.064841	
1789000	-511.565167	1	1453	0.259791	0.457388	0.457388	0.259791	0	0.245919	0.255373	0.244651	0.254056	0.290688	0.599962	0.145864	0.055132	
1790000	-511.487676	1	2749	0.274317	0.490015	0.490015	0.274317	0	0.247303	0.252661	0.247339	0.252698	0.240347	0.036121	0.391914	0.629124	
1791000	-513.647150	1	8	0.239784	0.503859	0.503859	0.239784	1	0.246372	0.243267	0.256798	0.253563	0.702233	0.888395	0.025667	0.029894	
1792000	-511.430215	1	3495	0.252219	0.497739	0.497739	0.252219	0	0.246755	0.247363	0.252630	0.253252	0.111134	0.017102	0.805091	0.594795	
1793000	-511.859485	1	237	0.232008	0.478209	0.478209	0.232008	0	0.245148	0.243287	0.256757	0.254807	0.250944	0.058850	0.709459	0.483085	
1794000	-512.173106	1	3313	0.246179	0.419979	0.419979	0.246179	0	0.243678	0.262143	0.238069	0.256110	0.345938	0.962638	0.767015	0.786613	
1795000	-511.898566	1	2394	0.241616	0.428133	0.428133	0.241616	0	0.243785	0.257874	0.242172	0.256168	0.545150	0.714591	0.032394	0.851750	
1796000	-511.752510	1	11	0.261232	0.449461	0.449461	0.261232	0	0.245713	0.257445	0.242628	0.254213	0.130370	0.057678	0.565263	0.382973	
1797000	-511.373059	1	3490	0.260473	0.474143	0.474143	0.260473	0	0.246453	0.252429	0.247558	0.253560	0.060219	0.589861	0.851484	0.859185	
1798000	-512.122758	1	1132	0.302411	0.547477	0.547477	0.302411	0	0.248748	0.250747	0.249251	0.251254	0.292801	0.918190	0.735871	0.548522	
1799000	-512.151924	1	51	0.238076	0.510362	0.510362	0.238076	0	0.246463	0.242201	0.257898	0.253438	0.403044	0.449670	0.162146	0.653554	
1800000	-513.545524	1	1281	0.232895	0.451780	0.451780	0.232895	1	0.244218	0.248248	0.251690	0.255844	0.932153	0.792763	0.864548	0.508510	
1801000	-511.619081	1	2987	0.248627	0.505763	0.505763	0.248627	0	0.246810	0.245658	0.254360	0.253172	0.936506	0.819566	0.284889	0.782978	
1802000	-511.414973	1	2828	0.271138	0.491138	0.491138	0.271138	0	0.247237	0.252009	0.247983	0.252770	0.687550	0.662602	0.127813	0.724834	
1803000	-511.421870	1	2752	0.270657	0.488462	0.488462	0.270657	0	0.247162	0.252275	0.247719	0.252844	0.610722	0.301144	0.723879	0.145329	
1804000	-513.314545	1	3169	0.251239	0.455442	0.455442	0.251239	1	0.245460	0.253676	0.246310	0.254554	0.555774	0.002324	0.745077	0.102694	
1805000	-511.324110	1	905	0.261230	0.494216	0.494216	0.261230	0	0.246996	0.249799	0.250183	0.253022	0.710748	0.527155	0.479459	0.192601	
1806000	-513.291533	1	961	0.281683	0.535607	0.535607	0.281683	1	0.248281	0.249451	0.250544	0.251725	0.569484	0.064404	0.824888	0.760314	
1807000	-511.555270	1	1369	0.250621	0.505251	0.505251	0.250621	0	0.246876	0.246218	0.253791	0.253115	0.159130	0.712828	0.332176	0.560988	
1808000	-511.458410	1	452	0.246841	0.457021	0.457021	0.246841	0	0.245291	0.252082	0.247882	0.254745	0.823385	0.644774	0.283786	0.672449	
1809000	-513.413985	1	336	0.236386	0.464319	0.464319	0.236386	1	0.244941	0.247154	0.252810	0.255094	0.294319	0.488211	0.061478	0.987544	
1810000	-511.597558	1	3323	0.245602	0.498010	0.498010	0.245602	0	0.246487	0.245570	0.254445	0.253499	0.343612	0.984443	0.645167	0.815340	
1811000	-511.373474	1	3957	0.269862	0.500729	0.500729	0.269862	0	0.247407	0.250671	0.249316	0.252606	0.127693	0.378097	0.266863	0.512116	
1812000	-511.733181	1	1151	0.238277	0.489052	0.489052	0.238277	0	0.245874	0.244250	0.255782	0.254093	0.169646	0.601466	0.348503	0.555273	
1813000	-512.200281	1	3676	0.304587	0.536228	0.536228	0.304587	0	0.248652	0.251587	0.248415	0.251346	0.356834	0.660967	0.543676	0.114021	
1814000	-511.375036	1	2035	0.251209	0.488165	0.488165	0.251209	0	0.246466	0.248216	0.251765	0.253553	0.330257	0.027467	0.489389	0.880242	
1815000	-512.144290	1	1239	0.243035	0.520298	0.520298	0.243035	0	0.246929	0.243033	0.257047	0.252991	0.134791	0.325073	0.416542	0.942057	
1816000	-513.494238	1	1043	0.265524	0.458968	0.458968	0.265524	1	0.246198	0.256239	0.243810	0.253753	0.350359	0.531699	0.382514	0.574391	
1817000	-511.347539	1	1365	0.251466	0.481407	0.481407	0.251466	0	0.246290	0.249183	0.250790	0.253736	0.910294	0.141186	0.752891	0.693370	
1818000	-512.737652	1	360	0.216309	0.404914	0.404914	0.216309	0	0.240165	0.254442	0.245403	0.259991	0.623262	0.226907	0.239662	0.886187	
1819000	-511.763899	1	580	0.230668	0.450546	0.450546	0.230668	0	0.244001	0.247570	0.252368	0.256060	0.533761	0.750883	0.116259	0.747404	
1820000	-512.039801	1	1609	0.238682	0.506909	0.506909	0.238682	0	0.246401	0.242661	0.257423	0.253515	0.621290	0.326244	0.557141	0.555099	
1821000	-512.541133	1	972	0.217000	0.414255	0.414255	0.217000	0	0.240837	0.251050	0.248782	0.259332	0.852101	0.607889	0.953000	0.134076	
1822000	-512.508852	1	915	0.286050	0.583467	0.583467	0.286050	0	0.248900	0.247916	0.252090	0.251094	0.392130	0.750493	0.268828	0.580529	
1823000	-511.472403	1	3960	0.244688	0.456607	0.456607	0.244688	0	0.245159	0.251504	0.248453	0.254884	0.944929	0.142353	0.856442	0.042819	
1824000	-512.129096	1	826	0.284382	0.566668	0.566668	0.284382	0	0.248710	0.248256	0.251747	0.251287	0.413149	0.204690	0.098891	0.238918	
1825000	-511.838094	1	2918	0.229201	0.442668	0.442668	0.229201	0	0.243541	0.248763	0.251156	0.256540	0.328707	0.667896	0.826954	0.091642	
1826000	-511.525158	1	2426	0.249235	0.500335	0.500335	0.249235	0	0.246701	0.246332	0.253673	0.253294	0.420102	0.441985	0.166395	0.005878	
1827000	-511.731620	1	1106	0.289236	0.530319	0.530319	0.289236	0	0.248343	0.250650	0.249346	0.251661	0.997225	0.932322	0.671119	0.848732	
1828000	-512.242856	1	181	0.223610	0.419699	0.419699	0.223610	0	0.241877	0.252872	0.247011	0.258240	0.594099	0.419669	0.316202	0.319175	
1829000	-512.400630	1	881	0.285911	0.579153	0.579153	0.285911	0	0.248857	0.248017	0.251988	0.251137	0.575426	0.866565	0.769942	0.404235	
1830000	-511.536882	1	1427	0.273988	0.527161	0.527161	0.273988	0	0.247998	0.248987	0.251007	0.252008	0.640691	0.613139	0.039484	0.238582	
1831000	-512.572064	1	2947	0.257961	0.418869	0.418869	0.257961	0	0.244293	0.265713	0.234707	0.255287	0.795015	0.147215	0.959544	0.784339	
1832000	-511.511945	1	389	0.243488	0.452774	0.452774	0.243488	0	0.244948	0.251937	0.248019	0.255096	0.592438	0.351409	0.332873	0.075973	
1833000	-511.510947	1	1952	0.253839	0.454915	0.454915	0.253839	0	0.245569	0.254475	0.245526	0.254430	0.899654	0.703531	0.994232	0.420643	
1834000	-511.355540	1	2184	0.250800	0.472634	0.472634	0.250800	0	0.246003	0.250337	0.249631	0.254029	0.203526	0.616412	0.417565	0.659222	
1835000	-512.136363	1	760	0.244864	0.420407	0.420407	0.244864	0	0.243616	0.261573	0.238612	0.256200	0.766050	0.321667	0.618790	0.344970	
1836000	-511.381022	1	2597	0.264924	0.507960	0.507960	0.264924	0	0.247415	0.249068	0.250921	0.252597	0.867673	0.693984	0.818065	0.683757	
1837000	-511.805398	1	268	0.261041	0.446909	0.446909	0.261041	0	0.245615	0.258014	0.242075	0.254296	0.430014	0.398675	0.899327	0.706604	
1838000	-512.710162	1	1658	0.252823	0.410385	0.410385	0.252823	0	0.243569	0.267722	0.232812	0.255898	0.274457	0.964230	0.895143	0.040074	
1839000	-511.371167	1	1170	0.252616	0.467958	0.467958	0.252616	0	0.245942	0.251610	0.248362	0.254086	0.680957	0.630391	0.278355	0.537252	
1840000	-511.525546	1	814	0.277602	0.495686	0.495686	0.277602	0	0.247511	0.252442	0.247557	0.252489	0.049431	0.478758	0.558246	0.526407	
1841000	-513.186214	1	3316	0.264097	0.475771	0.475771	0.264097	1	0.246630	0.252918	0.247076	0.253375	0.833672	0.436358	0.246311	0.986501	
1842000	-511.367406	1	1105	0.251241	0.486741	0.486741	0.251241	0	0.246429	0.248405	0.251574	0.253592	0.630314	0.935453	0.837783	0.519615	
1843000	-511.448378	1	1911	0.244355	0.460991	0.460991	0.244355	0	0.245297	0.250521	0.249435	0.254747	0.602240	0.569564	0.601961	0.510409	
1844000	-511.533002	1	2450	0.239867	0.473534	0.473534	0.239867	0	0.245473	0.246871	0.253107	0.254549	0.982318	0.037185	0.698563	0.102134	
1845000	-511.424173	1	540	0.259775	0.508683	0.508683	0.259775	0	0.247273	0.247995	0.251998	0.252733	0.369977	0.249415	0.670793	0.324489	
1846000	-512.335669	1	790	0.291331	0.478889	0.478889	0.291331	0	0.247498	0.256382	0.243686	0.252434	0.605599	0.307545	0.452398	0.262100	
1847000	-511.485683	1	3186	0.241939	0.474642	0.474642	0.241939	0	0.245624	0.247392	0.252583	0.254401	0.678975	0.231894	0.824915	0.719125	
1848000	-512.061996	1	3113	0.236248	0.502242	0.502242	0.236248	0	0.246150	0.242237	0.257856	0.253757	0.007367	0.104801	0.980173	0.358427	
1849000	-513.193979	1	3953	0.265861	0.522628	0.522628	0.265861	1	0.247723	0.248014	0.251984	0.252280	0.301683	0.514274	0.206137	0.463406	
1850000	-511.756501	1	951	0.231760	0.444759	0.444759	0.231760	0	0.243837	0.249381	0.250542	0.256239	0.412235	0.253998	0.821262	0.989476	
1851000	-513.061998	1	905	0.261230	0.494216	0.494216	0.261230	1	0.246995	0.249801	0.250181	0.253023	0.887280	0.553945	0.690272	0.945851	
1852000	-511.520333	1	3429	0.262237	0.463396	0.463396	0.262237	0	0.246208	0.254699	0.245316	0.253776	0.757577	0.748719	0.005256	0.405946	
1853000	-511.335667	1	2696	0.263432	0.486243	0.486243	0.263432	0	0.246878	0.251250	0.248734	0.253138	0.449776	0.118069	0.391552	0.475664	
1854000	-513.312969	1	1792	0.244238	0.456164	0.456164	0.244238	1	0.245116	0.251455	0.248501	0.254928	0.803556	0.614452	0.545345	0.430079	
1855000	-512.177374	1	2995	0.261061	0.433456	0.433456	0.261061	0	0.245101	0.261629	0.238590	0.254680	0.270027	0.992054	0.705513	0.430944	
1856000	-511.828653	1	3616	0.229842	0.464986	0.464986	0.229842	0	0.244517	0.244401	0.255601	0.255480	0.107874	0.135655	0.258804	0.010577	
1857000	-511.535265	1	1222	0.272778	0.526984	0.526984	0.272778	0	0.247968	0.248821	0.251173	0.252038	0.837538	0.907388	0.228730	0.381986	
1858000	-511.676704	1	2001	0.248916	0.509797	0.509797	0.248916	0	0.246918	0.245386	0.254638	0.253058	0.999287	0.552326	0.197701	0.670555	
1859000	-511.578472	1	633	0.245188	0.495624	0.495624	0.245188	0	0.246404	0.245699	0.254312	0.253584	0.410716	0.144810	0.235335	0.437556	
1860000	-511.562726	1	3298	0.271559	0.476278	0.476278	0.271559	0	0.246896	0.254192	0.245824	0.253088	0.179424	0.503401	0.259615	0.701197	
1861000	-511.867194	1	2014	0.278437	0.551304	0.551304	0.278437	0	0.248435	0.248199	0.251803	0.251563	0.823052	0.402719	0.479342	0.432450	
1862000	-511.318327	1	1414	0.260973	0.489276	0.489276	0.260973	0	0.246868	0.250351	0.249629	0.253151	0.285501	0.089634	0.150489	0.219518	
1863000	-511.339243	1	2533	0.255407	0.490789	0.490789	0.255407	0	0.246703	0.248928	0.251052	0.253317	0.080580	0.272589	0.497740	0.127683	
1864000	-511.345589	1	2236	0.256882	0.474249	0.474249	0.256882	0	0.246314	0.251604	0.248374	0.253708	0.796714	0.102536	0.274171	0.686839	
1865000	-512.202746	1	3968	0.240093	0.415962	0.415962	0.240093	0	0.243059	0.261577	0.238594	0.256770	0.554119	0.259412	0.038409	0.100793	
1866000	-511.758558	1	2904	0.273890	0.468719	0.468719	0.273890	0	0.246774	0.255840	0.244208	0.253179	0.309949	0.024613	0.165259	0.585638	
1867000	-512.572989	1	158	0.217614	0.411039	0.411039	0.217614	0	0.240713	0.252690	0.247150	0.259447	0.905353	0.864213	0.511249	0.775662	
1868000	-511.511657	1	2333	0.241167	0.456017	0.456017	0.241167	0	0.244933	0.250468	0.249481	0.255118	0.761561	0.536028	0.780196	0.237952	
1869000	-511.924046	1	3231	0.285028	0.483799	0.483799	0.285028	0	0.247450	0.254965	0.245071	0.252513	0.065995	0.604238	0.247018	0.544065	
1870000	-511.602982	1	3849	0.284069	0.520028	0.520028	0.284069	0	0.248096	0.250860	0.249135	0.251910	0.455863	0.030664	0.512107	0.328252	
1871000	-511.563422	1	490	0.238733	0.473274	0.473274	0.238733	0	0.245399	0.246519	0.253463	0.254620	0.203068	0.991312	0.134927	0.381540	
1872000	-512.550157	1	2444	0.215246	0.419001	0.419001	0.215246	0	0.240906	0.248196	0.251641	0.259257	0.135375	0.976495	0.943616	0.406566	
1873000	-511.415924	1	3537	0.248614	0.461794	0.461794	0.248614	0	0.245549	0.251651	0.248315	0.254485	0.931304	0.318330	0.871489	0.197422	
1874000	-511.349738	1	390	0.259922	0.499536	0.499536	0.259922	0	0.247076	0.248930	0.251055	0.252939	0.001143	0.867567	0.026313	0.674890	
1875000	-513.681531	1	3074	0.200305	0.445850	0.445850	0.200305	0	0.240217	0.229811	0.270853	0.259120	0.162177	0.569372	0.521760	0.912234	
1876000	-511.654088	1	3447	0.279139	0.537017	0.537017	0.279139	0	0.248254	0.249046	0.250950	0.251750	0.088435	0.955516	0.196968	0.951139	
1877000	-511.333014	1	2129	0.253307	0.478361	0.478361	0.253307	0	0.246283	0.250098	0.249875	0.253745	0.329512	0.366883	0.803441	0.506422	
1878000	-511.758840	1	1255	0.259436	0.447033	0.447033	0.259436	0	0.245549	0.257630	0.242446	0.254375	0.624480	0.917714	0.266914	0.938935	
1879000	-512.153666	1	3518	0.295581	0.566676	0.566676	0.295581	0	0.248858	0.249310	0.250688	0.251144	0.720356	0.939909	0.969479	0.764789	
1880000	-511.448559	1	2920	0.243507	0.473790	0.473790	0.243507	0	0.245680	0.248026	0.251944	0.254350	0.466392	0.587660	0.117568	0.427089	
1881000	-513.542799	1	3952	0.232353	0.457529	0.457529	0.232353	1	0.244410	0.246834	0.253123	0.255634	0.346118	0.715011	0.529333	0.905534	
1882000	-512.838608	1	2572	0.209261	0.422904	0.422904	0.209261	0	0.240335	0.242763	0.257152	0.259750	0.319766	0.176005	0.070924	0.647718	
1883000	-512.140846	1	2620	0.295906	0.565532	0.565532	0.295906	0	0.248851	0.249382	0.250616	0.251151	0.539724	0.250528	0.454291	0.211383	
1884000	-511.477717	1	1615	0.266163	0.519303	0.519303	0.266163	0	0.247671	0.248316	0.251679	0.252334	0.999403	0.243753	0.198926	0.481691	
1885000	-511.773904	1	94	0.273463	0.467127	0.467127	0.273463	0	0.246717	0.256058	0.243994	0.253232	0.288154	0.974293	0.707527	0.585978	
1886000	-511.525638	1	570	0.239917	0.456936	0.456936	0.239917	0	0.244891	0.249845	0.250102	0.255161	0.342395	0.720447	0.500776	0.287113	
1887000	-511.344984	1	1526	0.261545	0.480138	0.480138	0.261545	0	0.246656	0.251728	0.248256	0.253360	0.483037	0.432127	0.605927	0.602334	
1888000	-511.619081	1	2987	0.248627	0.505763	0.505763	0.248627	0	0.246810	0.245658	0.254360	0.253172	0.393974	0.187827	0.495568	0.326603	
1889000	-512.512407	1	2766	0.279906	0.450414	0.450414	0.279906	0	0.246443	0.260418	0.239771	0.253368	0.297454	0.320225	0.333874	0.317941	
1890000	-513.537272	1	3308	0.232838	0.453983	0.453983	0.232838	1	0.244303	0.247755	0.252190	0.255753	0.787971	0.044106	0.275403	0.999583	
1891000	-512.256910	1	3735	0.236518	0.413152	0.413152	0.236518	0	0.242639	0.261311	0.238836	0.257215	0.044736	0.769910	0.189616	0.160132	
1892000	-513.502715	1	3551	0.242930	0.442510	0.442510	0.242930	1	0.244507	0.254198	0.245777	0.255518	0.660494	0.429558	0.816254	0.730233	
1893000	-511.760820	1	1970	0.237546	0.435597	0.435597	0.237546	0	0.243855	0.254140	0.245818	0.256187	0.587181	0.074095	0.450868	0.634202	
1894000	-511.929656	1	2522	0.228825	0.471294	0.471294	0.228825	0	0.244680	0.242948	0.257096	0.255277	0.516961	0.531126	0.012796	0.684539	
1895000	-511.971881	1	631	0.295315	0.551233	0.551233	0.295315	0	0.248695	0.249974	0.250023	0.251308	0.595292	0.783090	0.092498	0.166756	
1896000	-513.825719	1	3163	0.304131	0.533625	0.533625	0.304131	1	0.248614	0.251730	0.248272	0.251384	0.504136	0.215339	0.553820	0.173183	
1897000	-511.324176	1	979	0.255261	0.484742	0.484742	0.255261	0	0.246540	0.249671	0.250305	0.253484	0.817480	0.425795	0.792632	0.391133	
1898000	-511.361274	1	784	0.249809	0.473033	0.473033	0.249809	0	0.245969	0.250003	0.249964	0.254064	0.477376	0.424527	0.661099	0.898799	
1899000	-511.987401	1	2640	0.260014	0.438609	0.438609	0.260014	0	0.245259	0.259936	0.240215	0.254590	0.113012	0.049574	0.457101	0.579276	
1900000	-511.613938	1	573	0.268825	0.531335	0.531335	0.268825	0	0.247948	0.247917	0.252083	0.252052	0.822300	0.175980	0.397441	0.743340	
1901000	-513.364768	1	1110	0.276232	0.543010	0.543010	0.276232	1	0.248282	0.248327	0.251672	0.251718	0.941628	0.794525	0.574193	0.661111	
1902000	-512.004072	1	2917	0.285923	0.560381	0.560381	0.285923	0	0.248664	0.248658	0.251342	0.251336	0.881491	0.830939	0.739815	0.849739	
1903000	-511.962891	1	3863	0.237366	0.500198	0.500198	0.237366	0	0.246151	0.242798	0.257277	0.253774	0.473825	0.199277	0.603784	0.201602	
1904000	-512.003293	1	3285	0.239432	0.423203	0.423203	0.239432	0	0.243393	0.258721	0.241344	0.256542	0.039777	0.017446	0.158063	0.677296	
1905000	-511.329252	1	3942	0.262805	0.486890	0.486890	0.262805	0	0.246873	0.251038	0.248945	0.253144	0.174676	0.344625	0.199673	0.144535	
1906000	-511.394575	1	2905	0.263874	0.509243	0.509243	0.263874	0	0.247411	0.248752	0.251238	0.252600	0.444889	0.672153	0.441311	0.408024	
1907000	-514.008703	1	1617	0.224444	0.474600	0.474600	0.224444	1	0.244465	0.240486	0.259637	0.255411	0.144817	0.583019	0.879206	0.435451	
1908000	-511.666201	1	287	0.239710	0.441148	0.441148	0.239710	0	0.244247	0.253430	0.246527	0.255796	0.331043	0.602948	0.211506	0.653960	
1909000	-511.585252	1	1471	0.269570	0.529829	0.529829	0.269570	0	0.247941	0.248133	0.251865	0.252061	0.200932	0.816599	0.268643	0.097239	
1910000	-512.332841	1	3572	0.217372	0.439709	0.439709	0.217372	0	0.242272	0.243322	0.256646	0.257759	0.720891	0.928302	0.147089	0.021593	
1911000	-513.128416	1	1895	0.250647	0.482932	0.482932	0.250647	1	0.246296	0.248757	0.251219	0.253728	0.621368	0.074118	0.554524	0.550907	
1912000	-511.656076	1	1133	0.244243	0.441158	0.441158	0.244243	0	0.244532	0.254981	0.245009	0.255478	0.161646	0.421999	0.805841	0.372961	
1913000	-513.098343	1	1541	0.209788	0.399973	0.399973	0.209788	0	0.238951	0.252160	0.247601	0.261288	0.115657	0.602376	0.498761	0.126494	
1914000	-511.484860	1	3226	0.243453	0.456235	0.456235	0.243453	0	0.245075	0.251186	0.248768	0.254971	0.007111	0.626547	0.730299	0.314791	
1915000	-511.975759	1	1793	0.289942	0.557687	0.557687	0.289942	0	0.248692	0.249175	0.250823	0.251311	0.116396	0.451999	0.021233	0.447828	
1916000	-511.360840	1	1125	0.261824	0.503100	0.503100	0.261824	0	0.247218	0.248948	0.251039	0.252796	0.656013	0.343514	0.423555	0.095967	
1917000	-511.584779	1	3954	0.241674	0.486900	0.486900	0.241674	0	0.245989	0.245626	0.254380	0.254005	0.646922	0.772857	0.962656	0.865522	
1918000	-511.563543	1	2665	0.240861	0.449445	0.449445	0.240861	0	0.244662	0.251800	0.248149	0.255389	0.855523	0.005403	0.733678	0.554224	
1919000	-511.615277	1	3442	0.239728	0.445347	0.445347	0.239728	0	0.244424	0.252373	0.247576	0.255627	0.940903	0.804286	0.406454	0.684080	
1920000	-511.725196	1	754	0.256678	0.445562	0.445562	0.256678	0	0.245368	0.257349	0.242716	0.254567	0.716120	0.864285	0.977157	0.952373	
1921000	-512.129096	1	826	0.284382	0.566668	0.566668	0.284382	0	0.248710	0.248256	0.251747	0.251287	0.049398	0.061754	0.342953	0.619448	
1922000	-511.360317	1	1895	0.250647	0.482932	0.482932	0.250647	0	0.246298	0.248755	0.251220	0.253727	0.966867	0.935179	0.435321	0.424226	
1923000	-511.878711	1	851	0.273857	0.549632	0.549632	0.273857	0	0.248329	0.247675	0.252330	0.251665	0.882795	0.785031	0.648490	0.664460	
1924000	-511.691342	1	3748	0.286896	0.510810	0.510810	0.286896	0	0.248003	0.252004	0.247996	0.251997	0.997971	0.831221	0.699481	0.844029	
1925000	-513.442092	1	3663	0.280752	0.549844	0.549844	0.280752	1	0.248455	0.248551	0.251448	0.251545	0.448520	0.369051	0.175918	0.902627	
1926000	-514.005732	1	2294	0.308695	0.572736	0.572736	0.308695	1	0.249053	0.250032	0.249966	0.250949	0.230002	0.405323	0.337583	0.802049	
1927000	-511.906558	1	1409	0.244221	0.428667	0.428667	0.244221	0	0.243979	0.258585	0.241489	0.255947	0.582474	0.164211	0.688698	0.942928	
1928000	-511.539717	1	912	0.265065	0.523401	0.523401	0.265065	0	0.247717	0.247816	0.252183	0.252284	0.333404	0.654766	0.680965	0.231499	
1929000	-511.962891	1	3863	0.237366	0.500198	0.500198	0.237366	0	0.246151	0.242798	0.257277	0.253774	0.117880	0.745702	0.121642	0.929722	
1930000	-511.401281	1	3784	0.269993	0.490005	0.490005	0.269993	0	0.247177	0.251962	0.248030	0.252831	0.848329	0.610626	0.442964	0.422368	
1931000	-511.321675	1	3235	0.262231	0.490545	0.490545	0.262231	0	0.246943	0.250450	0.249532	0.253076	0.721159	0.702724	0.913790	0.335093	
1932000	-511.327796	1	1939	0.261224	0.495608	0.495608	0.261224	0	0.247029	0.249636	0.250346	0.252989	0.235358	0.801478	0.723465	0.959281	
1933000	-511.327796	1	1939	0.261224	0.495608	0.495608	0.261224	0	0.247029	0.249636	0.250346	0.252989	0.788594	0.091848	0.853733	0.696229	
1934000	-514.333442	1	3350	0.224867	0.494270	0.494270	0.224867	1	0.245200	0.238477	0.261750	0.254573	0.601060	0.016160	0.687846	0.040183	
1935000	-513.378216	1	3130	0.241882	0.387358	0.387358	0.241882	0	0.241341	0.275590	0.225532	0.257537	0.779082	0.292678	0.089722	0.859741	
1936000	-511.525796	1	1852	0.279131	0.502103	0.502103	0.279131	0	0.247676	0.251927	0.248070	0.252328	0.282018	0.034491	0.853102	0.245410	
1937000	-511.525638	1	570	0.239917	0.456936	0.456936	0.239917	0	0.244891	0.249845	0.250102	0.255161	0.121365	0.402223	0.969619	0.772104	
1938000	-513.741812	1	588	0.272529	0.560702	0.560702	0.272529	1	0.248449	0.247043	0.252970	0.251538	0.208346	0.159583	0.052962	0.200558	
1939000	-513.292464	1	3984	0.251368	0.508418	0.508418	0.251368	1	0.246977	0.246123	0.253889	0.253011	0.454698	0.559486	0.934559	0.236758	
1940000	-511.407072	1	3316	0.264097	0.475771	0.475771	0.264097	0	0.246632	0.252917	0.247077	0.253374	0.165868	0.607297	0.125301	0.461234	
1941000	-512.596063	1	2628	0.313633	0.537494	0.537494	0.313633	0	0.248781	0.252094	0.247912	0.251214	0.181243	0.494722	0.642054	0.943784	
1942000	-511.366731	1	3674	0.252892	0.490844	0.490844	0.252892	0	0.246606	0.248313	0.251669	0.253412	0.670565	0.524592	0.294207	0.803195	
1943000	-511.752415	1	3128	0.286563	0.500917	0.500917	0.286563	0	0.247824	0.252985	0.247024	0.252167	0.812204	0.356521	0.675132	0.734116	
1944000	-511.758975	1	1704	0.255599	0.442951	0.442951	0.255599	0	0.245218	0.257746	0.242327	0.254708	0.734265	0.501435	0.423034	0.317036	
1945000	-511.319700	1	2580	0.257324	0.487936	0.487936	0.257324	0	0.246703	0.249729	0.250249	0.253319	0.415395	0.746233	0.495719	0.873266	
1946000	-511.465427	1	1008	0.258842	0.511268	0.511268	0.258842	0	0.247299	0.247572	0.252425	0.252704	0.414591	0.632313	0.917862	0.983521	
1947000	-511.680402	1	168	0.233576	0.451067	0.451067	0.233576	0	0.244239	0.248683	0.251253	0.255825	0.897105	0.886364	0.760642	0.326345	
1948000	-512.293643	1	3943	0.218115	0.440136	0.440136	0.218115	0	0.242375	0.243653	0.256310	0.257662	0.594258	0.762211	0.974749	0.864014	
1949000	-512.125367	1	1012	0.249016	0.423490	0.423490	0.249016	0	0.244024	0.261769	0.238434	0.255772	0.430990	0.507034	0.913505	0.820531	
1950000	-512.112638	1	73	0.285330	0.475061	0.475061	0.285330	0	0.247263	0.256328	0.243736	0.252672	0.309910	0.981463	0.615619	0.592247	
1951000	-511.605735	1	3511	0.268173	0.467086	0.467086	0.268173	0	0.246537	0.255167	0.244862	0.253433	0.602777	0.475435	0.179326	0.811052	
1952000	-511.510947	1	1952	0.253839	0.454915	0.454915	0.253839	0	0.245569	0.254475	0.245526	0.254430	0.515045	0.333617	0.899867	0.321044	
1953000	-511.369079	1	2385	0.261937	0.504438	0.504438	0.261937	0	0.247250	0.248836	0.251151	0.252762	0.561989	0.425663	0.703771	0.569016	
1954000	-513.593230	1	970	0.242873	0.437631	0.437631	0.242873	1	0.244297	0.255481	0.244514	0.255708	0.301757	0.181259	0.894090	0.770034	
1955000	-513.353028	1	3262	0.250953	0.452827	0.452827	0.250953	1	0.245353	0.254167	0.245825	0.254656	0.062595	0.435880	0.332428	0.936922	
1956000	-511.622105	1	2230	0.282161	0.531461	0.531461	0.282161	0	0.248231	0.249777	0.250217	0.251775	0.024386	0.676853	0.683952	0.245125	
1957000	-511.547444	1	2907	0.255801	0.513238	0.513238	0.255801	0	0.247242	0.246752	0.253254	0.252752	0.982234	0.418265	0.795625	0.291969	
1958000	-512.131308	1	3147	0.226783	0.421908	0.421908	0.226783	0	0.242304	0.253734	0.246175	0.257787	0.912234	0.800515	0.794435	0.853889	
1959000	-511.502837	1	2888	0.259237	0.514704	0.514704	0.259237	0	0.247383	0.247366	0.252634	0.252617	0.701813	0.173635	0.847268	0.481083	
1960000	-511.380861	1	2096	0.255172	0.467683	0.467683	0.255172	0	0.246047	0.252305	0.247675	0.253974	0.406391	0.296988	0.377465	0.655469	
1961000	-511.456351	1	648	0.276421	0.514649	0.479298	0.276421	0	0.245425	0.252741	0.247232	0.254602	0.612970	0.135880	0.605089	0.672851	
1962000	-511.515010	1	1233	0.243265	0.452602	0.452602	0.243265	0	0.244929	0.251902	0.248054	0.255116	0.386276	0.697725	0.874210	0.070539	
1963000	-511.329977	1	3279	0.259203	0.479959	0.479959	0.259203	0	0.246564	0.251251	0.248728	0.253456	0.068836	0.462471	0.487860	0.492271	
1964000	-511.977870	1	1900	0.224911	0.450183	0.450183	0.224911	0	0.243510	0.244973	0.254992	0.256525	0.179520	0.885775	0.625528	0.450710	
1965000	-511.833698	1	28	0.231947	0.435595	0.435595	0.231947	0	0.243438	0.251861	0.248059	0.256642	0.903394	0.940400	0.942151	0.095563	
1966000	-512.508852	1	915	0.286050	0.583467	0.583467	0.286050	0	0.248900	0.247916	0.252090	0.251094	0.681891	0.929035	0.358636	0.252167	
1967000	-511.637603	1	3933	0.271928	0.471908	0.471908	0.271928	0	0.246795	0.254970	0.245058	0.253176	0.835811	0.364037	0.963286	0.195375	
1968000	-513.215420	1	2672	0.260327	0.517954	0.517954	0.260327	1	0.247480	0.247330	0.252671	0.252519	0.330934	0.821621	0.909586	0.522062	
1969000	-511.660679	1	1337	0.260131	0.452519	0.452519	0.260131	0	0.245771	0.256503	0.243546	0.254180	0.523306	0.069608	0.936735	0.584585	
1970000	-511.486043	1	552	0.251731	0.455347	0.455347	0.251731	0	0.245483	0.253828	0.246161	0.254529	0.050213	0.879731	0.441682	0.715288	
1971000	-513.307298	1	2060	0.202882	0.432472	0.432472	0.202882	0	0.239897	0.235015	0.265243	0.259845	0.288171	0.051681	0.589431	0.017372	
1972000	-513.020394	1	2311	0.310897	0.606637	0.606637	0.310897	0	0.249310	0.249216	0.250784	0.250690	0.870421	0.891889	0.068682	0.516476	
1973000	-513.175570	1	3830	0.273304	0.493731	0.493731	0.273304	1	0.247354	0.252038	0.247956	0.252652	0.061113	0.720987	0.680523	0.744257	
1974000	-512.084604	1	1118	0.271119	0.450126	0.450126	0.271119	0	0.246129	0.259174	0.240963	0.253734	0.519977	0.553981	0.462030	0.566994	
1975000	-511.572021	1	1299	0.242123	0.487028	0.487028	0.242123	0	0.246015	0.245753	0.254251	0.253980	0.499585	0.761269	0.348176	0.786261	
1976000	-512.141696	1	1051	0.227028	0.421020	0.421020	0.227028	0	0.242279	0.254163	0.245752	0.257807	0.131585	0.628860	0.679437	0.136977	
1977000	-511.616086	1	2122	0.236921	0.472764	0.472764	0.236921	0	0.245273	0.245950	0.254038	0.254739	0.273272	0.788764	0.098168	0.366238	
1978000	-511.545011	1	740	0.248572	0.449515	0.449515	0.248572	0	0.245109	0.254244	0.245744	0.254903	0.879748	0.628882	0.003208	0.606120	
1979000	-512.117188	1	3936	0.258371	0.544052	0.544052	0.258371	0	0.247901	0.245394	0.254640	0.252065	0.595872	0.661845	0.897364	0.629852	
1980000	-513.932417	1	63	0.302251	0.515010	0.515010	0.302251	1	0.248345	0.253060	0.246954	0.251642	0.491416	0.754011	0.214152	0.236899	
1981000	-512.231863	1	2993	0.285673	0.571851	0.571851	0.285673	0	0.248782	0.248213	0.251790	0.251214	0.407387	0.607641	0.220536	0.259905	
1982000	-513.691927	1	1644	0.288907	0.566866	0.566866	0.288907	1	0.248773	0.248706	0.251295	0.251226	0.819385	0.710667	0.416769	0.492691	
1983000	-511.469790	1	1877	0.262504	0.515673	0.515673	0.262504	0	0.247500	0.247935	0.252061	0.252504	0.539091	0.595457	0.182832	0.695678	
1984000	-511.629179	1	293	0.280142	0.491934	0.491934	0.280142	0	0.247499	0.253253	0.246756	0.252492	0.113675	0.076062	0.619809	0.525179	
1985000	-511.342622	1	3140	0.259943	0.498241	0.498241	0.259943	0	0.247047	0.249075	0.250909	0.252969	0.637345	0.755474	0.003264	0.497983	
1986000	-512.757342	1	461	0.211024	0.445707	0.445707	0.211024	0	0.241816	0.237906	0.262259	0.258019	0.053590	0.815938	0.274645	0.129979	
1987000	-511.590162	1	2198	0.248138	0.446313	0.446313	0.248138	0	0.244963	0.254881	0.245116	0.255040	0.167798	0.262322	0.639051	0.844356	
1988000	-511.485170	1	493	0.272821	0.486128	0.486128	0.272821	0	0.247172	0.252944	0.247058	0.252826	0.735504	0.840706	0.390740	0.442828	
1989000	-514.819509	1	882	0.274237	0.430442	0.430442	0.274237	1	0.245538	0.264904	0.235492	0.254066	0.989348	0.278631	0.075300	0.049099	
1990000	-513.599791	1	3257	0.294325	0.556762	0.556762	0.294325	1	0.248740	0.249622	0.250376	0.251263	0.417501	0.820041	0.933984	0.102198	
1991000	-511.354002	1	284	0.251997	0.471542	0.471542	0.251997	0	0.246024	0.250835	0.249135	0.254006	0.718751	0.342107	0.862153	0.096863	
1992000	-511.663066	1	2342	0.237357	0.443310	0.443310	0.237357	0	0.244181	0.252004	0.247936	0.255879	0.487514	0.436871	0.439233	0.868924	
1993000	-511.457222	1	467	0.268453	0.478866	0.478866	0.268453	0	0.246862	0.253255	0.246747	0.253137	0.808937	0.560211	0.002938	0.681357	
1994000	-513.840769	1	2964	0.234236	0.551474	0.551474	0.234236	0	0.247262	0.239267	0.260955	0.252517	0.231121	0.570552	0.086107	0.540375	
1995000	-511.403164	1	1450	0.247889	0.464402	0.464402	0.247889	0	0.245600	0.250950	0.249013	0.254437	0.636082	0.630260	0.173210	0.951336	
1996000	-512.374046	1	2607	0.260972	0.556439	0.556439	0.260972	0	0.248159	0.245396	0.254640	0.251805	0.888167	0.354974	0.127437	0.184155	
1997000	-513.142142	1	3455	0.261382	0.512370	0.512370	0.261382	1	0.247399	0.247994	0.252000	0.252607	0.481058	0.401368	0.976966	0.265788	
1998000	-512.688584	1	1767	0.224435	0.497241	0.497241	0.224435	0	0.245269	0.238029	0.262221	0.254480	0.998153	0.210095	0.474561	0.425296	
1999000	-511.654088	1	3447	0.279139	0.537017	0.537017	0.279139	0	0.248254	0.249046	0.250950	0.251750	0.622908	0.306795	0.582144	0.253920	
2000000	-511.615778	1	1048	0.277609	0.486067	0.486067	0.277609	0	0.247306	0.253676	0.246336	0.252681	0.402107	0.626931	0.888837	0.700593	
2001000	-512.140153	1	3768	0.255344	0.428474	0.428474	0.255344	0	0.244606	0.261832	0.238387	0.255175	0.256490	0.343930	0.988214	0.867943	
2002000	-511.384450	1	669	0.264803	0.508406	0.508406	0.264803	0	0.247421	0.249003	0.250985	0.252591	0.153238	0.363350	0.893069	0.353187	
2003000	-513.128416	1	1895	0.250647	0.482932	0.482932	0.250647	1	0.246296	0.248757	0.251219	0.253728	0.020380	0.339460	0.131994	0.803734	
2004000	-511.623400	1	2066	0.253179	0.514034	0.514034	0.253179	0	0.247170	0.246091	0.253924	0.252815	0.227470	0.732040	0.269568	0.197086	
2005000	-511.816105	1	2778	0.284815	0.548274	0.548274	0.284815	0	0.248504	0.249093	0.250904	0.251499	0.709798	0.993760	0.163717	0.226181	
2006000	-511.363555	1	3930	0.268492	0.502152	0.502152	0.268492	0	0.247398	0.250286	0.249701	0.252616	0.193197	0.489773	0.471475	0.802491	
2007000	-511.758304	1	2864	0.232067	0.443352	0.443352	0.232067	0	0.243799	0.249859	0.250063	0.256279	0.440710	0.563361	0.041543	0.487587	
2008000	-512.135383	1	2255	0.221310	0.443370	0.443370	0.221310	0	0.242862	0.244660	0.255294	0.257184	0.439698	0.457228	0.406504	0.790825	
2009000	-513.180540	1	1750	0.247212	0.472787	0.472787	0.247212	1	0.245836	0.249309	0.250657	0.254198	0.418640	0.063665	0.546544	0.639815	
2010000	-512.601352	1	2408	0.273763	0.438164	0.438164	0.273763	0	0.245816	0.262611	0.237668	0.253906	0.642043	0.378872	0.289974	0.676980	
2011000	-511.648769	1	1033	0.285967	0.524593	0.524593	0.285967	0	0.248202	0.250717	0.249278	0.251803	0.930152	0.511244	0.344594	0.237252	
2012000	-511.381929	1	863	0.268148	0.508101	0.508101	0.268148	0	0.247509	0.249629	0.250359	0.252503	0.386535	0.765340	0.436648	0.097584	
2013000	-511.629725	1	3575	0.258139	0.451843	0.451843	0.258139	0	0.245661	0.256204	0.243835	0.254300	0.995549	0.531016	0.412274	0.892289	
2014000	-511.514623	1	2708	0.245299	0.451648	0.451648	0.245299	0	0.245009	0.252767	0.247199	0.255025	0.032699	0.432457	0.297237	0.526449	
2015000	-511.693113	1	756	0.257505	0.524293	0.524293	0.257505	0	0.247521	0.246300	0.253715	0.252463	0.151125	0.640629	0.289757	0.835860	
2016000	-511.332269	1	803	0.262067	0.497332	0.497332	0.262067	0	0.247097	0.249612	0.250372	0.252920	0.313681	0.709494	0.016235	0.824422	
2017000	-511.649375	1	2013	0.265698	0.531088	0.531088	0.265698	0	0.247869	0.247413	0.252591	0.252127	0.603836	0.789309	0.618166	0.073114	
2018000	-511.335043	1	1265	0.263580	0.486849	0.486849	0.263580	0	0.246898	0.251198	0.248785	0.253118	0.130725	0.947075	0.788724	0.305181	
2019000	-512.137471	1	2515	0.302903	0.535699	0.535699	0.302903	0	0.248623	0.251497	0.248504	0.251376	0.850890	0.112000	0.475611	0.767685	
2020000	-515.090242	1	1009	0.266217	0.596009	0.596009	0.266217	1	0.248749	0.245399	0.254640	0.251211	0.412440	0.268286	0.406050	0.942598	
2021000	-512.055358	1	132	0.231429	0.422016	0.422016	0.231429	0	0.242718	0.255882	0.244081	0.257319	0.354138	0.764082	0.253736	0.477427	
2022000	-513.391526	1	3479	0.289470	0.535225	0.535225	0.289470	1	0.248412	0.250343	0.249652	0.251593	0.919163	0.090250	0.617101	0.963833	
2023000	-512.053749	1	2424	0.228983	0.423994	0.423994	0.228983	0	0.242614	0.254088	0.245836	0.257462	0.688169	0.476330	0.468397	0.583542	
2024000	-511.543529	1	2458	0.280975	0.518504	0.518504	0.280975	0	0.248008	0.250606	0.249387	0.252000	0.482108	0.858434	0.361980	0.770040	
2025000	-511.824203	1	1047	0.267328	0.454610	0.454610	0.267328	0	0.246132	0.257499	0.242583	0.253786	0.121051	0.550699	0.744238	0.782787	
2026000	-512.270797	1	2407	0.242028	0.414544	0.414544	0.242028	0	0.243117	0.262807	0.237423	0.256652	0.738574	0.822457	0.711567	0.971341	
2027000	-511.507201	1	2310	0.255503	0.456575	0.456575	0.255503	0	0.245704	0.254539	0.245465	0.254292	0.561275	0.131230	0.456418	0.779758	
2028000	-511.619374	1	2642	0.242885	0.493118	0.493118	0.242885	0	0.246228	0.245284	0.254733	0.253756	0.172002	0.355427	0.452548	0.070325	
2029000	-513.168789	1	2805	0.258986	0.471638	0.471638	0.258986	1	0.246322	0.252517	0.247469	0.253692	0.418698	0.152200	0.038871	0.867749	
2030000	-513.502715	1	3551	0.242930	0.442510	0.442510	0.242930	1	0.244507	0.254198	0.245777	0.255518	0.369825	0.553978	0.884031	0.119052	
2031000	-511.472407	1	2501	0.277063	0.512827	0.512827	0.277063	0	0.247824	0.250577	0.249414	0.252185	0.248077	0.629533	0.565330	0.753583	
2032000	-512.201190	1	2282	0.293528	0.570646	0.570646	0.293528	0	0.248871	0.248989	0.251011	0.251130	0.323345	0.807568	0.717857	0.800698	
2033000	-513.225106	1	2985	0.244404	0.471513	0.471513	0.244404	1	0.245653	0.248670	0.251295	0.254382	0.771479	0.210210	0.516538	0.050668	
2034000	-511.436455	1	1492	0.273697	0.513395	0.513395	0.273697	0	0.247754	0.250036	0.249953	0.252256	0.623285	0.669905	0.282190	0.104759	
2035000	-511.379667	1	34	0.250882	0.466677	0.466677	0.250882	0	0.245821	0.251377	0.248592	0.254211	0.335068	0.619876	0.635473	0.658842	
2036000	-511.357302	1	116	0.256499	0.471955	0.471955	0.256499	0	0.246232	0.251889	0.248089	0.253790	0.558761	0.734335	0.007284	0.275855	
2037000	-511.338835	1	1630	0.252573	0.482232	0.482232	0.252573	0	0.246361	0.249353	0.250621	0.253665	0.489307	0.063780	0.054161	0.507983	
2038000	-511.601925	1	3803	0.282558	0.504257	0.504257	0.282558	0	0.247796	0.252145	0.247855	0.252204	0.117426	0.035668	0.915210	0.697657	
2039000	-512.515063	1	773	0.236600	0.520576	0.520576	0.236600	0	0.246654	0.241069	0.259072	0.253205	0.228394	0.389470	0.355162	0.765849	
2040000	-511.888874	1	2423	0.270279	0.547539	0.547539	0.270279	0	0.248229	0.247259	0.252750	0.251762	0.463382	0.163536	0.991728	0.113676	
2041000	-511.948687	1	2953	0.295295	0.548314	0.548314	0.295295	0	0.248662	0.250123	0.249873	0.251341	0.118585	0.898543	0.830832	0.299422	
2042000	-513.213418	1	448	0.279780	0.524400	0.524400	0.279780	1	0.248076	0.249985	0.250007	0.251932	0.923006	0.403776	0.782284	0.302525	
2043000	-511.485252	1	1959	0.258066	0.460697	0.460697	0.258066	0	0.245953	0.254308	0.245696	0.254043	0.265812	0.033077	0.710683	0.627186	
2044000	-511.723592	1	2065	0.252866	0.442113	0.442113	0.252866	0	0.245049	0.257265	0.242792	0.254895	0.913485	0.253909	0.904670	0.519955	
2045000	-511.604002	1	3811	0.247957	0.445369	0.445369	0.247957	0	0.244916	0.255059	0.244940	0.255084	0.081353	0.097690	0.970549	0.381258	
2046000	-513.323674	1	1122	0.245221	0.454566	0.454566	0.245221	1	0.245112	0.252104	0.247857	0.254927	0.397525	0.547967	0.475182	0.340187	
2047000	-511.498171	1	1078	0.265097	0.469251	0.469251	0.265097	0	0.246488	0.254203	0.245808	0.253501	0.619435	0.824877	0.877443	0.018932	
2048000	-511.677428	1	2744	0.253049	0.444512	0.444512	0.253049	0	0.245151	0.256698	0.243345	0.254806	0.665327	0.602861	0.652544	0.569719	
2049000	-511.762200	1	425	0.262965	0.534477	0.534477	0.262965	0	0.247858	0.246730	0.253282	0.252130	0.142259	0.159388	0.587876	0.277281	
2050000	-511.377377	1	1820	0.268626	0.506697	0.506697	0.268626	0	0.247494	0.249847	0.250141	0.252518	0.062107	0.736610	0.116274	0.192336	
2051000	-511.920543	1	3793	0.250823	0.525100	0.525100	0.250823	0	0.247325	0.244762	0.255280	0.252634	0.063584	0.847208	0.364684	0.834091	
2052000	-511.533074	1	1809	0.257843	0.515100	0.515100	0.257843	0	0.247347	0.247044	0.252960	0.252649	0.488019	0.996958	0.713451	0.518295	
2053000	-511.575753	1	753	0.256338	0.452987	0.452987	0.256338	0	0.245619	0.255521	0.244502	0.254359	0.921123	0.935167	0.144443	0.785255	
2054000	-513.660391	1	2808	0.233728	0.486395	0.486395	0.233728	1	0.245528	0.242926	0.257135	0.254410	0.592994	0.290499	0.261363	0.132604	
2055000	-512.002361	1	3822	0.296891	0.551207	0.551207	0.296891	0	0.248716	0.250110	0.249887	0.251287	0.206471	0.002074	0.490647	0.184937	
2056000	-511.577924	1	1420	0.279574	0.528895	0.528895	0.279574	0	0.248143	0.249631	0.250363	0.251864	0.802828	0.796017	0.710985	0.835270	
2057000	-511.385855	1	2782	0.270719	0.497493	0.497493	0.270719	0	0.247363	0.251175	0.248814	0.252648	0.591758	0.843420	0.941612	0.675280	
2058000	-512.426651	1	1882	0.309867	0.535944	0.535944	0.309867	0	0.248718	0.251965	0.248039	0.251278	0.270161	0.531669	0.676628	0.713171	
2059000	-513.497168	1	2999	0.236357	0.447686	0.447686	0.236357	1	0.244295	0.250558	0.249377	0.255771	0.493336	0.892331	0.270305	0.078432	
2060000	-511.590180	1	845	0.282824	0.508275	0.508275	0.282824	0	0.247874	0.251769	0.248228	0.252129	0.610219	0.484988	0.785836	0.076412	
2061000	-511.320438	1	3266	0.258615	0.490573	0.490573	0.258615	0	0.246817	0.249684	0.250296	0.253203	0.741814	0.376962	0.756984	0.057644	
2062000	-512.167515	1	586	0.220892	0.436700	0.436700	0.220892	0	0.242497	0.246122	0.253793	0.257588	0.285676	0.368792	0.468491	0.028440	
2063000	-511.632095	1	227	0.245503	0.500194	0.500194	0.245503	0	0.246539	0.245324	0.254696	0.253440	0.263785	0.614330	0.516410	0.478709	
2064000	-511.520564	1	2872	0.279122	0.519920	0.519920	0.279122	0	0.247991	0.250249	0.249743	0.252017	0.824024	0.539364	0.777919	0.541992	
2065000	-511.462257	1	1772	0.269435	0.480454	0.480454	0.269435	0	0.246933	0.253189	0.246813	0.253065	0.659497	0.901575	0.266289	0.485174	
2066000	-513.317431	1	1062	0.240211	0.473197	0.473197	0.240211	1	0.245480	0.247041	0.252935	0.254544	0.234794	0.821687	0.884957	0.050808	
2067000	-511.448559	1	2920	0.243507	0.473790	0.473790	0.243507	0	0.245680	0.248026	0.251944	0.254350	0.663361	0.226488	0.708060	0.700356	
2068000	-511.706731	1	3286	0.283381	0.539732	0.539732	0.283381	0	0.248370	0.249400	0.250596	0.251635	0.190104	0.739301	0.885105	0.427647	
2069000	-511.497133	1	118	0.277583	0.500643	0.500643	0.277583	0	0.247610	0.251872	0.248124	0.252395	0.403522	0.851309	0.533023	0.197645	
2070000	-511.638384	1	2312	0.262616	0.456836	0.456836	0.262616	0	0.246018	0.256097	0.243946	0.253939	0.491431	0.035944	0.816358	0.384544	
2071000	-511.972753	1	3248	0.264596	0.545861	0.545861	0.264596	0	0.248082	0.246435	0.253583	0.251900	0.847074	0.745418	0.747858	0.847355	
2072000	-511.620568	1	2355	0.235332	0.460792	0.460792	0.235332	0	0.244743	0.247397	0.252560	0.255299	0.913004	0.594330	0.022354	0.237660	
2073000	-511.620568	1	2355	0.235332	0.460792	0.460792	0.235332	0	0.244743	0.247397	0.252560	0.255299	0.550253	0.448511	0.509812	0.105324	
2074000	-511.887782	1	848	0.228713	0.466302	0.466302	0.228713	0	0.244483	0.243688	0.256331	0.255498	0.083793	0.557502	0.774393	0.023501	
2075000	-511.650844	1	317	0.282255	0.496468	0.496468	0.282255	0	0.247642	0.252975	0.247032	0.252351	0.117152	0.225727	0.237747	0.458834	
2076000	-511.324408	1	328	0.256800	0.479568	0.479568	0.256800	0	0.246460	0.250765	0.249211	0.253564	0.262302	0.573813	0.123225	0.009888	
2077000	-513.279553	1	3777	0.221259	0.508173	0.508173	0.221259	0	0.245400	0.235833	0.264540	0.254227	0.636464	0.467442	0.010494	0.166788	
2078000	-511.798128	1	1373	0.243871	0.506509	0.506509	0.243871	0	0.246630	0.244280	0.255763	0.253326	0.687954	0.463342	0.752666	0.346024	
2079000	-514.356131	1	2374	0.215120	0.435098	0.435098	0.215120	1	0.241777	0.243144	0.256814	0.258265	0.720996	0.736186	0.226486	0.888292	
2080000	-511.944447	1	2891	0.225992	0.455386	0.455386	0.225992	0	0.243827	0.244420	0.255565	0.256187	0.934536	0.989901	0.090197	0.117023	
2081000	-511.341107	1	799	0.264259	0.486771	0.486771	0.264259	0	0.246919	0.251342	0.248643	0.253096	0.385178	0.237585	0.457912	0.604256	
2082000	-514.595429	1	2337	0.323571	0.551488	0.551488	0.323571	1	0.249019	0.251785	0.248219	0.250977	0.302984	0.393282	0.551698	0.333964	
2083000	-512.385850	1	2887	0.308513	0.565020	0.565020	0.308513	0	0.248987	0.250323	0.249675	0.251014	0.243115	0.380186	0.920113	0.738226	
2084000	-511.995091	1	1305	0.237559	0.423350	0.423350	0.237559	0	0.243266	0.257965	0.242071	0.256698	0.858784	0.501319	0.990952	0.189321	
2085000	-511.771452	1	1091	0.272021	0.542850	0.542850	0.272021	0	0.248197	0.247746	0.252257	0.251799	0.873506	0.195034	0.798709	0.320417	
2086000	-513.134057	1	558	0.272158	0.518006	0.518006	0.272158	1	0.247798	0.249409	0.250582	0.252211	0.556821	0.579651	0.522083	0.510281	
2087000	-511.398733	1	1695	0.255562	0.500261	0.500261	0.255562	0	0.246941	0.247897	0.252094	0.253069	0.436193	0.011682	0.323783	0.533488	
2088000	-511.584067	1	2474	0.242657	0.489642	0.489642	0.242657	0	0.246118	0.245607	0.254401	0.253873	0.387566	0.474321	0.218177	0.428412	
2089000	-514.055433	1	994	0.230065	0.497587	0.497587	0.230065	1	0.245656	0.240363	0.259789	0.254192	0.543201	0.735239	0.469024	0.591607	
2090000	-513.173467	1	2015	0.276060	0.522455	0.522455	0.276060	1	0.247965	0.249632	0.250360	0.252043	0.887228	0.253391	0.064516	0.085408	
2091000	-512.006662	1	523	0.279408	0.467507	0.467507	0.279408	0	0.246912	0.256867	0.243208	0.253014	0.352893	0.241964	0.119227	0.974305	
2092000	-511.575753	1	753	0.256338	0.452987	0.452987	0.256338	0	0.245619	0.255521	0.244502	0.254359	0.187173	0.817475	0.636800	0.397097	
2093000	-512.818212	1	2629	0.289405	0.458382	0.458382	0.289405	0	0.246957	0.259807	0.240365	0.252872	0.990527	0.413051	0.972377	0.860532	
2094000	-511.992166	1	3626	0.284162	0.559587	0.559587	0.284162	0	0.248629	0.248504	0.251497	0.251371	0.039083	0.708996	0.000505	0.263940	
2095000	-512.320132	1	2931	0.228301	0.411647	0.411647	0.228301	0	0.241862	0.258310	0.241696	0.258132	0.602719	0.285516	0.887067	0.355649	
2096000	-511.482777	1	2725	0.241345	0.468994	0.468994	0.241345	0	0.245405	0.248100	0.251865	0.254631	0.468895	0.143872	0.103740	0.744153	
2097000	-511.639864	1	1169	0.245299	0.500265	0.500265	0.245299	0	0.246532	0.245259	0.254762	0.253446	0.562686	0.133640	0.843438	0.685230	
2098000	-511.715970	1	203	0.288955	0.524181	0.524181	0.288955	0	0.248251	0.251075	0.248922	0.251753	0.848435	0.615797	0.478927	0.035864	
2099000	-511.365552	1	2534	0.260444	0.502575	0.502575	0.260444	0	0.247162	0.248722	0.251265	0.252851	0.798736	0.808037	0.166785	0.345900	
2100000	-512.576955	1	3856	0.252137	0.413070	0.413070	0.252137	0	0.243675	0.266464	0.233989	0.255872	0.110290	0.065312	0.854321	0.676092	
2101000	-511.468705	1	215	0.276758	0.513057	0.513057	0.276758	0	0.247821	0.250514	0.249477	0.252188	0.660985	0.698470	0.746149	0.825584	
2102000	-511.363885	1	685	0.268268	0.493443	0.493443	0.268268	0	0.247203	0.251233	0.248754	0.252810	0.969955	0.712730	0.819069	0.633477	
2103000	-514.411403	1	1459	0.215450	0.424669	0.424669	0.215450	1	0.241254	0.246422	0.253447	0.258877	0.220521	0.299963	0.424327	0.281080	
2104000	-512.606454	1	621	0.256070	0.416049	0.416049	0.256070	0	0.244052	0.266311	0.234141	0.255496	0.847665	0.058064	0.676934	0.895095	
2105000	-511.348625	1	1015	0.265363	0.501670	0.501670	0.265363	0	0.247296	0.249777	0.250209	0.252719	0.082204	0.637233	0.763765	0.592346	
2106000	-511.557506	1	3929	0.277468	0.491243	0.491243	0.277468	0	0.247415	0.252971	0.247034	0.252581	0.035478	0.323335	0.705537	0.443190	
2107000	-511.502837	1	2888	0.259237	0.514704	0.514704	0.259237	0	0.247383	0.247366	0.252634	0.252617	0.886532	0.384929	0.200223	0.251030	
2108000	-511.343588	1	2067	0.262923	0.500532	0.500532	0.262923	0	0.247196	0.249432	0.250553	0.252819	0.004195	0.470495	0.438064	0.479159	
2109000	-511.686170	1	3358	0.236012	0.442879	0.442879	0.236012	0	0.244069	0.251594	0.248340	0.255997	0.159081	0.052793	0.304701	0.163028	
2110000	-512.774105	1	1961	0.316210	0.585155	0.585155	0.316210	0	0.249213	0.250038	0.249961	0.250788	0.785706	0.476106	0.478667	0.193327	
2111000	-511.456140	1	38	0.245650	0.457976	0.457976	0.245650	0	0.245261	0.251524	0.248436	0.254780	0.610186	0.354728	0.892687	0.848014	
2112000	-511.485683	1	3186	0.241939	0.474642	0.474642	0.241939	0	0.245624	0.247392	0.252583	0.254401	0.198490	0.313171	0.160915	0.950266	
2113000	-511.773904	1	94	0.273463	0.467127	0.467127	0.273463	0	0.246717	0.256058	0.243994	0.253232	0.476785	0.708852	0.053299	0.643347	
2114000	-511.632095	1	227	0.245503	0.500194	0.500194	0.245503	0	0.246539	0.245324	0.254696	0.253440	0.975118	0.485539	0.083605	0.935498	
2115000	-511.978806	1	2601	0.225421	0.439102	0.439102	0.225421	0	0.243050	0.247869	0.252042	0.257039	0.727834	0.406327	0.401619	0.132744	
2116000	-511.721827	1	2795	0.237592	0.438256	0.438256	0.237592	0	0.243977	0.253418	0.246533	0.256072	0.117390	0.570395	0.933073	0.432121	
2117000	-513.120093	1	3024	0.254111	0.475515	0.475515	0.254111	1	0.246234	0.250735	0.249237	0.253794	0.577753	0.107182	0.815277	0.544169	
2118000	-511.420644	1	1437	0.253231	0.461998	0.461998	0.253231	0	0.245779	0.252870	0.247111	0.254240	0.722691	0.259284	0.026275	0.586906	
2119000	-513.074585	1	975	0.262021	0.502323	0.502323	0.262021	1	0.247206	0.249068	0.250918	0.252808	0.354632	0.207250	0.550511	0.988160	
2120000	-511.473654	1	2137	0.276416	0.500332	0.500332	0.276416	0	0.247574	0.251739	0.248255	0.252432	0.247250	0.368206	0.116633	0.408095	
2121000	-511.405026	1	169	0.253296	0.463697	0.463697	0.253296	0	0.245838	0.252562	0.247416	0.254184	0.194222	0.616994	0.665796	0.613064	
2122000	-511.864629	1	1715	0.260334	0.443621	0.443621	0.260334	0	0.245464	0.258680	0.241429	0.254427	0.412526	0.765965	0.247154	0.765429	
2123000	-511.925863	1	630	0.227101	0.461466	0.461466	0.227101	0	0.244168	0.243795	0.256215	0.255823	0.038067	0.326079	0.833596	0.094016	
2124000	-511.637029	1	872	0.235197	0.452230	0.452230	0.235197	0	0.244401	0.249079	0.250860	0.255661	0.730761	0.332135	0.453831	0.936820	
2125000	-511.742595	1	678	0.258287	0.527890	0.527890	0.258287	0	0.247613	0.246229	0.253789	0.252370	0.616004	0.510983	0.240484	0.738754	
2126000	-511.600319	1	164	0.282376	0.527708	0.527708	0.282376	0	0.248180	0.250065	0.249928	0.251826	0.430217	0.401431	0.475128	0.131880	
2127000	-511.450055	1	2943	0.271271	0.517843	0.517843	0.271271	0	0.247775	0.249282	0.250709	0.252234	0.345672	0.830684	0.139444	0.863027	
2128000	-511.556666	1	1834	0.242410	0.448885	0.448885	0.242410	0	0.244734	0.252460	0.247497	0.255309	0.797947	0.072422	0.935266	0.942795	
2129000	-511.799768	1	1818	0.259514	0.532254	0.532254	0.259514	0	0.247728	0.246211	0.253808	0.252254	0.033780	0.013720	0.792186	0.916193	
2130000	-511.351469	1	1692	0.263324	0.482181	0.482181	0.263324	0	0.246773	0.251794	0.248192	0.253242	0.552974	0.719969	0.409064	0.192320	
2131000	-513.413206	1	1641	0.280482	0.547689	0.547689	0.280482	1	0.248423	0.248625	0.251374	0.251578	0.624737	0.354427	0.755856	0.788743	
2132000	-511.558847	1	510	0.243879	0.448082	0.448082	0.243879	0	0.244790	0.253134	0.246831	0.255244	0.679841	0.921323	0.751555	0.977382	
2133000	-511.352651	1	2030	0.255691	0.494073	0.494073	0.255691	0	0.246796	0.248604	0.251379	0.253221	0.560510	0.484116	0.862074	0.513663	
2134000	-511.912957	1	3078	0.240218	0.504411	0.504411	0.240218	0	0.246409	0.243356	0.256708	0.253528	0.302675	0.338743	0.826042	0.740690	
2135000	-511.854202	1	3254	0.228695	0.442467	0.442467	0.228695	0	0.243490	0.248581	0.251337	0.256592	0.427239	0.954748	0.393871	0.462576	
2136000	-511.713344	1	2815	0.234655	0.442361	0.442361	0.234655	0	0.243949	0.251185	0.248744	0.256122	0.987862	0.214580	0.441233	0.594056	
2137000	-511.332512	1	1589	0.264536	0.491802	0.491802	0.264536	0	0.247049	0.250748	0.249236	0.252967	0.279862	0.496846	0.092667	0.740581	
2138000	-511.774019	1	453	0.290430	0.516331	0.516331	0.290430	0	0.248161	0.251878	0.248122	0.251839	0.845645	0.001567	0.078470	0.188889	
2139000	-511.592496	1	2495	0.279812	0.494747	0.494747	0.279812	0	0.247548	0.252861	0.247144	0.252448	0.555209	0.497004	0.057897	0.887297	
2140000	-511.437101	1	812	0.246829	0.485588	0.485588	0.246829	0	0.246201	0.247350	0.252635	0.253814	0.857694	0.580738	0.871783	0.420194	
2141000	-511.909363	1	2840	0.253177	0.528346	0.528346	0.253177	0	0.247467	0.245111	0.254924	0.252497	0.353609	0.338034	0.790442	0.488591	
2142000	-511.714845	1	563	0.253979	0.443476	0.443476	0.253979	0	0.245158	0.257203	0.242854	0.254785	0.775368	0.757857	0.830006	0.809375	
2143000	-512.467631	1	1566	0.280424	0.452663	0.452663	0.280424	0	0.246528	0.259979	0.240193	0.253299	0.447974	0.182057	0.555467	0.410578	
2144000	-514.709701	1	3823	0.224919	0.398581	0.398581	0.224919	1	0.240697	0.262407	0.237727	0.259169	0.590817	0.526886	0.785939	0.779097	
2145000	-513.072933	1	1631	0.265998	0.504148	0.504148	0.265998	1	0.247366	0.249639	0.250348	0.252648	0.076027	0.223816	0.406318	0.426067	
2146000	-511.424402	1	1250	0.268250	0.514693	0.514693	0.268250	0	0.247640	0.249052	0.250939	0.252370	0.737934	0.385347	0.527035	0.608299	
2147000	-512.082485	1	1334	0.252850	0.534866	0.534866	0.252850	0	0.247583	0.244684	0.255361	0.252371	0.771343	0.469798	0.195949	0.683618	
2148000	-511.578011	1	3506	0.238086	0.472457	0.472457	0.238086	0	0.245333	0.246417	0.253565	0.254685	0.052418	0.833962	0.838958	0.178413	
2149000	-511.744595	1	2903	0.281994	0.543684	0.543684	0.281994	0	0.248398	0.249013	0.250983	0.251605	0.097885	0.671427	0.397824	0.924549	
2150000	-511.766592	1	874	0.253346	0.522031	0.522031	0.253346	0	0.247345	0.245546	0.254480	0.252629	0.390973	0.026158	0.453370	0.365991	
2151000	-511.699409	1	3292	0.246102	0.505653	0.505653	0.246102	0	0.246704	0.244986	0.255043	0.253267	0.372247	0.944208	0.523936	0.847464	
2152000	-511.955947	1	3028	0.275216	0.461874	0.461874	0.275216	0	0.246628	0.257322	0.242762	0.253288	0.183831	0.898561	0.431568	0.488705	
2153000	-511.484700	1	170	0.277551	0.515317	0.515317	0.277551	0	0.247879	0.250424	0.249568	0.252130	0.365813	0.263161	0.219185	0.434975	
2154000	-513.066701	1	3256	0.265365	0.500098	0.500098	0.265365	1	0.247261	0.249946	0.250039	0.252754	0.799986	0.458314	0.676061	0.569464	
2155000	-511.840884	1	3431	0.272070	0.461436	0.461436	0.272070	0	0.246511	0.256911	0.243160	0.253419	0.445945	0.959397	0.840363	0.035914	
2156000	-511.615323	1	1314	0.284691	0.518193	0.518193	0.284691	0	0.248079	0.251086	0.248909	0.251926	0.901815	0.168356	0.120634	0.908955	
2157000	-512.455358	1	514	0.304736	0.509932	0.509932	0.304736	0	0.248314	0.253721	0.246300	0.251664	0.914367	0.178840	0.114390	0.301558	
2158000	-512.290086	1	2771	0.302072	0.570241	0.570241	0.302072	0	0.248965	0.249679	0.250319	0.251037	0.896036	0.442508	0.716665	0.905399	
2159000	-511.371167	1	1170	0.252616	0.467958	0.467958	0.252616	0	0.245942	0.251610	0.248362	0.254086	0.476017	0.773479	0.779506	0.278198	
2160000	-511.953073	1	222	0.227988	0.432742	0.432742	0.227988	0	0.242972	0.250879	0.249023	0.257127	0.648393	0.548383	0.054991	0.250096	
2161000	-511.874286	1	1181	0.284087	0.484380	0.484380	0.284087	0	0.247439	0.254769	0.245263	0.252528	0.612395	0.761252	0.447102	0.295024	
2162000	-511.558847	1	510	0.243879	0.448082	0.448082	0.243879	0	0.244790	0.253134	0.246831	0.255244	0.370439	0.314400	0.611276	0.189799	
2163000	-513.186079	1	327	0.260854	0.516124	0.516124	0.260854	1	0.247459	0.247579	0.252420	0.252542	0.589052	0.118576	0.532338	0.336544	
2164000	-513.136733	1	1958	0.254578	0.499713	0.499713	0.254578	1	0.246891	0.247726	0.252265	0.253118	0.643578	0.483226	0.799665	0.877963	
2165000	-511.859027	1	3808	0.292500	0.513644	0.513644	0.292500	0	0.248158	0.252328	0.247676	0.251838	0.297527	0.045013	0.493841	0.886224	
2166000	-511.318127	1	1815	0.257325	0.486599	0.486599	0.257325	0	0.246668	0.249904	0.250074	0.253354	0.911605	0.209337	0.944442	0.796993	
2167000	-511.743792	1	1272	0.241265	0.435792	0.435792	0.241265	0	0.244115	0.255444	0.244546	0.255895	0.370794	0.844952	0.412251	0.358801	
2168000	-512.013489	1	1144	0.243071	0.515049	0.515049	0.243071	0	0.246807	0.243389	0.256679	0.253125	0.745727	0.650826	0.132716	0.928213	
2169000	-511.859944	1	1660	0.273318	0.548344	0.548344	0.273318	0	0.248301	0.247661	0.252345	0.251693	0.493978	0.797160	0.384814	0.257012	
2170000	-512.185552	1	3027	0.304496	0.541824	0.541824	0.304496	0	0.248714	0.251227	0.248773	0.251286	0.422506	0.824508	0.895968	0.080515	
2171000	-512.645130	1	161	0.222693	0.402135	0.402135	0.222693	0	0.240710	0.259513	0.240495	0.259282	0.785194	0.344650	0.501136	0.944698	
2172000	-511.710335	1	1455	0.285530	0.501660	0.501660	0.285530	0	0.247815	0.252783	0.247223	0.252179	0.800481	0.932891	0.151001	0.404319	
2173000	-511.416051	1	2586	0.245227	0.468216	0.468216	0.245227	0	0.245589	0.249475	0.250487	0.254449	0.475908	0.308839	0.517807	0.102038	
2174000	-514.073485	1	2593	0.315949	0.479161	0.479161	0.315949	0	0.248007	0.258117	0.242005	0.251871	0.215309	0.003710	0.982665	0.526246	
2175000	-511.532829	1	884	0.259715	0.459318	0.459318	0.259715	0	0.245978	0.254959	0.245058	0.254005	0.530174	0.843783	0.153643	0.052750	
2176000	-512.527145	1	2958	0.228036	0.404084	0.404084	0.228036	0	0.241369	0.261407	0.238704	0.258520	0.728215	0.584473	0.640456	0.535443	
2177000	-511.414534	1	1452	0.247349	0.462869	0.462869	0.247349	0	0.245521	0.251078	0.248884	0.254517	0.879555	0.574859	0.536718	0.114142	
2178000	-512.142244	1	1308	0.251989	0.425321	0.425321	0.251989	0	0.244282	0.261987	0.238233	0.255499	0.071189	0.798278	0.783436	0.538993	
2179000	-511.942159	1	3064	0.268123	0.450926	0.450926	0.268123	0	0.246043	0.258468	0.241643	0.253846	0.090379	0.916618	0.602071	0.259946	
2180000	-511.697041	1	2024	0.252945	0.443453	0.443453	0.252945	0	0.245105	0.256939	0.243109	0.254847	0.243325	0.574272	0.541354	0.022681	
2181000	-513.357927	1	78	0.243659	0.494611	0.494611	0.243659	1	0.246305	0.245358	0.254658	0.253679	0.087554	0.105050	0.159355	0.095891	
2182000	-511.513700	1	1546	0.252060	0.453466	0.453466	0.252060	0	0.245432	0.254325	0.245671	0.254572	0.692618	0.379176	0.550635	0.561638	
2183000	-514.661148	1	3647	0.196284	0.468770	0.468770	0.196284	0	0.240771	0.222988	0.278401	0.257840	0.057267	0.509074	0.295594	0.942680	
2184000	-511.754371	1	3658	0.237842	0.435880	0.435880	0.237842	0	0.243888	0.254173	0.245787	0.256152	0.254387	0.504448	0.218384	0.911448	
2185000	-511.962774	1	278	0.238403	0.424803	0.424803	0.238403	0	0.243401	0.257796	0.242239	0.256565	0.952058	0.118826	0.978319	0.347340	
2186000	-512.201407	1	597	0.281656	0.463965	0.463965	0.281656	0	0.246885	0.257820	0.242282	0.253013	0.780290	0.463998	0.557781	0.688777	
2187000	-513.392673	1	3840	0.238888	0.480823	0.480823	0.238888	1	0.245652	0.245486	0.254517	0.254345	0.949531	0.771584	0.432831	0.358575	
2188000	-511.429546	1	1571	0.274053	0.510197	0.510197	0.274053	0	0.247704	0.250383	0.249607	0.252306	0.101419	0.188502	0.860660	0.732749	
2189000	-511.495927	1	1484	0.277744	0.501777	0.501777	0.277744	0	0.247636	0.251770	0.248225	0.252369	0.496839	0.941324	0.791469	0.257774	
2190000	-514.476705	1	3270	0.292555	0.468471	0.468471	0.292555	1	0.247291	0.258213	0.241906	0.252590	0.396298	0.585685	0.767277	0.792904	
2191000	-511.907939	1	2386	0.292272	0.549765	0.549765	0.292272	0	0.248636	0.249774	0.250223	0.251368	0.191076	0.802991	0.848943	0.139603	
2192000	-511.393351	1	3332	0.271507	0.499318	0.499318	0.271507	0	0.247423	0.251098	0.248891	0.252587	0.744614	0.669484	0.449855	0.003220	
2193000	-511.526105	1	637	0.240166	0.473757	0.473757	0.240166	0	0.245497	0.246938	0.253040	0.254525	0.320511	0.335016	0.949841	0.451060	
2194000	-511.633178	1	1990	0.262876	0.527389	0.527389	0.262876	0	0.247731	0.247147	0.252859	0.252263	0.187213	0.897464	0.040295	0.716450	
2195000	-511.451263	1	1208	0.243524	0.474805	0.474805	0.243524	0	0.245714	0.247874	0.252098	0.254315	0.447288	0.313532	0.529898	0.120310	
2196000	-514.666398	1	1451	0.211080	0.422296	0.422296	0.211080	1	0.240554	0.244266	0.255618	0.259562	0.343004	0.319484	0.891624	0.629270	
2197000	-514.265414	1	2142	0.307597	0.511727	0.511727	0.307597	1	0.248383	0.253752	0.246271	0.251594	0.895333	0.797576	0.662245	0.561902	
2198000	-512.205856	1	1851	0.283550	0.467483	0.467483	0.283550	0	0.247031	0.257408	0.242684	0.252878	0.635104	0.432726	0.980948	0.399412	
2199000	-511.781866	1	682	0.237190	0.434412	0.434412	0.237190	0	0.243776	0.254343	0.245617	0.256264	0.429158	0.023791	0.896474	0.440130	
2200000	-512.981157	1	432	0.209784	0.406404	0.406404	0.209784	0	0.239387	0.249285	0.250486	0.260842	0.190841	0.750777	0.834972	0.028821	
2201000	-511.707799	1	2939	0.243440	0.500451	0.500451	0.243440	0	0.246454	0.244699	0.255332	0.253515	0.937749	0.020556	0.498609	0.930757	
2202000	-511.337246	1	260	0.260542	0.497677	0.497677	0.260542	0	0.247054	0.249262	0.250721	0.252962	0.460761	0.423531	0.899412	0.213646	
2203000	-512.069810	1	3988	0.257350	0.540882	0.540882	0.257350	0	0.247821	0.245337	0.254697	0.252145	0.867331	0.965490	0.466590	0.534470	
2204000	-515.012965	1	2906	0.278990	0.432753	0.432753	0.278990	1	0.245807	0.264875	0.235524	0.253794	0.497231	0.473612	0.376045	0.644268	
2205000	-511.728623	1	632	0.233062	0.469254	0.469254	0.233062	0	0.244903	0.245031	0.254967	0.255100	0.863481	0.488185	0.606605	0.448226	
2206000	-512.011442	1	1594	0.228479	0.427277	0.427277	0.228479	0	0.242740	0.252778	0.247131	0.257350	0.443221	0.104521	0.041352	0.699956	
2207000	-511.353079	1	3935	0.263291	0.502649	0.502649	0.263291	0	0.247254	0.249282	0.250704	0.252760	0.695054	0.742121	0.792504	0.271803	
2208000	-511.339110	1	136	0.265552	0.492464	0.492464	0.265552	0	0.247097	0.250859	0.249125	0.252919	0.755663	0.825403	0.523757	0.298608	
2209000	-511.665653	1	3641	0.253359	0.445365	0.445365	0.253359	0	0.245200	0.256566	0.243474	0.254761	0.476001	0.764964	0.819357	0.072274	
2210000	-511.330605	1	3814	0.253583	0.480208	0.480208	0.253583	0	0.246347	0.249895	0.250078	0.253680	0.085437	0.863742	0.707210	0.713841	
2211000	-511.827183	1	1229	0.257579	0.531020	0.531020	0.257579	0	0.247651	0.245897	0.254126	0.252326	0.860854	0.475092	0.015233	0.019858	
2212000	-511.362495	1	3555	0.255415	0.470383	0.470383	0.255415	0	0.246139	0.251894	0.248083	0.253883	0.714087	0.643262	0.182224	0.274688	
2213000	-511.547938	1	954	0.270869	0.475987	0.475987	0.270869	0	0.246867	0.254123	0.245891	0.253119	0.475428	0.694967	0.457084	0.087918	
2214000	-513.042299	1	3981	0.288956	0.603472	0.603472	0.288956	0	0.249100	0.247770	0.252238	0.250891	0.009955	0.688523	0.081077	0.930613	
2215000	-511.316871	1	3680	0.257834	0.486183	0.486183	0.257834	0	0.246677	0.250074	0.249904	0.253345	0.444036	0.365802	0.711616	0.955402	
2216000	-511.387357	1	226	0.264662	0.508746	0.508746	0.264662	0	0.247423	0.248945	0.251044	0.252588	0.069501	0.035440	0.273245	0.154142	
2217000	-511.938969	1	755	0.230729	0.479604	0.479604	0.230729	0	0.245111	0.242584	0.257480	0.254825	0.863994	0.531140	0.223682	0.168250	
2218000	-511.896403	1	3444	0.272198	0.459200	0.459200	0.272198	0	0.246450	0.257380	0.242703	0.253467	0.245984	0.509112	0.040489	0.677440	
2219000	-512.202746	1	3968	0.240093	0.415962	0.415962	0.240093	0	0.243059	0.261577	0.238594	0.256770	0.166328	0.186040	0.446508	0.721679	
2220000	-512.361665	1	2454	0.281042	0.575073	0.575073	0.281042	0	0.248751	0.247626	0.252382	0.251240	0.412359	0.235400	0.299380	0.103169	
2221000	-513.480522	1	2365	0.271273	0.467849	0.467849	0.271273	1	0.246663	0.255571	0.244468	0.253297	0.966205	0.536156	0.715081	0.726953	
2222000	-513.534651	1	2475	0.262765	0.453771	0.453771	0.262765	1	0.245923	0.256790	0.243268	0.254019	0.819351	0.886579	0.541302	0.118457	
2223000	-511.918329	1	1659	0.279206	0.554356	0.554356	0.279206	0	0.248487	0.248156	0.251846	0.251511	0.763134	0.882997	0.712693	0.556999	
2224000	-511.416051	1	2586	0.245227	0.468216	0.468216	0.245227	0	0.245589	0.249475	0.250487	0.254449	0.720322	0.385052	0.520379	0.740978	
2225000	-511.552805	1	3006	0.239722	0.476297	0.476297	0.239722	0	0.245555	0.246406	0.253580	0.254459	0.323222	0.311245	0.596499	0.135012	
2226000	-511.330605	1	3814	0.253583	0.480208	0.480208	0.253583	0	0.246347	0.249895	0.250078	0.253680	0.920609	0.586503	0.277827	0.268617	
2227000	-511.546113	1	2707	0.240209	0.477410	0.477410	0.240209	0	0.245618	0.246409	0.253579	0.254395	0.873030	0.541149	0.831989	0.391427	
2228000	-513.414633	1	2413	0.240742	0.449615	0.449615	0.240742	1	0.244659	0.251721	0.248227	0.255392	0.176605	0.534551	0.189255	0.475629	
2229000	-513.310874	1	2667	0.242284	0.458851	0.458851	0.242284	1	0.245102	0.250270	0.249681	0.254946	0.414976	0.437635	0.146634	0.198874	
2230000	-511.375368	1	1597	0.248280	0.475826	0.475826	0.248280	0	0.245982	0.249138	0.250831	0.254049	0.278900	0.654543	0.676434	0.251532	
2231000	-511.926409	1	3569	0.266659	0.449422	0.449422	0.266659	0	0.245936	0.258547	0.241565	0.253952	0.031151	0.297247	0.503808	0.286302	
2232000	-511.346551	1	1919	0.266687	0.498411	0.498411	0.266687	0	0.247265	0.250372	0.249613	0.252749	0.452217	0.871797	0.098963	0.073331	
2233000	-511.400118	1	3507	0.257192	0.467171	0.467171	0.257192	0	0.246118	0.252881	0.247106	0.253896	0.681188	0.947136	0.783832	0.088277	
2234000	-511.887782	1	848	0.228713	0.466302	0.466302	0.228713	0	0.244483	0.243688	0.256331	0.255498	0.712496	0.665272	0.991727	0.924985	
2235000	-512.379962	1	1593	0.243218	0.411847	0.411847	0.243218	0	0.243048	0.264279	0.236027	0.256645	0.470054	0.405152	0.268110	0.503155	
2236000	-511.695228	1	3132	0.288094	0.524423	0.524423	0.288094	0	0.248239	0.250964	0.249032	0.251765	0.121524	0.187476	0.265535	0.001258	
2237000	-515.545763	1	1844	0.205100	0.471773	0.471773	0.205100	1	0.242307	0.229546	0.271216	0.256931	0.511934	0.441548	0.398476	0.930989	
2238000	-512.179510	1	3531	0.226466	0.419535	0.419535	0.226466	0	0.242145	0.254409	0.245506	0.257940	0.035907	0.282504	0.350781	0.341823	
2239000	-511.992692	1	3938	0.224542	0.444968	0.444968	0.224542	0	0.243243	0.245969	0.253971	0.256817	0.363495	0.128553	0.977470	0.111598	
2240000	-513.595001	1	2209	0.291608	0.505517	0.505517	0.291608	1	0.248008	0.253035	0.246975	0.251981	0.847179	0.207160	0.874384	0.691808	
2241000	-511.373801	1	3618	0.259271	0.502430	0.502430	0.259271	0	0.247120	0.248492	0.251496	0.252892	0.797060	0.244935	0.361107	0.215405	
2242000	-513.459055	1	959	0.334300	0.577083	0.577083	0.334300	0	0.249295	0.251082	0.248920	0.250704	0.562669	0.458514	0.289709	0.240133	
2243000	-511.525386	1	3754	0.273496	0.526058	0.526058	0.273496	0	0.247969	0.248993	0.251001	0.252038	0.683697	0.928004	0.965007	0.335697	
2244000	-511.404213	1	3585	0.251413	0.463117	0.463117	0.251413	0	0.245731	0.252176	0.247797	0.254297	0.763953	0.116102	0.062432	0.023068	
2245000	-511.338835	1	1630	0.252573	0.482232	0.482232	0.252573	0	0.246361	0.249353	0.250621	0.253665	0.920860	0.929651	0.357577	0.739433	
2246000	-511.672974	1	3580	0.234125	0.466261	0.466261	0.234125	0	0.244866	0.245947	0.254033	0.255155	0.531435	0.587052	0.892151	0.422011	
2247000	-512.216773	1	1638	0.257372	0.428138	0.428138	0.257372	0	0.244695	0.262429	0.237820	0.255056	0.587477	0.368507	0.543768	0.310655	
2248000	-512.083070	1	1557	0.301461	0.542326	0.542326	0.301461	0	0.248679	0.250970	0.249028	0.251322	0.787791	0.436564	0.313995	0.940677	
2249000	-513.186028	1	2527	0.247099	0.471341	0.471341	0.247099	1	0.245785	0.249511	0.250453	0.254251	0.736668	0.389014	0.647242	0.479224	
2250000	-512.887280	1	166	0.320334	0.544438	0.544438	0.320334	0	0.248925	0.252024	0.247982	0.251070	0.956605	0.723811	0.290049	0.112477	
2251000	-511.708365	1	1428	0.243477	0.437966	0.437966	0.243477	0	0.244350	0.255589	0.244409	0.255651	0.494918	0.044260	0.458183	0.377770	
2252000	-513.072933	1	1631	0.265998	0.504148	0.504148	0.265998	1	0.247366	0.249639	0.250348	0.252648	0.155575	0.349634	0.033662	0.348188	
2253000	-511.414849	1	1734	0.262362	0.510391	0.510391	0.262362	0	0.247389	0.248359	0.251633	0.252619	0.315524	0.897417	0.341351	0.111516	
2254000	-512.142244	1	1308	0.251989	0.425321	0.425321	0.251989	0	0.244282	0.261987	0.238233	0.255499	0.115292	0.673915	0.259120	0.147795	
2255000	-511.455780	1	2762	0.246880	0.457314	0.457314	0.246880	0	0.245304	0.252034	0.247930	0.254732	0.197229	0.287559	0.996822	0.355962	
2256000	-512.235739	1	3923	0.246751	0.530522	0.530522	0.246751	0	0.247296	0.243455	0.256617	0.252631	0.848764	0.270466	0.950890	0.583848	
2257000	-511.582598	1	2460	0.237022	0.456395	0.456395	0.237022	0	0.244687	0.248904	0.251042	0.255367	0.065081	0.913656	0.968455	0.041573	
2258000	-511.805398	1	268	0.261041	0.446909	0.446909	0.261041	0	0.245615	0.258014	0.242075	0.254296	0.003676	0.910226	0.163485	0.645319	
2259000	-511.451918	1	601	0.256108	0.506386	0.506386	0.256108	0	0.247102	0.247419	0.252578	0.252902	0.149082	0.160445	0.297886	0.533215	
2260000	-516.607235	1	2194	0.360811	0.663944	0.663944	0.360811	1	0.249749	0.249989	0.250011	0.250251	0.221538	0.807967	0.893988	0.540903	
2261000	-511.935756	1	1802	0.266404	0.448697	0.448697	0.266404	0	0.245901	0.258670	0.241446	0.253983	0.993066	0.828831	0.023079	0.601033	
2262000	-512.030582	1	422	0.287751	0.561838	0.561838	0.287751	0	0.248706	0.248785	0.251215	0.251295	0.710636	0.262773	0.710163	0.144622	
2263000	-511.406805	1	3821	0.267049	0.481532	0.481532	0.267049	0	0.246883	0.252603	0.247391	0.253123	0.828015	0.674378	0.758635	0.321449	
2264000	-513.629125	1	3219	0.200212	0.441382	0.441382	0.200212	0	0.239947	0.230655	0.269926	0.259472	0.420089	0.823904	0.354695	0.827087	
2265000	-514.137511	1	2361	0.302300	0.642886	0.642886	0.302300	0	0.249447	0.248270	0.251735	0.250548	0.395882	0.716674	0.680380	0.697060	
2266000	-511.616870	1	824	0.269591	0.468869	0.468869	0.269591	0	0.246636	0.255100	0.244929	0.253335	0.670154	0.454656	0.407438	0.921507	
2267000	-511.549807	1	3526	0.243630	0.489234	0.489234	0.243630	0	0.246154	0.245954	0.254049	0.253843	0.964986	0.059292	0.566744	0.979199	
2268000	-511.809356	1	2496	0.267133	0.540994	0.540994	0.267133	0	0.248064	0.247090	0.252919	0.251927	0.778980	0.274954	0.426621	0.678539	
2269000	-511.746951	1	561	0.262809	0.451723	0.451723	0.262809	0	0.245858	0.257256	0.242815	0.254072	0.563902	0.544461	0.463281	0.207965	
2270000	-511.451918	1	601	0.256108	0.506386	0.506386	0.256108	0	0.247102	0.247419	0.252578	0.252902	0.728127	0.673232	0.307289	0.736610	
2271000	-512.019651	1	3893	0.296300	0.554613	0.554613	0.296300	0	0.248745	0.249892	0.250105	0.251258	0.000723	0.040530	0.760686	0.858104	
2272000	-511.513168	1	3473	0.279389	0.516173	0.516173	0.279389	0	0.247935	0.250598	0.249394	0.252073	0.760872	0.444099	0.347100	0.189869	
2273000	-512.248186	1	2415	0.219283	0.448325	0.448325	0.219283	0	0.242891	0.242412	0.257603	0.257095	0.058198	0.275145	0.487909	0.523552	
2274000	-511.771948	1	1693	0.241846	0.500623	0.500623	0.241846	0	0.246385	0.244202	0.255840	0.253574	0.295389	0.395527	0.529986	0.830773	
2275000	-511.921426	1	3339	0.251484	0.526210	0.526210	0.251484	0	0.247370	0.244850	0.255190	0.252591	0.445228	0.788813	0.513040	0.497299	
2276000	-512.606454	1	621	0.256070	0.416049	0.416049	0.256070	0	0.244052	0.266311	0.234141	0.255496	0.800251	0.576894	0.316063	0.452753	
2277000	-511.584779	1	3954	0.241674	0.486900	0.486900	0.241674	0	0.245989	0.245626	0.254380	0.254005	0.042025	0.655453	0.128719	0.924514	
2278000	-511.398389	1	381	0.258745	0.504765	0.504765	0.258745	0	0.247155	0.248148	0.251842	0.252855	0.963977	0.261090	0.972201	0.810553	
2279000	-513.380923	1	3838	0.244147	0.497966	0.497966	0.244147	1	0.246419	0.245154	0.254868	0.253560	0.107816	0.695842	0.171817	0.667188	
2280000	-511.341324	1	664	0.252016	0.480508	0.480508	0.252016	0	0.246289	0.249454	0.250519	0.253738	0.438412	0.794620	0.550495	0.257702	
2281000	-511.712884	1	431	0.247204	0.438921	0.438921	0.247204	0	0.244613	0.256510	0.243517	0.255361	0.845880	0.987271	0.021954	0.748238	
2282000	-511.513645	1	3262	0.250953	0.452827	0.452827	0.250953	0	0.245354	0.254165	0.245826	0.254654	0.996530	0.216864	0.671920	0.055266	
2283000	-511.522929	1	1707	0.239300	0.464267	0.464267	0.239300	0	0.245122	0.248221	0.251737	0.254920	0.000497	0.260218	0.183266	0.391137	
2284000	-511.545011	1	740	0.248572	0.449515	0.449515	0.248572	0	0.245109	0.254244	0.245744	0.254903	0.263220	0.554701	0.423476	0.560319	
2285000	-511.500305	1	3070	0.249955	0.453377	0.453377	0.249955	0	0.245323	0.253766	0.246218	0.254692	0.079109	0.119658	0.901124	0.355402	
2286000	-511.925952	1	1741	0.238691	0.426478	0.426478	0.238691	0	0.243504	0.257351	0.242672	0.256472	0.081515	0.687706	0.511874	0.421326	
2287000	-511.606196	1	1160	0.263214	0.459427	0.459427	0.263214	0	0.246124	0.255684	0.244350	0.253841	0.149827	0.297363	0.743853	0.563545	
2288000	-511.365409	1	2866	0.249250	0.477421	0.477421	0.249250	0	0.246076	0.249167	0.250803	0.253954	0.484664	0.073493	0.264629	0.333993	
2289000	-511.972803	1	285	0.224989	0.448421	0.448421	0.224989	0	0.243439	0.245399	0.254556	0.256606	0.301051	0.209361	0.537443	0.621632	
2290000	-511.622258	1	567	0.279993	0.533645	0.533645	0.279993	0	0.248222	0.249365	0.250629	0.251784	0.111049	0.407568	0.840334	0.789402	
2291000	-511.632877	1	2246	0.285299	0.515116	0.515116	0.285299	0	0.248042	0.251424	0.248572	0.251962	0.741740	0.688965	0.212732	0.584613	
2292000	-511.511837	1	2925	0.270267	0.477649	0.477649	0.270267	0	0.246890	0.253759	0.246250	0.253101	0.245100	0.572758	0.077100	0.334668	
2293000	-511.318127	1	1815	0.257325	0.486599	0.486599	0.257325	0	0.246668	0.249904	0.250074	0.253354	0.607581	0.506673	0.884649	0.803304	
2294000	-511.677428	1	2744	0.253049	0.444512	0.444512	0.253049	0	0.245151	0.256698	0.243345	0.254806	0.087849	0.850954	0.825969	0.211466	
2295000	-513.172366	1	589	0.277676	0.511388	0.511388	0.277676	1	0.247811	0.250796	0.249195	0.252197	0.989951	0.140743	0.265715	0.060284	
2296000	-512.290086	1	2771	0.302072	0.570241	0.570241	0.302072	0	0.248965	0.249679	0.250319	0.251037	0.631711	0.726895	0.408816	0.268432	
2297000	-512.515881	1	3302	0.279203	0.449132	0.449132	0.279203	0	0.246380	0.260621	0.239575	0.253424	0.120159	0.942193	0.460820	0.270794	
2298000	-511.355540	1	2184	0.250800	0.472634	0.472634	0.250800	0	0.246003	0.250337	0.249631	0.254029	0.666984	0.767973	0.615988	0.029043	
2299000	-511.360840	1	1125	0.261824	0.503100	0.503100	0.261824	0	0.247218	0.248948	0.251039	0.252796	0.568959	0.626811	0.598346	0.146481	
2300000	-512.196875	1	735	0.228933	0.416643	0.416643	0.228933	0	0.242209	0.256670	0.243298	0.257824	0.638937	0.681057	0.912655	0.381705	
2301000	-512.376462	1	264	0.305316	0.572432	0.572432	0.305316	0	0.249018	0.249823	0.250175	0.250984	0.518153	0.529994	0.563083	0.348278	
2302000	-511.404844	1	466	0.251192	0.463001	0.463001	0.251192	0	0.245716	0.252139	0.247834	0.254311	0.636576	0.790498	0.555918	0.072131	
2303000	-512.400146	1	702	0.245620	0.534184	0.534184	0.245620	0	0.247332	0.242989	0.257097	0.252582	0.756179	0.311178	0.404392	0.372420	
2304000	-513.217982	1	2370	0.280564	0.522694	0.522694	0.280564	1	0.248065	0.250217	0.249776	0.251942	0.753462	0.974551	0.778898	0.920250	
2305000	-513.660391	1	2808	0.233728	0.486395	0.486395	0.233728	1	0.245528	0.242926	0.257135	0.254410	0.246502	0.410081	0.015218	0.277275	
2306000	-512.220339	1	2926	0.239540	0.415176	0.415176	0.239540	0	0.242977	0.261675	0.238497	0.256851	0.383469	0.659245	0.369828	0.423512	
2307000	-513.114403	1	2285	0.252403	0.488180	0.488180	0.252403	1	0.246515	0.248521	0.251459	0.253505	0.443291	0.494634	0.608258	0.574662	
2308000	-511.524860	1	449	0.278770	0.500539	0.500539	0.278770	0	0.247637	0.252048	0.247949	0.252366	0.613225	0.647658	0.824756	0.742621	
2309000	-511.851256	1	2155	0.271781	0.546862	0.546862	0.271781	0	0.248250	0.247512	0.252494	0.251743	0.106473	0.348563	0.900807	0.009471	
2310000	-511.511837	1	2925	0.270267	0.477649	0.477649	0.270267	0	0.246890	0.253759	0.246250	0.253101	0.741078	0.519921	0.438602	0.430235	
2311000	-511.590162	1	2198	0.248138	0.446313	0.446313	0.248138	0	0.244963	0.254881	0.245116	0.255040	0.496258	0.448087	0.833834	0.588170	
2312000	-513.164119	1	1909	0.260455	0.473477	0.473477	0.260455	1	0.246432	0.252535	0.247453	0.253581	0.757866	0.865204	0.440541	0.998179	
2313000	-512.026893	1	3547	0.231159	0.423660	0.423660	0.231159	0	0.242782	0.255199	0.244751	0.257268	0.330805	0.481482	0.620959	0.580517	
2314000	-511.414534	1	1452	0.247349	0.462869	0.462869	0.247349	0	0.245521	0.251078	0.248884	0.254517	0.683185	0.090172	0.756467	0.697366	
2315000	-511.581915	1	873	0.274105	0.531215	0.531215	0.274105	0	0.248065	0.248729	0.251267	0.251939	0.553666	0.528910	0.774855	0.616909	
2316000	-511.957277	1	463	0.253513	0.433009	0.433009	0.253513	0	0.244709	0.259973	0.240169	0.255150	0.656821	0.502962	0.148304	0.201730	
2317000	-511.786940	1	3500	0.243541	0.505214	0.505214	0.243541	0	0.246583	0.244295	0.255747	0.253375	0.254262	0.903584	0.033300	0.212608	
2318000	-511.919669	1	1992	0.232505	0.428805	0.428805	0.232505	0	0.243155	0.254118	0.245822	0.256906	0.827112	0.650953	0.183791	0.479490	
2319000	-513.247553	1	2005	0.243649	0.479200	0.479200	0.243649	1	0.245856	0.247266	0.252714	0.254164	0.089393	0.497184	0.421032	0.503057	
2320000	-511.913289	1	983	0.231365	0.480005	0.480005	0.231365	0	0.245167	0.242790	0.257268	0.254774	0.621339	0.289729	0.368572	0.441007	
2321000	-512.804300	1	3527	0.213866	0.406042	0.406042	0.213866	0	0.239928	0.252338	0.247467	0.260267	0.075351	0.231159	0.909722	0.824415	
2322000	-511.809927	1	3525	0.258901	0.531954	0.531954	0.258901	0	0.247705	0.246108	0.253912	0.252275	0.360758	0.993982	0.924762	0.671181	
2323000	-513.078532	1	1125	0.261824	0.503100	0.503100	0.261824	1	0.247216	0.248949	0.251037	0.252797	0.778188	0.959001	0.393368	0.527112	
2324000	-513.818629	1	708	0.273085	0.456536	0.456536	0.273085	1	0.246399	0.258078	0.242026	0.253497	0.600988	0.104584	0.956653	0.074403	
2325000	-512.652264	1	801	0.211962	0.438291	0.438291	0.211962	0	0.241555	0.240264	0.259785	0.258397	0.413854	0.646127	0.487063	0.051058	
2326000	-512.256910	1	3735	0.236518	0.413152	0.413152	0.236518	0	0.242639	0.261311	0.238836	0.257215	0.570435	0.161908	0.804121	0.529838	
2327000	-511.329010	1	2816	0.254834	0.477902	0.477902	0.254834	0	0.246334	0.250545	0.249428	0.253692	0.013060	0.304151	0.327545	0.527593	
2328000	-512.056360	1	352	0.233939	0.421001	0.421001	0.233939	0	0.242868	0.257323	0.242683	0.257126	0.218660	0.919487	0.648924	0.586566	
2329000	-511.581566	1	1559	0.283107	0.515411	0.515411	0.283107	0	0.248001	0.251137	0.248857	0.252004	0.097213	0.773390	0.922743	0.270747	
2330000	-511.605090	1	1773	0.242317	0.444774	0.444774	0.242317	0	0.244564	0.253418	0.246546	0.255472	0.797402	0.729465	0.070242	0.623881	
2331000	-512.172166	1	2875	0.304074	0.546022	0.546022	0.304074	0	0.248754	0.250951	0.249048	0.251247	0.092526	0.646504	0.537251	0.664179	
2332000	-511.426171	1	1747	0.266411	0.514345	0.514345	0.266411	0	0.247584	0.248763	0.251228	0.252425	0.237300	0.323785	0.914210	0.393513	
2333000	-511.587477	1	479	0.283322	0.514102	0.514102	0.283322	0	0.247984	0.251280	0.248715	0.252021	0.949268	0.679182	0.601990	0.243185	
2334000	-511.568990	1	263	0.239971	0.449911	0.449911	0.239971	0	0.244624	0.251381	0.248565	0.255430	0.489563	0.116998	0.591398	0.778646	
2335000	-511.483643	1	720	0.276084	0.519064	0.519064	0.276084	0	0.247910	0.249902	0.250089	0.252099	0.060550	0.715740	0.562849	0.142822	
2336000	-511.847520	1	3362	0.229195	0.463678	0.463678	0.229195	0	0.244418	0.244346	0.255656	0.255580	0.646580	0.201749	0.249920	0.999220	
2337000	-512.392906	1	2088	0.237743	0.409036	0.409036	0.237743	0	0.242493	0.263468	0.236779	0.257260	0.327170	0.577475	0.062080	0.411842	
2338000	-511.755712	1	147	0.284199	0.492879	0.492879	0.284199	0	0.247618	0.253652	0.246363	0.252367	0.590851	0.876736	0.964725	0.218406	
2339000	-511.344529	1	3216	0.266549	0.496821	0.496821	0.266549	0	0.247226	0.250527	0.249458	0.252789	0.716266	0.136132	0.713196	0.857129	
2340000	-512.084604	1	1118	0.271119	0.450126	0.450126	0.271119	0	0.246129	0.259174	0.240963	0.253734	0.214593	0.940167	0.682748	0.914665	
2341000	-511.869633	1	2411	0.277957	0.470975	0.470975	0.277957	0	0.246958	0.256054	0.244001	0.252988	0.874245	0.985322	0.559961	0.635416	
2342000	-511.412150	1	3543	0.247870	0.484918	0.484918	0.247870	0	0.246230	0.247732	0.252249	0.253788	0.526576	0.172200	0.127490	0.158081	
2343000	-511.513700	1	1546	0.252060	0.453466	0.453466	0.252060	0	0.245432	0.254325	0.245671	0.254572	0.846860	0.774166	0.872394	0.096678	
2344000	-512.062853	1	3469	0.291543	0.492848	0.492848	0.291543	0	0.247783	0.254473	0.245557	0.252187	0.122570	0.388373	0.278504	0.658062	
2345000	-511.573368	1	3336	0.239645	0.449856	0.449856	0.239645	0	0.244601	0.251277	0.248668	0.255454	0.011816	0.265183	0.436919	0.332480	
2346000	-511.440725	1	1901	0.245989	0.483422	0.483422	0.245989	0	0.246099	0.247391	0.252592	0.253918	0.300528	0.709357	0.537375	0.474705	
2347000	-512.613354	1	3520	0.264255	0.568069	0.568069	0.264255	0	0.248390	0.245598	0.254436	0.251576	0.890905	0.140854	0.407126	0.766753	
2348000	-511.400118	1	3507	0.257192	0.467171	0.467171	0.257192	0	0.246118	0.252881	0.247106	0.253896	0.118886	0.690040	0.346902	0.975277	
2349000	-511.461011	1	2823	0.276493	0.506048	0.506048	0.276493	0	0.247687	0.251146	0.248846	0.252322	0.371377	0.647846	0.697761	0.910248	
2350000	-512.128097	1	1854	0.221826	0.436648	0.436648	0.221826	0	0.242588	0.246648	0.253263	0.257501	0.561888	0.223310	0.993669	0.874981	
2351000	-511.707799	1	2939	0.243440	0.500451	0.500451	0.243440	0	0.246454	0.244699	0.255332	0.253515	0.440648	0.327388	0.788069	0.010075	
2352000	-511.579602	1	1948	0.268146	0.468685	0.468685	0.268146	0	0.246581	0.254875	0.245149	0.253395	0.263176	0.796419	0.868208	0.238867	
2353000	-512.076874	1	2973	0.224087	0.431743	0.431743	0.224087	0	0.242565	0.249229	0.250660	0.257546	0.749176	0.338660	0.838465	0.943647	
2354000	-514.282422	1	4	0.262277	0.428662	0.428662	0.262277	1	0.244954	0.263348	0.236952	0.254746	0.389066	0.800176	0.842876	0.833120	
2355000	-511.581508	1	2283	0.257246	0.453570	0.453570	0.257246	0	0.245680	0.255609	0.244417	0.254294	0.768018	0.850040	0.773101	0.112321	
2356000	-511.325791	1	71	0.260818	0.494713	0.494713	0.260818	0	0.246994	0.249656	0.250326	0.253024	0.718907	0.479394	0.679583	0.580434	
2357000	-512.008964	1	2566	0.267284	0.447186	0.447186	0.267284	0	0.245884	0.259196	0.240938	0.253982	0.369819	0.416644	0.039860	0.961837	
2358000	-511.402774	1	3941	0.270168	0.490277	0.490277	0.270168	0	0.247189	0.251956	0.248035	0.252819	0.612185	0.589636	0.923924	0.688623	
2359000	-511.752386	1	534	0.246154	0.436464	0.436464	0.246154	0	0.244447	0.256869	0.243163	0.255520	0.164382	0.582213	0.450152	0.514402	
2360000	-513.141335	1	3559	0.274579	0.516745	0.516745	0.274579	1	0.247834	0.249879	0.250112	0.252176	0.295057	0.038041	0.531580	0.758859	
2361000	-511.892051	1	3483	0.257703	0.534096	0.534096	0.257703	0	0.247711	0.245749	0.254277	0.252263	0.606797	0.402258	0.929650	0.140853	
2362000	-513.883756	1	3118	0.224160	0.443560	0.443560	0.224160	1	0.243142	0.246113	0.253821	0.256923	0.967360	0.010922	0.555876	0.705780	
2363000	-512.943108	1	339	0.270628	0.584955	0.584955	0.270628	0	0.248702	0.246143	0.253883	0.251272	0.826314	0.540786	0.871937	0.687825	
2364000	-511.953828	1	3097	0.251328	0.431273	0.431273	0.251328	0	0.244516	0.259911	0.240224	0.255349	0.625451	0.106406	0.883138	0.642161	
2365000	-512.329355	1	3772	0.298440	0.576172	0.576172	0.298440	0	0.248977	0.249200	0.250800	0.251023	0.622542	0.194684	0.946929	0.810121	
2366000	-511.972309	1	3989	0.237405	0.424356	0.424356	0.237405	0	0.243306	0.257565	0.242460	0.256669	0.988864	0.802798	0.493308	0.159822	
2367000	-511.614043	1	2899	0.284533	0.521367	0.521367	0.284533	0	0.248126	0.250805	0.249189	0.251880	0.754386	0.119336	0.113857	0.857032	
2368000	-511.349272	1	2710	0.251074	0.475073	0.475073	0.251074	0	0.246089	0.250021	0.249948	0.253942	0.134962	0.576059	0.780883	0.168570	
2369000	-511.471182	1	3662	0.261557	0.514846	0.514846	0.261557	0	0.247456	0.247819	0.252177	0.252548	0.302741	0.562865	0.176050	0.948855	
2370000	-513.854269	1	2298	0.235020	0.426205	0.426205	0.235020	1	0.243220	0.256006	0.243974	0.256800	0.481963	0.711414	0.299063	0.954216	
2371000	-511.654608	1	1691	0.276481	0.480341	0.480341	0.276481	0	0.247144	0.254336	0.245685	0.252835	0.354708	0.333605	0.672558	0.815289	
2372000	-511.381315	1	2769	0.263900	0.478544	0.478544	0.263900	0	0.246699	0.252446	0.247544	0.253311	0.215310	0.893079	0.873849	0.652190	
2373000	-513.269496	1	2230	0.282161	0.531461	0.531461	0.282161	1	0.248230	0.249779	0.250215	0.251776	0.141591	0.028475	0.001626	0.951359	
2374000	-511.587477	1	479	0.283322	0.514102	0.514102	0.283322	0	0.247984	0.251280	0.248715	0.252021	0.584821	0.248406	0.073915	0.229291	
2375000	-511.922450	1	165	0.227087	0.460821	0.460821	0.227087	0	0.244141	0.243904	0.256102	0.255853	0.216379	0.412335	0.950951	0.517524	
2376000	-511.524176	1	696	0.279781	0.518268	0.518268	0.279781	0	0.247978	0.250471	0.249521	0.252030	0.156894	0.137554	0.139663	0.185478	
2377000	-513.669824	1	3362	0.229195	0.463678	0.463678	0.229195	1	0.244417	0.244347	0.255655	0.255581	0.734778	0.568391	0.091967	0.750955	
2378000	-511.369846	1	3055	0.257047	0.470616	0.470616	0.257047	0	0.246215	0.252244	0.247737	0.253804	0.016559	0.747607	0.666553	0.490126	
2379000	-511.861879	1	3514	0.232568	0.432568	0.432568	0.232568	0	0.243343	0.253001	0.246927	0.256728	0.386182	0.233732	0.015920	0.259218	
2380000	-511.552224	1	3406	0.269393	0.527290	0.527290	0.269393	0	0.247894	0.248275	0.251722	0.252109	0.434495	0.931958	0.488890	0.246921	
2381000	-511.840884	1	3431	0.272070	0.461436	0.461436	0.272070	0	0.246511	0.256911	0.243160	0.253419	0.246267	0.495270	0.189027	0.908632	
2382000	-512.604163	1	2998	0.315535	0.557701	0.557701	0.315535	0	0.248995	0.251068	0.248933	0.251005	0.234396	0.042429	0.620969	0.988952	
2383000	-511.456140	1	38	0.245650	0.457976	0.457976	0.245650	0	0.245261	0.251524	0.248436	0.254780	0.392581	0.088977	0.678496	0.588191	
2384000	-513.544793	1	2020	0.293689	0.518170	0.518170	0.293689	1	0.248246	0.252042	0.247960	0.251752	0.698642	0.314865	0.105669	0.144001	
2385000	-511.680391	1	1177	0.279654	0.539109	0.539109	0.279654	0	0.248293	0.248987	0.251009	0.251710	0.158022	0.674161	0.631921	0.253839	
2386000	-511.556666	1	1834	0.242410	0.448885	0.448885	0.242410	0	0.244734	0.252460	0.247497	0.255309	0.228625	0.218888	0.385250	0.194138	
2387000	-512.498020	1	1514	0.298488	0.585315	0.585315	0.298488	0	0.249054	0.248927	0.251074	0.250945	0.864611	0.643503	0.887205	0.023496	
2388000	-511.453925	1	1971	0.276077	0.509410	0.509410	0.276077	0	0.247739	0.250755	0.249236	0.252270	0.911001	0.664741	0.673174	0.027866	
2389000	-511.546580	1	2810	0.281390	0.513769	0.513769	0.281390	0	0.247938	0.251070	0.248924	0.252069	0.356943	0.730271	0.677991	0.365289	
2390000	-511.435519	1	774	0.274458	0.500769	0.500769	0.274458	0	0.247532	0.251401	0.248591	0.252476	0.171259	0.466535	0.280728	0.500638	
2391000	-513.421237	1	2201	0.277166	0.481495	0.481495	0.277166	1	0.247189	0.254266	0.245755	0.252791	0.644233	0.138803	0.666244	0.122302	
2392000	-511.390682	1	2058	0.246969	0.471778	0.471778	0.246969	0	0.245793	0.249400	0.250565	0.254242	0.080034	0.282273	0.356620	0.339057	
2393000	-512.323399	1	2279	0.225950	0.412896	0.412896	0.225950	0	0.241715	0.256643	0.243308	0.258334	0.598610	0.486097	0.467097	0.051202	
2394000	-512.285250	1	21	0.289298	0.575181	0.575181	0.289298	0	0.248862	0.248458	0.251544	0.251136	0.599879	0.861042	0.632521	0.983977	
2395000	-511.365409	1	2866	0.249250	0.477421	0.477421	0.249250	0	0.246076	0.249167	0.250803	0.253954	0.825692	0.327459	0.672398	0.458050	
2396000	-512.043776	1	3129	0.233975	0.495612	0.495612	0.233975	0	0.245831	0.242035	0.258059	0.254075	0.466506	0.725990	0.456568	0.003775	
2397000	-514.581204	1	1505	0.230857	0.519830	0.519830	0.230857	1	0.246346	0.239140	0.261075	0.253439	0.704898	0.186156	0.005387	0.744497	
2398000	-513.556234	1	3358	0.236012	0.442879	0.442879	0.236012	1	0.244068	0.251595	0.248339	0.255998	0.940601	0.619985	0.213373	0.647798	
2399000	-513.930559	1	2960	0.274852	0.455311	0.455311	0.274852	1	0.246422	0.258615	0.241507	0.253456	0.347007	0.520808	0.080470	0.672047	
2400000	-511.940413	1	125	0.255451	0.533038	0.533038	0.255451	0	0.247627	0.245342	0.254690	0.252341	0.168005	0.388036	0.941407	0.752241	
2401000	-512.131909	1	1824	0.221733	0.451522	0.451522	0.221733	0	0.243278	0.243065	0.256941	0.256716	0.936653	0.392826	0.696188	0.806528	
2402000	-511.994206	1	3601	0.285823	0.481889	0.481889	0.285823	0	0.247429	0.255335	0.244709	0.252528	0.004442	0.260660	0.363563	0.682576	
2403000	-512.387133	1	4	0.262277	0.428662	0.428662	0.262277	0	0.244956	0.263346	0.236954	0.254744	0.807627	0.531540	0.478511	0.821872	
2404000	-512.177777	1	524	0.220463	0.445270	0.445270	0.220463	0	0.242867	0.243751	0.256225	0.257157	0.715115	0.724162	0.520400	0.507373	
2405000	-511.632877	1	2246	0.285299	0.515116	0.515116	0.285299	0	0.248042	0.251424	0.248572	0.251962	0.377192	0.833230	0.652074	0.634471	
2406000	-511.619374	1	2642	0.242885	0.493118	0.493118	0.242885	0	0.246228	0.245284	0.254733	0.253756	0.286340	0.364789	0.293151	0.497294	
2407000	-511.635769	1	3088	0.255897	0.449206	0.449206	0.255897	0	0.245465	0.256279	0.243759	0.254498	0.919589	0.586945	0.138385	0.884191	
2408000	-511.637603	1	3933	0.271928	0.471908	0.471908	0.271928	0	0.246795	0.254970	0.245058	0.253176	0.643292	0.902165	0.227885	0.148121	
2409000	-512.253791	1	3046	0.249837	0.420069	0.420069	0.249837	0	0.243904	0.263201	0.237069	0.255825	0.332445	0.591098	0.984691	0.813755	
2410000	-512.180207	1	1926	0.228465	0.417730	0.417730	0.228465	0	0.242228	0.256043	0.243909	0.257820	0.935444	0.670720	0.926149	0.509620	
2411000	-511.355373	1	1257	0.258212	0.473852	0.473852	0.258212	0	0.246356	0.251975	0.248006	0.253663	0.860193	0.476357	0.914564	0.079971	
2412000	-512.708156	1	747	0.230739	0.398346	0.398346	0.230739	0	0.241235	0.265380	0.234935	0.258450	0.667210	0.148929	0.143756	0.348864	
2413000	-513.332602	1	2668	0.258610	0.523889	0.523889	0.258610	1	0.247545	0.246556	0.253456	0.252443	0.769305	0.390393	0.238040	0.492630	
2414000	-513.138175	1	686	0.275099	0.510167	0.510167	0.275099	1	0.247728	0.250542	0.249448	0.252282	0.328950	0.281615	0.697912	0.113387	
2415000	-511.513213	1	1666	0.258778	0.514898	0.514898	0.258778	0	0.247372	0.247256	0.252746	0.252626	0.758005	0.235416	0.976314	0.119349	
2416000	-511.578011	1	3506	0.238086	0.472457	0.472457	0.238086	0	0.245333	0.246417	0.253565	0.254685	0.912715	0.773409	0.705469	0.422832	
2417000	-511.953073	1	222	0.227988	0.432742	0.432742	0.227988	0	0.242972	0.250879	0.249023	0.257127	0.849322	0.903417	0.763935	0.662609	
2418000	-511.338140	1	368	0.265614	0.494262	0.494262	0.265614	0	0.247140	0.250654	0.249331	0.252876	0.269026	0.023111	0.722666	0.194486	
2419000	-511.412222	1	1568	0.247360	0.463276	0.463276	0.247360	0	0.245535	0.251004	0.248958	0.254503	0.210000	0.515343	0.594856	0.338857	
2420000	-511.993345	1	1416	0.282776	0.559402	0.559402	0.282776	0	0.248605	0.248359	0.251642	0.251393	0.805125	0.308253	0.616798	0.644709	
2421000	-511.824203	1	1047	0.267328	0.454610	0.454610	0.267328	0	0.246132	0.257499	0.242583	0.253786	0.520182	0.993623	0.255066	0.791096	
2422000	-511.509685	1	99	0.274301	0.524238	0.524238	0.274301	0	0.247957	0.249244	0.250749	0.252051	0.480682	0.738401	0.460703	0.665795	
2423000	-511.447368	1	929	0.265302	0.473814	0.473814	0.265302	0	0.246622	0.253468	0.246533	0.253377	0.370533	0.606177	0.315763	0.440952	
2424000	-511.644279	1	2271	0.237249	0.445357	0.445357	0.237249	0	0.244260	0.251455	0.248482	0.255802	0.116405	0.613288	0.659859	0.007324	
2425000	-511.616997	1	1164	0.245310	0.498734	0.498734	0.245310	0	0.246493	0.245413	0.254604	0.253489	0.594550	0.824681	0.935706	0.319217	
2426000	-511.370606	1	2478	0.269210	0.495499	0.495499	0.269210	0	0.247277	0.251152	0.248836	0.252736	0.548970	0.378887	0.223464	0.091399	
2427000	-511.840561	1	2322	0.244697	0.431718	0.431718	0.244697	0	0.244150	0.257795	0.242258	0.255798	0.341797	0.177257	0.735704	0.993514	
2428000	-511.559562	1	1757	0.278999	0.496001	0.496001	0.278999	0	0.247553	0.252600	0.247402	0.252445	0.219621	0.437445	0.860008	0.014295	
2429000	-511.364487	1	2687	0.268219	0.503350	0.503350	0.268219	0	0.247415	0.250114	0.249873	0.252598	0.959509	0.289370	0.548802	0.585517	
2430000	-513.886154	1	3554	0.272825	0.566927	0.566927	0.272825	1	0.248531	0.246875	0.253140	0.251453	0.798014	0.455241	0.162132	0.840114	
2431000	-511.393180	1	1454	0.264922	0.509654	0.509654	0.264922	0	0.247449	0.248910	0.251080	0.252561	0.482250	0.604907	0.984156	0.951671	
2432000	-511.885330	1	2477	0.277356	0.551858	0.551858	0.277356	0	0.248423	0.248037	0.251965	0.251574	0.141329	0.208534	0.965965	0.774212	
2433000	-513.512337	1	1082	0.250479	0.443997	0.443997	0.250479	1	0.244997	0.256132	0.243893	0.254978	0.046322	0.340576	0.359956	0.915265	
2434000	-512.136363	1	760	0.244864	0.420407	0.420407	0.244864	0	0.243616	0.261573	0.238612	0.256200	0.603486	0.321857	0.495711	0.602440	
2435000	-511.494985	1	1812	0.247905	0.494915	0.494915	0.247905	0	0.246506	0.246542	0.253458	0.253495	0.297545	0.000154	0.417963	0.121944	
2436000	-513.376394	1	3716	0.254082	0.453202	0.453202	0.254082	1	0.245520	0.254913	0.245095	0.254472	0.936985	0.156524	0.694189	0.508516	
2437000	-511.601797	1	1931	0.281023	0.530303	0.530303	0.281023	0	0.248193	0.249716	0.250277	0.251814	0.520726	0.081919	0.657657	0.137640	
2438000	-511.742075	1	960	0.254562	0.442734	0.442734	0.254562	0	0.245159	0.257543	0.242524	0.254775	0.247608	0.921161	0.043323	0.287152	
2439000	-512.952739	1	1769	0.294288	0.463921	0.463921	0.294288	0	0.247227	0.259197	0.240955	0.252621	0.520543	0.277937	0.412596	0.852437	
2440000	-511.559037	1	2249	0.279376	0.497453	0.497453	0.279376	0	0.247591	0.252481	0.247520	0.252408	0.988951	0.643271	0.113483	0.723008	
2441000	-511.637743	1	3206	0.280985	0.534571	0.534571	0.280985	0	0.248254	0.249429	0.250565	0.251751	0.832536	0.375541	0.813815	0.168669	
2442000	-513.588633	1	2065	0.252866	0.442113	0.442113	0.252866	1	0.245047	0.257266	0.242790	0.254896	0.762585	0.791692	0.299454	0.128791	
2443000	-511.323802	1	625	0.262626	0.489582	0.489582	0.262626	0	0.246933	0.250651	0.249331	0.253085	0.817262	0.384640	0.023203	0.377384	
2444000	-511.762200	1	425	0.262965	0.534477	0.534477	0.262965	0	0.247858	0.246730	0.253282	0.252130	0.648279	0.503363	0.306225	0.242509	
2445000	-512.607562	1	1974	0.213009	0.443991	0.443991	0.213009	0	0.241978	0.239594	0.260497	0.257930	0.710423	0.341437	0.853014	0.712033	
2446000	-512.266877	1	1648	0.248614	0.418733	0.418733	0.248614	0	0.243764	0.263331	0.236943	0.255963	0.462578	0.342500	0.842565	0.270293	
2447000	-513.062827	1	3653	0.263214	0.494904	0.494904	0.263214	1	0.247077	0.250119	0.249863	0.252940	0.677411	0.822267	0.719070	0.778959	
2448000	-511.380037	1	1577	0.248453	0.479694	0.479694	0.248453	0	0.246106	0.248612	0.251361	0.253921	0.506062	0.918823	0.909388	0.481024	
2449000	-511.333298	1	3640	0.263979	0.497243	0.497243	0.263979	0	0.247156	0.249998	0.249986	0.252860	0.458578	0.778592	0.997813	0.479502	
2450000	-511.882125	1	3845	0.227593	0.443991	0.443991	0.227593	0	0.243467	0.247691	0.252233	0.256610	0.066075	0.613690	0.407206	0.093671	
2451000	-513.239631	1	1651	0.264495	0.472040	0.472040	0.264495	1	0.246543	0.253607	0.246395	0.253455	0.133366	0.705408	0.983417	0.631205	
2452000	-513.085687	1	3335	0.262522	0.505555	0.505555	0.262522	1	0.247291	0.248843	0.251145	0.252721	0.490230	0.755275	0.471153	0.569359	
2453000	-511.890696	1	2341	0.261992	0.444598	0.444598	0.261992	0	0.245573	0.258789	0.241325	0.254313	0.215268	0.587478	0.033345	0.781624	
2454000	-513.155877	1	1955	0.214990	0.485941	0.485941	0.214990	0	0.244070	0.234311	0.266130	0.255489	0.537780	0.599830	0.539728	0.051118	
2455000	-512.328333	1	2433	0.219375	0.423453	0.423453	0.219375	0	0.241641	0.249215	0.250644	0.258500	0.479749	0.272991	0.640948	0.830962	
2456000	-513.269351	1	3014	0.283402	0.527620	0.527620	0.283402	1	0.248197	0.250196	0.249797	0.251809	0.504930	0.124737	0.956600	0.540383	
2457000	-512.366341	1	1034	0.304795	0.516416	0.516416	0.304795	0	0.248406	0.253123	0.246891	0.251579	0.116048	0.668461	0.901599	0.943788	
2458000	-511.479871	1	2654	0.268961	0.520921	0.520921	0.268961	0	0.247773	0.248667	0.251327	0.252234	0.108134	0.975978	0.791593	0.109231	
2459000	-511.377147	1	1532	0.248516	0.470205	0.470205	0.248516	0	0.245820	0.250107	0.249857	0.254216	0.771714	0.679957	0.034456	0.543518	
2460000	-511.472312	1	3400	0.253330	0.457430	0.457430	0.253330	0	0.245632	0.253811	0.246179	0.254378	0.596464	0.541466	0.971570	0.461898	
2461000	-511.457689	1	3426	0.263576	0.515592	0.515592	0.263576	0	0.247529	0.248144	0.251850	0.252476	0.977272	0.342373	0.067985	0.379186	
2462000	-511.574368	1	582	0.275302	0.483748	0.483748	0.275302	0	0.247190	0.253662	0.246349	0.252799	0.643605	0.852952	0.275081	0.587891	
2463000	-511.379010	1	2143	0.270193	0.497578	0.497578	0.270193	0	0.247350	0.251077	0.248911	0.252662	0.416624	0.153012	0.246324	0.311900	
2464000	-511.387223	1	1072	0.266331	0.482635	0.482635	0.266331	0	0.246886	0.252310	0.247681	0.253122	0.915035	0.908019	0.288446	0.347311	
2465000	-511.779344	1	511	0.234588	0.480967	0.480967	0.234588	0	0.245406	0.243920	0.256112	0.254562	0.562624	0.618966	0.179352	0.452308	
2466000	-513.034938	1	1147	0.280885	0.438023	0.438023	0.280885	0	0.246068	0.263633	0.236702	0.253598	0.188374	0.460427	0.611510	0.563610	
2467000	-511.453329	1	655	0.256075	0.461172	0.461172	0.256075	0	0.245881	0.253743	0.246251	0.254125	0.592106	0.752400	0.641419	0.671803	
2468000	-511.470130	1	1016	0.242419	0.473390	0.473390	0.242419	0	0.245609	0.247741	0.252230	0.254419	0.528889	0.527466	0.311488	0.938041	
2469000	-511.732181	1	3035	0.231780	0.460526	0.460526	0.231780	0	0.244487	0.246020	0.253950	0.255543	0.937212	0.033803	0.413379	0.210144	
2470000	-511.698304	1	89	0.247541	0.439835	0.439835	0.247541	0	0.244670	0.256364	0.243660	0.255306	0.692535	0.030328	0.575332	0.852317	
2471000	-511.583192	1	1327	0.274496	0.531363	0.531363	0.274496	0	0.248076	0.248775	0.251220	0.251929	0.927071	0.231101	0.679972	0.340393	
2472000	-515.278523	1	1552	0.234366	0.351771	0.351771	0.234366	0	0.237108	0.298771	0.205358	0.258764	0.562165	0.265592	0.887031	0.374963	
2473000	-511.915111	1	2706	0.236094	0.427254	0.427254	0.236094	0	0.243354	0.256098	0.243888	0.256660	0.337453	0.836145	0.615218	0.755195	
2474000	-513.597329	1	259	0.250089	0.439935	0.439935	0.250089	1	0.244814	0.257083	0.242964	0.255140	0.739055	0.456169	0.859999	0.147576	
2475000	-514.795567	1	638	0.223100	0.506594	0.506594	0.223100	1	0.245479	0.236760	0.263561	0.254200	0.300933	0.260963	0.346070	0.213394	
2476000	-511.545011	1	740	0.248572	0.449515	0.449515	0.248572	0	0.245109	0.254244	0.245744	0.254903	0.002238	0.048968	0.935824	0.487920	
2477000	-511.341694	1	3553	0.251870	0.479380	0.479380	0.251870	0	0.246250	0.249579	0.250393	0.253778	0.624008	0.741698	0.939537	0.113819	
2478000	-511.500132	1	3366	0.243235	0.454414	0.454414	0.243235	0	0.244995	0.251499	0.248456	0.255051	0.834033	0.172577	0.129327	0.848096	
2479000	-513.562798	1	3076	0.265764	0.456239	0.456239	0.265764	1	0.246122	0.256854	0.243209	0.253814	0.220899	0.569931	0.135359	0.235349	
2480000	-513.097737	1	2877	0.270702	0.508776	0.508776	0.270702	1	0.247590	0.249994	0.249995	0.252422	0.707822	0.615103	0.450790	0.379259	
2481000	-511.529545	1	3451	0.267180	0.524237	0.524237	0.267180	0	0.247787	0.248123	0.251874	0.252216	0.853572	0.262942	0.247029	0.546845	
2482000	-511.886150	1	3224	0.235463	0.491059	0.491059	0.235463	0	0.245778	0.243041	0.257021	0.254159	0.061465	0.163907	0.426783	0.484766	
2483000	-511.629725	1	3575	0.258139	0.451843	0.451843	0.258139	0	0.245661	0.256204	0.243835	0.254300	0.190128	0.959412	0.876334	0.308314	
2484000	-511.339086	1	1333	0.253292	0.485318	0.485318	0.253292	0	0.246476	0.249113	0.250863	0.253548	0.202822	0.040567	0.228966	0.472809	
2485000	-511.629766	1	1936	0.242967	0.494105	0.494105	0.242967	0	0.246259	0.245201	0.254817	0.253722	0.699219	0.369423	0.493627	0.846372	
2486000	-513.637985	1	3241	0.233663	0.545643	0.545643	0.233663	0	0.247112	0.239196	0.261027	0.252665	0.196844	0.847293	0.058393	0.947808	
2487000	-511.661882	1	867	0.277088	0.481233	0.481233	0.277088	0	0.247182	0.254292	0.245729	0.252797	0.148525	0.431310	0.241957	0.013008	
2488000	-513.524892	1	1162	0.233183	0.467649	0.467649	0.233183	1	0.244852	0.245342	0.254648	0.255158	0.851122	0.984562	0.119584	0.646060	
2489000	-512.451475	1	1722	0.218545	0.465481	0.465481	0.218545	0	0.243578	0.238816	0.261358	0.256248	0.764260	0.636974	0.335571	0.228992	
2490000	-511.421966	1	1946	0.272557	0.512057	0.512057	0.272557	0	0.247701	0.249982	0.250007	0.252309	0.986150	0.915236	0.110275	0.257803	
2491000	-511.351415	1	900	0.266680	0.491363	0.491363	0.266680	0	0.247107	0.251205	0.248782	0.252907	0.140980	0.378569	0.007229	0.729114	
2492000	-513.733732	1	2299	0.198682	0.437555	0.437555	0.198682	0	0.239446	0.230181	0.270418	0.259955	0.741398	0.687117	0.651870	0.367816	
2493000	-511.362186	1	547	0.259463	0.474294	0.474294	0.259463	0	0.246418	0.252184	0.247800	0.253598	0.935300	0.308267	0.105237	0.547619	
2494000	-511.903154	1	2922	0.267848	0.452070	0.452070	0.267848	0	0.246070	0.258158	0.241944	0.253829	0.459948	0.660480	0.638408	0.792855	
2495000	-513.984937	1	2383	0.308919	0.568943	0.568943	0.308919	1	0.249024	0.250190	0.249808	0.250978	0.485492	0.990885	0.205705	0.037708	
2496000	-511.744366	1	277	0.272271	0.541487	0.541487	0.272271	0	0.248182	0.247855	0.252148	0.251815	0.634710	0.657880	0.132506	0.588241	
2497000	-512.198579	1	2758	0.284168	0.469010	0.469010	0.284168	0	0.247086	0.257211	0.242875	0.252828	0.088294	0.502733	0.484386	0.030892	
2498000	-511.487422	1	1235	0.274392	0.521443	0.521443	0.274392	0	0.247912	0.249469	0.250522	0.252096	0.163969	0.172859	0.731829	0.555248	
2499000	-511.952370	1	2326	0.261426	0.541396	0.541396	0.261426	0	0.247935	0.246088	0.253934	0.252043	0.766021	0.626954	0.956276	0.437037	
2500000	-512.097425	1	3242	0.256397	0.540620	0.540620	0.256397	0	0.247790	0.245158	0.254879	0.252172	0.609292	0.756762	0.232843	0.678329	
2501000	-511.416051	1	2586	0.245227	0.468216	0.468216	0.245227	0	0.245589	0.249475	0.250487	0.254449	0.432391	0.891292	0.103418	0.682326	
2502000	-511.952244	1	2172	0.263045	0.443569	0.443569	0.263045	0	0.245581	0.259269	0.240862	0.254287	0.925216	0.276629	0.999831	0.920754	
2503000	-512.766684	1	967	0.276313	0.585357	0.585357	0.276313	0	0.248790	0.246837	0.253180	0.251193	0.728243	0.124960	0.924500	0.689413	
2504000	-513.085687	1	3335	0.262522	0.505555	0.505555	0.262522	1	0.247291	0.248843	0.251145	0.252721	0.218258	0.007644	0.481568	0.894258	
2505000	-512.153906	1	123	0.247405	0.528673	0.528673	0.247405	0	0.247281	0.243718	0.256347	0.252654	0.904840	0.797484	0.657800	0.924658	
2506000	-511.439128	1	1412	0.270387	0.485307	0.485307	0.270387	0	0.247080	0.252656	0.247341	0.252923	0.014927	0.735199	0.849423	0.331888	
2507000	-512.498243	1	365	0.214996	0.426174	0.426174	0.214996	0	0.241283	0.245654	0.254228	0.258834	0.598038	0.279860	0.089501	0.909875	
2508000	-513.728100	1	3277	0.249408	0.528510	0.528510	0.249408	1	0.247346	0.244224	0.255830	0.252601	0.363463	0.953932	0.498656	0.935845	
2509000	-511.346631	1	3215	0.251458	0.475232	0.475232	0.251458	0	0.246111	0.250098	0.249871	0.253919	0.569226	0.864952	0.365618	0.080960	
2510000	-513.367283	1	1357	0.238329	0.462025	0.462025	0.238329	1	0.244980	0.248287	0.251667	0.255065	0.392876	0.195337	0.472796	0.732949	
2511000	-511.447538	1	2136	0.275302	0.511808	0.511808	0.275302	0	0.247764	0.250418	0.249572	0.252245	0.413077	0.064858	0.624851	0.174399	
2512000	-511.837376	1	2	0.291636	0.512307	0.512307	0.291636	0	0.248121	0.252366	0.247638	0.251875	0.568720	0.261056	0.358715	0.046060	
2513000	-513.792525	1	3113	0.236248	0.502242	0.502242	0.236248	1	0.246149	0.242238	0.257855	0.253758	0.402492	0.190462	0.994231	0.383374	
2514000	-511.367958	1	233	0.253842	0.493096	0.493096	0.253842	0	0.246701	0.248279	0.251705	0.253315	0.990797	0.751939	0.013390	0.953915	
2515000	-511.803503	1	694	0.282125	0.547971	0.547971	0.282125	0	0.248456	0.248804	0.251194	0.251546	0.246729	0.445074	0.308678	0.831599	
2516000	-511.758840	1	1255	0.259436	0.447033	0.447033	0.259436	0	0.245549	0.257630	0.242446	0.254375	0.896377	0.269784	0.202782	0.042027	
2517000	-512.039408	1	3614	0.274643	0.557674	0.557674	0.274643	0	0.248450	0.247440	0.252569	0.251542	0.759001	0.053205	0.604095	0.062501	
2518000	-511.505246	1	3471	0.245191	0.452579	0.452579	0.245191	0	0.245038	0.252525	0.247438	0.254998	0.306921	0.197802	0.318020	0.125052	
2519000	-511.808677	1	3297	0.229673	0.459968	0.459968	0.229673	0	0.244309	0.245223	0.254757	0.255711	0.389621	0.265996	0.919061	0.033092	
2520000	-513.572317	1	2344	0.284544	0.559154	0.559154	0.284544	1	0.248628	0.248564	0.251436	0.251372	0.208562	0.419835	0.243429	0.020367	
2521000	-511.680402	1	168	0.233576	0.451067	0.451067	0.233576	0	0.244239	0.248683	0.251253	0.255825	0.393966	0.981419	0.269678	0.424460	
2522000	-511.447358	1	3126	0.265273	0.473765	0.473765	0.265273	0	0.246620	0.253471	0.246530	0.253379	0.205207	0.462876	0.408574	0.589792	
2523000	-512.535289	1	2074	0.225981	0.495636	0.495636	0.225981	0	0.245325	0.238844	0.261368	0.254463	0.333712	0.468537	0.214718	0.256410	
2524000	-511.812952	1	2777	0.241812	0.502831	0.502831	0.241812	0	0.246442	0.243988	0.256059	0.253510	0.006223	0.715366	0.600370	0.608450	
2525000	-511.915812	1	271	0.229575	0.432725	0.432725	0.229575	0	0.243107	0.251626	0.248283	0.256984	0.950454	0.625204	0.584820	0.384494	
2526000	-511.365532	1	3724	0.249920	0.470809	0.470809	0.249920	0	0.245906	0.250399	0.249568	0.254128	0.298913	0.912220	0.517108	0.265036	
2527000	-511.799768	1	1818	0.259514	0.532254	0.532254	0.259514	0	0.247728	0.246211	0.253808	0.252254	0.030270	0.144116	0.043883	0.543884	
2528000	-511.573368	1	3336	0.239645	0.449856	0.449856	0.239645	0	0.244601	0.251277	0.248668	0.255454	0.613989	0.620440	0.243743	0.376132	
2529000	-512.613354	1	3520	0.264255	0.568069	0.568069	0.264255	0	0.248390	0.245598	0.254436	0.251576	0.659912	0.884935	0.579111	0.275119	
2530000	-513.154452	1	1329	0.250383	0.490639	0.490639	0.250383	1	0.246496	0.247698	0.252288	0.253518	0.927408	0.871269	0.024236	0.545703	
2531000	-511.362186	1	547	0.259463	0.474294	0.474294	0.259463	0	0.246418	0.252184	0.247800	0.253598	0.944143	0.981360	0.766845	0.288582	
2532000	-511.998810	1	1823	0.298760	0.531672	0.531672	0.298760	0	0.248515	0.251443	0.248557	0.251486	0.555400	0.022219	0.944078	0.188105	
2533000	-514.339804	1	2486	0.215754	0.431433	0.431433	0.215754	1	0.241659	0.244559	0.255358	0.258423	0.697817	0.305788	0.659706	0.889060	
2534000	-511.548638	1	23	0.238215	0.464682	0.464682	0.238215	0	0.245070	0.247760	0.252201	0.254969	0.797895	0.377962	0.112187	0.361219	
2535000	-512.711257	1	26	0.317342	0.572699	0.572699	0.317342	0	0.249133	0.250523	0.249476	0.250868	0.950868	0.391466	0.588685	0.808615	
2536000	-511.742204	1	3865	0.239429	0.492843	0.492843	0.239429	0	0.246047	0.244215	0.255821	0.253916	0.749778	0.870307	0.430952	0.141444	
2537000	-511.365552	1	2534	0.260444	0.502575	0.502575	0.260444	0	0.247162	0.248722	0.251265	0.252851	0.026089	0.635914	0.903250	0.013466	
2538000	-512.546715	1	1804	0.311813	0.573951	0.573951	0.311813	0	0.249093	0.250173	0.249825	0.250908	0.094576	0.999696	0.173239	0.574457	
2539000	-511.477102	1	2250	0.259741	0.513315	0.513315	0.259741	0	0.247370	0.247584	0.252414	0.252633	0.903008	0.553947	0.902951	0.474385	
2540000	-513.711663	1	3444	0.272198	0.459200	0.459200	0.272198	1	0.246448	0.257382	0.242702	0.253469	0.650712	0.139803	0.350681	0.927343	
2541000	-512.248740	1	1533	0.306285	0.544459	0.544459	0.306285	0	0.248765	0.251197	0.248803	0.251235	0.500724	0.747371	0.358792	0.599484	
2542000	-512.877755	1	924	0.316100	0.524682	0.524682	0.316100	0	0.248669	0.253150	0.246867	0.251314	0.276941	0.872716	0.002904	0.818916	
2543000	-511.346589	1	159	0.251654	0.481891	0.481891	0.251654	0	0.246312	0.249164	0.250810	0.253714	0.793391	0.067315	0.140297	0.104241	
2544000	-512.387133	1	4	0.262277	0.428662	0.428662	0.262277	0	0.244956	0.263346	0.236954	0.254744	0.587465	0.911106	0.254014	0.288955	
2545000	-513.969536	1	3394	0.240914	0.521333	0.521333	0.240914	1	0.246864	0.242359	0.257740	0.253037	0.698878	0.120412	0.754328	0.384412	
2546000	-511.918443	1	3124	0.230294	0.431336	0.431336	0.230294	0	0.243099	0.252365	0.247550	0.256986	0.915735	0.482834	0.285465	0.434853	
2547000	-511.752325	1	992	0.268877	0.539559	0.539559	0.268877	0	0.248081	0.247444	0.252561	0.251914	0.801955	0.642084	0.278265	0.625943	
2548000	-511.485513	1	2050	0.278045	0.509144	0.509144	0.278045	0	0.247781	0.251059	0.248934	0.252227	0.610449	0.776415	0.960970	0.839659	
2549000	-511.665261	1	3058	0.249413	0.510048	0.510048	0.249413	0	0.246943	0.245493	0.254530	0.253035	0.486855	0.287432	0.737726	0.716574	
2550000	-511.606196	1	1160	0.263214	0.459427	0.459427	0.263214	0	0.246124	0.255684	0.244350	0.253841	0.421874	0.233908	0.690523	0.390756	
2551000	-512.763943	1	2874	0.289544	0.594523	0.594523	0.289544	0	0.249036	0.247984	0.252022	0.250958	0.906656	0.188670	0.829254	0.729011	
2552000	-512.349672	1	3607	0.261888	0.556770	0.556770	0.261888	0	0.248184	0.245544	0.254490	0.251782	0.390043	0.762611	0.427290	0.511590	
2553000	-511.421966	1	1946	0.272557	0.512057	0.512057	0.272557	0	0.247701	0.249982	0.250007	0.252309	0.714627	0.554970	0.824281	0.379262	
2554000	-511.658889	1	890	0.252335	0.514735	0.514735	0.252335	0	0.247156	0.245838	0.254181	0.252825	0.215300	0.239293	0.861231	0.720474	
2555000	-511.602381	1	2675	0.274267	0.532903	0.532903	0.274267	0	0.248095	0.248643	0.251353	0.251909	0.666898	0.335567	0.776057	0.350663	
2556000	-511.627044	1	3600	0.253664	0.515019	0.515019	0.253664	0	0.247208	0.246127	0.253888	0.252777	0.735949	0.733156	0.734114	0.667966	
2557000	-512.108424	1	231	0.302130	0.545108	0.545108	0.302130	0	0.248719	0.250859	0.249139	0.251283	0.375658	0.722397	0.712594	0.041905	
2558000	-511.455023	1	2767	0.256472	0.461403	0.461403	0.256472	0	0.245906	0.253793	0.246202	0.254099	0.115040	0.577498	0.595863	0.497023	
2559000	-511.436411	1	1203	0.247677	0.459395	0.459395	0.247677	0	0.245419	0.251849	0.248116	0.254616	0.200694	0.311839	0.393858	0.625862	
2560000	-511.532096	1	415	0.241554	0.452319	0.452319	0.241554	0	0.244816	0.251391	0.248558	0.255234	0.013138	0.288471	0.531202	0.915211	
2561000	-512.652928	1	3948	0.278751	0.583794	0.583794	0.278751	0	0.248808	0.247149	0.252864	0.251178	0.237411	0.576339	0.603619	0.269986	
2562000	-511.385924	1	3396	0.247404	0.475079	0.475079	0.247404	0	0.245918	0.249002	0.250966	0.254114	0.728127	0.684733	0.898166	0.550624	
2563000	-513.995222	1	728	0.246751	0.379638	0.379638	0.246751	0	0.241066	0.281692	0.220077	0.257165	0.895039	0.389135	0.152651	0.629148	
2564000	-511.817979	1	936	0.282694	0.548912	0.548912	0.282694	0	0.248477	0.248823	0.251175	0.251524	0.729140	0.245229	0.520632	0.810668	
2565000	-512.392906	1	2088	0.237743	0.409036	0.409036	0.237743	0	0.242493	0.263468	0.236779	0.257260	0.986774	0.812976	0.056541	0.924945	
2566000	-511.427029	1	3687	0.268310	0.481825	0.481825	0.268310	0	0.246931	0.252788	0.247208	0.253072	0.809468	0.552220	0.203918	0.137773	
2567000	-511.592018	1	3095	0.241561	0.446157	0.446157	0.241561	0	0.244574	0.252820	0.247137	0.255470	0.369422	0.422407	0.337924	0.031499	
2568000	-513.862091	1	416	0.294640	0.496900	0.496900	0.294640	1	0.247920	0.254285	0.245743	0.252052	0.527064	0.617420	0.983314	0.154213	
2569000	-511.458067	1	973	0.273679	0.517658	0.517658	0.273679	0	0.247830	0.249668	0.250323	0.252179	0.042351	0.570187	0.631830	0.207925	
2570000	-511.366731	1	3674	0.252892	0.490844	0.490844	0.252892	0	0.246606	0.248313	0.251669	0.253412	0.293621	0.008182	0.421956	0.530017	
2571000	-511.513168	1	3473	0.279389	0.516173	0.516173	0.279389	0	0.247935	0.250598	0.249394	0.252073	0.287870	0.137148	0.067225	0.747465	
2572000	-511.694728	1	3116	0.239025	0.488366	0.488366	0.239025	0	0.245894	0.244583	0.255442	0.254081	0.346613	0.954499	0.818433	0.796879	
2573000	-511.592627	1	2362	0.283436	0.521269	0.521269	0.283436	0	0.248102	0.250683	0.249310	0.251904	0.037244	0.148302	0.509500	0.162080	
2574000	-512.091590	1	2180	0.222774	0.436322	0.436322	0.222774	0	0.242666	0.247245	0.252661	0.257428	0.310328	0.107746	0.535403	0.525204	
2575000	-511.806926	1	93	0.275496	0.469277	0.469277	0.275496	0	0.246839	0.255988	0.244063	0.253110	0.754814	0.113156	0.401807	0.155340	
2576000	-511.947254	1	3549	0.275814	0.554191	0.554191	0.275814	0	0.248426	0.247736	0.252269	0.251569	0.251077	0.245142	0.753515	0.378758	
2577000	-511.710231	1	3889	0.265822	0.457660	0.457660	0.265822	0	0.246171	0.256565	0.243492	0.253773	0.469286	0.719572	0.851257	0.436406	
2578000	-511.322119	1	3714	0.256902	0.480608	0.480608	0.256902	0	0.246493	0.250636	0.249340	0.253531	0.437850	0.315835	0.760174	0.733952	
2579000	-513.397741	1	585	0.258698	0.401392	0.401392	0.258698	0	0.243379	0.273009	0.227932	0.255681	0.219124	0.359377	0.156180	0.437060	
2580000	-511.406805	1	3821	0.267049	0.481532	0.481532	0.267049	0	0.246883	0.252603	0.247391	0.253123	0.170292	0.604741	0.762011	0.216915	
2581000	-511.756808	1	2205	0.231268	0.462209	0.462209	0.231268	0	0.244515	0.245497	0.254483	0.255505	0.790960	0.255828	0.971265	0.988883	
2582000	-514.238893	1	2471	0.264225	0.432013	0.432013	0.264225	1	0.245184	0.262712	0.237561	0.254544	0.292756	0.645946	0.086906	0.311324	
2583000	-513.040118	1	1509	0.252799	0.402863	0.402863	0.252799	0	0.243130	0.270951	0.229811	0.256108	0.130712	0.806412	0.885339	0.215487	
2584000	-511.378408	1	2364	0.270299	0.499292	0.499292	0.270299	0	0.247389	0.250902	0.249086	0.252623	0.251641	0.693389	0.632761	0.253078	
2585000	-511.952370	1	2326	0.261426	0.541396	0.541396	0.261426	0	0.247935	0.246088	0.253934	0.252043	0.251775	0.266265	0.564562	0.449747	
2586000	-512.012695	1	417	0.299332	0.535626	0.535626	0.299332	0	0.248572	0.251221	0.248778	0.251429	0.155107	0.021106	0.772609	0.799035	
2587000	-511.386386	1	1496	0.248766	0.482858	0.482858	0.248766	0	0.246212	0.248257	0.251721	0.253811	0.865036	0.148599	0.943267	0.232049	
2588000	-513.009975	1	1739	0.324730	0.563019	0.563019	0.324730	0	0.249124	0.251274	0.248728	0.250874	0.865313	0.361643	0.456879	0.498015	
2589000	-513.496543	1	3925	0.233860	0.466388	0.466388	0.233860	1	0.244851	0.245822	0.254159	0.255167	0.332118	0.962577	0.503399	0.557900	
2590000	-511.581566	1	1559	0.283107	0.515411	0.515411	0.283107	0	0.248001	0.251137	0.248857	0.252004	0.763789	0.686204	0.645390	0.668838	
2591000	-511.397155	1	318	0.267680	0.510887	0.510887	0.267680	0	0.247551	0.249289	0.250700	0.252460	0.227902	0.099109	0.796580	0.231432	
2592000	-512.088379	1	3991	0.233908	0.419591	0.419591	0.233908	0	0.242791	0.257812	0.242206	0.257191	0.176915	0.087730	0.413393	0.719123	
2593000	-511.864785	1	2569	0.228572	0.462146	0.462146	0.228572	0	0.244311	0.244340	0.255659	0.255690	0.155100	0.091876	0.752514	0.596600	
2594000	-511.877171	1	3063	0.228201	0.441052	0.441052	0.228201	0	0.243384	0.248709	0.251206	0.256701	0.892527	0.765141	0.863712	0.021131	
2595000	-511.318327	1	1414	0.260973	0.489276	0.489276	0.260973	0	0.246868	0.250351	0.249629	0.253151	0.226686	0.644160	0.436191	0.556982	
2596000	-511.909813	1	1063	0.267785	0.546332	0.546332	0.267785	0	0.248159	0.246933	0.253079	0.251828	0.697435	0.111017	0.953290	0.629594	
2597000	-511.799727	1	3103	0.287087	0.498210	0.498210	0.287087	0	0.247786	0.253351	0.246662	0.252201	0.936973	0.187226	0.559021	0.818962	
2598000	-512.759559	1	3387	0.219550	0.400209	0.400209	0.219550	0	0.240234	0.258603	0.241354	0.259809	0.209411	0.893143	0.220927	0.324439	
2599000	-512.001457	1	33	0.274283	0.555736	0.555736	0.274283	0	0.248418	0.247469	0.252539	0.251574	0.743713	0.119367	0.921060	0.884537	
2600000	-511.938969	1	755	0.230729	0.479604	0.479604	0.230729	0	0.245111	0.242584	0.257480	0.254825	0.294833	0.247617	0.405466	0.479675	
2601000	-511.402414	1	182	0.248457	0.485083	0.485083	0.248457	0	0.246262	0.247874	0.252107	0.253758	0.543481	0.888911	0.432690	0.793210	
2602000	-513.644125	1	417	0.299332	0.535626	0.535626	0.299332	1	0.248570	0.251223	0.248776	0.251431	0.414433	0.341203	0.971255	0.969688	
2603000	-511.320106	1	1688	0.260297	0.485171	0.485171	0.260297	0	0.246741	0.250750	0.249230	0.253279	0.596094	0.149887	0.234337	0.810638	
2604000	-511.319700	1	2580	0.257324	0.487936	0.487936	0.257324	0	0.246703	0.249729	0.250249	0.253319	0.474178	0.338210	0.845622	0.058801	
2605000	-512.665949	1	519	0.278285	0.443358	0.443358	0.278285	0	0.246161	0.261899	0.238351	0.253589	0.839881	0.180430	0.998461	0.217356	
2606000	-512.076874	1	2973	0.224087	0.431743	0.431743	0.224087	0	0.242565	0.249229	0.250660	0.257546	0.444484	0.402720	0.618515	0.959225	
2607000	-511.446113	1	2398	0.271822	0.517109	0.517109	0.271822	0	0.247775	0.249429	0.250561	0.252234	0.355847	0.310117	0.753369	0.282701	
2608000	-511.328714	1	2079	0.262211	0.496173	0.496173	0.262211	0	0.247075	0.249772	0.250211	0.252942	0.157223	0.078157	0.540128	0.342782	
2609000	-511.394575	1	2905	0.263874	0.509243	0.509243	0.263874	0	0.247411	0.248752	0.251238	0.252600	0.515036	0.078795	0.224397	0.788932	
2610000	-511.558037	1	1489	0.238044	0.467281	0.467281	0.238044	0	0.245152	0.247246	0.252722	0.254880	0.231718	0.791953	0.585795	0.819445	
2611000	-511.339110	1	136	0.265552	0.492464	0.492464	0.265552	0	0.247097	0.250859	0.249125	0.252919	0.656542	0.528474	0.535694	0.025440	
2612000	-513.420777	1	482	0.286832	0.505872	0.505872	0.286832	1	0.247917	0.252488	0.247516	0.252080	0.773674	0.297423	0.157886	0.967617	
2613000	-511.562726	1	3298	0.271559	0.476278	0.476278	0.271559	0	0.246896	0.254192	0.245824	0.253088	0.976061	0.981134	0.931365	0.503906	
2614000	-511.392810	1	3457	0.250984	0.490516	0.490516	0.250984	0	0.246520	0.247869	0.252116	0.253496	0.901214	0.426214	0.585964	0.146790	
2615000	-511.434955	1	2451	0.255221	0.503476	0.503476	0.255221	0	0.247004	0.247495	0.252500	0.253001	0.121447	0.021074	0.534842	0.048851	
2616000	-511.545257	1	9	0.244961	0.449015	0.449015	0.244961	0	0.244890	0.253262	0.246707	0.255141	0.601402	0.541543	0.886625	0.384369	
2617000	-511.384507	1	3247	0.255302	0.467320	0.467320	0.255302	0	0.246041	0.252401	0.247579	0.253979	0.466400	0.975148	0.856974	0.282393	
2618000	-511.639329	1	2332	0.249863	0.444255	0.444255	0.249863	0	0.244976	0.255892	0.244127	0.255005	0.279917	0.898875	0.822392	0.301939	
2619000	-513.439940	1	2019	0.244161	0.446224	0.446224	0.244161	1	0.244732	0.253673	0.246298	0.255297	0.694425	0.268188	0.466922	0.859486	
2620000	-511.431500	1	75	0.245775	0.461758	0.461758	0.245775	0	0.245401	0.250816	0.249143	0.254641	0.978402	0.078560	0.537266	0.544873	
2621000	-513.641636	1	3752	0.249728	0.437861	0.437861	0.249728	1	0.244709	0.257546	0.242511	0.255234	0.006995	0.333243	0.920965	0.401051	
2622000	-511.358260	1	3895	0.268151	0.500128	0.500128	0.268151	0	0.247345	0.250444	0.249543	0.252668	0.283834	0.981355	0.333551	0.010628	
2623000	-511.427784	1	2985	0.244404	0.471513	0.471513	0.244404	0	0.245654	0.248669	0.251296	0.254381	0.738988	0.324098	0.237167	0.557574	
2624000	-511.978806	1	2601	0.225421	0.439102	0.439102	0.225421	0	0.243050	0.247869	0.252042	0.257039	0.835977	0.867612	0.470806	0.744726	
2625000	-512.030563	1	403	0.238561	0.421945	0.421945	0.238561	0	0.243267	0.258831	0.241234	0.256668	0.720371	0.091630	0.473112	0.682064	
2626000	-511.800443	1	3917	0.230274	0.463265	0.463265	0.230274	0	0.244483	0.244886	0.255106	0.255526	0.866373	0.899153	0.507666	0.240514	
2627000	-513.338048	1	1187	0.256422	0.457148	0.457148	0.256422	1	0.245763	0.254645	0.245362	0.254230	0.975382	0.253893	0.141885	0.723856	
2628000	-511.430543	1	3696	0.273922	0.499196	0.499196	0.273922	0	0.247486	0.251493	0.248499	0.252522	0.885915	0.214393	0.568142	0.447296	
2629000	-511.725290	1	2211	0.288584	0.532393	0.532393	0.288584	0	0.248361	0.250438	0.249557	0.251644	0.970649	0.637275	0.955172	0.558557	
2630000	-511.718531	1	501	0.282501	0.541352	0.541352	0.282501	0	0.248376	0.249203	0.250793	0.251628	0.168001	0.954812	0.904736	0.991309	
2631000	-511.458410	1	452	0.246841	0.457021	0.457021	0.246841	0	0.245291	0.252082	0.247882	0.254745	0.903788	0.066084	0.507167	0.417559	
2632000	-511.658889	1	890	0.252335	0.514735	0.514735	0.252335	0	0.247156	0.245838	0.254181	0.252825	0.651345	0.265341	0.161178	0.105186	
2633000	-512.111053	1	3232	0.229971	0.420105	0.420105	0.229971	0	0.242492	0.255892	0.244065	0.257552	0.435738	0.649585	0.943902	0.623832	
2634000	-512.891020	1	3476	0.214823	0.474492	0.474492	0.214823	0	0.243585	0.235461	0.264894	0.256059	0.935257	0.300089	0.730152	0.885948	
2635000	-512.123467	1	3528	0.299144	0.560010	0.560010	0.299144	0	0.248836	0.249875	0.250122	0.251167	0.197929	0.128608	0.096170	0.200729	
2636000	-512.257294	1	3301	0.219298	0.450436	0.450436	0.219298	0	0.242990	0.241970	0.258062	0.256979	0.084741	0.653922	0.732801	0.664912	
2637000	-512.068338	1	700	0.229847	0.484958	0.484958	0.229847	0	0.245234	0.241562	0.258537	0.254666	0.720341	0.531115	0.382389	0.866433	
2638000	-511.672972	1	2179	0.277655	0.538702	0.538702	0.277655	0	0.248250	0.248754	0.251243	0.251753	0.501955	0.849643	0.393331	0.748965	
2639000	-511.633178	1	1990	0.262876	0.527389	0.527389	0.262876	0	0.247731	0.247147	0.252859	0.252263	0.507943	0.229730	0.882778	0.141833	
2640000	-512.019232	1	230	0.288150	0.561108	0.561108	0.288150	0	0.248704	0.248854	0.251145	0.251297	0.328323	0.035183	0.087368	0.432875	
2641000	-512.148005	1	3870	0.226914	0.479863	0.479863	0.226914	0	0.244851	0.240926	0.259189	0.255035	0.464991	0.077502	0.655346	0.267544	
2642000	-511.317442	1	300	0.260127	0.486965	0.486965	0.260127	0	0.246781	0.250473	0.249507	0.253239	0.647585	0.274643	0.962695	0.891310	
2643000	-511.333298	1	3640	0.263979	0.497243	0.497243	0.263979	0	0.247156	0.249998	0.249986	0.252860	0.733383	0.064672	0.834201	0.741990	
2644000	-511.998810	1	1823	0.298760	0.531672	0.531672	0.298760	0	0.248515	0.251443	0.248557	0.251486	0.151581	0.494303	0.865488	0.680866	
2645000	-511.976383	1	2505	0.230410	0.481088	0.481088	0.230410	0	0.245140	0.242263	0.257812	0.254785	0.884882	0.854201	0.239554	0.451666	
2646000	-511.374699	1	1022	0.266552	0.485184	0.485184	0.266552	0	0.246956	0.251993	0.247997	0.253054	0.690232	0.429674	0.862519	0.418949	
2647000	-514.506339	1	2354	0.213855	0.456407	0.456407	0.213855	1	0.242678	0.237612	0.262596	0.257114	0.633000	0.281129	0.700434	0.500136	
2648000	-512.886814	1	1505	0.230857	0.519830	0.519830	0.230857	0	0.246347	0.239139	0.261076	0.253438	0.997308	0.465783	0.113707	0.826949	
2649000	-511.472312	1	3400	0.253330	0.457430	0.457430	0.253330	0	0.245632	0.253811	0.246179	0.254378	0.055304	0.192883	0.202487	0.390350	
2650000	-511.838094	1	2918	0.229201	0.442668	0.442668	0.229201	0	0.243541	0.248763	0.251156	0.256540	0.975911	0.535143	0.564850	0.723432	
2651000	-511.898566	1	2394	0.241616	0.428133	0.428133	0.241616	0	0.243785	0.257874	0.242172	0.256168	0.766814	0.924636	0.512831	0.156142	
2652000	-511.872969	1	3173	0.284864	0.486427	0.486427	0.284864	0	0.247502	0.254578	0.245452	0.252469	0.631509	0.481282	0.550356	0.011036	
2653000	-513.283918	1	290	0.250551	0.567235	0.567235	0.250551	0	0.248072	0.243129	0.256959	0.251840	0.589475	0.954163	0.298415	0.520939	
2654000	-511.911464	1	1449	0.246737	0.429723	0.429723	0.246737	0	0.244183	0.259052	0.241043	0.255722	0.438821	0.616128	0.654346	0.021811	
2655000	-511.683639	1	3598	0.255897	0.521555	0.521555	0.255897	0	0.247418	0.246145	0.253871	0.252566	0.634661	0.562412	0.203989	0.379297	
2656000	-513.269496	1	2230	0.282161	0.531461	0.531461	0.282161	1	0.248230	0.249779	0.250215	0.251776	0.135030	0.463668	0.952097	0.801028	
2657000	-513.699005	1	2720	0.231681	0.481557	0.481557	0.231681	1	0.245240	0.242719	0.257343	0.254698	0.356974	0.390196	0.495171	0.567830	
2658000	-511.424173	1	540	0.259775	0.508683	0.508683	0.259775	0	0.247273	0.247995	0.251998	0.252733	0.761486	0.197700	0.798110	0.600846	
2659000	-513.117493	1	3069	0.206512	0.409540	0.409540	0.206512	0	0.239093	0.245478	0.254318	0.261110	0.092320	0.943076	0.992304	0.399452	
2660000	-511.441593	1	3830	0.273304	0.493731	0.493731	0.273304	0	0.247355	0.252036	0.247958	0.252650	0.512785	0.922705	0.687021	0.319447	
2661000	-511.481646	1	3169	0.251239	0.455442	0.455442	0.251239	0	0.245462	0.253675	0.246311	0.254553	0.513886	0.630461	0.896687	0.115011	
2662000	-511.417428	1	1244	0.245206	0.467494	0.467494	0.245206	0	0.245565	0.249593	0.250367	0.254475	0.216177	0.677443	0.862391	0.217147	
2663000	-511.639329	1	2332	0.249863	0.444255	0.444255	0.249863	0	0.244976	0.255892	0.244127	0.255005	0.017058	0.450697	0.801629	0.741283	
2664000	-511.379503	1	1430	0.263298	0.506896	0.506896	0.263298	0	0.247345	0.248863	0.251126	0.252667	0.168689	0.108078	0.448042	0.498185	
2665000	-513.588633	1	2065	0.252866	0.442113	0.442113	0.252866	1	0.245047	0.257266	0.242790	0.254896	0.957729	0.064585	0.448565	0.360798	
2666000	-511.602473	1	3134	0.243551	0.444725	0.444725	0.243551	0	0.244637	0.253842	0.246130	0.255391	0.034488	0.845324	0.889982	0.897318	
2667000	-511.418627	1	2636	0.247315	0.462198	0.462198	0.247315	0	0.245497	0.251195	0.248767	0.254541	0.195710	0.586700	0.894861	0.132239	
2668000	-512.188042	1	2946	0.302135	0.521232	0.521232	0.302135	0	0.248430	0.252511	0.247496	0.251562	0.027669	0.883283	0.557328	0.395859	
2669000	-513.172566	1	2442	0.227819	0.386033	0.386033	0.227819	0	0.240053	0.270585	0.230051	0.259311	0.780825	0.082190	0.651523	0.485529	
2670000	-513.215901	1	315	0.264329	0.473617	0.473617	0.264329	1	0.246580	0.253312	0.246686	0.253421	0.399532	0.694345	0.379684	0.534877	
2671000	-512.189086	1	3878	0.229705	0.416577	0.416577	0.229705	0	0.242273	0.257057	0.242923	0.257747	0.749789	0.896053	0.954524	0.424087	
2672000	-513.592885	1	3862	0.246620	0.516828	0.516828	0.246620	1	0.246991	0.244248	0.255801	0.252960	0.139798	0.717835	0.790853	0.622689	
2673000	-511.962594	1	3002	0.297347	0.527045	0.527045	0.297347	0	0.248433	0.251659	0.248341	0.251566	0.603100	0.822839	0.675788	0.747979	
2674000	-513.130987	1	1022	0.266552	0.485184	0.485184	0.266552	1	0.246955	0.251994	0.247995	0.253056	0.072415	0.945053	0.625991	0.133231	
2675000	-511.920543	1	3793	0.250823	0.525100	0.525100	0.250823	0	0.247325	0.244762	0.255280	0.252634	0.217660	0.689267	0.051491	0.588637	
2676000	-511.437269	1	3710	0.257124	0.463541	0.463541	0.257124	0	0.246002	0.253535	0.246458	0.254005	0.001363	0.106212	0.812676	0.560890	
2677000	-511.500132	1	3366	0.243235	0.454414	0.454414	0.243235	0	0.244995	0.251499	0.248456	0.255051	0.653597	0.631900	0.686045	0.072785	
2678000	-515.180246	1	2336	0.261711	0.407995	0.407995	0.261711	1	0.243919	0.270751	0.230014	0.255316	0.920742	0.260241	0.516164	0.502744	
2679000	-513.291390	1	2452	0.241343	0.466393	0.466393	0.241343	1	0.245314	0.248546	0.251414	0.254726	0.405433	0.686965	0.222050	0.905669	
2680000	-511.821590	1	1134	0.271489	0.461335	0.461335	0.271489	0	0.246488	0.256834	0.243234	0.253444	0.594925	0.919035	0.711302	0.652804	
2681000	-515.116614	1	2308	0.220759	0.388653	0.388653	0.220759	1	0.239526	0.265299	0.234947	0.260228	0.212819	0.056517	0.450192	0.099010	
2682000	-511.790635	1	2952	0.277359	0.473863	0.473863	0.277359	0	0.247013	0.255482	0.244560	0.252945	0.062406	0.383587	0.451851	0.707103	
2683000	-514.280262	1	1865	0.214057	0.515645	0.515645	0.214057	0	0.245087	0.231981	0.268649	0.254283	0.696936	0.789685	0.962299	0.572779	
2684000	-511.992692	1	3938	0.224542	0.444968	0.444968	0.224542	0	0.243243	0.245969	0.253971	0.256817	0.238696	0.618717	0.769677	0.124580	
2685000	-511.471804	1	1654	0.241854	0.468581	0.468581	0.241854	0	0.245419	0.248338	0.251625	0.254618	0.072083	0.506274	0.502665	0.053002	
2686000	-512.277170	1	246	0.269166	0.562373	0.562373	0.269166	0	0.248410	0.246510	0.253510	0.251570	0.789469	0.027403	0.175416	0.910824	
2687000	-513.948503	1	881	0.285911	0.579153	0.579153	0.285911	1	0.248856	0.248018	0.251987	0.251139	0.132605	0.932412	0.628682	0.101128	
2688000	-511.784833	1	3155	0.234790	0.435882	0.435882	0.234790	0	0.243669	0.252974	0.246963	0.256394	0.570945	0.106415	0.706647	0.015554	
2689000	-513.240043	1	2848	0.246735	0.491659	0.491659	0.246735	1	0.246365	0.246584	0.253413	0.253638	0.218278	0.687968	0.564714	0.465927	
2690000	-511.414849	1	1734	0.262362	0.510391	0.510391	0.262362	0	0.247389	0.248359	0.251633	0.252619	0.535696	0.592258	0.132351	0.850525	
2691000	-511.328357	1	286	0.256067	0.489090	0.489090	0.256067	0	0.246685	0.249293	0.250686	0.253336	0.826264	0.782985	0.755187	0.808879	
2692000	-512.958232	1	3424	0.253760	0.405538	0.405538	0.253760	0	0.243347	0.270007	0.230687	0.255960	0.160469	0.576963	0.073076	0.726777	
2693000	-511.573607	1	1827	0.278959	0.528959	0.528959	0.278959	0	0.248131	0.249547	0.250447	0.251875	0.436375	0.382484	0.265026	0.533792	
2694000	-511.753303	1	1580	0.237307	0.436219	0.436219	0.237307	0	0.243866	0.253873	0.246081	0.256179	0.679113	0.573063	0.158144	0.073610	
2695000	-513.952967	1	3607	0.261888	0.556770	0.556770	0.261888	1	0.248183	0.245545	0.254488	0.251783	0.957148	0.780528	0.144463	0.445433	
2696000	-513.592008	1	2902	0.297296	0.531374	0.531374	0.297296	1	0.248487	0.251341	0.248658	0.251514	0.339943	0.344400	0.752879	0.330267	
2697000	-511.419685	1	2764	0.269884	0.513954	0.513954	0.269884	0	0.247669	0.249388	0.250602	0.252341	0.356377	0.607404	0.210773	0.406723	
2698000	-514.592146	1	910	0.291790	0.463659	0.463659	0.291790	1	0.247155	0.259015	0.241130	0.252700	0.109807	0.296592	0.505359	0.421765	
2699000	-513.182167	1	2182	0.247467	0.471214	0.471214	0.247467	1	0.245799	0.249639	0.250325	0.254237	0.476058	0.144122	0.357097	0.599535	
2700000	-512.346585	1	3787	0.229530	0.497631	0.497631	0.229530	0	0.245625	0.240145	0.260015	0.254215	0.201584	0.531048	0.655112	0.971495	
2701000	-513.218973	1	372	0.280954	0.518350	0.518350	0.280954	1	0.248003	0.250617	0.249375	0.252004	0.984090	0.924901	0.519574	0.894703	
2702000	-511.332269	1	803	0.262067	0.497332	0.497332	0.262067	0	0.247097	0.249612	0.250372	0.252920	0.932976	0.487388	0.125148	0.457337	
2703000	-511.780125	1	3809	0.244882	0.507649	0.507649	0.244882	0	0.246702	0.244474	0.255567	0.253258	0.345433	0.683660	0.614425	0.993435	
2704000	-511.697028	1	2089	0.239618	0.438981	0.438981	0.239618	0	0.244147	0.253973	0.245990	0.255890	0.037025	0.491328	0.141998	0.457984	
2705000	-511.689501	1	3382	0.265581	0.458345	0.458345	0.265581	0	0.246183	0.256376	0.243676	0.253765	0.136304	0.053768	0.968133	0.360771	
2706000	-512.311239	1	2468	0.241837	0.524162	0.524162	0.241837	0	0.246970	0.242465	0.257632	0.252933	0.010594	0.570617	0.893108	0.084232	
2707000	-513.815788	1	3143	0.234543	0.428186	0.428186	0.234543	1	0.243282	0.255174	0.244790	0.256755	0.119258	0.551686	0.506373	0.327259	
2708000	-513.186303	1	2058	0.246969	0.471778	0.471778	0.246969	1	0.245792	0.249402	0.250563	0.254243	0.971034	0.525713	0.909935	0.038681	
2709000	-511.601797	1	1931	0.281023	0.530303	0.530303	0.281023	0	0.248193	0.249716	0.250277	0.251814	0.087763	0.498820	0.124661	0.012133	
2710000	-511.794924	1	1550	0.229810	0.448727	0.448727	0.229810	0	0.243857	0.247598	0.252337	0.256208	0.769021	0.037830	0.058625	0.170146	
2711000	-511.533002	1	2450	0.239867	0.473534	0.473534	0.239867	0	0.245473	0.246871	0.253107	0.254549	0.199651	0.176616	0.943731	0.024496	
2712000	-511.385496	1	1759	0.259053	0.470802	0.470802	0.259053	0	0.246302	0.252672	0.247315	0.253711	0.690258	0.866470	0.089299	0.914460	
2713000	-513.113810	1	1250	0.268250	0.514693	0.514693	0.268250	1	0.247638	0.249053	0.250938	0.252371	0.034003	0.192477	0.177868	0.555470	
2714000	-511.467185	1	1777	0.245498	0.485636	0.485636	0.245498	0	0.246140	0.246957	0.253032	0.253871	0.539437	0.144566	0.674770	0.731191	
2715000	-511.370219	1	2858	0.265268	0.482940	0.482940	0.265268	0	0.246858	0.252065	0.247923	0.253153	0.317742	0.938859	0.356880	0.602524	
2716000	-511.915111	1	2706	0.236094	0.427254	0.427254	0.236094	0	0.243354	0.256098	0.243888	0.256660	0.150736	0.615776	0.458441	0.124725	
2717000	-511.328408	1	2568	0.254887	0.486028	0.486028	0.254887	0	0.246559	0.249409	0.250568	0.253464	0.975238	0.178624	0.150475	0.461221	
2718000	-511.398941	1	1358	0.271857	0.506354	0.506354	0.271857	0	0.247575	0.250414	0.249575	0.252437	0.751974	0.282391	0.698027	0.222166	
2719000	-511.465987	1	608	0.242309	0.470882	0.470882	0.242309	0	0.245521	0.248105	0.251861	0.254512	0.484049	0.518724	0.968389	0.861079	
2720000	-511.762200	1	425	0.262965	0.534477	0.534477	0.262965	0	0.247858	0.246730	0.253282	0.252130	0.722453	0.613304	0.174491	0.099142	
2721000	-512.682351	1	1756	0.291537	0.466699	0.466699	0.291537	0	0.247225	0.258428	0.241697	0.252650	0.263640	0.824712	0.705280	0.425391	
2722000	-512.213919	1	2225	0.292482	0.487171	0.487171	0.292482	0	0.247695	0.255306	0.244740	0.252260	0.396514	0.136017	0.860924	0.743624	
2723000	-511.376264	1	313	0.248704	0.469954	0.469954	0.248704	0	0.245821	0.250203	0.249762	0.254214	0.908910	0.373166	0.025712	0.074415	
2724000	-512.141696	1	1051	0.227028	0.421020	0.421020	0.227028	0	0.242279	0.254163	0.245752	0.257807	0.387569	0.421522	0.757013	0.823643	
2725000	-511.695228	1	3132	0.288094	0.524423	0.524423	0.288094	0	0.248239	0.250964	0.249032	0.251765	0.799078	0.995719	0.318081	0.661110	
2726000	-512.083555	1	3315	0.295365	0.503197	0.503197	0.295365	0	0.248044	0.253641	0.246377	0.251937	0.463938	0.799297	0.254110	0.470385	
2727000	-513.462955	1	3811	0.247957	0.445369	0.445369	0.247957	1	0.244915	0.255061	0.244939	0.255086	0.037590	0.049512	0.833128	0.667388	
2728000	-513.471738	1	133	0.218635	0.379519	0.379519	0.218635	0	0.238528	0.269510	0.230981	0.260982	0.215074	0.833802	0.725280	0.174103	
2729000	-512.483728	1	308	0.277749	0.447692	0.447692	0.277749	0	0.246285	0.260762	0.239440	0.253514	0.247485	0.304376	0.133824	0.188617	
2730000	-511.392249	1	1149	0.247691	0.479921	0.479921	0.247691	0	0.246077	0.248365	0.251609	0.253949	0.776213	0.032648	0.372244	0.085843	
2731000	-511.336014	1	3760	0.259239	0.496099	0.496099	0.259239	0	0.246973	0.249164	0.250819	0.253044	0.123922	0.116270	0.297114	0.226165	
2732000	-511.644717	1	1853	0.285253	0.527735	0.527735	0.285253	0	0.248235	0.250402	0.249593	0.251771	0.031867	0.462370	0.988272	0.998842	
2733000	-511.502053	1	3611	0.258146	0.459580	0.459580	0.258146	0	0.245920	0.254550	0.245458	0.254072	0.211012	0.035533	0.439075	0.840537	
2734000	-511.539031	1	1240	0.240955	0.452252	0.452252	0.240955	0	0.244777	0.251200	0.248748	0.255275	0.411938	0.518608	0.848349	0.388144	
2735000	-511.821002	1	1085	0.292240	0.518910	0.518910	0.292240	0	0.248233	0.251837	0.248163	0.251767	0.689984	0.184044	0.607007	0.971619	
2736000	-511.529116	1	1871	0.243153	0.451158	0.451158	0.243153	0	0.244867	0.252186	0.247770	0.255176	0.096972	0.887005	0.846402	0.417050	
2737000	-511.451177	1	3390	0.243230	0.472653	0.472653	0.243230	0	0.245629	0.248117	0.251851	0.254403	0.555114	0.392631	0.153247	0.884005	
2738000	-513.494427	1	3489	0.293339	0.543493	0.543493	0.293339	1	0.248577	0.250215	0.249781	0.251427	0.815748	0.216473	0.693661	0.134365	
2739000	-513.287796	1	2506	0.268658	0.474748	0.474748	0.268658	1	0.246761	0.253940	0.246070	0.253229	0.049801	0.373838	0.010094	0.513929	
2740000	-511.414534	1	1452	0.247349	0.462869	0.462869	0.247349	0	0.245521	0.251078	0.248884	0.254517	0.683827	0.261903	0.901597	0.043360	
2741000	-511.590162	1	2198	0.248138	0.446313	0.446313	0.248138	0	0.244963	0.254881	0.245116	0.255040	0.672158	0.127679	0.660759	0.782546	
2742000	-513.226001	1	1809	0.257843	0.515100	0.515100	0.257843	1	0.247346	0.247045	0.252959	0.252651	0.562430	0.792624	0.351573	0.536533	
2743000	-513.203019	1	3487	0.254915	0.507982	0.507982	0.254915	1	0.247095	0.247004	0.252997	0.252904	0.891414	0.078577	0.705092	0.063530	
2744000	-511.445870	1	2047	0.265820	0.474871	0.474871	0.265820	0	0.246669	0.253396	0.246605	0.253331	0.232418	0.735543	0.326291	0.548483	
2745000	-511.596904	1	2748	0.236904	0.453109	0.453109	0.236904	0	0.244552	0.249547	0.250393	0.255508	0.305354	0.885257	0.784662	0.154883	
2746000	-511.506621	1	2462	0.264716	0.520626	0.520626	0.264716	0	0.247657	0.247957	0.252040	0.252346	0.783428	0.295300	0.818490	0.684076	
2747000	-511.766592	1	874	0.253346	0.522031	0.522031	0.253346	0	0.247345	0.245546	0.254480	0.252629	0.071951	0.080176	0.847354	0.177187	
2748000	-513.816936	1	1290	0.268651	0.559883	0.559883	0.268651	1	0.248366	0.246519	0.253500	0.251615	0.660116	0.213040	0.370868	0.328498	
2749000	-511.405026	1	169	0.253296	0.463697	0.463697	0.253296	0	0.245838	0.252562	0.247416	0.254184	0.186489	0.873237	0.504192	0.271624	
2750000	-511.883454	1	2263	0.229359	0.436187	0.436187	0.229359	0	0.243255	0.250541	0.249368	0.256837	0.558829	0.407519	0.629253	0.296292	
2751000	-511.709242	1	2980	0.238569	0.438591	0.438591	0.238569	0	0.244059	0.253694	0.246263	0.255984	0.086346	0.451666	0.570832	0.515295	
2752000	-511.563543	1	2665	0.240861	0.449445	0.449445	0.240861	0	0.244662	0.251800	0.248149	0.255389	0.588802	0.527612	0.982959	0.720932	
2753000	-512.417520	1	3652	0.230903	0.504045	0.504045	0.230903	0	0.245904	0.240153	0.260011	0.253931	0.727736	0.557580	0.414135	0.805222	
2754000	-512.097425	1	3242	0.256397	0.540620	0.540620	0.256397	0	0.247790	0.245158	0.254879	0.252172	0.009154	0.332172	0.318025	0.890163	
2755000	-511.507563	1	405	0.248223	0.496752	0.496752	0.248223	0	0.246567	0.246431	0.253571	0.253431	0.054049	0.249618	0.892998	0.029418	
2756000	-511.636013	1	2393	0.243025	0.442407	0.442407	0.243025	0	0.244510	0.254255	0.245721	0.255514	0.504242	0.863132	0.054230	0.258087	
2757000	-511.607782	1	3721	0.248475	0.504738	0.504738	0.248475	0	0.246779	0.245711	0.254306	0.253205	0.511380	0.899126	0.461604	0.944863	
2758000	-511.947830	1	1698	0.226086	0.457160	0.457160	0.226086	0	0.243909	0.244119	0.255876	0.256096	0.611017	0.362070	0.097081	0.904608	
2759000	-511.996187	1	3191	0.282778	0.474886	0.474886	0.282778	0	0.247191	0.256046	0.244011	0.252752	0.202153	0.299445	0.293316	0.938613	
2760000	-512.053749	1	2424	0.228983	0.423994	0.423994	0.228983	0	0.242614	0.254088	0.245836	0.257462	0.784821	0.301009	0.632946	0.180734	
2761000	-512.058123	1	1867	0.223133	0.450110	0.450110	0.223133	0	0.243346	0.244093	0.255888	0.256673	0.609302	0.722729	0.820378	0.402756	
2762000	-513.857433	1	691	0.306225	0.557125	0.557125	0.306225	1	0.248890	0.250527	0.249471	0.251112	0.394977	0.915952	0.482910	0.607181	
2763000	-512.091629	1	549	0.260660	0.546031	0.546031	0.260660	0	0.247991	0.245737	0.254292	0.251980	0.684317	0.783611	0.733293	0.073270	
2764000	-511.459296	1	2254	0.255355	0.505887	0.505887	0.255355	0	0.247064	0.247295	0.252702	0.252938	0.142727	0.508878	0.730117	0.669205	
2765000	-511.413257	1	3436	0.273192	0.506342	0.506342	0.273192	0	0.247609	0.250624	0.249365	0.252401	0.681632	0.727766	0.388928	0.716595	
2766000	-511.417380	1	2359	0.260211	0.508502	0.508502	0.260211	0	0.247283	0.248101	0.251891	0.252724	0.183343	0.957108	0.202588	0.065664	
2767000	-512.076122	1	1619	0.299527	0.521266	0.521266	0.299527	0	0.248390	0.252299	0.247706	0.251605	0.726629	0.915315	0.648003	0.520243	
2768000	-511.773792	1	1003	0.277444	0.474978	0.474978	0.277444	0	0.247043	0.255312	0.244727	0.252919	0.536246	0.437124	0.395643	0.133059	
2769000	-513.408011	1	2007	0.254083	0.451479	0.451479	0.254083	1	0.245459	0.255300	0.244715	0.254527	0.700431	0.297418	0.224249	0.328701	
2770000	-511.459296	1	2254	0.255355	0.505887	0.505887	0.255355	0	0.247064	0.247295	0.252702	0.252938	0.603002	0.342334	0.770856	0.866080	
2771000	-512.304755	1	2113	0.235446	0.411344	0.411344	0.235446	0	0.242451	0.261606	0.238549	0.257395	0.315888	0.827701	0.441721	0.248528	
2772000	-513.047572	1	1733	0.268091	0.419516	0.419516	0.268091	0	0.244812	0.267502	0.233043	0.254642	0.251701	0.236303	0.149944	0.688133	
2773000	-512.710623	1	3619	0.318076	0.563267	0.563267	0.318076	0	0.249066	0.250946	0.249054	0.250934	0.514546	0.462028	0.078731	0.174883	
2774000	-511.692439	1	2702	0.238283	0.485977	0.485977	0.238283	0	0.245781	0.244616	0.255407	0.254197	0.497760	0.609587	0.362233	0.312753	
2775000	-513.203379	1	1054	0.249246	0.465114	0.465114	0.249246	1	0.245690	0.251209	0.248757	0.254345	0.099132	0.607080	0.256940	0.612460	
2776000	-511.672938	1	2289	0.243198	0.440022	0.440022	0.243198	0	0.244421	0.254938	0.245048	0.255593	0.671406	0.369178	0.889358	0.367640	
2777000	-511.467141	1	451	0.242541	0.473283	0.473283	0.242541	0	0.245612	0.247797	0.252174	0.254417	0.452475	0.436961	0.781161	0.870553	
2778000	-511.368894	1	3695	0.251501	0.487779	0.487779	0.251501	0	0.246468	0.248340	0.251640	0.253552	0.702008	0.464265	0.780396	0.369608	
2779000	-511.386925	1	738	0.259427	0.504267	0.504267	0.259427	0	0.247166	0.248341	0.251648	0.252845	0.174746	0.283751	0.230021	0.975754	
2780000	-512.570770	1	1228	0.304811	0.586530	0.586530	0.304811	0	0.249125	0.249335	0.250665	0.250876	0.254212	0.347695	0.965255	0.475625	
2781000	-511.515273	1	1406	0.265752	0.522119	0.522119	0.265752	0	0.247712	0.248031	0.251967	0.252291	0.212646	0.512306	0.562735	0.857983	
2782000	-511.390019	1	515	0.247255	0.469633	0.469633	0.247255	0	0.245739	0.249840	0.250123	0.254297	0.084561	0.459766	0.440860	0.779143	
2783000	-511.595440	1	1251	0.238415	0.449141	0.449141	0.238415	0	0.244493	0.250995	0.248946	0.255566	0.329209	0.150080	0.875322	0.979566	
2784000	-513.648829	1	267	0.298733	0.552734	0.552734	0.298733	1	0.248755	0.250186	0.249811	0.251248	0.878775	0.879290	0.853912	0.968473	
2785000	-511.641538	1	1499	0.278943	0.487427	0.487427	0.278943	0	0.247372	0.253679	0.246335	0.252615	0.101602	0.264827	0.926021	0.379560	
2786000	-512.216773	1	1638	0.257372	0.428138	0.428138	0.257372	0	0.244695	0.262429	0.237820	0.255056	0.858706	0.138117	0.525715	0.998290	
2787000	-511.615778	1	1048	0.277609	0.486067	0.486067	0.277609	0	0.247306	0.253676	0.246336	0.252681	0.543439	0.705014	0.190365	0.391935	
2788000	-511.802434	1	587	0.280215	0.547873	0.547873	0.280215	0	0.248422	0.248582	0.251417	0.251579	0.439529	0.815940	0.287423	0.007703	
2789000	-512.083555	1	3315	0.295365	0.503197	0.503197	0.295365	0	0.248044	0.253641	0.246377	0.251937	0.822712	0.258871	0.493620	0.277355	
2790000	-511.380273	1	1977	0.268509	0.507502	0.507502	0.268509	0	0.247507	0.249749	0.250239	0.252505	0.770249	0.451005	0.729490	0.373494	
2791000	-511.424173	1	540	0.259775	0.508683	0.508683	0.259775	0	0.247273	0.247995	0.251998	0.252733	0.607225	0.870537	0.704920	0.111255	
2792000	-511.755712	1	147	0.284199	0.492879	0.492879	0.284199	0	0.247618	0.253652	0.246363	0.252367	0.621365	0.213974	0.908498	0.838815	
2793000	-511.652745	1	961	0.281683	0.535607	0.535607	0.281683	0	0.248282	0.249449	0.250545	0.251723	0.308407	0.446204	0.269962	0.107987	
2794000	-512.654377	1	420	0.255234	0.414027	0.414027	0.255234	0	0.243901	0.266881	0.233604	0.255613	0.738218	0.992822	0.553492	0.161336	
2795000	-511.535826	1	1506	0.263176	0.463678	0.463678	0.263176	0	0.246253	0.254840	0.245179	0.253728	0.549129	0.145860	0.405067	0.133465	
2796000	-515.324928	1	2245	0.249862	0.394245	0.394245	0.249862	1	0.242390	0.274319	0.226714	0.256578	0.248260	0.487513	0.737156	0.889513	
2797000	-512.189086	1	3878	0.229705	0.416577	0.416577	0.229705	0	0.242273	0.257057	0.242923	0.257747	0.768386	0.302309	0.819954	0.735537	
2798000	-511.924143	1	3827	0.229887	0.431521	0.431521	0.229887	0	0.243074	0.252125	0.247788	0.257014	0.315410	0.319354	0.713397	0.196480	
2799000	-512.878184	1	96	0.289822	0.598611	0.598611	0.289822	0	0.249071	0.247928	0.252079	0.250922	0.391621	0.481697	0.115051	0.208414	
2800000	-512.245192	1	2138	0.305612	0.554866	0.554866	0.305612	0	0.248862	0.250593	0.249405	0.251140	0.419233	0.884234	0.315422	0.873258	
2801000	-513.493142	1	3310	0.284611	0.553721	0.553721	0.284611	1	0.248566	0.248809	0.251190	0.251435	0.199782	0.203330	0.599343	0.504769	
2802000	-511.386386	1	1496	0.248766	0.482858	0.482858	0.248766	0	0.246212	0.248257	0.251721	0.253811	0.127441	0.929598	0.528914	0.290407	
2803000	-511.362186	1	547	0.259463	0.474294	0.474294	0.259463	0	0.246418	0.252184	0.247800	0.253598	0.814630	0.498496	0.134243	0.533071	
2804000	-511.918877	1	202	0.280055	0.472844	0.472844	0.280055	0	0.247066	0.256027	0.244028	0.252879	0.980011	0.784598	0.727271	0.048276	
2805000	-511.663584	1	2983	0.239870	0.441266	0.441266	0.239870	0	0.244262	0.253457	0.246501	0.255780	0.780978	0.751489	0.357563	0.864744	
2806000	-511.921426	1	3339	0.251484	0.526210	0.526210	0.251484	0	0.247370	0.244850	0.255190	0.252591	0.556805	0.580461	0.709901	0.924550	
2807000	-511.709242	1	2980	0.238569	0.438591	0.438591	0.238569	0	0.244059	0.253694	0.246263	0.255984	0.113957	0.398666	0.534625	0.867510	
2808000	-513.343569	1	3374	0.246420	0.501001	0.501001	0.246420	1	0.246599	0.245505	0.254512	0.253384	0.263410	0.147706	0.240382	0.863780	
2809000	-511.405830	1	243	0.247421	0.482162	0.482162	0.247421	0	0.246130	0.247975	0.252003	0.253892	0.345570	0.298989	0.589906	0.397723	
2810000	-513.994428	1	1029	0.227756	0.424192	0.424192	0.227756	1	0.242514	0.253438	0.246473	0.257575	0.639676	0.384853	0.555432	0.039853	
2811000	-513.100824	1	3832	0.255701	0.496080	0.496080	0.255701	1	0.246845	0.248380	0.251605	0.253170	0.405644	0.226218	0.177111	0.763509	
2812000	-511.707799	1	2939	0.243440	0.500451	0.500451	0.243440	0	0.246454	0.244699	0.255332	0.253515	0.554111	0.034508	0.497339	0.764347	
2813000	-511.509179	1	2318	0.260953	0.462445	0.462445	0.260953	0	0.246128	0.254610	0.245403	0.253860	0.041210	0.946940	0.593899	0.532946	
2814000	-511.778056	1	1112	0.241314	0.433910	0.433910	0.241314	0	0.244034	0.256004	0.243997	0.255965	0.107019	0.419811	0.561559	0.450356	
2815000	-512.136168	1	485	0.244179	0.420038	0.420038	0.244179	0	0.243553	0.261482	0.238697	0.256268	0.514027	0.497048	0.782522	0.041914	
2816000	-512.432511	1	2486	0.215754	0.431433	0.431433	0.215754	0	0.241660	0.244558	0.255360	0.258422	0.925303	0.862985	0.323164	0.346827	
2817000	-511.949808	1	3610	0.225634	0.451909	0.451909	0.225634	0	0.243648	0.244960	0.255010	0.256382	0.530012	0.515262	0.999938	0.139407	
2818000	-511.597558	1	3323	0.245602	0.498010	0.498010	0.245602	0	0.246487	0.245570	0.254445	0.253499	0.953928	0.201040	0.117507	0.680955	
2819000	-512.255968	1	1111	0.292695	0.573837	0.573837	0.292695	0	0.248891	0.248807	0.251193	0.251109	0.409269	0.899931	0.458424	0.954793	
2820000	-511.329252	1	3942	0.262805	0.486890	0.486890	0.262805	0	0.246873	0.251038	0.248945	0.253144	0.325412	0.985905	0.141291	0.796117	
2821000	-511.634935	1	480	0.238855	0.482757	0.482757	0.238855	0	0.245712	0.245218	0.254792	0.254278	0.740132	0.444936	0.952135	0.706126	
2822000	-511.896751	1	2859	0.251241	0.433383	0.433383	0.251241	0	0.244603	0.259253	0.240859	0.255285	0.479381	0.372811	0.853211	0.399296	
2823000	-511.612168	1	1488	0.284288	0.522920	0.522920	0.284288	0	0.248145	0.250653	0.249341	0.251861	0.502165	0.098861	0.652004	0.930014	
2824000	-513.734771	1	3018	0.284937	0.568554	0.568554	0.284937	1	0.248737	0.248249	0.251754	0.251260	0.345013	0.802215	0.138444	0.299983	
2825000	-511.491943	1	2232	0.275065	0.491765	0.491765	0.275065	0	0.247362	0.252551	0.247448	0.252639	0.383008	0.478862	0.428327	0.361827	
2826000	-514.133415	1	1135	0.302984	0.589864	0.589864	0.302984	1	0.249132	0.249124	0.250876	0.250868	0.421682	0.693508	0.568189	0.667285	
2827000	-511.345589	1	2236	0.256882	0.474249	0.474249	0.256882	0	0.246314	0.251604	0.248374	0.253708	0.032320	0.269611	0.967869	0.661044	
2828000	-511.544306	1	3439	0.280797	0.519912	0.519912	0.280797	0	0.248027	0.250467	0.249526	0.251981	0.870666	0.432291	0.981772	0.514891	
2829000	-511.406330	1	509	0.257346	0.503777	0.503777	0.257346	0	0.247085	0.247943	0.252049	0.252923	0.309731	0.505726	0.800219	0.859296	
2830000	-511.520789	1	3953	0.265861	0.522628	0.522628	0.265861	0	0.247724	0.248012	0.251985	0.252279	0.667609	0.374321	0.322608	0.462225	
2831000	-513.103125	1	1472	0.258297	0.479094	0.479094	0.258297	1	0.246504	0.251180	0.248799	0.253517	0.224022	0.127570	0.364625	0.875407	
2832000	-511.343558	1	3637	0.266409	0.496742	0.496742	0.266409	0	0.247220	0.250511	0.249474	0.252795	0.842052	0.532047	0.086488	0.054102	
2833000	-511.343957	1	1951	0.259035	0.497493	0.497493	0.259035	0	0.246999	0.248964	0.251020	0.253017	0.795605	0.800768	0.840998	0.834301	
2834000	-511.872989	1	2465	0.260458	0.536791	0.536791	0.260458	0	0.247833	0.246141	0.253879	0.252147	0.969274	0.367604	0.188161	0.268580	
2835000	-511.763455	1	1166	0.290405	0.518947	0.518947	0.290405	0	0.248200	0.251650	0.248349	0.251801	0.423560	0.645061	0.532065	0.831241	
2836000	-511.890933	1	1477	0.275664	0.465544	0.465544	0.275664	0	0.246744	0.256689	0.243379	0.253188	0.203260	0.405000	0.688230	0.843113	
2837000	-511.712530	1	1578	0.248137	0.439408	0.439408	0.248137	0	0.244686	0.256658	0.243374	0.255282	0.304602	0.604980	0.778693	0.613862	
2838000	-511.535748	1	113	0.265841	0.467747	0.467747	0.265841	0	0.246473	0.254614	0.245404	0.253510	0.160679	0.885363	0.169904	0.819353	
2839000	-511.457222	1	467	0.268453	0.478866	0.478866	0.268453	0	0.246862	0.253255	0.246747	0.253137	0.008738	0.174501	0.575986	0.540227	
2840000	-512.134379	1	2125	0.226668	0.478137	0.478137	0.226668	0	0.244770	0.241037	0.259072	0.255121	0.324741	0.555650	0.506426	0.043752	
2841000	-512.029264	1	14	0.230270	0.483995	0.483995	0.230270	0	0.245230	0.241849	0.258241	0.254680	0.541009	0.999838	0.367830	0.181262	
2842000	-511.906558	1	1409	0.244221	0.428667	0.428667	0.244221	0	0.243979	0.258585	0.241489	0.255947	0.373307	0.910335	0.479189	0.646010	
2843000	-513.560955	1	654	0.270847	0.463423	0.463423	0.270847	1	0.246524	0.256322	0.243734	0.253420	0.514625	0.241886	0.835424	0.902284	
2844000	-511.752415	1	3128	0.286563	0.500917	0.500917	0.286563	0	0.247824	0.252985	0.247024	0.252167	0.097350	0.245068	0.857044	0.634363	
2845000	-512.849352	1	2261	0.247525	0.402644	0.402644	0.247525	0	0.242789	0.269594	0.231054	0.256563	0.384579	0.557111	0.871149	0.931971	
2846000	-511.628876	1	3104	0.282833	0.531346	0.531346	0.282833	0	0.248243	0.249866	0.250128	0.251764	0.828759	0.768282	0.041968	0.109308	
2847000	-512.512407	1	2766	0.279906	0.450414	0.450414	0.279906	0	0.246443	0.260418	0.239771	0.253368	0.081908	0.585443	0.979491	0.140443	
2848000	-511.418627	1	2636	0.247315	0.462198	0.462198	0.247315	0	0.245497	0.251195	0.248767	0.254541	0.982360	0.223673	0.041401	0.636605	
2849000	-513.149066	1	2456	0.253076	0.471067	0.471067	0.253076	1	0.246057	0.251196	0.248776	0.253972	0.153525	0.481589	0.350884	0.100929	
2850000	-511.463841	1	2603	0.267098	0.518574	0.518574	0.267098	0	0.247682	0.248536	0.251458	0.252324	0.781544	0.256974	0.043801	0.426878	
2851000	-511.680901	1	562	0.279097	0.484728	0.484728	0.279097	0	0.247317	0.254072	0.245947	0.252664	0.715285	0.800122	0.306251	0.137140	
2852000	-511.945475	1	2028	0.296475	0.543224	0.543224	0.296475	0	0.248621	0.250509	0.249487	0.251382	0.280354	0.285895	0.544201	0.428198	
2853000	-511.645888	1	1376	0.236899	0.445749	0.445749	0.236899	0	0.244253	0.251227	0.248710	0.255811	0.233366	0.115672	0.114531	0.055522	
2854000	-513.403708	1	3511	0.268173	0.467086	0.467086	0.268173	1	0.246536	0.255169	0.244860	0.253435	0.569677	0.455009	0.400652	0.372132	
2855000	-511.456351	1	648	0.276421	0.514649	0.479298	0.276421	0	0.245425	0.252741	0.247232	0.254602	0.827845	0.118581	0.877578	0.912093	
2856000	-511.982770	1	2085	0.226093	0.435226	0.435226	0.226093	0	0.242925	0.249250	0.250650	0.257176	0.716921	0.923601	0.221384	0.231977	
2857000	-512.003293	1	3285	0.239432	0.423203	0.423203	0.239432	0	0.243393	0.258721	0.241344	0.256542	0.290138	0.623505	0.741769	0.747318	
2858000	-511.914972	1	675	0.287592	0.554446	0.554446	0.287592	0	0.248621	0.249088	0.250910	0.251381	0.091819	0.034210	0.475800	0.906114	
2859000	-511.450055	1	2943	0.271271	0.517843	0.517843	0.271271	0	0.247775	0.249282	0.250709	0.252234	0.309634	0.660732	0.979885	0.911159	
2860000	-511.718531	1	501	0.282501	0.541352	0.541352	0.282501	0	0.248376	0.249203	0.250793	0.251628	0.179512	0.442225	0.973170	0.421271	
2861000	-513.102271	1	2478	0.269210	0.495499	0.495499	0.269210	1	0.247275	0.251153	0.248835	0.252737	0.824889	0.963531	0.516386	0.020497	
2862000	-511.792106	1	1186	0.283426	0.546922	0.546922	0.283426	0	0.248464	0.249007	0.250990	0.251538	0.648962	0.768312	0.701767	0.404981	
2863000	-511.458523	1	3033	0.243709	0.460313	0.460313	0.243709	0	0.245237	0.250447	0.249508	0.254808	0.327355	0.936980	0.722878	0.250773	
2864000	-511.583555	1	1528	0.276350	0.485586	0.485586	0.276350	0	0.247261	0.253560	0.246450	0.252729	0.401228	0.903446	0.669034	0.495987	
2865000	-511.533272	1	3702	0.240214	0.454518	0.454518	0.240214	0	0.244818	0.250452	0.249494	0.255235	0.307803	0.551814	0.690809	0.590348	
2866000	-511.363453	1	3729	0.257923	0.472350	0.472350	0.257923	0	0.246302	0.252155	0.247826	0.253717	0.793178	0.053828	0.551852	0.314706	
2867000	-511.442737	1	3918	0.266427	0.476289	0.476289	0.266427	0	0.246727	0.253284	0.246716	0.253273	0.464261	0.900166	0.758421	0.081854	
2868000	-514.907791	1	2291	0.332010	0.495048	0.495048	0.332010	0	0.248504	0.256658	0.243425	0.251413	0.737244	0.755729	0.839345	0.688196	
2869000	-511.743048	1	3669	0.258221	0.446377	0.446377	0.258221	0	0.245470	0.257513	0.242559	0.254459	0.379692	0.934403	0.130509	0.469755	
2870000	-511.712221	1	3726	0.247078	0.508326	0.508326	0.247078	0	0.246810	0.245023	0.255007	0.253160	0.838166	0.288017	0.930417	0.586361	
2871000	-512.581556	1	3106	0.269037	0.572476	0.572476	0.269037	0	0.248534	0.246198	0.253827	0.251441	0.939970	0.993807	0.972647	0.384987	
2872000	-512.665949	1	519	0.278285	0.443358	0.443358	0.278285	0	0.246161	0.261899	0.238351	0.253589	0.405630	0.084493	0.365077	0.327934	
2873000	-511.320106	1	1688	0.260297	0.485171	0.485171	0.260297	0	0.246741	0.250750	0.249230	0.253279	0.546816	0.099070	0.232498	0.856021	
2874000	-512.876213	1	909	0.221496	0.495779	0.495779	0.221496	0	0.245000	0.236799	0.263511	0.254690	0.830653	0.414021	0.045669	0.593341	
2875000	-511.541116	1	1318	0.264177	0.464793	0.464793	0.264177	0	0.246325	0.254831	0.245189	0.253655	0.588944	0.717460	0.592696	0.461553	
2876000	-512.248740	1	1533	0.306285	0.544459	0.544459	0.306285	0	0.248765	0.251197	0.248803	0.251235	0.371768	0.053474	0.209572	0.766933	
2877000	-511.364824	1	3832	0.255701	0.496080	0.496080	0.255701	0	0.246846	0.248379	0.251607	0.253169	0.584296	0.077294	0.994828	0.328759	
2878000	-513.097902	1	1608	0.216999	0.390590	0.390590	0.216999	0	0.239235	0.261924	0.238128	0.260712	0.321477	0.709672	0.047835	0.141279	
2879000	-511.539031	1	1240	0.240955	0.452252	0.452252	0.240955	0	0.244777	0.251200	0.248748	0.255275	0.555479	0.296446	0.225278	0.131280	
2880000	-511.886907	1	1794	0.227624	0.442619	0.442619	0.227624	0	0.243407	0.248043	0.251877	0.256674	0.085381	0.674731	0.938647	0.861795	
2881000	-511.360471	1	196	0.268088	0.501913	0.501913	0.268088	0	0.247381	0.250241	0.249745	0.252632	0.479091	0.584450	0.673626	0.273491	
2882000	-511.510542	1	526	0.243462	0.452952	0.452952	0.243462	0	0.244953	0.251889	0.248067	0.255091	0.588900	0.732929	0.788887	0.238326	
2883000	-511.377377	1	1820	0.268626	0.506697	0.506697	0.268626	0	0.247494	0.249847	0.250141	0.252518	0.007266	0.600551	0.386773	0.744601	
2884000	-511.489019	1	2467	0.278191	0.512733	0.512733	0.278191	0	0.247848	0.250742	0.249250	0.252160	0.259011	0.673735	0.908493	0.234173	
2885000	-513.496543	1	3925	0.233860	0.466388	0.466388	0.233860	1	0.244851	0.245822	0.254159	0.255167	0.986563	0.889701	0.442975	0.830979	
2886000	-514.424185	1	1116	0.220447	0.483332	0.483332	0.220447	1	0.244464	0.237467	0.262795	0.255274	0.907972	0.898403	0.205991	0.676563	
2887000	-512.546555	1	3805	0.223259	0.488081	0.488081	0.223259	0	0.244867	0.238331	0.261896	0.254906	0.315309	0.064295	0.277822	0.213548	
2888000	-511.879302	1	1987	0.282991	0.481428	0.481428	0.282991	0	0.247347	0.255060	0.244977	0.252616	0.181845	0.417960	0.733776	0.628686	
2889000	-511.358140	1	505	0.251878	0.486507	0.486507	0.251878	0	0.246449	0.248600	0.251378	0.253572	0.967351	0.639288	0.953907	0.694385	
2890000	-511.809927	1	3525	0.258901	0.531954	0.531954	0.258901	0	0.247705	0.246108	0.253912	0.252275	0.760283	0.834935	0.471914	0.032995	
2891000	-511.627584	1	1675	0.279013	0.488819	0.488819	0.279013	0	0.247404	0.253502	0.246509	0.252585	0.638696	0.956594	0.701511	0.755253	
2892000	-513.268838	1	2868	0.245765	0.492041	0.492041	0.245765	1	0.246332	0.246262	0.253739	0.253667	0.507533	0.243964	0.651313	0.539267	
2893000	-511.810195	1	3091	0.292114	0.534958	0.534958	0.292114	0	0.248453	0.250622	0.249374	0.251551	0.216339	0.414321	0.039180	0.937591	
2894000	-511.581508	1	2283	0.257246	0.453570	0.453570	0.257246	0	0.245680	0.255609	0.244417	0.254294	0.086267	0.822780	0.788142	0.906622	
2895000	-512.596063	1	2628	0.313633	0.537494	0.537494	0.313633	0	0.248781	0.252094	0.247912	0.251214	0.839570	0.507590	0.169720	0.395540	
2896000	-511.549905	1	448	0.279780	0.524400	0.524400	0.279780	0	0.248077	0.249984	0.250009	0.251930	0.765386	0.494957	0.905077	0.197261	
2897000	-511.961270	1	2919	0.232632	0.426282	0.426282	0.232632	0	0.243038	0.254978	0.244975	0.257009	0.599645	0.427591	0.233561	0.574059	
2898000	-513.125345	1	1292	0.261043	0.509893	0.509893	0.261043	1	0.247337	0.248145	0.251848	0.252670	0.561306	0.681041	0.142503	0.927049	
2899000	-511.788234	1	1275	0.230148	0.459405	0.459405	0.230148	0	0.244323	0.245536	0.254439	0.255702	0.941574	0.199219	0.370646	0.871020	
2900000	-511.856216	1	2663	0.278731	0.550787	0.550787	0.278731	0	0.248434	0.248259	0.251742	0.251565	0.835166	0.272870	0.726784	0.712020	
2901000	-512.917799	1	3334	0.237895	0.535513	0.535513	0.237895	0	0.247065	0.240787	0.259369	0.252779	0.611197	0.322737	0.654988	0.833244	
2902000	-511.982770	1	2085	0.226093	0.435226	0.435226	0.226093	0	0.242925	0.249250	0.250650	0.257176	0.727955	0.763287	0.280515	0.308379	
2903000	-511.577305	1	3817	0.280313	0.527880	0.527880	0.280313	0	0.248142	0.249797	0.250196	0.251865	0.125885	0.866213	0.718502	0.446131	
2904000	-511.837710	1	1680	0.285561	0.549617	0.549617	0.285561	0	0.248533	0.249107	0.250890	0.251470	0.960807	0.216732	0.936630	0.329565	
2905000	-511.458523	1	3033	0.243709	0.460313	0.460313	0.243709	0	0.245237	0.250447	0.249508	0.254808	0.300284	0.684790	0.583675	0.970018	
2906000	-511.974648	1	2445	0.237753	0.424252	0.424252	0.237753	0	0.243326	0.257734	0.242297	0.256643	0.399407	0.632383	0.088050	0.111882	
2907000	-513.030486	1	3816	0.289686	0.453025	0.453025	0.289686	0	0.246817	0.260962	0.239254	0.252966	0.475849	0.193096	0.078153	0.367783	
2908000	-511.778056	1	1112	0.241314	0.433910	0.433910	0.241314	0	0.244034	0.256004	0.243997	0.255965	0.007015	0.125016	0.252457	0.319869	
2909000	-511.554692	1	2325	0.238189	0.457656	0.457656	0.238189	0	0.244811	0.249080	0.250867	0.255242	0.978738	0.215666	0.761432	0.159359	
2910000	-511.463362	1	2514	0.244329	0.481127	0.481127	0.244329	0	0.245950	0.247205	0.252777	0.254067	0.451849	0.499630	0.735315	0.011020	
2911000	-511.711164	1	3848	0.283155	0.493507	0.493507	0.283155	0	0.247605	0.253446	0.246566	0.252382	0.050846	0.795710	0.116261	0.338876	
2912000	-511.548730	1	2063	0.269994	0.474195	0.474195	0.269994	0	0.246792	0.254263	0.245753	0.253192	0.159187	0.819814	0.933325	0.505036	
2913000	-512.535157	1	1732	0.225496	0.494259	0.494259	0.225496	0	0.245246	0.238755	0.261460	0.254540	0.347269	0.575848	0.030388	0.770946	
2914000	-511.467185	1	1777	0.245498	0.485636	0.485636	0.245498	0	0.246140	0.246957	0.253032	0.253871	0.851525	0.173249	0.596507	0.308100	
2915000	-511.658999	1	934	0.238461	0.442551	0.442551	0.238461	0	0.244224	0.252611	0.247336	0.255830	0.776822	0.713309	0.208799	0.185241	
2916000	-511.570244	1	3746	0.241179	0.448443	0.448443	0.241179	0	0.244642	0.252143	0.247808	0.255407	0.321326	0.701667	0.951896	0.598858	
2917000	-511.493227	1	3487	0.254915	0.507982	0.507982	0.254915	0	0.247096	0.247003	0.252998	0.252902	0.382455	0.484540	0.702707	0.161084	
2918000	-513.564144	1	3177	0.288961	0.558079	0.558079	0.288961	1	0.248681	0.249064	0.250935	0.251321	0.698624	0.669561	0.304355	0.301552	
2919000	-511.496435	1	2446	0.242393	0.478872	0.478872	0.242393	0	0.245782	0.246916	0.253068	0.254235	0.810717	0.120317	0.777160	0.642162	
2920000	-511.682555	1	1996	0.249137	0.441503	0.441503	0.249137	0	0.244827	0.256392	0.243636	0.255145	0.524213	0.683158	0.268578	0.387462	
2921000	-511.317962	1	2871	0.257469	0.483488	0.483488	0.257469	0	0.246592	0.250357	0.249619	0.253431	0.643549	0.089335	0.475184	0.476039	
2922000	-511.381022	1	2597	0.264924	0.507960	0.507960	0.264924	0	0.247415	0.249068	0.250921	0.252597	0.464503	0.972088	0.374014	0.680638	
2923000	-511.570047	1	1980	0.239903	0.449881	0.449881	0.239903	0	0.244619	0.251363	0.248582	0.255436	0.065696	0.942202	0.438194	0.849658	
2924000	-512.648883	1	2595	0.215807	0.465710	0.465710	0.215807	0	0.243312	0.237239	0.263007	0.256442	0.153281	0.200264	0.064137	0.159354	
2925000	-512.122758	1	1132	0.302411	0.547477	0.547477	0.302411	0	0.248748	0.250747	0.249251	0.251254	0.174756	0.091105	0.153566	0.306449	
2926000	-511.763601	1	2193	0.233533	0.475575	0.475575	0.233533	0	0.245157	0.244255	0.255764	0.254823	0.148224	0.407829	0.008983	0.856160	
2927000	-511.321670	1	590	0.255937	0.481335	0.481335	0.255937	0	0.246474	0.250305	0.249670	0.253550	0.322531	0.597780	0.783512	0.795439	
2928000	-511.581095	1	1081	0.245934	0.446310	0.446310	0.245934	0	0.244840	0.254214	0.245769	0.255178	0.361491	0.194597	0.815124	0.585591	
2929000	-511.796226	1	3370	0.233905	0.479948	0.479948	0.233905	0	0.245329	0.243795	0.256239	0.254636	0.770312	0.215300	0.546707	0.771961	
2930000	-513.073509	1	2580	0.257324	0.487936	0.487936	0.257324	1	0.246701	0.249731	0.250248	0.253320	0.064193	0.409773	0.454282	0.707799	
2931000	-513.916976	1	2867	0.233562	0.423892	0.423892	0.233562	1	0.242988	0.256168	0.243810	0.257034	0.547216	0.203766	0.368855	0.302953	
2932000	-511.448559	1	2920	0.243507	0.473790	0.473790	0.243507	0	0.245680	0.248026	0.251944	0.254350	0.200490	0.220947	0.251245	0.444665	
2933000	-511.672974	1	3580	0.234125	0.466261	0.466261	0.234125	0	0.244866	0.245947	0.254033	0.255155	0.052360	0.605700	0.095818	0.113693	
2934000	-512.533998	1	295	0.218283	0.411949	0.411949	0.218283	0	0.240847	0.252737	0.247108	0.259307	0.097103	0.047995	0.493519	0.455787	
2935000	-511.458410	1	452	0.246841	0.457021	0.457021	0.246841	0	0.245291	0.252082	0.247882	0.254745	0.429952	0.469163	0.307613	0.426955	
2936000	-511.791823	1	3728	0.271896	0.463439	0.463439	0.271896	0	0.246562	0.256493	0.243568	0.253377	0.564489	0.184200	0.069300	0.457221	
2937000	-512.010436	1	3564	0.240905	0.510463	0.510463	0.240905	0	0.246598	0.243082	0.256992	0.253328	0.269392	0.291591	0.064394	0.284726	
2938000	-511.482210	1	859	0.245669	0.454794	0.454794	0.245669	0	0.245147	0.252193	0.247769	0.254891	0.516777	0.080972	0.430524	0.895121	
2939000	-511.363906	1	1954	0.268797	0.500753	0.500753	0.268797	0	0.247377	0.250488	0.249499	0.252636	0.188648	0.975926	0.613970	0.360020	
2940000	-511.515635	1	1991	0.278237	0.499884	0.499884	0.278237	0	0.247611	0.252048	0.247949	0.252392	0.741202	0.679793	0.221119	0.840516	
2941000	-511.901281	1	690	0.226765	0.449512	0.449512	0.226765	0	0.243641	0.246020	0.253930	0.256409	0.538074	0.880839	0.409806	0.650718	
2942000	-511.990727	1	3675	0.281937	0.473351	0.473351	0.281937	0	0.247131	0.256191	0.243869	0.252809	0.616124	0.090769	0.677794	0.401865	
2943000	-513.162908	1	2802	0.250907	0.469802	0.469802	0.250907	1	0.245919	0.250839	0.249129	0.254113	0.123623	0.265518	0.103445	0.323606	
2944000	-512.658459	1	3519	0.214286	0.458745	0.458745	0.214286	0	0.242836	0.237463	0.262757	0.256944	0.447935	0.602684	0.051869	0.962012	
2945000	-511.351547	1	1572	0.254232	0.490996	0.490996	0.254232	0	0.246663	0.248623	0.251358	0.253356	0.016789	0.533574	0.107129	0.145945	
2946000	-513.549353	1	1003	0.277444	0.474978	0.474978	0.277444	1	0.247041	0.255314	0.244725	0.252920	0.254861	0.207268	0.888876	0.538576	
2947000	-511.369667	1	3200	0.254581	0.494802	0.494802	0.254581	0	0.246773	0.248260	0.251725	0.253242	0.227406	0.244082	0.725299	0.108532	
2948000	-511.701773	1	1686	0.243513	0.438346	0.438346	0.243513	0	0.244369	0.255497	0.244500	0.255634	0.333436	0.352651	0.529226	0.282227	
2949000	-511.535826	1	1506	0.263176	0.463678	0.463678	0.263176	0	0.246253	0.254840	0.245179	0.253728	0.277622	0.395019	0.460363	0.688035	
2950000	-511.962891	1	3863	0.237366	0.500198	0.500198	0.237366	0	0.246151	0.242798	0.257277	0.253774	0.484843	0.312853	0.724977	0.575510	
2951000	-511.625591	1	1341	0.263238	0.458374	0.458374	0.263238	0	0.246092	0.255904	0.244135	0.253869	0.750332	0.347052	0.079779	0.707490	
2952000	-512.194937	1	3492	0.250717	0.422586	0.422586	0.250717	0	0.244079	0.262564	0.237678	0.255678	0.255156	0.234484	0.806987	0.779446	
2953000	-512.486687	1	1459	0.215450	0.424669	0.424669	0.215450	0	0.241255	0.246421	0.253448	0.258876	0.025757	0.863027	0.870146	0.627405	
2954000	-511.568990	1	263	0.239971	0.449911	0.449911	0.239971	0	0.244624	0.251381	0.248565	0.255430	0.476723	0.369340	0.416947	0.343672	
2955000	-511.366731	1	3674	0.252892	0.490844	0.490844	0.252892	0	0.246606	0.248313	0.251669	0.253412	0.694094	0.854935	0.842612	0.344207	
2956000	-511.622207	1	1583	0.238580	0.445852	0.445852	0.238580	0	0.244370	0.251833	0.248110	0.255687	0.379199	0.723361	0.646358	0.584201	
2957000	-513.193128	1	1400	0.276747	0.501160	0.501160	0.276747	1	0.247597	0.251697	0.248297	0.252409	0.956784	0.233168	0.214438	0.190289	
2958000	-512.010365	1	3257	0.294325	0.556762	0.556762	0.294325	0	0.248741	0.249620	0.250377	0.251261	0.782535	0.896799	0.334948	0.598909	
2959000	-511.597879	1	3210	0.279306	0.531501	0.531501	0.279306	0	0.248177	0.249418	0.250576	0.251829	0.438227	0.645331	0.483896	0.524349	
2960000	-511.318997	1	3233	0.258368	0.483038	0.483038	0.258368	0	0.246615	0.250623	0.249355	0.253408	0.356309	0.817671	0.870580	0.531618	
2961000	-511.756808	1	2205	0.231268	0.462209	0.462209	0.231268	0	0.244515	0.245497	0.254483	0.255505	0.523894	0.303719	0.404684	0.354913	
2962000	-511.636231	1	3561	0.266966	0.531378	0.531378	0.266966	0	0.247904	0.247610	0.252393	0.252093	0.639274	0.075647	0.208858	0.202787	
2963000	-511.796830	1	2032	0.278821	0.476626	0.476626	0.278821	0	0.247122	0.255243	0.244795	0.252839	0.165758	0.427880	0.341701	0.275875	
2964000	-511.805398	1	268	0.261041	0.446909	0.446909	0.261041	0	0.245615	0.258014	0.242075	0.254296	0.378021	0.031693	0.331824	0.228492	
2965000	-514.073485	1	2593	0.315949	0.479161	0.479161	0.315949	0	0.248007	0.258117	0.242005	0.251871	0.353928	0.421046	0.133571	0.076633	
2966000	-511.490854	1	54	0.278039	0.505334	0.505334	0.278039	0	0.247711	0.251437	0.248557	0.252296	0.500640	0.330536	0.798420	0.732737	
2967000	-511.496164	1	719	0.271303	0.523077	0.523077	0.271303	0	0.247868	0.248879	0.251115	0.252139	0.303762	0.116533	0.753029	0.777557	
2968000	-511.595579	1	2711	0.257856	0.453411	0.453411	0.257856	0	0.245702	0.255788	0.244242	0.254268	0.413951	0.990663	0.636749	0.314632	
2969000	-511.836862	1	3708	0.241159	0.502639	0.502639	0.241159	0	0.246406	0.243805	0.256247	0.253542	0.954928	0.965054	0.595662	0.455130	
2970000	-511.631064	1	2503	0.235004	0.456099	0.456099	0.235004	0	0.244541	0.248189	0.251757	0.255513	0.573779	0.077026	0.907448	0.158001	
2971000	-513.062775	1	803	0.262067	0.497332	0.497332	0.262067	1	0.247095	0.249613	0.250370	0.252922	0.137567	0.223118	0.660354	0.311444	
2972000	-513.112395	1	2782	0.270719	0.497493	0.497493	0.270719	1	0.247362	0.251176	0.248812	0.252650	0.033795	0.887010	0.548802	0.789290	
2973000	-512.182279	1	981	0.249753	0.533675	0.533675	0.249753	0	0.247462	0.244034	0.256026	0.252478	0.529963	0.358815	0.446521	0.090315	
2974000	-511.659035	1	2668	0.258610	0.523889	0.523889	0.258610	0	0.247546	0.246554	0.253457	0.252442	0.626549	0.655180	0.509920	0.684889	
2975000	-511.518431	1	1269	0.242834	0.452577	0.452577	0.242834	0	0.244902	0.251765	0.248189	0.255144	0.696785	0.660022	0.846245	0.040061	
2976000	-514.854736	1	50	0.252755	0.405991	0.405991	0.252755	1	0.243313	0.269556	0.231103	0.256029	0.298526	0.348283	0.127490	0.681790	
2977000	-512.652264	1	801	0.211962	0.438291	0.438291	0.211962	0	0.241555	0.240264	0.259785	0.258397	0.149539	0.594534	0.193838	0.806852	
2978000	-512.185843	1	2791	0.252338	0.424242	0.424242	0.252338	0	0.244250	0.262442	0.237799	0.255509	0.951765	0.573745	0.821016	0.563164	
2979000	-511.577026	1	399	0.237221	0.456870	0.456870	0.237221	0	0.244719	0.248882	0.251065	0.255335	0.708083	0.592367	0.949571	0.575354	
2980000	-511.494435	1	407	0.276358	0.495880	0.495880	0.276358	0	0.247483	0.252241	0.247757	0.252520	0.581023	0.175768	0.846856	0.917249	
2981000	-513.626320	1	2970	0.232266	0.477360	0.477360	0.232266	1	0.245135	0.243507	0.256531	0.254827	0.096168	0.765099	0.737107	0.936950	
2982000	-513.081923	1	2871	0.257469	0.483488	0.483488	0.257469	1	0.246591	0.250359	0.249618	0.253432	0.564885	0.706198	0.415726	0.706739	
2983000	-511.860231	1	2191	0.294006	0.523986	0.523986	0.294006	0	0.248337	0.251593	0.248407	0.251664	0.997828	0.796246	0.211039	0.470239	
2984000	-511.370606	1	2478	0.269210	0.495499	0.495499	0.269210	0	0.247277	0.251152	0.248836	0.252736	0.134888	0.366122	0.613614	0.023057	
2985000	-511.718771	1	3606	0.238461	0.437979	0.437979	0.238461	0	0.244025	0.253821	0.246137	0.256017	0.993099	0.544441	0.113275	0.133903	
2986000	-511.672974	1	3580	0.234125	0.466261	0.466261	0.234125	0	0.244866	0.245947	0.254033	0.255155	0.472414	0.522632	0.927865	0.690523	
2987000	-511.902399	1	609	0.280950	0.475565	0.475565	0.280950	0	0.247157	0.255701	0.244348	0.252795	0.987153	0.272641	0.273912	0.525871	
2988000	-511.785229	1	2185	0.231402	0.468020	0.468020	0.231402	0	0.244744	0.244556	0.255449	0.255252	0.919154	0.730490	0.697502	0.970935	
2989000	-513.698405	1	202	0.280055	0.472844	0.472844	0.280055	1	0.247064	0.256029	0.244026	0.252881	0.767266	0.314753	0.842079	0.854626	
2990000	-511.734177	1	2594	0.267830	0.537728	0.537728	0.267830	0	0.248028	0.247378	0.252628	0.251966	0.283199	0.296878	0.961146	0.813118	
2991000	-514.162680	1	1220	0.219773	0.462599	0.462599	0.219773	1	0.243573	0.239949	0.260175	0.256304	0.795945	0.551690	0.817464	0.765226	
2992000	-512.126828	1	2554	0.227346	0.480089	0.480089	0.227346	0	0.244890	0.241088	0.259022	0.255000	0.385185	0.982937	0.529990	0.980310	
2993000	-511.526166	1	478	0.275279	0.525751	0.525751	0.275279	0	0.248003	0.249274	0.250719	0.252004	0.628027	0.752654	0.410160	0.059964	
2994000	-511.712878	1	970	0.242873	0.437631	0.437631	0.242873	0	0.244298	0.255480	0.244515	0.255707	0.301527	0.043672	0.763525	0.710421	
2995000	-511.471162	1	1785	0.263612	0.516800	0.516800	0.263612	0	0.247554	0.248053	0.251943	0.252451	0.297532	0.632417	0.097805	0.994389	
2996000	-511.557957	1	956	0.238089	0.467679	0.467679	0.238089	0	0.245169	0.247194	0.252774	0.254863	0.444192	0.627182	0.622483	0.806921	
2997000	-512.709061	1	1478	0.212854	0.454381	0.454381	0.212854	0	0.242467	0.237356	0.262859	0.257318	0.571716	0.144595	0.022794	0.321915	
2998000	-511.621983	1	2083	0.240619	0.444142	0.444142	0.240619	0	0.244432	0.252988	0.246967	0.255613	0.072000	0.632172	0.930376	0.141031	
2999000	-511.972309	1	3989	0.237405	0.424356	0.424356	0.237405	0	0.243306	0.257565	0.242460	0.256669	0.025922	0.130827	0.521982	0.860393	
3000000	-512.857533	1	1829	0.314288	0.519081	0.519081	0.314288	0	0.248578	0.253506	0.246515	0.251401	0.587413	0.875451	0.836816	0.686005	
3001000	-511.892574	1	338	0.271205	0.457722	0.457722	0.271205	0	0.246371	0.257519	0.242567	0.253543	0.822925	0.658103	0.784884	0.288613	
3002000	-511.975583	1	3183	0.224980	0.450629	0.450629	0.224980	0	0.243536	0.244912	0.255056	0.256497	0.328458	0.699338	0.901692	0.486507	
3003000	-513.706410	1	594	0.233951	0.490422	0.490422	0.233951	1	0.245669	0.242558	0.257517	0.254256	0.643397	0.716539	0.444780	0.520289	
3004000	-511.658889	1	890	0.252335	0.514735	0.514735	0.252335	0	0.247156	0.245838	0.254181	0.252825	0.523672	0.330949	0.670428	0.216187	
3005000	-512.043776	1	3129	0.233975	0.495612	0.495612	0.233975	0	0.245831	0.242035	0.258059	0.254075	0.305494	0.329663	0.785222	0.988825	
3006000	-511.446196	1	2974	0.249273	0.458066	0.458066	0.249273	0	0.245455	0.252579	0.247393	0.254573	0.569357	0.981843	0.639837	0.720296	
3007000	-512.597773	1	598	0.213495	0.422932	0.422932	0.213495	0	0.240912	0.245711	0.254157	0.259220	0.322602	0.118108	0.912312	0.326757	
3008000	-511.977020	1	861	0.241678	0.510603	0.510603	0.241678	0	0.246637	0.243305	0.256764	0.253295	0.227812	0.197554	0.577234	0.464303	
3009000	-511.602531	1	3892	0.254637	0.449851	0.449851	0.254637	0	0.245428	0.255814	0.244212	0.254546	0.933665	0.679626	0.393314	0.612428	
3010000	-511.509131	1	395	0.273627	0.485648	0.485648	0.273627	0	0.247185	0.253137	0.246866	0.252811	0.491085	0.101751	0.033204	0.996742	
3011000	-512.205385	1	593	0.280333	0.461335	0.461335	0.280333	0	0.246774	0.258154	0.241957	0.253115	0.618400	0.144889	0.664161	0.860982	
3012000	-511.322879	1	2448	0.259586	0.482702	0.482702	0.259586	0	0.246651	0.250939	0.249040	0.253369	0.058934	0.409147	0.263756	0.659278	
3013000	-511.979006	1	1921	0.293150	0.503681	0.503681	0.293150	0	0.248009	0.253380	0.246635	0.251976	0.530836	0.052021	0.778194	0.653230	
3014000	-511.438041	1	2929	0.269654	0.483627	0.483627	0.269654	0	0.247018	0.252766	0.247232	0.252985	0.444896	0.141484	0.150841	0.224069	
3015000	-511.753718	1	733	0.254098	0.522543	0.522543	0.254098	0	0.247380	0.245682	0.254342	0.252596	0.287101	0.162797	0.528041	0.689799	
3016000	-511.557506	1	3929	0.277468	0.491243	0.491243	0.277468	0	0.247415	0.252971	0.247034	0.252581	0.562659	0.488619	0.971103	0.444636	
3017000	-511.779344	1	511	0.234588	0.480967	0.480967	0.234588	0	0.245406	0.243920	0.256112	0.254562	0.005666	0.875125	0.010165	0.519685	
3018000	-511.365532	1	3724	0.249920	0.470809	0.470809	0.249920	0	0.245906	0.250399	0.249568	0.254128	0.761326	0.551928	0.178147	0.429950	
3019000	-511.556128	1	3973	0.263677	0.463085	0.463085	0.263677	0	0.246255	0.255055	0.244968	0.253722	0.560760	0.213504	0.259011	0.160094	
3020000	-513.752789	1	1059	0.235694	0.498576	0.498576	0.235694	1	0.246014	0.242372	0.257714	0.253900	0.318754	0.352958	0.801009	0.943896	
3021000	-511.844695	1	2482	0.279209	0.550264	0.550264	0.279209	0	0.248435	0.248343	0.251658	0.251564	0.239637	0.299697	0.106783	0.360985	
3022000	-511.364836	1	1670	0.268838	0.501316	0.501316	0.268838	0	0.247390	0.250434	0.249552	0.252623	0.091912	0.286933	0.166942	0.893031	
3023000	-512.186649	1	2560	0.251964	0.537363	0.537363	0.251964	0	0.247603	0.244365	0.255687	0.252344	0.474494	0.279483	0.316328	0.134821	
3024000	-511.799768	1	1818	0.259514	0.532254	0.532254	0.259514	0	0.247728	0.246211	0.253808	0.252254	0.742475	0.534271	0.640584	0.755412	
3025000	-511.451177	1	3390	0.243230	0.472653	0.472653	0.243230	0	0.245629	0.248117	0.251851	0.254403	0.662577	0.631890	0.023751	0.007594	
3026000	-512.626799	1	2613	0.212318	0.437327	0.437327	0.212318	0	0.241550	0.240745	0.259285	0.258421	0.109563	0.521235	0.722545	0.721269	
3027000	-511.413343	1	1268	0.251785	0.494999	0.494999	0.251785	0	0.246669	0.247553	0.252437	0.253342	0.587775	0.704935	0.220837	0.170675	
3028000	-511.441134	1	1323	0.259975	0.510513	0.510513	0.259975	0	0.247319	0.247872	0.252122	0.252687	0.223031	0.631040	0.283770	0.617230	
3029000	-511.927473	1	1606	0.226992	0.438956	0.438956	0.226992	0	0.243183	0.248678	0.251231	0.256908	0.289018	0.391140	0.532430	0.378316	
3030000	-511.581915	1	873	0.274105	0.531215	0.531215	0.274105	0	0.248065	0.248729	0.251267	0.251939	0.337641	0.626022	0.431447	0.865851	
3031000	-511.402515	1	1225	0.264750	0.510747	0.510747	0.264750	0	0.247467	0.248778	0.251212	0.252543	0.977378	0.335396	0.937928	0.384746	
3032000	-513.097792	1	2905	0.263874	0.509243	0.509243	0.263874	1	0.247409	0.248753	0.251236	0.252601	0.565849	0.158347	0.094648	0.430864	
3033000	-511.500481	1	2652	0.274072	0.487773	0.487773	0.274072	0	0.247246	0.252918	0.247084	0.252752	0.798809	0.788940	0.064525	0.322204	
3034000	-511.564450	1	455	0.272339	0.529426	0.529426	0.272339	0	0.247997	0.248588	0.251408	0.252007	0.858112	0.570188	0.819664	0.815043	
3035000	-514.526776	1	1129	0.232894	0.403115	0.403115	0.232894	1	0.241737	0.264084	0.236173	0.258006	0.696961	0.978260	0.386973	0.293852	
3036000	-511.883330	1	1712	0.253150	0.527167	0.527167	0.253150	0	0.247443	0.245175	0.254859	0.252523	0.441602	0.074191	0.360499	0.447219	
3037000	-511.755177	1	3479	0.289470	0.535225	0.535225	0.289470	0	0.248414	0.250342	0.249653	0.251591	0.775978	0.186372	0.633050	0.500789	
3038000	-511.456429	1	1215	0.271584	0.486247	0.486247	0.271584	0	0.247139	0.252726	0.247272	0.252863	0.179749	0.098287	0.118721	0.843506	
3039000	-511.405218	1	1338	0.259058	0.505897	0.505897	0.259058	0	0.247190	0.248106	0.251886	0.252819	0.517517	0.840359	0.889757	0.482199	
3040000	-511.515825	1	3990	0.279269	0.505555	0.505555	0.279269	0	0.247744	0.251582	0.248412	0.252261	0.851028	0.468797	0.369785	0.872056	
3041000	-513.143101	1	3703	0.251078	0.490798	0.490798	0.251078	1	0.246530	0.247860	0.252125	0.253486	0.971956	0.846787	0.738531	0.441489	
3042000	-512.087468	1	2200	0.225117	0.427745	0.427745	0.225117	0	0.242458	0.250974	0.248913	0.257655	0.289855	0.617903	0.447643	0.592625	
3043000	-511.708664	1	3934	0.271493	0.466976	0.466976	0.271493	0	0.246648	0.255765	0.244279	0.253308	0.985582	0.511119	0.282137	0.054059	
3044000	-511.671093	1	1674	0.250940	0.443243	0.443243	0.250940	0	0.244993	0.256451	0.243582	0.254974	0.416520	0.791564	0.303150	0.524149	
3045000	-511.495098	1	1339	0.247347	0.493626	0.493626	0.247347	0	0.246447	0.246530	0.253468	0.253554	0.717866	0.888955	0.698681	0.728009	
3046000	-513.199907	1	69	0.246131	0.470849	0.470849	0.246131	1	0.245720	0.249306	0.250658	0.254316	0.571964	0.836039	0.313306	0.533287	
3047000	-511.606196	1	1160	0.263214	0.459427	0.459427	0.263214	0	0.246124	0.255684	0.244350	0.253841	0.523803	0.724164	0.394691	0.524315	
3048000	-511.552234	1	2414	0.244865	0.448453	0.448453	0.244865	0	0.244862	0.253364	0.246606	0.255168	0.296982	0.913183	0.706454	0.082714	
3049000	-511.619400	1	1840	0.260726	0.455422	0.455422	0.260726	0	0.245894	0.255996	0.244042	0.254068	0.867517	0.679515	0.578259	0.996491	
3050000	-511.428200	1	3443	0.250148	0.460101	0.460101	0.250148	0	0.245569	0.252415	0.247557	0.254459	0.742346	0.030792	0.175817	0.496773	
3051000	-512.097457	1	1310	0.283695	0.564936	0.564936	0.283695	0	0.248681	0.248246	0.251757	0.251316	0.808687	0.409763	0.592491	0.836897	
3052000	-512.031488	1	2500	0.224407	0.457930	0.457930	0.224407	0	0.243799	0.243160	0.256857	0.256184	0.481903	0.657244	0.358402	0.643349	
3053000	-511.958679	1	326	0.236399	0.425057	0.425057	0.236399	0	0.243267	0.256937	0.243068	0.256727	0.098103	0.009650	0.641573	0.045723	
3054000	-511.771452	1	1091	0.272021	0.542850	0.542850	0.272021	0	0.248197	0.247746	0.252257	0.251799	0.229131	0.656802	0.730384	0.577367	
3055000	-511.840634	1	131	0.293590	0.527550	0.527550	0.293590	0	0.248379	0.251281	0.248717	0.251623	0.641118	0.510926	0.963312	0.427300	
3056000	-511.377834	1	2805	0.258986	0.471638	0.471638	0.258986	0	0.246324	0.252515	0.247470	0.253691	0.003708	0.230806	0.207030	0.331538	
3057000	-511.722577	1	1522	0.289195	0.525749	0.525749	0.289195	0	0.248278	0.250979	0.249017	0.251726	0.792091	0.720163	0.999017	0.025838	
3058000	-513.219567	1	1822	0.274914	0.529824	0.529824	0.274914	1	0.248059	0.248938	0.251056	0.251946	0.915831	0.793335	0.645524	0.229626	
3059000	-512.060020	1	35	0.229401	0.483017	0.483017	0.229401	0	0.245138	0.241607	0.258489	0.254766	0.590845	0.328498	0.007915	0.552475	
3060000	-511.693113	1	756	0.257505	0.524293	0.524293	0.257505	0	0.247521	0.246300	0.253715	0.252463	0.150352	0.727062	0.105463	0.292643	
3061000	-511.518687	1	2100	0.269943	0.524813	0.524813	0.269943	0	0.247865	0.248537	0.251458	0.252140	0.315179	0.864659	0.037448	0.608902	
3062000	-513.691922	1	2108	0.300876	0.550803	0.550803	0.300876	1	0.248762	0.250454	0.249544	0.251240	0.219913	0.140591	0.954004	0.854975	
3063000	-511.410443	1	3625	0.258354	0.505565	0.505565	0.258354	0	0.247159	0.247988	0.252004	0.252849	0.702371	0.792177	0.474766	0.249419	
3064000	-512.917799	1	3334	0.237895	0.535513	0.535513	0.237895	0	0.247065	0.240787	0.259369	0.252779	0.986154	0.149928	0.172765	0.808514	
3065000	-511.800068	1	3773	0.256978	0.442550	0.442550	0.256978	0	0.245269	0.258185	0.241903	0.254643	0.133230	0.556785	0.517760	0.290673	
3066000	-513.901534	1	3123	0.224818	0.466607	0.466607	0.224818	1	0.244186	0.241851	0.258216	0.255747	0.240987	0.579334	0.673210	0.880697	
3067000	-512.012695	1	417	0.299332	0.535626	0.535626	0.299332	0	0.248572	0.251221	0.248778	0.251429	0.793062	0.248141	0.668439	0.897644	
3068000	-512.158570	1	2538	0.222956	0.463916	0.463916	0.222956	0	0.243920	0.241379	0.258698	0.256003	0.335723	0.859485	0.497111	0.473290	
3069000	-513.772477	1	3727	0.271140	0.560668	0.560668	0.271140	1	0.248423	0.246852	0.253163	0.251562	0.405690	0.494335	0.395699	0.865407	
3070000	-513.310726	1	2483	0.273371	0.420834	0.420834	0.273371	0	0.245101	0.267882	0.232695	0.254323	0.443552	0.752129	0.649382	0.497531	
3071000	-511.690679	1	927	0.245139	0.503132	0.503132	0.245139	0	0.246599	0.244942	0.255086	0.253372	0.589601	0.511350	0.354548	0.291870	
3072000	-511.502830	1	2908	0.278187	0.502471	0.502471	0.278187	0	0.247660	0.251757	0.248238	0.252345	0.480389	0.313823	0.755586	0.866867	
3073000	-513.863731	1	51	0.238076	0.510362	0.510362	0.238076	1	0.246462	0.242202	0.257896	0.253439	0.160551	0.017930	0.966435	0.339183	
3074000	-511.477314	1	1400	0.276747	0.501160	0.501160	0.276747	0	0.247599	0.251696	0.248298	0.252407	0.913944	0.961234	0.362486	0.232229	
3075000	-511.489019	1	2467	0.278191	0.512733	0.512733	0.278191	0	0.247848	0.250742	0.249250	0.252160	0.751448	0.562342	0.826307	0.237928	
3076000	-513.886561	1	2331	0.304583	0.528173	0.528173	0.304583	1	0.248555	0.252153	0.247852	0.251440	0.375765	0.200825	0.461136	0.063807	
3077000	-513.449141	1	3712	0.242906	0.558527	0.558527	0.242906	0	0.247709	0.241542	0.258594	0.252155	0.158775	0.609499	0.335564	0.918353	
3078000	-511.375368	1	1597	0.248280	0.475826	0.475826	0.248280	0	0.245982	0.249138	0.250831	0.254049	0.185398	0.421169	0.095761	0.362818	
3079000	-511.859422	1	2638	0.287279	0.550443	0.550443	0.287279	0	0.248570	0.249248	0.250749	0.251433	0.615125	0.249681	0.257781	0.020242	
3080000	-511.362186	1	547	0.259463	0.474294	0.474294	0.259463	0	0.246418	0.252184	0.247800	0.253598	0.400438	0.461438	0.051229	0.116080	
3081000	-512.289507	1	1456	0.219032	0.429198	0.429198	0.219032	0	0.241915	0.247198	0.252685	0.258203	0.224510	0.527842	0.126432	0.251879	
3082000	-512.134014	1	483	0.261293	0.435114	0.435114	0.261293	0	0.245179	0.261196	0.239006	0.254620	0.640551	0.349352	0.195790	0.437648	
3083000	-511.549492	1	1872	0.248197	0.500083	0.500083	0.248197	0	0.246652	0.246081	0.253927	0.253340	0.502631	0.303301	0.640294	0.401684	
3084000	-511.663584	1	2983	0.239870	0.441266	0.441266	0.239870	0	0.244262	0.253457	0.246501	0.255780	0.199712	0.746581	0.189450	0.379087	
3085000	-511.370715	1	659	0.267426	0.506094	0.506094	0.267426	0	0.247449	0.249698	0.250289	0.252564	0.177763	0.138180	0.907226	0.553098	
3086000	-512.096393	1	2334	0.275358	0.560637	0.560637	0.275358	0	0.248499	0.247420	0.252588	0.251492	0.870103	0.222692	0.523861	0.126025	
3087000	-511.597879	1	3210	0.279306	0.531501	0.531501	0.279306	0	0.248177	0.249418	0.250576	0.251829	0.424039	0.303998	0.956841	0.380696	
3088000	-511.555724	1	657	0.254073	0.511171	0.511171	0.254073	0	0.247138	0.246532	0.253476	0.252854	0.021425	0.222006	0.193202	0.721338	
3089000	-511.896403	1	3444	0.272198	0.459200	0.459200	0.272198	0	0.246450	0.257380	0.242703	0.253467	0.621874	0.173762	0.439224	0.759609	
3090000	-511.458136	1	3034	0.242725	0.471177	0.471177	0.242725	0	0.245554	0.248192	0.251774	0.254480	0.926802	0.381895	0.771761	0.433149	
3091000	-513.233216	1	873	0.274105	0.531215	0.531215	0.274105	1	0.248063	0.248730	0.251265	0.251941	0.628559	0.248056	0.126706	0.195390	
3092000	-511.974509	1	208	0.276112	0.555669	0.555669	0.276112	0	0.248450	0.247713	0.252293	0.251544	0.844481	0.573392	0.337931	0.490224	
3093000	-514.268821	1	1567	0.267429	0.574475	0.574475	0.267429	1	0.248528	0.245921	0.254108	0.251442	0.321549	0.418566	0.816373	0.255391	
3094000	-511.743048	1	3669	0.258221	0.446377	0.446377	0.258221	0	0.245470	0.257513	0.242559	0.254459	0.825518	0.605033	0.348650	0.348153	
3095000	-511.355379	1	3174	0.266909	0.502335	0.502335	0.266909	0	0.247356	0.249988	0.249998	0.252658	0.381965	0.436158	0.575658	0.353519	
3096000	-513.606055	1	2422	0.204013	0.461910	0.461910	0.204013	0	0.241668	0.230026	0.270673	0.257633	0.501793	0.666824	0.282422	0.714572	
3097000	-511.856216	1	2663	0.278731	0.550787	0.550787	0.278731	0	0.248434	0.248259	0.251742	0.251565	0.929471	0.201144	0.823393	0.586691	
3098000	-512.370103	1	1968	0.218490	0.422807	0.422807	0.218490	0	0.241506	0.248907	0.250949	0.258638	0.318530	0.982472	0.514690	0.802711	
3099000	-511.856216	1	2663	0.278731	0.550787	0.550787	0.278731	0	0.248434	0.248259	0.251742	0.251565	0.241249	0.213304	0.717245	0.852392	
3100000	-511.799768	1	1818	0.259514	0.532254	0.532254	0.259514	0	0.247728	0.246211	0.253808	0.252254	0.978061	0.117528	0.700089	0.971123	
3101000	-513.302642	1	1959	0.258066	0.460697	0.460697	0.258066	1	0.245951	0.254310	0.245695	0.254045	0.664885	0.156700	0.205596	0.028457	
3102000	-511.495927	1	1484	0.277744	0.501777	0.501777	0.277744	0	0.247636	0.251770	0.248225	0.252369	0.744404	0.500136	0.653140	0.106327	
3103000	-513.418030	1	1691	0.276481	0.480341	0.480341	0.276481	1	0.247142	0.254337	0.245684	0.252837	0.392587	0.282601	0.459053	0.245923	
3104000	-511.656108	1	3634	0.285497	0.509678	0.509678	0.285497	0	0.247956	0.251953	0.248047	0.252045	0.525581	0.007761	0.576845	0.382690	
3105000	-512.798103	1	1684	0.254316	0.560190	0.560190	0.254316	0	0.248058	0.244045	0.256019	0.251878	0.736639	0.145712	0.503899	0.622281	
3106000	-511.665261	1	3058	0.249413	0.510048	0.510048	0.249413	0	0.246943	0.245493	0.254530	0.253035	0.676662	0.809316	0.429956	0.720639	
3107000	-513.255347	1	2722	0.290452	0.610945	0.610945	0.290452	0	0.249170	0.247783	0.252226	0.250822	0.550696	0.139821	0.692585	0.593175	
3108000	-511.940988	1	2131	0.296836	0.528498	0.528498	0.296836	0	0.248444	0.251507	0.248493	0.251556	0.638206	0.426071	0.135811	0.939267	
3109000	-511.750338	1	3684	0.233269	0.473030	0.473030	0.233269	0	0.245052	0.244526	0.255486	0.254937	0.547175	0.268926	0.202929	0.268530	
3110000	-514.276951	1	3619	0.318076	0.563267	0.563267	0.318076	1	0.249065	0.250948	0.249052	0.250935	0.711677	0.697162	0.185585	0.504834	
3111000	-511.974509	1	208	0.276112	0.555669	0.555669	0.276112	0	0.248450	0.247713	0.252293	0.251544	0.127785	0.827389	0.816903	0.958082	
3112000	-512.443391	1	3289	0.295001	0.483008	0.483008	0.295001	0	0.247667	0.256126	0.243937	0.252269	0.870615	0.275696	0.208612	0.727991	
3113000	-511.419222	1	356	0.262920	0.472566	0.472566	0.262920	0	0.246501	0.253202	0.246794	0.253503	0.570825	0.737307	0.097276	0.324421	
3114000	-511.934494	1	53	0.240208	0.426258	0.426258	0.240208	0	0.243599	0.257981	0.242065	0.256355	0.741813	0.886464	0.213514	0.090373	
3115000	-511.821590	1	1134	0.271489	0.461335	0.461335	0.271489	0	0.246488	0.256834	0.243234	0.253444	0.515051	0.274285	0.179294	0.550679	
3116000	-513.323803	1	954	0.270869	0.475987	0.475987	0.270869	1	0.246865	0.254125	0.245890	0.253121	0.360940	0.674650	0.126446	0.845063	
3117000	-513.224743	1	2368	0.267524	0.477575	0.477575	0.267524	1	0.246796	0.253287	0.246714	0.253203	0.374724	0.591305	0.355919	0.135031	
3118000	-512.010771	1	3920	0.295083	0.555772	0.555772	0.295083	0	0.248741	0.249732	0.250265	0.251262	0.602145	0.466904	0.124974	0.168380	
3119000	-512.554034	1	1548	0.215423	0.456858	0.456858	0.215423	0	0.242876	0.238482	0.261688	0.256954	0.977148	0.298847	0.528759	0.397857	
3120000	-513.336462	1	2987	0.248627	0.505763	0.505763	0.248627	1	0.246809	0.245659	0.254358	0.253174	0.571813	0.569557	0.406061	0.140050	
3121000	-511.404213	1	3585	0.251413	0.463117	0.463117	0.251413	0	0.245731	0.252176	0.247797	0.254297	0.647470	0.316633	0.899269	0.960567	
3122000	-512.896060	1	50	0.252755	0.405991	0.405991	0.252755	0	0.243314	0.269554	0.231105	0.256027	0.681203	0.080837	0.834018	0.857474	
3123000	-511.330605	1	3814	0.253583	0.480208	0.480208	0.253583	0	0.246347	0.249895	0.250078	0.253680	0.124394	0.728490	0.690355	0.112806	
3124000	-511.351547	1	1572	0.254232	0.490996	0.490996	0.254232	0	0.246663	0.248623	0.251358	0.253356	0.855347	0.799563	0.181994	0.563305	
3125000	-511.660679	1	1337	0.260131	0.452519	0.452519	0.260131	0	0.245771	0.256503	0.243546	0.254180	0.255758	0.339478	0.778100	0.411901	
3126000	-511.361564	1	2469	0.249854	0.472671	0.472671	0.249854	0	0.245960	0.250074	0.249893	0.254073	0.804028	0.490000	0.188238	0.798686	
3127000	-512.629770	1	2611	0.212496	0.426519	0.426519	0.212496	0	0.240986	0.243899	0.256010	0.259104	0.115490	0.494551	0.579114	0.073861	
3128000	-511.773904	1	94	0.273463	0.467127	0.467127	0.273463	0	0.246717	0.256058	0.243994	0.253232	0.182235	0.292028	0.722904	0.008309	
3129000	-511.430543	1	3696	0.273922	0.499196	0.499196	0.273922	0	0.247486	0.251493	0.248499	0.252522	0.182872	0.079869	0.007499	0.086957	
3130000	-511.960817	1	3879	0.226726	0.463845	0.463845	0.226726	0	0.244233	0.243205	0.256822	0.255741	0.865854	0.357054	0.853923	0.444811	
3131000	-513.475963	1	3307	0.207531	0.471380	0.471380	0.207531	0	0.242611	0.231277	0.269348	0.256765	0.152076	0.278322	0.464983	0.804181	
3132000	-511.736289	1	2163	0.232671	0.468188	0.468188	0.232671	0	0.244838	0.245047	0.254949	0.255166	0.255674	0.715849	0.082152	0.354947	
3133000	-513.177283	1	3755	0.255442	0.468353	0.468353	0.255442	1	0.246078	0.252254	0.247726	0.253943	0.124070	0.278447	0.610663	0.501660	
3134000	-511.680426	1	3269	0.247995	0.508283	0.508283	0.247995	0	0.246846	0.245272	0.254753	0.253129	0.893840	0.317240	0.310294	0.295277	
3135000	-512.845238	1	3475	0.320016	0.579777	0.579777	0.320016	0	0.249207	0.250401	0.249598	0.250794	0.656145	0.527802	0.717221	0.447510	
3136000	-511.919678	1	2720	0.231681	0.481557	0.481557	0.231681	0	0.245241	0.242718	0.257344	0.254697	0.461436	0.540127	0.511647	0.917839	
3137000	-511.673441	1	1136	0.250210	0.511948	0.511948	0.250210	0	0.247017	0.245539	0.254483	0.252961	0.975987	0.882567	0.270394	0.812764	
3138000	-511.458228	1	1379	0.242563	0.466477	0.466477	0.242563	0	0.245387	0.248934	0.251025	0.254653	0.452785	0.522935	0.803499	0.537651	
3139000	-511.925733	1	971	0.285706	0.485391	0.485391	0.285706	0	0.247501	0.254821	0.245213	0.252465	0.405225	0.313669	0.169223	0.427809	
3140000	-511.482816	1	2979	0.241238	0.466714	0.466714	0.241238	0	0.245321	0.248454	0.251507	0.254719	0.920975	0.216278	0.599918	0.734463	
3141000	-511.626306	1	3359	0.249062	0.444545	0.444545	0.249062	0	0.244944	0.255589	0.244423	0.255044	0.985103	0.007954	0.518534	0.964599	
3142000	-513.386751	1	3044	0.237642	0.471620	0.471620	0.237642	1	0.245277	0.246391	0.253590	0.254742	0.356024	0.810919	0.492572	0.919755	
3143000	-511.945475	1	2028	0.296475	0.543224	0.543224	0.296475	0	0.248621	0.250509	0.249487	0.251382	0.787071	0.560618	0.865154	0.529185	
3144000	-511.475020	1	976	0.267436	0.475203	0.475203	0.267436	0	0.246733	0.253644	0.246361	0.253262	0.239346	0.587063	0.966582	0.198891	
3145000	-511.515856	1	652	0.239630	0.463435	0.463435	0.239630	0	0.245112	0.248488	0.251468	0.254932	0.729987	0.344784	0.047767	0.167039	
3146000	-511.329010	1	2816	0.254834	0.477902	0.477902	0.254834	0	0.246334	0.250545	0.249428	0.253692	0.789951	0.977552	0.510301	0.101005	
3147000	-514.042943	1	3398	0.257187	0.553269	0.553269	0.257187	1	0.248020	0.244811	0.255236	0.251934	0.631845	0.397485	0.623788	0.591934	
3148000	-513.233764	1	2703	0.265280	0.525458	0.525458	0.265280	1	0.247758	0.247711	0.252290	0.252241	0.956763	0.706790	0.373940	0.595228	
3149000	-512.003921	1	1381	0.288437	0.560107	0.560107	0.288437	0	0.248697	0.248924	0.251075	0.251304	0.400242	0.168552	0.206843	0.584175	
3150000	-511.723852	1	1152	0.268021	0.537323	0.537323	0.268021	0	0.248026	0.247431	0.252574	0.251968	0.231273	0.574097	0.193704	0.227990	
3151000	-511.616870	1	824	0.269591	0.468869	0.468869	0.269591	0	0.246636	0.255100	0.244929	0.253335	0.067615	0.732128	0.907081	0.252584	
3152000	-511.346589	1	159	0.251654	0.481891	0.481891	0.251654	0	0.246312	0.249164	0.250810	0.253714	0.520213	0.407631	0.870541	0.091650	
3153000	-513.652569	1	1047	0.267328	0.454610	0.454610	0.267328	1	0.246130	0.257500	0.242582	0.253788	0.323797	0.107432	0.589382	0.049357	
3154000	-511.619374	1	2642	0.242885	0.493118	0.493118	0.242885	0	0.246228	0.245284	0.254733	0.253756	0.262981	0.696905	0.853533	0.360796	
3155000	-511.994206	1	3601	0.285823	0.481889	0.481889	0.285823	0	0.247429	0.255335	0.244709	0.252528	0.699840	0.984305	0.519332	0.208578	
3156000	-514.076150	1	3834	0.286614	0.584923	0.584923	0.286614	1	0.248919	0.247935	0.252071	0.251075	0.552537	0.367976	0.014118	0.448713	
3157000	-511.327711	1	947	0.259521	0.481005	0.481005	0.259521	0	0.246604	0.251168	0.248811	0.253416	0.500150	0.012122	0.622670	0.358470	
3158000	-513.138904	1	2051	0.269234	0.489226	0.489226	0.269234	1	0.247135	0.251934	0.248057	0.252874	0.188692	0.315224	0.504013	0.114523	
3159000	-513.191016	1	1943	0.248537	0.467401	0.467401	0.248537	1	0.245729	0.250597	0.249367	0.254307	0.080789	0.902418	0.607073	0.398167	
3160000	-512.706828	1	1064	0.225785	0.501583	0.501583	0.225785	0	0.245505	0.238274	0.261968	0.254253	0.681322	0.775048	0.897181	0.001905	
3161000	-511.958679	1	326	0.236399	0.425057	0.425057	0.236399	0	0.243267	0.256937	0.243068	0.256727	0.070461	0.002490	0.125559	0.693386	
3162000	-512.607074	1	1287	0.272770	0.577054	0.577054	0.272770	0	0.248649	0.246588	0.253432	0.251331	0.472500	0.867594	0.549576	0.984327	
3163000	-511.743083	1	1421	0.237057	0.486170	0.486170	0.237057	0	0.245718	0.244166	0.255866	0.254250	0.797090	0.656178	0.928664	0.300099	
3164000	-511.643513	1	603	0.237984	0.444442	0.444442	0.237984	0	0.244271	0.251957	0.247984	0.255787	0.409609	0.043659	0.134564	0.099539	
3165000	-511.511945	1	389	0.243488	0.452774	0.452774	0.243488	0	0.244948	0.251937	0.248019	0.255096	0.219416	0.747502	0.657089	0.367738	
3166000	-513.441222	1	2855	0.235458	0.463602	0.463602	0.235458	1	0.244855	0.246931	0.253035	0.255180	0.837306	0.865932	0.835945	0.416883	
3167000	-511.569156	1	442	0.281150	0.503405	0.503405	0.281150	0	0.247748	0.252055	0.247943	0.252254	0.441441	0.378168	0.476951	0.461485	
3168000	-511.566756	1	3324	0.276893	0.529499	0.529499	0.276893	0	0.248097	0.249234	0.250760	0.251909	0.402352	0.672518	0.748261	0.952035	
3169000	-511.526889	1	3273	0.243309	0.459513	0.475607	0.243309	0	0.246847	0.248813	0.251170	0.253170	0.045876	0.839425	0.883868	0.948142	
3170000	-512.013846	1	1059	0.235694	0.498576	0.498576	0.235694	0	0.246015	0.242371	0.257715	0.253898	0.065154	0.100795	0.847776	0.666419	
3171000	-511.463841	1	2603	0.267098	0.518574	0.518574	0.267098	0	0.247682	0.248536	0.251458	0.252324	0.800609	0.278582	0.583065	0.475281	
3172000	-511.384507	1	3247	0.255302	0.467320	0.467320	0.255302	0	0.246041	0.252401	0.247579	0.253979	0.046996	0.829920	0.975719	0.673271	
3173000	-514.078646	1	3509	0.224283	0.424228	0.424228	0.224283	1	0.242191	0.251677	0.248205	0.257927	0.771099	0.746825	0.612226	0.949558	
3174000	-511.638384	1	2312	0.262616	0.456836	0.456836	0.262616	0	0.246018	0.256097	0.243946	0.253939	0.161094	0.702351	0.106551	0.709251	
3175000	-511.702393	1	2475	0.262765	0.453771	0.453771	0.262765	0	0.245924	0.256789	0.243270	0.254017	0.027196	0.897253	0.644486	0.574736	
3176000	-512.610059	1	3101	0.212728	0.428052	0.428052	0.212728	0	0.241102	0.243590	0.256332	0.258977	0.982315	0.882746	0.991543	0.070152	
3177000	-512.770833	1	3317	0.216404	0.474819	0.474819	0.216404	0	0.243758	0.236319	0.263990	0.255933	0.288511	0.476056	0.349050	0.330276	
3178000	-511.425437	1	2530	0.272202	0.492816	0.492816	0.272202	0	0.247304	0.251973	0.248020	0.252702	0.323427	0.443294	0.597546	0.680253	
3179000	-511.461165	1	171	0.242382	0.467592	0.467592	0.242382	0	0.245415	0.248681	0.251280	0.254624	0.262323	0.444149	0.105940	0.101364	
3180000	-512.598461	1	282	0.307561	0.585903	0.585903	0.307561	0	0.249145	0.249527	0.250472	0.250856	0.417033	0.971714	0.454690	0.323852	
3181000	-513.115460	1	3332	0.271507	0.499318	0.499318	0.271507	1	0.247422	0.251100	0.248890	0.252589	0.095052	0.271785	0.158725	0.757173	
3182000	-511.590162	1	2198	0.248138	0.446313	0.446313	0.248138	0	0.244963	0.254881	0.245116	0.255040	0.767452	0.024252	0.098180	0.992687	
3183000	-513.369847	1	111	0.263128	0.406798	0.406798	0.263128	0	0.243928	0.271529	0.229299	0.255245	0.545974	0.045208	0.120499	0.323693	
3184000	-512.476869	1	2430	0.227665	0.497947	0.497947	0.227665	0	0.245514	0.239358	0.260834	0.254294	0.180943	0.918902	0.573748	0.487071	
3185000	-511.474562	1	3493	0.242260	0.473664	0.473664	0.242260	0	0.245610	0.247647	0.252325	0.254418	0.855456	0.729650	0.867247	0.657006	
3186000	-514.096505	1	2791	0.252338	0.424242	0.424242	0.252338	1	0.244249	0.262443	0.237797	0.255511	0.756428	0.261482	0.828501	0.549498	
3187000	-511.380273	1	1977	0.268509	0.507502	0.507502	0.268509	0	0.247507	0.249749	0.250239	0.252505	0.574294	0.747449	0.018066	0.598004	
3188000	-511.637710	1	1328	0.247797	0.505325	0.505325	0.247797	0	0.246766	0.245477	0.254543	0.253214	0.839221	0.525790	0.803460	0.020142	
3189000	-512.281358	1	816	0.218360	0.441555	0.441555	0.218360	0	0.242471	0.243446	0.256526	0.257557	0.851429	0.863735	0.736268	0.063977	
3190000	-511.708160	1	2661	0.260384	0.450485	0.450485	0.260384	0	0.245712	0.257022	0.243039	0.254226	0.547032	0.182471	0.314611	0.584297	
3191000	-511.339243	1	2533	0.255407	0.490789	0.490789	0.255407	0	0.246703	0.248928	0.251052	0.253317	0.435939	0.859286	0.194405	0.994043	
3192000	-511.342953	1	2697	0.264021	0.500523	0.500523	0.264021	0	0.247230	0.249646	0.250339	0.252785	0.159056	0.256613	0.977720	0.381320	
3193000	-511.537278	1	2537	0.254240	0.510169	0.510169	0.254240	0	0.247122	0.246656	0.253350	0.252872	0.125630	0.490008	0.661763	0.009695	
3194000	-511.636461	1	1866	0.235272	0.451947	0.451947	0.235272	0	0.244395	0.249170	0.250768	0.255667	0.463487	0.229931	0.082277	0.126756	
3195000	-511.502830	1	2908	0.278187	0.502471	0.502471	0.278187	0	0.247660	0.251757	0.248238	0.252345	0.132465	0.975401	0.516070	0.890763	
3196000	-513.282133	1	2899	0.284533	0.521367	0.521367	0.284533	1	0.248124	0.250807	0.249187	0.251882	0.546832	0.537882	0.391975	0.768169	
3197000	-513.597726	1	1392	0.231621	0.448831	0.448831	0.231621	1	0.244000	0.248367	0.251566	0.256068	0.309767	0.949958	0.157861	0.370301	
3198000	-511.441826	1	369	0.275195	0.503950	0.503950	0.275195	0	0.247614	0.251172	0.248820	0.252395	0.488451	0.154607	0.418911	0.845567	
3199000	-511.385924	1	3396	0.247404	0.475079	0.475079	0.247404	0	0.245918	0.249002	0.250966	0.254114	0.872958	0.121312	0.449601	0.988029	
3200000	-511.548149	1	698	0.267469	0.469617	0.469617	0.267469	0	0.246583	0.254588	0.245431	0.253398	0.931647	0.330920	0.536141	0.894193	
3201000	-513.079169	1	136	0.265552	0.492464	0.492464	0.265552	1	0.247095	0.250861	0.249124	0.252920	0.186126	0.549875	0.181620	0.649265	
3202000	-511.806123	1	1763	0.233162	0.436106	0.436106	0.233162	0	0.243556	0.252237	0.247689	0.256517	0.932221	0.356722	0.865496	0.583606	
3203000	-511.392926	1	1054	0.249246	0.465114	0.465114	0.249246	0	0.245691	0.251207	0.248758	0.254343	0.065564	0.503964	0.756652	0.163288	
3204000	-511.955947	1	3028	0.275216	0.461874	0.461874	0.275216	0	0.246628	0.257322	0.242762	0.253288	0.361519	0.368872	0.407101	0.976075	
3205000	-512.316560	1	1718	0.293761	0.485515	0.485515	0.293761	0	0.247690	0.255657	0.244396	0.252257	0.316476	0.695772	0.844799	0.963161	
3206000	-511.447368	1	929	0.265302	0.473814	0.473814	0.265302	0	0.246622	0.253468	0.246533	0.253377	0.224136	0.788307	0.607208	0.309832	
3207000	-511.694728	1	3116	0.239025	0.488366	0.488366	0.239025	0	0.245894	0.244583	0.255442	0.254081	0.990226	0.227960	0.041790	0.778999	
3208000	-511.385707	1	1943	0.248537	0.467401	0.467401	0.248537	0	0.245731	0.250596	0.249368	0.254305	0.244609	0.903137	0.655139	0.286292	
3209000	-512.535289	1	2074	0.225981	0.495636	0.495636	0.225981	0	0.245325	0.238844	0.261368	0.254463	0.838164	0.316733	0.849262	0.416587	
3210000	-511.327711	1	947	0.259521	0.481005	0.481005	0.259521	0	0.246604	0.251168	0.248811	0.253416	0.525642	0.330262	0.511851	0.589622	
3211000	-513.285238	1	906	0.251204	0.507513	0.507513	0.251204	1	0.246950	0.246162	0.253849	0.253039	0.871736	0.251502	0.029252	0.268302	
3212000	-512.392906	1	2088	0.237743	0.409036	0.409036	0.237743	0	0.242493	0.263468	0.236779	0.257260	0.574086	0.833177	0.136771	0.312026	
3213000	-511.506327	1	2631	0.240628	0.458919	0.458919	0.240628	0	0.245008	0.249694	0.250256	0.255042	0.159610	0.822452	0.406298	0.514381	
3214000	-511.731620	1	1106	0.289236	0.530319	0.530319	0.289236	0	0.248343	0.250650	0.249346	0.251661	0.038527	0.450897	0.597271	0.561557	
3215000	-511.881576	1	1790	0.256275	0.438511	0.438511	0.256275	0	0.245077	0.259094	0.241022	0.254807	0.199603	0.658265	0.102897	0.855320	
3216000	-513.636937	1	1957	0.232655	0.480187	0.480187	0.232655	1	0.245257	0.243281	0.256766	0.254697	0.358013	0.852061	0.472378	0.148132	
3217000	-511.760225	1	1439	0.290273	0.532319	0.532319	0.290273	0	0.248388	0.250617	0.249378	0.251616	0.604332	0.561467	0.094162	0.478084	
3218000	-513.118816	1	1365	0.251466	0.481407	0.481407	0.251466	1	0.246289	0.249185	0.250789	0.253737	0.430759	0.524153	0.295299	0.335145	
3219000	-511.837376	1	2	0.291636	0.512307	0.512307	0.291636	0	0.248121	0.252366	0.247638	0.251875	0.178384	0.832608	0.892806	0.074221	
3220000	-511.338552	1	1711	0.265224	0.497947	0.497947	0.265224	0	0.247211	0.250155	0.249829	0.252805	0.607459	0.244442	0.348124	0.439875	
3221000	-511.515635	1	1991	0.278237	0.499884	0.499884	0.278237	0	0.247611	0.252048	0.247949	0.252392	0.363663	0.005220	0.477573	0.674887	
3222000	-511.850464	1	1800	0.228568	0.444004	0.444004	0.228568	0	0.243549	0.248143	0.251779	0.256529	0.377147	0.138710	0.886770	0.996756	
3223000	-513.215880	1	1450	0.247889	0.464402	0.464402	0.247889	1	0.245599	0.250951	0.249011	0.254439	0.778239	0.959802	0.934374	0.535239	
3224000	-511.729223	1	913	0.243303	0.436778	0.436778	0.243303	0	0.244288	0.255862	0.244142	0.255708	0.907167	0.839116	0.951959	0.711900	
3225000	-511.342953	1	2697	0.264021	0.500523	0.500523	0.264021	0	0.247230	0.249646	0.250339	0.252785	0.531513	0.577879	0.450521	0.181807	
3226000	-511.758840	1	1255	0.259436	0.447033	0.447033	0.259436	0	0.245549	0.257630	0.242446	0.254375	0.943074	0.025858	0.177421	0.343258	
3227000	-511.441696	1	686	0.275099	0.510167	0.510167	0.275099	0	0.247729	0.250541	0.249449	0.252280	0.293551	0.363624	0.571067	0.239909	
3228000	-513.723687	1	28	0.231947	0.435595	0.435595	0.231947	1	0.243436	0.251862	0.248058	0.256644	0.583371	0.667576	0.100040	0.534815	
3229000	-512.853619	1	2850	0.215398	0.474936	0.474936	0.215398	0	0.243663	0.235736	0.264604	0.255997	0.034394	0.171150	0.922787	0.332963	
3230000	-511.442114	1	953	0.272479	0.516090	0.516090	0.272479	0	0.247773	0.249617	0.250374	0.252237	0.287192	0.858849	0.400183	0.983165	
3231000	-511.441826	1	369	0.275195	0.503950	0.503950	0.275195	0	0.247614	0.251172	0.248820	0.252395	0.003906	0.319789	0.093731	0.322062	
3232000	-511.891302	1	3645	0.295313	0.528826	0.528826	0.295313	0	0.248424	0.251347	0.248652	0.251577	0.848185	0.623459	0.348304	0.388142	
3233000	-512.129178	1	3214	0.270349	0.447395	0.447395	0.270349	0	0.246010	0.259689	0.240465	0.253836	0.520868	0.539672	0.325775	0.349157	
3234000	-513.433102	1	562	0.279097	0.484728	0.484728	0.279097	1	0.247315	0.254073	0.245945	0.252666	0.874938	0.513439	0.998780	0.618672	
3235000	-512.053749	1	2424	0.228983	0.423994	0.423994	0.228983	0	0.242614	0.254088	0.245836	0.257462	0.173852	0.772227	0.411772	0.211116	
3236000	-512.697972	1	3770	0.217033	0.473621	0.473621	0.217033	0	0.243771	0.236821	0.263459	0.255949	0.606234	0.229787	0.534606	0.910228	
3237000	-511.539694	1	3738	0.256376	0.455235	0.455235	0.256376	0	0.245698	0.255038	0.244976	0.254288	0.070400	0.007198	0.531217	0.412045	
3238000	-513.232532	1	2810	0.281390	0.513769	0.513769	0.281390	1	0.247936	0.251071	0.248922	0.252070	0.064393	0.783942	0.352122	0.516749	
3239000	-511.379667	1	34	0.250882	0.466677	0.466677	0.250882	0	0.245821	0.251377	0.248592	0.254211	0.112031	0.717222	0.760746	0.417057	
3240000	-512.257232	1	2256	0.295261	0.492302	0.492302	0.295261	0	0.247852	0.254901	0.245138	0.252110	0.670271	0.466954	0.952139	0.654052	
3241000	-511.950694	1	2902	0.297296	0.531374	0.531374	0.297296	0	0.248489	0.251340	0.248659	0.251512	0.148307	0.691499	0.707710	0.864710	
3242000	-511.429532	1	2847	0.247990	0.487920	0.487920	0.247990	0	0.246320	0.247382	0.252604	0.253694	0.560482	0.896502	0.448002	0.717200	
3243000	-511.784526	1	3655	0.230452	0.461445	0.461445	0.230452	0	0.244425	0.245288	0.254693	0.255593	0.656941	0.093203	0.353907	0.185860	
3244000	-513.616856	1	1784	0.214948	0.500732	0.500732	0.214948	0	0.244631	0.233146	0.267389	0.254834	0.824064	0.147598	0.734708	0.498944	
3245000	-511.641538	1	1499	0.278943	0.487427	0.487427	0.278943	0	0.247372	0.253679	0.246335	0.252615	0.472881	0.098342	0.346476	0.651294	
3246000	-511.571701	1	3576	0.278720	0.528937	0.528937	0.278720	0	0.248126	0.249517	0.250476	0.251880	0.025147	0.853971	0.706294	0.851224	
3247000	-513.346945	1	1539	0.282507	0.499776	0.499776	0.282507	1	0.247710	0.252627	0.247376	0.252287	0.843787	0.020397	0.202024	0.523171	
3248000	-511.575753	1	753	0.256338	0.452987	0.452987	0.256338	0	0.245619	0.255521	0.244502	0.254359	0.668467	0.381059	0.756445	0.019818	
3249000	-512.479388	1	818	0.296959	0.486271	0.486271	0.296959	0	0.247773	0.255845	0.244213	0.252169	0.678657	0.873283	0.791168	0.387707	
3250000	-511.744366	1	277	0.272271	0.541487	0.541487	0.272271	0	0.248182	0.247855	0.252148	0.251815	0.491970	0.168468	0.532760	0.737364	
3251000	-511.815004	1	3430	0.272976	0.464220	0.464220	0.272976	0	0.246621	0.256520	0.243542	0.253318	0.519211	0.722387	0.673758	0.722591	
3252000	-512.150817	1	966	0.223451	0.426589	0.426589	0.223451	0	0.242236	0.250471	0.249408	0.257886	0.564267	0.595103	0.327376	0.894343	
3253000	-511.354002	1	284	0.251997	0.471542	0.471542	0.251997	0	0.246024	0.250835	0.249135	0.254006	0.640103	0.661817	0.451075	0.093397	
3254000	-513.329073	1	3877	0.256224	0.519932	0.519932	0.256224	1	0.247394	0.246332	0.253681	0.252593	0.389538	0.199726	0.634705	0.598938	
3255000	-512.991576	1	512	0.210146	0.404723	0.404723	0.210146	0	0.239328	0.250276	0.249492	0.260904	0.444918	0.675279	0.502605	0.543541	
3256000	-511.661761	1	1555	0.234176	0.463856	0.463856	0.234176	0	0.244780	0.246386	0.253585	0.255249	0.128583	0.228030	0.697749	0.745350	
3257000	-512.285557	1	639	0.274291	0.567341	0.567341	0.274291	0	0.248562	0.247053	0.252960	0.251425	0.128113	0.528558	0.049053	0.684717	
3258000	-511.943045	1	1402	0.229468	0.430732	0.430732	0.229468	0	0.243000	0.252169	0.247741	0.257090	0.325207	0.750723	0.561842	0.746462	
3259000	-513.132102	1	421	0.252195	0.474333	0.474333	0.252195	1	0.246116	0.250435	0.249535	0.253914	0.123860	0.482467	0.998431	0.942536	
3260000	-511.447368	1	929	0.265302	0.473814	0.473814	0.265302	0	0.246622	0.253468	0.246533	0.253377	0.838091	0.059647	0.130478	0.918381	
3261000	-511.416051	1	2586	0.245227	0.468216	0.468216	0.245227	0	0.245589	0.249475	0.250487	0.254449	0.352810	0.464326	0.568249	0.542453	
3262000	-513.416220	1	3707	0.220385	0.509842	0.509842	0.220385	0	0.245390	0.235338	0.265065	0.254207	0.500796	0.301953	0.287680	0.624778	
3263000	-511.794924	1	1550	0.229810	0.448727	0.448727	0.229810	0	0.243857	0.247598	0.252337	0.256208	0.015418	0.014281	0.593505	0.830644	
3264000	-513.300935	1	2834	0.276689	0.488967	0.488967	0.276689	1	0.247344	0.253155	0.246851	0.252651	0.574939	0.444347	0.931292	0.119713	
3265000	-512.001352	1	3627	0.298986	0.536996	0.536996	0.298986	0	0.248583	0.251103	0.248895	0.251418	0.059355	0.221610	0.537661	0.613960	
3266000	-513.217565	1	2950	0.244791	0.472214	0.472214	0.244791	1	0.245695	0.248676	0.251290	0.254339	0.839123	0.257710	0.665832	0.493685	
3267000	-511.993345	1	1416	0.282776	0.559402	0.559402	0.282776	0	0.248605	0.248359	0.251642	0.251393	0.913121	0.767127	0.492483	0.615118	
3268000	-511.537278	1	2537	0.254240	0.510169	0.510169	0.254240	0	0.247122	0.246656	0.253350	0.252872	0.303819	0.015371	0.285293	0.542821	
3269000	-513.347613	1	3471	0.245191	0.452579	0.452579	0.245191	1	0.245037	0.252527	0.247437	0.255000	0.332154	0.692779	0.911716	0.494861	
3270000	-512.134029	1	3166	0.254542	0.539335	0.539335	0.254542	0	0.247715	0.244834	0.255209	0.252241	0.170270	0.693288	0.746530	0.200969	
3271000	-515.245800	1	406	0.319086	0.502663	0.502663	0.319086	1	0.248428	0.255324	0.244727	0.251521	0.901476	0.211970	0.336187	0.202891	
3272000	-511.605343	1	2049	0.235961	0.457213	0.457213	0.235961	0	0.244649	0.248335	0.251612	0.255404	0.581954	0.074540	0.167664	0.730079	
3273000	-511.590162	1	2198	0.248138	0.446313	0.446313	0.248138	0	0.244963	0.254881	0.245116	0.255040	0.334561	0.573700	0.165855	0.255368	
3274000	-512.042736	1	2315	0.300236	0.535623	0.535623	0.300236	0	0.248585	0.251295	0.248705	0.251416	0.242292	0.947073	0.952355	0.157294	
3275000	-511.708365	1	1428	0.243477	0.437966	0.437966	0.243477	0	0.244350	0.255589	0.244409	0.255651	0.449355	0.812057	0.004435	0.207969	
3276000	-511.631064	1	2503	0.235004	0.456099	0.456099	0.235004	0	0.244541	0.248189	0.251757	0.255513	0.798620	0.796209	0.432044	0.602911	
3277000	-511.337889	1	1304	0.252709	0.476646	0.476646	0.252709	0	0.246208	0.250205	0.249766	0.253821	0.785068	0.304772	0.158595	0.602564	
3278000	-512.010661	1	3592	0.286877	0.560739	0.560739	0.286877	0	0.248681	0.248741	0.251258	0.251319	0.846951	0.224005	0.539598	0.878331	
3279000	-513.153170	1	3729	0.257923	0.472350	0.472350	0.257923	1	0.246300	0.252157	0.247825	0.253718	0.399061	0.971223	0.240453	0.559791	
3280000	-511.525386	1	3754	0.273496	0.526058	0.526058	0.273496	0	0.247969	0.248993	0.251001	0.252038	0.659495	0.892931	0.357677	0.570618	
3281000	-511.930756	1	310	0.239538	0.503740	0.503740	0.239538	0	0.246358	0.243198	0.256869	0.253575	0.121070	0.870952	0.027784	0.845333	
3282000	-511.465427	1	1008	0.258842	0.511268	0.511268	0.258842	0	0.247299	0.247572	0.252425	0.252704	0.629611	0.811929	0.548411	0.691594	
3283000	-511.329010	1	2816	0.254834	0.477902	0.477902	0.254834	0	0.246334	0.250545	0.249428	0.253692	0.650462	0.139957	0.094147	0.419521	
3284000	-512.173519	1	3381	0.303057	0.555045	0.555045	0.303057	0	0.248834	0.250403	0.249595	0.251168	0.366250	0.616759	0.282926	0.348278	
3285000	-511.711486	1	24	0.263668	0.454543	0.454543	0.263668	0	0.245986	0.256804	0.243256	0.253954	0.062838	0.825681	0.714817	0.973902	
3286000	-511.329640	1	1796	0.261402	0.483529	0.483529	0.261402	0	0.246739	0.251210	0.248772	0.253279	0.961267	0.719765	0.080007	0.847225	
3287000	-512.151420	1	1965	0.224791	0.471960	0.471960	0.224791	0	0.244394	0.241021	0.259081	0.255505	0.373014	0.246285	0.566034	0.539351	
3288000	-512.827851	1	292	0.216714	0.478614	0.478614	0.216714	0	0.243943	0.236033	0.264297	0.255727	0.964958	0.674330	0.859979	0.999125	
3289000	-511.857843	1	2817	0.233603	0.483621	0.483621	0.233603	0	0.245432	0.243210	0.256841	0.254516	0.711625	0.292921	0.410742	0.568522	
3290000	-511.535265	1	1222	0.272778	0.526984	0.526984	0.272778	0	0.247968	0.248821	0.251173	0.252038	0.242426	0.413406	0.973313	0.596119	
3291000	-513.847030	1	1828	0.262012	0.441138	0.441138	0.262012	1	0.245444	0.259688	0.240457	0.254411	0.739677	0.489505	0.599322	0.400843	
3292000	-511.352742	1	1569	0.254572	0.471590	0.471590	0.254572	0	0.246139	0.251483	0.248491	0.253886	0.320396	0.981833	0.743451	0.364533	
3293000	-511.608244	1	42	0.236124	0.465975	0.465975	0.236124	0	0.244986	0.246764	0.253206	0.255044	0.225741	0.287388	0.936714	0.413863	
3294000	-511.402644	1	3485	0.269988	0.489729	0.489729	0.269988	0	0.247171	0.251996	0.247995	0.252837	0.783217	0.225087	0.128617	0.944357	
3295000	-513.379279	1	1522	0.289195	0.525749	0.525749	0.289195	1	0.248277	0.250981	0.249015	0.251727	0.010435	0.416294	0.577013	0.478129	
3296000	-511.371167	1	1170	0.252616	0.467958	0.467958	0.252616	0	0.245942	0.251610	0.248362	0.254086	0.099236	0.413277	0.400215	0.225969	
3297000	-513.525694	1	3364	0.250934	0.521890	0.521890	0.250934	1	0.247260	0.244993	0.255042	0.252704	0.015878	0.006327	0.710891	0.404195	
3298000	-511.340142	1	1332	0.257159	0.494150	0.494150	0.257159	0	0.246852	0.248931	0.251051	0.253166	0.942355	0.031074	0.298608	0.692121	
3299000	-511.490251	1	2848	0.246735	0.491659	0.491659	0.246735	0	0.246367	0.246582	0.253415	0.253636	0.670488	0.472178	0.534868	0.117451	
3300000	-511.466178	1	2927	0.276403	0.513897	0.513897	0.276403	0	0.247828	0.250388	0.249603	0.252181	0.407259	0.715671	0.342986	0.406606	
3301000	-511.362186	1	547	0.259463	0.474294	0.474294	0.259463	0	0.246418	0.252184	0.247800	0.253598	0.678963	0.789836	0.436377	0.409172	
3302000	-511.458523	1	3033	0.243709	0.460313	0.460313	0.243709	0	0.245237	0.250447	0.249508	0.254808	0.638199	0.573668	0.014412	0.966077	
3303000	-511.715970	1	203	0.288955	0.524181	0.524181	0.288955	0	0.248251	0.251075	0.248922	0.251753	0.438835	0.363093	0.919952	0.108933	
3304000	-513.288930	1	2681	0.284161	0.514660	0.514660	0.284161	1	0.248009	0.251332	0.248663	0.251995	0.192968	0.364004	0.968445	0.788182	
3305000	-511.421587	1	325	0.253610	0.499432	0.499432	0.253610	0	0.246850	0.247524	0.252468	0.253158	0.082948	0.164485	0.615916	0.101780	
3306000	-511.711407	1	2528	0.256852	0.524368	0.524368	0.256852	0	0.247503	0.246159	0.253859	0.252480	0.250847	0.198420	0.313352	0.821930	
3307000	-512.795425	1	910	0.291790	0.463659	0.463659	0.291790	0	0.247157	0.259013	0.241131	0.252699	0.335990	0.749869	0.519147	0.258050	
3308000	-511.812952	1	2777	0.241812	0.502831	0.502831	0.241812	0	0.246442	0.243988	0.256059	0.253510	0.800204	0.386956	0.141125	0.096326	
3309000	-511.346551	1	1919	0.266687	0.498411	0.498411	0.266687	0	0.247265	0.250372	0.249613	0.252749	0.919848	0.085085	0.300611	0.607452	
3310000	-515.435540	1	3228	0.202649	0.453652	0.453652	0.202649	1	0.241031	0.230281	0.270373	0.258314	0.899939	0.892888	0.313292	0.428065	
3311000	-513.550639	1	1996	0.249137	0.441503	0.441503	0.249137	1	0.244826	0.256393	0.243635	0.255146	0.806093	0.191056	0.209739	0.927260	
3312000	-511.859027	1	3808	0.292500	0.513644	0.513644	0.292500	0	0.248158	0.252328	0.247676	0.251838	0.968695	0.762442	0.535309	0.852590	
3313000	-511.321023	1	258	0.260417	0.492497	0.492497	0.260417	0	0.246928	0.249835	0.250146	0.253091	0.950517	0.871400	0.682318	0.101452	
3314000	-511.378408	1	2364	0.270299	0.499292	0.499292	0.270299	0	0.247389	0.250902	0.249086	0.252623	0.990195	0.509090	0.458244	0.604217	
3315000	-511.356401	1	1321	0.261708	0.478389	0.478389	0.261708	0	0.246615	0.252024	0.247961	0.253399	0.324275	0.267258	0.921445	0.595223	
3316000	-513.409231	1	1834	0.242410	0.448885	0.448885	0.242410	1	0.244733	0.252461	0.247495	0.255311	0.604476	0.262175	0.155139	0.511116	
3317000	-511.922505	1	1276	0.226297	0.445962	0.445962	0.226297	0	0.243444	0.246602	0.253334	0.256620	0.300728	0.113263	0.500784	0.423944	
3318000	-513.063206	1	3640	0.263979	0.497243	0.497243	0.263979	1	0.247155	0.249999	0.249984	0.252862	0.567725	0.390252	0.882771	0.633824	
3319000	-511.349738	1	390	0.259922	0.499536	0.499536	0.259922	0	0.247076	0.248930	0.251055	0.252939	0.902932	0.330195	0.471168	0.433121	
3320000	-511.478694	1	634	0.269256	0.520906	0.520906	0.269256	0	0.247780	0.248716	0.251277	0.252227	0.711014	0.587853	0.590651	0.578721	
3321000	-512.881945	1	591	0.260645	0.571335	0.571335	0.260645	0	0.248361	0.244934	0.255113	0.251593	0.556132	0.638301	0.850301	0.400554	
3322000	-513.523586	1	3786	0.200010	0.424847	0.424847	0.200010	0	0.238932	0.234698	0.265538	0.260832	0.870606	0.922734	0.275850	0.767913	
3323000	-511.477102	1	2250	0.259741	0.513315	0.513315	0.259741	0	0.247370	0.247584	0.252414	0.252633	0.316493	0.444084	0.779574	0.114916	
3324000	-511.553746	1	2699	0.247725	0.448625	0.448625	0.247725	0	0.245029	0.254204	0.245782	0.254985	0.160609	0.037295	0.454367	0.319573	
3325000	-511.883467	1	2222	0.288819	0.551354	0.551354	0.288819	0	0.248604	0.249360	0.250637	0.251399	0.878673	0.796991	0.924735	0.843790	
3326000	-511.370035	1	730	0.252932	0.491495	0.491495	0.252932	0	0.246625	0.248245	0.251738	0.253392	0.704472	0.250041	0.925438	0.223479	
3327000	-511.367367	1	3630	0.249277	0.478971	0.478971	0.249277	0	0.246123	0.248946	0.251026	0.253905	0.695961	0.473146	0.796452	0.236703	
3328000	-511.816821	1	3681	0.272448	0.545558	0.545558	0.272448	0	0.248245	0.247671	0.252333	0.251750	0.518356	0.675925	0.428307	0.665294	
3329000	-511.457751	1	2378	0.251391	0.457547	0.457547	0.251391	0	0.245542	0.253274	0.246708	0.254476	0.179216	0.301410	0.959698	0.858259	
3330000	-513.433102	1	562	0.279097	0.484728	0.484728	0.279097	1	0.247315	0.254073	0.245945	0.252666	0.160166	0.494777	0.694598	0.423521	
3331000	-513.067617	1	260	0.260542	0.497677	0.497677	0.260542	1	0.247053	0.249264	0.250720	0.252964	0.472505	0.388120	0.820367	0.104543	
3332000	-511.487422	1	1235	0.274392	0.521443	0.521443	0.274392	0	0.247912	0.249469	0.250522	0.252096	0.849038	0.366198	0.700254	0.522111	
3333000	-511.369079	1	2385	0.261937	0.504438	0.504438	0.261937	0	0.247250	0.248836	0.251151	0.252762	0.387749	0.131806	0.737744	0.631405	
3334000	-511.614731	1	3840	0.238888	0.480823	0.480823	0.238888	0	0.245653	0.245484	0.254519	0.254344	0.192027	0.869769	0.163284	0.232063	
3335000	-511.522298	1	1062	0.240211	0.473197	0.473197	0.240211	0	0.245481	0.247040	0.252936	0.254543	0.764831	0.492526	0.971647	0.703573	
3336000	-511.404236	1	98	0.248484	0.463670	0.463670	0.248484	0	0.245606	0.251258	0.248707	0.254430	0.949470	0.089786	0.497550	0.003548	
3337000	-513.155515	1	775	0.318146	0.516323	0.516323	0.318146	0	0.248596	0.253953	0.246074	0.251377	0.188586	0.350170	0.657339	0.164946	
3338000	-513.363397	1	3598	0.255897	0.521555	0.521555	0.255897	1	0.247417	0.246147	0.253870	0.252567	0.958781	0.614061	0.421607	0.060281	
3339000	-513.336107	1	3286	0.283381	0.539732	0.539732	0.283381	1	0.248368	0.249401	0.250594	0.251636	0.373299	0.915486	0.720023	0.474182	
3340000	-511.518734	1	436	0.262028	0.519032	0.519032	0.262028	0	0.247552	0.247579	0.252421	0.252448	0.875836	0.038111	0.653458	0.361015	
3341000	-512.150372	1	809	0.302339	0.527511	0.527511	0.302339	0	0.248515	0.252033	0.247971	0.251481	0.684909	0.556608	0.831096	0.790031	
3342000	-513.187201	1	3247	0.255302	0.467320	0.467320	0.255302	1	0.246040	0.252403	0.247578	0.253980	0.196769	0.730520	0.336738	0.554247	
3343000	-511.592496	1	2495	0.279812	0.494747	0.494747	0.279812	0	0.247548	0.252861	0.247144	0.252448	0.069779	0.381836	0.544083	0.473170	
3344000	-511.359750	1	1502	0.251048	0.484262	0.484262	0.251048	0	0.246352	0.248681	0.251296	0.253671	0.034021	0.639410	0.765030	0.932455	
3345000	-511.471182	1	3662	0.261557	0.514846	0.514846	0.261557	0	0.247456	0.247819	0.252177	0.252548	0.424604	0.099950	0.865705	0.830539	
3346000	-511.976050	1	59	0.239068	0.424289	0.424289	0.239068	0	0.243422	0.258217	0.241831	0.256529	0.809252	0.176982	0.143464	0.180844	
3347000	-511.645908	1	1036	0.283882	0.503272	0.503272	0.283882	0	0.247808	0.252412	0.247590	0.252190	0.885139	0.956478	0.913690	0.557294	
3348000	-511.940763	1	2639	0.235280	0.426169	0.426169	0.235280	0	0.243239	0.256123	0.243861	0.256777	0.365604	0.473384	0.403424	0.406361	
3349000	-511.558302	1	184	0.260724	0.520360	0.520360	0.260724	0	0.247540	0.247226	0.252777	0.252457	0.739030	0.348449	0.560273	0.387108	
3350000	-513.682186	1	398	0.291009	0.497716	0.497716	0.291009	1	0.247860	0.253833	0.246188	0.252120	0.922715	0.336150	0.438244	0.465872	
3351000	-513.438509	1	3388	0.235607	0.461393	0.461393	0.235607	1	0.244783	0.247392	0.252567	0.255259	0.949423	0.554784	0.241975	0.170193	
3352000	-511.725386	1	3683	0.242032	0.436855	0.436855	0.242032	0	0.244211	0.255410	0.244581	0.255797	0.955422	0.099176	0.371514	0.235591	
3353000	-512.321118	1	1487	0.307006	0.561616	0.561616	0.307006	0	0.248941	0.250372	0.249626	0.251061	0.431784	0.138417	0.366247	0.381592	
3354000	-513.228291	1	1772	0.269435	0.480454	0.480454	0.269435	1	0.246932	0.253190	0.246811	0.253067	0.718834	0.268830	0.068156	0.896152	
3355000	-512.367471	1	1512	0.216746	0.440466	0.440466	0.216746	0	0.242240	0.242760	0.257224	0.257776	0.196001	0.178947	0.243761	0.134620	
3356000	-513.556234	1	3358	0.236012	0.442879	0.442879	0.236012	1	0.244068	0.251595	0.248339	0.255998	0.102705	0.060359	0.124740	0.349670	
3357000	-511.767036	1	357	0.234859	0.437181	0.437181	0.234859	0	0.243733	0.252640	0.247295	0.256332	0.149934	0.312064	0.817626	0.967253	
3358000	-513.660391	1	2808	0.233728	0.486395	0.486395	0.233728	1	0.245528	0.242926	0.257135	0.254410	0.204549	0.015632	0.238518	0.636723	
3359000	-513.189660	1	1465	0.252794	0.466189	0.466189	0.252794	1	0.245893	0.251974	0.248000	0.254133	0.815049	0.465904	0.897380	0.593310	
3360000	-513.886561	1	2331	0.304583	0.528173	0.528173	0.304583	1	0.248555	0.252153	0.247852	0.251440	0.930802	0.895151	0.861103	0.084186	
3361000	-512.776327	1	2836	0.310512	0.594074	0.594074	0.310512	0	0.249227	0.249480	0.250520	0.250773	0.705875	0.694865	0.821864	0.248377	
3362000	-511.763455	1	1166	0.290405	0.518947	0.518947	0.290405	0	0.248200	0.251650	0.248349	0.251801	0.379897	0.335027	0.427870	0.429964	
3363000	-511.474588	1	797	0.277303	0.512014	0.512014	0.277303	0	0.247815	0.250685	0.249306	0.252193	0.401461	0.312924	0.627622	0.205413	
3364000	-511.888779	1	3056	0.234320	0.429403	0.429403	0.234320	0	0.243326	0.254699	0.245256	0.256719	0.803857	0.472480	0.602762	0.085556	
3365000	-511.367406	1	1105	0.251241	0.486741	0.486741	0.251241	0	0.246429	0.248405	0.251574	0.253592	0.038139	0.354519	0.525319	0.815634	
3366000	-512.181462	1	3244	0.226718	0.419162	0.419162	0.226718	0	0.242148	0.254669	0.245251	0.257933	0.816675	0.535862	0.991015	0.811082	
3367000	-511.869421	1	1296	0.245394	0.513137	0.513137	0.245394	0	0.246857	0.244182	0.255867	0.253094	0.959083	0.086187	0.489849	0.236695	
3368000	-511.413343	1	1268	0.251785	0.494999	0.494999	0.251785	0	0.246669	0.247553	0.252437	0.253342	0.022653	0.909259	0.355728	0.529864	
3369000	-511.451224	1	2368	0.267524	0.477575	0.477575	0.267524	0	0.246798	0.253285	0.246716	0.253201	0.815948	0.392763	0.756067	0.947938	
3370000	-511.802434	1	587	0.280215	0.547873	0.547873	0.280215	0	0.248422	0.248582	0.251417	0.251579	0.377157	0.664601	0.044183	0.574678	
3371000	-511.535826	1	1506	0.263176	0.463678	0.463678	0.263176	0	0.246253	0.254840	0.245179	0.253728	0.763911	0.969896	0.894354	0.406179	
3372000	-511.779075	1	1742	0.233717	0.437610	0.437610	0.233717	0	0.243668	0.252053	0.247874	0.256405	0.162169	0.363269	0.684912	0.252641	
3373000	-513.393591	1	2658	0.243037	0.449788	0.449788	0.243037	1	0.244806	0.252461	0.247496	0.255236	0.057513	0.872460	0.052565	0.021294	
3374000	-511.770594	1	1404	0.262283	0.449973	0.449973	0.262283	0	0.245776	0.257549	0.242529	0.254146	0.638206	0.854049	0.875290	0.245775	
3375000	-511.481995	1	3704	0.241884	0.473356	0.473356	0.241884	0	0.245579	0.247572	0.252400	0.254448	0.299392	0.005849	0.277376	0.325334	
3376000	-511.377099	1	3755	0.255442	0.468353	0.468353	0.255442	0	0.246079	0.252252	0.247727	0.253942	0.642539	0.650647	0.808720	0.296300	
3377000	-513.381619	1	1997	0.245588	0.501824	0.501824	0.245588	1	0.246584	0.245193	0.254830	0.253393	0.798556	0.180577	0.669403	0.725865	
3378000	-511.644250	1	3838	0.244147	0.497966	0.497966	0.244147	0	0.246420	0.245153	0.254869	0.253558	0.413534	0.134980	0.579096	0.205292	
3379000	-511.601561	1	2117	0.283267	0.508271	0.508271	0.283267	0	0.247884	0.251824	0.248174	0.252119	0.657164	0.200786	0.230193	0.314328	
3380000	-511.832696	1	3663	0.280752	0.549844	0.549844	0.280752	0	0.248456	0.248550	0.251449	0.251544	0.350368	0.572912	0.213237	0.376156	
3381000	-513.175405	1	3905	0.257294	0.509637	0.509637	0.257294	1	0.247212	0.247387	0.252611	0.252790	0.858711	0.541054	0.640384	0.116002	
3382000	-511.447368	1	929	0.265302	0.473814	0.473814	0.265302	0	0.246622	0.253468	0.246533	0.253377	0.247177	0.007022	0.298567	0.518464	
3383000	-511.377834	1	2805	0.258986	0.471638	0.471638	0.258986	0	0.246324	0.252515	0.247470	0.253691	0.778135	0.058381	0.768567	0.514528	
3384000	-512.526795	1	737	0.220611	0.408808	0.408808	0.220611	0	0.240916	0.255399	0.244494	0.259192	0.509550	0.397555	0.092019	0.118591	
3385000	-512.033729	1	347	0.229595	0.424557	0.424557	0.229595	0	0.242697	0.254186	0.245742	0.257375	0.996738	0.968752	0.875580	0.680003	
3386000	-513.854370	1	1490	0.290292	0.576127	0.576127	0.290292	1	0.248882	0.248521	0.251481	0.251116	0.915452	0.273953	0.697359	0.829027	
3387000	-511.407156	1	2195	0.251486	0.493612	0.493612	0.251486	0	0.246621	0.247634	0.252354	0.253391	0.340711	0.052144	0.104150	0.833473	
3388000	-511.784833	1	3155	0.234790	0.435882	0.435882	0.234790	0	0.243669	0.252974	0.246963	0.256394	0.680121	0.270016	0.867995	0.866048	
3389000	-512.321536	1	2759	0.303215	0.513696	0.513696	0.303215	0	0.248343	0.253252	0.246764	0.251641	0.067060	0.631581	0.556120	0.698235	
3390000	-513.178419	1	2747	0.274726	0.497172	0.497172	0.274726	1	0.247465	0.251848	0.248146	0.252541	0.376457	0.424617	0.247686	0.438066	
3391000	-513.222674	1	2911	0.253428	0.506857	0.506857	0.253428	1	0.247017	0.246759	0.253244	0.252980	0.746933	0.475249	0.005903	0.182854	
3392000	-511.389729	1	10	0.257655	0.502345	0.502345	0.257655	0	0.247063	0.248153	0.251837	0.252947	0.819503	0.876481	0.867964	0.000130	
3393000	-511.384721	1	2669	0.267362	0.485486	0.485486	0.267362	0	0.246990	0.252100	0.247891	0.253019	0.120479	0.033823	0.164696	0.995205	
3394000	-512.553518	1	2132	0.266909	0.429906	0.429906	0.266909	0	0.245216	0.263859	0.236473	0.254451	0.745073	0.712418	0.407180	0.181491	
3395000	-511.384590	1	2171	0.260817	0.505492	0.505492	0.260817	0	0.247238	0.248508	0.251481	0.252773	0.531944	0.404223	0.217053	0.408693	
3396000	-511.587589	1	2673	0.278490	0.491122	0.491122	0.278490	0	0.247439	0.253130	0.246876	0.252554	0.972520	0.264625	0.531237	0.247572	
3397000	-512.223496	1	810	0.276849	0.454526	0.454526	0.276849	0	0.246468	0.259079	0.241059	0.253394	0.614556	0.914443	0.246195	0.684253	
3398000	-511.415382	1	3085	0.245510	0.466678	0.466678	0.245510	0	0.245553	0.249829	0.250131	0.254486	0.485711	0.664366	0.220949	0.460614	
3399000	-511.635769	1	3088	0.255897	0.449206	0.449206	0.255897	0	0.245465	0.256279	0.243759	0.254498	0.634497	0.567763	0.249892	0.447346	
3400000	-511.614731	1	3840	0.238888	0.480823	0.480823	0.238888	0	0.245653	0.245484	0.254519	0.254344	0.362760	0.040321	0.440084	0.536768	
3401000	-511.478694	1	634	0.269256	0.520906	0.520906	0.269256	0	0.247780	0.248716	0.251277	0.252227	0.220900	0.138293	0.412990	0.410678	
3402000	-511.602247	1	2090	0.246681	0.500706	0.500706	0.246681	0	0.246604	0.245605	0.254410	0.253381	0.700820	0.967654	0.088315	0.402990	
3403000	-511.649558	1	3082	0.267333	0.463153	0.463153	0.267333	0	0.246394	0.255749	0.244291	0.253566	0.416488	0.267472	0.622924	0.786386	
3404000	-512.100577	1	895	0.224568	0.466849	0.466849	0.224568	0	0.244176	0.241691	0.258381	0.255752	0.779124	0.738039	0.440840	0.233996	
3405000	-512.100682	1	2793	0.230187	0.420483	0.420483	0.230187	0	0.242531	0.255857	0.244100	0.257512	0.119427	0.101040	0.709970	0.450172	
3406000	-511.626836	1	1380	0.277662	0.534971	0.534971	0.277662	0	0.248196	0.248980	0.251016	0.251809	0.402249	0.988923	0.217552	0.945758	
3407000	-511.879302	1	1987	0.282991	0.481428	0.481428	0.282991	0	0.247347	0.255060	0.244977	0.252616	0.587139	0.976269	0.995747	0.684049	
3408000	-511.723592	1	2065	0.252866	0.442113	0.442113	0.252866	0	0.245049	0.257265	0.242792	0.254895	0.725596	0.376688	0.337173	0.273557	
3409000	-513.095258	1	661	0.269983	0.509445	0.509445	0.269983	1	0.247584	0.249813	0.250176	0.252428	0.096069	0.218274	0.944130	0.834965	
3410000	-511.344796	1	1204	0.266601	0.496404	0.496404	0.266601	0	0.247219	0.250585	0.249401	0.252796	0.715278	0.797971	0.902318	0.715897	
3411000	-511.565449	1	3263	0.253655	0.451200	0.451200	0.253655	0	0.245429	0.255252	0.244761	0.254557	0.276228	0.794871	0.100054	0.275111	
3412000	-511.402726	1	3864	0.246449	0.467613	0.467613	0.246449	0	0.245633	0.249949	0.250013	0.254406	0.814544	0.576911	0.348961	0.127195	
3413000	-512.756535	1	46	0.262953	0.570736	0.570736	0.262953	0	0.248399	0.245325	0.254714	0.251562	0.329328	0.209013	0.810381	0.962225	
3414000	-511.385855	1	2782	0.270719	0.497493	0.497493	0.270719	0	0.247363	0.251175	0.248814	0.252648	0.440283	0.884443	0.396201	0.923071	
3415000	-512.198579	1	2758	0.284168	0.469010	0.469010	0.284168	0	0.247086	0.257211	0.242875	0.252828	0.356646	0.387471	0.714058	0.077318	
3416000	-513.238575	1	184	0.260724	0.520360	0.520360	0.260724	1	0.247539	0.247228	0.252776	0.252458	0.431140	0.301061	0.166270	0.407853	
3417000	-511.497133	1	118	0.277583	0.500643	0.500643	0.277583	0	0.247610	0.251872	0.248124	0.252395	0.499518	0.296704	0.729222	0.932198	
3418000	-511.468677	1	1525	0.275317	0.517454	0.517454	0.275317	0	0.247865	0.249926	0.250065	0.252144	0.679657	0.492886	0.589197	0.302145	
3419000	-511.693580	1	412	0.232814	0.454186	0.454186	0.232814	0	0.244311	0.247701	0.252244	0.255744	0.705497	0.472509	0.197227	0.064939	
3420000	-511.333298	1	3640	0.263979	0.497243	0.497243	0.263979	0	0.247156	0.249998	0.249986	0.252860	0.878168	0.474419	0.431447	0.385790	
3421000	-511.827023	1	344	0.287856	0.498378	0.498378	0.287856	0	0.247806	0.253417	0.246596	0.252180	0.113507	0.887784	0.230571	0.444116	
3422000	-511.770745	1	3767	0.230778	0.447172	0.447172	0.230778	0	0.243866	0.248382	0.251547	0.256205	0.648528	0.378074	0.108090	0.091515	
3423000	-511.354002	1	284	0.251997	0.471542	0.471542	0.251997	0	0.246024	0.250835	0.249135	0.254006	0.417389	0.256766	0.094562	0.072902	
3424000	-513.186028	1	2527	0.247099	0.471341	0.471341	0.247099	1	0.245785	0.249511	0.250453	0.254251	0.094430	0.276452	0.678481	0.964832	
3425000	-511.715730	1	3806	0.279217	0.541893	0.541893	0.279217	0	0.248324	0.248774	0.251224	0.251679	0.050939	0.330305	0.923778	0.475417	
3426000	-511.318327	1	1414	0.260973	0.489276	0.489276	0.260973	0	0.246868	0.250351	0.249629	0.253151	0.196651	0.561459	0.454862	0.563303	
3427000	-512.283970	1	3783	0.286719	0.574513	0.574513	0.286719	0	0.248823	0.248233	0.251771	0.251174	0.593341	0.500598	0.925257	0.497882	
3428000	-511.859422	1	2638	0.287279	0.550443	0.550443	0.287279	0	0.248570	0.249248	0.250749	0.251433	0.200022	0.535780	0.256029	0.319916	
3429000	-511.429532	1	2847	0.247990	0.487920	0.487920	0.247990	0	0.246320	0.247382	0.252604	0.253694	0.870291	0.850750	0.383467	0.262398	
3430000	-513.326644	1	3021	0.253636	0.515286	0.515286	0.253636	1	0.247212	0.246101	0.253914	0.252773	0.743550	0.163510	0.340559	0.605013	
3431000	-511.339110	1	136	0.265552	0.492464	0.492464	0.265552	0	0.247097	0.250859	0.249125	0.252919	0.125451	0.202894	0.678665	0.622532	
3432000	-511.482816	1	2979	0.241238	0.466714	0.466714	0.241238	0	0.245321	0.248454	0.251507	0.254719	0.646386	0.434147	0.758388	0.877222	
3433000	-513.163948	1	1256	0.252070	0.469190	0.469190	0.252070	1	0.245954	0.251254	0.248717	0.254076	0.391525	0.295367	0.826485	0.340422	
3434000	-513.521010	1	1545	0.288275	0.554883	0.554883	0.288275	1	0.248635	0.249138	0.250859	0.251367	0.283963	0.652798	0.621768	0.594540	
3435000	-511.363906	1	1954	0.268797	0.500753	0.500753	0.268797	0	0.247377	0.250488	0.249499	0.252636	0.068522	0.212491	0.689205	0.538942	
3436000	-511.860686	1	614	0.245037	0.430976	0.430976	0.245037	0	0.244137	0.258131	0.241932	0.255800	0.122217	0.490288	0.335549	0.376868	
3437000	-512.186649	1	2560	0.251964	0.537363	0.537363	0.251964	0	0.247603	0.244365	0.255687	0.252344	0.816123	0.363253	0.797246	0.847667	
3438000	-511.843364	1	2689	0.325223	0.488599	0.488599	0.242529	0	0.252966	0.252564	0.247432	0.247038	0.469201	0.662809	0.143177	0.940564	
3439000	-511.689996	1	104	0.284889	0.536258	0.536258	0.284889	0	0.248349	0.249783	0.250211	0.251656	0.892939	0.357913	0.583089	0.289823	
3440000	-513.986692	1	1824	0.221733	0.451522	0.451522	0.221733	1	0.243277	0.243066	0.256940	0.256717	0.553780	0.603347	0.022538	0.334835	
3441000	-511.359483	1	1768	0.251821	0.486659	0.486659	0.251821	0	0.246451	0.248566	0.251413	0.253570	0.057257	0.617063	0.878222	0.521487	
3442000	-511.407806	1	800	0.270459	0.490257	0.490257	0.270459	0	0.247197	0.252008	0.247984	0.252811	0.043208	0.782916	0.619277	0.544988	
3443000	-511.395053	1	661	0.269983	0.509445	0.509445	0.269983	0	0.247585	0.249811	0.250177	0.252426	0.508613	0.973826	0.315775	0.791175	
3444000	-511.765140	1	2363	0.235045	0.437132	0.437132	0.235045	0	0.243745	0.252729	0.247207	0.256319	0.420827	0.438946	0.468128	0.795812	
3445000	-513.945911	1	3502	0.275511	0.455804	0.455804	0.275511	1	0.246459	0.258609	0.241513	0.253419	0.417992	0.472460	0.311164	0.140674	
3446000	-511.629677	1	2343	0.235902	0.450544	0.450544	0.235902	0	0.244381	0.249726	0.250210	0.255682	0.382413	0.953854	0.014755	0.026358	
3447000	-513.155434	1	2654	0.268961	0.520921	0.520921	0.268961	1	0.247771	0.248668	0.251326	0.252235	0.503333	0.144364	0.906540	0.182520	
3448000	-514.043445	1	121	0.230370	0.419801	0.419801	0.230370	1	0.242508	0.256185	0.243779	0.257528	0.847839	0.405543	0.671914	0.940741	
3449000	-513.131324	1	2943	0.271271	0.517843	0.517843	0.271271	1	0.247774	0.249284	0.250707	0.252235	0.669491	0.587819	0.056957	0.929417	
3450000	-511.999923	1	115	0.225005	0.437932	0.437932	0.225005	0	0.242956	0.247968	0.251939	0.257137	0.742200	0.118505	0.965719	0.064545	
3451000	-512.220339	1	2926	0.239540	0.415176	0.415176	0.239540	0	0.242977	0.261675	0.238497	0.256851	0.587636	0.255707	0.178017	0.902261	
3452000	-511.511945	1	389	0.243488	0.452774	0.452774	0.243488	0	0.244948	0.251937	0.248019	0.255096	0.447856	0.955536	0.602706	0.430342	
3453000	-511.484085	1	944	0.251816	0.455549	0.455549	0.251816	0	0.245494	0.253808	0.246181	0.254518	0.070843	0.678760	0.612705	0.062617	
3454000	-512.134014	1	483	0.261293	0.435114	0.435114	0.261293	0	0.245179	0.261196	0.239006	0.254620	0.705905	0.091553	0.719745	0.196738	
3455000	-511.506327	1	2631	0.240628	0.458919	0.458919	0.240628	0	0.245008	0.249694	0.250256	0.255042	0.676213	0.387596	0.966616	0.624114	
3456000	-513.136733	1	1958	0.254578	0.499713	0.499713	0.254578	1	0.246891	0.247726	0.252265	0.253118	0.742379	0.144803	0.047749	0.169967	
3457000	-511.340631	1	3086	0.264959	0.499328	0.499328	0.264959	0	0.247233	0.249953	0.250032	0.252782	0.170050	0.677560	0.814292	0.322722	
3458000	-511.740531	1	1392	0.231621	0.448831	0.448831	0.231621	0	0.244001	0.248365	0.251567	0.256066	0.714861	0.256731	0.997314	0.345640	
3459000	-511.811381	1	3340	0.239975	0.498462	0.498462	0.239975	0	0.246235	0.243820	0.256229	0.253716	0.237910	0.524037	0.992444	0.460916	
3460000	-511.561514	1	1621	0.240713	0.481381	0.481381	0.240713	0	0.245771	0.246023	0.253973	0.254233	0.666853	0.591857	0.623221	0.109573	
3461000	-511.328408	1	2568	0.254887	0.486028	0.486028	0.254887	0	0.246559	0.249409	0.250568	0.253464	0.016019	0.067375	0.625135	0.207790	
3462000	-513.217565	1	2950	0.244791	0.472214	0.472214	0.244791	1	0.245695	0.248676	0.251290	0.254339	0.752193	0.876681	0.591034	0.160231	
3463000	-511.725290	1	2211	0.288584	0.532393	0.532393	0.288584	0	0.248361	0.250438	0.249557	0.251644	0.914134	0.618678	0.813336	0.372939	
3464000	-511.632877	1	2246	0.285299	0.515116	0.515116	0.285299	0	0.248042	0.251424	0.248572	0.251962	0.054432	0.753994	0.848395	0.090640	
3465000	-511.481995	1	3704	0.241884	0.473356	0.473356	0.241884	0	0.245579	0.247572	0.252400	0.254448	0.454860	0.690936	0.313597	0.351423	
3466000	-512.488345	1	3031	0.322008	0.554171	0.322008	0.225418	0	0.206736	0.293864	0.206241	0.293159	0.198791	0.402920	0.017331	0.083141	
3467000	-511.693362	1	2934	0.268359	0.462443	0.462443	0.268359	0	0.246410	0.256074	0.243974	0.253542	0.860547	0.775153	0.006906	0.954538	
3468000	-511.427029	1	3687	0.268310	0.481825	0.481825	0.268310	0	0.246931	0.252788	0.247208	0.253072	0.576203	0.417601	0.336393	0.391322	
3469000	-511.854202	1	3254	0.228695	0.442467	0.442467	0.228695	0	0.243490	0.248581	0.251337	0.256592	0.686071	0.707421	0.303649	0.269517	
3470000	-511.756808	1	2205	0.231268	0.462209	0.462209	0.231268	0	0.244515	0.245497	0.254483	0.255505	0.597694	0.946576	0.664598	0.199486	
3471000	-511.419552	1	1448	0.256516	0.464574	0.464574	0.256516	0	0.246009	0.253197	0.246792	0.254003	0.654680	0.787081	0.512072	0.993529	
3472000	-511.610706	1	3672	0.245288	0.444198	0.444198	0.245288	0	0.244719	0.254534	0.245451	0.255296	0.108540	0.125942	0.248371	0.888616	
3473000	-513.187305	1	2847	0.247990	0.487920	0.487920	0.247990	1	0.246319	0.247384	0.252603	0.253695	0.838657	0.514107	0.741284	0.473257	
3474000	-511.451889	1	1651	0.264495	0.472040	0.472040	0.264495	0	0.246544	0.253606	0.246396	0.253454	0.572925	0.262483	0.182835	0.275184	
3475000	-511.457689	1	3426	0.263576	0.515592	0.515592	0.263576	0	0.247529	0.248144	0.251850	0.252476	0.541252	0.787776	0.566502	0.904541	
3476000	-511.670819	1	2128	0.282642	0.536702	0.536702	0.282642	0	0.248315	0.249496	0.250499	0.251690	0.694501	0.717144	0.635590	0.449936	
3477000	-511.693113	1	756	0.257505	0.524293	0.524293	0.257505	0	0.247521	0.246300	0.253715	0.252463	0.447364	0.123980	0.482981	0.737972	
3478000	-511.571176	1	551	0.247510	0.447347	0.447347	0.247510	0	0.244969	0.254443	0.245545	0.255043	0.560477	0.510232	0.104214	0.016362	
3479000	-514.749171	1	3763	0.237403	0.398585	0.398585	0.237403	1	0.241806	0.268070	0.232438	0.257686	0.336025	0.285930	0.263020	0.841895	
3480000	-512.680235	1	2971	0.211496	0.437342	0.437342	0.211496	0	0.241445	0.240189	0.259859	0.258507	0.303187	0.156872	0.503228	0.218774	
3481000	-511.630423	1	3408	0.281277	0.533523	0.533523	0.281277	0	0.248245	0.249533	0.250461	0.251761	0.455153	0.530641	0.228852	0.852448	
3482000	-512.423293	1	1317	0.216957	0.423932	0.423932	0.216957	0	0.241393	0.247604	0.252256	0.258747	0.113453	0.237946	0.642696	0.358586	
3483000	-513.717052	1	3949	0.231756	0.436340	0.436340	0.231756	1	0.243456	0.251571	0.248348	0.256626	0.819883	0.152688	0.325121	0.418027	
3484000	-511.358743	1	2170	0.251970	0.486914	0.486914	0.251970	0	0.246464	0.248571	0.251408	0.253557	0.111324	0.803822	0.313669	0.230364	
3485000	-512.015049	1	383	0.224014	0.444463	0.444463	0.224014	0	0.243171	0.245821	0.254119	0.256888	0.747370	0.722441	0.930561	0.340726	
3486000	-511.494768	1	1902	0.271132	0.522915	0.522915	0.271132	0	0.247861	0.248864	0.251130	0.252146	0.651375	0.932221	0.444101	0.209702	
3487000	-511.548638	1	23	0.238215	0.464682	0.464682	0.238215	0	0.245070	0.247760	0.252201	0.254969	0.378535	0.120844	0.783150	0.830032	
3488000	-512.182279	1	981	0.249753	0.533675	0.533675	0.249753	0	0.247462	0.244034	0.256026	0.252478	0.721263	0.662197	0.502208	0.387689	
3489000	-511.330091	1	3636	0.255254	0.487777	0.487777	0.255254	0	0.246619	0.249269	0.250709	0.253403	0.153312	0.415778	0.550358	0.324150	
3490000	-511.783916	1	306	0.231936	0.440493	0.440493	0.231936	0	0.243662	0.250530	0.249389	0.256419	0.786401	0.536619	0.828879	0.972071	
3491000	-512.706828	1	1064	0.225785	0.501583	0.501583	0.225785	0	0.245505	0.238274	0.261968	0.254253	0.548172	0.797470	0.861588	0.414889	
3492000	-513.094062	1	3618	0.259271	0.502430	0.502430	0.259271	1	0.247119	0.248493	0.251495	0.252894	0.506216	0.581420	0.376643	0.338567	
3493000	-514.338736	1	986	0.215235	0.441584	0.441584	0.215235	1	0.242122	0.241566	0.258452	0.257859	0.407126	0.446383	0.203966	0.105890	
3494000	-511.400346	1	1949	0.253708	0.464445	0.464445	0.253708	0	0.245880	0.252528	0.247451	0.254141	0.362833	0.491966	0.205128	0.356756	
3495000	-511.752325	1	992	0.268877	0.539559	0.539559	0.268877	0	0.248081	0.247444	0.252561	0.251914	0.428425	0.140831	0.408440	0.392575	
3496000	-511.563737	1	2150	0.279269	0.527351	0.527351	0.279269	0	0.248113	0.249701	0.250292	0.251894	0.944047	0.305400	0.573830	0.702888	
3497000	-511.622207	1	1583	0.238580	0.445852	0.445852	0.238580	0	0.244370	0.251833	0.248110	0.255687	0.157966	0.000790	0.576411	0.409046	
3498000	-512.010436	1	3564	0.240905	0.510463	0.510463	0.240905	0	0.246598	0.243082	0.256992	0.253328	0.195580	0.817631	0.846741	0.733489	
3499000	-511.490251	1	2848	0.246735	0.491659	0.491659	0.246735	0	0.246367	0.246582	0.253415	0.253636	0.993702	0.501961	0.266918	0.495664	
3500000	-511.502053	1	3611	0.258146	0.459580	0.459580	0.258146	0	0.245920	0.254550	0.245458	0.254072	0.247598	0.242794	0.660601	0.132286	
3501000	-511.417380	1	2359	0.260211	0.508502	0.508502	0.260211	0	0.247283	0.248101	0.251891	0.252724	0.970919	0.077175	0.667636	0.160908	
3502000	-511.525796	1	1852	0.279131	0.502103	0.502103	0.279131	0	0.247676	0.251927	0.248070	0.252328	0.447555	0.404326	0.487033	0.503390	
3503000	-512.169847	1	2162	0.295697	0.567696	0.567696	0.295697	0	0.248869	0.249281	0.250718	0.251133	0.674441	0.032704	0.776783	0.817099	
3504000	-513.930559	1	2960	0.274852	0.455311	0.455311	0.274852	1	0.246422	0.258615	0.241507	0.253456	0.667963	0.519293	0.840743	0.215827	
3505000	-511.412222	1	1568	0.247360	0.463276	0.463276	0.247360	0	0.245535	0.251004	0.248958	0.254503	0.280178	0.800379	0.958297	0.846148	
3506000	-513.153170	1	3729	0.257923	0.472350	0.472350	0.257923	1	0.246300	0.252157	0.247825	0.253718	0.606508	0.599556	0.826098	0.319839	
3507000	-511.553097	1	3866	0.259682	0.457996	0.457996	0.259682	0	0.245934	0.255223	0.244799	0.254044	0.068983	0.715513	0.083509	0.996242	
3508000	-513.682186	1	398	0.291009	0.497716	0.497716	0.291009	1	0.247860	0.253833	0.246188	0.252120	0.519022	0.835716	0.217710	0.937348	
3509000	-512.405377	1	3075	0.282798	0.577789	0.577789	0.282798	0	0.248803	0.247738	0.252269	0.251189	0.945831	0.826154	0.793795	0.683757	
3510000	-511.417572	1	2965	0.252752	0.462065	0.462065	0.252752	0	0.245759	0.252733	0.247246	0.254262	0.770723	0.811392	0.802004	0.194094	
3511000	-511.466890	1	3853	0.242187	0.464343	0.464343	0.242187	0	0.245293	0.249192	0.250765	0.254751	0.498741	0.485597	0.408107	0.689091	
3512000	-513.635714	1	297	0.312347	0.482995	0.482995	0.312347	0	0.248011	0.257383	0.242717	0.251889	0.192309	0.158426	0.186089	0.301565	
3513000	-513.578317	1	3370	0.233905	0.479948	0.479948	0.233905	1	0.245328	0.243796	0.256238	0.254638	0.374770	0.247739	0.641557	0.571703	
3514000	-511.679382	1	173	0.263584	0.530770	0.530770	0.263584	0	0.247810	0.247061	0.252947	0.252183	0.821945	0.342809	0.771018	0.048857	
3515000	-511.940360	1	2151	0.249272	0.430221	0.430221	0.249272	0	0.244354	0.259655	0.240467	0.255525	0.703021	0.201376	0.382893	0.569399	
3516000	-511.725386	1	3683	0.242032	0.436855	0.436855	0.242032	0	0.244211	0.255410	0.244581	0.255797	0.692636	0.034292	0.166932	0.294742	
3517000	-511.666998	1	3766	0.265304	0.531756	0.531756	0.265304	0	0.247870	0.247304	0.252702	0.252124	0.431207	0.986520	0.608772	0.640653	
3518000	-511.791823	1	3728	0.271896	0.463439	0.463439	0.271896	0	0.246562	0.256493	0.243568	0.253377	0.547029	0.994080	0.433828	0.721371	
3519000	-511.471182	1	3662	0.261557	0.514846	0.514846	0.261557	0	0.247456	0.247819	0.252177	0.252548	0.402429	0.185245	0.406382	0.394847	
3520000	-513.273179	1	7	0.276884	0.535489	0.535489	0.276884	1	0.248186	0.248846	0.251150	0.251818	0.852486	0.392428	0.021223	0.560702	
3521000	-512.220280	1	3533	0.274952	0.451483	0.451483	0.274952	0	0.246310	0.259474	0.240677	0.253540	0.999214	0.349552	0.598058	0.884632	
3522000	-514.194540	1	3665	0.234948	0.413266	0.413266	0.234948	1	0.242521	0.260633	0.239480	0.257365	0.952149	0.584434	0.190061	0.647010	
3523000	-511.461011	1	2823	0.276493	0.506048	0.506048	0.276493	0	0.247687	0.251146	0.248846	0.252322	0.971045	0.943909	0.169175	0.928819	
3524000	-511.461175	1	646	0.242501	0.464702	0.464702	0.242501	0	0.245323	0.249230	0.250727	0.254720	0.781528	0.910367	0.012000	0.122644	
3525000	-513.774277	1	2625	0.296178	0.570224	0.570224	0.296178	1	0.248897	0.249228	0.250771	0.251104	0.323660	0.757602	0.117793	0.692125	
3526000	-511.718237	1	566	0.274576	0.541091	0.541091	0.274576	0	0.248224	0.248204	0.251796	0.251776	0.500758	0.883645	0.405394	0.180743	
3527000	-513.277407	1	2446	0.242393	0.478872	0.478872	0.242393	1	0.245781	0.246917	0.253066	0.254236	0.034604	0.527015	0.564032	0.516702	
3528000	-511.332269	1	803	0.262067	0.497332	0.497332	0.262067	0	0.247097	0.249612	0.250372	0.252920	0.317741	0.518581	0.357857	0.578356	
3529000	-511.584779	1	3954	0.241674	0.486900	0.486900	0.241674	0	0.245989	0.245626	0.254380	0.254005	0.904794	0.030204	0.525235	0.867517	
3530000	-511.964560	1	102	0.244012	0.426222	0.426222	0.244012	0	0.243849	0.259305	0.240792	0.256054	0.425411	0.850295	0.868968	0.656336	
3531000	-511.317243	1	2885	0.257493	0.484807	0.484807	0.257493	0	0.246628	0.250182	0.249796	0.253395	0.431502	0.054505	0.913652	0.715904	
3532000	-511.872208	1	1322	0.283359	0.482717	0.482717	0.283359	0	0.247385	0.254917	0.245117	0.252581	0.324661	0.895178	0.445716	0.897716	
3533000	-511.654186	1	1997	0.245588	0.501824	0.501824	0.245588	0	0.246585	0.245192	0.254832	0.253391	0.582650	0.914969	0.483404	0.682172	
3534000	-513.792525	1	3113	0.236248	0.502242	0.502242	0.236248	1	0.246149	0.242238	0.257855	0.253758	0.211189	0.587255	0.255934	0.902043	
3535000	-511.500305	1	3070	0.249955	0.453377	0.453377	0.249955	0	0.245323	0.253766	0.246218	0.254692	0.047991	0.296091	0.301408	0.672509	
3536000	-511.999041	1	3498	0.226332	0.465993	0.465993	0.226332	0	0.244286	0.242663	0.257381	0.255670	0.683964	0.705704	0.888749	0.757207	
3537000	-511.484860	1	3226	0.243453	0.456235	0.456235	0.243453	0	0.245075	0.251186	0.248768	0.254971	0.103781	0.458158	0.623154	0.540609	
3538000	-511.466890	1	3853	0.242187	0.464343	0.464343	0.242187	0	0.245293	0.249192	0.250765	0.254751	0.882541	0.426308	0.958876	0.958678	
3539000	-512.523848	1	235	0.281024	0.581065	0.581065	0.281024	0	0.248812	0.247463	0.252547	0.251178	0.892141	0.141639	0.324233	0.622845	
3540000	-511.504731	1	1925	0.241555	0.456353	0.456353	0.241555	0	0.244969	0.250530	0.249419	0.255082	0.449145	0.118388	0.204473	0.299185	
3541000	-511.976281	1	1415	0.234463	0.424640	0.424640	0.234463	0	0.243099	0.256292	0.243691	0.256917	0.226704	0.511228	0.526154	0.125867	
3542000	-512.141135	1	2627	0.292762	0.491717	0.491717	0.292762	0	0.247788	0.254737	0.245298	0.252177	0.811301	0.752217	0.332663	0.812422	
3543000	-511.626306	1	3359	0.249062	0.444545	0.444545	0.249062	0	0.244944	0.255589	0.244423	0.255044	0.924830	0.571142	0.559180	0.630967	
3544000	-511.437457	1	2751	0.257129	0.506557	0.506557	0.257129	0	0.247140	0.247629	0.252366	0.252865	0.362272	0.732177	0.545088	0.312239	
3545000	-512.533998	1	295	0.218283	0.411949	0.411949	0.218283	0	0.240847	0.252737	0.247108	0.259307	0.615944	0.888206	0.753454	0.372867	
3546000	-512.134379	1	2125	0.226668	0.478137	0.478137	0.226668	0	0.244770	0.241037	0.259072	0.255121	0.308480	0.932260	0.423312	0.155048	
3547000	-511.584955	1	2898	0.257760	0.453915	0.453915	0.257760	0	0.245715	0.255654	0.244373	0.254258	0.021107	0.618490	0.180355	0.184866	
3548000	-512.526149	1	3992	0.311121	0.573751	0.573751	0.311121	0	0.249085	0.250140	0.249858	0.250916	0.125183	0.432468	0.894728	0.990687	
3549000	-511.468705	1	215	0.276758	0.513057	0.513057	0.276758	0	0.247821	0.250514	0.249477	0.252188	0.368402	0.701059	0.848043	0.240862	
3550000	-511.435519	1	774	0.274458	0.500769	0.500769	0.274458	0	0.247532	0.251401	0.248591	0.252476	0.655091	0.731625	0.868495	0.249205	
3551000	-511.419552	1	1448	0.256516	0.464574	0.464574	0.256516	0	0.246009	0.253197	0.246792	0.254003	0.842776	0.265625	0.112812	0.353090	
3552000	-512.550157	1	2444	0.215246	0.419001	0.419001	0.215246	0	0.240906	0.248196	0.251641	0.259257	0.262057	0.554167	0.408646	0.124330	
3553000	-512.215904	1	875	0.297811	0.502172	0.502172	0.297811	0	0.248073	0.253971	0.246053	0.251903	0.870846	0.387614	0.647542	0.300275	
3554000	-511.571155	1	2578	0.239805	0.449887	0.449887	0.239805	0	0.244613	0.251327	0.248618	0.255442	0.625172	0.476507	0.262587	0.256050	
3555000	-511.785229	1	2185	0.231402	0.468020	0.468020	0.231402	0	0.244744	0.244556	0.255449	0.255252	0.749293	0.460726	0.526305	0.598852	
3556000	-511.847520	1	3362	0.229195	0.463678	0.463678	0.229195	0	0.244418	0.244346	0.255656	0.255580	0.177046	0.097153	0.523004	0.597148	
3557000	-511.673304	1	1086	0.239289	0.440833	0.440833	0.239289	0	0.244205	0.253360	0.246595	0.255839	0.919688	0.735987	0.656114	0.701556	
3558000	-511.344220	1	2709	0.251506	0.478176	0.478176	0.251506	0	0.246200	0.249662	0.250309	0.253829	0.016023	0.387148	0.694834	0.025568	
3559000	-511.399407	1	1960	0.258118	0.468202	0.468202	0.258118	0	0.246187	0.252912	0.247076	0.253825	0.663096	0.086570	0.659633	0.268490	
3560000	-513.401394	1	27	0.290273	0.530002	0.530002	0.290273	1	0.248355	0.250780	0.249216	0.251649	0.533150	0.298362	0.374538	0.173727	
3561000	-511.379503	1	1430	0.263298	0.506896	0.506896	0.263298	0	0.247345	0.248863	0.251126	0.252667	0.544060	0.358558	0.189552	0.755200	
3562000	-511.797474	1	456	0.271895	0.544173	0.544173	0.271895	0	0.248214	0.247660	0.252344	0.251781	0.302063	0.075552	0.340779	0.774656	
3563000	-511.525158	1	2426	0.249235	0.500335	0.500335	0.249235	0	0.246701	0.246332	0.253673	0.253294	0.693448	0.024172	0.353746	0.158999	
3564000	-512.072690	1	3565	0.268676	0.554114	0.554114	0.268676	0	0.248290	0.246736	0.253280	0.251695	0.376144	0.242717	0.370953	0.200279	
3565000	-513.418090	1	1	0.255181	0.523585	0.523585	0.255181	1	0.247435	0.245853	0.254168	0.252544	0.457752	0.005059	0.677436	0.209847	
3566000	-512.991576	1	512	0.210146	0.404723	0.404723	0.210146	0	0.239328	0.250276	0.249492	0.260904	0.266030	0.140983	0.518078	0.536647	
3567000	-511.338529	1	2745	0.264083	0.487085	0.487085	0.264083	0	0.246921	0.251265	0.248719	0.253095	0.026742	0.994334	0.705516	0.102002	
3568000	-511.398941	1	1358	0.271857	0.506354	0.506354	0.271857	0	0.247575	0.250414	0.249575	0.252437	0.926202	0.959817	0.055007	0.829714	
3569000	-511.860074	1	2307	0.292202	0.511990	0.511990	0.292202	0	0.248126	0.252453	0.247552	0.251869	0.430419	0.182693	0.516985	0.089809	
3570000	-512.147973	1	1360	0.224085	0.468588	0.468588	0.224085	0	0.244205	0.241186	0.258905	0.255705	0.999436	0.964870	0.926510	0.194591	
3571000	-511.323064	1	1154	0.256821	0.480144	0.480144	0.256821	0	0.246477	0.250685	0.249291	0.253547	0.474546	0.346842	0.820481	0.611348	
3572000	-511.423923	1	3894	0.244611	0.469080	0.469080	0.244611	0	0.245586	0.249137	0.250825	0.254452	0.492687	0.338317	0.843256	0.425887	
3573000	-511.919678	1	2720	0.231681	0.481557	0.481557	0.231681	0	0.245241	0.242718	0.257344	0.254697	0.434562	0.078021	0.361107	0.697661	
3574000	-511.740901	1	2027	0.275497	0.472816	0.472816	0.275497	0	0.246931	0.255381	0.244658	0.253031	0.444850	0.200585	0.656723	0.242130	
3575000	-511.727913	1	792	0.231690	0.456757	0.456757	0.231690	0	0.244332	0.246708	0.253248	0.255711	0.687588	0.588208	0.065598	0.688508	
3576000	-512.026893	1	3547	0.231159	0.423660	0.423660	0.231159	0	0.242782	0.255199	0.244751	0.257268	0.458073	0.868271	0.892527	0.172696	
3577000	-512.087327	1	3217	0.222349	0.444402	0.444402	0.222349	0	0.243012	0.244971	0.254981	0.257036	0.107806	0.144722	0.407540	0.967595	
3578000	-511.533074	1	1809	0.257843	0.515100	0.515100	0.257843	0	0.247347	0.247044	0.252960	0.252649	0.842505	0.903463	0.878417	0.918830	
3579000	-512.644706	1	613	0.249309	0.408959	0.408959	0.249309	0	0.243278	0.267353	0.233148	0.256221	0.265222	0.973047	0.600977	0.352381	
3580000	-511.491791	1	1848	0.274762	0.490837	0.490837	0.274762	0	0.247333	0.252623	0.247376	0.252667	0.072912	0.227714	0.116936	0.649200	
3581000	-511.535826	1	1506	0.263176	0.463678	0.463678	0.263176	0	0.246253	0.254840	0.245179	0.253728	0.734264	0.622924	0.610055	0.632774	
3582000	-511.707296	1	265	0.233659	0.469413	0.469413	0.233659	0	0.244949	0.245242	0.254752	0.255057	0.143331	0.000039	0.575500	0.241727	
3583000	-511.406162	1	847	0.247850	0.483771	0.483771	0.247850	0	0.246197	0.247878	0.252102	0.253824	0.781821	0.390383	0.533541	0.932718	
3584000	-511.365724	1	3272	0.250256	0.470163	0.470163	0.250256	0	0.245901	0.250600	0.249367	0.254132	0.713952	0.059386	0.971799	0.668151	
3585000	-511.455067	1	3679	0.267849	0.477846	0.477846	0.267849	0	0.246816	0.253303	0.246699	0.253183	0.992154	0.507751	0.375788	0.627947	
3586000	-511.482816	1	2979	0.241238	0.466714	0.466714	0.241238	0	0.245321	0.248454	0.251507	0.254719	0.443389	0.703962	0.679813	0.574187	
3587000	-513.761119	1	1794	0.227624	0.442619	0.442619	0.227624	1	0.243406	0.248044	0.251875	0.256675	0.456919	0.011061	0.900617	0.009976	
3588000	-511.799768	1	1818	0.259514	0.532254	0.532254	0.259514	0	0.247728	0.246211	0.253808	0.252254	0.790556	0.339071	0.426326	0.920471	
3589000	-512.006662	1	523	0.279408	0.467507	0.467507	0.279408	0	0.246912	0.256867	0.243208	0.253014	0.352183	0.826884	0.303345	0.510247	
3590000	-513.261443	1	395	0.273627	0.485648	0.485648	0.273627	1	0.247183	0.253139	0.246865	0.252813	0.980552	0.706024	0.444606	0.240337	
3591000	-511.626836	1	1380	0.277662	0.534971	0.534971	0.277662	0	0.248196	0.248980	0.251016	0.251809	0.280209	0.949654	0.006283	0.874926	
3592000	-513.337390	1	1621	0.240713	0.481381	0.481381	0.240713	1	0.245770	0.246025	0.253971	0.254235	0.283834	0.546752	0.743035	0.288714	
3593000	-511.432509	1	3043	0.274242	0.510574	0.510574	0.274242	0	0.247716	0.250376	0.249614	0.252294	0.584482	0.021132	0.474430	0.947192	
3594000	-511.623400	1	2066	0.253179	0.514034	0.514034	0.253179	0	0.247170	0.246091	0.253924	0.252815	0.024321	0.757479	0.843870	0.166061	
3595000	-513.242993	1	2821	0.226267	0.384229	0.384229	0.226267	0	0.239755	0.270875	0.229773	0.259597	0.155449	0.886638	0.869541	0.381251	
3596000	-513.090216	1	3692	0.208335	0.404253	0.404253	0.208335	0	0.239027	0.249116	0.250639	0.261218	0.885766	0.880378	0.456874	0.343855	
3597000	-511.561514	1	1621	0.240713	0.481381	0.481381	0.240713	0	0.245771	0.246023	0.253973	0.254233	0.225416	0.063570	0.912543	0.789426	
3598000	-511.687002	1	3571	0.272493	0.538180	0.538180	0.272493	0	0.248138	0.248069	0.251931	0.251862	0.335192	0.223212	0.375092	0.395186	
3599000	-513.585262	1	2815	0.234655	0.442361	0.442361	0.234655	1	0.243948	0.251186	0.248743	0.256123	0.391804	0.245210	0.629277	0.621176	
3600000	-511.451224	1	2368	0.267524	0.477575	0.477575	0.267524	0	0.246798	0.253285	0.246716	0.253201	0.027513	0.800188	0.880397	0.751060	
3601000	-511.693113	1	756	0.257505	0.524293	0.524293	0.257505	0	0.247521	0.246300	0.253715	0.252463	0.785286	0.541381	0.994703	0.206056	
3602000	-511.524860	1	449	0.278770	0.500539	0.500539	0.278770	0	0.247637	0.252048	0.247949	0.252366	0.063310	0.555959	0.679178	0.540874	
3603000	-512.163572	1	1981	0.228325	0.418649	0.418649	0.228325	0	0.242266	0.255640	0.244303	0.257790	0.251700	0.593845	0.737366	0.836507	
3604000	-512.192746	1	2788	0.223265	0.468379	0.468379	0.223265	0	0.244127	0.240818	0.259284	0.255770	0.656739	0.377907	0.355455	0.014253	
3605000	-512.370742	1	1432	0.277517	0.450779	0.450779	0.277517	0	0.246375	0.260009	0.240163	0.253453	0.580410	0.121748	0.550631	0.389539	
3606000	-511.343425	1	2284	0.262883	0.500481	0.500481	0.262883	0	0.247194	0.249430	0.250555	0.252822	0.074594	0.758548	0.134850	0.080514	
3607000	-511.897800	1	1050	0.292796	0.547698	0.547698	0.292796	0	0.248620	0.249931	0.250066	0.251384	0.383669	0.929784	0.073986	0.315683	
3608000	-511.559238	1	3501	0.278041	0.527985	0.527985	0.278041	0	0.248097	0.249494	0.250499	0.251909	0.935414	0.766705	0.733110	0.349432	
3609000	-511.424173	1	540	0.259775	0.508683	0.508683	0.259775	0	0.247273	0.247995	0.251998	0.252733	0.811033	0.166818	0.949555	0.498333	
3610000	-511.381315	1	2769	0.263900	0.478544	0.478544	0.263900	0	0.246699	0.252446	0.247544	0.253311	0.176022	0.963003	0.246134	0.441535	
3611000	-511.361034	1	2531	0.255275	0.470523	0.470523	0.255275	0	0.246137	0.251836	0.248141	0.253886	0.521974	0.645176	0.751036	0.309009	
3612000	-511.437269	1	3710	0.257124	0.463541	0.463541	0.257124	0	0.246002	0.253535	0.246458	0.254005	0.289241	0.886451	0.313858	0.496649	
3613000	-511.369704	1	3922	0.254621	0.494883	0.494883	0.254621	0	0.246776	0.248260	0.251725	0.253239	0.138603	0.065963	0.252568	0.447006	
3614000	-511.996187	1	3191	0.282778	0.474886	0.474886	0.282778	0	0.247191	0.256046	0.244011	0.252752	0.549936	0.215068	0.050947	0.070392	
3615000	-513.401297	1	1230	0.236847	0.466649	0.466649	0.236847	1	0.245054	0.246919	0.253051	0.254976	0.971012	0.086660	0.160614	0.315583	
3616000	-511.484700	1	170	0.277551	0.515317	0.515317	0.277551	0	0.247879	0.250424	0.249568	0.252130	0.947379	0.752973	0.612308	0.780391	
3617000	-513.379279	1	1522	0.289195	0.525749	0.525749	0.289195	1	0.248277	0.250981	0.249015	0.251727	0.652931	0.841708	0.902071	0.651487	
3618000	-511.771726	1	2036	0.231052	0.445321	0.445321	0.231052	0	0.243807	0.248939	0.250985	0.256269	0.394005	0.525862	0.084711	0.290409	
3619000	-511.440725	1	1901	0.245989	0.483422	0.483422	0.245989	0	0.246099	0.247391	0.252592	0.253918	0.725259	0.477187	0.123348	0.803386	
3620000	-511.340146	1	3383	0.252531	0.475779	0.475779	0.252531	0	0.246175	0.250293	0.249678	0.253855	0.582956	0.448792	0.959199	0.411307	
3621000	-511.801821	1	3405	0.250759	0.436928	0.436928	0.250759	0	0.244728	0.258097	0.241978	0.255197	0.400019	0.879984	0.976804	0.971999	
3622000	-512.040207	1	2265	0.241142	0.422175	0.422175	0.241142	0	0.243460	0.259692	0.240410	0.256439	0.961476	0.372111	0.184079	0.406897	
3623000	-511.512344	1	270	0.262228	0.463933	0.463933	0.262228	0	0.246224	0.254595	0.245418	0.253762	0.153134	0.235717	0.251467	0.433990	
3624000	-511.525546	1	814	0.277602	0.495686	0.495686	0.277602	0	0.247511	0.252442	0.247557	0.252489	0.505671	0.538239	0.242917	0.976901	
3625000	-511.344853	1	1353	0.259653	0.498366	0.498366	0.259653	0	0.247040	0.249000	0.250984	0.252976	0.197393	0.152033	0.822909	0.497769	
3626000	-512.940457	1	3300	0.214429	0.398787	0.398787	0.214429	0	0.239510	0.256026	0.243825	0.260639	0.565739	0.657924	0.042799	0.219811	
3627000	-514.964865	1	2653	0.209499	0.519034	0.519034	0.209499	0	0.244804	0.229431	0.271404	0.254361	0.808912	0.362661	0.366903	0.658989	
3628000	-511.765140	1	2363	0.235045	0.437132	0.437132	0.235045	0	0.243745	0.252729	0.247207	0.256319	0.609182	0.713733	0.877807	0.166966	
3629000	-511.467175	1	3276	0.243891	0.458352	0.458352	0.243891	0	0.245177	0.250894	0.249061	0.254868	0.285506	0.178992	0.004417	0.085112	
3630000	-513.575330	1	2089	0.239618	0.438981	0.438981	0.239618	1	0.244146	0.253975	0.245988	0.255892	0.624534	0.650551	0.807198	0.646002	
3631000	-512.614172	1	66	0.302770	0.589960	0.589960	0.302770	0	0.249132	0.249106	0.250894	0.250868	0.996769	0.700876	0.553675	0.589060	
3632000	-511.446196	1	2974	0.249273	0.458066	0.458066	0.249273	0	0.245455	0.252579	0.247393	0.254573	0.948154	0.833967	0.608387	0.073392	
3633000	-511.456351	1	648	0.276421	0.514649	0.479298	0.276421	0	0.245425	0.252741	0.247232	0.254602	0.228946	0.054671	0.690166	0.796836	
3634000	-511.346554	1	1271	0.251435	0.480593	0.480593	0.251435	0	0.246266	0.249291	0.250682	0.253761	0.006883	0.152167	0.247823	0.605046	
3635000	-513.829753	1	340	0.293518	0.495750	0.495750	0.293518	1	0.247877	0.254315	0.245714	0.252095	0.872430	0.323705	0.918373	0.713769	
3636000	-511.509222	1	3837	0.243996	0.486137	0.486137	0.243996	0	0.246082	0.246444	0.253551	0.253923	0.271039	0.560205	0.016325	0.075276	
3637000	-511.511945	1	389	0.243488	0.452774	0.452774	0.243488	0	0.244948	0.251937	0.248019	0.255096	0.058987	0.708080	0.590358	0.955291	
3638000	-511.347539	1	1365	0.251466	0.481407	0.481407	0.251466	0	0.246290	0.249183	0.250790	0.253736	0.459858	0.632141	0.947690	0.908957	
3639000	-512.419910	1	1312	0.258596	0.423573	0.423573	0.258596	0	0.244550	0.264211	0.236127	0.255111	0.650543	0.882565	0.861825	0.609507	
3640000	-511.364824	1	3832	0.255701	0.496080	0.496080	0.255701	0	0.246846	0.248379	0.251607	0.253169	0.623048	0.770877	0.851124	0.728427	
3641000	-511.515635	1	1991	0.278237	0.499884	0.499884	0.278237	0	0.247611	0.252048	0.247949	0.252392	0.085226	0.981007	0.860225	0.747420	
3642000	-511.947830	1	1698	0.226086	0.457160	0.457160	0.226086	0	0.243909	0.244119	0.255876	0.256096	0.138518	0.297616	0.110906	0.564178	
3643000	-512.909771	1	3951	0.330588	0.709000	0.330588	0.189851	0	0.219914	0.278988	0.220882	0.280216	0.400752	0.668813	0.199676	0.101295	
3644000	-513.279694	1	1872	0.248197	0.500083	0.500083	0.248197	1	0.246650	0.246082	0.253926	0.253341	0.841073	0.346055	0.710309	0.076433	
3645000	-512.208027	1	1231	0.258081	0.546980	0.546980	0.258081	0	0.247942	0.245215	0.254823	0.252020	0.075042	0.748115	0.412128	0.464474	
3646000	-511.547338	1	2106	0.280038	0.523338	0.523338	0.280038	0	0.248066	0.250098	0.249894	0.251942	0.140840	0.100166	0.128383	0.645119	
3647000	-513.226001	1	1809	0.257843	0.515100	0.515100	0.257843	1	0.247346	0.247045	0.252959	0.252651	0.960414	0.357780	0.194665	0.337911	
3648000	-511.389433	1	2527	0.247099	0.471341	0.471341	0.247099	0	0.245786	0.249510	0.250455	0.254249	0.358561	0.784081	0.530001	0.237801	
3649000	-512.135383	1	2255	0.221310	0.443370	0.443370	0.221310	0	0.242862	0.244660	0.255294	0.257184	0.896265	0.536796	0.434521	0.695313	
3650000	-511.806123	1	1763	0.233162	0.436106	0.436106	0.233162	0	0.243556	0.252237	0.247689	0.256517	0.852700	0.840752	0.148292	0.778267	
3651000	-512.198426	1	2933	0.222963	0.423976	0.423976	0.222963	0	0.242048	0.251058	0.248816	0.258078	0.342442	0.079084	0.701777	0.464839	
3652000	-511.559037	1	2249	0.279376	0.497453	0.497453	0.279376	0	0.247591	0.252481	0.247520	0.252408	0.233357	0.272664	0.030399	0.203297	
3653000	-513.097716	1	328	0.256800	0.479568	0.479568	0.256800	1	0.246459	0.250766	0.249210	0.253565	0.687874	0.087816	0.277135	0.671164	
3654000	-513.187201	1	3247	0.255302	0.467320	0.467320	0.255302	1	0.246040	0.252403	0.247578	0.253980	0.756250	0.015613	0.036415	0.142803	
3655000	-512.255678	1	3570	0.243081	0.524556	0.524556	0.243081	0	0.247029	0.242795	0.257293	0.252883	0.871407	0.358195	0.276955	0.435312	
3656000	-511.908042	1	3143	0.234543	0.428186	0.428186	0.234543	0	0.243283	0.255172	0.244791	0.256754	0.417211	0.336256	0.906444	0.774714	
3657000	-511.450776	1	635	0.269858	0.482631	0.482631	0.269858	0	0.247000	0.252943	0.247056	0.253001	0.830708	0.777586	0.843819	0.348313	
3658000	-512.582362	1	2604	0.213145	0.429143	0.429143	0.213145	0	0.241216	0.243543	0.256383	0.258857	0.861506	0.879955	0.412060	0.459911	
3659000	-511.470273	1	3905	0.257294	0.509637	0.509637	0.257294	0	0.247214	0.247385	0.252613	0.252788	0.831622	0.723980	0.762607	0.655424	
3660000	-513.668437	1	1112	0.241314	0.433910	0.433910	0.241314	1	0.244032	0.256006	0.243995	0.255967	0.002535	0.546438	0.765824	0.542440	
3661000	-511.961087	1	1285	0.287210	0.557662	0.557662	0.287210	0	0.248652	0.248905	0.251094	0.251349	0.307467	0.372467	0.939527	0.620686	
3662000	-513.487079	1	1880	0.243444	0.503680	0.503680	0.243444	1	0.246537	0.244403	0.255636	0.253423	0.971568	0.882955	0.617898	0.869140	
3663000	-513.071712	1	2461	0.261059	0.500114	0.500114	0.261059	1	0.247125	0.249105	0.250880	0.252890	0.698056	0.786642	0.729096	0.870486	
3664000	-511.430697	1	3660	0.274544	0.505211	0.505211	0.274544	0	0.247622	0.250944	0.249046	0.252388	0.700813	0.199158	0.126233	0.766995	
3665000	-511.488136	1	440	0.255286	0.508155	0.508155	0.255286	0	0.247113	0.247072	0.252929	0.252886	0.455911	0.358374	0.630022	0.585777	
3666000	-511.404691	1	538	0.268941	0.511886	0.511886	0.268941	0	0.247605	0.249414	0.250575	0.252406	0.102584	0.731724	0.859272	0.313681	
3667000	-511.473654	1	2137	0.276416	0.500332	0.500332	0.276416	0	0.247574	0.251739	0.248255	0.252432	0.830564	0.419450	0.978284	0.879262	
3668000	-511.630423	1	3408	0.281277	0.533523	0.533523	0.281277	0	0.248245	0.249533	0.250461	0.251761	0.175217	0.533660	0.400788	0.786124	
3669000	-513.486336	1	2222	0.288819	0.551354	0.551354	0.288819	1	0.248602	0.249361	0.250636	0.251401	0.969394	0.178961	0.030230	0.004371	
3670000	-511.338140	1	368	0.265614	0.494262	0.494262	0.265614	0	0.247140	0.250654	0.249331	0.252876	0.599058	0.500775	0.482843	0.442171	
3671000	-511.857843	1	2817	0.233603	0.483621	0.483621	0.233603	0	0.245432	0.243210	0.256841	0.254516	0.048287	0.900415	0.361393	0.726212	
3672000	-511.451889	1	1651	0.264495	0.472040	0.472040	0.264495	0	0.246544	0.253606	0.246396	0.253454	0.496914	0.064234	0.488539	0.389051	
3673000	-511.904163	1	1097	0.227529	0.439996	0.439996	0.227529	0	0.243278	0.248663	0.251249	0.256810	0.998518	0.770498	0.079863	0.944165	
3674000	-511.776880	1	2366	0.290723	0.534319	0.534319	0.290723	0	0.248422	0.250528	0.249468	0.251582	0.659014	0.880348	0.153774	0.004921	
3675000	-511.860231	1	2191	0.294006	0.523986	0.523986	0.294006	0	0.248337	0.251593	0.248407	0.251664	0.581373	0.622156	0.113588	0.559873	
3676000	-512.053749	1	2424	0.228983	0.423994	0.423994	0.228983	0	0.242614	0.254088	0.245836	0.257462	0.923577	0.663413	0.735261	0.038717	
3677000	-512.077251	1	3175	0.227581	0.477761	0.477761	0.227581	0	0.244824	0.241491	0.258603	0.255082	0.590238	0.315063	0.486962	0.784206	
3678000	-511.806123	1	1763	0.233162	0.436106	0.436106	0.233162	0	0.243556	0.252237	0.247689	0.256517	0.849460	0.030630	0.676276	0.756870	
3679000	-511.563737	1	2150	0.279269	0.527351	0.527351	0.279269	0	0.248113	0.249701	0.250292	0.251894	0.191487	0.209620	0.596995	0.943847	
3680000	-511.509923	1	1320	0.242746	0.453696	0.453696	0.242746	0	0.244940	0.251492	0.248461	0.255107	0.163360	0.468748	0.690023	0.923121	
3681000	-511.671093	1	1674	0.250940	0.443243	0.443243	0.250940	0	0.244993	0.256451	0.243582	0.254974	0.435926	0.378473	0.971696	0.727413	
3682000	-512.130999	1	489	0.237173	0.417808	0.417808	0.237173	0	0.242947	0.259786	0.240306	0.256962	0.354675	0.253812	0.562313	0.233058	
3683000	-511.663694	1	2731	0.234560	0.467393	0.467393	0.234560	0	0.244936	0.245925	0.254056	0.255083	0.287354	0.551297	0.785883	0.554455	
3684000	-511.482376	1	1976	0.241383	0.463213	0.463213	0.241383	0	0.245207	0.249131	0.250824	0.254838	0.607498	0.958534	0.958010	0.932860	
3685000	-512.449743	1	604	0.310566	0.537401	0.537401	0.310566	0	0.248742	0.251914	0.248090	0.251253	0.888029	0.284313	0.521518	0.294604	
3686000	-511.359088	1	2285	0.252403	0.488180	0.488180	0.252403	0	0.246516	0.248519	0.251461	0.253504	0.234077	0.944047	0.780091	0.029325	
3687000	-511.605343	1	2049	0.235961	0.457213	0.457213	0.235961	0	0.244649	0.248335	0.251612	0.255404	0.509664	0.323242	0.641415	0.319146	
3688000	-512.109998	1	157	0.297969	0.510524	0.510524	0.297969	0	0.248208	0.253127	0.246886	0.251778	0.516503	0.741954	0.968826	0.181530	
3689000	-512.623240	1	2502	0.222196	0.403282	0.403282	0.222196	0	0.240733	0.258710	0.241270	0.259287	0.979046	0.862508	0.856821	0.773201	
3690000	-511.507766	1	3769	0.247689	0.452158	0.452158	0.247689	0	0.245160	0.253382	0.246594	0.254864	0.370811	0.124843	0.737081	0.627526	
3691000	-513.096558	1	947	0.259521	0.481005	0.481005	0.259521	1	0.246603	0.251170	0.248810	0.253418	0.637401	0.778493	0.182970	0.091247	
3692000	-512.332570	1	2166	0.220428	0.465805	0.465805	0.220428	0	0.243770	0.239775	0.260361	0.256094	0.197546	0.379194	0.383556	0.543327	
3693000	-513.129751	1	1211	0.251053	0.476928	0.476928	0.251053	1	0.246142	0.249731	0.250239	0.253888	0.571171	0.900707	0.194791	0.381425	
3694000	-511.360840	1	1125	0.261824	0.503100	0.503100	0.261824	0	0.247218	0.248948	0.251039	0.252796	0.078060	0.860541	0.931442	0.405577	
3695000	-513.418090	1	1	0.255181	0.523585	0.523585	0.255181	1	0.247435	0.245853	0.254168	0.252544	0.857956	0.232326	0.230711	0.101040	
3696000	-511.439304	1	1092	0.266270	0.515697	0.515697	0.266270	0	0.247606	0.248625	0.251368	0.252402	0.281645	0.819414	0.696366	0.452947	
3697000	-511.390019	1	515	0.247255	0.469633	0.469633	0.247255	0	0.245739	0.249840	0.250123	0.254297	0.755536	0.703063	0.553479	0.006198	
3698000	-513.655211	1	268	0.261041	0.446909	0.446909	0.261041	1	0.245613	0.258016	0.242073	0.254297	0.569192	0.479238	0.873402	0.387455	
3699000	-512.030563	1	403	0.238561	0.421945	0.421945	0.238561	0	0.243267	0.258831	0.241234	0.256668	0.392335	0.179087	0.342702	0.074004	
3700000	-511.704836	1	2252	0.244946	0.438487	0.438487	0.244946	0	0.244462	0.255925	0.244084	0.255529	0.560338	0.081467	0.121292	0.123167	
3701000	-511.943045	1	1402	0.229468	0.430732	0.430732	0.229468	0	0.243000	0.252169	0.247741	0.257090	0.009362	0.945743	0.024005	0.507559	
3702000	-511.348650	1	987	0.266061	0.501075	0.501075	0.266061	0	0.247304	0.249968	0.250017	0.252710	0.882508	0.008946	0.990279	0.990835	
3703000	-511.472510	1	25	0.259105	0.462826	0.462826	0.259105	0	0.246064	0.254129	0.245874	0.253933	0.570540	0.665779	0.458923	0.837679	
3704000	-514.273305	1	3722	0.315522	0.473247	0.473247	0.315522	0	0.247889	0.258998	0.241153	0.251960	0.150757	0.159991	0.369931	0.172410	
3705000	-511.507201	1	2310	0.255503	0.456575	0.456575	0.255503	0	0.245704	0.254539	0.245465	0.254292	0.561310	0.229787	0.544703	0.378589	
3706000	-511.495130	1	3931	0.240895	0.470216	0.470216	0.240895	0	0.245420	0.247747	0.252221	0.254612	0.061367	0.878025	0.656533	0.045541	
3707000	-511.535359	1	629	0.238858	0.466425	0.466425	0.238858	0	0.245171	0.247683	0.252280	0.254865	0.456074	0.748097	0.562702	0.308279	
3708000	-511.503474	1	2231	0.275422	0.491370	0.491370	0.275422	0	0.247363	0.252655	0.247345	0.252637	0.603483	0.340699	0.570927	0.004899	
3709000	-511.947830	1	1698	0.226086	0.457160	0.457160	0.226086	0	0.243909	0.244119	0.255876	0.256096	0.400504	0.933517	0.036227	0.449806	
3710000	-511.390682	1	2058	0.246969	0.471778	0.471778	0.246969	0	0.245793	0.249400	0.250565	0.254242	0.662649	0.346585	0.112190	0.461256	
3711000	-514.357623	1	3693	0.294992	0.477095	0.477095	0.294992	1	0.247543	0.257012	0.243074	0.252372	0.658459	0.564887	0.687279	0.367485	
3712000	-511.755712	1	147	0.284199	0.492879	0.492879	0.284199	0	0.247618	0.253652	0.246363	0.252367	0.674137	0.345525	0.724469	0.556975	
3713000	-511.632877	1	2246	0.285299	0.515116	0.515116	0.285299	0	0.248042	0.251424	0.248572	0.251962	0.179422	0.691786	0.396389	0.398769	
3714000	-511.965064	1	930	0.290248	0.556743	0.556743	0.290248	0	0.248685	0.249246	0.250751	0.251317	0.443736	0.135556	0.220658	0.700407	
3715000	-513.084068	1	3412	0.264249	0.488838	0.488838	0.264249	1	0.246968	0.251069	0.248915	0.253048	0.830184	0.909912	0.317576	0.633309	
3716000	-511.620807	1	289	0.280836	0.532836	0.532836	0.280836	0	0.248226	0.249523	0.250471	0.251780	0.344996	0.415354	0.702351	0.018836	
3717000	-511.647790	1	2695	0.252023	0.445243	0.445243	0.252023	0	0.245127	0.256242	0.243789	0.254842	0.590658	0.627507	0.673321	0.986310	
3718000	-511.764668	1	3752	0.249728	0.437861	0.437861	0.249728	0	0.244710	0.257545	0.242513	0.255232	0.165619	0.985658	0.342191	0.676459	
3719000	-514.000849	1	889	0.293920	0.584050	0.584050	0.293920	1	0.248995	0.248605	0.251397	0.251003	0.425303	0.334767	0.372262	0.978483	
3720000	-511.810171	1	985	0.238683	0.432293	0.432293	0.238683	0	0.243782	0.255532	0.244452	0.256234	0.793303	0.182300	0.472001	0.133655	
3721000	-513.291533	1	961	0.281683	0.535607	0.535607	0.281683	1	0.248281	0.249451	0.250544	0.251725	0.005365	0.748527	0.448408	0.356376	
3722000	-511.848713	1	1858	0.232628	0.433461	0.433461	0.232628	0	0.243390	0.252765	0.247162	0.256682	0.347107	0.742093	0.227627	0.782084	
3723000	-511.525158	1	2426	0.249235	0.500335	0.500335	0.249235	0	0.246701	0.246332	0.253673	0.253294	0.378578	0.112802	0.303300	0.911665	
3724000	-511.815025	1	2447	0.287322	0.546657	0.546657	0.287322	0	0.248524	0.249446	0.250550	0.251479	0.739883	0.829656	0.511500	0.434720	
3725000	-511.408418	1	1958	0.254578	0.499713	0.499713	0.254578	0	0.246892	0.247725	0.252266	0.253117	0.436404	0.625127	0.585719	0.837667	
3726000	-511.731217	1	1254	0.246262	0.437567	0.437567	0.246262	0	0.244501	0.256594	0.243433	0.255473	0.944440	0.560804	0.062606	0.081616	
3727000	-511.479871	1	2654	0.268961	0.520921	0.520921	0.268961	0	0.247773	0.248667	0.251327	0.252234	0.141268	0.485429	0.454480	0.274475	
3728000	-511.659400	1	899	0.265335	0.531346	0.531346	0.265335	0	0.247864	0.247334	0.252671	0.252131	0.585771	0.794862	0.629967	0.063186	
3729000	-513.075866	1	3839	0.256787	0.489748	0.489748	0.256787	1	0.246727	0.249378	0.250601	0.253293	0.655831	0.092763	0.073591	0.175923	
3730000	-511.573005	1	426	0.260632	0.457948	0.457948	0.260632	0	0.245973	0.255442	0.244585	0.254001	0.480081	0.337278	0.829227	0.812186	
3731000	-512.255201	1	3240	0.271755	0.564023	0.564023	0.271755	0	0.248478	0.246822	0.253194	0.251506	0.396193	0.663287	0.290083	0.016181	
3732000	-512.581474	1	3661	0.287833	0.462615	0.462615	0.287833	0	0.247025	0.258806	0.241329	0.252839	0.737762	0.811494	0.905182	0.722250	
3733000	-511.392810	1	3457	0.250984	0.490516	0.490516	0.250984	0	0.246520	0.247869	0.252116	0.253496	0.103122	0.528923	0.327021	0.027552	
3734000	-511.522298	1	1062	0.240211	0.473197	0.473197	0.240211	0	0.245481	0.247040	0.252936	0.254543	0.543965	0.840518	0.618629	0.339233	
3735000	-512.208027	1	1231	0.258081	0.546980	0.546980	0.258081	0	0.247942	0.245215	0.254823	0.252020	0.590083	0.161230	0.670513	0.362387	
3736000	-512.957943	1	963	0.291429	0.602118	0.602118	0.291429	0	0.249115	0.247998	0.252008	0.250879	0.044084	0.555458	0.509063	0.540834	
3737000	-513.275424	1	646	0.242501	0.464702	0.464702	0.242501	1	0.245322	0.249232	0.250725	0.254721	0.634655	0.381388	0.944747	0.879416	
3738000	-511.716280	1	922	0.268440	0.537242	0.537242	0.268440	0	0.248035	0.247503	0.252502	0.251961	0.140908	0.313630	0.303856	0.509375	
3739000	-512.112638	1	73	0.285330	0.475061	0.475061	0.285330	0	0.247263	0.256328	0.243736	0.252672	0.084817	0.698029	0.982386	0.396241	
3740000	-513.523586	1	3786	0.200010	0.424847	0.424847	0.200010	0	0.238932	0.234698	0.265538	0.260832	0.442784	0.271802	0.845308	0.872584	
3741000	-511.897748	1	984	0.230204	0.474356	0.474356	0.230204	0	0.244890	0.243085	0.256959	0.255065	0.597994	0.602331	0.408952	0.766484	
3742000	-511.472403	1	3960	0.244688	0.456607	0.456607	0.244688	0	0.245159	0.251504	0.248453	0.254884	0.116940	0.657729	0.709021	0.572168	
3743000	-511.437649	1	3047	0.268500	0.516339	0.516339	0.268500	0	0.247677	0.248955	0.251036	0.252331	0.454503	0.136436	0.422933	0.830906	
3744000	-511.583192	1	1327	0.274496	0.531363	0.531363	0.274496	0	0.248076	0.248775	0.251220	0.251929	0.588041	0.223789	0.553553	0.404682	
3745000	-511.475453	1	1238	0.270247	0.480924	0.480924	0.270247	0	0.246971	0.253259	0.246744	0.253027	0.230061	0.915264	0.168430	0.204770	
3746000	-511.739897	1	898	0.257200	0.445426	0.445426	0.257200	0	0.245387	0.257508	0.242562	0.254543	0.811765	0.596260	0.834805	0.872404	
3747000	-511.665653	1	3641	0.253359	0.445365	0.445365	0.253359	0	0.245200	0.256566	0.243474	0.254761	0.602727	0.345313	0.152967	0.419462	
3748000	-514.325888	1	865	0.231741	0.513269	0.513269	0.231741	1	0.246215	0.239829	0.260354	0.253602	0.906375	0.658641	0.147004	0.488574	
3749000	-512.256910	1	3735	0.236518	0.413152	0.413152	0.236518	0	0.242639	0.261311	0.238836	0.257215	0.353994	0.722122	0.418284	0.563851	
3750000	-511.588755	1	1101	0.275664	0.531862	0.531862	0.275664	0	0.248108	0.248907	0.251088	0.251897	0.343745	0.478805	0.968877	0.338574	
3751000	-511.598243	1	1291	0.299530	0.500974	0.500974	0.277623	0	0.249043	0.253291	0.246729	0.250937	0.981123	0.235130	0.533547	0.789352	
3752000	-511.327324	1	3653	0.263214	0.494904	0.494904	0.263214	0	0.247078	0.250118	0.249865	0.252939	0.857596	0.685373	0.335363	0.589468	
3753000	-511.834731	1	495	0.277434	0.471681	0.471681	0.277434	0	0.246960	0.255858	0.244192	0.252990	0.779216	0.394289	0.806043	0.633539	
3754000	-511.987557	1	2633	0.269413	0.551247	0.551247	0.269413	0	0.248265	0.246965	0.253048	0.251723	0.157899	0.023384	0.277166	0.507147	
3755000	-512.112638	1	73	0.285330	0.475061	0.475061	0.285330	0	0.247263	0.256328	0.243736	0.252672	0.343488	0.414640	0.228418	0.684121	
3756000	-511.459061	1	3559	0.274579	0.516745	0.516745	0.274579	0	0.247835	0.249878	0.250113	0.252174	0.522202	0.243254	0.526763	0.336837	
3757000	-511.410443	1	3625	0.258354	0.505565	0.505565	0.258354	0	0.247159	0.247988	0.252004	0.252849	0.975803	0.784272	0.457945	0.387924	
3758000	-513.367971	1	2517	0.238889	0.458735	0.458735	0.238889	1	0.244894	0.249120	0.250828	0.255157	0.133091	0.116655	0.402856	0.473468	
3759000	-514.740976	1	0	0.258018	0.413275	0.413275	0.258018	1	0.244011	0.267831	0.232720	0.255438	0.929088	0.671995	0.974170	0.356350	
3760000	-511.909813	1	1063	0.267785	0.546332	0.546332	0.267785	0	0.248159	0.246933	0.253079	0.251828	0.736258	0.262824	0.323263	0.048768	
3761000	-511.725196	1	754	0.256678	0.445562	0.445562	0.256678	0	0.245368	0.257349	0.242716	0.254567	0.584889	0.599911	0.996441	0.476055	
3762000	-511.392249	1	1149	0.247691	0.479921	0.479921	0.247691	0	0.246077	0.248365	0.251609	0.253949	0.532290	0.177411	0.814653	0.378815	
3763000	-512.391424	1	6	0.289057	0.579889	0.579889	0.289057	0	0.248903	0.248296	0.251708	0.251093	0.323604	0.442805	0.819707	0.530513	
3764000	-513.171970	1	864	0.254143	0.503238	0.503238	0.254143	1	0.246959	0.247269	0.252728	0.253045	0.651595	0.996247	0.660042	0.878658	
3765000	-511.424173	1	540	0.259775	0.508683	0.508683	0.259775	0	0.247273	0.247995	0.251998	0.252733	0.974829	0.707258	0.471407	0.898424	
3766000	-512.143964	1	416	0.294640	0.496900	0.496900	0.294640	0	0.247922	0.254283	0.245745	0.252050	0.063959	0.583563	0.930204	0.343168	
3767000	-511.736211	1	1163	0.288361	0.510861	0.510861	0.288361	0	0.248034	0.252161	0.247841	0.251965	0.849945	0.716570	0.522156	0.572565	
3768000	-513.088735	1	1265	0.263580	0.486849	0.486849	0.263580	1	0.246897	0.251200	0.248784	0.253119	0.773007	0.157514	0.080174	0.415092	
3769000	-511.525546	1	814	0.277602	0.495686	0.495686	0.277602	0	0.247511	0.252442	0.247557	0.252489	0.433823	0.911722	0.895415	0.955565	
3770000	-511.856216	1	2663	0.278731	0.550787	0.550787	0.278731	0	0.248434	0.248259	0.251742	0.251565	0.884249	0.773480	0.331534	0.291922	
3771000	-511.602247	1	2090	0.246681	0.500706	0.500706	0.246681	0	0.246604	0.245605	0.254410	0.253381	0.045376	0.167634	0.447947	0.291559	
3772000	-513.015124	1	3812	0.291071	0.455981	0.455981	0.291071	0	0.246938	0.260467	0.239730	0.252865	0.220812	0.244518	0.936975	0.140752	
3773000	-513.220724	1	92	0.280728	0.513404	0.513404	0.280728	1	0.247915	0.251020	0.248974	0.252091	0.632730	0.927193	0.470572	0.782234	
3774000	-511.625591	1	1341	0.263238	0.458374	0.458374	0.263238	0	0.246092	0.255904	0.244135	0.253869	0.016049	0.516967	0.703422	0.094719	
3775000	-513.025050	1	3589	0.206326	0.429000	0.429000	0.206326	0	0.240252	0.238706	0.261362	0.259680	0.828336	0.348649	0.563663	0.978431	
3776000	-513.370898	1	1169	0.245299	0.500265	0.500265	0.245299	1	0.246531	0.245260	0.254761	0.253448	0.692913	0.112138	0.810892	0.061875	
3777000	-511.390682	1	2058	0.246969	0.471778	0.471778	0.246969	0	0.245793	0.249400	0.250565	0.254242	0.388167	0.957550	0.669067	0.263886	
3778000	-513.092052	1	1289	0.257862	0.499309	0.499309	0.257862	1	0.246999	0.248514	0.251472	0.253015	0.271271	0.397153	0.715043	0.039345	
3779000	-511.478925	1	1792	0.244238	0.456164	0.456164	0.244238	0	0.245117	0.251453	0.248503	0.254927	0.862907	0.882133	0.364594	0.492474	
3780000	-512.830141	1	617	0.223724	0.395502	0.395502	0.223724	0	0.240360	0.263301	0.236865	0.259473	0.128363	0.407608	0.553736	0.162088	
3781000	-511.484725	1	1466	0.255887	0.508790	0.508790	0.255887	0	0.247148	0.247150	0.252850	0.252852	0.142835	0.673299	0.565046	0.849515	
3782000	-512.757244	1	3510	0.292359	0.465975	0.465975	0.292359	0	0.247228	0.258639	0.241493	0.252639	0.376077	0.527560	0.447364	0.255246	
3783000	-512.220693	1	837	0.305175	0.537055	0.537055	0.305175	0	0.248670	0.251575	0.248427	0.251329	0.398374	0.852281	0.000885	0.375507	
3784000	-511.411009	1	2732	0.260575	0.508241	0.508241	0.260575	0	0.247289	0.248199	0.251793	0.252719	0.061843	0.419098	0.969172	0.121163	
3785000	-511.643160	1	2945	0.253348	0.446527	0.446527	0.253348	0	0.245243	0.256276	0.243757	0.254724	0.104458	0.017661	0.039820	0.473768	
3786000	-512.021264	1	679	0.249198	0.526601	0.526601	0.249198	0	0.247300	0.244280	0.255772	0.252648	0.537463	0.266035	0.762998	0.106615	
3787000	-513.611632	1	3655	0.230452	0.461445	0.461445	0.230452	1	0.244424	0.245290	0.254692	0.255594	0.854709	0.887521	0.346764	0.009164	
3788000	-511.496085	1	1565	0.246937	0.492731	0.492731	0.246937	0	0.246405	0.246516	0.253482	0.253597	0.796889	0.596603	0.524409	0.517816	
3789000	-511.754817	1	3427	0.287503	0.540150	0.540150	0.287503	0	0.248445	0.249831	0.250164	0.251559	0.135283	0.208981	0.349582	0.610694	
3790000	-511.322879	1	2448	0.259586	0.482702	0.482702	0.259586	0	0.246651	0.250939	0.249040	0.253369	0.673527	0.706436	0.259437	0.200841	
3791000	-512.822574	1	3613	0.276359	0.587113	0.587113	0.276359	0	0.248808	0.246807	0.253210	0.251174	0.889268	0.342996	0.918223	0.915751	
3792000	-511.453446	1	786	0.275332	0.513764	0.513764	0.275332	0	0.247800	0.250246	0.249744	0.252209	0.808336	0.685787	0.221175	0.675503	
3793000	-511.759514	1	2463	0.245338	0.507473	0.507473	0.245338	0	0.246717	0.244617	0.255420	0.253246	0.774963	0.506159	0.280021	0.266090	
3794000	-515.545333	1	3496	0.274577	0.416203	0.416203	0.274577	1	0.244937	0.269701	0.231003	0.254359	0.756245	0.235145	0.638078	0.785029	
3795000	-511.447368	1	929	0.265302	0.473814	0.473814	0.265302	0	0.246622	0.253468	0.246533	0.253377	0.569673	0.335740	0.955638	0.259173	
3796000	-512.067201	1	2844	0.295729	0.505701	0.505701	0.295729	0	0.248092	0.253410	0.246605	0.251892	0.962234	0.835620	0.865600	0.386370	
3797000	-512.456724	1	986	0.215235	0.441584	0.441584	0.215235	0	0.242123	0.241565	0.258454	0.257858	0.093291	0.249717	0.646618	0.529824	
3798000	-511.766592	1	874	0.253346	0.522031	0.522031	0.253346	0	0.247345	0.245546	0.254480	0.252629	0.159439	0.649572	0.107318	0.754243	
3799000	-512.100577	1	895	0.224568	0.466849	0.466849	0.224568	0	0.244176	0.241691	0.258381	0.255752	0.615537	0.300933	0.429369	0.653506	
3800000	-511.549258	1	2959	0.278645	0.496121	0.496121	0.278645	0	0.247546	0.252537	0.247464	0.252453	0.229181	0.384152	0.070433	0.144265	
3801000	-511.731673	1	188	0.260661	0.530303	0.530303	0.260661	0	0.247724	0.246547	0.253466	0.252262	0.031285	0.643204	0.491213	0.221328	
3802000	-511.427100	1	2615	0.244466	0.471858	0.471858	0.244466	0	0.245668	0.248632	0.251334	0.254366	0.307318	0.764096	0.781019	0.706755	
3803000	-511.718531	1	501	0.282501	0.541352	0.541352	0.282501	0	0.248376	0.249203	0.250793	0.251628	0.393985	0.209069	0.584390	0.952819	
3804000	-511.637710	1	1328	0.247797	0.505325	0.505325	0.247797	0	0.246766	0.245477	0.254543	0.253214	0.836187	0.868472	0.433105	0.451544	
3805000	-511.771948	1	1693	0.241846	0.500623	0.500623	0.241846	0	0.246385	0.244202	0.255840	0.253574	0.341639	0.844621	0.188170	0.200997	
3806000	-512.100682	1	2793	0.230187	0.420483	0.420483	0.230187	0	0.242531	0.255857	0.244100	0.257512	0.346879	0.459732	0.843552	0.669304	
3807000	-511.832696	1	3663	0.280752	0.549844	0.549844	0.280752	0	0.248456	0.248550	0.251449	0.251544	0.274840	0.054070	0.472488	0.717505	
3808000	-511.317578	1	2785	0.260565	0.488956	0.488956	0.260565	0	0.246846	0.250307	0.249673	0.253174	0.490459	0.651462	0.152942	0.605657	
3809000	-511.765140	1	2363	0.235045	0.437132	0.437132	0.235045	0	0.243745	0.252729	0.247207	0.256319	0.433272	0.788744	0.394690	0.982072	
3810000	-512.620310	1	474	0.290005	0.465630	0.465630	0.290005	0	0.247159	0.258469	0.241657	0.252715	0.316239	0.688669	0.920939	0.805568	
3811000	-511.743083	1	1421	0.237057	0.486170	0.486170	0.237057	0	0.245718	0.244166	0.255866	0.254250	0.689998	0.762560	0.830930	0.276823	
3812000	-512.017633	1	2432	0.299156	0.529757	0.529757	0.299156	0	0.248496	0.251613	0.248388	0.251503	0.994887	0.792277	0.062338	0.048687	
3813000	-511.779075	1	1742	0.233717	0.437610	0.437610	0.233717	0	0.243668	0.252053	0.247874	0.256405	0.965701	0.260139	0.494849	0.470740	
3814000	-511.706731	1	3286	0.283381	0.539732	0.539732	0.283381	0	0.248370	0.249400	0.250596	0.251635	0.529892	0.924175	0.416784	0.670507	
3815000	-511.364348	1	1256	0.252070	0.469190	0.469190	0.252070	0	0.245955	0.251252	0.248718	0.254075	0.781614	0.951281	0.597318	0.456350	
3816000	-511.324522	1	41	0.255087	0.484239	0.484239	0.255087	0	0.246519	0.249697	0.250279	0.253505	0.857686	0.138556	0.404741	0.070650	
3817000	-511.341759	1	2392	0.252629	0.483979	0.483979	0.252629	0	0.246412	0.249126	0.250849	0.253613	0.801308	0.886072	0.518572	0.159761	
3818000	-513.891968	1	59	0.239068	0.424289	0.424289	0.239068	1	0.243421	0.258219	0.241830	0.256531	0.264443	0.315496	0.933374	0.620618	
3819000	-511.462257	1	1772	0.269435	0.480454	0.480454	0.269435	0	0.246933	0.253189	0.246813	0.253065	0.493208	0.755618	0.669810	0.211931	
3820000	-513.173506	1	847	0.247850	0.483771	0.483771	0.247850	1	0.246195	0.247879	0.252100	0.253825	0.746551	0.329526	0.652013	0.978920	
3821000	-511.634645	1	917	0.259563	0.453198	0.453198	0.259563	0	0.245770	0.256225	0.243816	0.254188	0.344453	0.877159	0.307632	0.623762	
3822000	-513.574991	1	717	0.286759	0.493465	0.493465	0.286759	1	0.247687	0.253883	0.246137	0.252293	0.816161	0.736248	0.418019	0.266552	
3823000	-513.318880	1	564	0.245292	0.454958	0.454958	0.245292	1	0.245131	0.252042	0.247919	0.254909	0.081860	0.270169	0.386738	0.805196	
3824000	-512.324704	1	1026	0.237882	0.411221	0.411221	0.237882	0	0.242631	0.262618	0.237590	0.257161	0.371419	0.339496	0.393426	0.225403	
3825000	-511.384106	1	3782	0.265611	0.508647	0.508647	0.265611	0	0.247449	0.249129	0.250860	0.252563	0.280913	0.757197	0.988891	0.974122	
3826000	-513.699005	1	2720	0.231681	0.481557	0.481557	0.231681	1	0.245240	0.242719	0.257343	0.254698	0.854661	0.754117	0.589323	0.693735	
3827000	-511.899435	1	3855	0.251422	0.433421	0.433421	0.251422	0	0.244615	0.259292	0.240822	0.255271	0.357186	0.662056	0.924290	0.437393	
3828000	-511.727913	1	792	0.231690	0.456757	0.456757	0.231690	0	0.244332	0.246708	0.253248	0.255711	0.604019	0.379508	0.528532	0.991090	
3829000	-511.363555	1	3930	0.268492	0.502152	0.502152	0.268492	0	0.247398	0.250286	0.249701	0.252616	0.309745	0.942043	0.839484	0.564655	
3830000	-511.375395	1	3122	0.253893	0.467685	0.467685	0.253893	0	0.245991	0.251986	0.247990	0.254034	0.340504	0.003056	0.023724	0.586999	
3831000	-511.525638	1	570	0.239917	0.456936	0.456936	0.239917	0	0.244891	0.249845	0.250102	0.255161	0.523318	0.092611	0.461679	0.598055	
3832000	-511.626306	1	3359	0.249062	0.444545	0.444545	0.249062	0	0.244944	0.255589	0.244423	0.255044	0.554301	0.979694	0.136927	0.096665	
3833000	-512.607974	1	2141	0.264696	0.425679	0.425679	0.264696	0	0.244938	0.264786	0.235593	0.254684	0.990409	0.301930	0.035229	0.571591	
3834000	-511.628863	1	2021	0.235920	0.450626	0.450626	0.235920	0	0.244386	0.249715	0.250222	0.255678	0.791825	0.652362	0.711048	0.198640	
3835000	-511.416051	1	2586	0.245227	0.468216	0.468216	0.245227	0	0.245589	0.249475	0.250487	0.254449	0.257563	0.452436	0.371063	0.999223	
3836000	-511.410730	1	3912	0.256084	0.502397	0.502397	0.256084	0	0.247010	0.247798	0.252194	0.252998	0.856667	0.770898	0.063631	0.740830	
3837000	-511.410443	1	3625	0.258354	0.505565	0.505565	0.258354	0	0.247159	0.247988	0.252004	0.252849	0.781116	0.416209	0.404785	0.597700	
3838000	-511.370219	1	2858	0.265268	0.482940	0.482940	0.265268	0	0.246858	0.252065	0.247923	0.253153	0.426799	0.476438	0.469817	0.655683	
3839000	-511.680901	1	562	0.279097	0.484728	0.484728	0.279097	0	0.247317	0.254072	0.245947	0.252664	0.413496	0.657508	0.582001	0.048659	
3840000	-511.477102	1	2250	0.259741	0.513315	0.513315	0.259741	0	0.247370	0.247584	0.252414	0.252633	0.705697	0.741583	0.805307	0.269568	
3841000	-513.241949	1	2231	0.275422	0.491370	0.491370	0.275422	1	0.247361	0.252657	0.247343	0.252639	0.897258	0.808611	0.091067	0.609040	
3842000	-511.437457	1	2751	0.257129	0.506557	0.506557	0.257129	0	0.247140	0.247629	0.252366	0.252865	0.414581	0.013504	0.760755	0.656119	
3843000	-511.663694	1	2731	0.234560	0.467393	0.467393	0.234560	0	0.244936	0.245925	0.254056	0.255083	0.561775	0.380079	0.444936	0.840249	
3844000	-513.639955	1	853	0.231743	0.476266	0.476266	0.231743	1	0.245062	0.243449	0.256589	0.254900	0.470378	0.596432	0.512867	0.081733	
3845000	-511.723413	1	815	0.231809	0.454960	0.454960	0.231809	0	0.244269	0.247122	0.252828	0.255781	0.127034	0.142602	0.922758	0.607751	
3846000	-511.582215	1	1440	0.238000	0.452043	0.452043	0.238000	0	0.244582	0.250189	0.249752	0.255477	0.641275	0.459381	0.006234	0.802866	
3847000	-511.395657	1	2437	0.266795	0.482461	0.482461	0.266795	0	0.246897	0.252421	0.247571	0.253110	0.497606	0.568399	0.213860	0.658726	
3848000	-513.233697	1	1991	0.278237	0.499884	0.499884	0.278237	1	0.247610	0.252049	0.247948	0.252394	0.670647	0.073429	0.416210	0.676227	
3849000	-513.211173	1	2093	0.247377	0.489763	0.489763	0.247377	1	0.246342	0.246988	0.253004	0.253667	0.767895	0.341770	0.085443	0.670706	
3850000	-511.355379	1	3174	0.266909	0.502335	0.502335	0.266909	0	0.247356	0.249988	0.249998	0.252658	0.647298	0.070318	0.925111	0.888743	
3851000	-511.510591	1	387	0.239905	0.466184	0.466184	0.239905	0	0.245225	0.248092	0.251869	0.254814	0.392335	0.620397	0.805714	0.942774	
3852000	-511.628876	1	3104	0.282833	0.531346	0.531346	0.282833	0	0.248243	0.249866	0.250128	0.251764	0.268003	0.157209	0.261469	0.431873	
3853000	-511.402404	1	1817	0.247517	0.465045	0.465045	0.247517	0	0.245603	0.250723	0.249239	0.254435	0.034754	0.454153	0.926769	0.749532	
3854000	-511.647192	1	379	0.247490	0.442604	0.442604	0.247490	0	0.244780	0.255619	0.244389	0.255211	0.834619	0.582556	0.239661	0.002325	
3855000	-511.626836	1	1380	0.277662	0.534971	0.534971	0.277662	0	0.248196	0.248980	0.251016	0.251809	0.971885	0.449978	0.264257	0.913278	
3856000	-512.467631	1	1566	0.280424	0.452663	0.452663	0.280424	0	0.246528	0.259979	0.240193	0.253299	0.186475	0.314334	0.507919	0.280551	
3857000	-513.781702	1	2698	0.197411	0.407910	0.407910	0.197411	0	0.237325	0.238122	0.261836	0.262716	0.000025	0.405684	0.703446	0.141583	
3858000	-511.654951	1	3167	0.234812	0.467333	0.467333	0.234812	0	0.244950	0.246033	0.253947	0.255070	0.989278	0.130228	0.915549	0.532367	
3859000	-511.570244	1	3746	0.241179	0.448443	0.448443	0.241179	0	0.244642	0.252143	0.247808	0.255407	0.362627	0.690454	0.367039	0.372385	
3860000	-511.472594	1	996	0.277289	0.509374	0.509374	0.277289	0	0.247767	0.250931	0.249061	0.252241	0.417361	0.961035	0.575440	0.324225	
3861000	-511.478673	1	88	0.276973	0.515749	0.515749	0.276973	0	0.247873	0.250306	0.249685	0.252136	0.283813	0.256718	0.783756	0.770896	
3862000	-511.580226	1	439	0.254520	0.451035	0.451035	0.254520	0	0.245465	0.255511	0.244509	0.254515	0.034467	0.489429	0.161632	0.989375	
3863000	-511.729223	1	913	0.243303	0.436778	0.436778	0.243303	0	0.244288	0.255862	0.244142	0.255708	0.084504	0.392228	0.724306	0.583289	
3864000	-512.613354	1	3520	0.264255	0.568069	0.568069	0.264255	0	0.248390	0.245598	0.254436	0.251576	0.845634	0.942154	0.510754	0.739323	
3865000	-511.462257	1	1772	0.269435	0.480454	0.480454	0.269435	0	0.246933	0.253189	0.246813	0.253065	0.958752	0.668495	0.639607	0.686981	
3866000	-512.214825	1	1649	0.274471	0.564787	0.564787	0.274471	0	0.248535	0.247159	0.252853	0.251453	0.213530	0.509553	0.992344	0.267627	
3867000	-511.361564	1	2469	0.249854	0.472671	0.472671	0.249854	0	0.245960	0.250074	0.249893	0.254073	0.142697	0.740255	0.582979	0.415507	
3868000	-511.447538	1	2136	0.275302	0.511808	0.511808	0.275302	0	0.247764	0.250418	0.249572	0.252245	0.158698	0.089629	0.216219	0.353307	
3869000	-513.381566	1	1859	0.286576	0.509525	0.509525	0.286576	1	0.247974	0.252093	0.247908	0.252026	0.118329	0.890215	0.572320	0.961283	
3870000	-512.095072	1	2243	0.271340	0.557438	0.557438	0.271340	0	0.248386	0.246997	0.253016	0.251601	0.098529	0.534406	0.350701	0.432318	
3871000	-513.164098	1	1863	0.266148	0.480808	0.480808	0.266148	1	0.246833	0.252543	0.247450	0.253174	0.810618	0.766082	0.602969	0.454070	
3872000	-512.320132	1	2931	0.228301	0.411647	0.411647	0.228301	0	0.241862	0.258310	0.241696	0.258132	0.568197	0.805158	0.977244	0.335284	
3873000	-513.242540	1	2537	0.254240	0.510169	0.510169	0.254240	1	0.247120	0.246657	0.253349	0.252874	0.323324	0.371726	0.248642	0.252027	
3874000	-513.772477	1	3727	0.271140	0.560668	0.560668	0.271140	1	0.248423	0.246852	0.253163	0.251562	0.350291	0.091240	0.788793	0.502257	
3875000	-511.410730	1	3912	0.256084	0.502397	0.502397	0.256084	0	0.247010	0.247798	0.252194	0.252998	0.440318	0.496693	0.695020	0.421745	
3876000	-511.405164	1	3861	0.270262	0.490123	0.490123	0.270262	0	0.247188	0.251992	0.248000	0.252820	0.258217	0.033193	0.154846	0.771017	
3877000	-511.360877	1	65	0.254881	0.470329	0.470329	0.254881	0	0.246115	0.251772	0.248204	0.253909	0.021422	0.960628	0.997544	0.719373	
3878000	-511.451337	1	864	0.254143	0.503238	0.503238	0.254143	0	0.246960	0.247267	0.252729	0.253044	0.485615	0.458064	0.460783	0.269921	
3879000	-512.759559	1	3387	0.219550	0.400209	0.400209	0.219550	0	0.240234	0.258603	0.241354	0.259809	0.182974	0.871171	0.740503	0.345994	
3880000	-511.441593	1	3830	0.273304	0.493731	0.493731	0.273304	0	0.247355	0.252036	0.247958	0.252650	0.442436	0.563556	0.758197	0.299173	
3881000	-512.414682	1	154	0.238956	0.408802	0.408802	0.238956	0	0.242570	0.264026	0.236253	0.257151	0.331850	0.930687	0.901648	0.965140	
3882000	-512.802038	1	2524	0.317006	0.585743	0.585743	0.317006	0	0.249223	0.250061	0.249938	0.250778	0.114358	0.122615	0.432470	0.101408	
3883000	-513.250169	1	2077	0.271793	0.482953	0.482953	0.271793	1	0.247066	0.253224	0.246780	0.252931	0.537007	0.038015	0.009116	0.142663	
3884000	-511.625591	1	1341	0.263238	0.458374	0.458374	0.263238	0	0.246092	0.255904	0.244135	0.253869	0.704207	0.107458	0.188299	0.442430	
3885000	-511.920543	1	3793	0.250823	0.525100	0.525100	0.250823	0	0.247325	0.244762	0.255280	0.252634	0.510077	0.793955	0.839373	0.279081	
3886000	-511.456429	1	1215	0.271584	0.486247	0.486247	0.271584	0	0.247139	0.252726	0.247272	0.252863	0.574553	0.201886	0.814083	0.151802	
3887000	-511.493202	1	3995	0.261503	0.516558	0.516558	0.261503	0	0.247488	0.247670	0.252328	0.252514	0.911160	0.283864	0.446653	0.257884	
3888000	-511.498365	1	1462	0.278641	0.514414	0.514414	0.278641	0	0.247888	0.250652	0.249340	0.252120	0.347281	0.363594	0.981044	0.312048	
3889000	-512.163572	1	1981	0.228325	0.418649	0.418649	0.228325	0	0.242266	0.255640	0.244303	0.257790	0.074319	0.214491	0.392593	0.951540	
3890000	-511.698304	1	89	0.247541	0.439835	0.439835	0.247541	0	0.244670	0.256364	0.243660	0.255306	0.440833	0.211502	0.737228	0.494629	
3891000	-513.361780	1	1269	0.242834	0.452577	0.452577	0.242834	1	0.244901	0.251767	0.248187	0.255145	0.501710	0.936463	0.128471	0.039729	
3892000	-511.777253	1	279	0.281258	0.483430	0.483430	0.281258	0	0.247346	0.254546	0.245481	0.252627	0.485727	0.613856	0.717053	0.483418	
3893000	-511.404844	1	466	0.251192	0.463001	0.463001	0.251192	0	0.245716	0.252139	0.247834	0.254311	0.560269	0.940275	0.316164	0.271581	
3894000	-511.710335	1	1455	0.285530	0.501660	0.501660	0.285530	0	0.247815	0.252783	0.247223	0.252179	0.173837	0.049796	0.518196	0.860214	
3895000	-513.449141	1	3712	0.242906	0.558527	0.558527	0.242906	0	0.247709	0.241542	0.258594	0.252155	0.732153	0.497905	0.622628	0.291548	
3896000	-511.471182	1	3662	0.261557	0.514846	0.514846	0.261557	0	0.247456	0.247819	0.252177	0.252548	0.093602	0.318264	0.284385	0.336680	
3897000	-511.392419	1	1885	0.248275	0.482425	0.482425	0.248275	0	0.246177	0.248179	0.251798	0.253845	0.861874	0.808487	0.758186	0.703093	
3898000	-511.875063	1	180	0.273916	0.463098	0.463098	0.273916	0	0.246620	0.256883	0.243188	0.253308	0.225447	0.629033	0.741607	0.621593	
3899000	-512.279177	1	3835	0.289457	0.476999	0.476999	0.289457	0	0.247412	0.256481	0.243589	0.252518	0.852796	0.908554	0.031582	0.688933	
3900000	-512.403960	1	1117	0.229198	0.408130	0.408130	0.229198	0	0.241731	0.260195	0.239876	0.258198	0.941246	0.335158	0.797786	0.631805	
3901000	-511.400670	1	2723	0.258263	0.468227	0.468227	0.258263	0	0.246194	0.252940	0.247048	0.253818	0.484807	0.892734	0.431969	0.146817	
3902000	-512.370742	1	1432	0.277517	0.450779	0.450779	0.277517	0	0.246375	0.260009	0.240163	0.253453	0.049862	0.843156	0.487716	0.217567	
3903000	-512.107873	1	1667	0.295299	0.501260	0.501260	0.295299	0	0.248010	0.253847	0.246175	0.251968	0.152905	0.645206	0.250863	0.358597	
3904000	-511.392994	1	2051	0.269234	0.489226	0.489226	0.269234	0	0.247137	0.251932	0.248059	0.252872	0.678189	0.834898	0.195092	0.632087	
3905000	-511.571176	1	551	0.247510	0.447347	0.447347	0.247510	0	0.244969	0.254443	0.245545	0.255043	0.878240	0.955929	0.743913	0.707903	
3906000	-513.788033	1	2891	0.225992	0.455386	0.455386	0.225992	1	0.243826	0.244422	0.255564	0.256188	0.282170	0.629684	0.042024	0.840197	
3907000	-511.535826	1	1506	0.263176	0.463678	0.463678	0.263176	0	0.246253	0.254840	0.245179	0.253728	0.749573	0.483872	0.384229	0.723109	
3908000	-514.357623	1	3693	0.294992	0.477095	0.477095	0.294992	1	0.247543	0.257012	0.243074	0.252372	0.370698	0.411610	0.098802	0.361924	
3909000	-511.585252	1	1471	0.269570	0.529829	0.529829	0.269570	0	0.247941	0.248133	0.251865	0.252061	0.182888	0.795399	0.756711	0.668181	
3910000	-511.905785	1	1080	0.229393	0.433955	0.433955	0.229393	0	0.243151	0.251185	0.248722	0.256941	0.593145	0.229211	0.974549	0.447083	
3911000	-511.498365	1	1462	0.278641	0.514414	0.514414	0.278641	0	0.247888	0.250652	0.249340	0.252120	0.413362	0.304600	0.924721	0.316975	
3912000	-511.886907	1	1794	0.227624	0.442619	0.442619	0.227624	0	0.243407	0.248043	0.251877	0.256674	0.603963	0.191623	0.207273	0.975499	
3913000	-511.748543	1	1979	0.232937	0.471256	0.471256	0.232937	0	0.244967	0.244665	0.255342	0.255027	0.492757	0.058866	0.670962	0.350594	
3914000	-512.412242	1	2623	0.291022	0.475125	0.475125	0.291022	0	0.247408	0.256940	0.243142	0.252510	0.817855	0.234796	0.245194	0.624049	
3915000	-513.163955	1	3495	0.252219	0.497739	0.497739	0.252219	1	0.246753	0.247364	0.252629	0.253254	0.238862	0.870754	0.535045	0.075769	
3916000	-511.577026	1	399	0.237221	0.456870	0.456870	0.237221	0	0.244719	0.248882	0.251065	0.255335	0.472174	0.120155	0.645342	0.859292	
3917000	-511.509222	1	3837	0.243996	0.486137	0.486137	0.243996	0	0.246082	0.246444	0.253551	0.253923	0.223944	0.541988	0.885237	0.495261	
3918000	-511.506621	1	2462	0.264716	0.520626	0.520626	0.264716	0	0.247657	0.247957	0.252040	0.252346	0.480898	0.845427	0.073393	0.981291	
3919000	-511.324408	1	328	0.256800	0.479568	0.479568	0.256800	0	0.246460	0.250765	0.249211	0.253564	0.530023	0.670368	0.330487	0.495639	
3920000	-511.891752	1	2174	0.268941	0.454180	0.454180	0.268941	0	0.246179	0.257885	0.242209	0.253727	0.517028	0.106326	0.291104	0.657894	
3921000	-511.448378	1	1911	0.244355	0.460991	0.460991	0.244355	0	0.245297	0.250521	0.249435	0.254747	0.284715	0.495115	0.701350	0.801139	
3922000	-513.548735	1	1153	0.245310	0.511703	0.511703	0.245310	1	0.246818	0.244269	0.255777	0.253136	0.695714	0.575455	0.742641	0.748381	
3923000	-511.351415	1	900	0.266680	0.491363	0.491363	0.266680	0	0.247107	0.251205	0.248782	0.252907	0.119371	0.143366	0.776776	0.831771	
3924000	-514.496582	1	2604	0.213145	0.429143	0.429143	0.213145	1	0.241215	0.243545	0.256382	0.258858	0.598398	0.826138	0.999441	0.518045	
3925000	-511.386386	1	1496	0.248766	0.482858	0.482858	0.248766	0	0.246212	0.248257	0.251721	0.253811	0.125004	0.674664	0.634758	0.412594	
3926000	-513.755428	1	1025	0.284157	0.569313	0.569313	0.284157	1	0.248734	0.248142	0.251862	0.251262	0.809090	0.629542	0.240091	0.849400	
3927000	-511.513700	1	1546	0.252060	0.453466	0.453466	0.252060	0	0.245432	0.254325	0.245671	0.254572	0.967519	0.876717	0.925955	0.581846	
3928000	-511.851264	1	3691	0.286873	0.550031	0.550031	0.286873	0	0.248558	0.249226	0.250771	0.251445	0.076768	0.693083	0.019712	0.247948	
3929000	-511.584067	1	2474	0.242657	0.489642	0.489642	0.242657	0	0.246118	0.245607	0.254401	0.253873	0.366417	0.710348	0.514938	0.888954	
3930000	-511.517333	1	581	0.279680	0.515941	0.515941	0.279680	0	0.247937	0.250656	0.249336	0.252071	0.886574	0.331934	0.180302	0.077764	
3931000	-511.736289	1	2163	0.232671	0.468188	0.468188	0.232671	0	0.244838	0.245047	0.254949	0.255166	0.494285	0.844920	0.526917	0.482612	
3932000	-512.922201	1	3813	0.316546	0.596291	0.596291	0.316546	0	0.249288	0.249744	0.250255	0.250713	0.360003	0.065165	0.904300	0.776375	
3933000	-513.960755	1	2265	0.241142	0.422175	0.422175	0.241142	1	0.243458	0.259694	0.240408	0.256440	0.855812	0.174571	0.445128	0.525193	
3934000	-511.408418	1	1958	0.254578	0.499713	0.499713	0.254578	0	0.246892	0.247725	0.252266	0.253117	0.067024	0.078435	0.353380	0.496602	
3935000	-513.357227	1	922	0.268440	0.537242	0.537242	0.268440	1	0.248033	0.247504	0.252501	0.251962	0.110471	0.668631	0.814375	0.833885	
3936000	-511.583555	1	1528	0.276350	0.485586	0.485586	0.276350	0	0.247261	0.253560	0.246450	0.252729	0.197504	0.172529	0.170069	0.257730	
3937000	-512.021264	1	679	0.249198	0.526601	0.526601	0.249198	0	0.247300	0.244280	0.255772	0.252648	0.061678	0.491648	0.586375	0.429892	
3938000	-512.612985	1	1563	0.230605	0.510436	0.510436	0.230605	0	0.246072	0.239587	0.260605	0.253736	0.191914	0.338196	0.404696	0.447479	
3939000	-512.304755	1	2113	0.235446	0.411344	0.411344	0.235446	0	0.242451	0.261606	0.238549	0.257395	0.975336	0.195405	0.830092	0.475038	
3940000	-513.193979	1	3953	0.265861	0.522628	0.522628	0.265861	1	0.247723	0.248014	0.251984	0.252280	0.931460	0.170203	0.446546	0.650962	
3941000	-511.365450	1	1963	0.269022	0.500286	0.500286	0.269022	0	0.247374	0.250577	0.249410	0.252639	0.343512	0.678195	0.714869	0.706971	
3942000	-511.370715	1	659	0.267426	0.506094	0.506094	0.267426	0	0.247449	0.249698	0.250289	0.252564	0.962985	0.939007	0.777797	0.341552	
3943000	-513.277011	1	2544	0.261398	0.406699	0.406699	0.261398	0	0.243833	0.271231	0.229570	0.255366	0.620439	0.969702	0.863852	0.486362	
3944000	-512.285129	1	3860	0.231404	0.412076	0.412076	0.231404	0	0.242162	0.259581	0.240479	0.257777	0.145687	0.205402	0.234236	0.202290	
3945000	-514.093579	1	2048	0.243328	0.530988	0.530988	0.243328	1	0.247179	0.242532	0.257566	0.252723	0.167115	0.910956	0.704059	0.363683	
3946000	-511.364348	1	1256	0.252070	0.469190	0.469190	0.252070	0	0.245955	0.251252	0.248718	0.254075	0.555656	0.127478	0.101011	0.804786	
3947000	-512.328333	1	2433	0.219375	0.423453	0.423453	0.219375	0	0.241641	0.249215	0.250644	0.258500	0.332669	0.336383	0.608922	0.369864	
3948000	-511.396356	1	2877	0.270702	0.508776	0.508776	0.270702	0	0.247591	0.249992	0.249996	0.252420	0.539410	0.749170	0.162267	0.159286	
3949000	-511.413343	1	1268	0.251785	0.494999	0.494999	0.251785	0	0.246669	0.247553	0.252437	0.253342	0.654123	0.607200	0.341615	0.911272	
3950000	-511.803716	1	1596	0.235804	0.433762	0.433762	0.235804	0	0.243645	0.253989	0.245962	0.256404	0.941556	0.654012	0.524582	0.715040	
3951000	-511.459296	1	2254	0.255355	0.505887	0.505887	0.255355	0	0.247064	0.247295	0.252702	0.252938	0.342407	0.358941	0.772061	0.322960	
3952000	-512.547641	1	3642	0.223401	0.488568	0.488568	0.223401	0	0.244895	0.238349	0.261878	0.254878	0.306617	0.662800	0.520907	0.366468	
3953000	-513.270449	1	1634	0.281401	0.505403	0.505403	0.281401	1	0.247789	0.251880	0.248117	0.252214	0.804247	0.387508	0.537173	0.770290	
3954000	-511.478790	1	238	0.245898	0.455075	0.455075	0.245898	0	0.245170	0.252204	0.247759	0.254867	0.943313	0.304001	0.014006	0.712739	
3955000	-513.583670	1	228	0.236701	0.440128	0.440128	0.236701	1	0.243997	0.252575	0.247366	0.256063	0.543544	0.275759	0.689518	0.474337	
3956000	-511.789143	1	3042	0.268276	0.457620	0.457620	0.268276	0	0.246262	0.257030	0.243040	0.253668	0.736015	0.670952	0.152721	0.206528	
3957000	-511.699409	1	3292	0.246102	0.505653	0.505653	0.246102	0	0.246704	0.244986	0.255043	0.253267	0.913075	0.117993	0.585230	0.863946	
3958000	-511.427100	1	2615	0.244466	0.471858	0.471858	0.244466	0	0.245668	0.248632	0.251334	0.254366	0.685389	0.943495	0.378953	0.395528	
3959000	-512.175007	1	40	0.232440	0.416226	0.416226	0.232440	0	0.242487	0.258424	0.241605	0.257484	0.676977	0.474104	0.972507	0.770440	
3960000	-511.653758	1	2278	0.248440	0.507555	0.507555	0.248440	0	0.246846	0.245451	0.254570	0.253132	0.570158	0.866981	0.800515	0.008686	
3961000	-511.471182	1	3662	0.261557	0.514846	0.514846	0.261557	0	0.247456	0.247819	0.252177	0.252548	0.384607	0.797307	0.820981	0.322463	
3962000	-511.656076	1	1133	0.244243	0.441158	0.441158	0.244243	0	0.244532	0.254981	0.245009	0.255478	0.623657	0.419977	0.117254	0.883181	
3963000	-512.533998	1	295	0.218283	0.411949	0.411949	0.218283	0	0.240847	0.252737	0.247108	0.259307	0.287384	0.796061	0.116811	0.297358	
3964000	-512.110721	1	1335	0.232282	0.494370	0.494370	0.232282	0	0.245693	0.241522	0.258587	0.254197	0.885429	0.835949	0.240365	0.704152	
3965000	-511.336220	1	3024	0.254111	0.475515	0.475515	0.254111	0	0.246235	0.250734	0.249239	0.253792	0.624665	0.237866	0.076751	0.130165	
3966000	-511.401138	1	1266	0.246183	0.470723	0.470723	0.246183	0	0.245720	0.249341	0.250623	0.254316	0.674211	0.853556	0.923369	0.013307	
3967000	-512.125701	1	626	0.302057	0.530002	0.530002	0.302057	0	0.248542	0.251827	0.248175	0.251455	0.866972	0.374180	0.298184	0.738190	
3968000	-513.350603	1	3288	0.255526	0.520147	0.520147	0.255526	1	0.247376	0.246165	0.253851	0.252608	0.224870	0.118642	0.164714	0.942032	
3969000	-511.340965	1	3417	0.258546	0.476713	0.476713	0.258546	0	0.246450	0.251596	0.248383	0.253570	0.214758	0.680250	0.548346	0.438287	
3970000	-514.001227	1	200	0.249874	0.425243	0.425243	0.249874	1	0.244157	0.261428	0.238763	0.255653	0.258395	0.290205	0.511298	0.432561	
3971000	-512.002119	1	3550	0.250006	0.428473	0.428473	0.250006	0	0.244316	0.260413	0.239737	0.255533	0.010127	0.454917	0.513262	0.375238	
3972000	-512.038674	1	2798	0.298766	0.550476	0.550476	0.298766	0	0.248733	0.250302	0.249695	0.251270	0.220714	0.166737	0.341758	0.419793	
3973000	-512.848181	1	2686	0.314830	0.593695	0.593695	0.314830	0	0.249259	0.249724	0.250275	0.250742	0.601586	0.651283	0.050172	0.913965	
3974000	-511.817260	1	3603	0.249223	0.517704	0.517704	0.249223	0	0.247110	0.244858	0.255179	0.252853	0.879246	0.747101	0.060738	0.689928	
3975000	-511.479871	1	2654	0.268961	0.520921	0.520921	0.268961	0	0.247773	0.248667	0.251327	0.252234	0.278040	0.987981	0.432942	0.073818	
3976000	-511.754219	1	2470	0.253728	0.522005	0.522005	0.253728	0	0.247357	0.245635	0.254390	0.252618	0.994087	0.013838	0.332085	0.942028	
3977000	-511.884788	1	144	0.251085	0.433732	0.433732	0.251085	0	0.244610	0.259107	0.241000	0.255283	0.011865	0.961158	0.596750	0.419487	
3978000	-513.233764	1	2703	0.265280	0.525458	0.525458	0.265280	1	0.247758	0.247711	0.252290	0.252241	0.409652	0.046854	0.031753	0.903506	
3979000	-511.377477	1	3612	0.252338	0.491361	0.491361	0.252338	0	0.246597	0.248113	0.251871	0.253419	0.455200	0.914140	0.982432	0.675345	
3980000	-511.999001	1	2493	0.286907	0.484269	0.484269	0.286907	0	0.247507	0.255117	0.244923	0.252454	0.629737	0.597511	0.897131	0.600396	
3981000	-511.393351	1	3332	0.271507	0.499318	0.499318	0.271507	0	0.247423	0.251098	0.248891	0.252587	0.158022	0.128537	0.974310	0.870534	
3982000	-511.364487	1	2687	0.268219	0.503350	0.503350	0.268219	0	0.247415	0.250114	0.249873	0.252598	0.584774	0.252611	0.762942	0.481878	
3983000	-511.402644	1	3485	0.269988	0.489729	0.489729	0.269988	0	0.247171	0.251996	0.247995	0.252837	0.250438	0.806967	0.980553	0.332065	
3984000	-511.702723	1	153	0.239375	0.438683	0.438683	0.239375	0	0.244118	0.253966	0.245996	0.255920	0.069913	0.202293	0.590209	0.640586	
3985000	-514.844972	1	2244	0.313970	0.621832	0.621832	0.313970	1	0.249413	0.249111	0.250890	0.250586	0.002575	0.426176	0.678797	0.980872	
3986000	-512.079471	1	2391	0.233222	0.420142	0.420142	0.233222	0	0.242765	0.257323	0.242679	0.257232	0.140540	0.752863	0.079940	0.603191	
3987000	-511.558302	1	184	0.260724	0.520360	0.520360	0.260724	0	0.247540	0.247226	0.252777	0.252457	0.362826	0.512431	0.318929	0.691120	
3988000	-511.482777	1	2725	0.241345	0.468994	0.468994	0.241345	0	0.245405	0.248100	0.251865	0.254631	0.569845	0.475761	0.552088	0.132896	
3989000	-511.532529	1	3267	0.280310	0.507717	0.507717	0.280310	0	0.247808	0.251503	0.248492	0.252197	0.012576	0.144776	0.920428	0.186535	
3990000	-511.316912	1	2822	0.257837	0.484881	0.484881	0.257837	0	0.246643	0.250250	0.249728	0.253380	0.634929	0.704281	0.563866	0.796569	
3991000	-511.732181	1	3035	0.231780	0.460526	0.460526	0.231780	0	0.244487	0.246020	0.253950	0.255543	0.010730	0.554906	0.748821	0.934185	
3992000	-511.578086	1	3504	0.253509	0.511748	0.511748	0.253509	0	0.247131	0.246353	0.253657	0.252858	0.193829	0.531180	0.408867	0.344166	
3993000	-511.585608	1	2804	0.265332	0.463726	0.463726	0.265332	0	0.246337	0.255260	0.244768	0.253635	0.480753	0.367989	0.211654	0.512228	
3994000	-512.189086	1	3878	0.229705	0.416577	0.416577	0.229705	0	0.242273	0.257057	0.242923	0.257747	0.555194	0.166882	0.665315	0.650256	
3995000	-511.581068	1	3397	0.283027	0.513924	0.513924	0.283027	0	0.247975	0.251260	0.248735	0.252030	0.195467	0.709204	0.818890	0.744391	
3996000	-511.705184	1	3535	0.246347	0.438948	0.438948	0.246347	0	0.244564	0.256240	0.243779	0.255417	0.739025	0.320830	0.315628	0.442666	
3997000	-512.497831	1	1184	0.234882	0.405092	0.405092	0.234882	0	0.242029	0.264033	0.236231	0.257708	0.525336	0.275663	0.816338	0.165959	
3998000	-512.028883	1	3246	0.247994	0.426072	0.426072	0.247994	0	0.244088	0.260603	0.239550	0.255759	0.063989	0.282896	0.471840	0.164311	
3999000	-512.818149	1	1201	0.264592	0.420390	0.420390	0.264592	0	0.244693	0.266560	0.233921	0.254826	0.632653	0.320785	0.349192	0.300077	
4000000	-511.605218	1	1518	0.249553	0.446045	0.446045	0.249553	0	0.245029	0.255358	0.244650	0.254963	0.931667	0.180604	0.608094	0.446865	
4001000	-513.225920	1	3576	0.278720	0.528937	0.528937	0.278720	1	0.248125	0.249518	0.250475	0.251882	0.566928	0.437697	0.796634	0.783326	
4002000	-512.202000	1	486	0.274853	0.564583	0.564583	0.274853	0	0.248539	0.247216	0.252796	0.251450	0.991905	0.282410	0.861815	0.402699	
4003000	-513.173467	1	2015	0.276060	0.522455	0.522455	0.276060	1	0.247965	0.249632	0.250360	0.252043	0.722629	0.049547	0.757697	0.465632	
4004000	-512.469012	1	2951	0.312145	0.551861	0.551861	0.312145	0	0.248907	0.251166	0.248835	0.251093	0.198083	0.997643	0.639341	0.507240	
4005000	-513.461743	1	2055	0.294698	0.451323	0.451323	0.294698	0	0.246908	0.261797	0.238458	0.252837	0.715875	0.659585	0.223594	0.527400	
4006000	-511.836862	1	3708	0.241159	0.502639	0.502639	0.241159	0	0.246406	0.243805	0.256247	0.253542	0.731597	0.199460	0.482201	0.537051	
4007000	-511.321675	1	3235	0.262231	0.490545	0.490545	0.262231	0	0.246943	0.250450	0.249532	0.253076	0.185568	0.066816	0.385012	0.001458	
4008000	-511.359750	1	1502	0.251048	0.484262	0.484262	0.251048	0	0.246352	0.248681	0.251296	0.253671	0.386788	0.024680	0.796897	0.549198	
4009000	-511.995091	1	1305	0.237559	0.423350	0.423350	0.237559	0	0.243266	0.257965	0.242071	0.256698	0.961277	0.541061	0.916185	0.696748	
4010000	-511.533697	1	92	0.280728	0.513404	0.513404	0.280728	0	0.247917	0.251018	0.248975	0.252090	0.679627	0.929368	0.566044	0.980530	
4011000	-511.639916	1	636	0.282470	0.533349	0.533349	0.282470	0	0.248265	0.249689	0.250305	0.251741	0.326285	0.083367	0.155691	0.559235	
4012000	-511.697291	1	780	0.272941	0.470282	0.470282	0.272941	0	0.246785	0.255414	0.244624	0.253177	0.981452	0.562770	0.668174	0.417301	
4013000	-513.291390	1	2452	0.241343	0.466393	0.466393	0.241343	1	0.245314	0.248546	0.251414	0.254726	0.447793	0.758898	0.701488	0.337735	
4014000	-512.353451	1	1018	0.259553	0.426476	0.426476	0.259553	0	0.244730	0.263462	0.236840	0.254968	0.208748	0.540165	0.918432	0.706592	
4015000	-513.515905	1	1373	0.243871	0.506509	0.506509	0.243871	1	0.246629	0.244281	0.255762	0.253328	0.311498	0.360745	0.026161	0.004914	
4016000	-513.406430	1	1186	0.283426	0.546922	0.546922	0.283426	1	0.248463	0.249009	0.250988	0.251540	0.318996	0.465511	0.278757	0.550572	
4017000	-511.512344	1	270	0.262228	0.463933	0.463933	0.262228	0	0.246224	0.254595	0.245418	0.253762	0.392674	0.539184	0.468992	0.441815	
4018000	-511.319502	1	1260	0.259498	0.484114	0.484114	0.259498	0	0.246685	0.250723	0.249256	0.253336	0.160194	0.467076	0.496427	0.992580	
4019000	-512.065517	1	1074	0.275006	0.457119	0.457119	0.275006	0	0.246484	0.258253	0.241857	0.253406	0.630284	0.390454	0.802716	0.632627	
4020000	-511.422055	1	2950	0.244791	0.472214	0.472214	0.244791	0	0.245697	0.248675	0.251291	0.254337	0.726703	0.034335	0.011106	0.010526	
4021000	-511.324522	1	41	0.255087	0.484239	0.484239	0.255087	0	0.246519	0.249697	0.250279	0.253505	0.865630	0.525982	0.125469	0.622133	
4022000	-512.749037	1	762	0.284733	0.451858	0.451858	0.284733	0	0.246638	0.260688	0.239515	0.253159	0.214012	0.510007	0.074498	0.591487	
4023000	-513.422145	1	42	0.236124	0.465975	0.465975	0.236124	1	0.244984	0.246765	0.253205	0.255045	0.326352	0.907811	0.289429	0.784365	
4024000	-513.097312	1	1588	0.231755	0.527894	0.527894	0.231755	0	0.246604	0.239096	0.261125	0.253175	0.085237	0.107553	0.533383	0.477320	
4025000	-512.158326	1	3733	0.230856	0.492744	0.492744	0.230856	0	0.245554	0.241130	0.258991	0.254325	0.339983	0.479515	0.396799	0.046639	
4026000	-511.529116	1	1871	0.243153	0.451158	0.451158	0.243153	0	0.244867	0.252186	0.247770	0.255176	0.578665	0.820055	0.090659	0.083450	
4027000	-513.902183	1	3060	0.235354	0.505217	0.505217	0.235354	1	0.246185	0.241683	0.258429	0.253703	0.201413	0.365262	0.020393	0.150362	
4028000	-511.861879	1	3514	0.232568	0.432568	0.432568	0.232568	0	0.243343	0.253001	0.246927	0.256728	0.594500	0.603522	0.166947	0.540475	
4029000	-512.529396	1	1090	0.259872	0.560002	0.560002	0.259872	0	0.248186	0.245090	0.254952	0.251771	0.649085	0.340192	0.579237	0.330633	
4030000	-511.471804	1	1654	0.241854	0.468581	0.468581	0.241854	0	0.245419	0.248338	0.251625	0.254618	0.379031	0.246513	0.800808	0.928141	
4031000	-514.274049	1	1722	0.218545	0.465481	0.465481	0.218545	1	0.243577	0.238817	0.261357	0.256249	0.312497	0.958732	0.102343	0.814104	
4032000	-512.550157	1	2444	0.215246	0.419001	0.419001	0.215246	0	0.240906	0.248196	0.251641	0.259257	0.345300	0.659486	0.783125	0.943876	
4033000	-511.549034	1	1403	0.270621	0.475407	0.475407	0.270621	0	0.246844	0.254174	0.245841	0.253141	0.537566	0.254902	0.868677	0.663903	
4034000	-514.091046	1	3039	0.231268	0.417451	0.417451	0.231268	1	0.242456	0.257448	0.242550	0.257547	0.649593	0.384912	0.409512	0.476500	
4035000	-511.773904	1	94	0.273463	0.467127	0.467127	0.273463	0	0.246717	0.256058	0.243994	0.253232	0.496256	0.117982	0.808402	0.554111	
4036000	-511.450077	1	2895	0.243120	0.470938	0.470938	0.243120	0	0.245567	0.248358	0.251608	0.254467	0.131209	0.633784	0.160208	0.281190	
4037000	-512.087468	1	2200	0.225117	0.427745	0.427745	0.225117	0	0.242458	0.250974	0.248913	0.257655	0.666329	0.210725	0.016181	0.106148	
4038000	-511.334565	1	3844	0.264355	0.497388	0.497388	0.264355	0	0.247171	0.250054	0.249930	0.252845	0.312676	0.207277	0.196317	0.259243	
4039000	-511.402947	1	2646	0.263878	0.475854	0.475854	0.263878	0	0.246626	0.252860	0.247133	0.253380	0.530823	0.101115	0.910366	0.587764	
4040000	-511.559037	1	2249	0.279376	0.497453	0.497453	0.279376	0	0.247591	0.252481	0.247520	0.252408	0.104674	0.731155	0.102550	0.396534	
4041000	-511.389812	1	2235	0.252753	0.465294	0.465294	0.252753	0	0.245864	0.252124	0.247850	0.254162	0.120970	0.957296	0.941126	0.188236	
4042000	-512.217100	1	1031	0.251783	0.538170	0.538170	0.251783	0	0.247612	0.244288	0.255767	0.252333	0.819328	0.008873	0.954472	0.458600	
4043000	-513.528384	1	2217	0.239002	0.442219	0.442219	0.239002	1	0.244244	0.252896	0.247054	0.255806	0.396177	0.800740	0.164536	0.148624	
4044000	-513.772719	1	2072	0.228059	0.439546	0.439546	0.228059	1	0.243301	0.249032	0.250879	0.256788	0.557308	0.118531	0.388440	0.458534	
4045000	-511.602381	1	2675	0.274267	0.532903	0.532903	0.274267	0	0.248095	0.248643	0.251353	0.251909	0.924009	0.074765	0.180145	0.766260	
4046000	-511.489019	1	2467	0.278191	0.512733	0.512733	0.278191	0	0.247848	0.250742	0.249250	0.252160	0.815688	0.996536	0.171179	0.819823	
4047000	-512.844118	1	3318	0.313457	0.516897	0.516897	0.313457	0	0.248540	0.253646	0.246376	0.251438	0.258528	0.477132	0.598143	0.521444	
4048000	-511.421587	1	325	0.253610	0.499432	0.499432	0.253610	0	0.246850	0.247524	0.252468	0.253158	0.930363	0.411517	0.036276	0.805189	
4049000	-512.080648	1	1319	0.225891	0.426634	0.426634	0.225891	0	0.242473	0.251719	0.248173	0.257636	0.806945	0.014703	0.527909	0.513969	
4050000	-513.119706	1	1304	0.252709	0.476646	0.476646	0.252709	1	0.246206	0.250206	0.249765	0.253823	0.476547	0.061195	0.221692	0.867982	
4051000	-512.658459	1	3519	0.214286	0.458745	0.458745	0.214286	0	0.242836	0.237463	0.262757	0.256944	0.634011	0.569125	0.018494	0.696324	
4052000	-511.763601	1	2193	0.233533	0.475575	0.475575	0.233533	0	0.245157	0.244255	0.255764	0.254823	0.174046	0.806619	0.743254	0.653743	
4053000	-511.479357	1	902	0.268560	0.476999	0.476999	0.268560	0	0.246817	0.253562	0.246443	0.253177	0.258233	0.032598	0.050990	0.495147	
4054000	-512.674905	1	1234	0.238114	0.401188	0.401188	0.238114	0	0.242034	0.267097	0.233353	0.257516	0.656018	0.616580	0.887397	0.690785	
4055000	-511.348605	1	1751	0.257900	0.474632	0.474632	0.257900	0	0.246366	0.251778	0.248202	0.253654	0.336158	0.024327	0.791258	0.703326	
4056000	-511.533272	1	3702	0.240214	0.454518	0.454518	0.240214	0	0.244818	0.250452	0.249494	0.255235	0.890006	0.759462	0.056115	0.896319	
4057000	-511.647639	1	1683	0.244930	0.499966	0.499966	0.244930	0	0.246508	0.245182	0.254840	0.253469	0.665876	0.593149	0.359006	0.025116	
4058000	-512.070618	1	2972	0.232263	0.420874	0.420874	0.232263	0	0.242726	0.256649	0.243334	0.257291	0.754741	0.278231	0.476539	0.118547	
4059000	-511.592655	1	274	0.251524	0.509374	0.509374	0.251524	0	0.247006	0.246077	0.253936	0.252981	0.277405	0.448720	0.436206	0.451124	
4060000	-511.886150	1	3224	0.235463	0.491059	0.491059	0.235463	0	0.245778	0.243041	0.257021	0.254159	0.916458	0.659941	0.520487	0.199815	
4061000	-512.113352	1	312	0.244827	0.522495	0.522495	0.244827	0	0.247051	0.243396	0.256676	0.252878	0.121938	0.453885	0.722060	0.015869	
4062000	-511.865030	1	330	0.232767	0.481348	0.481348	0.232767	0	0.245304	0.243173	0.256877	0.254646	0.386407	0.390065	0.440061	0.679295	
4063000	-513.298784	1	1853	0.285253	0.527735	0.527735	0.285253	1	0.248234	0.250403	0.249591	0.251772	0.275197	0.203365	0.866654	0.800745	
4064000	-513.145207	1	3630	0.249277	0.478971	0.478971	0.249277	1	0.246121	0.248947	0.251025	0.253907	0.105517	0.523194	0.183802	0.889147	
4065000	-511.385707	1	1943	0.248537	0.467401	0.467401	0.248537	0	0.245731	0.250596	0.249368	0.254305	0.712142	0.781168	0.229171	0.099734	
4066000	-511.434524	1	2941	0.245965	0.460952	0.460952	0.245965	0	0.245383	0.251029	0.248930	0.254658	0.764822	0.494400	0.349911	0.681686	
4067000	-511.897748	1	984	0.230204	0.474356	0.474356	0.230204	0	0.244890	0.243085	0.256959	0.255065	0.242260	0.682830	0.003231	0.608955	
4068000	-513.243362	1	1565	0.246937	0.492731	0.492731	0.246937	1	0.246404	0.246518	0.253481	0.253598	0.655328	0.202196	0.695718	0.773640	
4069000	-511.767631	1	1258	0.238607	0.434768	0.434768	0.238607	0	0.243891	0.254777	0.245194	0.256138	0.104718	0.212477	0.724891	0.738992	
4070000	-513.103672	1	419	0.267664	0.491444	0.491444	0.267664	1	0.247138	0.251374	0.248613	0.252875	0.020983	0.566493	0.253880	0.422378	
4071000	-511.943045	1	1402	0.229468	0.430732	0.430732	0.229468	0	0.243000	0.252169	0.247741	0.257090	0.775724	0.478607	0.667489	0.397293	
4072000	-511.578603	1	1021	0.271158	0.530129	0.530129	0.271158	0	0.247982	0.248362	0.251635	0.252021	0.726548	0.867768	0.217595	0.448947	
4073000	-513.083577	1	1670	0.268838	0.501316	0.501316	0.268838	1	0.247389	0.250436	0.249551	0.252625	0.900238	0.598805	0.929495	0.918700	
4074000	-511.493227	1	3487	0.254915	0.507982	0.507982	0.254915	0	0.247096	0.247003	0.252998	0.252902	0.240343	0.235817	0.393676	0.741163	
4075000	-511.359325	1	1631	0.265998	0.504148	0.504148	0.265998	0	0.247367	0.249637	0.250349	0.252646	0.061790	0.872322	0.299723	0.120249	
4076000	-511.608528	1	833	0.250038	0.446119	0.446119	0.250038	0	0.245058	0.255477	0.244534	0.254931	0.567856	0.124730	0.734373	0.115648	
4077000	-511.455244	1	822	0.247370	0.489497	0.489497	0.247370	0	0.246336	0.247016	0.252975	0.253673	0.292389	0.099468	0.508946	0.680492	
4078000	-511.475447	1	2936	0.257078	0.460389	0.460389	0.257078	0	0.245900	0.254138	0.245863	0.254099	0.090592	0.403743	0.909818	0.511539	
4079000	-511.344631	1	2277	0.251663	0.475788	0.475788	0.251663	0	0.246137	0.250066	0.249904	0.253893	0.441848	0.160379	0.548848	0.384839	
4080000	-512.082281	1	362	0.225827	0.426637	0.426637	0.225827	0	0.242467	0.251685	0.248206	0.257642	0.225464	0.275196	0.049534	0.481601	
4081000	-512.403960	1	1117	0.229198	0.408130	0.408130	0.229198	0	0.241731	0.260195	0.239876	0.258198	0.648441	0.464729	0.985746	0.442033	
4082000	-511.950694	1	2902	0.297296	0.531374	0.531374	0.297296	0	0.248489	0.251340	0.248659	0.251512	0.700740	0.929571	0.501390	0.858108	
4083000	-511.478925	1	1792	0.244238	0.456164	0.456164	0.244238	0	0.245117	0.251453	0.248503	0.254927	0.773429	0.541973	0.054083	0.743610	
4084000	-511.344529	1	3216	0.266549	0.496821	0.496821	0.266549	0	0.247226	0.250527	0.249458	0.252789	0.520913	0.423098	0.478422	0.055061	
4085000	-511.898896	1	3862	0.246620	0.516828	0.516828	0.246620	0	0.246992	0.244246	0.255803	0.252959	0.143843	0.927022	0.969327	0.357416	
4086000	-511.317442	1	300	0.260127	0.486965	0.486965	0.260127	0	0.246781	0.250473	0.249507	0.253239	0.650506	0.894144	0.361923	0.874667	
4087000	-512.286807	1	1224	0.304949	0.524513	0.524513	0.304949	0	0.248516	0.252458	0.247550	0.251477	0.955591	0.867696	0.695797	0.966347	
4088000	-511.934494	1	53	0.240208	0.426258	0.426258	0.240208	0	0.243599	0.257981	0.242065	0.256355	0.717874	0.336150	0.594412	0.136189	
4089000	-512.541099	1	2177	0.220320	0.408497	0.408497	0.220320	0	0.240864	0.255360	0.244530	0.259246	0.410872	0.942776	0.273657	0.500421	
4090000	-511.329499	1	39	0.260956	0.495999	0.495999	0.260956	0	0.247029	0.249536	0.250446	0.252988	0.118261	0.456635	0.444973	0.346478	
4091000	-513.308423	1	568	0.240462	0.471682	0.471682	0.240462	1	0.245444	0.247365	0.252607	0.254584	0.398624	0.278557	0.025150	0.545742	
4092000	-511.569156	1	442	0.281150	0.503405	0.503405	0.281150	0	0.247748	0.252055	0.247943	0.252254	0.252048	0.047053	0.340190	0.266919	
4093000	-511.541116	1	1318	0.264177	0.464793	0.464793	0.264177	0	0.246325	0.254831	0.245189	0.253655	0.542470	0.760724	0.222002	0.875769	
4094000	-515.501244	1	349	0.224440	0.564802	0.564802	0.224440	0	0.247129	0.236006	0.264382	0.252483	0.597848	0.154968	0.740549	0.688283	
4095000	-511.506327	1	2631	0.240628	0.458919	0.458919	0.240628	0	0.245008	0.249694	0.250256	0.255042	0.375303	0.139616	0.818210	0.063677	
4096000	-513.755971	1	903	0.266239	0.554688	0.554688	0.266239	1	0.248247	0.246338	0.253683	0.251732	0.599707	0.736469	0.810827	0.894157	
4097000	-511.392124	1	244	0.270881	0.507074	0.507074	0.270881	0	0.247563	0.250186	0.249802	0.252449	0.716180	0.956056	0.421632	0.983994	
4098000	-511.400117	1	1311	0.271030	0.509215	0.509215	0.271030	0	0.247609	0.250004	0.249985	0.252403	0.253300	0.484894	0.650815	0.463660	
4099000	-512.378868	1	1995	0.220303	0.468541	0.468541	0.220303	0	0.243872	0.239290	0.260870	0.255969	0.749966	0.857929	0.222091	0.126326	
4100000	-511.815200	1	3220	0.269072	0.542972	0.542972	0.269072	0	0.248137	0.247297	0.252711	0.251855	0.960403	0.790002	0.724321	0.443220	
4101000	-513.567165	1	2562	0.255959	0.532507	0.532507	0.255959	1	0.247630	0.245480	0.254551	0.252340	0.215003	0.476729	0.329153	0.108597	
4102000	-511.425437	1	2530	0.272202	0.492816	0.492816	0.272202	0	0.247304	0.251973	0.248020	0.252702	0.015598	0.578924	0.378158	0.972509	
4103000	-511.875330	1	3670	0.267199	0.544207	0.544207	0.267199	0	0.248115	0.246940	0.253071	0.251873	0.918231	0.936459	0.624196	0.939302	
4104000	-512.493839	1	3259	0.272485	0.573085	0.573085	0.272485	0	0.248599	0.246651	0.253367	0.251382	0.133921	0.614188	0.187208	0.231239	
4105000	-512.660823	1	3540	0.263789	0.423234	0.423234	0.263789	0	0.244786	0.265423	0.234990	0.254801	0.304136	0.971112	0.890159	0.041583	
4106000	-513.142584	1	1207	0.273458	0.518816	0.518816	0.273458	1	0.247844	0.249541	0.250450	0.252165	0.078734	0.995131	0.083320	0.308397	
4107000	-511.847271	1	207	0.241158	0.503186	0.503186	0.241158	0	0.246421	0.243756	0.256298	0.253526	0.059024	0.475578	0.842824	0.184387	
4108000	-511.387393	1	1750	0.247212	0.472787	0.472787	0.247212	0	0.245837	0.249308	0.250658	0.254197	0.383730	0.836290	0.585839	0.882375	
4109000	-511.573005	1	426	0.260632	0.457948	0.457948	0.260632	0	0.245973	0.255442	0.244585	0.254001	0.401471	0.768477	0.184926	0.427562	
4110000	-511.371119	1	68	0.261142	0.475353	0.475353	0.261142	0	0.246512	0.252377	0.247610	0.253501	0.366754	0.670047	0.629283	0.531427	
4111000	-511.332512	1	1589	0.264536	0.491802	0.491802	0.264536	0	0.247049	0.250748	0.249236	0.252967	0.522858	0.707390	0.762464	0.403422	
4112000	-513.284599	1	627	0.267022	0.531032	0.531032	0.267022	1	0.247899	0.247642	0.252360	0.252099	0.433623	0.187439	0.366348	0.330227	
4113000	-511.719616	1	482	0.286832	0.505872	0.505872	0.286832	0	0.247918	0.252486	0.247518	0.252078	0.449102	0.144170	0.830515	0.107574	
4114000	-511.344631	1	2277	0.251663	0.475788	0.475788	0.251663	0	0.246137	0.250066	0.249904	0.253893	0.097176	0.950429	0.478612	0.774774	
4115000	-512.079471	1	2391	0.233222	0.420142	0.420142	0.233222	0	0.242765	0.257323	0.242679	0.257232	0.839898	0.405727	0.813138	0.506982	
4116000	-511.344220	1	2709	0.251506	0.478176	0.478176	0.251506	0	0.246200	0.249662	0.250309	0.253829	0.742072	0.838443	0.800763	0.895553	
4117000	-511.549258	1	2959	0.278645	0.496121	0.496121	0.278645	0	0.247546	0.252537	0.247464	0.252453	0.872881	0.704106	0.474425	0.873627	
4118000	-513.131760	1	1950	0.273543	0.502601	0.502601	0.273543	1	0.247543	0.251065	0.248925	0.252466	0.547539	0.844273	0.424809	0.921312	
4119000	-511.466178	1	2927	0.276403	0.513897	0.513897	0.276403	0	0.247828	0.250388	0.249603	0.252181	0.599970	0.951996	0.198910	0.767419	
4120000	-511.495130	1	3931	0.240895	0.470216	0.470216	0.240895	0	0.245420	0.247747	0.252221	0.254612	0.168421	0.509077	0.919961	0.962229	
4121000	-511.515856	1	652	0.239630	0.463435	0.463435	0.239630	0	0.245112	0.248488	0.251468	0.254932	0.927301	0.126288	0.893503	0.983394	
4122000	-511.790635	1	2952	0.277359	0.473863	0.473863	0.277359	0	0.247013	0.255482	0.244560	0.252945	0.584223	0.589506	0.180357	0.558154	
4123000	-513.155515	1	775	0.318146	0.516323	0.516323	0.318146	0	0.248596	0.253953	0.246074	0.251377	0.134116	0.788652	0.667928	0.393391	
4124000	-511.707296	1	265	0.233659	0.469413	0.469413	0.233659	0	0.244949	0.245242	0.254752	0.255057	0.753593	0.272442	0.217039	0.725911	
4125000	-513.357795	1	2078	0.248197	0.451699	0.451699	0.248197	1	0.245169	0.253636	0.246343	0.254851	0.757125	0.889491	0.956109	0.487753	
4126000	-511.402515	1	1225	0.264750	0.510747	0.510747	0.264750	0	0.247467	0.248778	0.251212	0.252543	0.782429	0.510330	0.758449	0.122587	
4127000	-513.338759	1	3070	0.249955	0.453377	0.453377	0.249955	1	0.245322	0.253768	0.246217	0.254693	0.819810	0.744047	0.779775	0.584558	
4128000	-511.480484	1	672	0.259792	0.513646	0.513646	0.259792	0	0.247378	0.247566	0.252432	0.252624	0.542153	0.475755	0.023391	0.653373	
4129000	-511.581540	1	2019	0.244161	0.446224	0.446224	0.244161	0	0.244734	0.253672	0.246300	0.255295	0.571271	0.342636	0.449060	0.511864	
4130000	-511.394575	1	2905	0.263874	0.509243	0.509243	0.263874	0	0.247411	0.248752	0.251238	0.252600	0.345122	0.145878	0.325718	0.978117	
4131000	-511.357302	1	116	0.256499	0.471955	0.471955	0.256499	0	0.246232	0.251889	0.248089	0.253790	0.427639	0.669927	0.827284	0.025287	
4132000	-511.619081	1	2987	0.248627	0.505763	0.505763	0.248627	0	0.246810	0.245658	0.254360	0.253172	0.362882	0.021771	0.346852	0.133742	
4133000	-511.380792	1	3546	0.252511	0.492257	0.492257	0.252511	0	0.246627	0.248050	0.251935	0.253388	0.959462	0.570347	0.159250	0.864211	
4134000	-511.410743	1	3523	0.272468	0.509013	0.509013	0.272468	0	0.247642	0.250251	0.249738	0.252369	0.223620	0.469111	0.474026	0.415765	
4135000	-512.892599	1	2288	0.208520	0.438402	0.438402	0.208520	0	0.241098	0.237847	0.262296	0.258759	0.334210	0.689885	0.544671	0.416596	
4136000	-511.724920	1	896	0.280139	0.542519	0.542519	0.280139	0	0.248349	0.248854	0.251143	0.251653	0.636094	0.187727	0.525662	0.745488	
4137000	-513.424765	1	1592	0.201781	0.435735	0.435735	0.201781	0	0.239898	0.233276	0.267099	0.259727	0.104329	0.521258	0.505020	0.438301	
4138000	-511.348650	1	987	0.266061	0.501075	0.501075	0.266061	0	0.247304	0.249968	0.250017	0.252710	0.156410	0.513411	0.538793	0.434167	
4139000	-511.369667	1	3200	0.254581	0.494802	0.494802	0.254581	0	0.246773	0.248260	0.251725	0.253242	0.192573	0.489186	0.663246	0.440585	
4140000	-511.891032	1	2072	0.228059	0.439546	0.439546	0.228059	0	0.243303	0.249031	0.250880	0.256786	0.614881	0.618727	0.613922	0.733066	
4141000	-511.796226	1	3370	0.233905	0.479948	0.479948	0.233905	0	0.245329	0.243795	0.256239	0.254636	0.196550	0.689319	0.238614	0.314765	
4142000	-511.786940	1	3500	0.243541	0.505214	0.505214	0.243541	0	0.246583	0.244295	0.255747	0.253375	0.458046	0.418613	0.451822	0.130889	
4143000	-512.344199	1	1706	0.284497	0.576227	0.576227	0.284497	0	0.248810	0.247959	0.252047	0.251184	0.272786	0.893563	0.158088	0.161015	
4144000	-511.809867	1	1598	0.292398	0.532067	0.532067	0.292398	0	0.248420	0.250844	0.249152	0.251584	0.436302	0.207186	0.310660	0.887264	
4145000	-513.233697	1	1991	0.278237	0.499884	0.499884	0.278237	1	0.247610	0.252049	0.247948	0.252394	0.167507	0.816979	0.266064	0.892145	
4146000	-513.559219	1	516	0.268049	0.459449	0.459449	0.268049	1	0.246308	0.256614	0.243445	0.253632	0.685722	0.426991	0.724611	0.849113	
4147000	-512.091629	1	549	0.260660	0.546031	0.546031	0.260660	0	0.247991	0.245737	0.254292	0.251980	0.901400	0.453340	0.526095	0.735895	
4148000	-512.169989	1	3620	0.238432	0.511876	0.511876	0.238432	0	0.246520	0.242207	0.257893	0.253381	0.789589	0.818168	0.775351	0.367831	
4149000	-511.585252	1	1471	0.269570	0.529829	0.529829	0.269570	0	0.247941	0.248133	0.251865	0.252061	0.419267	0.567158	0.750609	0.434770	
4150000	-511.703422	1	1540	0.235850	0.441439	0.441439	0.235850	0	0.243995	0.251898	0.248036	0.256070	0.120021	0.443424	0.656737	0.726294	
4151000	-511.380792	1	3546	0.252511	0.492257	0.492257	0.252511	0	0.246627	0.248050	0.251935	0.253388	0.185663	0.244385	0.329888	0.395182	
4152000	-511.436455	1	1492	0.273697	0.513395	0.513395	0.273697	0	0.247754	0.250036	0.249953	0.252256	0.429455	0.235870	0.891961	0.366638	
4153000	-511.549974	1	1087	0.243354	0.488480	0.488480	0.243354	0	0.246119	0.245960	0.254042	0.253879	0.081105	0.621218	0.708285	0.704353	
4154000	-511.546232	1	3725	0.247901	0.449214	0.449214	0.247901	0	0.245061	0.254117	0.245868	0.254954	0.848742	0.560617	0.393734	0.502744	
4155000	-512.185843	1	2791	0.252338	0.424242	0.424242	0.252338	0	0.244250	0.262442	0.237799	0.255509	0.254348	0.751649	0.853447	0.896344	
4156000	-511.486043	1	552	0.251731	0.455347	0.455347	0.251731	0	0.245483	0.253828	0.246161	0.254529	0.623915	0.271794	0.224090	0.375545	
4157000	-512.579275	1	710	0.295167	0.478038	0.478038	0.295167	0	0.247569	0.256880	0.243202	0.252349	0.482479	0.626843	0.970776	0.133741	
4158000	-511.485252	1	1959	0.258066	0.460697	0.460697	0.258066	0	0.245953	0.254308	0.245696	0.254043	0.835147	0.548293	0.579848	0.213737	
4159000	-511.419222	1	356	0.262920	0.472566	0.472566	0.262920	0	0.246501	0.253202	0.246794	0.253503	0.619919	0.873162	0.635134	0.324128	
4160000	-511.891032	1	2072	0.228059	0.439546	0.439546	0.228059	0	0.243303	0.249031	0.250880	0.256786	0.775078	0.286604	0.011330	0.588318	
4161000	-511.581508	1	2283	0.257246	0.453570	0.453570	0.257246	0	0.245680	0.255609	0.244417	0.254294	0.305387	0.800773	0.392878	0.597599	
4162000	-511.342622	1	3140	0.259943	0.498241	0.498241	0.259943	0	0.247047	0.249075	0.250909	0.252969	0.054799	0.106088	0.507100	0.051331	
4163000	-511.392419	1	1885	0.248275	0.482425	0.482425	0.248275	0	0.246177	0.248179	0.251798	0.253845	0.798330	0.896049	0.066611	0.141374	
4164000	-512.863031	1	2671	0.224224	0.394370	0.394370	0.224224	0	0.240330	0.264153	0.236059	0.259458	0.300439	0.563157	0.598392	0.173471	
4165000	-511.566416	1	2703	0.265280	0.525458	0.525458	0.265280	0	0.247760	0.247709	0.252291	0.252240	0.057087	0.456841	0.669969	0.529692	
4166000	-512.242856	1	181	0.223610	0.419699	0.419699	0.223610	0	0.241877	0.252872	0.247011	0.258240	0.180052	0.407648	0.507762	0.655818	
4167000	-511.430543	1	3696	0.273922	0.499196	0.499196	0.273922	0	0.247486	0.251493	0.248499	0.252522	0.674829	0.750919	0.780844	0.573186	
4168000	-513.635714	1	297	0.312347	0.482995	0.482995	0.312347	0	0.248011	0.257383	0.242717	0.251889	0.521127	0.587954	0.905010	0.356186	
4169000	-511.569162	1	3223	0.282142	0.521035	0.521035	0.282142	0	0.248073	0.250545	0.249448	0.251934	0.108393	0.184200	0.199569	0.267567	
4170000	-514.647194	1	1494	0.334973	0.509808	0.509808	0.334973	0	0.248726	0.255213	0.244837	0.251224	0.678055	0.701464	0.379691	0.791763	
4171000	-511.455542	1	2794	0.272919	0.490155	0.490155	0.272919	0	0.247266	0.252424	0.247573	0.252737	0.575638	0.359752	0.095949	0.429036	
4172000	-512.503779	1	3470	0.222060	0.408266	0.408266	0.222060	0	0.241039	0.256452	0.243471	0.259039	0.741431	0.914453	0.603123	0.952388	
4173000	-511.698568	1	145	0.242435	0.438438	0.438438	0.242435	0	0.244306	0.255110	0.244878	0.255707	0.670268	0.270661	0.930943	0.067324	
4174000	-512.384722	1	2233	0.238166	0.519385	0.519385	0.238166	0	0.246697	0.241636	0.258485	0.253182	0.722096	0.304800	0.756114	0.421957	
4175000	-514.652426	1	1234	0.238114	0.401188	0.401188	0.238114	1	0.242033	0.267098	0.233351	0.257518	0.183821	0.671987	0.289076	0.332252	
4176000	-511.509131	1	395	0.273627	0.485648	0.485648	0.273627	0	0.247185	0.253137	0.246866	0.252811	0.269023	0.975891	0.674201	0.282113	
4177000	-511.331886	1	1014	0.253476	0.482056	0.482056	0.253476	0	0.246394	0.249605	0.250369	0.253632	0.373226	0.116003	0.963971	0.773591	
4178000	-512.155879	1	1602	0.266240	0.440666	0.440666	0.266240	0	0.245609	0.260655	0.239531	0.254205	0.551697	0.014582	0.506706	0.136719	
4179000	-511.762117	1	1354	0.289541	0.512976	0.512976	0.289541	0	0.248091	0.252088	0.247913	0.251907	0.458717	0.584220	0.545367	0.030073	
4180000	-511.622105	1	2230	0.282161	0.531461	0.531461	0.282161	0	0.248231	0.249777	0.250217	0.251775	0.733632	0.400262	0.781387	0.641867	
4181000	-511.787148	1	2148	0.274957	0.469256	0.469256	0.274957	0	0.246822	0.255910	0.244139	0.253129	0.860605	0.436009	0.133250	0.155215	
4182000	-511.324203	1	2059	0.262586	0.493615	0.493615	0.262586	0	0.247028	0.250146	0.249837	0.252990	0.462276	0.908469	0.207119	0.232809	
4183000	-512.150182	1	1336	0.288859	0.481349	0.481349	0.288859	0	0.247492	0.255755	0.244298	0.252455	0.732526	0.147265	0.857593	0.738825	
4184000	-512.781334	1	805	0.210503	0.420178	0.420178	0.210503	0	0.240351	0.244564	0.255305	0.259780	0.778978	0.914379	0.867505	0.645073	
4185000	-513.449438	1	3448	0.235587	0.457298	0.457298	0.235587	1	0.244626	0.248176	0.251773	0.255426	0.593543	0.527105	0.787736	0.830562	
4186000	-511.456450	1	1746	0.242677	0.466248	0.466248	0.242677	0	0.245386	0.249011	0.250947	0.254655	0.381701	0.333561	0.822956	0.816104	
4187000	-511.546580	1	2810	0.281390	0.513769	0.513769	0.281390	0	0.247938	0.251070	0.248924	0.252069	0.751869	0.288691	0.423635	0.896525	
4188000	-511.943507	1	1178	0.229297	0.430974	0.430974	0.229297	0	0.242997	0.252017	0.247892	0.257093	0.587322	0.119238	0.200393	0.580174	
4189000	-511.343425	1	2284	0.262883	0.500481	0.500481	0.262883	0	0.247194	0.249430	0.250555	0.252822	0.859023	0.938748	0.810315	0.903414	
4190000	-511.430135	1	3718	0.245925	0.461792	0.461792	0.245925	0	0.245410	0.250855	0.249104	0.254631	0.886099	0.388589	0.815864	0.141010	
4191000	-513.469121	1	2503	0.235004	0.456099	0.456099	0.235004	1	0.244540	0.248191	0.251756	0.255514	0.514537	0.810876	0.525364	0.103121	
4192000	-511.325301	1	2556	0.256308	0.479095	0.479095	0.256308	0	0.246428	0.250720	0.249255	0.253597	0.496118	0.311090	0.660214	0.114313	
4193000	-511.332840	1	1570	0.264216	0.496671	0.496671	0.264216	0	0.247151	0.250108	0.249875	0.252866	0.432923	0.754268	0.968129	0.759106	
4194000	-511.547500	1	2146	0.261444	0.520439	0.520439	0.261444	0	0.247562	0.247361	0.252641	0.252436	0.199556	0.936836	0.344050	0.683519	
4195000	-511.941633	1	2298	0.235020	0.426205	0.426205	0.235020	0	0.243221	0.256005	0.243975	0.256799	0.114227	0.575813	0.226607	0.595846	
4196000	-512.323578	1	1362	0.236580	0.410922	0.410922	0.236580	0	0.242515	0.262233	0.237953	0.257299	0.701789	0.813915	0.309476	0.699890	
4197000	-512.977402	1	3287	0.235486	0.532374	0.532374	0.235486	0	0.246889	0.240162	0.260017	0.252932	0.409869	0.185744	0.940940	0.532061	
4198000	-511.354620	1	758	0.256399	0.472305	0.472305	0.256399	0	0.246238	0.251807	0.248171	0.253784	0.591775	0.248611	0.528578	0.643926	
4199000	-511.724356	1	1668	0.237284	0.438279	0.438279	0.237284	0	0.243957	0.253294	0.246654	0.256094	0.371161	0.111774	0.557204	0.508463	
4200000	-511.687002	1	3571	0.272493	0.538180	0.538180	0.272493	0	0.248138	0.248069	0.251931	0.251862	0.449278	0.339520	0.432510	0.571550	
4201000	-512.205284	1	2428	0.304170	0.531182	0.531182	0.304170	0	0.248587	0.251902	0.248101	0.251410	0.649023	0.377109	0.596183	0.473397	
4202000	-513.632454	1	667	0.269000	0.408761	0.408761	0.269000	0	0.244320	0.271744	0.229109	0.254826	0.993306	0.410031	0.706488	0.499990	
4203000	-511.656076	1	1133	0.244243	0.441158	0.441158	0.244243	0	0.244532	0.254981	0.245009	0.255478	0.077221	0.388985	0.018030	0.754174	
4204000	-512.240426	1	2691	0.272881	0.564459	0.564459	0.272881	0	0.248503	0.246960	0.253054	0.251482	0.409379	0.444378	0.015308	0.859042	
4205000	-512.419773	1	2449	0.223959	0.410213	0.410213	0.223959	0	0.241357	0.256683	0.243257	0.258703	0.735398	0.778719	0.313481	0.138161	
4206000	-511.638333	1	1223	0.280128	0.491025	0.491025	0.280128	0	0.247480	0.253367	0.246643	0.252510	0.334703	0.965701	0.078658	0.852166	
4207000	-511.657918	1	2217	0.239002	0.442219	0.442219	0.239002	0	0.244246	0.252895	0.247055	0.255804	0.827105	0.990815	0.592973	0.751022	
4208000	-513.154167	1	634	0.269256	0.520906	0.520906	0.269256	1	0.247778	0.248718	0.251276	0.252228	0.343730	0.424612	0.657177	0.777681	
4209000	-511.952370	1	2326	0.261426	0.541396	0.541396	0.261426	0	0.247935	0.246088	0.253934	0.252043	0.888372	0.771382	0.697312	0.222309	
4210000	-511.913289	1	983	0.231365	0.480005	0.480005	0.231365	0	0.245167	0.242790	0.257268	0.254774	0.405905	0.318625	0.665993	0.908856	
4211000	-512.508852	1	915	0.286050	0.583467	0.583467	0.286050	0	0.248900	0.247916	0.252090	0.251094	0.625583	0.105552	0.942664	0.417029	
4212000	-511.520623	1	789	0.248432	0.498303	0.498303	0.248432	0	0.246616	0.246325	0.253680	0.253380	0.967365	0.620288	0.280187	0.584287	
4213000	-513.410747	1	1764	0.227692	0.380603	0.380603	0.227692	0	0.239590	0.273811	0.227082	0.259517	0.350847	0.852889	0.733291	0.482886	
4214000	-511.660746	1	3846	0.263325	0.529454	0.529454	0.263325	0	0.247780	0.247096	0.252911	0.252213	0.167496	0.239151	0.076150	0.634877	
4215000	-511.478673	1	88	0.276973	0.515749	0.515749	0.276973	0	0.247873	0.250306	0.249685	0.252136	0.472486	0.828780	0.071699	0.159053	
4216000	-512.111053	1	3232	0.229971	0.420105	0.420105	0.229971	0	0.242492	0.255892	0.244065	0.257552	0.506629	0.506190	0.161371	0.144273	
4217000	-511.638384	1	2312	0.262616	0.456836	0.456836	0.262616	0	0.246018	0.256097	0.243946	0.253939	0.839754	0.947672	0.184568	0.809776	
4218000	-512.058123	1	1867	0.223133	0.450110	0.450110	0.223133	0	0.243346	0.244093	0.255888	0.256673	0.100511	0.259825	0.607244	0.906752	
4219000	-511.607936	1	1045	0.274188	0.533324	0.533324	0.274188	0	0.248099	0.248605	0.251391	0.251904	0.498070	0.530010	0.913466	0.727817	
4220000	-511.843378	1	1277	0.231730	0.435119	0.435119	0.231730	0	0.243398	0.251901	0.248018	0.256683	0.581300	0.388611	0.896684	0.612492	
4221000	-511.605735	1	3511	0.268173	0.467086	0.467086	0.268173	0	0.246537	0.255167	0.244862	0.253433	0.617442	0.153131	0.570884	0.768743	
4222000	-512.405377	1	3075	0.282798	0.577789	0.577789	0.282798	0	0.248803	0.247738	0.252269	0.251189	0.661430	0.646403	0.843039	0.018936	
4223000	-511.601925	1	3803	0.282558	0.504257	0.504257	0.282558	0	0.247796	0.252145	0.247855	0.252204	0.330990	0.834928	0.340266	0.202646	
4224000	-513.760689	1	3352	0.227732	0.442198	0.442198	0.227732	1	0.243396	0.248200	0.251718	0.256686	0.189371	0.184302	0.872723	0.180303	
4225000	-511.495098	1	1339	0.247347	0.493626	0.493626	0.247347	0	0.246447	0.246530	0.253468	0.253554	0.394454	0.465775	0.321915	0.964854	
4226000	-511.353079	1	3935	0.263291	0.502649	0.502649	0.263291	0	0.247254	0.249282	0.250704	0.252760	0.945450	0.918454	0.367295	0.989769	
4227000	-513.413985	1	336	0.236386	0.464319	0.464319	0.236386	1	0.244941	0.247154	0.252810	0.255094	0.679961	0.301264	0.029003	0.696537	
4228000	-511.999313	1	3087	0.277703	0.464572	0.464572	0.277703	0	0.246782	0.257170	0.242912	0.253137	0.780314	0.614435	0.770538	0.297430	
4229000	-511.515825	1	3990	0.279269	0.505555	0.505555	0.279269	0	0.247744	0.251582	0.248412	0.252261	0.522069	0.708297	0.608933	0.150388	
4230000	-512.349672	1	3607	0.261888	0.556770	0.556770	0.261888	0	0.248184	0.245544	0.254490	0.251782	0.035810	0.407969	0.984428	0.499271	
4231000	-511.338552	1	1711	0.265224	0.497947	0.497947	0.265224	0	0.247211	0.250155	0.249829	0.252805	0.088097	0.686790	0.591648	0.187668	
4232000	-512.569514	1	557	0.311925	0.576153	0.576153	0.311925	0	0.249111	0.250101	0.249898	0.250890	0.267935	0.855064	0.350011	0.679574	
4233000	-512.321191	1	2889	0.291696	0.480343	0.480343	0.291696	0	0.247537	0.256200	0.243865	0.252398	0.146650	0.374752	0.854149	0.976650	
4234000	-511.500481	1	2652	0.274072	0.487773	0.487773	0.274072	0	0.247246	0.252918	0.247084	0.252752	0.896512	0.159793	0.367671	0.438109	
4235000	-512.292786	1	3723	0.271398	0.443608	0.443608	0.271398	0	0.245920	0.260802	0.239396	0.253883	0.839324	0.990184	0.235959	0.195843	
4236000	-511.416051	1	2586	0.245227	0.468216	0.468216	0.245227	0	0.245589	0.249475	0.250487	0.254449	0.116106	0.108028	0.188253	0.072868	
4237000	-511.836915	1	711	0.284907	0.488880	0.488880	0.284907	0	0.247554	0.254252	0.245772	0.252422	0.142167	0.753226	0.486006	0.957738	
4238000	-511.547279	1	3100	0.244443	0.491185	0.491185	0.244443	0	0.246248	0.245971	0.254033	0.253748	0.409877	0.692620	0.200268	0.392368	
4239000	-512.776327	1	2836	0.310512	0.594074	0.594074	0.310512	0	0.249227	0.249480	0.250520	0.250773	0.338315	0.176084	0.874424	0.997229	
4240000	-513.597329	1	259	0.250089	0.439935	0.439935	0.250089	1	0.244814	0.257083	0.242964	0.255140	0.789913	0.132065	0.175481	0.821278	
4241000	-511.885476	1	3352	0.227732	0.442198	0.442198	0.227732	0	0.243397	0.248198	0.251720	0.256685	0.405148	0.946598	0.963322	0.343294	
4242000	-511.606180	1	2358	0.251203	0.509676	0.509676	0.251203	0	0.247002	0.245973	0.254042	0.252984	0.420089	0.920840	0.273726	0.260254	
4243000	-512.079054	1	2772	0.298075	0.513828	0.513828	0.298075	0	0.248260	0.252824	0.247185	0.251730	0.983736	0.398962	0.835043	0.255941	
4244000	-511.898235	1	1479	0.233431	0.485811	0.485811	0.233431	0	0.245493	0.242881	0.257181	0.254445	0.389384	0.424097	0.602053	0.634532	
4245000	-512.129178	1	3214	0.270349	0.447395	0.447395	0.270349	0	0.246010	0.259689	0.240465	0.253836	0.923323	0.654705	0.315678	0.145409	
4246000	-511.478694	1	634	0.269256	0.520906	0.520906	0.269256	0	0.247780	0.248716	0.251277	0.252227	0.684613	0.985272	0.828775	0.390006	
4247000	-514.297646	1	2565	0.309588	0.516129	0.516129	0.309588	1	0.248473	0.253479	0.246541	0.251508	0.236534	0.754220	0.589351	0.712150	
4248000	-513.219567	1	1822	0.274914	0.529824	0.529824	0.274914	1	0.248059	0.248938	0.251056	0.251946	0.375570	0.010119	0.583798	0.726715	
4249000	-512.187092	1	149	0.291654	0.486396	0.486396	0.291654	0	0.247661	0.255329	0.244717	0.252294	0.682183	0.106679	0.521120	0.242975	
4250000	-511.568990	1	263	0.239971	0.449911	0.449911	0.239971	0	0.244624	0.251381	0.248565	0.255430	0.242902	0.886187	0.501880	0.184320	
4251000	-512.150315	1	903	0.266239	0.554688	0.554688	0.266239	0	0.248248	0.246337	0.253684	0.251731	0.182726	0.776646	0.472118	0.684778	
4252000	-511.442114	1	953	0.272479	0.516090	0.516090	0.272479	0	0.247773	0.249617	0.250374	0.252237	0.706823	0.214381	0.615005	0.833109	
4253000	-512.361475	1	2260	0.258127	0.424694	0.424694	0.258127	0	0.244578	0.263727	0.236586	0.255109	0.721534	0.120165	0.028466	0.599269	
4254000	-513.132209	1	2858	0.265268	0.482940	0.482940	0.265268	1	0.246857	0.252067	0.247922	0.253154	0.320201	0.020647	0.571614	0.090936	
4255000	-511.365409	1	2866	0.249250	0.477421	0.477421	0.249250	0	0.246076	0.249167	0.250803	0.253954	0.867586	0.898673	0.886747	0.773093	
4256000	-511.416311	1	2296	0.267242	0.480768	0.480768	0.267242	0	0.246870	0.252750	0.247245	0.253135	0.524117	0.829881	0.596456	0.965738	
4257000	-513.787807	1	2275	0.289079	0.572400	0.572400	0.289079	1	0.248831	0.248529	0.251473	0.251167	0.451117	0.736349	0.432801	0.781962	
4258000	-512.171012	1	2643	0.220724	0.448107	0.448107	0.220724	0	0.243025	0.243255	0.256739	0.256981	0.614505	0.695144	0.550925	0.815783	
4259000	-513.231240	1	1777	0.245498	0.485636	0.485636	0.245498	1	0.246139	0.246958	0.253030	0.253872	0.994790	0.466267	0.024728	0.072169	
4260000	-511.330329	1	1833	0.264034	0.490794	0.490794	0.264034	0	0.247009	0.250776	0.249207	0.253008	0.106899	0.430100	0.444314	0.135046	
4261000	-514.998225	1	2264	0.279310	0.433529	0.433529	0.279310	1	0.245848	0.264692	0.235697	0.253763	0.682887	0.643214	0.207464	0.356544	
4262000	-511.470273	1	3905	0.257294	0.509637	0.509637	0.257294	0	0.247214	0.247385	0.252613	0.252788	0.752638	0.247802	0.592817	0.250619	
4263000	-511.569156	1	442	0.281150	0.503405	0.503405	0.281150	0	0.247748	0.252055	0.247943	0.252254	0.531022	0.223874	0.459200	0.421504	
4264000	-511.925733	1	971	0.285706	0.485391	0.485391	0.285706	0	0.247501	0.254821	0.245213	0.252465	0.839187	0.885250	0.329745	0.316296	
4265000	-513.593537	1	1288	0.254835	0.443423	0.443423	0.254835	1	0.245197	0.257436	0.242628	0.254739	0.406988	0.352307	0.146716	0.741869	
4266000	-511.360877	1	65	0.254881	0.470329	0.470329	0.254881	0	0.246115	0.251772	0.248204	0.253909	0.319864	0.772473	0.285348	0.190395	
4267000	-512.141135	1	2627	0.292762	0.491717	0.491717	0.292762	0	0.247788	0.254737	0.245298	0.252177	0.291624	0.615507	0.056284	0.271240	
4268000	-511.902458	1	1408	0.291933	0.506044	0.506044	0.291933	0	0.248025	0.253012	0.246998	0.251965	0.224767	0.993153	0.128140	0.897887	
4269000	-513.085146	1	2196	0.268016	0.496947	0.496947	0.268016	1	0.247272	0.250777	0.249209	0.252742	0.606004	0.744412	0.411548	0.484627	
4270000	-511.598243	1	1291	0.299530	0.500974	0.500974	0.277623	0	0.249043	0.253291	0.246729	0.250937	0.134888	0.333868	0.724246	0.122211	
4271000	-513.344924	1	532	0.247033	0.502640	0.502640	0.247033	1	0.246666	0.245519	0.254500	0.253315	0.744089	0.881423	0.934730	0.586449	
4272000	-511.430697	1	3660	0.274544	0.505211	0.505211	0.274544	0	0.247622	0.250944	0.249046	0.252388	0.629125	0.080890	0.192332	0.818028	
4273000	-512.825457	1	683	0.305698	0.494290	0.494290	0.305698	0	0.248087	0.255494	0.244559	0.251861	0.357935	0.513512	0.158780	0.731617	
4274000	-511.589458	1	32	0.269730	0.530218	0.530218	0.269730	0	0.247951	0.248133	0.251865	0.252051	0.923499	0.999862	0.875854	0.056795	
4275000	-511.427029	1	3687	0.268310	0.481825	0.481825	0.268310	0	0.246931	0.252788	0.247208	0.253072	0.234768	0.019567	0.619409	0.532742	
4276000	-511.340142	1	1332	0.257159	0.494150	0.494150	0.257159	0	0.246852	0.248931	0.251051	0.253166	0.084871	0.717173	0.166700	0.249289	
4277000	-512.257693	1	63	0.302251	0.515010	0.515010	0.302251	0	0.248347	0.253058	0.246955	0.251640	0.465148	0.328457	0.244143	0.248109	
4278000	-511.489416	1	1199	0.278247	0.508728	0.508728	0.278247	0	0.247778	0.251127	0.248866	0.252229	0.844734	0.808677	0.340011	0.702549	
4279000	-511.362495	1	3555	0.255415	0.470383	0.470383	0.255415	0	0.246139	0.251894	0.248083	0.253883	0.341725	0.606050	0.309580	0.528177	
4280000	-511.343957	1	1951	0.259035	0.497493	0.497493	0.259035	0	0.246999	0.248964	0.251020	0.253017	0.670970	0.400106	0.600835	0.858868	
4281000	-512.059982	1	1719	0.270111	0.449474	0.449474	0.270111	0	0.246070	0.259155	0.240980	0.253794	0.176726	0.189752	0.964697	0.428005	
4282000	-512.008829	1	3467	0.233593	0.492767	0.492767	0.233593	0	0.245722	0.242177	0.257911	0.254190	0.663604	0.002546	0.587473	0.802856	
4283000	-512.701245	1	722	0.234226	0.399147	0.399147	0.234226	0	0.241589	0.266517	0.233881	0.258013	0.092075	0.617739	0.742778	0.949477	
4284000	-511.347539	1	1365	0.251466	0.481407	0.481407	0.251466	0	0.246290	0.249183	0.250790	0.253736	0.235343	0.538945	0.231825	0.087151	
4285000	-511.759514	1	2463	0.245338	0.507473	0.507473	0.245338	0	0.246717	0.244617	0.255420	0.253246	0.133682	0.006226	0.813675	0.943155	
4286000	-511.505246	1	3471	0.245191	0.452579	0.452579	0.245191	0	0.245038	0.252525	0.247438	0.254998	0.026619	0.533638	0.193038	0.891232	
4287000	-513.265675	1	608	0.242309	0.470882	0.470882	0.242309	1	0.245520	0.248107	0.251860	0.254513	0.662895	0.471284	0.338695	0.024989	
4288000	-511.319700	1	2580	0.257324	0.487936	0.487936	0.257324	0	0.246703	0.249729	0.250249	0.253319	0.049920	0.563768	0.866051	0.142330	
4289000	-511.401515	1	1923	0.261989	0.508602	0.508602	0.261989	0	0.247341	0.248448	0.251542	0.252669	0.651439	0.139582	0.254609	0.067483	
4290000	-514.956200	1	432	0.209784	0.406404	0.406404	0.209784	1	0.239386	0.249286	0.250485	0.260844	0.408357	0.709168	0.005371	0.726928	
4291000	-513.594869	1	3793	0.250823	0.525100	0.525100	0.250823	1	0.247323	0.244763	0.255278	0.252635	0.480657	0.554138	0.577421	0.864026	
4292000	-511.665844	1	508	0.286387	0.527842	0.527842	0.286387	0	0.248258	0.250521	0.249473	0.251748	0.938559	0.506675	0.952936	0.103499	
4293000	-512.682351	1	1756	0.291537	0.466699	0.466699	0.291537	0	0.247225	0.258428	0.241697	0.252650	0.781273	0.708630	0.512121	0.727381	
4294000	-511.588755	1	1101	0.275664	0.531862	0.531862	0.275664	0	0.248108	0.248907	0.251088	0.251897	0.402783	0.791095	0.790671	0.201673	
4295000	-511.440628	1	3094	0.270587	0.485628	0.485628	0.270587	0	0.247094	0.252645	0.247352	0.252909	0.958392	0.201182	0.849024	0.123782	
4296000	-512.546715	1	1804	0.311813	0.573951	0.573951	0.311813	0	0.249093	0.250173	0.249825	0.250908	0.148281	0.118672	0.433237	0.096682	
4297000	-511.381608	1	3706	0.270524	0.503230	0.503230	0.270524	0	0.247477	0.250516	0.249472	0.252535	0.372697	0.469912	0.190864	0.245804	
4298000	-511.622065	1	3445	0.284376	0.510490	0.510490	0.284376	0	0.247946	0.251742	0.248255	0.252057	0.511206	0.417266	0.890686	0.752879	
4299000	-511.483079	1	941	0.242941	0.478915	0.478915	0.242941	0	0.245812	0.247084	0.252898	0.254206	0.993482	0.430206	0.007728	0.436080	
4300000	-511.442114	1	953	0.272479	0.516090	0.516090	0.272479	0	0.247773	0.249617	0.250374	0.252237	0.048237	0.465871	0.493829	0.265630	
4301000	-511.316912	1	2822	0.257837	0.484881	0.484881	0.257837	0	0.246643	0.250250	0.249728	0.253380	0.968655	0.935615	0.547266	0.304085	
4302000	-511.478149	1	498	0.266866	0.519774	0.519774	0.266866	0	0.247698	0.248402	0.251593	0.252307	0.898077	0.596749	0.695278	0.154193	
4303000	-513.308318	1	612	0.240513	0.466571	0.466571	0.240513	1	0.245273	0.248235	0.251726	0.254766	0.823627	0.142939	0.019393	0.351438	
4304000	-512.433328	1	1830	0.237391	0.519462	0.519462	0.237391	0	0.246664	0.241386	0.258743	0.253207	0.352000	0.296138	0.896907	0.762445	
4305000	-511.892574	1	338	0.271205	0.457722	0.457722	0.271205	0	0.246371	0.257519	0.242567	0.253543	0.863775	0.860462	0.514283	0.886935	
4306000	-511.966047	1	1060	0.228617	0.473580	0.473580	0.228617	0	0.244748	0.242520	0.257538	0.255193	0.805799	0.692152	0.787884	0.954527	
4307000	-512.199245	1	3135	0.222188	0.463605	0.463605	0.222188	0	0.243839	0.241043	0.259044	0.256073	0.700466	0.521770	0.367750	0.266655	
4308000	-511.930756	1	310	0.239538	0.503740	0.503740	0.239538	0	0.246358	0.243198	0.256869	0.253575	0.740018	0.749925	0.333391	0.364576	
4309000	-511.451337	1	864	0.254143	0.503238	0.503238	0.254143	0	0.246960	0.247267	0.252729	0.253044	0.086166	0.326098	0.605170	0.987899	
4310000	-511.508175	1	1738	0.243330	0.483922	0.483922	0.243330	0	0.245984	0.246523	0.253469	0.254024	0.409984	0.407633	0.598168	0.206937	
4311000	-511.758304	1	2864	0.232067	0.443352	0.443352	0.232067	0	0.243799	0.249859	0.250063	0.256279	0.944476	0.968855	0.546654	0.397019	
4312000	-513.172662	1	2961	0.272983	0.493309	0.493309	0.272983	1	0.247336	0.252039	0.247955	0.252670	0.888227	0.209586	0.448280	0.606629	
4313000	-511.506621	1	2462	0.264716	0.520626	0.520626	0.264716	0	0.247657	0.247957	0.252040	0.252346	0.177810	0.148613	0.297605	0.631920	
4314000	-511.615277	1	3442	0.239728	0.445347	0.445347	0.239728	0	0.244424	0.252373	0.247576	0.255627	0.098029	0.210472	0.806701	0.353755	
4315000	-511.529116	1	1871	0.243153	0.451158	0.451158	0.243153	0	0.244867	0.252186	0.247770	0.255176	0.214250	0.216097	0.289260	0.035439	
4316000	-511.472407	1	2501	0.277063	0.512827	0.512827	0.277063	0	0.247824	0.250577	0.249414	0.252185	0.043782	0.773764	0.433440	0.850932	
4317000	-511.474562	1	3493	0.242260	0.473664	0.473664	0.242260	0	0.245610	0.247647	0.252325	0.254418	0.346367	0.434433	0.921364	0.376428	
4318000	-511.563047	1	521	0.265169	0.525132	0.525132	0.265169	0	0.247751	0.247712	0.252288	0.252249	0.748048	0.907704	0.450743	0.152012	
4319000	-513.934705	1	3538	0.308669	0.549230	0.549230	0.308669	1	0.248841	0.251090	0.248909	0.251159	0.360265	0.898635	0.167476	0.056579	
4320000	-511.672776	1	2718	0.234979	0.471374	0.471374	0.234979	0	0.245104	0.245442	0.254552	0.254902	0.270871	0.032027	0.594363	0.750663	
4321000	-511.317535	1	1703	0.259600	0.485661	0.485661	0.259600	0	0.246729	0.250534	0.249445	0.253292	0.458891	0.216023	0.404964	0.064905	
4322000	-511.470273	1	3905	0.257294	0.509637	0.509637	0.257294	0	0.247214	0.247385	0.252613	0.252788	0.375511	0.545096	0.633149	0.010839	
4323000	-511.582215	1	1440	0.238000	0.452043	0.452043	0.238000	0	0.244582	0.250189	0.249752	0.255477	0.876529	0.467603	0.052978	0.336325	
4324000	-511.782355	1	2491	0.246614	0.435239	0.435239	0.246614	0	0.244422	0.257361	0.242685	0.255532	0.587140	0.605092	0.924894	0.699763	
4325000	-511.832696	1	3663	0.280752	0.549844	0.549844	0.280752	0	0.248456	0.248550	0.251449	0.251544	0.295913	0.017768	0.246931	0.640315	
4326000	-514.611660	1	2756	0.211221	0.444717	0.444717	0.211221	1	0.241790	0.238255	0.261891	0.258063	0.539390	0.137888	0.208413	0.748649	
4327000	-511.995684	1	2412	0.290837	0.558623	0.558623	0.290837	0	0.248714	0.249219	0.250779	0.251288	0.096663	0.553429	0.635590	0.581152	
4328000	-511.622258	1	567	0.279993	0.533645	0.533645	0.279993	0	0.248222	0.249365	0.250629	0.251784	0.889758	0.162135	0.912840	0.732882	
4329000	-511.852174	1	2210	0.270489	0.545940	0.545940	0.270489	0	0.248211	0.247366	0.252642	0.251782	0.436942	0.272092	0.141437	0.252394	
4330000	-512.260678	1	411	0.219622	0.429721	0.429721	0.219622	0	0.242006	0.247383	0.252501	0.258110	0.493011	0.052150	0.980684	0.885497	
4331000	-512.111513	1	1805	0.255480	0.429534	0.429534	0.255480	0	0.244660	0.261532	0.238674	0.255133	0.080308	0.782461	0.398220	0.027317	
4332000	-511.641538	1	1499	0.278943	0.487427	0.487427	0.278943	0	0.247372	0.253679	0.246335	0.252615	0.388000	0.464263	0.885011	0.021551	
4333000	-512.295157	1	1875	0.221020	0.421368	0.421368	0.221020	0	0.241703	0.250865	0.248997	0.258435	0.040692	0.468288	0.855731	0.205824	
4334000	-512.104700	1	1897	0.236779	0.418782	0.418782	0.236779	0	0.242970	0.259273	0.240799	0.256958	0.343034	0.304427	0.082850	0.794950	
4335000	-511.431500	1	75	0.245775	0.461758	0.461758	0.245775	0	0.245401	0.250816	0.249143	0.254641	0.405684	0.631438	0.751678	0.673671	
4336000	-514.618435	1	3484	0.319964	0.533051	0.533051	0.319964	1	0.248806	0.252735	0.247277	0.251182	0.859044	0.093951	0.648160	0.865172	
4337000	-511.860074	1	2307	0.292202	0.511990	0.511990	0.292202	0	0.248126	0.252453	0.247552	0.251869	0.795661	0.423571	0.310324	0.864998	
4338000	-512.433328	1	1830	0.237391	0.519462	0.519462	0.237391	0	0.246664	0.241386	0.258743	0.253207	0.493543	0.469602	0.763045	0.757376	
4339000	-511.553746	1	2699	0.247725	0.448625	0.448625	0.247725	0	0.245029	0.254204	0.245782	0.254985	0.430498	0.772927	0.084483	0.477169	
4340000	-511.424402	1	1250	0.268250	0.514693	0.514693	0.268250	0	0.247640	0.249052	0.250939	0.252370	0.738544	0.371051	0.463734	0.633896	
4341000	-511.658804	1	3882	0.284807	0.505515	0.505515	0.284807	0	0.247869	0.252288	0.247713	0.252130	0.904041	0.538530	0.894487	0.123970	
4342000	-511.756501	1	951	0.231760	0.444759	0.444759	0.231760	0	0.243837	0.249381	0.250542	0.256239	0.615505	0.654857	0.226397	0.335816	
4343000	-511.545257	1	9	0.244961	0.449015	0.449015	0.244961	0	0.244890	0.253262	0.246707	0.255141	0.695437	0.656427	0.269014	0.108989	
4344000	-511.643513	1	603	0.237984	0.444442	0.444442	0.237984	0	0.244271	0.251957	0.247984	0.255787	0.973460	0.912733	0.051435	0.975518	
4345000	-512.980387	1	224	0.305869	0.606188	0.606188	0.305869	0	0.249269	0.248938	0.251063	0.250730	0.407761	0.475172	0.943619	0.743688	
4346000	-512.129096	1	826	0.284382	0.566668	0.566668	0.284382	0	0.248710	0.248256	0.251747	0.251287	0.485500	0.835757	0.817739	0.282943	
4347000	-512.105576	1	3112	0.221950	0.444414	0.444414	0.221950	0	0.242974	0.244756	0.255199	0.257071	0.482256	0.940251	0.810104	0.583817	
4348000	-511.686758	1	2559	0.267651	0.461653	0.461653	0.267651	0	0.246361	0.256100	0.243948	0.253591	0.011862	0.960317	0.355197	0.773289	
4349000	-511.614659	1	3374	0.246420	0.501001	0.501001	0.246420	0	0.246600	0.245504	0.254513	0.253382	0.537968	0.938516	0.076169	0.320870	
4350000	-511.460526	1	1821	0.275295	0.497998	0.497998	0.275295	0	0.247498	0.251837	0.248157	0.252507	0.568024	0.525882	0.565872	0.637805	
4351000	-511.481995	1	3704	0.241884	0.473356	0.473356	0.241884	0	0.245579	0.247572	0.252400	0.254448	0.530108	0.235037	0.772709	0.801194	
4352000	-512.127249	1	2064	0.278553	0.564013	0.564013	0.278553	0	0.248593	0.247695	0.252311	0.251401	0.997298	0.202047	0.580407	0.896398	
4353000	-511.473283	1	3874	0.242102	0.472136	0.472136	0.242102	0	0.245551	0.247836	0.252133	0.254479	0.178415	0.428967	0.466651	0.451435	
4354000	-511.702393	1	2475	0.262765	0.453771	0.453771	0.262765	0	0.245924	0.256789	0.243270	0.254017	0.165450	0.517404	0.778061	0.692513	
4355000	-512.719739	1	3823	0.224919	0.398581	0.398581	0.224919	0	0.240699	0.262405	0.237729	0.259167	0.238773	0.182645	0.528041	0.353090	
4356000	-511.405218	1	1338	0.259058	0.505897	0.505897	0.259058	0	0.247190	0.248106	0.251886	0.252819	0.576531	0.598379	0.870645	0.438788	
4357000	-513.316981	1	1075	0.275616	0.485375	0.485375	0.275616	1	0.247234	0.253482	0.246527	0.252757	0.751856	0.455243	0.946120	0.152227	
4358000	-513.114022	1	2692	0.252466	0.478903	0.478903	0.252466	1	0.246261	0.249805	0.250167	0.253767	0.522799	0.685381	0.176847	0.932989	
4359000	-511.811746	1	429	0.229767	0.444533	0.444533	0.229767	0	0.243670	0.248560	0.251362	0.256407	0.455102	0.131239	0.512723	0.727515	
4360000	-511.628428	1	3466	0.284436	0.527154	0.527154	0.284436	0	0.248211	0.250350	0.249644	0.251795	0.644649	0.651512	0.010851	0.500111	
4361000	-511.600065	1	2240	0.253259	0.512740	0.512740	0.253259	0	0.247145	0.246213	0.253799	0.252843	0.378908	0.296630	0.751673	0.533348	
4362000	-511.411882	1	3481	0.267618	0.482138	0.482138	0.267618	0	0.246916	0.252618	0.247376	0.253089	0.672497	0.940211	0.757239	0.072725	
4363000	-511.565167	1	1453	0.259791	0.457388	0.457388	0.259791	0	0.245919	0.255373	0.244651	0.254056	0.343089	0.288967	0.817503	0.447248	
4364000	-511.685083	1	3295	0.262292	0.529709	0.529709	0.262292	0	0.247757	0.246891	0.253119	0.252233	0.826329	0.293128	0.047851	0.932924	
4365000	-512.652928	1	3948	0.278751	0.583794	0.583794	0.278751	0	0.248808	0.247149	0.252864	0.251178	0.443354	0.308115	0.655447	0.749344	
4366000	-511.361214	1	1549	0.259297	0.500691	0.500691	0.259297	0	0.247081	0.248676	0.251310	0.252932	0.618684	0.231623	0.303981	0.661325	
4367000	-511.614268	1	3014	0.283402	0.527620	0.527620	0.283402	0	0.248199	0.250195	0.249799	0.251808	0.843867	0.286531	0.898729	0.123543	
4368000	-511.987401	1	2640	0.260014	0.438609	0.438609	0.260014	0	0.245259	0.259936	0.240215	0.254590	0.278846	0.018557	0.839732	0.725102	
4369000	-511.584906	1	120	0.282617	0.508289	0.508289	0.282617	0	0.247870	0.251742	0.248255	0.252133	0.721037	0.298842	0.283802	0.034151	
4370000	-511.451263	1	1208	0.243524	0.474805	0.474805	0.243524	0	0.245714	0.247874	0.252098	0.254315	0.530618	0.986906	0.950297	0.786792	
4371000	-511.517333	1	581	0.279680	0.515941	0.515941	0.279680	0	0.247937	0.250656	0.249336	0.252071	0.033952	0.510013	0.072267	0.818039	
4372000	-512.062669	1	1868	0.282806	0.471902	0.471902	0.282806	0	0.247120	0.256544	0.243525	0.252812	0.063943	0.441355	0.591657	0.117234	
4373000	-512.469012	1	2951	0.312145	0.551861	0.551861	0.312145	0	0.248907	0.251166	0.248835	0.251093	0.410877	0.394222	0.276658	0.070308	
4374000	-512.325690	1	1284	0.304951	0.568443	0.568443	0.304951	0	0.248980	0.249950	0.250048	0.251022	0.419928	0.919069	0.499557	0.551088	
4375000	-511.324176	1	979	0.255261	0.484742	0.484742	0.255261	0	0.246540	0.249671	0.250305	0.253484	0.287171	0.727216	0.308092	0.224144	
4376000	-511.507563	1	405	0.248223	0.496752	0.496752	0.248223	0	0.246567	0.246431	0.253571	0.253431	0.910920	0.765278	0.209632	0.083380	
4377000	-511.333505	1	288	0.257340	0.477158	0.477158	0.257340	0	0.246415	0.251253	0.248724	0.253608	0.000731	0.260473	0.552544	0.282367	
4378000	-511.483595	1	3187	0.260051	0.463134	0.463134	0.260051	0	0.246112	0.254281	0.245726	0.253881	0.386089	0.595188	0.942466	0.433951	
4379000	-511.707034	1	228	0.236701	0.440128	0.440128	0.236701	0	0.243998	0.252574	0.247367	0.256061	0.352942	0.968254	0.115498	0.035423	
4380000	-513.428879	1	1440	0.238000	0.452043	0.452043	0.238000	1	0.244581	0.250190	0.249750	0.255479	0.944915	0.319353	0.679978	0.179144	
4381000	-511.496667	1	327	0.260854	0.516124	0.516124	0.260854	0	0.247460	0.247577	0.252421	0.252541	0.678091	0.964382	0.986194	0.642247	
4382000	-511.879302	1	1987	0.282991	0.481428	0.481428	0.282991	0	0.247347	0.255060	0.244977	0.252616	0.821576	0.820983	0.690441	0.638902	
4383000	-512.091699	1	3249	0.301728	0.542450	0.542450	0.301728	0	0.248684	0.250983	0.249015	0.251317	0.498992	0.455650	0.730750	0.890469	
4384000	-511.552224	1	3406	0.269393	0.527290	0.527290	0.269393	0	0.247894	0.248275	0.251722	0.252109	0.754529	0.169831	0.544320	0.393759	
4385000	-511.437596	1	2961	0.272983	0.493309	0.493309	0.272983	0	0.247337	0.252037	0.247957	0.252669	0.093465	0.790494	0.358566	0.772661	
4386000	-511.634645	1	917	0.259563	0.453198	0.453198	0.259563	0	0.245770	0.256225	0.243816	0.254188	0.052935	0.973076	0.806728	0.807620	
4387000	-511.395053	1	661	0.269983	0.509445	0.509445	0.269983	0	0.247585	0.249811	0.250177	0.252426	0.599861	0.398707	0.690664	0.360649	
4388000	-511.440725	1	1901	0.245989	0.483422	0.483422	0.245989	0	0.246099	0.247391	0.252592	0.253918	0.144281	0.767795	0.129519	0.736603	
4389000	-511.630389	1	1539	0.282507	0.499776	0.499776	0.282507	0	0.247712	0.252625	0.247378	0.252285	0.322424	0.618405	0.674452	0.738357	
4390000	-511.915812	1	271	0.229575	0.432725	0.432725	0.229575	0	0.243107	0.251626	0.248283	0.256984	0.420249	0.066397	0.375992	0.942476	
4391000	-511.919669	1	1992	0.232505	0.428805	0.428805	0.232505	0	0.243155	0.254118	0.245822	0.256906	0.564151	0.987084	0.548196	0.456785	
4392000	-511.602590	1	3649	0.264042	0.460803	0.460803	0.264042	0	0.246200	0.255575	0.244458	0.253767	0.835663	0.845208	0.784398	0.210831	
4393000	-511.418627	1	2636	0.247315	0.462198	0.462198	0.247315	0	0.245497	0.251195	0.248767	0.254541	0.878585	0.627615	0.303392	0.603142	
4394000	-511.618399	1	409	0.235393	0.460042	0.460042	0.235393	0	0.244719	0.247563	0.252392	0.255326	0.497735	0.026006	0.011864	0.248848	
4395000	-512.011478	1	2367	0.261920	0.440014	0.440014	0.261920	0	0.245399	0.259966	0.240188	0.254446	0.348831	0.283267	0.711083	0.153963	
4396000	-511.680901	1	562	0.279097	0.484728	0.484728	0.279097	0	0.247317	0.254072	0.245947	0.252664	0.911941	0.353335	0.067269	0.011779	
4397000	-514.608488	1	2626	0.228452	0.514729	0.514729	0.228452	1	0.246069	0.238506	0.261735	0.253690	0.888075	0.992947	0.479632	0.880819	
4398000	-511.563047	1	521	0.265169	0.525132	0.525132	0.265169	0	0.247751	0.247712	0.252288	0.252249	0.409159	0.307211	0.913155	0.844146	
4399000	-512.013254	1	2598	0.237230	0.422558	0.422558	0.237230	0	0.243202	0.258110	0.241929	0.256760	0.980359	0.353515	0.514730	0.839725	
4400000	-511.978806	1	2601	0.225421	0.439102	0.439102	0.225421	0	0.243050	0.247869	0.252042	0.257039	0.537655	0.931343	0.653445	0.683450	
4401000	-511.799727	1	3103	0.287087	0.498210	0.498210	0.287087	0	0.247786	0.253351	0.246662	0.252201	0.741886	0.559202	0.535197	0.897780	
4402000	-514.715196	1	2550	0.209732	0.443568	0.443568	0.209732	1	0.241536	0.237496	0.262681	0.258287	0.584144	0.340643	0.839290	0.401112	
4403000	-511.701773	1	1686	0.243513	0.438346	0.438346	0.243513	0	0.244369	0.255497	0.244500	0.255634	0.321379	0.285058	0.280731	0.263371	
4404000	-511.340146	1	3383	0.252531	0.475779	0.475779	0.252531	0	0.246175	0.250293	0.249678	0.253855	0.294864	0.174593	0.112299	0.542393	
4405000	-511.710231	1	3889	0.265822	0.457660	0.457660	0.265822	0	0.246171	0.256565	0.243492	0.253773	0.135850	0.270843	0.687648	0.048044	
4406000	-511.430543	1	3696	0.273922	0.499196	0.499196	0.273922	0	0.247486	0.251493	0.248499	0.252522	0.636072	0.863126	0.502525	0.767015	
4407000	-511.748044	1	3955	0.249291	0.438351	0.438351	0.249291	0	0.244707	0.257284	0.242766	0.255243	0.210465	0.716463	0.980696	0.479362	
4408000	-514.885692	1	1652	0.309802	0.623777	0.623777	0.309802	1	0.249397	0.248872	0.251129	0.250601	0.985687	0.901172	0.580832	0.060566	
4409000	-513.130417	1	1321	0.261708	0.478389	0.478389	0.261708	1	0.246614	0.252025	0.247960	0.253401	0.372626	0.451632	0.985924	0.279542	
4410000	-511.974509	1	208	0.276112	0.555669	0.555669	0.276112	0	0.248450	0.247713	0.252293	0.251544	0.695604	0.457792	0.434126	0.162519	
4411000	-511.532529	1	3267	0.280310	0.507717	0.507717	0.280310	0	0.247808	0.251503	0.248492	0.252197	0.083424	0.306922	0.518231	0.090206	
4412000	-511.409448	1	897	0.246353	0.465659	0.465659	0.246353	0	0.245563	0.250267	0.249694	0.254476	0.932723	0.885409	0.249404	0.460372	
4413000	-511.439775	1	255	0.270951	0.516542	0.516542	0.270951	0	0.247744	0.249339	0.250651	0.252266	0.660951	0.269731	0.165143	0.875338	
4414000	-511.458136	1	3034	0.242725	0.471177	0.471177	0.242725	0	0.245554	0.248192	0.251774	0.254480	0.270182	0.519577	0.208915	0.698515	
4415000	-511.695930	1	704	0.264302	0.456183	0.456183	0.264302	0	0.246065	0.256578	0.243477	0.253880	0.747297	0.619862	0.364003	0.229846	
4416000	-511.945321	1	2152	0.226022	0.441695	0.441695	0.226022	0	0.243225	0.247502	0.252417	0.256855	0.355675	0.773879	0.986810	0.658208	
4417000	-512.161513	1	1483	0.221493	0.433025	0.433025	0.221493	0	0.242373	0.247470	0.252424	0.257732	0.896529	0.282648	0.467715	0.589465	
4418000	-513.561933	1	757	0.276256	0.472219	0.472219	0.276256	1	0.246937	0.255597	0.244447	0.253020	0.729879	0.069111	0.824063	0.344461	
4419000	-513.617291	1	580	0.230668	0.450546	0.450546	0.230668	1	0.244000	0.247572	0.252367	0.256062	0.523751	0.201010	0.703580	0.294640	
4420000	-511.409518	1	1200	0.245605	0.469613	0.469613	0.245605	0	0.245655	0.249352	0.250611	0.254382	0.514445	0.681553	0.018341	0.359608	
4421000	-511.475453	1	1238	0.270247	0.480924	0.480924	0.270247	0	0.246971	0.253259	0.246744	0.253027	0.031713	0.813318	0.346343	0.358937	
4422000	-511.344796	1	1204	0.266601	0.496404	0.496404	0.266601	0	0.247219	0.250585	0.249401	0.252796	0.457939	0.478867	0.347530	0.407252	
4423000	-513.343971	1	1506	0.263176	0.463678	0.463678	0.263176	1	0.246252	0.254842	0.245177	0.253729	0.346297	0.611314	0.334151	0.893594	
4424000	-511.470130	1	1016	0.242419	0.473390	0.473390	0.242419	0	0.245609	0.247741	0.252230	0.254419	0.634834	0.728068	0.417438	0.305263	
4425000	-512.922201	1	3813	0.316546	0.596291	0.596291	0.316546	0	0.249288	0.249744	0.250255	0.250713	0.267060	0.144576	0.869838	0.935432	
4426000	-513.150591	1	320	0.271513	0.520975	0.520975	0.271513	1	0.247835	0.249072	0.250920	0.252173	0.922271	0.547587	0.345204	0.384441	
4427000	-511.796226	1	3370	0.233905	0.479948	0.479948	0.233905	0	0.245329	0.243795	0.256239	0.254636	0.529918	0.445328	0.016816	0.782286	
4428000	-511.359750	1	1502	0.251048	0.484262	0.484262	0.251048	0	0.246352	0.248681	0.251296	0.253671	0.768572	0.234384	0.911143	0.873063	
4429000	-511.746783	1	1905	0.232404	0.443870	0.443870	0.232404	0	0.243848	0.249874	0.250049	0.256229	0.647160	0.706521	0.177197	0.849837	
4430000	-512.199158	1	1067	0.302409	0.521359	0.521359	0.302409	0	0.248436	0.252522	0.247486	0.251556	0.090217	0.636297	0.523905	0.509384	
4431000	-512.153906	1	123	0.247405	0.528673	0.528673	0.247405	0	0.247281	0.243718	0.256347	0.252654	0.290024	0.613708	0.338534	0.843098	
4432000	-512.266877	1	1648	0.248614	0.418733	0.418733	0.248614	0	0.243764	0.263331	0.236943	0.255963	0.144594	0.901442	0.387978	0.950495	
4433000	-511.424797	1	2372	0.244843	0.466106	0.466106	0.244843	0	0.245499	0.249725	0.250234	0.254542	0.979541	0.326485	0.880375	0.859473	
4434000	-511.535826	1	1506	0.263176	0.463678	0.463678	0.263176	0	0.246253	0.254840	0.245179	0.253728	0.833639	0.713947	0.490430	0.426797	
4435000	-511.542850	1	372	0.280954	0.518350	0.518350	0.280954	0	0.248005	0.250616	0.249377	0.252003	0.085321	0.292916	0.344322	0.281847	
4436000	-512.367471	1	1512	0.216746	0.440466	0.440466	0.216746	0	0.242240	0.242760	0.257224	0.257776	0.661311	0.058921	0.228988	0.343556	
4437000	-512.062653	1	935	0.251970	0.427937	0.427937	0.251970	0	0.244402	0.261129	0.239054	0.255415	0.534642	0.043499	0.205313	0.563149	
4438000	-513.580606	1	1791	0.232096	0.449454	0.449454	0.232096	1	0.244062	0.248428	0.251505	0.256004	0.081761	0.784182	0.350325	0.077062	
4439000	-511.703422	1	1540	0.235850	0.441439	0.441439	0.235850	0	0.243995	0.251898	0.248036	0.256070	0.331401	0.196600	0.930384	0.971673	
4440000	-511.719616	1	482	0.286832	0.505872	0.505872	0.286832	0	0.247918	0.252486	0.247518	0.252078	0.119640	0.018328	0.890135	0.934968	
4441000	-512.508016	1	3051	0.215973	0.419876	0.419876	0.215973	0	0.241045	0.248356	0.251486	0.259113	0.442461	0.282200	0.273930	0.726763	
4442000	-511.401281	1	3784	0.269993	0.490005	0.490005	0.269993	0	0.247177	0.251962	0.248030	0.252831	0.635362	0.469722	0.942327	0.210841	
4443000	-511.370075	1	2539	0.253150	0.468224	0.468224	0.253150	0	0.245974	0.251701	0.248272	0.254053	0.773413	0.421098	0.671506	0.385128	
4444000	-513.236898	1	1437	0.253231	0.461998	0.461998	0.253231	1	0.245778	0.252872	0.247109	0.254241	0.053051	0.539568	0.703099	0.277777	
4445000	-513.142584	1	1207	0.273458	0.518816	0.518816	0.273458	1	0.247844	0.249541	0.250450	0.252165	0.576196	0.980058	0.131730	0.201013	
4446000	-511.672776	1	2718	0.234979	0.471374	0.471374	0.234979	0	0.245104	0.245442	0.254552	0.254902	0.618278	0.217483	0.409309	0.921353	
4447000	-511.348650	1	987	0.266061	0.501075	0.501075	0.266061	0	0.247304	0.249968	0.250017	0.252710	0.908012	0.469917	0.747017	0.325594	
4448000	-511.715776	1	1893	0.248430	0.511091	0.511091	0.248430	0	0.246929	0.245154	0.254875	0.253042	0.448074	0.045599	0.703118	0.567741	
4449000	-511.317962	1	2871	0.257469	0.483488	0.483488	0.257469	0	0.246592	0.250357	0.249619	0.253431	0.842421	0.107885	0.933162	0.977748	
4450000	-511.644122	1	1351	0.252342	0.513896	0.513896	0.252342	0	0.247138	0.245905	0.254113	0.252845	0.719862	0.648753	0.199967	0.730056	
4451000	-511.504731	1	1925	0.241555	0.456353	0.456353	0.241555	0	0.244969	0.250530	0.249419	0.255082	0.667089	0.648079	0.123226	0.539194	
4452000	-511.553326	1	2387	0.279401	0.498384	0.498384	0.279401	0	0.247610	0.252377	0.247623	0.252390	0.332756	0.307371	0.018424	0.704739	
4453000	-511.897800	1	1050	0.292796	0.547698	0.547698	0.292796	0	0.248620	0.249931	0.250066	0.251384	0.992709	0.637982	0.961009	0.449317	
4454000	-511.402425	1	3851	0.263425	0.509879	0.509879	0.263425	0	0.247410	0.248609	0.251381	0.252599	0.748871	0.586797	0.914055	0.711784	
4455000	-511.535265	1	1222	0.272778	0.526984	0.526984	0.272778	0	0.247968	0.248821	0.251173	0.252038	0.834975	0.345472	0.710963	0.078933	
4456000	-513.074316	1	3216	0.266549	0.496821	0.496821	0.266549	1	0.247225	0.250529	0.249456	0.252790	0.511012	0.587564	0.075808	0.816335	
4457000	-511.581508	1	2283	0.257246	0.453570	0.453570	0.257246	0	0.245680	0.255609	0.244417	0.254294	0.540055	0.723276	0.057663	0.900424	
4458000	-511.457689	1	3426	0.263576	0.515592	0.515592	0.263576	0	0.247529	0.248144	0.251850	0.252476	0.963548	0.398134	0.923492	0.525978	
4459000	-512.573714	1	3651	0.252758	0.551316	0.551316	0.252758	0	0.247874	0.243987	0.256078	0.252062	0.906531	0.673418	0.460814	0.370989	
4460000	-513.079016	1	1688	0.260297	0.485171	0.485171	0.260297	1	0.246740	0.250751	0.249228	0.253280	0.592379	0.033269	0.432314	0.888591	
4461000	-512.111110	1	1073	0.225120	0.425879	0.425879	0.225120	0	0.242361	0.251570	0.248317	0.257753	0.981867	0.604228	0.049923	0.771245	
4462000	-511.992692	1	3938	0.224542	0.444968	0.444968	0.224542	0	0.243243	0.245969	0.253971	0.256817	0.741796	0.938220	0.720799	0.138601	
4463000	-511.548730	1	2063	0.269994	0.474195	0.474195	0.269994	0	0.246792	0.254263	0.245753	0.253192	0.584028	0.170089	0.680247	0.402300	
4464000	-511.762852	1	3211	0.275203	0.544068	0.544068	0.275203	0	0.248278	0.248132	0.251870	0.251721	0.269294	0.567312	0.430818	0.131563	
4465000	-511.377147	1	1532	0.248516	0.470205	0.470205	0.248516	0	0.245820	0.250107	0.249857	0.254216	0.717271	0.686989	0.016439	0.074507	
4466000	-511.394124	1	2118	0.247312	0.467694	0.467694	0.247312	0	0.245679	0.250190	0.249772	0.254358	0.265027	0.863326	0.483450	0.193585	
4467000	-511.603743	1	841	0.271851	0.532280	0.532280	0.271851	0	0.248032	0.248328	0.251669	0.251970	0.047859	0.566509	0.891424	0.064002	
4468000	-513.705737	1	985	0.238683	0.432293	0.432293	0.238683	1	0.243781	0.255534	0.244450	0.256235	0.440493	0.571977	0.691349	0.106497	
4469000	-512.032697	1	2000	0.295956	0.556548	0.556548	0.295956	0	0.248761	0.249771	0.250226	0.251242	0.636919	0.396372	0.842102	0.825826	
4470000	-513.727227	1	1343	0.282844	0.567325	0.567325	0.282844	1	0.248694	0.248070	0.251934	0.251302	0.860522	0.603616	0.848997	0.142467	
4471000	-513.508330	1	2012	0.248125	0.443081	0.443081	0.248125	1	0.244833	0.255688	0.244324	0.255155	0.198012	0.447515	0.431502	0.272557	
4472000	-511.803503	1	694	0.282125	0.547971	0.547971	0.282125	0	0.248456	0.248804	0.251194	0.251546	0.033094	0.540968	0.140577	0.616791	
4473000	-512.088379	1	3991	0.233908	0.419591	0.419591	0.233908	0	0.242791	0.257812	0.242206	0.257191	0.045233	0.693810	0.943490	0.862021	
4474000	-512.488345	1	3031	0.322008	0.554171	0.322008	0.225418	0	0.206736	0.293864	0.206241	0.293159	0.137979	0.139889	0.452586	0.849040	
4475000	-513.279694	1	1872	0.248197	0.500083	0.500083	0.248197	1	0.246650	0.246082	0.253926	0.253341	0.609306	0.420682	0.145771	0.365385	
4476000	-513.351085	1	2571	0.261036	0.404820	0.404820	0.261036	0	0.243707	0.271966	0.228893	0.255434	0.688369	0.343248	0.040003	0.642888	
4477000	-511.477042	1	2775	0.276304	0.498958	0.498958	0.276304	0	0.247544	0.251876	0.248119	0.252461	0.600793	0.072614	0.745057	0.798909	
4478000	-511.504204	1	2015	0.276060	0.522455	0.522455	0.276060	0	0.247966	0.249630	0.250362	0.252042	0.905999	0.816721	0.239705	0.015598	
4479000	-513.364807	1	1152	0.268021	0.537323	0.537323	0.268021	1	0.248025	0.247432	0.252573	0.251970	0.923321	0.283147	0.268456	0.748638	
4480000	-512.374046	1	2607	0.260972	0.556439	0.556439	0.260972	0	0.248159	0.245396	0.254640	0.251805	0.179022	0.797455	0.258815	0.891858	
4481000	-512.825457	1	683	0.305698	0.494290	0.494290	0.305698	0	0.248087	0.255494	0.244559	0.251861	0.863544	0.749518	0.309991	0.599146	
4482000	-511.439128	1	1412	0.270387	0.485307	0.485307	0.270387	0	0.247080	0.252656	0.247341	0.252923	0.577856	0.627000	0.640061	0.796787	
4483000	-511.729139	1	2827	0.231665	0.457131	0.457131	0.231665	0	0.244345	0.246623	0.253335	0.255697	0.888417	0.247581	0.964445	0.279663	
4484000	-512.604131	1	3632	0.291758	0.589443	0.589443	0.291758	0	0.249018	0.248286	0.251718	0.250978	0.742403	0.635121	0.785195	0.299556	
4485000	-511.437101	1	812	0.246829	0.485588	0.485588	0.246829	0	0.246201	0.247350	0.252635	0.253814	0.295137	0.318418	0.430639	0.132747	
4486000	-511.476219	1	320	0.271513	0.520975	0.520975	0.271513	0	0.247836	0.249071	0.250921	0.252171	0.592783	0.937578	0.482689	0.210524	
4487000	-511.412150	1	3543	0.247870	0.484918	0.484918	0.247870	0	0.246230	0.247732	0.252249	0.253788	0.109068	0.547630	0.154485	0.416259	
4488000	-512.468551	1	124	0.304306	0.580624	0.580624	0.304306	0	0.249075	0.249477	0.250521	0.250927	0.476243	0.373943	0.764175	0.018961	
4489000	-511.975823	1	2561	0.225626	0.458449	0.458449	0.225626	0	0.243924	0.243654	0.256353	0.256069	0.241586	0.433192	0.538224	0.263247	
4490000	-511.503382	1	1879	0.250160	0.453221	0.453221	0.250160	0	0.245328	0.253858	0.246128	0.254686	0.798199	0.141882	0.222819	0.193197	
4491000	-511.395390	1	592	0.248153	0.465681	0.465681	0.248153	0	0.245656	0.250793	0.249171	0.254381	0.970168	0.688462	0.159780	0.580276	
4492000	-513.066522	1	2284	0.262883	0.500481	0.500481	0.262883	1	0.247192	0.249431	0.250554	0.252823	0.074323	0.678437	0.144160	0.401690	
4493000	-511.680064	1	1838	0.244932	0.439867	0.439867	0.244932	0	0.244520	0.255546	0.244455	0.255479	0.048734	0.315692	0.690492	0.139148	
4494000	-513.157209	1	3050	0.228422	0.522163	0.522163	0.228422	0	0.246277	0.238124	0.262138	0.253461	0.628106	0.310238	0.666655	0.264355	
4495000	-511.469790	1	1877	0.262504	0.515673	0.515673	0.262504	0	0.247500	0.247935	0.252061	0.252504	0.850639	0.996588	0.772144	0.783686	
4496000	-512.080734	1	2339	0.255359	0.538516	0.538516	0.255359	0	0.247724	0.245044	0.254995	0.252237	0.786577	0.612940	0.781244	0.789984	
4497000	-511.418627	1	2636	0.247315	0.462198	0.462198	0.247315	0	0.245497	0.251195	0.248767	0.254541	0.280431	0.817787	0.769890	0.822237	
4498000	-511.629179	1	293	0.280142	0.491934	0.491934	0.280142	0	0.247499	0.253253	0.246756	0.252492	0.883427	0.314949	0.176298	0.060433	
4499000	-511.377147	1	1532	0.248516	0.470205	0.470205	0.248516	0	0.245820	0.250107	0.249857	0.254216	0.807705	0.410600	0.872683	0.812348	
4500000	-511.467874	1	2005	0.243649	0.479200	0.479200	0.243649	0	0.245857	0.247265	0.252715	0.254162	0.470073	0.474726	0.956182	0.476115	
4501000	-512.126828	1	2554	0.227346	0.480089	0.480089	0.227346	0	0.244890	0.241088	0.259022	0.255000	0.537219	0.675565	0.225040	0.653651	
4502000	-511.595450	1	2178	0.251443	0.447765	0.447765	0.251443	0	0.245193	0.255468	0.244546	0.254793	0.191305	0.826178	0.910626	0.268755	
4503000	-511.409518	1	1200	0.245605	0.469613	0.469613	0.245605	0	0.245655	0.249352	0.250611	0.254382	0.784154	0.858154	0.206273	0.790457	
4504000	-513.604605	1	3281	0.275930	0.557124	0.557124	0.275930	1	0.248464	0.247631	0.252376	0.251529	0.926950	0.058182	0.561502	0.217506	
4505000	-512.112638	1	73	0.285330	0.475061	0.475061	0.285330	0	0.247263	0.256328	0.243736	0.252672	0.700693	0.999549	0.144853	0.730413	
4506000	-512.376418	1	1313	0.282931	0.460097	0.460097	0.282931	0	0.246818	0.258732	0.241398	0.253051	0.009019	0.909754	0.757309	0.893964	
4507000	-513.158420	1	1673	0.261248	0.513959	0.513959	0.261248	1	0.247427	0.247833	0.252163	0.252577	0.353046	0.886087	0.711622	0.401129	
4508000	-512.599987	1	3910	0.215193	0.415202	0.415202	0.215193	0	0.240673	0.249540	0.250283	0.259504	0.622115	0.252213	0.720185	0.318138	
4509000	-512.498243	1	365	0.214996	0.426174	0.426174	0.214996	0	0.241283	0.245654	0.254228	0.258834	0.840781	0.213050	0.369098	0.170023	
4510000	-512.208027	1	1231	0.258081	0.546980	0.546980	0.258081	0	0.247942	0.245215	0.254823	0.252020	0.911036	0.105184	0.422741	0.863113	
4511000	-511.716652	1	1975	0.275127	0.473462	0.473462	0.275127	0	0.246936	0.255217	0.244818	0.253029	0.362644	0.333787	0.978753	0.547285	
4512000	-511.659400	1	899	0.265335	0.531346	0.531346	0.265335	0	0.247864	0.247334	0.252671	0.252131	0.931241	0.814027	0.414139	0.277012	
4513000	-511.360877	1	65	0.254881	0.470329	0.470329	0.254881	0	0.246115	0.251772	0.248204	0.253909	0.867767	0.718834	0.055692	0.400476	
4514000	-513.311015	1	84	0.279241	0.494230	0.494230	0.279241	1	0.247522	0.252848	0.247156	0.252474	0.574118	0.316002	0.166746	0.477663	
4515000	-512.448368	1	299	0.277231	0.447911	0.447911	0.277231	0	0.246274	0.260637	0.239559	0.253530	0.562226	0.563984	0.707353	0.552684	
4516000	-512.520203	1	569	0.246399	0.539402	0.539402	0.246399	0	0.247464	0.242962	0.257125	0.252448	0.278156	0.200624	0.244694	0.406991	
4517000	-511.347901	1	1211	0.251053	0.476928	0.476928	0.251053	0	0.246143	0.249730	0.250240	0.253887	0.114733	0.774646	0.072646	0.927601	
4518000	-511.361564	1	2469	0.249854	0.472671	0.472671	0.249854	0	0.245960	0.250074	0.249893	0.254073	0.368205	0.676258	0.338803	0.528631	
4519000	-511.480325	1	1242	0.245701	0.487841	0.487841	0.245701	0	0.246213	0.246740	0.253252	0.253795	0.384415	0.686725	0.392936	0.575702	
4520000	-511.580663	1	2704	0.242734	0.489558	0.489558	0.242734	0	0.246119	0.245641	0.254367	0.253872	0.491374	0.499065	0.254647	0.229340	
4521000	-514.112549	1	3761	0.254038	0.550763	0.550763	0.254038	1	0.247898	0.244272	0.255785	0.252044	0.369358	0.292636	0.037739	0.991112	
4522000	-513.254286	1	709	0.267820	0.475785	0.475785	0.267820	1	0.246760	0.253623	0.246383	0.253235	0.599228	0.730024	0.860747	0.987425	
4523000	-511.816257	1	3751	0.271294	0.461254	0.461254	0.271294	0	0.246479	0.256818	0.243250	0.253454	0.089813	0.626792	0.782773	0.589875	
4524000	-512.010661	1	3592	0.286877	0.560739	0.560739	0.286877	0	0.248681	0.248741	0.251258	0.251319	0.929668	0.869456	0.215577	0.460065	
4525000	-511.886150	1	3224	0.235463	0.491059	0.491059	0.235463	0	0.245778	0.243041	0.257021	0.254159	0.264822	0.029660	0.083200	0.850000	
4526000	-511.914140	1	3842	0.294654	0.517170	0.517170	0.294654	0	0.248250	0.252219	0.247785	0.251746	0.797421	0.521124	0.575236	0.965244	
4527000	-511.403785	1	301	0.257710	0.504005	0.504005	0.257710	0	0.247103	0.248000	0.251991	0.252906	0.955766	0.773107	0.476405	0.195275	
4528000	-511.666201	1	287	0.239710	0.441148	0.441148	0.239710	0	0.244247	0.253430	0.246527	0.255796	0.302232	0.812814	0.888693	0.182662	
4529000	-511.852347	1	1855	0.233881	0.431965	0.431965	0.233881	0	0.243416	0.253736	0.246205	0.256643	0.999265	0.652066	0.107541	0.846838	
4530000	-513.225153	1	1761	0.246515	0.464552	0.464552	0.246515	1	0.245533	0.250518	0.249443	0.254506	0.150931	0.821522	0.551148	0.956762	
4531000	-511.421587	1	325	0.253610	0.499432	0.499432	0.253610	0	0.246850	0.247524	0.252468	0.253158	0.142969	0.643442	0.710497	0.840776	
4532000	-511.344662	1	421	0.252195	0.474333	0.474333	0.252195	0	0.246117	0.250433	0.249537	0.253913	0.603636	0.710634	0.556399	0.995259	
4533000	-511.641913	1	2570	0.240221	0.442753	0.442753	0.240221	0	0.244348	0.253199	0.246758	0.255696	0.557601	0.391870	0.135220	0.109056	
4534000	-511.539496	1	210	0.262741	0.462821	0.462821	0.262741	0	0.246211	0.254915	0.245105	0.253770	0.921661	0.548859	0.762662	0.513778	
4535000	-511.889815	1	2800	0.292999	0.546254	0.546254	0.292999	0	0.248606	0.250027	0.249969	0.251398	0.887695	0.380053	0.644011	0.450584	
4536000	-512.481591	1	688	0.234049	0.405429	0.405429	0.234049	0	0.241982	0.263536	0.236700	0.257783	0.917804	0.094269	0.033709	0.871189	
4537000	-511.537911	1	2517	0.238889	0.458735	0.458735	0.238889	0	0.244895	0.249119	0.250830	0.255156	0.030981	0.469366	0.695470	0.612951	
4538000	-511.691935	1	2011	0.236733	0.441390	0.441390	0.236733	0	0.244055	0.252255	0.247684	0.256006	0.099326	0.413596	0.795712	0.322091	
4539000	-511.359429	1	1165	0.267260	0.503214	0.503214	0.267260	0	0.247385	0.249959	0.250027	0.252629	0.565772	0.883992	0.021029	0.476973	
4540000	-511.559562	1	1757	0.278999	0.496001	0.496001	0.278999	0	0.247553	0.252600	0.247402	0.252445	0.350884	0.373689	0.554665	0.370773	
4541000	-512.122369	1	3194	0.302535	0.536349	0.536349	0.302535	0	0.248626	0.251426	0.248574	0.251374	0.932697	0.795196	0.304095	0.857886	
4542000	-513.877635	1	278	0.238403	0.424803	0.424803	0.238403	1	0.243399	0.257797	0.242237	0.256566	0.514743	0.921265	0.485739	0.570719	
4543000	-513.125406	1	1695	0.255562	0.500261	0.500261	0.255562	1	0.246940	0.247898	0.252092	0.253070	0.717457	0.353080	0.649355	0.804339	
4544000	-511.563543	1	2665	0.240861	0.449445	0.449445	0.240861	0	0.244662	0.251800	0.248149	0.255389	0.212979	0.171150	0.844117	0.489945	
4545000	-513.228291	1	1772	0.269435	0.480454	0.480454	0.269435	1	0.246932	0.253190	0.246811	0.253067	0.687634	0.945015	0.987637	0.838364	
4546000	-511.565643	1	1822	0.274914	0.529824	0.529824	0.274914	0	0.248060	0.248937	0.251058	0.251945	0.006248	0.091589	0.824955	0.740883	
4547000	-511.526889	1	3273	0.243309	0.459513	0.475607	0.243309	0	0.246847	0.248813	0.251170	0.253170	0.333112	0.660085	0.538431	0.501694	
4548000	-511.622207	1	1583	0.238580	0.445852	0.445852	0.238580	0	0.244370	0.251833	0.248110	0.255687	0.184764	0.867726	0.117668	0.983616	
4549000	-511.373801	1	3618	0.259271	0.502430	0.502430	0.259271	0	0.247120	0.248492	0.251496	0.252892	0.389078	0.798247	0.130697	0.313980	
4550000	-511.422367	1	1292	0.261043	0.509893	0.509893	0.261043	0	0.247339	0.248143	0.251849	0.252669	0.691924	0.775544	0.633164	0.963949	
4551000	-512.300519	1	3023	0.242080	0.413639	0.413639	0.242080	0	0.243071	0.263179	0.237069	0.256681	0.703677	0.400712	0.741834	0.328955	
4552000	-511.975949	1	2380	0.238735	0.424255	0.424255	0.238735	0	0.243397	0.258105	0.241939	0.256559	0.772206	0.439517	0.977790	0.156007	
4553000	-511.691935	1	2011	0.236733	0.441390	0.441390	0.236733	0	0.244055	0.252255	0.247684	0.256006	0.017977	0.664979	0.713024	0.989273	
4554000	-511.366538	1	965	0.268776	0.494954	0.494954	0.268776	0	0.247252	0.251141	0.248847	0.252761	0.185847	0.300771	0.110992	0.678571	
4555000	-512.449743	1	604	0.310566	0.537401	0.537401	0.310566	0	0.248742	0.251914	0.248090	0.251253	0.947523	0.348116	0.055393	0.959789	
4556000	-512.366341	1	1034	0.304795	0.516416	0.516416	0.304795	0	0.248406	0.253123	0.246891	0.251579	0.951500	0.636122	0.335240	0.094727	
4557000	-512.245090	1	3857	0.229137	0.492019	0.492019	0.229137	0	0.245420	0.240511	0.259631	0.254437	0.452014	0.145695	0.426541	0.046892	
4558000	-512.077606	1	2807	0.287516	0.481673	0.481673	0.287516	0	0.247466	0.255560	0.244489	0.252485	0.639949	0.289058	0.820758	0.790476	
4559000	-511.653758	1	2278	0.248440	0.507555	0.507555	0.248440	0	0.246846	0.245451	0.254570	0.253132	0.722805	0.894041	0.488401	0.921669	
4560000	-511.723592	1	2065	0.252866	0.442113	0.442113	0.252866	0	0.245049	0.257265	0.242792	0.254895	0.743790	0.886969	0.690157	0.838860	
4561000	-511.548149	1	698	0.267469	0.469617	0.469617	0.267469	0	0.246583	0.254588	0.245431	0.253398	0.551379	0.534214	0.259876	0.480053	
4562000	-511.392419	1	1885	0.248275	0.482425	0.482425	0.248275	0	0.246177	0.248179	0.251798	0.253845	0.833695	0.328162	0.946590	0.736623	
4563000	-511.704220	1	3437	0.232788	0.450105	0.450105	0.232788	0	0.244142	0.248571	0.251363	0.255923	0.348892	0.385933	0.446361	0.643956	
4564000	-512.004072	1	2917	0.285923	0.560381	0.560381	0.285923	0	0.248664	0.248658	0.251342	0.251336	0.959312	0.875126	0.030147	0.476699	
4565000	-513.053105	1	424	0.282977	0.599620	0.599620	0.282977	0	0.249005	0.247288	0.252724	0.250982	0.431674	0.699407	0.261304	0.888775	
4566000	-511.570047	1	1980	0.239903	0.449881	0.449881	0.239903	0	0.244619	0.251363	0.248582	0.255436	0.839957	0.788201	0.149182	0.203551	
4567000	-511.614268	1	3014	0.283402	0.527620	0.527620	0.283402	0	0.248199	0.250195	0.249799	0.251808	0.918676	0.655580	0.274966	0.162872	
4568000	-511.365532	1	3724	0.249920	0.470809	0.470809	0.249920	0	0.245906	0.250399	0.249568	0.254128	0.886476	0.429944	0.539552	0.394224	
4569000	-511.578472	1	633	0.245188	0.495624	0.495624	0.245188	0	0.246404	0.245699	0.254312	0.253584	0.689113	0.264046	0.586480	0.838862	
4570000	-511.448831	1	239	0.252552	0.500215	0.500215	0.252552	0	0.246828	0.247187	0.252809	0.253176	0.813297	0.897920	0.357173	0.350590	
4571000	-511.753718	1	733	0.254098	0.522543	0.522543	0.254098	0	0.247380	0.245682	0.254342	0.252596	0.768651	0.140019	0.369734	0.631821	
4572000	-511.409962	1	1326	0.245536	0.471595	0.471595	0.245536	0	0.245715	0.249003	0.250962	0.254320	0.045069	0.009767	0.788812	0.364521	
4573000	-511.767036	1	357	0.234859	0.437181	0.437181	0.234859	0	0.243733	0.252640	0.247295	0.256332	0.186874	0.965567	0.180185	0.551669	
4574000	-514.280131	1	2874	0.289544	0.594523	0.594523	0.289544	1	0.249035	0.247985	0.252021	0.250959	0.934000	0.840067	0.030176	0.402958	
4575000	-511.486160	1	1122	0.245221	0.454566	0.454566	0.245221	0	0.245114	0.252102	0.247859	0.254925	0.203663	0.613306	0.306784	0.927429	
4576000	-513.153558	1	1685	0.227189	0.386429	0.386429	0.227189	0	0.240024	0.270044	0.230548	0.259384	0.344805	0.695691	0.170467	0.681235	
4577000	-511.753051	1	3750	0.284781	0.494869	0.494869	0.284781	0	0.247671	0.253478	0.246536	0.252316	0.536440	0.244933	0.946414	0.959260	
4578000	-511.510947	1	1952	0.253839	0.454915	0.454915	0.253839	0	0.245569	0.254475	0.245526	0.254430	0.253817	0.166503	0.583262	0.717556	
4579000	-511.434955	1	2451	0.255221	0.503476	0.503476	0.255221	0	0.247004	0.247495	0.252500	0.253001	0.670273	0.455246	0.769311	0.676004	
4580000	-511.613785	1	2728	0.280935	0.496089	0.496089	0.280935	0	0.247603	0.252849	0.247156	0.252393	0.777855	0.801990	0.713041	0.285743	
4581000	-513.544253	1	3483	0.257703	0.534096	0.534096	0.257703	1	0.247709	0.245750	0.254276	0.252265	0.359314	0.583827	0.562243	0.365544	
4582000	-511.511764	1	3978	0.266608	0.470747	0.470747	0.266608	0	0.246584	0.254232	0.245781	0.253403	0.610675	0.820269	0.491108	0.309306	
4583000	-511.316853	1	1429	0.257770	0.485555	0.485555	0.257770	0	0.246658	0.250143	0.249834	0.253364	0.660827	0.950855	0.277714	0.169803	
4584000	-511.950694	1	2902	0.297296	0.531374	0.531374	0.297296	0	0.248489	0.251340	0.248659	0.251512	0.019949	0.525587	0.280416	0.267988	
4585000	-511.421870	1	2752	0.270657	0.488462	0.488462	0.270657	0	0.247162	0.252275	0.247719	0.252844	0.008031	0.960413	0.236148	0.088700	
4586000	-511.346554	1	1271	0.251435	0.480593	0.480593	0.251435	0	0.246266	0.249291	0.250682	0.253761	0.313762	0.859252	0.147475	0.693590	
4587000	-511.377834	1	2805	0.258986	0.471638	0.471638	0.258986	0	0.246324	0.252515	0.247470	0.253691	0.890828	0.575034	0.835003	0.828274	
4588000	-511.433585	1	3290	0.273307	0.513458	0.513458	0.273307	0	0.247746	0.249972	0.250018	0.252264	0.824133	0.751723	0.212249	0.107336	
4589000	-511.558037	1	1489	0.238044	0.467281	0.467281	0.238044	0	0.245152	0.247246	0.252722	0.254880	0.000535	0.144859	0.371309	0.401247	
4590000	-511.409962	1	1326	0.245536	0.471595	0.471595	0.245536	0	0.245715	0.249003	0.250962	0.254320	0.637039	0.795972	0.251890	0.439698	
4591000	-511.637029	1	872	0.235197	0.452230	0.452230	0.235197	0	0.244401	0.249079	0.250860	0.255661	0.620788	0.722052	0.759854	0.786204	
4592000	-512.154408	1	1343	0.282844	0.567325	0.567325	0.282844	0	0.248695	0.248068	0.251936	0.251301	0.810456	0.135706	0.935735	0.250006	
4593000	-511.538034	1	162	0.273517	0.527284	0.527284	0.273517	0	0.247989	0.248910	0.251085	0.252017	0.195259	0.267171	0.174766	0.832810	
4594000	-513.446782	1	409	0.235393	0.460042	0.460042	0.235393	1	0.244718	0.247565	0.252391	0.255327	0.679348	0.888494	0.135711	0.427830	
4595000	-512.096393	1	2334	0.275358	0.560637	0.560637	0.275358	0	0.248499	0.247420	0.252588	0.251492	0.659037	0.691573	0.304279	0.865751	
4596000	-511.381608	1	3706	0.270524	0.503230	0.503230	0.270524	0	0.247477	0.250516	0.249472	0.252535	0.192380	0.270089	0.916481	0.962957	
4597000	-511.398733	1	1695	0.255562	0.500261	0.500261	0.255562	0	0.246941	0.247897	0.252094	0.253069	0.557348	0.714823	0.873414	0.707440	
4598000	-511.333014	1	2129	0.253307	0.478361	0.478361	0.253307	0	0.246283	0.250098	0.249875	0.253745	0.147534	0.742984	0.757416	0.172998	
4599000	-512.218327	1	3796	0.226375	0.482092	0.482092	0.226375	0	0.244890	0.240414	0.259722	0.254974	0.841123	0.232320	0.226282	0.564751	
4600000	-512.220113	1	1656	0.245999	0.528633	0.528633	0.245999	0	0.247229	0.243360	0.256714	0.252696	0.233497	0.379480	0.386621	0.289963	
4601000	-511.864785	1	2569	0.228572	0.462146	0.462146	0.228572	0	0.244311	0.244340	0.255659	0.255690	0.425650	0.667235	0.304377	0.685846	
4602000	-511.481646	1	3169	0.251239	0.455442	0.455442	0.251239	0	0.245462	0.253675	0.246311	0.254553	0.631150	0.839191	0.577058	0.358174	
4603000	-512.676133	1	1127	0.314675	0.579535	0.579535	0.314675	0	0.249161	0.250138	0.249861	0.250841	0.439993	0.779813	0.677615	0.379673	
4604000	-511.341107	1	799	0.264259	0.486771	0.486771	0.264259	0	0.246919	0.251342	0.248643	0.253096	0.247287	0.334894	0.832627	0.706453	
4605000	-512.212783	1	3161	0.241467	0.416165	0.416165	0.241467	0	0.243167	0.261990	0.238202	0.256641	0.034516	0.785434	0.095423	0.418140	
4606000	-511.528808	1	1093	0.248093	0.450560	0.450560	0.248093	0	0.245122	0.253863	0.246120	0.254895	0.525281	0.311352	0.051811	0.532422	
4607000	-511.817260	1	3603	0.249223	0.517704	0.517704	0.249223	0	0.247110	0.244858	0.255179	0.252853	0.396775	0.777707	0.451971	0.792460	
4608000	-511.829173	1	1964	0.235826	0.488532	0.488532	0.235826	0	0.245721	0.243452	0.256598	0.254229	0.266669	0.870588	0.320912	0.699116	
4609000	-513.988826	1	2147	0.236723	0.512493	0.512493	0.236723	1	0.246452	0.241610	0.258509	0.253430	0.249051	0.778897	0.864798	0.869476	
4610000	-512.285706	1	2207	0.266656	0.437142	0.437142	0.266656	0	0.245494	0.261691	0.238538	0.254276	0.363805	0.827660	0.103289	0.380921	
4611000	-512.483439	1	67	0.285023	0.460438	0.460438	0.285023	0	0.246889	0.258916	0.241222	0.252973	0.181561	0.968026	0.362930	0.108203	
4612000	-511.429301	1	218	0.259298	0.466639	0.466639	0.259298	0	0.246189	0.253459	0.246536	0.253816	0.962078	0.564373	0.455744	0.737985	
4613000	-511.467175	1	3276	0.243891	0.458352	0.458352	0.243891	0	0.245177	0.250894	0.249061	0.254868	0.597705	0.841058	0.200807	0.354817	
4614000	-511.601797	1	1931	0.281023	0.530303	0.530303	0.281023	0	0.248193	0.249716	0.250277	0.251814	0.946090	0.002337	0.301368	0.412965	
4615000	-511.607046	1	2159	0.279213	0.532544	0.532544	0.279213	0	0.248190	0.249337	0.250657	0.251815	0.129407	0.679176	0.070334	0.751873	
4616000	-512.177181	1	1249	0.297963	0.505274	0.505274	0.297963	0	0.248126	0.253653	0.246366	0.251854	0.412119	0.392988	0.720796	0.361859	
4617000	-511.752937	1	2963	0.231343	0.447621	0.447621	0.231343	0	0.243929	0.248524	0.251406	0.256142	0.441239	0.486111	0.349524	0.319240	
4618000	-513.494427	1	3489	0.293339	0.543493	0.543493	0.293339	1	0.248577	0.250215	0.249781	0.251427	0.695525	0.748409	0.535936	0.603294	
4619000	-511.390682	1	2058	0.246969	0.471778	0.471778	0.246969	0	0.245793	0.249400	0.250565	0.254242	0.335025	0.471790	0.264278	0.081190	
4620000	-511.869633	1	2411	0.277957	0.470975	0.470975	0.277957	0	0.246958	0.256054	0.244001	0.252988	0.676396	0.222230	0.121592	0.336838	
4621000	-512.373693	1	1908	0.307351	0.527435	0.527435	0.307351	0	0.248586	0.252402	0.247606	0.251407	0.029952	0.812652	0.194920	0.427891	
4622000	-513.906273	1	1336	0.288859	0.481349	0.481349	0.288859	1	0.247490	0.255757	0.244296	0.252457	0.269353	0.111825	0.340341	0.470975	
4623000	-511.553746	1	2699	0.247725	0.448625	0.448625	0.247725	0	0.245029	0.254204	0.245782	0.254985	0.367251	0.380831	0.495247	0.372672	
4624000	-511.575753	1	753	0.256338	0.452987	0.452987	0.256338	0	0.245619	0.255521	0.244502	0.254359	0.716084	0.391038	0.190515	0.689480	
4625000	-511.546232	1	3725	0.247901	0.449214	0.449214	0.247901	0	0.245061	0.254117	0.245868	0.254954	0.257778	0.383495	0.632600	0.269042	
4626000	-512.760273	1	1407	0.262787	0.570637	0.570637	0.262787	0	0.248395	0.245301	0.254739	0.251566	0.386396	0.676207	0.156122	0.119374	
4627000	-511.321023	1	258	0.260417	0.492497	0.492497	0.260417	0	0.246928	0.249835	0.250146	0.253091	0.817264	0.908366	0.117597	0.295228	
4628000	-511.717222	1	2507	0.232624	0.464486	0.464486	0.232624	0	0.244698	0.245653	0.254328	0.255321	0.650877	0.583803	0.742871	0.854396	
4629000	-511.911464	1	1449	0.246737	0.429723	0.429723	0.246737	0	0.244183	0.259052	0.241043	0.255722	0.442280	0.953672	0.614366	0.742752	
4630000	-511.857843	1	2817	0.233603	0.483621	0.483621	0.233603	0	0.245432	0.243210	0.256841	0.254516	0.917391	0.680168	0.645522	0.495746	
4631000	-512.055773	1	56	0.226335	0.427657	0.427657	0.226335	0	0.242567	0.251616	0.248278	0.257539	0.584201	0.490745	0.908743	0.235663	
4632000	-511.427784	1	2985	0.244404	0.471513	0.471513	0.244404	0	0.245654	0.248669	0.251296	0.254381	0.335337	0.707598	0.821815	0.841579	
4633000	-512.235574	1	995	0.305848	0.548966	0.548966	0.305848	0	0.248806	0.250914	0.249085	0.251195	0.485451	0.193592	0.485424	0.589680	
4634000	-511.715649	1	745	0.266085	0.535193	0.535193	0.266085	0	0.247947	0.247233	0.252774	0.252046	0.615967	0.283510	0.238364	0.484492	
4635000	-511.867194	1	2014	0.278437	0.551304	0.551304	0.278437	0	0.248435	0.248199	0.251803	0.251563	0.982567	0.473938	0.017517	0.384340	
4636000	-512.278422	1	212	0.272637	0.445925	0.445925	0.272637	0	0.246046	0.260425	0.239759	0.253771	0.054088	0.200059	0.742536	0.417144	
4637000	-511.318127	1	1815	0.257325	0.486599	0.486599	0.257325	0	0.246668	0.249904	0.250074	0.253354	0.442850	0.994094	0.536903	0.328506	
4638000	-511.925863	1	630	0.227101	0.461466	0.461466	0.227101	0	0.244168	0.243795	0.256215	0.255823	0.633339	0.575782	0.063814	0.036555	
4639000	-513.656954	1	1258	0.238607	0.434768	0.434768	0.238607	1	0.243889	0.254779	0.245192	0.256140	0.655763	0.002265	0.613862	0.660536	
4640000	-511.873441	1	1076	0.258753	0.441461	0.441461	0.258753	0	0.245311	0.258886	0.241227	0.254577	0.720483	0.477139	0.639700	0.183249	
4641000	-511.665844	1	508	0.286387	0.527842	0.527842	0.286387	0	0.248258	0.250521	0.249473	0.251748	0.141031	0.210127	0.097136	0.235161	
4642000	-511.934689	1	2622	0.296077	0.542972	0.542972	0.296077	0	0.248612	0.250489	0.249507	0.251391	0.657295	0.476910	0.277972	0.608764	
4643000	-511.755712	1	147	0.284199	0.492879	0.492879	0.284199	0	0.247618	0.253652	0.246363	0.252367	0.140020	0.571985	0.998983	0.260535	
4644000	-511.840974	1	3468	0.285795	0.549766	0.549766	0.285795	0	0.248538	0.249125	0.250873	0.251464	0.473543	0.787156	0.189632	0.911299	
4645000	-513.626928	1	3751	0.271294	0.461254	0.461254	0.271294	1	0.246477	0.256820	0.243248	0.253455	0.933830	0.922421	0.891249	0.696635	
4646000	-511.385924	1	3396	0.247404	0.475079	0.475079	0.247404	0	0.245918	0.249002	0.250966	0.254114	0.674809	0.201741	0.085807	0.040761	
4647000	-511.620568	1	2355	0.235332	0.460792	0.460792	0.235332	0	0.244743	0.247397	0.252560	0.255299	0.693761	0.863363	0.456454	0.360268	
4648000	-511.925324	1	1286	0.292253	0.505097	0.505097	0.292253	0	0.248015	0.253142	0.246870	0.251973	0.220216	0.239865	0.393081	0.035129	
4649000	-512.389799	1	2102	0.307333	0.525610	0.525610	0.307333	0	0.248563	0.252540	0.247469	0.251428	0.654364	0.194667	0.817482	0.387290	
4650000	-513.740514	1	3098	0.241123	0.430661	0.430661	0.241123	1	0.243870	0.256912	0.243108	0.256109	0.992085	0.053777	0.522034	0.397684	
4651000	-512.344199	1	1706	0.284497	0.576227	0.576227	0.284497	0	0.248810	0.247959	0.252047	0.251184	0.772530	0.795220	0.862709	0.470351	
4652000	-511.957277	1	463	0.253513	0.433009	0.433009	0.253513	0	0.244709	0.259973	0.240169	0.255150	0.291710	0.660803	0.659627	0.889203	
4653000	-513.773432	1	1504	0.244973	0.382108	0.382108	0.244973	0	0.241147	0.279652	0.221886	0.257315	0.443107	0.086863	0.582712	0.419631	
4654000	-514.785404	1	2288	0.208520	0.438402	0.438402	0.208520	1	0.241097	0.237848	0.262294	0.258760	0.456049	0.209524	0.158850	0.614409	
4655000	-511.601797	1	1931	0.281023	0.530303	0.530303	0.281023	0	0.248193	0.249716	0.250277	0.251814	0.391682	0.768745	0.227198	0.134549	
4656000	-512.493839	1	3259	0.272485	0.573085	0.573085	0.272485	0	0.248599	0.246651	0.253367	0.251382	0.409764	0.622296	0.240229	0.089204	
4657000	-511.844695	1	2482	0.279209	0.550264	0.550264	0.279209	0	0.248435	0.248343	0.251658	0.251564	0.444600	0.089054	0.592763	0.887328	
4658000	-512.376296	1	2682	0.219451	0.464363	0.464363	0.219451	0	0.243618	0.239485	0.260660	0.256237	0.155951	0.715340	0.354150	0.601663	
4659000	-512.055932	1	1531	0.289826	0.488581	0.488581	0.289826	0	0.247663	0.254845	0.245191	0.252301	0.043633	0.242397	0.540631	0.192903	
4660000	-511.977774	1	1262	0.226741	0.433610	0.433610	0.226741	0	0.242904	0.250026	0.249872	0.257198	0.637396	0.453066	0.085804	0.072680	
4661000	-512.121430	1	377	0.290830	0.487647	0.487647	0.290830	0	0.247667	0.255075	0.244965	0.252292	0.641785	0.592571	0.187979	0.258075	
4662000	-511.528808	1	1093	0.248093	0.450560	0.450560	0.248093	0	0.245122	0.253863	0.246120	0.254895	0.073855	0.848242	0.202843	0.391743	
4663000	-511.478149	1	498	0.266866	0.519774	0.519774	0.266866	0	0.247698	0.248402	0.251593	0.252307	0.696782	0.406528	0.290619	0.814441	
4664000	-512.555479	1	2525	0.286227	0.460378	0.460378	0.286227	0	0.246921	0.259065	0.241078	0.252935	0.490684	0.381345	0.127556	0.281523	
4665000	-512.097457	1	1310	0.283695	0.564936	0.564936	0.283695	0	0.248681	0.248246	0.251757	0.251316	0.093860	0.559296	0.646656	0.156234	
4666000	-511.617218	1	343	0.284392	0.512117	0.512117	0.284392	0	0.247974	0.251591	0.248406	0.252030	0.115660	0.830608	0.417867	0.819721	
4667000	-511.558025	1	3153	0.242343	0.448796	0.448796	0.242343	0	0.244727	0.252458	0.247498	0.255317	0.314937	0.721952	0.070704	0.794569	
4668000	-511.938628	1	3376	0.293067	0.506952	0.506952	0.293067	0	0.248062	0.253031	0.246980	0.251927	0.572992	0.604467	0.761679	0.409358	
4669000	-512.194275	1	1989	0.270369	0.445238	0.445238	0.270369	0	0.245937	0.260220	0.239953	0.253889	0.789007	0.355184	0.396304	0.549656	
4670000	-511.348605	1	1751	0.257900	0.474632	0.474632	0.257900	0	0.246366	0.251778	0.248202	0.253654	0.374164	0.503215	0.279079	0.716286	
4671000	-511.385707	1	1943	0.248537	0.467401	0.467401	0.248537	0	0.245731	0.250596	0.249368	0.254305	0.605300	0.213698	0.586777	0.588568	
4672000	-511.398433	1	3432	0.256243	0.466472	0.466472	0.256243	0	0.246056	0.252782	0.247202	0.253960	0.756028	0.622113	0.100904	0.487234	
4673000	-514.586767	1	3987	0.212109	0.424725	0.424725	0.212109	1	0.240833	0.244197	0.255699	0.259271	0.160404	0.557227	0.794809	0.923599	
4674000	-511.782740	1	615	0.283510	0.488863	0.488863	0.283510	0	0.247520	0.254084	0.245937	0.252459	0.662779	0.063242	0.268436	0.716911	
4675000	-511.577924	1	1420	0.279574	0.528895	0.528895	0.279574	0	0.248143	0.249631	0.250363	0.251864	0.689729	0.441922	0.280876	0.376527	
4676000	-511.799768	1	1818	0.259514	0.532254	0.532254	0.259514	0	0.247728	0.246211	0.253808	0.252254	0.080587	0.093050	0.304178	0.110125	
4677000	-511.338140	1	368	0.265614	0.494262	0.494262	0.265614	0	0.247140	0.250654	0.249331	0.252876	0.441220	0.481251	0.855776	0.554824	
4678000	-511.421966	1	1946	0.272557	0.512057	0.512057	0.272557	0	0.247701	0.249982	0.250007	0.252309	0.930547	0.675556	0.577899	0.061064	
4679000	-511.916226	1	3268	0.255142	0.531568	0.531568	0.255142	0	0.247590	0.245357	0.254674	0.252378	0.490695	0.476996	0.125908	0.769175	
4680000	-511.346589	1	159	0.251654	0.481891	0.481891	0.251654	0	0.246312	0.249164	0.250810	0.253714	0.851996	0.604582	0.065449	0.862332	
4681000	-511.321023	1	258	0.260417	0.492497	0.492497	0.260417	0	0.246928	0.249835	0.250146	0.253091	0.715040	0.177905	0.236928	0.701891	
4682000	-511.453329	1	655	0.256075	0.461172	0.461172	0.256075	0	0.245881	0.253743	0.246251	0.254125	0.073526	0.181246	0.726263	0.598985	
4683000	-511.464250	1	3333	0.250237	0.497137	0.497137	0.250237	0	0.246661	0.246924	0.253073	0.253343	0.273071	0.170004	0.461402	0.316568	
4684000	-512.026893	1	3547	0.231159	0.423660	0.423660	0.231159	0	0.242782	0.255199	0.244751	0.257268	0.297876	0.197685	0.618375	0.054330	
4685000	-513.229662	1	2232	0.275065	0.491765	0.491765	0.275065	1	0.247360	0.252553	0.247446	0.252641	0.785226	0.667277	0.878931	0.289674	
4686000	-512.151194	1	2724	0.252956	0.537600	0.537600	0.252956	0	0.247637	0.244574	0.255474	0.252314	0.700964	0.925955	0.068637	0.605560	
4687000	-512.824437	1	1109	0.223728	0.395676	0.395676	0.223728	0	0.240373	0.263215	0.236948	0.259465	0.488292	0.825061	0.225085	0.801554	
4688000	-511.933028	1	681	0.296656	0.537688	0.537688	0.296656	0	0.248558	0.250862	0.249136	0.251445	0.601710	0.988055	0.837932	0.051127	
4689000	-511.572827	1	906	0.251204	0.507513	0.507513	0.251204	0	0.246951	0.246160	0.253851	0.253038	0.655224	0.771073	0.439447	0.104601	
4690000	-512.076874	1	2973	0.224087	0.431743	0.431743	0.224087	0	0.242565	0.249229	0.250660	0.257546	0.536522	0.200310	0.416757	0.679475	
4691000	-511.677428	1	2744	0.253049	0.444512	0.444512	0.253049	0	0.245151	0.256698	0.243345	0.254806	0.628228	0.267005	0.669665	0.121815	
4692000	-512.026893	1	3547	0.231159	0.423660	0.423660	0.231159	0	0.242782	0.255199	0.244751	0.257268	0.221988	0.137238	0.658756	0.936795	
4693000	-514.545422	1	2498	0.280481	0.596904	0.596904	0.280481	1	0.248952	0.247084	0.252931	0.251033	0.298326	0.406701	0.379941	0.638458	
4694000	-512.005577	1	955	0.294419	0.556213	0.556213	0.294419	0	0.248737	0.249654	0.250343	0.251266	0.085444	0.955460	0.592608	0.171291	
4695000	-511.696654	1	583	0.282274	0.492126	0.492126	0.282274	0	0.247556	0.253507	0.246505	0.252431	0.031576	0.396920	0.517128	0.926914	
4696000	-511.406330	1	509	0.257346	0.503777	0.503777	0.257346	0	0.247085	0.247943	0.252049	0.252923	0.563370	0.923439	0.707503	0.649404	
4697000	-511.448559	1	2920	0.243507	0.473790	0.473790	0.243507	0	0.245680	0.248026	0.251944	0.254350	0.204074	0.037847	0.427329	0.154085	
4698000	-513.260249	1	3089	0.266599	0.528833	0.528833	0.266599	1	0.247851	0.247712	0.252289	0.252148	0.326797	0.530073	0.289568	0.271055	
4699000	-511.624856	1	3932	0.277599	0.534809	0.534809	0.277599	0	0.248192	0.248982	0.251014	0.251813	0.961060	0.389756	0.345897	0.847592	
4700000	-513.325372	1	2673	0.278490	0.491122	0.491122	0.278490	1	0.247438	0.253132	0.246875	0.252556	0.070336	0.798261	0.468731	0.898298	
4701000	-511.411009	1	2732	0.260575	0.508241	0.508241	0.260575	0	0.247289	0.248199	0.251793	0.252719	0.681315	0.185521	0.914282	0.030623	
4702000	-513.110916	1	1537	0.254177	0.477379	0.477379	0.254177	1	0.246290	0.250464	0.249508	0.253737	0.831272	0.054468	0.734606	0.791342	
4703000	-511.431500	1	75	0.245775	0.461758	0.461758	0.245775	0	0.245401	0.250816	0.249143	0.254641	0.713293	0.547671	0.518606	0.697551	
4704000	-512.706828	1	1064	0.225785	0.501583	0.501583	0.225785	0	0.245505	0.238274	0.261968	0.254253	0.768358	0.248772	0.741427	0.098842	
4705000	-511.539717	1	912	0.265065	0.523401	0.523401	0.265065	0	0.247717	0.247816	0.252183	0.252284	0.054338	0.451054	0.604932	0.272650	
4706000	-512.606454	1	621	0.256070	0.416049	0.416049	0.256070	0	0.244052	0.266311	0.234141	0.255496	0.768299	0.318478	0.889457	0.487217	
4707000	-512.083070	1	1557	0.301461	0.542326	0.542326	0.301461	0	0.248679	0.250970	0.249028	0.251322	0.777939	0.969493	0.971359	0.142211	
4708000	-511.360877	1	65	0.254881	0.470329	0.470329	0.254881	0	0.246115	0.251772	0.248204	0.253909	0.123561	0.465597	0.937887	0.593997	
4709000	-511.354318	1	2456	0.253076	0.471067	0.471067	0.253076	0	0.246058	0.251194	0.248778	0.253970	0.782128	0.393902	0.131753	0.890321	
4710000	-511.768237	1	578	0.238334	0.491617	0.491617	0.238334	0	0.245954	0.243982	0.256058	0.254006	0.792013	0.544324	0.794115	0.333578	
4711000	-511.364487	1	2687	0.268219	0.503350	0.503350	0.268219	0	0.247415	0.250114	0.249873	0.252598	0.210336	0.898960	0.932921	0.396026	
4712000	-511.743792	1	1272	0.241265	0.435792	0.435792	0.241265	0	0.244115	0.255444	0.244546	0.255895	0.959268	0.713865	0.429697	0.674933	
4713000	-511.512344	1	270	0.262228	0.463933	0.463933	0.262228	0	0.246224	0.254595	0.245418	0.253762	0.552999	0.210743	0.008162	0.165499	
4714000	-511.629179	1	293	0.280142	0.491934	0.491934	0.280142	0	0.247499	0.253253	0.246756	0.252492	0.354863	0.697958	0.230031	0.879370	
4715000	-511.511837	1	2925	0.270267	0.477649	0.477649	0.270267	0	0.246890	0.253759	0.246250	0.253101	0.821727	0.107474	0.171915	0.523439	
4716000	-511.534313	1	3114	0.239854	0.473723	0.473723	0.239854	0	0.245478	0.246837	0.253142	0.254543	0.985372	0.267014	0.663277	0.121172	
4717000	-514.848886	1	1216	0.243264	0.399201	0.399201	0.243264	1	0.242281	0.269872	0.230783	0.257065	0.652223	0.085497	0.174233	0.015659	
4718000	-512.058415	1	1857	0.229619	0.423126	0.423126	0.229619	0	0.242623	0.254678	0.245257	0.257442	0.521999	0.001420	0.482528	0.274768	
4719000	-511.511657	1	2333	0.241167	0.456017	0.456017	0.241167	0	0.244933	0.250468	0.249481	0.255118	0.471540	0.650902	0.441175	0.965597	
4720000	-511.657918	1	2217	0.239002	0.442219	0.442219	0.239002	0	0.244246	0.252895	0.247055	0.255804	0.966783	0.075150	0.378244	0.886115	
4721000	-513.149542	1	741	0.266772	0.483355	0.483355	0.266772	1	0.246917	0.252291	0.247701	0.253091	0.877326	0.955856	0.261747	0.035514	
4722000	-512.108654	1	1019	0.222899	0.457950	0.457950	0.222899	0	0.243666	0.242402	0.257634	0.256298	0.774266	0.152518	0.581106	0.416226	
4723000	-512.612895	1	2521	0.231620	0.512828	0.512828	0.231620	0	0.246197	0.239812	0.260372	0.253619	0.078179	0.933273	0.754309	0.776814	
4724000	-512.610059	1	3101	0.212728	0.428052	0.428052	0.212728	0	0.241102	0.243590	0.256332	0.258977	0.334693	0.192041	0.416435	0.702932	
4725000	-512.012695	1	417	0.299332	0.535626	0.535626	0.299332	0	0.248572	0.251221	0.248778	0.251429	0.532880	0.978907	0.462051	0.407092	
4726000	-511.596904	1	2748	0.236904	0.453109	0.453109	0.236904	0	0.244552	0.249547	0.250393	0.255508	0.826610	0.850725	0.626292	0.538265	
4727000	-511.913627	1	2954	0.251778	0.433159	0.433159	0.251778	0	0.244623	0.259467	0.240654	0.255257	0.036455	0.331119	0.468790	0.736763	
4728000	-514.401435	1	3365	0.286320	0.459390	0.459390	0.286320	1	0.246896	0.259275	0.240876	0.252953	0.416156	0.910271	0.367949	0.379326	
4729000	-511.574704	1	3659	0.240073	0.449111	0.449111	0.240073	0	0.244599	0.251600	0.248346	0.255455	0.311680	0.391320	0.430764	0.811277	
4730000	-512.709106	1	2303	0.249007	0.407131	0.407131	0.249007	0	0.243154	0.268040	0.232505	0.256301	0.516984	0.726447	0.051088	0.912718	
4731000	-511.398433	1	3432	0.256243	0.466472	0.466472	0.256243	0	0.246056	0.252782	0.247202	0.253960	0.961457	0.554327	0.430564	0.394419	
4732000	-511.343785	1	3256	0.265365	0.500098	0.500098	0.265365	0	0.247262	0.249945	0.250040	0.252753	0.199493	0.594593	0.188994	0.295514	
4733000	-511.602955	1	1157	0.276295	0.483803	0.483803	0.276295	0	0.247219	0.253803	0.246211	0.252768	0.755071	0.893768	0.550029	0.226527	
4734000	-511.887782	1	848	0.228713	0.466302	0.466302	0.228713	0	0.244483	0.243688	0.256331	0.255498	0.024114	0.670597	0.312811	0.585356	
4735000	-512.933519	1	882	0.274237	0.430442	0.430442	0.274237	0	0.245540	0.264903	0.235494	0.254064	0.036697	0.073889	0.789634	0.844506	
4736000	-513.934405	1	2598	0.237230	0.422558	0.422558	0.237230	1	0.243200	0.258111	0.241928	0.256761	0.038469	0.259524	0.865764	0.512313	
4737000	-511.577305	1	3817	0.280313	0.527880	0.527880	0.280313	0	0.248142	0.249797	0.250196	0.251865	0.456678	0.276036	0.466208	0.345434	
4738000	-511.943045	1	1402	0.229468	0.430732	0.430732	0.229468	0	0.243000	0.252169	0.247741	0.257090	0.452630	0.084535	0.909010	0.646728	
4739000	-511.429301	1	218	0.259298	0.466639	0.466639	0.259298	0	0.246189	0.253459	0.246536	0.253816	0.864540	0.013373	0.027124	0.341850	
4740000	-511.356401	1	1321	0.261708	0.478389	0.478389	0.261708	0	0.246615	0.252024	0.247961	0.253399	0.113714	0.454993	0.070014	0.123227	
4741000	-513.268748	1	3797	0.279291	0.498697	0.498697	0.279291	1	0.247612	0.252328	0.247671	0.252388	0.016509	0.786893	0.084040	0.359278	
4742000	-511.976383	1	2505	0.230410	0.481088	0.481088	0.230410	0	0.245140	0.242263	0.257812	0.254785	0.934840	0.513745	0.449283	0.991834	
4743000	-511.495098	1	1339	0.247347	0.493626	0.493626	0.247347	0	0.246447	0.246530	0.253468	0.253554	0.458180	0.254034	0.638955	0.333088	
4744000	-511.654608	1	1691	0.276481	0.480341	0.480341	0.276481	0	0.247144	0.254336	0.245685	0.252835	0.288536	0.916955	0.487966	0.526052	
4745000	-511.582598	1	2460	0.237022	0.456395	0.456395	0.237022	0	0.244687	0.248904	0.251042	0.255367	0.516692	0.821172	0.161684	0.728434	
4746000	-511.416311	1	2296	0.267242	0.480768	0.480768	0.267242	0	0.246870	0.252750	0.247245	0.253135	0.012448	0.103248	0.058160	0.612193	
4747000	-511.939973	1	3079	0.296913	0.530247	0.530247	0.296913	0	0.248468	0.251387	0.248613	0.251533	0.804460	0.007649	0.396757	0.616229	
4748000	-512.607490	1	1770	0.314049	0.538705	0.538705	0.314049	0	0.248798	0.252040	0.247966	0.251196	0.082159	0.544601	0.982680	0.479671	
4749000	-514.121187	1	3393	0.232410	0.507057	0.507057	0.232410	1	0.246077	0.240492	0.259662	0.253769	0.704753	0.603344	0.463137	0.224253	
4750000	-511.554107	1	2409	0.239165	0.473840	0.473840	0.239165	0	0.245443	0.246582	0.253399	0.254576	0.123192	0.330737	0.700189	0.572532	
4751000	-512.381263	1	3341	0.236011	0.514653	0.514653	0.236011	0	0.246475	0.241230	0.258902	0.253393	0.497699	0.102256	0.586271	0.353224	
4752000	-515.133192	1	3392	0.278074	0.428916	0.428916	0.278074	1	0.245625	0.265904	0.234553	0.253918	0.819092	0.106083	0.936736	0.992564	
4753000	-511.437649	1	3047	0.268500	0.516339	0.516339	0.268500	0	0.247677	0.248955	0.251036	0.252331	0.519029	0.992040	0.319410	0.576397	
4754000	-511.587477	1	479	0.283322	0.514102	0.514102	0.283322	0	0.247984	0.251280	0.248715	0.252021	0.600628	0.700368	0.350095	0.048412	
4755000	-511.334766	1	1543	0.257976	0.494193	0.494193	0.257976	0	0.246883	0.249108	0.250874	0.253135	0.369591	0.553003	0.488310	0.772670	
4756000	-512.551696	1	2510	0.259167	0.559760	0.559760	0.259167	0	0.248167	0.244971	0.255073	0.251789	0.560386	0.683457	0.944952	0.948927	
4757000	-511.337359	1	2692	0.252466	0.478903	0.478903	0.252466	0	0.246262	0.249803	0.250169	0.253766	0.161474	0.367562	0.164846	0.490028	
4758000	-511.755631	1	921	0.248420	0.513197	0.513197	0.248420	0	0.246978	0.244986	0.255047	0.252990	0.661702	0.407372	0.878148	0.135061	
4759000	-511.496667	1	327	0.260854	0.516124	0.516124	0.260854	0	0.247460	0.247577	0.252421	0.252541	0.433051	0.465200	0.208797	0.884788	
4760000	-511.584906	1	120	0.282617	0.508289	0.508289	0.282617	0	0.247870	0.251742	0.248255	0.252133	0.299522	0.546625	0.557086	0.241476	
4761000	-511.378408	1	2364	0.270299	0.499292	0.499292	0.270299	0	0.247389	0.250902	0.249086	0.252623	0.565642	0.640655	0.297529	0.028282	
4762000	-511.798979	1	1983	0.231969	0.438788	0.438788	0.231969	0	0.243587	0.250994	0.248924	0.256494	0.767366	0.516416	0.942105	0.048825	
4763000	-513.844685	1	2107	0.233187	0.427443	0.427443	0.233187	1	0.243139	0.254842	0.245110	0.256908	0.227418	0.533461	0.902113	0.473425	
4764000	-511.645430	1	3749	0.246721	0.442407	0.442407	0.246721	0	0.244729	0.255437	0.244567	0.255268	0.602524	0.057069	0.648997	0.042201	
4765000	-512.157160	1	3825	0.221141	0.436594	0.436594	0.221141	0	0.242517	0.246288	0.253625	0.257569	0.642221	0.399726	0.495143	0.507409	
4766000	-514.377488	1	831	0.351851	0.608261	0.608261	0.351851	0	0.249550	0.250666	0.249335	0.250450	0.872161	0.631877	0.691009	0.083328	
4767000	-511.341324	1	664	0.252016	0.480508	0.480508	0.252016	0	0.246289	0.249454	0.250519	0.253738	0.700008	0.125811	0.138799	0.676681	
4768000	-511.516617	1	2833	0.275965	0.524226	0.524226	0.275965	0	0.247993	0.249483	0.250510	0.252014	0.597958	0.767211	0.520418	0.696733	
4769000	-511.409132	1	221	0.270170	0.512097	0.512097	0.270170	0	0.247641	0.249598	0.250391	0.252370	0.328081	0.776452	0.678634	0.876364	
4770000	-511.515825	1	3990	0.279269	0.505555	0.505555	0.279269	0	0.247744	0.251582	0.248412	0.252261	0.824347	0.245377	0.684096	0.327326	
4771000	-511.513700	1	1546	0.252060	0.453466	0.453466	0.252060	0	0.245432	0.254325	0.245671	0.254572	0.459476	0.427153	0.283503	0.458811	
4772000	-513.564385	1	3708	0.241159	0.502639	0.502639	0.241159	1	0.246405	0.243806	0.256246	0.253543	0.913439	0.921289	0.098804	0.240538	
4773000	-513.093186	1	2030	0.255691	0.494073	0.494073	0.255691	1	0.246795	0.248606	0.251378	0.253222	0.608829	0.168930	0.241243	0.694756	
4774000	-511.506621	1	2462	0.264716	0.520626	0.520626	0.264716	0	0.247657	0.247957	0.252040	0.252346	0.844472	0.333525	0.404653	0.821887	
4775000	-511.601343	1	1627	0.254972	0.450218	0.450218	0.254972	0	0.245457	0.255813	0.244213	0.254516	0.146554	0.387770	0.835085	0.062927	
4776000	-511.528771	1	3713	0.239322	0.459052	0.459052	0.239322	0	0.244934	0.249211	0.250738	0.255117	0.239585	0.463092	0.503402	0.692478	
4777000	-512.511724	1	1056	0.304012	0.583594	0.583594	0.304012	0	0.249095	0.249367	0.250632	0.250906	0.868247	0.792217	0.124080	0.252202	
4778000	-512.085315	1	1986	0.283892	0.564395	0.564395	0.283892	0	0.248678	0.248287	0.251716	0.251319	0.109215	0.485950	0.540922	0.220521	
4779000	-511.520725	1	370	0.243418	0.451864	0.451864	0.243418	0	0.244910	0.252115	0.247842	0.255134	0.940337	0.748604	0.658891	0.747133	
4780000	-513.678465	1	3565	0.268676	0.554114	0.554114	0.268676	1	0.248289	0.246737	0.253278	0.251696	0.527021	0.405730	0.614867	0.711099	
4781000	-511.592627	1	2362	0.283436	0.521269	0.521269	0.283436	0	0.248102	0.250683	0.249310	0.251904	0.941741	0.743070	0.498097	0.636998	
4782000	-513.811516	1	1111	0.292695	0.573837	0.573837	0.292695	1	0.248890	0.248808	0.251192	0.251110	0.300392	0.985400	0.465044	0.021627	
4783000	-511.482777	1	2725	0.241345	0.468994	0.468994	0.241345	0	0.245405	0.248100	0.251865	0.254631	0.890173	0.458347	0.056538	0.019797	
4784000	-511.510990	1	3403	0.246916	0.451818	0.451818	0.246916	0	0.245106	0.253226	0.246747	0.254922	0.606041	0.413969	0.736930	0.780876	
4785000	-511.614659	1	3374	0.246420	0.501001	0.501001	0.246420	0	0.246600	0.245504	0.254513	0.253382	0.179475	0.605503	0.728081	0.021590	
4786000	-513.470659	1	2155	0.271781	0.546862	0.546862	0.271781	1	0.248249	0.247513	0.252493	0.251745	0.090629	0.878004	0.836197	0.394539	
4787000	-513.736457	1	2162	0.295697	0.567696	0.567696	0.295697	1	0.248868	0.249282	0.250717	0.251134	0.045934	0.423409	0.917607	0.503326	
4788000	-511.634208	1	1534	0.283110	0.501663	0.501663	0.283110	0	0.247761	0.252491	0.247511	0.252237	0.301602	0.507998	0.198637	0.383476	
4789000	-513.484406	1	872	0.235197	0.452230	0.452230	0.235197	1	0.244400	0.249080	0.250858	0.255662	0.051383	0.001645	0.631400	0.660164	
4790000	-513.800978	1	1080	0.229393	0.433955	0.433955	0.229393	1	0.243150	0.251187	0.248721	0.256942	0.064489	0.285675	0.635296	0.374735	
4791000	-512.775031	1	3871	0.210367	0.422306	0.422306	0.210367	0	0.240457	0.243757	0.256136	0.259651	0.361686	0.532522	0.300173	0.701666	
4792000	-511.344529	1	3216	0.266549	0.496821	0.496821	0.266549	0	0.247226	0.250527	0.249458	0.252789	0.195310	0.236025	0.849055	0.555275	
4793000	-511.552224	1	3406	0.269393	0.527290	0.527290	0.269393	0	0.247894	0.248275	0.251722	0.252109	0.428496	0.282693	0.738509	0.845224	
4794000	-512.335530	1	2655	0.297735	0.576874	0.576874	0.297735	0	0.248976	0.249122	0.250877	0.251025	0.555161	0.172803	0.367359	0.512454	
4795000	-511.919669	1	1992	0.232505	0.428805	0.428805	0.232505	0	0.243155	0.254118	0.245822	0.256906	0.086686	0.495127	0.953741	0.570823	
4796000	-512.116968	1	252	0.226845	0.477665	0.477665	0.226845	0	0.244766	0.241177	0.258926	0.255130	0.670102	0.210130	0.248781	0.237044	
4797000	-511.653116	1	2612	0.278980	0.536972	0.536972	0.278980	0	0.248250	0.249028	0.250967	0.251754	0.391790	0.273479	0.348726	0.103329	
4798000	-511.893426	1	2928	0.295201	0.525975	0.525975	0.295201	0	0.248384	0.251550	0.248450	0.251616	0.124054	0.368160	0.985202	0.211297	
4799000	-512.209445	1	3521	0.304976	0.538248	0.538248	0.304976	0	0.248680	0.251484	0.248517	0.251319	0.860178	0.386556	0.905174	0.374251	
4800000	-513.141922	1	786	0.275332	0.513764	0.513764	0.275332	1	0.247799	0.250247	0.249743	0.252211	0.243538	0.423273	0.420493	0.379555	
4801000	-513.519084	1	1659	0.279206	0.554356	0.554356	0.279206	1	0.248486	0.248158	0.251845	0.251512	0.658691	0.579487	0.362511	0.730544	
4802000	-513.208199	1	1215	0.271584	0.486247	0.486247	0.271584	1	0.247137	0.252728	0.247271	0.252864	0.060876	0.194648	0.007492	0.546213	
4803000	-513.145636	1	1569	0.254572	0.471590	0.471590	0.254572	1	0.246138	0.251485	0.248490	0.253888	0.499724	0.364204	0.156800	0.323523	
4804000	-512.221056	1	823	0.219638	0.445821	0.445821	0.219638	0	0.242810	0.243168	0.256822	0.257201	0.567119	0.975561	0.120604	0.364876	
4805000	-512.021262	1	1377	0.228075	0.427188	0.427188	0.228075	0	0.242700	0.252614	0.247293	0.257394	0.336543	0.750208	0.379091	0.208451	
4806000	-511.385924	1	3396	0.247404	0.475079	0.475079	0.247404	0	0.245918	0.249002	0.250966	0.254114	0.811005	0.965508	0.851697	0.350509	
4807000	-511.402726	1	3864	0.246449	0.467613	0.467613	0.246449	0	0.245633	0.249949	0.250013	0.254406	0.746130	0.844631	0.402647	0.337732	
4808000	-511.466178	1	2927	0.276403	0.513897	0.513897	0.276403	0	0.247828	0.250388	0.249603	0.252181	0.729277	0.305669	0.388234	0.454747	
4809000	-511.886907	1	1794	0.227624	0.442619	0.442619	0.227624	0	0.243407	0.248043	0.251877	0.256674	0.160483	0.477356	0.713242	0.736873	
4810000	-511.431802	1	315	0.264329	0.473617	0.473617	0.264329	0	0.246582	0.253311	0.246688	0.253420	0.079359	0.769613	0.402927	0.524097	
4811000	-511.451918	1	601	0.256108	0.506386	0.506386	0.256108	0	0.247102	0.247419	0.252578	0.252902	0.456997	0.899572	0.558098	0.873273	
4812000	-511.317535	1	1703	0.259600	0.485661	0.485661	0.259600	0	0.246729	0.250534	0.249445	0.253292	0.790625	0.837513	0.539910	0.703887	
4813000	-513.203019	1	3487	0.254915	0.507982	0.507982	0.254915	1	0.247095	0.247004	0.252997	0.252904	0.383343	0.626204	0.203612	0.783362	
4814000	-512.085534	1	2916	0.248764	0.424639	0.424639	0.248764	0	0.244065	0.261307	0.238876	0.255752	0.346149	0.350259	0.003644	0.451598	
4815000	-511.400670	1	2723	0.258263	0.468227	0.468227	0.258263	0	0.246194	0.252940	0.247048	0.253818	0.957759	0.108144	0.193337	0.801935	
4816000	-512.011124	1	2248	0.224218	0.451363	0.451363	0.224218	0	0.243500	0.244376	0.255602	0.256522	0.983543	0.165782	0.890873	0.864505	
4817000	-511.716130	1	2624	0.272250	0.539828	0.539828	0.272250	0	0.248157	0.247941	0.252060	0.251841	0.422464	0.924859	0.047386	0.652944	
4818000	-512.142953	1	3880	0.302196	0.527776	0.527776	0.302196	0	0.248517	0.252002	0.248002	0.251480	0.954586	0.533970	0.451404	0.672983	
4819000	-512.405377	1	3075	0.282798	0.577789	0.577789	0.282798	0	0.248803	0.247738	0.252269	0.251189	0.888430	0.923199	0.382333	0.320265	
4820000	-511.366382	1	1553	0.250467	0.469710	0.469710	0.250467	0	0.245897	0.250734	0.249233	0.254136	0.623633	0.267807	0.342458	0.644818	
4821000	-513.148081	1	284	0.251997	0.471542	0.471542	0.251997	1	0.246023	0.250836	0.249133	0.254008	0.926617	0.398264	0.666539	0.945864	
4822000	-511.452810	1	2747	0.274726	0.497172	0.497172	0.274726	0	0.247466	0.251846	0.248148	0.252540	0.635778	0.665601	0.017388	0.819211	
4823000	-511.507766	1	3769	0.247689	0.452158	0.452158	0.247689	0	0.245160	0.253382	0.246594	0.254864	0.957121	0.326466	0.786533	0.031808	
4824000	-511.784833	1	3155	0.234790	0.435882	0.435882	0.234790	0	0.243669	0.252974	0.246963	0.256394	0.177615	0.639492	0.657415	0.859839	
4825000	-511.584067	1	2474	0.242657	0.489642	0.489642	0.242657	0	0.246118	0.245607	0.254401	0.253873	0.231206	0.912683	0.709937	0.845154	
4826000	-511.847271	1	207	0.241158	0.503186	0.503186	0.241158	0	0.246421	0.243756	0.256298	0.253526	0.588599	0.477293	0.401855	0.243691	
4827000	-513.375778	1	3506	0.238086	0.472457	0.472457	0.238086	1	0.245332	0.246418	0.253563	0.254686	0.671445	0.138877	0.702225	0.658111	
4828000	-512.302365	1	1490	0.290292	0.576127	0.576127	0.290292	0	0.248883	0.248520	0.251482	0.251115	0.122666	0.138038	0.294964	0.728866	
4829000	-511.336014	1	3760	0.259239	0.496099	0.496099	0.259239	0	0.246973	0.249164	0.250819	0.253044	0.565552	0.713306	0.445744	0.561277	
4830000	-513.441425	1	2748	0.236904	0.453109	0.453109	0.236904	1	0.244550	0.249549	0.250392	0.255509	0.693851	0.839823	0.454826	0.911136	
4831000	-511.589608	1	2656	0.240912	0.485036	0.485036	0.240912	0	0.245893	0.245612	0.254393	0.254102	0.521671	0.738854	0.829524	0.281380	
4832000	-513.731140	1	852	0.282747	0.476515	0.476515	0.282747	1	0.247227	0.255782	0.244269	0.252722	0.798890	0.701699	0.299453	0.953282	
4833000	-511.943136	1	542	0.266955	0.449193	0.449193	0.266955	0	0.245940	0.258656	0.241460	0.253945	0.813626	0.518470	0.326797	0.863857	
4834000	-513.081923	1	2871	0.257469	0.483488	0.483488	0.257469	1	0.246591	0.250359	0.249618	0.253432	0.336171	0.722262	0.591592	0.199659	
4835000	-511.414849	1	1734	0.262362	0.510391	0.510391	0.262362	0	0.247389	0.248359	0.251633	0.252619	0.583881	0.341011	0.822440	0.619532	
4836000	-513.872424	1	3360	0.244584	0.525166	0.525166	0.244584	1	0.247100	0.243175	0.256903	0.252822	0.818849	0.417301	0.236667	0.960427	
4837000	-511.481995	1	3704	0.241884	0.473356	0.473356	0.241884	0	0.245579	0.247572	0.252400	0.254448	0.238188	0.676225	0.883333	0.259273	
4838000	-511.934839	1	3184	0.229167	0.431893	0.431893	0.229167	0	0.243032	0.251683	0.248225	0.257061	0.489118	0.613411	0.788278	0.044496	
4839000	-511.464348	1	1207	0.273458	0.518816	0.518816	0.273458	0	0.247845	0.249540	0.250451	0.252164	0.751271	0.035648	0.919427	0.028749	
4840000	-512.147077	1	600	0.252133	0.425290	0.425290	0.252133	0	0.244288	0.262036	0.238186	0.255490	0.338119	0.783251	0.791312	0.411087	
4841000	-511.466178	1	2927	0.276403	0.513897	0.513897	0.276403	0	0.247828	0.250388	0.249603	0.252181	0.731194	0.951562	0.070211	0.472741	
4842000	-511.718237	1	566	0.274576	0.541091	0.541091	0.274576	0	0.248224	0.248204	0.251796	0.251776	0.242218	0.571648	0.532892	0.976430	
4843000	-511.740901	1	2027	0.275497	0.472816	0.472816	0.275497	0	0.246931	0.255381	0.244658	0.253031	0.928732	0.666268	0.851997	0.876713	
4844000	-513.287796	1	2506	0.268658	0.474748	0.474748	0.268658	1	0.246761	0.253940	0.246070	0.253229	0.838684	0.920743	0.084687	0.620908	
4845000	-513.824610	1	2706	0.236094	0.427254	0.427254	0.236094	1	0.243353	0.256099	0.243887	0.256661	0.701292	0.269086	0.053525	0.560762	
4846000	-511.384450	1	669	0.264803	0.508406	0.508406	0.264803	0	0.247421	0.249003	0.250985	0.252591	0.092478	0.740478	0.735147	0.189519	
4847000	-511.644279	1	2271	0.237249	0.445357	0.445357	0.237249	0	0.244260	0.251455	0.248482	0.255802	0.475927	0.277317	0.358695	0.112685	
4848000	-511.417572	1	2965	0.252752	0.462065	0.462065	0.252752	0	0.245759	0.252733	0.247246	0.254262	0.435493	0.026057	0.017690	0.931198	
4849000	-512.059835	1	3928	0.295826	0.506644	0.506644	0.295826	0	0.248109	0.253322	0.246693	0.251876	0.561742	0.614049	0.038559	0.930026	
4850000	-511.845901	1	717	0.286759	0.493465	0.493465	0.286759	0	0.247689	0.253881	0.246138	0.252292	0.026349	0.382510	0.494482	0.159126	
4851000	-511.389812	1	2235	0.252753	0.465294	0.465294	0.252753	0	0.245864	0.252124	0.247850	0.254162	0.086392	0.776932	0.938850	0.867097	
4852000	-511.638333	1	1223	0.280128	0.491025	0.491025	0.280128	0	0.247480	0.253367	0.246643	0.252510	0.187395	0.133531	0.046534	0.019471	
4853000	-512.255678	1	3570	0.243081	0.524556	0.524556	0.243081	0	0.247029	0.242795	0.257293	0.252883	0.504579	0.762950	0.311376	0.676333	
4854000	-511.478790	1	238	0.245898	0.455075	0.455075	0.245898	0	0.245170	0.252204	0.247759	0.254867	0.343419	0.349343	0.512219	0.985283	
4855000	-511.902399	1	609	0.280950	0.475565	0.475565	0.280950	0	0.247157	0.255701	0.244348	0.252795	0.764017	0.723434	0.175602	0.389680	
4856000	-511.437596	1	2961	0.272983	0.493309	0.493309	0.272983	0	0.247337	0.252037	0.247957	0.252669	0.081691	0.151844	0.634276	0.641648	
4857000	-513.631987	1	1134	0.271489	0.461335	0.461335	0.271489	1	0.246486	0.256836	0.243232	0.253446	0.977693	0.060223	0.645928	0.187834	
4858000	-511.430135	1	3718	0.245925	0.461792	0.461792	0.245925	0	0.245410	0.250855	0.249104	0.254631	0.072984	0.903497	0.778217	0.562079	
4859000	-513.335598	1	2310	0.255503	0.456575	0.456575	0.255503	1	0.245702	0.254541	0.245463	0.254294	0.604094	0.319285	0.271333	0.543445	
4860000	-513.143200	1	1323	0.259975	0.510513	0.510513	0.259975	1	0.247317	0.247873	0.252121	0.252688	0.150266	0.695274	0.740581	0.871736	
4861000	-511.533002	1	2450	0.239867	0.473534	0.473534	0.239867	0	0.245473	0.246871	0.253107	0.254549	0.257085	0.025872	0.323588	0.407588	
4862000	-512.222930	1	1290	0.268651	0.559883	0.559883	0.268651	0	0.248368	0.246518	0.253501	0.251613	0.164714	0.473320	0.539735	0.829190	
4863000	-511.947830	1	1698	0.226086	0.457160	0.457160	0.226086	0	0.243909	0.244119	0.255876	0.256096	0.458134	0.429792	0.604445	0.218183	
4864000	-511.562985	1	3914	0.258827	0.456393	0.456393	0.258827	0	0.245845	0.255366	0.244657	0.254132	0.284120	0.675350	0.224303	0.362205	
4865000	-511.475588	1	500	0.274704	0.519471	0.519471	0.274704	0	0.247885	0.249671	0.250320	0.252123	0.534374	0.379529	0.898739	0.046872	
4866000	-511.536882	1	1427	0.273988	0.527161	0.527161	0.273988	0	0.247998	0.248987	0.251007	0.252008	0.964180	0.897986	0.787900	0.741909	
4867000	-513.464835	1	3134	0.243551	0.444725	0.444725	0.243551	1	0.244636	0.253843	0.246129	0.255392	0.430694	0.838284	0.391271	0.079672	
4868000	-511.909363	1	2840	0.253177	0.528346	0.528346	0.253177	0	0.247467	0.245111	0.254924	0.252497	0.044485	0.776591	0.113497	0.989967	
4869000	-513.316777	1	2677	0.212219	0.387729	0.387729	0.212219	0	0.238390	0.260278	0.239664	0.261669	0.759449	0.356113	0.323787	0.511555	
4870000	-512.731819	1	2516	0.230806	0.397686	0.397686	0.230806	0	0.241196	0.265736	0.234600	0.258469	0.227381	0.608069	0.373707	0.222772	
4871000	-511.344220	1	2709	0.251506	0.478176	0.478176	0.251506	0	0.246200	0.249662	0.250309	0.253829	0.356827	0.013620	0.084026	0.491352	
4872000	-511.940763	1	2639	0.235280	0.426169	0.426169	0.235280	0	0.243239	0.256123	0.243861	0.256777	0.337327	0.782586	0.570496	0.749051	
4873000	-511.667645	1	3288	0.255526	0.520147	0.520147	0.255526	0	0.247377	0.246164	0.253852	0.252607	0.976783	0.120873	0.759676	0.304844	
4874000	-511.316912	1	2822	0.257837	0.484881	0.484881	0.257837	0	0.246643	0.250250	0.249728	0.253380	0.691462	0.994240	0.472020	0.974383	
4875000	-511.458087	1	3998	0.272226	0.518605	0.518605	0.272226	0	0.247812	0.249369	0.250622	0.252197	0.977753	0.140437	0.409362	0.119206	
4876000	-511.748044	1	3955	0.249291	0.438351	0.438351	0.249291	0	0.244707	0.257284	0.242766	0.255243	0.240698	0.304917	0.406632	0.400704	
4877000	-511.386784	1	3065	0.263209	0.476620	0.476620	0.263209	0	0.246623	0.252605	0.247385	0.253387	0.178400	0.433125	0.994220	0.721101	
4878000	-513.290216	1	3561	0.266966	0.531378	0.531378	0.266966	1	0.247903	0.247611	0.252392	0.252094	0.186123	0.135741	0.706897	0.892953	
4879000	-511.397155	1	318	0.267680	0.510887	0.510887	0.267680	0	0.247551	0.249289	0.250700	0.252460	0.378201	0.513186	0.164518	0.446454	
4880000	-511.757662	1	2228	0.289846	0.534116	0.534116	0.289846	0	0.248405	0.250453	0.249542	0.251599	0.702024	0.786876	0.132546	0.063307	
4881000	-512.858678	1	3901	0.216985	0.398908	0.398908	0.216985	0	0.239841	0.257643	0.242267	0.260249	0.604222	0.214994	0.314025	0.985771	
4882000	-513.129710	1	1417	0.259912	0.476626	0.476626	0.259912	1	0.246499	0.251914	0.248069	0.253518	0.215171	0.984557	0.542704	0.025287	
4883000	-511.449558	1	3284	0.271472	0.486817	0.486817	0.271472	0	0.247148	0.252630	0.247367	0.252854	0.970600	0.397778	0.936149	0.968426	
4884000	-513.527028	1	1133	0.244243	0.441158	0.441158	0.244243	1	0.244531	0.254982	0.245007	0.255479	0.621721	0.365097	0.373962	0.101884	
4885000	-513.579249	1	3904	0.251368	0.525340	0.525340	0.251368	1	0.247347	0.244877	0.255162	0.252614	0.527748	0.946381	0.448253	0.480555	
4886000	-511.432176	1	2457	0.272442	0.514379	0.514379	0.272442	0	0.247741	0.249758	0.250232	0.252269	0.593100	0.659678	0.525896	0.692149	
4887000	-511.366731	1	3674	0.252892	0.490844	0.490844	0.252892	0	0.246606	0.248313	0.251669	0.253412	0.226235	0.389552	0.297969	0.670889	
4888000	-512.137471	1	2515	0.302903	0.535699	0.535699	0.302903	0	0.248623	0.251497	0.248504	0.251376	0.563185	0.904747	0.934595	0.883781	
4889000	-511.373801	1	3618	0.259271	0.502430	0.502430	0.259271	0	0.247120	0.248492	0.251496	0.252892	0.126486	0.839268	0.593141	0.856656	
4890000	-511.532915	1	1737	0.245927	0.449967	0.449967	0.245927	0	0.244981	0.253344	0.246627	0.255047	0.456262	0.002465	0.715654	0.852982	
4891000	-514.395333	1	527	0.307697	0.505616	0.505616	0.307697	1	0.248297	0.254363	0.245669	0.251671	0.355112	0.074086	0.786905	0.690392	
4892000	-511.993345	1	1416	0.282776	0.559402	0.559402	0.282776	0	0.248605	0.248359	0.251642	0.251393	0.714170	0.542133	0.083517	0.398091	
4893000	-511.713715	1	1162	0.233183	0.467649	0.467649	0.233183	0	0.244853	0.245341	0.254650	0.255157	0.651825	0.285983	0.419591	0.878082	
4894000	-511.874062	1	1813	0.248447	0.519001	0.519001	0.248447	0	0.247110	0.244571	0.255472	0.252847	0.055086	0.506731	0.183341	0.156406	
4895000	-512.108654	1	1019	0.222899	0.457950	0.457950	0.222899	0	0.243666	0.242402	0.257634	0.256298	0.004323	0.649985	0.532866	0.735139	
4896000	-511.743990	1	706	0.246047	0.508055	0.508055	0.246047	0	0.246761	0.244765	0.255270	0.253204	0.981547	0.821011	0.409877	0.926535	
4897000	-511.333505	1	288	0.257340	0.477158	0.477158	0.257340	0	0.246415	0.251253	0.248724	0.253608	0.187333	0.312062	0.195337	0.784382	
4898000	-513.733990	1	2634	0.204919	0.471121	0.471121	0.204919	0	0.242252	0.229491	0.271274	0.256984	0.036681	0.509710	0.989113	0.178633	
4899000	-511.558847	1	510	0.243879	0.448082	0.448082	0.243879	0	0.244790	0.253134	0.246831	0.255244	0.542752	0.818562	0.870859	0.236204	
4900000	-513.075373	1	1951	0.259035	0.497493	0.497493	0.259035	1	0.246997	0.248966	0.251018	0.253019	0.153128	0.125101	0.154361	0.805787	
4901000	-511.677888	1	3717	0.235588	0.444501	0.444501	0.235588	0	0.244109	0.251022	0.248910	0.255959	0.006910	0.273717	0.959699	0.867852	
4902000	-511.371119	1	68	0.261142	0.475353	0.475353	0.261142	0	0.246512	0.252377	0.247610	0.253501	0.774462	0.691344	0.058711	0.938751	
4903000	-511.532529	1	3267	0.280310	0.507717	0.507717	0.280310	0	0.247808	0.251503	0.248492	0.252197	0.094669	0.502308	0.947543	0.332697	
4904000	-513.848084	1	444	0.334026	0.537712	0.537712	0.334026	0	0.248999	0.253005	0.247011	0.250985	0.373252	0.289605	0.418197	0.569679	
4905000	-511.875256	1	842	0.289631	0.549938	0.549938	0.289631	0	0.248599	0.249511	0.250485	0.251404	0.957767	0.538004	0.766662	0.157525	
4906000	-511.906073	1	160	0.279326	0.553743	0.553743	0.279326	0	0.248481	0.248198	0.251804	0.251517	0.370029	0.112656	0.453618	0.605396	
4907000	-511.628122	1	2674	0.262186	0.526355	0.526355	0.262186	0	0.247694	0.247087	0.252920	0.252300	0.300127	0.847917	0.831066	0.224422	
4908000	-511.605343	1	2049	0.235961	0.457213	0.457213	0.235961	0	0.244649	0.248335	0.251612	0.255404	0.187698	0.380980	0.303400	0.650358	
4909000	-511.809867	1	1598	0.292398	0.532067	0.532067	0.292398	0	0.248420	0.250844	0.249152	0.251584	0.478906	0.284040	0.042691	0.106000	
4910000	-513.960755	1	2265	0.241142	0.422175	0.422175	0.241142	1	0.243458	0.259694	0.240408	0.256440	0.720154	0.821834	0.534982	0.340369	
4911000	-511.615778	1	1048	0.277609	0.486067	0.486067	0.277609	0	0.247306	0.253676	0.246336	0.252681	0.416455	0.315186	0.760310	0.310498	
4912000	-511.695228	1	3132	0.288094	0.524423	0.524423	0.288094	0	0.248239	0.250964	0.249032	0.251765	0.871594	0.961923	0.823166	0.883076	
4913000	-512.356538	1	684	0.246890	0.534945	0.534945	0.246890	0	0.247392	0.243276	0.256802	0.252530	0.761990	0.579579	0.446477	0.549848	
4914000	-511.619081	1	2987	0.248627	0.505763	0.505763	0.248627	0	0.246810	0.245658	0.254360	0.253172	0.193560	0.739129	0.738882	0.676283	
4915000	-512.368932	1	572	0.254792	0.421092	0.421092	0.254792	0	0.244234	0.264161	0.236168	0.255437	0.372553	0.021500	0.497401	0.825497	
4916000	-512.289035	1	3291	0.233049	0.411760	0.411760	0.233049	0	0.242282	0.260432	0.239666	0.257620	0.710919	0.695115	0.467346	0.593865	
4917000	-511.693580	1	412	0.232814	0.454186	0.454186	0.232814	0	0.244311	0.247701	0.252244	0.255744	0.472514	0.686258	0.652532	0.406261	
4918000	-515.830538	1	2679	0.202293	0.386067	0.386067	0.202293	1	0.236678	0.253214	0.246444	0.263663	0.253383	0.592338	0.866987	0.665513	
4919000	-511.486043	1	552	0.251731	0.455347	0.455347	0.251731	0	0.245483	0.253828	0.246161	0.254529	0.630684	0.215143	0.926512	0.377974	
4920000	-512.040270	1	1226	0.246959	0.424990	0.424990	0.246959	0	0.243974	0.260649	0.239504	0.255874	0.912871	0.307388	0.981817	0.560598	
4921000	-511.374699	1	1022	0.266552	0.485184	0.485184	0.266552	0	0.246956	0.251993	0.247997	0.253054	0.710971	0.912203	0.407002	0.311903	
4922000	-513.171319	1	3821	0.267049	0.481532	0.481532	0.267049	1	0.246881	0.252604	0.247390	0.253125	0.423664	0.399013	0.726728	0.292492	
4923000	-511.866512	1	378	0.233937	0.485289	0.485289	0.233937	0	0.245507	0.243134	0.256921	0.254438	0.331958	0.478791	0.353882	0.851076	
4924000	-513.288930	1	2681	0.284161	0.514660	0.514660	0.284161	1	0.248009	0.251332	0.248663	0.251995	0.460803	0.737627	0.189974	0.818373	
4925000	-513.110935	1	3159	0.252678	0.479590	0.479590	0.252678	1	0.246290	0.249758	0.250214	0.253738	0.291645	0.150296	0.118991	0.658683	
4926000	-512.123467	1	3528	0.299144	0.560010	0.560010	0.299144	0	0.248836	0.249875	0.250122	0.251167	0.245082	0.031227	0.893468	0.152791	
4927000	-511.864077	1	3306	0.227746	0.451604	0.451604	0.227746	0	0.243813	0.246026	0.253928	0.256233	0.059345	0.463550	0.960366	0.714778	
4928000	-513.629435	1	1272	0.241265	0.435792	0.435792	0.241265	1	0.244113	0.255446	0.244544	0.255897	0.271290	0.332213	0.913539	0.722971	
4929000	-512.281732	1	2719	0.248604	0.535301	0.535301	0.248604	0	0.247456	0.243681	0.256387	0.252475	0.736800	0.807990	0.418517	0.298795	
4930000	-511.658999	1	934	0.238461	0.442551	0.442551	0.238461	0	0.244224	0.252611	0.247336	0.255830	0.108289	0.796280	0.377419	0.213567	
4931000	-511.600319	1	164	0.282376	0.527708	0.527708	0.282376	0	0.248180	0.250065	0.249928	0.251826	0.559904	0.813291	0.201929	0.161070	
4932000	-511.654951	1	3167	0.234812	0.467333	0.467333	0.234812	0	0.244950	0.246033	0.253947	0.255070	0.644647	0.429448	0.842326	0.165904	
4933000	-512.030563	1	403	0.238561	0.421945	0.421945	0.238561	0	0.243267	0.258831	0.241234	0.256668	0.386772	0.147828	0.876849	0.804391	
4934000	-513.412287	1	399	0.237221	0.456870	0.456870	0.237221	1	0.244717	0.248883	0.251063	0.255337	0.985707	0.863583	0.244762	0.661605	
4935000	-513.699005	1	2720	0.231681	0.481557	0.481557	0.231681	1	0.245240	0.242719	0.257343	0.254698	0.902505	0.740734	0.109139	0.534151	
4936000	-511.372901	1	3568	0.250141	0.468450	0.468450	0.250141	0	0.245842	0.250862	0.249105	0.254191	0.188059	0.849157	0.719044	0.415857	
4937000	-511.377477	1	3612	0.252338	0.491361	0.491361	0.252338	0	0.246597	0.248113	0.251871	0.253419	0.994706	0.398705	0.397279	0.612302	
4938000	-511.691935	1	2011	0.236733	0.441390	0.441390	0.236733	0	0.244055	0.252255	0.247684	0.256006	0.825594	0.688859	0.507761	0.981277	
4939000	-511.543502	1	2658	0.243037	0.449788	0.449788	0.243037	0	0.244807	0.252460	0.247498	0.255235	0.578176	0.563450	0.603155	0.787165	
4940000	-511.438176	1	1120	0.245156	0.461491	0.461491	0.245156	0	0.245358	0.250676	0.249281	0.254685	0.980349	0.934286	0.465396	0.794132	
4941000	-513.536059	1	632	0.233062	0.469254	0.469254	0.233062	1	0.244902	0.245032	0.254965	0.255101	0.186815	0.291801	0.000992	0.696154	
4942000	-512.218327	1	3796	0.226375	0.482092	0.482092	0.226375	0	0.244890	0.240414	0.259722	0.254974	0.701754	0.384959	0.831280	0.105939	
4943000	-512.701281	1	3529	0.211391	0.424822	0.424822	0.211391	0	0.240743	0.243670	0.256236	0.259351	0.429741	0.809668	0.540540	0.613956	
4944000	-511.414534	1	1452	0.247349	0.462869	0.462869	0.247349	0	0.245521	0.251078	0.248884	0.254517	0.706275	0.723190	0.191423	0.914910	
4945000	-513.945721	1	3208	0.242357	0.568899	0.568899	0.242357	0	0.247873	0.241266	0.258881	0.251980	0.271364	0.802162	0.851653	0.432031	
4946000	-511.700707	1	2897	0.237969	0.485676	0.485676	0.237969	0	0.245754	0.244545	0.255479	0.254222	0.288703	0.615500	0.322087	0.249401	
4947000	-512.092938	1	2108	0.300876	0.550803	0.550803	0.300876	0	0.248764	0.250452	0.249545	0.251239	0.836455	0.052658	0.718340	0.431884	
4948000	-511.579602	1	1948	0.268146	0.468685	0.468685	0.268146	0	0.246581	0.254875	0.245149	0.253395	0.174230	0.519698	0.394527	0.697788	
4949000	-511.619081	1	2987	0.248627	0.505763	0.505763	0.248627	0	0.246810	0.245658	0.254360	0.253172	0.425856	0.223117	0.218373	0.315306	
4950000	-513.312355	1	1423	0.415972	0.813198	0.415972	0.196405	0	0.251783	0.248102	0.251899	0.248216	0.643289	0.205118	0.889896	0.216839	
4951000	-511.467874	1	2005	0.243649	0.479200	0.479200	0.243649	0	0.245857	0.247265	0.252715	0.254162	0.301404	0.313535	0.174203	0.615145	
4952000	-511.413343	1	1268	0.251785	0.494999	0.494999	0.251785	0	0.246669	0.247553	0.252437	0.253342	0.596041	0.671057	0.787154	0.156700	
4953000	-511.346589	1	159	0.251654	0.481891	0.481891	0.251654	0	0.246312	0.249164	0.250810	0.253714	0.910726	0.144507	0.382456	0.126153	
4954000	-511.614832	1	820	0.241830	0.489970	0.489970	0.241830	0	0.246086	0.245310	0.254703	0.253900	0.738557	0.274584	0.458851	0.513959	
4955000	-511.585608	1	2804	0.265332	0.463726	0.463726	0.265332	0	0.246337	0.255260	0.244768	0.253635	0.624371	0.527696	0.925131	0.117835	
4956000	-513.867580	1	3512	0.276496	0.460067	0.460067	0.276496	1	0.246617	0.257873	0.242227	0.253283	0.408151	0.217802	0.049344	0.545535	
4957000	-511.395145	1	1806	0.256587	0.501442	0.501442	0.256587	0	0.247005	0.248008	0.251982	0.253005	0.883760	0.897427	0.896879	0.181575	
4958000	-513.300107	1	2240	0.253259	0.512740	0.512740	0.253259	1	0.247143	0.246215	0.253798	0.252844	0.966232	0.067469	0.665000	0.441994	
4959000	-511.736211	1	1163	0.288361	0.510861	0.510861	0.288361	0	0.248034	0.252161	0.247841	0.251965	0.242026	0.238969	0.654968	0.270419	
4960000	-511.455023	1	2767	0.256472	0.461403	0.461403	0.256472	0	0.245906	0.253793	0.246202	0.254099	0.744941	0.710000	0.863859	0.325491	
4961000	-511.680901	1	562	0.279097	0.484728	0.484728	0.279097	0	0.247317	0.254072	0.245947	0.252664	0.962703	0.749779	0.010794	0.434258	
4962000	-513.836059	1	2084	0.305101	0.538616	0.538616	0.305101	1	0.248685	0.251471	0.248530	0.251314	0.729641	0.616173	0.431332	0.633995	
4963000	-511.429546	1	1571	0.274053	0.510197	0.510197	0.274053	0	0.247704	0.250383	0.249607	0.252306	0.974222	0.870138	0.719052	0.541039	
4964000	-511.525020	1	2825	0.277312	0.524161	0.524161	0.277312	0	0.248022	0.249674	0.250318	0.251986	0.251546	0.696348	0.335777	0.080434	
4965000	-511.531798	1	807	0.279066	0.500581	0.500581	0.279066	0	0.247645	0.252084	0.247913	0.252357	0.542132	0.167838	0.526564	0.939804	
4966000	-511.665438	1	1910	0.252996	0.445078	0.445078	0.252996	0	0.245170	0.256542	0.243497	0.254791	0.532163	0.019040	0.391731	0.309772	
4967000	-511.630389	1	1539	0.282507	0.499776	0.499776	0.282507	0	0.247712	0.252625	0.247378	0.252285	0.751668	0.089547	0.207880	0.729430	
4968000	-512.630232	1	3150	0.225824	0.498883	0.498883	0.225824	0	0.245421	0.238502	0.261727	0.254350	0.790013	0.492357	0.686138	0.232978	
4969000	-511.469790	1	1877	0.262504	0.515673	0.515673	0.262504	0	0.247500	0.247935	0.252061	0.252504	0.778947	0.327030	0.179374	0.774933	
4970000	-511.921426	1	3339	0.251484	0.526210	0.526210	0.251484	0	0.247370	0.244850	0.255190	0.252591	0.777515	0.761807	0.432578	0.985015	
4971000	-513.428003	1	2736	0.251780	0.518157	0.518157	0.251780	1	0.247210	0.245452	0.254574	0.252764	0.314438	0.578363	0.473891	0.876810	
4972000	-511.552224	1	3406	0.269393	0.527290	0.527290	0.269393	0	0.247894	0.248275	0.251722	0.252109	0.540212	0.781711	0.284118	0.082191	
4973000	-513.427036	1	2778	0.284815	0.548274	0.548274	0.284815	1	0.248503	0.249095	0.250902	0.251500	0.787567	0.571974	0.201801	0.101797	
4974000	-511.768669	1	2637	0.241225	0.434411	0.434411	0.241225	0	0.244050	0.255827	0.244170	0.255952	0.504810	0.393438	0.476381	0.879312	
4975000	-511.571155	1	2578	0.239805	0.449887	0.449887	0.239805	0	0.244613	0.251327	0.248618	0.255442	0.702094	0.703792	0.049340	0.225186	
4976000	-511.316912	1	2822	0.257837	0.484881	0.484881	0.257837	0	0.246643	0.250250	0.249728	0.253380	0.569391	0.750198	0.153452	0.884870	
4977000	-511.885800	1	3198	0.236597	0.428648	0.428648	0.236597	0	0.243460	0.255853	0.244130	0.256557	0.771310	0.555363	0.542089	0.734368	
4978000	-511.429532	1	2847	0.247990	0.487920	0.487920	0.247990	0	0.246320	0.247382	0.252604	0.253694	0.855050	0.317639	0.516122	0.843989	
4979000	-511.424797	1	2372	0.244843	0.466106	0.466106	0.244843	0	0.245499	0.249725	0.250234	0.254542	0.570811	0.246685	0.798214	0.954074	
4980000	-511.952244	1	2172	0.263045	0.443569	0.443569	0.263045	0	0.245581	0.259269	0.240862	0.254287	0.559109	0.450350	0.868286	0.512465	
4981000	-511.771726	1	2036	0.231052	0.445321	0.445321	0.231052	0	0.243807	0.248939	0.250985	0.256269	0.463298	0.988943	0.118995	0.088181	
4982000	-513.172254	1	3463	0.247493	0.480267	0.480267	0.247493	1	0.246077	0.248261	0.251714	0.253948	0.903095	0.762604	0.543234	0.634765	
4983000	-511.800371	1	677	0.292091	0.530986	0.530986	0.292091	0	0.248401	0.250890	0.249107	0.251603	0.360907	0.579608	0.575643	0.609584	
4984000	-511.952370	1	2326	0.261426	0.541396	0.541396	0.261426	0	0.247935	0.246088	0.253934	0.252043	0.643387	0.232508	0.843114	0.117583	
4985000	-513.291426	1	3764	0.254405	0.514236	0.514236	0.254405	1	0.247215	0.246359	0.253652	0.252774	0.986056	0.515229	0.236115	0.613181	
4986000	-511.522298	1	1062	0.240211	0.473197	0.473197	0.240211	0	0.245481	0.247040	0.252936	0.254543	0.626181	0.866228	0.828827	0.448181	
4987000	-512.710162	1	1658	0.252823	0.410385	0.410385	0.252823	0	0.243569	0.267722	0.232812	0.255898	0.405960	0.762707	0.557891	0.053507	
4988000	-511.362186	1	547	0.259463	0.474294	0.474294	0.259463	0	0.246418	0.252184	0.247800	0.253598	0.860745	0.424494	0.688725	0.830519	
4989000	-514.413010	1	474	0.290005	0.465630	0.465630	0.290005	1	0.247157	0.258471	0.241655	0.252717	0.057049	0.353294	0.072374	0.518375	
4990000	-511.367489	1	1650	0.252350	0.489698	0.489698	0.252350	0	0.246554	0.248317	0.251665	0.253464	0.329660	0.088228	0.828525	0.861981	
4991000	-513.434114	1	1241	0.235780	0.461090	0.461090	0.235780	1	0.244783	0.247515	0.252442	0.255260	0.385865	0.172562	0.506893	0.349797	
4992000	-512.977824	1	3092	0.206997	0.430494	0.430494	0.206997	0	0.240439	0.238794	0.261277	0.259490	0.369696	0.465733	0.925517	0.021749	
4993000	-513.279694	1	1872	0.248197	0.500083	0.500083	0.248197	1	0.246650	0.246082	0.253926	0.253341	0.348571	0.394117	0.803732	0.704165	
4994000	-511.438041	1	2929	0.269654	0.483627	0.483627	0.269654	0	0.247018	0.252766	0.247232	0.252985	0.703424	0.611781	0.857739	0.855921	
4995000	-511.660679	1	1337	0.260131	0.452519	0.452519	0.260131	0	0.245771	0.256503	0.243546	0.254180	0.502476	0.093275	0.569067	0.535033	
4996000	-511.546282	1	2158	0.268593	0.526397	0.526397	0.268593	0	0.247859	0.248207	0.251790	0.252143	0.040638	0.334296	0.989874	0.888467	
4997000	-514.463480	1	1562	0.255769	0.380100	0.380100	0.255769	0	0.241697	0.283659	0.218366	0.256277	0.554073	0.484596	0.030685	0.518500	
4998000	-511.940831	1	225	0.296545	0.541630	0.541630	0.296545	0	0.248603	0.250609	0.249388	0.251400	0.476380	0.933586	0.879720	0.184740	
4999000	-511.438176	1	1120	0.245156	0.461491	0.461491	0.245156	0	0.245358	0.250676	0.249281	0.254685	0.222913	0.539794	0.785816	0.266274	
5000000	-511.865030	1	330	0.232767	0.481348	0.481348	0.232767	0	0.245304	0.243173	0.256877	0.254646	0.234176	0.474733	0.296752	0.932203	
